# Blender 4.4.1
# www.blender.org
mtllib cabeza04.mtl
o cabeza04
v -1.671541 0.641970 -1.203663
v -1.648541 0.640864 -1.208737
v -1.650841 0.623139 -1.215683
v -1.674641 0.625007 -1.213370
v -1.627141 0.621983 -1.213046
v -1.626541 0.638979 -1.207344
v -1.626641 0.604171 -1.218494
v -1.651841 0.602766 -1.221882
v -1.675741 0.605831 -1.222905
v -1.591341 0.634561 -1.196884
v -1.585341 0.623740 -1.195113
v -1.604641 0.621698 -1.206451
v -1.606141 0.636673 -1.202170
v -1.579541 0.608033 -1.192024
v -1.601341 0.606957 -1.209617
v -1.645941 0.660108 -1.205508
v -1.625141 0.656914 -1.203992
v -1.666741 0.662054 -1.201087
v -1.663441 0.679937 -1.208857
v -1.642941 0.677535 -1.210600
v -1.621541 0.673091 -1.206552
v -1.603741 0.651796 -1.198682
v -1.598341 0.665748 -1.197465
v -1.583941 0.643571 -1.191650
v -1.575741 0.655054 -1.185870
v -1.555941 0.640448 -1.174202
v -1.569041 0.631178 -1.183559
v -1.559941 0.614723 -1.172801
v -1.541241 0.625785 -1.159833
v -1.674641 0.601218 -1.246815
v -1.700041 0.606675 -1.242489
v -1.697941 0.609249 -1.219700
v -1.700941 0.605296 -1.270317
v -1.671541 0.598564 -1.276821
v -1.734541 0.609276 -1.257864
v -1.721441 0.613021 -1.231099
v -1.713241 0.614794 -1.216872
v -1.619941 0.595877 -1.239414
v -1.647841 0.596662 -1.245979
v -1.641541 0.590978 -1.275561
v -1.610441 0.586759 -1.266793
v -1.592541 0.595624 -1.224804
v -1.567841 0.595333 -1.202683
v -1.552041 0.581826 -1.221804
v -1.579641 0.584282 -1.248406
v -1.546741 0.599166 -1.175713
v -1.527341 0.585189 -1.191957
v -1.529041 0.609005 -1.152099
v -1.504241 0.591774 -1.157213
v -1.589641 0.678336 -1.203742
v -1.614841 0.685113 -1.216869
v -1.606841 0.691591 -1.231716
v -1.579441 0.682947 -1.217496
v -1.565541 0.666603 -1.188100
v -1.553341 0.671080 -1.199558
v -1.543941 0.650578 -1.172708
v -1.529941 0.657945 -1.180492
v -1.512841 0.646860 -1.160505
v -1.526141 0.635780 -1.157746
v -1.501241 0.637616 -1.146320
v -1.514141 0.622736 -1.145387
v -1.489541 0.629388 -1.134079
v -1.501141 0.610221 -1.135199
v -1.473941 0.621560 -1.118409
v -1.482341 0.600595 -1.121337
v -1.455641 0.615413 -1.098935
v -1.458041 0.595047 -1.103531
v -1.472041 0.581575 -1.138677
v -1.443841 0.577407 -1.118786
v -1.439441 0.611160 -1.072438
v -1.438341 0.591005 -1.075519
v -1.428541 0.610567 -1.040017
v -1.424241 0.588441 -1.040208
v -1.401341 0.571659 -1.053009
v -1.420641 0.573954 -1.088837
v -1.394341 0.629246 -0.979123
v -1.387441 0.602448 -0.971374
v -1.409741 0.592178 -1.003027
v -1.416141 0.617362 -1.007165
v -1.382841 0.574651 -1.015070
v -1.359541 0.584950 -0.983916
v -1.793641 0.616797 -1.293986
v -1.764741 0.613098 -1.276973
v -1.756041 0.612477 -1.305758
v -1.786141 0.614029 -1.313481
v -1.727441 0.605961 -1.300530
v -1.753941 0.606160 -1.331371
v -1.724941 0.600264 -1.333318
v -1.783941 0.606560 -1.329644
v -1.666241 0.591551 -1.312791
v -1.697441 0.599569 -1.306012
v -1.695741 0.590637 -1.339991
v -1.665041 0.576459 -1.344225
v -1.634541 0.577929 -1.309380
v -1.631641 0.558681 -1.338253
v -1.601941 0.565720 -1.295870
v -1.595841 0.542392 -1.321775
v -1.568441 0.557913 -1.271984
v -1.535141 0.555668 -1.243868
v -1.521841 0.526212 -1.262618
v -1.559141 0.531304 -1.293173
v -1.503941 0.559924 -1.217274
v -1.474541 0.562946 -1.191854
v -1.454141 0.527123 -1.214784
v -1.487441 0.526128 -1.237180
v -1.411841 0.555523 -1.147111
v -1.443941 0.558738 -1.169562
v -1.419341 0.525310 -1.194054
v -1.383141 0.524026 -1.172092
v -1.357041 0.553438 -1.082322
v -1.382541 0.554083 -1.117344
v -1.347741 0.524671 -1.143706
v -1.315541 0.526222 -1.110258
v -1.332741 0.559442 -1.046211
v -1.306441 0.571620 -1.016349
v -1.286041 0.531573 -1.074986
v -1.255641 0.540288 -1.042422
v -1.758941 0.593665 -1.345524
v -1.787141 0.598670 -1.340323
v -1.731641 0.585131 -1.350330
v -1.745241 0.567855 -1.349537
v -1.769341 0.579612 -1.346746
v -1.794041 0.588258 -1.342133
v -1.704541 0.572151 -1.356197
v -1.674041 0.555461 -1.360278
v -1.691541 0.531892 -1.354644
v -1.721241 0.552827 -1.351216
v -1.614341 0.491728 -1.334152
v -1.649141 0.515655 -1.354491
v -1.637041 0.535755 -1.355620
v -1.596841 0.517370 -1.337562
v -1.650141 0.487849 -1.341491
v -1.658341 0.504446 -1.351239
v -1.673941 0.488818 -1.342637
v -1.683141 0.506386 -1.346719
v -1.556141 0.505291 -1.305712
v -1.516941 0.499062 -1.271117
v -1.523841 0.476832 -1.266106
v -1.566041 0.482397 -1.299638
v -1.447741 0.496896 -1.220357
v -1.482441 0.497193 -1.242577
v -1.452241 0.474678 -1.213842
v -1.487741 0.475715 -1.236721
v -1.371441 0.495478 -1.182375
v -1.410741 0.495799 -1.201589
v -1.375541 0.470969 -1.176094
v -1.414841 0.472877 -1.195015
v -1.299741 0.474444 -1.118994
v -1.335841 0.471096 -1.150844
v -1.331541 0.497413 -1.157219
v -1.295941 0.500403 -1.124389
v -1.535441 0.697483 -1.193707
v -1.514541 0.688026 -1.170720
v -1.521641 0.673314 -1.176087
v -1.543241 0.683452 -1.200438
v -1.506541 0.664743 -1.152848
v -1.499541 0.683072 -1.147670
v -1.502441 0.707378 -1.195032
v -1.485341 0.703277 -1.184854
v -1.500041 0.696486 -1.174934
v -1.518341 0.705065 -1.193164
v -1.482941 0.691877 -1.157773
v -1.465841 0.700328 -1.172105
v -1.489041 0.681101 -1.129354
v -1.495741 0.658560 -1.136180
v -1.484241 0.652787 -1.123095
v -1.477341 0.677665 -1.115130
v -1.448841 0.697336 -1.162062
v -1.468941 0.689563 -1.143885
v -1.455241 0.687371 -1.132092
v -1.432041 0.693440 -1.153675
v -1.439241 0.731488 -1.197930
v -1.414941 0.731080 -1.189239
v -1.432041 0.712464 -1.175803
v -1.452441 0.714293 -1.184811
v -1.413141 0.710782 -1.167587
v -1.394241 0.732628 -1.179733
v -1.462041 0.671069 -1.103395
v -1.469141 0.645681 -1.109486
v -1.452841 0.639198 -1.092836
v -1.445841 0.664743 -1.091143
v -1.394041 0.689325 -1.134683
v -1.413741 0.690402 -1.144537
v -1.392741 0.709798 -1.159330
v -1.370841 0.710118 -1.151097
v -1.372541 0.734234 -1.171225
v -1.349741 0.736662 -1.163069
v -1.439341 0.683993 -1.120570
v -1.422141 0.680145 -1.109576
v -1.438541 0.635789 -1.070497
v -1.430341 0.662012 -1.075275
v -1.414441 0.665078 -1.057466
v -1.427241 0.638247 -1.044009
v -1.412741 0.647799 -1.018909
v -1.389641 0.660579 -0.997626
v -1.393541 0.670662 -1.043316
v -1.367541 0.679863 -1.029356
v -1.372741 0.690151 -1.124818
v -1.403941 0.677160 -1.097930
v -1.384541 0.678157 -1.085851
v -1.351241 0.693021 -1.115635
v -1.325141 0.740206 -1.155149
v -1.347341 0.712365 -1.143253
v -1.324041 0.716225 -1.135615
v -1.300641 0.744495 -1.147986
v -1.329241 0.694902 -1.108413
v -1.362641 0.680809 -1.076380
v -1.337041 0.686603 -1.065824
v -1.305141 0.698017 -1.100017
v -1.277441 0.748473 -1.142344
v -1.301741 0.719845 -1.128992
v -1.278241 0.723601 -1.121260
v -1.253641 0.752574 -1.135393
v -1.277441 0.703712 -1.087763
v -1.306941 0.696767 -1.051206
v -1.270541 0.705024 -1.034797
v -1.242941 0.707858 -1.072996
v -1.296141 0.703260 -0.994331
v -1.335141 0.693464 -1.011832
v -1.226741 0.756366 -1.124854
v -1.251341 0.727193 -1.110732
v -1.216841 0.728154 -1.098055
v -1.191741 0.757051 -1.112594
v -1.145541 0.755448 -1.097161
v -1.171841 0.726722 -1.082111
v -1.123941 0.729618 -1.061407
v -1.097041 0.759656 -1.074877
v -1.151741 0.707365 -1.038867
v -1.198541 0.706613 -1.056841
v -1.065641 0.716944 -1.003949
v -1.109641 0.710777 -1.021839
v -1.078941 0.734740 -1.042776
v -1.031741 0.743720 -1.023319
v -1.049241 0.765288 -1.056417
v -0.999541 0.775942 -1.036461
v -0.940441 0.787776 -1.017839
v -0.976341 0.756001 -1.002066
v -0.920141 0.773339 -0.976511
v -0.883441 0.806811 -0.992185
v -0.958541 0.740984 -0.957667
v -1.013341 0.727516 -0.982595
v -1.657641 0.472553 -1.323153
v -1.688541 0.475904 -1.329067
v -1.621641 0.475723 -1.308843
v -1.635041 0.465602 -1.286496
v -1.672541 0.459990 -1.298444
v -1.707241 0.461650 -1.302854
v -1.580241 0.473296 -1.282740
v -1.536841 0.465144 -1.254668
v -1.552741 0.459207 -1.240490
v -1.594641 0.467701 -1.264135
v -1.498341 0.462606 -1.228371
v -1.461841 0.461534 -1.204894
v -1.475041 0.452512 -1.194503
v -1.513141 0.454447 -1.217329
v -1.424641 0.459715 -1.184065
v -1.387041 0.457827 -1.162037
v -1.401241 0.450257 -1.147354
v -1.437841 0.451393 -1.171929
v -1.453541 0.447722 -1.158821
v -1.491441 0.448542 -1.181412
v -1.416541 0.446463 -1.133852
v -1.427441 0.429107 -1.128255
v -1.467941 0.433767 -1.149720
v -1.507941 0.437635 -1.169628
v -1.403041 0.781279 -1.227175
v -1.368841 0.783858 -1.223318
v -1.393241 0.750821 -1.208220
v -1.422441 0.750425 -1.215155
v -1.370841 0.756228 -1.196184
v -1.344641 0.790188 -1.208223
v -1.320541 0.792540 -1.200472
v -1.348341 0.759414 -1.187283
v -1.324841 0.761689 -1.179937
v -1.296241 0.793605 -1.194701
v -1.274141 0.798390 -1.180597
v -1.300941 0.766602 -1.169734
v -1.276241 0.770651 -1.161884
v -1.250141 0.801700 -1.172089
v -1.226341 0.804461 -1.169624
v -1.252641 0.773624 -1.157903
v -1.228441 0.777919 -1.150841
v -1.201341 0.808526 -1.162074
v -1.173441 0.814763 -1.145382
v -1.201041 0.783302 -1.138406
v -1.164641 0.785627 -1.125047
v -1.134541 0.818591 -1.132036
v -1.087041 0.823620 -1.111808
v -1.117241 0.786744 -1.108153
v -1.066341 0.791014 -1.086968
v -1.033641 0.829522 -1.092831
v -0.983841 0.839819 -1.070192
v -1.015941 0.797375 -1.068966
v -0.966541 0.811090 -1.044825
v -0.934741 0.853993 -1.043620
v -0.881541 0.870386 -1.015615
v -0.908741 0.826125 -1.022710
v -0.853241 0.844508 -0.997895
v -0.830041 0.887988 -0.991146
v -1.456241 0.873761 -1.255026
v -1.405341 0.878481 -1.229507
v -1.419941 0.824860 -1.247867
v -1.465841 0.819813 -1.271201
v -1.380741 0.830177 -1.227422
v -1.363141 0.881273 -1.205303
v -1.439641 0.776440 -1.242083
v -1.481441 0.772129 -1.260866
v -1.325641 0.889768 -1.196392
v -1.343541 0.836890 -1.224025
v -1.316541 0.840730 -1.209175
v -1.294741 0.891228 -1.185388
v -1.266841 0.892123 -1.180127
v -1.290741 0.841960 -1.201090
v -1.265241 0.842431 -1.197156
v -1.240341 0.894337 -1.178595
v -1.218641 0.891570 -1.165535
v -1.244841 0.843359 -1.180473
v -1.222541 0.845771 -1.170315
v -1.198341 0.892091 -1.153884
v -1.175841 0.896140 -1.146035
v -1.199041 0.850054 -1.166458
v -1.172041 0.854584 -1.159983
v -1.147941 0.902520 -1.138650
v -1.118141 0.902851 -1.116894
v -1.143541 0.858666 -1.139009
v -1.103041 0.864772 -1.125229
v -1.079541 0.910568 -1.098111
v -1.033941 0.918857 -1.073686
v -1.056441 0.871810 -1.101679
v -1.002941 0.881947 -1.083156
v -0.983441 0.931532 -1.050607
v -0.934641 0.941684 -1.022066
v -0.954741 0.892991 -1.054462
v -0.904041 0.907210 -1.032094
v -0.885141 0.958028 -1.001778
v -1.572041 0.926710 -1.178907
v -1.510841 0.929747 -1.162302
v -1.512541 0.915492 -1.232052
v -1.576341 0.906507 -1.248003
v -1.452541 0.912590 -1.204675
v -1.451441 0.924064 -1.140496
v -1.513341 0.872382 -1.286260
v -1.576741 0.863292 -1.300414
v -1.398441 0.923791 -1.118675
v -1.399241 0.916064 -1.180130
v -1.354941 0.915444 -1.157528
v -1.352641 0.922652 -1.100911
v -1.314741 0.928909 -1.091430
v -1.317341 0.923146 -1.147061
v -1.284741 0.925727 -1.139798
v -1.282041 0.933287 -1.085765
v -1.253541 0.937118 -1.079330
v -1.255841 0.928048 -1.134954
v -1.229441 0.932219 -1.130904
v -1.228041 0.939715 -1.072367
v -1.204741 0.939355 -1.064474
v -1.206041 0.931617 -1.122324
v -1.185541 0.929677 -1.111419
v -1.182441 0.938970 -1.056183
v -1.158841 0.941170 -1.047539
v -1.163241 0.930738 -1.102141
v -1.136341 0.934747 -1.091890
v -1.132241 0.942553 -1.036941
v -1.101841 0.943616 -1.022554
v -1.105341 0.934107 -1.074097
v -1.068841 0.941044 -1.053958
v -1.067141 0.951610 -1.003355
v -1.025841 0.962688 -0.978667
v -1.024741 0.952181 -1.030267
v -0.976841 0.966676 -1.005780
v -0.980641 0.976714 -0.953004
v -0.933841 0.993429 -0.930491
v -0.928141 0.979669 -0.981280
v -0.881441 0.996906 -0.960840
v -0.888341 1.012568 -0.911742
v -1.793041 0.632808 -1.238858
v -1.777741 0.620066 -1.252224
v -1.805441 0.619488 -1.274897
v -1.818641 0.628024 -1.263279
v -1.753941 0.622241 -1.229459
v -1.766741 0.642407 -1.211151
v -1.697041 0.625052 -1.203851
v -1.694341 0.642280 -1.190122
v -1.718341 0.624536 -1.200175
v -1.722141 0.645043 -1.182548
v -1.687841 0.663521 -1.188480
v -1.708141 0.668866 -1.182258
v -1.699941 0.679590 -1.196055
v -1.684241 0.680510 -1.201511
v -1.720541 0.674933 -1.196929
v -1.705541 0.685264 -1.207444
v -1.732941 0.662210 -1.190059
v -1.740441 0.672116 -1.207010
v -1.726841 0.681473 -1.214577
v -1.711841 0.691947 -1.222379
v -1.742841 0.640910 -1.195812
v -1.735641 0.625013 -1.211767
v -1.744041 0.653471 -1.193074
v -1.754641 0.661388 -1.205133
v -2.008841 0.698749 -1.246223
v -1.985341 0.698331 -1.235629
v -1.980141 0.695064 -1.256856
v -2.001841 0.694092 -1.264225
v -1.959041 0.699876 -1.250064
v -1.962841 0.702856 -1.225648
v -1.957441 0.692810 -1.268007
v -1.978341 0.688070 -1.272591
v -1.999541 0.685766 -1.277734
v -1.941541 0.708902 -1.217682
v -1.938641 0.705609 -1.245321
v -1.917841 0.711247 -1.242387
v -1.919641 0.716032 -1.212858
v -1.915841 0.703577 -1.261968
v -1.936741 0.698015 -1.264497
v -1.896341 0.725827 -1.212485
v -1.896441 0.718752 -1.242249
v -1.876541 0.729074 -1.244050
v -1.875041 0.738228 -1.215567
v -1.874441 0.719943 -1.260911
v -1.894541 0.711023 -1.260832
v -1.856641 0.749942 -1.218889
v -1.858841 0.739169 -1.245363
v -1.840741 0.745176 -1.243610
v -1.838341 0.756971 -1.219180
v -1.838841 0.735124 -1.258421
v -1.856641 0.728769 -1.261097
v -1.816541 0.796812 -1.129603
v -1.797641 0.802990 -1.129041
v -1.813241 0.782642 -1.176810
v -1.831141 0.774321 -1.178398
v -1.803941 0.797375 -1.178653
v -1.787241 0.816431 -1.131060
v -1.809441 0.774652 -1.220050
v -1.820941 0.763161 -1.217115
v -1.805541 0.749466 -1.250170
v -1.820841 0.740839 -1.253379
v -1.822841 0.750052 -1.239618
v -1.808741 0.758432 -1.239028
v -1.859641 0.612404 -1.309669
v -1.868741 0.616888 -1.302395
v -1.836541 0.617731 -1.291127
v -1.826541 0.614662 -1.303727
v -1.846041 0.627159 -1.284465
v -1.875841 0.625903 -1.298963
v -1.836341 0.608118 -1.325446
v -1.848241 0.610422 -1.318600
v -1.818541 0.611697 -1.316422
v -1.814541 0.606808 -1.327025
v -1.782941 0.566975 -1.331056
v -1.802141 0.577233 -1.331759
v -1.763041 0.554022 -1.328808
v -1.783041 0.540541 -1.308961
v -1.797941 0.554538 -1.313653
v -1.814341 0.567761 -1.317087
v -1.744741 0.537545 -1.326266
v -1.727441 0.517568 -1.325530
v -1.770941 0.524095 -1.303511
v -1.762541 0.500450 -1.294876
v -1.736441 0.478075 -1.301093
v -1.710141 0.495335 -1.327330
v -1.819741 0.593857 -1.335095
v -1.816741 0.601661 -1.334939
v -1.850941 0.594336 -1.326151
v -1.845541 0.604998 -1.330337
v -1.900741 0.615388 -1.309294
v -1.889841 0.610483 -1.314489
v -1.922141 0.603806 -1.315080
v -1.907141 0.623422 -1.306220
v -1.933341 0.611904 -1.313104
v -1.939141 0.620608 -1.311193
v -1.886341 0.599153 -1.319459
v -1.870741 0.608142 -1.322440
v -1.831741 0.581536 -1.319687
v -1.819041 0.585866 -1.330353
v -1.810041 0.545218 -1.299873
v -1.825041 0.558659 -1.301892
v -1.798541 0.532007 -1.296638
v -1.812041 0.522640 -1.299189
v -1.821841 0.534243 -1.300615
v -1.836641 0.545271 -1.300771
v -1.843641 0.571865 -1.305027
v -1.867641 0.581798 -1.310457
v -1.855941 0.555711 -1.301163
v -1.878941 0.565387 -1.305606
v -1.897341 0.588445 -1.312772
v -1.904641 0.574363 -1.313496
v -1.932241 0.582669 -1.321925
v -1.927241 0.593042 -1.314307
v -1.952041 0.595900 -1.318647
v -1.960041 0.601567 -1.319618
v -1.959341 0.591080 -1.332152
v -1.987841 0.601829 -1.341240
v -1.966941 0.607263 -1.319386
v -1.997141 0.609290 -1.333492
v -2.001441 0.616796 -1.328245
v -1.971641 0.617522 -1.318385
v -1.932941 0.566632 -1.368039
v -1.963841 0.574394 -1.372294
v -1.961141 0.586029 -1.351980
v -1.932241 0.576008 -1.343350
v -2.001041 0.578405 -1.372360
v -1.994641 0.593583 -1.359553
v -1.886541 0.544582 -1.354102
v -1.907341 0.556224 -1.361335
v -1.906441 0.565206 -1.335066
v -1.883641 0.554251 -1.327593
v -1.853241 0.522201 -1.343089
v -1.869041 0.532875 -1.347474
v -1.863241 0.543959 -1.322886
v -1.845441 0.534106 -1.320556
v -1.838841 0.512736 -1.340537
v -1.831841 0.523062 -1.318397
v -1.822041 0.511676 -1.317260
v -1.826341 0.503159 -1.339494
v -1.999741 0.633883 -1.315526
v -1.973941 0.636410 -1.309067
v -1.973541 0.628129 -1.314760
v -2.001541 0.626370 -1.322376
v -1.942941 0.630615 -1.307603
v -1.945641 0.638991 -1.301804
v -1.976541 0.675158 -1.284765
v -1.997841 0.673600 -1.290666
v -1.954741 0.678959 -1.279534
v -1.951941 0.666542 -1.288174
v -1.974941 0.663093 -1.294285
v -1.996841 0.661517 -1.301590
v -1.997641 0.644602 -1.308689
v -1.973841 0.648011 -1.301878
v -1.973941 0.642366 -1.304712
v -1.997441 0.639440 -1.311194
v -1.947241 0.645241 -1.297332
v -1.948341 0.651631 -1.295256
v -1.974041 0.654577 -1.299391
v -1.997141 0.651896 -1.306660
v -1.949741 0.658214 -1.293068
v -1.912641 0.633136 -1.302748
v -1.917441 0.642158 -1.297713
v -1.889741 0.645900 -1.293187
v -1.882941 0.635775 -1.296483
v -1.933141 0.683553 -1.275860
v -1.911541 0.689197 -1.273026
v -1.907141 0.676728 -1.280767
v -1.929341 0.670907 -1.284012
v -1.920841 0.649200 -1.293094
v -1.923641 0.655526 -1.289919
v -1.899441 0.660754 -1.285106
v -1.895041 0.654093 -1.289402
v -1.903241 0.667766 -1.283394
v -1.926341 0.662227 -1.288025
v -1.854341 0.638827 -1.285286
v -1.862641 0.651017 -1.286477
v -1.837141 0.656992 -1.277312
v -1.828441 0.642944 -1.268317
v -1.889741 0.696996 -1.271068
v -1.869241 0.706181 -1.270531
v -1.863641 0.694363 -1.277432
v -1.884841 0.684991 -1.278180
v -1.869441 0.661229 -1.286381
v -1.875441 0.668917 -1.282526
v -1.852341 0.677679 -1.279910
v -1.844741 0.668735 -1.282837
v -1.858241 0.685543 -1.279050
v -1.880241 0.676117 -1.280602
v -1.851041 0.715235 -1.271204
v -1.844641 0.703101 -1.277823
v -1.833341 0.723070 -1.269844
v -1.826041 0.711041 -1.276558
v -1.804241 0.650385 -1.249951
v -1.813441 0.664454 -1.267861
v -1.791641 0.672678 -1.259467
v -1.783541 0.660884 -1.234212
v -1.822241 0.676036 -1.277502
v -1.831441 0.685790 -1.276431
v -1.811741 0.693632 -1.271765
v -1.801341 0.684171 -1.271016
v -1.819241 0.701640 -1.275103
v -1.838341 0.693864 -1.277461
v -1.799141 0.737054 -1.260612
v -1.814941 0.730024 -1.265431
v -1.790641 0.723823 -1.263890
v -1.806941 0.718083 -1.271939
v -1.765141 0.672302 -1.227334
v -1.773941 0.682265 -1.250392
v -1.758441 0.691692 -1.243731
v -1.748541 0.681322 -1.227408
v -1.784141 0.715516 -1.258866
v -1.800341 0.708654 -1.268283
v -1.794041 0.701428 -1.261192
v -1.777941 0.709342 -1.250913
v -1.769041 0.701274 -1.248279
v -1.784641 0.692756 -1.258494
v -1.526641 0.766552 -1.288839
v -1.517341 0.815075 -1.301530
v -1.574541 0.809959 -1.320260
v -1.575641 0.762657 -1.309602
v -1.569241 0.693620 -1.223584
v -1.599141 0.702228 -1.240610
v -1.587541 0.717136 -1.245449
v -1.558341 0.707434 -1.218269
v -1.495941 0.745388 -1.243797
v -1.538241 0.742160 -1.269129
v -1.511141 0.727801 -1.225693
v -1.549741 0.731085 -1.254450
v -1.581241 0.739192 -1.292041
v -1.586941 0.728052 -1.276264
v -1.477041 0.715064 -1.196286
v -1.469641 0.730168 -1.209627
v -1.504941 0.715259 -1.206492
v -1.534441 0.714541 -1.213045
v -1.548941 0.722302 -1.232726
v -1.562641 0.725490 -1.249568
v -1.591541 0.722203 -1.263584
v -1.456841 0.747901 -1.226822
v -1.791141 0.518109 -1.293644
v -1.789141 0.503413 -1.287291
v -1.805241 0.501021 -1.294342
v -1.806141 0.511864 -1.299919
v -1.812541 0.490949 -1.312261
v -1.814241 0.501352 -1.318865
v -1.814941 0.478969 -1.330090
v -1.816241 0.491438 -1.339478
v -1.826941 0.474415 -1.337869
v -1.822441 0.483618 -1.349652
v -1.841241 0.477132 -1.341516
v -1.832341 0.490958 -1.351827
v -1.845941 0.498098 -1.352312
v -1.862041 0.506142 -1.354546
v -1.856441 0.481963 -1.347044
v -1.873341 0.488767 -1.353758
v -1.878541 0.515536 -1.359306
v -1.896541 0.525833 -1.365816
v -1.891041 0.497284 -1.360673
v -1.910341 0.506730 -1.368035
v -1.931841 0.516769 -1.375261
v -1.917141 0.536360 -1.372814
v -1.941641 0.546222 -1.378749
v -1.955341 0.526139 -1.381325
v -1.980941 0.533883 -1.383577
v -1.971641 0.553844 -1.382310
v -2.009241 0.558037 -1.380362
v -2.015241 0.536921 -1.377289
v -2.015841 0.524908 -1.360261
v -1.989041 0.524034 -1.371030
v -1.974541 0.516568 -1.363253
v -2.010241 0.511687 -1.334589
v -1.954941 0.491842 -1.310405
v -1.980441 0.502050 -1.320527
v -1.953541 0.508438 -1.354412
v -1.930641 0.498142 -1.346198
v -1.909141 0.474832 -1.290163
v -1.931241 0.481751 -1.300577
v -1.909641 0.487756 -1.338191
v -1.890141 0.479245 -1.329673
v -1.855041 0.469439 -1.312716
v -1.872041 0.472906 -1.320627
v -1.889141 0.471471 -1.278940
v -1.870741 0.470583 -1.268875
v -1.853641 0.470280 -1.261981
v -1.838741 0.468765 -1.308048
v -1.825641 0.474000 -1.301631
v -1.838441 0.471815 -1.255681
v -1.810441 0.490311 -1.275635
v -1.820041 0.483793 -1.289239
v -1.816641 0.477311 -1.240033
v -1.827341 0.475159 -1.247772
v -1.795041 0.489802 -1.268653
v -1.775941 0.482997 -1.267047
v -1.786041 0.479041 -1.230215
v -1.803541 0.478676 -1.234244
v -1.752041 0.470847 -1.268258
v -1.720741 0.462538 -1.268343
v -1.732741 0.471814 -1.226531
v -1.761741 0.476887 -1.227637
v -1.686341 0.460425 -1.266464
v -1.649141 0.462517 -1.259429
v -1.665441 0.465039 -1.223722
v -1.700341 0.468208 -1.226541
v -1.609641 0.464967 -1.243059
v -1.570141 0.455931 -1.223853
v -1.593741 0.441792 -1.203043
v -1.628841 0.461102 -1.212933
v -1.547341 0.438391 -1.191121
v -1.530541 0.450723 -1.203322
v -1.667241 0.356459 -1.199816
v -1.618141 0.378007 -1.191445
v -1.619541 0.347495 -1.192126
v -1.621241 0.314719 -1.200353
v -1.670341 0.319683 -1.209879
v -1.651341 0.341337 -1.203305
v -1.714841 0.329177 -1.212930
v -1.559741 0.411416 -1.187188
v -1.601041 0.412036 -1.190958
v -1.519441 0.410530 -1.166905
v -1.535141 0.383834 -1.155744
v -1.572541 0.381323 -1.179631
v -1.478941 0.408130 -1.146410
v -1.436341 0.404186 -1.125204
v -1.447041 0.378552 -1.116786
v -1.493741 0.383161 -1.133946
v -1.385641 0.424553 -1.103479
v -1.392241 0.400954 -1.100751
v -1.350341 0.399818 -1.076176
v -1.347741 0.422825 -1.077335
v -1.352141 0.374874 -1.072725
v -1.398941 0.375389 -1.095234
v -1.315541 0.404402 -1.051767
v -1.303041 0.431566 -1.021230
v -1.294941 0.409117 -1.019336
v -1.320041 0.426176 -1.050694
v -1.309341 0.380174 -1.050278
v -1.283841 0.383440 -1.015328
v -1.349941 0.457802 -1.134191
v -1.316241 0.460380 -1.102887
v -1.334641 0.452600 -1.086313
v -1.365841 0.450421 -1.117594
v -1.380341 0.445041 -1.104385
v -1.348041 0.443737 -1.075211
v -1.310141 0.456163 -1.058157
v -1.324641 0.446295 -1.048717
v -1.308641 0.452072 -1.022435
v -1.292441 0.460876 -1.032539
v -1.265141 0.504856 -1.087466
v -1.234641 0.510748 -1.051160
v -1.238741 0.482641 -1.043287
v -1.269641 0.479748 -1.082923
v -1.288141 0.464238 -1.071208
v -1.269841 0.467384 -1.042776
v -1.265441 0.468349 -1.021584
v -1.281041 0.465618 -1.009122
v -1.245441 0.473510 -1.010464
v -1.261941 0.470970 -0.987573
v -1.291741 0.456227 -0.997550
v -1.287541 0.435394 -0.992457
v -1.270241 0.460376 -0.970863
v -1.266341 0.437601 -0.963379
v -1.586841 0.354055 -1.172410
v -1.552341 0.360378 -1.145195
v -1.561341 0.336580 -1.140776
v -1.592141 0.332012 -1.170593
v -1.556841 0.267189 -1.214951
v -1.583541 0.286223 -1.211534
v -1.549741 0.295012 -1.199100
v -1.524441 0.267696 -1.209913
v -1.575841 0.314008 -1.184767
v -1.538241 0.312794 -1.164003
v -1.510541 0.292970 -1.179586
v -1.485541 0.266705 -1.192942
v -1.552041 0.324673 -1.151288
v -1.580141 0.324283 -1.172046
v -1.511241 0.363695 -1.116252
v -1.458741 0.358192 -1.104352
v -1.463341 0.337939 -1.100628
v -1.520741 0.335682 -1.108273
v -1.455141 0.329432 -1.114448
v -1.509441 0.323489 -1.129320
v -1.492541 0.313366 -1.144637
v -1.440041 0.320353 -1.130505
v -1.417041 0.303128 -1.151145
v -1.465941 0.295543 -1.163609
v -1.443841 0.269159 -1.176671
v -1.398641 0.275131 -1.164001
v -1.404441 0.354234 -1.088056
v -1.351141 0.353942 -1.067638
v -1.405141 0.338614 -1.086464
v -1.348541 0.337859 -1.063269
v -1.340741 0.328313 -1.073043
v -1.398041 0.330871 -1.096233
v -1.384641 0.324710 -1.114223
v -1.329441 0.323539 -1.090751
v -1.315641 0.311082 -1.110712
v -1.366341 0.309757 -1.136033
v -1.352641 0.281889 -1.149381
v -1.307041 0.285546 -1.121120
v -1.522741 0.237667 -1.208563
v -1.564641 0.245880 -1.211989
v -1.482841 0.236622 -1.190693
v -1.491641 0.207333 -1.186595
v -1.533641 0.209587 -1.206297
v -1.577241 0.221513 -1.206401
v -1.441841 0.240111 -1.173260
v -1.397041 0.244719 -1.161270
v -1.406441 0.214217 -1.150131
v -1.451341 0.211857 -1.164594
v -1.352141 0.249575 -1.146662
v -1.306941 0.256162 -1.120533
v -1.310741 0.224706 -1.115360
v -1.359541 0.217147 -1.136838
v -1.257641 0.288696 -1.084173
v -1.256341 0.263445 -1.085749
v -1.207541 0.269675 -1.053531
v -1.210441 0.291979 -1.051225
v -1.208741 0.245347 -1.052048
v -1.258441 0.235846 -1.083155
v -1.269041 0.209521 -1.068066
v -1.323941 0.196151 -1.094691
v -1.217941 0.221980 -1.041293
v -1.230841 0.204693 -1.023171
v -1.283041 0.191073 -1.043801
v -1.338341 0.176379 -1.064894
v -1.772541 0.308661 -1.209822
v -1.727741 0.297425 -1.216389
v -1.743841 0.272527 -1.217143
v -1.781841 0.281661 -1.224322
v -1.762341 0.298076 -1.218955
v -1.822741 0.290199 -1.224725
v -1.689141 0.289237 -1.206550
v -1.648041 0.276280 -1.199093
v -1.663641 0.239951 -1.192802
v -1.705841 0.259559 -1.206081
v -1.617641 0.234147 -1.198050
v -1.606341 0.260288 -1.204836
v -1.589141 0.205926 -1.196795
v -1.618741 0.217953 -1.193487
v -1.604541 0.196685 -1.191224
v -1.637941 0.213591 -1.190837
v -1.549341 0.191487 -1.194834
v -1.506641 0.183431 -1.176973
v -1.521441 0.166475 -1.169650
v -1.562941 0.180684 -1.188253
v -1.467041 0.183029 -1.151253
v -1.424241 0.184430 -1.128933
v -1.443541 0.152977 -1.099819
v -1.485841 0.158865 -1.137139
v -1.389241 0.164094 -1.082641
v -1.376141 0.188105 -1.112991
v -1.791241 0.266938 -1.243214
v -1.831441 0.274403 -1.256100
v -1.752441 0.255590 -1.234160
v -1.758441 0.240305 -1.250280
v -1.795341 0.251880 -1.263226
v -1.834541 0.260712 -1.278938
v -1.716141 0.240557 -1.222017
v -1.683641 0.221630 -1.208398
v -1.690741 0.209873 -1.226615
v -1.723741 0.226240 -1.237579
v -1.728341 0.213125 -1.246259
v -1.731141 0.199358 -1.252373
v -1.765341 0.209301 -1.264814
v -1.762641 0.225521 -1.259558
v -1.693941 0.200461 -1.238685
v -1.696941 0.188056 -1.245821
v -1.650541 0.203715 -1.205238
v -1.613641 0.187860 -1.204762
v -1.617241 0.182468 -1.223910
v -1.656141 0.195821 -1.224431
v -1.619941 0.174724 -1.237084
v -1.658841 0.188594 -1.237876
v -1.662541 0.175755 -1.244436
v -1.625041 0.160593 -1.242117
v -1.570041 0.171127 -1.197827
v -1.527441 0.151603 -1.179134
v -1.527241 0.141303 -1.196565
v -1.571741 0.164872 -1.215923
v -1.536141 0.116626 -1.214836
v -1.581241 0.141154 -1.233436
v -1.574441 0.155624 -1.229085
v -1.529441 0.130299 -1.208828
v -1.494241 0.131415 -1.143952
v -1.458341 0.114064 -1.109306
v -1.453341 0.085913 -1.126377
v -1.491441 0.112618 -1.163382
v -1.448641 0.057129 -1.151500
v -1.493741 0.087722 -1.186474
v -1.490641 0.100204 -1.177230
v -1.449841 0.069812 -1.140541
v -2.307641 0.193224 -1.291397
v -2.295841 0.193419 -1.303306
v -2.307041 0.158829 -1.311338
v -2.323041 0.159021 -1.300909
v -2.281041 0.162900 -1.322720
v -2.272341 0.195975 -1.316179
v -2.288641 0.120924 -1.327778
v -2.315641 0.114363 -1.316641
v -2.332141 0.114020 -1.307346
v -2.241741 0.225299 -1.290023
v -2.264041 0.225220 -1.281814
v -2.260041 0.237322 -1.281507
v -2.237941 0.238088 -1.291179
v -2.271841 0.237092 -1.268999
v -2.275141 0.225306 -1.271291
v -2.262641 0.249085 -1.263390
v -2.251141 0.249538 -1.276285
v -2.230141 0.250175 -1.285464
v -2.251541 0.213440 -1.296226
v -2.273941 0.214407 -1.287054
v -2.267841 0.218378 -1.283015
v -2.245541 0.217429 -1.290784
v -2.277841 0.218294 -1.273003
v -2.283741 0.214000 -1.276660
v -2.283741 0.209119 -1.294274
v -2.293841 0.208448 -1.282794
v -2.261141 0.209755 -1.305156
v -2.196441 0.251711 -1.291184
v -2.201041 0.239935 -1.298784
v -2.155641 0.243755 -1.305873
v -2.154241 0.256225 -1.296430
v -2.156241 0.230429 -1.309256
v -2.203041 0.226317 -1.298879
v -2.160341 0.215435 -1.318347
v -2.210041 0.211053 -1.306783
v -2.205241 0.216258 -1.299867
v -2.157541 0.221280 -1.312095
v -2.217741 0.208553 -1.317146
v -2.165541 0.211408 -1.328299
v -2.172141 0.204127 -1.342548
v -2.227541 0.199581 -1.331595
v -2.107041 0.261268 -1.300442
v -2.107441 0.249560 -1.310943
v -2.061241 0.255391 -1.313007
v -2.060541 0.264944 -1.301630
v -2.064041 0.243375 -1.316513
v -2.108341 0.236200 -1.313727
v -1.878541 0.261394 -1.294024
v -1.874241 0.275787 -1.276354
v -1.916341 0.270901 -1.293869
v -1.920841 0.258858 -1.307194
v -1.917141 0.274179 -1.272842
v -1.875741 0.282709 -1.249103
v -2.020941 0.266906 -1.299211
v -2.021741 0.259543 -1.312063
v -1.986341 0.262216 -1.308100
v -1.985841 0.267278 -1.293580
v -1.994641 0.251044 -1.317468
v -2.027441 0.249347 -1.317567
v -2.067741 0.230588 -1.323972
v -2.111941 0.221822 -1.323082
v -2.109641 0.227062 -1.316766
v -2.068141 0.234918 -1.319211
v -2.030141 0.239351 -1.321357
v -2.038141 0.241465 -1.319831
v -2.115141 0.218049 -1.332218
v -2.068441 0.226064 -1.330548
v -2.068441 0.218076 -1.336123
v -2.118141 0.210552 -1.342773
v -2.028241 0.234006 -1.324173
v -1.993241 0.241114 -1.318950
v -1.998441 0.232740 -1.319639
v -2.025941 0.226483 -1.325715
v -1.956441 0.256524 -1.315244
v -1.952541 0.265107 -1.302722
v -1.952541 0.268138 -1.286017
v -2.234841 0.171209 -1.339764
v -2.177241 0.181364 -1.350690
v -2.179641 0.147315 -1.354283
v -2.242741 0.132668 -1.343619
v -2.120041 0.192791 -1.349120
v -2.066341 0.204893 -1.336793
v -2.063741 0.190238 -1.331139
v -2.117941 0.172657 -1.345689
v -2.061841 0.176473 -1.318420
v -2.109841 0.158662 -1.332484
v -2.103341 0.142355 -1.317409
v -2.060441 0.156646 -1.306557
v -2.127041 0.127574 -1.335302
v -2.145041 0.134164 -1.348640
v -1.948741 0.222868 -1.304990
v -1.979341 0.229741 -1.314606
v -1.962241 0.242695 -1.315151
v -1.929041 0.242087 -1.306471
v -2.017141 0.217583 -1.322529
v -2.008441 0.207086 -1.314327
v -1.798041 0.236232 -1.276562
v -1.838741 0.242369 -1.290728
v -1.800641 0.216311 -1.281934
v -1.847541 0.219130 -1.297596
v -1.945141 0.184665 -1.300912
v -2.003841 0.170442 -1.302645
v -2.004941 0.192784 -1.306148
v -1.949641 0.204659 -1.301948
v -1.894641 0.226187 -1.300088
v -1.885441 0.242724 -1.298521
v -1.894541 0.199680 -1.300736
v -1.908341 0.212898 -1.300665
v -1.556341 0.888981 -1.054396
v -1.504841 0.886030 -1.048458
v -1.506541 0.916147 -1.097585
v -1.563041 0.917658 -1.109717
v -1.450041 0.910327 -1.083701
v -1.451141 0.882544 -1.041951
v -1.402241 0.886887 -1.032281
v -1.399041 0.910156 -1.068785
v -1.354141 0.912909 -1.055902
v -1.358441 0.892851 -1.022917
v -1.287341 0.902439 -1.008733
v -1.283741 0.923684 -1.041449
v -1.316341 0.919026 -1.047431
v -1.320341 0.898802 -1.015056
v -1.259641 0.904550 -1.001998
v -1.255641 0.926787 -1.034556
v -1.230541 0.928558 -1.027141
v -1.235141 0.905739 -0.994917
v -1.211841 0.906405 -0.987465
v -1.207141 0.928731 -1.019818
v -1.184041 0.929063 -1.011785
v -1.188241 0.906255 -0.979761
v -1.163441 0.906829 -0.970712
v -1.159941 0.930734 -1.002672
v -1.133341 0.931701 -0.991797
v -1.136841 0.907561 -0.959250
v -1.108341 0.909135 -0.943331
v -1.104241 0.934731 -0.976795
v -1.071241 0.939648 -0.956373
v -1.076441 0.909154 -0.923096
v -1.041341 0.909381 -0.896136
v -1.032841 0.945506 -0.929786
v -0.990041 0.955176 -0.903276
v -1.000341 0.909495 -0.858666
v -0.903941 0.965546 -0.825338
v -0.899141 0.997893 -0.864618
v -0.944241 0.973846 -0.881650
v -0.949241 0.937818 -0.841083
v -0.951841 0.896352 -0.767477
v -0.952141 0.916692 -0.801849
v -0.992041 0.891397 -0.811241
v -0.987941 0.871984 -0.777316
v -0.909641 0.922335 -0.756142
v -0.908241 0.944261 -0.788518
v -1.470841 0.845131 -0.998259
v -1.458341 0.857108 -1.019797
v -1.510641 0.858733 -1.021906
v -1.519841 0.840860 -1.002315
v -1.559241 0.861923 -1.021619
v -1.564641 0.840214 -1.001552
v -1.376041 0.857622 -0.980600
v -1.363941 0.869498 -1.003847
v -1.408941 0.862389 -1.012476
v -1.422041 0.851176 -0.990293
v -1.301841 0.869443 -0.961779
v -1.291141 0.879904 -0.988213
v -1.324841 0.876319 -0.995435
v -1.335841 0.864560 -0.970779
v -1.252741 0.873020 -0.945843
v -1.240941 0.884325 -0.973029
v -1.264241 0.882367 -0.980657
v -1.275441 0.872154 -0.953306
v -1.205941 0.871956 -0.932782
v -1.194041 0.884877 -0.958472
v -1.217841 0.885109 -0.965871
v -1.229741 0.872945 -0.939436
v -1.155341 0.871094 -0.912899
v -1.142141 0.884297 -0.938272
v -1.168641 0.884569 -0.949775
v -1.180741 0.871260 -0.924309
v -1.130841 0.871176 -0.897167
v -1.114541 0.882917 -0.923227
v -1.085941 0.879524 -0.904593
v -1.107141 0.871114 -0.877237
v -1.083241 0.866559 -0.854163
v -1.062641 0.855687 -0.829255
v -1.033441 0.873508 -0.847947
v -1.056541 0.877237 -0.879183
v -1.048941 0.838386 -0.802319
v -1.020741 0.861154 -0.814812
v -1.012241 0.840177 -0.786688
v -1.038541 0.815170 -0.778733
v -1.565441 0.831724 -0.983116
v -1.527541 0.831965 -0.982100
v -1.536641 0.827081 -0.963653
v -1.561141 0.828458 -0.970084
v -1.498141 0.828400 -0.951956
v -1.484041 0.835180 -0.975401
v -1.437941 0.841133 -0.964134
v -1.455241 0.833773 -0.935916
v -1.412341 0.842365 -0.918385
v -1.393041 0.848266 -0.950795
v -1.353041 0.854636 -0.938102
v -1.373441 0.849418 -0.901945
v -1.340441 0.853099 -0.887806
v -1.319241 0.858587 -0.926852
v -1.293441 0.859847 -0.917563
v -1.315341 0.855370 -0.876955
v -1.293441 0.855637 -0.869527
v -1.271541 0.859122 -0.910293
v -1.528641 0.838288 -0.908606
v -1.514141 0.827998 -0.927939
v -1.550541 0.827645 -0.945890
v -1.564741 0.837222 -0.931507
v -1.578641 0.830598 -0.962146
v -1.595341 0.838307 -0.951778
v -1.432541 0.846417 -0.886594
v -1.473441 0.835006 -0.907295
v -1.489341 0.846682 -0.884274
v -1.449341 0.859475 -0.861489
v -1.361841 0.858610 -0.850121
v -1.394541 0.855098 -0.867154
v -1.411441 0.869430 -0.839872
v -1.378841 0.871846 -0.819496
v -1.690541 0.884487 -0.917525
v -1.725241 0.880696 -0.940085
v -1.731241 0.882379 -0.931172
v -1.695441 0.885418 -0.909457
v -1.655141 0.888675 -0.896645
v -1.659541 0.888556 -0.887737
v -1.682941 0.880502 -0.926473
v -1.648441 0.886106 -0.907514
v -1.716141 0.875086 -0.948627
v -1.618541 0.898101 -0.862537
v -1.613241 0.898268 -0.873947
v -1.568641 0.914889 -0.849836
v -1.574941 0.915176 -0.835896
v -1.562041 0.908360 -0.864943
v -1.606841 0.894927 -0.887064
v -1.530341 0.937812 -0.808428
v -1.524241 0.936714 -0.823918
v -1.481241 0.959267 -0.798459
v -1.487941 0.962943 -0.782517
v -1.475941 0.945573 -0.814385
v -1.518441 0.927465 -0.840486
v -1.447041 0.976094 -0.757307
v -1.440041 0.970768 -0.772444
v -1.403341 0.969657 -0.746565
v -1.409041 0.974641 -0.734152
v -1.399341 0.957285 -0.759408
v -1.435141 0.956799 -0.787084
v -1.376341 0.963872 -0.714447
v -1.371841 0.960181 -0.724980
v -1.344041 0.946928 -0.707324
v -1.348141 0.949556 -0.697453
v -1.341641 0.938262 -0.720151
v -1.369041 0.949577 -0.737220
v -1.323841 0.934183 -0.682926
v -1.319341 0.932641 -0.692532
v -1.301341 0.920876 -0.669479
v -1.296241 0.919462 -0.679579
v -1.292341 0.913385 -0.693858
v -1.316241 0.925818 -0.706053
v -1.274041 0.908222 -0.667214
v -1.279641 0.910093 -0.656386
v -1.258341 0.901219 -0.643382
v -1.252641 0.898573 -0.654656
v -1.248641 0.891139 -0.669715
v -1.269941 0.901680 -0.682121
v -1.236941 0.893549 -0.630407
v -1.231441 0.890580 -0.641299
v -1.214241 0.885527 -0.616552
v -1.208641 0.882552 -0.627344
v -1.204241 0.875394 -0.641987
v -1.227541 0.883011 -0.655765
v -1.164441 0.857088 -0.585859
v -1.158541 0.854018 -0.598459
v -1.183241 0.871095 -0.612988
v -1.189241 0.874111 -0.601192
v -1.178341 0.864266 -0.628112
v -1.154341 0.847095 -0.613689
v -1.142041 0.833844 -0.572092
v -1.137041 0.831274 -0.584663
v -1.117141 0.806140 -0.571107
v -1.121841 0.807166 -0.559527
v -1.115441 0.801413 -0.586208
v -1.134341 0.825443 -0.599729
v -1.621841 0.863147 -0.932897
v -1.636141 0.876447 -0.920499
v -1.596341 0.882291 -0.900524
v -1.584941 0.866273 -0.912680
v -1.553641 0.892106 -0.878214
v -1.544841 0.872958 -0.889951
v -1.503741 0.886913 -0.866497
v -1.497241 0.867520 -0.875744
v -1.537041 0.856202 -0.899745
v -1.456941 0.881158 -0.852008
v -1.462441 0.902355 -0.842755
v -1.511041 0.908563 -0.854713
v -1.469241 0.925431 -0.829687
v -1.422541 0.913222 -0.817879
v -1.418741 0.890216 -0.827037
v -1.386041 0.892111 -0.802885
v -1.388741 0.915410 -0.791907
v -1.428741 0.936715 -0.803383
v -1.394041 0.938000 -0.775661
v -1.336841 0.902392 -0.759411
v -1.361541 0.910596 -0.772956
v -1.365441 0.931748 -0.754390
v -1.339241 0.922136 -0.739024
v -1.290541 0.898691 -0.714951
v -1.313941 0.911083 -0.726448
v -1.291041 0.879728 -0.736695
v -1.313241 0.891797 -0.747810
v -1.250441 0.855772 -0.712451
v -1.270641 0.867130 -0.725110
v -1.269241 0.886182 -0.703161
v -1.248141 0.875546 -0.690861
v -1.205941 0.839587 -0.682344
v -1.229241 0.847198 -0.697727
v -1.226141 0.868146 -0.677369
v -1.202341 0.861111 -0.663256
v -1.155841 0.818312 -0.652535
v -1.180041 0.830785 -0.667132
v -1.176441 0.850857 -0.648930
v -1.153041 0.834732 -0.633545
v -1.636441 0.848797 -0.959880
v -1.617841 0.838347 -0.969606
v -1.642641 0.842601 -0.994400
v -1.653041 0.860282 -0.948991
v -1.662341 0.846296 -0.975352
v -1.682841 0.855489 -0.966400
v -1.608641 0.850724 -0.943139
v -1.669441 0.871631 -0.937509
v -1.701441 0.865775 -0.957285
v -1.574641 0.852153 -0.923021
v -1.690841 0.699707 -1.230040
v -1.685441 0.690680 -1.216143
v -1.662741 0.691524 -1.222003
v -1.664841 0.701112 -1.240375
v -1.634841 0.696386 -1.238348
v -1.639241 0.689269 -1.222836
v -1.744041 0.700654 -1.241103
v -1.728041 0.706319 -1.245480
v -1.719641 0.697755 -1.236064
v -1.734341 0.689354 -1.231146
v -1.656241 0.706967 -1.256561
v -1.654641 0.708799 -1.270778
v -1.625941 0.713401 -1.262095
v -1.630041 0.705989 -1.250107
v -1.691241 0.703862 -1.268563
v -1.681841 0.703479 -1.255162
v -1.699841 0.703072 -1.244768
v -1.709841 0.704800 -1.257189
v -1.674841 0.705580 -1.273972
v -1.671541 0.704927 -1.262791
v -1.753141 0.709884 -1.244771
v -1.761341 0.716894 -1.249870
v -1.744041 0.717835 -1.259131
v -1.736041 0.712612 -1.252024
v -1.654241 0.712312 -1.282894
v -1.623841 0.717283 -1.275391
v -1.622841 0.723297 -1.289164
v -1.655041 0.719085 -1.294218
v -1.703541 0.714267 -1.287187
v -1.698041 0.707751 -1.278553
v -1.717941 0.709512 -1.265828
v -1.725241 0.714594 -1.273946
v -1.677741 0.709458 -1.283762
v -1.680841 0.716431 -1.293372
v -1.621341 0.734760 -1.303620
v -1.656741 0.730707 -1.306260
v -1.622241 0.758532 -1.316154
v -1.661841 0.754046 -1.314813
v -1.762241 0.736332 -1.277383
v -1.751541 0.724479 -1.268259
v -1.768241 0.722222 -1.258775
v -1.776541 0.730875 -1.266283
v -1.732241 0.723757 -1.283327
v -1.742641 0.740284 -1.291877
v -1.718341 0.744473 -1.303553
v -1.709141 0.725097 -1.295970
v -1.684841 0.727725 -1.303229
v -1.692141 0.749297 -1.310683
v -1.799541 0.765465 -1.256548
v -1.789841 0.749049 -1.267023
v -1.779341 0.762527 -1.279959
v -1.793641 0.794181 -1.255971
v -1.804341 0.770450 -1.245839
v -1.805541 0.788576 -1.232058
v -1.672941 0.795457 -1.315498
v -1.628741 0.802256 -1.317004
v -1.634441 0.849218 -1.296128
v -1.682841 0.843017 -1.296290
v -1.738041 0.819678 -1.272311
v -1.733041 0.780998 -1.302920
v -1.758741 0.773550 -1.293739
v -1.768541 0.813919 -1.268040
v -1.705541 0.788218 -1.309911
v -1.714341 0.831324 -1.284753
v -1.801841 0.815475 -1.190116
v -1.785941 0.834812 -1.142206
v -1.777441 0.856976 -1.152932
v -1.791241 0.835921 -1.207453
v -1.674841 0.908939 -1.185054
v -1.627841 0.916678 -1.185503
v -1.634741 0.891814 -1.250265
v -1.684441 0.885138 -1.249152
v -1.755341 0.873450 -1.162286
v -1.767641 0.850597 -1.220319
v -1.735041 0.851764 -1.224858
v -1.725941 0.876953 -1.169093
v -1.714441 0.868243 -1.237719
v -1.703641 0.891190 -1.177878
v -1.742541 0.839215 -1.051295
v -1.772341 0.819971 -1.085376
v -1.787041 0.811107 -1.077680
v -1.746841 0.836112 -1.027335
v -1.746541 0.850393 -1.072879
v -1.767241 0.831430 -1.094623
v -1.634541 0.892902 -1.059777
v -1.599241 0.894018 -1.056606
v -1.612941 0.918501 -1.115578
v -1.654641 0.912576 -1.117026
v -1.770041 0.842564 -1.110300
v -1.759741 0.860076 -1.106572
v -1.704341 0.852905 -1.031863
v -1.669441 0.862590 -1.026188
v -1.696241 0.841192 -1.009709
v -1.687941 0.882296 -1.059996
v -1.718641 0.869782 -1.061829
v -1.691241 0.842726 -0.991388
v -1.715641 0.848298 -0.990762
v -1.629741 0.866461 -1.023858
v -1.599041 0.863901 -1.021203
v -1.601241 0.840122 -0.998251
v -1.650641 0.871460 -1.032281
v -1.662141 0.889154 -1.062500
v -1.594941 0.832448 -0.978365
v -1.684241 0.900039 -1.115054
v -1.709441 0.889682 -1.110952
v -1.738041 0.879337 -1.107049
v -1.737641 0.855565 -0.984827
v -1.754641 0.862779 -0.976292
v -1.774841 0.833748 -1.019459
v -1.800441 0.835390 -1.008144
v -1.764641 0.868725 -0.966628
v -1.802341 0.847694 -0.988994
v -1.807541 0.850065 -0.978137
v -1.771241 0.870679 -0.955496
v -2.010641 0.717711 -1.183309
v -1.997841 0.705094 -1.207386
v -2.024041 0.704490 -1.221045
v -2.039041 0.713149 -1.197800
v -1.973241 0.710831 -1.194129
v -1.985241 0.725439 -1.168133
v -1.963241 0.736062 -1.151084
v -1.950441 0.718903 -1.181437
v -1.926441 0.728855 -1.171739
v -1.939941 0.753663 -1.130021
v -1.898541 0.742415 -1.168943
v -1.872241 0.756255 -1.170939
v -1.903141 0.768140 -1.125769
v -1.865741 0.789137 -1.114825
v -1.850641 0.767252 -1.175706
v -1.838241 0.792838 -1.125026
v -1.809141 0.806718 -1.067719
v -1.830241 0.805025 -1.057600
v -1.934041 0.796060 -1.082466
v -1.902941 0.811926 -1.069418
v -1.903241 0.789568 -1.091360
v -1.934641 0.779141 -1.101485
v -1.869441 0.799006 -1.072878
v -1.868141 0.821395 -1.046326
v -1.844441 0.807159 -1.049562
v -1.837341 0.826400 -1.023996
v -1.877441 0.855833 -1.020272
v -1.842241 0.850979 -0.998919
v -1.836941 0.842995 -1.009703
v -1.869441 0.843256 -1.033028
v -1.905341 0.826999 -1.054814
v -1.937541 0.806295 -1.069046
v -1.942441 0.809105 -1.060567
v -1.912141 0.833370 -1.042120
v -2.305341 0.043315 -1.348742
v -2.337641 0.038702 -1.341799
v -2.327141 0.072314 -1.327313
v -2.297541 0.078488 -1.336969
v -2.347641 0.071930 -1.317318
v -2.362041 0.036417 -1.326707
v -2.222241 0.054775 -1.356286
v -2.266241 0.048814 -1.355432
v -2.255041 0.088994 -1.350479
v -2.207841 0.097517 -1.360900
v -2.166341 0.099174 -1.356696
v -2.133341 0.103997 -1.336380
v -2.142141 0.078099 -1.323469
v -2.179441 0.063411 -1.344662
v -2.102941 0.115856 -1.313048
v -2.060341 0.126852 -1.304091
v -2.060741 0.096482 -1.300357
v -2.105941 0.090261 -1.305328
v -2.003841 0.139102 -1.302874
v -1.943741 0.153600 -1.302428
v -1.943841 0.119563 -1.307923
v -2.004041 0.106487 -1.303579
v -1.889441 0.171111 -1.303808
v -1.841141 0.185036 -1.298687
v -1.843341 0.153922 -1.289086
v -1.889141 0.136812 -1.303108
v -1.802841 0.190410 -1.280943
v -1.768141 0.188272 -1.266644
v -1.771541 0.165430 -1.263171
v -1.805941 0.164199 -1.272959
v -1.734441 0.181210 -1.258943
v -1.739241 0.159911 -1.259586
v -1.701541 0.170929 -1.254435
v -1.707741 0.150347 -1.257040
v -1.631541 0.142604 -1.247977
v -1.668041 0.158364 -1.251964
v -1.675441 0.137641 -1.253876
v -1.640041 0.121429 -1.249014
v -1.589341 0.122936 -1.238809
v -1.543941 0.099301 -1.221759
v -1.599341 0.101684 -1.240251
v -1.553641 0.077631 -1.226331
v -1.448541 0.042728 -1.160455
v -1.497841 0.071723 -1.195523
v -1.503941 0.050252 -1.203490
v -1.449741 0.025942 -1.168048
v -2.003741 0.079440 -1.288131
v -2.059941 0.072729 -1.283013
v -1.945541 0.094284 -1.290168
v -1.950441 0.081940 -1.258935
v -2.005341 0.068448 -1.254314
v -2.059741 0.061773 -1.249796
v -1.894141 0.113466 -1.282436
v -1.849641 0.130787 -1.270304
v -1.857641 0.110931 -1.244218
v -1.901441 0.097375 -1.253926
v -1.811141 0.141590 -1.258053
v -1.776541 0.144101 -1.249592
v -1.783341 0.123188 -1.225972
v -1.818541 0.120249 -1.233957
v -1.745041 0.140721 -1.244881
v -1.714841 0.132007 -1.241484
v -1.752041 0.120776 -1.220704
v -1.723041 0.113208 -1.216338
v -1.651041 0.101764 -1.231331
v -1.684341 0.118368 -1.237773
v -1.694841 0.099881 -1.211107
v -1.663741 0.085937 -1.202205
v -1.569741 0.058500 -1.207515
v -1.612941 0.082001 -1.222269
v -1.584841 0.056782 -1.171254
v -1.627441 0.071966 -1.189399
v -1.463941 0.005605 -1.156014
v -1.520941 0.031238 -1.184967
v -1.535741 0.035357 -1.147463
v -1.478941 0.009112 -1.121751
v -1.264941 0.309815 -1.075326
v -1.276541 0.320996 -1.059246
v -1.228341 0.322052 -1.031036
v -1.217841 0.310456 -1.043434
v -1.170941 0.251634 -1.027639
v -1.179241 0.231607 -1.019193
v -1.153841 0.237826 -1.000499
v -1.146041 0.256833 -1.006901
v -1.168641 0.225062 -0.996336
v -1.190741 0.217425 -1.006199
v -1.157641 0.291921 -1.015969
v -1.147941 0.277348 -1.011712
v -1.170741 0.273254 -1.030783
v -1.175541 0.293056 -1.028524
v -1.292341 0.342296 -1.039770
v -1.285441 0.327555 -1.044638
v -1.244641 0.342239 -1.004513
v -1.237141 0.330689 -1.019413
v -1.164841 0.312055 -0.990250
v -1.156341 0.302061 -1.004357
v -1.181641 0.309847 -1.021031
v -1.190341 0.322512 -1.009773
v -1.144141 0.268516 -0.966851
v -1.132141 0.262672 -0.985123
v -1.139041 0.285793 -0.993388
v -1.148041 0.292676 -0.975756
v -1.142841 0.240301 -0.979419
v -1.157441 0.245879 -0.965169
v -1.167941 0.226466 -0.980928
v -1.176241 0.232236 -0.969973
v -1.346441 0.169268 -1.032353
v -1.389341 0.151863 -1.049899
v -1.391541 0.148815 -1.018323
v -1.355341 0.170138 -1.000949
v -1.407341 0.118074 -1.033943
v -1.421041 0.131957 -1.062382
v -1.418741 0.097217 -1.078135
v -1.391541 0.080581 -1.047153
v -1.362741 0.051444 -1.061077
v -1.404741 0.066424 -1.092857
v -1.396241 0.046253 -1.105957
v -1.392741 0.029955 -1.115023
v -1.343341 0.033269 -1.075763
v -1.333841 0.015520 -1.087418
v -1.330941 -0.004396 -1.094593
v -1.390841 0.015096 -1.121301
v -1.390041 0.002228 -1.125659
v -1.331841 -0.022948 -1.099383
v -1.341741 -0.042378 -1.096011
v -1.398741 -0.017449 -1.123203
v -1.357641 -0.046881 -1.077242
v -1.413741 -0.020334 -1.097828
v -1.290541 -0.039148 -1.079294
v -1.306141 -0.057889 -1.072276
v -1.276141 -0.045747 -1.058945
v -1.291041 -0.056094 -1.046427
v -1.316741 -0.060083 -1.036443
v -1.326541 -0.060632 -1.057911
v -1.287341 -0.014399 -1.072539
v -1.273841 -0.028071 -1.044288
v -1.292441 0.009252 -1.060739
v -1.282041 -0.006198 -1.029487
v -1.298341 -0.023850 -1.013690
v -1.290041 -0.041483 -1.027342
v -1.314841 -0.048086 -1.018913
v -1.315341 -0.034124 -1.009282
v -1.307141 0.027884 -1.047028
v -1.334941 0.044901 -1.033111
v -1.331241 0.031128 -1.009976
v -1.298641 0.012809 -1.017056
v -1.345541 -0.057539 -1.030284
v -1.345041 -0.058637 -1.047477
v -1.375641 -0.047747 -1.055556
v -1.386441 -0.047673 -1.029407
v -1.344741 0.011913 -0.994871
v -1.315241 -0.008138 -1.003155
v -1.333941 -0.027034 -1.002056
v -1.365741 -0.010588 -0.993782
v -1.342741 -0.045476 -1.012149
v -1.381341 -0.032837 -1.005601
v -1.356241 0.674827 -0.977461
v -1.315941 0.685074 -0.960835
v -1.322541 0.653236 -0.943964
v -1.361941 0.642619 -0.957706
v -1.226941 0.706281 -1.018596
v -1.183141 0.703891 -1.003409
v -1.211241 0.699834 -0.968286
v -1.252341 0.702249 -0.980466
v -1.141841 0.701029 -0.944175
v -1.177841 0.700062 -0.956753
v -1.145941 0.705569 -0.989287
v -1.106541 0.709286 -0.974044
v -1.356541 0.615417 -0.948178
v -1.328741 0.596978 -0.963480
v -1.318041 0.628170 -0.936714
v -1.292441 0.609590 -0.953026
v -1.270941 0.683691 -0.952601
v -1.230341 0.682979 -0.943828
v -1.238941 0.661350 -0.930267
v -1.279341 0.658188 -0.937864
v -1.197441 0.683100 -0.933904
v -1.162741 0.684403 -0.920205
v -1.170141 0.662475 -0.906661
v -1.205741 0.662634 -0.919674
v -1.275941 0.636955 -0.934497
v -1.253441 0.618804 -0.949582
v -1.235241 0.641907 -0.931804
v -1.214741 0.623440 -0.943201
v -1.238941 0.593149 -0.980232
v -1.273841 0.583972 -0.994591
v -1.220741 0.549970 -1.014409
v -1.186341 0.557625 -0.991123
v -1.165141 0.641534 -0.906583
v -1.199541 0.643049 -0.923924
v -1.178541 0.625663 -0.934957
v -1.145741 0.623504 -0.915149
v -1.199941 0.518041 -1.018279
v -1.199041 0.492536 -1.010354
v -1.165841 0.524905 -0.990030
v -1.163041 0.498559 -0.983156
v -1.172141 0.598415 -0.953779
v -1.204441 0.597229 -0.967772
v -1.157241 0.561467 -0.971165
v -1.131641 0.564427 -0.953261
v -1.114441 0.601517 -0.917737
v -1.142041 0.600153 -0.938952
v -1.107741 0.568879 -0.935171
v -1.086341 0.574378 -0.912712
v -1.213441 0.479244 -0.986889
v -1.230341 0.476488 -0.960305
v -1.175641 0.482195 -0.961974
v -1.190441 0.476655 -0.937456
v -1.112741 0.533353 -0.949468
v -1.137441 0.529129 -0.968046
v -1.132441 0.502754 -0.962375
v -1.104841 0.507041 -0.944896
v -1.090241 0.540330 -0.930028
v -1.081041 0.516056 -0.924334
v -1.071841 0.549042 -0.905979
v -1.064241 0.528439 -0.897967
v -1.236641 0.463207 -0.940446
v -1.230341 0.437096 -0.932456
v -1.191141 0.458686 -0.923080
v -1.183341 0.432100 -0.913815
v -1.140241 0.483152 -0.945791
v -1.107341 0.486716 -0.931358
v -1.115041 0.477669 -0.911953
v -1.150841 0.474804 -0.924642
v -1.063141 0.513534 -0.884614
v -1.080841 0.497969 -0.911368
v -1.060141 0.498289 -0.870580
v -1.084441 0.485796 -0.895050
v -1.109741 0.456779 -0.900753
v -1.147741 0.455048 -0.913977
v -1.139241 0.427453 -0.902868
v -1.099541 0.426612 -0.890195
v -1.076841 0.464003 -0.883803
v -1.064641 0.431604 -0.872774
v -1.045241 0.475285 -0.862608
v -1.028941 0.441754 -0.851045
v -2.033441 0.595544 -1.362243
v -2.066141 0.595873 -1.361022
v -2.044541 0.579075 -1.368414
v -2.091541 0.576119 -1.360673
v -2.052841 0.608170 -1.357197
v -2.025141 0.606980 -1.353961
v -2.046241 0.617133 -1.352867
v -2.024541 0.613472 -1.345067
v -2.042941 0.624217 -1.347244
v -2.026041 0.618936 -1.337435
v -2.065441 0.611749 -1.367005
v -2.055941 0.621739 -1.363116
v -2.064841 0.627498 -1.369090
v -2.074841 0.617560 -1.373878
v -2.058441 0.635480 -1.363414
v -2.050041 0.629927 -1.357528
v -2.023841 0.626983 -1.329452
v -2.039141 0.630897 -1.338139
v -2.035041 0.637238 -1.324946
v -2.019741 0.633411 -1.321163
v -2.017941 0.640689 -1.313726
v -2.013841 0.637382 -1.315421
v -2.045641 0.636836 -1.348911
v -2.054141 0.642582 -1.356388
v -2.051641 0.650219 -1.348228
v -2.042841 0.644379 -1.339154
v -2.033441 0.660961 -1.310938
v -2.016741 0.660822 -1.306839
v -2.017841 0.648671 -1.311456
v -2.034341 0.648275 -1.318391
v -2.041841 0.653861 -1.329985
v -2.051441 0.659183 -1.338789
v -2.053941 0.670573 -1.328006
v -2.043141 0.666190 -1.319848
v -2.036141 0.676304 -1.299223
v -2.018241 0.674679 -1.295411
v -2.021141 0.687198 -1.281657
v -2.040641 0.690361 -1.286080
v -2.101541 0.631218 -1.376185
v -2.088341 0.624735 -1.376664
v -2.104241 0.612895 -1.379760
v -2.117041 0.620442 -1.378618
v -2.090741 0.604927 -1.377120
v -2.113641 0.589877 -1.378401
v -2.125341 0.599172 -1.379761
v -2.136041 0.608080 -1.377938
v -2.084541 0.646301 -1.366889
v -2.071441 0.641245 -1.366083
v -2.077941 0.633862 -1.371723
v -2.091141 0.639793 -1.372077
v -2.079341 0.657668 -1.355707
v -2.065441 0.654633 -1.353480
v -2.067441 0.647613 -1.360201
v -2.080741 0.651806 -1.361659
v -2.068841 0.672785 -1.334989
v -2.065441 0.663056 -1.345074
v -2.079841 0.664747 -1.348281
v -2.083541 0.672542 -1.339411
v -2.142541 0.614607 -1.371346
v -2.125041 0.625335 -1.371520
v -2.129741 0.627389 -1.362084
v -2.145941 0.618557 -1.361799
v -2.116541 0.635346 -1.361118
v -2.110541 0.634749 -1.369768
v -2.100941 0.642496 -1.366911
v -2.108041 0.641830 -1.358936
v -2.102941 0.646769 -1.356043
v -2.095141 0.648481 -1.363055
v -2.091841 0.652946 -1.358888
v -2.100241 0.650370 -1.352527
v -2.099241 0.653502 -1.347836
v -2.090741 0.657357 -1.353822
v -2.091041 0.662463 -1.346912
v -2.094041 0.668503 -1.338845
v -2.099241 0.657433 -1.341396
v -2.101341 0.662403 -1.333893
v -2.106741 0.668654 -1.326015
v -2.101141 0.675946 -1.330798
v -2.115141 0.675216 -1.318319
v -2.112041 0.682772 -1.324188
v -2.104041 0.690036 -1.323363
v -2.091441 0.681413 -1.330077
v -2.126441 0.687806 -1.319486
v -2.144441 0.689856 -1.316862
v -2.127641 0.681173 -1.312261
v -2.144341 0.684075 -1.308786
v -2.143241 0.697900 -1.320799
v -2.121841 0.696003 -1.320910
v -2.189441 0.685995 -1.324500
v -2.166341 0.694699 -1.322589
v -2.165541 0.686662 -1.317049
v -2.186641 0.677518 -1.318284
v -2.164241 0.681427 -1.308039
v -2.184441 0.673118 -1.308124
v -2.202441 0.659888 -1.306293
v -2.205941 0.663513 -1.316899
v -2.223441 0.648118 -1.312290
v -2.218641 0.645168 -1.302946
v -2.229741 0.654212 -1.318846
v -2.210841 0.671691 -1.323133
v -2.237441 0.631015 -1.307580
v -2.231741 0.628962 -1.299886
v -2.237941 0.611533 -1.301606
v -2.255641 0.616221 -1.311550
v -2.245241 0.635616 -1.314323
v -2.245641 0.612752 -1.307045
v -2.247041 0.596460 -1.312805
v -2.258441 0.595955 -1.314437
v -2.237941 0.597618 -1.308630
v -2.234041 0.587750 -1.318022
v -2.243041 0.584307 -1.322531
v -2.253941 0.580236 -1.324872
v -2.234741 0.578101 -1.334613
v -2.243941 0.571717 -1.338493
v -2.227041 0.582966 -1.328719
v -2.222541 0.579653 -1.347445
v -2.216141 0.584500 -1.339548
v -2.229141 0.571529 -1.354130
v -2.200041 0.591039 -1.348582
v -2.204241 0.586185 -1.358082
v -2.182841 0.594938 -1.365584
v -2.181641 0.600373 -1.355750
v -2.182241 0.585363 -1.373155
v -2.207641 0.576939 -1.366135
v -2.161741 0.604073 -1.369357
v -2.157941 0.595844 -1.375949
v -2.163241 0.609327 -1.359834
v -2.127041 0.674670 -1.302123
v -2.116641 0.667098 -1.309678
v -2.116841 0.658299 -1.299674
v -2.125141 0.667464 -1.290223
v -2.140941 0.672751 -1.284706
v -2.142941 0.678712 -1.297580
v -2.162041 0.676546 -1.296504
v -2.159541 0.671359 -1.283184
v -2.178241 0.664730 -1.282870
v -2.181641 0.669212 -1.296131
v -2.194541 0.653702 -1.281011
v -2.198741 0.656975 -1.294142
v -2.208641 0.640568 -1.279074
v -2.213741 0.642906 -1.291659
v -2.225741 0.627797 -1.290238
v -2.218941 0.626145 -1.279115
v -2.222241 0.611375 -1.283485
v -2.230141 0.611665 -1.293585
v -2.229041 0.599471 -1.300909
v -2.220141 0.600186 -1.290850
v -2.214841 0.593006 -1.299985
v -2.224641 0.591089 -1.310014
v -2.218241 0.587062 -1.319965
v -2.208641 0.590272 -1.309761
v -2.200141 0.591796 -1.318687
v -2.208741 0.588427 -1.329602
v -2.178641 0.603366 -1.343554
v -2.162741 0.611909 -1.347463
v -2.174441 0.605191 -1.330225
v -2.160641 0.612695 -1.333493
v -2.147341 0.619359 -1.336108
v -2.147341 0.619853 -1.349703
v -2.188041 0.597295 -1.325378
v -2.194641 0.594401 -1.337567
v -2.138441 0.665821 -1.270686
v -2.156841 0.665604 -1.268695
v -2.138341 0.653793 -1.258567
v -2.154941 0.656907 -1.255280
v -2.174741 0.659685 -1.268540
v -2.171241 0.652063 -1.254662
v -2.184841 0.643437 -1.254465
v -2.190141 0.649586 -1.267127
v -2.194141 0.630547 -1.255018
v -2.203041 0.636890 -1.265866
v -2.211041 0.622479 -1.267810
v -2.200641 0.618020 -1.258354
v -2.200741 0.606738 -1.264122
v -2.212941 0.609183 -1.273395
v -2.210041 0.599397 -1.280779
v -2.198441 0.599054 -1.271483
v -2.192341 0.595692 -1.279092
v -2.204241 0.594009 -1.289709
v -2.198041 0.592766 -1.299298
v -2.187441 0.595530 -1.288317
v -2.180541 0.598305 -1.294666
v -2.190441 0.594959 -1.307684
v -2.173141 0.602502 -1.299630
v -2.180341 0.600077 -1.312994
v -2.169041 0.606588 -1.316420
v -2.164041 0.607082 -1.300865
v -2.121841 0.633488 -1.351611
v -2.114341 0.639043 -1.350685
v -2.125641 0.631061 -1.340934
v -2.118841 0.636216 -1.341735
v -2.114441 0.639962 -1.342417
v -2.109741 0.643214 -1.348337
v -2.161041 0.611203 -1.256549
v -2.161241 0.607265 -1.281721
v -2.167641 0.604128 -1.284609
v -2.171441 0.602346 -1.278102
v -2.184541 0.606423 -1.257028
v -2.187941 0.614082 -1.252674
v -2.180741 0.621570 -1.248831
v -2.114341 0.640651 -1.337068
v -2.107541 0.645899 -1.344574
v -2.113841 0.642257 -1.330262
v -2.106741 0.648202 -1.339431
v -2.166041 0.635412 -1.247421
v -2.155441 0.641736 -1.249355
v -2.145441 0.635005 -1.252453
v -2.176841 0.632927 -1.247766
v -2.179041 0.600553 -1.267990
v -2.185841 0.601123 -1.264050
v -2.177841 0.599557 -1.276663
v -2.155341 0.611755 -1.303697
v -2.157641 0.612554 -1.319077
v -2.146441 0.616323 -1.304732
v -2.146441 0.618208 -1.321551
v -2.149041 0.613395 -1.283767
v -2.155441 0.610088 -1.287166
v -2.135641 0.621268 -1.271086
v -2.133941 0.631455 -1.260274
v -2.124841 0.645134 -1.268089
v -2.122141 0.635086 -1.286406
v -2.133241 0.626852 -1.351197
v -2.135441 0.625424 -1.338759
v -2.127341 0.629732 -1.328490
v -2.120441 0.635257 -1.332174
v -2.127241 0.629344 -1.314990
v -2.120041 0.635871 -1.322121
v -2.136141 0.623908 -1.324824
v -2.136341 0.622370 -1.308786
v -2.113241 0.644920 -1.322694
v -2.106541 0.651434 -1.333032
v -2.107841 0.655618 -1.325775
v -2.113241 0.648487 -1.315173
v -2.114041 0.653011 -1.308598
v -2.111141 0.660771 -1.317961
v -2.125941 0.630201 -1.300515
v -2.118841 0.638065 -1.311675
v -2.117441 0.641504 -1.303661
v -2.116141 0.646226 -1.300480
v -2.117341 0.648461 -1.290733
v -2.122341 0.658325 -1.277835
v -2.137041 0.620451 -1.289666
v -2.104541 0.581881 -1.371856
v -2.080941 0.598923 -1.370359
v -2.151341 0.584192 -1.378833
v -2.144141 0.571584 -1.379069
v -2.180441 0.570604 -1.377724
v -2.177941 0.553392 -1.379732
v -2.212041 0.541310 -1.373526
v -2.210241 0.560835 -1.371684
v -2.236641 0.556776 -1.358799
v -2.243341 0.537815 -1.360007
v -2.269541 0.544792 -1.340567
v -2.256541 0.560747 -1.341037
v -2.269841 0.573660 -1.325457
v -2.291641 0.561442 -1.320361
v -2.291741 0.595769 -1.309540
v -2.274741 0.595925 -1.313938
v -2.270941 0.622632 -1.314981
v -2.292741 0.632421 -1.314510
v -2.312741 0.623551 -1.306714
v -2.306341 0.594438 -1.302205
v -2.317741 0.593409 -1.291446
v -2.325941 0.622234 -1.296173
v -2.310441 0.564952 -1.306733
v -2.322441 0.563764 -1.294982
v -2.257741 0.645315 -1.317462
v -2.271341 0.658164 -1.316210
v -2.238541 0.665820 -1.318668
v -2.247441 0.678794 -1.314403
v -2.222341 0.698120 -1.314276
v -2.216741 0.684740 -1.320166
v -2.192741 0.699737 -1.321393
v -2.196041 0.713663 -1.314569
v -2.168041 0.721374 -1.312816
v -2.167041 0.707677 -1.320128
v -2.140541 0.708817 -1.317357
v -2.138541 0.720025 -1.308588
v -2.076841 0.683829 -1.323425
v -2.090941 0.695283 -1.315443
v -2.074241 0.700813 -1.302098
v -2.060941 0.684548 -1.315169
v -2.048141 0.681680 -1.307223
v -2.055241 0.695191 -1.293311
v -2.107141 0.712363 -1.304327
v -2.113641 0.704256 -1.314718
v -2.024441 0.696509 -1.269593
v -2.033041 0.702540 -1.254516
v -2.045141 0.700406 -1.274575
v -2.055341 0.707088 -1.262063
v -2.080341 0.709169 -1.287385
v -2.061641 0.703793 -1.281088
v -2.073141 0.710796 -1.270662
v -2.086441 0.713741 -1.278203
v -2.075741 0.714651 -1.247497
v -2.051141 0.707956 -1.234065
v -2.069041 0.715521 -1.214390
v -2.096141 0.722813 -1.232896
v -2.107541 0.720941 -1.276279
v -2.095541 0.719490 -1.261739
v -2.118641 0.727051 -1.252282
v -2.141341 0.729427 -1.274081
v -2.140041 0.726390 -1.294092
v -2.108441 0.717682 -1.290794
v -2.169941 0.729923 -1.299695
v -2.198841 0.721695 -1.302881
v -2.201341 0.728622 -1.291157
v -2.172841 0.733792 -1.285345
v -2.226541 0.706603 -1.303462
v -2.254741 0.689913 -1.305840
v -2.259841 0.702470 -1.299597
v -2.230241 0.716213 -1.294787
v -2.306241 0.655113 -1.310278
v -2.283641 0.672583 -1.310960
v -2.288841 0.687555 -1.299767
v -2.318641 0.669718 -1.291093
v -2.318741 0.642641 -1.307701
v -2.330141 0.644917 -1.298653
v -2.283341 0.704253 -1.288975
v -2.259941 0.715697 -1.292814
v -2.298741 0.699425 -1.278338
v -2.280741 0.723217 -1.267231
v -2.268941 0.724105 -1.278999
v -2.255541 0.727309 -1.285824
v -2.235941 0.741239 -1.282506
v -2.232041 0.729885 -1.290482
v -2.203141 0.741779 -1.284878
v -2.203241 0.761812 -1.274592
v -2.246041 0.747263 -1.269031
v -2.258241 0.749542 -1.253171
v -2.233141 0.775462 -1.237332
v -2.219641 0.771273 -1.256509
v -2.174641 0.759297 -1.265823
v -2.177241 0.742751 -1.274103
v -2.157941 0.748511 -1.245819
v -2.155241 0.734983 -1.257728
v -2.208141 0.799590 -1.221697
v -2.195441 0.795033 -1.239694
v -2.177241 0.817048 -1.222179
v -2.184741 0.823960 -1.206750
v -2.164941 0.811201 -1.233540
v -2.180741 0.788251 -1.253914
v -2.168541 0.836367 -1.208228
v -2.157741 0.834075 -1.213571
v -2.172641 0.839052 -1.202762
v -2.166941 0.847575 -1.199460
v -2.164241 0.849650 -1.192126
v -2.144241 0.821399 -1.209203
v -2.149741 0.797033 -1.229359
v -2.149141 0.837292 -1.184634
v -2.147641 0.823011 -1.183666
v -2.144141 0.808001 -1.201071
v -2.148141 0.778496 -1.210409
v -2.161841 0.776631 -1.250486
v -2.153041 0.763033 -1.230345
v -2.145941 0.803184 -1.192338
v -2.147941 0.781020 -1.195336
v -2.146141 0.818858 -1.186313
v -2.147641 0.805199 -1.187411
v -2.150941 0.783954 -1.187251
v -2.144441 0.768036 -1.183974
v -2.142241 0.766694 -1.190163
v -2.124441 0.768519 -1.180240
v -2.128641 0.770459 -1.174016
v -2.120241 0.762819 -1.187284
v -2.140441 0.762210 -1.199140
v -1.964041 0.809312 -1.103529
v -1.973141 0.822298 -1.097761
v -1.966041 0.804252 -1.082087
v -1.958241 0.795241 -1.092431
v -1.971441 0.807771 -1.078876
v -1.990341 0.839424 -1.089147
v -1.984341 0.831563 -1.117454
v -1.991241 0.831092 -1.117982
v -1.996941 0.842459 -1.108503
v -1.985541 0.840315 -1.107827
v -2.007741 0.837459 -1.113804
v -2.000041 0.826998 -1.121627
v -2.015341 0.842507 -1.104193
v -2.003441 0.847495 -1.096989
v -1.960741 0.806964 -1.118191
v -1.970941 0.827459 -1.114088
v -1.976241 0.820373 -1.124819
v -1.967041 0.798524 -1.136614
v -1.953941 0.786730 -1.111360
v -1.958141 0.774955 -1.130980
v -1.983641 0.816626 -1.127543
v -1.980141 0.801008 -1.137972
v -1.988241 0.802376 -1.137391
v -1.992441 0.813366 -1.130037
v -1.995541 0.762717 -1.164952
v -1.978341 0.778183 -1.151927
v -1.971441 0.760357 -1.148562
v -1.991241 0.746245 -1.164212
v -2.037541 0.817452 -1.131401
v -2.021341 0.829012 -1.121810
v -2.011741 0.818974 -1.128307
v -2.026641 0.807961 -1.136964
v -2.029941 0.833619 -1.113227
v -2.046841 0.821507 -1.123651
v -2.007341 0.781160 -1.153156
v -1.994141 0.792960 -1.144252
v -1.986541 0.786117 -1.148859
v -2.001141 0.772214 -1.159489
v -2.002741 0.805319 -1.136318
v -2.016341 0.794381 -1.144570
v -2.067341 0.782332 -1.157795
v -2.076941 0.789874 -1.153147
v -2.055841 0.803825 -1.141614
v -2.044941 0.795391 -1.146414
v -2.064741 0.807227 -1.134703
v -2.084841 0.793030 -1.147153
v -2.046141 0.738376 -1.182102
v -2.018441 0.748978 -1.174971
v -2.016041 0.734532 -1.176316
v -2.045541 0.725684 -1.186049
v -2.101641 0.777479 -1.167295
v -2.107841 0.780135 -1.161330
v -2.094441 0.770354 -1.172219
v -2.132041 0.732635 -1.239835
v -2.107141 0.729031 -1.219310
v -2.138041 0.741037 -1.225921
v -2.108641 0.739084 -1.204498
v -2.051541 0.757910 -1.171844
v -2.026941 0.769253 -1.161966
v -2.021941 0.759245 -1.168961
v -2.045741 0.748501 -1.177102
v -2.077941 0.723489 -1.199901
v -2.077041 0.733933 -1.191777
v -2.080141 0.748352 -1.184824
v -2.069341 0.742268 -1.185280
v -2.139341 0.753062 -1.212296
v -2.116241 0.752945 -1.196576
v -2.087941 0.759147 -1.179285
v -2.058841 0.770304 -1.164509
v -2.034941 0.782492 -1.153679
v -2.059941 0.537356 -1.362438
v -2.054641 0.557953 -1.370350
v -2.099741 0.552122 -1.354563
v -2.104841 0.532106 -1.348020
v -2.061741 0.510857 -1.325522
v -2.058241 0.523949 -1.347294
v -2.102041 0.517430 -1.335154
v -2.093341 0.509660 -1.322186
v -2.137041 0.552103 -1.355967
v -2.174941 0.537564 -1.371141
v -2.138041 0.560042 -1.371830
v -2.173041 0.526095 -1.356585
v -2.207241 0.507153 -1.351281
v -2.210741 0.522281 -1.365022
v -2.245741 0.516208 -1.353657
v -2.242241 0.497004 -1.340455
v -2.279741 0.499924 -1.321853
v -2.279541 0.522921 -1.334834
v -2.304041 0.534925 -1.315701
v -2.317341 0.513934 -1.292485
v -2.324141 0.540504 -1.296342
v -2.315541 0.544394 -1.306332
v -2.138141 0.519425 -1.338443
v -2.138141 0.536210 -1.347980
v -2.165041 0.505583 -1.327833
v -2.170741 0.515201 -1.343298
v -2.114141 0.502631 -1.304766
v -2.131541 0.507657 -1.322203
v -2.153641 0.499830 -1.306533
v -2.134841 0.497026 -1.282555
v -2.201141 0.498345 -1.334266
v -2.216241 0.485745 -1.298641
v -2.232141 0.486189 -1.321654
v -2.190841 0.494072 -1.314282
v -2.263641 0.479001 -1.260369
v -2.294041 0.482658 -1.278386
v -2.266741 0.481374 -1.304406
v -2.242741 0.480349 -1.281727
v -2.081741 0.499882 -1.293708
v -2.044441 0.495633 -1.284440
v -2.074641 0.488369 -1.238986
v -2.107141 0.493487 -1.259723
v -2.011841 0.490406 -1.272124
v -1.982141 0.486207 -1.258546
v -2.007841 0.482462 -1.204773
v -2.041241 0.484106 -1.220904
v -1.927741 0.478905 -1.234731
v -1.953741 0.481995 -1.246471
v -1.975441 0.483108 -1.190110
v -1.945641 0.485937 -1.176822
v -1.825441 0.488261 -1.182296
v -1.838141 0.485922 -1.186840
v -1.848541 0.506323 -1.122841
v -1.834441 0.509342 -1.119659
v -1.862541 0.502080 -1.129099
v -1.851141 0.483383 -1.193099
v -1.792341 0.492133 -1.176560
v -1.810541 0.490570 -1.178955
v -1.799141 0.508292 -1.115413
v -1.817541 0.510817 -1.117469
v -1.828041 0.518232 -1.059237
v -1.812541 0.510782 -1.055165
v -1.835441 0.510866 -1.000066
v -1.848041 0.520324 -1.007627
v -1.861541 0.524302 -1.015709
v -1.843841 0.520491 -1.063613
v -1.770441 0.490184 -1.174070
v -1.745941 0.482293 -1.172728
v -1.761941 0.489115 -1.111225
v -1.781241 0.500613 -1.112556
v -1.782941 0.488282 -1.047264
v -1.798541 0.500524 -1.051057
v -1.810541 0.488264 -0.985260
v -1.823741 0.500041 -0.993086
v -1.717441 0.472885 -1.174580
v -1.686441 0.464992 -1.174941
v -1.712441 0.462537 -1.114081
v -1.738141 0.475696 -1.113011
v -1.763141 0.474207 -1.044681
v -1.741941 0.459299 -1.041546
v -1.778441 0.457900 -0.966199
v -1.794641 0.474186 -0.975765
v -1.656741 0.453673 -1.169793
v -1.639641 0.434301 -1.165716
v -1.672541 0.430865 -1.106916
v -1.688841 0.448439 -1.111098
v -1.884641 0.479582 -1.212053
v -1.904841 0.478533 -1.223233
v -1.919741 0.488743 -1.164838
v -1.897541 0.492153 -1.152919
v -1.866741 0.480990 -1.201854
v -1.878641 0.496809 -1.140025
v -1.857541 0.518158 -1.068257
v -1.874041 0.522038 -1.023254
v -1.887941 0.516527 -1.031790
v -1.871941 0.513064 -1.075366
v -2.047341 0.470030 -1.129169
v -2.028241 0.474650 -1.163658
v -1.993341 0.479190 -1.145362
v -2.012241 0.475992 -1.107785
v -1.961441 0.487136 -1.128770
v -1.980341 0.486170 -1.088258
v -1.910341 0.498338 -1.101069
v -1.934041 0.492614 -1.114527
v -1.953041 0.493311 -1.071612
v -1.928841 0.499964 -1.056899
v -1.889541 0.505643 -1.087219
v -1.906641 0.508478 -1.043179
v -2.097141 0.483261 -1.204726
v -2.126541 0.490192 -1.232469
v -2.143041 0.489083 -1.215204
v -2.124741 0.482285 -1.176034
v -2.167841 0.490739 -1.245259
v -2.152241 0.493434 -1.262230
v -2.174141 0.493747 -1.289859
v -2.193741 0.489166 -1.273198
v -2.213241 0.485531 -1.257283
v -2.183241 0.488812 -1.232850
v -2.193141 0.488113 -1.217465
v -2.229241 0.484088 -1.239437
v -2.159541 0.489260 -1.211387
v -2.160741 0.488666 -1.197799
v -2.063641 0.476669 -1.182773
v -2.082941 0.472594 -1.150756
v -2.203241 0.251924 -1.257114
v -2.179641 0.254800 -1.260051
v -2.188541 0.255046 -1.276264
v -2.217241 0.253181 -1.271765
v -2.151541 0.261135 -1.279314
v -2.147941 0.260566 -1.261016
v -2.107641 0.266131 -1.282528
v -2.108541 0.265692 -1.263020
v -2.067641 0.268240 -1.263773
v -2.063341 0.268791 -1.283474
v -2.025341 0.269814 -1.280409
v -2.031841 0.268847 -1.260432
v -1.999941 0.268632 -1.253332
v -1.991641 0.269734 -1.273903
v -1.960041 0.270712 -1.264930
v -1.970441 0.268348 -1.243332
v -1.926241 0.275094 -1.247345
v -1.938641 0.269958 -1.222903
v -2.226641 0.251495 -1.241211
v -2.218141 0.251632 -1.250419
v -2.235341 0.254429 -1.263979
v -2.245541 0.255184 -1.252916
v -2.211741 0.237763 -1.232498
v -2.188441 0.228115 -1.233663
v -2.204041 0.241231 -1.240409
v -2.197041 0.219228 -1.223865
v -2.191241 0.246144 -1.245631
v -2.182341 0.237544 -1.239022
v -2.165941 0.236874 -1.237859
v -2.171341 0.249632 -1.247030
v -2.143741 0.253014 -1.246632
v -2.140341 0.237568 -1.236015
v -2.073541 0.244328 -1.235119
v -2.070741 0.258439 -1.248619
v -2.108241 0.256308 -1.248142
v -2.108041 0.241145 -1.235506
v -2.012741 0.247626 -1.224709
v -2.006741 0.260017 -1.237908
v -2.037141 0.259345 -1.245260
v -2.041941 0.246907 -1.231262
v -1.949641 0.261185 -1.206487
v -1.978641 0.259128 -1.227843
v -1.986341 0.249080 -1.213605
v -1.960641 0.252770 -1.192754
v -2.174441 0.208804 -1.210049
v -2.166341 0.218839 -1.227493
v -2.139841 0.218654 -1.220893
v -2.141341 0.210238 -1.190032
v -2.081141 0.222502 -1.197629
v -2.076641 0.229712 -1.218143
v -2.108741 0.223258 -1.219121
v -2.109241 0.216407 -1.197885
v -2.097341 0.220589 -1.163182
v -2.086941 0.220842 -1.179495
v -2.106241 0.217088 -1.183821
v -2.116241 0.216058 -1.174766
v -2.029041 0.231038 -1.187714
v -2.019341 0.237133 -1.207993
v -2.046941 0.235004 -1.214428
v -2.054241 0.226932 -1.194565
v -2.059641 0.230264 -1.140178
v -2.043441 0.229298 -1.164776
v -2.065541 0.224491 -1.173372
v -2.078841 0.225239 -1.151891
v -2.006541 0.236768 -1.176060
v -1.994941 0.241065 -1.196444
v -1.972341 0.247051 -1.177162
v -1.985541 0.244479 -1.158881
v -2.000641 0.244922 -1.137318
v -2.022241 0.236313 -1.152847
v -2.039241 0.237850 -1.127714
v -2.016041 0.245530 -1.113442
v -1.988241 0.249353 -1.096590
v -1.976241 0.249845 -1.116996
v -1.951341 0.252148 -1.098130
v -1.960141 0.251062 -1.079561
v -1.948141 0.253462 -1.115482
v -1.963641 0.251083 -1.134754
v -1.949141 0.254220 -1.147292
v -1.933141 0.259413 -1.157307
v -1.931541 0.256628 -1.114796
v -1.911241 0.261771 -1.117100
v -1.935641 0.252489 -1.064552
v -1.927841 0.254717 -1.087261
v -1.904441 0.258150 -1.080850
v -1.912741 0.254784 -1.050695
v -1.888741 0.268405 -1.120920
v -1.916141 0.266620 -1.167503
v -1.899941 0.274618 -1.184365
v -1.854341 0.280409 -1.132639
v -1.885641 0.282211 -1.214874
v -1.838641 0.292204 -1.185341
v -1.889441 0.258260 -1.036468
v -1.879341 0.262867 -1.075866
v -1.848141 0.272070 -1.070520
v -1.862441 0.266305 -1.019870
v -1.786141 0.311081 -1.175823
v -1.799041 0.305093 -1.124786
v -1.753241 0.334602 -1.122360
v -1.736241 0.339568 -1.174759
v -1.798341 0.311372 -0.980273
v -1.768041 0.318638 -1.053173
v -1.807341 0.291152 -1.062793
v -1.829841 0.285063 -0.999741
v -1.693141 0.368848 -1.170143
v -1.714541 0.360959 -1.115710
v -1.685441 0.383986 -1.108655
v -1.659141 0.390437 -1.164173
v -1.641041 0.412135 -1.163506
v -1.669841 0.407711 -1.104964
v -1.736041 0.346358 -1.042437
v -1.771441 0.339042 -0.963530
v -1.748241 0.363640 -0.949070
v -1.709841 0.370797 -1.032094
v -1.722341 0.443963 -1.036232
v -1.705341 0.425562 -1.029895
v -1.749741 0.420753 -0.949338
v -1.763441 0.440252 -0.957314
v -1.696841 0.399114 -1.026432
v -1.739841 0.393767 -0.943503
v -1.268141 0.361844 -1.010880
v -1.299541 0.359705 -1.046265
v -1.262941 0.407364 -0.949920
v -1.283141 0.409319 -0.983363
v -1.281041 0.378770 -0.973128
v -1.263141 0.373598 -0.936067
v -1.172841 0.395168 -0.900648
v -1.223041 0.402931 -0.918626
v -1.217241 0.364582 -0.910349
v -1.164041 0.354453 -0.894713
v -1.089641 0.385953 -0.874942
v -1.128841 0.388954 -0.888590
v -1.119941 0.346537 -0.880952
v -1.080341 0.341134 -0.865641
v -1.011641 0.395902 -0.837798
v -1.052541 0.387392 -0.858429
v -1.040541 0.338445 -0.848769
v -0.995541 0.343866 -0.828418
v -1.204141 0.327791 -0.995541
v -1.226041 0.322060 -0.978046
v -1.215841 0.302323 -0.964274
v -1.184941 0.312148 -0.976421
v -1.171441 0.291741 -0.964892
v -1.203541 0.283006 -0.957690
v -1.196841 0.267880 -0.955969
v -1.169741 0.269745 -0.958765
v -1.275141 0.350367 -0.968778
v -1.266641 0.341908 -0.930306
v -1.277041 0.313377 -0.927165
v -1.265941 0.326763 -0.964248
v -1.220641 0.330489 -0.909737
v -1.165841 0.319348 -0.895663
v -1.173341 0.286638 -0.901582
v -1.230641 0.298878 -0.912186
v -1.119141 0.309154 -0.880633
v -1.076041 0.299982 -0.864240
v -1.123441 0.274090 -0.883984
v -1.075841 0.261359 -0.866698
v -0.985341 0.293419 -0.825657
v -1.032041 0.292337 -0.846556
v -1.028141 0.249458 -0.848161
v -0.985341 0.246466 -0.822692
v -1.055441 0.169746 -0.822869
v -1.035341 0.210850 -0.840600
v -0.996241 0.200578 -0.813954
v -1.016741 0.152608 -0.798727
v -1.098141 0.184029 -0.849581
v -1.080941 0.224136 -0.863965
v -1.131241 0.238957 -0.882732
v -1.185041 0.253290 -0.900025
v -1.147841 0.198008 -0.872805
v -1.204141 0.214661 -0.890363
v -1.204841 0.227773 -0.970735
v -1.202341 0.215406 -0.987084
v -1.244741 0.200968 -0.997144
v -1.257641 0.220896 -0.971337
v -1.220741 0.249569 -0.958041
v -1.187341 0.246209 -0.960542
v -1.294441 0.183093 -1.013515
v -1.311741 0.193515 -0.984457
v -1.245841 0.262671 -0.954270
v -1.261241 0.281258 -0.951782
v -1.317841 0.250736 -0.930025
v -1.292341 0.236199 -0.955517
v -1.262941 0.303371 -0.954797
v -1.291441 0.286811 -0.926815
v -1.267241 0.233435 -0.903089
v -1.245441 0.267826 -0.910495
v -1.358541 0.210814 -0.939371
v -1.334741 0.205051 -0.960744
v -1.371741 0.175238 -0.975108
v -1.392741 0.182952 -0.951117
v -1.381041 0.057524 -1.007431
v -1.381641 0.067120 -1.022497
v -1.409641 0.108757 -1.011649
v -1.423241 0.103840 -0.984089
v -1.400241 0.146287 -0.993929
v -1.418441 0.149591 -0.968192
v -1.390841 0.042105 -0.988699
v -1.413541 0.018270 -0.987087
v -1.443241 0.074794 -0.975569
v -1.466741 0.052489 -0.981280
v -1.491741 0.032799 -1.000863
v -1.435641 -0.004955 -1.002769
v -1.446441 -0.022605 -1.031548
v -1.520341 0.018932 -1.036132
v -1.432641 -0.021938 -1.066969
v -1.497141 0.011169 -1.083265
v -1.553441 0.038091 -1.106834
v -1.578541 0.040214 -1.066041
v -1.602141 0.057736 -1.131029
v -1.623041 0.057534 -1.089871
v -1.643241 0.070425 -1.149320
v -1.660941 0.068068 -1.107286
v -1.692541 0.074740 -1.120319
v -1.677641 0.079528 -1.162812
v -1.706441 0.087146 -1.173185
v -1.718541 0.080139 -1.130421
v -1.743141 0.083512 -1.138438
v -1.732941 0.093714 -1.181015
v -1.770641 0.084608 -1.145185
v -1.760841 0.097476 -1.187106
v -1.791941 0.098231 -1.193172
v -1.801941 0.083807 -1.152044
v -1.837641 0.081367 -1.160000
v -1.827241 0.095075 -1.200870
v -1.866741 0.088366 -1.209476
v -1.876941 0.078440 -1.168185
v -1.918441 0.078766 -1.175478
v -1.909941 0.083060 -1.216397
v -1.962241 0.084960 -1.176919
v -1.957541 0.078744 -1.217952
v -1.408041 0.175874 -0.876302
v -1.412841 0.190086 -0.920648
v -1.378441 0.205419 -0.917348
v -1.354841 0.208668 -0.899228
v -1.272941 0.113694 -0.842472
v -1.338141 0.146645 -0.852667
v -1.300341 0.192338 -0.880348
v -1.234841 0.166100 -0.868459
v -1.173041 0.073702 -0.802638
v -1.218341 0.089624 -0.826550
v -1.178741 0.147351 -0.849320
v -1.131241 0.135036 -0.821992
v -1.091541 0.041586 -0.757034
v -1.131241 0.057732 -0.779631
v -1.087041 0.118109 -0.799742
v -1.046741 0.095395 -0.783039
v -1.445541 0.163754 -0.939717
v -1.473141 0.165265 -0.902165
v -1.512941 0.143552 -0.928277
v -1.472441 0.130465 -0.954585
v -1.494541 0.104771 -0.962297
v -1.515341 0.085154 -0.972860
v -1.536241 0.122000 -0.945163
v -1.553841 0.105506 -0.959450
v -1.574941 0.094454 -0.976023
v -1.539241 0.069369 -0.990711
v -1.567941 0.062149 -1.012871
v -1.599641 0.091217 -0.994343
v -1.627641 0.090830 -1.009992
v -1.604541 0.064778 -1.033853
v -1.642541 0.071365 -1.052300
v -1.656841 0.093714 -1.023347
v -1.685041 0.099124 -1.033648
v -1.675141 0.078906 -1.066484
v -1.703541 0.085367 -1.077626
v -1.712341 0.101511 -1.041923
v -1.762541 0.098071 -1.056749
v -1.753141 0.092008 -1.095269
v -1.728341 0.090026 -1.087070
v -1.737441 0.100851 -1.049475
v -1.819441 0.086702 -1.073040
v -1.811641 0.085637 -1.111368
v -1.780841 0.090360 -1.103078
v -1.789641 0.093094 -1.064152
v -1.890141 0.076193 -1.098898
v -1.883941 0.075670 -1.131083
v -1.846441 0.079484 -1.120943
v -1.853541 0.079598 -1.085176
v -1.952341 0.077252 -1.123878
v -1.959641 0.082476 -1.144709
v -1.922441 0.075566 -1.141307
v -1.926641 0.074526 -1.113219
v -1.946841 0.071116 -1.073751
v -1.935641 0.072378 -1.091908
v -1.897441 0.072644 -1.072460
v -1.907741 0.070438 -1.050150
v -1.969141 0.078806 -1.112769
v -1.984041 0.079353 -1.096409
v -1.772841 0.085444 -1.013813
v -1.790741 0.077630 -1.008660
v -1.795341 0.087727 -1.032311
v -1.770041 0.093636 -1.028860
v -1.824441 0.081976 -1.038457
v -1.823541 0.071256 -0.999015
v -1.859441 0.077132 -1.053265
v -1.868941 0.071962 -1.026521
v -1.732441 0.088886 -0.995581
v -1.756141 0.086639 -1.005129
v -1.746241 0.097884 -1.022702
v -1.722341 0.101216 -1.014594
v -1.771341 0.078699 -0.990968
v -1.744841 0.083496 -0.977064
v -1.757241 0.081718 -0.958636
v -1.785541 0.075816 -0.975910
v -1.682941 0.085135 -0.975967
v -1.707841 0.088713 -0.985774
v -1.696641 0.100145 -1.006543
v -1.670841 0.094733 -0.997944
v -1.719341 0.084652 -0.964275
v -1.694741 0.081333 -0.952047
v -1.707541 0.079650 -0.928405
v -1.731541 0.083303 -0.942917
v -1.633541 0.076676 -0.952921
v -1.658441 0.080506 -0.965318
v -1.645341 0.089999 -0.987202
v -1.619941 0.087120 -0.973947
v -1.646641 0.069550 -0.926992
v -1.670841 0.075418 -0.939972
v -1.684341 0.072521 -0.914397
v -1.660941 0.064881 -0.900219
v -1.594541 0.087502 -0.958198
v -1.571141 0.092917 -0.941153
v -1.582841 0.075443 -0.921539
v -1.607541 0.074597 -0.937917
v -1.596941 0.061576 -0.896806
v -1.621441 0.064982 -0.912234
v -1.636441 0.058603 -0.885360
v -1.612341 0.052842 -0.870772
v -1.552741 0.103475 -0.924709
v -1.529941 0.116772 -0.903697
v -1.537241 0.080482 -0.887788
v -1.561641 0.077539 -0.905991
v -1.574741 0.057447 -0.882723
v -1.590141 0.046135 -0.857140
v -1.549841 0.052743 -0.867371
v -1.565641 0.038348 -0.842168
v -1.456241 0.074574 -0.841554
v -1.501241 0.081964 -0.865163
v -1.489541 0.126695 -0.876372
v -1.434841 0.122864 -0.850251
v -1.516841 0.046937 -0.848578
v -1.478341 0.037250 -0.826806
v -1.499041 0.019490 -0.802301
v -1.535141 0.029159 -0.823773
v -1.374041 0.097009 -0.832930
v -1.314541 0.061492 -0.823386
v -1.354441 0.017944 -0.804996
v -1.405841 0.051404 -0.820470
v -1.434041 0.017193 -0.804138
v -1.387741 -0.009364 -0.781649
v -1.413141 -0.018191 -0.750611
v -1.457041 0.004590 -0.777027
v -1.263041 0.032806 -0.809035
v -1.217441 0.012325 -0.787694
v -1.261941 -0.038737 -0.765836
v -1.307641 -0.009894 -0.784585
v -1.343041 -0.034800 -0.757793
v -1.298041 -0.060963 -0.733478
v -1.325041 -0.068049 -0.697931
v -1.369741 -0.042556 -0.724489
v -1.174141 -0.001934 -0.761381
v -1.132641 -0.014021 -0.734541
v -1.168241 -0.067726 -0.713739
v -1.213641 -0.056092 -0.741407
v -1.250441 -0.088641 -0.708951
v -1.201041 -0.108110 -0.684345
v -1.230741 -0.123075 -0.642547
v -1.278241 -0.096208 -0.670327
v -1.100041 0.784522 -0.545725
v -1.095341 0.783302 -0.557416
v -1.069341 0.762532 -0.543103
v -1.074341 0.765855 -0.529687
v -1.070941 0.751968 -0.557745
v -1.095341 0.776749 -0.572123
v -0.974841 0.668505 -0.499115
v -0.975141 0.678229 -0.483821
v -0.950041 0.650583 -0.468408
v -0.946341 0.643237 -0.483262
v -1.009341 0.708962 -0.505765
v -1.009541 0.696884 -0.520195
v -1.013741 0.715826 -0.491240
v -0.978341 0.683285 -0.469202
v -0.956041 0.653600 -0.454909
v -1.017241 0.633224 -0.579310
v -1.007541 0.619253 -0.597356
v -1.048241 0.648518 -0.619887
v -1.061141 0.660750 -0.602944
v -1.031441 0.634422 -0.642648
v -0.993241 0.604846 -0.621638
v -1.055641 0.658924 -0.664255
v -1.071741 0.674528 -0.645012
v -1.091041 0.695831 -0.634151
v -1.040441 0.738221 -0.526494
v -1.045541 0.743453 -0.511463
v -1.041941 0.725667 -0.541352
v -1.049741 0.709172 -0.555638
v -1.079141 0.736177 -0.573794
v -1.013641 0.681880 -0.534294
v -1.017941 0.665597 -0.548769
v -1.058041 0.692026 -0.570764
v -1.087741 0.719676 -0.591386
v -0.975741 0.655985 -0.514571
v -0.943941 0.633026 -0.498784
v -0.976641 0.641446 -0.529746
v -0.941841 0.620106 -0.514265
v -1.062641 0.676335 -0.586807
v -1.091741 0.706222 -0.609702
v -1.019641 0.649343 -0.563743
v -0.965241 0.591461 -0.579447
v -0.952541 0.575016 -0.603147
v -0.973041 0.608104 -0.560844
v -0.935841 0.586905 -0.546056
v -0.928841 0.568765 -0.564746
v -0.917141 0.550787 -0.587935
v -0.976241 0.625204 -0.544919
v -0.939641 0.604481 -0.529703
v -0.955141 0.483698 -0.788892
v -0.922041 0.448101 -0.772841
v -0.962941 0.415127 -0.808527
v -0.988341 0.457502 -0.822277
v -0.942141 0.363925 -0.799699
v -0.885741 0.399467 -0.758254
v -1.059441 0.680309 -0.685644
v -1.072341 0.695575 -0.672631
v -1.055641 0.715203 -0.696526
v -1.046341 0.699223 -0.704172
v -1.083941 0.713251 -0.671698
v -1.064241 0.732966 -0.698794
v -1.085241 0.642336 -0.851743
v -1.127441 0.640969 -0.879770
v -1.126541 0.663410 -0.884969
v -1.076641 0.664949 -0.854728
v -1.080141 0.623991 -0.851513
v -1.114041 0.621043 -0.885042
v -1.093341 0.703766 -0.927587
v -1.117741 0.689290 -0.899284
v -1.069741 0.695774 -0.879973
v -1.042741 0.710673 -0.908652
v -1.056241 0.714818 -0.955590
v -1.003041 0.722978 -0.934077
v -0.907441 0.757120 -0.928676
v -0.955841 0.735970 -0.909578
v -0.924041 0.750548 -0.886488
v -0.862541 0.777046 -0.894255
v -0.965641 0.737494 -0.870522
v -1.000141 0.723259 -0.889185
v -1.027041 0.706878 -0.864298
v -0.989741 0.722552 -0.847956
v -0.999841 0.709830 -0.822254
v -1.036141 0.689742 -0.836751
v -1.003041 0.708032 -0.794913
v -1.033941 0.685738 -0.802526
v -1.028341 0.691840 -0.768111
v -1.003641 0.714049 -0.769318
v -1.047841 0.671125 -0.763312
v -1.056941 0.664403 -0.805977
v -1.026041 0.703290 -0.739495
v -1.042641 0.682877 -0.727866
v -1.005741 0.724621 -0.747965
v -1.028041 0.718794 -0.720257
v -1.010141 0.738872 -0.734710
v -1.035041 0.735608 -0.714867
v -1.043741 0.754139 -0.719994
v -1.017041 0.754216 -0.733313
v -1.024141 0.770778 -0.742462
v -1.030741 0.791289 -0.759194
v -1.005341 0.814511 -0.767453
v -1.000841 0.789617 -0.754583
v -0.975541 0.810755 -0.746035
v -0.980841 0.842150 -0.755319
v -0.999141 0.771804 -0.748011
v -0.995141 0.757940 -0.745616
v -0.980941 0.770788 -0.747770
v -0.977241 0.786720 -0.746138
v -1.010041 0.525433 -0.817405
v -0.984941 0.508233 -0.804186
v -1.012241 0.488579 -0.834685
v -1.034141 0.510026 -0.843449
v -0.877041 0.512792 -0.655968
v -0.872441 0.466301 -0.705465
v -0.914341 0.490124 -0.720600
v -0.912441 0.540512 -0.677787
v -0.943941 0.523955 -0.749275
v -0.959141 0.569751 -0.706731
v -0.899841 0.532678 -0.617442
v -0.934441 0.558521 -0.634563
v -0.975541 0.590457 -0.656537
v -0.994041 0.564659 -0.772139
v -0.979241 0.568314 -0.748987
v -0.973041 0.538569 -0.771360
v -0.997141 0.547094 -0.790395
v -1.014741 0.617444 -0.679502
v -1.042641 0.641812 -0.698813
v -1.002941 0.601761 -0.719685
v -1.038941 0.624247 -0.747921
v -1.054341 0.649929 -0.755435
v -1.064541 0.644045 -0.803861
v -1.058841 0.624426 -0.804106
v -1.050341 0.663891 -0.714952
v -1.089141 0.603489 -0.888071
v -1.068341 0.581071 -0.883271
v -1.067041 0.605582 -0.851887
v -1.054441 0.586362 -0.850406
v -1.046041 0.568865 -0.847522
v -1.056841 0.559229 -0.876334
v -1.051741 0.540324 -0.866520
v -1.039041 0.553477 -0.837904
v -1.047641 0.525743 -0.853549
v -1.028241 0.539452 -0.827605
v -1.031441 0.567914 -0.814121
v -1.040041 0.575414 -0.825903
v -1.043241 0.588864 -0.819508
v -1.029641 0.584533 -0.795119
v -1.017041 0.557577 -0.803506
v -1.009641 0.575573 -0.778914
v -1.002741 0.589330 -0.752065
v -1.030541 0.602087 -0.774960
v -1.049541 0.606519 -0.811364
v -0.839241 0.969923 -0.977342
v -0.855841 0.920787 -1.002151
v -0.808641 0.936844 -0.978674
v -0.795241 0.986536 -0.958240
v -0.846241 1.032926 -0.896728
v -0.837641 1.012028 -0.941925
v -0.796741 1.031718 -0.925749
v -0.807141 1.058522 -0.883913
v -0.822741 1.035505 -0.802017
v -0.820141 1.057904 -0.840776
v -0.858341 1.025456 -0.851187
v -0.861441 0.996844 -0.812390
v -0.818741 0.996918 -0.738260
v -0.822141 1.016115 -0.768491
v -0.864141 0.976662 -0.777308
v -0.863941 0.955892 -0.745866
v -0.979041 0.735642 -0.765151
v -0.953341 0.759698 -0.756833
v -0.968741 0.766612 -0.750018
v -0.987341 0.745389 -0.751959
v -0.929041 0.748933 -0.790318
v -0.939841 0.751466 -0.770236
v -0.971841 0.728025 -0.783927
v -0.964741 0.727963 -0.806870
v -0.892341 0.836221 -0.734429
v -0.901941 0.885231 -0.734871
v -0.945241 0.862067 -0.744739
v -0.941141 0.823606 -0.739675
v -0.925741 0.790760 -0.746703
v -0.951241 0.792328 -0.744408
v -0.781641 0.938182 -0.713645
v -0.803141 0.968352 -0.717391
v -0.852541 0.921906 -0.724814
v -0.833841 0.886991 -0.722146
v -0.939941 0.750343 -0.853844
v -0.955941 0.738724 -0.831584
v -0.921241 0.756958 -0.814491
v -0.907941 0.767025 -0.839346
v -0.905341 0.782441 -0.755203
v -0.864941 0.820575 -0.740953
v -0.890441 0.776323 -0.772189
v -0.847641 0.810810 -0.755548
v -0.799041 0.852272 -0.743408
v -0.815241 0.864944 -0.728844
v -0.748541 0.900163 -0.735000
v -0.763141 0.915701 -0.719767
v -0.914741 0.758664 -0.869385
v -0.882641 0.773616 -0.863002
v -0.881941 0.781088 -0.795451
v -0.869641 0.789986 -0.820875
v -0.838741 0.812229 -0.778104
v -0.827041 0.819607 -0.803216
v -0.781441 0.855238 -0.790716
v -0.791741 0.850896 -0.766127
v -0.744641 0.896326 -0.758463
v -0.736941 0.897591 -0.781829
v -0.790741 0.856945 -0.936465
v -0.834741 0.830616 -0.962445
v -0.810741 0.867333 -0.968513
v -0.774641 0.895376 -0.944436
v -0.789541 0.906858 -0.967806
v -0.766041 0.920471 -0.952185
v -0.867841 0.792875 -0.947422
v -0.820341 0.816686 -0.919485
v -0.808641 0.810037 -0.874296
v -0.843341 0.797058 -0.847608
v -0.800441 0.827277 -0.829914
v -0.766841 0.842271 -0.856785
v -0.729041 0.879406 -0.842594
v -0.756541 0.861030 -0.816121
v -0.716941 0.903960 -0.805097
v -0.698241 0.924920 -0.829516
v -0.756041 1.004649 -0.933942
v -0.769841 0.955010 -0.955275
v -0.742441 0.958902 -0.941324
v -0.715941 1.021843 -0.919614
v -0.753341 0.888680 -0.917280
v -0.777941 0.845220 -0.898684
v -0.740241 0.878305 -0.882025
v -0.722641 0.924976 -0.900734
v -0.741741 0.932459 -0.927643
v -0.715341 0.973653 -0.910911
v -0.698041 0.964003 -0.882927
v -0.707741 0.916075 -0.866696
v -0.684141 0.960299 -0.850387
v -0.678441 1.004077 -0.864156
v -0.691641 1.058707 -0.890514
v -0.695141 1.011219 -0.890384
v -0.676241 1.046243 -0.869205
v -0.670641 1.088758 -0.869925
v -0.768141 1.090014 -0.870854
v -0.756741 1.054732 -0.906473
v -0.721841 1.085149 -0.893876
v -0.733441 1.124124 -0.859744
v -0.781841 1.097163 -0.832070
v -0.786841 1.082761 -0.794747
v -0.750641 1.126146 -0.789807
v -0.744841 1.134848 -0.823857
v -0.703441 1.150406 -0.848391
v -0.694541 1.111022 -0.877238
v -0.669641 1.136913 -0.860900
v -0.675241 1.173124 -0.836045
v -0.784041 1.063881 -0.763095
v -0.778241 1.045189 -0.734637
v -0.742241 1.091832 -0.734014
v -0.748741 1.109498 -0.760328
v -0.718641 1.158704 -0.784699
v -0.713041 1.163742 -0.816058
v -0.690741 1.183152 -0.779664
v -0.684341 1.186694 -0.807705
v -0.759341 1.020715 -0.715232
v -0.735641 0.994973 -0.711828
v -0.697741 1.048720 -0.716199
v -0.721841 1.070469 -0.718134
v -0.684241 1.157483 -0.736387
v -0.691641 1.172884 -0.754820
v -0.718541 1.145384 -0.757329
v -0.711641 1.128716 -0.734363
v -0.667441 1.012321 -0.737860
v -0.678741 1.029480 -0.722934
v -0.716641 0.973484 -0.717792
v -0.702841 0.956390 -0.732114
v -0.676741 0.985566 -0.771980
v -0.670541 0.999930 -0.757216
v -0.703241 0.949500 -0.754755
v -0.699141 0.948095 -0.775271
v -0.691941 1.109306 -0.722775
v -0.669441 1.090639 -0.722164
v -0.646641 1.123838 -0.728037
v -0.667041 1.140345 -0.727673
v -0.674841 0.979097 -0.815531
v -0.685741 0.957289 -0.795470
v -0.664341 1.006508 -0.784078
v -0.656141 1.028599 -0.800417
v -0.649941 1.073201 -0.730596
v -0.641941 1.055971 -0.749433
v -0.623441 1.094010 -0.767845
v -0.627641 1.108378 -0.739458
v -0.640341 1.061578 -0.783664
v -0.650041 1.037343 -0.768352
v -0.661641 1.043575 -0.844118
v -0.666441 1.008534 -0.832442
v -0.650941 1.048894 -0.815158
v -0.644241 1.075110 -0.823242
v -0.646741 1.118643 -0.849947
v -0.656441 1.080209 -0.848788
v -0.636141 1.107271 -0.826771
v -0.623741 1.142463 -0.827319
v -0.629441 1.092971 -0.798057
v -0.638641 1.071766 -0.798595
v -0.604241 1.154206 -0.800288
v -0.617541 1.121892 -0.799271
v -0.606741 1.130258 -0.771035
v -0.592741 1.159865 -0.773712
v -0.609241 1.138829 -0.746293
v -0.594241 1.166009 -0.752017
v -0.608141 1.175873 -0.740822
v -0.625941 1.151647 -0.734224
v -0.581841 1.187486 -0.776706
v -0.582641 1.191134 -0.758562
v -0.577341 1.204979 -0.779490
v -0.576541 1.212765 -0.765311
v -0.586641 1.212822 -0.754289
v -0.593941 1.198343 -0.748224
v -0.643641 1.165993 -0.732885
v -0.623141 1.187876 -0.738818
v -0.658941 1.180783 -0.739133
v -0.636641 1.200382 -0.743697
v -0.645041 1.210061 -0.756755
v -0.666641 1.193373 -0.754023
v -0.665941 1.201874 -0.774362
v -0.649441 1.213203 -0.771096
v -0.592441 1.186926 -0.799677
v -0.613141 1.181837 -0.824016
v -0.612941 1.219081 -0.803107
v -0.586441 1.214739 -0.792242
v -0.645341 1.196149 -0.822077
v -0.640941 1.163285 -0.844233
v -0.635641 1.221712 -0.784722
v -0.656941 1.206651 -0.797823
v -0.625441 1.225665 -0.766661
v -0.617341 1.218090 -0.751877
v -0.605441 1.228880 -0.759962
v -0.605641 1.233348 -0.776429
v -0.585641 1.230813 -0.774173
v -0.593541 1.223760 -0.756354
v -0.606041 1.207868 -0.746665
v -1.336341 0.860317 -0.838200
v -1.353141 0.869537 -0.805707
v -1.328341 0.862394 -0.794905
v -1.312841 0.860038 -0.831706
v -1.335441 0.882520 -0.775899
v -1.359041 0.889303 -0.787423
v -1.292241 0.862239 -0.754546
v -1.313541 0.872953 -0.764738
v -1.312641 0.855572 -0.777574
v -1.294141 0.844658 -0.769096
v -1.248741 0.857603 -0.904872
v -1.270041 0.853419 -0.865850
v -1.245741 0.850325 -0.862625
v -1.224941 0.855867 -0.899164
v -1.287341 0.854670 -0.832420
v -1.299641 0.851896 -0.807239
v -1.275041 0.841395 -0.812661
v -1.261741 0.847088 -0.834666
v -1.285541 0.838191 -0.790410
v -1.302241 0.848649 -0.791101
v -1.199841 0.854913 -0.891406
v -1.221041 0.848061 -0.856447
v -1.196541 0.847378 -0.846470
v -1.175141 0.855574 -0.880449
v -1.271941 0.850599 -0.743907
v -1.251941 0.839064 -0.731659
v -1.253041 0.822116 -0.750179
v -1.274141 0.833340 -0.760542
v -1.236841 0.839737 -0.832291
v -1.250741 0.831629 -0.811829
v -1.226841 0.821379 -0.806118
v -1.212441 0.833028 -0.825471
v -1.243241 0.814477 -0.778874
v -1.265341 0.826741 -0.786471
v -1.172841 0.845585 -0.832951
v -1.151441 0.856701 -0.865458
v -1.148841 0.837053 -0.818925
v -1.128641 0.856890 -0.846414
v -1.231141 0.829264 -0.716505
v -1.208441 0.820890 -0.700066
v -1.208941 0.801211 -0.719848
v -1.231641 0.811387 -0.736282
v -1.203541 0.808252 -0.797469
v -1.188541 0.823565 -0.816107
v -1.164141 0.809335 -0.805720
v -1.180141 0.791455 -0.786030
v -1.221641 0.800406 -0.767776
v -1.199541 0.784510 -0.752878
v -1.105341 0.851027 -0.824920
v -1.085441 0.836736 -0.803217
v -1.123741 0.823159 -0.804010
v -1.102541 0.807511 -0.784791
v -1.155941 0.776658 -0.769365
v -1.139041 0.793691 -0.791709
v -1.117841 0.781255 -0.770899
v -1.135041 0.768656 -0.748997
v -1.084941 0.768664 -0.728561
v -1.072741 0.753227 -0.709530
v -1.053041 0.773077 -0.735516
v -1.061841 0.793328 -0.756370
v -1.089641 0.789404 -0.761207
v -1.071441 0.816116 -0.779479
v -1.122241 0.764916 -0.729582
v -1.106041 0.771352 -0.747136
v -1.104341 0.763922 -0.721125
v -1.116841 0.762790 -0.715482
v -1.183141 0.812810 -0.683509
v -1.159341 0.803344 -0.668936
v -1.160041 0.787634 -0.688086
v -1.183541 0.793695 -0.702657
v -1.175041 0.773330 -0.734700
v -1.152841 0.768721 -0.717539
v -1.093741 0.735010 -0.680643
v -1.103641 0.751442 -0.691002
v -1.116341 0.751025 -0.661577
v -1.106541 0.729414 -0.650018
v -1.108041 0.747786 -0.609577
v -1.102241 0.762644 -0.589576
v -1.119741 0.788575 -0.604789
v -1.124041 0.774467 -0.629053
v -1.114241 0.758095 -0.693418
v -1.125441 0.762909 -0.695241
v -1.131541 0.770905 -0.670933
v -1.123941 0.762421 -0.668023
v -1.109441 0.735752 -0.628211
v -1.119841 0.757885 -0.641843
v -1.130541 0.776391 -0.651680
v -1.125441 0.767083 -0.651823
v -1.138541 0.799714 -0.639398
v -1.141541 0.790182 -0.657986
v -1.142941 0.779811 -0.677624
v -1.135541 0.813052 -0.619085
v -1.136741 0.766418 -0.703851
v -2.304141 0.018108 -1.342502
v -2.331741 0.014593 -1.335495
v -2.314341 0.005080 -1.320124
v -2.298241 0.008876 -1.328517
v -2.328141 0.003987 -1.306565
v -2.349941 0.013272 -1.319745
v -2.270141 0.022853 -1.341423
v -2.230941 0.030889 -1.333240
v -2.239741 0.022631 -1.306777
v -2.275441 0.011809 -1.320432
v -2.286941 0.006354 -1.304222
v -2.252041 0.019626 -1.286217
v -2.264541 0.018741 -1.267637
v -2.299141 0.004052 -1.288831
v -2.147641 0.063763 -1.299264
v -2.189041 0.046086 -1.317327
v -2.198141 0.040889 -1.288381
v -2.153341 0.058354 -1.270130
v -2.106641 0.072411 -1.286137
v -2.108141 0.062146 -1.256185
v -2.061941 0.068050 -1.204653
v -2.112941 0.061615 -1.217951
v -2.066041 0.096675 -1.145983
v -2.125641 0.067782 -1.182932
v -2.176941 0.058674 -1.213916
v -2.163041 0.057777 -1.241415
v -2.009741 0.075259 -1.209741
v -2.008141 0.093754 -1.167991
v -2.017541 0.093544 -1.116415
v -1.993341 0.091388 -1.136074
v -2.210541 0.040510 -1.264762
v -2.224441 0.041539 -1.242965
v -1.942841 0.635847 -0.757861
v -1.952741 0.618841 -0.756551
v -1.943541 0.616548 -0.734447
v -1.936441 0.634329 -0.735311
v -1.961041 0.599640 -0.753667
v -1.949141 0.596131 -0.733036
v -1.934541 0.597319 -0.712231
v -1.930141 0.615093 -0.714699
v -1.924941 0.632328 -0.716496
v -1.899441 0.627686 -0.690222
v -1.911041 0.629808 -0.700816
v -1.913841 0.614512 -0.697904
v -1.894841 0.616619 -0.685961
v -1.914941 0.599751 -0.693858
v -1.889341 0.600894 -0.682572
v -1.943741 0.673621 -0.747740
v -1.938241 0.655984 -0.754480
v -1.932441 0.653696 -0.734179
v -1.935841 0.670909 -0.728766
v -1.921541 0.650155 -0.716456
v -1.922341 0.666312 -0.711805
v -1.891541 0.636549 -0.685898
v -1.906841 0.644888 -0.700035
v -1.903541 0.658848 -0.695513
v -1.882741 0.647879 -0.680928
v -1.877241 0.623892 -0.676721
v -1.862941 0.633472 -0.669249
v -1.863241 0.607703 -0.673960
v -1.843141 0.618506 -0.663412
v -1.968341 0.603374 -0.774685
v -1.989641 0.600176 -0.766257
v -1.981841 0.594736 -0.741733
v -1.989541 0.607085 -0.790195
v -1.972941 0.608952 -0.789584
v -2.019141 0.602757 -0.789846
v -2.014641 0.598283 -0.754447
v -2.006741 0.591072 -0.725318
v -1.968641 0.589765 -0.718383
v -1.949941 0.588798 -0.696702
v -1.991841 0.583048 -0.699443
v -1.969741 0.578776 -0.676052
v -1.924241 0.587895 -0.679526
v -1.939041 0.575876 -0.657289
v -1.902641 0.573573 -0.645303
v -1.893241 0.587799 -0.667611
v -1.859541 0.592123 -0.661047
v -1.830941 0.601650 -0.656083
v -1.864941 0.577581 -0.636755
v -1.823441 0.584442 -0.632447
v -1.905241 0.671337 -0.684666
v -1.912841 0.675336 -0.669106
v -1.938241 0.684079 -0.686726
v -1.928641 0.677984 -0.700705
v -1.880041 0.659503 -0.670732
v -1.884641 0.663679 -0.654762
v -1.834441 0.628781 -0.650691
v -1.856241 0.643600 -0.659141
v -1.831141 0.639521 -0.637341
v -1.856641 0.650600 -0.643506
v -1.803141 0.603388 -0.639554
v -1.818141 0.615595 -0.646153
v -1.796741 0.622407 -0.629026
v -1.813141 0.630479 -0.633462
v -1.781341 0.593274 -0.629326
v -1.775341 0.614616 -0.622569
v -1.792141 0.574149 -0.612313
v -1.754641 0.587930 -0.616717
v -1.761341 0.570038 -0.596827
v -1.749741 0.608500 -0.615614
v -1.720541 0.583615 -0.613162
v -1.718741 0.604514 -0.614245
v -1.724041 0.566265 -0.590536
v -1.683141 0.562501 -0.591257
v -1.682741 0.580237 -0.618769
v -1.684941 0.604752 -0.620041
v -1.614641 0.625007 -0.616954
v -1.649941 0.612719 -0.624383
v -1.641941 0.583611 -0.625083
v -1.601641 0.595251 -0.620296
v -1.640441 0.564878 -0.592520
v -1.601141 0.575692 -0.585578
v -2.078241 0.609761 -0.825699
v -2.092241 0.607042 -0.810031
v -2.071541 0.605383 -0.786788
v -2.049941 0.606414 -0.807864
v -2.105541 0.599283 -0.800667
v -2.093141 0.598588 -0.773362
v -2.053641 0.598233 -0.763866
v -2.081241 0.591921 -0.746705
v -2.044841 0.591051 -0.735237
v -2.036141 0.582448 -0.704586
v -2.073841 0.581744 -0.718251
v -2.063341 0.567038 -0.689460
v -2.018441 0.569168 -0.677916
v -1.991341 0.556845 -0.655597
v -2.042541 0.549132 -0.662459
v -2.011341 0.532823 -0.638770
v -1.954541 0.549148 -0.637014
v -1.968741 0.521978 -0.619470
v -1.924441 0.516970 -0.600630
v -1.914241 0.547081 -0.620506
v -1.876241 0.551591 -0.605117
v -1.885841 0.517077 -0.581891
v -1.850741 0.518059 -0.562702
v -1.840241 0.554556 -0.590720
v -1.806241 0.550551 -0.573624
v -1.771741 0.547575 -0.555267
v -1.816241 0.516205 -0.541273
v -1.780141 0.515016 -0.519205
v -1.731641 0.546276 -0.543322
v -1.688541 0.545116 -0.537179
v -1.738741 0.515745 -0.500831
v -1.693941 0.517382 -0.487713
v -1.645641 0.550532 -0.532155
v -1.649441 0.523000 -0.477568
v -1.606441 0.563642 -0.521672
v -1.606341 0.532088 -0.465117
v -2.116441 0.591056 -0.798744
v -2.107941 0.585558 -0.771519
v -2.113641 0.571655 -0.780445
v -2.121041 0.580760 -0.804254
v -2.104741 0.559532 -0.758115
v -2.099541 0.576607 -0.745196
v -2.091941 0.563428 -0.718520
v -2.095141 0.544131 -0.736276
v -2.084241 0.522896 -0.708868
v -2.081141 0.547038 -0.690027
v -2.029941 0.482317 -0.650437
v -2.025441 0.507339 -0.632947
v -2.059841 0.526754 -0.660060
v -2.064641 0.506403 -0.671767
v -2.065541 0.495154 -0.681540
v -2.052841 0.478966 -0.678780
v -2.072941 0.497353 -0.705453
v -2.064641 0.479768 -0.699368
v -1.927741 0.467461 -0.601920
v -1.929341 0.489679 -0.593009
v -1.978041 0.495479 -0.611703
v -1.976941 0.472738 -0.623650
v -1.888041 0.487859 -0.575586
v -1.852441 0.487556 -0.554968
v -1.885041 0.466581 -0.583441
v -1.848341 0.465661 -0.562559
v -1.818641 0.486343 -0.530798
v -1.783641 0.485719 -0.504690
v -1.814441 0.463821 -0.537924
v -1.779541 0.461987 -0.511686
v -1.694041 0.465508 -0.470811
v -1.697241 0.490866 -0.464220
v -1.742841 0.487530 -0.480843
v -1.738841 0.462001 -0.487945
v -1.871941 0.689275 -0.640243
v -1.881041 0.675521 -0.644854
v -1.849441 0.665564 -0.637322
v -1.841541 0.680545 -0.633141
v -1.821741 0.657291 -0.634600
v -1.814441 0.675544 -0.629827
v -1.857941 0.699152 -0.610416
v -1.863541 0.696920 -0.625372
v -1.838741 0.689066 -0.617817
v -1.841041 0.695133 -0.599933
v -1.815741 0.684224 -0.610387
v -1.820841 0.691960 -0.588498
v -1.801841 0.651273 -0.632748
v -1.793341 0.673777 -0.628728
v -1.784941 0.645725 -0.628665
v -1.775041 0.670578 -0.625409
v -1.797041 0.681672 -0.604426
v -1.804041 0.688746 -0.578068
v -1.780141 0.679379 -0.597748
v -1.788641 0.685215 -0.567356
v -1.831741 0.722521 -0.552654
v -1.826041 0.705432 -0.570482
v -1.808441 0.703728 -0.556758
v -1.812741 0.722093 -0.535049
v -1.792341 0.702071 -0.543832
v -1.794841 0.723372 -0.520950
v -1.765741 0.638511 -0.621774
v -1.757441 0.663481 -0.617109
v -1.743441 0.632201 -0.614930
v -1.739441 0.657054 -0.608269
v -1.753741 0.681677 -0.542821
v -1.758141 0.701648 -0.514307
v -1.775441 0.701460 -0.529944
v -1.771441 0.683346 -0.555946
v -1.777341 0.724882 -0.505636
v -1.759741 0.727013 -0.488983
v -1.762341 0.676463 -0.589003
v -1.744841 0.672468 -0.578920
v -1.716841 0.629383 -0.612992
v -1.717841 0.654690 -0.602096
v -1.688141 0.632529 -0.615412
v -1.694641 0.658392 -0.596871
v -1.659441 0.642437 -0.613531
v -1.672341 0.664303 -0.584906
v -1.629341 0.655078 -0.601873
v -1.647941 0.673635 -0.568033
v -1.726041 0.668726 -0.568019
v -1.735441 0.682135 -0.528369
v -1.706241 0.669558 -0.556551
v -1.717541 0.684361 -0.513314
v -1.740341 0.703639 -0.496961
v -1.741241 0.730767 -0.470934
v -1.722941 0.707128 -0.479528
v -1.723541 0.734796 -0.452467
v -1.687541 0.672700 -0.541742
v -1.701141 0.685805 -0.496902
v -1.666441 0.678872 -0.523952
v -1.682441 0.689300 -0.479568
v -1.706941 0.710446 -0.462605
v -1.708041 0.738543 -0.434318
v -1.689341 0.713935 -0.445172
v -1.691041 0.742291 -0.416168
v -1.639741 0.689114 -0.503820
v -1.658841 0.694891 -0.460409
v -1.617841 0.687132 -0.547010
v -1.584341 0.696995 -0.520389
v -1.608541 0.697075 -0.478913
v -1.630041 0.698911 -0.436634
v -1.667641 0.717325 -0.426042
v -1.669341 0.745980 -0.397020
v -1.640541 0.718396 -0.401537
v -1.642241 0.746711 -0.371835
v -1.605341 0.716794 -0.368975
v -1.607141 0.744933 -0.337981
v -1.595041 0.697437 -0.404565
v -1.557841 0.697385 -0.371111
v -1.565041 0.719372 -0.335969
v -1.565041 0.749033 -0.305286
v -1.487041 0.707085 -0.310843
v -1.489141 0.733114 -0.271156
v -1.527841 0.724340 -0.304425
v -1.523241 0.700767 -0.341564
v -1.526941 0.754242 -0.271023
v -1.486541 0.764708 -0.235853
v -1.444941 0.745025 -0.231594
v -1.442841 0.776457 -0.191792
v -1.444141 0.717358 -0.274081
v -1.396941 0.730690 -0.236539
v -1.396541 0.762211 -0.193126
v -1.393841 0.795215 -0.152831
v -2.059341 0.467394 -0.719024
v -2.039841 0.464156 -0.694471
v -2.024641 0.451985 -0.719324
v -2.045441 0.453777 -0.748268
v -1.996941 0.457269 -0.691468
v -2.010841 0.466772 -0.668975
v -1.968741 0.463711 -0.644011
v -1.958741 0.458758 -0.665537
v -1.918141 0.450635 -0.639667
v -1.923541 0.456027 -0.618816
v -1.882441 0.453746 -0.596913
v -1.879341 0.446099 -0.615190
v -1.841441 0.444140 -0.591964
v -1.844641 0.452784 -0.575332
v -1.808941 0.451020 -0.551995
v -1.804241 0.443121 -0.569386
v -1.765541 0.441890 -0.548321
v -1.772141 0.449056 -0.528670
v -1.837441 0.440539 -0.612610
v -1.799741 0.439784 -0.589414
v -1.798041 0.426178 -0.606838
v -1.834441 0.429908 -0.632965
v -1.760041 0.421777 -0.581251
v -1.760441 0.438336 -0.568062
v -1.841541 0.771272 -0.505830
v -1.839541 0.740886 -0.529243
v -1.820041 0.741171 -0.506688
v -1.822641 0.773725 -0.477538
v -1.798941 0.746426 -0.492056
v -1.797941 0.779662 -0.462567
v -1.780541 0.749614 -0.476343
v -1.780041 0.782029 -0.444798
v -1.763341 0.751800 -0.458886
v -1.763841 0.782940 -0.426113
v -1.743341 0.756433 -0.442187
v -1.741141 0.787555 -0.412521
v -1.725041 0.760263 -0.423732
v -1.722441 0.790856 -0.395299
v -1.710641 0.763159 -0.404731
v -1.709541 0.793488 -0.375211
v -1.693241 0.767399 -0.386452
v -1.691441 0.797394 -0.356351
v -1.669741 0.772615 -0.367716
v -1.663841 0.803502 -0.339165
v -1.641141 0.774686 -0.341451
v -1.634041 0.807153 -0.310804
v -1.604341 0.775692 -0.307234
v -1.594141 0.812046 -0.277962
v -1.562241 0.779622 -0.271644
v -1.552841 0.817492 -0.239179
v -1.523341 0.785366 -0.234545
v -1.509941 0.827611 -0.204930
v -1.479341 0.799067 -0.201590
v -1.463941 0.841692 -0.173355
v -1.432941 0.814221 -0.160936
v -1.414641 0.858112 -0.138938
v -1.385541 0.832304 -0.122415
v -1.369341 0.875507 -0.104063
v -1.891841 0.863947 -0.538678
v -1.910441 0.809663 -0.540549
v -1.868141 0.814619 -0.510509
v -1.845841 0.868281 -0.504868
v -1.871641 0.766564 -0.531549
v -1.907641 0.762332 -0.560244
v -1.831941 0.819737 -0.484966
v -1.805041 0.870945 -0.478467
v -1.811941 0.826349 -0.454128
v -1.780441 0.879741 -0.449004
v -1.786341 0.829803 -0.436096
v -1.756341 0.881041 -0.426690
v -1.767541 0.830990 -0.416994
v -1.738541 0.881437 -0.404329
v -1.752441 0.831285 -0.396342
v -1.724641 0.883119 -0.381692
v -1.728041 0.832164 -0.385672
v -1.702741 0.879965 -0.368854
v -1.708741 0.834496 -0.370711
v -1.683341 0.880739 -0.356388
v -1.694541 0.838689 -0.351633
v -1.666241 0.884867 -0.339619
v -1.676541 0.843160 -0.330436
v -1.646941 0.891006 -0.317823
v -1.644741 0.847259 -0.314871
v -1.614041 0.891547 -0.301364
v -1.613841 0.853125 -0.284977
v -1.579641 0.898961 -0.275687
v -1.571741 0.860060 -0.254521
v -1.537041 0.907263 -0.246353
v -1.530641 0.869986 -0.215275
v -1.493541 0.919866 -0.211758
v -1.483141 0.881178 -0.185671
v -1.446041 0.930207 -0.181303
v -1.440341 0.895149 -0.150496
v -1.405641 0.946486 -0.146194
v -1.878341 0.919699 -0.675057
v -1.941641 0.898047 -0.647374
v -1.898141 0.906380 -0.598003
v -1.835541 0.922282 -0.628427
v -1.945741 0.862958 -0.574898
v -1.987441 0.854261 -0.624891
v -1.845941 0.903412 -0.557508
v -1.788641 0.916274 -0.585605
v -1.799741 0.907025 -0.521636
v -1.745041 0.915830 -0.548868
v -1.759241 0.906420 -0.492421
v -1.708041 0.914638 -0.516483
v -1.732941 0.913865 -0.463838
v -1.682241 0.920527 -0.486989
v -1.711441 0.915877 -0.438277
v -1.662141 0.924494 -0.460612
v -1.693541 0.917812 -0.414824
v -1.643341 0.927991 -0.438170
v -1.677741 0.921543 -0.392969
v -1.625341 0.930359 -0.418699
v -1.659241 0.920685 -0.376592
v -1.607741 0.929972 -0.401793
v -1.640541 0.919340 -0.363848
v -1.590141 0.929649 -0.385984
v -1.621841 0.920015 -0.347982
v -1.571641 0.931546 -0.368744
v -1.600341 0.923869 -0.328223
v -1.549941 0.932851 -0.349936
v -1.570341 0.923165 -0.309332
v -1.523041 0.933869 -0.329642
v -1.535941 0.930408 -0.285870
v -1.490141 0.941798 -0.307642
v -1.494741 0.941470 -0.257476
v -1.449441 0.952930 -0.282149
v -1.451041 0.955946 -0.225777
v -1.405841 0.967075 -0.253375
v -1.407241 0.968900 -0.193767
v -1.364841 0.983775 -0.222047
v -1.367841 0.986329 -0.161194
v -1.327441 1.002925 -0.189774
v -2.067141 0.613371 -0.844620
v -2.034041 0.614040 -0.830357
v -2.029641 0.627897 -0.849782
v -2.063041 0.622678 -0.861606
v -2.002941 0.616334 -0.819906
v -1.992941 0.637173 -0.838822
v -1.954241 0.619061 -0.780880
v -1.961041 0.619054 -0.801315
v -1.941441 0.635990 -0.784298
v -1.947241 0.640060 -0.812809
v -1.936741 0.658001 -0.778704
v -1.946741 0.674799 -0.769608
v -1.949341 0.674241 -0.785768
v -1.941041 0.663765 -0.800204
v -1.961941 0.679538 -0.785559
v -1.959641 0.669401 -0.804082
v -1.978241 0.675744 -0.801207
v -1.978341 0.685862 -0.784087
v -1.977441 0.666859 -0.817153
v -1.959341 0.657516 -0.818400
v -1.978841 0.619255 -0.811621
v -1.968241 0.635734 -0.824481
v -1.982341 0.655644 -0.830931
v -1.966441 0.648499 -0.826941
v -2.136641 0.695780 -1.036038
v -2.149241 0.690736 -1.021708
v -2.132741 0.691711 -1.005824
v -2.116341 0.695451 -1.020130
v -2.145741 0.684297 -0.997242
v -2.160041 0.682153 -1.013695
v -2.132041 0.688842 -0.980749
v -2.117041 0.696308 -0.990229
v -2.097141 0.699862 -1.004747
v -2.103441 0.701682 -0.974188
v -2.080341 0.705669 -0.989281
v -2.119541 0.693764 -0.963833
v -2.107741 0.699155 -0.946388
v -2.091341 0.707184 -0.956938
v -2.066041 0.712675 -0.972043
v -2.087941 0.715153 -0.909893
v -2.074141 0.724715 -0.919251
v -2.081541 0.714684 -0.937868
v -2.097041 0.706491 -0.927929
v -2.055241 0.722184 -0.951353
v -2.048141 0.734306 -0.930811
v -2.067341 0.734469 -0.902753
v -2.042741 0.745776 -0.912811
v -2.080041 0.723727 -0.893765
v -2.069641 0.729980 -0.879075
v -2.057541 0.740382 -0.887382
v -2.034641 0.752523 -0.896289
v -1.945641 0.794131 -0.917497
v -1.995341 0.770658 -0.908351
v -1.985941 0.778873 -0.892946
v -1.936341 0.799651 -0.900546
v -2.025041 0.758777 -0.881599
v -2.022441 0.769809 -0.869835
v -1.983341 0.793445 -0.883479
v -1.933341 0.812451 -0.889881
v -2.048041 0.744383 -0.852990
v -2.039641 0.753657 -0.860862
v -2.046341 0.745667 -0.873250
v -2.057341 0.735787 -0.865313
v -2.122841 0.606436 -0.876780
v -2.102341 0.608589 -0.850209
v -2.095741 0.611937 -0.864638
v -2.120641 0.611100 -0.888027
v -2.094441 0.621410 -0.875905
v -2.121141 0.620064 -0.895717
v -2.125941 0.601507 -0.849020
v -2.117341 0.599935 -0.828978
v -2.109941 0.605029 -0.837295
v -2.125441 0.604004 -0.862598
v -2.115541 0.570150 -0.816394
v -2.105841 0.559575 -0.799983
v -2.097341 0.547699 -0.821313
v -2.108141 0.561066 -0.834055
v -2.086141 0.533651 -0.810614
v -2.094541 0.546497 -0.783619
v -2.083641 0.529809 -0.768867
v -2.075541 0.517159 -0.802663
v -2.074841 0.509719 -0.754214
v -2.063341 0.493759 -0.799924
v -2.067941 0.487070 -0.738609
v -2.056741 0.470914 -0.774112
v -2.125241 0.594639 -0.827484
v -2.126541 0.586881 -0.830142
v -2.134441 0.598463 -0.855208
v -2.133041 0.587844 -0.862040
v -2.141541 0.609875 -0.913342
v -2.159841 0.606653 -0.940476
v -2.156341 0.598529 -0.930032
v -2.141141 0.604665 -0.901325
v -2.141941 0.618082 -0.920074
v -2.161041 0.615605 -0.946263
v -2.139541 0.601361 -0.880783
v -2.143441 0.593257 -0.896382
v -2.122041 0.578964 -0.831806
v -2.118541 0.575106 -0.848059
v -2.091641 0.516246 -0.840180
v -2.082641 0.525370 -0.830030
v -2.090741 0.538791 -0.838562
v -2.096841 0.527864 -0.848717
v -2.099441 0.552227 -0.850799
v -2.103741 0.538841 -0.861698
v -2.111041 0.565722 -0.865737
v -2.113241 0.549745 -0.878591
v -2.126541 0.575715 -0.884185
v -2.127441 0.559803 -0.896434
v -2.142641 0.582799 -0.909415
v -2.146341 0.569244 -0.915716
v -2.157841 0.587911 -0.935160
v -2.166541 0.577475 -0.936572
v -2.173241 0.590446 -0.954545
v -2.188441 0.585971 -0.955107
v -2.178041 0.596063 -0.961529
v -2.210141 0.597003 -0.975899
v -2.181041 0.602320 -0.967475
v -2.207741 0.604598 -0.987576
v -2.182441 0.612795 -0.971871
v -2.204841 0.612376 -0.993833
v -2.207741 0.560430 -0.915731
v -2.185741 0.570462 -0.926263
v -2.207041 0.580636 -0.947806
v -2.226041 0.568724 -0.941090
v -2.229341 0.588066 -0.973817
v -2.243241 0.572951 -0.973999
v -2.173941 0.537993 -0.881482
v -2.149241 0.548255 -0.890799
v -2.166241 0.559346 -0.907480
v -2.190241 0.549885 -0.896413
v -2.148741 0.515453 -0.857456
v -2.125141 0.527561 -0.860655
v -2.135441 0.537632 -0.875292
v -2.160041 0.526342 -0.868940
v -2.111641 0.505271 -0.840922
v -2.117041 0.516495 -0.849581
v -2.139641 0.505768 -0.846001
v -2.132941 0.496241 -0.835539
v -2.192941 0.629533 -0.997738
v -2.199641 0.621841 -0.996385
v -2.180141 0.623393 -0.974958
v -2.175541 0.631971 -0.977762
v -2.159841 0.625804 -0.951077
v -2.156241 0.634393 -0.955783
v -2.170641 0.669713 -1.006509
v -2.155541 0.671169 -0.990296
v -2.163141 0.658828 -0.984807
v -2.179641 0.657372 -1.001019
v -2.147141 0.662100 -0.967086
v -2.140941 0.674782 -0.973256
v -2.185941 0.640226 -0.999016
v -2.188041 0.635135 -0.997611
v -2.171941 0.638078 -0.979408
v -2.169441 0.643750 -0.980479
v -2.153541 0.641080 -0.958798
v -2.152041 0.647299 -0.960638
v -2.184041 0.647542 -0.999090
v -2.167141 0.650244 -0.981903
v -2.150541 0.653751 -0.963066
v -2.141541 0.628068 -0.926402
v -2.122241 0.630502 -0.902920
v -2.122541 0.640646 -0.910241
v -2.139441 0.637250 -0.932677
v -2.120041 0.671884 -0.930553
v -2.115441 0.684625 -0.937721
v -2.127841 0.679063 -0.955677
v -2.133241 0.666347 -0.948907
v -2.137441 0.644441 -0.937466
v -2.122241 0.649106 -0.916157
v -2.120941 0.656039 -0.921662
v -2.135941 0.650964 -0.941091
v -2.135341 0.657669 -0.944406
v -2.120741 0.662902 -0.925969
v -2.099241 0.633328 -0.882721
v -2.072241 0.637339 -0.867361
v -2.084441 0.651354 -0.870649
v -2.104341 0.645522 -0.889120
v -2.103641 0.692160 -0.919250
v -2.107541 0.679907 -0.911853
v -2.097241 0.689140 -0.893282
v -2.093841 0.701116 -0.901097
v -2.107641 0.655773 -0.894832
v -2.092941 0.662904 -0.874581
v -2.093841 0.672190 -0.882653
v -2.106841 0.663698 -0.901882
v -2.107141 0.670913 -0.907069
v -2.095841 0.680122 -0.888100
v -2.086241 0.709866 -0.884558
v -2.077041 0.717587 -0.869282
v -2.088941 0.697649 -0.876056
v -2.079541 0.705424 -0.859975
v -2.044841 0.645083 -0.854186
v -2.021441 0.655940 -0.842834
v -2.047641 0.666905 -0.838486
v -2.065041 0.658795 -0.853986
v -2.077941 0.670080 -0.856832
v -2.062741 0.678090 -0.841339
v -2.068341 0.687705 -0.849892
v -2.081441 0.680095 -0.865363
v -2.085641 0.688232 -0.870897
v -2.074841 0.695813 -0.854928
v -2.064841 0.724164 -0.854973
v -2.053341 0.731262 -0.842739
v -2.066641 0.712177 -0.845256
v -2.052341 0.717930 -0.834001
v -2.007041 0.666708 -0.829983
v -1.999441 0.675627 -0.814637
v -2.018541 0.686015 -0.815833
v -2.031441 0.676639 -0.826798
v -2.060141 0.702724 -0.841201
v -2.044641 0.709727 -0.830775
v -2.050941 0.695578 -0.838914
v -2.034541 0.703521 -0.829134
v -2.043941 0.686866 -0.832111
v -2.027841 0.695332 -0.822701
v -1.960541 0.804807 -0.572286
v -1.952841 0.756919 -0.587607
v -2.003541 0.799870 -0.614647
v -1.993941 0.753201 -0.621682
v -1.913741 0.685657 -0.657183
v -1.904341 0.699313 -0.649173
v -1.941941 0.709015 -0.662630
v -1.942541 0.694647 -0.675590
v -1.940641 0.733135 -0.607428
v -1.898841 0.736116 -0.581310
v -1.980741 0.730048 -0.635155
v -1.932741 0.722212 -0.624495
v -1.969241 0.719262 -0.647706
v -1.889541 0.718779 -0.603459
v -1.847441 0.706413 -0.587253
v -1.869341 0.706775 -0.607166
v -1.856241 0.721163 -0.573970
v -1.913041 0.713753 -0.634004
v -1.888741 0.706226 -0.630337
v -1.960041 0.713632 -0.657652
v -1.934341 0.716810 -0.638333
v -1.865741 0.738545 -0.554322
v -2.076341 0.511355 -0.825040
v -2.089041 0.505297 -0.834509
v -2.082941 0.494978 -0.837917
v -2.068941 0.497237 -0.826867
v -2.108941 0.494739 -0.833824
v -2.102041 0.484884 -0.836604
v -2.127941 0.484847 -0.827390
v -2.118541 0.472837 -0.830997
v -2.130241 0.468107 -0.837484
v -2.145841 0.483469 -0.836386
v -2.138641 0.477177 -0.828139
v -2.140541 0.470587 -0.849059
v -2.152841 0.490935 -0.847570
v -2.152741 0.475416 -0.859696
v -2.162541 0.499292 -0.860304
v -2.166641 0.482094 -0.871126
v -2.174641 0.508817 -0.872468
v -2.181441 0.490627 -0.883449
v -2.188741 0.519084 -0.885291
v -2.196841 0.500130 -0.896917
v -2.204541 0.529771 -0.900193
v -2.213341 0.510247 -0.912353
v -2.221341 0.539682 -0.918947
v -2.229441 0.520018 -0.930414
v -2.238341 0.547753 -0.943918
v -2.243441 0.528195 -0.952073
v -2.253941 0.552344 -0.977909
v -2.253941 0.531630 -0.985129
v -2.222241 0.511088 -0.955878
v -2.235941 0.518543 -0.965159
v -2.238841 0.519812 -0.993733
v -2.213041 0.507114 -1.000987
v -2.165941 0.487086 -0.963391
v -2.186541 0.492368 -0.925218
v -2.204641 0.502538 -0.941553
v -2.186841 0.497239 -0.981129
v -2.126441 0.470556 -0.932503
v -2.152841 0.473704 -0.897260
v -2.169641 0.481991 -0.910499
v -2.146141 0.477022 -0.947151
v -2.136541 0.467214 -0.885619
v -2.121641 0.463953 -0.874389
v -2.107241 0.467419 -0.919965
v -2.089941 0.466448 -0.908502
v -2.075841 0.465742 -0.896423
v -2.063541 0.467144 -0.886123
v -2.098341 0.469058 -0.853757
v -2.109541 0.463235 -0.862110
v -2.084941 0.478999 -0.854177
v -2.068741 0.484984 -0.852024
v -2.051341 0.470563 -0.879513
v -2.039341 0.472615 -0.873483
v -2.054841 0.484237 -0.840949
v -2.028341 0.473711 -0.864804
v -2.016441 0.473910 -0.851069
v -2.044641 0.477090 -0.824939
v -2.034641 0.464603 -0.803231
v -2.003041 0.471510 -0.830574
v -1.988741 0.466046 -0.805650
v -2.020741 0.455499 -0.776015
v -2.002741 0.452750 -0.746125
v -1.973741 0.461958 -0.776840
v -1.955241 0.458229 -0.747307
v -1.979441 0.454922 -0.716448
v -1.946641 0.456735 -0.689195
v -1.929141 0.453935 -0.720111
v -1.903641 0.434454 -0.693603
v -1.911341 0.447896 -0.663067
v -1.874841 0.442884 -0.637315
v -1.871641 0.430979 -0.658145
v -1.904741 0.340741 -0.723522
v -1.903641 0.371711 -0.722112
v -1.933941 0.349828 -0.762458
v -1.942841 0.313186 -0.761094
v -1.928841 0.334883 -0.746703
v -1.966241 0.323119 -0.799079
v -1.912141 0.308092 -0.721924
v -1.895741 0.404754 -0.706458
v -1.873041 0.403622 -0.671665
v -1.872041 0.374643 -0.686581
v -1.833741 0.376976 -0.664807
v -1.836741 0.402980 -0.645257
v -1.799841 0.400523 -0.618655
v -1.795441 0.376106 -0.637912
v -1.758541 0.371244 -0.604439
v -1.761241 0.396693 -0.590831
v -1.718741 0.393603 -0.563665
v -1.718241 0.417729 -0.556545
v -1.716941 0.368149 -0.572065
v -1.675041 0.367380 -0.541758
v -1.677341 0.392555 -0.538884
v -1.677241 0.416274 -0.536796
v -1.639741 0.396614 -0.520917
v -1.641141 0.419466 -0.526292
v -1.601641 0.401037 -0.517753
v -1.635341 0.372041 -0.515241
v -1.592841 0.375355 -0.508536
v -1.607741 0.424998 -0.524967
v -1.680741 0.444573 -0.517112
v -1.687141 0.451882 -0.493044
v -1.730341 0.449286 -0.508622
v -1.722741 0.442255 -0.530570
v -1.717541 0.436963 -0.549711
v -1.676641 0.437379 -0.536264
v -1.642341 0.440418 -0.528273
v -1.644641 0.448459 -0.508170
v -1.612041 0.445487 -0.524170
v -1.613741 0.453322 -0.503979
v -1.650541 0.495562 -0.453729
v -1.648341 0.471008 -0.460372
v -1.598941 0.473742 -0.450596
v -1.604341 0.501750 -0.443049
v -1.646241 0.456073 -0.482482
v -1.612541 0.459468 -0.478877
v -1.587741 0.458260 -0.504492
v -1.591441 0.460828 -0.485009
v -1.559841 0.464370 -0.497623
v -1.572641 0.465895 -0.472291
v -1.575141 0.429192 -0.523019
v -1.582241 0.450432 -0.521377
v -1.547941 0.455590 -0.515366
v -1.538741 0.431579 -0.515868
v -1.872141 0.347489 -0.703594
v -1.872841 0.325684 -0.709276
v -1.832141 0.331896 -0.695590
v -1.831941 0.353820 -0.685093
v -1.894841 0.259452 -0.659256
v -1.875541 0.259891 -0.632484
v -1.878441 0.287503 -0.659319
v -1.904441 0.278240 -0.684202
v -1.842241 0.285223 -0.634009
v -1.842341 0.258644 -0.606012
v -1.841041 0.305511 -0.665779
v -1.877641 0.307569 -0.688998
v -1.868141 0.318236 -0.698392
v -1.836541 0.318253 -0.683266
v -1.788241 0.356948 -0.661471
v -1.785041 0.332133 -0.673940
v -1.751241 0.331698 -0.627085
v -1.752941 0.351243 -0.620433
v -1.797141 0.316948 -0.655795
v -1.759541 0.322313 -0.613910
v -1.802941 0.305658 -0.634016
v -1.766441 0.312608 -0.593542
v -1.807441 0.287548 -0.601818
v -1.774141 0.294644 -0.563839
v -1.808741 0.260722 -0.576440
v -1.776841 0.266425 -0.542049
v -1.713041 0.347201 -0.580401
v -1.711341 0.331292 -0.582433
v -1.670041 0.346510 -0.542877
v -1.664941 0.330268 -0.542625
v -1.717141 0.323139 -0.571490
v -1.670041 0.320389 -0.531282
v -1.726641 0.316476 -0.551745
v -1.680441 0.315134 -0.513358
v -1.737441 0.300936 -0.525808
v -1.691541 0.302088 -0.492383
v -1.742741 0.272633 -0.507728
v -1.696741 0.276337 -0.480265
v -1.873141 0.229725 -0.632244
v -1.895641 0.238409 -0.667698
v -1.875841 0.201834 -0.643490
v -1.896341 0.214498 -0.681917
v -1.838841 0.199390 -0.615385
v -1.838941 0.228438 -0.605073
v -1.804441 0.231795 -0.576829
v -1.800941 0.203804 -0.589784
v -1.767441 0.205971 -0.556601
v -1.773441 0.236101 -0.542519
v -1.739741 0.240764 -0.509190
v -1.734141 0.208586 -0.520788
v -1.692641 0.215945 -0.487301
v -1.695841 0.247229 -0.480965
v -1.641741 0.254550 -0.451988
v -1.641241 0.279770 -0.453319
v -1.640141 0.227008 -0.455501
v -1.589641 0.236473 -0.425498
v -1.590841 0.260785 -0.423276
v -1.590241 0.283116 -0.426578
v -1.679941 0.187680 -0.509288
v -1.631141 0.200953 -0.472451
v -1.616041 0.183403 -0.496115
v -1.660141 0.169002 -0.535923
v -1.573941 0.196665 -0.459078
v -1.584141 0.213326 -0.439072
v -1.975141 0.291869 -0.809420
v -1.990541 0.304080 -0.852080
v -2.026141 0.285667 -0.890119
v -2.007241 0.276732 -0.853779
v -1.983041 0.267066 -0.823792
v -1.993941 0.292880 -0.838711
v -1.948541 0.283336 -0.779968
v -1.955741 0.253981 -0.795307
v -1.924541 0.234210 -0.763807
v -1.922941 0.270189 -0.746979
v -1.908541 0.253468 -0.707687
v -1.907641 0.227613 -0.721219
v -1.904041 0.211575 -0.724460
v -1.893341 0.199148 -0.696939
v -1.910141 0.207434 -0.742733
v -1.895441 0.190187 -0.713289
v -1.872741 0.184146 -0.663056
v -1.873041 0.173922 -0.678379
v -1.836841 0.159293 -0.650885
v -1.836741 0.175830 -0.633892
v -1.795841 0.175468 -0.610573
v -1.791841 0.151695 -0.634000
v -1.738941 0.146012 -0.613898
v -1.756341 0.176741 -0.582651
v -1.719741 0.179890 -0.547407
v -1.699141 0.157243 -0.572972
v -2.058141 0.269845 -0.883331
v -2.028141 0.261899 -0.853644
v -2.047941 0.246551 -0.848130
v -2.079941 0.255267 -0.875568
v -2.018941 0.234505 -0.821988
v -2.002041 0.250136 -0.823780
v -1.974241 0.234690 -0.797736
v -1.991341 0.220051 -0.797490
v -1.966141 0.203541 -0.773813
v -1.946941 0.215543 -0.775215
v -2.001041 0.206850 -0.797861
v -2.028741 0.219478 -0.821965
v -2.034441 0.203165 -0.822218
v -2.007441 0.193121 -0.797762
v -1.978341 0.194064 -0.771061
v -1.985841 0.181521 -0.770693
v -1.928741 0.197109 -0.747744
v -1.948141 0.188995 -0.744312
v -1.929641 0.175473 -0.710042
v -1.911441 0.181196 -0.715417
v -1.961341 0.181662 -0.740533
v -1.942641 0.167258 -0.706616
v -1.968641 0.168773 -0.741086
v -1.949241 0.153187 -0.709241
v -1.884741 0.164132 -0.680554
v -1.901541 0.157517 -0.673628
v -1.863541 0.133529 -0.643676
v -1.848041 0.144236 -0.652066
v -1.883441 0.108789 -0.643720
v -1.875141 0.122707 -0.640202
v -1.914141 0.148005 -0.670277
v -1.921041 0.133341 -0.674740
v -1.801541 0.124428 -0.638799
v -1.817141 0.105348 -0.627694
v -1.766241 0.078865 -0.611611
v -1.753241 0.107282 -0.623073
v -1.786341 0.049333 -0.596509
v -1.777241 0.062291 -0.602263
v -1.828741 0.092637 -0.621024
v -1.838341 0.079836 -0.619668
v -2.324541 0.158335 -1.282317
v -2.312541 0.192990 -1.275383
v -2.332641 0.114021 -1.288514
v -2.330241 0.119933 -1.259419
v -2.322741 0.161792 -1.254067
v -2.312941 0.194932 -1.248624
v -2.276741 0.224768 -1.232957
v -2.275741 0.237354 -1.228916
v -2.277441 0.236951 -1.252880
v -2.279541 0.224941 -1.256487
v -2.268741 0.249238 -1.247153
v -2.267341 0.249411 -1.224404
v -2.286241 0.212705 -1.239071
v -2.279141 0.217133 -1.236007
v -2.282241 0.218205 -1.259485
v -2.288441 0.214011 -1.263136
v -2.299141 0.208624 -1.268659
v -2.298241 0.208657 -1.243515
v -2.265441 0.238436 -1.192591
v -2.256841 0.250210 -1.191802
v -2.267141 0.225223 -1.194465
v -2.254141 0.228129 -1.148216
v -2.250941 0.241494 -1.148938
v -2.242141 0.253983 -1.151814
v -2.264041 0.213190 -1.147987
v -2.257141 0.219109 -1.148142
v -2.269141 0.215798 -1.196017
v -2.276641 0.210060 -1.197254
v -2.289141 0.206882 -1.199443
v -2.306441 0.197791 -1.201577
v -2.290941 0.201634 -1.147361
v -2.275341 0.208980 -1.147933
v -2.233441 0.246567 -1.103765
v -2.224141 0.258527 -1.107874
v -2.235741 0.232938 -1.103660
v -2.218141 0.239671 -1.062897
v -2.214041 0.251920 -1.061681
v -2.203741 0.261496 -1.066130
v -2.095341 0.270973 -0.912916
v -2.113141 0.255871 -0.908189
v -2.071941 0.277973 -0.926430
v -2.112041 0.269566 -0.952265
v -2.129841 0.265271 -0.942198
v -2.143441 0.253058 -0.940608
v -2.195041 0.255703 -1.027001
v -2.183441 0.263212 -1.032071
v -2.202641 0.245543 -1.029698
v -2.186741 0.246470 -1.000995
v -2.175041 0.257588 -0.997541
v -2.162141 0.263252 -1.003621
v -2.226541 0.226946 -1.062840
v -2.222441 0.231302 -1.065390
v -2.238841 0.223718 -1.103598
v -2.245941 0.218657 -1.102692
v -2.209441 0.237730 -1.038269
v -2.206941 0.235278 -1.030599
v -2.255441 0.214775 -1.101416
v -2.266441 0.207231 -1.099152
v -2.237541 0.214146 -1.058079
v -2.232641 0.222307 -1.060607
v -2.208341 0.229807 -1.027813
v -2.208641 0.222238 -1.025150
v -2.190641 0.228283 -1.003461
v -2.187441 0.236441 -0.999077
v -2.154441 0.259894 -0.970160
v -2.166441 0.251180 -0.968465
v -2.139941 0.263831 -0.977542
v -2.316741 0.169145 -1.205055
v -2.323241 0.130932 -1.211095
v -2.303741 0.144685 -1.149888
v -2.300041 0.178256 -1.148427
v -2.272341 0.189057 -1.098411
v -2.268041 0.169443 -1.098756
v -2.230541 0.186430 -1.056894
v -2.237041 0.201116 -1.056236
v -2.252241 0.155485 -1.098170
v -2.218141 0.172857 -1.061193
v -2.282741 0.131641 -1.122102
v -2.262441 0.124463 -1.112404
v -2.236241 0.139518 -1.099203
v -2.206741 0.153389 -1.065737
v -2.154741 0.218091 -0.966192
v -2.147041 0.236754 -0.947872
v -2.169741 0.237643 -0.973363
v -2.177341 0.225123 -0.988820
v -2.201641 0.213268 -1.019063
v -2.190541 0.203028 -1.015254
v -2.060441 0.230356 -0.845270
v -2.065941 0.210238 -0.845545
v -2.091641 0.236681 -0.874651
v -2.101441 0.213455 -0.880016
v -2.148941 0.179898 -0.965720
v -2.152341 0.200004 -0.968651
v -2.181441 0.188752 -1.016089
v -2.177441 0.166373 -1.017096
v -2.120041 0.237296 -0.912580
v -2.125541 0.220921 -0.920349
v -2.132141 0.207810 -0.932534
v -2.125641 0.194390 -0.920597
v -1.760141 0.884408 -0.719092
v -1.812641 0.912185 -0.699037
v -1.775841 0.910106 -0.654883
v -1.731141 0.880907 -0.676323
v -1.737341 0.903927 -0.610868
v -1.700541 0.876695 -0.631693
v -1.700741 0.903295 -0.572640
v -1.669541 0.880527 -0.592703
v -1.668641 0.905715 -0.538641
v -1.641041 0.886312 -0.558006
v -1.616641 0.892161 -0.527814
v -1.643741 0.911587 -0.508848
v -1.623541 0.915766 -0.482659
v -1.595841 0.895218 -0.501290
v -1.604441 0.918699 -0.460851
v -1.577241 0.896964 -0.479751
v -1.586441 0.920097 -0.441937
v -1.559641 0.897887 -0.461266
v -1.569041 0.920286 -0.424596
v -1.542441 0.898481 -0.444002
v -1.551341 0.920709 -0.407843
v -1.524541 0.898681 -0.426861
v -1.532041 0.922406 -0.390615
v -1.505041 0.899240 -0.408998
v -1.510241 0.923124 -0.372041
v -1.482641 0.899358 -0.390460
v -1.483541 0.925815 -0.352952
v -1.455541 0.901009 -0.372433
v -1.450341 0.930761 -0.333029
v -1.422641 0.901827 -0.353853
v -1.409141 0.936888 -0.311034
v -1.382741 0.901616 -0.334833
v -1.365741 0.946781 -0.284913
v -1.330541 0.902211 -0.315866
v -1.257241 0.956374 -0.243382
v -1.291841 0.929402 -0.277214
v -1.325941 0.965101 -0.253891
v -1.290341 0.989131 -0.221133
v -1.284341 0.884941 -0.330599
v -1.257941 0.909628 -0.298804
v -1.226841 0.890032 -0.314875
v -1.252041 0.865823 -0.342835
v -1.226341 0.936612 -0.265172
v -1.197941 0.915442 -0.281736
v -1.670341 0.840273 -0.670084
v -1.696441 0.836899 -0.711752
v -1.709741 0.854211 -0.694312
v -1.684041 0.851644 -0.648684
v -1.732041 0.857936 -0.737468
v -1.716441 0.836949 -0.752017
v -1.611141 0.851952 -0.593972
v -1.640841 0.845973 -0.630483
v -1.654941 0.856386 -0.608138
v -1.626641 0.863095 -0.572085
v -1.560441 0.863319 -0.536511
v -1.584041 0.858424 -0.562441
v -1.601141 0.869389 -0.540965
v -1.579441 0.872235 -0.514253
v -1.523741 0.866709 -0.500252
v -1.540841 0.866086 -0.517017
v -1.560141 0.875267 -0.494142
v -1.542641 0.876654 -0.476731
v -1.490441 0.865442 -0.464865
v -1.507441 0.866392 -0.482840
v -1.525741 0.877459 -0.459655
v -1.507941 0.877841 -0.442203
v -1.449541 0.864046 -0.428986
v -1.471441 0.864562 -0.446385
v -1.488541 0.877360 -0.423700
v -1.466341 0.876175 -0.405137
v -1.440041 0.875471 -0.387949
v -1.424341 0.864398 -0.414440
v -1.409841 0.872799 -0.371377
v -1.395641 0.864514 -0.402714
v -1.335741 0.866372 -0.350516
v -1.332441 0.849371 -0.385267
v -1.364241 0.859979 -0.391960
v -1.374641 0.869734 -0.356631
v -1.300241 0.854913 -0.354992
v -1.302041 0.832681 -0.385943
v -1.271641 0.834405 -0.360599
v -1.276041 0.809767 -0.388083
v -1.681741 0.828443 -0.728173
v -1.700241 0.828782 -0.761410
v -1.655941 0.831175 -0.692653
v -1.641641 0.825136 -0.716145
v -1.669641 0.824009 -0.744860
v -1.686441 0.825711 -0.763693
v -1.624741 0.836796 -0.656864
v -1.592341 0.843632 -0.623007
v -1.572341 0.838705 -0.655250
v -1.607541 0.830344 -0.685289
v -1.562741 0.849803 -0.593196
v -1.537241 0.853559 -0.568335
v -1.512241 0.849206 -0.605252
v -1.540041 0.845533 -0.628105
v -1.517041 0.854676 -0.549738
v -1.500441 0.853930 -0.533554
v -1.474441 0.851467 -0.571963
v -1.491141 0.851397 -0.587894
v -1.617141 0.836099 -0.763186
v -1.654141 0.835145 -0.784578
v -1.660341 0.825111 -0.765431
v -1.627641 0.825407 -0.741372
v -1.687641 0.827929 -0.782796
v -1.686141 0.836178 -0.802248
v -1.590541 0.832259 -0.714627
v -1.553441 0.843596 -0.687519
v -1.539241 0.857650 -0.713744
v -1.577541 0.844617 -0.739248
v -1.502541 0.867478 -0.689930
v -1.518841 0.852262 -0.662672
v -1.488641 0.855722 -0.641333
v -1.469441 0.869834 -0.670259
v -1.700341 0.884352 -0.901506
v -1.736541 0.880727 -0.921752
v -1.739641 0.874636 -0.910087
v -1.704741 0.880010 -0.890641
v -1.665441 0.888376 -0.879534
v -1.672041 0.885544 -0.868780
v -1.626141 0.897929 -0.852731
v -1.634841 0.894340 -0.841020
v -1.594741 0.907622 -0.811194
v -1.584441 0.914370 -0.823822
v -1.541241 0.936284 -0.795996
v -1.553141 0.926623 -0.783238
v -1.510641 0.944743 -0.757336
v -1.499041 0.958450 -0.769057
v -1.457041 0.970321 -0.744222
v -1.467741 0.956062 -0.733335
v -1.426741 0.956849 -0.714257
v -1.417341 0.969512 -0.723534
v -1.383541 0.960247 -0.705544
v -1.393141 0.949745 -0.697242
v -1.365141 0.938294 -0.681283
v -1.354941 0.946782 -0.689402
v -1.330341 0.931819 -0.675050
v -1.340741 0.925076 -0.665928
v -1.318741 0.912456 -0.650538
v -1.308041 0.918653 -0.660594
v -1.286741 0.907719 -0.646608
v -1.265641 0.898128 -0.633345
v -1.297941 0.900993 -0.636083
v -1.277041 0.890516 -0.623072
v -1.232041 0.874430 -0.596365
v -1.221341 0.881949 -0.606744
v -1.244041 0.890077 -0.620694
v -1.254941 0.882182 -0.610737
v -1.196941 0.870298 -0.590796
v -1.172941 0.853169 -0.575370
v -1.208041 0.862851 -0.579912
v -1.184141 0.845944 -0.564873
v -1.150841 0.830948 -0.561943
v -1.162741 0.824979 -0.552375
v -1.142241 0.800907 -0.541562
v -1.129941 0.805801 -0.549890
v -1.681941 0.861775 -0.834008
v -1.647141 0.864902 -0.810385
v -1.641741 0.881233 -0.825859
v -1.677741 0.875550 -0.852035
v -1.608541 0.871547 -0.785255
v -1.602341 0.891021 -0.797940
v -1.613441 0.854363 -0.774039
v -1.573841 0.865665 -0.749738
v -1.568941 0.885450 -0.759199
v -1.534541 0.879515 -0.724487
v -1.529041 0.900869 -0.733356
v -1.520941 0.924277 -0.744809
v -1.562141 0.907461 -0.770735
v -1.494641 0.888420 -0.702029
v -1.488641 0.911671 -0.709084
v -1.458341 0.890564 -0.683873
v -1.450141 0.914020 -0.691016
v -1.438441 0.937141 -0.702687
v -1.478941 0.935590 -0.720708
v -1.406341 0.931022 -0.687117
v -1.420641 0.909311 -0.675565
v -1.397141 0.900996 -0.660124
v -1.380441 0.921374 -0.671153
v -1.357541 0.910094 -0.654683
v -1.336441 0.897586 -0.639487
v -1.375841 0.890379 -0.644717
v -1.355641 0.878223 -0.630402
v -1.315241 0.854344 -0.605753
v -1.295341 0.874412 -0.613195
v -1.316041 0.885083 -0.626094
v -1.335841 0.865561 -0.617719
v -1.268141 0.838117 -0.580056
v -1.249941 0.859948 -0.585091
v -1.273141 0.867024 -0.599903
v -1.292441 0.845728 -0.593735
v -1.218841 0.816760 -0.548849
v -1.200941 0.833516 -0.554481
v -1.225241 0.849566 -0.568568
v -1.242741 0.829256 -0.563845
v -1.712541 0.847088 -0.834666
v -1.738241 0.844616 -0.850638
v -1.745941 0.840081 -0.824458
v -1.684941 0.849003 -0.817726
v -1.712641 0.836062 -0.813974
v -1.710641 0.858949 -0.854208
v -1.739741 0.854226 -0.872815
v -1.708141 0.870815 -0.873848
v -1.740341 0.864830 -0.893131
v -1.651341 0.850490 -0.796903
v -1.960141 0.685083 -0.763899
v -1.975541 0.694291 -0.762058
v -1.955141 0.685033 -0.740762
v -1.972441 0.694660 -0.734089
v -1.945141 0.682393 -0.719580
v -1.956941 0.689361 -0.708555
v -2.009841 0.694828 -0.803798
v -1.996441 0.683402 -0.800259
v -1.994241 0.691394 -0.784465
v -2.006341 0.700189 -0.787558
v -1.974141 0.706169 -0.689341
v -1.995041 0.701516 -0.710850
v -1.982841 0.699980 -0.718852
v -1.964641 0.700029 -0.699116
v -2.009841 0.696870 -0.744478
v -2.008541 0.698031 -0.766047
v -1.992641 0.696646 -0.762922
v -1.993641 0.696941 -0.742270
v -1.995541 0.697909 -0.729692
v -2.007141 0.698274 -0.727367
v -2.017441 0.703804 -0.809985
v -2.015941 0.706629 -0.791489
v -2.025941 0.711555 -0.795207
v -2.025841 0.710796 -0.814785
v -1.985341 0.708885 -0.680968
v -2.005841 0.704460 -0.704667
v -1.997141 0.714566 -0.673625
v -2.016341 0.710898 -0.699983
v -2.032341 0.706799 -0.746402
v -2.030541 0.707882 -0.771782
v -2.019741 0.702721 -0.769179
v -2.021941 0.700445 -0.745671
v -2.017341 0.701957 -0.725248
v -2.027441 0.708664 -0.723454
v -2.009441 0.725908 -0.665449
v -2.021341 0.749628 -0.659955
v -2.027741 0.722373 -0.695807
v -2.038241 0.745516 -0.695856
v -2.050641 0.729615 -0.802566
v -2.047541 0.724841 -0.820275
v -2.037141 0.716216 -0.816672
v -2.037741 0.717996 -0.797435
v -2.054041 0.736710 -0.750864
v -2.054541 0.732919 -0.778532
v -2.042141 0.716695 -0.773470
v -2.042941 0.717451 -0.746981
v -2.048541 0.740995 -0.724769
v -2.038041 0.719809 -0.722201
v -2.054941 0.743475 -0.830605
v -2.050441 0.760300 -0.844247
v -2.061641 0.756106 -0.815342
v -2.047141 0.788241 -0.839007
v -2.031041 0.783412 -0.860927
v -2.043341 0.765358 -0.853668
v -2.025541 0.793163 -0.664423
v -2.044641 0.786800 -0.704663
v -2.009941 0.840546 -0.678181
v -2.032541 0.835057 -0.721375
v -2.036141 0.812920 -0.781369
v -2.047041 0.807108 -0.810458
v -2.064341 0.766444 -0.791699
v -2.060441 0.773988 -0.763110
v -2.054541 0.780129 -0.736206
v -2.036941 0.824175 -0.754567
v -1.992741 0.810554 -0.876269
v -2.003841 0.830273 -0.858889
v -1.948941 0.853205 -0.870771
v -1.943041 0.831315 -0.883570
v -1.930741 0.903253 -0.763868
v -1.992241 0.878116 -0.743400
v -1.970141 0.884005 -0.698480
v -1.909741 0.910110 -0.721797
v -2.004241 0.845041 -0.830479
v -1.947541 0.869011 -0.846407
v -1.993141 0.845563 -0.799996
v -1.939841 0.871922 -0.817388
v -1.995641 0.861861 -0.775503
v -1.937441 0.885925 -0.793029
v -1.885741 0.808560 -0.915853
v -1.886141 0.816929 -0.897934
v -1.842341 0.836194 -0.886490
v -1.823041 0.834191 -0.901933
v -1.891941 0.828113 -0.888766
v -1.863341 0.847259 -0.880434
v -1.800941 0.889222 -0.786025
v -1.861441 0.908011 -0.776713
v -1.840941 0.913326 -0.740841
v -1.782041 0.889891 -0.756335
v -1.907441 0.839043 -0.883819
v -1.899541 0.856927 -0.876163
v -1.807841 0.850772 -0.861697
v -1.784041 0.839249 -0.865076
v -1.840841 0.866932 -0.860553
v -1.825441 0.879186 -0.833692
v -1.786841 0.860020 -0.833109
v -1.776441 0.846962 -0.890769
v -1.765741 0.841063 -0.868676
v -1.750041 0.860406 -0.772884
v -1.766541 0.863133 -0.798969
v -1.730641 0.837218 -0.785759
v -1.816041 0.885766 -0.809166
v -1.783741 0.868389 -0.813487
v -1.709841 0.829623 -0.789508
v -1.872941 0.895997 -0.804261
v -1.880841 0.885659 -0.829607
v -1.890341 0.875913 -0.856522
v -1.781441 0.854664 -0.912858
v -1.829141 0.832454 -0.930483
v -1.781741 0.862396 -0.932039
v -1.830841 0.834575 -0.958207
v -1.814841 0.847497 -0.968470
v -1.778041 0.868446 -0.944708
v -2.121441 0.702242 -1.060903
v -2.097141 0.702660 -1.044050
v -2.081841 0.716386 -1.066388
v -2.107641 0.711869 -1.085083
v -2.074141 0.708538 -1.028080
v -2.056841 0.724373 -1.050494
v -2.052441 0.716530 -1.013990
v -2.031941 0.734812 -1.038865
v -2.032741 0.726548 -0.996876
v -2.002341 0.752263 -1.027228
v -2.017441 0.739798 -0.973363
v -1.981841 0.766285 -0.996356
v -2.007341 0.753267 -0.948434
v -1.955041 0.787066 -0.967996
v -2.001841 0.763839 -0.927081
v -1.951441 0.790365 -0.938753
v -1.887141 0.804916 -0.939205
v -1.888041 0.803774 -0.962511
v -1.957841 0.795470 -1.043233
v -1.974841 0.778262 -1.035024
v -1.951541 0.788435 -1.011991
v -1.932141 0.810805 -1.021101
v -1.919741 0.797710 -0.990713
v -1.895541 0.820455 -1.001104
v -1.887241 0.806357 -0.979289
v -1.861741 0.825447 -0.983683
v -1.849041 0.842626 -0.989691
v -1.884841 0.842596 -1.008024
v -1.920341 0.826557 -1.030097
v -1.947741 0.806119 -1.052328
v -2.355641 0.042277 -1.265861
v -2.342041 0.077523 -1.263901
v -2.347041 0.071909 -1.294681
v -2.364741 0.038049 -1.298063
v -2.324341 0.052594 -1.188728
v -2.322141 0.094445 -1.172959
v -2.334541 0.087164 -1.219763
v -2.343741 0.047388 -1.228199
v -2.298841 0.095292 -1.137750
v -2.293941 0.060781 -1.155694
v -2.258741 0.075334 -1.132205
v -2.266341 0.100949 -1.117986
v -2.231641 0.112810 -1.101565
v -2.225941 0.087446 -1.108057
v -2.200641 0.093344 -1.070148
v -2.204141 0.123540 -1.067482
v -2.177141 0.135057 -1.017725
v -2.177741 0.102424 -1.018129
v -2.153941 0.114483 -0.962231
v -2.149341 0.148865 -0.964328
v -2.125341 0.165642 -0.915466
v -2.124441 0.131107 -0.915882
v -2.091341 0.148120 -0.881330
v -2.099341 0.179069 -0.874412
v -2.065741 0.184364 -0.848459
v -2.059841 0.158424 -0.855385
v -2.035341 0.159409 -0.829383
v -2.037241 0.182148 -0.824247
v -2.014641 0.174917 -0.798225
v -1.995241 0.164322 -0.771197
v -2.016741 0.153940 -0.802657
v -1.999941 0.143873 -0.776099
v -1.977541 0.151349 -0.742906
v -1.957141 0.135153 -0.712599
v -1.982441 0.130670 -0.749023
v -1.961741 0.114051 -0.720043
v -1.929341 0.115106 -0.679813
v -1.935041 0.094162 -0.688250
v -1.893141 0.091200 -0.647853
v -1.901241 0.070058 -0.654599
v -1.848141 0.063699 -0.619510
v -1.793941 0.034871 -0.592446
v -1.857641 0.042565 -0.621246
v -1.801041 0.017931 -0.590531
v -2.184541 0.069653 -1.077843
v -2.163441 0.075709 -1.025501
v -2.133541 0.065497 -1.042726
v -2.155141 0.059647 -1.093454
v -2.112741 0.078252 -0.991895
v -2.138941 0.090045 -0.972574
v -2.108541 0.108706 -0.930213
v -2.086041 0.093049 -0.950261
v -2.057441 0.106450 -0.915620
v -2.077241 0.125736 -0.895961
v -2.048741 0.136287 -0.867397
v -2.030541 0.115505 -0.885440
v -2.007141 0.118099 -0.857842
v -2.025241 0.138517 -0.840421
v -1.988141 0.115418 -0.832555
v -2.006441 0.134721 -0.814899
v -1.989441 0.125740 -0.789780
v -1.970741 0.107535 -0.809075
v -1.972041 0.111656 -0.764759
v -1.950741 0.094989 -0.738387
v -1.953041 0.094102 -0.786620
v -1.930541 0.079929 -0.763508
v -1.924941 0.074952 -0.709206
v -1.891641 0.051205 -0.678239
v -1.902341 0.065581 -0.737401
v -1.866441 0.050260 -0.708345
v -1.848541 0.023864 -0.645779
v -1.796241 -0.001291 -0.609585
v -1.822341 0.028739 -0.676046
v -1.773041 0.002481 -0.638114
v -1.636841 0.301007 -0.463597
v -1.587141 0.301809 -0.436204
v -1.581041 0.313894 -0.451024
v -1.628141 0.312733 -0.480843
v -1.546741 0.222925 -0.414770
v -1.550741 0.242771 -0.402992
v -1.540241 0.209154 -0.431102
v -1.521141 0.216576 -0.415843
v -1.518441 0.229201 -0.400480
v -1.520941 0.248137 -0.390257
v -1.534741 0.283127 -0.395926
v -1.554141 0.284216 -0.405979
v -1.553741 0.264393 -0.401027
v -1.526341 0.268625 -0.389461
v -1.618141 0.334487 -0.503412
v -1.619341 0.319997 -0.495444
v -1.575141 0.323027 -0.463312
v -1.565641 0.334743 -0.476952
v -1.514741 0.303808 -0.413849
v -1.544141 0.314708 -0.427236
v -1.550641 0.300925 -0.414218
v -1.523941 0.293361 -0.399635
v -1.484741 0.261138 -0.407028
v -1.494641 0.284421 -0.406067
v -1.506141 0.277469 -0.389945
v -1.495941 0.254685 -0.387471
v -1.488841 0.238132 -0.419591
v -1.495641 0.231961 -0.399717
v -1.507541 0.218359 -0.422350
v -1.502041 0.224291 -0.434725
v -1.669641 0.145546 -0.588782
v -1.634541 0.162405 -0.558447
v -1.695541 0.125214 -0.611106
v -1.663441 0.111878 -0.612587
v -1.642841 0.142703 -0.605276
v -1.610841 0.164005 -0.580691
v -1.707741 0.090676 -0.602907
v -1.667441 0.074409 -0.593641
v -1.714141 0.059244 -0.584410
v -1.666241 0.044331 -0.562342
v -1.727941 0.022098 -0.564143
v -1.721441 0.038749 -0.571384
v -1.670241 0.025331 -0.538911
v -1.675941 0.007514 -0.525428
v -1.732441 0.007026 -0.559915
v -1.680841 -0.012367 -0.519478
v -1.735541 -0.005440 -0.557438
v -1.685241 -0.031163 -0.518373
v -1.721541 -0.027280 -0.591671
v -1.736841 -0.025021 -0.566897
v -1.677141 -0.054248 -0.551877
v -1.686441 -0.050381 -0.528912
v -1.622141 -0.067078 -0.534596
v -1.618841 -0.063474 -0.507139
v -1.649241 -0.065653 -0.509269
v -1.646041 -0.067741 -0.533533
v -1.623241 -0.053091 -0.487700
v -1.648441 -0.047460 -0.491478
v -1.641341 -0.022932 -0.491246
v -1.632941 0.001252 -0.500551
v -1.609641 -0.035499 -0.492181
v -1.600241 -0.013243 -0.506206
v -1.601641 -0.048209 -0.514661
v -1.593641 -0.030398 -0.528044
v -1.605541 -0.054490 -0.540872
v -1.597441 -0.040393 -0.545558
v -1.606041 0.024754 -0.558178
v -1.628441 0.038522 -0.550361
v -1.627641 0.020488 -0.519461
v -1.597141 0.006046 -0.526015
v -1.644741 -0.065406 -0.554632
v -1.629641 -0.064029 -0.562766
v -1.666041 -0.054323 -0.578026
v -1.647741 -0.053667 -0.599524
v -1.592141 -0.014339 -0.547440
v -1.598641 0.006132 -0.577197
v -1.599641 -0.033137 -0.565168
v -1.607041 -0.016254 -0.596937
v -1.612341 -0.051465 -0.568643
v -1.624441 -0.038378 -0.605743
v -1.597041 0.668827 -0.581737
v -1.581441 0.638080 -0.597257
v -1.551141 0.648390 -0.568006
v -1.563641 0.678896 -0.553501
v -1.574341 0.697739 -0.447421
v -1.552041 0.694987 -0.487750
v -1.522141 0.692474 -0.456744
v -1.540641 0.695266 -0.415411
v -1.468941 0.693326 -0.406208
v -1.479341 0.700601 -0.361007
v -1.511041 0.696927 -0.388969
v -1.496741 0.692547 -0.432298
v -1.567141 0.610033 -0.600700
v -1.540141 0.623228 -0.569376
v -1.568541 0.589023 -0.566868
v -1.543041 0.602610 -0.538827
v -1.535641 0.677488 -0.517422
v -1.526141 0.652696 -0.531993
v -1.500741 0.655516 -0.499674
v -1.508941 0.676614 -0.485318
v -1.485241 0.676371 -0.460590
v -1.476041 0.656359 -0.474682
v -1.448441 0.655558 -0.448985
v -1.457341 0.677419 -0.435687
v -1.519841 0.631363 -0.532038
v -1.499841 0.635681 -0.496225
v -1.522841 0.612265 -0.505207
v -1.500341 0.616699 -0.473093
v -1.573641 0.576422 -0.502093
v -1.543741 0.586197 -0.477381
v -1.565941 0.541538 -0.446834
v -1.529141 0.549379 -0.426742
v -1.476641 0.636331 -0.467939
v -1.445941 0.634684 -0.444896
v -1.476441 0.618441 -0.444643
v -1.444041 0.616141 -0.424142
v -1.559241 0.509442 -0.427274
v -1.518641 0.516431 -0.409736
v -1.551441 0.483897 -0.430670
v -1.510941 0.489953 -0.410883
v -1.517441 0.589559 -0.452642
v -1.490441 0.590559 -0.430346
v -1.498441 0.552897 -0.409808
v -1.470941 0.555845 -0.395111
v -1.463041 0.592293 -0.410310
v -1.431741 0.593520 -0.395313
v -1.443741 0.560388 -0.382024
v -1.414241 0.565976 -0.373082
v -1.537141 0.471556 -0.454330
v -1.497941 0.473837 -0.431658
v -1.521341 0.470049 -0.481665
v -1.482941 0.468843 -0.455891
v -1.486041 0.520547 -0.394470
v -1.458241 0.524751 -0.380701
v -1.478441 0.494005 -0.392816
v -1.450241 0.497917 -0.375758
v -1.430841 0.531696 -0.369276
v -1.401241 0.540677 -0.363542
v -1.421141 0.506829 -0.363718
v -1.390241 0.519368 -0.360581
v -1.505141 0.458221 -0.498684
v -1.469841 0.451681 -0.463906
v -1.495241 0.430423 -0.496101
v -1.457941 0.424488 -0.461389
v -1.467241 0.474815 -0.407260
v -1.453441 0.466499 -0.426077
v -1.425841 0.468864 -0.399694
v -1.439341 0.478083 -0.384330
v -1.409641 0.489117 -0.369161
v -1.377941 0.504738 -0.365643
v -1.396841 0.476928 -0.379990
v -1.363941 0.489428 -0.369343
v -1.442341 0.446609 -0.428542
v -1.413541 0.447636 -0.399833
v -1.428241 0.419134 -0.426341
v -1.398641 0.417595 -0.396581
v -1.383041 0.454696 -0.378385
v -1.349841 0.465714 -0.359510
v -1.367141 0.422019 -0.372882
v -1.331641 0.431717 -0.350278
v -2.249441 0.590608 -1.007025
v -2.259941 0.574304 -1.014289
v -2.238641 0.602202 -1.003142
v -2.254441 0.603732 -1.025892
v -2.263741 0.591519 -1.036322
v -2.274841 0.571839 -1.059510
v -2.247741 0.612806 -1.021755
v -2.230541 0.609006 -1.006451
v -2.224341 0.614694 -1.011227
v -2.240941 0.619806 -1.021546
v -2.262441 0.630902 -1.028010
v -2.270341 0.622867 -1.031084
v -2.260841 0.617073 -1.026214
v -2.253341 0.625324 -1.023428
v -2.268641 0.607141 -1.032805
v -2.279041 0.612958 -1.038074
v -2.216441 0.622498 -1.012774
v -2.207241 0.629210 -1.012783
v -2.217841 0.633387 -1.024259
v -2.231241 0.626464 -1.022359
v -2.199341 0.633169 -1.010247
v -2.199741 0.636638 -1.014753
v -2.243841 0.632524 -1.023207
v -2.234241 0.640210 -1.024461
v -2.246341 0.645746 -1.028344
v -2.254441 0.638066 -1.027191
v -2.205041 0.657485 -1.028660
v -2.211741 0.644443 -1.026618
v -2.197741 0.644494 -1.015496
v -2.193241 0.656655 -1.016187
v -2.225641 0.649828 -1.027906
v -2.217441 0.662468 -1.033377
v -2.229441 0.666424 -1.039357
v -2.237841 0.654888 -1.032218
v -2.184041 0.670741 -1.022376
v -2.196041 0.672955 -1.036270
v -2.173541 0.683662 -1.030936
v -2.186441 0.687156 -1.046159
v -2.293841 0.627079 -1.060288
v -2.302641 0.616210 -1.073144
v -2.297841 0.608516 -1.061473
v -2.287841 0.620183 -1.048570
v -2.307441 0.595097 -1.080389
v -2.310941 0.604107 -1.090580
v -2.300641 0.585622 -1.070825
v -2.289241 0.600481 -1.050824
v -2.277841 0.641951 -1.049101
v -2.285241 0.635249 -1.052698
v -2.278841 0.629282 -1.041427
v -2.270941 0.636693 -1.037989
v -2.265841 0.653472 -1.049129
v -2.271541 0.647589 -1.047870
v -2.263941 0.643148 -1.037011
v -2.257241 0.650317 -1.037994
v -2.259341 0.660611 -1.053019
v -2.249941 0.658948 -1.041697
v -2.242541 0.668699 -1.049141
v -2.253141 0.668448 -1.060274
v -2.300341 0.621309 -1.083264
v -2.308141 0.610815 -1.099103
v -2.292341 0.630809 -1.070989
v -2.287341 0.631557 -1.080361
v -2.294241 0.623708 -1.091738
v -2.301241 0.615047 -1.106369
v -2.285141 0.638093 -1.063651
v -2.279141 0.644096 -1.060095
v -2.276341 0.642384 -1.070212
v -2.281341 0.637567 -1.073499
v -2.274241 0.648836 -1.058916
v -2.269241 0.653210 -1.060063
v -2.267741 0.649512 -1.070497
v -2.272241 0.646136 -1.069291
v -2.263241 0.658423 -1.063565
v -2.262241 0.653686 -1.073358
v -2.257641 0.664698 -1.069809
v -2.256741 0.658899 -1.078563
v -2.253941 0.672375 -1.079478
v -2.252441 0.665390 -1.086798
v -2.248741 0.677699 -1.071153
v -2.248941 0.686731 -1.085150
v -2.253841 0.679617 -1.091977
v -2.249641 0.672140 -1.097723
v -2.255841 0.684796 -1.106900
v -2.249741 0.678647 -1.111366
v -2.255041 0.692926 -1.102017
v -2.264741 0.695138 -1.121020
v -2.261841 0.687092 -1.123895
v -2.254341 0.681600 -1.127621
v -2.271841 0.683861 -1.142315
v -2.263041 0.678933 -1.145407
v -2.277241 0.692165 -1.140427
v -2.289041 0.683725 -1.160554
v -2.282341 0.675240 -1.161049
v -2.272341 0.670882 -1.163608
v -2.288841 0.662537 -1.180223
v -2.278341 0.659130 -1.181925
v -2.296941 0.669895 -1.180995
v -2.302141 0.652764 -1.199827
v -2.293141 0.646828 -1.197670
v -2.282641 0.644244 -1.198021
v -2.295441 0.629752 -1.212291
v -2.298541 0.611569 -1.219965
v -2.290341 0.610408 -1.215525
v -2.285941 0.627879 -1.211098
v -2.305241 0.634261 -1.215734
v -2.307041 0.614973 -1.226778
v -2.304041 0.595074 -1.218826
v -2.310541 0.582705 -1.211134
v -2.310741 0.594725 -1.228262
v -2.317641 0.578714 -1.219982
v -2.302641 0.586066 -1.205228
v -2.296341 0.596410 -1.212537
v -2.324941 0.569823 -1.204976
v -2.317341 0.576256 -1.198489
v -2.331841 0.569138 -1.184681
v -2.323141 0.577172 -1.181607
v -2.308841 0.581108 -1.194098
v -2.313341 0.582158 -1.179512
v -2.324641 0.583551 -1.160499
v -2.314141 0.588384 -1.160917
v -2.333041 0.573998 -1.159855
v -2.327641 0.582005 -1.134044
v -2.321141 0.591634 -1.137688
v -2.311841 0.597041 -1.141078
v -2.307241 0.605886 -1.122731
v -2.315041 0.600556 -1.117233
v -2.319141 0.592178 -1.111011
v -2.240141 0.672579 -1.115527
v -2.228441 0.665490 -1.119348
v -2.233141 0.655817 -1.108093
v -2.242341 0.664333 -1.102987
v -2.243541 0.676719 -1.131513
v -2.230641 0.671462 -1.135827
v -2.251641 0.674434 -1.148976
v -2.260441 0.666940 -1.166443
v -2.246941 0.662723 -1.169695
v -2.238341 0.669764 -1.153056
v -2.266141 0.655941 -1.183915
v -2.252541 0.652346 -1.185828
v -2.270441 0.642189 -1.198842
v -2.256841 0.639845 -1.199881
v -2.274541 0.626811 -1.209959
v -2.279641 0.610709 -1.212102
v -2.267141 0.610463 -1.209612
v -2.261741 0.625132 -1.208654
v -2.285541 0.598444 -1.207910
v -2.291341 0.589491 -1.200420
v -2.277941 0.591554 -1.196293
v -2.272541 0.599249 -1.204558
v -2.297141 0.585290 -1.190248
v -2.301241 0.586235 -1.177271
v -2.287641 0.589583 -1.174571
v -2.283641 0.588463 -1.186256
v -2.278941 0.615893 -1.119141
v -2.282641 0.609141 -1.132157
v -2.295941 0.608386 -1.127794
v -2.291141 0.616236 -1.113011
v -2.285941 0.602142 -1.146089
v -2.299841 0.600106 -1.143804
v -2.301741 0.591796 -1.161018
v -2.288041 0.594779 -1.160644
v -2.224041 0.664331 -1.157780
v -2.216941 0.664507 -1.140240
v -2.232341 0.658347 -1.173657
v -2.211241 0.655603 -1.162698
v -2.218041 0.651157 -1.177483
v -2.206041 0.652161 -1.146672
v -2.237941 0.648393 -1.188463
v -2.224141 0.642568 -1.189905
v -2.242541 0.636099 -1.200901
v -2.228941 0.629734 -1.198268
v -2.247941 0.621627 -1.206956
v -2.253841 0.608251 -1.206035
v -2.240141 0.605968 -1.199557
v -2.235041 0.617131 -1.202010
v -2.249241 0.594740 -1.185689
v -2.245441 0.598249 -1.194299
v -2.258941 0.598499 -1.200294
v -2.264041 0.592671 -1.191419
v -2.269541 0.590895 -1.181606
v -2.273441 0.592873 -1.170872
v -2.257541 0.596408 -1.167961
v -2.255041 0.593939 -1.177121
v -2.273541 0.597610 -1.159377
v -2.258441 0.600188 -1.158925
v -2.271441 0.603633 -1.147605
v -2.255441 0.604695 -1.150348
v -2.276841 0.635009 -1.082864
v -2.281241 0.629780 -1.089380
v -2.272641 0.639027 -1.079624
v -2.269541 0.636023 -1.086511
v -2.271041 0.632376 -1.090931
v -2.273341 0.627458 -1.097630
v -2.214941 0.610138 -1.168060
v -2.238641 0.600790 -1.167505
v -2.242641 0.602313 -1.161005
v -2.237241 0.605462 -1.156614
v -2.217641 0.620665 -1.188781
v -2.224641 0.613493 -1.192907
v -2.227041 0.606296 -1.188018
v -2.268441 0.641822 -1.079460
v -2.264941 0.636862 -1.088866
v -2.263641 0.644417 -1.081012
v -2.258741 0.638829 -1.091656
v -2.204341 0.633637 -1.155367
v -2.206441 0.640756 -1.165770
v -2.209641 0.634452 -1.176155
v -2.214741 0.631911 -1.185820
v -2.233341 0.600894 -1.186431
v -2.233441 0.599951 -1.178873
v -2.240341 0.598356 -1.173858
v -2.268441 0.609474 -1.136145
v -2.253941 0.609167 -1.141171
v -2.265741 0.615134 -1.124995
v -2.250741 0.613686 -1.132793
v -2.239341 0.608225 -1.149040
v -2.233541 0.611685 -1.144830
v -2.208241 0.643301 -1.130461
v -2.206141 0.630019 -1.141455
v -2.216541 0.619826 -1.138444
v -2.223741 0.632846 -1.119552
v -2.286041 0.623276 -1.099777
v -2.275941 0.622017 -1.107364
v -2.263341 0.631615 -1.096786
v -2.263241 0.626369 -1.104705
v -2.254341 0.632771 -1.101125
v -2.251241 0.626637 -1.111000
v -2.249841 0.619668 -1.122026
v -2.263941 0.620822 -1.114345
v -2.258141 0.647986 -1.083808
v -2.252141 0.641817 -1.094787
v -2.252441 0.652453 -1.088255
v -2.245541 0.645515 -1.098077
v -2.240041 0.650129 -1.101614
v -2.247141 0.657730 -1.094558
v -2.244741 0.635295 -1.104885
v -2.237941 0.627762 -1.116544
v -2.236941 0.638829 -1.107082
v -2.225141 0.646073 -1.112769
v -2.233541 0.643538 -1.107108
v -2.216141 0.656380 -1.122885
v -2.233241 0.618214 -1.131427
v -2.278641 0.594352 -1.045372
v -2.290841 0.577920 -1.065866
v -2.318441 0.580355 -1.104089
v -2.330641 0.567179 -1.130603
v -2.315041 0.567672 -1.097919
v -2.331141 0.549898 -1.128007
v -2.338841 0.557890 -1.160195
v -2.341041 0.538417 -1.161234
v -2.339341 0.554596 -1.189538
v -2.343041 0.535604 -1.195356
v -2.332941 0.559009 -1.215324
v -2.338241 0.543185 -1.227368
v -2.325241 0.572326 -1.234079
v -2.330741 0.560485 -1.256007
v -2.317741 0.594790 -1.243084
v -2.321741 0.594883 -1.260107
v -2.317341 0.621574 -1.238613
v -2.327241 0.631726 -1.258054
v -2.321741 0.594061 -1.276884
v -2.329641 0.623262 -1.279484
v -2.327441 0.564523 -1.278811
v -2.319141 0.657078 -1.237640
v -2.313741 0.644035 -1.225280
v -2.306241 0.664218 -1.207271
v -2.306641 0.677409 -1.217018
v -2.297641 0.682858 -1.186849
v -2.295141 0.696414 -1.194271
v -2.287941 0.697488 -1.164657
v -2.283541 0.711650 -1.170441
v -2.275241 0.705096 -1.142275
v -2.269241 0.718952 -1.146274
v -2.260441 0.706096 -1.119979
v -2.251841 0.717235 -1.122033
v -2.236141 0.680128 -1.061295
v -2.221541 0.680725 -1.050942
v -2.216241 0.697477 -1.068494
v -2.235941 0.692072 -1.077124
v -2.208641 0.677979 -1.043389
v -2.199641 0.691827 -1.055802
v -2.245641 0.701277 -1.097522
v -2.233741 0.709516 -1.096239
v -2.164441 0.693266 -1.039290
v -2.178541 0.697406 -1.055276
v -2.155141 0.699808 -1.053533
v -2.172241 0.704470 -1.069889
v -2.188041 0.708259 -1.081588
v -2.191941 0.700884 -1.066793
v -2.206141 0.706481 -1.080289
v -2.200941 0.711345 -1.089821
v -2.145441 0.705806 -1.079026
v -2.168841 0.712618 -1.094455
v -2.136041 0.713977 -1.103992
v -2.165241 0.721376 -1.119186
v -2.190641 0.717464 -1.105391
v -2.209141 0.718790 -1.109220
v -2.192841 0.725518 -1.130063
v -2.222641 0.727610 -1.140158
v -2.222341 0.715445 -1.103405
v -2.239941 0.724097 -1.129745
v -2.258741 0.727705 -1.153776
v -2.247241 0.732247 -1.162927
v -2.265541 0.727159 -1.185562
v -2.274641 0.720009 -1.178066
v -2.287841 0.705126 -1.202777
v -2.282041 0.715253 -1.209798
v -2.299841 0.701649 -1.234133
v -2.302641 0.688809 -1.226970
v -2.320441 0.672071 -1.250787
v -2.330241 0.654963 -1.271721
v -2.313141 0.687029 -1.259930
v -2.333541 0.642474 -1.284271
v -2.294041 0.715037 -1.236957
v -2.301141 0.703953 -1.259843
v -2.285941 0.723781 -1.251171
v -2.285841 0.726705 -1.236075
v -2.279241 0.728969 -1.213103
v -2.274041 0.740388 -1.219949
v -2.261241 0.740733 -1.189877
v -2.252341 0.760721 -1.194218
v -2.266841 0.746771 -1.234902
v -2.243941 0.770637 -1.216478
v -2.214941 0.733780 -1.160032
v -2.205541 0.747530 -1.167342
v -2.231041 0.757863 -1.172749
v -2.239541 0.741562 -1.171498
v -2.218341 0.794336 -1.202070
v -2.224241 0.787302 -1.182848
v -2.199441 0.809513 -1.177243
v -2.195641 0.815139 -1.192941
v -2.174941 0.839478 -1.196326
v -2.181741 0.830801 -1.190122
v -2.179441 0.831316 -1.180075
v -2.170941 0.844204 -1.198354
v -2.188341 0.794866 -1.166579
v -2.168441 0.821319 -1.170141
v -2.159241 0.805186 -1.175191
v -2.170241 0.777282 -1.174218
v -2.211941 0.775523 -1.168110
v -2.189741 0.761992 -1.169702
v -2.150041 0.804290 -1.183859
v -2.155341 0.794356 -1.180132
v -2.157141 0.778577 -1.180954
v -2.147541 0.812582 -1.185177
v -2.148741 0.766223 -1.178671
v -2.156041 0.761580 -1.172932
v -2.136541 0.762560 -1.160554
v -2.132241 0.768570 -1.167415
v -1.990541 0.809141 -1.059463
v -1.978241 0.795030 -1.059687
v -1.972141 0.804456 -1.071858
v -1.989841 0.822184 -1.070120
v -2.012441 0.830952 -1.071010
v -2.004441 0.839687 -1.076510
v -2.010741 0.842061 -1.086288
v -2.016241 0.830591 -1.076841
v -2.020241 0.837162 -1.093286
v -2.023541 0.826549 -1.083088
v -2.003441 0.826768 -1.061138
v -2.002241 0.806461 -1.049603
v -2.015441 0.819534 -1.060759
v -2.021641 0.797606 -1.047216
v -1.992741 0.786384 -1.047171
v -2.011941 0.774089 -1.042480
v -2.021041 0.815832 -1.065984
v -2.027341 0.812612 -1.072583
v -2.031641 0.801393 -1.065726
v -2.028541 0.800051 -1.058192
v -2.058841 0.761229 -1.060661
v -2.056041 0.744917 -1.057508
v -2.033641 0.759384 -1.046244
v -2.039841 0.776970 -1.050625
v -2.034741 0.818466 -1.090472
v -2.033441 0.828744 -1.101792
v -2.049341 0.817019 -1.111993
v -2.049141 0.807399 -1.099934
v -2.054341 0.780149 -1.075883
v -2.056941 0.770956 -1.067706
v -2.040941 0.784988 -1.059273
v -2.040441 0.792014 -1.068078
v -2.037541 0.804576 -1.079063
v -2.051041 0.793545 -1.087421
v -2.086141 0.782027 -1.126860
v -2.065841 0.794881 -1.111985
v -2.066641 0.803579 -1.123697
v -2.086741 0.790044 -1.137210
v -2.097341 0.737157 -1.097829
v -2.100241 0.724215 -1.095781
v -2.078041 0.733172 -1.074221
v -2.078241 0.747734 -1.076576
v -2.110341 0.777443 -1.152972
v -2.111341 0.770035 -1.144490
v -2.188041 0.731642 -1.147435
v -2.178541 0.740316 -1.158749
v -2.158641 0.728199 -1.134815
v -2.146141 0.738191 -1.142946
v -2.090941 0.757025 -1.106986
v -2.092941 0.747479 -1.099630
v -2.074741 0.757973 -1.082088
v -2.071041 0.768318 -1.089397
v -2.120241 0.732779 -1.120623
v -2.127841 0.722298 -1.117830
v -2.110841 0.741477 -1.116909
v -2.115541 0.747551 -1.126571
v -2.167041 0.752363 -1.166058
v -2.142641 0.752304 -1.153039
v -2.087941 0.769705 -1.116562
v -2.114441 0.758605 -1.135742
v -2.067541 0.781767 -1.100130
v -2.266141 0.552868 -1.022854
v -2.261341 0.532840 -1.031538
v -2.272741 0.548217 -1.070106
v -2.269041 0.528448 -1.078074
v -2.246741 0.519555 -1.037323
v -2.228741 0.507318 -1.050760
v -2.255941 0.513942 -1.081826
v -2.240341 0.506538 -1.080256
v -2.291541 0.548821 -1.102727
v -2.305941 0.556446 -1.096070
v -2.321941 0.534371 -1.129716
v -2.307641 0.523060 -1.134985
v -2.332741 0.519572 -1.164438
v -2.318441 0.504550 -1.167921
v -2.338441 0.514186 -1.200815
v -2.325141 0.494965 -1.204442
v -2.332141 0.534125 -1.269468
v -2.337541 0.521547 -1.239351
v -2.325841 0.498901 -1.246084
v -2.329241 0.543991 -1.284017
v -2.284341 0.532877 -1.107565
v -2.275641 0.516327 -1.112339
v -2.294941 0.512482 -1.139109
v -2.278441 0.503203 -1.141454
v -2.257741 0.504828 -1.114413
v -2.234441 0.499986 -1.106983
v -2.254041 0.497578 -1.141182
v -2.224241 0.494949 -1.135626
v -2.300741 0.496187 -1.170513
v -2.278141 0.492182 -1.170547
v -2.303741 0.484447 -1.204456
v -2.275741 0.484431 -1.200751
v -2.272841 0.479739 -1.231877
v -2.304241 0.480687 -1.242941
v -2.209541 0.497106 -1.083411
v -2.191141 0.491625 -1.121596
v -2.157641 0.486500 -1.102463
v -2.184141 0.492513 -1.054530
v -2.158241 0.487061 -1.031509
v -2.126241 0.482150 -1.081180
v -2.096341 0.480456 -1.059041
v -2.132341 0.482881 -1.011419
v -2.108441 0.478543 -0.992039
v -2.086041 0.475508 -0.974386
v -2.068441 0.480975 -1.037074
v -2.042941 0.483695 -1.016780
v -2.002241 0.482364 -0.916888
v -1.992441 0.484635 -0.907740
v -2.013841 0.479772 -0.925654
v -1.962441 0.499787 -0.964753
v -1.950541 0.504030 -0.955089
v -1.941241 0.506988 -0.943997
v -1.982641 0.486853 -0.895990
v -1.972041 0.488273 -0.880882
v -1.931541 0.508174 -0.930004
v -1.921041 0.505678 -0.914724
v -1.884741 0.516886 -0.965957
v -1.873941 0.509498 -0.954368
v -1.895841 0.519184 -0.977843
v -1.899941 0.486158 -0.884111
v -1.947141 0.477871 -0.841722
v -1.959741 0.486307 -0.862665
v -1.910241 0.498020 -0.900246
v -1.863541 0.499078 -0.944059
v -1.852841 0.486857 -0.932051
v -1.935541 0.467951 -0.815957
v -1.890441 0.472372 -0.862478
v -1.879441 0.458805 -0.839430
v -1.921541 0.459429 -0.788407
v -1.841241 0.472599 -0.916056
v -1.828541 0.457379 -0.899015
v -1.903341 0.447816 -0.764544
v -1.865741 0.444455 -0.820135
v -1.854241 0.426924 -0.808137
v -1.891241 0.428332 -0.751659
v -2.065141 0.475138 -0.959482
v -2.046041 0.476188 -0.946599
v -2.020441 0.486380 -0.999294
v -1.999641 0.489750 -0.984973
v -2.028641 0.477542 -0.935501
v -1.979541 0.494522 -0.974076
v -1.906441 0.516978 -0.988089
v -1.919241 0.511918 -0.997501
v -2.036941 0.478108 -1.073703
v -2.007641 0.485902 -1.052813
v -2.069241 0.473707 -1.096098
v -1.982441 0.491469 -1.034958
v -1.959641 0.497206 -1.019997
v -1.937741 0.504510 -1.007851
v -2.175841 0.489165 -1.151491
v -2.137641 0.482282 -1.138270
v -2.214141 0.491992 -1.160441
v -2.206241 0.489858 -1.182203
v -2.168141 0.488575 -1.173963
v -2.248741 0.492083 -1.167147
v -2.242941 0.487946 -1.192331
v -2.237741 0.484883 -1.217052
v -2.202241 0.488389 -1.201621
v -2.172341 0.488939 -1.190470
v -2.102541 0.475736 -1.118819
v -2.229841 0.251370 -1.213371
v -2.249241 0.252402 -1.219021
v -2.239941 0.253798 -1.191492
v -2.221541 0.253869 -1.190987
v -2.225741 0.259401 -1.157107
v -2.207841 0.259211 -1.162427
v -2.208341 0.263750 -1.116684
v -2.188941 0.265932 -1.076889
v -2.173441 0.265980 -1.089708
v -2.191541 0.263717 -1.126403
v -2.168641 0.266549 -1.044598
v -2.147341 0.266177 -1.017674
v -2.133041 0.265355 -1.034450
v -2.153941 0.266120 -1.059548
v -2.124841 0.266884 -0.993792
v -2.093741 0.271309 -0.971796
v -2.110641 0.264998 -1.012935
v -2.077741 0.266708 -0.994203
v -2.250641 0.254057 -1.238758
v -2.230841 0.251429 -1.229796
v -2.202141 0.227818 -1.211442
v -2.215241 0.241156 -1.221982
v -2.214041 0.245759 -1.208190
v -2.203941 0.237064 -1.203389
v -2.206041 0.248884 -1.189676
v -2.195341 0.236347 -1.189407
v -2.193141 0.251870 -1.165360
v -2.181941 0.236572 -1.167557
v -2.150441 0.242642 -1.108602
v -2.166641 0.239913 -1.139013
v -2.178041 0.254800 -1.133235
v -2.161341 0.256545 -1.099675
v -2.113241 0.245280 -1.059464
v -2.132541 0.244702 -1.082137
v -2.142841 0.256791 -1.071313
v -2.122341 0.257316 -1.047742
v -2.091241 0.246602 -1.040956
v -2.100441 0.256337 -1.027565
v -2.068141 0.258410 -1.011617
v -2.060941 0.250535 -1.027704
v -2.186041 0.218335 -1.194867
v -2.167741 0.217626 -1.174173
v -2.120541 0.221528 -1.132975
v -2.133541 0.215964 -1.157743
v -2.152041 0.222075 -1.147468
v -2.136841 0.228140 -1.119266
v -2.119741 0.216896 -1.161695
v -2.106941 0.220414 -1.146463
v -2.087841 0.229701 -1.091127
v -2.105441 0.225718 -1.110393
v -2.119741 0.233211 -1.094629
v -2.101341 0.235363 -1.073166
v -2.091741 0.223873 -1.130234
v -2.073941 0.228565 -1.114533
v -2.079941 0.239015 -1.056825
v -2.067241 0.235349 -1.076373
v -2.052341 0.245261 -1.045442
v -2.042241 0.243334 -1.065588
v -2.053741 0.235593 -1.101100
v -2.030041 0.244294 -1.088872
v -2.000841 0.249384 -1.076554
v -2.010841 0.250055 -1.057182
v -1.986641 0.252769 -1.052215
v -1.972741 0.251902 -1.063084
v -2.015341 0.252869 -1.038486
v -1.978441 0.255940 -1.037906
v -2.016941 0.257673 -1.019573
v -1.971141 0.260833 -1.018788
v -1.952141 0.254386 -1.047312
v -1.935741 0.257540 -1.029298
v -2.018141 0.264328 -0.999751
v -1.964241 0.266966 -0.996892
v -2.025741 0.271530 -0.977293
v -1.958841 0.277872 -0.960694
v -2.046341 0.278481 -0.950541
v -1.998441 0.288445 -0.922212
v -1.919741 0.261981 -1.009304
v -1.900641 0.270717 -0.983952
v -1.966141 0.307111 -0.879951
v -1.942741 0.334868 -0.835555
v -1.904041 0.331347 -0.874727
v -1.926741 0.302030 -0.914706
v -1.875241 0.289526 -0.950998
v -1.849141 0.316961 -0.919944
v -1.919541 0.363667 -0.798712
v -1.899241 0.384776 -0.770833
v -1.861241 0.380025 -0.819794
v -1.880641 0.357326 -0.842757
v -1.889641 0.406562 -0.754534
v -1.851041 0.403419 -0.807007
v -1.825041 0.344399 -0.895802
v -1.804341 0.368541 -0.876961
v -1.814541 0.441900 -0.884394
v -1.801241 0.423800 -0.872930
v -1.793641 0.396432 -0.867417
v -1.627141 0.351755 -0.507511
v -1.580841 0.353662 -0.495580
v -1.565041 0.402181 -0.521894
v -1.525441 0.400943 -0.517859
v -1.554841 0.371386 -0.522892
v -1.512741 0.366935 -0.523853
v -1.479641 0.396247 -0.495795
v -1.441141 0.387558 -0.458539
v -1.469641 0.357603 -0.494448
v -1.431241 0.346631 -0.454119
v -1.410041 0.380560 -0.424489
v -1.379841 0.376854 -0.395356
v -1.398541 0.337971 -0.420768
v -1.366641 0.331692 -0.392185
v -1.348141 0.377433 -0.369278
v -1.311141 0.385218 -0.341376
v -1.334241 0.327951 -0.362453
v -1.294341 0.332495 -0.332236
v -1.515741 0.295014 -0.470759
v -1.533441 0.315084 -0.473092
v -1.538641 0.320051 -0.444954
v -1.512141 0.304193 -0.437567
v -1.495741 0.283995 -0.431335
v -1.489341 0.262073 -0.433318
v -1.504041 0.275850 -0.463365
v -1.499141 0.259827 -0.458291
v -1.547541 0.344229 -0.519270
v -1.508641 0.335793 -0.529180
v -1.539141 0.319790 -0.514188
v -1.509841 0.306997 -0.540379
v -1.470241 0.323572 -0.498340
v -1.476541 0.291800 -0.506608
v -1.440641 0.278575 -0.460301
v -1.432341 0.311467 -0.455774
v -1.397341 0.300312 -0.420865
v -1.401741 0.265019 -0.423729
v -1.362641 0.290170 -0.389604
v -1.363941 0.251273 -0.389072
v -1.326341 0.281421 -0.358161
v -1.287141 0.282372 -0.326451
v -1.324941 0.238150 -0.354780
v -1.284341 0.233797 -0.326586
v -1.279141 0.187122 -0.335224
v -1.321041 0.199613 -0.363844
v -1.312341 0.161404 -0.392222
v -1.269541 0.145041 -0.369337
v -1.363141 0.214100 -0.395753
v -1.357741 0.174571 -0.418698
v -1.403541 0.229841 -0.431996
v -1.401841 0.189456 -0.452287
v -1.444141 0.245405 -0.472056
v -1.443741 0.207146 -0.494427
v -1.528341 0.208084 -0.450497
v -1.515441 0.220553 -0.459885
v -1.556941 0.193614 -0.483999
v -1.540141 0.213958 -0.506450
v -1.498541 0.239236 -0.448777
v -1.511841 0.242402 -0.478943
v -1.593741 0.175924 -0.520693
v -1.576441 0.187195 -0.548984
v -1.520141 0.256122 -0.502883
v -1.525341 0.274790 -0.517218
v -1.542441 0.229987 -0.544179
v -1.532041 0.245172 -0.577750
v -1.529041 0.296682 -0.516440
v -1.514341 0.281090 -0.553012
v -1.481541 0.261101 -0.521224
v -1.484641 0.227409 -0.544630
v -1.566341 0.199427 -0.580023
v -1.558241 0.206039 -0.610890
v -1.595641 0.169844 -0.606895
v -1.584541 0.177949 -0.635871
v -1.643741 0.103246 -0.626013
v -1.641041 0.061635 -0.596191
v -1.627441 0.052396 -0.602641
v -1.626741 0.099027 -0.649800
v -1.624541 0.140741 -0.624824
v -1.610741 0.145053 -0.650616
v -1.614841 0.037010 -0.620469
v -1.627841 0.070885 -0.672180
v -1.623541 0.013220 -0.641893
v -1.643341 0.048458 -0.691221
v -1.647041 -0.009670 -0.654751
v -1.671741 0.028998 -0.704479
v -1.677641 -0.027801 -0.651303
v -1.716341 0.014626 -0.713934
v -1.702641 -0.028166 -0.622776
v -1.747341 0.005557 -0.671892
v -1.794541 0.032655 -0.710476
v -1.838641 0.052332 -0.742082
v -1.769941 0.036433 -0.751125
v -1.811641 0.053328 -0.779688
v -1.870941 0.070727 -0.827154
v -1.844741 0.063929 -0.805113
v -1.873941 0.065082 -0.769986
v -1.901841 0.074404 -0.794083
v -1.924441 0.082224 -0.814762
v -1.943741 0.088881 -0.834407
v -1.910341 0.079751 -0.863289
v -1.891941 0.076099 -0.845371
v -1.962141 0.092872 -0.856411
v -1.929241 0.081093 -0.884546
v -1.981541 0.093908 -0.880993
v -1.949641 0.080427 -0.909127
v -2.004841 0.090944 -0.909114
v -1.973241 0.078162 -0.937207
v -2.030341 0.084532 -0.939940
v -1.998541 0.075560 -0.968112
v -2.056441 0.079603 -0.975589
v -2.024341 0.076223 -1.001730
v -2.079841 0.076018 -1.017068
v -2.045541 0.082862 -1.039908
v -1.524641 0.171959 -0.684203
v -1.521441 0.204466 -0.625106
v -1.548141 0.201125 -0.638223
v -1.566241 0.185706 -0.669176
v -1.431741 0.108566 -0.579924
v -1.437841 0.159701 -0.532760
v -1.479141 0.187210 -0.585245
v -1.471441 0.142605 -0.632728
v -1.350941 0.064341 -0.505378
v -1.347241 0.127160 -0.462740
v -1.394641 0.139980 -0.491842
v -1.392341 0.083296 -0.538328
v -1.261841 0.091142 -0.412055
v -1.302241 0.110986 -0.437941
v -1.307441 0.046570 -0.477267
v -1.266741 0.027150 -0.450054
v -1.623141 0.126664 -0.706184
v -1.618241 0.140381 -0.754065
v -1.576041 0.161001 -0.731523
v -1.597141 0.160635 -0.689273
v -1.639841 0.101413 -0.723186
v -1.644141 0.119724 -0.767393
v -1.658641 0.082311 -0.737425
v -1.665141 0.104458 -0.777000
v -1.685341 0.066657 -0.750661
v -1.689241 0.092516 -0.788617
v -1.718241 0.059041 -0.766031
v -1.716441 0.088894 -0.802051
v -1.753641 0.061769 -0.788711
v -1.743341 0.089016 -0.819574
v -1.787341 0.068747 -0.813846
v -1.768741 0.091974 -0.839335
v -1.815141 0.076161 -0.836152
v -1.790841 0.097069 -0.859672
v -1.838241 0.082737 -0.856102
v -1.810741 0.099763 -0.880050
v -1.847141 0.096161 -0.917824
v -1.829041 0.099057 -0.898823
v -1.858141 0.087369 -0.873662
v -1.876841 0.089130 -0.891790
v -1.887641 0.084958 -0.960951
v -1.866041 0.091456 -0.938434
v -1.896541 0.088253 -0.912777
v -1.918041 0.083124 -0.936416
v -1.942941 0.074828 -1.012130
v -1.913941 0.077896 -0.985806
v -1.942541 0.077471 -0.963092
v -1.968741 0.073731 -0.991658
v -1.993741 0.075974 -1.055737
v -1.972441 0.073127 -1.037873
v -1.995441 0.073655 -1.021213
v -2.015841 0.080591 -1.052462
v -1.991741 0.078139 -1.075644
v -1.957741 0.071658 -1.055588
v -1.922841 0.071902 -1.030632
v -1.813441 0.085451 -0.947099
v -1.825741 0.093001 -0.937442
v -1.840241 0.086304 -0.958268
v -1.817141 0.077399 -0.965300
v -1.859041 0.081040 -0.981315
v -1.888341 0.076257 -1.005735
v -1.778541 0.089654 -0.919607
v -1.791241 0.100108 -0.901366
v -1.809241 0.097535 -0.919046
v -1.798041 0.087023 -0.936289
v -1.792441 0.078871 -0.956198
v -1.767941 0.083675 -0.938989
v -1.738541 0.083801 -0.884589
v -1.752541 0.092687 -0.863534
v -1.772241 0.098494 -0.882327
v -1.758741 0.088134 -0.902166
v -1.744841 0.084304 -0.922324
v -1.722641 0.080851 -0.906097
v -1.695241 0.075756 -0.851502
v -1.707841 0.085589 -0.829490
v -1.731241 0.088255 -0.845963
v -1.717741 0.079315 -0.867822
v -1.700841 0.075037 -0.890610
v -1.678041 0.069529 -0.875205
v -1.682141 0.087115 -0.814476
v -1.669941 0.073807 -0.835288
v -1.644041 0.075503 -0.821465
v -1.656941 0.095670 -0.803157
v -1.653241 0.065125 -0.859836
v -1.628441 0.061466 -0.845225
v -1.593141 0.079518 -0.795887
v -1.604641 0.115220 -0.781179
v -1.633541 0.105491 -0.794670
v -1.620341 0.077639 -0.810021
v -1.605541 0.057396 -0.832140
v -1.580241 0.052703 -0.816988
v -1.514741 0.073436 -0.744955
v -1.514141 0.121597 -0.720604
v -1.562441 0.124790 -0.756378
v -1.556341 0.080947 -0.774067
v -1.548441 0.046997 -0.796486
v -1.511241 0.036854 -0.772036
v -1.469841 0.094367 -0.674614
v -1.472741 0.049449 -0.709895
v -1.434841 0.015581 -0.672007
v -1.433341 0.057724 -0.626971
v -1.470641 0.016652 -0.743466
v -1.429241 -0.010466 -0.713097
v -1.396141 0.028125 -0.588433
v -1.394541 -0.012811 -0.640410
v -1.356241 -0.042178 -0.609270
v -1.359841 0.001643 -0.553518
v -1.386941 -0.036352 -0.684959
v -1.344141 -0.062825 -0.657057
v -1.322241 -0.023107 -0.519104
v -1.316441 -0.071604 -0.577133
v -1.273441 -0.088139 -0.542739
v -1.281541 -0.041510 -0.487023
v -1.299641 -0.091100 -0.627456
v -1.255241 -0.116181 -0.595966
v -1.108041 0.782970 -0.536299
v -1.120941 0.776260 -0.529479
v -1.097341 0.751486 -0.513497
v -1.083941 0.762112 -0.518786
v -0.963841 0.650621 -0.443363
v -0.986541 0.678256 -0.458577
v -0.996641 0.667008 -0.451221
v -0.972041 0.642057 -0.433947
v -1.024241 0.708513 -0.480949
v -1.036641 0.695937 -0.474873
v -1.089941 0.629358 -0.460032
v -1.131541 0.658997 -0.485546
v -1.140141 0.646062 -0.466469
v -1.100341 0.616845 -0.443033
v -1.172541 0.672378 -0.476250
v -1.171941 0.694402 -0.498302
v -1.181541 0.656049 -0.453965
v -1.151941 0.630903 -0.441911
v -1.114441 0.602437 -0.419334
v -1.056241 0.737673 -0.499980
v -1.069941 0.724645 -0.494731
v -1.114941 0.735378 -0.513838
v -1.086141 0.708514 -0.494673
v -1.102841 0.690861 -0.496005
v -1.134141 0.718560 -0.514019
v -1.064741 0.662995 -0.471689
v -1.050641 0.680382 -0.472677
v -1.007641 0.651196 -0.446335
v -1.019041 0.631560 -0.442874
v -0.981341 0.627526 -0.426983
v -0.990941 0.607786 -0.421726
v -1.151541 0.704979 -0.509604
v -1.118441 0.674902 -0.493732
v -1.078041 0.646144 -0.467866
v -1.076941 0.567197 -0.392244
v -1.055941 0.578268 -0.417140
v -1.033341 0.553068 -0.390465
v -1.059141 0.543730 -0.364366
v -1.014341 0.566727 -0.406496
v -1.042141 0.592233 -0.431550
v -1.001141 0.586184 -0.415476
v -1.030741 0.611450 -0.438140
v -1.243141 0.473213 -0.311290
v -1.287741 0.447058 -0.326542
v -1.262941 0.403745 -0.310442
v -1.217041 0.436305 -0.298522
v -1.250141 0.353481 -0.303964
v -1.198641 0.385733 -0.285050
v -1.196241 0.692864 -0.465136
v -1.201241 0.677027 -0.447830
v -1.201041 0.711017 -0.475795
v -1.209241 0.711652 -0.440397
v -1.215641 0.729672 -0.447057
v -1.211341 0.695144 -0.428741
v -1.408941 0.656062 -0.419906
v -1.404741 0.633805 -0.423010
v -1.360641 0.635353 -0.398077
v -1.359141 0.657993 -0.389541
v -1.402841 0.613692 -0.409661
v -1.357741 0.616886 -0.394048
v -1.418141 0.682528 -0.404836
v -1.431841 0.695759 -0.370706
v -1.379341 0.688976 -0.371202
v -1.391841 0.702449 -0.334353
v -1.439741 0.706093 -0.324724
v -1.396341 0.714223 -0.287286
v -1.353041 0.726431 -0.256221
v -1.348041 0.747027 -0.204131
v -1.355141 0.714662 -0.305091
v -1.322841 0.728987 -0.282817
v -1.318041 0.741418 -0.238416
v -1.297041 0.767136 -0.179716
v -1.345541 0.699199 -0.340453
v -1.324741 0.682597 -0.361458
v -1.295541 0.702736 -0.335839
v -1.313741 0.714518 -0.314616
v -1.293341 0.679280 -0.374975
v -1.272941 0.702037 -0.351306
v -1.306841 0.657834 -0.393658
v -1.264741 0.665387 -0.404636
v -1.260041 0.685688 -0.385218
v -1.250041 0.707929 -0.362983
v -1.231741 0.718894 -0.374062
v -1.233341 0.697828 -0.395828
v -1.217141 0.713944 -0.405905
v -1.221741 0.733694 -0.383915
v -1.230941 0.678131 -0.415310
v -1.225341 0.750000 -0.419524
v -1.216041 0.731258 -0.414208
v -1.224241 0.749189 -0.390221
v -1.236241 0.765830 -0.392154
v -1.250441 0.808643 -0.363707
v -1.254541 0.786042 -0.390071
v -1.228841 0.836530 -0.347252
v -1.217841 0.805073 -0.347187
v -1.236941 0.784243 -0.366135
v -1.221341 0.764864 -0.351641
v -1.225741 0.752140 -0.365307
v -1.230241 0.766526 -0.368072
v -1.218741 0.781037 -0.348993
v -1.294241 0.516736 -0.348113
v -1.328141 0.500983 -0.357949
v -1.310141 0.478939 -0.342409
v -1.270841 0.498920 -0.331224
v -1.174041 0.482698 -0.305627
v -1.203641 0.514175 -0.318011
v -1.152341 0.448274 -0.294216
v -1.118441 0.493571 -0.313405
v -1.140741 0.523742 -0.330875
v -1.174241 0.562115 -0.349868
v -1.108341 0.553268 -0.359601
v -1.088341 0.527357 -0.336173
v -1.138241 0.585156 -0.385885
v -1.247541 0.556811 -0.353384
v -1.264841 0.538780 -0.348227
v -1.236841 0.529683 -0.334835
v -1.220441 0.560518 -0.349961
v -1.176341 0.612576 -0.411128
v -1.206041 0.595527 -0.383376
v -1.205841 0.637567 -0.427398
v -1.247341 0.618427 -0.403273
v -1.308441 0.637742 -0.401243
v -1.261041 0.644279 -0.413683
v -1.306041 0.617902 -0.395992
v -1.223141 0.659400 -0.427324
v -1.393841 0.595697 -0.386271
v -1.351941 0.598088 -0.382625
v -1.379841 0.572918 -0.370173
v -1.344541 0.578566 -0.372547
v -1.368141 0.551188 -0.363429
v -1.337841 0.560899 -0.366768
v -1.357041 0.532021 -0.362846
v -1.325941 0.545379 -0.365171
v -1.343541 0.517228 -0.365113
v -1.311841 0.531242 -0.359787
v -1.312141 0.581396 -0.376389
v -1.316141 0.567768 -0.371175
v -1.301641 0.560123 -0.368917
v -1.284341 0.577221 -0.375230
v -1.285541 0.549515 -0.360522
v -1.260841 0.568070 -0.364345
v -1.234241 0.582302 -0.369624
v -1.267241 0.595280 -0.384292
v -1.308041 0.599432 -0.385051
v -1.391541 0.908567 -0.121264
v -1.362541 0.958095 -0.116866
v -1.349041 0.924457 -0.089783
v -1.325241 0.974248 -0.086472
v -1.330941 1.000997 -0.131087
v -1.294941 1.022655 -0.158871
v -1.297941 1.020527 -0.101898
v -1.266141 1.048492 -0.129613
v -1.199941 1.026252 -0.180998
v -1.226641 0.987638 -0.211003
v -1.260241 1.015973 -0.190214
v -1.233841 1.048393 -0.160472
v -1.141241 0.989359 -0.207897
v -1.168341 0.948669 -0.245235
v -1.196441 0.968651 -0.230644
v -1.169741 1.007726 -0.196506
v -1.217941 0.760787 -0.340159
v -1.217041 0.753717 -0.323744
v -1.235941 0.729804 -0.343072
v -1.227641 0.739676 -0.356018
v -1.235641 0.742662 -0.287127
v -1.266241 0.721348 -0.311512
v -1.249341 0.722346 -0.328583
v -1.222741 0.745667 -0.305983
v -1.169941 0.829897 -0.278321
v -1.196741 0.817468 -0.319317
v -1.203541 0.856277 -0.320053
v -1.174941 0.879091 -0.285363
v -1.205141 0.786348 -0.326745
v -1.195541 0.784572 -0.303209
v -1.100941 0.930797 -0.187980
v -1.132241 0.880345 -0.231398
v -1.143941 0.915044 -0.245798
v -1.115041 0.961104 -0.204340
v -1.283841 0.730622 -0.291937
v -1.296341 0.741912 -0.267437
v -1.253041 0.749304 -0.268808
v -1.269141 0.758867 -0.245610
v -1.193741 0.776306 -0.281754
v -1.202241 0.769966 -0.260688
v -1.163241 0.814111 -0.251597
v -1.168041 0.803819 -0.229760
v -1.129341 0.857785 -0.212182
v -1.134241 0.844234 -0.191137
v -1.097341 0.907750 -0.168992
v -1.104241 0.891774 -0.149291
v -1.298841 0.750103 -0.237908
v -1.278641 0.764922 -0.212100
v -1.218541 0.773607 -0.242445
v -1.183541 0.804448 -0.211393
v -1.235741 0.782301 -0.219799
v -1.200841 0.811685 -0.189533
v -1.123441 0.887533 -0.135014
v -1.151441 0.842649 -0.174300
v -1.168941 0.846550 -0.153637
v -1.140741 0.887986 -0.117057
v -1.302541 0.845233 -0.095114
v -1.302641 0.883292 -0.076161
v -1.340241 0.855209 -0.097837
v -1.345341 0.819003 -0.122792
v -1.330341 0.894448 -0.078515
v -1.305741 0.907960 -0.064603
v -1.346741 0.782212 -0.160002
v -1.300541 0.806123 -0.130357
v -1.247341 0.788421 -0.183981
v -1.255041 0.800317 -0.140713
v -1.212041 0.818088 -0.153398
v -1.220841 0.831915 -0.110618
v -1.179541 0.850972 -0.119621
v -1.190841 0.868427 -0.082339
v -1.151741 0.893094 -0.087910
v -1.165041 0.913481 -0.059672
v -1.310641 0.942594 -0.065884
v -1.285941 0.992573 -0.062361
v -1.285741 0.946546 -0.047822
v -1.254941 1.009478 -0.032825
v -1.262741 0.834291 -0.101564
v -1.268641 0.876917 -0.069923
v -1.231141 0.866762 -0.074423
v -1.240141 0.913085 -0.049478
v -1.272941 0.920365 -0.054061
v -1.246441 0.961460 -0.037334
v -1.203341 0.904383 -0.051389
v -1.213541 0.952106 -0.034976
v -1.178041 0.948606 -0.036783
v -1.188141 0.992316 -0.025413
v -1.219441 0.999286 -0.028112
v -1.218441 1.046535 -0.024148
v -1.192441 1.034398 -0.020449
v -1.190841 1.076722 -0.014470
v -1.262841 1.043375 -0.074618
v -1.236941 1.079638 -0.100346
v -1.236041 1.073509 -0.048616
v -1.211441 1.113260 -0.074039
v -1.208841 1.087161 -0.129657
v -1.184941 1.124601 -0.100122
v -1.157041 1.116507 -0.121030
v -1.177441 1.073206 -0.151408
v -1.208641 1.099253 -0.031484
v -1.187741 1.139412 -0.051876
v -1.183041 1.124920 -0.016461
v -1.164141 1.161803 -0.032236
v -1.148141 1.055109 -0.163986
v -1.130141 1.100484 -0.133085
v -1.103841 1.083017 -0.139315
v -1.120141 1.037060 -0.172253
v -1.143341 1.176036 -0.052941
v -1.163641 1.153379 -0.074900
v -1.121141 1.172905 -0.071355
v -1.138241 1.148597 -0.094212
v -1.093941 1.012905 -0.165150
v -1.080341 1.061892 -0.129231
v -1.066541 1.040115 -0.109668
v -1.079041 0.987080 -0.146626
v -1.080041 1.147907 -0.085838
v -1.090841 1.119212 -0.110755
v -1.114141 1.135592 -0.106492
v -1.099941 1.163106 -0.083647
v -1.070341 1.002740 -0.073487
v -1.081341 0.947510 -0.108870
v -1.075141 0.965114 -0.127274
v -1.063541 1.020544 -0.090177
v -1.104741 0.975037 -0.065690
v -1.117641 0.937794 -0.084896
v -1.101241 0.939891 -0.098497
v -1.088741 0.989629 -0.066841
v -1.054741 1.114488 -0.057339
v -1.059441 1.081706 -0.080892
v -1.071141 1.100455 -0.100031
v -1.064041 1.131158 -0.075197
v -1.129541 0.946270 -0.063665
v -1.142641 0.967670 -0.044184
v -1.110341 0.995790 -0.048851
v -1.121341 1.017441 -0.033662
v -1.057841 1.064068 -0.060186
v -1.055741 1.098905 -0.035812
v -1.078641 1.083602 -0.019076
v -1.069841 1.046117 -0.044407
v -1.090241 1.026803 -0.043031
v -1.099841 1.050803 -0.026903
v -1.154641 0.996901 -0.028451
v -1.163341 1.031997 -0.018787
v -1.132541 1.037593 -0.021966
v -1.137141 1.063674 -0.012328
v -1.165541 1.068537 -0.011542
v -1.162741 1.106834 -0.001791
v -1.137041 1.095770 -0.002738
v -1.132241 1.130661 0.008717
v -1.112541 1.060619 -0.018316
v -1.108241 1.081768 -0.009968
v -1.104241 1.110645 0.001537
v -1.099541 1.142677 0.013927
v -1.074341 1.119576 -0.002148
v -1.070941 1.149007 0.011893
v -1.054041 1.128802 -0.016034
v -1.051041 1.141772 -0.035710
v -1.049141 1.165685 -0.016382
v -1.052541 1.155679 0.000563
v -1.052841 1.180606 0.014541
v -1.068541 1.176452 0.023915
v -1.049441 1.187853 0.000239
v -1.051141 1.201674 0.010563
v -1.056341 1.201762 0.024493
v -1.069041 1.194429 0.029974
v -1.058041 1.156335 -0.051788
v -1.070941 1.170947 -0.061853
v -1.054141 1.177911 -0.030192
v -1.064741 1.190475 -0.039475
v -1.087841 1.183983 -0.062092
v -1.080141 1.200997 -0.041264
v -1.105641 1.192085 -0.051602
v -1.095741 1.203840 -0.038494
v -1.093441 1.174796 0.024819
v -1.084741 1.202955 0.028068
v -1.106841 1.207011 0.008371
v -1.124541 1.169614 0.017505
v -1.155541 1.151211 0.001604
v -1.138341 1.184865 -0.012056
v -1.122341 1.196602 -0.032906
v -1.101841 1.211898 -0.020393
v -1.080141 1.216261 -0.019637
v -1.080141 1.222747 0.003080
v -1.064941 1.218322 -0.005192
v -1.063141 1.208093 -0.018712
v -1.068441 1.219289 0.022812
v -1.056041 1.213223 0.004928
v -1.053641 1.197737 -0.011203
v -1.466441 0.857332 -0.624310
v -1.449941 0.856986 -0.606400
v -1.424341 0.860281 -0.637060
v -1.445341 0.867479 -0.653969
v -1.432141 0.887681 -0.667112
v -1.410841 0.880763 -0.651590
v -1.390841 0.871121 -0.637428
v -1.371841 0.860397 -0.623630
v -1.401741 0.853530 -0.631244
v -1.385441 0.842595 -0.618961
v -1.485141 0.852205 -0.516025
v -1.469141 0.850221 -0.497509
v -1.446341 0.845674 -0.532835
v -1.460441 0.849055 -0.552972
v -1.438741 0.851252 -0.583696
v -1.428741 0.843251 -0.559922
v -1.415241 0.838128 -0.581959
v -1.421941 0.849152 -0.606056
v -1.408741 0.846318 -0.615838
v -1.400341 0.835672 -0.601635
v -1.450741 0.849136 -0.478941
v -1.429441 0.849741 -0.461876
v -1.409241 0.842558 -0.496655
v -1.429341 0.843356 -0.513737
v -1.352941 0.848722 -0.610689
v -1.368541 0.831072 -0.605210
v -1.349641 0.819856 -0.591541
v -1.332741 0.837200 -0.598641
v -1.415141 0.835625 -0.539132
v -1.397741 0.828737 -0.520702
v -1.387041 0.817707 -0.542783
v -1.403241 0.828088 -0.561009
v -1.387341 0.823922 -0.585694
v -1.370541 0.811672 -0.569781
v -1.405441 0.850921 -0.447784
v -1.386241 0.840796 -0.481932
v -1.378041 0.851142 -0.436151
v -1.362641 0.832216 -0.467108
v -1.309741 0.827515 -0.587187
v -1.327241 0.808908 -0.579058
v -1.302141 0.798960 -0.566518
v -1.284741 0.819064 -0.574558
v -1.378241 0.819243 -0.503928
v -1.368341 0.804219 -0.526242
v -1.357941 0.805144 -0.487222
v -1.347441 0.787512 -0.511191
v -1.350441 0.797232 -0.555800
v -1.327041 0.781581 -0.543392
v -1.348241 0.845415 -0.425567
v -1.337841 0.818199 -0.451800
v -1.319341 0.831248 -0.417981
v -1.310841 0.802712 -0.442187
v -1.333441 0.789283 -0.471220
v -1.321341 0.772667 -0.497134
v -1.305541 0.776943 -0.462325
v -1.293741 0.764901 -0.487671
v -1.252741 0.764639 -0.452326
v -1.266841 0.788428 -0.418881
v -1.243841 0.768497 -0.420647
v -1.229741 0.749572 -0.449901
v -1.292141 0.811160 -0.417051
v -1.283841 0.784549 -0.441646
v -1.278541 0.767071 -0.463102
v -1.270541 0.761344 -0.485074
v -1.255041 0.760250 -0.473217
v -1.255341 0.759411 -0.486289
v -1.258341 0.810889 -0.559810
v -1.275341 0.791391 -0.551834
v -1.251441 0.785048 -0.537580
v -1.234541 0.801417 -0.545138
v -1.299541 0.770394 -0.530223
v -1.273741 0.765777 -0.518071
v -1.213741 0.732248 -0.480864
v -1.192941 0.727777 -0.505467
v -1.207841 0.749068 -0.509832
v -1.228441 0.748871 -0.485903
v -1.139241 0.761856 -0.528117
v -1.159241 0.746619 -0.524500
v -1.160441 0.787643 -0.537428
v -1.183441 0.773130 -0.530764
v -1.235041 0.755486 -0.494532
v -1.241341 0.760016 -0.503483
v -1.216941 0.759935 -0.514105
v -1.223141 0.768483 -0.519816
v -1.192441 0.756350 -0.521327
v -1.175741 0.734490 -0.517496
v -1.203741 0.765229 -0.522411
v -1.206141 0.774517 -0.527077
v -1.216641 0.788250 -0.534087
v -1.199241 0.798171 -0.539317
v -1.234541 0.777524 -0.527101
v -1.180141 0.812045 -0.545318
v -1.254741 0.763725 -0.510378
v -2.355641 0.014109 -1.296357
v -2.349041 0.017372 -1.268218
v -2.333741 0.005004 -1.287974
v -2.333441 0.008651 -1.269830
v -2.333041 0.021746 -1.238512
v -2.316141 0.011288 -1.253248
v -2.287741 0.021715 -1.227696
v -2.307741 0.029239 -1.207322
v -2.307141 0.005803 -1.270798
v -2.275141 0.018989 -1.247889
v -2.274141 0.044407 -1.177186
v -2.239441 0.061552 -1.148336
v -2.252741 0.039959 -1.198782
v -2.216041 0.057041 -1.167131
v -2.209041 0.069785 -1.117804
v -2.183041 0.060460 -1.133074
v -2.151141 0.060839 -1.154989
v -2.116341 0.066908 -1.116569
v -2.195041 0.057215 -1.188958
v -2.096341 0.073022 -1.066928
v -2.058741 0.092494 -1.084722
v -2.023941 0.090567 -1.086037
v -2.237441 0.040756 -1.220973
v -0.979141 0.136421 -0.777135
v -0.957441 0.192613 -0.789077
v -0.922241 0.186116 -0.763613
v -0.946341 0.123012 -0.753377
v -0.941241 0.250006 -0.795839
v -0.895841 0.262091 -0.764381
v -0.935641 0.306659 -0.800241
v -0.888441 0.325994 -0.774569
v -1.009341 0.077645 -0.762139
v -1.053541 0.027355 -0.732924
v -0.975941 0.063996 -0.737694
v -1.017041 0.014076 -0.707956
v -1.093041 -0.025703 -0.707777
v -1.054841 -0.038254 -0.681564
v -1.087041 -0.092070 -0.660569
v -1.126241 -0.079143 -0.686358
v -1.156041 -0.124408 -0.659153
v -1.116641 -0.138269 -0.634520
v -1.186141 -0.144064 -0.615927
v -1.147441 -0.162188 -0.592043
v -0.853541 0.392189 -0.731434
v -0.861141 0.343676 -0.754904
v -0.840041 0.376177 -0.714539
v -0.854441 0.318811 -0.747643
v -0.927041 0.627040 -0.454658
v -0.920941 0.621209 -0.469725
v -0.934441 0.629430 -0.440695
v -0.913441 0.608759 -0.426377
v -0.904941 0.606428 -0.441339
v -0.897241 0.601742 -0.457139
v -0.849841 0.447252 -0.688047
v -0.833641 0.432782 -0.675269
v -0.855541 0.491481 -0.642689
v -0.836841 0.479170 -0.634292
v -0.873341 0.513340 -0.605350
v -0.851341 0.499120 -0.596865
v -0.888241 0.531754 -0.575925
v -0.863841 0.516272 -0.566412
v -0.898541 0.550019 -0.552519
v -0.872641 0.533992 -0.542237
v -0.904741 0.568635 -0.533400
v -0.878041 0.552385 -0.522731
v -0.908641 0.586305 -0.516941
v -0.912041 0.601314 -0.501239
v -0.885641 0.584219 -0.489817
v -0.881841 0.569732 -0.505890
v -0.916041 0.612812 -0.485441
v -0.890741 0.594689 -0.473578
v -1.250041 0.296082 -0.300507
v -1.248541 0.237019 -0.301154
v -1.207741 0.242463 -0.269182
v -1.212541 0.313755 -0.275533
v -1.218241 0.163294 -0.285730
v -1.247341 0.177517 -0.313147
v -1.236441 0.124785 -0.343275
v -1.211241 0.102193 -0.316648
v -1.227341 0.069394 -0.386180
v -1.197241 0.046636 -0.363569
v -1.229941 0.006883 -0.423791
v -1.196241 -0.013909 -0.402268
v -1.240141 -0.057848 -0.459429
v -1.233041 -0.104487 -0.511539
v -1.195441 -0.123104 -0.486082
v -1.202141 -0.075962 -0.437449
v -1.213441 -0.134884 -0.565605
v -1.175941 -0.152909 -0.540013
v -1.171141 0.297380 -0.250746
v -1.182941 0.329327 -0.262603
v -1.139841 0.352439 -0.250133
v -1.162241 0.374670 -0.267165
v -0.942641 0.627403 -0.428292
v -0.922841 0.607178 -0.413046
v -0.951441 0.620183 -0.417896
v -0.932541 0.600306 -0.401728
v -1.128441 0.426993 -0.278030
v -1.098241 0.470136 -0.294641
v -1.107241 0.406864 -0.259273
v -1.078341 0.447835 -0.274708
v -1.070041 0.504563 -0.314666
v -1.042841 0.524461 -0.339748
v -1.051441 0.482215 -0.293935
v -1.026341 0.504456 -0.317978
v -1.017441 0.534903 -0.365883
v -0.997541 0.548203 -0.384339
v -1.003241 0.516702 -0.344108
v -0.983441 0.528744 -0.365041
v -0.982741 0.566984 -0.395462
v -0.967441 0.547190 -0.377286
v -0.954341 0.568197 -0.385374
v -0.971041 0.588051 -0.402845
v -0.960841 0.606880 -0.409658
v -0.942941 0.586962 -0.392792
v -0.892241 0.169182 -0.744668
v -0.914741 0.106388 -0.736318
v -0.870341 0.236096 -0.742961
v -0.841841 0.214516 -0.728495
v -0.859641 0.149187 -0.729910
v -0.878841 0.086545 -0.722452
v -0.942041 0.047761 -0.718709
v -0.979241 -0.001748 -0.685741
v -0.902441 0.027290 -0.704379
v -0.936441 -0.021389 -0.666755
v -1.048141 -0.109814 -0.638066
v -1.015841 -0.053888 -0.657436
v -0.972541 -0.073470 -0.636042
v -1.005841 -0.132203 -0.618338
v -1.080041 -0.159460 -0.614723
v -1.114641 -0.189370 -0.574299
v -1.041141 -0.186131 -0.597149
v -1.080241 -0.220087 -0.557763
v -0.844141 0.298611 -0.729390
v -0.820641 0.276755 -0.713639
v -0.825841 0.358794 -0.699928
v -0.803941 0.337272 -0.686461
v -0.883041 0.587319 -0.428031
v -0.874141 0.583402 -0.444988
v -0.892841 0.588887 -0.412012
v -0.871241 0.568046 -0.396502
v -0.860241 0.567570 -0.414059
v -0.849941 0.564345 -0.432579
v -0.817841 0.416790 -0.663883
v -0.796341 0.396206 -0.652765
v -0.819141 0.466054 -0.625843
v -0.797541 0.448982 -0.616524
v -0.830141 0.485458 -0.589349
v -0.840541 0.501894 -0.558638
v -0.814141 0.485724 -0.552771
v -0.805641 0.469512 -0.582167
v -0.848241 0.518686 -0.534016
v -0.821041 0.501330 -0.528419
v -0.853241 0.536240 -0.513857
v -0.826141 0.517639 -0.507532
v -0.856841 0.553141 -0.496241
v -0.860841 0.567287 -0.479487
v -0.834941 0.547807 -0.470108
v -0.830441 0.533854 -0.488453
v -0.866541 0.577106 -0.462385
v -0.841341 0.558137 -0.451473
v -1.181541 0.134756 -0.265360
v -1.171541 0.199364 -0.244755
v -1.175441 0.075915 -0.300654
v -1.138141 0.095693 -0.251716
v -1.129241 0.038012 -0.294856
v -1.132341 0.154907 -0.226218
v -1.163041 0.019918 -0.348603
v -1.161441 -0.039447 -0.386932
v -1.121541 -0.018894 -0.339252
v -1.122741 -0.077083 -0.373706
v -1.164941 -0.098634 -0.421444
v -1.126641 -0.132845 -0.405113
v -1.158441 -0.146703 -0.466225
v -1.117941 -0.177584 -0.448597
v -1.140341 -0.176935 -0.519681
v -1.101141 -0.206677 -0.500984
v -1.146241 0.260610 -0.231760
v -1.116841 0.322709 -0.229933
v -1.112941 0.216036 -0.212928
v -1.089341 0.282452 -0.207844
v -0.903341 0.586931 -0.397401
v -0.883141 0.564699 -0.380369
v -0.914441 0.579008 -0.385243
v -0.895841 0.555555 -0.367882
v -1.034441 0.390457 -0.228778
v -1.057441 0.422346 -0.253359
v -1.085541 0.381411 -0.238523
v -1.060941 0.344577 -0.215032
v -0.989941 0.450402 -0.270652
v -1.008841 0.480658 -0.296430
v -1.031941 0.456914 -0.272375
v -1.011041 0.425184 -0.247083
v -0.988041 0.494648 -0.323260
v -0.969541 0.506559 -0.347105
v -0.971241 0.467228 -0.298016
v -0.954441 0.481052 -0.325457
v -0.923841 0.518554 -0.353516
v -0.939041 0.545507 -0.369070
v -0.953241 0.524124 -0.361405
v -0.938741 0.497646 -0.345422
v -0.926141 0.565047 -0.376042
v -0.909441 0.539539 -0.359502
v -0.820241 0.125198 -0.715385
v -0.835941 0.063132 -0.707493
v -0.805041 0.189329 -0.714041
v -0.755141 0.148373 -0.693696
v -0.767741 0.087601 -0.692540
v -0.781741 0.029130 -0.682735
v -0.855841 0.004446 -0.688885
v -0.886941 -0.042516 -0.648056
v -0.800141 -0.023641 -0.660776
v -0.829741 -0.063164 -0.620414
v -0.894041 -0.169824 -0.565944
v -0.956541 -0.155460 -0.597460
v -0.922641 -0.094637 -0.614941
v -0.863441 -0.111955 -0.586002
v -0.994141 -0.215902 -0.577954
v -1.028641 -0.247677 -0.534734
v -0.924641 -0.223734 -0.541649
v -0.958341 -0.264826 -0.506987
v -0.786041 0.247705 -0.698207
v -0.740641 0.206758 -0.683171
v -0.771741 0.307581 -0.673772
v -0.728141 0.264883 -0.663045
v -0.835141 0.546225 -0.398478
v -0.822641 0.542723 -0.419118
v -0.847841 0.545275 -0.378800
v -0.805041 0.518667 -0.379454
v -0.821041 0.516439 -0.356745
v -0.788941 0.515986 -0.403852
v -0.765341 0.367577 -0.642819
v -0.766641 0.423082 -0.608722
v -0.723941 0.381960 -0.606117
v -0.722641 0.325834 -0.636443
v -0.772841 0.448204 -0.577503
v -0.779941 0.465854 -0.550427
v -0.733641 0.433754 -0.554807
v -0.729141 0.415483 -0.578113
v -0.786241 0.480702 -0.526820
v -0.738941 0.450012 -0.531319
v -0.791941 0.495355 -0.505028
v -0.744941 0.465934 -0.507249
v -0.797541 0.510237 -0.483723
v -0.752841 0.481993 -0.482069
v -0.804041 0.524215 -0.462372
v -0.763141 0.497006 -0.456148
v -0.812141 0.535369 -0.440684
v -0.774941 0.508390 -0.429839
v -1.023341 0.035303 -0.205662
v -1.084741 0.100975 -0.213543
v -1.082441 0.042188 -0.248032
v -1.015541 -0.027262 -0.244078
v -1.073141 -0.016487 -0.293032
v -1.012041 -0.087043 -0.282131
v -1.071741 -0.073203 -0.330405
v -1.015341 -0.140687 -0.315518
v -1.076641 -0.127038 -0.360498
v -1.023441 -0.185532 -0.345185
v -1.081341 -0.175941 -0.389301
v -1.030141 -0.220817 -0.373893
v -1.069941 -0.214402 -0.430515
v -1.012541 -0.251853 -0.410165
v -1.051441 -0.239519 -0.480666
v -0.987241 -0.269441 -0.457172
v -1.073641 0.161695 -0.193266
v -1.055341 0.227597 -0.184505
v -1.026841 0.097162 -0.172295
v -1.013441 0.159424 -0.157838
v -0.861541 0.540137 -0.361170
v -0.838041 0.509305 -0.337529
v -0.876641 0.527705 -0.348975
v -0.856541 0.490254 -0.326922
v -0.981941 0.288043 -0.159536
v -1.009541 0.349422 -0.198521
v -1.033541 0.296031 -0.186516
v -1.000741 0.228108 -0.152120
v -0.943741 0.362337 -0.191555
v -0.968941 0.411542 -0.236461
v -0.988141 0.384925 -0.214677
v -0.961741 0.333095 -0.172830
v -0.951941 0.431327 -0.263052
v -0.936841 0.447617 -0.291550
v -0.927741 0.385300 -0.215957
v -0.913341 0.403852 -0.243722
v -0.888641 0.441836 -0.298900
v -0.908541 0.485488 -0.336216
v -0.922941 0.465124 -0.318574
v -0.900541 0.421851 -0.272320
v -0.892741 0.507577 -0.342238
v -0.875641 0.465816 -0.320137
v -0.340041 -0.123981 0.202440
v -0.353941 -0.071462 0.227647
v -0.468841 -0.078960 0.165704
v -0.450141 -0.123220 0.132866
v -0.237841 -0.124291 0.266030
v -0.248541 -0.058957 0.284473
v -0.354641 -0.013783 0.233122
v -0.249241 0.005892 0.287262
v -0.471541 -0.023071 0.174380
v -0.711941 0.122245 0.054956
v -0.801841 0.172046 -0.010450
v -0.806341 0.123197 -0.004190
v -0.717641 0.074070 0.058250
v -0.876641 0.189260 -0.065039
v -0.866641 0.236170 -0.075820
v -0.886141 0.132231 -0.061060
v -0.812741 0.063824 -0.002952
v -0.720641 0.017387 0.059745
v -0.352841 0.038080 0.233549
v -0.470441 0.029233 0.175834
v -0.246041 0.059034 0.284658
v -0.347341 0.085807 0.227624
v -0.238541 0.103248 0.275423
v -0.466941 0.079880 0.174788
v -0.594641 -0.010544 0.116011
v -0.592841 0.043439 0.116161
v -0.588541 0.093111 0.114657
v -0.680941 0.191768 0.013742
v -0.778541 0.238445 -0.051346
v -0.790241 0.210756 -0.026619
v -0.699341 0.163586 0.041745
v -0.855141 0.273563 -0.093468
v -0.840041 0.299491 -0.118899
v -0.337041 0.128199 0.213573
v -0.457741 0.128328 0.165098
v -0.227441 0.139479 0.258808
v -0.321741 0.162702 0.190547
v -0.213241 0.169989 0.237252
v -0.440841 0.166030 0.140456
v -0.577941 0.138905 0.104111
v -0.560041 0.173447 0.078684
v -0.636041 0.226467 -0.062363
v -0.758541 0.264673 -0.123037
v -0.766641 0.256455 -0.083549
v -0.659341 0.210669 -0.021716
v -0.825541 0.316256 -0.150374
v -0.812441 0.331241 -0.183957
v -0.396241 0.214116 0.071845
v -0.419141 0.192507 0.107344
v -0.302341 0.190337 0.161610
v -0.280641 0.213562 0.129310
v -0.195841 0.197979 0.212543
v -0.176841 0.226090 0.185737
v -0.538141 0.197470 0.044727
v -0.514741 0.217098 0.007108
v -0.590141 0.285451 -0.132341
v -0.711441 0.324562 -0.189656
v -0.734541 0.290873 -0.159971
v -0.612541 0.248186 -0.103166
v -0.797041 0.353321 -0.215522
v -0.783641 0.379829 -0.244024
v -0.352441 0.261373 0.003686
v -0.374041 0.235278 0.037120
v -0.259141 0.237097 0.096828
v -0.238741 0.266564 0.065695
v -0.158941 0.257896 0.159148
v -0.142241 0.294306 0.132627
v -0.491741 0.237167 -0.031186
v -0.469641 0.265311 -0.065402
v -0.688941 0.354229 -0.220778
v -0.568441 0.320832 -0.160124
v -0.545241 0.351039 -0.191915
v -0.665141 0.381611 -0.252234
v -0.776041 0.406402 -0.271921
v -0.747041 0.434463 -0.294422
v -0.309941 0.332755 -0.060758
v -0.331541 0.295385 -0.028084
v -0.219641 0.304176 0.035738
v -0.199141 0.341563 0.002764
v -0.122941 0.331970 0.101773
v -0.105541 0.376141 0.070997
v -0.448941 0.302037 -0.093907
v -0.426241 0.336084 -0.126276
v -0.687241 0.448261 -0.360830
v -0.717241 0.447135 -0.326137
v -0.633441 0.401176 -0.287052
v -0.602241 0.410540 -0.323868
v -0.519341 0.373163 -0.231091
v -0.491441 0.387499 -0.272425
v -0.252941 0.382454 -0.148408
v -0.283241 0.364303 -0.101788
v -0.173741 0.374203 -0.038102
v -0.144141 0.388632 -0.084439
v -0.080741 0.415059 0.028997
v -0.047441 0.429649 -0.021839
v -0.399341 0.362993 -0.166775
v -0.369841 0.380417 -0.211234
v -0.636441 0.426719 -0.429304
v -0.658041 0.440574 -0.393835
v -0.574741 0.409938 -0.363271
v -0.551741 0.397831 -0.404647
v -0.462341 0.388546 -0.314335
v -0.435341 0.372899 -0.355118
v -0.191541 0.355454 -0.241743
v -0.220841 0.380093 -0.197129
v -0.113141 0.385937 -0.130875
v -0.083441 0.363853 -0.174638
v -0.012841 0.422666 -0.072031
v 0.019259 0.397675 -0.117467
v -0.338841 0.380511 -0.257407
v -0.311241 0.357664 -0.300113
v -0.611541 0.378563 -0.503440
v -0.621441 0.405954 -0.466479
v -0.534641 0.372283 -0.447411
v -0.516641 0.334166 -0.480792
v -0.412741 0.342297 -0.391966
v -0.395041 0.301156 -0.423320
v -0.168141 0.315974 -0.277507
v -0.058941 0.326081 -0.210503
v -0.038741 0.279198 -0.239588
v -0.149641 0.267741 -0.305770
v 0.043659 0.354631 -0.152238
v 0.067559 0.313412 -0.187403
v -0.287641 0.323380 -0.337377
v -0.270241 0.277495 -0.366404
v -0.598341 0.310044 -0.573658
v -0.611041 0.346568 -0.545579
v -0.504241 0.289716 -0.506930
v -0.483541 0.256201 -0.543648
v -0.381241 0.255808 -0.449511
v -0.357741 0.223890 -0.487838
v -0.131241 0.223025 -0.334227
v -0.020441 0.232563 -0.266054
v 0.004059 0.197081 -0.303388
v -0.107941 0.187273 -0.370375
v 0.085059 0.264517 -0.211197
v 0.107259 0.223247 -0.243760
v -0.253741 0.232750 -0.394362
v -0.230541 0.198537 -0.431121
v -0.587041 0.218253 -0.612480
v -0.590141 0.267004 -0.596508
v -0.474241 0.209198 -0.565528
v -0.470741 0.158228 -0.577823
v -0.342641 0.179479 -0.516379
v -0.337141 0.126548 -0.529389
v -0.080441 0.153614 -0.414915
v 0.033259 0.165442 -0.349914
v 0.048659 0.110746 -0.373846
v -0.070841 0.096349 -0.430883
v 0.135759 0.189135 -0.289128
v 0.156259 0.137055 -0.321822
v -0.207541 0.160353 -0.470216
v -0.200441 0.104486 -0.484400
v -0.590541 0.114924 -0.632142
v -0.587441 0.166714 -0.623606
v -0.470541 0.107449 -0.584798
v -0.473241 0.057152 -0.588038
v -0.335441 0.073660 -0.536287
v -0.337441 0.020798 -0.538475
v -0.064441 0.038949 -0.442853
v 0.060659 0.052549 -0.396180
v 0.064559 -0.010586 -0.405981
v -0.064141 -0.019668 -0.445979
v 0.172859 0.077387 -0.353257
v 0.180059 0.009657 -0.370138
v -0.197441 0.048526 -0.491878
v -0.198741 -0.007284 -0.493337
v -0.602241 0.018950 -0.628536
v -0.593941 0.067565 -0.632507
v -0.479241 0.007585 -0.586628
v -0.488841 -0.039972 -0.580192
v -0.343241 -0.030958 -0.535590
v -0.352641 -0.080940 -0.528795
v -0.070441 -0.076021 -0.438153
v 0.058259 -0.071542 -0.396521
v 0.045859 -0.128254 -0.377398
v -0.081341 -0.129722 -0.424263
v 0.174759 -0.057466 -0.363143
v 0.160759 -0.118981 -0.340694
v -0.204741 -0.061570 -0.488296
v -0.214741 -0.113729 -0.478523
v -0.630541 -0.066262 -0.598257
v -0.614241 -0.027871 -0.617549
v -0.503341 -0.083596 -0.565613
v -0.521341 -0.115861 -0.541454
v -0.366941 -0.128694 -0.515559
v -0.388241 -0.164193 -0.487482
v -0.096141 -0.181156 -0.406334
v 0.029159 -0.180960 -0.353132
v 0.001059 -0.232000 -0.317950
v -0.122141 -0.225720 -0.373979
v 0.141259 -0.174268 -0.309968
v 0.110259 -0.229240 -0.269206
v -0.229341 -0.164748 -0.464275
v -0.254041 -0.203698 -0.431993
v -0.650741 -0.088136 -0.568483
v -0.540141 -0.126677 -0.507227
v -0.563441 -0.132434 -0.466994
v -0.677841 -0.095315 -0.527932
v -0.413441 -0.175751 -0.445685
v -0.439841 -0.171775 -0.397171
v -0.047441 -0.259904 -0.253569
v -0.163841 -0.247961 -0.317380
v 0.056359 -0.264993 -0.199073
v 0.008759 -0.244088 -0.119717
v -0.091041 -0.241932 -0.182298
v -0.201341 -0.229292 -0.252881
v -0.287641 -0.219411 -0.382525
v -0.318141 -0.202301 -0.323927
v -0.704541 -0.134977 -0.500600
v -0.593441 -0.161365 -0.433024
v -0.620741 -0.197111 -0.405864
v -0.729241 -0.176712 -0.472086
v -0.470541 -0.198756 -0.360583
v -0.498341 -0.231741 -0.330957
v -0.234641 -0.245548 -0.209556
v -0.122841 -0.259316 -0.138538
v -0.143741 -0.292031 -0.113504
v -0.258641 -0.279615 -0.183699
v -0.020841 -0.268987 -0.077599
v -0.039341 -0.299742 -0.051849
v -0.351041 -0.224682 -0.283765
v -0.377541 -0.258860 -0.256012
v -0.641441 -0.234341 -0.375585
v -0.662441 -0.292696 -0.352350
v -0.774841 -0.273042 -0.416112
v -0.749241 -0.223409 -0.444364
v -0.523541 -0.254941 -0.297353
v -0.540541 -0.316389 -0.284617
v -0.290241 -0.359197 -0.143474
v -0.279641 -0.302398 -0.150372
v -0.162741 -0.319908 -0.085583
v -0.173241 -0.374142 -0.079738
v -0.055341 -0.335086 -0.033280
v -0.066141 -0.388293 -0.031281
v -0.401141 -0.279840 -0.220976
v -0.413341 -0.339770 -0.215363
v -0.077841 -0.469897 -0.040458
v -0.186941 -0.456500 -0.081146
v -0.115141 -0.519069 0.012463
v -0.223841 -0.506394 -0.027866
v -0.308141 -0.439761 -0.134460
v -0.346041 -0.494946 -0.083193
v -0.384141 -0.493828 -0.014911
v -0.268341 -0.515961 0.046702
v -0.304341 -0.457107 0.117758
v -0.425341 -0.453994 0.055934
v -0.167541 -0.532372 0.097832
v -0.195741 -0.451392 0.167376
v -0.433941 -0.419532 -0.199490
v -0.472141 -0.477994 -0.148715
v -0.600441 -0.446263 -0.216880
v -0.564941 -0.386641 -0.261777
v -0.730941 -0.392474 -0.281952
v -0.867141 -0.314274 -0.329370
v -0.811841 -0.312190 -0.377029
v -0.692541 -0.349728 -0.322627
v -0.592641 -0.072357 0.109293
v -0.722341 -0.055341 0.058099
v -0.702141 -0.112110 0.019921
v -0.573241 -0.119871 0.073860
v -0.674141 -0.407460 -0.094106
v -0.787441 -0.350206 -0.170496
v -0.759241 -0.393418 -0.231521
v -0.634741 -0.439017 -0.155753
v -0.868641 -0.302213 -0.268362
v -0.877441 -0.259880 -0.219709
v -0.313341 -0.343804 0.145015
v -0.434141 -0.338302 0.083431
v -0.202241 -0.346258 0.195558
v -0.206841 -0.246230 0.213425
v -0.311941 -0.233833 0.152144
v -0.429241 -0.224949 0.085849
v -0.315341 -0.162968 0.165101
v -0.210341 -0.172675 0.226640
v -0.429441 -0.156452 0.096464
v -0.824341 -0.009223 -0.009425
v -0.894041 0.067053 -0.066772
v -0.900841 0.000937 -0.085562
v -0.819641 -0.084581 -0.041477
v -0.667541 -0.209268 -0.048765
v -0.772841 -0.176091 -0.114241
v -0.779441 -0.259602 -0.137052
v -0.676541 -0.304890 -0.061466
v -0.867841 -0.186783 -0.190094
v -0.866241 -0.114287 -0.162216
v -0.508341 -0.470371 -0.082057
v -0.550241 -0.435952 -0.014533
v -0.555141 -0.323924 0.012249
v -0.551041 -0.215925 0.020565
v -0.553041 -0.151184 0.035468
v -0.673841 -0.144260 -0.026434
v -0.784641 -0.116119 -0.084591
v -0.878241 -0.052087 -0.127828
v -0.945941 -0.283464 -0.381761
v -0.906941 -0.289599 -0.424192
v -0.872741 -0.267184 -0.468359
v -0.842641 -0.223382 -0.497954
v -0.818441 -0.173496 -0.523687
v -0.792341 -0.123228 -0.549097
v -0.761041 -0.082305 -0.582566
v -0.732941 -0.055390 -0.621462
v -0.714441 -0.016219 -0.645517
v -0.701241 0.033600 -0.661538
v -0.693041 0.091332 -0.670684
v -0.682341 0.146544 -0.667558
v -0.671341 0.202324 -0.653579
v -0.666141 0.262872 -0.635516
v -0.666941 0.319384 -0.611778
v -0.674641 0.365696 -0.584930
v -0.675041 0.383838 -0.562833
v -0.679741 0.403407 -0.537749
v -0.684841 0.424412 -0.508072
v -0.693541 0.444447 -0.477251
v -0.706641 0.461964 -0.446176
v -0.724641 0.476222 -0.415893
v -0.745641 0.484659 -0.385448
v -0.767041 0.485011 -0.355477
v -0.788641 0.479590 -0.327846
v -0.812341 0.464934 -0.308468
v -0.834341 0.438490 -0.296491
v -0.843241 0.411517 -0.270320
v -0.855541 0.388942 -0.243992
v -0.868041 0.370903 -0.214695
v -0.881441 0.353156 -0.185281
v -0.896041 0.332161 -0.158560
v -0.911741 0.304834 -0.136617
v -0.927441 0.262706 -0.121950
v -0.942941 0.210799 -0.113064
v -0.952941 0.147332 -0.113768
v -0.962341 0.083491 -0.125213
v -0.962441 0.024324 -0.153213
v -0.949841 -0.039368 -0.191194
v -0.944841 -0.105631 -0.224617
v -0.946241 -0.168018 -0.259216
v -0.950441 -0.217335 -0.294655
v -0.961041 -0.248248 -0.331321
v -0.983141 -0.255229 -0.360979
v -0.209041 0.247496 0.127988
v 0.014409 0.296305 -0.213496
v 0.103309 -0.123618 -0.359046
v -0.109041 -0.327497 -0.059432
v -0.169491 -0.512731 -0.007702
v -0.288941 -0.124136 0.234235
v -0.190491 0.280435 0.099161
v 0.116759 0.064968 -0.374719
v -0.071841 -0.264151 -0.108068
v -0.119691 -0.381218 -0.055510
v -0.301241 -0.065209 0.256060
v -0.282241 0.133840 0.236191
v -0.249091 0.194158 0.187077
v -0.062991 0.404301 -0.101453
v 0.122309 -0.000465 -0.388059
v 0.004459 -0.262449 -0.226320
v -0.091541 -0.295887 -0.082677
v -0.262841 -0.167822 0.195870
v -0.299441 0.048557 0.259104
v -0.228741 0.219826 0.157524
v -0.032091 0.380764 -0.146053
v 0.084509 0.177289 -0.319521
v -0.127241 0.394631 -0.004553
v 0.102459 0.123900 -0.347834
v -0.257791 -0.345031 0.170287
v -0.267491 0.166346 0.213899
v -0.095791 0.409141 -0.053139
v 0.032309 0.248540 -0.238626
v 0.085209 -0.177614 -0.331550
v -0.041141 -0.243010 -0.151008
v -0.217941 -0.524167 0.072267
v -0.292941 0.094528 0.251523
v -0.171291 0.318073 0.068755
v 0.055659 0.210164 -0.273574
v 0.055659 -0.230620 -0.293578
v -0.132391 -0.463199 -0.060802
v -0.250041 -0.454250 0.142567
v -0.301941 -0.003946 0.260192
v -0.152341 0.358853 0.036881
v -0.007641 0.340356 -0.181371
v 0.116509 -0.064504 -0.379832
v -0.259391 -0.240031 0.182785
v -0.109041 -0.327497 -0.059432
v -0.091541 -0.295887 -0.082677
v -0.262841 -0.167822 0.195870
v -0.259391 -0.240031 0.182785
v -0.288941 -0.124136 0.234235
v -0.257791 -0.345031 0.170287
v -0.250041 -0.454250 0.142567
v -0.217941 -0.524167 0.072267
v -0.169491 -0.512731 -0.007702
v -0.132391 -0.463199 -0.060802
v -0.119691 -0.381218 -0.055510
v -0.071841 -0.264151 -0.108068
v -0.041141 -0.243010 -0.151008
v 0.004459 -0.262449 -0.226320
v 0.055659 -0.230620 -0.293578
v 0.085209 -0.177614 -0.331550
v 0.103309 -0.123618 -0.359046
v 0.116509 -0.064504 -0.379832
v 0.122309 -0.000465 -0.388059
v 0.116759 0.064968 -0.374719
v 0.102459 0.123900 -0.347834
v 0.084509 0.177289 -0.319521
v 0.055659 0.210164 -0.273574
v 0.032309 0.248540 -0.238626
v 0.014409 0.296305 -0.213496
v -0.007641 0.340356 -0.181371
v -0.032091 0.380764 -0.146053
v -0.062991 0.404301 -0.101453
v -0.095791 0.409141 -0.053139
v -0.127241 0.394631 -0.004553
v -0.152341 0.358853 0.036881
v -0.171291 0.318073 0.068755
v -0.190491 0.280435 0.099161
v -0.209041 0.247496 0.127988
v -0.228741 0.219826 0.157524
v -0.249091 0.194158 0.187077
v -0.267491 0.166346 0.213899
v -0.282241 0.133840 0.236191
v -0.292941 0.094528 0.251523
v -0.299441 0.048557 0.259104
v -0.301941 -0.003946 0.260192
v -0.301241 -0.065209 0.256060
v -0.127341 -0.535983 0.115051
v -0.071591 -0.524451 0.025721
v 0.187609 -0.169775 -0.292576
v -0.204341 0.014831 0.309121
v -0.083391 0.349495 0.132698
v 0.131959 0.280982 -0.189549
v -0.153591 -0.450140 0.186231
v 0.155459 -0.227078 -0.250498
v -0.066641 0.396793 0.101555
v 0.152559 0.236489 -0.219246
v -0.009941 -0.341609 -0.014228
v 0.222659 -0.049641 -0.347059
v -0.118591 0.273005 0.189431
v 0.089309 0.369050 -0.127304
v -0.020891 -0.394047 -0.013386
v 0.208209 -0.113108 -0.324624
v -0.163091 -0.181640 0.248905
v -0.102541 0.310348 0.163215
v 0.113459 0.328096 -0.163556
v 0.022659 -0.273339 -0.055415
v 0.100059 -0.265943 -0.179394
v -0.180391 0.146081 0.277826
v -0.151241 0.206969 0.236959
v 0.219809 0.088695 -0.333364
v 0.032059 0.440178 -0.046016
v 0.004709 -0.303874 -0.029152
v 0.051709 -0.247183 -0.097610
v 0.227609 0.019529 -0.352232
v -0.199691 0.068495 0.303593
v -0.189991 -0.127780 0.288865
v -0.134191 0.237910 0.213174
v 0.064509 0.411836 -0.090695
v -0.033041 -0.473963 -0.024018
v -0.167341 0.177091 0.258853
v -0.203191 -0.055756 0.308551
v -0.155991 -0.349026 0.212926
v -0.038891 0.432054 0.056986
v 0.180409 0.200314 -0.263582
v -0.191241 0.111167 0.293315
v -0.159341 -0.254931 0.232901
v -0.004191 0.445444 0.005279
v 0.202359 0.149333 -0.299668
vn -0.3070 0.3672 -0.8780
vn -0.0504 0.2674 -0.9623
vn 0.0316 0.3612 -0.9320
vn -0.1529 0.5163 -0.8426
vn 0.1937 0.3009 -0.9338
vn 0.1788 0.2368 -0.9550
vn 0.1610 0.6958 -0.7000
vn 0.0947 0.7468 -0.6583
vn 0.0738 0.8015 -0.5935
vn 0.4311 0.1664 -0.8868
vn 0.5424 0.1092 -0.8330
vn 0.3539 0.2680 -0.8961
vn 0.3070 0.2294 -0.9237
vn 0.5225 0.4636 -0.7156
vn 0.3471 0.5859 -0.7323
vn -0.0494 -0.0575 -0.9971
vn 0.1522 -0.0116 -0.9883
vn -0.3474 -0.0986 -0.9325
vn -0.2041 -0.5725 -0.7941
vn -0.0360 -0.5332 -0.8452
vn 0.1101 -0.4655 -0.8782
vn 0.3136 0.0427 -0.9486
vn 0.2850 -0.3228 -0.9026
vn 0.4719 0.0967 -0.8763
vn 0.3960 -0.2004 -0.8961
vn 0.4956 -0.2205 -0.8401
vn 0.6018 -0.0005 -0.7986
vn 0.5769 0.2608 -0.7740
vn 0.4915 -0.1024 -0.8648
vn 0.1775 0.9764 -0.1233
vn 0.1697 0.9784 -0.1178
vn 0.0778 0.8727 -0.4820
vn 0.1575 0.9839 -0.0844
vn 0.2167 0.9689 -0.1196
vn 0.1697 0.9741 -0.1496
vn 0.2446 0.9350 -0.2570
vn 0.2084 0.8765 -0.4340
vn 0.1573 0.9457 -0.2844
vn 0.1246 0.9735 -0.1918
vn 0.2350 0.9473 -0.2179
vn 0.3155 0.8804 -0.3540
vn 0.2586 0.8918 -0.3713
vn 0.3591 0.8250 -0.4364
vn 0.3930 0.8203 -0.4155
vn 0.3740 0.8237 -0.4262
vn 0.4121 0.7053 -0.5768
vn 0.3486 0.8351 -0.4256
vn 0.5369 0.3490 -0.7681
vn 0.4343 0.7635 -0.4780
vn 0.0552 -0.7732 -0.6318
vn 0.0268 -0.8097 -0.5862
vn 0.0425 -0.8156 -0.5770
vn 0.0585 -0.7995 -0.5978
vn 0.0668 -0.6883 -0.7223
vn 0.1773 -0.6953 -0.6965
vn 0.1956 -0.5916 -0.7822
vn 0.4222 -0.5095 -0.7497
vn 0.6219 -0.3528 -0.6991
vn 0.3672 -0.4606 -0.8081
vn 0.6434 -0.2213 -0.7328
vn 0.4924 -0.2752 -0.8257
vn 0.6520 -0.0818 -0.7538
vn 0.5517 0.1949 -0.8109
vn 0.6934 0.0045 -0.7206
vn 0.6522 0.3302 -0.6823
vn 0.7925 0.0645 -0.6065
vn 0.6856 0.4443 -0.5767
vn 0.4594 0.7923 -0.4016
vn 0.4378 0.8330 -0.3382
vn 0.9061 0.0613 -0.4186
vn 0.7782 0.5126 -0.3628
vn 0.9328 0.0546 -0.3561
vn 0.7560 0.5734 -0.3157
vn 0.3765 0.9036 -0.2045
vn 0.4487 0.8619 -0.2362
vn 0.7145 -0.2139 -0.6661
vn 0.5491 0.4178 -0.7238
vn 0.6862 0.5366 -0.4911
vn 0.8717 -0.0432 -0.4881
vn 0.2585 0.9075 -0.3312
vn 0.1210 0.8544 -0.5052
vn 0.0518 0.9932 -0.1042
vn 0.1686 0.9828 -0.0750
vn 0.1628 0.9794 -0.1195
vn 0.0427 0.9588 -0.2807
vn 0.1788 0.9779 -0.1087
vn 0.0869 0.8892 -0.4492
vn 0.1593 0.8866 -0.4343
vn 0.0101 0.8695 -0.4939
vn 0.3083 0.9105 -0.2757
vn 0.2009 0.9633 -0.1779
vn 0.2105 0.8106 -0.5465
vn 0.3488 0.6823 -0.6426
vn 0.4226 0.8201 -0.3858
vn 0.4823 0.6008 -0.6375
vn 0.5077 0.7282 -0.4605
vn 0.5791 0.5444 -0.6069
vn 0.5076 0.6699 -0.5418
vn 0.4760 0.6647 -0.5758
vn 0.5564 0.4807 -0.6778
vn 0.6014 0.5132 -0.6123
vn 0.4154 0.7085 -0.5705
vn 0.4284 0.7624 -0.4850
vn 0.4910 0.4763 -0.7294
vn 0.5200 0.4433 -0.7301
vn 0.3919 0.8317 -0.3934
vn 0.4018 0.7991 -0.4473
vn 0.4484 0.5429 -0.7101
vn 0.4493 0.6216 -0.6416
vn 0.3137 0.9029 -0.2940
vn 0.3784 0.8714 -0.3123
vn 0.4504 0.7195 -0.5286
vn 0.4253 0.7752 -0.4670
vn 0.1783 0.9094 -0.3759
vn 0.0740 0.8690 -0.4892
vn 0.3859 0.7674 -0.5120
vn 0.3691 0.6980 -0.6136
vn -0.0313 0.4836 -0.8747
vn -0.0679 0.5624 -0.8241
vn -0.0174 0.4067 -0.9134
vn -0.2561 -0.2690 -0.9285
vn -0.2368 -0.2121 -0.9481
vn -0.2414 -0.1498 -0.9588
vn -0.0243 0.2865 -0.9578
vn 0.0999 0.1985 -0.9750
vn -0.2590 -0.2811 -0.9241
vn -0.3143 -0.2928 -0.9030
vn 0.2942 -0.6088 -0.7368
vn 0.1232 -0.2653 -0.9563
vn 0.3476 0.1347 -0.9279
vn 0.5256 0.0038 -0.8507
vn 0.1500 -0.6458 -0.7486
vn -0.0239 -0.3263 -0.9450
vn -0.1559 -0.5464 -0.8229
vn -0.2995 -0.3569 -0.8848
vn 0.6293 -0.0232 -0.7768
vn 0.6354 -0.0181 -0.7720
vn 0.4604 -0.6091 -0.6458
vn 0.3513 -0.6991 -0.6228
vn 0.5044 -0.0282 -0.8630
vn 0.5877 -0.0527 -0.8074
vn 0.4112 -0.5285 -0.7427
vn 0.4830 -0.5373 -0.6914
vn 0.5001 0.1020 -0.8599
vn 0.4556 0.0255 -0.8898
vn 0.3960 -0.5832 -0.7092
vn 0.3577 -0.5491 -0.7553
vn 0.6165 -0.5838 -0.5284
vn 0.4975 -0.6055 -0.6212
vn 0.5980 0.1841 -0.7801
vn 0.6924 0.2373 -0.6814
vn 0.5719 -0.4286 -0.6994
vn 0.5967 -0.4997 -0.6279
vn 0.7424 -0.1385 -0.6555
vn 0.6176 -0.2434 -0.7479
vn 0.8156 -0.0825 -0.5727
vn 0.6373 -0.5764 -0.5114
vn 0.1164 -0.8264 -0.5508
vn 0.1752 -0.8333 -0.5243
vn 0.2006 -0.8562 -0.4761
vn 0.2139 -0.7930 -0.5704
vn 0.1862 -0.9125 -0.3643
vn 0.1752 -0.8563 -0.4858
vn 0.5998 -0.5834 -0.5476
vn 0.8014 0.0028 -0.5982
vn 0.7328 0.0695 -0.6769
vn 0.4771 -0.5453 -0.6892
vn 0.1002 -0.8690 -0.4846
vn 0.1323 -0.9362 -0.3257
vn 0.0714 -0.9314 -0.3570
vn 0.0776 -0.8728 -0.4819
vn 0.2457 -0.7324 -0.6350
vn 0.2537 -0.7371 -0.6264
vn 0.2125 -0.7278 -0.6520
vn 0.2438 -0.7376 -0.6297
vn 0.2439 -0.7039 -0.6671
vn 0.3272 -0.7101 -0.6235
vn 0.4083 -0.5152 -0.7536
vn 0.7005 0.0570 -0.7114
vn 0.7734 -0.0309 -0.6332
vn 0.4708 -0.5775 -0.6670
vn 0.1913 -0.8775 -0.4398
vn 0.1275 -0.8773 -0.4627
vn 0.2646 -0.6854 -0.6784
vn 0.2849 -0.6878 -0.6677
vn 0.3147 -0.6611 -0.6811
vn 0.3105 -0.6485 -0.6950
vn 0.0585 -0.9167 -0.3953
vn 0.0920 -0.9194 -0.3824
vn 0.8716 -0.1526 -0.4659
vn 0.5530 -0.6899 -0.4671
vn 0.5111 -0.8047 -0.3020
vn 0.8794 -0.3021 -0.3679
vn 0.7664 -0.5098 -0.3908
vn 0.6162 -0.6645 -0.4228
vn 0.4065 -0.8954 -0.1818
vn 0.3872 -0.9187 -0.0776
vn 0.2498 -0.8822 -0.3991
vn 0.1659 -0.9419 -0.2919
vn 0.2089 -0.9576 -0.1984
vn 0.2475 -0.8878 -0.3880
vn 0.3289 -0.6433 -0.6913
vn 0.3115 -0.6970 -0.6459
vn 0.3106 -0.6944 -0.6491
vn 0.3052 -0.6245 -0.7189
vn 0.2385 -0.8933 -0.3810
vn 0.2278 -0.9659 -0.1234
vn 0.2726 -0.9620 -0.0139
vn 0.2854 -0.9063 -0.3117
vn 0.2925 -0.6378 -0.7125
vn 0.3095 -0.6932 -0.6509
vn 0.3320 -0.7155 -0.6147
vn 0.3319 -0.6693 -0.6647
vn 0.2680 -0.9288 -0.2558
vn 0.2449 -0.9687 0.0405
vn 0.1092 -0.9940 -0.0077
vn 0.1444 -0.9536 -0.2643
vn 0.1637 -0.9676 -0.1922
vn 0.3391 -0.9377 -0.0761
vn 0.3221 -0.6504 -0.6879
vn 0.3050 -0.7348 -0.6058
vn 0.2268 -0.7371 -0.6366
vn 0.2628 -0.6048 -0.7518
vn 0.3074 -0.6031 -0.7361
vn 0.2387 -0.7464 -0.6212
vn 0.3172 -0.7407 -0.5923
vn 0.3558 -0.6211 -0.6983
vn 0.1613 -0.9468 -0.2786
vn 0.0851 -0.9566 -0.2786
vn 0.2640 -0.9223 -0.2821
vn 0.2138 -0.9375 -0.2745
vn 0.3429 -0.7351 -0.5848
vn 0.3776 -0.7345 -0.5638
vn 0.3667 -0.6432 -0.6721
vn 0.4009 -0.6365 -0.6589
vn 0.4297 -0.6172 -0.6591
vn 0.3946 -0.7534 -0.5260
vn 0.4750 -0.7637 -0.4372
vn 0.5295 -0.6326 -0.5652
vn 0.3896 -0.8765 -0.2828
vn 0.3132 -0.8998 -0.3037
vn 0.1392 -0.8556 -0.4986
vn -0.2414 -0.6867 -0.6857
vn 0.1961 -0.8985 -0.3927
vn 0.1730 -0.9671 -0.1867
vn 0.0700 -0.9735 -0.2179
vn -0.2673 -0.8864 -0.3780
vn 0.0872 -0.9406 -0.3280
vn 0.1722 -0.8922 -0.4176
vn 0.0089 -0.9603 -0.2788
vn 0.0238 -0.9765 -0.2142
vn 0.3002 -0.8165 -0.4931
vn 0.2994 -0.7890 -0.5366
vn 0.1624 -0.9350 -0.3153
vn 0.1127 -0.9477 -0.2985
vn 0.2530 -0.8238 -0.5074
vn 0.2473 -0.8753 -0.4155
vn 0.1518 -0.9576 -0.2447
vn 0.1487 -0.9447 -0.2922
vn 0.2127 -0.8789 -0.4269
vn 0.1513 -0.9196 -0.3627
vn 0.3021 -0.8090 -0.5043
vn 0.4327 -0.4065 -0.8047
vn 0.3598 -0.5333 -0.7656
vn 0.3429 -0.5999 -0.7228
vn 0.2867 -0.3526 -0.8908
vn 0.3452 -0.3761 -0.8599
vn 0.3040 -0.6723 -0.6750
vn 0.2546 -0.6547 -0.7117
vn 0.4140 -0.6749 -0.6108
vn 0.4411 -0.4252 -0.7903
vn 0.2793 -0.3783 -0.8825
vn 0.3206 -0.6370 -0.7011
vn 0.3272 -0.6525 -0.6836
vn 0.3748 -0.4374 -0.8174
vn 0.4563 -0.4666 -0.7577
vn 0.3774 -0.6489 -0.6607
vn 0.2798 -0.5913 -0.7564
vn 0.2585 -0.3362 -0.9056
vn 0.2315 -0.3048 -0.9238
vn 0.2560 -0.5932 -0.7633
vn 0.3578 -0.6410 -0.6791
vn 0.4113 -0.3890 -0.8243
vn 0.4472 -0.3823 -0.8086
vn 0.3762 -0.6070 -0.7000
vn 0.3014 -0.5220 -0.7979
vn 0.3525 -0.2775 -0.8937
vn 0.3936 -0.2548 -0.8833
vn 0.3547 -0.5041 -0.7874
vn 0.3524 -0.5206 -0.7777
vn 0.3786 -0.2267 -0.8974
vn 0.4876 -0.2156 -0.8460
vn 0.4198 -0.5203 -0.7437
vn 0.4458 -0.4405 -0.7792
vn 0.4644 -0.1534 -0.8722
vn 0.4753 -0.0900 -0.8752
vn 0.4705 -0.3456 -0.8119
vn 0.5637 -0.3554 -0.7456
vn 0.5175 -0.1008 -0.8497
vn 0.3846 0.4902 -0.7821
vn 0.3713 0.5014 -0.7815
vn 0.4507 -0.0379 -0.8919
vn 0.4773 -0.0696 -0.8760
vn 0.2792 0.0748 -0.9573
vn 0.2077 0.5923 -0.7785
vn 0.3926 -0.4407 -0.8072
vn 0.4445 -0.4866 -0.7521
vn 0.1577 0.6157 -0.7720
vn 0.2965 0.0849 -0.9513
vn 0.3763 0.0479 -0.9253
vn 0.1822 0.5846 -0.7906
vn 0.0649 0.5793 -0.8125
vn 0.2182 0.0823 -0.9724
vn 0.3935 -0.0498 -0.9180
vn 0.2897 0.4596 -0.8396
vn 0.4758 0.3435 -0.8097
vn 0.5186 -0.1481 -0.8421
vn 0.2889 0.0147 -0.9572
vn 0.3221 0.4462 -0.8350
vn 0.1464 0.5514 -0.8213
vn 0.1955 0.1036 -0.9752
vn 0.4080 0.0083 -0.9129
vn 0.3344 0.4990 -0.7995
vn 0.3838 0.5051 -0.7731
vn 0.4659 -0.0106 -0.8848
vn 0.3754 0.1029 -0.9211
vn 0.2856 0.5775 -0.7648
vn 0.2207 0.6112 -0.7601
vn 0.3664 0.1533 -0.9177
vn 0.3779 0.1894 -0.9063
vn 0.2553 0.6058 -0.7535
vn 0.2107 0.5952 -0.7754
vn 0.4243 0.1938 -0.8845
vn 0.3998 0.1877 -0.8972
vn 0.2260 0.5559 -0.7999
vn -0.0882 0.9921 -0.0886
vn 0.0339 0.9994 -0.0105
vn 0.1235 0.8914 -0.4360
vn -0.0925 0.8735 -0.4780
vn 0.1877 0.8926 -0.4100
vn 0.0353 0.9989 0.0309
vn 0.2655 0.5167 -0.8140
vn -0.0195 0.5556 -0.8312
vn -0.0068 0.9978 0.0661
vn 0.1713 0.9060 -0.3870
vn 0.0370 0.9339 -0.3557
vn -0.1076 0.9923 0.0618
vn -0.1520 0.9870 0.0520
vn -0.0321 0.9351 -0.3531
vn -0.0031 0.9242 -0.3819
vn -0.1351 0.9904 0.0287
vn -0.1278 0.9913 0.0321
vn -0.0504 0.9152 -0.3998
vn 0.0822 0.8971 -0.4341
vn -0.0508 0.9977 0.0456
vn 0.0084 0.9992 0.0388
vn 0.2514 0.8608 -0.4425
vn 0.2000 0.8831 -0.4244
vn -0.0462 0.9987 0.0212
vn -0.0873 0.9959 0.0248
vn 0.0541 0.9123 -0.4059
vn 0.1583 0.8995 -0.4072
vn -0.0443 0.9986 0.0288
vn -0.1361 0.9907 -0.0006
vn 0.1344 0.9048 -0.4041
vn 0.0249 0.9117 -0.4101
vn -0.2305 0.9731 -0.0054
vn -0.2826 0.9590 0.0235
vn -0.0295 0.9047 -0.4250
vn -0.0141 0.8976 -0.4405
vn -0.3161 0.9480 0.0365
vn -0.3581 0.9336 -0.0143
vn -0.0649 0.8696 -0.4894
vn -0.0555 0.8429 -0.5351
vn -0.3849 0.9159 -0.1142
vn 0.5767 0.4521 -0.6805
vn 0.2557 0.9122 -0.3200
vn 0.1492 0.9490 -0.2778
vn 0.4680 0.5611 -0.6827
vn 0.2980 0.8554 -0.4237
vn 0.6211 0.2406 -0.7459
vn -0.2037 0.6783 -0.7060
vn -0.3211 0.4148 -0.8514
vn 0.1093 0.7723 -0.6257
vn 0.1754 0.2893 -0.9410
vn -0.4125 -0.1646 -0.8960
vn -0.0108 -0.4237 -0.9058
vn -0.0645 -0.7961 -0.6018
vn -0.2420 -0.6808 -0.6914
vn 0.3180 -0.7892 -0.5254
vn 0.1350 -0.8684 -0.4771
vn 0.4664 -0.4077 -0.7850
vn 0.4071 -0.7318 -0.5465
vn 0.3072 -0.8237 -0.4766
vn 0.1973 -0.8583 -0.4737
vn 0.4867 0.4329 -0.7588
vn 0.3443 0.8121 -0.4711
vn 0.5157 -0.0476 -0.8554
vn 0.5914 -0.4269 -0.6842
vn 0.1269 0.9760 -0.1772
vn -0.0174 0.9818 -0.1889
vn -0.0317 0.9555 -0.2933
vn 0.1039 0.9244 -0.3671
vn -0.1627 0.9501 -0.2661
vn -0.1520 0.9653 -0.2122
vn -0.0656 0.8009 -0.5952
vn 0.0284 0.8030 -0.5953
vn 0.1221 0.7913 -0.5991
vn -0.2185 0.9484 -0.2299
vn -0.2107 0.9426 -0.2590
vn -0.2701 0.9246 -0.2687
vn -0.3076 0.9159 -0.2579
vn -0.1776 0.7683 -0.6149
vn -0.1150 0.7883 -0.6044
vn -0.4390 0.8541 -0.2788
vn -0.3832 0.8722 -0.3041
vn -0.4644 0.8076 -0.3635
vn -0.5214 0.8070 -0.2773
vn -0.3351 0.6665 -0.6659
vn -0.2702 0.7255 -0.6330
vn -0.4377 0.8435 -0.3114
vn -0.3704 0.8220 -0.4325
vn -0.1933 0.8556 -0.4802
vn -0.2925 0.8801 -0.3739
vn -0.1258 0.7459 -0.6541
vn -0.2696 0.6775 -0.6843
vn -0.2650 0.9377 -0.2247
vn -0.5752 0.8172 -0.0358
vn -0.6263 0.7499 -0.2129
vn -0.3542 0.8756 -0.3285
vn -0.9263 0.3726 0.0550
vn -0.8647 0.4466 0.2300
vn -0.8897 0.3997 -0.2207
vn -0.4783 0.7899 -0.3838
vn -0.5846 0.4311 -0.6873
vn -0.1393 0.7503 -0.6463
vn -0.2646 0.8160 -0.5140
vn -0.7379 0.4840 -0.4704
vn 0.0175 0.9385 -0.3448
vn 0.1678 0.7391 -0.6523
vn 0.1546 0.8968 -0.4146
vn -0.0022 0.9750 -0.2224
vn 0.4093 0.5053 -0.7597
vn 0.2525 0.4411 -0.8612
vn -0.0123 0.8933 -0.4492
vn -0.0319 0.9437 -0.3293
vn -0.0103 0.9487 -0.3159
vn -0.0074 0.8733 -0.4872
vn -0.3122 -0.5956 -0.7401
vn -0.3225 -0.5734 -0.7531
vn -0.3612 -0.5742 -0.7347
vn -0.3376 -0.5412 -0.7701
vn -0.3408 -0.5998 -0.7239
vn -0.3812 -0.6171 -0.6884
vn -0.4359 -0.4945 -0.7520
vn -0.4895 -0.4021 -0.7738
vn -0.3609 -0.4673 -0.8071
vn -0.4341 -0.5472 -0.7156
vn -0.4981 -0.6527 -0.5709
vn -0.4783 -0.4198 -0.7713
vn -0.2781 -0.2440 -0.9290
vn -0.1058 0.5294 -0.8417
vn -0.2491 -0.4600 -0.8523
vn -0.1987 0.4242 -0.8835
vn 0.0461 0.5409 -0.8398
vn -0.0599 0.6461 -0.7609
vn 0.0471 0.1337 -0.9899
vn 0.1223 0.4037 -0.9067
vn 0.1064 0.3210 -0.9411
vn 0.1371 0.3331 -0.9329
vn -0.1838 -0.1300 -0.9743
vn -0.1620 0.5876 -0.7928
vn -0.3089 -0.6517 -0.6928
vn -0.3883 -0.5359 -0.7497
vn -0.1617 -0.3477 -0.9236
vn -0.2007 -0.3915 -0.8980
vn -0.1013 -0.2783 -0.9551
vn 0.3986 0.2404 -0.8850
vn 0.3254 0.2530 -0.9111
vn 0.2431 0.2955 -0.9239
vn -0.1232 -0.4846 -0.8660
vn -0.0662 -0.4925 -0.8678
vn 0.2505 0.2646 -0.9313
vn 0.3070 0.2835 -0.9085
vn 0.0111 -0.2512 -0.9679
vn 0.3560 0.4796 -0.8020
vn 0.3753 0.7290 -0.5724
vn 0.1909 0.1388 -0.9717
vn 0.3350 0.4281 -0.8393
vn 0.3439 0.4657 -0.8154
vn 0.4302 0.8083 -0.4019
vn 0.3175 0.8241 -0.4691
vn 0.3431 0.4141 -0.8431
vn 0.3024 0.7357 -0.6060
vn 0.2906 0.6035 -0.7425
vn 0.2643 0.3278 -0.9070
vn 0.3649 0.6409 -0.6754
vn 0.2017 0.6172 -0.7605
vn 0.3484 0.8534 -0.3877
vn 0.4147 0.8601 -0.2970
vn 0.0150 0.4955 -0.8685
vn 0.1946 0.7435 -0.6398
vn 0.5507 0.5628 -0.6164
vn 0.4839 0.6098 -0.6277
vn 0.4667 0.8189 -0.3341
vn 0.4928 0.7640 -0.4164
vn 0.4892 0.5479 -0.6786
vn 0.5448 0.5394 -0.6420
vn 0.4759 0.7233 -0.5003
vn 0.5084 0.6662 -0.5457
vn 0.5171 0.5647 -0.6432
vn 0.6099 0.5645 -0.5562
vn 0.6566 0.5482 -0.5180
vn 0.5692 0.5936 -0.5689
vn 0.1594 0.6118 -0.7748
vn 0.1477 0.5754 -0.8044
vn 0.1786 0.4657 -0.8667
vn 0.2275 0.5714 -0.7885
vn 0.1248 0.4819 -0.8673
vn 0.1004 0.5901 -0.8010
vn 0.1098 0.6584 -0.7446
vn 0.1785 0.6932 -0.6983
vn 0.0392 0.6141 -0.7883
vn 0.0851 0.5566 -0.8264
vn 0.1668 0.5785 -0.7984
vn 0.2071 0.5613 -0.8012
vn 0.1858 0.3444 -0.9203
vn 0.2059 0.3857 -0.8993
vn 0.1715 0.5130 -0.8411
vn 0.1518 0.5110 -0.8461
vn 0.1319 0.4780 -0.8684
vn 0.1682 0.3363 -0.9266
vn 0.2031 0.4318 -0.8788
vn 0.2106 0.3452 -0.9146
vn 0.1370 0.4302 -0.8923
vn 0.1094 0.4490 -0.8868
vn 0.0598 0.5370 -0.8414
vn 0.1022 0.4060 -0.9081
vn 0.2028 0.3755 -0.9044
vn -0.0154 0.5790 -0.8152
vn -0.0759 0.5498 -0.8319
vn -0.0009 0.4178 -0.9085
vn 0.0346 0.4980 -0.8665
vn 0.0505 0.5228 -0.8510
vn 0.1047 0.3911 -0.9144
vn 0.0230 0.4052 -0.9139
vn 0.0038 0.4838 -0.8752
vn 0.0688 0.2899 -0.9546
vn 0.1063 0.3721 -0.9221
vn 0.4077 0.1785 -0.8955
vn 0.2556 0.1182 -0.9595
vn 0.4197 -0.2067 -0.8838
vn 0.5715 -0.0661 -0.8179
vn -0.1546 0.5044 -0.8495
vn -0.2239 0.4592 -0.8596
vn -0.1235 0.2951 -0.9475
vn -0.0767 0.3640 -0.9282
vn 0.0626 0.2876 -0.9557
vn -0.0207 0.3400 -0.9402
vn 0.0392 0.2344 -0.9714
vn 0.1873 0.0758 -0.9794
vn 0.0053 0.1419 -0.9899
vn -0.0121 0.2474 -0.9688
vn -0.1948 0.4650 -0.8636
vn -0.0571 0.2240 -0.9729
vn -0.0835 0.5501 -0.8309
vn 0.0620 0.2354 -0.9699
vn 0.6471 -0.2724 -0.7121
vn 0.4850 -0.4141 -0.7703
vn 0.5805 -0.4396 -0.6854
vn 0.6500 -0.4223 -0.6318
vn 0.2966 -0.0657 -0.9527
vn 0.1468 0.1164 -0.9823
vn 0.3237 0.0656 -0.9439
vn 0.4541 -0.0357 -0.8902
vn 0.2510 -0.0588 -0.9662
vn 0.1057 0.0078 -0.9944
vn -0.2493 0.3221 -0.9133
vn -0.0226 0.6067 -0.7946
vn 0.1977 -0.0124 -0.9802
vn 0.2488 0.2212 -0.9430
vn 0.5359 -0.5994 -0.5946
vn 0.5845 -0.3824 -0.7157
vn 0.4379 -0.3840 -0.8129
vn 0.3518 -0.7105 -0.6094
vn 0.4103 -0.4007 -0.8192
vn 0.4893 -0.1491 -0.8593
vn 0.5353 -0.0028 -0.8447
vn 0.4043 -0.2345 -0.8840
vn 0.3582 -0.0561 -0.9320
vn 0.5270 0.0545 -0.8481
vn 0.4217 -0.4898 -0.7631
vn 0.3983 -0.0305 -0.9167
vn 0.1232 0.0667 -0.9901
vn 0.2569 -0.4066 -0.8767
vn 0.4414 -0.4391 -0.7825
vn 0.2431 -0.6281 -0.7392
vn 0.3300 -0.7511 -0.5718
vn 0.5069 -0.4955 -0.7053
vn 0.3542 -0.7257 -0.5898
vn 0.3395 -0.7666 -0.5450
vn 0.2482 -0.8151 -0.5234
vn 0.2606 -0.8779 -0.4016
vn 0.2994 -0.7164 -0.6302
vn 0.2803 -0.8643 -0.4176
vn 0.2466 -0.7364 -0.6300
vn 0.2705 -0.7452 -0.6095
vn 0.1824 -0.7943 -0.5796
vn 0.2625 -0.7857 -0.5601
vn 0.2586 -0.8452 -0.4678
vn 0.2533 -0.9025 -0.3483
vn 0.2475 -0.9169 -0.3133
vn 0.3081 -0.6901 -0.6549
vn 0.0115 -0.3389 -0.9408
vn 0.0085 -0.6551 -0.7555
vn 0.7041 -0.5576 -0.4397
vn 0.6472 0.0341 -0.7615
vn 0.9489 -0.3083 -0.0670
vn 0.8742 0.3118 -0.3722
vn 0.8086 -0.5490 -0.2118
vn 0.8630 0.1541 -0.4811
vn 0.2844 -0.8846 -0.3695
vn 0.5455 -0.3147 -0.7768
vn -0.0831 -0.8144 -0.5743
vn 0.1552 0.0455 -0.9868
vn 0.1966 0.0546 -0.9790
vn 0.2882 0.0815 -0.9541
vn 0.0011 -0.6976 -0.7165
vn 0.0406 -0.6066 -0.7940
vn 0.3714 0.0889 -0.9242
vn 0.3794 0.0933 -0.9205
vn 0.0558 -0.5531 -0.8312
vn 0.0493 -0.5283 -0.8476
vn 0.0355 -0.5020 -0.8641
vn 0.3304 0.1233 -0.9358
vn 0.2354 0.1799 -0.9551
vn 0.0090 -0.4450 -0.8955
vn -0.0840 -0.3677 -0.9261
vn 0.0780 0.2288 -0.9703
vn -0.1220 0.1579 -0.9799
vn -0.2354 -0.4691 -0.8512
vn -0.1911 -0.8423 -0.5039
vn -0.1666 -0.7991 -0.5776
vn -0.1570 -0.8630 -0.4802
vn -0.1232 -0.9176 -0.3780
vn -0.2584 -0.9283 -0.2675
vn -0.1829 -0.9320 -0.3130
vn -0.2000 -0.8752 -0.4405
vn -0.2457 -0.8676 -0.4324
vn -0.1905 -0.9757 -0.1085
vn -0.2631 -0.9420 -0.2082
vn -0.2375 -0.8846 -0.4012
vn -0.2033 -0.9146 -0.3494
vn -0.0576 -0.9863 -0.1545
vn -0.1317 -0.9562 -0.2614
vn -0.1126 -0.9936 0.0074
vn -0.0599 -0.9958 0.0691
vn 0.0200 -0.9960 0.0875
vn 0.1576 -0.9868 -0.0367
vn 0.5793 -0.8089 0.1008
vn 0.1982 -0.9781 0.0634
vn 0.4390 -0.8553 -0.2752
vn 0.7278 -0.6852 0.0276
vn 0.1540 -0.9877 -0.0272
vn 0.2666 -0.9638 0.0057
vn -0.0213 -0.9032 -0.4286
vn -0.3288 -0.8711 -0.3648
vn -0.0594 -0.9981 0.0185
vn 0.0739 -0.9970 -0.0231
vn -0.3850 -0.9015 -0.1976
vn -0.2055 -0.9787 -0.0002
vn -0.1696 -0.9777 0.1241
vn -0.1826 -0.9782 0.0989
vn -0.0273 -0.9969 0.0739
vn 0.0579 -0.9983 -0.0034
vn -0.0947 -0.9954 -0.0139
vn -0.1122 -0.9895 0.0907
vn -0.0337 -0.9788 -0.2019
vn 0.0159 -0.9246 -0.3805
vn -0.1488 -0.6873 -0.7110
vn -0.2085 -0.9360 -0.2835
vn 0.2814 -0.6004 -0.7486
vn 0.1258 -0.9191 -0.3734
vn -0.0905 0.5455 -0.8332
vn 0.0173 0.1564 -0.9875
vn 0.4194 0.0894 -0.9034
vn 0.2138 0.2112 -0.9538
vn 0.1184 0.0237 -0.9927
vn 0.1796 0.2804 -0.9429
vn -0.1418 0.4667 -0.8730
vn 0.2923 -0.3507 -0.8897
vn -0.2242 -0.1423 -0.9641
vn 0.4070 -0.4166 -0.8129
vn 0.4229 -0.5865 -0.6908
vn 0.3787 -0.3897 -0.8395
vn 0.3639 -0.4129 -0.8349
vn 0.4062 -0.3367 -0.8495
vn 0.2836 -0.5098 -0.8122
vn 0.2529 -0.6450 -0.7211
vn 0.5279 -0.2229 -0.8195
vn 0.4595 -0.2574 -0.8501
vn 0.5493 -0.1407 -0.8237
vn 0.6267 -0.0107 -0.7792
vn 0.4605 -0.1827 -0.8686
vn 0.3956 -0.3518 -0.8484
vn 0.7069 0.1164 -0.6977
vn 0.8257 0.2075 -0.5246
vn 0.8500 0.2399 -0.4689
vn 0.7639 0.1982 -0.6142
vn 0.6185 0.1105 -0.7780
vn 0.8533 0.3521 -0.3845
vn 0.2856 -0.9063 -0.3115
vn 0.3427 -0.9082 -0.2404
vn 0.3195 -0.9234 -0.2126
vn 0.2084 -0.9531 -0.2195
vn 0.4507 -0.6711 -0.5887
vn 0.6311 -0.4837 -0.6064
vn 0.3738 -0.9174 -0.1368
vn 0.7736 -0.3974 -0.4936
vn 0.7960 -0.4370 -0.4188
vn 0.3511 -0.9352 -0.0457
vn 0.7248 0.2175 -0.6537
vn 0.6848 0.1452 -0.7141
vn 0.5958 -0.6735 -0.4375
vn 0.6756 -0.5690 -0.4688
vn 0.4021 -0.8966 -0.1853
vn 0.3705 -0.9217 -0.1152
vn 0.2942 -0.9556 -0.0149
vn 0.3755 -0.9242 -0.0697
vn 0.2833 -0.9547 -0.0914
vn 0.3417 -0.9296 -0.1384
vn 0.7673 -0.4457 -0.4610
vn 0.8572 0.0320 -0.5140
vn 0.6736 -0.4994 -0.5449
vn 0.7447 -0.1273 -0.6552
vn 0.5409 -0.2936 -0.7882
vn 0.5477 -0.4858 -0.6812
vn 0.6212 0.2312 -0.7488
vn 0.5635 0.3085 -0.7664
vn 0.0438 0.1325 -0.9902
vn -0.0263 0.2939 -0.9555
vn 0.2406 0.6606 -0.7111
vn 0.2949 0.2934 -0.9094
vn 0.2682 0.7428 -0.6135
vn 0.2694 0.8238 -0.4988
vn 0.2721 0.7217 -0.6365
vn 0.3514 0.3076 -0.8842
vn 0.3329 0.8060 -0.4893
vn 0.4040 0.7629 -0.5047
vn 0.3024 -0.5488 -0.7793
vn 0.2066 -0.4265 -0.8806
vn 0.1680 0.3977 -0.9020
vn 0.3676 0.3181 -0.8739
vn 0.0679 0.8759 -0.4777
vn 0.1320 0.8806 -0.4551
vn 0.1152 0.8390 -0.5317
vn 0.0644 0.8536 -0.5170
vn 0.1202 0.6752 -0.7278
vn 0.1499 0.6923 -0.7059
vn 0.2753 0.2458 -0.9294
vn 0.2507 0.2247 -0.9416
vn 0.3357 -0.2543 -0.9070
vn 0.3915 -0.1744 -0.9035
vn 0.2875 0.4224 -0.8596
vn 0.3552 0.3646 -0.8608
vn 0.1807 0.8948 -0.4083
vn 0.1366 0.9010 -0.4118
vn 0.1047 0.9160 -0.3873
vn 0.1754 0.9349 -0.3085
vn 0.3656 0.7095 -0.6024
vn 0.2108 0.7153 -0.6663
vn 0.3764 0.2374 -0.8956
vn 0.5300 0.2382 -0.8138
vn 0.2682 -0.1184 -0.9561
vn -0.0863 -0.1296 -0.9878
vn 0.4125 -0.1668 -0.8956
vn 0.4244 -0.4094 -0.8077
vn 0.1518 -0.3797 -0.9126
vn -0.1681 -0.2848 -0.9437
vn 0.3358 -0.2419 -0.9103
vn 0.2938 -0.2344 -0.9267
vn 0.2745 -0.5412 -0.7948
vn 0.3820 -0.4776 -0.7912
vn 0.4063 -0.1951 -0.8927
vn 0.5404 -0.1061 -0.8347
vn 0.4858 -0.4450 -0.7523
vn 0.3368 -0.5348 -0.7750
vn 0.5441 0.2902 -0.7872
vn 0.5651 -0.0236 -0.8247
vn 0.5489 0.0360 -0.8351
vn 0.5153 0.3336 -0.7894
vn 0.5512 -0.3062 -0.7762
vn 0.5453 -0.3575 -0.7582
vn 0.4493 -0.7148 -0.5359
vn 0.3738 -0.7638 -0.5263
vn 0.4820 -0.6654 -0.5701
vn 0.3632 -0.9064 -0.2155
vn 0.3558 -0.8987 -0.2565
vn 0.3437 -0.8916 -0.2947
vn -0.2373 0.7668 -0.5965
vn 0.1138 0.0338 -0.9929
vn 0.2863 0.2582 -0.9227
vn 0.1756 0.5369 -0.8252
vn 0.0314 0.4160 -0.9088
vn -0.0212 0.9221 -0.3864
vn 0.1589 -0.1399 -0.9773
vn 0.0064 -0.1254 -0.9921
vn 0.1799 0.0745 -0.9809
vn 0.3503 0.1214 -0.9287
vn -0.1859 -0.1977 -0.9625
vn -0.2086 -0.0829 -0.9745
vn -0.1683 -0.3654 -0.9155
vn -0.1331 -0.2299 -0.9641
vn 0.1219 0.2414 -0.9627
vn 0.1836 0.2408 -0.9530
vn 0.0358 -0.5447 -0.8379
vn 0.3552 -0.5936 -0.7222
vn 0.5318 -0.2320 -0.8145
vn 0.2425 -0.0176 -0.9700
vn 0.4093 -0.6312 -0.6588
vn 0.3090 -0.7032 -0.6403
vn 0.5563 -0.4977 -0.6655
vn 0.5847 -0.3726 -0.7206
vn 0.3667 -0.8056 -0.4653
vn 0.2895 -0.7595 -0.5825
vn 0.3192 0.7107 -0.6270
vn 0.2505 0.8361 -0.4880
vn 0.3932 0.5742 -0.7181
vn 0.4276 0.4992 -0.7536
vn 0.4156 0.6224 -0.6632
vn 0.3307 0.6473 -0.6868
vn 0.4798 0.4783 -0.7355
vn 0.4390 0.5153 -0.7360
vn 0.4284 0.6598 -0.6174
vn 0.4472 0.4814 -0.7538
vn 0.3836 0.3558 -0.8522
vn 0.3239 0.2860 -0.9018
vn 0.4132 0.1168 -0.9031
vn 0.4474 0.3122 -0.8380
vn 0.3145 0.5506 -0.7733
vn 0.2281 0.4066 -0.8847
vn 0.3909 0.6864 -0.6132
vn 0.3679 0.7854 -0.4978
vn 0.3593 0.8223 -0.4414
vn 0.3446 0.8022 -0.4875
vn 0.3009 0.5493 -0.7796
vn 0.2546 0.6310 -0.7328
vn 0.1825 0.3708 -0.9106
vn 0.2366 0.2401 -0.9415
vn 0.4468 0.6956 -0.5626
vn 0.6649 0.4710 -0.5796
vn 0.6601 0.5867 -0.4691
vn 0.4809 0.7471 -0.4589
vn 0.5145 0.1206 -0.8490
vn 0.3338 0.1346 -0.9330
vn 0.4341 0.4241 -0.7948
vn 0.6192 0.3239 -0.7153
vn 0.7542 0.2676 -0.5997
vn 0.7281 0.2342 -0.6442
vn 0.6862 0.5253 -0.5032
vn 0.7567 0.5176 -0.3994
vn 0.6722 0.4408 -0.5948
vn 0.6871 0.2516 -0.6816
vn 0.7479 0.4043 -0.5264
vn 0.6841 0.5361 -0.4946
vn -0.7127 0.5631 -0.4182
vn -0.5321 0.5178 -0.6699
vn -0.4815 0.2830 -0.8295
vn -0.8114 0.3383 -0.4767
vn -0.4033 0.2379 -0.8836
vn -0.3821 0.5168 -0.7661
vn -0.3903 0.2236 -0.8931
vn -0.4441 0.2614 -0.8570
vn -0.8131 0.3188 -0.4871
vn -0.2910 0.1227 -0.9488
vn -0.4968 0.3042 -0.8128
vn -0.5208 0.4002 -0.7541
vn -0.3047 0.2873 -0.9081
vn -0.7520 0.4809 -0.4508
vn -0.7895 0.3802 -0.4818
vn -0.4888 0.8237 -0.2873
vn -0.3435 0.8107 -0.4741
vn -0.1783 0.8130 -0.5543
vn -0.0925 0.9093 -0.4056
vn -0.2602 0.8950 -0.3624
vn -0.3815 0.6805 -0.6257
vn -0.2074 0.5964 -0.7755
vn -0.6222 0.6892 -0.3713
vn -0.4039 0.8858 -0.2286
vn -0.3829 0.8097 -0.4448
vn -0.5104 0.8093 -0.2908
vn -0.1901 0.8586 -0.4760
vn -0.1448 0.8401 -0.5227
vn -0.1977 0.3233 -0.9254
vn -0.1548 0.4311 -0.8889
vn -0.1589 0.8285 -0.5370
vn -0.1636 0.2740 -0.9477
vn -0.2289 0.0963 -0.9687
vn -0.1781 0.8705 -0.4588
vn -0.0996 0.9237 -0.3700
vn -0.2160 0.5484 -0.8079
vn -0.1986 0.5610 -0.8036
vn -0.0906 0.9361 -0.3398
vn -0.1344 0.9237 -0.3587
vn -0.1299 0.6663 -0.7343
vn -0.2269 0.6292 -0.7433
vn -0.1133 0.8499 -0.5147
vn -0.1217 0.4503 -0.8845
vn -0.0771 0.5545 -0.8286
vn -0.0580 0.9007 -0.4306
vn -0.0903 0.3191 -0.9434
vn -0.1172 0.2733 -0.9548
vn 0.2260 0.4939 -0.8396
vn 0.1266 0.8888 -0.4405
vn 0.0299 0.8912 -0.4526
vn 0.1737 0.3522 -0.9197
vn -0.0970 0.9859 -0.1364
vn -0.0433 0.9856 -0.1634
vn -0.0049 0.9471 -0.3209
vn -0.0172 0.7020 -0.7120
vn -0.0053 0.8280 -0.5606
vn 0.0076 0.9762 -0.2169
vn 0.0400 0.3919 -0.9191
vn -0.0292 0.3909 -0.9200
vn -0.1418 0.7667 -0.6261
vn -0.1576 0.8674 -0.4719
vn -0.1495 0.5858 -0.7966
vn -0.1457 0.5520 -0.8210
vn -0.0259 0.4463 -0.8945
vn -0.0672 0.4254 -0.9025
vn -0.1220 0.8782 -0.4625
vn -0.0543 0.7060 -0.7061
vn 0.0912 0.3456 -0.9339
vn -0.0211 0.6005 -0.7993
vn 0.0636 0.3594 -0.9310
vn 0.1362 0.0497 -0.9894
vn 0.2069 -0.0549 -0.9768
vn 0.2038 0.1020 -0.9737
vn 0.1227 0.4061 -0.9055
vn 0.0051 0.9106 -0.4133
vn -0.0577 0.9857 -0.1583
vn -0.2853 0.2327 -0.9298
vn -0.0922 0.2159 -0.9721
vn -0.0123 0.1114 -0.9937
vn -0.2933 0.1989 -0.9351
vn 0.1111 0.0868 -0.9900
vn 0.2472 -0.1041 -0.9634
vn 0.3627 -0.4378 -0.8227
vn 0.3031 -0.2389 -0.9225
vn 0.3440 -0.5164 -0.7842
vn 0.5080 -0.4313 -0.7456
vn 0.4850 -0.2877 -0.8258
vn 0.2146 -0.2813 -0.9353
vn 0.5978 -0.1711 -0.7831
vn 0.3692 -0.0799 -0.9259
vn 0.1654 -0.2252 -0.9602
vn 0.2054 -0.2543 -0.9451
vn 0.1721 -0.1693 -0.9704
vn 0.1801 -0.1650 -0.9697
vn 0.3059 -0.2385 -0.9217
vn 0.2862 -0.4055 -0.8681
vn 0.4309 0.3649 -0.8253
vn 0.2863 0.3108 -0.9063
vn 0.4019 0.0778 -0.9124
vn 0.1886 0.1149 -0.9753
vn 0.0205 0.0062 -0.9998
vn 0.0978 -0.0885 -0.9913
vn 0.1936 -0.2913 -0.9368
vn 0.1004 -0.1178 -0.9879
vn 0.0929 -0.0015 -0.9957
vn 0.1745 0.0880 -0.9807
vn 0.0249 0.0585 -0.9980
vn 0.0440 -0.0251 -0.9987
vn 0.0216 0.8212 0.5702
vn -0.0264 0.7763 0.6298
vn -0.0168 0.9321 0.3617
vn -0.0276 0.9550 0.2953
vn -0.0582 0.9155 0.3980
vn -0.1096 0.7549 0.6466
vn -0.2107 0.7510 0.6258
vn -0.1367 0.9100 0.3914
vn -0.1986 0.9122 0.3584
vn -0.2415 0.7563 0.6081
vn -0.2138 0.7633 0.6096
vn -0.1948 0.9112 0.3629
vn -0.2073 0.9097 0.3598
vn -0.2251 0.7627 0.6063
vn -0.2123 0.7629 0.6107
vn -0.1832 0.9077 0.3775
vn -0.1497 0.9079 0.3916
vn -0.2159 0.7696 0.6009
vn -0.2044 0.7736 0.5998
vn -0.1377 0.9115 0.3875
vn -0.1779 0.9055 0.3852
vn -0.2200 0.7633 0.6074
vn -0.2582 0.7467 0.6130
vn -0.1988 0.8972 0.3944
vn -0.2321 0.8936 0.3841
vn -0.3274 0.7290 0.6012
vn -0.3885 0.6893 0.6115
vn -0.3245 0.8734 0.3631
vn -0.3863 0.8330 0.3961
vn -0.4460 0.6375 0.6282
vn -0.5120 0.6272 0.5869
vn -0.4383 0.7865 0.4351
vn -0.4812 0.7640 0.4297
vn -0.5509 0.6806 0.4830
vn -0.5917 0.6908 0.4155
vn -0.5729 0.7583 0.3111
vn -0.5173 0.7676 0.3784
vn -0.5590 0.7006 0.4434
vn -0.5239 0.5770 0.6266
vn -0.5616 0.7273 0.3945
vn -0.6100 0.6757 0.4139
vn -0.6212 0.5061 0.5983
vn -0.5278 0.5444 0.6520
vn -0.5879 0.7052 0.3964
vn -0.1201 0.9084 0.4005
vn -0.1026 0.8013 0.5895
vn -0.0156 0.7443 0.6677
vn -0.0506 0.8415 0.5378
vn 0.0395 0.7282 0.6843
vn 0.0275 0.8122 0.5828
vn -0.2101 0.9398 0.2695
vn -0.2465 0.8002 0.5467
vn -0.2051 0.8056 0.5559
vn -0.1819 0.9353 0.3034
vn -0.1821 0.9465 0.2664
vn -0.2110 0.8291 0.5178
vn -0.2325 0.8119 0.5356
vn -0.2129 0.9402 0.2660
vn -0.1131 0.9379 0.3279
vn -0.2028 0.8426 0.4988
vn -0.2105 0.8409 0.4986
vn -0.1495 0.9474 0.2830
vn -0.0939 0.9130 0.3970
vn -0.1722 0.8202 0.5455
vn -0.1698 0.8322 0.5278
vn -0.0846 0.9232 0.3749
vn -0.1773 0.9213 0.3461
vn -0.2563 0.7968 0.5471
vn -0.2097 0.8085 0.5499
vn -0.1403 0.9121 0.3852
vn -0.1868 0.9403 0.2844
vn -0.2801 0.7898 0.5457
vn -0.3123 0.8112 0.4944
vn -0.1584 0.9527 0.2592
vn -0.1224 0.9233 0.3640
vn -0.1520 0.8383 0.5236
vn -0.4435 0.7704 0.4580
vn -0.3886 0.8042 0.4497
vn -0.1838 0.7315 0.6566
vn -0.5223 0.6669 0.5314
vn -0.5332 0.4975 0.6842
vn -0.1327 0.6391 0.7576
vn 0.0522 0.9500 0.3080
vn -0.0620 0.9486 0.3105
vn -0.0182 0.9934 0.1137
vn 0.0857 0.9879 0.1295
vn -0.1110 0.9910 0.0753
vn -0.1475 0.9548 0.2580
vn -0.1922 0.9630 0.1890
vn -0.1652 0.9863 -0.0019
vn -0.1569 0.9855 -0.0642
vn -0.1922 0.9726 0.1307
vn -0.1749 0.9768 0.1234
vn -0.1108 0.9917 -0.0659
vn -0.0794 0.9959 -0.0427
vn -0.1364 0.9802 0.1433
vn -0.0746 0.9823 0.1721
vn -0.0361 0.9991 -0.0239
vn 0.0518 0.9983 0.0265
vn -0.0143 0.9767 0.2144
vn 0.2690 0.7645 -0.5859
vn 0.0196 0.9752 -0.2206
vn 0.1436 0.9713 -0.1896
vn 0.3334 0.7871 -0.5190
vn 0.1950 0.9739 -0.1163
vn 0.3116 0.8553 -0.4140
vn -0.0642 0.9424 -0.3284
vn -0.0635 0.9561 -0.2862
vn 0.1903 0.7261 -0.6607
vn 0.1788 0.7151 -0.6757
vn 0.0583 0.9696 -0.2375
vn 0.0050 0.9497 -0.3131
vn 0.2363 0.7625 -0.6023
vn 0.3106 0.8107 -0.4964
vn 0.0356 0.9694 -0.2429
vn 0.0280 0.9405 -0.3387
vn -0.1387 0.9865 -0.0867
vn -0.0765 0.9964 -0.0372
vn -0.0807 0.9834 -0.1626
vn -0.1266 0.9902 -0.0590
vn 0.1157 0.8994 -0.4215
vn 0.0335 0.9185 -0.3941
vn 0.1516 0.8591 -0.4888
vn -0.2263 0.9664 -0.1220
vn -0.1683 0.9647 -0.2028
vn -0.2193 0.9252 -0.3096
vn -0.3139 0.9336 -0.1726
vn 0.0193 0.7999 -0.5998
vn 0.0285 0.8847 -0.4653
vn -0.3551 0.9131 -0.2005
vn -0.2171 0.9019 -0.3735
vn -0.0610 0.8772 -0.4762
vn -0.2941 0.9430 -0.1555
vn 0.1548 0.7182 -0.6784
vn 0.0407 0.7639 -0.6440
vn -0.0918 0.9950 -0.0402
vn 0.1879 0.8699 -0.4561
vn 0.3935 0.8373 -0.3795
vn 0.1266 0.9884 0.0842
vn 0.4912 0.6723 -0.5539
vn 0.3387 0.7011 -0.6275
vn 0.2840 0.9437 0.1696
vn 0.5033 0.8121 -0.2951
vn 0.5436 0.8155 -0.1987
vn 0.3616 0.9025 0.2339
vn 0.5718 0.6950 -0.4360
vn 0.5555 0.6645 -0.4999
vn 0.3736 0.8844 0.2798
vn 0.5354 0.8402 -0.0856
vn 0.3365 0.9081 0.2492
vn 0.4959 0.8666 -0.0561
vn 0.5756 0.7503 -0.3251
vn 0.5762 0.7350 -0.3574
vn 0.4725 0.8764 -0.0934
vn 0.2989 0.9311 0.2092
vn 0.2700 0.9445 0.1870
vn 0.4558 0.8775 -0.1490
vn 0.5466 0.7512 -0.3700
vn 0.5701 0.7458 -0.3447
vn 0.2377 0.9565 0.1689
vn 0.4266 0.8863 -0.1805
vn 0.2659 0.9452 0.1893
vn 0.4416 0.8845 -0.1505
vn 0.5015 0.7887 -0.3556
vn 0.5049 0.7762 -0.3777
vn 0.4826 0.8104 0.3323
vn 0.6603 0.7509 -0.0155
vn 0.5258 0.8468 -0.0800
vn 0.3537 0.9013 0.2501
vn 0.5923 0.7519 -0.2896
vn 0.7309 0.6434 -0.2275
vn 0.5903 0.7138 0.3769
vn 0.7508 0.6602 0.0206
vn 0.7556 0.6535 0.0450
vn 0.5928 0.7139 0.3728
vn 0.8284 0.4822 -0.2850
vn 0.8114 0.5372 -0.2304
vn 0.2416 0.7722 -0.5877
vn 0.1615 0.8118 -0.5611
vn 0.2149 0.7392 -0.6383
vn 0.2864 0.7030 -0.6510
vn 0.2034 0.6321 -0.7478
vn 0.2888 0.5959 -0.7493
vn 0.2811 0.5108 -0.8125
vn 0.3218 0.4846 -0.8134
vn 0.3621 0.5675 -0.7395
vn 0.3450 0.4740 -0.8101
vn 0.3325 0.4895 -0.8061
vn 0.2127 0.5851 -0.7826
vn 0.2685 0.5904 -0.7611
vn 0.4425 0.4786 -0.7584
vn 0.4267 0.4993 -0.7541
vn 0.4716 0.5370 -0.6994
vn 0.5200 0.5101 -0.6851
vn 0.3942 0.6086 -0.6887
vn 0.5127 0.6104 -0.6038
vn 0.5400 0.5911 -0.5991
vn 0.5412 0.5615 -0.6260
vn 0.5502 0.6226 -0.5564
vn 0.5528 0.6459 -0.5265
vn 0.6069 0.6345 -0.4786
vn 0.5719 0.6539 -0.4953
vn 0.6108 0.5695 -0.5501
vn 0.5743 0.5816 -0.5761
vn 0.6299 0.5497 -0.5486
vn 0.6410 0.5580 -0.5270
vn 0.6159 0.6104 -0.4982
vn 0.5867 0.6064 -0.5367
vn 0.5688 0.5099 -0.6453
vn 0.5981 0.5320 -0.5993
vn 0.5500 0.6192 -0.5604
vn 0.5405 0.6256 -0.5626
vn 0.7067 0.4668 -0.5316
vn 0.5856 0.4906 -0.6453
vn 0.6149 0.6002 -0.5116
vn 0.7580 0.5198 -0.3941
vn 0.2351 0.8727 -0.4278
vn 0.2572 0.9476 -0.1893
vn 0.0328 0.9696 0.2425
vn 0.1954 0.8173 -0.5420
vn 0.0904 0.9310 -0.3537
vn 0.1812 0.8367 -0.5167
vn 0.3046 0.7713 -0.5589
vn 0.1618 0.8343 -0.5270
vn 0.1908 0.8270 -0.5289
vn 0.3506 0.6700 -0.6543
vn 0.0308 -0.9208 -0.3889
vn -0.0606 -0.8331 -0.5498
vn -0.1223 -0.8190 -0.5606
vn -0.0471 -0.9396 -0.3390
vn -0.0243 -0.8588 -0.5118
vn -0.0588 -0.8204 -0.5687
vn 0.1134 -0.5411 -0.8333
vn -0.1603 -0.8060 -0.5698
vn 0.0787 -0.8500 -0.5209
vn 0.2065 -0.7281 -0.6537
vn 0.1202 -0.9551 -0.2707
vn 0.1953 -0.9625 -0.1884
vn 0.1877 -0.9086 -0.3731
vn 0.0784 -0.8196 -0.5675
vn -0.0454 -0.9802 -0.1928
vn 0.0125 -0.9935 -0.1134
vn 0.0387 -0.9764 -0.2126
vn -0.1552 -0.9583 -0.2400
vn 0.0911 -0.9642 -0.2491
vn 0.1208 -0.9841 -0.1301
vn 0.0346 -0.4889 -0.8717
vn 0.0652 -0.6611 -0.7474
vn -0.2677 -0.8624 -0.4297
vn -0.2325 -0.8354 -0.4980
vn 0.1806 -0.8985 -0.4000
vn 0.2376 -0.9213 -0.3079
vn 0.2475 -0.8319 -0.4967
vn 0.1242 -0.7807 -0.6124
vn -0.2347 -0.7721 -0.5906
vn -0.1676 -0.8960 -0.4113
vn -0.2906 -0.9082 -0.3013
vn -0.3435 -0.8454 -0.4090
vn 0.0254 -0.8733 -0.4865
vn -0.0358 -0.7460 -0.6650
vn 0.2244 -0.6188 -0.7528
vn 0.0380 -0.5437 -0.8384
vn 0.1117 -0.2408 -0.9641
vn -0.0544 -0.1917 -0.9800
vn -0.3872 -0.5499 -0.7401
vn -0.2925 -0.8008 -0.5227
vn 0.0483 -0.7387 -0.6723
vn -0.2038 -0.4654 -0.8613
vn -0.3809 -0.6989 -0.6053
vn -0.4055 -0.4338 -0.8046
vn -0.2952 -0.2983 -0.9077
vn -0.2717 -0.5795 -0.7683
vn -0.1112 -0.5222 -0.8455
vn -0.1675 -0.2172 -0.9617
vn -0.8115 0.1061 -0.5746
vn -0.6016 -0.1492 -0.7847
vn -0.5991 -0.0633 -0.7982
vn -0.7580 0.3601 -0.5439
vn -0.9140 0.1618 -0.3720
vn -0.9345 0.2667 -0.2358
vn -0.1220 0.1661 -0.9785
vn -0.0460 0.1692 -0.9845
vn -0.1320 0.5606 -0.8175
vn -0.2624 0.5587 -0.7868
vn -0.4418 0.6256 -0.6430
vn -0.3704 0.1884 -0.9096
vn -0.4622 0.1010 -0.8810
vn -0.4459 0.5831 -0.6791
vn -0.2676 0.1715 -0.9481
vn -0.5025 0.5543 -0.6635
vn -0.9473 0.3180 0.0383
vn -0.9004 0.3504 0.2581
vn -0.7506 0.6543 0.0918
vn -0.7767 0.5927 -0.2132
vn -0.3468 0.9274 -0.1404
vn -0.1678 0.9721 -0.1639
vn -0.1689 0.8432 -0.5104
vn -0.3528 0.8081 -0.4717
vn -0.3970 0.9098 -0.1210
vn -0.3835 0.8234 -0.4182
vn -0.4293 0.8131 -0.3933
vn -0.3925 0.9001 -0.1891
vn -0.6138 0.7102 -0.3447
vn -0.5508 0.8271 -0.1117
vn -0.5782 0.7779 0.2461
vn -0.6723 0.7312 0.1156
vn -0.3836 0.9141 -0.1318
vn -0.2450 0.9553 -0.1653
vn -0.7024 0.5779 0.4155
vn -0.8244 0.4674 0.3192
vn -0.1125 0.8693 0.4813
vn -0.0015 0.8504 0.5262
vn -0.0934 0.9726 0.2129
vn -0.2450 0.9515 0.1859
vn -0.8542 0.3745 0.3607
vn -0.7321 0.5991 0.3241
vn -0.3437 0.7782 0.5256
vn -0.2087 0.7736 0.5984
vn -0.0987 0.9748 0.1999
vn -0.2808 0.8523 0.4412
vn -0.4669 0.7544 0.4614
vn 0.1202 0.9526 -0.2793
vn 0.1415 0.8986 -0.4154
vn -0.0297 0.7683 0.6394
vn 0.0273 0.7261 0.6870
vn 0.0958 0.8655 0.4916
vn -0.1277 0.7779 0.6153
vn -0.1961 0.8776 0.4373
vn 0.1806 0.9769 0.1141
vn -0.3683 0.9156 0.1612
vn -0.3623 0.9242 0.1205
vn -0.4754 0.8577 0.1960
vn 0.0958 0.8579 -0.5048
vn 0.0102 0.8428 -0.5382
vn -0.1570 0.8980 -0.4111
vn -0.0264 0.8533 -0.5208
vn -0.1226 0.8980 -0.4226
vn -0.0340 0.9038 -0.4267
vn -0.2024 0.9726 -0.1147
vn -0.2917 0.9420 -0.1661
vn 0.1672 0.7451 -0.6456
vn 0.0529 0.9452 -0.3223
vn 0.1427 0.9660 -0.2156
vn 0.2111 0.8677 -0.4500
vn -0.0634 0.9209 -0.3846
vn 0.2048 0.6589 -0.7238
vn 0.2126 0.6346 -0.7430
vn -0.1420 0.8965 -0.4197
vn -0.2687 0.8506 -0.4519
vn 0.1247 0.7128 -0.6902
vn -0.3968 0.8101 -0.4317
vn -0.4599 0.8070 -0.3705
vn -0.2753 0.8098 -0.5181
vn -0.2428 0.9113 -0.3325
vn -0.4096 0.8490 -0.3339
vn -0.2310 0.9370 -0.2620
vn -0.2310 0.9415 -0.2455
vn -0.1415 0.9290 -0.3421
vn 0.0616 0.7656 -0.6404
vn 0.0678 0.7128 -0.6981
vn -0.0823 0.8161 -0.5721
vn 0.1684 0.7854 -0.5956
vn 0.0749 0.8886 -0.4525
vn 0.3242 0.6299 -0.7058
vn 0.0753 0.8454 -0.5288
vn 0.2346 0.7114 -0.6625
vn -0.1733 0.9818 -0.0776
vn -0.0052 0.9997 0.0220
vn 0.2963 0.7484 -0.5934
vn 0.2770 0.6633 -0.6952
vn -0.0363 0.7671 -0.6405
vn -0.0621 0.8540 -0.5166
vn -0.2940 0.9406 -0.1700
vn -0.4025 0.8852 -0.2331
vn -0.1811 0.0490 -0.9822
vn -0.4016 0.0423 -0.9148
vn -0.3713 0.3880 -0.8436
vn -0.3382 0.3040 -0.8906
vn -0.7635 0.4539 -0.4594
vn -0.8486 -0.0579 -0.5259
vn 0.1594 -0.4332 -0.8871
vn -0.0614 -0.1722 -0.9831
vn -0.2641 0.1775 -0.9480
vn -0.0391 0.0054 -0.9992
vn 0.3279 -0.2118 -0.9206
vn 0.5676 -0.3138 -0.7611
vn 0.5191 -0.6630 -0.5394
vn 0.3978 -0.6219 -0.6745
vn 0.4359 -0.2057 -0.8762
vn 0.1282 -0.0961 -0.9871
vn 0.0762 -0.3961 -0.9151
vn 0.3625 -0.5696 -0.7376
vn 0.0035 0.0194 -0.9998
vn -0.0055 0.0845 -0.9964
vn 0.1093 -0.2527 -0.9613
vn 0.0178 -0.2681 -0.9632
vn 0.0823 0.0120 -0.9965
vn 0.2703 -0.1157 -0.9558
vn 0.3814 -0.4378 -0.8142
vn 0.2628 -0.3458 -0.9007
vn 0.3996 -0.1670 -0.9014
vn 0.3214 -0.0524 -0.9455
vn 0.1991 -0.3755 -0.9052
vn 0.3562 -0.4368 -0.8260
vn 0.2076 0.1411 -0.9680
vn 0.0325 -0.2947 -0.9550
vn 0.1667 0.2359 -0.9574
vn -0.0079 -0.2716 -0.9624
vn 0.2097 0.1046 -0.9722
vn 0.1604 0.1927 -0.9681
vn -0.0178 -0.2893 -0.9571
vn 0.0133 -0.3320 -0.9432
vn 0.2952 0.0405 -0.9546
vn 0.4436 0.0570 -0.8944
vn 0.0780 -0.3500 -0.9335
vn 0.1876 -0.3430 -0.9204
vn 0.6385 0.3342 -0.6933
vn 0.6071 0.1753 -0.7751
vn 0.3363 -0.3274 -0.8830
vn 0.4724 -0.2011 -0.8581
vn 0.1136 -0.7774 -0.6186
vn 0.0476 -0.8179 -0.5734
vn 0.2431 -0.7601 -0.6026
vn 0.2384 -0.9470 -0.2152
vn 0.1449 -0.9850 -0.0939
vn 0.0826 -0.9929 -0.0857
vn 0.3664 -0.7477 -0.5538
vn 0.4014 -0.7115 -0.5768
vn 0.3428 -0.8126 -0.4714
vn 0.3195 -0.8790 -0.3540
vn 0.3187 -0.6751 -0.6653
vn 0.1388 -0.6666 -0.7324
vn 0.1280 -0.7873 -0.6032
vn 0.2724 -0.7850 -0.5563
vn -0.0535 -0.6781 -0.7330
vn -0.1579 -0.6808 -0.7153
vn -0.0457 -0.7903 -0.6110
vn -0.1799 -0.7920 -0.5835
vn -0.2009 -0.7072 -0.6779
vn -0.2060 -0.6713 -0.7120
vn -0.2465 -0.8214 -0.5144
vn -0.2463 -0.8842 -0.3970
vn -0.2166 -0.8257 -0.5209
vn -0.2044 -0.7582 -0.6191
vn -0.3208 -0.9371 -0.1377
vn -0.2626 -0.9306 -0.2550
vn -0.0889 -0.8614 -0.5000
vn -0.1904 -0.8792 -0.4368
vn -0.3730 -0.9243 -0.0814
vn -0.3855 -0.9155 -0.1154
vn 0.4026 0.6950 -0.5957
vn 0.2222 0.9021 -0.3699
vn 0.2800 0.8507 -0.4448
vn 0.3976 0.6641 -0.6331
vn 0.5932 -0.3123 -0.7421
vn 0.5174 -0.6438 -0.5637
vn 0.6553 -0.6443 -0.3943
vn 0.7729 -0.2649 -0.5765
vn 0.4952 -0.8563 -0.1465
vn 0.3842 -0.9027 -0.1937
vn 0.6606 0.3927 -0.6399
vn 0.7731 0.1126 -0.6242
vn 0.5770 0.0434 -0.8156
vn 0.5201 0.3618 -0.7737
vn 0.5454 0.2739 -0.7922
vn 0.3196 0.7738 -0.5469
vn 0.6124 0.7871 -0.0739
vn 0.3308 0.8811 -0.3380
vn 0.5011 0.8488 0.1687
vn 0.6705 0.6651 -0.3287
vn 0.4876 0.6544 -0.5779
vn 0.3827 0.8932 -0.2362
vn 0.6386 0.0932 0.7639
vn 0.9970 -0.0680 0.0363
vn 0.9003 0.4128 -0.1380
vn 0.6420 0.5747 0.5075
vn 0.7393 -0.6288 0.2408
vn 0.3548 -0.4088 0.8408
vn 0.3846 -0.8649 0.3225
vn 0.1784 -0.6657 0.7246
vn 0.3458 -0.9382 -0.0166
vn 0.5616 -0.7950 -0.2293
vn 0.6994 -0.7106 0.0766
vn 0.3858 -0.8682 0.3120
vn 0.9787 -0.0891 -0.1848
vn 0.7580 -0.2922 -0.5831
vn 0.7321 0.4473 -0.5138
vn 0.7759 0.6042 -0.1816
vn 0.5162 0.8012 -0.3027
vn 0.6295 0.5988 -0.4951
vn 0.5834 0.5643 -0.5842
vn 0.5648 0.4458 -0.6945
vn 0.4768 0.7312 -0.4879
vn 0.5035 0.5129 -0.6953
vn 0.4918 0.2897 -0.8211
vn 0.5532 0.3388 -0.7610
vn 0.4589 -0.0007 -0.8885
vn 0.4170 -0.0842 -0.9050
vn 0.1023 -0.6918 -0.7149
vn 0.0465 -0.7056 -0.7071
vn -0.2441 -0.9138 -0.3247
vn -0.3130 -0.9165 -0.2492
vn 0.5716 -0.2502 -0.7815
vn 0.2226 -0.8513 -0.4751
vn 0.8745 -0.4525 -0.1743
vn 0.4857 -0.8467 0.2172
vn 0.1370 -0.9436 0.3015
vn -0.0775 -0.9844 -0.1581
vn 0.7453 0.2997 -0.5956
vn 0.9879 -0.0024 0.1550
vn 0.7416 0.5592 -0.3706
vn 0.8930 0.2771 0.3547
vn 0.5716 -0.1798 0.8006
vn 0.6210 -0.4860 0.6149
vn 0.2589 -0.6898 0.6761
vn 0.3149 -0.4172 0.8525
vn 0.6070 0.7850 -0.1237
vn 0.5027 0.8610 0.0778
vn 0.4621 0.6128 0.6411
vn 0.6622 0.4993 0.5588
vn -0.1341 -0.9392 0.3162
vn -0.2234 -0.9726 -0.0649
vn -0.3122 -0.9305 -0.1914
vn -0.3162 -0.9208 0.2286
vn 0.2828 0.1682 0.9443
vn 0.3866 0.0214 0.9220
vn 0.1377 -0.3414 0.9298
vn 0.0395 -0.2667 0.9630
vn -0.0107 -0.6894 0.7243
vn -0.1840 -0.6383 0.7475
vn 0.4820 -0.7265 -0.4897
vn 0.2725 -0.7420 -0.6125
vn 0.2996 -0.3701 -0.8794
vn 0.5128 -0.3469 -0.7853
vn 0.0021 -0.9977 -0.0676
vn 0.0282 -0.9968 -0.0752
vn 0.0714 -0.9490 -0.3071
vn 0.0603 -0.9522 -0.2996
vn 0.1571 -0.9523 -0.2617
vn 0.1261 -0.9496 -0.2870
vn 0.0928 -0.9930 -0.0724
vn 0.1332 -0.9866 -0.0947
vn 0.3521 0.2810 -0.8928
vn -0.0027 0.7854 -0.6189
vn 0.1349 0.2131 -0.9677
vn -0.0727 0.7117 -0.6987
vn 0.1334 -0.7267 -0.6739
vn 0.1681 -0.7403 -0.6510
vn 0.2163 -0.2708 -0.9380
vn 0.1638 -0.3482 -0.9230
vn 0.2249 -0.7511 -0.6207
vn 0.2984 -0.7432 -0.5988
vn 0.4110 -0.2414 -0.8791
vn 0.2949 -0.2042 -0.9335
vn 0.0348 0.2587 -0.9653
vn -0.0205 0.6729 -0.7395
vn 0.1213 0.3835 -0.9156
vn 0.1170 0.6474 -0.7531
vn 0.1156 0.7273 -0.6765
vn 0.0575 0.8057 -0.5895
vn 0.3779 0.5863 -0.7165
vn 0.4306 0.4846 -0.7614
vn 0.4580 0.4274 -0.7795
vn 0.2555 0.4853 -0.8362
vn 0.2741 0.6645 -0.6952
vn 0.4420 0.6934 -0.5691
vn 0.6334 0.1079 -0.7663
vn 0.5717 -0.6099 -0.5488
vn 0.6011 0.0803 -0.7951
vn 0.5218 -0.5163 -0.6791
vn 0.3159 0.5595 -0.7663
vn 0.2283 0.6512 -0.7237
vn 0.4788 0.4121 -0.7752
vn 0.5050 0.3565 -0.7861
vn 0.5249 0.6162 -0.5872
vn 0.4233 0.5558 -0.7155
vn 0.5753 0.3594 -0.7348
vn 0.6839 0.3941 -0.6140
vn 0.2487 -0.9522 -0.1774
vn 0.2484 -0.9372 -0.2449
vn 0.2073 -0.9232 -0.3237
vn 0.1661 -0.8635 -0.4762
vn 0.5897 0.1245 -0.7979
vn 0.5836 0.0889 -0.8072
vn 0.5546 -0.3834 -0.7385
vn 0.5979 -0.2728 -0.7537
vn 0.6787 0.1711 -0.7142
vn 0.7660 -0.1531 -0.6244
vn 0.8016 0.1936 -0.5656
vn 0.8930 -0.0793 -0.4430
vn 0.4782 -0.5014 -0.7210
vn 0.4850 -0.2037 -0.8504
vn 0.2502 -0.4171 -0.8737
vn 0.2544 -0.2677 -0.9293
vn 0.3014 -0.8379 -0.4551
vn 0.4747 -0.7282 -0.4943
vn 0.4143 -0.6676 -0.6186
vn 0.2040 -0.7628 -0.6136
vn 0.8753 -0.2758 -0.3972
vn 0.7247 -0.5403 -0.4277
vn 0.7501 -0.0624 -0.6584
vn 0.6625 -0.4326 -0.6115
vn 0.4058 -0.2627 -0.8754
vn 0.2496 -0.3546 -0.9011
vn 0.2555 -0.2742 -0.9271
vn 0.3828 -0.2095 -0.8998
vn 0.5538 -0.1161 -0.8245
vn 0.4983 -0.1245 -0.8580
vn 0.5935 0.0712 -0.8017
vn 0.5553 -0.0210 -0.8314
vn 0.0232 0.4633 -0.8859
vn 0.1882 -0.0595 -0.9803
vn -0.1257 0.2827 -0.9509
vn 0.0824 -0.3325 -0.9395
vn 0.3381 0.0933 -0.9365
vn 0.2210 0.6634 -0.7149
vn 0.5319 0.2268 -0.8159
vn 0.3651 0.7426 -0.5615
vn 0.7005 0.3260 -0.6349
vn 0.4162 0.6883 -0.5942
vn 0.5007 -0.2468 -0.8297
vn 0.6097 -0.0700 -0.7895
vn 0.4433 0.1207 -0.8882
vn 0.3712 -0.0671 -0.9261
vn 0.5151 0.3075 -0.8001
vn 0.7375 0.1274 -0.6632
vn 0.3692 0.6389 -0.6750
vn 0.7419 0.4094 -0.5310
vn 0.6469 0.4857 -0.5879
vn 0.2780 0.6519 -0.7055
vn 0.2810 0.4754 -0.8337
vn 0.1908 0.6486 -0.7368
vn 0.8185 0.2457 -0.5194
vn 0.5888 0.4353 -0.6810
vn 0.6268 0.5147 -0.5850
vn 0.8369 0.3207 -0.4437
vn 0.5015 0.4822 -0.7183
vn 0.1940 0.4996 -0.8443
vn 0.2493 0.3125 -0.9166
vn 0.6357 0.3728 -0.6759
vn 0.7988 0.4002 -0.4492
vn 0.6086 0.5820 -0.5394
vn 0.5192 0.6569 -0.5468
vn 0.6896 0.5093 -0.5148
vn 0.4383 0.6572 -0.6131
vn 0.1933 0.6910 -0.6965
vn 0.2118 0.7744 -0.5962
vn 0.3908 0.7431 -0.5433
vn -0.0973 0.4306 -0.8973
vn 0.1742 0.1643 -0.9709
vn 0.0731 0.0383 -0.9966
vn -0.1818 0.3516 -0.9183
vn 0.2733 -0.2059 -0.9396
vn 0.1797 -0.2454 -0.9526
vn -0.0181 0.0114 -0.9998
vn -0.2236 0.3023 -0.9266
vn 0.0811 0.6108 -0.7876
vn 0.3073 0.4639 -0.8309
vn 0.2605 0.3238 -0.9096
vn 0.0060 0.5217 -0.8531
vn 0.0716 0.7178 -0.6926
vn 0.3534 0.6301 -0.6914
vn 0.3389 0.5636 -0.7533
vn 0.1066 0.6689 -0.7357
vn 0.2753 0.7527 -0.5981
vn 0.3434 0.6935 -0.6333
vn 0.0121 0.7338 -0.6793
vn -0.0339 0.7343 -0.6780
vn -0.4005 0.6386 -0.6571
vn -0.4080 0.6829 -0.6060
vn -0.4819 0.8327 -0.2726
vn -0.4645 0.8270 -0.3167
vn -0.5142 0.8118 -0.2767
vn -0.3939 0.7069 -0.5875
vn -0.3704 0.7163 -0.5914
vn -0.5525 0.7770 -0.3018
vn -0.5761 0.7568 -0.3088
vn -0.3249 0.7465 -0.5807
vn -0.3177 0.7540 -0.5749
vn -0.6006 0.7297 -0.3269
vn -0.6721 0.6493 -0.3561
vn -0.3659 0.7414 -0.5626
vn -0.4419 0.6672 -0.5997
vn -0.4969 0.5016 -0.7082
vn -0.7429 0.5205 -0.4209
vn -0.7762 0.2535 -0.5773
vn -0.7596 -0.0336 -0.6496
vn -0.4550 0.2977 -0.8392
vn -0.6643 -0.3802 -0.6436
vn -0.3981 -0.0080 -0.9173
vn 0.0085 0.5203 -0.8539
vn -0.0188 0.6596 -0.7514
vn -0.2729 -0.3833 -0.8824
vn -0.0355 -0.6363 -0.7706
vn -0.4241 -0.6996 -0.5751
vn -0.0831 -0.8591 -0.5050
vn 0.0234 -0.0421 -0.9988
vn -0.0098 0.2612 -0.9652
vn 0.0849 -0.1458 -0.9857
vn 0.1014 -0.1583 -0.9822
vn 0.2107 -0.6942 -0.6882
vn 0.3665 -0.6537 -0.6621
vn 0.2187 -0.8597 -0.4616
vn 0.4422 -0.7981 -0.4092
vn 0.5373 -0.7446 -0.3960
vn 0.4039 -0.6306 -0.6627
vn 0.4475 -0.6062 -0.6575
vn 0.5981 -0.6555 -0.4611
vn 0.1175 -0.3109 -0.9432
vn 0.0430 -0.1861 -0.9816
vn 0.5343 -0.4186 -0.7344
vn 0.7137 -0.3878 -0.5833
vn 0.6506 0.1056 -0.7520
vn 0.2444 -0.0627 -0.9676
vn 0.2470 -0.3351 -0.9092
vn 0.4807 0.0572 -0.8750
vn 0.2170 0.4706 -0.8553
vn 0.0058 0.3495 -0.9369
vn 0.3806 0.5639 -0.7329
vn 0.0727 0.8212 -0.5661
vn -0.0579 0.7345 -0.6761
vn -0.1797 0.6216 -0.7625
vn -0.3249 0.8343 -0.4454
vn -0.4001 0.6994 -0.5923
vn -0.2133 0.9170 -0.3370
vn -0.4584 0.8156 -0.3532
vn -0.3818 0.9077 -0.1741
vn -0.5187 0.6143 -0.5946
vn -0.4567 0.8751 -0.1602
vn -0.4716 0.7690 -0.4316
vn -0.4433 0.6885 -0.5740
vn -0.4848 0.8384 -0.2490
vn -0.3223 0.4112 -0.8527
vn -0.4425 0.5158 -0.7336
vn -0.4111 0.6302 -0.6587
vn -0.2623 0.3215 -0.9098
vn -0.4765 0.8165 -0.3259
vn -0.5521 -0.7338 -0.3960
vn -0.8073 -0.3991 -0.4346
vn -0.9115 -0.2832 -0.2983
vn -0.6811 -0.6561 -0.3250
vn -0.1879 -0.8971 -0.3999
vn -0.1313 -0.9066 -0.4010
vn 0.2013 -0.8929 -0.4028
vn 0.1754 -0.9029 -0.3924
vn 0.4023 -0.8303 -0.3856
vn 0.4253 -0.8216 -0.3797
vn 0.5460 -0.7475 -0.3783
vn 0.5539 -0.7487 -0.3641
vn 0.6789 -0.5921 -0.4342
vn 0.6519 -0.6387 -0.4088
vn 0.7724 -0.3503 -0.5298
vn 0.7769 -0.2652 -0.5710
vn 0.7582 0.2417 -0.6055
vn 0.7497 0.1645 -0.6410
vn 0.5067 0.6154 -0.6037
vn 0.5396 0.6715 -0.5079
vn 0.2136 0.9134 -0.3465
vn 0.1839 0.8681 -0.4612
vn -0.1293 0.9590 -0.2522
vn -0.1029 0.9808 -0.1654
vn -0.3170 0.9482 -0.0212
vn -0.3348 0.9388 -0.0808
vn -0.4844 0.8741 -0.0375
vn -0.4747 0.8773 -0.0707
vn -0.4745 0.8782 0.0611
vn -0.4509 0.8907 0.0575
vn -0.4447 0.8937 0.0597
vn -0.4596 0.8860 -0.0610
vn -0.4419 0.8956 0.0519
vn -0.4443 0.8957 -0.0196
vn -0.3184 -0.7619 -0.5640
vn 0.0950 -0.8604 -0.5006
vn -0.4725 -0.4418 -0.7626
vn -0.0514 -0.6537 -0.7550
vn 0.3665 -0.8107 -0.4566
vn 0.2472 -0.6209 -0.7439
vn 0.4368 -0.5025 -0.7461
vn 0.5247 -0.7115 -0.4674
vn 0.5420 -0.1831 -0.8202
vn 0.6782 -0.4535 -0.5782
vn 0.7395 -0.0796 -0.6685
vn 0.5975 0.1284 -0.7915
vn 0.4928 0.5426 -0.6802
vn 0.6766 0.3793 -0.6312
vn 0.4565 0.7592 -0.4639
vn 0.2922 0.8334 -0.4692
vn -0.0226 0.9750 -0.2209
vn 0.1376 0.9559 -0.2595
vn -0.1519 0.9852 -0.0794
vn -0.2482 0.9678 -0.0428
vn -0.3953 0.9176 0.0427
vn -0.3424 0.9391 0.0292
vn -0.4501 0.8891 0.0829
vn -0.4510 0.8884 0.0853
vn -0.4562 0.8840 0.1017
vn -0.4399 0.8935 0.0905
vn -0.5452 0.8350 -0.0750
vn -0.6068 0.7845 -0.1277
vn -0.5475 0.8368 0.0036
vn -0.6293 0.7759 -0.0444
vn -0.6615 0.7453 -0.0839
vn -0.6315 0.7599 -0.1542
vn -0.3652 0.6915 -0.6232
vn -0.4525 0.8888 -0.0721
vn -0.4488 0.8936 -0.0010
vn -0.4568 0.8863 -0.0762
vn 0.0638 0.6701 -0.7395
vn 0.2623 0.3563 -0.8968
vn 0.1270 0.2241 -0.9662
vn -0.6902 0.7167 -0.0997
vn -0.6846 0.7076 -0.1752
vn -0.7609 0.6381 -0.1180
vn -0.7494 0.6224 -0.2261
vn -0.0634 -0.0399 -0.9972
vn -0.1647 -0.1809 -0.9696
vn -0.4329 0.1881 -0.8816
vn 0.1969 -0.1424 -0.9700
vn -0.2625 0.9200 -0.2909
vn 0.0309 0.8596 -0.5100
vn -0.3458 0.9327 -0.1025
vn -0.4448 0.8900 0.1006
vn -0.4372 0.8933 0.1039
vn -0.4673 0.8799 0.0862
vn -0.4486 0.8887 0.0950
vn -0.4580 0.8885 -0.0283
vn -0.4471 0.8945 0.0067
vn -0.6436 0.7082 -0.2903
vn -0.6188 0.4161 -0.6664
vn -0.8294 -0.0066 -0.5586
vn -0.8543 0.4922 -0.1672
vn -0.4803 0.8755 -0.0534
vn -0.4734 0.8800 0.0391
vn -0.5702 0.8211 0.0279
vn -0.6703 0.7414 -0.0317
vn -0.6377 0.7701 0.0151
vn -0.7154 0.6977 -0.0378
vn -0.5019 0.8621 0.0693
vn -0.5447 0.8363 0.0633
vn -0.8663 0.4680 -0.1747
vn -0.8124 0.4904 -0.3154
vn -0.8829 0.2209 -0.4143
vn -0.9351 0.2794 -0.2180
vn -0.9689 0.0170 -0.2467
vn -0.8956 -0.0731 -0.4387
vn -0.7114 0.7027 -0.0071
vn -0.8076 0.5858 -0.0681
vn -0.8979 0.4321 -0.0842
vn -0.9754 0.1803 -0.1271
vn -0.9736 0.0048 -0.2281
vn -0.7939 -0.4316 -0.4284
vn -0.5859 0.8100 0.0255
vn 0.3311 -0.5221 -0.7860
vn 0.4025 -0.3991 -0.8238
vn -0.0957 0.0760 -0.9925
vn 0.1215 -0.2143 -0.9692
vn -0.1850 0.1773 -0.9666
vn 0.0041 -0.1949 -0.9808
vn -0.2444 -0.1669 -0.9552
vn -0.3673 0.2397 -0.8987
vn -0.5158 0.3590 -0.7778
vn -0.4829 -0.0116 -0.8756
vn -0.5454 0.1869 -0.8171
vn -0.4643 0.4885 -0.7388
vn -0.3051 0.4548 -0.8367
vn -0.5107 0.2289 -0.8287
vn -0.3495 0.0739 -0.9340
vn -0.1308 0.2347 -0.9632
vn 0.0128 -0.0980 -0.9951
vn -0.1778 -0.0550 -0.9825
vn -0.4618 -0.2049 -0.8630
vn -0.5679 -0.0209 -0.8228
vn -0.8527 -0.0408 -0.5209
vn -0.8139 -0.2674 -0.5158
vn -0.6165 0.1816 -0.7661
vn -0.8429 0.1638 -0.5126
vn -0.0278 -0.0896 -0.9956
vn -0.1251 0.1109 -0.9859
vn -0.1323 0.0763 -0.9883
vn -0.2098 0.3344 -0.9188
vn -0.3082 0.4892 -0.8159
vn -0.2044 0.2210 -0.9536
vn -0.1257 0.3018 -0.9450
vn -0.2284 0.6054 -0.7625
vn -0.0101 0.6902 -0.7236
vn 0.0092 0.3452 -0.9385
vn 0.1139 0.4598 -0.8807
vn 0.2038 0.7784 -0.5938
vn 0.2257 0.7532 -0.6179
vn 0.2303 0.7009 -0.6750
vn 0.3502 0.8000 -0.4872
vn 0.3922 0.7412 -0.5449
vn 0.5414 0.6801 -0.4943
vn 0.4379 0.7815 -0.4445
vn 0.2837 0.8112 -0.5114
vn 0.1962 0.6135 -0.7650
vn 0.2323 0.8856 -0.4021
vn 0.2211 0.9602 -0.1707
vn 0.3154 0.8706 -0.3775
vn 0.2775 0.9451 -0.1725
vn 0.3355 0.8940 -0.2970
vn 0.3451 0.8824 -0.3197
vn 0.3106 0.9315 -0.1893
vn 0.3109 0.9273 -0.2083
vn 0.3025 0.9479 -0.0998
vn 0.2361 0.9642 -0.1209
vn 0.2808 0.9257 -0.2535
vn 0.3132 0.9388 -0.1437
vn 0.2732 0.9462 -0.1737
vn 0.2920 0.9480 -0.1270
vn 0.2606 0.9554 -0.1390
vn 0.2136 0.9662 -0.1444
vn 0.2209 0.9393 -0.2625
vn 0.2898 0.9149 -0.2811
vn 0.0006 0.9125 -0.4092
vn -0.2543 0.7782 -0.5742
vn -0.0868 0.6573 -0.7486
vn 0.1755 0.9100 -0.3757
vn -0.2955 0.6234 -0.7239
vn -0.2135 0.4654 -0.8590
vn -0.2044 0.4459 -0.8715
vn -0.1423 0.4854 -0.8626
vn -0.3694 0.2885 -0.8833
vn -0.2360 0.3863 -0.8917
vn -0.3956 0.5504 -0.7352
vn -0.7185 0.5385 -0.4401
vn -0.4929 0.0513 -0.8686
vn -0.8354 0.1547 -0.5274
vn -0.4702 0.6047 -0.6428
vn -0.2789 0.5159 -0.8100
vn -0.6697 0.6253 -0.4007
vn -0.6250 0.6847 -0.3750
vn -0.4947 0.6648 -0.5598
vn -0.3641 0.6201 -0.6949
vn -0.2517 0.6241 -0.7397
vn -0.0934 0.4337 -0.8962
vn 0.0862 0.4872 -0.8690
vn -0.0084 0.5875 -0.8092
vn -0.4374 0.7193 -0.5397
vn -0.5828 0.7350 -0.3464
vn -0.5510 0.7694 -0.3232
vn -0.3670 0.7437 -0.5588
vn 0.5197 0.3347 -0.7860
vn 0.4422 0.5857 -0.6793
vn 0.7632 0.4021 -0.5057
vn 0.4738 0.7890 -0.3911
vn -0.5527 0.7693 -0.3204
vn -0.3471 0.7476 -0.5662
vn -0.3626 0.7054 -0.6091
vn -0.6358 0.6917 -0.3425
vn 0.1901 0.6175 -0.7633
vn 0.0712 0.6166 -0.7841
vn -0.3650 0.6180 -0.6963
vn 0.3257 0.6906 -0.6458
vn -0.6168 0.6018 -0.5074
vn -0.1740 0.8931 -0.4148
vn 0.0514 0.9755 0.2139
vn 0.9028 0.3069 -0.3013
vn 0.8540 0.1645 -0.4936
vn 0.6879 0.5739 0.4444
vn 0.8331 0.0848 0.5466
vn 0.9989 -0.0426 0.0182
vn 0.9808 0.0968 -0.1691
vn 0.6974 0.2166 -0.6831
vn 0.8888 0.1808 -0.4212
vn 0.9598 -0.1095 0.2584
vn 0.9805 0.1548 0.1210
vn 0.9664 0.1731 0.1902
vn 0.9105 -0.1353 0.3906
vn 0.8373 0.0711 0.5421
vn 0.3759 0.8915 0.2529
vn 0.6135 0.7777 -0.1372
vn 0.0313 0.8812 -0.4717
vn -0.2144 0.9677 -0.1329
vn 0.2237 0.7571 -0.6138
vn 0.6850 0.6523 -0.3245
vn 0.8812 0.4445 0.1612
vn 0.7753 0.5610 0.2901
vn 0.5471 0.8232 -0.1514
vn 0.6198 0.7364 -0.2714
vn 0.5128 0.8081 0.2898
vn 0.5283 0.7810 0.3331
vn 0.1876 0.6643 -0.7235
vn 0.0392 0.6101 -0.7914
vn 0.1364 0.8859 -0.4434
vn 0.4500 0.8734 -0.1861
vn -0.0439 0.7444 -0.6663
vn 0.0620 0.5889 -0.8058
vn -0.3632 0.9090 -0.2043
vn 0.0546 0.9971 0.0524
vn 0.8904 0.3990 -0.2190
vn 0.7220 0.6564 -0.2187
vn 0.3421 0.5804 -0.7390
vn 0.6103 0.4005 -0.6835
vn 0.7560 0.5732 -0.3160
vn 0.7048 0.3596 -0.6115
vn 0.0304 0.5580 -0.8293
vn 0.1142 0.5478 -0.8288
vn 0.0424 0.5671 -0.8226
vn 0.0522 0.5548 -0.8303
vn 0.3156 0.3090 -0.8972
vn 0.4602 0.3105 -0.8318
vn 0.5777 0.2112 -0.7884
vn 0.4410 0.1886 -0.8775
vn -0.0668 0.6719 -0.7377
vn -0.0567 0.7034 -0.7086
vn 0.0738 0.5641 -0.8224
vn 0.0691 0.5445 -0.8359
vn -0.4343 0.8658 -0.2486
vn -0.4706 0.8408 -0.2677
vn 0.0318 0.5744 -0.8180
vn 0.0398 0.5732 -0.8185
vn 0.1111 0.5437 -0.8319
vn 0.0642 0.5571 -0.8280
vn 0.0673 0.5538 -0.8300
vn 0.0609 0.5484 -0.8340
vn 0.1161 0.5790 -0.8070
vn -0.0175 0.7122 -0.7018
vn -0.0619 0.6714 -0.7385
vn 0.0776 0.5487 -0.8324
vn -0.4622 0.8446 -0.2703
vn -0.3884 0.8868 -0.2504
vn 0.1896 0.3539 -0.9159
vn 0.1953 0.3131 -0.9294
vn 0.2742 0.2895 -0.9171
vn 0.2540 0.5513 -0.7947
vn 0.0205 0.7798 -0.6257
vn -0.3261 0.9240 -0.1999
vn 0.1852 0.6325 -0.7521
vn 0.3711 0.8920 -0.2581
vn 0.3701 0.8707 -0.3239
vn 0.5771 0.6996 -0.4213
vn 0.4093 0.6715 -0.6178
vn 0.1192 0.5471 -0.8286
vn 0.0466 0.5693 -0.8208
vn 0.0482 0.5460 -0.8364
vn 0.1042 0.4884 -0.8664
vn 0.3199 0.7807 -0.5367
vn 0.3161 0.5034 -0.8042
vn 0.2726 0.5279 -0.8043
vn 0.2084 0.4757 -0.8546
vn 0.6732 0.5754 -0.4645
vn 0.3456 0.6693 -0.6577
vn 0.2367 0.6011 -0.7633
vn 0.1336 0.5598 -0.8178
vn 0.0745 0.5494 -0.8322
vn -0.2358 -0.5286 -0.8155
vn -0.2510 -0.0533 -0.9665
vn -0.1350 -0.2566 -0.9570
vn -0.0899 -0.4956 -0.8639
vn -0.0334 -0.9043 -0.4256
vn -0.1050 -0.8034 -0.5861
vn -0.0179 -0.7913 -0.6112
vn -0.0256 -0.9045 -0.4256
vn 0.3134 -0.6198 -0.7195
vn 0.2484 -0.6030 -0.7581
vn 0.3883 -0.6244 -0.6778
vn 0.3307 -0.6865 -0.6475
vn 0.1211 -0.7492 -0.6512
vn -0.0459 -0.5475 -0.8356
vn -0.3707 -0.4070 -0.8348
vn -0.1763 -0.7297 -0.6606
vn -0.5163 -0.5818 -0.6284
vn -0.5801 -0.2010 -0.7894
vn -0.6457 -0.1075 -0.7560
vn -0.7603 -0.4496 -0.4689
vn -0.8466 -0.1132 -0.5201
vn -0.6866 0.0096 -0.7270
vn 0.0931 -0.6643 -0.7417
vn 0.1403 -0.4777 -0.8672
vn 0.2008 -0.8610 -0.4673
vn 0.2720 -0.7347 -0.6215
vn 0.0464 -0.9541 -0.2960
vn 0.0932 -0.8823 -0.4615
vn 0.1311 -0.9577 -0.2562
vn 0.0613 -0.9835 -0.1701
vn 0.2090 -0.8808 -0.4248
vn 0.1988 -0.9733 -0.1145
vn 0.0931 -0.9371 -0.3366
vn 0.1960 -0.9520 -0.2350
vn 0.0196 -0.9998 -0.0002
vn -0.4101 -0.8744 -0.2595
vn -0.2023 -0.9268 -0.3164
vn 0.1008 -0.9942 -0.0388
vn -0.0177 -0.9639 -0.2656
vn -0.0486 -0.9642 -0.2607
vn -0.0422 -0.9815 -0.1868
vn -0.0146 -0.9848 -0.1731
vn -0.0598 -0.9742 -0.2176
vn -0.0919 -0.9833 -0.1573
vn 0.0187 -0.9934 -0.1132
vn -0.0062 -0.9860 -0.1668
vn -0.0885 -0.9943 0.0592
vn -0.1222 -0.9906 -0.0609
vn 0.0576 -0.9983 -0.0056
vn 0.0676 -0.9937 0.0891
vn 0.0839 -0.9598 0.2677
vn 0.0805 -0.9649 0.2501
vn 0.1528 -0.9488 0.2764
vn 0.0936 -0.9584 0.2698
vn 0.1585 -0.9525 0.2602
vn 0.0565 -0.9712 0.2313
vn -0.0443 -0.9740 0.2220
vn 0.0533 -0.9628 0.2651
vn -0.2801 -0.9550 0.0972
vn -0.0763 -0.9766 0.2011
vn -0.3087 -0.9511 -0.0109
vn -0.4779 -0.8711 -0.1131
vn -0.4823 -0.8214 -0.3043
vn -0.3460 -0.9114 -0.2229
vn -0.0426 -0.9983 -0.0406
vn -0.0225 -0.9930 0.1158
vn -0.2226 -0.9642 0.1441
vn -0.3139 -0.9476 0.0592
vn -0.4929 -0.8654 -0.0905
vn -0.4446 -0.8956 -0.0130
vn -0.5550 -0.8037 -0.2146
vn -0.5560 -0.8101 -0.1858
vn -0.5142 -0.7949 -0.3221
vn -0.5209 -0.7884 -0.3272
vn -0.2765 -0.9607 -0.0236
vn -0.2783 -0.9515 -0.1314
vn -0.4530 -0.8674 -0.2058
vn -0.4670 -0.8731 -0.1402
vn -0.5398 -0.8092 -0.2320
vn -0.5375 -0.8004 -0.2654
vn -0.5761 -0.7341 -0.3595
vn -0.5344 -0.7764 -0.3342
vn -0.4548 -0.8259 -0.3332
vn -0.6824 -0.4003 -0.6116
vn -0.8040 -0.4252 -0.4156
vn -0.5473 -0.7784 -0.3075
vn -0.0290 -0.9847 0.1717
vn -0.0486 -0.9901 0.1314
vn 0.0597 -0.9882 0.1412
vn 0.0801 -0.9794 0.1856
vn 0.0045 -0.9789 0.2041
vn 0.1237 -0.9657 0.2283
vn 0.1724 -0.9671 0.1868
vn 0.2012 -0.9736 0.1077
vn 0.2875 -0.9441 0.1611
vn 0.2479 -0.9472 0.2033
vn 0.0372 -0.9993 0.0081
vn 0.0811 -0.9912 -0.1046
vn 0.1749 -0.9846 0.0061
vn 0.1722 -0.9810 0.0896
vn 0.1794 -0.9809 0.0753
vn 0.2035 -0.9730 0.1086
vn 0.1922 -0.9701 0.1482
vn 0.1577 -0.9817 0.1071
vn 0.1939 -0.9755 0.1041
vn 0.2355 -0.9632 0.1296
vn 0.2418 -0.9520 0.1877
vn 0.2860 -0.9448 0.1599
vn -0.0839 -0.9822 -0.1680
vn -0.0331 -0.9908 -0.1311
vn -0.0526 -0.9944 -0.0922
vn -0.1381 -0.9855 -0.0982
vn 0.0682 -0.9956 -0.0635
vn 0.0643 -0.9918 -0.1102
vn 0.1395 -0.9819 -0.1280
vn 0.1566 -0.9856 -0.0638
vn 0.1417 -0.9899 -0.0012
vn 0.0835 -0.9962 -0.0253
vn 0.0547 -0.9983 0.0187
vn 0.1060 -0.9931 0.0494
vn 0.0100 -0.9991 -0.0418
vn -0.0511 -0.9977 -0.0448
vn -0.0202 -0.9860 -0.1658
vn -0.0946 -0.9929 -0.0720
vn -0.0002 0.9537 0.3008
vn -0.1302 0.9542 0.2693
vn -0.1161 0.9924 -0.0418
vn -0.0169 0.9986 -0.0506
vn -0.1473 0.9845 -0.0949
vn -0.1283 0.9534 0.2730
vn -0.0946 0.9878 -0.1241
vn -0.0780 0.9572 0.2788
vn -0.0524 0.9597 0.2762
vn -0.0430 0.9937 -0.1031
vn -0.0088 0.9980 -0.0624
vn -0.0556 0.9624 0.2658
vn -0.0612 0.9668 0.2481
vn -0.0037 0.9993 -0.0368
vn -0.0762 0.9964 -0.0380
vn -0.1520 0.9600 0.2353
vn -0.1550 0.9879 0.0075
vn -0.2538 0.9471 0.1966
vn 0.3072 0.9309 0.1977
vn 0.1860 0.9428 0.2768
vn -0.0086 0.9964 -0.0845
vn -0.0678 0.9973 -0.0277
vn 0.5220 0.7889 0.3243
vn 0.1005 0.6052 0.7897
vn 0.1748 0.7558 0.6311
vn 0.4936 0.8100 0.3166
vn -0.0431 0.7520 0.6577
vn -0.0584 0.5455 0.8361
vn -0.0584 0.5319 0.8448
vn -0.0993 0.7542 0.6491
vn -0.0734 0.7307 0.6788
vn -0.0927 0.5896 0.8023
vn -0.1109 0.7335 0.6706
vn -0.0693 0.7834 0.6176
vn -0.0539 0.7511 0.6579
vn -0.0917 0.6655 0.7407
vn -0.2163 0.8215 0.5275
vn -0.1620 0.8365 0.5236
vn -0.1130 0.8133 0.5708
vn -0.1399 0.7942 0.5913
vn -0.3470 0.9037 0.2508
vn -0.2343 0.8730 0.4277
vn -0.2737 0.8825 0.3824
vn -0.3707 0.9114 0.1785
vn 0.1625 0.9805 0.1107
vn -0.0524 0.7245 0.6873
vn -0.1620 0.8250 0.5415
vn -0.0531 0.9985 -0.0150
vn -0.1915 0.9679 0.1627
vn -0.1780 0.8556 0.4861
vn -0.1607 0.8307 0.5330
vn -0.1816 0.9725 0.1459
vn -0.1780 0.9793 -0.0960
vn -0.1755 0.9838 -0.0355
vn -0.1681 0.9851 -0.0362
vn -0.1618 0.9829 -0.0884
vn -0.2195 0.9727 0.0755
vn -0.2225 0.9190 0.3256
vn -0.1855 0.8845 0.4282
vn -0.1968 0.9677 0.1577
vn -0.2263 0.9662 -0.1233
vn -0.2071 0.9723 -0.1079
vn -0.1708 0.9837 -0.0557
vn -0.1809 0.9788 -0.0961
vn -0.2449 0.9690 -0.0321
vn -0.2720 0.9448 0.1829
vn -0.3029 0.9526 0.0283
vn -0.2359 0.9665 -0.1010
vn -0.1861 0.9718 -0.1449
vn -0.2260 0.9596 -0.1676
vn -0.2537 0.9570 -0.1410
vn -0.1816 0.9785 -0.0978
vn -0.0838 0.9957 -0.0405
vn -0.1201 0.9922 -0.0329
vn -0.1198 0.9923 0.0323
vn -0.0568 0.9980 -0.0271
vn -0.1670 0.9855 0.0305
vn -0.1820 0.9828 -0.0305
vn -0.2548 0.9669 0.0166
vn -0.3120 0.9451 0.0972
vn -0.2111 0.9749 0.0707
vn -0.2474 0.9621 0.1148
vn -0.0684 0.9971 -0.0325
vn -0.1540 0.9853 0.0739
vn -0.1906 0.9764 0.1011
vn -0.1010 0.9937 -0.0487
vn -0.2670 0.9522 0.1485
vn -0.3120 0.9401 0.1373
vn -0.2863 0.9480 0.1393
vn -0.3418 0.9297 0.1370
vn -0.2008 0.9789 0.0366
vn -0.2844 0.9586 -0.0111
vn -0.1712 0.9811 -0.0900
vn -0.2531 0.9617 0.1050
vn -0.3713 0.9251 0.0800
vn -0.3006 0.9387 -0.1688
vn -0.4118 0.9043 -0.1126
vn -0.4783 0.8757 0.0664
vn -0.5520 0.8336 -0.0205
vn -0.4767 0.8410 -0.2558
vn -0.5300 0.7883 -0.3124
vn -0.6026 0.7963 -0.0533
vn -0.5131 0.8582 0.0137
vn -0.4470 0.8559 -0.2599
vn -0.4642 0.8120 -0.3537
vn -0.5855 0.8077 -0.0703
vn -0.7038 0.6881 -0.1767
vn -0.5181 0.6891 -0.5066
vn -0.6985 0.2277 -0.6784
vn -0.9046 0.2185 -0.3660
vn -0.6345 0.7649 -0.1111
vn -0.5667 0.7529 -0.3346
vn -0.7166 0.5503 -0.4285
vn -0.7618 0.6085 -0.2223
vn -0.5837 -0.7459 -0.3207
vn -0.7634 -0.5135 -0.3918
vn -0.7305 -0.5122 -0.4517
vn -0.6268 -0.6746 -0.3899
vn -0.9213 0.0729 -0.3819
vn -0.8537 -0.0147 -0.5206
vn 0.7812 0.5427 -0.3086
vn 0.5910 0.0494 -0.8052
vn 0.7365 -0.2129 -0.6421
vn 0.9212 0.0054 -0.3891
vn 0.9709 0.0979 -0.2186
vn 0.7348 -0.1767 -0.6548
vn 0.2561 -0.1856 -0.9487
vn 0.4251 -0.2142 -0.8795
vn 0.3553 -0.1015 -0.9292
vn 0.2717 -0.0457 -0.9613
vn 0.3723 -0.1648 -0.9134
vn 0.2775 -0.1875 -0.9422
vn 0.3213 -0.0551 -0.9454
vn 0.3742 -0.0485 -0.9261
vn 0.4921 -0.0279 -0.8701
vn 0.4424 -0.1056 -0.8906
vn 0.4045 -0.0175 -0.9144
vn 0.4423 0.0194 -0.8966
vn 0.2127 0.9560 0.2018
vn 0.2767 0.7714 0.5730
vn 0.1489 0.4845 0.8620
vn 0.2274 0.7522 0.6184
vn 0.2352 0.4715 0.8499
vn 0.0603 0.2511 0.9661
vn 0.0387 0.0130 0.9992
vn 0.1947 0.0718 0.9782
vn 0.9505 0.3047 0.0604
vn 0.7805 -0.1613 -0.6040
vn 0.8340 -0.3182 -0.4508
vn 0.7920 0.3954 0.4652
vn 0.3135 -0.0193 -0.9494
vn 0.2886 0.0563 -0.9558
vn 0.2572 -0.0172 -0.9662
vn 0.2324 -0.0948 -0.9680
vn 0.3430 0.0279 -0.9389
vn 0.3705 0.0355 -0.9282
vn 0.3327 -0.0262 -0.9427
vn 0.3483 -0.0250 -0.9370
vn 0.4578 -0.0062 -0.8890
vn 0.3931 0.0497 -0.9181
vn 0.4262 -0.1011 -0.8990
vn 0.5075 -0.1621 -0.8463
vn 0.3198 -0.5080 -0.7998
vn 0.4004 -0.3789 -0.8343
vn 0.4406 -0.3653 -0.8200
vn 0.3222 -0.4114 -0.8526
vn 0.2616 -0.4976 -0.8270
vn 0.3025 -0.2853 -0.9094
vn 0.2770 -0.2276 -0.9335
vn 0.1829 -0.2139 -0.9596
vn 0.2294 -0.4312 -0.8726
vn 0.1207 -0.3828 -0.9159
vn 0.0751 -0.6512 0.7552
vn 0.2148 -0.9104 0.3536
vn 0.2029 -0.9179 0.3411
vn 0.1205 -0.6240 0.7721
vn 0.0305 -0.2888 0.9569
vn 0.0856 -0.3480 0.9336
vn 0.3017 -0.9381 0.1700
vn 0.2700 -0.7697 0.5785
vn 0.0905 -0.1332 0.9870
vn 0.3571 -0.0345 0.9334
vn 0.6120 -0.7897 -0.0436
vn 0.3082 -0.5084 0.8041
vn 0.5852 0.2129 0.7825
vn 0.8294 -0.5050 -0.2387
vn 0.1531 -0.4091 -0.8995
vn 0.1742 -0.2278 -0.9580
vn 0.4987 -0.7963 0.3423
vn 0.3643 -0.6901 0.6254
vn 0.4414 -0.7394 0.5083
vn 0.4152 -0.7419 0.5265
vn 0.6075 0.5598 0.5635
vn 0.7074 0.6833 0.1807
vn 0.9590 0.0597 0.2771
vn 0.6310 -0.0558 0.7738
vn 0.6984 -0.6017 0.3875
vn 0.4897 -0.5487 0.6776
vn 0.3648 0.1790 0.9137
vn -0.0270 -0.2686 0.9629
vn 0.1904 -0.1451 0.9709
vn -0.1250 -0.3939 0.9106
vn -0.3425 -0.6077 0.7165
vn -0.3038 -0.5950 0.7441
vn -0.4322 -0.8711 0.2334
vn -0.4435 -0.8453 0.2979
vn -0.3745 -0.9049 -0.2020
vn -0.4209 -0.9004 -0.1105
vn -0.3441 -0.9329 -0.1067
vn -0.3787 -0.9183 0.1156
vn -0.2855 -0.9511 -0.1175
vn -0.3103 -0.9502 0.0300
vn -0.2196 -0.9667 -0.1312
vn -0.2392 -0.9709 0.0141
vn -0.2116 -0.9773 0.0058
vn -0.1927 -0.9624 -0.1913
vn -0.1665 -0.9475 -0.2731
vn -0.1666 -0.9859 -0.0125
vn -0.0788 -0.9960 -0.0412
vn -0.1003 -0.9240 -0.3690
vn 0.0109 -0.9959 -0.0896
vn -0.0037 -0.9017 -0.4323
vn 0.1258 -0.8882 -0.4419
vn 0.0904 -0.9868 -0.1343
vn 0.1174 -0.9819 -0.1484
vn 0.2127 -0.8876 -0.4086
vn 0.2123 -0.9205 -0.3280
vn 0.0748 -0.9895 -0.1237
vn -0.0372 -0.9972 -0.0651
vn 0.1445 -0.9718 -0.1863
vn -0.1178 -0.9885 0.0952
vn 0.0858 -0.9955 0.0413
vn 0.2409 -0.7019 -0.6703
vn 0.3965 -0.9130 0.0961
vn 0.3885 -0.9211 -0.0274
vn 0.2685 -0.7849 -0.5585
vn 0.0163 -0.4074 -0.9131
vn 0.0140 -0.4598 -0.8879
vn 0.0422 -0.5324 -0.8454
vn 0.0625 -0.4576 -0.8869
vn 0.2975 -0.4618 -0.8356
vn 0.1853 -0.4445 -0.8764
vn 0.2268 -0.4951 -0.8387
vn 0.2597 -0.5234 -0.8115
vn 0.2579 -0.5403 -0.8010
vn 0.2832 -0.4800 -0.8303
vn 0.2153 -0.4848 -0.8477
vn 0.1981 -0.4615 -0.8647
vn 0.4570 -0.7194 0.5230
vn 0.4905 -0.8477 -0.2020
vn 0.4797 -0.8559 0.1934
vn 0.3195 -0.5309 0.7849
vn 0.0861 -0.4641 0.8816
vn -0.0978 -0.5518 0.8282
vn 0.4438 -0.8093 0.3849
vn 0.2798 -0.8701 0.4058
vn 0.0258 -0.9478 0.3179
vn -0.2570 -0.6737 0.6929
vn -0.3538 -0.7627 0.5414
vn -0.1287 -0.9564 0.2621
vn -0.1904 -0.9527 0.2367
vn -0.3532 -0.8349 0.4222
vn -0.3283 -0.8863 0.3267
vn -0.2455 -0.9453 0.2149
vn -0.2191 -0.9555 0.1974
vn -0.3204 -0.9017 0.2904
vn -0.2528 -0.9340 0.2523
vn -0.0827 -0.9785 0.1889
vn 0.1169 -0.9914 0.0593
vn -0.0497 -0.9867 0.1549
vn -0.1791 -0.9657 0.1880
vn 0.0193 -0.9910 0.1323
vn 0.1935 -0.9811 -0.0062
vn 0.1331 -0.9882 0.0756
vn 0.0695 -0.9902 0.1215
vn 0.1811 -0.9834 0.0080
vn 0.0812 -0.9960 -0.0372
vn 0.0594 -0.9980 -0.0195
vn 0.1186 -0.9928 0.0172
vn 0.1536 -0.9881 -0.0085
vn -0.1462 -0.9808 -0.1292
vn -0.2163 -0.9687 -0.1220
vn -0.0652 -0.9943 -0.0847
vn -0.0065 -0.9981 -0.0618
vn -0.0654 -0.9961 -0.0587
vn -0.0195 -0.9954 -0.0933
vn 0.0935 -0.9928 -0.0745
vn 0.0359 -0.9993 0.0038
vn -0.2096 -0.9654 -0.1552
vn -0.2290 -0.9608 -0.1565
vn 0.2694 -0.8880 -0.3726
vn 0.2099 -0.9424 -0.2602
vn 0.2481 -0.9277 -0.2791
vn 0.2418 -0.9349 -0.2598
vn 0.1849 -0.9637 -0.1927
vn 0.0118 -0.9999 -0.0048
vn 0.1659 -0.9821 -0.0895
vn 0.0430 -0.9990 0.0087
vn 0.1773 -0.9330 -0.3132
vn 0.2451 -0.9138 -0.3240
vn 0.2134 -0.9460 -0.2439
vn 0.1165 -0.9641 -0.2387
vn 0.2131 -0.9676 -0.1355
vn 0.1500 -0.9835 -0.1016
vn 0.0915 -0.9940 0.0599
vn 0.1069 -0.9921 0.0656
vn -0.0404 -0.9491 -0.3124
vn 0.0500 -0.9454 -0.3221
vn -0.0395 -0.9707 -0.2369
vn -0.1014 -0.9677 -0.2307
vn 0.0091 -0.9915 -0.1299
vn -0.0992 -0.9798 -0.1735
vn -0.1538 -0.9828 -0.1025
vn -0.0380 -0.9989 -0.0287
vn 0.0531 -0.9481 -0.3135
vn -0.0257 -0.9513 -0.3071
vn -0.0290 -0.9718 -0.2339
vn 0.0960 -0.9639 -0.2485
vn -0.0579 -0.9659 -0.2524
vn -0.1185 -0.9687 -0.2182
vn -0.2084 -0.9691 -0.1320
vn -0.1926 -0.9744 -0.1160
vn 0.2678 -0.9298 -0.2525
vn 0.5130 -0.8176 -0.2616
vn 0.3243 -0.8665 -0.3794
vn 0.1811 -0.9274 -0.3273
vn 0.1066 -0.9217 -0.3729
vn 0.0354 -0.9572 -0.2873
vn -0.1603 -0.9824 -0.0955
vn -0.1720 -0.9794 -0.1062
vn 0.6714 -0.6654 -0.3263
vn 0.6388 -0.5808 -0.5045
vn 0.4785 -0.5748 -0.6638
vn 0.4502 -0.7471 -0.4891
vn 0.1639 -0.8604 -0.4825
vn -0.1973 -0.9733 -0.1170
vn 0.1848 -0.7926 -0.5811
vn -0.2002 -0.9729 -0.1158
vn 0.2943 -0.3984 -0.8687
vn 0.4379 -0.4387 -0.7847
vn 0.4778 -0.5071 -0.7173
vn 0.2475 -0.4362 -0.8652
vn 0.2284 -0.7213 -0.6539
vn 0.1627 -0.6859 -0.7093
vn -0.2203 -0.9653 -0.1402
vn -0.2051 -0.9716 -0.1184
vn 0.0436 -0.3677 -0.9289
vn -0.0002 -0.3858 -0.9226
vn -0.0078 -0.5143 -0.8576
vn 0.1010 -0.4188 -0.9024
vn -0.0052 -0.7051 -0.7091
vn -0.1310 -0.7547 -0.6428
vn -0.3737 -0.8957 -0.2410
vn -0.3235 -0.9236 -0.2056
vn 0.0946 -0.4529 -0.8866
vn 0.2597 -0.4825 -0.8365
vn 0.0262 -0.6460 -0.7629
vn -0.0281 -0.6007 -0.7990
vn -0.1560 -0.7987 -0.5812
vn -0.2053 -0.8163 -0.5400
vn -0.3820 -0.8892 -0.2517
vn -0.3729 -0.8954 -0.2433
vn 0.3358 -0.5018 -0.7971
vn 0.3433 -0.5316 -0.7743
vn 0.2948 -0.6023 -0.7418
vn 0.2038 -0.6379 -0.7427
vn -0.1280 -0.8321 -0.5397
vn 0.0162 -0.8182 -0.5747
vn -0.2925 -0.9200 -0.2609
vn -0.3764 -0.8913 -0.2528
vn 0.5120 0.8001 0.3124
vn 0.7089 0.7022 -0.0663
vn 0.6830 0.6963 -0.2207
vn 0.4735 0.8349 0.2807
vn 0.7098 0.4265 -0.5606
vn 0.7810 0.4631 -0.4190
vn 0.7360 0.5482 -0.3973
vn 0.7628 0.6185 -0.1887
vn 0.7212 0.6927 -0.0086
vn 0.7086 0.6636 -0.2398
vn 0.7342 0.6182 -0.2808
vn 0.7087 0.4691 -0.5269
vn 0.5176 0.7883 0.3326
vn 0.5995 0.7397 0.3058
vn 0.6107 0.7173 0.3354
vn 0.6126 0.6871 -0.3906
vn 0.6098 0.7697 -0.1889
vn 0.6565 0.7535 -0.0353
vn 0.7167 0.6550 -0.2395
vn 0.6579 0.7523 -0.0331
vn 0.6094 0.7887 -0.0815
vn 0.8102 0.5740 0.1187
vn 0.7777 0.6025 0.1795
vn 0.8399 0.5368 0.0800
vn 0.7206 0.6392 -0.2686
vn 0.4906 0.8171 0.3026
vn 0.7044 0.3976 -0.5880
vn 0.6537 0.3074 -0.6915
vn 0.7122 0.2970 -0.6361
vn 0.6566 0.3968 -0.6414
vn 0.6283 0.4563 -0.6301
vn 0.6713 0.3655 -0.6448
vn 0.7808 0.3308 -0.5300
vn 0.6656 0.5321 -0.5233
vn 0.6577 0.6477 -0.3847
vn 0.6024 0.5594 -0.5693
vn 0.6094 0.6260 -0.4866
vn 0.7124 0.4767 -0.5150
vn 0.8460 0.4299 -0.3154
vn 0.6121 0.5500 -0.5682
vn 0.6016 0.7423 -0.2952
vn 0.6099 0.7803 -0.1386
vn 0.5839 0.6694 -0.4593
vn 0.5814 0.6546 -0.4832
vn 0.5967 0.7193 -0.3558
vn 0.6052 0.7706 -0.1999
vn 0.5786 0.5914 -0.5616
vn 0.5811 0.6176 -0.5301
vn 0.6739 0.3038 -0.6735
vn 0.6478 0.3129 -0.6946
vn 0.5562 0.0801 -0.8272
vn 0.5948 0.1164 -0.7954
vn 0.4949 0.0882 -0.8645
vn 0.6069 0.2548 -0.7528
vn 0.8967 0.2182 0.3851
vn 0.7739 0.3889 0.4998
vn 0.6312 0.2149 0.7453
vn 0.8166 -0.1218 0.5642
vn 0.6876 0.4815 0.5434
vn 0.4544 0.4557 0.7654
vn 0.7679 -0.0366 -0.6395
vn 0.5819 0.2013 -0.7879
vn 0.4876 -0.3732 -0.7893
vn 0.6256 -0.5311 -0.5714
vn 0.7607 0.4154 -0.4987
vn 0.5186 0.6295 -0.5786
vn 0.1812 -0.9577 -0.2235
vn 0.3290 -0.7718 -0.5442
vn 0.3672 -0.8229 -0.4336
vn 0.2607 -0.9513 -0.1643
vn 0.1889 -0.9744 -0.1218
vn 0.2671 -0.9590 -0.0948
vn 0.4625 -0.8637 -0.2002
vn 0.3394 -0.9406 -0.0018
vn 0.3882 -0.9149 0.1105
vn 0.5045 -0.8620 -0.0488
vn 0.4017 -0.9156 0.0168
vn 0.3515 -0.9340 -0.0640
vn 0.4122 -0.8741 -0.2571
vn 0.4673 -0.8684 -0.1656
vn 0.5155 -0.8459 -0.1371
vn 0.5529 -0.7819 -0.2879
vn 0.5469 -0.8320 0.0930
vn 0.6343 -0.7715 -0.0488
vn 0.6967 -0.7080 0.1159
vn 0.6115 -0.7330 0.2980
vn 0.8565 -0.5153 -0.0285
vn 0.8002 -0.5678 -0.1933
vn 0.7700 -0.5431 0.3350
vn 0.8928 -0.3984 0.2103
vn 0.6897 -0.5095 0.5145
vn 0.7385 -0.2131 0.6397
vn 0.6501 -0.0869 0.7548
vn 0.5341 0.2281 0.8141
vn 0.3200 0.5560 0.7671
vn 0.4229 0.3625 0.8305
vn 0.1823 0.5900 0.7865
vn -0.0051 0.6236 0.7817
vn -0.4283 0.3980 0.8112
vn -0.2174 0.3644 0.9055
vn -0.3224 0.1110 0.9401
vn -0.5111 0.2811 0.8123
vn 0.0883 0.2832 0.9550
vn 0.3968 0.0424 0.9169
vn 0.0942 -0.1101 0.9894
vn -0.1249 -0.0277 0.9918
vn 0.6289 0.3595 -0.6894
vn 0.6352 0.3428 -0.6922
vn 0.6047 0.2064 -0.7692
vn 0.6462 0.2291 -0.7280
vn 0.6991 0.6610 -0.2728
vn 0.6719 0.5090 -0.5380
vn 0.6977 0.4846 -0.5276
vn 0.6833 0.6748 -0.2788
vn 0.7464 0.4380 -0.5011
vn 0.6484 0.7171 -0.2555
vn 0.6146 0.7841 -0.0859
vn 0.6087 0.7908 -0.0648
vn 0.6126 0.7869 -0.0746
vn 0.6378 0.5504 -0.5388
vn 0.6667 0.6190 -0.4152
vn 0.6629 0.4741 -0.5794
vn 0.6405 0.4633 -0.6125
vn 0.6452 0.7603 -0.0750
vn 0.8268 0.5616 -0.0318
vn 0.6408 0.7398 -0.2049
vn 0.7690 0.5844 -0.2589
vn 0.9784 0.0726 -0.1938
vn 0.9526 -0.0419 -0.3015
vn 0.8410 0.4303 -0.3280
vn 0.9937 0.0665 0.0906
vn 0.5951 0.6225 -0.5083
vn 0.7723 0.4132 -0.4826
vn 0.7585 0.5174 -0.3962
vn 0.8256 0.4191 -0.3779
vn 0.8878 0.2479 -0.3877
vn 0.8829 0.1856 -0.4313
vn 0.9225 -0.0246 -0.3853
vn 0.8662 0.1772 -0.4673
vn 0.8335 0.0289 -0.5517
vn 0.7228 0.2863 -0.6290
vn 0.7925 0.3791 -0.4776
vn 0.8660 0.3310 -0.3748
vn 0.8291 0.4229 -0.3657
vn 0.7497 0.4857 -0.4495
vn 0.6758 0.4476 -0.5856
vn 0.6483 0.5557 -0.5204
vn 0.6491 0.6660 -0.3675
vn 0.7092 0.5982 -0.3731
vn 0.7903 0.5008 -0.3530
vn 0.2345 0.4979 -0.8349
vn 0.4267 0.1714 -0.8880
vn 0.4188 0.1567 -0.8945
vn 0.2600 0.4404 -0.8593
vn -0.4070 0.8737 -0.2663
vn -0.0756 0.7804 -0.6206
vn -0.0520 0.7022 -0.7100
vn -0.4217 0.8125 -0.4025
vn -0.7313 0.5900 0.3423
vn -0.6802 0.7305 0.0605
vn -0.6282 0.7464 0.2196
vn -0.6549 0.6508 0.3841
vn -0.5798 0.4769 0.6606
vn -0.7047 0.5853 0.4011
vn -0.6386 0.6632 0.3903
vn -0.5516 0.5173 0.6543
vn 0.4813 -0.6410 0.5978
vn 0.2702 -0.5095 0.8169
vn 0.1726 -0.3165 0.9328
vn 0.5294 -0.3420 0.7764
vn 0.5257 -0.8407 0.1298
vn 0.4190 -0.7262 0.5450
vn 0.4694 -0.8302 0.3008
vn 0.5045 -0.8628 -0.0321
vn -0.0544 -0.1826 0.9817
vn -0.3207 0.1783 0.9302
vn -0.3531 0.2563 0.8998
vn -0.1413 -0.0170 0.9898
vn 0.1185 -0.3760 0.9190
vn 0.0122 -0.2031 0.9791
vn -0.0107 -0.0825 0.9965
vn -0.2929 0.1895 0.9372
vn -0.3129 0.1731 0.9339
vn -0.0614 -0.1417 0.9880
vn 0.4446 -0.8951 0.0335
vn 0.5033 -0.8543 -0.1299
vn 0.5292 -0.8449 -0.0777
vn 0.4653 -0.8832 0.0585
vn 0.2739 -0.6113 0.7425
vn 0.1703 -0.4794 0.8609
vn 0.4823 -0.8110 0.3312
vn 0.4549 -0.7434 0.4904
vn 0.4905 -0.6755 0.5506
vn 0.1785 -0.4022 0.8980
vn 0.5833 -0.5947 0.5533
vn 0.2480 -0.3209 0.9141
vn 0.3920 -0.8994 0.1934
vn 0.4201 -0.8880 0.1868
vn 0.5573 -0.8302 0.0138
vn 0.5106 -0.8537 0.1023
vn 0.5838 -0.8043 0.1108
vn 0.5542 -0.8175 0.1567
vn 0.5949 -0.7661 0.2431
vn 0.6261 -0.7578 0.1836
vn 0.7072 -0.6745 0.2118
vn 0.6868 -0.6619 0.3004
vn 0.6749 -0.5411 -0.5017
vn 0.6263 -0.6085 -0.4873
vn 0.6511 -0.3940 -0.6487
vn 0.6899 -0.3926 -0.6082
vn 0.6032 -0.1877 -0.7752
vn 0.6615 -0.2446 -0.7090
vn 0.5584 -0.7433 -0.3684
vn 0.6063 -0.7166 -0.3448
vn 0.5735 -0.8189 -0.0225
vn 0.4689 -0.8564 0.2162
vn 0.5204 -0.8140 0.2579
vn 0.6473 -0.7622 0.0012
vn 0.7548 -0.6559 0.0110
vn 0.6046 -0.7414 0.2910
vn 0.7445 -0.6056 0.2810
vn 0.8694 -0.4934 0.0266
vn 0.2415 0.3864 -0.8902
vn 0.4540 0.1330 -0.8810
vn 0.6170 -0.0395 -0.7860
vn 0.5056 0.1845 -0.8428
vn 0.7201 -0.4533 -0.5253
vn 0.6731 -0.6624 -0.3289
vn 0.7461 -0.5836 -0.3205
vn 0.7785 -0.3453 -0.5241
vn 0.7446 -0.3031 -0.5948
vn 0.7874 -0.1670 -0.5934
vn 0.8394 -0.2350 -0.4901
vn 0.8405 -0.4590 -0.2879
vn 0.9157 -0.3290 -0.2307
vn 0.8773 -0.1756 -0.4467
vn 0.6275 0.1215 -0.7691
vn 0.8095 -0.1013 -0.5783
vn 0.8168 -0.1113 -0.5661
vn 0.6510 0.0264 -0.7586
vn -0.4673 0.6985 -0.5420
vn -0.0897 0.5770 -0.8118
vn 0.0145 0.4884 -0.8725
vn -0.4063 0.6820 -0.6081
vn -0.7016 0.7029 -0.1172
vn -0.7586 0.5870 0.2827
vn -0.7352 0.6420 0.2173
vn -0.6555 0.7309 -0.1901
vn -0.3129 0.6871 -0.6557
vn 0.1550 0.4227 -0.8929
vn 0.2136 0.3668 -0.9054
vn -0.2419 0.6902 -0.6820
vn -0.7277 0.5306 0.4347
vn -0.5789 0.4394 0.6869
vn -0.5323 0.4316 0.7282
vn -0.7038 0.5475 0.4527
vn -0.6913 0.7047 0.1598
vn -0.5865 0.7717 -0.2461
vn -0.6349 0.7627 0.1233
vn -0.5191 0.8061 -0.2842
vn -0.2490 0.2076 0.9460
vn 0.0654 -0.0196 0.9977
vn 0.1447 0.0143 0.9894
vn -0.1792 0.2149 0.9601
vn -0.3670 0.4363 0.8215
vn -0.5965 0.6375 0.4876
vn -0.6626 0.5880 0.4639
vn -0.4574 0.4308 0.7779
vn 0.7777 -0.3852 0.4968
vn 0.4602 -0.1700 0.8714
vn 0.3409 -0.2152 0.9151
vn 0.6885 -0.4822 0.5417
vn 0.8585 -0.4838 0.1702
vn 0.8624 -0.4859 0.1417
vn 0.7968 -0.5756 0.1839
vn 0.7966 -0.5454 0.2606
vn -0.1053 0.2063 0.9728
vn 0.2144 0.0200 0.9765
vn 0.2702 -0.0124 0.9627
vn -0.0479 0.2065 0.9773
vn 0.9297 -0.3679 -0.0172
vn 0.8650 -0.4687 0.1789
vn 0.9099 -0.4126 0.0433
vn 0.9301 -0.3566 -0.0877
vn 0.6040 -0.1844 0.7753
vn 0.8724 -0.3570 0.3338
vn 0.9119 -0.4008 0.0879
vn 0.7011 -0.2879 0.6523
vn 0.9114 -0.3991 -0.0998
vn 0.9032 -0.4287 0.0217
vn 0.8917 -0.2037 -0.4043
vn 0.9388 -0.2753 -0.2071
vn 0.9234 -0.3182 -0.2148
vn 0.8926 -0.2819 -0.3520
vn 0.6992 -0.0793 -0.7105
vn 0.8288 -0.1942 -0.5248
vn 0.8516 -0.2859 -0.4394
vn 0.7854 -0.1954 -0.5873
vn 0.8978 -0.3631 -0.2493
vn 0.9069 -0.3720 -0.1980
vn 0.8567 -0.3195 -0.4049
vn 0.8747 -0.3704 -0.3126
vn 0.9054 -0.4245 0.0102
vn 0.9153 -0.3973 -0.0666
vn 0.7555 -0.3096 0.5773
vn 0.8015 -0.2824 0.5270
vn 0.4076 0.0028 0.9132
vn 0.3396 -0.0131 0.9405
vn 0.9344 -0.3291 -0.1363
vn 0.8680 -0.2027 0.4533
vn 0.9634 -0.0140 -0.2677
vn 0.9357 0.2178 0.2776
vn 0.5666 0.2683 0.7791
vn 0.4742 0.0647 0.8780
vn 0.0202 0.2093 0.9776
vn 0.0963 0.2353 0.9671
vn -0.2751 0.4456 0.8519
vn -0.1956 0.4968 0.8455
vn -0.4403 0.7315 0.5206
vn -0.5197 0.6799 0.5174
vn -0.5908 0.7963 0.1300
vn -0.5462 0.8218 0.1620
vn 0.7949 -0.0876 -0.6004
vn 0.5837 0.1928 -0.7888
vn 0.1393 0.7089 -0.6914
vn 0.6276 0.3875 -0.6752
vn -0.1152 0.7002 -0.7046
vn 0.3462 0.3067 -0.8866
vn -0.3950 0.8948 -0.2079
vn -0.4565 0.8388 -0.2965
vn -0.3686 0.8828 0.2913
vn -0.1391 0.6322 0.7622
vn -0.0431 0.8342 0.5498
vn -0.0201 0.9876 -0.1558
vn 0.5606 0.8225 -0.0960
vn 0.3206 0.6272 0.7098
vn 0.1458 0.3453 0.9271
vn 0.0581 0.9882 -0.1414
vn 0.3524 0.8382 -0.4162
vn 0.4578 0.8514 -0.2561
vn 0.1452 0.9894 0.0074
vn 0.5126 0.6215 -0.5925
vn 0.4866 0.5916 -0.6428
vn 0.5915 0.5192 -0.6169
vn 0.5903 0.5450 -0.5954
vn 0.6282 0.6787 -0.3805
vn 0.5901 0.7171 -0.3710
vn 0.0043 0.9649 0.2627
vn 0.1124 0.9867 0.1174
vn 0.0879 0.9743 0.2072
vn -0.0237 0.9575 0.2874
vn 0.2640 0.9488 0.1735
vn 0.3981 0.8878 0.2309
vn 0.3710 0.8568 0.3581
vn 0.2564 0.9184 0.3015
vn 0.4852 0.8634 0.1382
vn 0.4952 0.8637 0.0937
vn -0.0949 0.9556 0.2791
vn -0.0094 0.9593 0.2823
vn -0.1028 0.9214 0.3748
vn -0.1607 0.9513 0.2632
vn 0.6184 0.5351 -0.5756
vn 0.6420 0.5514 -0.5326
vn 0.5929 0.7374 -0.3235
vn 0.5687 0.7424 -0.3542
vn 0.1606 0.8937 0.4190
vn 0.2878 0.8587 0.4240
vn 0.2419 0.8355 0.4933
vn 0.0670 0.8278 0.5570
vn 0.4380 0.8785 0.1909
vn 0.4396 0.8837 0.1609
vn -0.1723 0.8448 0.5066
vn -0.2041 0.9466 0.2496
vn -0.1366 0.6812 0.7193
vn -0.1738 0.9156 0.3626
vn 0.6288 0.5506 -0.5490
vn 0.5890 0.5451 -0.5966
vn 0.5727 0.6967 -0.4321
vn 0.6077 0.7133 -0.3493
vn 0.2358 0.7907 0.5650
vn -0.0228 0.7072 0.7067
vn -0.0336 0.6012 0.7984
vn 0.2109 0.8041 0.5558
vn 0.4758 0.8604 0.1824
vn 0.4575 0.8860 0.0761
vn -0.1385 0.8244 0.5487
vn -0.1459 0.7346 0.6626
vn -0.2217 0.5768 0.7862
vn -0.3203 0.6066 0.7276
vn 0.1027 0.9003 0.4229
vn -0.1533 0.6602 0.7353
vn -0.2575 0.7686 0.5856
vn 0.0235 0.9631 0.2680
vn -0.0542 0.8521 0.5206
vn 0.2689 0.6919 0.6701
vn 0.1411 0.7137 0.6861
vn -0.0338 0.7242 0.6887
vn -0.3139 0.7179 0.6214
vn -0.1403 0.6927 0.7074
vn 0.0386 0.9863 0.1603
vn -0.2297 0.8794 0.4169
vn -0.0359 0.9555 0.2927
vn 0.1131 0.9835 0.1412
vn 0.5684 0.5473 -0.6144
vn 0.6322 0.5491 -0.5466
vn 0.5342 0.7079 -0.4621
vn 0.5174 0.6973 -0.4961
vn 0.3649 0.9276 -0.0806
vn 0.3100 0.9353 -0.1709
vn 0.6027 0.5803 0.5477
vn 0.4514 0.7879 0.4190
vn 0.8139 0.5625 0.1453
vn 0.8489 0.4879 0.2033
vn 0.8758 0.3174 -0.3636
vn 0.8007 0.3075 -0.5140
vn 0.8565 0.3389 -0.3893
vn 0.8887 0.3657 -0.2766
vn 0.4302 0.8827 0.1889
vn 0.4327 0.9012 -0.0237
vn 0.7433 0.6519 -0.1503
vn 0.7656 0.6434 -0.0012
vn 0.9148 0.3732 -0.1542
vn 0.9018 0.4169 -0.1142
vn 0.8550 0.4712 -0.2166
vn 0.8585 0.5066 -0.0795
vn 0.8333 0.4172 -0.3627
vn 0.7580 0.5337 -0.3749
vn 0.6278 0.7069 -0.3258
vn 0.8445 0.4115 -0.3429
vn 0.3499 0.9241 -0.1535
vn -0.0213 -0.5702 -0.8213
vn -0.3105 -0.6480 -0.6955
vn -0.0313 -0.9595 -0.2799
vn 0.1020 -0.9106 -0.4005
vn -0.1700 -0.9794 -0.1088
vn -0.5886 -0.7179 -0.3717
vn 0.2016 -0.6984 -0.6867
vn 0.3271 -0.8349 -0.4427
vn 0.3578 -0.9319 -0.0600
vn 0.3080 -0.9222 -0.2340
vn 0.2418 -0.9695 -0.0399
vn 0.3420 -0.9318 0.1216
vn 0.3316 -0.9252 0.1845
vn 0.1502 -0.9856 0.0776
vn 0.4025 -0.8785 -0.2574
vn 0.4107 -0.8799 -0.2389
vn 0.3606 -0.9317 0.0437
vn 0.2494 -0.9673 -0.0469
vn 0.1831 -0.8511 -0.4921
vn 0.0670 -0.9854 -0.1563
vn 0.1287 -0.9504 0.2830
vn 0.0597 -0.9924 0.1081
vn 0.2113 -0.9706 0.1152
vn 0.1943 -0.9750 0.1081
vn 0.1721 -0.9804 0.0961
vn 0.1712 -0.9823 0.0762
vn 0.0965 -0.9621 0.2550
vn -0.0384 -0.9744 0.2216
vn -0.1462 -0.9837 -0.1049
vn -0.2134 -0.9716 -0.1019
vn 0.3067 -0.9353 0.1763
vn 0.3061 -0.9329 0.1898
vn -0.9222 0.3602 0.1410
vn -0.8271 0.4979 0.2608
vn -0.8143 0.3396 0.4707
vn -0.8751 0.2553 0.4111
vn -0.5063 0.7856 0.3558
vn -0.5465 0.7343 0.4026
vn -0.5496 0.6814 0.4834
vn -0.7408 0.2783 0.6114
vn -0.7674 0.2197 0.6024
vn -0.5883 0.1397 0.7965
vn -0.6782 0.2088 0.7046
vn -0.6321 0.2385 0.7373
vn -0.4893 0.0828 0.8682
vn -0.4951 0.5632 0.6616
vn -0.3990 0.4416 0.8036
vn -0.7984 -0.5783 0.1677
vn -0.9871 -0.1035 0.1225
vn -0.9060 -0.0744 0.4166
vn -0.7602 -0.5503 0.3454
vn -0.8068 -0.0304 0.5901
vn -0.7232 -0.4871 0.4896
vn -0.5619 0.0694 0.8243
vn -0.6985 0.0220 0.7153
vn -0.6672 -0.3446 0.6603
vn -0.6060 -0.2196 0.7646
vn -0.4272 -0.0273 0.9037
vn -0.5082 -0.2444 0.8258
vn -0.4190 0.2426 0.8750
vn -0.5414 -0.1118 0.8333
vn -0.4079 0.8618 0.3015
vn -0.0442 0.9744 0.2202
vn -0.0417 0.9722 0.2306
vn -0.1291 0.9288 0.3473
vn -0.2980 0.8695 0.3939
vn -0.0723 0.9689 0.2366
vn -0.0258 0.9798 0.1983
vn -0.0350 0.9610 0.2743
vn -0.1250 0.9674 0.2204
vn -0.1838 0.9378 0.2945
vn -0.1074 0.9377 0.3306
vn -0.1805 0.8664 0.4655
vn -0.2155 0.8787 0.4260
vn -0.2080 0.8102 0.5480
vn -0.2005 0.8070 0.5555
vn -0.2375 0.8085 0.5384
vn -0.3282 0.6924 0.6425
vn -0.4329 0.3443 0.8331
vn -0.2284 0.8210 0.5232
vn -0.2336 0.7475 0.6219
vn -0.5251 -0.7872 0.3233
vn -0.4922 -0.8140 0.3084
vn -0.5001 -0.8165 0.2885
vn -0.4983 -0.8221 0.2754
vn -0.5996 -0.7010 0.3861
vn -0.5217 -0.7195 0.4585
vn -0.5477 -0.4754 0.6885
vn -0.5930 -0.6069 0.5292
vn -0.3459 -0.3828 0.8566
vn -0.4684 -0.5410 0.6985
vn -0.4679 0.1681 0.8677
vn -0.5012 -0.2896 0.8154
vn -0.3667 -0.1140 0.9233
vn -0.3543 -0.2514 0.9007
vn -0.2971 0.3119 0.9025
vn -0.3165 -0.0310 0.9481
vn -0.1481 0.7832 0.6039
vn -0.1849 0.4186 0.8891
vn -0.0932 0.8281 0.5528
vn -0.1653 0.0136 0.9862
vn 0.0712 0.4811 0.8738
vn 0.0607 0.0014 0.9982
vn 0.0241 0.8626 0.5053
vn 0.0218 0.9067 0.4213
vn 0.1120 0.5238 0.8445
vn 0.1382 -0.0287 0.9900
vn -0.2220 -0.3417 0.9132
vn -0.0052 -0.1575 0.9875
vn -0.0907 0.4782 0.8735
vn -0.3969 0.3387 0.8531
vn -0.1695 0.9144 0.3675
vn -0.4136 0.8528 0.3189
vn -0.0771 0.9902 0.1167
vn -0.2305 0.9571 0.1757
vn -0.0359 0.9754 0.2174
vn -0.0040 0.9793 0.2026
vn -0.4465 0.8580 0.2540
vn -0.3689 0.8778 0.3056
vn -0.0253 0.9715 0.2357
vn -0.3135 0.8765 0.3654
vn -0.0820 0.9545 0.2868
vn -0.1220 0.9015 0.4152
vn -0.3877 0.8013 0.4556
vn -0.4113 0.6756 0.6119
vn -0.1652 0.8089 0.5643
vn -0.1855 0.7101 0.6792
vn -0.3517 0.5825 0.7328
vn -0.2802 0.5220 0.8056
vn -0.2533 0.6535 0.7133
vn -0.2743 0.4905 0.8272
vn -0.3499 0.4583 0.8170
vn -0.2977 0.6498 0.6994
vn -0.3228 0.6921 0.6456
vn -0.4129 0.4214 0.8074
vn -0.4278 0.4561 0.7804
vn -0.2425 0.7477 0.6182
vn -0.2258 0.7862 0.5753
vn -0.1769 0.8209 0.5429
vn -0.4334 0.5204 0.7357
vn -0.3717 0.5994 0.7090
vn -0.0983 0.8650 0.4921
vn -0.1035 0.9036 0.4157
vn -0.2664 0.7009 0.6616
vn -0.2244 0.7648 0.6039
vn -0.2561 0.9121 0.3201
vn -0.2889 0.7574 0.5855
vn -0.4200 0.8654 0.2734
vn -0.3867 0.6819 0.6208
vn -0.7723 0.5415 0.3321
vn -0.7991 0.4608 0.3861
vn -0.9469 -0.2304 0.2243
vn -0.9606 -0.1666 0.2225
vn -0.9386 -0.2870 0.1916
vn -0.8236 0.3881 0.4136
vn -0.8602 0.2756 0.4290
vn -0.9428 -0.3066 0.1306
vn -0.9363 -0.2939 0.1924
vn -0.8146 0.1948 0.5463
vn -0.5154 -0.6253 0.5860
vn -0.5173 -0.0247 0.8555
vn -0.6614 0.1178 0.7407
vn -0.7894 -0.2802 0.5462
vn -0.8425 -0.3545 0.4057
vn -0.5869 -0.6630 0.4648
vn -0.9175 -0.3745 0.1336
vn -0.7883 -0.5683 0.2358
vn -0.3525 -0.6238 0.6976
vn -0.3911 -0.0422 0.9194
vn -0.3988 -0.0481 0.9158
vn -0.3852 -0.7085 0.5913
vn -0.4447 -0.0775 0.8923
vn -0.5341 -0.0552 0.8436
vn -0.3835 -0.5555 0.7378
vn -0.4620 -0.5500 0.6957
vn -0.5814 -0.0008 0.8136
vn -0.5361 0.0716 0.8411
vn -0.4996 -0.5708 0.6516
vn -0.4402 -0.6034 0.6649
vn -0.1786 -0.6043 0.7765
vn -0.2905 0.2109 0.9334
vn -0.4169 0.1554 0.8956
vn -0.3139 -0.6262 0.7137
vn -0.3473 -0.4577 0.8185
vn -0.3806 -0.2971 0.8757
vn -0.2424 -0.1804 0.9533
vn -0.2747 -0.5208 0.8083
vn -0.1457 -0.1176 0.9823
vn -0.1719 -0.5970 0.7836
vn -0.4168 -0.8432 0.3395
vn -0.3870 -0.8074 0.4453
vn -0.3223 -0.8692 0.3749
vn -0.3781 -0.8487 0.3697
vn -0.2406 -0.9193 0.3116
vn -0.3489 -0.8675 0.3546
vn -0.1692 -0.0360 0.9849
vn -0.1996 -0.6121 0.7652
vn -0.2637 0.0321 0.9641
vn -0.3849 -0.5736 0.7230
vn -0.2246 -0.9436 0.2433
vn -0.3696 -0.8780 0.3042
vn -0.2695 -0.9386 0.2152
vn -0.3507 -0.8866 0.3015
vn -0.4379 -0.7454 0.5026
vn -0.4388 -0.7485 0.4973
vn -0.4667 -0.7392 0.4856
vn -0.4306 -0.7527 0.4980
vn -0.4502 -0.7299 0.5144
vn -0.3911 -0.7307 0.5596
vn -0.3145 0.0195 0.9491
vn -0.4871 -0.5347 0.6905
vn -0.2053 -0.0812 0.9753
vn -0.3685 -0.6014 0.7089
vn -0.3164 -0.8797 0.3550
vn -0.4506 -0.7135 0.5366
vn -0.4573 -0.7168 0.5264
vn -0.3283 -0.8875 0.3234
vn -0.4485 -0.6859 0.5730
vn -0.4609 -0.6709 0.5810
vn -0.3146 -0.9180 0.2416
vn -0.3129 -0.9155 0.2529
vn 0.0047 -0.2096 0.9778
vn -0.1297 -0.7178 0.6841
vn 0.0955 -0.3512 0.9314
vn 0.0018 -0.8226 0.5686
vn 0.0133 -0.5568 0.8305
vn 0.0486 -0.9051 0.4223
vn -0.0832 -0.6965 0.7127
vn 0.1225 -0.9238 0.3628
vn -0.1901 -0.9451 0.2659
vn -0.2547 -0.8838 0.3925
vn -0.0615 -0.9631 0.2620
vn -0.2414 -0.8926 0.3808
vn -0.4242 -0.7170 0.5531
vn -0.4483 -0.6639 0.5986
vn -0.4361 -0.7068 0.5570
vn -0.4923 -0.6434 0.5863
vn 0.0264 -0.9694 0.2440
vn -0.2184 -0.9013 0.3740
vn 0.1380 -0.9632 0.2305
vn -0.1247 -0.9158 0.3817
vn -0.4317 -0.7081 0.5587
vn -0.4954 -0.6539 0.5718
vn -0.3859 -0.7339 0.5589
vn -0.4358 -0.6821 0.5872
vn 0.1636 -0.9706 0.1768
vn -0.0907 -0.9385 0.3333
vn 0.0983 -0.9417 0.3217
vn -0.0882 -0.9727 0.2145
vn 0.0524 -0.9959 0.0737
vn -0.1565 -0.9602 0.2315
vn -0.3837 -0.7539 0.5333
vn -0.4534 -0.6649 0.5936
vn -0.4453 -0.7546 0.4820
vn -0.5349 -0.6243 0.5694
vn -0.4347 -0.7599 0.4833
vn -0.5023 -0.6230 0.5997
vn -0.2023 -0.9615 0.1861
vn -0.1672 -0.9526 0.2543
vn -0.3749 -0.7505 0.5442
vn -0.4493 -0.6403 0.6230
vn -0.1144 -0.9313 0.3459
vn -0.3181 -0.7512 0.5784
vn -0.3547 -0.7489 0.5597
vn -0.1318 -0.9443 0.3015
vn -0.4215 -0.6653 0.6162
vn -0.3874 -0.6599 0.6438
vn -0.2759 -0.7679 0.5781
vn -0.3757 -0.6349 0.6751
vn -0.1104 -0.9116 0.3960
vn -0.0609 -0.8877 0.4565
vn -0.1589 -0.7753 0.6112
vn -0.2481 -0.6507 0.7177
vn -0.7107 -0.6966 0.0983
vn -0.3684 -0.8668 0.3362
vn -0.1509 -0.9768 0.1520
vn -0.4609 -0.8837 -0.0813
vn -0.0818 -0.9733 0.2146
vn -0.2564 -0.9075 0.3328
vn -0.2461 -0.9447 0.2169
vn -0.1675 -0.9813 0.0951
vn -0.2234 -0.9677 0.1171
vn -0.2763 -0.9018 0.3322
vn -0.2874 -0.8297 0.4786
vn -0.1990 -0.9556 0.2172
vn -0.1934 -0.9422 0.2735
vn -0.3276 -0.8016 0.5000
vn -0.3240 -0.8374 0.4402
vn -0.1819 -0.9508 0.2508
vn -0.1394 -0.9624 0.2330
vn -0.2450 -0.8850 0.3960
vn -0.2414 -0.9273 0.2860
vn -0.2660 -0.8917 0.3662
vn -0.5007 -0.5552 0.6641
vn -0.4761 -0.6200 0.6237
vn -0.4967 -0.4401 0.7481
vn -0.2883 -0.8334 0.4715
vn -0.6535 -0.3730 0.6587
vn -0.5033 -0.6736 0.5413
vn -0.4530 -0.6881 0.5669
vn -0.6049 -0.3913 0.6935
vn -0.3436 -0.6907 0.6363
vn -0.4972 -0.4453 0.7446
vn -0.4640 -0.6538 0.5977
vn -0.6466 -0.4035 0.6474
vn -0.4487 -0.6688 0.5928
vn -0.5505 -0.4599 0.6967
vn -0.4077 -0.6684 0.6221
vn -0.4579 -0.4883 0.7429
vn -0.5318 -0.6124 0.5850
vn -0.6767 -0.3615 0.6414
vn -0.5512 -0.6096 0.5698
vn -0.7120 -0.3268 0.6215
vn -0.4316 -0.6565 0.6187
vn -0.5397 -0.4111 0.7347
vn -0.4412 -0.6258 0.6432
vn -0.5055 -0.4056 0.7615
vn -0.5608 -0.5446 0.6237
vn -0.6255 -0.3006 0.7200
vn -0.5275 -0.5266 0.6667
vn -0.5993 -0.2778 0.7508
vn -0.5259 -0.5418 0.6556
vn -0.6235 -0.2451 0.7424
vn -0.4629 -0.5416 0.7017
vn -0.5267 -0.2305 0.8182
vn -0.4751 -0.4638 0.7478
vn -0.5555 -0.1748 0.8129
vn -0.4943 -0.3700 0.7866
vn -0.5555 -0.1160 0.8234
vn -0.3972 -0.3802 0.8353
vn -0.5140 -0.1252 0.8486
vn -0.5209 0.4729 0.7107
vn -0.5556 -0.0906 0.8265
vn -0.5822 -0.0592 0.8109
vn -0.5301 0.4798 0.6991
vn -0.5293 -0.4607 0.7125
vn -0.4582 -0.5075 0.7298
vn -0.7200 0.0516 0.6920
vn -0.6095 0.5696 0.5514
vn -0.7154 0.0648 0.6958
vn -0.6261 0.5946 0.5044
vn -0.6558 0.0193 0.7547
vn -0.6207 0.5653 0.5433
vn -0.7642 0.0560 0.6426
vn -0.6906 0.5624 0.4547
vn -0.6351 -0.0713 0.7691
vn -0.6045 0.4404 0.6637
vn -0.5042 -0.1694 0.8468
vn -0.4956 0.3199 0.8075
vn -0.7148 -0.0021 0.6993
vn -0.6043 0.4329 0.6689
vn -0.7792 0.0895 0.6204
vn -0.6723 0.5374 0.5091
vn -0.6243 -0.0099 0.7811
vn -0.5633 0.4793 0.6730
vn -0.5691 -0.0344 0.8216
vn -0.5146 0.4857 0.7066
vn -0.6450 0.0781 0.7602
vn -0.5541 0.5585 0.6173
vn -0.6473 0.1295 0.7512
vn -0.5816 0.5915 0.5585
vn -0.6324 0.1677 0.7563
vn -0.5612 0.5848 0.5857
vn -0.5934 0.1712 0.7865
vn -0.6023 0.5750 0.5537
vn -0.6148 0.1603 0.7722
vn -0.6120 0.5334 0.5839
vn -0.1333 0.9909 -0.0165
vn -0.4772 0.8650 0.1551
vn -0.3401 0.8807 0.3297
vn -0.0081 0.9983 0.0576
vn -0.6051 0.5002 0.6194
vn -0.7546 0.5392 0.3740
vn -0.2898 0.8814 0.3731
vn 0.0294 0.9988 0.0384
vn -0.2776 0.8960 0.3466
vn 0.0422 0.9990 -0.0174
vn -0.3119 0.9265 0.2104
vn -0.0055 0.9944 -0.1058
vn -0.3343 0.9299 0.1535
vn -0.0336 0.9900 -0.1369
vn -0.3447 0.9177 0.1973
vn -0.0465 0.9929 -0.1099
vn -0.3837 0.9089 0.1634
vn -0.0424 0.9936 -0.1045
vn -0.3551 0.8843 0.3031
vn 0.0034 0.9990 -0.0439
vn -0.2924 0.8467 0.4446
vn 0.0212 0.9998 0.0046
vn -0.2989 0.8733 0.3846
vn -0.0142 0.9995 -0.0299
vn -0.3443 0.9034 0.2555
vn -0.0320 0.9975 -0.0634
vn -0.2986 0.8890 0.3473
vn -0.0104 0.9995 -0.0283
vn -0.3078 0.8956 0.3211
vn -0.0758 0.9920 -0.1014
vn -0.3661 0.9025 0.2269
vn -0.1213 0.9750 -0.1862
vn -0.4021 0.8965 0.1859
vn -0.1211 0.9619 -0.2451
vn -0.4094 0.8889 0.2054
vn -0.1263 0.9515 -0.2807
vn -0.4764 0.8608 0.1791
vn -0.1887 0.9361 -0.2968
vn -0.5090 0.8335 0.2150
vn -0.2841 0.9194 -0.2721
vn -0.1938 0.9362 0.2932
vn -0.1800 0.8970 0.4037
vn -0.3454 0.4166 0.8409
vn -0.3999 0.5293 0.7483
vn -0.2502 0.8408 0.4801
vn -0.3786 0.2206 0.8989
vn -0.7287 0.6670 0.1552
vn -0.5188 0.7543 0.4025
vn -0.9047 0.4103 0.1151
vn -0.7546 0.2665 0.5997
vn -0.9846 -0.1677 0.0493
vn -0.7254 -0.6816 0.0958
vn -0.5518 -0.8070 0.2105
vn -0.7983 -0.4429 0.4081
vn -0.3446 -0.8762 0.3370
vn -0.3047 -0.8071 0.5057
vn -0.2718 -0.8388 0.4717
vn -0.3077 -0.8676 0.3907
vn -0.2823 -0.7477 0.6010
vn -0.4719 -0.4365 0.7660
vn -0.2811 0.7954 0.5369
vn -0.4587 0.4147 0.7859
vn -0.3280 -0.4281 0.8421
vn -0.5428 -0.0536 0.8382
vn -0.1109 0.9707 0.2133
vn -0.2915 0.9154 0.2777
vn -0.2890 0.9488 0.1275
vn -0.1862 0.9786 0.0873
vn -0.5256 0.7895 0.3168
vn -0.4868 0.7770 0.3991
vn -0.5661 0.7906 0.2333
vn -0.3202 0.9473 0.0026
vn -0.2682 0.9632 -0.0153
vn -0.3362 0.9406 -0.0466
vn -0.3167 0.9462 -0.0668
vn -0.5973 0.7789 0.1912
vn -0.6356 0.7596 0.1378
vn -0.3778 0.9202 -0.1026
vn -0.3848 0.9128 -0.1372
vn -0.7555 0.6547 0.0248
vn -0.5461 0.8060 -0.2284
vn -0.4597 0.8682 -0.1867
vn -0.6981 0.7130 0.0653
vn -0.4586 0.8542 -0.2452
vn -0.4942 0.8082 -0.3202
vn -0.5654 0.8168 -0.1149
vn -0.4864 0.8428 -0.2303
vn -0.7432 0.6629 0.0900
vn -0.6557 0.7274 0.2024
vn -0.5331 0.8445 0.0511
vn -0.4741 0.8765 -0.0840
vn -0.3298 0.9380 -0.1069
vn -0.4668 0.8715 -0.1504
vn -0.4856 0.7544 -0.4416
vn -0.3022 0.8374 -0.4554
vn -0.5593 0.7921 -0.2445
vn -0.6019 0.4177 -0.6806
vn -0.3778 0.3861 -0.8416
vn -0.1952 0.4676 -0.8621
vn -0.8953 0.4116 -0.1705
vn -0.7541 0.4990 -0.4271
vn -0.5939 0.8045 -0.0026
vn -0.6720 0.7157 0.1902
vn -0.3236 0.9257 0.1957
vn -0.2105 0.9691 0.1287
vn -0.3054 0.8879 0.3441
vn -0.5101 0.7249 0.4629
vn -0.4924 0.4851 0.7226
vn -0.6545 0.4151 0.6320
vn -0.4166 0.8839 0.2126
vn -0.4493 0.8617 0.2359
vn -0.2948 0.9421 0.1600
vn -0.3298 0.9336 0.1404
vn -0.8130 -0.5800 0.0505
vn -0.7937 -0.6059 0.0536
vn -0.7952 -0.6059 0.0251
vn -0.7828 -0.6215 -0.0312
vn -0.8348 -0.5478 0.0551
vn -0.8120 -0.5836 0.0085
vn -0.8631 -0.5026 -0.0500
vn -0.8729 -0.4855 0.0488
vn -0.9060 -0.4144 -0.0857
vn -0.8245 -0.5617 -0.0684
vn -0.9012 -0.4266 -0.0763
vn -0.7334 -0.6494 -0.2011
vn -0.8070 0.5069 0.3029
vn -0.9503 -0.2584 0.1733
vn -0.8789 0.4116 0.2412
vn -0.8624 -0.4780 0.1666
vn -0.7329 0.5172 0.4420
vn -0.7917 0.2889 0.5383
vn -0.8571 0.1088 0.5035
vn -0.7182 0.6207 0.3144
vn -0.7551 0.3734 0.5388
vn -0.7698 0.3013 0.5627
vn -0.8122 0.5313 0.2409
vn -0.9458 -0.1606 0.2824
vn -0.8436 -0.5369 -0.0081
vn -0.7544 -0.6555 0.0356
vn -0.5903 0.2525 0.7667
vn -0.8861 -0.2732 0.3743
vn -0.8973 -0.3432 0.2778
vn -0.6728 0.2639 0.6912
vn -0.8878 -0.3972 0.2323
vn -0.7090 0.2849 0.6451
vn -0.8234 -0.4918 0.2831
vn -0.7115 0.2497 0.6568
vn -0.7989 -0.5009 0.3329
vn -0.6675 0.2628 0.6967
vn -0.8509 -0.2660 0.4530
vn -0.5632 0.4546 0.6900
vn -0.7761 0.1015 0.6224
vn -0.3483 0.7086 0.6136
vn -0.5893 0.4213 0.6894
vn -0.1555 0.8010 0.5781
vn -0.5586 0.4539 0.6943
vn -0.2810 0.8090 0.5163
vn -0.5920 0.3761 0.7128
vn -0.4006 0.7268 0.5579
vn -0.6859 0.3088 0.6589
vn -0.5243 0.5974 0.6068
vn -0.4382 0.6218 0.6492
vn -0.0777 0.8493 0.5222
vn -0.1956 0.8404 0.5055
vn -0.5895 0.5995 0.5414
vn -0.4968 0.7212 0.4828
vn -0.7702 0.4773 0.4230
vn -0.3046 0.5453 0.7809
vn -0.1507 0.7479 0.6465
vn -0.0934 0.8055 0.5851
vn -0.3434 0.5888 0.7317
vn -0.3791 0.5220 0.7641
vn -0.2602 0.6532 0.7110
vn -0.2269 0.7066 0.6703
vn -0.3240 0.5188 0.7911
vn -0.1820 0.5332 0.8262
vn -0.2358 0.5678 0.7887
vn -0.3577 0.5405 0.7615
vn -0.2825 0.5497 0.7861
vn -0.6227 0.5931 0.5103
vn -0.6000 0.5527 0.5784
vn -0.6978 0.4393 0.5658
vn -0.6689 0.5344 0.5168
vn -0.7224 0.4491 0.5258
vn -0.6914 0.5303 0.4907
vn -0.5518 0.6742 0.4909
vn -0.6187 0.6410 0.4543
vn -0.6416 0.5581 0.5262
vn -0.6301 0.5362 0.5616
vn -0.7008 0.5435 0.4621
vn -0.6886 0.5986 0.4092
vn -0.7428 0.3274 0.5840
vn -0.6855 0.5079 0.5217
vn -0.6918 0.4776 0.5416
vn -0.7134 0.3894 0.5826
vn -0.7248 0.4363 0.5332
vn -0.7434 0.3627 0.5619
vn -0.7288 0.3124 0.6093
vn -0.6901 0.4350 0.5784
vn -0.7274 0.4449 0.5225
vn -0.7419 0.4254 0.5183
vn -0.7136 0.3518 0.6058
vn -0.7663 0.3642 0.5293
vn -0.7329 0.4950 0.4667
vn -0.8086 0.4096 0.4223
vn -0.7794 0.5336 0.3283
vn -0.7362 0.5654 0.3720
vn -0.7553 0.4885 0.4369
vn -0.7470 0.4760 0.4640
vn -0.7860 0.4259 0.4482
vn -0.7951 0.4022 0.4539
vn -0.7643 0.3879 0.5152
vn -0.7683 0.3801 0.5151
vn -0.8107 0.3169 0.4923
vn -0.6086 0.1489 0.7794
vn -0.4584 -0.0934 0.8838
vn -0.5852 -0.2325 0.7768
vn -0.7329 0.0855 0.6749
vn -0.8315 0.4874 0.2664
vn -0.8622 0.3349 0.3801
vn -0.9032 0.2635 0.3387
vn -0.8726 0.4424 0.2069
vn -0.8190 0.2689 0.5069
vn -0.7829 0.0549 0.6198
vn -0.8470 0.2202 0.4839
vn -0.8366 0.3500 0.4215
vn -0.8594 0.2404 0.4513
vn -0.8782 0.1129 0.4649
vn -0.8639 0.4466 0.2330
vn -0.7834 0.5333 0.3191
vn -0.8954 0.1993 0.3981
vn -0.8340 0.2111 0.5098
vn -0.3301 -0.2950 0.8966
vn -0.2562 -0.4405 0.8605
vn -0.3271 -0.4640 0.8232
vn -0.4469 -0.4388 0.7796
vn -0.7027 -0.0988 0.7046
vn -0.5739 -0.0721 0.8158
vn -0.6886 0.0436 0.7238
vn -0.8077 0.0924 0.5824
vn -0.8373 -0.0188 0.5465
vn -0.7382 -0.0833 0.6694
vn -0.7301 0.5778 0.3648
vn -0.9332 0.2838 0.2203
vn -0.7284 0.1935 0.6573
vn -0.7762 -0.0336 0.6296
vn -0.2828 -0.6115 0.7390
vn -0.3761 -0.7255 0.5764
vn -0.5149 -0.4168 0.7491
vn -0.3550 -0.4120 0.8392
vn -0.5414 -0.1746 0.8224
vn -0.5307 -0.4251 0.7333
vn -0.5041 -0.0331 0.8630
vn -0.5895 -0.2641 0.7634
vn -0.5047 0.0132 0.8632
vn -0.6534 -0.0970 0.7507
vn -0.6307 -0.0555 0.7740
vn -0.4782 -0.5119 0.7136
vn -0.8229 0.0426 0.5666
vn -0.6537 -0.4276 0.6244
vn -0.4888 -0.4743 0.7322
vn -0.3917 -0.5259 0.7550
vn -0.3482 -0.7757 0.5263
vn -0.5496 -0.6478 0.5275
vn -0.3234 -0.7766 0.5407
vn -0.3560 -0.7377 0.5736
vn -0.4143 -0.7299 0.5437
vn -0.2316 -0.8851 0.4037
vn -0.2344 -0.8738 0.4260
vn -0.3402 -0.8287 0.4444
vn -0.4380 -0.7550 0.4880
vn -0.4150 -0.8116 0.4112
vn -0.4051 -0.7604 0.5077
vn -0.2888 -0.8574 0.4259
vn -0.3675 -0.7981 0.4774
vn -0.1523 -0.9294 0.3362
vn -0.1835 -0.9125 0.3656
vn -0.4299 -0.7050 0.5641
vn -0.7970 -0.3839 0.4662
vn -0.3298 -0.0380 0.9433
vn -0.0275 -0.6259 0.7794
vn -0.6413 -0.6896 0.3364
vn 0.0692 0.2419 0.9678
vn 0.3936 -0.3731 0.8402
vn -0.0503 0.1266 0.9907
vn 0.2075 -0.5666 0.7975
vn -0.1693 -0.8891 0.4253
vn -0.8078 -0.0403 0.5881
vn -0.4191 -0.3078 0.8542
vn -0.5178 -0.8352 0.1851
vn -0.7760 0.0062 0.6307
vn -0.6136 -0.7213 0.3213
vn -0.7085 0.0441 0.7044
vn -0.6676 -0.6339 0.3905
vn -0.6513 0.0607 0.7564
vn -0.6996 -0.5781 0.4200
vn -0.6451 0.0707 0.7608
vn -0.7216 -0.5491 0.4216
vn -0.6788 0.1018 0.7272
vn -0.7447 -0.5193 0.4192
vn -0.7422 0.1564 0.6517
vn -0.7895 -0.4619 0.4041
vn -0.8299 0.2045 0.5191
vn -0.8555 -0.3839 0.3475
vn -0.9262 0.1414 0.3495
vn -0.8588 -0.4799 0.1795
vn -0.4936 -0.8673 0.0640
vn -0.5804 -0.8070 0.1092
vn -0.5229 -0.8510 0.0477
vn -0.3802 -0.9238 0.0448
vn -0.3411 -0.9320 -0.1227
vn -0.4802 -0.8764 -0.0355
vn -0.4738 -0.8806 0.0064
vn -0.3510 -0.9356 -0.0381
vn -0.1618 -0.9780 -0.1316
vn -0.3854 -0.9217 -0.0432
vn -0.4450 -0.8945 -0.0440
vn -0.2856 -0.9467 -0.1491
vn -0.2726 -0.9619 -0.0187
vn -0.1439 -0.9896 0.0008
vn -0.0300 -0.9922 -0.1209
vn 0.0375 -0.9932 -0.1103
vn 0.0909 -0.9950 -0.0422
vn 0.1516 -0.9793 0.1341
vn 0.3831 -0.8024 0.4577
vn 0.0751 -0.9856 0.1515
vn 0.3603 -0.7046 0.6113
vn -0.0373 -0.8714 0.4891
vn 0.1283 -0.9669 0.2205
vn 0.0471 -0.9911 0.1242
vn -0.3846 -0.9106 0.1513
vn 0.0195 -0.9984 0.0522
vn 0.0021 -0.9966 -0.0823
vn -0.4659 -0.8730 -0.1442
vn -0.3459 -0.8970 -0.2752
vn 0.0151 -0.9733 -0.2290
vn 0.0430 -0.9719 -0.2314
vn -0.0892 -0.9731 -0.2122
vn 0.0650 -0.9950 -0.0758
vn 0.0411 -0.9851 -0.1668
vn -0.0451 -0.9940 -0.0999
vn 0.0331 -0.9989 0.0340
vn -0.1840 -0.9822 0.0383
vn -0.3332 -0.9398 -0.0755
vn -0.6868 -0.7032 0.1840
vn -0.3139 -0.9335 0.1734
vn -0.2623 -0.9280 0.2647
vn -0.5259 -0.6221 0.5800
vn -0.6107 0.0689 0.7889
vn -0.8699 0.1414 0.4725
vn -0.7944 0.5184 0.3166
vn -0.8283 -0.0011 0.5603
vn -0.7613 0.2507 0.5980
vn -0.8445 0.4492 0.2915
vn -0.7531 0.1871 0.6307
vn -0.9569 -0.1583 0.2437
vn -0.6467 -0.3755 0.6639
vn -0.5655 -0.4105 0.7154
vn -0.4158 -0.6008 0.6828
vn -0.5294 -0.4429 0.7236
vn -0.5666 -0.4332 0.7009
vn -0.5212 -0.6527 0.5499
vn -0.5830 -0.5190 0.6251
vn -0.5559 -0.3495 0.7542
vn -0.5262 -0.2586 0.8101
vn -0.4582 -0.2717 0.8463
vn -0.5588 -0.3580 0.7480
vn -0.5457 -0.1712 0.8203
vn -0.4530 -0.1239 0.8829
vn -0.3639 -0.0431 0.9304
vn -0.2791 0.1411 0.9498
vn -0.1699 0.1444 0.9748
vn -0.0487 0.2622 0.9638
vn -0.4011 0.1420 0.9050
vn 0.0226 0.3793 0.9250
vn -0.0900 0.1079 0.9901
vn -0.0163 -0.9472 0.3202
vn -0.0463 -0.9158 0.3990
vn -0.1355 -0.9157 0.3784
vn -0.0803 -0.9590 0.2718
vn -0.2738 -0.7138 0.6446
vn -0.1959 -0.5764 0.7933
vn -0.0641 -0.5359 0.8419
vn 0.0610 -0.9417 0.3309
vn 0.0121 -0.5806 0.8141
vn 0.1295 -0.9460 0.2973
vn -0.2537 0.1924 0.9480
vn -0.1060 -0.5911 0.7996
vn -0.1060 -0.6928 0.7133
vn -0.3205 0.1249 0.9390
vn 0.0267 -0.9052 0.4241
vn 0.0751 -0.9305 0.3584
vn 0.1449 -0.9399 0.3092
vn 0.1383 -0.9596 0.2451
vn 0.0730 -0.9520 0.2974
vn 0.0672 -0.9631 0.2608
vn -0.0889 -0.0148 0.9959
vn -0.0093 -0.5626 0.8267
vn -0.1551 -0.5721 0.8054
vn -0.2736 -0.1256 0.9536
vn -0.4468 -0.3119 0.8385
vn -0.4282 0.2935 0.8547
vn -0.3903 0.1631 0.9061
vn -0.3499 -0.5129 0.7839
vn -0.8621 0.1092 0.4948
vn -0.6725 0.2721 0.6883
vn -0.5294 0.6425 0.5540
vn -0.8707 0.2631 0.4155
vn -0.4360 0.7158 0.5454
vn -0.6230 0.2947 0.7246
vn -0.3195 0.8075 0.4959
vn -0.4300 0.7230 0.5407
vn -0.2781 0.7398 0.6126
vn -0.3056 0.7567 0.5780
vn -0.5454 -0.5746 0.6102
vn -0.6202 0.2248 0.7515
vn -0.7299 0.3475 0.5887
vn -0.6734 -0.4528 0.5844
vn -0.3856 0.8355 0.3915
vn -0.4154 0.8546 0.3117
vn -0.4326 0.8240 0.3660
vn -0.4425 0.8401 0.3138
vn -0.5622 0.6836 0.4655
vn -0.5969 0.6625 0.4526
vn -0.7006 0.2283 0.6761
vn -0.7227 0.2079 0.6592
vn -0.6376 -0.2845 0.7159
vn -0.6336 0.3946 0.6655
vn -0.6174 -0.1694 0.7682
vn -0.6009 0.3578 0.7148
vn -0.3108 0.8929 0.3258
vn -0.2903 0.8853 0.3633
vn -0.3071 0.9064 0.2901
vn -0.2085 0.9250 0.3176
vn -0.5006 0.7025 0.5059
vn -0.3751 0.6946 0.6138
vn -0.6239 0.2182 0.7505
vn -0.4808 0.2213 0.8484
vn -0.7231 -0.1396 0.6765
vn -0.9146 -0.1444 0.3778
vn -0.7335 -0.4000 0.5495
vn -0.9124 -0.2944 0.2843
vn -0.5149 -0.4356 0.7383
vn -0.6027 -0.1876 0.7756
vn -0.6492 -0.2632 0.7136
vn -0.5194 -0.4984 0.6941
vn -0.5731 -0.5605 0.5978
vn -0.6858 -0.2556 0.6814
vn -0.6034 -0.2155 0.7678
vn -0.5276 -0.5534 0.6445
vn -0.4391 -0.4644 0.7691
vn -0.4908 -0.1275 0.8619
vn -0.4720 -0.0455 0.8804
vn -0.4532 0.2717 0.8490
vn -0.4184 -0.3772 0.8263
vn -0.4323 -0.3280 0.8400
vn -0.4899 0.0149 0.8716
vn -0.4676 0.3112 0.8274
vn -0.2858 -0.7794 0.5576
vn -0.2610 -0.7308 0.6308
vn -0.0541 -0.9076 0.4163
vn -0.0947 -0.9019 0.4214
vn -0.0120 -0.9154 0.4025
vn -0.2769 -0.6809 0.6780
vn -0.8251 0.0194 0.5647
vn -0.6446 0.7605 0.0781
vn -0.3602 0.9179 0.1664
vn -0.6583 0.5211 0.5432
vn -0.6846 0.2367 0.6894
vn -0.7944 0.3949 0.4615
vn -0.7935 -0.1506 0.5897
vn -0.6692 0.1010 0.7362
vn -0.7902 0.0500 0.6108
vn -0.8760 -0.1363 0.4627
vn -0.9600 -0.0966 0.2627
vn -0.9380 -0.2082 0.2772
vn -0.9188 -0.2404 0.3130
vn -0.8851 -0.3780 0.2715
vn -0.7691 0.2115 0.6032
vn -0.8013 0.2199 0.5564
vn -0.7157 -0.5667 0.4082
vn -0.7452 -0.0546 0.6646
vn -0.4746 -0.2542 0.8427
vn -0.4689 -0.6161 0.6329
vn -0.3893 -0.6487 0.6540
vn -0.3680 -0.3886 0.8447
vn -0.3323 -0.5122 0.7920
vn -0.4180 -0.7193 0.5549
vn -0.3740 -0.7760 0.5079
vn -0.2341 -0.8185 0.5247
vn -0.3264 0.8310 0.4504
vn -0.4102 0.6996 0.5851
vn -0.4086 0.5932 0.6936
vn -0.4797 0.6209 0.6200
vn -0.4768 0.4694 0.7432
vn -0.4566 0.5545 0.6958
vn -0.4402 0.4531 0.7752
vn -0.4650 0.4592 0.7569
vn -0.3560 0.6425 0.6786
vn -0.4706 0.4848 0.7372
vn -0.5842 0.3323 0.7405
vn -0.5427 0.2795 0.7921
vn -0.6123 0.0956 0.7848
vn -0.6551 0.2621 0.7086
vn -0.5432 0.5357 0.6465
vn -0.6874 0.3817 0.6179
vn -0.3819 0.6639 0.6429
vn -0.2825 0.7894 0.5450
vn -0.2454 0.8074 0.5365
vn -0.2878 0.7701 0.5693
vn -0.5371 0.6164 0.5757
vn -0.5662 0.5247 0.6357
vn -0.7310 0.3465 0.5879
vn -0.7313 0.2154 0.6471
vn -0.2993 0.6752 0.6742
vn -0.1960 0.7299 0.6548
vn -0.1109 0.5738 0.8115
vn -0.2076 0.4569 0.8649
vn -0.5185 0.0965 0.8496
vn -0.3509 0.3036 0.8858
vn -0.5147 0.3975 0.7597
vn -0.6764 0.1102 0.7283
vn -0.1892 0.2522 0.9490
vn -0.0141 0.5002 0.8658
vn -0.1359 0.5049 0.8524
vn -0.2399 0.2116 0.9475
vn -0.2219 0.4217 0.8792
vn -0.1303 0.5138 0.8480
vn -0.1275 0.3832 0.9148
vn -0.2897 0.2300 0.9291
vn -0.9616 0.2727 -0.0306
vn -0.8468 0.5122 -0.1433
vn -0.9684 0.2493 0.0093
vn -0.9749 0.2116 0.0687
vn -0.9720 0.2288 0.0539
vn -0.8595 0.5105 0.0251
vn -0.9757 0.1349 0.1729
vn -0.9447 0.2911 0.1512
vn -0.9104 0.3995 -0.1074
vn -0.9510 0.3014 -0.0690
vn -0.5860 0.8073 -0.0706
vn -0.5838 0.8037 0.1152
vn -0.4563 0.8819 0.1187
vn -0.8086 0.5625 0.1726
vn -0.7498 0.6598 -0.0495
vn -0.4696 0.8815 -0.0481
vn -0.5862 0.8026 -0.1103
vn -0.5295 0.8457 0.0665
vn -0.9065 0.3338 0.2585
vn -0.5416 0.8302 0.1320
vn -0.9603 0.1261 0.2489
vn -0.9149 0.2648 0.3047
vn -0.8644 0.4165 0.2818
vn -0.5632 0.8171 0.1230
vn -0.4979 0.8634 0.0811
vn -0.8026 0.5553 0.2179
vn -0.8367 0.5112 0.1965
vn -0.4436 0.8896 0.1085
vn -0.3728 0.9233 0.0920
vn -0.7722 0.6180 0.1475
vn -0.7216 0.6508 0.2360
vn -0.3893 0.9188 0.0658
vn -0.8547 0.4161 0.3104
vn -0.5218 0.8393 0.1529
vn -0.9090 0.2377 0.3424
vn -0.8853 0.3030 0.3529
vn -0.7799 0.5364 0.3224
vn -0.4188 0.8930 0.1650
vn -0.3448 0.8847 0.3136
vn -0.6565 0.4810 0.5811
vn -0.1753 0.9834 0.0477
vn -0.1897 0.9818 0.0047
vn -0.4155 0.8730 0.2556
vn -0.7417 0.3481 0.5734
vn -0.6405 0.6914 0.3343
vn -0.2981 0.9404 0.1636
vn -0.8317 0.3640 0.4193
vn -0.7937 0.3743 0.4796
vn -0.5202 0.8014 0.2953
vn -0.2094 0.9681 0.1375
vn -0.6259 0.7611 0.1705
vn -0.7965 0.5539 0.2426
vn -0.7686 0.5938 0.2380
vn -0.4777 0.8743 0.0861
vn -0.8415 0.3942 0.3694
vn -0.8125 0.4072 0.4172
vn -0.4666 0.8764 0.1191
vn -0.7260 0.5833 0.3641
vn -0.7883 0.3290 0.5200
vn -0.6587 0.6939 0.2908
vn -0.7998 0.3348 0.4982
vn -0.7693 0.0856 0.6331
vn -0.7724 -0.0587 0.6324
vn -0.8123 0.0533 0.5809
vn -0.3967 0.8864 0.2384
vn -0.7422 0.4030 0.5354
vn -0.1918 0.9798 0.0569
vn -0.9600 0.2165 0.1777
vn -0.9673 0.1834 0.1751
vn -0.8889 0.0878 0.4496
vn -0.9086 0.1886 0.3727
vn -0.8278 0.0478 0.5590
vn -0.6722 -0.2708 0.6891
vn -0.5583 -0.4601 0.6904
vn -0.7373 -0.1287 0.6632
vn -0.4278 -0.4486 0.7847
vn -0.5358 -0.5340 0.6541
vn -0.6526 -0.0998 0.7511
vn -0.4199 -0.1863 0.8882
vn -0.5119 -0.3066 0.8024
vn -0.7271 -0.3038 0.6156
vn -0.7757 -0.2359 0.5853
vn -0.7844 -0.1508 0.6016
vn -0.7841 -0.1465 0.6031
vn -0.7448 -0.2590 0.6149
vn -0.6749 -0.2574 0.6916
vn -0.6375 -0.4200 0.6459
vn -0.5470 0.3232 0.7723
vn -0.6266 0.0509 0.7777
vn -0.6833 0.2752 0.6763
vn -0.7809 0.0931 0.6177
vn -0.8757 -0.0179 0.4825
vn -0.8275 -0.1405 0.5436
vn -0.7390 -0.3116 0.5973
vn -0.8332 -0.1117 0.5416
vn -0.7955 0.0747 0.6013
vn -0.8408 -0.0217 0.5409
vn -0.8651 -0.0499 0.4991
vn -0.8752 0.0307 0.4827
vn 0.5064 0.8316 -0.2281
vn 0.2364 0.9613 -0.1414
vn 0.3019 0.9395 -0.1621
vn 0.5391 0.7883 -0.2966
vn 0.3158 0.9240 -0.2155
vn 0.5195 0.7649 -0.3809
vn 0.2756 0.9184 -0.2840
vn 0.4537 0.7614 -0.4630
vn 0.2160 0.9209 -0.3245
vn 0.4229 0.7656 -0.4848
vn 0.4347 0.7681 -0.4701
vn 0.2088 0.9208 -0.3295
vn 0.2219 0.9224 -0.3160
vn 0.4453 0.7693 -0.4582
vn 0.2431 0.9172 -0.3157
vn 0.4393 0.7766 -0.4516
vn 0.2689 0.9165 -0.2963
vn 0.4294 0.7804 -0.4546
vn 0.2670 0.9190 -0.2902
vn 0.4243 0.7840 -0.4531
vn 0.2432 0.9151 -0.3215
vn 0.4182 0.7776 -0.4695
vn 0.2444 0.9092 -0.3371
vn 0.4209 0.7618 -0.4924
vn 0.2283 0.9046 -0.3600
vn 0.3854 0.7408 -0.5501
vn 0.1655 0.8837 -0.4378
vn 0.3436 0.7076 -0.6174
vn 0.1576 0.8468 -0.5079
vn 0.3365 0.6619 -0.6698
vn 0.1732 0.8020 -0.5717
vn 0.2828 0.6442 -0.7106
vn 0.1523 0.7783 -0.6091
vn 0.1693 0.6981 -0.6957
vn 0.0897 0.7071 -0.7014
vn 0.1330 0.7219 -0.6791
vn 0.0983 0.7764 -0.6225
vn 0.0167 0.7666 -0.6420
vn 0.0792 0.6928 -0.7168
vn 0.0795 0.7498 -0.6569
vn 0.3115 0.5971 -0.7392
vn 0.2411 0.5220 -0.8181
vn 0.0664 0.7264 -0.6841
vn 0.3297 0.5678 -0.7542
vn 0.2866 0.9199 -0.2676
vn 0.4446 0.8531 -0.2731
vn 0.5772 0.7584 -0.3028
vn 0.4679 0.8141 -0.3439
vn 0.6147 0.7428 -0.2653
vn 0.5177 0.8242 -0.2295
vn 0.1262 0.9502 -0.2850
vn 0.1679 0.9459 -0.2775
vn 0.3887 0.8200 -0.4201
vn 0.3650 0.8129 -0.4538
vn 0.1268 0.9578 -0.2579
vn 0.1197 0.9503 -0.2873
vn 0.3645 0.8233 -0.4351
vn 0.3484 0.8407 -0.4145
vn 0.2229 0.9494 -0.2211
vn 0.1600 0.9574 -0.2405
vn 0.3317 0.8540 -0.4009
vn 0.3407 0.8581 -0.3843
vn 0.2924 0.9228 -0.2508
vn 0.2725 0.9357 -0.2242
vn 0.3658 0.8465 -0.3867
vn 0.3845 0.8322 -0.3995
vn 0.2125 0.9324 -0.2924
vn 0.2707 0.9208 -0.2810
vn 0.3925 0.8201 -0.4164
vn 0.3594 0.8135 -0.4572
vn 0.3250 0.8069 -0.4933
vn 0.1489 0.9472 -0.2841
vn 0.2917 0.8198 -0.4928
vn 0.1532 0.9572 -0.2455
vn 0.1876 0.7831 -0.5929
vn 0.3804 0.8521 -0.3594
vn 0.2570 0.9324 -0.2542
vn 0.2228 0.8140 -0.5364
vn 0.2196 0.6820 -0.6976
vn 0.4881 0.7460 -0.4530
vn 0.3571 0.5157 -0.7788
vn 0.6052 0.6529 -0.4555
vn 0.2368 0.9551 -0.1778
vn 0.2840 0.9553 -0.0824
vn 0.1465 0.9631 -0.2260
vn 0.0033 0.9936 -0.1127
vn 0.0827 0.9954 -0.0479
vn 0.1425 0.9893 0.0326
vn 0.0635 0.9698 -0.2355
vn 0.0131 0.9780 -0.2083
vn -0.1416 0.9859 -0.0886
vn -0.0901 0.9880 -0.1257
vn 0.0129 0.9820 -0.1882
vn 0.0483 0.9852 -0.1647
vn -0.0879 0.9956 -0.0311
vn -0.1226 0.9913 -0.0481
vn 0.1036 0.9866 -0.1260
vn 0.1706 0.9811 -0.0917
vn 0.0351 0.9978 0.0555
vn -0.0501 0.9987 0.0004
vn -0.4059 0.7478 0.5254
vn -0.3169 0.7705 0.5530
vn -0.1117 0.9664 0.2314
vn -0.1966 0.9712 0.1349
vn -0.0247 0.9699 0.2422
vn -0.2355 0.8398 0.4892
vn -0.2963 0.9505 0.0940
vn -0.3339 0.9353 0.1173
vn -0.5268 0.6989 0.4838
vn -0.5107 0.7103 0.4845
vn -0.4316 0.7496 0.5018
vn -0.2884 0.9423 0.1702
vn -0.1959 0.9637 0.1812
vn -0.3075 0.7964 0.5208
vn -0.2073 0.9647 0.1624
vn -0.2954 0.9344 0.1991
vn -0.3763 0.8410 0.3888
vn -0.3315 0.8883 0.3178
vn -0.1946 0.9806 0.0245
vn -0.3441 0.9110 0.2273
vn -0.2675 0.9628 -0.0379
vn -0.4100 0.8753 0.2564
vn -0.5318 0.7892 0.3073
vn -0.3876 0.9213 -0.0323
vn -0.4413 0.8973 -0.0018
vn -0.5623 0.7501 0.3481
vn -0.5371 0.7072 0.4598
vn -0.4628 0.8669 0.1850
vn -0.3319 0.8581 0.3918
vn -0.4115 0.6858 0.6003
vn -0.2827 0.6537 0.7020
vn -0.1683 0.8301 0.5316
vn -0.0210 0.8144 0.5800
vn -0.1978 0.6491 0.7345
vn -0.1154 0.6793 0.7248
vn 0.0876 0.8066 0.5846
vn 0.1565 0.8228 0.5463
vn -0.0372 0.7251 0.6877
vn -0.0284 0.7452 0.6662
vn 0.1533 0.8568 0.4923
vn 0.1152 0.8706 0.4784
vn 0.0622 0.8679 0.4928
vn -0.0538 0.7385 0.6720
vn -0.0855 0.7399 0.6673
vn -0.0908 0.7772 0.6227
vn 0.0481 0.8690 0.4924
vn 0.0186 0.8736 0.4862
vn -0.1120 0.7643 0.6351
vn 0.1388 0.8290 0.5417
vn 0.2549 0.7457 0.6155
vn 0.0048 0.7431 0.6691
vn 0.1105 0.6512 0.7508
vn 0.3578 0.6664 0.6541
vn 0.1439 0.5583 0.8171
vn 0.1251 0.4799 0.8684
vn 0.3760 0.6629 0.6475
vn -0.4191 0.7579 0.4999
vn -0.4538 0.6873 0.5672
vn -0.4770 0.7225 0.5005
vn -0.4334 0.7978 0.4193
vn -0.5388 0.5764 0.6144
vn -0.5784 0.6128 0.5385
vn -0.4962 0.5437 0.6769
vn -0.5816 0.4610 0.6702
vn -0.5988 0.4876 0.6354
vn -0.5642 0.4583 0.6868
vn -0.5665 0.4702 0.6767
vn -0.5589 0.5702 0.6021
vn -0.6037 0.5657 0.5618
vn -0.4788 0.4810 0.7344
vn -0.4767 0.4551 0.7521
vn -0.4113 0.5179 0.7501
vn -0.3761 0.4900 0.7864
vn -0.3113 0.5879 0.7467
vn -0.4385 0.5866 0.6809
vn -0.2589 0.5924 0.7629
vn -0.3139 0.5403 0.7808
vn -0.2902 0.5703 0.7684
vn -0.2272 0.6160 0.7542
vn -0.1810 0.6337 0.7521
vn -0.1526 0.6195 0.7700
vn -0.2540 0.5628 0.7866
vn -0.2153 0.5498 0.8070
vn -0.2085 0.5318 0.8208
vn -0.2160 0.5891 0.7787
vn -0.1699 0.5945 0.7859
vn -0.1854 0.5394 0.8214
vn -0.3255 0.4897 0.8088
vn -0.2628 0.6125 0.7455
vn -0.2561 0.6041 0.7546
vn -0.2672 0.5148 0.8146
vn -0.1745 0.4480 0.8768
vn -0.0174 0.5185 0.8549
vn -0.1798 0.5941 0.7840
vn -0.3232 0.4683 0.8223
vn -0.2823 0.8601 0.4249
vn -0.2841 0.9216 0.2645
vn 0.2171 0.9744 -0.0580
vn -0.3651 0.7554 0.5441
vn -0.0608 0.9397 0.3366
vn -0.4002 0.8040 0.4399
vn -0.3838 0.8251 0.4146
vn -0.4036 0.8210 0.4038
vn -0.3914 0.8126 0.4319
vn -0.4280 0.6490 0.6289
vn -0.5148 -0.8362 0.1890
vn -0.3041 -0.9306 0.2037
vn -0.5570 -0.8211 0.1246
vn -0.3187 -0.9438 0.0881
vn -0.5288 -0.8264 0.1934
vn -0.4828 -0.8463 0.2253
vn -0.6812 -0.5608 0.4706
vn -0.4817 -0.7423 0.4659
vn -0.4196 -0.8605 0.2888
vn -0.5822 -0.8072 0.0970
vn -0.1933 -0.9405 0.2795
vn -0.0488 -0.9713 0.2327
vn -0.1676 -0.9610 0.2201
vn -0.4522 -0.8336 0.3173
vn -0.1648 -0.9857 0.0348
vn -0.2734 -0.9609 -0.0443
vn -0.1330 -0.9821 0.1336
vn -0.0673 -0.9969 0.0413
vn -0.0408 -0.9891 0.1417
vn -0.1560 -0.9727 0.1718
vn -0.7453 -0.5099 0.4296
vn -0.5360 -0.8442 0.0104
vn -0.4851 -0.8732 -0.0465
vn -0.6247 -0.6736 0.3950
vn -0.1319 -0.9403 0.3138
vn -0.2508 -0.9158 0.3138
vn -0.3202 -0.8435 0.4312
vn -0.4812 -0.7939 0.3717
vn -0.6176 -0.7850 0.0477
vn -0.5067 -0.8508 -0.1389
vn -0.3950 -0.9070 -0.1459
vn -0.4220 -0.9062 0.0255
vn -0.4018 -0.8874 0.2259
vn -0.5971 -0.7590 0.2595
vn -0.5617 -0.6336 0.5320
vn -0.8018 -0.2609 0.5376
vn -0.7215 -0.5606 0.4065
vn -0.8904 -0.2170 0.4000
vn -0.8263 -0.5631 -0.0132
vn -0.8520 -0.4767 0.2163
vn -0.5695 -0.7482 0.3403
vn -0.5861 -0.8096 -0.0329
vn -0.9392 -0.3121 0.1433
vn -0.8944 -0.4473 -0.0013
vn -0.6994 -0.7107 -0.0761
vn -0.7964 -0.5963 0.1006
vn -0.9256 -0.2408 0.2919
vn -0.7908 -0.5417 0.2850
vn -0.9726 -0.1692 -0.1595
vn -0.8946 0.1170 -0.4313
vn -0.9841 -0.0801 -0.1587
vn -0.8346 0.3624 -0.4148
vn -0.6366 0.2780 -0.7193
vn -0.7566 0.1826 -0.6279
vn -0.8963 0.1526 0.4163
vn -0.9264 0.1482 0.3461
vn -0.7933 0.5452 0.2708
vn -0.8248 0.5466 0.1445
vn -0.7876 0.6114 -0.0767
vn -0.8253 0.5601 -0.0724
vn -0.9965 0.0840 0.0006
vn -0.9805 0.1757 0.0882
vn -0.9676 0.1529 0.2011
vn -0.8279 0.5449 -0.1331
vn -0.4016 0.3235 -0.8568
vn -0.5546 0.5940 -0.5827
vn -0.2705 0.6657 -0.6954
vn -0.1806 0.3577 -0.9162
vn -0.2948 0.9291 -0.2232
vn -0.5915 0.8025 -0.0778
vn -0.5414 0.8344 0.1031
vn -0.2353 0.9705 -0.0520
vn -0.5493 0.8246 -0.1352
vn -0.3041 0.9123 -0.2743
vn -0.5441 0.8193 -0.1808
vn -0.3620 0.9006 -0.2407
vn -0.5967 0.7074 -0.3788
vn -0.3641 0.8299 -0.4227
vn -0.3050 0.9209 -0.2426
vn -0.2211 0.7526 -0.6203
vn -0.0637 0.7908 -0.6088
vn -0.2814 0.9529 -0.1132
vn -0.1104 0.4824 -0.8689
vn 0.0435 0.5820 -0.8120
vn 0.3659 0.8795 -0.3043
vn 0.0399 0.9590 -0.2805
vn 0.1323 0.9779 -0.1619
vn 0.4568 0.8600 -0.2275
vn -0.0769 0.3808 -0.9214
vn -0.0570 0.6083 -0.7916
vn 0.2956 0.7914 -0.5351
vn 0.1186 0.9803 -0.1577
vn 0.1860 0.7629 -0.6191
vn 0.2536 0.8648 -0.4333
vn 0.4274 0.7892 -0.4410
vn -0.3165 0.8873 0.3355
vn -0.2032 0.9458 0.2532
vn 0.6129 0.7388 -0.2802
vn 0.5464 0.7804 -0.3040
vn 0.4731 0.8714 -0.1297
vn 0.2872 0.8891 -0.3563
vn 0.4800 0.7917 -0.3779
vn 0.1764 0.9767 0.1225
vn -0.0370 0.9236 -0.3815
vn -0.0719 0.9307 -0.3587
vn -0.0574 0.8657 -0.4972
vn -0.4157 0.8450 0.3365
vn -0.4508 0.8898 0.0710
vn -0.4859 0.8296 0.2752
vn -0.4877 0.8412 0.2333
vn -0.4059 0.8953 0.1835
vn -0.4457 0.8892 0.1031
vn -0.1376 0.9584 0.2502
vn -0.2759 0.9362 0.2177
vn -0.5073 0.7316 0.4555
vn -0.3136 0.8583 0.4062
vn -0.3859 0.9112 0.1438
vn -0.5565 0.6439 0.5251
vn -0.4518 0.8872 0.0929
vn -0.5697 0.6097 0.5511
vn -0.5359 0.8442 -0.0099
vn -0.5604 0.6965 0.4481
vn -0.5755 0.8066 -0.1352
vn -0.5963 0.8027 0.0113
vn -0.5501 0.8050 -0.2222
vn -0.4181 0.9072 -0.0457
vn -0.4959 0.8464 -0.1943
vn -0.3512 0.9336 -0.0706
vn -0.3340 0.9401 -0.0682
vn -0.3781 0.9244 0.0501
vn -0.5410 0.7551 0.3703
vn -0.4539 0.7709 0.4468
vn -0.5517 0.8080 0.2066
vn -0.5916 0.6996 0.4006
vn -0.3763 0.8798 0.2904
vn -0.4844 0.6110 0.6261
vn -0.4453 0.8335 0.3270
vn -0.4921 0.6973 0.5212
vn -0.4064 0.7243 0.5570
vn -0.5051 0.6358 0.5836
vn -0.5918 0.7558 0.2802
vn -0.4944 0.8449 0.2044
vn -0.9552 0.0302 0.2944
vn -0.9493 0.2925 0.1153
vn -0.9228 0.3791 0.0684
vn -0.9977 0.0238 0.0641
vn -0.7100 -0.4498 0.5418
vn -0.9035 -0.0150 0.4284
vn -0.9646 0.1647 0.2061
vn -0.9005 -0.1840 0.3940
vn -0.6589 -0.2404 0.7128
vn -0.4061 -0.6454 0.6469
vn -0.2318 -0.6786 0.6970
vn -0.4100 -0.3294 0.8505
vn -0.5743 -0.2283 0.7862
vn -0.4837 -0.5829 0.6529
vn -0.7735 -0.4124 0.4813
vn -0.8158 -0.1179 0.5662
vn -0.8862 0.0015 0.4633
vn -0.8451 -0.2853 0.4520
vn -0.7989 -0.2727 0.5361
vn -0.8862 0.0691 0.4582
vn -0.8480 -0.0101 0.5298
vn -0.6731 -0.3637 0.6439
vn -0.5423 -0.4589 0.7038
vn -0.7250 -0.1363 0.6751
vn -0.6133 -0.1893 0.7668
vn -0.5620 -0.4584 0.6885
vn -0.7035 -0.3990 0.5881
vn -0.6902 -0.0755 0.7196
vn -0.7646 0.1090 0.6352
vn -0.7793 0.2060 0.5918
vn -0.8250 -0.3142 0.4697
vn -0.8571 -0.2875 0.4275
vn -0.7902 0.1699 0.5888
vn -0.7681 0.0837 0.6348
vn -0.8578 -0.3026 0.4155
vn -0.8274 -0.3515 0.4380
vn -0.7110 0.0214 0.7029
vn -0.7881 -0.3690 0.4927
vn -0.5894 0.0354 0.8071
vn -0.7256 -0.3624 0.5850
vn -0.4075 0.1593 0.8992
vn -0.3233 0.3124 0.8932
vn -0.6239 -0.3430 0.7022
vn -0.5405 -0.2450 0.8049
vn -0.4748 -0.8307 0.2906
vn -0.4848 -0.7931 0.3687
vn -0.0021 -0.9883 0.1524
vn -0.0239 -0.9957 0.0900
vn -0.0682 -0.9545 0.2903
vn -0.4121 -0.7766 0.4765
vn -0.3110 -0.7633 0.5663
vn -0.1568 -0.8897 0.4288
vn -0.2503 -0.8251 0.5065
vn -0.3148 -0.7296 0.6071
vn -0.4335 -0.6933 0.5757
vn -0.3588 -0.7990 0.4826
vn -0.4674 -0.8007 0.3748
vn -0.5776 -0.6835 0.4463
vn -0.5547 -0.8010 0.2251
vn -0.6695 -0.6870 0.2824
vn -0.7047 -0.6871 0.1768
vn -0.5910 -0.8013 0.0931
vn -0.7188 -0.6829 0.1302
vn -0.6831 -0.7207 0.1181
vn -0.5583 -0.8296 0.0016
vn -0.4563 -0.8882 -0.0543
vn -0.6343 -0.7680 0.0883
vn -0.5523 -0.8330 0.0336
vn -0.3386 -0.9313 -0.1344
vn -0.2582 -0.9361 -0.2390
vn -0.4619 -0.8868 0.0151
vn -0.4678 -0.8749 0.1251
vn -0.2325 -0.9220 -0.3097
vn -0.2723 -0.9134 -0.3025
vn -0.3547 0.6787 0.6431
vn -0.3898 0.6426 0.6596
vn -0.2852 0.8286 0.4818
vn -0.2454 0.8865 0.3923
vn -0.2566 -0.6611 0.7051
vn -0.3835 -0.3340 0.8610
vn 0.0183 -0.9140 0.4054
vn 0.1146 -0.8663 0.4861
vn -0.0489 -0.6610 0.7488
vn -0.1607 -0.2789 0.9468
vn -0.2752 0.3709 0.8870
vn -0.4520 0.3384 0.8253
vn -0.4591 0.0242 0.8881
vn -0.1999 0.0948 0.9752
vn -0.4547 0.2876 0.8430
vn -0.3539 0.7574 0.5487
vn -0.1629 0.8669 0.4711
vn 0.1976 0.7874 0.5839
vn 0.3847 0.8411 0.3802
vn -0.0362 0.8824 0.4691
vn -0.2985 0.6310 0.7161
vn 0.0079 0.6511 0.7589
vn 0.9695 0.1063 0.2210
vn 0.7422 0.5749 0.3445
vn 0.2897 0.4101 0.8648
vn 0.4795 -0.0663 0.8750
vn 0.9164 -0.3953 -0.0632
vn 0.5445 -0.6292 0.5546
vn 0.4789 -0.8612 0.1704
vn 0.7312 -0.6548 -0.1913
vn 0.0664 -0.8032 0.5920
vn 0.1514 -0.9430 0.2965
vn -0.1618 -0.3082 0.9375
vn 0.2975 -0.1036 0.9491
vn 0.3964 -0.7162 0.5744
vn 0.4660 -0.8660 0.1812
vn -0.1227 0.4228 0.8979
vn 0.1871 0.5887 0.7864
vn -0.1552 0.5771 0.8018
vn -0.0491 0.7833 0.6197
vn -0.3560 0.4280 0.8307
vn -0.2509 0.5476 0.7982
vn -0.2263 0.7144 0.6621
vn -0.3882 0.5051 0.7708
vn -0.4226 0.3168 0.8491
vn -0.5033 0.2769 0.8185
vn -0.5808 -0.0287 0.8135
vn -0.6109 -0.1081 0.7843
vn -0.3578 -0.9164 -0.1793
vn -0.6006 -0.7211 0.3454
vn -0.3893 -0.9169 -0.0884
vn -0.5802 -0.7053 0.4073
vn 0.3395 -0.9400 -0.0349
vn 0.4273 -0.8462 0.3183
vn -0.3083 -0.8654 0.3949
vn -0.1695 -0.9854 -0.0173
vn 0.2515 -0.4550 0.8542
vn -0.4305 -0.2819 0.8574
vn -0.2222 0.2659 0.9380
vn -0.0082 0.5578 0.8299
vn 0.5919 -0.0291 0.8055
vn 0.7378 0.2779 0.6152
vn 0.8395 -0.4771 0.2599
vn 0.9757 -0.1721 0.1355
vn 0.7286 -0.6786 -0.0927
vn 0.9065 -0.4048 -0.1200
vn 0.7780 0.6158 0.1245
vn 0.2879 0.8546 0.4322
vn 0.1567 0.7736 0.6140
vn 0.7935 0.5033 0.3421
vn -0.1473 -0.9709 -0.1891
vn 0.2319 -0.9313 -0.2810
vn -0.3012 -0.9304 -0.2088
vn 0.0692 -0.9126 -0.4030
vn 0.9964 0.0344 -0.0781
vn 0.9663 0.1846 -0.1796
vn 0.8929 -0.3270 -0.3097
vn 0.8764 -0.2488 -0.4122
vn 0.6464 -0.6758 -0.3542
vn 0.5858 -0.6228 -0.5186
vn -0.2004 -0.7468 0.6341
vn -0.4340 -0.4505 0.7802
vn -0.6186 -0.4424 0.6493
vn -0.4086 -0.7561 0.5113
vn -0.0492 -0.9987 0.0130
vn -0.2267 -0.9599 0.1647
vn -0.2241 -0.9574 0.1819
vn -0.0391 -0.9985 0.0382
vn -0.1490 -0.9584 0.2436
vn -0.0069 -0.9897 0.1427
vn -0.0037 -0.9956 0.0941
vn -0.1845 -0.9572 0.2228
vn -0.6673 0.1862 0.7211
vn -0.8156 0.1278 0.5644
vn -0.5773 0.7707 0.2698
vn -0.6751 0.6948 0.2481
vn -0.5269 -0.7420 0.4144
vn -0.7253 -0.4104 0.5528
vn -0.7308 -0.3084 0.6090
vn -0.4907 -0.7575 0.4306
vn -0.4448 -0.7658 0.4644
vn -0.6953 -0.2352 0.6791
vn -0.5971 -0.2601 0.7588
vn -0.3917 -0.7549 0.5260
vn -0.8612 0.1905 0.4712
vn -0.7764 0.3480 0.5254
vn -0.6875 0.6542 0.3153
vn -0.6294 0.6303 0.4545
vn -0.5093 0.8003 0.3164
vn -0.5491 0.7229 0.4194
vn -0.4690 0.5649 0.6789
vn -0.4852 0.4631 0.7417
vn -0.6385 0.4560 0.6200
vn -0.4961 0.4042 0.7685
vn -0.5011 0.6482 0.5734
vn -0.3169 0.6727 0.6686
vn -0.3908 0.0848 0.9166
vn -0.4333 0.0579 0.8994
vn -0.2165 -0.6314 0.7446
vn -0.3672 -0.5290 0.7650
vn -0.5455 0.6369 0.5448
vn -0.5401 0.5447 0.6416
vn -0.4767 0.3870 0.7893
vn -0.4721 0.3324 0.8165
vn -0.4469 0.5399 0.7133
vn -0.2899 0.5982 0.7471
vn -0.3957 0.3378 0.8540
vn -0.2421 0.3752 0.8948
vn -0.0381 -0.9616 0.2718
vn -0.1981 -0.9269 0.3189
vn -0.0840 -0.9624 0.2583
vn -0.3431 -0.8856 0.3130
vn -0.4546 0.0669 0.8882
vn -0.4464 0.1063 0.8885
vn -0.4111 -0.3934 0.8224
vn -0.4036 -0.2858 0.8691
vn -0.3329 0.1549 0.9301
vn -0.1447 0.1786 0.9732
vn -0.2137 -0.1612 0.9635
vn 0.0057 -0.0877 0.9961
vn -0.4411 -0.5436 0.7141
vn -0.6797 -0.4450 0.5831
vn -0.5659 -0.1994 0.8000
vn -0.7254 -0.2835 0.6273
vn -0.2732 -0.8393 0.4700
vn -0.4572 -0.7713 0.4427
vn -0.3771 -0.6638 0.6459
vn -0.2330 -0.7310 0.6414
vn -0.0569 -0.5416 0.8387
vn 0.0370 -0.2833 0.9583
vn -0.2429 -0.4349 0.8671
vn -0.2542 -0.0716 0.9645
vn -0.6991 -0.3710 0.6113
vn -0.5962 -0.2782 0.7531
vn -0.7121 -0.3013 0.6341
vn -0.6255 -0.2391 0.7426
vn -0.4816 -0.1290 0.8669
vn -0.4520 0.0594 0.8900
vn -0.5440 -0.1458 0.8263
vn -0.4961 -0.0386 0.8674
vn -0.7817 0.4363 0.4457
vn -0.9032 0.2650 0.3376
vn -0.5476 0.6315 0.5489
vn -0.6833 0.0713 0.7267
vn -0.7841 -0.0810 0.6153
vn -0.7952 -0.3492 0.4956
vn -0.4858 0.2229 0.8451
vn -0.3383 0.7228 0.6026
vn -0.3393 0.6771 0.6530
vn -0.2416 0.3349 0.9107
vn -0.4730 0.2801 0.8354
vn -0.5809 0.0981 0.8081
vn -0.4290 -0.0732 0.9003
vn -0.2653 0.1175 0.9570
vn -0.5147 -0.2549 0.8186
vn -0.6540 -0.0859 0.7516
vn -0.4354 0.6147 0.6577
vn -0.4984 0.6274 0.5983
vn -0.2259 0.4559 0.8609
vn -0.1441 0.3802 0.9136
vn -0.5610 0.6444 0.5197
vn -0.6000 0.4655 0.6506
vn -0.1086 0.2167 0.9702
vn -0.0289 0.2952 0.9550
vn -0.2532 0.4876 0.8356
vn -0.3478 0.4004 0.8477
vn -0.4097 0.4510 0.7929
vn -0.3050 0.3458 0.8873
vn -0.6926 0.2829 0.6636
vn -0.6565 0.4718 0.5886
vn -0.0374 0.3936 0.9185
vn -0.1695 0.4985 0.8502
vn -0.2591 0.6428 0.7209
vn -0.2040 0.5714 0.7949
vn -0.5314 0.6695 0.5190
vn -0.3466 0.6451 0.6810
vn -0.4386 0.7580 0.4829
vn -0.3122 0.7317 0.6059
vn -0.8422 0.4178 0.3408
vn -0.9053 0.3283 0.2694
vn -0.8525 0.0173 0.5224
vn -0.7791 0.1400 0.6111
vn -0.8938 -0.0085 0.4484
vn -0.9275 0.2875 0.2388
vn -0.7606 -0.2644 0.5929
vn -0.7066 -0.2218 0.6720
vn -0.6872 0.5811 0.4360
vn -0.7566 0.5136 0.4046
vn -0.6947 0.2947 0.6562
vn -0.6001 0.4348 0.6715
vn -0.5906 0.6964 0.4077
vn -0.6177 0.6419 0.4544
vn -0.5212 0.5306 0.6684
vn -0.4614 0.6005 0.6530
vn -0.5845 0.7418 0.3289
vn -0.4078 0.6820 0.6071
vn -0.4120 0.7397 0.5321
vn -0.6243 0.7216 0.2992
vn -0.7410 0.6686 -0.0623
vn -0.7755 0.6300 -0.0410
vn -0.7020 0.7093 -0.0640
vn -0.4668 0.8268 -0.3138
vn -0.4717 0.8331 -0.2889
vn -0.4961 0.8272 -0.2638
vn -0.6828 0.7295 -0.0400
vn -0.6992 0.7145 -0.0235
vn -0.5474 0.7504 -0.3704
vn -0.5008 0.7986 -0.3337
vn -0.6786 0.7342 -0.0216
vn -0.6830 0.7268 -0.0725
vn -0.6475 0.6328 -0.4247
vn -0.5946 0.7028 -0.3905
vn -0.7361 0.6663 -0.1192
vn -0.7389 0.5125 -0.4375
vn -0.8624 0.4988 -0.0857
vn -0.8743 0.2722 -0.4019
vn -0.9567 0.2905 0.0172
vn -0.9304 -0.0436 -0.3639
vn -0.6826 0.6374 0.3574
vn -0.7485 0.5107 0.4230
vn -0.9966 -0.0098 0.0821
vn -0.8605 -0.3963 -0.3202
vn -0.9052 -0.4020 0.1381
vn -0.6778 -0.7205 -0.1463
vn -0.8617 0.2595 0.4361
vn -0.8729 -0.0452 0.4857
vn -0.6874 -0.6508 0.3224
vn -0.4519 -0.8796 0.1486
vn -0.5102 -0.7046 0.4932
vn -0.2831 -0.8734 0.3962
vn -0.8290 -0.1527 0.5380
vn -0.8457 -0.1669 0.5069
vn -0.4405 -0.6792 0.5871
vn -0.1864 -0.8242 0.5347
vn -0.3743 -0.6748 0.6360
vn -0.1269 -0.7675 0.6284
vn -0.8327 -0.2501 0.4939
vn -0.7610 -0.3322 0.5572
vn -0.3383 -0.6170 0.7105
vn -0.1141 -0.6610 0.7416
vn -0.3780 -0.4331 0.8183
vn -0.5694 0.0431 0.8210
vn -0.3837 0.1025 0.9177
vn -0.1781 -0.3812 0.9072
vn -0.6811 -0.3571 0.6392
vn -0.7462 -0.0871 0.6600
vn -0.6738 0.4468 0.5885
vn -0.6390 0.7190 0.2732
vn -0.8360 0.3287 0.4394
vn -0.7704 0.6045 0.2025
vn -0.4871 0.8045 0.3398
vn -0.5039 0.5321 0.6805
vn -0.7182 0.6927 -0.0660
vn -0.5602 0.8258 -0.0648
vn -0.7708 0.6127 -0.1744
vn -0.5380 0.8107 -0.2308
vn -0.4124 0.9108 -0.0169
vn -0.3440 0.9072 -0.2422
vn -0.6104 0.7645 -0.2072
vn -0.3484 0.8850 -0.3088
vn -0.8673 0.4954 -0.0486
vn -0.9085 0.4017 0.1155
vn -0.7099 0.6947 -0.1159
vn -0.4414 0.8455 -0.3006
vn -0.5043 0.8188 -0.2743
vn -0.7771 0.6264 -0.0613
vn -0.9327 0.3064 0.1905
vn -0.5792 -0.7401 -0.3418
vn -0.5939 -0.6403 -0.4872
vn -0.6653 -0.2729 -0.6949
vn -0.7375 -0.3940 -0.5486
vn -0.3724 -0.9263 0.0570
vn -0.4186 -0.9082 0.0024
vn -0.2281 -0.9036 0.3625
vn -0.1499 -0.8451 0.5132
vn -0.1334 -0.8511 0.5078
vn -0.2258 -0.9133 0.3391
vn -0.1057 -0.7718 0.6270
vn -0.1010 -0.7728 0.6266
vn -0.0694 -0.6427 0.7629
vn -0.0818 -0.5994 0.7963
vn -0.1328 -0.3365 0.9323
vn -0.2380 0.1682 0.9566
vn -0.1961 0.2378 0.9513
vn -0.1554 -0.2519 0.9552
vn -0.3245 0.5843 0.7439
vn -0.3448 0.8474 0.4037
vn -0.2298 0.8911 0.3913
vn -0.2157 0.6436 0.7343
vn -0.2937 0.9556 0.0229
vn -0.2341 0.9432 -0.2357
vn -0.1736 0.9537 -0.2457
vn -0.2025 0.9792 0.0117
vn -0.1648 0.8913 -0.4223
vn -0.1616 0.8954 -0.4148
vn -0.2718 0.8826 -0.3836
vn -0.2629 0.8860 -0.3820
vn -0.1666 0.8922 -0.4199
vn -0.2582 0.8832 -0.3914
vn -0.2237 0.9062 -0.3587
vn -0.1640 0.9067 -0.3886
vn -0.3845 -0.8665 0.3184
vn -0.6508 -0.7584 -0.0359
vn -0.2056 -0.8315 0.5160
vn -0.6891 -0.6585 0.3026
vn -0.5428 -0.6374 0.5469
vn -0.9012 -0.4298 -0.0561
vn -0.1615 -0.7364 0.6570
vn -0.4621 -0.5175 0.7202
vn -0.2019 -0.4599 0.8647
vn -0.4822 -0.1669 0.8600
vn -0.2525 -0.0734 0.9648
vn -0.2496 0.3731 0.8936
vn -0.4026 0.5365 0.7417
vn -0.4437 0.1480 0.8839
vn -0.2442 0.9626 0.1177
vn -0.3091 0.8217 0.4787
vn -0.2142 0.7398 0.6379
vn -0.1957 0.9395 0.2810
vn -0.1577 0.9851 -0.0688
vn -0.1433 0.9450 -0.2940
vn -0.1648 0.9267 -0.3376
vn -0.1851 0.9687 -0.1652
vn -0.1394 0.9027 -0.4070
vn -0.1541 0.8999 -0.4080
vn -0.1350 0.8951 -0.4248
vn -0.1520 0.8978 -0.4133
vn -0.3693 0.8082 -0.4587
vn -0.2980 0.8502 -0.4340
vn -0.4334 0.7640 -0.4779
vn -0.3874 0.7549 -0.5293
vn -0.3203 0.7970 -0.5120
vn -0.2416 0.8501 -0.4679
vn -0.7280 0.6855 -0.0084
vn -0.2988 0.8961 -0.3283
vn -0.2295 0.8993 -0.3724
vn -0.2969 0.8851 -0.3585
vn -0.7889 0.2467 0.5628
vn -0.6683 0.3903 0.6333
vn -0.6299 0.6577 0.4130
vn -0.5023 0.6921 -0.5184
vn -0.4423 0.7089 -0.5494
vn -0.5816 0.6003 -0.5490
vn -0.4998 0.6219 -0.6029
vn -0.9806 0.1942 0.0277
vn -0.9348 -0.1800 0.3063
vn -0.9162 -0.0414 0.3987
vn -0.7886 -0.1267 0.6017
vn -0.4742 0.8302 0.2931
vn -0.4068 0.9130 -0.0318
vn -0.2815 0.9377 -0.2036
vn -0.1343 0.8963 -0.4226
vn -0.1470 0.8953 -0.4205
vn -0.1473 0.8874 -0.4369
vn -0.1663 0.8812 -0.4425
vn -0.2320 0.8913 -0.3896
vn -0.2629 0.8891 -0.3748
vn -0.8815 0.0076 -0.4722
vn -0.8681 0.4290 -0.2496
vn -0.5599 0.7112 -0.4251
vn -0.5450 0.5103 -0.6653
vn -0.2660 0.8784 -0.3970
vn -0.1912 0.8825 -0.4297
vn -0.3607 0.7485 -0.5565
vn -0.2583 0.8307 -0.4932
vn -0.3957 0.7000 -0.5945
vn -0.3061 0.7715 -0.5578
vn -0.2171 0.8331 -0.5087
vn -0.1933 0.8636 -0.4657
vn -0.6889 0.4530 -0.5658
vn -0.5804 0.4521 -0.6773
vn -0.7646 0.2214 -0.6053
vn -0.6098 0.3445 -0.7137
vn -0.6695 0.0316 -0.7422
vn -0.7923 -0.1190 -0.5984
vn -0.4390 0.5947 -0.6735
vn -0.3437 0.7084 -0.6165
vn -0.4768 0.4562 -0.7514
vn -0.6494 0.0292 -0.7599
vn -0.5479 0.2021 -0.8118
vn -0.7429 -0.4137 -0.5263
vn -0.2698 0.8148 -0.5131
vn -0.5482 -0.4122 0.7277
vn -0.5479 -0.5344 0.6436
vn -0.9246 0.0503 0.3776
vn -0.9451 0.1583 0.2857
vn -0.8001 -0.2364 0.5514
vn -0.8659 -0.2170 0.4507
vn -0.9705 0.2249 0.0871
vn -0.9592 -0.1833 0.2152
vn -0.9322 0.3494 -0.0943
vn -0.9993 -0.0239 -0.0270
vn -0.8764 0.4774 -0.0632
vn -0.9791 0.1765 -0.1014
vn -0.8902 0.4389 0.1222
vn -0.9737 0.2190 -0.0631
vn -0.9189 0.2119 0.3326
vn -0.9910 0.0555 0.1216
vn -0.8745 -0.1227 0.4693
vn -0.9512 -0.0756 0.2991
vn -0.9915 -0.0427 -0.1231
vn -0.9763 -0.2157 -0.0156
vn -0.9662 0.1747 -0.1896
vn -0.9321 0.0906 0.3507
vn -0.8952 -0.1079 0.4324
vn -0.9360 0.0571 0.3474
vn -0.9145 0.3195 0.2482
vn -0.9445 0.1915 0.2670
vn -0.8740 0.4723 0.1146
vn -0.9025 0.2864 0.3218
vn -0.7910 0.5902 0.1613
vn -0.8287 0.3416 0.4434
vn -0.6529 0.6773 0.3390
vn -0.7297 0.4498 0.5150
vn -0.4478 0.7615 0.4686
vn -0.4553 0.7323 0.5064
vn -0.3133 0.7226 0.6162
vn -0.2817 0.7804 0.5582
vn -0.4986 0.6817 0.5354
vn -0.2095 0.6701 0.7121
vn -0.2088 0.7654 0.6088
vn -0.5971 0.5982 0.5344
vn -0.3454 0.7902 0.5062
vn -0.2604 0.8732 0.4119
vn -0.2019 0.8574 0.4733
vn -0.0621 0.9528 0.2973
vn -0.0365 0.9375 0.3461
vn -0.0329 0.9223 0.3851
vn -0.1384 0.8674 0.4780
vn -0.1232 0.8779 0.4626
vn -0.0468 0.9183 0.3931
vn -0.0101 0.9588 0.2840
vn 0.0419 0.9412 0.3353
vn -0.1074 0.9151 0.3886
vn 0.0056 0.9285 0.3712
vn 0.0129 0.9413 0.3373
vn -0.0363 0.9408 0.3371
vn -0.0183 0.9479 0.3180
vn -0.0445 0.9600 0.2766
vn -0.1330 0.9044 0.4054
vn -0.1536 0.9291 0.3365
vn -0.3828 0.8991 0.2121
vn -0.2741 0.8926 0.3579
vn -0.7150 0.6370 0.2881
vn -0.6375 0.7681 0.0599
vn -0.7927 0.6026 0.0926
vn -0.8384 0.4629 0.2877
vn -0.8756 0.4235 0.2323
vn -0.8680 0.4429 0.2244
vn -0.9025 0.3729 0.2155
vn -0.9570 0.2797 0.0764
vn -0.8400 0.5426 -0.0020
vn -0.9972 0.0486 -0.0575
vn -0.8533 0.5037 0.1347
vn -0.7930 0.5983 -0.1148
vn -0.7302 0.6612 -0.1722
vn -0.7887 0.6147 0.0070
vn -0.8432 0.4184 0.3376
vn -0.7788 0.6145 0.1260
vn -0.7410 0.4625 0.4868
vn -0.7303 0.5717 0.3740
vn -0.6883 0.7144 -0.1261
vn -0.6748 0.7360 -0.0550
vn -0.1423 0.7713 0.6204
vn -0.1100 0.3797 0.9185
vn -0.4576 0.3094 0.8336
vn -0.4035 0.5626 0.7216
vn -0.6668 0.7444 -0.0338
vn -0.6712 0.5976 0.4386
vn -0.5914 0.5953 0.5440
vn -0.7087 0.7054 -0.0103
vn -0.7610 0.6462 -0.0576
vn -0.7632 0.6450 0.0376
vn -0.4759 0.6780 0.5602
vn -0.7244 0.6715 -0.1558
vn -0.0354 0.1251 0.9915
vn 0.1164 0.3130 0.9426
vn 0.5127 -0.0817 0.8547
vn 0.3100 0.0908 0.9464
vn -0.2875 0.1870 0.9393
vn 0.0304 0.1659 0.9857
vn 0.7300 -0.1174 0.6733
vn 0.6444 -0.1397 0.7518
vn 0.5209 0.1983 0.8303
vn 0.8179 -0.1152 0.5637
vn 0.1077 0.8043 0.5843
vn 0.0159 0.6550 0.7554
vn -0.4616 0.7351 0.4965
vn -0.4203 0.8721 0.2506
vn 0.5438 0.4478 0.7098
vn 0.0657 0.7232 0.6875
vn 0.1354 0.8361 0.5316
vn 0.6023 0.5668 0.5621
vn -0.5437 0.6581 0.5209
vn 0.0427 0.8638 0.5021
vn -0.3415 0.8726 0.3492
vn -0.6818 0.5995 0.4193
vn -0.6198 0.7315 0.2843
vn -0.6921 0.5745 0.4369
vn 0.1229 0.6565 0.7443
vn 0.1976 0.3988 0.8955
vn -0.5094 0.5764 0.6389
vn -0.3462 0.3838 0.8561
vn 0.0674 0.5454 0.8355
vn -0.2202 0.3328 0.9169
vn -0.7280 0.5446 0.4164
vn -0.7175 0.5358 0.4450
vn -0.7191 0.5548 0.4184
vn -0.6982 0.5369 0.4735
vn -0.6611 0.2758 0.6978
vn -0.5860 0.1706 0.7921
vn -0.4429 0.1842 0.8774
vn -0.5388 0.2885 0.7915
vn -0.7040 0.5477 0.4521
vn -0.6650 0.6885 0.2892
vn -0.6933 0.6563 0.2977
vn -0.7160 0.5302 0.4541
vn -0.7185 0.5556 0.4185
vn -0.7169 0.5266 0.4570
vn -0.6994 0.5262 0.4837
vn -0.7147 0.5581 0.4215
vn -0.7120 0.5358 0.4538
vn -0.7178 0.5330 0.4480
vn -0.6677 0.5526 0.4988
vn -0.7074 0.5335 0.4635
vn -0.6869 0.6597 0.3048
vn -0.6367 0.7030 0.3169
vn -0.7277 0.3236 0.6047
vn -0.5928 0.5318 0.6048
vn -0.6906 0.2729 0.6698
vn -0.7349 0.2877 0.6141
vn -0.5545 0.7711 0.3129
vn -0.5910 0.6100 0.5278
vn -0.0754 0.8798 0.4693
vn -0.1147 0.6884 0.7162
vn -0.1213 0.8600 0.4957
vn -0.3597 0.6629 0.6567
vn -0.6869 0.5294 0.4979
vn -0.7250 0.4696 0.5039
vn -0.7263 0.5220 0.4472
vn -0.7158 0.5472 0.4338
vn -0.5678 0.4913 0.6605
vn -0.3313 0.7653 0.5519
vn -0.6643 0.4621 0.5876
vn -0.5925 0.5091 0.6243
vn -0.1035 0.5662 0.8177
vn -0.4366 0.6482 0.6239
vn -0.6717 0.5378 0.5095
vn -0.5756 0.5778 0.5786
vn -0.7108 0.5318 0.4603
vn -0.9725 -0.0719 0.2217
vn -0.8255 -0.5429 0.1542
vn -0.9070 -0.2791 0.3154
vn -0.8010 -0.5143 0.3065
vn -0.5532 -0.8181 0.1574
vn -0.3777 -0.9145 0.1452
vn -0.5355 -0.8073 0.2479
vn -0.3730 -0.9143 0.1580
vn -0.4832 -0.6415 0.5958
vn -0.4160 -0.6416 0.6444
vn -0.5486 -0.6243 0.5562
vn -0.4166 -0.7015 0.5782
vn -0.7567 -0.5643 0.3302
vn -0.5113 -0.7637 0.3942
vn -0.9100 -0.4115 0.0511
vn -0.6620 -0.7375 0.1335
vn -0.9673 -0.1154 -0.2258
vn -0.9660 -0.2085 -0.1528
vn -0.7879 -0.5883 -0.1820
vn -0.9606 -0.0018 -0.2780
vn -0.7001 -0.4994 0.5103
vn -0.6028 -0.6855 0.4084
vn -0.4182 -0.7498 0.5128
vn -0.3105 -0.8726 0.3770
vn -0.3531 -0.8941 0.2754
vn -0.2299 -0.9598 0.1611
vn -0.1587 -0.9632 0.2169
vn -0.1113 -0.9871 0.1150
vn -0.2682 -0.8915 0.3651
vn -0.1091 -0.9580 0.2652
vn -0.2428 -0.9455 0.2168
vn 0.0014 -0.9778 0.2097
vn 0.0230 -0.9960 0.0868
vn -0.3627 -0.9304 -0.0537
vn -0.2338 -0.9682 0.0888
vn -0.1477 -0.9879 0.0481
vn -0.1749 -0.9842 0.0290
vn -0.2450 -0.9679 0.0565
vn -0.2086 -0.9776 0.0274
vn -0.1392 -0.9889 0.0516
vn -0.0798 -0.9956 0.0498
vn -0.1685 -0.9853 -0.0279
vn -0.0969 -0.9906 -0.0966
vn 0.0223 -0.9927 -0.1189
vn 0.0327 -0.9989 0.0348
vn 0.1196 -0.9928 0.0010
vn 0.2704 -0.9609 -0.0592
vn 0.2876 -0.9554 -0.0669
vn 0.2403 -0.9679 -0.0733
vn 0.3153 -0.9490 0.0038
vn 0.3283 -0.9445 -0.0073
vn 0.2912 -0.9547 -0.0609
vn 0.2854 -0.9539 -0.0927
vn 0.1965 -0.9652 -0.1724
vn 0.1504 -0.9749 -0.1641
vn -0.0435 -0.9514 -0.3048
vn -0.1375 -0.9483 -0.2859
vn -0.3087 -0.8687 -0.3874
vn 0.1034 -0.9901 -0.0944
vn -0.2997 -0.8583 -0.4166
vn -0.0830 -0.9398 -0.3314
vn 0.0383 -0.9577 -0.2852
vn -0.2054 -0.8909 -0.4052
vn -0.4105 -0.8094 -0.4200
vn -0.4360 -0.8025 -0.4072
vn -0.1387 -0.9558 -0.2592
vn -0.3298 -0.8685 -0.3700
vn -0.3801 -0.8651 -0.3272
vn -0.2346 -0.9491 -0.2102
vn -0.4466 -0.8053 -0.3898
vn -0.4744 -0.7978 -0.3720
vn -0.4909 -0.8287 -0.2690
vn -0.5134 -0.7783 -0.3614
vn -0.7336 -0.4249 -0.5304
vn -0.8499 -0.4079 -0.3336
vn 0.1029 -0.9878 -0.1165
vn 0.1467 -0.9818 -0.1208
vn 0.1630 -0.9862 -0.0296
vn 0.2135 -0.9764 -0.0315
vn 0.1899 -0.9757 -0.1095
vn 0.2710 -0.9625 -0.0137
vn 0.2555 -0.9657 0.0468
vn 0.3070 -0.9456 0.1079
vn 0.0967 -0.9866 0.1318
vn 0.1626 -0.9811 0.1047
vn -0.0434 -0.9940 0.1002
vn 0.1820 -0.9807 0.0712
vn 0.2320 -0.9692 0.0824
vn 0.2887 -0.9513 0.1084
vn -0.1198 -0.9927 0.0113
vn -0.1770 -0.9841 -0.0170
vn -0.0547 -0.9946 0.0881
vn -0.0108 -0.9975 0.0699
vn -0.0939 -0.9953 -0.0225
vn -0.0392 -0.9855 0.1652
vn 0.0264 -0.9884 0.1494
vn 0.0759 -0.9916 0.1046
vn 0.0291 -0.9974 0.0657
vn -0.0181 -0.9998 0.0100
vn -0.1439 -0.9888 0.0384
vn 0.2497 0.9612 -0.1176
vn -0.0652 0.9974 0.0307
vn -0.1067 0.9924 -0.0613
vn 0.1636 0.9621 -0.2183
vn -0.1727 0.9827 -0.0672
vn 0.1740 0.9590 -0.2235
vn -0.1654 0.9862 -0.0055
vn -0.1295 0.9910 0.0336
vn 0.2066 0.9666 -0.1519
vn 0.1997 0.9638 -0.1767
vn -0.0709 0.9966 0.0413
vn -0.0429 0.9986 0.0316
vn 0.1815 0.9722 -0.1477
vn 0.2028 0.9673 -0.1522
vn -0.0800 0.9963 -0.0305
vn -0.0786 0.9897 -0.1198
vn 0.1246 0.9666 -0.2238
vn 0.0478 0.9533 -0.2982
vn -0.0890 0.9947 0.0521
vn 0.3157 0.9473 0.0541
vn 0.7401 0.6192 -0.2625
vn 0.6350 0.7624 -0.1248
vn 0.5562 0.7647 -0.3253
vn 0.7119 0.5536 -0.4321
vn 0.5219 0.7680 -0.3712
vn 0.7166 0.5478 -0.4318
vn 0.5606 0.7444 -0.3628
vn 0.6640 0.6041 -0.4406
vn 0.5420 0.7423 -0.3940
vn 0.6114 0.6762 -0.4110
vn 0.5469 0.7664 -0.3370
vn 0.5090 0.7958 -0.3280
vn 0.3567 0.8361 -0.4169
vn 0.4515 0.8071 -0.3805
vn 0.4496 0.8220 -0.3495
vn 0.3791 0.8503 -0.3651
vn 0.2027 0.8925 -0.4030
vn 0.2595 0.8843 -0.3883
vn 0.0513 0.9130 -0.4046
vn -0.0273 0.9191 -0.3931
vn 0.5807 0.7358 -0.3484
vn 0.3940 0.8390 -0.3753
vn 0.0404 0.9745 -0.2207
vn 0.0282 0.9779 -0.2071
vn 0.3871 0.8444 -0.3703
vn 0.3428 0.8646 -0.3674
vn -0.1214 0.9859 -0.1152
vn -0.1239 0.9855 -0.1160
vn -0.0458 0.9761 -0.2125
vn 0.0343 0.9732 -0.2275
vn 0.2814 0.8948 -0.3466
vn 0.1741 0.9279 -0.3296
vn -0.1406 0.9845 -0.1046
vn -0.2038 0.9722 -0.1150
vn 0.0253 0.9522 -0.3045
vn -0.1540 0.9710 -0.1830
vn -0.1303 0.9561 -0.2624
vn -0.2122 0.9666 -0.1439
vn -0.2656 0.9583 -0.1056
vn -0.2259 0.9708 -0.0809
vn -0.0989 0.9924 -0.0734
vn -0.1241 0.9836 -0.1306
vn -0.0689 0.9865 -0.1485
vn -0.0374 0.9935 -0.1078
vn -0.1179 0.9690 -0.2170
vn -0.0490 0.9775 -0.2051
vn -0.0740 0.9508 -0.3009
vn -0.0223 0.9678 -0.2509
vn -0.0096 0.9878 -0.1551
vn -0.0035 0.9804 -0.1972
vn -0.0386 0.9488 -0.3134
vn -0.0006 0.9604 -0.2786
vn -0.0205 0.9550 -0.2960
vn -0.0470 0.9377 -0.3443
vn -0.0711 0.9818 -0.1763
vn -0.1514 0.9608 -0.2322
vn -0.0313 0.9674 -0.2513
vn -0.1119 0.9315 -0.3462
vn -0.2979 0.9055 -0.3023
vn -0.4581 0.8421 -0.2845
vn -0.2826 0.8390 -0.4649
vn -0.1728 0.8805 -0.4415
vn -0.2372 0.8632 -0.4457
vn -0.3341 0.8018 -0.4954
vn -0.5419 0.8078 -0.2319
vn -0.6935 0.6907 -0.2050
vn -0.4855 0.6958 -0.5293
vn -0.3405 0.8138 -0.4710
vn -0.9247 0.2318 -0.3020
vn -0.7426 0.2274 -0.6299
vn -0.3984 0.7712 -0.4966
vn -0.5534 0.6154 -0.5612
vn -0.5451 -0.7440 -0.3865
vn -0.6934 -0.5107 -0.5083
vn -0.7634 0.0813 -0.6408
vn -0.4447 0.0820 0.8919
vn 0.0694 0.5709 0.8181
vn 0.0321 0.0437 0.9985
vn -0.2562 -0.1937 0.9470
vn 0.2269 0.1351 0.9645
vn -0.2534 -0.1710 0.9521
vn -0.6044 -0.2204 0.7656
vn -0.7331 -0.2063 0.6481
vn -0.6711 -0.1141 0.7325
vn -0.7337 -0.0676 0.6761
vn -0.7139 -0.2128 0.6672
vn -0.6483 -0.1893 0.7375
vn -0.6982 -0.0786 0.7116
vn -0.6703 -0.0705 0.7388
vn -0.6049 -0.1201 0.7872
vn -0.5539 -0.0472 0.8312
vn -0.6352 -0.0486 0.7708
vn -0.5778 -0.0112 0.8161
vn 0.8252 0.5022 -0.2585
vn 0.6235 0.7818 -0.0058
vn 0.2655 0.9571 0.1158
vn 0.6491 0.7565 -0.0795
vn 0.8572 0.4867 -0.1684
vn 0.9604 0.0809 -0.2666
vn 0.8762 0.2730 -0.3971
vn 0.8987 0.0068 -0.4386
vn 0.4725 0.3035 0.8274
vn -0.1936 -0.1717 0.9659
vn 0.7660 0.3846 0.5151
vn -0.0416 -0.3249 0.9448
vn -0.7040 -0.0394 0.7091
vn -0.7592 -0.1135 0.6409
vn -0.7434 -0.0387 0.6677
vn -0.7209 0.0353 0.6921
vn -0.6819 0.0054 0.7314
vn -0.6883 -0.0515 0.7236
vn -0.6650 0.0021 0.7468
vn -0.6758 -0.0540 0.7351
vn -0.6382 0.0079 0.7698
vn -0.5926 -0.0058 0.8055
vn -0.6243 -0.1078 0.7737
vn -0.5740 -0.1315 0.8082
vn -0.5902 -0.4024 0.6998
vn -0.6002 -0.3954 0.6952
vn -0.5392 -0.6050 0.5859
vn -0.6236 -0.5503 0.5552
vn -0.6768 -0.3058 0.6697
vn -0.5965 -0.5458 0.5885
vn -0.7026 -0.2524 0.6653
vn -0.6666 -0.4552 0.5903
vn -0.7691 -0.2356 0.5942
vn -0.7566 -0.4030 0.5149
vn 0.4280 -0.9038 0.0020
vn 0.7149 -0.6347 -0.2933
vn 0.4086 -0.9127 0.0085
vn 0.7495 -0.6087 -0.2602
vn 0.8736 -0.3274 -0.3600
vn 0.8673 -0.2699 -0.4183
vn 0.3021 -0.9378 0.1709
vn 0.6488 -0.7595 -0.0468
vn 0.9197 -0.1113 -0.3766
vn 0.9956 -0.0336 -0.0879
vn 0.8619 -0.4950 -0.1105
vn 0.2457 -0.8050 0.5400
vn 0.9541 0.2256 0.1972
vn 0.0911 -0.5276 0.8446
vn -0.7786 -0.2439 0.5782
vn -0.7309 -0.4216 0.5366
vn 0.7312 -0.6819 0.0199
vn 0.5365 -0.7984 0.2733
vn 0.6660 -0.7322 0.1424
vn 0.6681 -0.7353 0.1139
vn 0.6961 0.0484 0.7163
vn 0.4708 0.6808 0.5611
vn 0.7731 0.5639 0.2902
vn 0.9784 -0.0487 0.2007
vn 0.6747 -0.6005 0.4293
vn 0.8298 -0.5454 0.1183
vn 0.9761 0.1955 -0.0946
vn 0.9534 -0.1230 -0.2756
vn 0.8460 -0.2470 -0.4725
vn 0.7561 -0.3716 -0.5387
vn 0.5261 -0.5765 -0.6251
vn 0.4830 -0.5878 -0.6490
vn 0.0174 -0.8600 -0.5100
vn 0.0703 -0.8319 -0.5505
vn -0.3405 -0.9041 -0.2582
vn -0.2800 -0.8971 -0.3418
vn -0.2386 -0.9299 -0.2800
vn -0.2200 -0.9504 -0.2200
vn -0.0585 -0.9104 -0.4096
vn -0.0974 -0.9454 -0.3110
vn -0.0748 -0.9742 -0.2130
vn -0.0804 -0.9668 -0.2425
vn -0.2046 -0.9664 -0.1557
vn -0.2482 -0.9632 -0.1032
vn -0.3077 -0.9506 -0.0405
vn -0.3606 -0.9306 0.0627
vn -0.0624 -0.9952 -0.0757
vn -0.0745 -0.9837 -0.1634
vn -0.3743 -0.9104 0.1764
vn -0.0582 -0.9978 0.0302
vn -0.3232 -0.8986 0.2968
vn -0.0643 -0.9902 0.1236
vn -0.2536 -0.8973 0.3612
vn -0.0623 -0.9862 0.1532
vn -0.1830 -0.9285 0.3230
vn -0.0624 -0.9926 0.1044
vn -0.0880 -0.9774 0.1923
vn -0.0647 -0.9977 -0.0200
vn 0.0871 -0.9954 0.0394
vn 0.0363 -0.9855 -0.1658
vn -0.4852 -0.7142 0.5045
vn -0.3696 -0.7959 0.4795
vn 0.1621 -0.9245 0.3449
vn 0.2618 -0.9170 0.3010
vn -0.8015 -0.4266 0.4190
vn -0.7568 -0.4742 0.4499
vn -0.7284 -0.5474 0.4119
vn -0.7782 -0.4777 0.4076
vn -0.6429 -0.4009 0.6527
vn -0.5591 -0.5256 0.6412
vn -0.6423 -0.5020 0.5792
vn -0.7261 -0.4384 0.5297
vn -0.6661 -0.4381 0.6037
vn -0.5812 -0.4976 0.6439
vn -0.6151 -0.3405 0.7112
vn -0.6421 -0.3145 0.6991
vn 0.8464 -0.5267 -0.0786
vn 0.3863 -0.8696 0.3076
vn 0.0322 -0.8469 0.5308
vn 0.6691 -0.7230 0.1721
vn 0.8253 -0.4513 -0.3394
vn 0.5350 -0.8343 0.1332
vn 0.6905 -0.5326 -0.4894
vn 0.5143 -0.8570 -0.0316
vn 0.5069 -0.6510 -0.5651
vn 0.3509 -0.9221 -0.1629
vn 0.3272 -0.7470 -0.5787
vn 0.1923 -0.9464 -0.2594
vn 0.2215 -0.8208 -0.5266
vn 0.1278 -0.9464 -0.2967
vn 0.1561 -0.8710 -0.4658
vn 0.0877 -0.9427 -0.3219
vn 0.1274 -0.8906 -0.4366
vn 0.0826 -0.9513 -0.2971
vn 0.1236 -0.9244 -0.3609
vn 0.1401 -0.9738 -0.1789
vn 0.1310 -0.9900 0.0521
vn 0.1482 -0.9867 -0.0675
vn 0.1052 -0.9593 -0.2622
vn 0.1244 -0.9826 -0.1382
vn 0.0986 -0.9820 0.1614
vn 0.1022 -0.9845 0.1428
vn 0.1509 -0.9885 -0.0136
vn 0.1426 -0.9874 0.0690
vn 0.0147 -0.9973 0.0723
vn 0.0716 -0.9899 0.1222
vn 0.0788 -0.9938 0.0787
vn 0.0251 -0.9987 0.0454
vn -0.1627 -0.9822 -0.0937
vn -0.0435 -0.9990 0.0037
vn -0.0904 -0.9953 -0.0336
vn -0.1975 -0.9675 -0.1580
vn -0.2178 -0.9655 -0.1425
vn -0.0749 -0.9972 -0.0001
vn -0.0092 -0.9956 0.0938
vn -0.1751 -0.8947 0.4110
vn -0.0813 -0.9429 0.3231
vn -0.1099 -0.9346 0.3383
vn -0.1130 -0.9465 0.3022
vn -0.0710 -0.9700 0.2325
vn 0.0124 -0.9862 0.1653
vn -0.1966 -0.9421 0.2717
vn -0.1439 -0.9762 0.1624
vn -0.0880 -0.9602 0.2652
vn -0.1570 -0.9173 0.3660
vn -0.0187 -0.9652 0.2608
vn -0.0327 -0.9816 0.1883
vn -0.2834 -0.9557 0.0792
vn -0.2436 -0.9698 0.0098
vn -0.2228 -0.9739 0.0443
vn -0.2665 -0.9522 0.1492
vn -0.1192 -0.9915 0.0525
vn -0.1893 -0.9815 -0.0273
vn -0.2342 -0.9566 0.1732
vn -0.1543 -0.9696 0.1901
vn -0.2090 -0.9748 0.0779
vn -0.2634 -0.9592 0.1029
vn -0.2303 -0.9730 -0.0180
vn -0.2351 -0.9704 0.0549
vn -0.0381 -0.9281 0.3704
vn -0.1806 -0.9327 0.3122
vn -0.1668 -0.8263 0.5380
vn 0.1059 -0.8254 0.5546
vn -0.2316 -0.9599 0.1577
vn -0.2834 -0.9208 0.2681
vn -0.3889 -0.5907 0.7070
vn -0.1865 -0.6313 0.7528
vn -0.0199 -0.7473 0.6641
vn -0.2942 -0.7106 0.6391
vn -0.3542 -0.8615 0.3638
vn -0.4251 -0.7999 0.4237
vn -0.6333 -0.4286 0.6444
vn -0.6483 -0.4588 0.6076
vn -0.4115 -0.5307 0.7409
vn -0.4931 -0.4756 0.7285
vn -0.4712 -0.7310 0.4935
vn -0.5515 -0.6991 0.4551
vn -0.8010 -0.3887 0.4554
vn -0.7526 -0.4432 0.4870
vn -0.7582 -0.5344 0.3736
vn -0.8138 -0.4080 0.4138
vn -0.6266 -0.7188 0.3012
vn -0.6228 -0.7664 0.1575
vn -0.7734 -0.4619 0.4342
vn -0.7138 -0.6196 0.3265
vn -0.7024 -0.6593 0.2684
vn -0.7467 -0.4629 0.4777
vn -0.5766 -0.8101 0.1060
vn -0.5609 -0.8269 0.0409
vn -0.6919 -0.4640 0.5531
vn -0.6404 -0.7130 0.2856
vn -0.5784 -0.7327 0.3586
vn -0.6390 -0.4674 0.6108
vn -0.5276 -0.8495 0.0051
vn -0.4800 -0.8744 0.0706
vn 0.2428 0.7104 0.6606
vn -0.0366 0.4686 0.8827
vn -0.1947 0.4327 0.8803
vn 0.0938 0.6943 0.7136
vn 0.3267 0.6904 0.6455
vn 0.1923 0.6492 0.7359
vn -0.1009 0.4995 0.8604
vn 0.0093 0.5877 0.8090
vn 0.0584 0.6085 0.7914
vn -0.1734 0.4349 0.8836
vn 0.0044 0.6385 0.7696
vn 0.1213 0.6312 0.7661
vn 0.2780 0.7357 0.6176
vn 0.2077 0.7441 0.6350
vn 0.5114 0.5932 0.6218
vn 0.4490 0.5355 0.7153
vn 0.4695 0.5596 0.6829
vn 0.2588 0.7381 0.6230
vn 0.2498 0.7630 0.5962
vn 0.0704 0.6309 0.7727
vn -0.2088 0.3981 0.8933
vn -0.2762 0.2962 0.9143
vn -0.3304 0.2939 0.8969
vn -0.2949 0.3264 0.8980
vn -0.1282 0.3252 0.9369
vn -0.2968 0.3600 0.8845
vn -0.2918 0.3347 0.8960
vn -0.2685 0.3925 0.8797
vn -0.3121 0.3676 0.8761
vn -0.2353 0.4530 0.8599
vn -0.3323 0.4052 0.8517
vn 0.0893 0.4125 0.9066
vn -0.1471 0.4434 0.8842
vn -0.2137 0.4585 0.8626
vn 0.2569 0.7829 0.5667
vn 0.1592 0.7358 0.6583
vn 0.1159 0.8005 0.5880
vn 0.1900 0.8117 0.5523
vn -0.1296 0.6631 0.7372
vn -0.0817 0.5792 0.8111
vn -0.3074 0.4766 0.8236
vn -0.2650 0.4137 0.8710
vn -0.2791 0.2470 0.9280
vn -0.4462 0.0982 0.8895
vn -0.4372 0.0444 0.8983
vn -0.2099 0.1829 0.9605
vn -0.4917 0.0560 0.8690
vn -0.3349 0.2169 0.9170
vn 0.7996 0.3893 0.4573
vn 0.7530 0.2142 0.6222
vn 0.7927 0.4917 0.3603
vn 0.9500 0.2292 0.2120
vn 0.8778 0.4766 0.0482
vn 0.8764 -0.1164 0.4672
vn -0.4789 -0.3785 0.7921
vn -0.4414 0.1816 0.8787
vn -0.2246 -0.0423 0.9735
vn -0.2196 -0.5294 0.8194
vn -0.2912 0.6033 0.7424
vn -0.1111 0.3912 0.9136
vn -0.3235 -0.7838 0.5301
vn -0.1031 -0.9638 0.2460
vn -0.2084 -0.8363 0.5071
vn -0.0190 -0.9569 0.2896
vn -0.0079 -0.9786 0.2054
vn 0.0458 -0.9642 0.2612
vn 0.1648 -0.9442 0.2853
vn 0.0469 -0.8703 0.4903
vn 0.1085 -0.9392 0.3257
vn 0.2103 -0.9179 0.3365
vn 0.2949 -0.9136 0.2800
vn 0.2042 -0.8663 0.4558
vn -0.0329 -0.8849 0.4646
vn 0.0050 -0.7878 0.6159
vn 0.1407 -0.8515 0.5051
vn 0.0829 -0.8776 0.4722
vn 0.2568 -0.7681 0.5866
vn 0.3469 -0.8257 0.4448
vn 0.1943 -0.5664 0.8009
vn 0.3637 -0.5148 0.7764
vn 0.4204 -0.7068 0.5689
vn 0.5391 -0.7273 0.4247
vn 0.7704 -0.5037 0.3910
vn 0.6498 -0.5437 0.5312
vn 0.9105 -0.2037 0.3599
vn 0.9682 -0.0649 0.2415
vn 0.5867 -0.4015 0.7033
vn 0.8134 0.5775 -0.0692
vn 0.9639 0.2491 0.0939
vn 0.9215 0.3883 0.0031
vn 0.7710 0.6075 -0.1912
vn 0.5179 0.4153 -0.7479
vn 0.6816 0.6371 -0.3600
vn 0.4839 0.3006 -0.8219
vn 0.6878 0.1262 -0.7148
vn 0.7019 0.3825 -0.6009
vn 0.9268 -0.0830 -0.3662
vn 0.9964 0.0661 -0.0535
vn 0.8872 0.3067 -0.3446
vn 0.8240 -0.0090 -0.5666
vn -0.3401 0.3462 0.8744
vn -0.3591 0.2122 0.9089
vn -0.4191 0.1930 0.8872
vn -0.3404 0.3269 0.8816
vn -0.0145 0.3499 0.9367
vn -0.0751 0.4312 0.8991
vn -0.1429 0.3582 0.9227
vn -0.0521 0.5219 0.8514
vn 0.0888 0.5428 0.8351
vn 0.0940 0.6471 0.7566
vn 0.1883 0.7209 0.6669
vn 0.0602 0.6958 0.7157
vn 0.2101 0.7640 0.6101
vn -0.2096 0.5295 0.8220
vn -0.2734 0.4470 0.8517
vn -0.2334 0.4549 0.8594
vn -0.0916 0.5979 0.7963
vn 0.2077 0.7468 0.6318
vn 0.0843 0.7209 0.6879
vn 0.3278 0.5446 0.7720
vn 0.0966 0.5673 0.8178
vn 0.1565 -0.0411 0.9868
vn 0.2544 0.0722 0.9644
vn 0.0767 0.4139 0.9071
vn 0.5090 0.0619 0.8585
vn -0.1928 0.6039 0.7734
vn -0.0190 0.4927 0.8700
vn -0.0860 0.3953 0.9145
vn 0.0350 0.3966 0.9173
vn 0.0071 0.1817 0.9833
vn 0.0623 0.2355 0.9699
vn 0.0673 -0.0209 0.9975
vn -0.0224 0.1798 0.9834
vn -0.1147 0.0193 0.9932
vn -0.2386 0.2832 0.9289
vn 0.0412 0.3917 0.9192
vn 0.0545 0.3054 0.9507
vn -0.0809 0.3627 0.9284
vn -0.0797 0.4577 0.8855
vn -0.2349 0.4336 0.8700
vn -0.1910 0.5327 0.8245
vn -0.0566 0.6438 0.7631
vn -0.0277 0.5720 0.8198
vn 0.0325 0.4692 0.8825
vn -0.5905 0.1423 0.7944
vn -0.6333 0.4762 0.6100
vn -0.6011 0.1335 0.7879
vn -0.6471 0.4178 0.6377
vn -0.5920 0.7698 0.2388
vn -0.4304 0.8739 -0.2259
vn -0.6660 0.6850 0.2954
vn -0.5609 0.8082 -0.1793
vn -0.0403 0.6038 -0.7961
vn 0.0298 0.6654 -0.7459
vn -0.0933 0.7566 -0.6472
vn -0.2597 0.7375 -0.6235
vn 0.3106 0.5015 -0.8075
vn 0.3168 0.5387 -0.7806
vn 0.0345 0.6827 -0.7299
vn 0.0181 0.6056 -0.7955
vn 0.9137 -0.3023 -0.2718
vn 0.8523 -0.5059 -0.1331
vn 0.7513 -0.6364 0.1746
vn 0.9331 -0.3312 0.1399
vn 0.3795 -0.8435 0.3801
vn 0.2379 -0.8683 0.4353
vn 0.4950 -0.8239 0.2758
vn 0.6790 -0.7249 0.1163
vn 0.8489 -0.1665 -0.5016
vn 0.8165 0.0016 -0.5774
vn 0.6359 0.2763 -0.7206
vn 0.6756 0.2012 -0.7093
vn 0.8770 -0.1878 -0.4422
vn 0.8748 -0.3644 -0.3192
vn 0.8774 -0.0547 -0.4767
vn 0.8462 -0.1215 -0.5188
vn 0.6770 0.2007 -0.7081
vn 0.6881 0.2210 -0.6912
vn 0.1394 -0.8627 0.4861
vn 0.2466 -0.8946 0.3727
vn 0.1997 -0.8511 0.4856
vn 0.2793 -0.8819 0.3797
vn 0.7898 -0.6053 -0.0988
vn 0.5282 -0.8094 0.2568
vn 0.8451 -0.4703 -0.2543
vn 0.6525 -0.7431 0.1487
vn 0.8800 -0.3873 -0.2748
vn 0.7211 -0.6736 0.1620
vn 0.9286 -0.3086 -0.2062
vn 0.7632 -0.5948 0.2526
vn 0.3731 -0.8946 0.2458
vn 0.3798 -0.8851 0.2689
vn 0.2839 -0.8355 0.4705
vn 0.3702 -0.8122 0.4509
vn 0.3352 -0.8547 0.3963
vn 0.3962 -0.8240 0.4049
vn 0.5194 -0.6838 0.5125
vn 0.4457 -0.7655 0.4642
vn 0.4966 -0.7745 0.3919
vn 0.5982 -0.6707 0.4385
vn -0.1252 -0.5651 0.8154
vn -0.2178 -0.4135 0.8841
vn -0.2705 -0.4178 0.8674
vn -0.1318 -0.6308 0.7647
vn -0.4088 -0.2096 0.8882
vn -0.3211 -0.2657 0.9090
vn -0.0585 -0.7553 0.6528
vn -0.0159 -0.7319 0.6813
vn 0.4237 -0.8563 0.2954
vn 0.2529 -0.8275 0.5013
vn 0.4756 -0.8203 0.3176
vn 0.2976 -0.7772 0.5544
vn 0.5426 -0.7510 0.3762
vn 0.3532 -0.6727 0.6502
vn 0.6001 -0.6161 0.5102
vn 0.4211 -0.5060 0.7528
vn -0.5758 0.1109 0.8100
vn -0.6858 0.3628 0.6309
vn -0.4158 -0.0630 0.9073
vn -0.5158 0.1585 0.8419
vn 0.0219 -0.6833 0.7298
vn -0.1335 -0.4736 0.8706
vn 0.0552 -0.6035 0.7954
vn -0.1134 -0.3620 0.9252
vn -0.1833 -0.3236 0.9283
vn -0.1644 -0.1890 0.9681
vn 0.1188 -0.4742 0.8724
vn -0.0589 -0.2489 0.9667
vn 0.2031 -0.3388 0.9187
vn -0.0052 -0.1871 0.9823
vn -0.1397 -0.1208 0.9828
vn -0.3907 0.0973 0.9153
vn -0.1307 -0.1286 0.9831
vn -0.3730 0.0022 0.9278
vn -0.7703 0.5580 0.3087
vn -0.7001 0.6970 -0.1551
vn -0.7710 0.4696 0.4302
vn -0.7319 0.6779 -0.0690
vn -0.4264 0.7090 -0.5617
vn -0.4741 0.7349 -0.4849
vn -0.1470 0.6542 -0.7419
vn -0.1034 0.5994 -0.7938
vn -0.7221 0.4005 0.5641
vn -0.7336 0.6784 0.0401
vn -0.7075 0.3425 0.6182
vn -0.7258 0.6783 0.1144
vn 0.0442 0.5501 -0.8339
vn 0.0828 0.5652 -0.8208
vn 0.4011 0.4548 -0.7952
vn 0.3381 0.4665 -0.8174
vn -0.5028 0.8021 -0.3223
vn -0.4922 0.7743 -0.3977
vn -0.1936 0.7630 -0.6168
vn -0.1742 0.7123 -0.6799
vn 0.7157 0.2433 -0.6546
vn 0.7590 0.2469 -0.6024
vn 0.9420 0.0444 -0.3326
vn 0.9137 0.0118 -0.4063
vn 0.5461 0.4501 -0.7065
vn 0.4701 0.4527 -0.7577
vn 0.1121 0.5978 -0.7937
vn 0.1492 0.6422 -0.7519
vn 0.8227 -0.3668 0.4343
vn 0.8097 -0.4780 0.3404
vn 0.9725 -0.1967 -0.1245
vn 0.9899 -0.1413 -0.0083
vn 0.5495 -0.4902 0.6765
vn 0.6116 -0.5529 0.5659
vn 0.5511 -0.5848 0.5953
vn 0.5417 -0.4876 0.6847
vn 0.9780 0.0061 -0.2087
vn 0.9631 0.0441 -0.2655
vn 0.7996 0.2385 -0.5512
vn 0.8352 0.2259 -0.5014
vn 0.5622 -0.4752 0.6768
vn 0.4147 -0.3767 0.8283
vn 0.4607 -0.4166 0.7837
vn 0.3545 -0.3634 0.8615
vn 0.9717 -0.1658 0.1683
vn 0.9092 -0.2766 0.3113
vn 0.5163 -0.4009 0.7568
vn 0.7176 -0.3439 0.6056
vn 0.4476 -0.4308 0.7837
vn 0.3425 -0.4039 0.8483
vn 0.2354 -0.2814 0.9303
vn 0.0380 -0.2127 0.9764
vn 0.2271 -0.3222 0.9190
vn 0.0882 -0.2938 0.9518
vn -0.0910 -0.2108 0.9733
vn -0.3142 -0.0986 0.9442
vn -0.0074 -0.2990 0.9542
vn -0.1627 -0.2110 0.9638
vn 0.2408 -0.3820 0.8922
vn 0.1985 -0.3742 0.9059
vn 0.1324 -0.3786 0.9161
vn 0.0409 -0.3355 0.9412
vn 0.4462 -0.4256 0.7873
vn 0.3752 -0.4128 0.8299
vn 0.8677 -0.2988 0.3972
vn 0.9921 0.0003 -0.1252
vn 0.9986 0.0129 -0.0516
vn 0.8427 -0.2856 0.4564
vn 0.8165 -0.2158 0.5355
vn 0.2944 -0.3253 0.8986
vn 0.9978 0.0667 0.0048
vn 0.9566 0.2484 0.1525
vn 0.6938 0.1760 0.6984
vn 0.1317 -0.1121 0.9849
vn 0.8714 0.2317 -0.4323
vn 0.6257 0.4557 -0.6331
vn 0.9017 0.2513 -0.3519
vn 0.6720 0.4926 -0.5530
vn 0.2167 0.6794 -0.7011
vn 0.2704 0.7286 -0.6294
vn -0.1793 0.7914 -0.5844
vn -0.1305 0.8178 -0.5605
vn -0.1500 -0.1071 0.9829
vn -0.3462 0.3084 0.8860
vn -0.5698 0.6754 0.4682
vn -0.4286 0.1685 0.8876
vn -0.6294 0.2846 0.7230
vn -0.6874 0.6842 0.2437
vn -0.4994 0.8290 -0.2516
vn -0.3998 0.8906 -0.2168
vn 0.0974 0.8943 -0.4368
vn -0.1343 0.9860 0.0985
vn 0.4790 0.8482 -0.2260
vn 0.6354 0.6207 -0.4594
vn 0.1560 0.7989 0.5809
vn 0.7544 0.6558 -0.0283
vn 0.8931 0.3457 -0.2879
vn -0.1121 0.9844 0.1358
vn 0.0597 0.9875 0.1457
vn -0.0280 0.8408 0.5406
vn -0.2177 0.8239 0.5233
vn -0.3526 0.5718 0.7407
vn -0.2966 0.6037 0.7400
vn -0.2622 0.5249 0.8097
vn -0.2806 0.4988 0.8200
vn -0.0530 0.6642 0.7457
vn -0.0646 0.7030 0.7083
vn 0.2232 0.9702 -0.0940
vn 0.2313 0.9637 -0.1335
vn 0.2118 0.9773 0.0018
vn 0.1443 0.9873 0.0663
vn 0.2630 0.9487 0.1755
vn 0.3744 0.9209 0.1083
vn 0.4777 0.8591 0.1836
vn 0.3758 0.8873 0.2673
vn 0.3018 0.8595 0.4125
vn 0.3364 0.8587 0.3865
vn 0.1913 0.9625 -0.1926
vn 0.1457 0.9594 -0.2414
vn 0.2732 0.9299 -0.2464
vn 0.2333 0.9649 -0.1207
vn -0.2354 0.5169 0.8231
vn -0.0597 0.7295 0.6814
vn -0.0222 0.7233 0.6902
vn -0.1901 0.5318 0.8253
vn 0.4347 0.9000 -0.0325
vn 0.5156 0.8374 -0.1813
vn 0.5399 0.8417 0.0065
vn 0.4981 0.8636 0.0783
vn 0.3344 0.8809 0.3351
vn 0.3630 0.8757 0.3184
vn 0.1145 0.9546 -0.2749
vn 0.3607 0.8562 -0.3698
vn 0.2327 0.9250 -0.3004
vn 0.5712 0.6948 -0.4371
vn -0.2121 0.5296 0.8213
vn -0.0431 0.6979 0.7149
vn -0.1348 0.6792 0.7214
vn -0.2699 0.5237 0.8080
vn 0.6096 0.7191 -0.3337
vn 0.6026 0.7973 -0.0349
vn 0.6893 0.6137 -0.3850
vn 0.5817 0.8118 -0.0517
vn 0.3725 0.8574 0.3551
vn 0.2667 0.8821 0.3883
vn 0.4139 0.8373 -0.3573
vn 0.5913 0.5918 -0.5479
vn 0.5117 0.7493 -0.4203
vn 0.4946 0.6184 -0.6107
vn 0.5777 0.6720 -0.4634
vn 0.4146 0.9060 -0.0855
vn 0.3984 0.7788 -0.4846
vn 0.2394 0.9673 -0.0843
vn 0.4270 0.8621 -0.2729
vn 0.5895 0.7328 -0.3398
vn 0.6601 0.7278 -0.1859
vn 0.7013 0.7098 -0.0659
vn 0.5588 0.7021 -0.4414
vn 0.4057 0.7291 -0.5512
vn 0.2584 0.8912 -0.3728
vn 0.1492 0.9886 -0.0181
vn 0.2305 0.9623 -0.1447
vn 0.1599 0.9857 0.0522
vn -0.3002 0.5225 0.7980
vn -0.2125 0.6797 0.7020
vn -0.1837 0.6913 0.6988
vn -0.2246 0.5246 0.8212
vn 0.0838 0.9209 0.3806
vn -0.0215 0.9288 0.3698
vn 0.7446 0.6041 0.2840
vn 0.5525 0.5033 0.6644
vn 0.4673 0.5843 0.6636
vn 0.5534 0.8026 0.2228
vn -0.1220 0.3086 0.9433
vn 0.0534 0.3402 0.9388
vn 0.0130 0.3187 0.9478
vn 0.1332 0.3727 0.9183
vn 0.3438 0.8861 0.3110
vn 0.1604 0.9016 0.4017
vn 0.3161 0.6557 0.6857
vn 0.1806 0.6500 0.7381
vn 0.2818 0.4238 0.8608
vn 0.2472 0.3900 0.8870
vn 0.2334 0.4988 0.8347
vn 0.1510 0.4785 0.8650
vn -0.0178 0.5178 0.8553
vn 0.0283 0.4065 0.9132
vn -0.0304 0.6951 0.7183
vn 0.0303 0.4082 0.9124
vn 0.0036 0.9176 0.3975
vn -0.7441 -0.6671 0.0354
vn -0.7214 -0.5988 0.3480
vn -0.2525 -0.9629 0.0954
vn -0.2921 -0.9199 0.2618
vn -0.5108 -0.7164 0.4753
vn -0.0638 -0.9289 0.3649
vn 0.1250 -0.9361 0.3287
vn -0.2331 -0.8473 0.4773
vn 0.0753 -0.9729 0.2185
vn 0.2764 -0.9313 0.2370
vn -0.0114 -0.8918 0.4523
vn -0.0325 -0.8905 0.4538
vn 0.2239 -0.9361 0.2712
vn 0.0868 -0.9728 0.2148
vn -0.3415 -0.8635 0.3711
vn -0.0928 -0.9898 0.1080
vn 0.1344 -0.9908 -0.0154
vn 0.3202 -0.9466 -0.0372
vn 0.1522 -0.9838 0.0944
vn 0.2806 -0.9584 -0.0526
vn 0.1899 -0.9690 -0.1582
vn -0.1765 -0.9698 -0.1685
vn 0.3086 -0.9337 0.1814
vn 0.3959 -0.3683 -0.8412
vn 0.4860 -0.3138 -0.8157
vn 0.4891 -0.2501 -0.8356
vn 0.3851 -0.3427 -0.8569
vn 0.5469 -0.1705 -0.8197
vn 0.5746 -0.1690 -0.8008
vn 0.4938 -0.0470 -0.8683
vn 0.5400 -0.0228 -0.8413
vn 0.2904 -0.5174 -0.8050
vn 0.2664 -0.6000 -0.7543
vn 0.2829 -0.5193 -0.8064
vn 0.2395 -0.6070 -0.7577
vn 0.3378 -0.5515 -0.7627
vn 0.3034 -0.5481 -0.7794
vn 0.2791 -0.5462 -0.7898
vn 0.3194 -0.5774 -0.7514
vn 0.0892 -0.7869 -0.6106
vn 0.0627 -0.7258 -0.6850
vn -0.2491 -0.9274 -0.2792
vn -0.3266 -0.8762 -0.3543
vn 0.7529 0.2711 -0.5997
vn 0.6936 0.0967 -0.7139
vn 0.8235 0.1849 -0.5363
vn 0.7405 -0.0920 -0.6657
vn 0.6591 0.7469 0.0876
vn 0.6689 0.7361 -0.1034
vn 0.5627 0.7598 0.3256
vn 0.5354 0.7816 0.3201
vn 0.6109 0.7789 0.1416
vn 0.6274 0.7786 -0.0099
vn 0.7493 0.4417 -0.4934
vn 0.7614 0.3896 -0.5182
vn 0.6875 0.6619 -0.2988
vn 0.6454 0.6728 -0.3617
vn 0.6131 0.7762 -0.1470
vn 0.5816 0.7882 -0.2014
vn 0.5985 0.7629 -0.2444
vn 0.5802 0.7685 -0.2698
vn 0.5949 0.7063 -0.3836
vn 0.5890 0.7056 -0.3939
vn 0.5879 0.6452 -0.4879
vn 0.5932 0.6449 -0.4819
vn 0.5916 0.6315 -0.5012
vn 0.6132 0.6721 -0.4151
vn 0.6197 0.6973 -0.3601
vn 0.6031 0.6404 -0.4756
vn 0.6436 0.7170 -0.2678
vn 0.6286 0.7563 -0.1813
vn -0.5728 0.0173 0.8195
vn -0.6038 -0.0863 0.7925
vn -0.5745 -0.0102 0.8184
vn -0.5116 0.1071 0.8525
vn -0.6796 -0.2569 0.6872
vn -0.6827 -0.3320 0.6509
vn -0.7528 -0.4427 0.4871
vn -0.7219 -0.4565 0.5201
vn -0.7196 -0.4293 0.5459
vn -0.6814 -0.4839 0.5491
vn -0.6606 -0.3337 0.6725
vn -0.6211 -0.3835 0.6835
vn -0.6185 -0.4720 0.6282
vn -0.5847 -0.7229 0.3681
vn -0.6086 -0.6991 0.3753
vn -0.5933 -0.4933 0.6361
vn -0.4756 -0.8734 0.1046
vn -0.5313 -0.8438 0.0755
vn -0.4633 0.1356 0.8758
vn -0.4251 0.2049 0.8817
vn -0.3803 0.2941 0.8768
vn -0.3477 0.3205 0.8811
vn 0.3515 0.7423 0.5705
vn 0.3516 0.7636 0.5416
vn 0.0567 0.6492 0.7585
vn 0.0816 0.6699 0.7379
vn -0.2701 0.4343 0.8593
vn -0.1803 0.5357 0.8249
vn -0.3070 0.4368 0.8455
vn -0.2065 0.5340 0.8199
vn -0.0323 0.6681 0.7434
vn 0.1444 0.7943 0.5902
vn -0.0479 0.6424 0.7649
vn 0.1566 0.7489 0.6439
vn 0.1431 0.8104 0.5681
vn -0.0780 0.7045 0.7054
vn 0.2312 0.7729 0.5909
vn 0.0608 0.6873 0.7238
vn -0.2824 0.5413 0.7920
vn -0.1822 0.5397 0.8219
vn -0.2625 0.4791 0.8376
vn -0.3207 0.4657 0.8248
vn -0.2026 0.5185 0.8307
vn -0.1617 0.5381 0.8272
vn 0.3808 -0.1813 -0.9067
vn 0.2695 -0.2977 -0.9158
vn 0.4999 -0.0855 -0.8619
vn 0.4081 -0.0086 -0.9129
vn 0.3012 -0.1363 -0.9438
vn 0.1991 -0.2674 -0.9428
vn 0.1562 -0.4855 -0.8602
vn 0.1431 -0.5903 -0.7944
vn 0.0744 -0.4756 -0.8765
vn 0.0649 -0.5968 -0.7997
vn 0.2070 -0.4770 -0.8542
vn 0.2263 -0.5184 -0.8246
vn 0.1730 -0.4867 -0.8562
vn 0.1768 -0.4228 -0.8888
vn -0.0178 -0.6244 -0.7809
vn -0.4382 -0.7923 -0.4246
vn -0.0190 -0.5633 -0.8261
vn -0.4083 -0.8167 -0.4077
vn 0.6831 -0.0358 -0.7294
vn 0.5394 0.1040 -0.8356
vn 0.7444 0.2032 -0.6361
vn 0.6122 0.2555 -0.7482
vn 0.5732 0.7963 0.1932
vn 0.6017 0.7970 0.0521
vn 0.5108 0.7882 0.3433
vn 0.4734 0.7920 0.3856
vn 0.5418 0.8077 0.2324
vn 0.5871 0.8040 0.0942
vn 0.7227 0.3687 -0.5846
vn 0.6344 0.3846 -0.6705
vn 0.6644 0.6298 -0.4025
vn 0.6384 0.6046 -0.4763
vn 0.5809 0.7814 -0.2279
vn 0.5610 0.7772 -0.2851
vn 0.5223 0.7918 -0.3166
vn 0.5637 0.7729 -0.2914
vn 0.5698 0.7215 -0.3935
vn 0.5229 0.7566 -0.3926
vn 0.5872 0.6614 -0.4667
vn 0.5501 0.7083 -0.4423
vn 0.6121 0.6524 -0.4469
vn 0.6305 0.7089 -0.3160
vn 0.6334 0.7207 -0.2819
vn 0.5957 0.6901 -0.4109
vn 0.6231 0.7727 -0.1209
vn 0.6274 0.7737 -0.0880
vn -0.5993 -0.3171 0.7351
vn -0.5461 -0.0632 0.8353
vn -0.6058 -0.5375 0.5866
vn -0.5494 -0.4269 0.7182
vn -0.5685 -0.5617 0.6011
vn -0.5106 -0.1671 0.8434
vn -0.6167 -0.5082 0.6013
vn -0.5957 -0.4017 0.6956
vn -0.5927 -0.4709 0.6534
vn -0.5987 -0.3758 0.7073
vn -0.6228 -0.4762 0.6207
vn -0.6511 -0.4658 0.5993
vn -0.6531 -0.6663 0.3600
vn -0.6630 -0.6722 0.3296
vn -0.6089 -0.7912 0.0561
vn -0.6120 -0.7870 0.0780
vn -0.4693 0.0898 0.8785
vn -0.3947 0.2519 0.8836
vn -0.4580 0.0188 0.8887
vn -0.4074 0.1774 0.8959
vn 0.3438 0.7551 0.5582
vn 0.3115 0.7411 0.5947
vn 0.0878 0.6510 0.7540
vn 0.0559 0.6100 0.7905
vn -0.2194 0.4884 0.8446
vn -0.1973 0.5179 0.8324
vn -0.3050 0.3989 0.8648
vn -0.3291 0.3450 0.8790
vn 0.1589 0.7003 0.6960
vn 0.1791 0.7154 0.6754
vn -0.0378 0.6207 0.7832
vn -0.0583 0.6060 0.7933
vn 0.2977 0.7423 0.6003
vn 0.1940 0.6807 0.7064
vn 0.3000 0.7398 0.6023
vn 0.2612 0.7212 0.6416
vn -0.1683 0.4120 0.8955
vn -0.2059 0.4428 0.8727
vn -0.0722 0.5185 0.8520
vn 0.0309 0.5746 0.8178
vn -0.1342 0.5132 0.8477
vn -0.1454 0.4514 0.8804
vn 0.2920 -0.1252 -0.9482
vn 0.2137 -0.2708 -0.9386
vn 0.3745 0.0190 -0.9270
vn 0.3460 -0.0093 -0.9382
vn 0.2902 -0.1584 -0.9438
vn 0.2371 -0.3316 -0.9132
vn 0.0971 -0.5145 -0.8520
vn 0.0723 -0.6411 -0.7640
vn 0.1292 -0.5981 -0.7909
vn 0.1213 -0.7105 -0.6931
vn 0.3480 -0.5030 -0.7912
vn 0.2544 -0.4343 -0.8641
vn 0.2037 -0.5022 -0.8404
vn 0.2740 -0.5657 -0.7778
vn 0.1162 -0.6263 -0.7709
vn -0.2304 -0.9048 -0.3582
vn 0.3151 -0.6335 -0.7067
vn 0.0474 -0.8997 -0.4339
vn 0.4598 0.1551 -0.8744
vn 0.4050 0.1434 -0.9030
vn 0.5148 0.2798 -0.8104
vn 0.4336 0.2631 -0.8618
vn 0.5349 0.7984 0.2766
vn 0.5863 0.8008 0.1223
vn 0.4464 0.7776 0.4428
vn 0.5079 0.7963 0.3286
vn 0.4115 0.7627 0.4990
vn 0.5509 0.8173 0.1690
vn 0.5415 0.3940 -0.7427
vn 0.5778 0.5709 -0.5833
vn 0.4962 0.5140 -0.6997
vn 0.4503 0.3780 -0.8089
vn 0.5481 0.7391 -0.3915
vn 0.4995 0.7864 -0.3634
vn 0.5273 0.7365 -0.4237
vn 0.5402 0.6660 -0.5144
vn 0.4793 0.7879 -0.3866
vn 0.5068 0.7650 -0.3973
vn 0.4950 0.7705 -0.4015
vn 0.5004 0.7828 -0.3699
vn 0.5426 0.7588 -0.3603
vn 0.5177 0.7992 -0.3055
vn 0.5964 0.7655 -0.2415
vn 0.5472 0.8160 -0.1862
vn 0.6162 0.7849 -0.0654
vn 0.5659 0.8242 -0.0195
vn -0.5872 -0.4485 0.6739
vn -0.5330 -0.3244 0.7815
vn -0.5556 -0.5043 0.6610
vn -0.6113 -0.4624 0.6422
vn -0.5974 -0.5022 0.6252
vn -0.6458 -0.4036 0.6481
vn -0.6056 -0.3989 0.6885
vn -0.6360 -0.3636 0.6807
vn -0.5987 -0.3571 0.7170
vn -0.6045 -0.4081 0.6841
vn -0.6455 -0.5048 0.5731
vn -0.6056 -0.5939 0.5296
vn -0.6277 -0.7221 0.2908
vn -0.5363 -0.8180 0.2079
vn -0.5113 -0.8571 0.0631
vn -0.3148 -0.9478 -0.0505
vn -0.4991 -0.0753 0.8633
vn -0.4705 0.0848 0.8783
vn -0.5849 -0.2423 0.7740
vn -0.5516 -0.0176 0.8339
vn 0.2572 0.7100 0.6556
vn 0.1649 0.6456 0.7457
vn -0.0277 0.5321 0.8462
vn -0.1219 0.4624 0.8782
vn -0.4053 0.3324 0.8516
vn -0.2942 0.4384 0.8493
vn -0.4008 0.2698 0.8755
vn -0.5082 0.1447 0.8490
vn -0.0650 0.6634 0.7454
vn 0.0788 0.6918 0.7178
vn -0.1296 0.5839 0.8014
vn -0.2677 0.5079 0.8188
vn 0.2393 0.7454 0.6222
vn 0.2650 0.7582 0.5958
vn 0.1167 0.7458 0.6559
vn 0.2100 0.7746 0.5966
vn 0.0676 0.7126 0.6983
vn -0.0865 0.5230 0.8479
vn 0.1305 0.7076 0.6945
vn 0.1924 0.7683 0.6104
vn -0.1791 0.4031 0.8975
vn -0.1017 0.5429 0.8336
vn -0.3931 -0.6524 0.6480
vn -0.4437 -0.2981 0.8451
vn -0.4194 -0.4163 0.8067
vn -0.3469 -0.7237 0.5966
vn -0.4099 -0.5821 0.7022
vn -0.4541 -0.2173 0.8641
vn -0.4516 -0.0147 0.8921
vn -0.4385 -0.1937 0.8776
vn -0.4501 0.0118 0.8929
vn -0.4396 -0.0830 0.8943
vn -0.4506 -0.0464 0.8915
vn -0.4343 0.2391 0.8684
vn -0.4710 0.3028 0.8286
vn -0.5494 0.1180 0.8272
vn -0.4765 0.0790 0.8756
vn -0.5331 0.2209 0.8167
vn -0.4282 0.3956 0.8125
vn -0.5909 0.0761 0.8031
vn -0.5760 0.0438 0.8163
vn -0.4822 0.0181 0.8759
vn -0.4398 0.0697 0.8954
vn -0.4387 0.0179 0.8985
vn -0.4516 -0.0148 0.8921
vn -0.4467 0.1213 0.8864
vn -0.4237 0.3285 0.8441
vn -0.4467 0.1212 0.8864
vn -0.4298 0.1647 0.8878
vn -0.3998 0.3746 0.8365
vn -0.4243 0.1564 0.8919
vn -0.4092 0.2437 0.8793
vn -0.4159 -0.0458 0.9083
vn -0.4218 0.0382 0.9059
vn -0.4043 0.1770 0.8973
vn -0.1052 0.8159 0.5686
vn -0.0003 0.7723 0.6353
vn -0.2597 0.5754 0.7755
vn -0.2917 0.5639 0.7726
vn -0.2057 0.6152 0.7610
vn 0.0751 0.7794 0.6220
vn -0.3560 0.4957 0.7922
vn -0.3662 0.4454 0.8170
vn -0.4237 0.3285 0.8442
vn -0.3667 0.5489 0.7512
vn -0.3181 0.7039 0.6351
vn -0.3667 0.5489 0.7511
vn -0.3567 0.5387 0.7633
vn -0.3528 0.6978 0.6234
vn -0.2671 0.7288 0.6305
vn -0.2949 0.7091 0.6405
vn -0.3324 0.4816 0.8109
vn -0.2220 0.7644 0.6053
vn -0.0164 0.9145 0.4042
vn 0.2602 0.8622 0.4346
vn 0.2233 0.8797 0.4199
vn 0.0019 0.9075 0.4201
vn 0.2958 0.8096 0.5070
vn 0.2607 0.7826 0.5653
vn -0.2008 0.8883 0.4130
vn -0.2050 0.8580 0.4710
vn -0.2557 0.8287 0.4978
vn -0.2618 0.8669 0.4242
vn -0.3180 0.7039 0.6351
vn -0.3205 0.7934 0.5175
vn -0.3699 0.8052 0.4636
vn -0.3782 0.7388 0.5578
vn -0.4480 0.7341 0.5102
vn -0.1600 0.8876 0.4320
vn -0.1621 0.9103 0.3809
vn -0.2019 0.6876 0.6975
vn -0.0512 0.7070 0.7054
vn 0.0338 0.7392 0.6727
vn -0.1417 0.7991 0.5842
vn 0.1076 0.7384 0.6657
vn 0.0499 0.7152 0.6971
vn -0.2971 0.7873 0.5403
vn -0.2388 0.8612 0.4486
vn -0.3310 0.8318 0.4456
vn -0.4282 0.7397 0.5191
vn -0.3699 0.8052 0.4635
vn -0.4304 0.7612 0.4851
vn -0.5153 0.6928 0.5045
vn -0.4305 0.7611 0.4851
vn -0.5417 0.6813 0.4923
vn -0.5781 0.6499 0.4934
vn -0.2062 0.8625 0.4622
vn -0.2662 0.7582 0.5953
vn -0.0379 0.7500 0.6603
vn -0.1787 0.7307 0.6589
vn -0.1179 0.8340 0.5391
vn 0.0250 0.7972 0.6032
vn 0.0458 0.6569 0.7526
vn 0.1636 0.6963 0.6988
vn -0.3239 0.7869 0.5252
vn -0.3381 0.7326 0.5908
vn -0.4638 0.7050 0.5364
vn -0.4481 0.7714 0.4517
vn -0.5153 0.6928 0.5044
vn -0.5529 0.6703 0.4950
vn -0.5429 0.7330 0.4099
vn -0.5964 0.6370 0.4885
vn -0.6198 0.6562 0.4305
vn -0.2830 0.7242 0.6288
vn -0.2334 0.8155 0.5296
vn 0.3774 0.8936 0.2429
vn 0.3242 0.8308 0.4524
vn 0.1190 0.8859 0.4484
vn 0.1884 0.9502 0.2484
vn -0.0453 0.9207 0.3877
vn 0.0339 0.9788 0.2022
vn -0.0938 0.9907 0.0987
vn -0.2457 0.9020 0.3551
vn -0.3768 0.8915 0.2516
vn -0.2204 0.9753 -0.0174
vn -0.4743 0.8621 0.1783
vn -0.3102 0.9430 -0.1209
vn -0.4743 0.8621 0.1784
vn -0.4950 0.8561 0.1486
vn -0.2898 0.9481 -0.1309
vn -0.1659 0.9137 0.3710
vn -0.0569 0.9867 0.1522
vn 0.4284 0.8817 -0.1975
vn 0.4072 0.9131 0.0208
vn 0.2609 0.9653 0.0069
vn 0.3385 0.9079 -0.2471
vn 0.1582 0.9852 -0.0662
vn 0.2968 0.8910 -0.3435
vn 0.2567 0.8321 -0.4916
vn 0.0999 0.9702 -0.2207
vn -0.0343 0.9563 -0.2905
vn 0.1491 0.8349 -0.5299
vn -0.1181 0.9229 -0.3665
vn 0.0717 0.8070 -0.5862
vn 0.1219 0.9780 -0.1690
vn 0.2688 0.8564 -0.4409
vn 0.4705 0.7313 -0.4938
vn 0.4460 0.8120 -0.3764
vn 0.4142 0.7805 -0.4683
vn 0.4753 0.6255 -0.6187
vn 0.3915 0.7409 -0.5457
vn 0.4401 0.5974 -0.6704
vn 0.3592 0.6556 -0.6642
vn 0.2675 0.6730 -0.6896
vn 0.3057 0.5656 -0.7660
vn 0.3881 0.5851 -0.7121
vn 0.1889 0.6782 -0.7102
vn 0.2265 0.5705 -0.7894
vn 0.3645 0.6946 -0.6202
vn 0.4077 0.5864 -0.6999
vn 0.4905 0.5663 -0.6623
vn 0.5131 0.6525 -0.5576
vn 0.4840 0.6626 -0.5716
vn 0.4543 0.6190 -0.6407
vn 0.4208 0.6927 -0.5858
vn 0.4013 0.7000 -0.5908
vn 0.3465 0.6968 -0.6280
vn 0.2647 0.6814 -0.6824
vn 0.1822 0.8236 -0.5372
vn 0.2728 0.8043 -0.5279
vn 0.2271 0.6127 -0.7570
vn 0.1388 0.7942 -0.5916
vn 0.3788 0.6995 -0.6060
vn 0.3418 0.7647 -0.5463
vn 0.3839 0.2500 -0.8889
vn 0.4146 0.3939 -0.8203
vn 0.4153 0.3526 -0.8386
vn 0.3776 0.1857 -0.9072
vn 0.3903 0.4414 -0.8080
vn 0.3552 0.1951 -0.9142
vn 0.3286 0.6009 -0.7286
vn 0.2684 0.6803 -0.6820
vn 0.3331 0.4090 -0.8495
vn 0.3616 0.2730 -0.8915
vn 0.2235 0.7096 -0.6682
vn 0.2841 0.4936 -0.8220
vn 0.3574 0.5411 -0.7612
vn 0.3621 0.2075 -0.9088
vn 0.3657 0.0547 -0.9291
vn 0.3778 0.1606 -0.9119
vn 0.3636 0.0873 -0.9275
vn 0.3452 -0.0143 -0.9384
vn 0.3382 0.0801 -0.9377
vn 0.3202 -0.0314 -0.9468
vn 0.3285 0.1420 -0.9338
vn 0.3067 0.2614 -0.9152
vn 0.3031 -0.0239 -0.9527
vn 0.3176 -0.0606 -0.9463
vn 0.2793 0.3386 -0.8985
vn 0.3034 0.0318 -0.9523
vn 0.3418 0.0840 -0.9360
vn 0.3188 -0.0505 -0.9465
vn 0.2878 -0.2077 -0.9349
vn 0.3358 -0.0733 -0.9391
vn 0.3160 -0.1289 -0.9400
vn 0.2646 -0.2825 -0.9221
vn 0.3000 -0.1381 -0.9439
vn 0.2658 -0.2613 -0.9279
vn 0.3181 -0.2396 -0.9173
vn 0.3022 -0.2764 -0.9123
vn 0.3150 -0.4187 -0.8517
vn 0.3262 -0.3509 -0.8778
vn 0.3149 -0.2606 -0.9126
vn 0.3063 -0.4536 -0.8369
vn 0.3097 -0.1829 -0.9331
vn 0.3039 -0.2887 -0.9079
vn 0.0870 -0.6597 -0.7465
vn 0.2125 -0.3915 -0.8953
vn 0.1631 -0.5048 -0.8477
vn -0.0282 -0.8023 -0.5963
vn 0.1698 -0.5009 -0.8487
vn -0.0357 -0.8174 -0.5750
vn 0.3011 -0.5349 -0.7895
vn 0.3219 -0.5610 -0.7627
vn 0.2210 -0.8232 -0.5229
vn 0.1526 -0.8305 -0.5357
vn 0.3167 -0.5942 -0.7394
vn 0.2415 -0.8178 -0.5224
vn 0.2272 -0.5229 -0.8215
vn 0.0370 -0.8342 -0.5502
vn -0.0518 -0.8996 -0.4336
vn -0.1738 -0.9385 -0.2984
vn -0.0507 -0.9006 -0.4318
vn 0.0961 -0.8727 -0.4787
vn -0.2299 -0.9511 -0.2063
vn -0.0881 -0.9440 -0.3180
vn -0.0258 -0.9962 -0.0827
vn -0.1064 -0.9886 -0.1069
vn 0.0039 -0.9967 -0.0808
vn 0.0180 -0.9957 -0.0908
vn -0.0281 -0.9965 -0.0788
vn -0.1092 -0.9892 -0.0976
vn -0.2115 -0.9688 -0.1290
vn -0.1311 -0.9752 -0.1785
vn 0.2896 -0.6687 -0.6848
vn 0.1695 -0.7433 -0.6471
vn 0.2633 -0.6848 -0.6795
vn 0.3406 -0.6138 -0.7122
vn 0.1514 -0.7896 -0.5946
vn 0.1750 -0.7941 -0.5821
vn 0.1816 -0.8433 -0.5058
vn 0.2100 -0.8493 -0.4844
vn 0.2764 -0.7258 -0.6299
vn 0.2307 -0.7914 -0.5662
vn 0.2431 -0.8283 -0.5048
vn 0.3612 -0.6437 -0.6746
vn 0.1780 -0.8157 -0.5504
vn 0.1858 -0.8119 -0.5534
vn 0.3422 -0.6072 -0.7171
vn 0.3645 -0.5030 -0.7836
vn 0.2928 -0.6703 -0.6819
vn 0.3797 -0.5984 -0.7055
vn 0.3112 -0.6347 -0.7073
vn 0.3925 -0.3533 -0.8492
vn 0.4424 -0.1868 -0.8771
vn 0.3461 -0.5650 -0.7490
vn 0.3376 -0.4956 -0.8003
vn 0.4206 -0.1163 -0.8998
vn 0.3327 -0.6299 -0.7018
vn 0.3578 -0.3626 -0.8605
vn 0.4004 -0.0645 -0.9141
vn 0.3324 -0.4652 -0.8204
vn 0.3208 -0.5933 -0.7383
vn 0.4336 -0.2385 -0.8690
vn 0.2860 -0.4364 -0.8531
vn 0.2934 -0.4704 -0.8322
vn 0.0516 -0.9099 -0.4117
vn 0.0585 -0.9138 -0.4020
vn 0.3186 -0.4982 -0.8064
vn 0.0564 -0.9256 -0.3742
vn -0.2336 -0.9586 0.1626
vn -0.2253 -0.9537 0.1995
vn -0.3678 -0.5832 0.7243
vn -0.4114 -0.6362 0.6527
vn -0.1890 -0.9518 0.2416
vn -0.3746 -0.5319 0.7594
vn 0.3142 -0.5088 -0.8015
vn 0.0053 -0.9305 -0.3662
vn -0.0772 -0.8984 -0.4324
vn 0.2468 -0.5289 -0.8120
vn -0.1585 -0.8755 -0.4565
vn -0.4461 -0.8934 -0.0528
vn -0.0374 -0.8622 -0.5052
vn 0.1919 -0.6554 -0.7305
vn -0.3880 -0.4033 0.8288
vn -0.4826 -0.3185 0.8159
vn -0.3738 -0.7514 0.5438
vn -0.3096 -0.7404 0.5966
vn -0.5516 -0.6375 0.5379
vn -0.6791 -0.5291 0.5088
vn -0.4856 -0.8740 0.0154
vn -0.3395 -0.9375 0.0759
vn -0.6876 -0.6762 0.2645
vn -0.7179 -0.3909 0.5761
vn -0.4442 -0.1556 0.8823
vn -0.4880 -0.1247 0.8639
vn -0.4236 -0.1947 0.8847
vn -0.4866 -0.1344 0.8632
vn -0.4972 -0.1021 0.8616
vn -0.4882 -0.0811 0.8690
vn -0.4609 -0.4934 0.7377
vn -0.4682 -0.4830 0.7400
vn -0.4340 -0.4893 0.7564
vn -0.6375 -0.1572 0.7542
vn -0.6507 -0.0548 0.7573
vn -0.7325 -0.3710 0.5708
vn -0.6138 -0.6476 0.4515
vn -0.5495 -0.1920 0.8132
vn -0.5779 -0.3024 0.7580
vn -0.6139 -0.1838 0.7677
vn -0.5771 -0.1614 0.8006
vn -0.6297 -0.2435 0.7377
vn -0.6130 -0.3783 0.6936
vn -0.2755 -0.9519 0.1339
vn -0.4838 -0.6358 0.6014
vn -0.5204 -0.1357 0.8431
vn -0.4844 -0.1399 0.8636
vn -0.4025 -0.5405 0.7388
vn -0.4516 -0.6170 0.6445
vn -0.5486 -0.6659 0.5056
vn -0.6780 -0.5560 0.4808
vn 0.2792 0.2633 0.9234
vn 0.2689 0.3904 0.8805
vn 0.2359 0.0126 0.9717
vn 0.2383 0.1103 0.9649
vn 0.2581 -0.3376 0.9052
vn 0.2879 -0.1491 0.9460
vn -0.3868 -0.2001 0.9002
vn -0.3621 -0.4844 0.7964
vn 0.3075 0.4933 0.8137
vn 0.2201 0.5290 0.8196
vn 0.2553 0.5606 0.7877
vn 0.1796 0.5185 0.8360
vn 0.1720 0.5107 0.8424
vn 0.1442 0.5243 0.8392
vn 0.1605 0.6128 0.7738
vn 0.2404 0.7729 0.5873
vn 0.4570 0.8182 0.3489
vn 0.6102 0.7847 0.1085
vn -0.1152 0.9125 -0.3926
vn -0.4016 -0.9051 0.1395
vn -0.1014 -0.9627 -0.2508
vn 0.2205 -0.8021 -0.5549
vn 0.3723 -0.6133 -0.6966
vn 0.3841 -0.5572 -0.7362
vn 0.2895 -0.6431 -0.7089
vn 0.1363 -0.7953 -0.5907
vn 0.0948 -0.7191 -0.6884
vn 0.1961 -0.4611 -0.8654
vn 0.2625 -0.2656 -0.9277
vn 0.3156 -0.0985 -0.9438
vn 0.3690 0.0668 -0.9270
vn 0.4012 0.1908 -0.8959
vn 0.4138 0.2977 -0.8603
vn 0.4460 0.4308 -0.7845
vn 0.5120 0.5847 -0.6293
vn 0.5393 0.6817 -0.4944
vn 0.5252 0.7228 -0.4492
vn 0.5088 0.7604 -0.4037
vn 0.5062 0.8048 -0.3100
vn 0.5114 0.8419 -0.1722
vn 0.5095 0.8604 0.0110
vn 0.4817 0.8495 0.2153
vn 0.4361 0.8145 0.3826
vn 0.3034 0.7313 0.6108
vn 0.0413 0.5672 0.8226
vn -0.0335 0.5913 0.8058
vn 0.0609 0.7111 0.7005
vn 0.1630 0.7619 0.6268
vn 0.2194 0.7915 0.5705
vn 0.1348 0.7874 0.6016
vn -0.0427 0.7237 0.6888
vn -0.2710 0.5560 0.7858
vn -0.4361 0.3571 0.8260
vn -0.5259 0.1873 0.8297
vn -0.6029 0.0178 0.7976
vn -0.6522 -0.1660 0.7396
vn -0.6651 -0.4229 0.6155
vn -0.6176 -0.4461 0.6477
vn -0.6369 -0.3680 0.6774
vn -0.6878 -0.3429 0.6399
vn -0.6891 -0.4305 0.5830
vn -0.5942 -0.6208 0.5115
vn -0.5334 -0.7160 0.4504
vn 0.3324 -0.4654 -0.8203
vn -0.4552 -0.4765 0.7521
vn -0.4682 -0.4828 0.7400
vn -0.4404 -0.1723 0.8811
vn -0.4271 -0.5146 0.7434
vn -0.4236 -0.1947 0.8846
vn -0.3746 -0.5320 0.7594
vn -0.2137 -0.9304 0.2978
vn 0.0516 -0.9099 -0.4116
vn 0.0450 -0.9128 -0.4059
vn 0.2841 -0.4103 -0.8666
vn 0.4004 -0.0646 -0.9141
vn 0.3725 -0.0279 -0.9276
vn 0.2291 -0.8152 -0.5320
vn 0.0181 -0.9957 -0.0908
vn 0.0128 -0.9905 -0.1370
vn 0.0139 -0.9966 -0.0810
vn 0.2410 -0.8156 -0.5260
vn 0.3216 -0.6094 -0.7247
vn 0.3318 -0.4703 -0.8178
vn 0.3331 -0.2622 -0.9057
vn 0.3034 0.0317 -0.9523
vn 0.3122 0.0667 -0.9477
vn 0.2627 0.3824 -0.8859
vn 0.2841 0.4936 -0.8219
vn 0.2494 0.5414 -0.8029
vn 0.1674 0.7201 -0.6733
vn 0.1360 0.7523 -0.6447
vn 0.2371 0.5857 -0.7751
vn 0.2143 0.5982 -0.7722
vn 0.1681 0.6879 -0.7061
vn 0.0717 0.8069 -0.5863
vn 0.0846 0.7893 -0.6082
vn 0.7665 0.6356 -0.0921
vn 0.8309 0.5426 -0.1233
vn 0.8468 0.4887 -0.2099
vn 0.8801 0.4218 -0.2181
vn 0.8993 0.3233 -0.2944
vn 0.9191 0.0653 -0.3886
vn 0.7899 0.5835 -0.1886
vn 0.7933 0.5989 -0.1095
vn 0.8535 0.4763 -0.2114
vn 0.2852 -0.1520 0.9464
vn 0.2112 -0.3272 0.9211
vn 0.1990 -0.4107 0.8898
vn 0.2356 -0.1314 0.9629
vn 0.9171 -0.2106 -0.3384
vn 0.8849 -0.3892 -0.2559
vn 0.8588 -0.4881 -0.1555
vn 0.7587 -0.6482 -0.0653
vn 0.5528 -0.7997 0.2342
vn 0.5347 -0.8077 0.2485
vn 0.7473 -0.6637 -0.0329
vn 0.8119 -0.5438 -0.2123
vn 0.8727 -0.3207 -0.3682
vn 0.9408 -0.0629 -0.3331
vn 0.8427 -0.3375 -0.4194
vn 0.6151 -0.7885 -0.0052
vn 0.3147 -0.7877 0.5296
s 1
usemtl _17174_Tiamat_v1default
f 1//1 2//2 3//3 4//4
f 5//5 3//3 2//2 6//6
f 7//7 8//8 3//3 5//5
f 9//9 4//4 3//3 8//8
f 10//10 11//11 12//12 13//13
f 11//11 14//14 15//15
f 5//5 12//12 15//15 7//7
f 12//12 5//5 6//6 13//13
f 16//16 17//17 6//6 2//2
f 18//18 16//16 2//2 1//1
f 19//19 20//20 16//16 18//18
f 21//21 17//17 16//16 20//20
f 22//22 17//17 21//21 23//23
f 24//24 22//22 23//23 25//25
f 10//10 13//13 22//22 24//24
f 6//6 17//17 22//22 13//13
f 25//25 26//26 27//27 24//24
f 28//28 27//27 26//26 29//29
f 14//14 11//11 27//27 28//28
f 24//24 27//27 11//11 10//10
f 9//9 30//30 31//31 32//32
f 33//33 31//31 30//30 34//34
f 35//35 36//36 31//31 33//33
f 32//32 31//31 36//36 37//37
f 7//7 38//38 39//39 8//8
f 40//40 39//39 38//38 41//41
f 34//34 30//30 39//39 40//40
f 8//8 39//39 30//30 9//9
f 42//42 38//38 7//7
f 43//43 42//42 15//15 14//14
f 44//44 45//45 42//42 43//43
f 38//38 42//42 45//45 41//41
f 43//43 46//46 47//47 44//44
f 43//43 14//14 28//28
f 46//46 28//28 29//29
f 48//48 49//49 47//47
f 50//50 51//51 52//52 53//53
f 54//54 50//50 53//53 55//55
f 25//25 23//23 50//50 54//54
f 51//51 50//50 23//23 21//21
f 56//56 54//54 55//55
f 57//57 58//58 59//59
f 29//29 26//26 56//56 59//59
f 54//54 56//56 26//26 25//25
f 60//60 61//61 59//59 58//58
f 62//62 63//63 61//61 60//60
f 63//63 49//49 48//48
f 48//48 29//29 59//59
f 62//62 64//64 65//65 63//63
f 64//64 66//66 67//67
f 68//68 65//65 67//67 69//69
f 63//63 65//65 68//68 49//49
f 66//66 70//70 71//71 67//67
f 72//72 73//73 71//71 70//70
f 74//74 75//75 71//71 73//73
f 67//67 71//71 75//75 69//69
f 76//76 77//77 78//78 79//79
f 80//80 78//78 77//77 81//81
f 73//73 78//78 80//80 74//74
f 79//79 78//78 73//73 72//72
f 82//82 83//83 84//84 85//85
f 86//86 84//84 83//83 35//35
f 87//87 84//84 86//86 88//88
f 89//89 85//85 84//84 87//87
f 34//34 90//90 91//91 33//33
f 92//92 91//91 90//90 93//93
f 88//88 86//86 91//91 92//92
f 33//33 91//91 86//86 35//35
f 94//94 40//40 41//41
f 95//95 94//94 96//96 97//97
f 93//93 90//90 94//94 95//95
f 40//40 94//94 90//90 34//34
f 41//41 45//45 98//98 96//96
f 99//99 98//98 45//45 44//44
f 100//100 101//101 98//98 99//99
f 96//96 98//98 101//101 97//97
f 44//44 47//47 102//102 99//99
f 103//103 102//102 47//47 49//49
f 102//102 103//103 104//104 105//105
f 99//99 102//102 105//105 100//100
f 69//69 106//106 107//107 68//68
f 108//108 107//107 106//106 109//109
f 104//104 103//103 107//107 108//108
f 68//68 107//107 103//103 49//49
f 110//110 111//111 75//75 74//74
f 112//112 111//111 110//110 113//113
f 109//109 106//106 111//111 112//112
f 75//75 111//111 106//106 69//69
f 74//74 80//80 114//114 110//110
f 81//81 115//115 114//114 80//80
f 116//116 114//114 115//115 117//117
f 113//113 110//110 114//114 116//116
f 89//89 87//87 118//118 119//119
f 120//120 118//118 87//87 88//88
f 121//121 122//122 118//118 120//120
f 119//119 118//118 122//122 123//123
f 92//92 124//124 120//120 88//88
f 93//93 125//125 124//124 92//92
f 126//126 127//127 124//124 125//125
f 120//120 124//124 127//127 121//121
f 128//128 129//129 130//130 131//131
f 125//125 130//130 129//129 126//126
f 95//95 130//130 125//125 93//93
f 97//97 131//131 130//130 95//95
f 132//132 133//133 129//129 128//128
f 133//133 132//132 134//134
f 129//129 133//133 135//135 126//126
f 97//97 101//101 136//136 131//131
f 137//137 136//136 101//101 100//100
f 138//138 139//139 136//136 137//137
f 131//131 136//136 139//139 128//128
f 104//104 140//140 141//141 105//105
f 142//142 143//143 141//141 140//140
f 137//137 141//141 143//143 138//138
f 105//105 141//141 137//137 100//100
f 109//109 144//144 145//145 108//108
f 146//146 147//147 145//145 144//144
f 145//145 147//147 142//142 140//140
f 108//108 145//145 140//140 104//104
f 148//148 149//149 150//150 151//151
f 144//144 150//150 149//149 146//146
f 112//112 150//150 144//144 109//109
f 113//113 151//151 150//150 112//112
f 152//152 153//153 154//154 155//155
f 156//156 154//154 153//153 157//157
f 58//58 57//57 154//154 156//156
f 57//57 55//55 155//155
f 158//158 159//159 160//160 161//161
f 162//162 160//160 159//159 163//163
f 157//157 153//153 160//160 162//162
f 161//161 160//160 153//153 152//152
f 157//157 164//164 165//165 156//156
f 166//166 165//165 164//164 167//167
f 62//62 60//60 165//165 166//166
f 156//156 165//165 60//60 58//58
f 163//163 168//168 169//169 162//162
f 170//170 169//169 168//168 171//171
f 167//167 164//164 169//169 170//170
f 162//162 169//169 164//164 157//157
f 172//172 173//173 174//174 175//175
f 176//176 174//174 173//173 177//177
f 171//171 168//168 174//174 176//176
f 175//175 174//174 168//168 163//163
f 167//167 178//178 179//179 166//166
f 180//180 179//179 178//178 181//181
f 66//66 64//64 179//179 180//180
f 166//166 179//179 64//64 62//62
f 182//182 183//183 184//184 185//185
f 176//176 184//184 183//183 171//171
f 177//177 186//186 184//184 176//176
f 185//185 184//184 186//186 187//187
f 171//171 183//183 188//188 170//170
f 189//189 188//188 183//183 182//182
f 181//181 178//178 188//188 189//189
f 170//170 188//188 178//178 167//167
f 190//190 180//180 181//181 191//191
f 191//191 192//192 193//193
f 72//72 70//70 190//190 193//193
f 180//180 190//190 70//70 66//66
f 194//194 193//193 192//192
f 195//195 194//194 196//196 197//197
f 76//76 79//79 194//194 195//195
f 193//193 194//194 79//79 72//72
f 182//182 198//198 199//199 189//189
f 200//200 199//199 198//198 201//201
f 192//192 191//191 199//199 200//200
f 189//189 199//199 191//191 181//181
f 187//187 202//202 203//203 185//185
f 204//204 203//203 202//202 205//205
f 201//201 198//198 203//203 204//204
f 185//185 203//203 198//198 182//182
f 201//201 206//206 207//207 200//200
f 208//208 207//207 206//206 209//209
f 197//197 196//196 207//207 208//208
f 200//200 207//207 196//196 192//192
f 205//205 210//210 211//211 204//204
f 212//212 211//211 210//210 213//213
f 209//209 206//206 211//211 212//212
f 204//204 211//211 206//206 201//201
f 209//209 214//214 215//215 208//208
f 216//216 215//215 214//214 217//217
f 218//218 219//219 215//215 216//216
f 208//208 215//215 219//219 197//197
f 213//213 220//220 221//221 212//212
f 222//222 221//221 220//220 223//223
f 217//217 214//214 221//221 222//222
f 212//212 221//221 214//214 209//209
f 223//223 224//224 225//225 222//222
f 226//226 225//225 224//224 227//227
f 228//228 229//229 225//225 226//226
f 222//222 225//225 229//229 217//217
f 230//230 231//231 232//232 233//233
f 226//226 232//232 231//231 228//228
f 227//227 234//234 232//232 226//226
f 233//233 232//232 234//234 235//235
f 235//235 236//236 237//237 233//233
f 238//238 237//237 236//236 239//239
f 240//240 241//241 237//237 238//238
f 233//233 237//237 241//241 230//230
f 134//134 132//132 242//242 243//243
f 244//244 242//242 132//132 128//128
f 245//245 246//246 242//242 244//244
f 243//243 242//242 246//246 247//247
f 139//139 248//248 244//244 128//128
f 249//249 248//248 139//139 138//138
f 250//250 251//251 248//248 249//249
f 244//244 248//248 251//251 245//245
f 138//138 143//143 252//252 249//249
f 253//253 252//252 143//143 142//142
f 254//254 255//255 252//252 253//253
f 249//249 252//252 255//255 250//250
f 142//142 147//147 256//256 253//253
f 257//257 256//256 147//147 146//146
f 258//258 259//259 256//256 257//257
f 253//253 256//256 259//259 254//254
f 254//254 259//259 260//260 261//261
f 262//262 260//260 259//259 258//258
f 260//260 262//262 263//263
f 261//261 260//260 264//264 265//265
f 266//266 267//267 268//268 269//269
f 270//270 268//268 267//267 271//271
f 177//177 173//173 268//268 270//270
f 269//269 268//268 173//173 172//172
f 271//271 272//272 273//273 270//270
f 274//274 273//273 272//272 275//275
f 187//187 186//186 273//273 274//274
f 270//270 273//273 186//186 177//177
f 275//275 276//276 277//277 274//274
f 278//278 277//277 276//276 279//279
f 205//205 202//202 277//277 278//278
f 274//274 277//277 202//202 187//187
f 279//279 280//280 281//281 278//278
f 282//282 281//281 280//280 283//283
f 213//213 210//210 281//281 282//282
f 278//278 281//281 210//210 205//205
f 283//283 284//284 285//285 282//282
f 286//286 285//285 284//284 287//287
f 223//223 220//220 285//285 286//286
f 282//282 285//285 220//220 213//213
f 287//287 288//288 289//289 286//286
f 290//290 289//289 288//288 291//291
f 227//227 224//224 289//289 290//290
f 286//286 289//289 224//224 223//223
f 291//291 292//292 293//293 290//290
f 294//294 293//293 292//292 295//295
f 235//235 234//234 293//293 294//294
f 290//290 293//293 234//234 227//227
f 295//295 296//296 297//297 294//294
f 298//298 297//297 296//296 299//299
f 239//239 236//236 297//297 298//298
f 294//294 297//297 236//236 235//235
f 300//300 301//301 302//302 303//303
f 304//304 302//302 301//301 305//305
f 266//266 306//306 302//302 304//304
f 303//303 302//302 306//306 307//307
f 305//305 308//308 309//309 304//304
f 310//310 309//309 308//308 311//311
f 271//271 267//267 309//309 310//310
f 304//304 309//309 267//267 266//266
f 311//311 312//312 313//313 310//310
f 314//314 313//313 312//312 315//315
f 275//275 272//272 313//313 314//314
f 310//310 313//313 272//272 271//271
f 315//315 316//316 317//317 314//314
f 318//318 317//317 316//316 319//319
f 279//279 276//276 317//317 318//318
f 314//314 317//317 276//276 275//275
f 319//319 320//320 321//321 318//318
f 322//322 321//321 320//320 323//323
f 283//283 280//280 321//321 322//322
f 318//318 321//321 280//280 279//279
f 323//323 324//324 325//325 322//322
f 326//326 325//325 324//324 327//327
f 287//287 284//284 325//325 326//326
f 322//322 325//325 284//284 283//283
f 327//327 328//328 329//329 326//326
f 330//330 329//329 328//328 331//331
f 291//291 288//288 329//329 330//330
f 326//326 329//329 288//288 287//287
f 331//331 332//332 333//333 330//330
f 334//334 333//333 332//332 335//335
f 295//295 292//292 333//333 334//334
f 330//330 333//333 292//292 291//291
f 336//336 337//337 338//338 339//339
f 340//340 338//338 337//337 341//341
f 300//300 342//342 338//338 340//340
f 339//339 338//338 342//342 343//343
f 341//341 344//344 345//345 340//340
f 346//346 345//345 344//344 347//347
f 305//305 301//301 345//345 346//346
f 340//340 345//345 301//301 300//300
f 347//347 348//348 349//349 346//346
f 350//350 349//349 348//348 351//351
f 311//311 308//308 349//349 350//350
f 346//346 349//349 308//308 305//305
f 351//351 352//352 353//353 350//350
f 354//354 353//353 352//352 355//355
f 315//315 312//312 353//353 354//354
f 350//350 353//353 312//312 311//311
f 355//355 356//356 357//357 354//354
f 358//358 357//357 356//356 359//359
f 319//319 316//316 357//357 358//358
f 354//354 357//357 316//316 315//315
f 359//359 360//360 361//361 358//358
f 362//362 361//361 360//360 363//363
f 323//323 320//320 361//361 362//362
f 358//358 361//361 320//320 319//319
f 363//363 364//364 365//365 362//362
f 366//366 365//365 364//364 367//367
f 327//327 324//324 365//365 366//366
f 362//362 365//365 324//324 323//323
f 367//367 368//368 369//369 366//366
f 370//370 369//369 368//368 371//371
f 331//331 328//328 369//369 370//370
f 366//366 369//369 328//328 327//327
f 371//371 372//372 373//373 370//370
f 374//374 373//373 372//372 375//375
f 335//335 332//332 373//373 374//374
f 370//370 373//373 332//332 331//331
f 376//376 377//377 378//378 379//379
f 380//380 377//377 376//376 381//381
f 35//35 83//83 377//377 380//380
f 378//378 377//377 83//83 82//82
f 382//382 32//32 37//37
f 383//383 382//382 384//384 385//385
f 1//1 4//4 382//382 383//383
f 4//4 9//9 32//32
f 1//1 383//383 386//386 18//18
f 387//387 386//386 383//383 385//385
f 388//388 389//389 386//386 387//387
f 18//18 386//386 389//389 19//19
f 388//388 387//387 390//390 391//391
f 387//387 385//385 392//392
f 393//393 394//394 390//390 392//392
f 391//391 390//390 394//394 395//395
f 381//381 396//396 397//397 380//380
f 384//384 397//397 396//396 385//385
f 37//37 36//36 397//397 384//384
f 380//380 397//397 36//36 35//35
f 398//398 399//399 393//393
f 392//392 385//385 396//396
f 396//396 381//381 399//399
f 400//400 401//401 402//402 403//403
f 404//404 402//402 401//401 405//405
f 406//406 407//407 402//402 404//404
f 403//403 402//402 407//407 408//408
f 405//405 409//409 410//410 404//404
f 411//411 410//410 409//409 412//412
f 413//413 414//414 410//410 411//411
f 404//404 410//410 414//414 406//406
f 412//412 415//415 416//416 411//411
f 417//417 416//416 415//415 418//418
f 419//419 420//420 416//416 417//417
f 411//411 416//416 420//420 413//413
f 418//418 421//421 422//422 417//417
f 423//423 422//422 421//421 424//424
f 425//425 426//426 422//422 423//423
f 417//417 422//422 426//426 419//419
f 427//427 428//428 429//429 430//430
f 431//431 429//429 428//428 432//432
f 433//433 434//434 429//429 431//431
f 430//430 429//429 434//434 424//424
f 435//435 436//436 437//437 438//438
f 423//423 437//437 436//436 425//425
f 424//424 434//434 437//437 423//423
f 434//434 433//433 438//438
f 439//439 440//440 441//441 442//442
f 443//443 441//441 440//440 444//444
f 379//379 378//378 441//441 443//443
f 442//442 441//441 378//378 82//82
f 445//445 446//446 447//447 448//448
f 442//442 447//447 446//446 439//439
f 82//82 85//85 447//447 442//442
f 448//448 447//447 85//85 89//89
f 123//123 122//122 449//449 450//450
f 451//451 449//449 122//122 121//121
f 452//452 453//453 449//449 451//451
f 450//450 449//449 453//453 454//454
f 121//121 127//127 455//455 451//451
f 456//456 455//455 127//127 126//126
f 457//457 455//455 456//456 458//458
f 451//451 455//455 457//457 452//452
f 247//247 459//459 460//460 243//243
f 456//456 460//460 459//459 458//458
f 126//126 135//135 460//460 456//456
f 243//243 460//460 135//135 134//134
f 123//123 461//461 462//462 119//119
f 461//461 463//463 464//464
f 445//445 448//448 462//462 464//464
f 119//119 462//462 448//448 89//89
f 465//465 466//466 467//467
f 468//468 465//465 469//469 470//470
f 444//444 440//440 465//465 468//468
f 466//466 465//465 440//440 439//439
f 463//463 471//471 472//472 464//464
f 471//471 467//467 466//466
f 439//439 446//446 472//472 466//466
f 464//464 472//472 446//446 445//445
f 454//454 473//473 474//474 450//450
f 473//473 463//463 461//461
f 450//450 474//474 461//461 123//123
f 454//454 453//453 475//475 476//476
f 477//477 475//475 453//453 452//452
f 478//478 479//479 475//475 477//477
f 476//476 475//475 479//479 480//480
f 463//463 473//473 481//481 482//482
f 476//476 481//481 473//473 454//454
f 480//480 483//483 481//481 476//476
f 482//482 481//481 483//483 484//484
f 485//485 482//482 484//484
f 486//486 487//487 488//488
f 485//485 488//488 467//467
f 482//482 485//485 471//471 463//463
f 489//489 488//488 487//487
f 490//490 489//489 491//491 492//492
f 467//467 488//488 489//489 490//490
f 493//493 490//490 492//492
f 494//494 495//495 496//496
f 470//470 469//469 493//493 496//496
f 490//490 493//493 469//469 467//467
f 497//497 498//498 499//499 500//500
f 498//498 501//501 502//502
f 492//492 491//491 499//499 502//502
f 500//500 499//499 491//491 487//487
f 503//503 504//504 505//505 506//506
f 500//500 505//505 504//504 497//497
f 487//487 486//486 505//505 500//500
f 506//506 505//505 486//486 484//484
f 507//507 508//508 509//509 510//510
f 506//506 509//509 508//508 503//503
f 484//484 483//483 509//509 506//506
f 510//510 509//509 483//483 480//480
f 511//511 512//512 513//513 514//514
f 510//510 512//512 511//511 507//507
f 480//480 479//479 512//512 510//510
f 478//478 513//513 512//512 479//479
f 515//515 516//516 517//517 518//518
f 519//519 517//517 516//516 520//520
f 496//496 517//517 519//519 470//470
f 518//518 517//517 496//496 495//495
f 408//408 407//407 521//521 522//522
f 523//523 521//521 407//407 406//406
f 524//524 525//525 521//521 523//523
f 522//522 521//521 525//525 526//526
f 527//527 528//528 529//529 530//530
f 531//531 529//529 528//528 532//532
f 520//520 516//516 529//529 531//531
f 530//530 529//529 516//516 515//515
f 526//526 525//525 533//533 534//534
f 535//535 533//533 525//525 524//524
f 532//532 528//528 533//533 535//535
f 534//534 533//533 528//528 527//527
f 470//470 519//519 536//536 468//468
f 537//537 536//536 519//519 520//520
f 538//538 539//539 536//536 537//537
f 468//468 536//536 539//539 444//444
f 406//406 414//414 540//540 523//523
f 541//541 540//540 414//414 413//413
f 542//542 543//543 540//540 541//541
f 523//523 540//540 543//543 524//524
f 520//520 531//531 544//544 537//537
f 545//545 544//544 531//531 532//532
f 546//546 547//547 544//544 545//545
f 537//537 544//544 547//547 538//538
f 542//542 548//548 549//549 543//543
f 545//545 549//549 548//548 546//546
f 532//532 535//535 549//549 545//545
f 543//543 549//549 535//535 524//524
f 444//444 539//539 550//550 443//443
f 539//539 538//538 551//551
f 550//550 551//551 552//552
f 443//443 550//550 553//553 379//379
f 413//413 420//420 554//554 541//541
f 555//555 554//554 420//420 419//419
f 556//556 557//557 554//554 555//555
f 541//541 554//554 557//557 542//542
f 558//558 551//551 538//538
f 559//559 558//558 547//547 546//546
f 560//560 561//561 558//558 559//559
f 561//561 552//552 551//551
f 556//556 562//562 563//563 557//557
f 559//559 563//563 562//562 560//560
f 546//546 548//548 563//563 559//559
f 557//557 563//563 548//548 542//542
f 556//556 555//555 564//564 565//565
f 419//419 426//426 564//564 555//555
f 566//566 564//564 426//426 425//425
f 565//565 564//564 566//566 567//567
f 379//379 553//553 568//568 376//376
f 553//553 552//552 569//569
f 568//568 569//569 570//570
f 376//376 568//568 571//571 381//381
f 552//552 561//561 572//572 569//569
f 573//573 572//572 561//561 560//560
f 574//574 575//575 572//572 573//573
f 569//569 572//572 575//575 570//570
f 567//567 576//576 577//577 565//565
f 573//573 577//577 576//576 574//574
f 560//560 562//562 577//577 573//573
f 565//565 577//577 562//562 556//556
f 578//578 579//579 436//436 435//435
f 578//578 580//580 581//581
f 567//567 566//566 579//579 581//581
f 425//425 436//436 579//579 566//566
f 582//582 583//583 584//584
f 399//399 582//582 585//585 393//393
f 582//582 399//399 381//381
f 583//583 582//582 571//571 570//570
f 580//580 586//586 587//587 581//581
f 588//588 587//587 586//586 589//589
f 587//587 588//588 574//574
f 581//581 587//587 576//576 567//567
f 589//589 590//590 591//591 588//588
f 583//583 591//591 590//590 584//584
f 570//570 575//575 591//591 583//583
f 588//588 591//591 575//575 574//574
f 307//307 592//592 593//593 303//303
f 594//594 593//593 592//592 595//595
f 343//343 342//342 593//593 594//594
f 303//303 593//593 342//342 300//300
f 596//596 597//597 598//598
f 155//155 596//596 599//599 152//152
f 596//596 155//155 55//55
f 597//597 596//596 53//53 52//52
f 600//600 601//601 592//592 307//307
f 602//602 603//603 601//601 600//600
f 604//604 601//601 603//603 605//605
f 595//595 592//592 601//601 604//604
f 175//175 606//606 607//607 172//172
f 163//163 159//159 606//606 175//175
f 158//158 608//608 606//606 159//159
f 607//607 606//606 608//608 602//602
f 602//602 608//608 609//609 610//610
f 161//161 609//609 608//608 158//158
f 152//152 599//599 609//609 161//161
f 610//610 609//609 599//599 598//598
f 605//605 603//603 611//611 612//612
f 610//610 611//611 603//603 602//602
f 598//598 612//612 611//611 610//610
f 172//172 607//607 613//613 269//269
f 600//600 613//613 607//607 602//602
f 307//307 306//306 613//613 600//600
f 269//269 613//613 306//306 266//266
f 452//452 457//457 614//614 477//477
f 615//615 614//614 457//457 458//458
f 616//616 617//617 614//614 615//615
f 617//617 478//478 477//477
f 618//618 619//619 617//617 616//616
f 620//620 621//621 619//619 618//618
f 514//514 513//513 619//619 621//621
f 617//617 619//619 513//513 478//478
f 621//621 620//620 622//622
f 623//623 622//622 624//624
f 621//621 623//623 625//625 514//514
f 507//507 511//511 626//626 627//627
f 514//514 625//625 626//626 511//511
f 626//626 625//625 624//624
f 628//628 629//629 627//627
f 503//503 508//508 630//630 631//631
f 627//627 630//630 508//508 507//507
f 629//629 632//632 630//630 627//627
f 631//631 630//630 632//632 633//633
f 633//633 634//634 635//635 631//631
f 636//636 635//635 634//634 637//637
f 497//497 504//504 635//635 636//636
f 631//631 635//635 504//504 503//503
f 637//637 638//638 639//639 636//636
f 640//640 639//639 638//638 641//641
f 501//501 498//498 639//639 640//640
f 636//636 639//639 498//498 497//497
f 642//642 643//643 644//644 645//645
f 641//641 638//638 643//643 642//642
f 644//644 643//643 638//638 637//637
f 646//646 647//647 648//648 649//649
f 644//644 648//648 647//647 645//645
f 637//637 634//634 648//648 644//644
f 649//649 648//648 634//634 633//633
f 650//650 651//651 652//652 653//653
f 649//649 652//652 651//651 646//646
f 633//633 632//632 652//652 649//649
f 653//653 652//652 632//632 629//629
f 654//654 655//655 628//628 624//624
f 656//656 655//655 654//654 657//657
f 650//650 653//653 655//655 656//656
f 629//629 628//628 655//655 653//653
f 658//658 659//659 660//660 661//661
f 654//654 659//659 658//658 657//657
f 624//624 622//622 659//659 654//654
f 620//620 660//660 659//659 622//622
f 616//616 662//662 663//663 618//618
f 662//662 664//664 665//665
f 663//663 665//665 661//661
f 618//618 663//663 660//660 620//620
f 615//615 666//666 662//662 616//616
f 667//667 666//666 615//615 458//458
f 666//666 667//667 668//668
f 664//664 662//662 666//666 669//669
f 670//670 667//667 458//458
f 459//459 247//247 671//671
f 672//672 673//673 670//670 671//671
f 673//673 668//668 667//667
f 247//247 246//246 674//674 671//671
f 675//675 674//674 246//246 245//245
f 676//676 677//677 674//674 675//675
f 671//671 674//674 677//677 672//672
f 245//245 251//251 678//678 675//675
f 679//679 678//678 251//251 250//250
f 678//678 679//679 680//680
f 675//675 678//678 681//681 676//676
f 265//265 682//682 683//683 261//261
f 679//679 683//683 682//682 680//680
f 250//250 255//255 683//683 679//679
f 261//261 683//683 255//255 254//254
f 684//684 685//685 686//686
f 687//687 688//688 689//689 686//686
f 684//684 689//689 688//688 690//690
f 680//680 682//682 691//691 692//692
f 693//693 691//691 682//682 265//265
f 694//694 695//695 691//691 693//693
f 692//692 691//691 695//695 685//685
f 265//265 264//264 696//696 693//693
f 697//697 696//696 264//264 263//263
f 698//698 699//699 696//696 697//697
f 693//693 696//696 699//699 694//694
f 263//263 700//700 701//701 697//697
f 702//702 701//701 700//700 703//703
f 704//704 705//705 701//701 702//702
f 697//697 701//701 705//705 698//698
f 706//706 702//702 703//703
f 707//707 708//708 706//706 709//709
f 710//710 706//706 708//708 711//711
f 706//706 710//710 704//704
f 146//146 149//149 712//712 257//257
f 713//713 712//712 149//149 148//148
f 714//714 715//715 712//712 713//713
f 257//257 712//712 715//715 258//258
f 258//258 715//715 716//716 262//262
f 717//717 716//716 715//715 714//714
f 716//716 717//717 703//703
f 700//700 263//263 262//262
f 714//714 718//718 719//719 717//717
f 720//720 719//719 718//718 721//721
f 707//707 709//709 719//719 720//720
f 717//717 719//719 709//709 703//703
f 722//722 151//151 113//113 116//116
f 117//117 723//723 722//722 116//116
f 724//724 725//725 722//722 723//723
f 151//151 722//722 725//725 148//148
f 148//148 725//725 726//726 713//713
f 727//727 726//726 725//725 724//724
f 721//721 718//718 726//726 727//727
f 713//713 726//726 718//718 714//714
f 721//721 727//727 728//728 729//729
f 724//724 730//730 728//728 727//727
f 731//731 729//729 728//728 730//730
f 707//707 720//720 732//732 733//733
f 729//729 732//732 720//720 721//721
f 731//731 734//734 732//732 729//729
f 733//733 732//732 734//734 735//735
f 736//736 686//686 685//685
f 737//737 736//736 695//695 694//694
f 738//738 739//739 736//736 737//737
f 739//739 687//687 686//686
f 740//740 741//741 742//742 743//743
f 744//744 742//742 741//741 687//687
f 745//745 746//746 742//742 744//744
f 743//743 742//742 746//746 747//747
f 738//738 748//748 749//749 739//739
f 744//744 749//749 748//748 745//745
f 744//744 687//687 739//739
f 694//694 699//699 750//750 737//737
f 751//751 750//750 699//699 698//698
f 752//752 753//753 750//750 751//751
f 737//737 750//750 753//753 738//738
f 752//752 754//754 755//755 753//753
f 756//756 755//755 754//754 757//757
f 745//745 748//748 755//755 756//756
f 753//753 755//755 748//748 738//738
f 757//757 758//758 759//759 756//756
f 760//760 759//759 758//758 761//761
f 747//747 746//746 759//759 760//760
f 756//756 759//759 746//746 745//745
f 762//762 751//751 698//698
f 704//704 763//763 762//762 705//705
f 764//764 762//762 763//763 765//765
f 751//751 762//762 764//764 752//752
f 765//765 766//766 767//767 764//764
f 768//768 767//767 766//766 769//769
f 757//757 754//754 767//767 768//768
f 764//764 767//767 754//754 752//752
f 769//769 770//770 771//771 768//768
f 772//772 771//771 770//770 773//773
f 761//761 758//758 771//771 772//772
f 768//768 771//771 758//758 757//757
f 774//774 775//775 740//740 743//743
f 747//747 776//776 774//774 743//743
f 777//777 778//778 774//774 776//776
f 775//775 774//774 778//778 779//779
f 760//760 780//780 776//776 747//747
f 781//781 780//780 760//760 761//761
f 782//782 783//783 780//780 781//781
f 776//776 780//780 783//783 777//777
f 761//761 772//772 784//784 781//781
f 785//785 784//784 772//772 773//773
f 786//786 787//787 784//784 785//785
f 781//781 784//784 787//787 782//782
f 773//773 788//788 789//789 785//785
f 790//790 789//789 788//788 791//791
f 792//792 793//793 789//789 790//790
f 785//785 789//789 793//793 786//786
f 786//786 793//793 794//794 795//795
f 796//796 794//794 793//793 792//792
f 797//797 798//798 794//794 796//796
f 795//795 794//794 798//798 799//799
f 800//800 690//690 801//801
f 802//802 803//803 804//804 801//801
f 803//803 805//805 800//800
f 690//690 688//688 806//806 801//801
f 807//807 806//806 688//688 687//687
f 808//808 809//809 806//806 807//807
f 801//801 806//806 809//809 802//802
f 779//779 810//810 811//811 775//775
f 807//807 811//811 810//810 808//808
f 687//687 741//741 811//811 807//807
f 775//775 811//811 741//741 740//740
f 812//812 813//813 810//810 779//779
f 814//814 815//815 813//813 812//812
f 810//810 813//813 815//815 808//808
f 779//779 778//778 816//816 812//812
f 817//817 816//816 778//778 777//777
f 818//818 819//819 816//816 817//817
f 812//812 816//816 819//819 814//814
f 777//777 783//783 820//820 817//817
f 821//821 820//820 783//783 782//782
f 822//822 823//823 820//820 821//821
f 817//817 820//820 823//823 818//818
f 799//799 824//824 825//825 795//795
f 821//821 825//825 824//824 822//822
f 782//782 787//787 825//825 821//821
f 795//795 825//825 787//787 786//786
f 805//805 803//803 826//826 827//827
f 828//828 826//826 803//803 802//802
f 829//829 830//830 826//826 828//828
f 827//827 826//826 830//830 831//831
f 802//802 809//809 832//832 828//828
f 833//833 832//832 809//809 808//808
f 834//834 835//835 832//832 833//833
f 828//828 832//832 835//835 829//829
f 836//836 837//837 838//838 839//839
f 829//829 835//835 836//836 839//839
f 835//835 834//834 840//840
f 837//837 836//836 840//840 841//841
f 808//808 815//815 842//842 833//833
f 843//843 842//842 815//815 814//814
f 844//844 845//845 842//842 843//843
f 833//833 842//842 845//845 834//834
f 846//846 847//847 845//845 844//844
f 848//848 847//847 846//846 849//849
f 841//841 840//840 847//847 848//848
f 834//834 845//845 847//847 840//840
f 814//814 819//819 850//850 843//843
f 851//851 850//850 819//819 818//818
f 852//852 853//853 850//850 851//851
f 843//843 850//850 853//853 844//844
f 854//854 855//855 856//856 857//857
f 846//846 856//856 855//855 849//849
f 844//844 853//853 856//856 846//846
f 857//857 856//856 853//853 852//852
f 818//818 823//823 858//858 851//851
f 859//859 858//858 823//823 822//822
f 858//858 859//859 860//860 861//861
f 851//851 858//858 861//861 852//852
f 862//862 863//863 864//864 865//865
f 863//863 854//854 857//857
f 852//852 861//861 864//864 857//857
f 865//865 864//864 861//861 860//860
f 866//866 867//867 868//868 869//869
f 870//870 868//868 867//867 871//871
f 872//872 873//873 868//868 870//870
f 869//869 868//868 873//873 874//874
f 875//875 876//876 877//877 878//878
f 879//879 877//877 876//876 880//880
f 881//881 882//882 877//877 879//879
f 878//878 877//877 882//882 883//883
f 884//884 885//885 886//886 887//887
f 888//888 886//886 885//885 889//889
f 880//880 876//876 886//886 888//888
f 887//887 886//886 876//876 875//875
f 889//889 885//885 890//890 891//891
f 892//892 890//890 885//885 884//884
f 871//871 867//867 890//890 892//892
f 891//891 890//890 867//867 866//866
f 883//883 893//893 894//894 878//878
f 895//895 894//894 893//893 896//896
f 897//897 898//898 894//894 895//895
f 878//878 894//894 898//898 875//875
f 899//899 900//900 901//901 902//902
f 887//887 901//901 900//900 884//884
f 875//875 898//898 901//901 887//887
f 902//902 901//901 898//898 897//897
f 884//884 900//900 903//903 892//892
f 904//904 903//903 900//900 899//899
f 905//905 906//906 903//903 904//904
f 906//906 871//871 892//892
f 896//896 907//907 908//908 895//895
f 909//909 908//908 907//907 910//910
f 911//911 912//912 908//908 909//909
f 895//895 908//908 912//912 897//897
f 831//831 913//913 914//914 827//827
f 915//915 914//914 913//913 916//916
f 917//917 918//918 914//914 915//915
f 827//827 914//914 918//918 805//805
f 910//910 919//919 920//920 909//909
f 921//921 920//920 919//919 922//922
f 923//923 924//924 920//920 921//921
f 909//909 920//920 924//924 911//911
f 925//925 926//926 927//927 928//928
f 902//902 927//927 926//926 899//899
f 897//897 912//912 927//927 902//902
f 928//928 927//927 912//912 911//911
f 923//923 929//929 930//930 924//924
f 930//930 929//929 925//925
f 911//911 924//924 930//930 928//928
f 899//899 926//926 931//931 904//904
f 932//932 931//931 926//926 925//925
f 931//931 932//932 933//933
f 904//904 931//931 934//934 905//905
f 935//935 932//932 925//925
f 929//929 923//923 936//936
f 937//937 938//938 935//935 936//936
f 938//938 933//933 932//932
f 916//916 939//939 940//940 915//915
f 921//921 940//940 939//939 923//923
f 922//922 941//941 940//940 921//921
f 915//915 940//940 941//941 917//917
f 871//871 906//906 942//942 870//870
f 943//943 942//942 906//906 905//905
f 944//944 945//945 942//942 943//943
f 870//870 942//942 945//945 872//872
f 905//905 934//934 946//946 943//943
f 947//947 946//946 934//934 933//933
f 948//948 949//949 946//946 947//947
f 949//949 944//944 943//943
f 948//948 950//950 951//951 949//949
f 952//952 951//951 950//950 953//953
f 954//954 955//955 951//951 952//952
f 955//955 944//944 949//949
f 956//956 957//957 958//958 959//959
f 936//936 958//958 957//957 937//937
f 923//923 939//939 958//958 936//936
f 959//959 958//958 939//939 916//916
f 937//937 957//957 960//960 938//938
f 961//961 960//960 957//957 956//956
f 948//948 947//947 960//960 961//961
f 938//938 960//960 947//947 933//933
f 831//831 830//830 962//962 963//963
f 839//839 962//962 830//830 829//829
f 838//838 964//964 962//962 839//839
f 963//963 962//962 964//964 965//965
f 966//966 967//967 968//968 969//969
f 967//967 953//953 950//950
f 961//961 968//968 950//950 948//948
f 961//961 956//956 969//969
f 965//965 970//970 971//971 963//963
f 959//959 971//971 970//970 956//956
f 971//971 959//959 916//916
f 913//913 831//831 963//963
f 972//972 973//973 970//970 965//965
f 966//966 969//969 973//973 972//972
f 956//956 970//970 973//973 969//969
f 974//974 975//975 976//976 977//977
f 978//978 976//976 975//975 979//979
f 341//341 337//337 976//976 978//978
f 977//977 976//976 337//337 336//336
f 979//979 980//980 981//981 978//978
f 982//982 981//981 980//980 983//983
f 347//347 344//344 981//981 982//982
f 978//978 981//981 344//344 341//341
f 984//984 985//985 986//986 987//987
f 351//351 348//348 986//986 985//985
f 982//982 986//986 348//348 347//347
f 987//987 986//986 982//982 983//983
f 984//984 988//988 989//989 985//985
f 990//990 989//989 988//988 991//991
f 355//355 352//352 989//989 990//990
f 985//985 989//989 352//352 351//351
f 991//991 992//992 993//993 990//990
f 994//994 993//993 992//992 995//995
f 359//359 356//356 993//993 994//994
f 990//990 993//993 356//356 355//355
f 995//995 996//996 997//997 994//994
f 998//998 997//997 996//996 999//999
f 363//363 360//360 997//997 998//998
f 994//994 997//997 360//360 359//359
f 999//999 1000//1000 1001//1001 998//998
f 1002//1002 1001//1001 1000//1000 1003//1003
f 367//367 364//364 1001//1001 1002//1002
f 998//998 1001//1001 364//364 363//363
f 1003//1003 1004//1004 1005//1005 1002//1002
f 1006//1006 1005//1005 1004//1004 1007//1007
f 371//371 368//368 1005//1005 1006//1006
f 1002//1002 1005//1005 368//368 367//367
f 1008//1008 1009//1009 1010//1010 1011//1011
f 1010//1010 1009//1009 375//375 372//372
f 1006//1006 1010//1010 372//372 371//371
f 1011//1011 1010//1010 1006//1006 1007//1007
f 1012//1012 1013//1013 1014//1014 1015//1015
f 1016//1016 1017//1017 1013//1013 1012//1012
f 1011//1011 1013//1013 1017//1017 1008//1008
f 1014//1014 1013//1013 1011//1011 1007//1007
f 1018//1018 1019//1019 1020//1020 1021//1021
f 975//975 1020//1020 1019//1019 979//979
f 974//974 1022//1022 1020//1020 975//975
f 1021//1021 1020//1020 1022//1022 1023//1023
f 1024//1024 1025//1025 1026//1026 1027//1027
f 980//980 1026//1026 1025//1025 983//983
f 979//979 1019//1019 1026//1026 980//980
f 1027//1027 1026//1026 1019//1019 1018//1018
f 1028//1028 1029//1029 1030//1030 1031//1031
f 987//987 1030//1030 1029//1029 984//984
f 983//983 1025//1025 1030//1030 987//987
f 1031//1031 1030//1030 1025//1025 1024//1024
f 1032//1032 1033//1033 1034//1034 1035//1035
f 1034//1034 1033//1033 991//991 988//988
f 984//984 1029//1029 1034//1034 988//988
f 1035//1035 1034//1034 1029//1029 1028//1028
f 1036//1036 1037//1037 1038//1038 1039//1039
f 995//995 992//992 1038//1038 1037//1037
f 1033//1033 1038//1038 992//992 991//991
f 1039//1039 1038//1038 1033//1033 1032//1032
f 1040//1040 1041//1041 1042//1042 1043//1043
f 999//999 996//996 1042//1042 1041//1041
f 1037//1037 1042//1042 996//996 995//995
f 1043//1043 1042//1042 1037//1037 1036//1036
f 1040//1040 1044//1044 1045//1045 1041//1041
f 1046//1046 1045//1045 1044//1044 1047//1047
f 1003//1003 1000//1000 1045//1045 1046//1046
f 1041//1041 1045//1045 1000//1000 999//999
f 1048//1048 1049//1049 1050//1050
f 1004//1004 1051//1051 1050//1050 1007//1007
f 1046//1046 1051//1051 1004//1004 1003//1003
f 1047//1047 1048//1048 1051//1051 1046//1046
f 1049//1049 1052//1052 1053//1053 1050//1050
f 1054//1054 1053//1053 1052//1052 1055//1055
f 1015//1015 1014//1014 1053//1053 1054//1054
f 1050//1050 1053//1053 1014//1014 1007//1007
f 1023//1023 1056//1056 1057//1057 1021//1021
f 1058//1058 1057//1057 1056//1056 1059//1059
f 1060//1060 1061//1061 1057//1057 1058//1058
f 1021//1021 1057//1057 1061//1061 1018//1018
f 1018//1018 1061//1061 1062//1062 1027//1027
f 1063//1063 1062//1062 1061//1061 1060//1060
f 1064//1064 1065//1065 1062//1062 1063//1063
f 1027//1027 1062//1062 1065//1065 1024//1024
f 1024//1024 1065//1065 1066//1066 1031//1031
f 1067//1067 1066//1066 1065//1065 1064//1064
f 1068//1068 1069//1069 1066//1066 1067//1067
f 1031//1031 1066//1066 1069//1069 1028//1028
f 1028//1028 1069//1069 1070//1070 1035//1035
f 1071//1071 1070//1070 1069//1069 1068//1068
f 1072//1072 1073//1073 1070//1070 1071//1071
f 1035//1035 1070//1070 1073//1073 1032//1032
f 1074//1074 1075//1075 1076//1076 1077//1077
f 1058//1058 1076//1076 1075//1075 1060//1060
f 1059//1059 1078//1078 1076//1076 1058//1058
f 1077//1077 1076//1076 1078//1078 1079//1079
f 1080//1080 1081//1081 1082//1082 1083//1083
f 1063//1063 1081//1081 1080//1080 1064//1064
f 1060//1060 1075//1075 1081//1081 1063//1063
f 1082//1082 1081//1081 1075//1075 1074//1074
f 1084//1084 1085//1085 1086//1086 1087//1087
f 1067//1067 1085//1085 1084//1084 1068//1068
f 1064//1064 1080//1080 1085//1085 1067//1067
f 1083//1083 1086//1086 1085//1085 1080//1080
f 1088//1088 1089//1089 1090//1090 1091//1091
f 1092//1092 1088//1088 1091//1091 1093//1093
f 1094//1094 1088//1088 1092//1092 1095//1095
f 1096//1096 1089//1089 1088//1088 1094//1094
f 1093//1093 1097//1097 1098//1098 1092//1092
f 1099//1099 1098//1098 1097//1097 1100//1100
f 1101//1101 1102//1102 1098//1098 1099//1099
f 1092//1092 1098//1098 1102//1102 1095//1095
f 1100//1100 1103//1103 1104//1104 1099//1099
f 1105//1105 1104//1104 1103//1103 1106//1106
f 1107//1107 1108//1108 1104//1104 1105//1105
f 1099//1099 1104//1104 1108//1108 1101//1101
f 1106//1106 1109//1109 1110//1110 1105//1105
f 1111//1111 1110//1110 1109//1109 1112//1112
f 1113//1113 1114//1114 1110//1110 1111//1111
f 1105//1105 1110//1110 1114//1114 1107//1107
f 1112//1112 1115//1115 1116//1116 1111//1111
f 1117//1117 1116//1116 1115//1115 1118//1118
f 1119//1119 1120//1120 1116//1116 1117//1117
f 1111//1111 1116//1116 1120//1120 1113//1113
f 1118//1118 1121//1121 1122//1122 1117//1117
f 1122//1122 1121//1121 1123//1123 1124//1124
f 1125//1125 1126//1126 1122//1122 1124//1124
f 1117//1117 1122//1122 1126//1126 1119//1119
f 1127//1127 1128//1128 1129//1129 1130//1130
f 1131//1131 1132//1132 1127//1127 1130//1130
f 1124//1124 1127//1127 1132//1132 1125//1125
f 1128//1128 1127//1127 1124//1124 1123//1123
f 1129//1129 1133//1133 1134//1134 1130//1130
f 1134//1134 1133//1133 1135//1135 1136//1136
f 1137//1137 1138//1138 1134//1134 1136//1136
f 1130//1130 1134//1134 1138//1138 1131//1131
f 1139//1139 1140//1140 1141//1141 1142//1142
f 1143//1143 1141//1141 1140//1140 1144//1144
f 1136//1136 1141//1141 1143//1143 1137//1137
f 1142//1142 1141//1141 1136//1136 1135//1135
f 1145//1145 1146//1146 1140//1140 1139//1139
f 1147//1147 1146//1146 1145//1145 1148//1148
f 1149//1149 1150//1150 1146//1146 1147//1147
f 1140//1140 1146//1146 1150//1150 1144//1144
f 1151//1151 1152//1152 1153//1153 1154//1154
f 1102//1102 1153//1153 1152//1152 1095//1095
f 1155//1155 1153//1153 1102//1102 1101//1101
f 1153//1153 1155//1155 1156//1156 1154//1154
f 1156//1156 1157//1157 1158//1158 1159//1159
f 1160//1160 1158//1158 1157//1157 1161//1161
f 1083//1083 1082//1082 1158//1158 1160//1160
f 1159//1159 1158//1158 1082//1082 1074//1074
f 1161//1161 1157//1157 1162//1162 1163//1163
f 1155//1155 1162//1162 1157//1157 1156//1156
f 1101//1101 1108//1108 1162//1162 1155//1155
f 1163//1163 1162//1162 1108//1108 1107//1107
f 1161//1161 1164//1164 1165//1165 1160//1160
f 1166//1166 1165//1165 1164//1164 1167//1167
f 1087//1087 1086//1086 1165//1165 1166//1166
f 1160//1160 1165//1165 1086//1086 1083//1083
f 1167//1167 1164//1164 1168//1168 1169//1169
f 1163//1163 1168//1168 1164//1164 1161//1161
f 1107//1107 1114//1114 1168//1168 1163//1163
f 1169//1169 1168//1168 1114//1114 1113//1113
f 1170//1170 1171//1171 1172//1172 1173//1173
f 1169//1169 1172//1172 1171//1171 1167//1167
f 1113//1113 1120//1120 1172//1172 1169//1169
f 1173//1173 1172//1172 1120//1120 1119//1119
f 1174//1174 1175//1175 1126//1126 1125//1125
f 1176//1176 1177//1177 1175//1175 1174//1174
f 1175//1175 1177//1177 1170//1170 1173//1173
f 1119//1119 1126//1126 1175//1175 1173//1173
f 1178//1178 1179//1179 1180//1180 1181//1181
f 1174//1174 1180//1180 1179//1179 1176//1176
f 1125//1125 1132//1132 1180//1180 1174//1174
f 1181//1181 1180//1180 1132//1132 1131//1131
f 1182//1182 1183//1183 1184//1184 1185//1185
f 1181//1181 1184//1184 1183//1183 1178//1178
f 1131//1131 1138//1138 1184//1184 1181//1181
f 1185//1185 1184//1184 1138//1138 1137//1137
f 1186//1186 1187//1187 1188//1188 1189//1189
f 1185//1185 1188//1188 1187//1187 1182//1182
f 1137//1137 1143//1143 1188//1188 1185//1185
f 1189//1189 1188//1188 1143//1143 1144//1144
f 1190//1190 1191//1191 1192//1192
f 1193//1193 1190//1190 1194//1194 1195//1195
f 1151//1151 1196//1196 1190//1190 1193//1193
f 1191//1191 1190//1190 1196//1196 1079//1079
f 1095//1095 1152//1152 1197//1197 1094//1094
f 1193//1193 1197//1197 1152//1152 1151//1151
f 1195//1195 1198//1198 1197//1197 1193//1193
f 1094//1094 1197//1197 1198//1198 1096//1096
f 1079//1079 1196//1196 1199//1199 1077//1077
f 1154//1154 1199//1199 1196//1196 1151//1151
f 1156//1156 1159//1159 1199//1199 1154//1154
f 1077//1077 1199//1199 1159//1159 1074//1074
f 395//395 1200//1200 1201//1201 391//391
f 1202//1202 1201//1201 1200//1200 1203//1203
f 19//19 389//389 1201//1201 1202//1202
f 391//391 1201//1201 389//389 388//388
f 1204//1204 1205//1205 1202//1202 1203//1203
f 51//51 1205//1205 1204//1204 52//52
f 21//21 20//20 1205//1205 51//51
f 1202//1202 1205//1205 20//20 19//19
f 585//585 584//584 1206//1206
f 1207//1207 1208//1208 1209//1209 1206//1206
f 395//395 394//394 1209//1209 1208//1208
f 585//585 1209//1209 394//394 393//393
f 1210//1210 1211//1211 1212//1212
f 1212//1212 598//598 597//597
f 52//52 1204//1204 1213//1213 597//597
f 1204//1204 1203//1203 1210//1210
f 1214//1214 1215//1215 1216//1216 1217//1217
f 1200//1200 1216//1216 1215//1215 1203//1203
f 395//395 1208//1208 1216//1216 1200//1200
f 1208//1208 1207//1207 1217//1217
f 1218//1218 1219//1219 1215//1215 1214//1214
f 1211//1211 1210//1210 1219//1219 1218//1218
f 1203//1203 1215//1215 1219//1219 1210//1210
f 584//584 590//590 1220//1220 1206//1206
f 1221//1221 1220//1220 590//590 589//589
f 1222//1222 1223//1223 1220//1220 1221//1221
f 1223//1223 1207//1207 1206//1206
f 1211//1211 1224//1224 1225//1225 1212//1212
f 1226//1226 1225//1225 1224//1224 1227//1227
f 605//605 612//612 1225//1225 1226//1226
f 1212//1212 1225//1225 612//612 598//598
f 1228//1228 1229//1229 1230//1230 1231//1231
f 1217//1217 1230//1230 1229//1229 1214//1214
f 1207//1207 1223//1223 1230//1230 1217//1217
f 1231//1231 1230//1230 1223//1223 1222//1222
f 1214//1214 1229//1229 1232//1232 1218//1218
f 1233//1233 1232//1232 1229//1229 1228//1228
f 1227//1227 1224//1224 1232//1232 1233//1233
f 1218//1218 1232//1232 1224//1224 1211//1211
f 1234//1234 604//604 605//605 1226//1226
f 1227//1227 1235//1235 1234//1234 1226//1226
f 1236//1236 1234//1234 1235//1235 1237//1237
f 604//604 1234//1234 1236//1236 595//595
f 1238//1238 1239//1239 1240//1240 1241//1241
f 1221//1221 1240//1240 1239//1239 1222//1222
f 589//589 586//586 1240//1240 1221//1221
f 1241//1241 1240//1240 586//586 580//580
f 1222//1222 1239//1239 1242//1242 1231//1231
f 1243//1243 1242//1242 1239//1239 1238//1238
f 1244//1244 1245//1245 1242//1242 1243//1243
f 1231//1231 1242//1242 1245//1245 1228//1228
f 1228//1228 1245//1245 1246//1246 1233//1233
f 1247//1247 1246//1246 1245//1245 1244//1244
f 1237//1237 1235//1235 1246//1246 1247//1247
f 1233//1233 1246//1246 1235//1235 1227//1227
f 435//435 1248//1248 1249//1249 578//578
f 1250//1250 1249//1249 1248//1248 1251//1251
f 1238//1238 1241//1241 1249//1249 1250//1250
f 1241//1241 580//580 578//578
f 1251//1251 1248//1248 1252//1252 1253//1253
f 438//438 1252//1252 1248//1248 435//435
f 433//433 1253//1253 1252//1252 438//438
f 1237//1237 1254//1254 1255//1255 1236//1236
f 1256//1256 1255//1255 1254//1254 1257//1257
f 594//594 1255//1255 1256//1256 343//343
f 1255//1255 594//594 595//595
f 1258//1258 1259//1259 1260//1260 1261//1261
f 1243//1243 1260//1260 1259//1259 1244//1244
f 1238//1238 1250//1250 1260//1260 1243//1243
f 1261//1261 1260//1260 1250//1250 1251//1251
f 1244//1244 1259//1259 1262//1262 1247//1247
f 1259//1259 1258//1258 1263//1263
f 1257//1257 1254//1254 1262//1262 1263//1263
f 1247//1247 1262//1262 1254//1254 1237//1237
f 433//433 431//431 1264//1264 1253//1253
f 1265//1265 1264//1264 431//431 432//432
f 1266//1266 1267//1267 1264//1264 1265//1265
f 1253//1253 1264//1264 1267//1267 1251//1251
f 1268//1268 1269//1269 1270//1270 1271//1271
f 339//339 1270//1270 1269//1269 336//336
f 343//343 1256//1256 1270//1270 339//339
f 1271//1271 1270//1270 1256//1256 1257//1257
f 1266//1266 1272//1272 1273//1273 1267//1267
f 1274//1274 1273//1273 1272//1272 1275//1275
f 1261//1261 1273//1273 1274//1274 1258//1258
f 1267//1267 1273//1273 1261//1261 1251//1251
f 1258//1258 1274//1274 1276//1276 1263//1263
f 1277//1277 1276//1276 1274//1274 1275//1275
f 1271//1271 1276//1276 1277//1277 1268//1268
f 1276//1276 1271//1271 1257//1257 1263//1263
f 1278//1278 1279//1279 1280//1280 1281//1281
f 1282//1282 1283//1283 1279//1279 1278//1278
f 432//432 428//428 1279//1279 1283//1283
f 1280//1280 1279//1279 428//428 427//427
f 1284//1284 1285//1285 1286//1286 1287//1287
f 977//977 1286//1286 1285//1285 974//974
f 336//336 1269//1269 1286//1286 977//977
f 1287//1287 1286//1286 1269//1269 1268//1268
f 432//432 1283//1283 1288//1288 1265//1265
f 1289//1289 1288//1288 1283//1283 1282//1282
f 1266//1266 1265//1265 1288//1288 1289//1289
f 1290//1290 1278//1278 1281//1281
f 1291//1291 1290//1290 1292//1292 1192//1192
f 1293//1293 1294//1294 1290//1290 1291//1291
f 1278//1278 1290//1290 1294//1294 1282//1282
f 1195//1195 1194//1194 1295//1295 1296//1296
f 1295//1295 1194//1194 1192//1192 1292//1292
f 1292//1292 1281//1281 1296//1296
f 1297//1297 1298//1298 1285//1285 1284//1284
f 1299//1299 1298//1298 1297//1297 1192//1192
f 1023//1023 1022//1022 1298//1298 1299//1299
f 974//974 1285//1285 1298//1298 1022//1022
f 1291//1291 1300//1300 1301//1301 1293//1293
f 1297//1297 1300//1300 1291//1291 1192//1192
f 1284//1284 1301//1301 1300//1300 1297//1297
f 1023//1023 1299//1299 1302//1302 1056//1056
f 1299//1299 1192//1192 1191//1191
f 1079//1079 1078//1078 1302//1302 1191//1191
f 1056//1056 1302//1302 1078//1078 1059//1059
f 1268//1268 1277//1277 1303//1303 1287//1287
f 1304//1304 1303//1303 1277//1277 1275//1275
f 1293//1293 1301//1301 1303//1303 1304//1304
f 1287//1287 1303//1303 1301//1301 1284//1284
f 1282//1282 1294//1294 1305//1305 1289//1289
f 1304//1304 1305//1305 1294//1294 1293//1293
f 1275//1275 1272//1272 1305//1305 1304//1304
f 1289//1289 1305//1305 1272//1272 1266//1266
f 1306//1306 1296//1296 1281//1281
f 1307//1307 1306//1306 1308//1308 1309//1309
f 1096//1096 1198//1198 1306//1306 1307//1307
f 1296//1296 1306//1306 1198//1198 1195//1195
f 1307//1307 1310//1310 1089//1089 1096//1096
f 1311//1311 1310//1310 1307//1307 1309//1309
f 1312//1312 1313//1313 1310//1310 1311//1311
f 1089//1089 1310//1310 1313//1313 1090//1090
f 1314//1314 1315//1315 1316//1316 1317//1317
f 1318//1318 1315//1315 1314//1314 1319//1319
f 405//405 401//401 1315//1315 1318//1318
f 400//400 1316//1316 1315//1315 401//401
f 1319//1319 1320//1320 1321//1321 1318//1318
f 1322//1322 1321//1321 1320//1320 1323//1323
f 412//412 409//409 1321//1321 1322//1322
f 1318//1318 1321//1321 409//409 405//405
f 418//418 415//415 1324//1324 1325//1325
f 1322//1322 1324//1324 415//415 412//412
f 1323//1323 1326//1326 1324//1324 1322//1322
f 1325//1325 1324//1324 1326//1326 1327//1327
f 424//424 421//421 1328//1328 430//430
f 1325//1325 1328//1328 421//421 418//418
f 1327//1327 1329//1329 1328//1328 1325//1325
f 430//430 1328//1328 1329//1329 427//427
f 427//427 1329//1329 1330//1330 1280//1280
f 1331//1331 1330//1330 1329//1329 1327//1327
f 1309//1309 1308//1308 1330//1330 1331//1331
f 1280//1280 1330//1330 1308//1308 1281//1281
f 1332//1332 1333//1333 1334//1334 1335//1335
f 1336//1336 1334//1334 1333//1333 1337//1337
f 1334//1334 1336//1336 1327//1327
f 1335//1335 1334//1334 1326//1326 1323//1323
f 1336//1336 1338//1338 1331//1331 1327//1327
f 1337//1337 1339//1339 1338//1338 1336//1336
f 1331//1331 1338//1338 1339//1339 1309//1309
f 1340//1340 1341//1341 1342//1342 1343//1343
f 1341//1341 1312//1312 1311//1311
f 1342//1342 1311//1311 1309//1309
f 1343//1343 1342//1342 1339//1339 1337//1337
f 1337//1337 1333//1333 1344//1344 1343//1343
f 1345//1345 1344//1344 1333//1333 1332//1332
f 1346//1346 1347//1347 1344//1344 1345//1345
f 1347//1347 1340//1340 1343//1343
f 1348//1348 1349//1349 1350//1350 1351//1351
f 1352//1352 1350//1350 1349//1349 1353//1353
f 874//874 873//873 1350//1350 1352//1352
f 1351//1351 1350//1350 873//873 872//872
f 1354//1354 1355//1355 1356//1356 1357//1357
f 1351//1351 1356//1356 1355//1355 1348//1348
f 872//872 945//945 1356//1356 1351//1351
f 1357//1357 1356//1356 945//945 944//944
f 944//944 955//955 1358//1358 1357//1357
f 1359//1359 1358//1358 955//955 954//954
f 1360//1360 1361//1361 1358//1358 1359//1359
f 1357//1357 1358//1358 1361//1361 1354//1354
f 954//954 952//952 1362//1362 1359//1359
f 1363//1363 1362//1362 952//952 953//953
f 1364//1364 1365//1365 1362//1362 1363//1363
f 1365//1365 1360//1360 1359//1359
f 953//953 967//967 1366//1366 1363//1363
f 1367//1367 1366//1366 967//967 966//966
f 1368//1368 1369//1369 1366//1366 1367//1367
f 1363//1363 1366//1366 1369//1369 1364//1364
f 1370//1370 1371//1371 1372//1372
f 1367//1367 1370//1370 1373//1373 1368//1368
f 966//966 972//972 1370//1370 1367//1367
f 1371//1371 1370//1370 972//972 965//965
f 964//964 1374//1374 1371//1371 965//965
f 838//838 1375//1375 1374//1374 964//964
f 1376//1376 1377//1377 1374//1374 1375//1375
f 1371//1371 1374//1374 1377//1377 1372//1372
f 1376//1376 1375//1375 1378//1378 1379//1379
f 1375//1375 838//838 837//837
f 841//841 1380//1380 1378//1378 837//837
f 1379//1379 1378//1378 1380//1380 1381//1381
f 849//849 1382//1382 1383//1383 848//848
f 1384//1384 1383//1383 1382//1382 1385//1385
f 1381//1381 1380//1380 1383//1383 1384//1384
f 848//848 1383//1383 1380//1380 841//841
f 849//849 855//855 1386//1386 1382//1382
f 1387//1387 1386//1386 855//855 854//854
f 1388//1388 1386//1386 1387//1387 1389//1389
f 1385//1385 1382//1382 1386//1386 1388//1388
f 862//862 1390//1390 1391//1391 863//863
f 1392//1392 1391//1391 1390//1390 1393//1393
f 1389//1389 1387//1387 1391//1391 1392//1392
f 854//854 863//863 1391//1391 1387//1387
f 1364//1364 1369//1369 1394//1394 1395//1395
f 1396//1396 1394//1394 1369//1369 1368//1368
f 1397//1397 1398//1398 1394//1394 1396//1396
f 1395//1395 1394//1394 1398//1398 1399//1399
f 1368//1368 1373//1373 1400//1400 1396//1396
f 1401//1401 1400//1400 1373//1373 1372//1372
f 1402//1402 1403//1403 1400//1400 1401//1401
f 1396//1396 1400//1400 1403//1403 1397//1397
f 1372//1372 1377//1377 1404//1404 1401//1401
f 1405//1405 1404//1404 1377//1377 1376//1376
f 1406//1406 1407//1407 1404//1404 1405//1405
f 1401//1401 1404//1404 1407//1407 1402//1402
f 1376//1376 1379//1379 1408//1408 1405//1405
f 1381//1381 1409//1409 1408//1408 1379//1379
f 1410//1410 1408//1408 1409//1409 1411//1411
f 1405//1405 1408//1408 1410//1410 1406//1406
f 1385//1385 1412//1412 1413//1413 1384//1384
f 1414//1414 1413//1413 1412//1412 1415//1415
f 1411//1411 1409//1409 1413//1413 1414//1414
f 1384//1384 1413//1413 1409//1409 1381//1381
f 1389//1389 1416//1416 1417//1417 1388//1388
f 1416//1416 1418//1418 1419//1419
f 1415//1415 1412//1412 1417//1417 1419//1419
f 1388//1388 1417//1417 1412//1412 1385//1385
f 1393//1393 1420//1420 1421//1421 1392//1392
f 1422//1422 1421//1421 1420//1420 1423//1423
f 1418//1418 1416//1416 1421//1421 1422//1422
f 1392//1392 1421//1421 1416//1416 1389//1389
f 773//773 770//770 1424//1424 788//788
f 1425//1425 1424//1424 770//770 769//769
f 1426//1426 1427//1427 1424//1424 1425//1425
f 788//788 1424//1424 1427//1427 791//791
f 792//792 1428//1428 1429//1429 796//796
f 1430//1430 1429//1429 1428//1428 1431//1431
f 1432//1432 1433//1433 1429//1429 1430//1430
f 796//796 1429//1429 1433//1433 797//797
f 1434//1434 1435//1435 1436//1436 1437//1437
f 1436//1436 1435//1435 1431//1431 1428//1428
f 790//790 1436//1436 1428//1428 792//792
f 1437//1437 1436//1436 790//790 791//791
f 766//766 765//765 1438//1438
f 1439//1439 1438//1438 1440//1440
f 1425//1425 1439//1439 1441//1441 1426//1426
f 769//769 766//766 1439//1439 1425//1425
f 1442//1442 1443//1443 1444//1444 1445//1445
f 1434//1434 1437//1437 1444//1444 1443//1443
f 791//791 1427//1427 1444//1444 1437//1437
f 1445//1445 1444//1444 1427//1427 1426//1426
f 1446//1446 1447//1447 1448//1448 1449//1449
f 1431//1431 1435//1435 1448//1448 1447//1447
f 1443//1443 1448//1448 1435//1435 1434//1434
f 1449//1449 1448//1448 1443//1443 1442//1442
f 1431//1431 1447//1447 1450//1450 1430//1430
f 1446//1446 1451//1451 1450//1450 1447//1447
f 1452//1452 1450//1450 1451//1451 1453//1453
f 1452//1452 1432//1432 1430//1430
f 799//799 1454//1454 1455//1455 824//824
f 1456//1456 1455//1455 1454//1454 1457//1457
f 1455//1455 1456//1456 1458//1458
f 1459//1459 822//822 824//824
f 1460//1460 1459//1459 1458//1458
f 1461//1461 1462//1462 1463//1463
f 860//860 859//859 1460//1460 1463//1463
f 859//859 822//822 1459//1459
f 1464//1464 1463//1463 1462//1462
f 1465//1465 1464//1464 1466//1466 1467//1467
f 862//862 865//865 1464//1464 1465//1465
f 1463//1463 1464//1464 865//865 860//860
f 1467//1467 1468//1468 1469//1469 1465//1465
f 1470//1470 1469//1469 1468//1468 1471//1471
f 1393//1393 1390//1390 1469//1469 1470//1470
f 1465//1465 1469//1469 1390//1390 862//862
f 1420//1420 1393//1393 1470//1470
f 1471//1471 1472//1472 1473//1473 1470//1470
f 1474//1474 1475//1475 1473//1473 1472//1472
f 1420//1420 1473//1473 1475//1475 1423//1423
f 1471//1471 1476//1476 1477//1477 1472//1472
f 1477//1477 1476//1476 1478//1478
f 1477//1477 1479//1479 1480//1480 1481//1481
f 1472//1472 1477//1477 1481//1481 1474//1474
f 1482//1482 1483//1483 1478//1478
f 1471//1471 1468//1468 1482//1482 1476//1476
f 1484//1484 1482//1482 1468//1468 1467//1467
f 1485//1485 1483//1483 1482//1482 1484//1484
f 1485//1485 1486//1486 1487//1487 1483//1483
f 1488//1488 1487//1487 1486//1486 1489//1489
f 1480//1480 1479//1479 1487//1487 1488//1488
f 1483//1483 1487//1487 1479//1479 1478//1478
f 1467//1467 1466//1466 1490//1490 1484//1484
f 1491//1491 1490//1490 1466//1466 1462//1462
f 1492//1492 1493//1493 1490//1490 1491//1491
f 1484//1484 1490//1490 1493//1493 1485//1485
f 1480//1480 1494//1494 1495//1495 1481//1481
f 1496//1496 1495//1495 1494//1494 1497//1497
f 1474//1474 1481//1481 1495//1495 1496//1496
f 1492//1492 1498//1498 1499//1499 1493//1493
f 1500//1500 1499//1499 1498//1498 1501//1501
f 1489//1489 1486//1486 1499//1499 1500//1500
f 1493//1493 1499//1499 1486//1486 1485//1485
f 1489//1489 1500//1500 1502//1502 1488//1488
f 1501//1501 1503//1503 1502//1502 1500//1500
f 1497//1497 1494//1494 1502//1502 1503//1503
f 1488//1488 1502//1502 1494//1494 1480//1480
f 197//197 219//219 1504//1504 195//195
f 1505//1505 1504//1504 219//219 218//218
f 1506//1506 1507//1507 1504//1504 1505//1505
f 195//195 1504//1504 1507//1507 76//76
f 217//217 229//229 1508//1508 216//216
f 1509//1509 1508//1508 229//229 228//228
f 1510//1510 1511//1511 1508//1508 1509//1509
f 216//216 1508//1508 1511//1511 218//218
f 1512//1512 1513//1513 1514//1514 1515//1515
f 1509//1509 1514//1514 1513//1513 1510//1510
f 228//228 231//231 1514//1514 1509//1509
f 1515//1515 1514//1514 231//231 230//230
f 81//81 77//77 1516//1516 1517//1517
f 1507//1507 1516//1516 77//77 76//76
f 1518//1518 1516//1516 1507//1507 1506//1506
f 1517//1517 1516//1516 1518//1518 1519//1519
f 218//218 1511//1511 1520//1520 1505//1505
f 1521//1521 1520//1520 1511//1511 1510//1510
f 1522//1522 1523//1523 1520//1520 1521//1521
f 1505//1505 1520//1520 1523//1523 1506//1506
f 1510//1510 1513//1513 1524//1524 1521//1521
f 1525//1525 1524//1524 1513//1513 1512//1512
f 1526//1526 1527//1527 1524//1524 1525//1525
f 1521//1521 1524//1524 1527//1527 1522//1522
f 1519//1519 1518//1518 1528//1528 1529//1529
f 1523//1523 1528//1528 1518//1518 1506//1506
f 1522//1522 1530//1530 1528//1528 1523//1523
f 1529//1529 1528//1528 1530//1530 1531//1531
f 1519//1519 1532//1532 1533//1533 1517//1517
f 1534//1534 1533//1533 1532//1532 1535//1535
f 117//117 115//115 1533//1533 1534//1534
f 1517//1517 1533//1533 115//115 81//81
f 1526//1526 1536//1536 1537//1537 1527//1527
f 1538//1538 1537//1537 1536//1536 1539//1539
f 1531//1531 1530//1530 1537//1537 1538//1538
f 1527//1527 1537//1537 1530//1530 1522//1522
f 723//723 1540//1540 1541//1541 724//724
f 1534//1534 1540//1540 723//723 117//117
f 1535//1535 1542//1542 1540//1540 1534//1534
f 1541//1541 1540//1540 1542//1542 1543//1543
f 1531//1531 1544//1544 1545//1545 1529//1529
f 1546//1546 1545//1545 1544//1544 1547//1547
f 1535//1535 1532//1532 1545//1545 1546//1546
f 1529//1529 1545//1545 1532//1532 1519//1519
f 1539//1539 1548//1548 1549//1549 1538//1538
f 1550//1550 1549//1549 1548//1548 1551//1551
f 1547//1547 1544//1544 1549//1549 1550//1550
f 1538//1538 1549//1549 1544//1544 1531//1531
f 731//731 730//730 1552//1552 1553//1553
f 1541//1541 1552//1552 730//730 724//724
f 1543//1543 1554//1554 1552//1552 1541//1541
f 1555//1555 1553//1553 1552//1552 1554//1554
f 1547//1547 1556//1556 1557//1557 1546//1546
f 1558//1558 1557//1557 1556//1556 1559//1559
f 1543//1543 1542//1542 1557//1557 1558//1558
f 1546//1546 1557//1557 1542//1542 1535//1535
f 1559//1559 1556//1556 1560//1560 1561//1561
f 1550//1550 1560//1560 1556//1556 1547//1547
f 1551//1551 1562//1562 1560//1560 1550//1550
f 1561//1561 1560//1560 1562//1562 1563//1563
f 1564//1564 1553//1553 1555//1555
f 1565//1565 1564//1564 1566//1566 1567//1567
f 735//735 734//734 1564//1564 1565//1565
f 1553//1553 1564//1564 734//734 731//731
f 1568//1568 1554//1554 1543//1543
f 1559//1559 1569//1569 1568//1568 1558//1558
f 1570//1570 1571//1571 1568//1568 1569//1569
f 1554//1554 1568//1568 1571//1571 1555//1555
f 1563//1563 1572//1572 1573//1573 1561//1561
f 1572//1572 1574//1574 1575//1575
f 1573//1573 1575//1575 1570//1570
f 1561//1561 1573//1573 1569//1569 1559//1559
f 1570//1570 1576//1576 1577//1577 1571//1571
f 1578//1578 1577//1577 1576//1576 1579//1579
f 1567//1567 1566//1566 1577//1577 1578//1578
f 1571//1571 1577//1577 1566//1566 1555//1555
f 1580//1580 1575//1575 1574//1574
f 1581//1581 1580//1580 1582//1582 1583//1583
f 1579//1579 1576//1576 1580//1580 1581//1581
f 1575//1575 1580//1580 1576//1576 1570//1570
f 1584//1584 502//502 501//501
f 1585//1585 1584//1584 1586//1586 1587//1587
f 1584//1584 1585//1585 1588//1588
f 1589//1589 492//492 502//502
f 1589//1589 1588//1588 1590//1590
f 1591//1591 1590//1590 1592//1592
f 495//495 494//494 1591//1591 1593//1593
f 1589//1589 1591//1591 494//494 492//492
f 1588//1588 1594//1594 1595//1595 1590//1590
f 1596//1596 1595//1595 1594//1594 1597//1597
f 1598//1598 1599//1599 1595//1595 1596//1596
f 1590//1590 1595//1595 1599//1599 1592//1592
f 495//495 1593//1593 1600//1600 518//518
f 1601//1601 1600//1600 1593//1593 1592//1592
f 1602//1602 1603//1603 1600//1600 1601//1601
f 518//518 1600//1600 1603//1603 515//515
f 1602//1602 1604//1604 1605//1605 1603//1603
f 530//530 1605//1605 1604//1604 527//527
f 515//515 1603//1603 1605//1605 530//530
f 1592//1592 1599//1599 1606//1606 1601//1601
f 1607//1607 1606//1606 1599//1599 1598//1598
f 1608//1608 1609//1609 1606//1606 1607//1607
f 1601//1601 1606//1606 1609//1609 1602//1602
f 1610//1610 1611//1611 1612//1612 1613//1613
f 534//534 1612//1612 1611//1611 526//526
f 527//527 1604//1604 1612//1612 534//534
f 1613//1613 1612//1612 1604//1604 1602//1602
f 1602//1602 1609//1609 1614//1614 1613//1613
f 1615//1615 1614//1614 1609//1609 1608//1608
f 1616//1616 1617//1617 1614//1614 1615//1615
f 1617//1617 1610//1610 1613//1613
f 1610//1610 1618//1618 1619//1619 1611//1611
f 1620//1620 1619//1619 1618//1618 1621//1621
f 408//408 522//522 1619//1619 1620//1620
f 526//526 1611//1611 1619//1619 522//522
f 1622//1622 1623//1623 1624//1624 1625//1625
f 1626//1626 1624//1624 1623//1623 1597//1597
f 1627//1627 1628//1628 1624//1624 1626//1626
f 1625//1625 1624//1624 1628//1628 1629//1629
f 1630//1630 1631//1631 1632//1632 1633//1633
f 1596//1596 1632//1632 1631//1631 1598//1598
f 1597//1597 1623//1623 1632//1632 1596//1596
f 1633//1633 1632//1632 1623//1623 1622//1622
f 1634//1634 1635//1635 1636//1636 1637//1637
f 1607//1607 1636//1636 1635//1635 1608//1608
f 1598//1598 1631//1631 1636//1636 1607//1607
f 1637//1637 1636//1636 1631//1631 1630//1630
f 1638//1638 1639//1639 1640//1640 1641//1641
f 1616//1616 1615//1615 1639//1639 1638//1638
f 1608//1608 1635//1635 1639//1639 1615//1615
f 1639//1639 1635//1635 1634//1634 1640//1640
f 1629//1629 1642//1642 1643//1643 1625//1625
f 1644//1644 1643//1643 1642//1642 1645//1645
f 1646//1646 1647//1647 1643//1643 1644//1644
f 1625//1625 1643//1643 1647//1647 1622//1622
f 1622//1622 1647//1647 1648//1648 1633//1633
f 1649//1649 1648//1648 1647//1647 1646//1646
f 1650//1650 1651//1651 1648//1648 1649//1649
f 1633//1633 1648//1648 1651//1651 1630//1630
f 1630//1630 1651//1651 1652//1652 1637//1637
f 1650//1650 1653//1653 1652//1652 1651//1651
f 1654//1654 1655//1655 1652//1652 1653//1653
f 1634//1634 1637//1637 1652//1652 1655//1655
f 1641//1641 1640//1640 1656//1656 1657//1657
f 1634//1634 1655//1655 1656//1656 1640//1640
f 1654//1654 1658//1658 1656//1656 1655//1655
f 1656//1656 1658//1658 1659//1659 1657//1657
f 1659//1659 1660//1660 1661//1661 1657//1657
f 1660//1660 1662//1662 1663//1663
f 1664//1664 1665//1665 1661//1661 1663//1663
f 1657//1657 1661//1661 1665//1665 1641//1641
f 1666//1666 1663//1663 1662//1662
f 1667//1667 1666//1666 1668//1668 1669//1669
f 1666//1666 1667//1667 1670//1670
f 1671//1671 1664//1664 1663//1663
f 1672//1672 1673//1673 1674//1674 1675//1675
f 1667//1667 1674//1674 1673//1673 1670//1670
f 1669//1669 1676//1676 1674//1674 1667//1667
f 1674//1674 1676//1676 1677//1677 1675//1675
f 1677//1677 1678//1678 1679//1679 1675//1675
f 1680//1680 1679//1679 1678//1678 1681//1681
f 1682//1682 1683//1683 1679//1679 1680//1680
f 1675//1675 1679//1679 1683//1683 1672//1672
f 1684//1684 1685//1685 1686//1686
f 1687//1687 1688//1688 1684//1684 1689//1689
f 1680//1680 1684//1684 1688//1688 1682//1682
f 1681//1681 1685//1685 1684//1684 1680//1680
f 1690//1690 1691//1691 1687//1687
f 1689//1689 1686//1686 1692//1692
f 1693//1693 1694//1694 1690//1690 1692//1692
f 1691//1691 1690//1690 1694//1694 1695//1695
f 1694//1694 1696//1696 1697//1697 1695//1695
f 1698//1698 1696//1696 1694//1694 1693//1693
f 1699//1699 1696//1696 1698//1698 1700//1700
f 1701//1701 1697//1697 1696//1696 1699//1699
f 1700//1700 1702//1702 1703//1703 1699//1699
f 1704//1704 1703//1703 1702//1702 1705//1705
f 1706//1706 1707//1707 1703//1703 1704//1704
f 1699//1699 1703//1703 1707//1707 1701//1701
f 1704//1704 1708//1708 1709//1709 1706//1706
f 1705//1705 1710//1710 1708//1708 1704//1704
f 1645//1645 1642//1642 1708//1708 1710//1710
f 1709//1709 1708//1708 1642//1642 1629//1629
f 1711//1711 1712//1712 1713//1713
f 1711//1711 1714//1714 1715//1715 1716//1716
f 1669//1669 1668//1668 1711//1711 1716//1716
f 1668//1668 1662//1662 1712//1712
f 1669//1669 1716//1716 1717//1717 1676//1676
f 1718//1718 1717//1717 1716//1716 1715//1715
f 1719//1719 1720//1720 1717//1717 1718//1718
f 1676//1676 1717//1717 1720//1720 1677//1677
f 1719//1719 1721//1721 1722//1722 1720//1720
f 1722//1722 1721//1721 1723//1723 1724//1724
f 1681//1681 1678//1678 1722//1722 1724//1724
f 1720//1720 1722//1722 1678//1678 1677//1677
f 1681//1681 1724//1724 1725//1725 1685//1685
f 1726//1726 1725//1725 1724//1724 1723//1723
f 1727//1727 1728//1728 1725//1725 1726//1726
f 1685//1685 1725//1725 1728//1728 1686//1686
f 1686//1686 1728//1728 1729//1729 1692//1692
f 1730//1730 1729//1729 1728//1728 1727//1727
f 1731//1731 1732//1732 1729//1729 1730//1730
f 1692//1692 1729//1729 1732//1732 1693//1693
f 1693//1693 1732//1732 1733//1733 1698//1698
f 1734//1734 1733//1733 1732//1732 1731//1731
f 1735//1735 1736//1736 1733//1733 1734//1734
f 1698//1698 1733//1733 1736//1736 1700//1700
f 1737//1737 1738//1738 1710//1710 1705//1705
f 1739//1739 1740//1740 1738//1738 1737//1737
f 1741//1741 1742//1742 1738//1738 1740//1740
f 1710//1710 1738//1738 1742//1742 1645//1645
f 1735//1735 1743//1743 1744//1744 1736//1736
f 1737//1737 1744//1744 1743//1743 1739//1739
f 1705//1705 1702//1702 1744//1744 1737//1737
f 1736//1736 1744//1744 1702//1702 1700//1700
f 1715//1715 1745//1745 1746//1746 1718//1718
f 1747//1747 1748//1748 1746//1746
f 1749//1749 1746//1746 1748//1748 1750//1750
f 1718//1718 1746//1746 1749//1749 1719//1719
f 1750//1750 1751//1751 1752//1752 1749//1749
f 1751//1751 1753//1753 1754//1754
f 1723//1723 1721//1721 1752//1752 1754//1754
f 1749//1749 1752//1752 1721//1721 1719//1719
f 1723//1723 1754//1754 1755//1755 1726//1726
f 1756//1756 1755//1755 1754//1754 1753//1753
f 1757//1757 1758//1758 1755//1755 1756//1756
f 1726//1726 1755//1755 1758//1758 1727//1727
f 1727//1727 1758//1758 1759//1759 1730//1730
f 1760//1760 1759//1759 1758//1758 1757//1757
f 1761//1761 1762//1762 1759//1759 1760//1760
f 1730//1730 1759//1759 1762//1762 1731//1731
f 1731//1731 1762//1762 1763//1763 1734//1734
f 1764//1764 1763//1763 1762//1762 1761//1761
f 1765//1765 1766//1766 1763//1763 1764//1764
f 1734//1734 1763//1763 1766//1766 1735//1735
f 1765//1765 1767//1767 1768//1768 1766//1766
f 1769//1769 1768//1768 1767//1767 1770//1770
f 1739//1739 1743//1743 1768//1768 1769//1769
f 1766//1766 1768//1768 1743//1743 1735//1735
f 1646//1646 1771//1771 1772//1772 1649//1649
f 1773//1773 1774//1774 1772//1772 1771//1771
f 1775//1775 1776//1776 1772//1772 1774//1774
f 1650//1650 1649//1649 1772//1772 1776//1776
f 1777//1777 1778//1778 1779//1779 1780//1780
f 1770//1770 1767//1767 1779//1779 1778//1778
f 1779//1779 1767//1767 1765//1765 1780//1780
f 1777//1777 1781//1781 1782//1782 1783//1783
f 1757//1757 1756//1756 1782//1782 1781//1781
f 1753//1753 1783//1783 1782//1782 1756//1756
f 1775//1775 1784//1784 1785//1785 1776//1776
f 1786//1786 1787//1787 1785//1785 1784//1784
f 1654//1654 1653//1653 1785//1785 1787//1787
f 1650//1650 1776//1776 1785//1785 1653//1653
f 1788//1788 1789//1789 1790//1790 1777//1777
f 1750//1750 1748//1748 1789//1789 1788//1788
f 1747//1747 1790//1790 1789//1789 1748//1748
f 1788//1788 1777//1777 1783//1783
f 1753//1753 1751//1751 1791//1791 1783//1783
f 1750//1750 1788//1788 1791//1791 1751//1751
f 1777//1777 1792//1792 1793//1793 1781//1781
f 1761//1761 1760//1760 1793//1793 1792//1792
f 1757//1757 1781//1781 1793//1793 1760//1760
f 1777//1777 1780//1780 1794//1794 1792//1792
f 1765//1765 1764//1764 1794//1794 1780//1780
f 1761//1761 1792//1792 1794//1794 1764//1764
f 1795//1795 1796//1796 1769//1769 1770//1770
f 1797//1797 1798//1798 1796//1796 1795//1795
f 1740//1740 1796//1796 1798//1798 1741//1741
f 1769//1769 1796//1796 1740//1740 1739//1739
f 1777//1777 1799//1799 1800//1800 1778//1778
f 1797//1797 1795//1795 1800//1800 1799//1799
f 1770//1770 1778//1778 1800//1800 1795//1795
f 1801//1801 1802//1802 1803//1803 1804//1804
f 1801//1801 1777//1777 1790//1790
f 1747//1747 1803//1803 1802//1802 1790//1790
f 1645//1645 1742//1742 1805//1805 1644//1644
f 1806//1806 1805//1805 1742//1742 1741//1741
f 1773//1773 1771//1771 1805//1805 1806//1806
f 1644//1644 1805//1805 1771//1771 1646//1646
f 1807//1807 1808//1808 1774//1774 1773//1773
f 1809//1809 1810//1810 1808//1808 1807//1807
f 1786//1786 1784//1784 1808//1808 1810//1810
f 1775//1775 1774//1774 1808//1808 1784//1784
f 1809//1809 1807//1807 1811//1811 1812//1812
f 1806//1806 1811//1811 1807//1807 1773//1773
f 1741//1741 1798//1798 1811//1811 1806//1806
f 1812//1812 1811//1811 1798//1798 1797//1797
f 1786//1786 1813//1813 1814//1814 1787//1787
f 1815//1815 1814//1814 1813//1813 1816//1816
f 1658//1658 1814//1814 1815//1815 1659//1659
f 1654//1654 1787//1787 1814//1814 1658//1658
f 1816//1816 1817//1817 1818//1818 1815//1815
f 1712//1712 1818//1818 1817//1817 1713//1713
f 1818//1818 1712//1712 1662//1662
f 1815//1815 1818//1818 1660//1660 1659//1659
f 1809//1809 1819//1819 1820//1820 1810//1810
f 1821//1821 1820//1820 1819//1819 1804//1804
f 1816//1816 1813//1813 1820//1820 1821//1821
f 1820//1820 1813//1813 1786//1786 1810//1810
f 1821//1821 1822//1822 1817//1817 1816//1816
f 1804//1804 1823//1823 1822//1822 1821//1821
f 1713//1713 1817//1817 1822//1822 1823//1823
f 1823//1823 1804//1804 1803//1803
f 1803//1803 1747//1747 1745//1745
f 1714//1714 1824//1824 1745//1745 1715//1715
f 1714//1714 1713//1713 1823//1823
f 1804//1804 1819//1819 1825//1825 1801//1801
f 1812//1812 1825//1825 1819//1819 1809//1809
f 1797//1797 1799//1799 1825//1825 1812//1812
f 1801//1801 1825//1825 1799//1799 1777//1777
f 1587//1587 1826//1826 1827//1827 1585//1585
f 1626//1626 1827//1827 1826//1826 1627//1627
f 1597//1597 1594//1594 1827//1827 1626//1626
f 1585//1585 1827//1827 1594//1594 1588//1588
f 1629//1629 1628//1628 1828//1828 1709//1709
f 1829//1829 1828//1828 1628//1628 1627//1627
f 1830//1830 1828//1828 1829//1829 1831//1831
f 1706//1706 1709//1709 1828//1828 1830//1830
f 1831//1831 1832//1832 1833//1833 1830//1830
f 1834//1834 1833//1833 1832//1832 1835//1835
f 1701//1701 1707//1707 1833//1833 1834//1834
f 1830//1830 1833//1833 1707//1707 1706//1706
f 1835//1835 1836//1836 1837//1837 1834//1834
f 1838//1838 1837//1837 1836//1836 1839//1839
f 1695//1695 1697//1697 1837//1837 1838//1838
f 1834//1834 1837//1837 1697//1697 1701//1701
f 1840//1840 1841//1841 1838//1838 1839//1839
f 1842//1842 1841//1841 1840//1840 1843//1843
f 1841//1841 1842//1842 1687//1687
f 1838//1838 1841//1841 1691//1691 1695//1695
f 1844//1844 1845//1845 1846//1846 1847//1847
f 1840//1840 1845//1845 1844//1844 1843//1843
f 1848//1848 1845//1845 1840//1840 1839//1839
f 1846//1846 1845//1845 1848//1848 1849//1849
f 1842//1842 1850//1850 1688//1688 1687//1687
f 1851//1851 1850//1850 1842//1842 1843//1843
f 1852//1852 1850//1850 1851//1851 1853//1853
f 1850//1850 1852//1852 1682//1682
f 1853//1853 1854//1854 1855//1855 1852//1852
f 1856//1856 1855//1855 1854//1854 1857//1857
f 1672//1672 1683//1683 1855//1855 1856//1856
f 1852//1852 1855//1855 1683//1683 1682//1682
f 1857//1857 1858//1858 1859//1859 1856//1856
f 1860//1860 1859//1859 1858//1858 1861//1861
f 1670//1670 1673//1673 1859//1859 1860//1860
f 1856//1856 1859//1859 1673//1673 1672//1672
f 1641//1641 1665//1665 1862//1862 1638//1638
f 1863//1863 1862//1862 1665//1665 1664//1664
f 1864//1864 1865//1865 1862//1862 1863//1863
f 1638//1638 1862//1862 1865//1865 1616//1616
f 1621//1621 1618//1618 1866//1866 1867//1867
f 1617//1617 1866//1866 1618//1618 1610//1610
f 1616//1616 1865//1865 1866//1866 1617//1617
f 1867//1867 1866//1866 1865//1865 1864//1864
f 1861//1861 1868//1868 1869//1869 1860//1860
f 1863//1863 1869//1869 1868//1868 1864//1864
f 1664//1664 1671//1671 1869//1869 1863//1863
f 1860//1860 1869//1869 1671//1671 1670//1670
f 400//400 403//403 1870//1870 1871//1871
f 1620//1620 1870//1870 403//403 408//408
f 1621//1621 1872//1872 1870//1870 1620//1620
f 1871//1871 1870//1870 1872//1872 1873//1873
f 1864//1864 1874//1874 1875//1875 1867//1867
f 1876//1876 1875//1875 1874//1874 1877//1877
f 1873//1873 1872//1872 1875//1875 1876//1876
f 1867//1867 1875//1875 1872//1872 1621//1621
f 1873//1873 1878//1878 1879//1879 1871//1871
f 1880//1880 1879//1879 1878//1878 1881//1881
f 1317//1317 1316//1316 1879//1879 1880//1880
f 1871//1871 1879//1879 1316//1316 400//400
f 1877//1877 1882//1882 1883//1883 1876//1876
f 1884//1884 1883//1883 1882//1882 1885//1885
f 1881//1881 1878//1878 1883//1883 1884//1884
f 1876//1876 1883//1883 1878//1878 1873//1873
f 1861//1861 1886//1886 1887//1887 1868//1868
f 1882//1882 1887//1887 1886//1886 1885//1885
f 1877//1877 1874//1874 1887//1887 1882//1882
f 1868//1868 1887//1887 1874//1874 1864//1864
f 1888//1888 1886//1886 1861//1861 1858//1858
f 1889//1889 1888//1888 1858//1858 1857//1857
f 1888//1888 1889//1889 1890//1890
f 1886//1886 1888//1888 1891//1891 1885//1885
f 1892//1892 1893//1893 1894//1894
f 1895//1895 1890//1890 1889//1889
f 1857//1857 1854//1854 1892//1892 1889//1889
f 1854//1854 1853//1853 1893//1893
f 1896//1896 1897//1897 1851//1851 1843//1843
f 1898//1898 1897//1897 1896//1896 1899//1899
f 1893//1893 1897//1897 1898//1898 1894//1894
f 1897//1897 1893//1893 1853//1853
f 1896//1896 1900//1900 1901//1901 1899//1899
f 1843//1843 1844//1844 1900//1900 1896//1896
f 1847//1847 1901//1901 1900//1900 1844//1844
f 1894//1894 1898//1898 1902//1902 1903//1903
f 1904//1904 1902//1902 1898//1898 1899//1899
f 1905//1905 1906//1906 1902//1902 1904//1904
f 1903//1903 1902//1902 1906//1906 1907//1907
f 1907//1907 1908//1908 1909//1909 1903//1903
f 1910//1910 1909//1909 1908//1908 1911//1911
f 1890//1890 1895//1895 1909//1909 1910//1910
f 1903//1903 1909//1909 1895//1895 1894//1894
f 1907//1907 1906//1906 1912//1912 1908//1908
f 1913//1913 1912//1912 1906//1906 1905//1905
f 1912//1912 1913//1913 1914//1914 1915//1915
f 1908//1908 1912//1912 1915//1915 1911//1911
f 1891//1891 1890//1890 1910//1910
f 1911//1911 1916//1916 1917//1917 1910//1910
f 1916//1916 1918//1918 1919//1919
f 1919//1919 1885//1885 1891//1891
f 1914//1914 1920//1920 1921//1921 1915//1915
f 1922//1922 1921//1921 1920//1920 1923//1923
f 1924//1924 1925//1925 1921//1921 1922//1922
f 1915//1915 1921//1921 1925//1925 1911//1911
f 1922//1922 1926//1926 1927//1927 1924//1924
f 1923//1923 1928//1928 1926//1926 1922//1922
f 1929//1929 1926//1926 1928//1928
f 1929//1929 1930//1930 1927//1927
f 1924//1924 1927//1927 1931//1931 1932//1932
f 1933//1933 1931//1931 1927//1927 1930//1930
f 1934//1934 1935//1935 1931//1931 1933//1933
f 1932//1932 1931//1931 1935//1935 1936//1936
f 1924//1924 1932//1932 1937//1937 1925//1925
f 1932//1932 1936//1936 1938//1938
f 1937//1937 1938//1938 1918//1918
f 1925//1925 1937//1937 1916//1916 1911//1911
f 1935//1935 1939//1939 1940//1940 1936//1936
f 1941//1941 1939//1939 1935//1935
f 1942//1942 1939//1939 1941//1941
f 1943//1943 1940//1940 1939//1939 1942//1942
f 1944//1944 1945//1945 1940//1940 1943//1943
f 1946//1946 1945//1945 1944//1944 1947//1947
f 1948//1948 1949//1949 1945//1945 1946//1946
f 1940//1940 1945//1945 1949//1949 1936//1936
f 1950//1950 1951//1951 1952//1952 1953//1953
f 1954//1954 1952//1952 1951//1951 1955//1955
f 1952//1952 1954//1954 1346//1346
f 1952//1952 1345//1345 1332//1332 1953//1953
f 1956//1956 1957//1957 1958//1958 1959//1959
f 1960//1960 1958//1958 1957//1957 1961//1961
f 1962//1962 1963//1963 1958//1958 1960//1960
f 1958//1958 1963//1963 1955//1955
f 1950//1950 1964//1964 1965//1965 1951//1951
f 1966//1966 1965//1965 1964//1964 1967//1967
f 1956//1956 1959//1959 1965//1965 1966//1966
f 1951//1951 1965//1965 1959//1959 1955//1955
f 1950//1950 1953//1953 1968//1968 1964//1964
f 1953//1953 1332//1332 1335//1335
f 1969//1969 1968//1968 1335//1335 1323//1323
f 1967//1967 1964//1964 1968//1968 1969//1969
f 1956//1956 1966//1966 1970//1970 1957//1957
f 1971//1971 1970//1970 1966//1966 1967//1967
f 1972//1972 1973//1973 1970//1970 1971//1971
f 1961//1961 1957//1957 1970//1970 1973//1973
f 1974//1974 1975//1975 1976//1976 1977//1977
f 1969//1969 1976//1976 1975//1975 1967//1967
f 1323//1323 1320//1320 1976//1976 1969//1969
f 1977//1977 1976//1976 1320//1320 1319//1319
f 1978//1978 1979//1979 1980//1980 1981//1981
f 1982//1982 1979//1979 1978//1978 1983//1983
f 1960//1960 1979//1979 1982//1982 1962//1962
f 1961//1961 1980//1980 1979//1979 1960//1960
f 1984//1984 1985//1985 1986//1986 1987//1987
f 1971//1971 1986//1986 1985//1985 1972//1972
f 1967//1967 1975//1975 1986//1986 1971//1971
f 1987//1987 1986//1986 1975//1975 1974//1974
f 1972//1972 1985//1985 1988//1988 1973//1973
f 1989//1989 1988//1988 1985//1985 1984//1984
f 1981//1981 1980//1980 1988//1988 1989//1989
f 1973//1973 1988//1988 1980//1980 1961//1961
f 1990//1990 1991//1991 1992//1992 1993//1993
f 1994//1994 1992//1992 1991//1991 1995//1995
f 1983//1983 1978//1978 1992//1992 1994//1994
f 1993//1993 1992//1992 1978//1978 1981//1981
f 1996//1996 1997//1997 1998//1998 1999//1999
f 1977//1977 1998//1998 1997//1997 1974//1974
f 1319//1319 1314//1314 1998//1998 1977//1977
f 1314//1314 1317//1317 1999//1999
f 1995//1995 1991//1991 2000//2000 2001//2001
f 2002//2002 2000//2000 1991//1991 1990//1990
f 2000//2000 2002//2002 1948//1948 1946//1946
f 2001//2001 2000//2000 1946//1946 1947//1947
f 2003//2003 1919//1919 1918//1918
f 2004//2004 2003//2003 2005//2005 2006//2006
f 1884//1884 2003//2003 2004//2004 1881//1881
f 1885//1885 1919//1919 2003//2003 1884//1884
f 2007//2007 2008//2008 2009//2009 2010//2010
f 1987//1987 2009//2009 2008//2008 1984//1984
f 1974//1974 1997//1997 2009//2009 1987//1987
f 2010//2010 2009//2009 1997//1997 1996//1996
f 1999//1999 1317//1317 1880//1880
f 1881//1881 2004//2004 2011//2011 1880//1880
f 2011//2011 2004//2004 2006//2006
f 2012//2012 1996//1996 1999//1999
f 2013//2013 2014//2014 2012//2012 2006//2006
f 2007//2007 2010//2010 2014//2014 2013//2013
f 1996//1996 2012//2012 2014//2014 2010//2010
f 2015//2015 1938//1938 1936//1936
f 2016//2016 2015//2015 1949//1949 1948//1948
f 2006//2006 2005//2005 2015//2015 2016//2016
f 2005//2005 1918//1918 1938//1938
f 2013//2013 2017//2017 2018//2018 2007//2007
f 2017//2017 2013//2013 2006//2006 2016//2016
f 1948//1948 2002//2002 2017//2017 2016//2016
f 2018//2018 2017//2017 2002//2002 1990//1990
f 1984//1984 2008//2008 2019//2019 1989//1989
f 2018//2018 2019//2019 2008//2008 2007//2007
f 1990//1990 1993//1993 2019//2019 2018//2018
f 1989//1989 2019//2019 1993//1993 1981//1981
f 641//641 2020//2020 2021//2021 640//640
f 2022//2022 2021//2021 2020//2020 2023//2023
f 2021//2021 2022//2022 1587//1587
f 640//640 2021//2021 1586//1586 501//501
f 645//645 2024//2024 2025//2025 642//642
f 2026//2026 2025//2025 2024//2024 2027//2027
f 2023//2023 2020//2020 2025//2025 2026//2026
f 642//642 2025//2025 2020//2020 641//641
f 1826//1826 1587//1587 2028//2028
f 2029//2029 2030//2030 2028//2028 2031//2031
f 1831//1831 1829//1829 2030//2030 2029//2029
f 1627//1627 1826//1826 2030//2030 1829//1829
f 2031//2031 2032//2032 2033//2033 2029//2029
f 2034//2034 2033//2033 2032//2032 2035//2035
f 1835//1835 1832//1832 2033//2033 2034//2034
f 2029//2029 2033//2033 1832//1832 1831//1831
f 2035//2035 2036//2036 2037//2037 2034//2034
f 2038//2038 2037//2037 2036//2036 2039//2039
f 1839//1839 1836//1836 2037//2037 2038//2038
f 2034//2034 2037//2037 1836//1836 1835//1835
f 2040//2040 2041//2041 2038//2038 2039//2039
f 1849//1849 1848//1848 2041//2041 2040//2040
f 2038//2038 2041//2041 1848//1848 1839//1839
f 2023//2023 2042//2042 2043//2043 2022//2022
f 2042//2042 2044//2044 2045//2045
f 2043//2043 2045//2045 2031//2031
f 2022//2022 2043//2043 2028//2028 1587//1587
f 2046//2046 2047//2047 2026//2026 2027//2027
f 2048//2048 2047//2047 2046//2046 2049//2049
f 2047//2047 2048//2048 2044//2044
f 2026//2026 2047//2047 2042//2042 2023//2023
f 2050//2050 2045//2045 2044//2044
f 2051//2051 2052//2052 2050//2050 2053//2053
f 2035//2035 2032//2032 2050//2050 2052//2052
f 2045//2045 2050//2050 2032//2032 2031//2031
f 2054//2054 2055//2055 2056//2056 2057//2057
f 2036//2036 2056//2056 2055//2055 2039//2039
f 2056//2056 2036//2036 2035//2035
f 2057//2057 2056//2056 2052//2052 2051//2051
f 2027//2027 2024//2024 2058//2058 2046//2046
f 2059//2059 2058//2058 2024//2024 645//645
f 2060//2060 2061//2061 2058//2058 2059//2059
f 2046//2046 2058//2058 2061//2061 2049//2049
f 645//645 647//647 2062//2062 2059//2059
f 2063//2063 2062//2062 647//647 646//646
f 2064//2064 2065//2065 2062//2062 2063//2063
f 2059//2059 2062//2062 2065//2065 2060//2060
f 650//650 2066//2066 2067//2067 651//651
f 2068//2068 2067//2067 2066//2066 2069//2069
f 2064//2064 2063//2063 2067//2067 2068//2068
f 2067//2067 2063//2063 646//646
f 664//664 2070//2070 2071//2071 665//665
f 2072//2072 2071//2071 2070//2070 2073//2073
f 2074//2074 2075//2075 2071//2071 2072//2072
f 665//665 2071//2071 2075//2075 661//661
f 668//668 2076//2076 2077//2077 669//669
f 2077//2077 2076//2076 2078//2078 2079//2079
f 2073//2073 2070//2070 2077//2077 2079//2079
f 669//669 2077//2077 2070//2070 664//664
f 2080//2080 2081//2081 2082//2082 2083//2083
f 2084//2084 2085//2085 2080//2080 2083//2083
f 2079//2079 2080//2080 2085//2085 2073//2073
f 2079//2079 2078//2078 2081//2081
f 668//668 673//673 2086//2086 2076//2076
f 2087//2087 2086//2086 673//673 672//672
f 2088//2088 2089//2089 2086//2086 2087//2087
f 2089//2089 2078//2078 2076//2076
f 2090//2090 2091//2091 2089//2089 2088//2088
f 2092//2092 2093//2093 2091//2091 2090//2090
f 2091//2091 2093//2093 2082//2082 2081//2081
f 2078//2078 2089//2089 2091//2091 2081//2081
f 672//672 677//677 2094//2094 2087//2087
f 2095//2095 2094//2094 677//677 676//676
f 2096//2096 2097//2097 2094//2094 2095//2095
f 2087//2087 2094//2094 2097//2097 2088//2088
f 2088//2088 2097//2097 2098//2098 2090//2090
f 2099//2099 2098//2098 2097//2097 2096//2096
f 2100//2100 2101//2101 2098//2098 2099//2099
f 2090//2090 2098//2098 2101//2101 2092//2092
f 2102//2102 2095//2095 676//676
f 681//681 680//680 2103//2103
f 2104//2104 2105//2105 2102//2102 2103//2103
f 2095//2095 2102//2102 2105//2105 2096//2096
f 657//657 2106//2106 2107//2107 656//656
f 2108//2108 2107//2107 2106//2106 2109//2109
f 2069//2069 2066//2066 2107//2107 2108//2108
f 656//656 2107//2107 2066//2066 650//650
f 661//661 2075//2075 2110//2110 658//658
f 2111//2111 2110//2110 2075//2075 2074//2074
f 2109//2109 2106//2106 2110//2110 2111//2111
f 658//658 2110//2110 2106//2106 657//657
f 2073//2073 2085//2085 2112//2112 2072//2072
f 2113//2113 2112//2112 2085//2085 2084//2084
f 2114//2114 2115//2115 2112//2112 2113//2113
f 2072//2072 2112//2112 2115//2115 2074//2074
f 2116//2116 2117//2117 2118//2118 2119//2119
f 2068//2068 2118//2118 2117//2117 2064//2064
f 2069//2069 2120//2120 2118//2118 2068//2068
f 2119//2119 2118//2118 2120//2120 2121//2121
f 2109//2109 2122//2122 2123//2123 2108//2108
f 2124//2124 2123//2123 2122//2122 2125//2125
f 2121//2121 2120//2120 2123//2123 2124//2124
f 2108//2108 2123//2123 2120//2120 2069//2069
f 2074//2074 2115//2115 2126//2126 2111//2111
f 2127//2127 2126//2126 2115//2115 2114//2114
f 2125//2125 2122//2122 2126//2126 2127//2127
f 2111//2111 2126//2126 2122//2122 2109//2109
f 2060//2060 2128//2128 2129//2129 2061//2061
f 2130//2130 2129//2129 2128//2128 2131//2131
f 2132//2132 2133//2133 2129//2129 2130//2130
f 2061//2061 2129//2129 2133//2133 2049//2049
f 2049//2049 2133//2133 2134//2134 2048//2048
f 2135//2135 2134//2134 2133//2133 2132//2132
f 2053//2053 2134//2134 2135//2135 2051//2051
f 2048//2048 2134//2134 2053//2053 2044//2044
f 2051//2051 2135//2135 2136//2136 2057//2057
f 2137//2137 2136//2136 2135//2135 2132//2132
f 2138//2138 2139//2139 2136//2136 2137//2137
f 2057//2057 2136//2136 2139//2139 2054//2054
f 2132//2132 2130//2130 2140//2140 2137//2137
f 2141//2141 2140//2140 2130//2130 2131//2131
f 2138//2138 2137//2137 2140//2140 2141//2141
f 2142//2142 2128//2128 2060//2060 2065//2065
f 2117//2117 2142//2142 2065//2065 2064//2064
f 2142//2142 2117//2117 2116//2116 2143//2143
f 2128//2128 2142//2142 2143//2143 2131//2131
f 2144//2144 2145//2145 2146//2146 2147//2147
f 2148//2148 2146//2146 2145//2145 2149//2149
f 896//896 893//893 2146//2146 2148//2148
f 2147//2147 2146//2146 893//893 883//883
f 2148//2148 2150//2150 907//907 896//896
f 2150//2150 2148//2148 2149//2149 2151//2151
f 2152//2152 2153//2153 2150//2150 2151//2151
f 907//907 2150//2150 2153//2153 910//910
f 910//910 2153//2153 2154//2154 919//919
f 2155//2155 2154//2154 2153//2153 2152//2152
f 2156//2156 2157//2157 2154//2154 2155//2155
f 919//919 2154//2154 2157//2157 922//922
f 922//922 2157//2157 2158//2158 941//941
f 2159//2159 2158//2158 2157//2157 2156//2156
f 2160//2160 2158//2158 2159//2159 2161//2161
f 917//917 941//941 2158//2158 2160//2160
f 2162//2162 2163//2163 2164//2164 2165//2165
f 2147//2147 2164//2164 2163//2163 2144//2144
f 883//883 882//882 2164//2164 2147//2147
f 2165//2165 2164//2164 882//882 881//881
f 2163//2163 2162//2162 2166//2166
f 2167//2167 2168//2168 2166//2166 2169//2169
f 2170//2170 2168//2168 2167//2167 2171//2171
f 2168//2168 2170//2170 2144//2144
f 2171//2171 2172//2172 2173//2173 2170//2170
f 2174//2174 2173//2173 2172//2172 2175//2175
f 2149//2149 2145//2145 2173//2173 2174//2174
f 2170//2170 2173//2173 2145//2145 2144//2144
f 2176//2176 2177//2177 2178//2178 2179//2179
f 2151//2151 2178//2178 2177//2177 2152//2152
f 2174//2174 2178//2178 2151//2151 2149//2149
f 2178//2178 2174//2174 2175//2175 2179//2179
f 2180//2180 2181//2181 2182//2182 2183//2183
f 2155//2155 2182//2182 2181//2181 2156//2156
f 2152//2152 2177//2177 2182//2182 2155//2155
f 2183//2183 2182//2182 2177//2177 2176//2176
f 2184//2184 2185//2185 2186//2186 2187//2187
f 2161//2161 2159//2159 2185//2185 2184//2184
f 2156//2156 2181//2181 2185//2185 2159//2159
f 2186//2186 2185//2185 2181//2181 2180//2180
f 2169//2169 2188//2188 2189//2189 2167//2167
f 2190//2190 2189//2189 2188//2188 2191//2191
f 2175//2175 2172//2172 2189//2189 2190//2190
f 2167//2167 2189//2189 2172//2172 2171//2171
f 2192//2192 2193//2193 2194//2194 2195//2195
f 2179//2179 2194//2194 2193//2193 2176//2176
f 2175//2175 2190//2190 2194//2194 2179//2179
f 2195//2195 2194//2194 2190//2190 2191//2191
f 2196//2196 2197//2197 2198//2198 2199//2199
f 2198//2198 2197//2197 2192//2192 2195//2195
f 2199//2199 2198//2198 2195//2195 2191//2191
f 2200//2200 2201//2201 2202//2202 2203//2203
f 2183//2183 2202//2202 2201//2201 2180//2180
f 2176//2176 2193//2193 2202//2202 2183//2183
f 2203//2203 2202//2202 2193//2193 2192//2192
f 2204//2204 2205//2205 2206//2206 2207//2207
f 2203//2203 2206//2206 2205//2205 2200//2200
f 2192//2192 2197//2197 2206//2206 2203//2203
f 2207//2207 2206//2206 2197//2197 2196//2196
f 2208//2208 2209//2209 2201//2201 2200//2200
f 2210//2210 2209//2209 2208//2208 2211//2211
f 2187//2187 2186//2186 2209//2209 2210//2210
f 2180//2180 2201//2201 2209//2209 2186//2186
f 2212//2212 2213//2213 2214//2214 2215//2215
f 2211//2211 2208//2208 2213//2213 2212//2212
f 2200//2200 2205//2205 2213//2213 2208//2208
f 2214//2214 2213//2213 2205//2205 2204//2204
f 2215//2215 2216//2216 2217//2217 2212//2212
f 2218//2218 2217//2217 2216//2216 2219//2219
f 2220//2220 2221//2221 2217//2217 2218//2218
f 2212//2212 2217//2217 2221//2221 2211//2211
f 2210//2210 2222//2222 2223//2223 2187//2187
f 2211//2211 2221//2221 2222//2222 2210//2210
f 2220//2220 2224//2224 2222//2222 2221//2221
f 2223//2223 2222//2222 2224//2224 2225//2225
f 2219//2219 2226//2226 2227//2227 2218//2218
f 2228//2228 2227//2227 2226//2226 2229//2229
f 2225//2225 2224//2224 2227//2227 2228//2228
f 2218//2218 2227//2227 2224//2224 2220//2220
f 2225//2225 2230//2230 2231//2231 2223//2223
f 2232//2232 2231//2231 2230//2230 2233//2233
f 2184//2184 2231//2231 2232//2232 2161//2161
f 2223//2223 2231//2231 2184//2184 2187//2187
f 2161//2161 2232//2232 2234//2234 2160//2160
f 2235//2235 2234//2234 2232//2232 2233//2233
f 805//805 918//918 2234//2234 2235//2235
f 2160//2160 2234//2234 918//918 917//917
f 2229//2229 2236//2236 2237//2237 2228//2228
f 2238//2238 2237//2237 2236//2236 2239//2239
f 2233//2233 2230//2230 2237//2237 2238//2238
f 2228//2228 2237//2237 2230//2230 2225//2225
f 805//805 2235//2235 2240//2240 800//800
f 2241//2241 2240//2240 2235//2235 2233//2233
f 2242//2242 2243//2243 2240//2240 2241//2241
f 800//800 2240//2240 2243//2243 690//690
f 2244//2244 2245//2245 2246//2246 2247//2247
f 2241//2241 2246//2246 2245//2245 2242//2242
f 2238//2238 2246//2246 2241//2241 2233//2233
f 2246//2246 2238//2238 2239//2239 2247//2247
f 690//690 2243//2243 2248//2248 684//684
f 2249//2249 2248//2248 2243//2243 2242//2242
f 2250//2250 2251//2251 2248//2248 2249//2249
f 684//684 2248//2248 2251//2251 685//685
f 685//685 2251//2251 2252//2252 692//692
f 2253//2253 2252//2252 2251//2251 2250//2250
f 2104//2104 2103//2103 2252//2252 2253//2253
f 692//692 2252//2252 2103//2103 680//680
f 2242//2242 2245//2245 2254//2254 2249//2249
f 2255//2255 2254//2254 2245//2245 2244//2244
f 2256//2256 2257//2257 2254//2254 2255//2255
f 2249//2249 2254//2254 2257//2257 2250//2250
f 2096//2096 2105//2105 2258//2258 2099//2099
f 2259//2259 2258//2258 2105//2105 2104//2104
f 2258//2258 2259//2259 2260//2260 2261//2261
f 2099//2099 2258//2258 2261//2261 2100//2100
f 2250//2250 2257//2257 2262//2262 2253//2253
f 2263//2263 2262//2262 2257//2257 2256//2256
f 2260//2260 2259//2259 2262//2262 2263//2263
f 2253//2253 2262//2262 2259//2259 2104//2104
f 711//711 2264//2264 2265//2265 710//710
f 2264//2264 1440//1440 1438//1438
f 765//765 763//763 2265//2265 1438//1438
f 710//710 2265//2265 763//763 704//704
f 735//735 2266//2266 2267//2267 733//733
f 2268//2268 2267//2267 2266//2266 2269//2269
f 2267//2267 2268//2268 711//711
f 708//708 707//707 733//733
f 1567//1567 2270//2270 2271//2271 1565//1565
f 2272//2272 2271//2271 2270//2270 2273//2273
f 2269//2269 2266//2266 2271//2271 2272//2272
f 1565//1565 2271//2271 2266//2266 735//735
f 1579//1579 2274//2274 2275//2275 1578//1578
f 2276//2276 2275//2275 2274//2274 2277//2277
f 2273//2273 2270//2270 2275//2275 2276//2276
f 1578//1578 2275//2275 2270//2270 1567//1567
f 1583//1583 2278//2278 2279//2279 1581//1581
f 2280//2280 2279//2279 2278//2278 2281//2281
f 2277//2277 2274//2274 2279//2279 2280//2280
f 1581//1581 2279//2279 2274//2274 1579//1579
f 2282//2282 2283//2283 2284//2284
f 2285//2285 1442//1442 1445//1445
f 2282//2282 1445//1445 1426//1426
f 1441//1441 1440//1440 2283//2283
f 1442//1442 2285//2285 2286//2286 1449//1449
f 2287//2287 2286//2286 2285//2285 2284//2284
f 2288//2288 2289//2289 2286//2286 2287//2287
f 2286//2286 2289//2289 1446//1446 1449//1449
f 2290//2290 2268//2268 2269//2269
f 2291//2291 2292//2292 2293//2293
f 2290//2290 2293//2293 1440//1440
f 2264//2264 711//711 2268//2268
f 2272//2272 2294//2294 2291//2291 2269//2269
f 2273//2273 2295//2295 2294//2294 2272//2272
f 2296//2296 2297//2297 2294//2294 2295//2295
f 2291//2291 2294//2294 2297//2297 2292//2292
f 2276//2276 2298//2298 2295//2295 2273//2273
f 2277//2277 2299//2299 2298//2298 2276//2276
f 2300//2300 2298//2298 2299//2299 2301//2301
f 2296//2296 2295//2295 2298//2298 2300//2300
f 2281//2281 2302//2302 2303//2303 2280//2280
f 2304//2304 2303//2303 2302//2302 2305//2305
f 2301//2301 2299//2299 2303//2303 2304//2304
f 2280//2280 2303//2303 2299//2299 2277//2277
f 2306//2306 2307//2307 2308//2308 2309//2309
f 2310//2310 2311//2311 2307//2307 2306//2306
f 2304//2304 2307//2307 2311//2311 2301//2301
f 2305//2305 2308//2308 2307//2307 2304//2304
f 2296//2296 2300//2300 2312//2312 2313//2313
f 2301//2301 2311//2311 2312//2312 2300//2300
f 2312//2312 2311//2311 2310//2310 2314//2314
f 2313//2313 2312//2312 2314//2314 2315//2315
f 1453//1453 2316//2316 2317//2317 1452//1452
f 2318//2318 2317//2317 2316//2316 2319//2319
f 797//797 1433//1433 2317//2317 2318//2318
f 1452//1452 2317//2317 1433//1433 1432//1432
f 2288//2288 2320//2320 2321//2321 2289//2289
f 2316//2316 2321//2321 2320//2320 2319//2319
f 1453//1453 1451//1451 2321//2321 2316//2316
f 2289//2289 2321//2321 1451//1451 1446//1446
f 2322//2322 2318//2318 2319//2319
f 2322//2322 2323//2323 1457//1457
f 2322//2322 1454//1454 799//799 798//798
f 2318//2318 2322//2322 798//798 797//797
f 2324//2324 2287//2287 2284//2284
f 2325//2325 2326//2326 2327//2327
f 2324//2324 2327//2327 2319//2319
f 2320//2320 2288//2288 2287//2287
f 2328//2328 2293//2293 2292//2292
f 2329//2329 2326//2326 2325//2325
f 2328//2328 2325//2325 2284//2284
f 2283//2283 1440//1440 2293//2293
f 2315//2315 2330//2330 2331//2331 2313//2313
f 2329//2329 2331//2331 2330//2330 2326//2326
f 2292//2292 2297//2297 2331//2331 2329//2329
f 2313//2313 2331//2331 2297//2297 2296//2296
f 2326//2326 2332//2332 2333//2333 2327//2327
f 2334//2334 2333//2333 2332//2332 2335//2335
f 2333//2333 2334//2334 1457//1457
f 2323//2323 2319//2319 2327//2327
f 2336//2336 2337//2337 2338//2338 2339//2339
f 1491//1491 2337//2337 2336//2336 1492//1492
f 2337//2337 1491//1491 1462//1462
f 1461//1461 1458//1458 2338//2338
f 2340//2340 1456//1456 1457//1457
f 2341//2341 2340//2340 2334//2334 2335//2335
f 2339//2339 2338//2338 2340//2340 2341//2341
f 2338//2338 1458//1458 1456//1456
f 2342//2342 2336//2336 2339//2339
f 2343//2343 2342//2342 2344//2344 2345//2345
f 1501//1501 1498//1498 2342//2342 2343//2343
f 2336//2336 2342//2342 1498//1498 1492//1492
f 2345//2345 2346//2346 2347//2347 2343//2343
f 2348//2348 2347//2347 2346//2346 2349//2349
f 1497//1497 1503//1503 2347//2347 2348//2348
f 2343//2343 2347//2347 1503//1503 1501//1501
f 1497//1497 2348//2348 2350//2350 1496//1496
f 2351//2351 2350//2350 2348//2348 2349//2349
f 1423//1423 1475//1475 2350//2350 2351//2351
f 1496//1496 2350//2350 1475//1475 1474//1474
f 2351//2351 2352//2352 1422//1422 1423//1423
f 2349//2349 2353//2353 2352//2352 2351//2351
f 2354//2354 2352//2352 2353//2353 2355//2355
f 1422//1422 2352//2352 2354//2354 1418//1418
f 1418//1418 2354//2354 2356//2356 1419//1419
f 2356//2356 2354//2354 2355//2355 2357//2357
f 2358//2358 2359//2359 2356//2356 2357//2357
f 1419//1419 2356//2356 2359//2359 1415//1415
f 1415//1415 2359//2359 2360//2360 1414//1414
f 2361//2361 2360//2360 2359//2359 2358//2358
f 2362//2362 2363//2363 2360//2360 2361//2361
f 2363//2363 1411//1411 1414//1414
f 2364//2364 2365//2365 2363//2363 2362//2362
f 2366//2366 2365//2365 2364//2364 2367//2367
f 1406//1406 1410//1410 2365//2365 2366//2366
f 1411//1411 2363//2363 2365//2365 1410//1410
f 2367//2367 2368//2368 2369//2369 2366//2366
f 2370//2370 2369//2369 2368//2368 2371//2371
f 1402//1402 1407//1407 2369//2369 2370//2370
f 2366//2366 2369//2369 1407//1407 1406//1406
f 2371//2371 2372//2372 2373//2373 2370//2370
f 2372//2372 2374//2374 2375//2375
f 2373//2373 2375//2375 1397//1397
f 2370//2370 2373//2373 1403//1403 1402//1402
f 2376//2376 2377//2377 2378//2378 2379//2379
f 2335//2335 2332//2332 2378//2378 2377//2377
f 2332//2332 2326//2326 2379//2379
f 2380//2380 2381//2381 2382//2382 2383//2383
f 2379//2379 2382//2382 2381//2381 2376//2376
f 2326//2326 2330//2330 2382//2382 2379//2379
f 2383//2383 2382//2382 2330//2330 2315//2315
f 2384//2384 2385//2385 2386//2386 2387//2387
f 2383//2383 2386//2386 2385//2385 2380//2380
f 2315//2315 2314//2314 2386//2386 2383//2383
f 2387//2387 2386//2386 2314//2314 2310//2310
f 2388//2388 2389//2389 2390//2390 2391//2391
f 2387//2387 2390//2390 2389//2389 2384//2384
f 2390//2390 2387//2387 2310//2310 2306//2306
f 2309//2309 2391//2391 2390//2390 2306//2306
f 2392//2392 2341//2341 2335//2335
f 2377//2377 2376//2376 2393//2393
f 2393//2393 2394//2394 2395//2395
f 2395//2395 2339//2339 2341//2341
f 2396//2396 2395//2395 2394//2394
f 2397//2397 2396//2396 2398//2398 2399//2399
f 2345//2345 2344//2344 2396//2396 2397//2397
f 2344//2344 2339//2339 2395//2395
f 2399//2399 2400//2400 2401//2401 2397//2397
f 2402//2402 2401//2401 2400//2400 2403//2403
f 2349//2349 2346//2346 2401//2401 2402//2402
f 2397//2397 2401//2401 2346//2346 2345//2345
f 2403//2403 2404//2404 2405//2405 2402//2402
f 2406//2406 2405//2405 2404//2404 2407//2407
f 2355//2355 2353//2353 2405//2405 2406//2406
f 2402//2402 2405//2405 2353//2353 2349//2349
f 2407//2407 2408//2408 2409//2409 2406//2406
f 2410//2410 2409//2409 2408//2408 2411//2411
f 2357//2357 2409//2409 2410//2410 2358//2358
f 2406//2406 2409//2409 2357//2357 2355//2355
f 2412//2412 2413//2413 2414//2414 2415//2415
f 2361//2361 2414//2414 2413//2413 2362//2362
f 2358//2358 2410//2410 2414//2414 2361//2361
f 2415//2415 2414//2414 2410//2410 2411//2411
f 2416//2416 2417//2417 2418//2418 2419//2419
f 2364//2364 2418//2418 2417//2417 2367//2367
f 2362//2362 2413//2413 2418//2418 2364//2364
f 2419//2419 2418//2418 2413//2413 2412//2412
f 2420//2420 2421//2421 2422//2422 2423//2423
f 2368//2368 2422//2422 2421//2421 2371//2371
f 2367//2367 2417//2417 2422//2422 2368//2368
f 2423//2423 2422//2422 2417//2417 2416//2416
f 2424//2424 2425//2425 2426//2426 2427//2427
f 2372//2372 2426//2426 2425//2425 2374//2374
f 2371//2371 2421//2421 2426//2426 2372//2372
f 2427//2427 2426//2426 2421//2421 2420//2420
f 2428//2428 2429//2429 2430//2430 2431//2431
f 2432//2432 2429//2429 2428//2428 2433//2433
f 2424//2424 2427//2427 2429//2429 2432//2432
f 2420//2420 2430//2430 2429//2429 2427//2427
f 2434//2434 2435//2435 2436//2436 2437//2437
f 2438//2438 2436//2436 2435//2435 2439//2439
f 2419//2419 2436//2436 2438//2438 2416//2416
f 2437//2437 2436//2436 2419//2419 2412//2412
f 2416//2416 2438//2438 2440//2440 2423//2423
f 2441//2441 2440//2440 2438//2438 2439//2439
f 2431//2431 2430//2430 2440//2440 2441//2441
f 2423//2423 2440//2440 2430//2430 2420//2420
f 2442//2442 2443//2443 2444//2444 2445//2445
f 2437//2437 2444//2444 2443//2443 2434//2434
f 2412//2412 2415//2415 2444//2444 2437//2437
f 2445//2445 2444//2444 2415//2415 2411//2411
f 2434//2434 2443//2443 2446//2446 2435//2435
f 2447//2447 2446//2446 2443//2443 2442//2442
f 2448//2448 2449//2449 2446//2446 2447//2447
f 2435//2435 2446//2446 2449//2449 2439//2439
f 2450//2450 2451//2451 2452//2452 2453//2453
f 2445//2445 2452//2452 2451//2451 2442//2442
f 2411//2411 2408//2408 2452//2452 2445//2445
f 2453//2453 2452//2452 2408//2408 2407//2407
f 2442//2442 2451//2451 2454//2454 2447//2447
f 2455//2455 2454//2454 2451//2451 2450//2450
f 2454//2454 2455//2455 2456//2456 2457//2457
f 2447//2447 2454//2454 2457//2457 2448//2448
f 2458//2458 2459//2459 2460//2460 2461//2461
f 2453//2453 2460//2460 2459//2459 2450//2450
f 2407//2407 2404//2404 2460//2460 2453//2453
f 2461//2461 2460//2460 2404//2404 2403//2403
f 2458//2458 2462//2462 2463//2463 2459//2459
f 2464//2464 2463//2463 2462//2462 2465//2465
f 2456//2456 2455//2455 2463//2463 2464//2464
f 2459//2459 2463//2463 2455//2455 2450//2450
f 2403//2403 2400//2400 2466//2466 2461//2461
f 2400//2400 2399//2399 2467//2467
f 2468//2468 2469//2469 2466//2466 2467//2467
f 2461//2461 2466//2466 2469//2469 2458//2458
f 2468//2468 2470//2470 2471//2471 2469//2469
f 2472//2472 2471//2471 2470//2470 2473//2473
f 2465//2465 2462//2462 2471//2471 2472//2472
f 2469//2469 2471//2471 2462//2462 2458//2458
f 2474//2474 2475//2475 2476//2476
f 2477//2477 2468//2468 2467//2467
f 2399//2399 2398//2398 2474//2474 2467//2467
f 2475//2475 2474//2474 2398//2398 2394//2394
f 2478//2478 2477//2477 2476//2476
f 2479//2479 2478//2478 2480//2480 2481//2481
f 2473//2473 2470//2470 2478//2478 2479//2479
f 2470//2470 2468//2468 2477//2477
f 2482//2482 2483//2483 2484//2484 2485//2485
f 2475//2475 2484//2484 2483//2483 2476//2476
f 2394//2394 2393//2393 2484//2484 2475//2475
f 2485//2485 2484//2484 2393//2393 2376//2376
f 2476//2476 2483//2483 2486//2486 2480//2480
f 2487//2487 2486//2486 2483//2483 2482//2482
f 2488//2488 2489//2489 2486//2486 2487//2487
f 2481//2481 2480//2480 2486//2486 2489//2489
f 2376//2376 2381//2381 2490//2490 2485//2485
f 2491//2491 2490//2490 2381//2381 2380//2380
f 2492//2492 2493//2493 2490//2490 2491//2491
f 2485//2485 2490//2490 2493//2493 2482//2482
f 2482//2482 2493//2493 2494//2494 2487//2487
f 2495//2495 2494//2494 2493//2493 2492//2492
f 2496//2496 2497//2497 2494//2494 2495//2495
f 2487//2487 2494//2494 2497//2497 2488//2488
f 2380//2380 2385//2385 2498//2498 2491//2491
f 2499//2499 2498//2498 2385//2385 2384//2384
f 2500//2500 2501//2501 2498//2498 2499//2499
f 2491//2491 2498//2498 2501//2501 2492//2492
f 2492//2492 2501//2501 2502//2502 2495//2495
f 2503//2503 2502//2502 2501//2501 2500//2500
f 2504//2504 2505//2505 2502//2502 2503//2503
f 2495//2495 2502//2502 2505//2505 2496//2496
f 2384//2384 2389//2389 2506//2506 2499//2499
f 2507//2507 2506//2506 2389//2389 2388//2388
f 2508//2508 2509//2509 2506//2506 2507//2507
f 2499//2499 2506//2506 2509//2509 2500//2500
f 2500//2500 2509//2509 2510//2510 2503//2503
f 2511//2511 2510//2510 2509//2509 2508//2508
f 2512//2512 2513//2513 2510//2510 2511//2511
f 2503//2503 2510//2510 2513//2513 2504//2504
f 1148//1148 2514//2514 2515//2515 1147//1147
f 2516//2516 2515//2515 2514//2514 2517//2517
f 2518//2518 2519//2519 2515//2515 2516//2516
f 1147//1147 2515//2515 2519//2519 1149//1149
f 2520//2520 2521//2521 2522//2522 2523//2523
f 2524//2524 2521//2521 2520//2520 2525//2525
f 2521//2521 2524//2524 2526//2526 2527//2527
f 2528//2528 2522//2522 2521//2521 2527//2527
f 2529//2529 2530//2530 2531//2531 2532//2532
f 2533//2533 2531//2531 2530//2530 2534//2534
f 2535//2535 2536//2536 2531//2531 2533//2533
f 2532//2532 2531//2531 2536//2536 2537//2537
f 2538//2538 2516//2516 2517//2517 2539//2539
f 2526//2526 2524//2524 2538//2538 2539//2539
f 2540//2540 2538//2538 2524//2524 2525//2525
f 2538//2538 2540//2540 2518//2518 2516//2516
f 2518//2518 2540//2540 2541//2541 2542//2542
f 2543//2543 2541//2541 2540//2540 2525//2525
f 2544//2544 2545//2545 2541//2541 2543//2543
f 2542//2542 2541//2541 2545//2545 2546//2546
f 2525//2525 2520//2520 2547//2547 2543//2543
f 2523//2523 2548//2548 2547//2547 2520//2520
f 2549//2549 2547//2547 2548//2548 2550//2550
f 2547//2547 2549//2549 2544//2544 2543//2543
f 2546//2546 2545//2545 2551//2551 2552//2552
f 2553//2553 2551//2551 2545//2545 2544//2544
f 2532//2532 2551//2551 2553//2553 2529//2529
f 2552//2552 2551//2551 2532//2532 2537//2537
f 2534//2534 2530//2530 2554//2554 2555//2555
f 2556//2556 2554//2554 2530//2530 2529//2529
f 2557//2557 2558//2558 2554//2554 2556//2556
f 2555//2555 2554//2554 2558//2558 2559//2559
f 2556//2556 2560//2560 2561//2561 2557//2557
f 2529//2529 2553//2553 2560//2560 2556//2556
f 2549//2549 2560//2560 2553//2553 2544//2544
f 2550//2550 2561//2561 2560//2560 2549//2549
f 2562//2562 2563//2563 2564//2564 2565//2565
f 2566//2566 2564//2564 2563//2563 2567//2567
f 2281//2281 2278//2278 2564//2564 2566//2566
f 2565//2565 2564//2564 2278//2278 1583//1583
f 2535//2535 2568//2568 2569//2569 2536//2536
f 2570//2570 2569//2569 2568//2568 2571//2571
f 2572//2572 2569//2569 2570//2570 2573//2573
f 2537//2537 2536//2536 2569//2569 2572//2572
f 2574//2574 2575//2575 2576//2576 2577//2577
f 2574//2574 2578//2578 2579//2579
f 1539//1539 1536//1536 2575//2575 2579//2579
f 1536//1536 1526//1526 2576//2576
f 1512//1512 2580//2580 2581//2581 1525//1525
f 2582//2582 2581//2581 2580//2580 2583//2583
f 2581//2581 2582//2582 2577//2577 2576//2576
f 1525//1525 2581//2581 2576//2576 1526//1526
f 230//230 241//241 2584//2584 1515//1515
f 2585//2585 2584//2584 241//241 240//240
f 2583//2583 2580//2580 2584//2584 2585//2585
f 1515//1515 2584//2584 2580//2580 1512//1512
f 240//240 2586//2586 2587//2587 2585//2585
f 2588//2588 2587//2587 2586//2586 2589//2589
f 2590//2590 2591//2591 2587//2587 2588//2588
f 2585//2585 2587//2587 2591//2591 2583//2583
f 2583//2583 2591//2591 2592//2592 2582//2582
f 2593//2593 2592//2592 2591//2591 2590//2590
f 2594//2594 2595//2595 2592//2592 2593//2593
f 2595//2595 2577//2577 2582//2582
f 2594//2594 2596//2596 2597//2597 2595//2595
f 2598//2598 2597//2597 2596//2596 2599//2599
f 2600//2600 2601//2601 2597//2597 2598//2598
f 2595//2595 2597//2597 2601//2601 2577//2577
f 2598//2598 2602//2602 2603//2603 2600//2600
f 2599//2599 2604//2604 2602//2602 2598//2598
f 2605//2605 2602//2602 2604//2604 2606//2606
f 2603//2603 2602//2602 2605//2605 2571//2571
f 2573//2573 2570//2570 2607//2607 2608//2608
f 2605//2605 2607//2607 2570//2570 2571//2571
f 2606//2606 2609//2609 2607//2607 2605//2605
f 2608//2608 2607//2607 2609//2609 2610//2610
f 1055//1055 2611//2611 2612//2612 1054//1054
f 2613//2613 2612//2612 2611//2611 2610//2610
f 2614//2614 2615//2615 2612//2612 2613//2613
f 1054//1054 2612//2612 2615//2615 1015//1015
f 2616//2616 2617//2617 2618//2618
f 2619//2619 2614//2614 2613//2613
f 2610//2610 2609//2609 2616//2616 2613//2613
f 2617//2617 2616//2616 2609//2609 2606//2606
f 2620//2620 2621//2621 2622//2622 2623//2623
f 2565//2565 2622//2622 2621//2621 2562//2562
f 1583//1583 1582//1582 2622//2622 2565//2565
f 2623//2623 2622//2622 1582//1582 1574//1574
f 2624//2624 2625//2625 2626//2626 2627//2627
f 2625//2625 2567//2567 2563//2563
f 2562//2562 2628//2628 2626//2626 2563//2563
f 2628//2628 2629//2629 2627//2627
f 2559//2559 2630//2630 2631//2631 2555//2555
f 2627//2627 2631//2631 2630//2630 2624//2624
f 2629//2629 2632//2632 2631//2631 2627//2627
f 2555//2555 2631//2631 2632//2632 2534//2534
f 2633//2633 2634//2634 2635//2635 2636//2636
f 2628//2628 2635//2635 2634//2634 2629//2629
f 2562//2562 2621//2621 2635//2635 2628//2628
f 2636//2636 2635//2635 2621//2621 2620//2620
f 2533//2533 2637//2637 2638//2638 2535//2535
f 2534//2534 2632//2632 2637//2637 2533//2533
f 2639//2639 2637//2637 2632//2632 2629//2629
f 2638//2638 2637//2637 2639//2639 2640//2640
f 2600//2600 2641//2641 2642//2642 2601//2601
f 2643//2643 2642//2642 2641//2641 2640//2640
f 2578//2578 2574//2574 2642//2642 2643//2643
f 2577//2577 2601//2601 2642//2642 2574//2574
f 2571//2571 2568//2568 2644//2644 2603//2603
f 2638//2638 2644//2644 2568//2568 2535//2535
f 2644//2644 2638//2638 2640//2640
f 2603//2603 2644//2644 2641//2641 2600//2600
f 2645//2645 2579//2579 2578//2578
f 2646//2646 2645//2645 2647//2647 2648//2648
f 1551//1551 1548//1548 2645//2645 2646//2646
f 2579//2579 2645//2645 1548//1548 1539//1539
f 2648//2648 2649//2649 2650//2650 2646//2646
f 2651//2651 2650//2650 2649//2649 2652//2652
f 1563//1563 1562//1562 2650//2650 2651//2651
f 2646//2646 2650//2650 1562//1562 1551//1551
f 2653//2653 2651//2651 2652//2652
f 2623//2623 2653//2653 2654//2654 2620//2620
f 2653//2653 2623//2623 1574//1574
f 2651//2651 2653//2653 1572//1572 1563//1563
f 2655//2655 2656//2656 2657//2657 2658//2658
f 2652//2652 2649//2649 2656//2656 2655//2655
f 2648//2648 2657//2657 2656//2656 2649//2649
f 2620//2620 2654//2654 2659//2659 2636//2636
f 2655//2655 2659//2659 2654//2654 2652//2652
f 2658//2658 2660//2660 2659//2659 2655//2655
f 2636//2636 2659//2659 2660//2660 2633//2633
f 2633//2633 2660//2660 2661//2661 2634//2634
f 2662//2662 2661//2661 2660//2660 2658//2658
f 2640//2640 2639//2639 2661//2661 2662//2662
f 2634//2634 2661//2661 2639//2639 2629//2629
f 2658//2658 2657//2657 2663//2663 2662//2662
f 2647//2647 2663//2663 2657//2657 2648//2648
f 2643//2643 2663//2663 2647//2647 2578//2578
f 2662//2662 2663//2663 2643//2643 2640//2640
f 335//335 2664//2664 2665//2665 334//334
f 2666//2666 2665//2665 2664//2664 2667//2667
f 299//299 296//296 2665//2665 2666//2666
f 334//334 2665//2665 296//296 295//295
f 375//375 2668//2668 2669//2669 374//374
f 2670//2670 2669//2669 2668//2668 2671//2671
f 2667//2667 2664//2664 2669//2669 2670//2670
f 374//374 2669//2669 2664//2664 335//335
f 2672//2672 2673//2673 2674//2674 2675//2675
f 2668//2668 2674//2674 2673//2673 2671//2671
f 375//375 1009//1009 2674//2674 2668//2668
f 2675//2675 2674//2674 1009//1009 1008//1008
f 2676//2676 2677//2677 2678//2678 2679//2679
f 2675//2675 2678//2678 2677//2677 2672//2672
f 1008//1008 1017//1017 2678//2678 2675//2675
f 2679//2679 2678//2678 1017//1017 1016//1016
f 2680//2680 2681//2681 2682//2682
f 2618//2618 2617//2617 2683//2683 2682//2682
f 2683//2683 2617//2617 2606//2606
f 2604//2604 2599//2599 2680//2680
f 2684//2684 2685//2685 2686//2686 2687//2687
f 2685//2685 2681//2681 2680//2680
f 2686//2686 2680//2680 2599//2599
f 2687//2687 2686//2686 2596//2596 2594//2594
f 2688//2688 2689//2689 2690//2690 2691//2691
f 1012//1012 2690//2690 2689//2689 1016//1016
f 1015//1015 2615//2615 2690//2690 1012//1012
f 2691//2691 2690//2690 2615//2615 2614//2614
f 2681//2681 2692//2692 2693//2693 2682//2682
f 2691//2691 2693//2693 2692//2692 2688//2688
f 2614//2614 2619//2619 2693//2693 2691//2691
f 2682//2682 2693//2693 2619//2619 2618//2618
f 2694//2694 2695//2695 2696//2696 2697//2697
f 2679//2679 2696//2696 2695//2695 2676//2676
f 1016//1016 2689//2689 2696//2696 2679//2679
f 2697//2697 2696//2696 2689//2689 2688//2688
f 2590//2590 2698//2698 2699//2699 2593//2593
f 2700//2700 2699//2699 2698//2698 2701//2701
f 2684//2684 2687//2687 2699//2699 2700//2700
f 2593//2593 2699//2699 2687//2687 2594//2594
f 2702//2702 2685//2685 2684//2684
f 2703//2703 2702//2702 2704//2704 2705//2705
f 2688//2688 2692//2692 2702//2702 2703//2703
f 2692//2692 2681//2681 2685//2685
f 2705//2705 2706//2706 2707//2707 2703//2703
f 2708//2708 2709//2709 2707//2707 2706//2706
f 2697//2697 2707//2707 2709//2709 2694//2694
f 2703//2703 2707//2707 2697//2697 2688//2688
f 2588//2588 2710//2710 2698//2698 2590//2590
f 2711//2711 2710//2710 2588//2588 2589//2589
f 2701//2701 2698//2698 2710//2710 2711//2711
f 2700//2700 2712//2712 2704//2704 2684//2684
f 2701//2701 2713//2713 2712//2712 2700//2700
f 2714//2714 2712//2712 2713//2713 2715//2715
f 2705//2705 2704//2704 2712//2712 2714//2714
f 2715//2715 2716//2716 2717//2717 2714//2714
f 2718//2718 2717//2717 2716//2716 2719//2719
f 2706//2706 2717//2717 2718//2718 2708//2708
f 2714//2714 2717//2717 2706//2706 2705//2705
f 2720//2720 2721//2721 2722//2722 2723//2723
f 298//298 2722//2722 2721//2721 239//239
f 299//299 2724//2724 2722//2722 298//298
f 2723//2723 2722//2722 2724//2724 2725//2725
f 239//239 2721//2721 2726//2726 238//238
f 2727//2727 2726//2726 2721//2721 2720//2720
f 2589//2589 2586//2586 2726//2726 2727//2727
f 238//238 2726//2726 2586//2586 240//240
f 2589//2589 2728//2728 2729//2729 2711//2711
f 2730//2730 2729//2729 2728//2728 2731//2731
f 2715//2715 2713//2713 2729//2729 2730//2730
f 2711//2711 2729//2729 2713//2713 2701//2701
f 2731//2731 2732//2732 2733//2733 2730//2730
f 2734//2734 2733//2733 2732//2732 2735//2735
f 2719//2719 2716//2716 2733//2733 2734//2734
f 2730//2730 2733//2733 2716//2716 2715//2715
f 2667//2667 2736//2736 2737//2737 2666//2666
f 2738//2738 2737//2737 2736//2736 2739//2739
f 2725//2725 2724//2724 2737//2737 2738//2738
f 2666//2666 2737//2737 2724//2724 299//299
f 2720//2720 2740//2740 2741//2741 2727//2727
f 2742//2742 2741//2741 2740//2740 2743//2743
f 2731//2731 2728//2728 2741//2741 2742//2742
f 2727//2727 2741//2741 2728//2728 2589//2589
f 2725//2725 2738//2738 2744//2744 2723//2723
f 2745//2745 2744//2744 2738//2738 2739//2739
f 2743//2743 2740//2740 2744//2744 2745//2745
f 2723//2723 2744//2744 2740//2740 2720//2720
f 2743//2743 2746//2746 2747//2747 2742//2742
f 2748//2748 2747//2747 2746//2746 2749//2749
f 2735//2735 2732//2732 2747//2747 2748//2748
f 2742//2742 2747//2747 2732//2732 2731//2731
f 2739//2739 2750//2750 2751//2751 2745//2745
f 2752//2752 2751//2751 2750//2750 2753//2753
f 2749//2749 2746//2746 2751//2751 2752//2752
f 2745//2745 2751//2751 2746//2746 2743//2743
f 2671//2671 2754//2754 2755//2755 2670//2670
f 2756//2756 2755//2755 2754//2754 2757//2757
f 2739//2739 2736//2736 2755//2755 2756//2756
f 2670//2670 2755//2755 2736//2736 2667//2667
f 2673//2673 2758//2758 2754//2754 2671//2671
f 2759//2759 2758//2758 2673//2673 2672//2672
f 2760//2760 2761//2761 2758//2758 2759//2759
f 2757//2757 2754//2754 2758//2758 2761//2761
f 2757//2757 2762//2762 2763//2763 2756//2756
f 2764//2764 2763//2763 2762//2762 2765//2765
f 2753//2753 2750//2750 2763//2763 2764//2764
f 2756//2756 2763//2763 2750//2750 2739//2739
f 2672//2672 2677//2677 2766//2766 2759//2759
f 2767//2767 2766//2766 2677//2677 2676//2676
f 2768//2768 2769//2769 2766//2766 2767//2767
f 2759//2759 2766//2766 2769//2769 2760//2760
f 2770//2770 2771//2771 2761//2761 2760//2760
f 2772//2772 2773//2773 2771//2771 2770//2770
f 2765//2765 2762//2762 2771//2771 2773//2773
f 2761//2761 2771//2771 2762//2762 2757//2757
f 2676//2676 2695//2695 2774//2774 2767//2767
f 2775//2775 2774//2774 2695//2695 2694//2694
f 2776//2776 2777//2777 2774//2774 2775//2775
f 2767//2767 2774//2774 2777//2777 2768//2768
f 2778//2778 2779//2779 2780//2780 2781//2781
f 2770//2770 2780//2780 2779//2779 2772//2772
f 2760//2760 2769//2769 2780//2780 2770//2770
f 2781//2781 2780//2780 2769//2769 2768//2768
f 2782//2782 2783//2783 2784//2784 2785//2785
f 2775//2775 2784//2784 2783//2783 2776//2776
f 2694//2694 2709//2709 2784//2784 2775//2775
f 2785//2785 2784//2784 2709//2709 2708//2708
f 2786//2786 2787//2787 2788//2788 2789//2789
f 2785//2785 2788//2788 2787//2787 2782//2782
f 2708//2708 2718//2718 2788//2788 2785//2785
f 2719//2719 2789//2789 2788//2788 2718//2718
f 2768//2768 2777//2777 2790//2790 2781//2781
f 2791//2791 2790//2790 2777//2777 2776//2776
f 2792//2792 2793//2793 2790//2790 2791//2791
f 2781//2781 2790//2790 2793//2793 2778//2778
f 2735//2735 2794//2794 2795//2795 2734//2734
f 2796//2796 2795//2795 2794//2794 2797//2797
f 2786//2786 2789//2789 2795//2795 2796//2796
f 2734//2734 2795//2795 2789//2789 2719//2719
f 2798//2798 2799//2799 2800//2800
f 2791//2791 2798//2798 2801//2801 2792//2792
f 2776//2776 2783//2783 2798//2798 2791//2791
f 2799//2799 2798//2798 2783//2783 2782//2782
f 2797//2797 2802//2802 2803//2803 2796//2796
f 2799//2799 2803//2803 2802//2802 2800//2800
f 2782//2782 2787//2787 2803//2803 2799//2799
f 2796//2796 2803//2803 2787//2787 2786//2786
f 2749//2749 2804//2804 2805//2805 2748//2748
f 2806//2806 2805//2805 2804//2804 2807//2807
f 2797//2797 2794//2794 2805//2805 2806//2806
f 2748//2748 2805//2805 2794//2794 2735//2735
f 2753//2753 2808//2808 2809//2809 2752//2752
f 2810//2810 2809//2809 2808//2808 2811//2811
f 2807//2807 2804//2804 2809//2809 2810//2810
f 2752//2752 2809//2809 2804//2804 2749//2749
f 2807//2807 2812//2812 2813//2813 2806//2806
f 2802//2802 2813//2813 2812//2812 2800//2800
f 2806//2806 2813//2813 2802//2802 2797//2797
f 2811//2811 2814//2814 2815//2815 2810//2810
f 2816//2816 2815//2815 2814//2814 2817//2817
f 2800//2800 2812//2812 2815//2815 2816//2816
f 2810//2810 2815//2815 2812//2812 2807//2807
f 2816//2816 2818//2818 2801//2801 2800//2800
f 2817//2817 2819//2819 2818//2818 2816//2816
f 2820//2820 2821//2821 2818//2818 2819//2819
f 2801//2801 2818//2818 2821//2821 2792//2792
f 2822//2822 2823//2823 2819//2819 2817//2817
f 2824//2824 2825//2825 2823//2823 2822//2822
f 2826//2826 2827//2827 2823//2823 2825//2825
f 2819//2819 2823//2823 2827//2827 2820//2820
f 2792//2792 2821//2821 2828//2828 2793//2793
f 2829//2829 2828//2828 2821//2821 2820//2820
f 2830//2830 2828//2828 2829//2829 2831//2831
f 2778//2778 2793//2793 2828//2828 2830//2830
f 2831//2831 2832//2832 2833//2833 2830//2830
f 2834//2834 2833//2833 2832//2832 2835//2835
f 2772//2772 2779//2779 2833//2833 2834//2834
f 2830//2830 2833//2833 2779//2779 2778//2778
f 2836//2836 2837//2837 2838//2838
f 2836//2836 2839//2839 2824//2824
f 2817//2817 2814//2814 2836//2836 2822//2822
f 2837//2837 2836//2836 2814//2814 2811//2811
f 2765//2765 2840//2840 2841//2841 2764//2764
f 2837//2837 2841//2841 2840//2840 2838//2838
f 2811//2811 2808//2808 2841//2841 2837//2837
f 2764//2764 2841//2841 2808//2808 2753//2753
f 2835//2835 2842//2842 2843//2843 2834//2834
f 2838//2838 2840//2840 2843//2843 2842//2842
f 2773//2773 2843//2843 2840//2840 2765//2765
f 2834//2834 2843//2843 2773//2773 2772//2772
f 2844//2844 2845//2845 2846//2846
f 2847//2847 2838//2838 2842//2842
f 2844//2844 2842//2842 2835//2835
f 2845//2845 2844//2844 2832//2832 2831//2831
f 2824//2824 2839//2839 2848//2848 2825//2825
f 2847//2847 2848//2848 2839//2839 2838//2838
f 2846//2846 2849//2849 2848//2848 2847//2847
f 2825//2825 2848//2848 2849//2849 2826//2826
f 2826//2826 2849//2849 2850//2850 2827//2827
f 2850//2850 2849//2849 2846//2846 2845//2845
f 2831//2831 2829//2829 2850//2850 2845//2845
f 2827//2827 2850//2850 2829//2829 2820//2820
f 2851//2851 2852//2852 2853//2853
f 1071//1071 2851//2851 2854//2854 1072//1072
f 1068//1068 1084//1084 2851//2851 1071//1071
f 2852//2852 2851//2851 1084//1084 1087//1087
f 1170//1170 2855//2855 2856//2856 1171//1171
f 2852//2852 2856//2856 2855//2855 2853//2853
f 1166//1166 2856//2856 2852//2852 1087//1087
f 1167//1167 1171//1171 2856//2856 1166//1166
f 1176//1176 2857//2857 2858//2858 1177//1177
f 2859//2859 2858//2858 2857//2857 2860//2860
f 2853//2853 2855//2855 2858//2858
f 1177//1177 2858//2858 2855//2855 1170//1170
f 1032//1032 1073//1073 2861//2861 1039//1039
f 2862//2862 2861//2861 1073//1073 1072//1072
f 2863//2863 2864//2864 2861//2861 2862//2862
f 1039//1039 2861//2861 2864//2864 1036//1036
f 1072//1072 2854//2854 2865//2865 2862//2862
f 2866//2866 2865//2865 2854//2854 2853//2853
f 2867//2867 2868//2868 2865//2865 2866//2866
f 2862//2862 2865//2865 2868//2868 2863//2863
f 2860//2860 2869//2869 2870//2870 2859//2859
f 2866//2866 2870//2870 2869//2869 2867//2867
f 2870//2870 2866//2866 2853//2853
f 1036//1036 2864//2864 2871//2871 1043//1043
f 2872//2872 2871//2871 2864//2864 2863//2863
f 2873//2873 2874//2874 2871//2871 2872//2872
f 1043//1043 2871//2871 2874//2874 1040//1040
f 1176//1176 1179//1179 2875//2875 2857//2857
f 2876//2876 2875//2875 1179//1179 1178//1178
f 2877//2877 2878//2878 2875//2875 2876//2876
f 2860//2860 2857//2857 2875//2875 2878//2878
f 2863//2863 2868//2868 2879//2879 2872//2872
f 2880//2880 2879//2879 2868//2868 2867//2867
f 2881//2881 2882//2882 2879//2879 2880//2880
f 2882//2882 2873//2873 2872//2872
f 2877//2877 2883//2883 2884//2884 2878//2878
f 2880//2880 2884//2884 2883//2883 2881//2881
f 2867//2867 2869//2869 2884//2884 2880//2880
f 2878//2878 2884//2884 2869//2869 2860//2860
f 2885//2885 2886//2886 2874//2874 2873//2873
f 2885//2885 2887//2887 2888//2888
f 1047//1047 1044//1044 2886//2886 2888//2888
f 2886//2886 1044//1044 1040//1040 2874//2874
f 1178//1178 1183//1183 2889//2889 2876//2876
f 2890//2890 2889//2889 1183//1183 1182//1182
f 2891//2891 2892//2892 2889//2889 2890//2890
f 2876//2876 2889//2889 2892//2892 2877//2877
f 2893//2893 2894//2894 2882//2882 2881//2881
f 2895//2895 2894//2894 2893//2893 2896//2896
f 2894//2894 2895//2895 2887//2887
f 2894//2894 2885//2885 2873//2873
f 2877//2877 2892//2892 2897//2897 2883//2883
f 2898//2898 2897//2897 2892//2892 2891//2891
f 2896//2896 2893//2893 2897//2897 2898//2898
f 2897//2897 2893//2893 2881//2881 2883//2883
f 2899//2899 2888//2888 2887//2887
f 2900//2900 2899//2899 2901//2901 2902//2902
f 1049//1049 1048//1048 2899//2899 2900//2900
f 2888//2888 2899//2899 1048//1048 1047//1047
f 2896//2896 2903//2903 2904//2904 2895//2895
f 2905//2905 2904//2904 2903//2903 2906//2906
f 2902//2902 2901//2901 2904//2904 2905//2905
f 2895//2895 2904//2904 2901//2901 2887//2887
f 2907//2907 2908//2908 2909//2909 2910//2910
f 2608//2608 2909//2909 2908//2908 2573//2573
f 2610//2610 2611//2611 2909//2909 2608//2608
f 2910//2910 2909//2909 2611//2611 1055//1055
f 2902//2902 2911//2911 2912//2912 2900//2900
f 2910//2910 2912//2912 2911//2911 2907//2907
f 1055//1055 1052//1052 2912//2912 2910//2910
f 2900//2900 2912//2912 1052//1052 1049//1049
f 2906//2906 2913//2913 2914//2914 2905//2905
f 2915//2915 2914//2914 2913//2913 2916//2916
f 2914//2914 2915//2915 2907//2907
f 2905//2905 2914//2914 2911//2911 2902//2902
f 1182//1182 1187//1187 2917//2917 2890//2890
f 2918//2918 2917//2917 1187//1187 1186//1186
f 2919//2919 2920//2920 2917//2917 2918//2918
f 2890//2890 2917//2917 2920//2920 2891//2891
f 2891//2891 2920//2920 2921//2921 2898//2898
f 2922//2922 2921//2921 2920//2920 2919//2919
f 2906//2906 2903//2903 2921//2921 2922//2922
f 2898//2898 2921//2921 2903//2903 2896//2896
f 2573//2573 2908//2908 2923//2923 2572//2572
f 2908//2908 2907//2907 2924//2924
f 2925//2925 2926//2926 2923//2923 2924//2924
f 2572//2572 2923//2923 2926//2926 2537//2537
f 2546//2546 2927//2927 2928//2928 2542//2542
f 2929//2929 2928//2928 2927//2927 2930//2930
f 1149//1149 2519//2519 2928//2928 2929//2929
f 2542//2542 2928//2928 2519//2519 2518//2518
f 2931//2931 2915//2915 2916//2916
f 2932//2932 2933//2933 2934//2934
f 2925//2925 2924//2924 2931//2931
f 2924//2924 2907//2907 2915//2915
f 2927//2927 2935//2935 2936//2936 2930//2930
f 2552//2552 2935//2935 2927//2927 2546//2546
f 2537//2537 2926//2926 2935//2935 2552//2552
f 2936//2936 2935//2935 2926//2926 2925//2925
f 2933//2933 2937//2937 2938//2938 2934//2934
f 2936//2936 2938//2938 2937//2937 2930//2930
f 2925//2925 2934//2934 2938//2938 2936//2936
f 1186//1186 2939//2939 2940//2940 2918//2918
f 2937//2937 2940//2940 2939//2939 2930//2930
f 2933//2933 2941//2941 2940//2940 2937//2937
f 2918//2918 2940//2940 2941//2941 2919//2919
f 1144//1144 1150//1150 2942//2942 1189//1189
f 2929//2929 2942//2942 1150//1150 1149//1149
f 2939//2939 2942//2942 2929//2929 2930//2930
f 1189//1189 2942//2942 2939//2939 1186//1186
f 2919//2919 2941//2941 2943//2943 2922//2922
f 2941//2941 2933//2933 2932//2932
f 2916//2916 2913//2913 2943//2943 2932//2932
f 2922//2922 2943//2943 2913//2913 2906//2906
f 2944//2944 2945//2945 1349//1349 1348//1348
f 2946//2946 2945//2945 2944//2944 2947//2947
f 2948//2948 2949//2949 2945//2945 2946//2946
f 1349//1349 2945//2945 2949//2949 1353//1353
f 2950//2950 2944//2944 1348//1348
f 1355//1355 1354//1354 2951//2951
f 2952//2952 2953//2953 2950//2950 2951//2951
f 2947//2947 2944//2944 2950//2950 2953//2953
f 2947//2947 2953//2953 2954//2954 2946//2946
f 2955//2955 2954//2954 2953//2953 2952//2952
f 2956//2956 2957//2957 2954//2954 2955//2955
f 2946//2946 2954//2954 2957//2957 2948//2948
f 2958//2958 2959//2959 1361//1361 1360//1360
f 2960//2960 2959//2959 2958//2958 2961//2961
f 2951//2951 2959//2959 2960//2960 2952//2952
f 1354//1354 1361//1361 2959//2959 2951//2951
f 1364//1364 1395//1395 2962//2962 1365//1365
f 2963//2963 2962//2962 1395//1395 1399//1399
f 2961//2961 2958//2958 2962//2962 2963//2963
f 2958//2958 1360//1360 1365//1365
f 1399//1399 2964//2964 2965//2965 2963//2963
f 2964//2964 2966//2966 2967//2967
f 2968//2968 2969//2969 2965//2965 2967//2967
f 2963//2963 2965//2965 2969//2969 2961//2961
f 2970//2970 2375//2375 2374//2374
f 2964//2964 2970//2970 2971//2971 2966//2966
f 1399//1399 1398//1398 2970//2970 2964//2964
f 2375//2375 2970//2970 1398//1398 1397//1397
f 2433//2433 2972//2972 2973//2973 2432//2432
f 2971//2971 2973//2973 2972//2972 2966//2966
f 2374//2374 2425//2425 2973//2973 2971//2971
f 2432//2432 2973//2973 2425//2425 2424//2424
f 2952//2952 2960//2960 2974//2974 2955//2955
f 2961//2961 2969//2969 2974//2974 2960//2960
f 2974//2974 2969//2969 2968//2968 2975//2975
f 2955//2955 2974//2974 2975//2975 2956//2956
f 2976//2976 2977//2977 2978//2978 2979//2979
f 2980//2980 2981//2981 2978//2978 2977//2977
f 2982//2982 2983//2983 2978//2978 2981//2981
f 2979//2979 2978//2978 2983//2983 2984//2984
f 2985//2985 2986//2986 2987//2987 2988//2988
f 2983//2983 2987//2987 2986//2986 2984//2984
f 2989//2989 2987//2987 2983//2983 2982//2982
f 2989//2989 2990//2990 2988//2988
f 2991//2991 2992//2992 2993//2993 2994//2994
f 2979//2979 2993//2993 2992//2992 2976//2976
f 2993//2993 2979//2979 2984//2984 2995//2995
f 2996//2996 2994//2994 2993//2993 2995//2995
f 2985//2985 2997//2997 2998//2998 2986//2986
f 2999//2999 2998//2998 2997//2997 3000//3000
f 2998//2998 2999//2999 2996//2996 2995//2995
f 2984//2984 2986//2986 2998//2998 2995//2995
f 3000//3000 2997//2997 3001//3001 3002//3002
f 2988//2988 3001//3001 2997//2997 2985//2985
f 2990//2990 3003//3003 3001//3001 2988//2988
f 3002//3002 3001//3001 3003//3003 3004//3004
f 2980//2980 3005//3005 3006//3006 3007//3007
f 3008//3008 3006//3006 3005//3005 3009//3009
f 3010//3010 3011//3011 3006//3006 3008//3008
f 3007//3007 3006//3006 3011//3011 3012//3012
f 2982//2982 2981//2981 3013//3013 3014//3014
f 3007//3007 3013//3013 2981//2981 2980//2980
f 3012//3012 3015//3015 3013//3013 3007//3007
f 3014//3014 3013//3013 3015//3015 3016//3016
f 3017//3017 2989//2989 2982//2982
f 3018//3018 3017//3017 3014//3014 3016//3016
f 3019//3019 3020//3020 3017//3017 3018//3018
f 2989//2989 3017//3017 3020//3020 2990//2990
f 3021//3021 3022//3022 3004//3004
f 3003//3003 2990//2990 3020//3020
f 3023//3023 3021//3021 3020//3020 3019//3019
f 3023//3023 3024//3024 3022//3022
f 3025//3025 3026//3026 3027//3027 3028//3028
f 2999//2999 3025//3025 3028//3028 2996//2996
f 3000//3000 3029//3029 3025//3025 2999//2999
f 3026//3026 3025//3025 3029//3029 3030//3030
f 3004//3004 3031//3031 3032//3032 3002//3002
f 3031//3031 3033//3033 3034//3034
f 3032//3032 3034//3034 3030//3030
f 3002//3002 3032//3032 3029//3029 3000//3000
f 3022//3022 3024//3024 3035//3035
f 3036//3036 3035//3035 3037//3037
f 3031//3031 3036//3036 3038//3038 3033//3033
f 3031//3031 3004//3004 3022//3022
f 3037//3037 3035//3035 3039//3039 3040//3040
f 3035//3035 3024//3024 3041//3041
f 3042//3042 3039//3039 3041//3041 3043//3043
f 3042//3042 3044//3044 3040//3040
f 3044//3044 3042//3042 3045//3045 3046//3046
f 3047//3047 3045//3045 3042//3042 3043//3043
f 3048//3048 3049//3049 3045//3045 3047//3047
f 3050//3050 3046//3046 3045//3045 3049//3049
f 3051//3051 3052//3052 3053//3053 3054//3054
f 3049//3049 3053//3053 3052//3052 3050//3050
f 3055//3055 3053//3053 3049//3049 3048//3048
f 3054//3054 3053//3053 3055//3055 3056//3056
f 3057//3057 3058//3058 3059//3059 3060//3060
f 3061//3061 3062//3062 3059//3059 3058//3058
f 3063//3063 3059//3059 3062//3062 3064//3064
f 3060//3060 3059//3059 3063//3063 3010//3010
f 3012//3012 3011//3011 3065//3065 3066//3066
f 3063//3063 3065//3065 3011//3011 3010//3010
f 3064//3064 3067//3067 3065//3065 3063//3063
f 3066//3066 3065//3065 3067//3067 3068//3068
f 3069//3069 3070//3070 3016//3016
f 3066//3066 3069//3069 3015//3015 3012//3012
f 3068//3068 3071//3071 3069//3069 3066//3066
f 3070//3070 3069//3069 3071//3071 3072//3072
f 3016//3016 3070//3070 3073//3073 3018//3018
f 3074//3074 3073//3073 3070//3070 3072//3072
f 3075//3075 3076//3076 3073//3073 3074//3074
f 3018//3018 3073//3073 3076//3076 3019//3019
f 3019//3019 3076//3076 3077//3077 3023//3023
f 3078//3078 3077//3077 3076//3076 3075//3075
f 3077//3077 3078//3078 3079//3079 3080//3080
f 3023//3023 3077//3077 3080//3080 3024//3024
f 3043//3043 3041//3041 3081//3081 3082//3082
f 3080//3080 3081//3081 3041//3041 3024//3024
f 3079//3079 3083//3083 3081//3081 3080//3080
f 3082//3082 3081//3081 3083//3083 3084//3084
f 3047//3047 3085//3085 3086//3086 3048//3048
f 3082//3082 3085//3085 3047//3047 3043//3043
f 3084//3084 3087//3087 3085//3085 3082//3082
f 3086//3086 3085//3085 3087//3087 3088//3088
f 3048//3048 3086//3086 3089//3089 3055//3055
f 3088//3088 3090//3090 3089//3089 3086//3086
f 3091//3091 3089//3089 3090//3090 3092//3092
f 3056//3056 3055//3055 3089//3089 3091//3091
f 3061//3061 3093//3093 3094//3094 3062//3062
f 3095//3095 3094//3094 3093//3093 3096//3096
f 3097//3097 3098//3098 3094//3094 3095//3095
f 3062//3062 3094//3094 3098//3098 3064//3064
f 3098//3098 3099//3099 3067//3067 3064//3064
f 3100//3100 3099//3099 3098//3098 3097//3097
f 3101//3101 3102//3102 3099//3099 3100//3100
f 3068//3068 3067//3067 3099//3099 3102//3102
f 3103//3103 3104//3104 3105//3105 3106//3106
f 3072//3072 3071//3071 3105//3105 3104//3104
f 3102//3102 3105//3105 3071//3071 3068//3068
f 3106//3106 3105//3105 3102//3102 3101//3101
f 3106//3106 3107//3107 3108//3108 3103//3103
f 3109//3109 3107//3107 3106//3106 3101//3101
f 3107//3107 3109//3109 3110//3110
f 3111//3111 3112//3112 3113//3113 3114//3114
f 3074//3074 3113//3113 3112//3112 3075//3075
f 3072//3072 3104//3104 3113//3113 3074//3074
f 3114//3114 3113//3113 3104//3104 3103//3103
f 3079//3079 3078//3078 3115//3115 3116//3116
f 3112//3112 3115//3115 3078//3078 3075//3075
f 3117//3117 3115//3115 3112//3112 3111//3111
f 3118//3118 3116//3116 3115//3115 3117//3117
f 3084//3084 3083//3083 3119//3119 3120//3120
f 3116//3116 3119//3119 3083//3083 3079//3079
f 3119//3119 3116//3116 3118//3118 3121//3121
f 3122//3122 3120//3120 3119//3119 3121//3121
f 3123//3123 3124//3124 3125//3125 3126//3126
f 3088//3088 3087//3087 3125//3125 3124//3124
f 3120//3120 3125//3125 3087//3087 3084//3084
f 3126//3126 3125//3125 3120//3120 3122//3122
f 3127//3127 3128//3128 3129//3129 3130//3130
f 3128//3128 3030//3030 3034//3034
f 3033//3033 3131//3131 3129//3129 3034//3034
f 3130//3130 3129//3129 3131//3131 3132//3132
f 3133//3133 3134//3134 3135//3135 3136//3136
f 3130//3130 3135//3135 3134//3134 3127//3127
f 3132//3132 3137//3137 3135//3135 3130//3130
f 3136//3136 3135//3135 3137//3137 3138//3138
f 3132//3132 3131//3131 3139//3139 3140//3140
f 3038//3038 3139//3139 3131//3131 3033//3033
f 3037//3037 3141//3141 3139//3139 3038//3038
f 3140//3140 3139//3139 3141//3141 3142//3142
f 3138//3138 3137//3137 3143//3143 3144//3144
f 3140//3140 3143//3143 3137//3137 3132//3132
f 3142//3142 3145//3145 3143//3143 3140//3140
f 3144//3144 3143//3143 3145//3145 3146//3146
f 3147//3147 3148//3148 3149//3149 3150//3150
f 3144//3144 3149//3149 3148//3148 3138//3138
f 3146//3146 3151//3151 3149//3149 3144//3144
f 3150//3150 3149//3149 3151//3151 3152//3152
f 3142//3142 3141//3141 3153//3153 3154//3154
f 3040//3040 3153//3153 3141//3141 3037//3037
f 3044//3044 3155//3155 3153//3153 3040//3040
f 3154//3154 3153//3153 3155//3155 3156//3156
f 3157//3157 3158//3158 3159//3159 3160//3160
f 3161//3161 3159//3159 3158//3158 3162//3162
f 3152//3152 3151//3151 3159//3159 3161//3161
f 3160//3160 3159//3159 3151//3151 3146//3146
f 3146//3146 3145//3145 3163//3163 3160//3160
f 3154//3154 3163//3163 3145//3145 3142//3142
f 3156//3156 3164//3164 3163//3163 3154//3154
f 3160//3160 3163//3163 3164//3164 3157//3157
f 3156//3156 3155//3155 3165//3165 3166//3166
f 3046//3046 3165//3165 3155//3155 3044//3044
f 3050//3050 3167//3167 3165//3165 3046//3046
f 3167//3167 3168//3168 3166//3166
f 3169//3169 3170//3170 3168//3168
f 3052//3052 3169//3169 3167//3167 3050//3050
f 3051//3051 3171//3171 3169//3169 3052//3052
f 3170//3170 3169//3169 3171//3171 3172//3172
f 3157//3157 3164//3164 3173//3173 3174//3174
f 3166//3166 3173//3173 3164//3164 3156//3156
f 3168//3168 3175//3175 3173//3173 3166//3166
f 3174//3174 3173//3173 3175//3175 3176//3176
f 3162//3162 3158//3158 3177//3177 3178//3178
f 3174//3174 3177//3177 3158//3158 3157//3157
f 3176//3176 3179//3179 3177//3177 3174//3174
f 3178//3178 3177//3177 3179//3179 3180//3180
f 3176//3176 3175//3175 3181//3181 3182//3182
f 3170//3170 3181//3181 3175//3175 3168//3168
f 3172//3172 3183//3183 3181//3181 3170//3170
f 3182//3182 3181//3181 3183//3183 3184//3184
f 3180//3180 3179//3179 3185//3185 3186//3186
f 3182//3182 3185//3185 3179//3179 3176//3176
f 3184//3184 3187//3187 3185//3185 3182//3182
f 3186//3186 3185//3185 3187//3187 3188//3188
f 3184//3184 3183//3183 3189//3189 3190//3190
f 3191//3191 3189//3189 3183//3183 3172//3172
f 3192//3192 3193//3193 3189//3189 3191//3191
f 3190//3190 3189//3189 3193//3193 3194//3194
f 3188//3188 3187//3187 3195//3195 3196//3196
f 3190//3190 3195//3195 3187//3187 3184//3184
f 3194//3194 3197//3197 3195//3195 3190//3190
f 3196//3196 3195//3195 3197//3197 3198//3198
f 3198//3198 3197//3197 3199//3199 3200//3200
f 3201//3201 3199//3199 3197//3197 3194//3194
f 3202//3202 3203//3203 3199//3199 3201//3201
f 3200//3200 3199//3199 3203//3203 3204//3204
f 3205//3205 3206//3206 3207//3207 3208//3208
f 3209//3209 3207//3207 3206//3206 3210//3210
f 3204//3204 3203//3203 3207//3207 3209//3209
f 3208//3208 3207//3207 3203//3203 3202//3202
f 3210//3210 3206//3206 3211//3211 3212//3212
f 3213//3213 3211//3211 3206//3206 3205//3205
f 3214//3214 3215//3215 3211//3211 3213//3213
f 3212//3212 3211//3211 3215//3215 3216//3216
f 3110//3110 3217//3217 3218//3218 3108//3108
f 3219//3219 3218//3218 3217//3217 3220//3220
f 3221//3221 3222//3222 3218//3218 3219//3219
f 3108//3108 3218//3218 3222//3222 3103//3103
f 3222//3222 3223//3223 3114//3114 3103//3103
f 3224//3224 3223//3223 3222//3222 3221//3221
f 3225//3225 3226//3226 3223//3223 3224//3224
f 3114//3114 3223//3223 3226//3226 3111//3111
f 3111//3111 3226//3226 3227//3227 3117//3117
f 3228//3228 3227//3227 3226//3226 3225//3225
f 3229//3229 3230//3230 3227//3227 3228//3228
f 3117//3117 3227//3227 3230//3230 3118//3118
f 3118//3118 3230//3230 3231//3231 3121//3121
f 3232//3232 3231//3231 3230//3230 3229//3229
f 3233//3233 3234//3234 3231//3231 3232//3232
f 3121//3121 3231//3231 3234//3234 3122//3122
f 3229//3229 3235//3235 3236//3236 3232//3232
f 3237//3237 3236//3236 3235//3235 3238//3238
f 3239//3239 3240//3240 3236//3236 3237//3237
f 3232//3232 3236//3236 3240//3240 3233//3233
f 3241//3241 3242//3242 3243//3243 3244//3244
f 3150//3150 3243//3243 3242//3242 3147//3147
f 3152//3152 3245//3245 3243//3243 3150//3150
f 3244//3244 3243//3243 3245//3245 3246//3246
f 3246//3246 3245//3245 3247//3247 3248//3248
f 3161//3161 3247//3247 3245//3245 3152//3152
f 3162//3162 3249//3249 3247//3247 3161//3161
f 3248//3248 3247//3247 3249//3249 3250//3250
f 3250//3250 3249//3249 3251//3251 3252//3252
f 3178//3178 3251//3251 3249//3249 3162//3162
f 3180//3180 3253//3253 3251//3251 3178//3178
f 3252//3252 3251//3251 3253//3253 3254//3254
f 3254//3254 3253//3253 3255//3255 3256//3256
f 3186//3186 3255//3255 3253//3253 3180//3180
f 3188//3188 3257//3257 3255//3255 3186//3186
f 3256//3256 3255//3255 3257//3257 3258//3258
f 3258//3258 3257//3257 3259//3259 3260//3260
f 3196//3196 3259//3259 3257//3257 3188//3188
f 3198//3198 3261//3261 3259//3259 3196//3196
f 3260//3260 3259//3259 3261//3261 3262//3262
f 3262//3262 3261//3261 3263//3263 3264//3264
f 3200//3200 3263//3263 3261//3261 3198//3198
f 3204//3204 3265//3265 3263//3263 3200//3200
f 3264//3264 3263//3263 3265//3265 3266//3266
f 3266//3266 3265//3265 3267//3267 3268//3268
f 3209//3209 3267//3267 3265//3265 3204//3204
f 3210//3210 3269//3269 3267//3267 3209//3209
f 3268//3268 3267//3267 3269//3269 3270//3270
f 3270//3270 3269//3269 3271//3271 3272//3272
f 3212//3212 3271//3271 3269//3269 3210//3210
f 3216//3216 3273//3273 3271//3271 3212//3212
f 3272//3272 3271//3271 3273//3273 3274//3274
f 3275//3275 3276//3276 3277//3277 3278//3278
f 3279//3279 3277//3277 3276//3276 3280//3280
f 3241//3241 3281//3281 3277//3277 3279//3279
f 3278//3278 3277//3277 3281//3281 3282//3282
f 3282//3282 3281//3281 3283//3283 3284//3284
f 3244//3244 3283//3283 3281//3281 3241//3241
f 3246//3246 3285//3285 3283//3283 3244//3244
f 3284//3284 3283//3283 3285//3285 3286//3286
f 3286//3286 3285//3285 3287//3287 3288//3288
f 3248//3248 3287//3287 3285//3285 3246//3246
f 3250//3250 3289//3289 3287//3287 3248//3248
f 3288//3288 3287//3287 3289//3289 3290//3290
f 3290//3290 3289//3289 3291//3291 3292//3292
f 3252//3252 3291//3291 3289//3289 3250//3250
f 3254//3254 3293//3293 3291//3291 3252//3252
f 3292//3292 3291//3291 3293//3293 3294//3294
f 3294//3294 3293//3293 3295//3295 3296//3296
f 3256//3256 3295//3295 3293//3293 3254//3254
f 3258//3258 3297//3297 3295//3295 3256//3256
f 3296//3296 3295//3295 3297//3297 3298//3298
f 3298//3298 3297//3297 3299//3299 3300//3300
f 3260//3260 3299//3299 3297//3297 3258//3258
f 3262//3262 3301//3301 3299//3299 3260//3260
f 3300//3300 3299//3299 3301//3301 3302//3302
f 3302//3302 3301//3301 3303//3303 3304//3304
f 3264//3264 3303//3303 3301//3301 3262//3262
f 3266//3266 3305//3305 3303//3303 3264//3264
f 3304//3304 3303//3303 3305//3305 3306//3306
f 3306//3306 3305//3305 3307//3307 3308//3308
f 3268//3268 3307//3307 3305//3305 3266//3266
f 3270//3270 3309//3309 3307//3307 3268//3268
f 3308//3308 3307//3307 3309//3309 3310//3310
f 3311//3311 3312//3312 3313//3313 3314//3314
f 3315//3315 3313//3313 3312//3312 3316//3316
f 3275//3275 3317//3317 3313//3313 3315//3315
f 3314//3314 3313//3313 3317//3317 3318//3318
f 3318//3318 3317//3317 3319//3319 3320//3320
f 3278//3278 3319//3319 3317//3317 3275//3275
f 3282//3282 3321//3321 3319//3319 3278//3278
f 3320//3320 3319//3319 3321//3321 3322//3322
f 3322//3322 3321//3321 3323//3323 3324//3324
f 3284//3284 3323//3323 3321//3321 3282//3282
f 3286//3286 3325//3325 3323//3323 3284//3284
f 3324//3324 3323//3323 3325//3325 3326//3326
f 3326//3326 3325//3325 3327//3327 3328//3328
f 3288//3288 3327//3327 3325//3325 3286//3286
f 3290//3290 3329//3329 3327//3327 3288//3288
f 3328//3328 3327//3327 3329//3329 3330//3330
f 3330//3330 3329//3329 3331//3331 3332//3332
f 3292//3292 3331//3331 3329//3329 3290//3290
f 3294//3294 3333//3333 3331//3331 3292//3292
f 3332//3332 3331//3331 3333//3333 3334//3334
f 3334//3334 3333//3333 3335//3335 3336//3336
f 3296//3296 3335//3335 3333//3333 3294//3294
f 3298//3298 3337//3337 3335//3335 3296//3296
f 3336//3336 3335//3335 3337//3337 3338//3338
f 3338//3338 3337//3337 3339//3339 3340//3340
f 3300//3300 3339//3339 3337//3337 3298//3298
f 3302//3302 3341//3341 3339//3339 3300//3300
f 3340//3340 3339//3339 3341//3341 3342//3342
f 3342//3342 3341//3341 3343//3343 3344//3344
f 3304//3304 3343//3343 3341//3341 3302//3302
f 3306//3306 3345//3345 3343//3343 3304//3304
f 3344//3344 3343//3343 3345//3345 3346//3346
f 3346//3346 3345//3345 3347//3347 3348//3348
f 3308//3308 3347//3347 3345//3345 3306//3306
f 3310//3310 3349//3349 3347//3347 3308//3308
f 3348//3348 3347//3347 3349//3349 3350//3350
f 3351//3351 3352//3352 3353//3353 3354//3354
f 3060//3060 3352//3352 3351//3351 3057//3057
f 3010//3010 3355//3355 3352//3352 3060//3060
f 3353//3353 3352//3352 3355//3355 3356//3356
f 3357//3357 3358//3358 3009//3009
f 3005//3005 2980//2980 2977//2977
f 2976//2976 3359//3359 3357//3357 2977//2977
f 3358//3358 3357//3357 3359//3359 3360//3360
f 2976//2976 2992//2992 3361//3361 3359//3359
f 3362//3362 3361//3361 2992//2992 2991//2991
f 3363//3363 3364//3364 3361//3361 3362//3362
f 3359//3359 3361//3361 3364//3364 3360//3360
f 3363//3363 3365//3365 3366//3366 3364//3364
f 3367//3367 3366//3366 3365//3365 3368//3368
f 3369//3369 3370//3370 3366//3366 3367//3367
f 3370//3370 3360//3360 3364//3364
f 3356//3356 3355//3355 3371//3371 3372//3372
f 3008//3008 3371//3371 3355//3355 3010//3010
f 3009//3009 3358//3358 3371//3371 3008//3008
f 3372//3372 3371//3371 3358//3358 3360//3360
f 3369//3369 3373//3373 3374//3374 3370//3370
f 3373//3373 3356//3356 3372//3372
f 3372//3372 3360//3360 3370//3370
f 3375//3375 3376//3376 3377//3377 3378//3378
f 3379//3379 3377//3377 3376//3376 3380//3380
f 3381//3381 3382//3382 3377//3377 3379//3379
f 3378//3378 3377//3377 3382//3382 3383//3383
f 3383//3383 3382//3382 3384//3384 3385//3385
f 3386//3386 3384//3384 3382//3382 3381//3381
f 3387//3387 3388//3388 3384//3384 3386//3386
f 3385//3385 3384//3384 3388//3388 3389//3389
f 3390//3390 3391//3391 3392//3392 3393//3393
f 3394//3394 3392//3392 3391//3391 3395//3395
f 3389//3389 3388//3388 3392//3392 3394//3394
f 3393//3393 3392//3392 3388//3388 3387//3387
f 3395//3395 3391//3391 3396//3396 3397//3397
f 3398//3398 3396//3396 3391//3391 3390//3390
f 3399//3399 3400//3400 3396//3396 3398//3398
f 3397//3397 3396//3396 3400//3400 3401//3401
f 3402//3402 3403//3403 3404//3404 3405//3405
f 3406//3406 3404//3404 3403//3403 3401//3401
f 3407//3407 3408//3408 3404//3404 3406//3406
f 3405//3405 3404//3404 3408//3408 3409//3409
f 3410//3410 3411//3411 3412//3412 3413//3413
f 3411//3411 3407//3407 3406//3406
f 3401//3401 3400//3400 3412//3412 3406//3406
f 3413//3413 3412//3412 3400//3400 3399//3399
f 3414//3414 3415//3415 3416//3416 3417//3417
f 3351//3351 3416//3416 3415//3415 3057//3057
f 3354//3354 3418//3418 3416//3416 3351//3351
f 3417//3417 3416//3416 3418//3418 3419//3419
f 3420//3420 3421//3421 3422//3422 3423//3423
f 3058//3058 3422//3422 3421//3421 3061//3061
f 3057//3057 3415//3415 3422//3422 3058//3058
f 3423//3423 3422//3422 3415//3415 3414//3414
f 3096//3096 3424//3424 3425//3425 3095//3095
f 3426//3426 3425//3425 3424//3424 3427//3427
f 3428//3428 3429//3429 3425//3425 3426//3426
f 3095//3095 3425//3425 3429//3429 3097//3097
f 3097//3097 3429//3429 3430//3430 3100//3100
f 3431//3431 3430//3430 3429//3429 3428//3428
f 3432//3432 3430//3430 3431//3431 3433//3433
f 3100//3100 3430//3430 3432//3432 3101//3101
f 3220//3220 3217//3217 3434//3434 3435//3435
f 3109//3109 3434//3434 3217//3217 3110//3110
f 3101//3101 3432//3432 3434//3434 3109//3109
f 3435//3435 3434//3434 3432//3432 3433//3433
f 3096//3096 3093//3093 3436//3436 3437//3437
f 3421//3421 3436//3436 3093//3093 3061//3061
f 3420//3420 3438//3438 3436//3436 3421//3421
f 3438//3438 3439//3439 3437//3437
f 3440//3440 3441//3441 3442//3442
f 3417//3417 3440//3440 3443//3443 3414//3414
f 3419//3419 3444//3444 3440//3440 3417//3417
f 3441//3441 3440//3440 3444//3444 3445//3445
f 3439//3439 3438//3438 3446//3446 3447//3447
f 3423//3423 3446//3446 3438//3438 3420//3420
f 3414//3414 3443//3443 3446//3446 3423//3423
f 3443//3443 3442//3442 3447//3447
f 3427//3427 3424//3424 3448//3448 3449//3449
f 3437//3437 3448//3448 3424//3424 3096//3096
f 3437//3437 3439//3439 3449//3449
f 3450//3450 3451//3451 3452//3452 3453//3453
f 3426//3426 3452//3452 3451//3451 3428//3428
f 3427//3427 3454//3454 3452//3452 3426//3426
f 3453//3453 3452//3452 3454//3454 3455//3455
f 3455//3455 3454//3454 3456//3456 3457//3457
f 3449//3449 3456//3456 3454//3454 3427//3427
f 3439//3439 3458//3458 3456//3456 3449//3449
f 3457//3457 3456//3456 3458//3458 3459//3459
f 3460//3460 3461//3461 3459//3459
f 3458//3458 3439//3439 3447//3447
f 3460//3460 3447//3447 3442//3442
f 3462//3462 3463//3463 3461//3461
f 3464//3464 3465//3465 3463//3463
f 3442//3442 3466//3466 3464//3464 3462//3462
f 3465//3465 3464//3464 3466//3466 3467//3467
f 3468//3468 3469//3469 3467//3467
f 3441//3441 3468//3468 3466//3466 3442//3442
f 3445//3445 3470//3470 3468//3468 3441//3441
f 3470//3470 3471//3471 3469//3469
f 3472//3472 3473//3473 3474//3474 3475//3475
f 3465//3465 3474//3474 3473//3473 3463//3463
f 3474//3474 3465//3465 3467//3467
f 3476//3476 3477//3477 3475//3475
f 3478//3478 3479//3479 3480//3480 3481//3481
f 3461//3461 3480//3480 3479//3479 3459//3459
f 3463//3463 3473//3473 3480//3480 3461//3461
f 3481//3481 3480//3480 3473//3473 3472//3472
f 3482//3482 3483//3483 3484//3484 3485//3485
f 3457//3457 3484//3484 3483//3483 3455//3455
f 3459//3459 3479//3479 3484//3484 3457//3457
f 3485//3485 3484//3484 3479//3479 3478//3478
f 3486//3486 3487//3487 3488//3488 3489//3489
f 3450//3450 3453//3453 3487//3487 3486//3486
f 3455//3455 3483//3483 3487//3487 3453//3453
f 3488//3488 3487//3487 3483//3483 3482//3482
f 3490//3490 3491//3491 3492//3492 3493//3493
f 3470//3470 3492//3492 3491//3491 3471//3471
f 3494//3494 3492//3492 3470//3470 3445//3445
f 3493//3493 3492//3492 3494//3494 3495//3495
f 3380//3380 3496//3496 3497//3497 3379//3379
f 3498//3498 3497//3497 3496//3496 3499//3499
f 3500//3500 3501//3501 3497//3497 3498//3498
f 3379//3379 3497//3497 3501//3501 3381//3381
f 3502//3502 3503//3503 3504//3504 3505//3505
f 3493//3493 3504//3504 3503//3503 3490//3490
f 3495//3495 3506//3506 3504//3504 3493//3493
f 3505//3505 3504//3504 3506//3506 3507//3507
f 3499//3499 3508//3508 3509//3509 3498//3498
f 3505//3505 3509//3509 3508//3508 3502//3502
f 3507//3507 3510//3510 3509//3509 3505//3505
f 3498//3498 3509//3509 3510//3510 3500//3500
f 3445//3445 3444//3444 3511//3511 3494//3494
f 3512//3512 3511//3511 3444//3444 3419//3419
f 3513//3513 3514//3514 3511//3511 3512//3512
f 3494//3494 3511//3511 3514//3514 3495//3495
f 3515//3515 3516//3516 3517//3517 3518//3518
f 3386//3386 3517//3517 3516//3516 3387//3387
f 3381//3381 3501//3501 3517//3517 3386//3386
f 3518//3518 3517//3517 3501//3501 3500//3500
f 3495//3495 3514//3514 3519//3519 3506//3506
f 3520//3520 3519//3519 3514//3514 3513//3513
f 3521//3521 3522//3522 3519//3519 3520//3520
f 3506//3506 3519//3519 3522//3522 3507//3507
f 3515//3515 3518//3518 3523//3523 3524//3524
f 3510//3510 3523//3523 3518//3518 3500//3500
f 3507//3507 3522//3522 3523//3523 3510//3510
f 3524//3524 3523//3523 3522//3522 3521//3521
f 3419//3419 3418//3418 3525//3525 3512//3512
f 3526//3526 3525//3525 3418//3418 3354//3354
f 3525//3525 3526//3526 3527//3527
f 3528//3528 3513//3513 3512//3512
f 3387//3387 3516//3516 3529//3529 3393//3393
f 3530//3530 3529//3529 3516//3516 3515//3515
f 3531//3531 3532//3532 3529//3529 3530//3530
f 3393//3393 3529//3529 3532//3532 3390//3390
f 3533//3533 3520//3520 3513//3513
f 3528//3528 3527//3527 3534//3534
f 3535//3535 3536//3536 3533//3533 3534//3534
f 3520//3520 3533//3533 3536//3536 3521//3521
f 3531//3531 3530//3530 3537//3537 3538//3538
f 3524//3524 3537//3537 3530//3530 3515//3515
f 3521//3521 3536//3536 3537//3537 3524//3524
f 3538//3538 3537//3537 3536//3536 3535//3535
f 3398//3398 3539//3539 3540//3540 3399//3399
f 3390//3390 3532//3532 3539//3539 3398//3398
f 3531//3531 3541//3541 3539//3539 3532//3532
f 3540//3540 3539//3539 3541//3541 3542//3542
f 3354//3354 3353//3353 3543//3543 3526//3526
f 3544//3544 3543//3543 3353//3353 3356//3356
f 3543//3543 3544//3544 3545//3545
f 3546//3546 3527//3527 3526//3526
f 3527//3527 3546//3546 3547//3547 3534//3534
f 3548//3548 3547//3547 3546//3546 3545//3545
f 3549//3549 3550//3550 3547//3547 3548//3548
f 3534//3534 3547//3547 3550//3550 3535//3535
f 3542//3542 3541//3541 3551//3551 3552//3552
f 3538//3538 3551//3551 3541//3541 3531//3531
f 3535//3535 3550//3550 3551//3551 3538//3538
f 3552//3552 3551//3551 3550//3550 3549//3549
f 3413//3413 3553//3553 3554//3554 3410//3410
f 3399//3399 3540//3540 3553//3553 3413//3413
f 3542//3542 3555//3555 3553//3553 3540//3540
f 3554//3554 3553//3553 3555//3555 3556//3556
f 3557//3557 3558//3558 3559//3559
f 3544//3544 3557//3557 3560//3560 3545//3545
f 3557//3557 3544//3544 3356//3356
f 3558//3558 3557//3557 3373//3373 3369//3369
f 3556//3556 3555//3555 3561//3561 3562//3562
f 3552//3552 3561//3561 3555//3555 3542//3542
f 3561//3561 3552//3552 3549//3549
f 3562//3562 3561//3561 3563//3563 3564//3564
f 3564//3564 3563//3563 3565//3565 3566//3566
f 3548//3548 3565//3565 3563//3563 3549//3549
f 3545//3545 3560//3560 3565//3565 3548//3548
f 3566//3566 3565//3565 3560//3560 3559//3559
f 3280//3280 3276//3276 3567//3567 3568//3568
f 3315//3315 3567//3567 3276//3276 3275//3275
f 3316//3316 3569//3569 3567//3567 3315//3315
f 3568//3568 3567//3567 3569//3569 3570//3570
f 3571//3571 3572//3572 3573//3573
f 3026//3026 3571//3571 3574//3574 3027//3027
f 3571//3571 3026//3026 3030//3030
f 3572//3572 3571//3571 3128//3128 3127//3127
f 3568//3568 3575//3575 3576//3576 3280//3280
f 3570//3570 3577//3577 3575//3575 3568//3568
f 3578//3578 3575//3575 3577//3577 3579//3579
f 3580//3580 3576//3576 3575//3575 3578//3578
f 3133//3133 3136//3136 3581//3581 3582//3582
f 3138//3138 3148//3148 3581//3581 3136//3136
f 3583//3583 3581//3581 3148//3148 3147//3147
f 3582//3582 3581//3581 3583//3583 3580//3580
f 3580//3580 3584//3584 3585//3585 3582//3582
f 3572//3572 3585//3585 3584//3584 3573//3573
f 3127//3127 3134//3134 3585//3585 3572//3572
f 3582//3582 3585//3585 3134//3134 3133//3133
f 3579//3579 3586//3586 3587//3587 3578//3578
f 3573//3573 3584//3584 3587//3587 3586//3586
f 3578//3578 3587//3587 3584//3584 3580//3580
f 3147//3147 3242//3242 3588//3588 3583//3583
f 3279//3279 3588//3588 3242//3242 3241//3241
f 3280//3280 3576//3576 3588//3588 3279//3279
f 3583//3583 3588//3588 3576//3576 3580//3580
f 3428//3428 3451//3451 3589//3589 3431//3431
f 3451//3451 3450//3450 3590//3590
f 3591//3591 3592//3592 3589//3589 3590//3590
f 3431//3431 3589//3589 3592//3592 3433//3433
f 3590//3590 3593//3593 3594//3594 3591//3591
f 3486//3486 3593//3593 3590//3590 3450//3450
f 3489//3489 3595//3595 3593//3593 3486//3486
f 3596//3596 3594//3594 3593//3593 3595//3595
f 3597//3597 3596//3596 3595//3595
f 3598//3598 3599//3599 3595//3595 3489//3489
f 3600//3600 3597//3597 3599//3599
f 3601//3601 3602//3602 3600//3600
f 3489//3489 3488//3488 3601//3601 3598//3598
f 3482//3482 3603//3603 3601//3601 3488//3488
f 3603//3603 3604//3604 3602//3602
f 3604//3604 3603//3603 3605//3605 3606//3606
f 3485//3485 3605//3605 3603//3603 3482//3482
f 3478//3478 3607//3607 3605//3605 3485//3485
f 3606//3606 3605//3605 3607//3607 3608//3608
f 3608//3608 3607//3607 3609//3609 3610//3610
f 3481//3481 3609//3609 3607//3607 3478//3478
f 3472//3472 3611//3611 3609//3609 3481//3481
f 3610//3610 3609//3609 3611//3611 3612//3612
f 3612//3612 3611//3611 3613//3613 3614//3614
f 3475//3475 3613//3613 3611//3611 3472//3472
f 3477//3477 3615//3615 3613//3613 3475//3475
f 3614//3614 3613//3613 3615//3615 3616//3616
f 3617//3617 3618//3618 3619//3619 3620//3620
f 3614//3614 3618//3618 3617//3617 3612//3612
f 3616//3616 3619//3619 3618//3618 3614//3614
f 3621//3621 3622//3622 3623//3623 3624//3624
f 3610//3610 3623//3623 3622//3622 3608//3608
f 3612//3612 3617//3617 3623//3623 3610//3610
f 3624//3624 3623//3623 3617//3617 3620//3620
f 3625//3625 3626//3626 3627//3627 3628//3628
f 3606//3606 3627//3627 3626//3626 3604//3604
f 3608//3608 3622//3622 3627//3627 3606//3606
f 3628//3628 3627//3627 3622//3622 3621//3621
f 3602//3602 3629//3629 3630//3630 3600//3600
f 3604//3604 3626//3626 3629//3629 3602//3602
f 3625//3625 3631//3631 3629//3629 3626//3626
f 3630//3630 3629//3629 3631//3631 3632//3632
f 3633//3633 3634//3634 3635//3635
f 3596//3596 3597//3597 3636//3636 3635//3635
f 3600//3600 3630//3630 3636//3636 3597//3597
f 3632//3632 3633//3633 3636//3636 3630//3630
f 3591//3591 3594//3594 3637//3637 3638//3638
f 3635//3635 3637//3637 3594//3594 3596//3596
f 3637//3637 3635//3635 3634//3634
f 3639//3639 3640//3640 3638//3638
f 3641//3641 3642//3642 3643//3643
f 3592//3592 3641//3641 3644//3644 3433//3433
f 3638//3638 3641//3641 3592//3592 3591//3591
f 3640//3640 3642//3642 3641//3641 3638//3638
f 3645//3645 3435//3435 3433//3433
f 3644//3644 3643//3643 3646//3646
f 3647//3647 3648//3648 3645//3645 3646//3646
f 3648//3648 3220//3220 3435//3435
f 3220//3220 3648//3648 3649//3649 3219//3219
f 3650//3650 3649//3649 3648//3648 3647//3647
f 3651//3651 3652//3652 3649//3649 3650//3650
f 3219//3219 3649//3649 3652//3652 3221//3221
f 3221//3221 3652//3652 3653//3653 3224//3224
f 3654//3654 3653//3653 3652//3652 3651//3651
f 3653//3653 3654//3654 3655//3655
f 3224//3224 3653//3653 3656//3656 3225//3225
f 3238//3238 3235//3235 3657//3657 3658//3658
f 3228//3228 3657//3657 3235//3235 3229//3229
f 3225//3225 3656//3656 3657//3657 3228//3228
f 3658//3658 3657//3657 3656//3656 3655//3655
f 3659//3659 3660//3660 3661//3661
f 3662//3662 3663//3663 3661//3661 3664//3664
f 3665//3665 3659//3659 3663//3663 3662//3662
f 3655//3655 3666//3666 3667//3667 3658//3658
f 3668//3668 3667//3667 3666//3666 3660//3660
f 3669//3669 3670//3670 3667//3667 3668//3668
f 3658//3658 3667//3667 3670//3670 3238//3238
f 3238//3238 3670//3670 3671//3671 3237//3237
f 3672//3672 3671//3671 3670//3670 3669//3669
f 3673//3673 3674//3674 3671//3671 3672//3672
f 3237//3237 3671//3671 3674//3674 3239//3239
f 3239//3239 3674//3674 3675//3675 3676//3676
f 3677//3677 3675//3675 3674//3674 3673//3673
f 3678//3678 3679//3679 3675//3675 3677//3677
f 3676//3676 3675//3675 3679//3679 3680//3680
f 3681//3681 3682//3682 3680//3680
f 3681//3681 3679//3679 3678//3678
f 3683//3683 3681//3681 3684//3684 3685//3685
f 3686//3686 3682//3682 3681//3681 3683//3683
f 3687//3687 3688//3688 3689//3689 3690//3690
f 3126//3126 3689//3689 3688//3688 3123//3123
f 3122//3122 3234//3234 3689//3689 3126//3126
f 3690//3690 3689//3689 3234//3234 3233//3233
f 3233//3233 3240//3240 3691//3691 3690//3690
f 3240//3240 3239//3239 3676//3676
f 3691//3691 3676//3676 3680//3680
f 3690//3690 3691//3691 3692//3692 3687//3687
f 3687//3687 3692//3692 3693//3693 3694//3694
f 3682//3682 3693//3693 3692//3692 3680//3680
f 3686//3686 3695//3695 3693//3693 3682//3682
f 3694//3694 3693//3693 3695//3695 3696//3696
f 3697//3697 3090//3090 3088//3088 3124//3124
f 3698//3698 3697//3697 3124//3124 3123//3123
f 3697//3697 3698//3698 3699//3699 3700//3700
f 3092//3092 3090//3090 3697//3697 3700//3700
f 3123//3123 3688//3688 3701//3701 3698//3698
f 3694//3694 3701//3701 3688//3688 3687//3687
f 3696//3696 3702//3702 3701//3701 3694//3694
f 3698//3698 3701//3701 3702//3702 3699//3699
f 3696//3696 3703//3703 3704//3704 3702//3702
f 3705//3705 3706//3706 3704//3704 3703//3703
f 3699//3699 3702//3702 3704//3704 3706//3706
f 3686//3686 3707//3707 3708//3708 3695//3695
f 3709//3709 3708//3708 3707//3707 3710//3710
f 3705//3705 3703//3703 3708//3708 3709//3709
f 3695//3695 3708//3708 3703//3703 3696//3696
f 3711//3711 3668//3668 3660//3660
f 3659//3659 3665//3665 3712//3712
f 3713//3713 3714//3714 3711//3711 3712//3712
f 3668//3668 3711//3711 3714//3714 3669//3669
f 3715//3715 3716//3716 3717//3717 3718//3718
f 3719//3719 3717//3717 3716//3716 3720//3720
f 3721//3721 3722//3722 3717//3717 3719//3719
f 3718//3718 3717//3717 3722//3722 3665//3665
f 3713//3713 3712//3712 3723//3723 3724//3724
f 3712//3712 3665//3665 3722//3722
f 3724//3724 3723//3723 3722//3722 3721//3721
f 3669//3669 3714//3714 3725//3725 3672//3672
f 3726//3726 3725//3725 3714//3714 3713//3713
f 3727//3727 3728//3728 3725//3725 3726//3726
f 3672//3672 3725//3725 3728//3728 3673//3673
f 3727//3727 3726//3726 3729//3729 3730//3730
f 3724//3724 3729//3729 3726//3726 3713//3713
f 3721//3721 3731//3731 3729//3729 3724//3724
f 3730//3730 3729//3729 3731//3731 3732//3732
f 3732//3732 3731//3731 3733//3733 3734//3734
f 3719//3719 3733//3733 3731//3731 3721//3721
f 3720//3720 3735//3735 3733//3733 3719//3719
f 3734//3734 3733//3733 3735//3735 3736//3736
f 3737//3737 3677//3677 3673//3673
f 3738//3738 3737//3737 3728//3728 3727//3727
f 3739//3739 3737//3737 3738//3738 3740//3740
f 3678//3678 3677//3677 3737//3737 3739//3739
f 3740//3740 3738//3738 3741//3741 3742//3742
f 3730//3730 3741//3741 3738//3738 3727//3727
f 3732//3732 3743//3743 3741//3741 3730//3730
f 3742//3742 3741//3741 3743//3743 3744//3744
f 3744//3744 3743//3743 3745//3745 3746//3746
f 3734//3734 3745//3745 3743//3743 3732//3732
f 3736//3736 3747//3747 3745//3745 3734//3734
f 3746//3746 3745//3745 3747//3747 3748//3748
f 3749//3749 3716//3716 3715//3715 3750//3750
f 3751//3751 3749//3749 3750//3750 3752//3752
f 3753//3753 3754//3754 3749//3749 3751//3751
f 3720//3720 3716//3716 3749//3749 3754//3754
f 3754//3754 3755//3755 3735//3735 3720//3720
f 3756//3756 3755//3755 3754//3754 3753//3753
f 3757//3757 3758//3758 3755//3755 3756//3756
f 3735//3735 3755//3755 3758//3758 3736//3736
f 3736//3736 3758//3758 3759//3759 3747//3747
f 3760//3760 3759//3759 3758//3758 3757//3757
f 3761//3761 3762//3762 3759//3759 3760//3760
f 3747//3747 3759//3759 3762//3762 3748//3748
f 3748//3748 3762//3762 3763//3763 3764//3764
f 3765//3765 3763//3763 3762//3762 3761//3761
f 3766//3766 3767//3767 3763//3763 3765//3765
f 3764//3764 3763//3763 3767//3767 3768//3768
f 3761//3761 3769//3769 3770//3770 3765//3765
f 3771//3771 3770//3770 3769//3769 3772//3772
f 3773//3773 3774//3774 3770//3770 3771//3771
f 3765//3765 3770//3770 3774//3774 3766//3766
f 3775//3775 3664//3664 3776//3776
f 3776//3776 3777//3777 3778//3778
f 3779//3779 3775//3775 3780//3780 3778//3778
f 3664//3664 3775//3775 3781//3781 3662//3662
f 3782//3782 3781//3781 3775//3775 3779//3779
f 3783//3783 3784//3784 3781//3781 3782//3782
f 3662//3662 3781//3781 3784//3784 3665//3665
f 3752//3752 3750//3750 3785//3785 3786//3786
f 3718//3718 3785//3785 3750//3750 3715//3715
f 3665//3665 3784//3784 3785//3785 3718//3718
f 3786//3786 3785//3785 3784//3784 3783//3783
f 3786//3786 3787//3787 3788//3788 3752//3752
f 3789//3789 3787//3787 3786//3786 3783//3783
f 3790//3790 3788//3788 3787//3787 3789//3789
f 3752//3752 3788//3788 3791//3791 3751//3751
f 3792//3792 3791//3791 3788//3788 3790//3790
f 3793//3793 3794//3794 3791//3791 3792//3792
f 3751//3751 3791//3791 3794//3794 3753//3753
f 3753//3753 3794//3794 3795//3795 3756//3756
f 3796//3796 3795//3795 3794//3794 3793//3793
f 3797//3797 3798//3798 3795//3795 3796//3796
f 3756//3756 3795//3795 3798//3798 3757//3757
f 3772//3772 3769//3769 3799//3799 3800//3800
f 3760//3760 3799//3799 3769//3769 3761//3761
f 3757//3757 3798//3798 3799//3799 3760//3760
f 3800//3800 3799//3799 3798//3798 3797//3797
f 3777//3777 3801//3801 3802//3802 3778//3778
f 3803//3803 3802//3802 3801//3801 3804//3804
f 3805//3805 3806//3806 3802//3802 3803//3803
f 3778//3778 3802//3802 3806//3806 3779//3779
f 3779//3779 3806//3806 3807//3807 3782//3782
f 3808//3808 3807//3807 3806//3806 3805//3805
f 3809//3809 3810//3810 3807//3807 3808//3808
f 3782//3782 3807//3807 3810//3810 3783//3783
f 3811//3811 3812//3812 3813//3813 3814//3814
f 3815//3815 3811//3811 3814//3814 3816//3816
f 3815//3815 3809//3809 3808//3808
f 3805//3805 3812//3812 3811//3811 3808//3808
f 3783//3783 3810//3810 3817//3817 3789//3789
f 3818//3818 3817//3817 3810//3810 3809//3809
f 3819//3819 3820//3820 3817//3817 3818//3818
f 3789//3789 3817//3817 3820//3820 3790//3790
f 3818//3818 3821//3821 3822//3822 3819//3819
f 3809//3809 3815//3815 3821//3821 3818//3818
f 3816//3816 3823//3823 3821//3821 3815//3815
f 3822//3822 3821//3821 3823//3823 3824//3824
f 3790//3790 3820//3820 3825//3825 3792//3792
f 3826//3826 3825//3825 3820//3820 3819//3819
f 3827//3827 3828//3828 3825//3825 3826//3826
f 3792//3792 3825//3825 3828//3828 3793//3793
f 3829//3829 3830//3830 3831//3831 3832//3832
f 3826//3826 3831//3831 3830//3830 3827//3827
f 3819//3819 3822//3822 3831//3831 3826//3826
f 3832//3832 3831//3831 3822//3822 3824//3824
f 3793//3793 3828//3828 3833//3833 3796//3796
f 3834//3834 3833//3833 3828//3828 3827//3827
f 3835//3835 3836//3836 3833//3833 3834//3834
f 3796//3796 3833//3833 3836//3836 3797//3797
f 3837//3837 3838//3838 3839//3839 3840//3840
f 3834//3834 3839//3839 3838//3838 3835//3835
f 3827//3827 3830//3830 3839//3839 3834//3834
f 3830//3830 3829//3829 3840//3840
f 866//866 869//869 3841//3841 3842//3842
f 3843//3843 3841//3841 869//869 874//874
f 3844//3844 3845//3845 3841//3841 3843//3843
f 3842//3842 3841//3841 3845//3845 3846//3846
f 3847//3847 3848//3848 3849//3849 3850//3850
f 3851//3851 3849//3849 3848//3848 3852//3852
f 881//881 879//879 3849//3849 3851//3851
f 3850//3850 3849//3849 879//879 880//880
f 3853//3853 3854//3854 3855//3855 3856//3856
f 3850//3850 3855//3855 3854//3854 3847//3847
f 880//880 888//888 3855//3855 3850//3850
f 3856//3856 3855//3855 888//888 889//889
f 889//889 891//891 3857//3857 3856//3856
f 3842//3842 3857//3857 891//891 866//866
f 3846//3846 3858//3858 3857//3857 3842//3842
f 3856//3856 3857//3857 3858//3858 3853//3853
f 3852//3852 3848//3848 3859//3859 3860//3860
f 3861//3861 3859//3859 3848//3848 3847//3847
f 3862//3862 3863//3863 3859//3859 3861//3861
f 3860//3860 3859//3859 3863//3863 3864//3864
f 3865//3865 3866//3866 3867//3867 3868//3868
f 3861//3861 3867//3867 3866//3866 3862//3862
f 3847//3847 3854//3854 3867//3867 3861//3861
f 3868//3868 3867//3867 3854//3854 3853//3853
f 3853//3853 3858//3858 3869//3869 3868//3868
f 3858//3858 3846//3846 3870//3870
f 3871//3871 3872//3872 3869//3869 3870//3870
f 3868//3868 3869//3869 3872//3872 3865//3865
f 3864//3864 3863//3863 3873//3873 3874//3874
f 3875//3875 3873//3873 3863//3863 3862//3862
f 3876//3876 3877//3877 3873//3873 3875//3875
f 3874//3874 3873//3873 3877//3877 3878//3878
f 3804//3804 3801//3801 3879//3879 3880//3880
f 3881//3881 3879//3879 3801//3801 3777//3777
f 3882//3882 3883//3883 3879//3879 3881//3881
f 3880//3880 3879//3879 3883//3883 3884//3884
f 3878//3878 3877//3877 3885//3885 3886//3886
f 3887//3887 3885//3885 3877//3877 3876//3876
f 3888//3888 3889//3889 3885//3885 3887//3887
f 3886//3886 3885//3885 3889//3889 3890//3890
f 3891//3891 3892//3892 3893//3893 3894//3894
f 3875//3875 3893//3893 3892//3892 3876//3876
f 3862//3862 3866//3866 3893//3893 3875//3875
f 3894//3894 3893//3893 3866//3866 3865//3865
f 3888//3888 3887//3887 3895//3895 3896//3896
f 3876//3876 3892//3892 3895//3895 3887//3887
f 3895//3895 3892//3892 3891//3891
f 3865//3865 3872//3872 3897//3897 3894//3894
f 3898//3898 3897//3897 3872//3872 3871//3871
f 3897//3897 3898//3898 3899//3899
f 3894//3894 3897//3897 3900//3900 3891//3891
f 3901//3901 3896//3896 3891//3891
f 3900//3900 3899//3899 3902//3902
f 3903//3903 3904//3904 3901//3901 3902//3902
f 3904//3904 3888//3888 3896//3896
f 3884//3884 3883//3883 3905//3905 3906//3906
f 3907//3907 3905//3905 3883//3883 3882//3882
f 3890//3890 3889//3889 3905//3905 3907//3907
f 3906//3906 3905//3905 3889//3889 3888//3888
f 3846//3846 3845//3845 3908//3908 3870//3870
f 3909//3909 3908//3908 3845//3845 3844//3844
f 3910//3910 3911//3911 3908//3908 3909//3909
f 3870//3870 3908//3908 3911//3911 3871//3871
f 3871//3871 3911//3911 3912//3912 3898//3898
f 3911//3911 3910//3910 3913//3913
f 3914//3914 3915//3915 3912//3912 3913//3913
f 3898//3898 3912//3912 3915//3915 3899//3899
f 3914//3914 3913//3913 3916//3916 3917//3917
f 3913//3913 3910//3910 3918//3918
f 3919//3919 3920//3920 3916//3916 3918//3918
f 3917//3917 3916//3916 3920//3920 3921//3921
f 3922//3922 3923//3923 3924//3924 3925//3925
f 3906//3906 3924//3924 3923//3923 3884//3884
f 3888//3888 3904//3904 3924//3924 3906//3906
f 3925//3925 3924//3924 3904//3904 3903//3903
f 3903//3903 3902//3902 3926//3926 3925//3925
f 3915//3915 3926//3926 3902//3902 3899//3899
f 3914//3914 3927//3927 3926//3926 3915//3915
f 3925//3925 3926//3926 3927//3927 3922//3922
f 3813//3813 3812//3812 3928//3928 3929//3929
f 3803//3803 3928//3928 3812//3812 3805//3805
f 3804//3804 3930//3930 3928//3928 3803//3803
f 3929//3929 3928//3928 3930//3930 3931//3931
f 3932//3932 3933//3933 3934//3934 3935//3935
f 3933//3933 3922//3922 3927//3927
f 3917//3917 3934//3934 3927//3927 3914//3914
f 3917//3917 3921//3921 3935//3935
f 3931//3931 3930//3930 3936//3936 3937//3937
f 3930//3930 3804//3804 3880//3880
f 3884//3884 3923//3923 3936//3936 3880//3880
f 3937//3937 3936//3936 3923//3923 3922//3922
f 3937//3937 3938//3938 3939//3939 3931//3931
f 3922//3922 3933//3933 3938//3938 3937//3937
f 3932//3932 3939//3939 3938//3938 3933//3933
f 3940//3940 3941//3941 3942//3942 3943//3943
f 3314//3314 3942//3942 3941//3941 3311//3311
f 3318//3318 3944//3944 3942//3942 3314//3314
f 3943//3943 3942//3942 3944//3944 3945//3945
f 3945//3945 3944//3944 3946//3946 3947//3947
f 3320//3320 3946//3946 3944//3944 3318//3318
f 3322//3322 3948//3948 3946//3946 3320//3320
f 3947//3947 3946//3946 3948//3948 3949//3949
f 3950//3950 3951//3951 3952//3952 3953//3953
f 3948//3948 3951//3951 3950//3950 3949//3949
f 3324//3324 3951//3951 3948//3948 3322//3322
f 3326//3326 3952//3952 3951//3951 3324//3324
f 3953//3953 3952//3952 3954//3954 3955//3955
f 3328//3328 3954//3954 3952//3952 3326//3326
f 3330//3330 3956//3956 3954//3954 3328//3328
f 3955//3955 3954//3954 3956//3956 3957//3957
f 3957//3957 3956//3956 3958//3958 3959//3959
f 3332//3332 3958//3958 3956//3956 3330//3330
f 3334//3334 3960//3960 3958//3958 3332//3332
f 3959//3959 3958//3958 3960//3960 3961//3961
f 3961//3961 3960//3960 3962//3962 3963//3963
f 3336//3336 3962//3962 3960//3960 3334//3334
f 3338//3338 3964//3964 3962//3962 3336//3336
f 3963//3963 3962//3962 3964//3964 3965//3965
f 3965//3965 3964//3964 3966//3966 3967//3967
f 3340//3340 3966//3966 3964//3964 3338//3338
f 3342//3342 3968//3968 3966//3966 3340//3340
f 3967//3967 3966//3966 3968//3968 3969//3969
f 3969//3969 3968//3968 3970//3970 3971//3971
f 3344//3344 3970//3970 3968//3968 3342//3342
f 3346//3346 3972//3972 3970//3970 3344//3344
f 3971//3971 3970//3970 3972//3972 3973//3973
f 3974//3974 3975//3975 3976//3976 3977//3977
f 3972//3972 3976//3976 3975//3975 3973//3973
f 3348//3348 3976//3976 3972//3972 3346//3346
f 3976//3976 3348//3348 3350//3350 3977//3977
f 3978//3978 3979//3979 3980//3980 3981//3981
f 3975//3975 3979//3979 3978//3978 3973//3973
f 3982//3982 3979//3979 3975//3975 3974//3974
f 3983//3983 3980//3980 3979//3979 3982//3982
f 3984//3984 3985//3985 3986//3986 3987//3987
f 3988//3988 3986//3986 3985//3985 3989//3989
f 3940//3940 3943//3943 3986//3986 3988//3988
f 3987//3987 3986//3986 3943//3943 3945//3945
f 3990//3990 3991//3991 3992//3992 3993//3993
f 3987//3987 3992//3992 3991//3991 3984//3984
f 3945//3945 3947//3947 3992//3992 3987//3987
f 3993//3993 3992//3992 3947//3947 3949//3949
f 3994//3994 3995//3995 3996//3996 3997//3997
f 3993//3993 3996//3996 3995//3995 3990//3990
f 3949//3949 3950//3950 3996//3996 3993//3993
f 3997//3997 3996//3996 3950//3950 3953//3953
f 3998//3998 3999//3999 4000//4000 4001//4001
f 3997//3997 4000//4000 3999//3999 3994//3994
f 3953//3953 3955//3955 4000//4000 3997//3997
f 3957//3957 4001//4001 4000//4000 3955//3955
f 4002//4002 4003//4003 4004//4004 4005//4005
f 4001//4001 4004//4004 4003//4003 3998//3998
f 3959//3959 4004//4004 4001//4001 3957//3957
f 3961//3961 4005//4005 4004//4004 3959//3959
f 4006//4006 4007//4007 4008//4008 4009//4009
f 4005//4005 4008//4008 4007//4007 4002//4002
f 3963//3963 4008//4008 4005//4005 3961//3961
f 3965//3965 4009//4009 4008//4008 3963//3963
f 4006//4006 4009//4009 4010//4010 4011//4011
f 3967//3967 4010//4010 4009//4009 3965//3965
f 3969//3969 4012//4012 4010//4010 3967//3967
f 4011//4011 4010//4010 4012//4012 4013//4013
f 4014//4014 4015//4015 4016//4016
f 4013//4013 4012//4012 4017//4017 4016//4016
f 3971//3971 4017//4017 4012//4012 3969//3969
f 4014//4014 4017//4017 3971//3971 3973//3973
f 4015//4015 4014//4014 4018//4018 4019//4019
f 3978//3978 4018//4018 4014//4014 3973//3973
f 3981//3981 4020//4020 4018//4018 3978//3978
f 4019//4019 4018//4018 4020//4020 4021//4021
f 3989//3989 3985//3985 4022//4022 4023//4023
f 4024//4024 4022//4022 3985//3985 3984//3984
f 4025//4025 4026//4026 4022//4022 4024//4024
f 4023//4023 4022//4022 4026//4026 4027//4027
f 3984//3984 3991//3991 4028//4028 4024//4024
f 4029//4029 4028//4028 3991//3991 3990//3990
f 4030//4030 4031//4031 4028//4028 4029//4029
f 4024//4024 4028//4028 4031//4031 4025//4025
f 3990//3990 3995//3995 4032//4032 4029//4029
f 4033//4033 4032//4032 3995//3995 3994//3994
f 4034//4034 4035//4035 4032//4032 4033//4033
f 4029//4029 4032//4032 4035//4035 4030//4030
f 3994//3994 3999//3999 4036//4036 4033//4033
f 4037//4037 4036//4036 3999//3999 3998//3998
f 4038//4038 4039//4039 4036//4036 4037//4037
f 4033//4033 4036//4036 4039//4039 4034//4034
f 4040//4040 4041//4041 4042//4042 4043//4043
f 4044//4044 4042//4042 4041//4041 4045//4045
f 4027//4027 4026//4026 4042//4042 4044//4044
f 4043//4043 4042//4042 4026//4026 4025//4025
f 4046//4046 4047//4047 4048//4048 4049//4049
f 4043//4043 4046//4046 4049//4049 4040//4040
f 4025//4025 4031//4031 4046//4046 4043//4043
f 4047//4047 4046//4046 4031//4031 4030//4030
f 4050//4050 4051//4051 4052//4052 4053//4053
f 4048//4048 4047//4047 4051//4051 4050//4050
f 4030//4030 4035//4035 4051//4051 4047//4047
f 4052//4052 4051//4051 4035//4035 4034//4034
f 4054//4054 1091//1091 1090//1090 4055//4055
f 4056//4056 4057//4057 4054//4054 4055//4055
f 4058//4058 4054//4054 4057//4057 4059//4059
f 1091//1091 4054//4054 4058//4058 1093//1093
f 1093//1093 4058//4058 4060//4060 1097//1097
f 4061//4061 4060//4060 4058//4058 4059//4059
f 4062//4062 4063//4063 4060//4060 4061//4061
f 1097//1097 4060//4060 4063//4063 1100//1100
f 1100//1100 4063//4063 4064//4064 1103//1103
f 4065//4065 4064//4064 4063//4063 4062//4062
f 4066//4066 4067//4067 4064//4064 4065//4065
f 1103//1103 4064//4064 4067//4067 1106//1106
f 1106//1106 4067//4067 4068//4068 1109//1109
f 4069//4069 4068//4068 4067//4067 4066//4066
f 4070//4070 4071//4071 4068//4068 4069//4069
f 1109//1109 4068//4068 4071//4071 1112//1112
f 1112//1112 4071//4071 4072//4072 1115//1115
f 4073//4073 4072//4072 4071//4071 4070//4070
f 4074//4074 4075//4075 4072//4072 4073//4073
f 1115//1115 4072//4072 4075//4075 1118//1118
f 1118//1118 4075//4075 4076//4076 1121//1121
f 4077//4077 4076//4076 4075//4075 4074//4074
f 4078//4078 4079//4079 4076//4076 4077//4077
f 4076//4076 4079//4079 1123//1123 1121//1121
f 4080//4080 4081//4081 1129//1129 1128//1128
f 4079//4079 4080//4080 1128//1128 1123//1123
f 4082//4082 4080//4080 4079//4079 4078//4078
f 4083//4083 4081//4081 4080//4080 4082//4082
f 4084//4084 4085//4085 4086//4086 4087//4087
f 1135//1135 1133//1133 4086//4086 4085//4085
f 1129//1129 4081//4081 4086//4086 1133//1133
f 4087//4087 4086//4086 4081//4081 4083//4083
f 1139//1139 1142//1142 4088//4088 4089//4089
f 4085//4085 4088//4088 1142//1142 1135//1135
f 4090//4090 4088//4088 4085//4085 4084//4084
f 4089//4089 4088//4088 4090//4090 4091//4091
f 4089//4089 4092//4092 1145//1145 1139//1139
f 4091//4091 4093//4093 4092//4092 4089//4089
f 4094//4094 4095//4095 4092//4092 4093//4093
f 4092//4092 4095//4095 1148//1148 1145//1145
f 4096//4096 4097//4097 4098//4098 4099//4099
f 4098//4098 4097//4097 4100//4100 4101//4101
f 4061//4061 4098//4098 4101//4101 4062//4062
f 4099//4099 4098//4098 4061//4061 4059//4059
f 4100//4100 4102//4102 4103//4103 4104//4104
f 4049//4049 4103//4103 4102//4102 4040//4040
f 4048//4048 4105//4105 4103//4103 4049//4049
f 4104//4104 4103//4103 4105//4105 4106//4106
f 4106//4106 4107//4107 4108//4108 4104//4104
f 4065//4065 4108//4108 4107//4107 4066//4066
f 4062//4062 4101//4101 4108//4108 4065//4065
f 4104//4104 4108//4108 4101//4101 4100//4100
f 4106//4106 4105//4105 4109//4109 4110//4110
f 4050//4050 4109//4109 4105//4105 4048//4048
f 4053//4053 4111//4111 4109//4109 4050//4050
f 4110//4110 4109//4109 4111//4111 4112//4112
f 4112//4112 4113//4113 4114//4114 4110//4110
f 4069//4069 4114//4114 4113//4113 4070//4070
f 4066//4066 4107//4107 4114//4114 4069//4069
f 4110//4110 4114//4114 4107//4107 4106//4106
f 4070//4070 4113//4113 4115//4115 4073//4073
f 4116//4116 4115//4115 4113//4113 4112//4112
f 4117//4117 4118//4118 4115//4115 4116//4116
f 4073//4073 4115//4115 4118//4118 4074//4074
f 4077//4077 4119//4119 4120//4120 4078//4078
f 4074//4074 4118//4118 4119//4119 4077//4077
f 4119//4119 4118//4118 4117//4117 4121//4121
f 4122//4122 4120//4120 4119//4119 4121//4121
f 4123//4123 4124//4124 4125//4125 4126//4126
f 4082//4082 4125//4125 4124//4124 4083//4083
f 4078//4078 4120//4120 4125//4125 4082//4082
f 4126//4126 4125//4125 4120//4120 4122//4122
f 4127//4127 4128//4128 4129//4129 4130//4130
f 4087//4087 4129//4129 4128//4128 4084//4084
f 4083//4083 4124//4124 4129//4129 4087//4087
f 4130//4130 4129//4129 4124//4124 4123//4123
f 4131//4131 4132//4132 4133//4133 4134//4134
f 4090//4090 4133//4133 4132//4132 4091//4091
f 4084//4084 4128//4128 4133//4133 4090//4090
f 4134//4134 4133//4133 4128//4128 4127//4127
f 4135//4135 4136//4136 4137//4137
f 4138//4138 4135//4135 4139//4139 4045//4045
f 4096//4096 4140//4140 4135//4135 4138//4138
f 4136//4136 4135//4135 4140//4140 4141//4141
f 4059//4059 4057//4057 4142//4142 4099//4099
f 4143//4143 4142//4142 4057//4057 4056//4056
f 4141//4141 4140//4140 4142//4142 4143//4143
f 4099//4099 4142//4142 4140//4140 4096//4096
f 4045//4045 4041//4041 4144//4144 4138//4138
f 4102//4102 4144//4144 4041//4041 4040//4040
f 4100//4100 4097//4097 4144//4144 4102//4102
f 4138//4138 4144//4144 4097//4097 4096//4096
f 3368//3368 3365//3365 4145//4145 4146//4146
f 3362//3362 4145//4145 3365//3365 3363//3363
f 2991//2991 4147//4147 4145//4145 3362//3362
f 4146//4146 4145//4145 4147//4147 4148//4148
f 4147//4147 4149//4149 4150//4150 4148//4148
f 2994//2994 4149//4149 4147//4147 2991//2991
f 2996//2996 3028//3028 4149//4149 2994//2994
f 4150//4150 4149//4149 3028//3028 3027//3027
f 4151//4151 3559//3559 3558//3558
f 3367//3367 4152//4152 3558//3558 3369//3369
f 3368//3368 4153//4153 4152//4152 3367//3367
f 4154//4154 4151//4151 4152//4152 4153//4153
f 4155//4155 4156//4156 4157//4157
f 4157//4157 4148//4148 4150//4150
f 3027//3027 3574//3574 4158//4158 4150//4150
f 3574//3574 3573//3573 4155//4155
f 4159//4159 4160//4160 4161//4161 4162//4162
f 4160//4160 4154//4154 4153//4153
f 3368//3368 4146//4146 4161//4161 4153//4153
f 4162//4162 4161//4161 4146//4146 4148//4148
f 4162//4162 4163//4163 4164//4164 4159//4159
f 4148//4148 4157//4157 4163//4163 4162//4162
f 4156//4156 4164//4164 4163//4163 4157//4157
f 3559//3559 4151//4151 4165//4165 3566//3566
f 4151//4151 4154//4154 4166//4166
f 4167//4167 4168//4168 4165//4165 4166//4166
f 3566//3566 4165//4165 4168//4168 3564//3564
f 4156//4156 4155//4155 4169//4169 4170//4170
f 3586//3586 4169//4169 4155//4155 3573//3573
f 3579//3579 4171//4171 4169//4169 3586//3586
f 4170//4170 4169//4169 4171//4171 4172//4172
f 4173//4173 4174//4174 4175//4175 4176//4176
f 4166//4166 4175//4175 4174//4174 4167//4167
f 4154//4154 4160//4160 4175//4175 4166//4166
f 4176//4176 4175//4175 4160//4160 4159//4159
f 4159//4159 4164//4164 4177//4177 4176//4176
f 4170//4170 4177//4177 4164//4164 4156//4156
f 4172//4172 4178//4178 4177//4177 4170//4170
f 4176//4176 4177//4177 4178//4178 4173//4173
f 4179//4179 4171//4171 3579//3579 3577//3577
f 4180//4180 4179//4179 3577//3577 3570//3570
f 4181//4181 4179//4179 4180//4180 4182//4182
f 4172//4172 4171//4171 4179//4179 4181//4181
f 4183//4183 4184//4184 4185//4185 4186//4186
f 3562//3562 4185//4185 4184//4184 3556//3556
f 3564//3564 4168//4168 4185//4185 3562//3562
f 4186//4186 4185//4185 4168//4168 4167//4167
f 4187//4187 4188//4188 4189//4189 4190//4190
f 4186//4186 4189//4189 4188//4188 4183//4183
f 4167//4167 4174//4174 4189//4189 4186//4186
f 4190//4190 4189//4189 4174//4174 4173//4173
f 4182//4182 4191//4191 4192//4192 4181//4181
f 4190//4190 4192//4192 4191//4191 4187//4187
f 4173//4173 4178//4178 4192//4192 4190//4190
f 4181//4181 4192//4192 4178//4178 4172//4172
f 3410//3410 3554//3554 4193//4193 4194//4194
f 3554//3554 3556//3556 4184//4184
f 4183//4183 4195//4195 4193//4193 4184//4184
f 4194//4194 4193//4193 4195//4195 4196//4196
f 4196//4196 4197//4197 4198//4198 4194//4194
f 3407//3407 3411//3411 4198//4198 4197//4197
f 4194//4194 4198//4198 3411//3411 3410//3410
f 4182//4182 4180//4180 4199//4199 4200//4200
f 4199//4199 4180//4180 3570//3570
f 4201//4201 4199//4199 3569//3569 3316//3316
f 4200//4200 4199//4199 4201//4201 4202//4202
f 4203//4203 4204//4204 4205//4205 4206//4206
f 4195//4195 4205//4205 4204//4204 4196//4196
f 4183//4183 4188//4188 4205//4205 4195//4195
f 4206//4206 4205//4205 4188//4188 4187//4187
f 4187//4187 4191//4191 4207//4207 4206//4206
f 4200//4200 4207//4207 4191//4191 4182//4182
f 4202//4202 4208//4208 4207//4207 4200//4200
f 4208//4208 4203//4203 4206//4206
f 3407//3407 4197//4197 4209//4209 3408//3408
f 4210//4210 4209//4209 4197//4197 4196//4196
f 4211//4211 4212//4212 4209//4209 4210//4210
f 3408//3408 4209//4209 4212//4212 3409//3409
f 4213//4213 4214//4214 4215//4215 4216//4216
f 4201//4201 4215//4215 4214//4214 4202//4202
f 3316//3316 3312//3312 4215//4215 4201//4201
f 4216//4216 4215//4215 3312//3312 3311//3311
f 4211//4211 4210//4210 4217//4217 4218//4218
f 4204//4204 4217//4217 4210//4210 4196//4196
f 4217//4217 4204//4204 4203//4203 4219//4219
f 4218//4218 4217//4217 4219//4219 4220//4220
f 4203//4203 4208//4208 4221//4221 4219//4219
f 4221//4221 4208//4208 4202//4202 4214//4214
f 4222//4222 4221//4221 4214//4214 4213//4213
f 4219//4219 4221//4221 4222//4222 4220//4220
f 4223//4223 4224//4224 4225//4225 4226//4226
f 3405//3405 4224//4224 4223//4223 3402//3402
f 3409//3409 4227//4227 4224//4224 3405//3405
f 4228//4228 4225//4225 4224//4224 4227//4227
f 4229//4229 4230//4230 4231//4231 4232//4232
f 4216//4216 4231//4231 4230//4230 4213//4213
f 3311//3311 3941//3941 4231//4231 4216//4216
f 4232//4232 4231//4231 3941//3941 3940//3940
f 3409//3409 4212//4212 4233//4233 4227//4227
f 4211//4211 4234//4234 4233//4233 4212//4212
f 4227//4227 4233//4233 4234//4234 4228//4228
f 4235//4235 4236//4236 4226//4226
f 4237//4237 4235//4235 4225//4225 4228//4228
f 4238//4238 4239//4239 4235//4235 4237//4237
f 4236//4236 4235//4235 4239//4239 4137//4137
f 4141//4141 4240//4240 4241//4241 4136//4136
f 4240//4240 4226//4226 4236//4236
f 4241//4241 4236//4236 4137//4137 4136//4136
f 4232//4232 4242//4242 4243//4243 4229//4229
f 3940//3940 3988//3988 4242//4242 4232//4232
f 3989//3989 4244//4244 4242//4242 3988//3988
f 4243//4243 4242//4242 4244//4244 4137//4137
f 4245//4245 4246//4246 4239//4239 4238//4238
f 4229//4229 4243//4243 4246//4246 4245//4245
f 4239//4239 4246//4246 4243//4243 4137//4137
f 3989//3989 4023//4023 4247//4247 4244//4244
f 4044//4044 4247//4247 4023//4023 4027//4027
f 4045//4045 4139//4139 4247//4247 4044//4044
f 4139//4139 4137//4137 4244//4244
f 4213//4213 4230//4230 4248//4248 4222//4222
f 4245//4245 4248//4248 4230//4230 4229//4229
f 4238//4238 4249//4249 4248//4248 4245//4245
f 4222//4222 4248//4248 4249//4249 4220//4220
f 4228//4228 4234//4234 4250//4250 4237//4237
f 4218//4218 4250//4250 4234//4234 4211//4211
f 4220//4220 4249//4249 4250//4250 4218//4218
f 4237//4237 4250//4250 4249//4249 4238//4238
f 4251//4251 4252//4252 4226//4226
f 4143//4143 4251//4251 4240//4240 4141//4141
f 4056//4056 4253//4253 4251//4251 4143//4143
f 4252//4252 4251//4251 4253//4253 4254//4254
f 1312//1312 4255//4255 4256//4256 1313//1313
f 4253//4253 4256//4256 4255//4255 4254//4254
f 4055//4055 4256//4256 4253//4253 4056//4056
f 1313//1313 4256//4256 4055//4055 1090//1090
f 4257//4257 4258//4258 4259//4259 4260//4260
f 3375//3375 3378//3378 4258//4258 4257//4257
f 3383//3383 4261//4261 4258//4258 3378//3378
f 4259//4259 4258//4258 4261//4261 4262//4262
f 4262//4262 4261//4261 4263//4263 4264//4264
f 3385//3385 4263//4263 4261//4261 3383//3383
f 3389//3389 4265//4265 4263//4263 3385//3385
f 4264//4264 4263//4263 4265//4265 4266//4266
f 4266//4266 4265//4265 4267//4267 4268//4268
f 3394//3394 4267//4267 4265//4265 3389//3389
f 3395//3395 4269//4269 4267//4267 3394//3394
f 4268//4268 4267//4267 4269//4269 4270//4270
f 4270//4270 4269//4269 4271//4271 4272//4272
f 3397//3397 4271//4271 4269//4269 3395//3395
f 3401//3401 3403//3403 4271//4271 3397//3397
f 4272//4272 4271//4271 3403//3403 3402//3402
f 3402//3402 4223//4223 4273//4273 4272//4272
f 4252//4252 4273//4273 4223//4223 4226//4226
f 4254//4254 4274//4274 4273//4273 4252//4252
f 4272//4272 4273//4273 4274//4274 4270//4270
f 4275//4275 4276//4276 4277//4277 4278//4278
f 4268//4268 4277//4277 4276//4276 4266//4266
f 4277//4277 4268//4268 4270//4270
f 4278//4278 4277//4277 4279//4279 4280//4280
f 4274//4274 4281//4281 4279//4279 4270//4270
f 4282//4282 4281//4281 4274//4274 4254//4254
f 4280//4280 4279//4279 4281//4281 4282//4282
f 4283//4283 4282//4282 4254//4254
f 4255//4255 1312//1312 1341//1341
f 1340//1340 4284//4284 4283//4283 1341//1341
f 4282//4282 4283//4283 4284//4284 4280//4280
f 4280//4280 4284//4284 4285//4285 4278//4278
f 4284//4284 1340//1340 1347//1347
f 1346//1346 4286//4286 4285//4285 1347//1347
f 4278//4278 4285//4285 4286//4286 4275//4275
f 4287//4287 4288//4288 4289//4289 4290//4290
f 3843//3843 4289//4289 4288//4288 3844//3844
f 874//874 1352//1352 4289//4289 3843//3843
f 4290//4290 4289//4289 1352//1352 1353//1353
f 4291//4291 4292//4292 4293//4293 4294//4294
f 3909//3909 4293//4293 4292//4292 3910//3910
f 3844//3844 4288//4288 4293//4293 3909//3909
f 4294//4294 4293//4293 4288//4288 4287//4287
f 3910//3910 4292//4292 4295//4295 3918//3918
f 4296//4296 4295//4295 4292//4292 4291//4291
f 4297//4297 4298//4298 4295//4295 4296//4296
f 3918//3918 4295//4295 4298//4298 3919//3919
f 3919//3919 4298//4298 4299//4299 3920//3920
f 4298//4298 4297//4297 4300//4300
f 4301//4301 4302//4302 4299//4299 4300//4300
f 3920//3920 4299//4299 4302//4302 3921//3921
f 3921//3921 4302//4302 4303//4303 3935//3935
f 4304//4304 4303//4303 4302//4302 4301//4301
f 4305//4305 4306//4306 4303//4303 4304//4304
f 3935//3935 4303//4303 4306//4306 3932//3932
f 4307//4307 4308//4308 4309//4309
f 3939//3939 4307//4307 4310//4310 3931//3931
f 3932//3932 4306//4306 4307//4307 3939//3939
f 4308//4308 4307//4307 4306//4306 4305//4305
f 4310//4310 4311//4311 3929//3929 3931//3931
f 4312//4312 4311//4311 4310//4310 4309//4309
f 4313//4313 4314//4314 4311//4311 4312//4312
f 3813//3813 3929//3929 4311//4311 4314//4314
f 3816//3816 3814//3814 4315//4315 4316//4316
f 4314//4314 4315//4315 3814//3814 3813//3813
f 4313//4313 4317//4317 4315//4315 4314//4314
f 4316//4316 4315//4315 4317//4317 4318//4318
f 3824//3824 3823//3823 4319//4319 4320//4320
f 4316//4316 4319//4319 3823//3823 3816//3816
f 4318//4318 4321//4321 4319//4319 4316//4316
f 4320//4320 4319//4319 4321//4321 4322//4322
f 3824//3824 4320//4320 4323//4323 3832//3832
f 4322//4322 4324//4324 4323//4323 4320//4320
f 4325//4325 4323//4323 4324//4324 4326//4326
f 3832//3832 4323//4323 4325//4325 3829//3829
f 3837//3837 3840//3840 4327//4327 4328//4328
f 3829//3829 4325//4325 4327//4327 3840//3840
f 4326//4326 4329//4329 4327//4327 4325//4325
f 4328//4328 4327//4327 4329//4329 4330//4330
f 4301//4301 4331//4331 4332//4332 4304//4304
f 4333//4333 4332//4332 4331//4331 4334//4334
f 4335//4335 4336//4336 4332//4332 4333//4333
f 4304//4304 4332//4332 4336//4336 4305//4305
f 4305//4305 4336//4336 4337//4337 4308//4308
f 4338//4338 4337//4337 4336//4336 4335//4335
f 4339//4339 4340//4340 4337//4337 4338//4338
f 4308//4308 4337//4337 4340//4340 4309//4309
f 4309//4309 4340//4340 4341//4341 4312//4312
f 4342//4342 4341//4341 4340//4340 4339//4339
f 4343//4343 4344//4344 4341//4341 4342//4342
f 4312//4312 4341//4341 4344//4344 4313//4313
f 4345//4345 4346//4346 4344//4344 4343//4343
f 4347//4347 4346//4346 4345//4345 4348//4348
f 4318//4318 4317//4317 4346//4346 4347//4347
f 4313//4313 4344//4344 4346//4346 4317//4317
f 4322//4322 4321//4321 4349//4349 4350//4350
f 4347//4347 4349//4349 4321//4321 4318//4318
f 4348//4348 4351//4351 4349//4349 4347//4347
f 4350//4350 4349//4349 4351//4351 4352//4352
f 4326//4326 4324//4324 4353//4353 4354//4354
f 4350//4350 4353//4353 4324//4324 4322//4322
f 4352//4352 4355//4355 4353//4353 4350//4350
f 4355//4355 4356//4356 4354//4354
f 4330//4330 4329//4329 4357//4357 4358//4358
f 4354//4354 4357//4357 4329//4329 4326//4326
f 4356//4356 4359//4359 4357//4357 4354//4354
f 4358//4358 4357//4357 4359//4359 4360//4360
f 3748//3748 3764//3764 4361//4361 3746//3746
f 4362//4362 4361//4361 3764//3764 3768//3768
f 4363//4363 4364//4364 4361//4361 4362//4362
f 3746//3746 4361//4361 4364//4364 3744//3744
f 3766//3766 3774//3774 4365//4365 4366//4366
f 4367//4367 4365//4365 3774//3774 3773//3773
f 4368//4368 4369//4369 4365//4365 4367//4367
f 4366//4366 4365//4365 4369//4369 4370//4370
f 4371//4371 4372//4372 4373//4373 4374//4374
f 3767//3767 4373//4373 4372//4372 3768//3768
f 4366//4366 4373//4373 3767//3767 3766//3766
f 4373//4373 4366//4366 4370//4370 4374//4374
f 4375//4375 3740//3740 3742//3742
f 3744//3744 4364//4364 4376//4376 3742//3742
f 4377//4377 4376//4376 4364//4364 4363//4363
f 4376//4376 4377//4377 4378//4378
f 4379//4379 4380//4380 4381//4381 4382//4382
f 4362//4362 4381//4381 4380//4380 4363//4363
f 3768//3768 4372//4372 4381//4381 4362//4362
f 4371//4371 4382//4382 4381//4381 4372//4372
f 4383//4383 4384//4384 4385//4385 4386//4386
f 4382//4382 4385//4385 4384//4384 4379//4379
f 4374//4374 4385//4385 4382//4382 4371//4371
f 4370//4370 4386//4386 4385//4385 4374//4374
f 4387//4387 4388//4388 4389//4389 4390//4390
f 4383//4383 4386//4386 4388//4388 4387//4387
f 4370//4370 4369//4369 4388//4388 4386//4386
f 4369//4369 4368//4368 4389//4389
f 3772//3772 3800//3800 4391//4391 4392//4392
f 3800//3800 3797//3797 4393//4393
f 4391//4391 4393//4393 4394//4394
f 4392//4392 4391//4391 4395//4395 4396//4396
f 4397//4397 4398//4398 4394//4394
f 4393//4393 3797//3797 3836//3836
f 3835//3835 4399//4399 4397//4397 3836//3836
f 4399//4399 4400//4400 4398//4398
f 3837//3837 4401//4401 4402//4402 3838//3838
f 4403//4403 4402//4402 4401//4401 4404//4404
f 4402//4402 4403//4403 4400//4400
f 3838//3838 4402//4402 4399//4399 3835//3835
f 4404//4404 4401//4401 4405//4405 4406//4406
f 4328//4328 4405//4405 4401//4401 3837//3837
f 4330//4330 4407//4407 4405//4405 4328//4328
f 4406//4406 4405//4405 4407//4407 4408//4408
f 4407//4407 4330//4330 4358//4358
f 4409//4409 4410//4410 4358//4358 4360//4360
f 4411//4411 4412//4412 4410//4410 4409//4409
f 4408//4408 4407//4407 4410//4410 4412//4412
f 4413//4413 4414//4414 4415//4415 4416//4416
f 4415//4415 4414//4414 4417//4417
f 4408//4408 4412//4412 4415//4415 4418//4418
f 4416//4416 4415//4415 4412//4412 4411//4411
f 4419//4419 4418//4418 4417//4417
f 4420//4420 4419//4419 4421//4421 4422//4422
f 4406//4406 4419//4419 4420//4420 4404//4404
f 4408//4408 4418//4418 4419//4419 4406//4406
f 4422//4422 4421//4421 4423//4423 4424//4424
f 4414//4414 4423//4423 4421//4421 4417//4417
f 4413//4413 4425//4425 4423//4423 4414//4414
f 4424//4424 4423//4423 4425//4425 4426//4426
f 4427//4427 4428//4428 4429//4429 4430//4430
f 4403//4403 4429//4429 4428//4428 4400//4400
f 4404//4404 4420//4420 4429//4429 4403//4403
f 4430//4430 4429//4429 4420//4420 4422//4422
f 4413//4413 4416//4416 4431//4431 4432//4432
f 4411//4411 4433//4433 4431//4431 4416//4416
f 4432//4432 4431//4431 4433//4433 4434//4434
f 4427//4427 4430//4430 4435//4435 4436//4436
f 4424//4424 4435//4435 4430//4430 4422//4422
f 4426//4426 4437//4437 4435//4435 4424//4424
f 4436//4436 4435//4435 4437//4437 4438//4438
f 4426//4426 4425//4425 4439//4439 4437//4437
f 4432//4432 4439//4439 4425//4425 4413//4413
f 4434//4434 4440//4440 4439//4439 4432//4432
f 4438//4438 4437//4437 4439//4439 4440//4440
f 3172//3172 3171//3171 4441//4441 3191//3191
f 4442//4442 4441//4441 3171//3171 3051//3051
f 4443//4443 4444//4444 4441//4441 4442//4442
f 3191//3191 4441//4441 4444//4444 3192//3192
f 3194//3194 3193//3193 4445//4445 3201//3201
f 4446//4446 4445//4445 3193//3193 3192//3192
f 4447//4447 4448//4448 4445//4445 4446//4446
f 3201//3201 4445//4445 4448//4448 3202//3202
f 4449//4449 4450//4450 4451//4451 4452//4452
f 3208//3208 4451//4451 4450//4450 3205//3205
f 3202//3202 4448//4448 4451//4451 3208//3208
f 4452//4452 4451//4451 4448//4448 4447//4447
f 4442//4442 4453//4453 4454//4454 4443//4443
f 3051//3051 3054//3054 4453//4453 4442//4442
f 3056//3056 4455//4455 4453//4453 3054//3054
f 4454//4454 4453//4453 4455//4455 4456//4456
f 3192//3192 4444//4444 4457//4457 4446//4446
f 4458//4458 4457//4457 4444//4444 4443//4443
f 4459//4459 4460//4460 4457//4457 4458//4458
f 4446//4446 4457//4457 4460//4460 4447//4447
f 4447//4447 4460//4460 4461//4461 4452//4452
f 4462//4462 4461//4461 4460//4460 4459//4459
f 4463//4463 4464//4464 4461//4461 4462//4462
f 4452//4452 4461//4461 4464//4464 4449//4449
f 4465//4465 4466//4466 4459//4459
f 4454//4454 4465//4465 4458//4458 4443//4443
f 4456//4456 4467//4467 4465//4465 4454//4454
f 4466//4466 4465//4465 4467//4467 4468//4468
f 4456//4456 4455//4455 4469//4469 4470//4470
f 3091//3091 4469//4469 4455//4455 3056//3056
f 3092//3092 4471//4471 4469//4469 3091//3091
f 4470//4470 4469//4469 4471//4471 4472//4472
f 4463//4463 4462//4462 4473//4473 4474//4474
f 4466//4466 4473//4473 4462//4462 4459//4459
f 4468//4468 4475//4475 4473//4473 4466//4466
f 4474//4474 4473//4473 4475//4475 4476//4476
f 4472//4472 4471//4471 4477//4477 4478//4478
f 3700//3700 4477//4477 4471//4471 3092//3092
f 4479//4479 4477//4477 3700//3700 3699//3699
f 4478//4478 4477//4477 4479//4479 4480//4480
f 4468//4468 4467//4467 4481//4481 4482//4482
f 4467//4467 4456//4456 4470//4470
f 4472//4472 4483//4483 4481//4481 4470//4470
f 4482//4482 4481//4481 4483//4483 4484//4484
f 4476//4476 4475//4475 4485//4485 4486//4486
f 4482//4482 4485//4485 4475//4475 4468//4468
f 4484//4484 4487//4487 4485//4485 4482//4482
f 4486//4486 4485//4485 4487//4487 4488//4488
f 4480//4480 4479//4479 4489//4489 4490//4490
f 3706//3706 4489//4489 4479//4479 3699//3699
f 3705//3705 4491//4491 4489//4489 3706//3706
f 4492//4492 4490//4490 4489//4489 4491//4491
f 4484//4484 4483//4483 4493//4493 4494//4494
f 4478//4478 4493//4493 4483//4483 4472//4472
f 4480//4480 4495//4495 4493//4493 4478//4478
f 4494//4494 4493//4493 4495//4495 4496//4496
f 4488//4488 4487//4487 4497//4497 4498//4498
f 4494//4494 4497//4497 4487//4487 4484//4484
f 4496//4496 4499//4499 4497//4497 4494//4494
f 4498//4498 4497//4497 4499//4499 4500//4500
f 4501//4501 4502//4502 4492//4492
f 3709//3709 4501//4501 4491//4491 3705//3705
f 3710//3710 4503//4503 4501//4501 3709//3709
f 4502//4502 4501//4501 4503//4503 4504//4504
f 4505//4505 4495//4495 4480//4480
f 4506//4506 4505//4505 4490//4490 4492//4492
f 4507//4507 4508//4508 4505//4505 4506//4506
f 4496//4496 4495//4495 4505//4505 4508//4508
f 4500//4500 4499//4499 4509//4509 4510//4510
f 4508//4508 4509//4509 4499//4499 4496//4496
f 4509//4509 4508//4508 4507//4507
f 4511//4511 4512//4512 4510//4510
f 4507//4507 4506//4506 4513//4513 4514//4514
f 4502//4502 4513//4513 4506//4506 4492//4492
f 4504//4504 4515//4515 4513//4513 4502//4502
f 4514//4514 4513//4513 4515//4515 4516//4516
f 4517//4517 4518//4518 4512//4512
f 4514//4514 4517//4517 4511//4511 4507//4507
f 4516//4516 4519//4519 4517//4517 4514//4514
f 4518//4518 4517//4517 4519//4519 4520//4520
f 4521//4521 4522//4522 3477//3477
f 3476//3476 3467//3467 4523//4523
f 4521//4521 4523//4523 4524//4524
f 4522//4522 4521//4521 4525//4525 4526//4526
f 4527//4527 4524//4524 4523//4523
f 3469//3469 4528//4528 4523//4523 3467//3467
f 3471//3471 4529//4529 4528//4528 3469//3469
f 4528//4528 4529//4529 4530//4530
f 4531//4531 4532//4532 4533//4533 4534//4534
f 4535//4535 4533//4533 4532//4532 4536//4536
f 4524//4524 4527//4527 4533//4533 4535//4535
f 4534//4534 4533//4533 4527//4527 4530//4530
f 3471//3471 3491//3491 4537//4537 4529//4529
f 4538//4538 4537//4537 3491//3491 3490//3490
f 4539//4539 4540//4540 4537//4537 4538//4538
f 4529//4529 4537//4537 4540//4540 4530//4530
f 4539//4539 4538//4538 4541//4541 4542//4542
f 3490//3490 3503//3503 4541//4541 4538//4538
f 4542//4542 4541//4541 3503//3503 3502//3502
f 4530//4530 4540//4540 4543//4543 4534//4534
f 4544//4544 4543//4543 4540//4540 4539//4539
f 4545//4545 4546//4546 4543//4543 4544//4544
f 4534//4534 4543//4543 4546//4546 4531//4531
f 4547//4547 4548//4548 4549//4549 4550//4550
f 4542//4542 4549//4549 4548//4548 4539//4539
f 3502//3502 3508//3508 4549//4549 4542//4542
f 4550//4550 4549//4549 3508//3508 3499//3499
f 4539//4539 4548//4548 4551//4551 4544//4544
f 4548//4548 4547//4547 4552//4552
f 4553//4553 4554//4554 4551//4551 4552//4552
f 4544//4544 4551//4551 4554//4554 4545//4545
f 4547//4547 4550//4550 4555//4555 4556//4556
f 3499//3499 3496//3496 4555//4555 4550//4550
f 3380//3380 4557//4557 4555//4555 3496//3496
f 4556//4556 4555//4555 4557//4557 4558//4558
f 4559//4559 4560//4560 4561//4561 4562//4562
f 4563//4563 4561//4561 4560//4560 4564//4564
f 4565//4565 4566//4566 4561//4561 4563//4563
f 4562//4562 4561//4561 4566//4566 4536//4536
f 4567//4567 4568//4568 4569//4569 4570//4570
f 4562//4562 4569//4569 4568//4568 4559//4559
f 4536//4536 4532//4532 4569//4569 4562//4562
f 4570//4570 4569//4569 4532//4532 4531//4531
f 4571//4571 4572//4572 4573//4573 4574//4574
f 4570//4570 4573//4573 4572//4572 4567//4567
f 4531//4531 4546//4546 4573//4573 4570//4570
f 4574//4574 4573//4573 4546//4546 4545//4545
f 4575//4575 4576//4576 4577//4577 4578//4578
f 4576//4576 4575//4575 4571//4571 4574//4574
f 4545//4545 4554//4554 4576//4576 4574//4574
f 4553//4553 4577//4577 4576//4576 4554//4554
f 4564//4564 4560//4560 4579//4579 4580//4580
f 4581//4581 4579//4579 4560//4560 4559//4559
f 4582//4582 4583//4583 4579//4579 4581//4581
f 4580//4580 4579//4579 4583//4583 4584//4584
f 4559//4559 4568//4568 4585//4585 4581//4581
f 4567//4567 4586//4586 4585//4585 4568//4568
f 4587//4587 4588//4588 4585//4585 4586//4586
f 4581//4581 4585//4585 4588//4588 4582//4582
f 4567//4567 4572//4572 4589//4589 4586//4586
f 4571//4571 4590//4590 4589//4589 4572//4572
f 4591//4591 4592//4592 4589//4589 4590//4590
f 4587//4587 4586//4586 4589//4589 4592//4592
f 4591//4591 4590//4590 4593//4593 4594//4594
f 4575//4575 4593//4593 4590//4590 4571//4571
f 4578//4578 4595//4595 4593//4593 4575//4575
f 4596//4596 4594//4594 4593//4593 4595//4595
f 4596//4596 4595//4595 4597//4597 4598//4598
f 4599//4599 4597//4597 4595//4595 4578//4578
f 4600//4600 4601//4601 4597//4597 4599//4599
f 4601//4601 4602//4602 4598//4598
f 4603//4603 4604//4604 4602//4602
f 4601//4601 4600//4600 4605//4605
f 4603//4603 4605//4605 4606//4606
f 4604//4604 4603//4603 4607//4607 4608//4608
f 4609//4609 4610//4610 4608//4608 4607//4607
f 4611//4611 4609//4609 4607//4607 4606//4606
f 4612//4612 4613//4613 4609//4609 4611//4611
f 4609//4609 4613//4613 4614//4614 4610//4610
f 4614//4614 4613//4613 4615//4615 4616//4616
f 4617//4617 4615//4615 4613//4613 4612//4612
f 4618//4618 4619//4619 4615//4615 4617//4617
f 4616//4616 4615//4615 4619//4619 4620//4620
f 4621//4621 4622//4622 4623//4623
f 4620//4620 4619//4619 4621//4621 4624//4624
f 4625//4625 4621//4621 4619//4619 4618//4618
f 4621//4621 4625//4625 4626//4626
f 4627//4627 4622//4622 4626//4626
f 4628//4628 4627//4627 4629//4629 4630//4630
f 4631//4631 4632//4632 4627//4627 4628//4628
f 4632//4632 4623//4623 4622//4622
f 4633//4633 4634//4634 4628//4628 4630//4630
f 4635//4635 4636//4636 4634//4634 4633//4633
f 4637//4637 4634//4634 4636//4636 4638//4638
f 4628//4628 4634//4634 4637//4637 4631//4631
f 4638//4638 4636//4636 4639//4639 4640//4640
f 4641//4641 4639//4639 4636//4636 4635//4635
f 4642//4642 4643//4643 4639//4639 4641//4641
f 4640//4640 4639//4639 4643//4643 4644//4644
f 4584//4584 4645//4645 4646//4646 4580//4580
f 4644//4644 4643//4643 4646//4646 4645//4645
f 4647//4647 4646//4646 4643//4643 4642//4642
f 4580//4580 4646//4646 4647//4647 4564//4564
f 4648//4648 4649//4649 4650//4650
f 4651//4651 4602//4602 4604//4604
f 4608//4608 4652//4652 4648//4648 4604//4604
f 4648//4648 4652//4652 4653//4653 4649//4649
f 4608//4608 4610//4610 4654//4654 4652//4652
f 4655//4655 4654//4654 4610//4610 4614//4614
f 4656//4656 4657//4657 4654//4654 4655//4655
f 4652//4652 4654//4654 4657//4657 4653//4653
f 4656//4656 4655//4655 4658//4658 4659//4659
f 4616//4616 4658//4658 4655//4655 4614//4614
f 4620//4620 4660//4660 4658//4658 4616//4616
f 4659//4659 4658//4658 4660//4660 4661//4661
f 4620//4620 4624//4624 4662//4662 4660//4660
f 4663//4663 4662//4662 4624//4624 4623//4623
f 4664//4664 4665//4665 4662//4662 4663//4663
f 4660//4660 4662//4662 4665//4665 4661//4661
f 4623//4623 4632//4632 4666//4666 4663//4663
f 4667//4667 4666//4666 4632//4632 4631//4631
f 4668//4668 4669//4669 4666//4666 4667//4667
f 4663//4663 4666//4666 4669//4669 4664//4664
f 4631//4631 4637//4637 4670//4670 4667//4667
f 4671//4671 4670//4670 4637//4637 4638//4638
f 4672//4672 4673//4673 4670//4670 4671//4671
f 4667//4667 4670//4670 4673//4673 4668//4668
f 4674//4674 4675//4675 4676//4676 4677//4677
f 4678//4678 4679//4679 4676//4676 4675//4675
f 4645//4645 4676//4676 4679//4679 4644//4644
f 4677//4677 4676//4676 4645//4645 4584//4584
f 4672//4672 4671//4671 4680//4680 4681//4681
f 4640//4640 4680//4680 4671//4671 4638//4638
f 4644//4644 4679//4679 4680//4680 4640//4640
f 4681//4681 4680//4680 4679//4679 4678//4678
f 4653//4653 4657//4657 4682//4682 4683//4683
f 4684//4684 4682//4682 4657//4657 4656//4656
f 4685//4685 4682//4682 4684//4684 4686//4686
f 4682//4682 4685//4685 4687//4687
f 4686//4686 4684//4684 4688//4688 4689//4689
f 4659//4659 4688//4688 4684//4684 4656//4656
f 4661//4661 4690//4690 4688//4688 4659//4659
f 4690//4690 4691//4691 4689//4689
f 4661//4661 4665//4665 4692//4692 4690//4690
f 4693//4693 4692//4692 4665//4665 4664//4664
f 4694//4694 4695//4695 4692//4692 4693//4693
f 4690//4690 4692//4692 4695//4695 4691//4691
f 4696//4696 4697//4697 4698//4698 4699//4699
f 4693//4693 4698//4698 4697//4697 4694//4694
f 4664//4664 4669//4669 4698//4698 4693//4693
f 4699//4699 4698//4698 4669//4669 4668//4668
f 4668//4668 4673//4673 4700//4700 4699//4699
f 4701//4701 4700//4700 4673//4673 4672//4672
f 4702//4702 4703//4703 4700//4700 4701//4701
f 4699//4699 4700//4700 4703//4703 4696//4696
f 4702//4702 4701//4701 4704//4704 4705//4705
f 4681//4681 4704//4704 4701//4701 4672//4672
f 4678//4678 4706//4706 4704//4704 4681//4681
f 4705//4705 4704//4704 4706//4706 4707//4707
f 4588//4588 4708//4708 4709//4709 4582//4582
f 4587//4587 4710//4710 4708//4708 4588//4588
f 4711//4711 4712//4712 4708//4708 4710//4710
f 4708//4708 4712//4712 4713//4713 4709//4709
f 4714//4714 4715//4715 4716//4716 4717//4717
f 4702//4702 4705//4705 4716//4716 4715//4715
f 4707//4707 4717//4717 4716//4716 4705//4705
f 4714//4714 4718//4718 4719//4719 4720//4720
f 4691//4691 4695//4695 4719//4719 4718//4718
f 4694//4694 4720//4720 4719//4719 4695//4695
f 4711//4711 4710//4710 4721//4721 4722//4722
f 4587//4587 4592//4592 4721//4721 4710//4710
f 4591//4591 4723//4723 4721//4721 4592//4592
f 4724//4724 4722//4722 4721//4721 4723//4723
f 4725//4725 4726//4726 4727//4727 4714//4714
f 4687//4687 4685//4685 4726//4726 4725//4725
f 4686//4686 4727//4727 4726//4726 4685//4685
f 4727//4727 4728//4728 4718//4718 4714//4714
f 4686//4686 4689//4689 4728//4728 4727//4727
f 4691//4691 4718//4718 4728//4728 4689//4689
f 4714//4714 4720//4720 4729//4729 4730//4730
f 4694//4694 4697//4697 4729//4729 4720//4720
f 4696//4696 4730//4730 4729//4729 4697//4697
f 4714//4714 4730//4730 4731//4731 4715//4715
f 4731//4731 4730//4730 4696//4696 4703//4703
f 4702//4702 4715//4715 4731//4731 4703//4703
f 4706//4706 4732//4732 4733//4733 4707//4707
f 4675//4675 4732//4732 4706//4706 4678//4678
f 4734//4734 4732//4732 4675//4675 4674//4674
f 4735//4735 4733//4733 4732//4732 4734//4734
f 4714//4714 4717//4717 4736//4736 4737//4737
f 4707//4707 4733//4733 4736//4736 4717//4717
f 4735//4735 4737//4737 4736//4736 4733//4733
f 4738//4738 4739//4739 4740//4740 4741//4741
f 4687//4687 4725//4725 4739//4739 4738//4738
f 4725//4725 4714//4714 4740//4740
f 4584//4584 4583//4583 4742//4742 4677//4677
f 4709//4709 4742//4742 4583//4583 4582//4582
f 4713//4713 4743//4743 4742//4742 4709//4709
f 4677//4677 4742//4742 4743//4743 4674//4674
f 4712//4712 4744//4744 4745//4745 4713//4713
f 4711//4711 4722//4722 4744//4744 4712//4712
f 4724//4724 4746//4746 4744//4744 4722//4722
f 4747//4747 4745//4745 4744//4744 4746//4746
f 4747//4747 4748//4748 4749//4749 4745//4745
f 4734//4734 4749//4749 4748//4748 4735//4735
f 4674//4674 4743//4743 4749//4749 4734//4734
f 4745//4745 4749//4749 4743//4743 4713//4713
f 4724//4724 4723//4723 4750//4750 4751//4751
f 4591//4591 4594//4594 4750//4750 4723//4723
f 4596//4596 4752//4752 4750//4750 4594//4594
f 4751//4751 4750//4750 4752//4752 4753//4753
f 4754//4754 4753//4753 4752//4752
f 4598//4598 4755//4755 4752//4752 4596//4596
f 4755//4755 4598//4598 4602//4602
f 4651//4651 4650//4650 4754//4754
f 4747//4747 4746//4746 4756//4756 4757//4757
f 4724//4724 4751//4751 4756//4756 4746//4746
f 4753//4753 4758//4758 4756//4756 4751//4751
f 4757//4757 4756//4756 4758//4758 4741//4741
f 4758//4758 4753//4753 4754//4754
f 4650//4650 4759//4759 4760//4760 4754//4754
f 4741//4741 4758//4758 4760//4760 4759//4759
f 4738//4738 4741//4741 4759//4759
f 4759//4759 4650//4650 4649//4649
f 4683//4683 4761//4761 4649//4649 4653//4653
f 4738//4738 4761//4761 4683//4683 4687//4687
f 4741//4741 4740//4740 4762//4762 4757//4757
f 4737//4737 4762//4762 4740//4740 4714//4714
f 4735//4735 4748//4748 4762//4762 4737//4737
f 4757//4757 4762//4762 4748//4748 4747//4747
f 4526//4526 4525//4525 4763//4763 4764//4764
f 4535//4535 4763//4763 4525//4525 4524//4524
f 4536//4536 4566//4566 4763//4763 4535//4535
f 4764//4764 4763//4763 4566//4566 4565//4565
f 4564//4564 4647//4647 4765//4765 4563//4563
f 4642//4642 4766//4766 4765//4765 4647//4647
f 4767//4767 4765//4765 4766//4766 4768//4768
f 4563//4563 4765//4765 4767//4767 4565//4565
f 4768//4768 4766//4766 4769//4769 4770//4770
f 4641//4641 4769//4769 4766//4766 4642//4642
f 4635//4635 4771//4771 4769//4769 4641//4641
f 4770//4770 4769//4769 4771//4771 4772//4772
f 4772//4772 4771//4771 4773//4773 4774//4774
f 4633//4633 4773//4773 4771//4771 4635//4635
f 4630//4630 4775//4775 4773//4773 4633//4633
f 4774//4774 4773//4773 4775//4775 4776//4776
f 4775//4775 4777//4777 4778//4778 4776//4776
f 4629//4629 4777//4777 4775//4775 4630//4630
f 4777//4777 4629//4629 4626//4626
f 4778//4778 4777//4777 4779//4779 4780//4780
f 4781//4781 4782//4782 1847//1847 1846//1846
f 4783//4783 4781//4781 1846//1846 1849//1849
f 4778//4778 4781//4781 4783//4783 4776//4776
f 4782//4782 4781//4781 4778//4778 4780//4780
f 4784//4784 4785//4785 4786//4786 4787//4787
f 4779//4779 4785//4785 4784//4784 4780//4780
f 4625//4625 4785//4785 4779//4779 4626//4626
f 4618//4618 4786//4786 4785//4785 4625//4625
f 4787//4787 4786//4786 4788//4788 4789//4789
f 4617//4617 4788//4788 4786//4786 4618//4618
f 4612//4612 4790//4790 4788//4788 4617//4617
f 4789//4789 4788//4788 4790//4790 4791//4791
f 4791//4791 4790//4790 4792//4792 4793//4793
f 4611//4611 4792//4792 4790//4790 4612//4612
f 4606//4606 4794//4794 4792//4792 4611//4611
f 4793//4793 4792//4792 4794//4794 4795//4795
f 4578//4578 4577//4577 4796//4796 4599//4599
f 4797//4797 4796//4796 4577//4577 4553//4553
f 4798//4798 4799//4799 4796//4796 4797//4797
f 4599//4599 4796//4796 4799//4799 4600//4600
f 4553//4553 4552//4552 4800//4800 4797//4797
f 4556//4556 4800//4800 4552//4552 4547//4547
f 4558//4558 4801//4801 4800//4800 4556//4556
f 4797//4797 4800//4800 4801//4801 4798//4798
f 4795//4795 4794//4794 4802//4802 4803//4803
f 4605//4605 4802//4802 4794//4794 4606//4606
f 4600//4600 4799//4799 4802//4802 4605//4605
f 4803//4803 4802//4802 4799//4799 4798//4798
f 4558//4558 4557//4557 4804//4804 4805//4805
f 3376//3376 4804//4804 4557//4557 3380//3380
f 3375//3375 4806//4806 4804//4804 3376//3376
f 4805//4805 4804//4804 4806//4806 4807//4807
f 4807//4807 4808//4808 4809//4809 4805//4805
f 4810//4810 4809//4809 4808//4808 4811//4811
f 4798//4798 4801//4801 4809//4809 4810//4810
f 4805//4805 4809//4809 4801//4801 4558//4558
f 4807//4807 4806//4806 4812//4812 4813//4813
f 4257//4257 4812//4812 4806//4806 3375//3375
f 4260//4260 4814//4814 4812//4812 4257//4257
f 4813//4813 4812//4812 4814//4814 4815//4815
f 4811//4811 4808//4808 4816//4816 4817//4817
f 4813//4813 4816//4816 4808//4808 4807//4807
f 4815//4815 4818//4818 4816//4816 4813//4813
f 4817//4817 4816//4816 4818//4818 4819//4819
f 4795//4795 4803//4803 4820//4820 4821//4821
f 4810//4810 4820//4820 4803//4803 4798//4798
f 4811//4811 4817//4817 4820//4820 4810//4810
f 4821//4821 4820//4820 4817//4817 4819//4819
f 4822//4822 4823//4823 4824//4824
f 4793//4793 4822//4822 4825//4825 4791//4791
f 4822//4822 4793//4793 4795//4795 4821//4821
f 4823//4823 4822//4822 4821//4821 4819//4819
f 4826//4826 4827//4827 4828//4828
f 4829//4829 4787//4787 4789//4789
f 4791//4791 4825//4825 4826//4826 4789//4789
f 4825//4825 4824//4824 4827//4827
f 4784//4784 4830//4830 4831//4831 4780//4780
f 4830//4830 4784//4784 4787//4787
f 4832//4832 4830//4830 4829//4829 4828//4828
f 4831//4831 4830//4830 4832//4832 1899//1899
f 1901//1901 4833//4833 4831//4831 1899//1899
f 1847//1847 4782//4782 4833//4833 1901//1901
f 4780//4780 4831//4831 4833//4833 4782//4782
f 4828//4828 4834//4834 4835//4835 4832//4832
f 4836//4836 4835//4835 4834//4834 4837//4837
f 1905//1905 1904//1904 4835//4835 4836//4836
f 4832//4832 4835//4835 1904//1904 1899//1899
f 4837//4837 4834//4834 4838//4838 4839//4839
f 4827//4827 4838//4838 4834//4834 4828//4828
f 4824//4824 4840//4840 4838//4838 4827//4827
f 4839//4839 4838//4838 4840//4840 4841//4841
f 4842//4842 4843//4843 1914//1914 1913//1913
f 4836//4836 4842//4842 1913//1913 1905//1905
f 4837//4837 4839//4839 4842//4842 4836//4836
f 4843//4843 4842//4842 4839//4839 4841//4841
f 4840//4840 4824//4824 4823//4823
f 4823//4823 4819//4819 4844//4844
f 4844//4844 4845//4845 4846//4846
f 4841//4841 4840//4840 4847//4847 4846//4846
f 1914//1914 4843//4843 4848//4848 1920//1920
f 4849//4849 4848//4848 4843//4843 4841//4841
f 4850//4850 4851//4851 4848//4848 4849//4849
f 1920//1920 4848//4848 4851//4851 1923//1923
f 4852//4852 4853//4853 4854//4854 1930//1930
f 1923//1923 4851//4851 4853//4853 4852//4852
f 4854//4854 4853//4853 4851//4851 4850//4850
f 4852//4852 4855//4855 1928//1928 1923//1923
f 1930//1930 1929//1929 4855//4855 4852//4852
f 1928//1928 4855//4855 1929//1929
f 4850//4850 4856//4856 4857//4857 4854//4854
f 4858//4858 4857//4857 4856//4856 4859//4859
f 1934//1934 1933//1933 4857//4857 4858//4858
f 4854//4854 4857//4857 1933//1933 1930//1930
f 4850//4850 4849//4849 4860//4860 4856//4856
f 4846//4846 4860//4860 4849//4849 4841//4841
f 4860//4860 4846//4846 4845//4845
f 4861//4861 4859//4859 4856//4856
f 1943//1943 4862//4862 4863//4863 4864//4864
f 4858//4858 4863//4863 4862//4862 1934//1934
f 4859//4859 4864//4864 4863//4863 4858//4858
f 1934//1934 4862//4862 4865//4865 1941//1941
f 1943//1943 1942//1942 4865//4865 4862//4862
f 1941//1941 4865//4865 1942//1942
f 4864//4864 4866//4866 1944//1944 1943//1943
f 4867//4867 4866//4866 4864//4864 4859//4859
f 4868//4868 4869//4869 4866//4866 4867//4867
f 1944//1944 4866//4866 4869//4869 1947//1947
f 4870//4870 4871//4871 4872//4872 4873//4873
f 4872//4872 4871//4871 4275//4275 4286//4286
f 1346//1346 1954//1954 4872//4872 4286//4286
f 4873//4873 4872//4872 1954//1954 1955//1955
f 4874//4874 4875//4875 4876//4876 4877//4877
f 4876//4876 4875//4875 1955//1955
f 1962//1962 4878//4878 4876//4876 1963//1963
f 4877//4877 4876//4876 4878//4878 4879//4879
f 4870//4870 4873//4873 4880//4880 4881//4881
f 4875//4875 4880//4880 4873//4873 1955//1955
f 4874//4874 4882//4882 4880//4880 4875//4875
f 4881//4881 4880//4880 4882//4882 4883//4883
f 4276//4276 4884//4884 4885//4885 4266//4266
f 4276//4276 4275//4275 4871//4871
f 4870//4870 4881//4881 4884//4884 4871//4871
f 4883//4883 4885//4885 4884//4884 4881//4881
f 4874//4874 4877//4877 4886//4886 4882//4882
f 4879//4879 4887//4887 4886//4886 4877//4877
f 4888//4888 4889//4889 4886//4886 4887//4887
f 4882//4882 4886//4886 4889//4889 4883//4883
f 4890//4890 4891//4891 4892//4892 4893//4893
f 4264//4264 4892//4892 4891//4891 4262//4262
f 4266//4266 4885//4885 4892//4892 4264//4264
f 4893//4893 4892//4892 4885//4885 4883//4883
f 4894//4894 4895//4895 4896//4896 4897//4897
f 4879//4879 4878//4878 4895//4895 4894//4894
f 1982//1982 4895//4895 4878//4878 1962//1962
f 4896//4896 4895//4895 1982//1982 1983//1983
f 4898//4898 4899//4899 4900//4900 4901//4901
f 4893//4893 4900//4900 4899//4899 4890//4890
f 4883//4883 4889//4889 4900//4900 4893//4893
f 4901//4901 4900//4900 4889//4889 4888//4888
f 4888//4888 4887//4887 4902//4902 4901//4901
f 4894//4894 4902//4902 4887//4887 4879//4879
f 4897//4897 4903//4903 4902//4902 4894//4894
f 4901//4901 4902//4902 4903//4903 4898//4898
f 4904//4904 4905//4905 4906//4906 4907//4907
f 4896//4896 4906//4906 4905//4905 4897//4897
f 1983//1983 1994//1994 4906//4906 4896//4896
f 4907//4907 4906//4906 1994//1994 1995//1995
f 4908//4908 4909//4909 4910//4910 4911//4911
f 4909//4909 4260//4260 4259//4259
f 4262//4262 4891//4891 4910//4910 4259//4259
f 4911//4911 4910//4910 4891//4891 4890//4890
f 1995//1995 2001//2001 4912//4912 4907//4907
f 4869//4869 4912//4912 2001//2001 1947//1947
f 4912//4912 4869//4869 4868//4868 4913//4913
f 4907//4907 4912//4912 4913//4913 4904//4904
f 4914//4914 4915//4915 4845//4845
f 4819//4819 4818//4818 4914//4914 4844//4844
f 4916//4916 4914//4914 4818//4818 4815//4815
f 4915//4915 4914//4914 4916//4916 4917//4917
f 4918//4918 4919//4919 4920//4920 4921//4921
f 4911//4911 4920//4920 4919//4919 4908//4908
f 4890//4890 4899//4899 4920//4920 4911//4911
f 4921//4921 4920//4920 4899//4899 4898//4898
f 4814//4814 4260//4260 4909//4909
f 4909//4909 4908//4908 4922//4922
f 4923//4923 4922//4922 4917//4917
f 4815//4815 4814//4814 4923//4923 4916//4916
f 4922//4922 4924//4924 4925//4925 4917//4917
f 4908//4908 4919//4919 4924//4924 4922//4922
f 4918//4918 4925//4925 4924//4924 4919//4919
f 4926//4926 4867//4867 4859//4859
f 4861//4861 4845//4845 4915//4915
f 4917//4917 4927//4927 4926//4926 4915//4915
f 4867//4867 4926//4926 4927//4927 4868//4868
f 4928//4928 4929//4929 4925//4925 4918//4918
f 4913//4913 4929//4929 4928//4928 4904//4904
f 4868//4868 4927//4927 4929//4929 4913//4913
f 4925//4925 4929//4929 4927//4927 4917//4917
f 4898//4898 4903//4903 4930//4930 4921//4921
f 4905//4905 4930//4930 4903//4903 4897//4897
f 4904//4904 4928//4928 4930//4930 4905//4905
f 4921//4921 4930//4930 4928//4928 4918//4918
f 3616//3616 3615//3615 4931//4931 4932//4932
f 4522//4522 4931//4931 3615//3615 3477//3477
f 4931//4931 4522//4522 4526//4526
f 4932//4932 4931//4931 4933//4933 4934//4934
f 3620//3620 3619//3619 4935//4935 4936//4936
f 4932//4932 4935//4935 3619//3619 3616//3616
f 4934//4934 4937//4937 4935//4935 4932//4932
f 4936//4936 4935//4935 4937//4937 4938//4938
f 4939//4939 4526//4526 4764//4764
f 4565//4565 4767//4767 4940//4940 4764//4764
f 4768//4768 4941//4941 4940//4940 4767//4767
f 4939//4939 4940//4940 4941//4941 4942//4942
f 4942//4942 4941//4941 4943//4943 4944//4944
f 4770//4770 4943//4943 4941//4941 4768//4768
f 4772//4772 4945//4945 4943//4943 4770//4770
f 4944//4944 4943//4943 4945//4945 4946//4946
f 4776//4776 4947//4947 4948//4948 4774//4774
f 4949//4949 4948//4948 4947//4947 2039//2039
f 4946//4946 4945//4945 4948//4948 4949//4949
f 4774//4774 4948//4948 4945//4945 4772//4772
f 4947//4947 4950//4950 2040//2040 2039//2039
f 4783//4783 4950//4950 4947//4947 4776//4776
f 1849//1849 2040//2040 4950//4950 4783//4783
f 4934//4934 4933//4933 4951//4951 4952//4952
f 4939//4939 4951//4951 4933//4933 4526//4526
f 4951//4951 4939//4939 4942//4942
f 4953//4953 4954//4954 4952//4952
f 4937//4937 4955//4955 4956//4956 4938//4938
f 4952//4952 4955//4955 4937//4937 4934//4934
f 4955//4955 4952//4952 4954//4954
f 4956//4956 4955//4955 4957//4957 4958//4958
f 4959//4959 4960//4960 4954//4954
f 4944//4944 4959//4959 4953//4953 4942//4942
f 4946//4946 4961//4961 4959//4959 4944//4944
f 4962//4962 4960//4960 4959//4959 4961//4961
f 2054//2054 4963//4963 4964//4964 2055//2055
f 4961//4961 4964//4964 4963//4963 4962//4962
f 4964//4964 4961//4961 4946//4946
f 2055//2055 4964//4964 4949//4949 2039//2039
f 4938//4938 4956//4956 4965//4965 4936//4936
f 4966//4966 4965//4965 4956//4956 4958//4958
f 4967//4967 4968//4968 4965//4965 4966//4966
f 4936//4936 4965//4965 4968//4968 3620//3620
f 3620//3620 4968//4968 4969//4969 3624//3624
f 4970//4970 4969//4969 4968//4968 4967//4967
f 4971//4971 4972//4972 4969//4969 4970//4970
f 3624//3624 4969//4969 4972//4972 3621//3621
f 3625//3625 3628//3628 4973//4973 4974//4974
f 3621//3621 4972//4972 4973//4973 3628//3628
f 4971//4971 4975//4975 4973//4973 4972//4972
f 4974//4974 4973//4973 4975//4975 4976//4976
f 3640//3640 3639//3639 4977//4977 4978//4978
f 4979//4979 4977//4977 3639//3639 3634//3634
f 4980//4980 4981//4981 4977//4977 4979//4979
f 4978//4978 4977//4977 4981//4981 4982//4982
f 3643//3643 3642//3642 4983//4983 4984//4984
f 4978//4978 4983//4983 3642//3642 3640//3640
f 4982//4982 4985//4985 4983//4983 4978//4978
f 4984//4984 4983//4983 4985//4985 4986//4986
f 4987//4987 2083//2083 2082//2082 4988//4988
f 4988//4988 4986//4986 4985//4985
f 4989//4989 4987//4987 4985//4985 4982//4982
f 2084//2084 2083//2083 4987//4987 4989//4989
f 4990//4990 4991//4991 4992//4992 4993//4993
f 3646//3646 4992//4992 4991//4991 3647//3647
f 3643//3643 4984//4984 4992//4992 3646//3646
f 4984//4984 4986//4986 4993//4993
f 4993//4993 4994//4994 4995//4995 4990//4990
f 4986//4986 4988//4988 4994//4994 4993//4993
f 4994//4994 4988//4988 2082//2082 2093//2093
f 2092//2092 4995//4995 4994//4994 2093//2093
f 3647//3647 4991//4991 4996//4996 3650//3650
f 4997//4997 4996//4996 4991//4991 4990//4990
f 4998//4998 4999//4999 4996//4996 4997//4997
f 3650//3650 4996//4996 4999//4999 3651//3651
f 4990//4990 4995//4995 5000//5000 4997//4997
f 2101//2101 5000//5000 4995//4995 2092//2092
f 2100//2100 5001//5001 5000//5000 2101//2101
f 4997//4997 5000//5000 5001//5001 4998//4998
f 5002//5002 3654//3654 3651//3651
f 5003//5003 5002//5002 4999//4999 4998//4998
f 5004//5004 5005//5005 5002//5002 5003//5003
f 5005//5005 3655//3655 3654//3654
f 3632//3632 3631//3631 5006//5006 5007//5007
f 4974//4974 5006//5006 3631//3631 3625//3625
f 4976//4976 5008//5008 5006//5006 4974//4974
f 5007//5007 5006//5006 5008//5008 5009//5009
f 3634//3634 3633//3633 5010//5010 4979//4979
f 5007//5007 5010//5010 3633//3633 3632//3632
f 5009//5009 5011//5011 5010//5010 5007//5007
f 4979//4979 5010//5010 5011//5011 4980//4980
f 4982//4982 4981//4981 5012//5012 4989//4989
f 5013//5013 5012//5012 4981//4981 4980//4980
f 2114//2114 2113//2113 5012//5012 5013//5013
f 4989//4989 5012//5012 2113//2113 2084//2084
f 4976//4976 4975//4975 5014//5014 5015//5015
f 5016//5016 5014//5014 4975//4975 4971//4971
f 2116//2116 2119//2119 5014//5014 5016//5016
f 5015//5015 5014//5014 2119//2119 2121//2121
f 5009//5009 5008//5008 5017//5017 5018//5018
f 5015//5015 5017//5017 5008//5008 4976//4976
f 2121//2121 2124//2124 5017//5017 5015//5015
f 5018//5018 5017//5017 2124//2124 2125//2125
f 4980//4980 5011//5011 5019//5019 5013//5013
f 5018//5018 5019//5019 5011//5011 5009//5009
f 2125//2125 2127//2127 5019//5019 5018//5018
f 5013//5013 5019//5019 2127//2127 2114//2114
f 4967//4967 4966//4966 5020//5020 5021//5021
f 5022//5022 5020//5020 4966//4966 4958//4958
f 5023//5023 5024//5024 5020//5020 5022//5022
f 5021//5021 5020//5020 5024//5024 2131//2131
f 4958//4958 4957//4957 5025//5025 5022//5022
f 4960//4960 5025//5025 4957//4957 4954//4954
f 5026//5026 5025//5025 4960//4960 4962//4962
f 5022//5022 5025//5025 5026//5026 5023//5023
f 4962//4962 4963//4963 5027//5027 5026//5026
f 2139//2139 5027//5027 4963//4963 2054//2054
f 2138//2138 5028//5028 5027//5027 2139//2139
f 5026//5026 5027//5027 5028//5028 5023//5023
f 5023//5023 5028//5028 5029//5029 5024//5024
f 2138//2138 2141//2141 5029//5029 5028//5028
f 5024//5024 5029//5029 2141//2141 2131//2131
f 5030//5030 2143//2143 2116//2116 5016//5016
f 4970//4970 5030//5030 5016//5016 4971//4971
f 5030//5030 4970//4970 4967//4967 5021//5021
f 2143//2143 5030//5030 5021//5021 2131//2131
f 5031//5031 5032//5032 5033//5033 5034//5034
f 3860//3860 5033//5033 5032//5032 3852//3852
f 3864//3864 5035//5035 5033//5033 3860//3860
f 5034//5034 5033//5033 5035//5035 5036//5036
f 3874//3874 5037//5037 5035//5035 3864//3864
f 5038//5038 5037//5037 3874//3874 3878//3878
f 5039//5039 5040//5040 5037//5037 5038//5038
f 5035//5035 5037//5037 5040//5040 5036//5036
f 3878//3878 3886//3886 5041//5041 5038//5038
f 5042//5042 5041//5041 3886//3886 3890//3890
f 5043//5043 5044//5044 5041//5041 5042//5042
f 5038//5038 5041//5041 5044//5044 5039//5039
f 3890//3890 3907//3907 5045//5045 5042//5042
f 3882//3882 5046//5046 5045//5045 3907//3907
f 5047//5047 5045//5045 5046//5046 5048//5048
f 5042//5042 5045//5045 5047//5047 5043//5043
f 2162//2162 2165//2165 5049//5049 5050//5050
f 3851//3851 5049//5049 2165//2165 881//881
f 3852//3852 5032//5032 5049//5049 3851//3851
f 5050//5050 5049//5049 5032//5032 5031//5031
f 5051//5051 5052//5052 5053//5053 5054//5054
f 2166//2166 5052//5052 5051//5051 2169//2169
f 2166//2166 2162//2162 5050//5050
f 5052//5052 5050//5050 5031//5031
f 5054//5054 5053//5053 5055//5055 5056//5056
f 5034//5034 5055//5055 5053//5053 5031//5031
f 5036//5036 5057//5057 5055//5055 5034//5034
f 5056//5056 5055//5055 5057//5057 5058//5058
f 5059//5059 5060//5060 5061//5061 5062//5062
f 5061//5061 5060//5060 5058//5058 5057//5057
f 5040//5040 5061//5061 5057//5057 5036//5036
f 5062//5062 5061//5061 5040//5040 5039//5039
f 5063//5063 5064//5064 5065//5065 5066//5066
f 5062//5062 5065//5065 5064//5064 5059//5059
f 5039//5039 5044//5044 5065//5065 5062//5062
f 5066//5066 5065//5065 5044//5044 5043//5043
f 5067//5067 5068//5068 5069//5069 5070//5070
f 5066//5066 5068//5068 5067//5067 5063//5063
f 5043//5043 5047//5047 5068//5068 5066//5066
f 5048//5048 5069//5069 5068//5068 5047//5047
f 2169//2169 5051//5051 5071//5071 2188//2188
f 5056//5056 5071//5071 5051//5051 5054//5054
f 5058//5058 5072//5072 5071//5071 5056//5056
f 2188//2188 5071//5071 5072//5072 2191//2191
f 5073//5073 5074//5074 5075//5075 5076//5076
f 5072//5072 5075//5075 5074//5074 2191//2191
f 5058//5058 5060//5060 5075//5075 5072//5072
f 5076//5076 5075//5075 5060//5060 5059//5059
f 2196//2196 2199//2199 5077//5077 5078//5078
f 5074//5074 5077//5077 2199//2199 2191//2191
f 5077//5077 5074//5074 5073//5073 5078//5078
f 5079//5079 5080//5080 5081//5081 5082//5082
f 5076//5076 5081//5081 5080//5080 5073//5073
f 5059//5059 5064//5064 5081//5081 5076//5076
f 5082//5082 5081//5081 5064//5064 5063//5063
f 2204//2204 2207//2207 5083//5083 5084//5084
f 5078//5078 5083//5083 2207//2207 2196//2196
f 5073//5073 5080//5080 5083//5083 5078//5078
f 5084//5084 5083//5083 5080//5080 5079//5079
f 5082//5082 5085//5085 5086//5086 5079//5079
f 5063//5063 5067//5067 5085//5085 5082//5082
f 5070//5070 5087//5087 5085//5085 5067//5067
f 5086//5086 5085//5085 5087//5087 5088//5088
f 2214//2214 5089//5089 5090//5090 2215//2215
f 5084//5084 5089//5089 2214//2214 2204//2204
f 5079//5079 5086//5086 5089//5089 5084//5084
f 5088//5088 5090//5090 5089//5089 5086//5086
f 2215//2215 5090//5090 5091//5091 2216//2216
f 5092//5092 5091//5091 5090//5090 5088//5088
f 5093//5093 5094//5094 5091//5091 5092//5092
f 2216//2216 5091//5091 5094//5094 2219//2219
f 5093//5093 5092//5092 5095//5095 5096//5096
f 5088//5088 5087//5087 5095//5095 5092//5092
f 5097//5097 5095//5095 5087//5087 5070//5070
f 5096//5096 5095//5095 5097//5097 5098//5098
f 2219//2219 5094//5094 5099//5099 2226//2226
f 5096//5096 5099//5099 5094//5094 5093//5093
f 5098//5098 5100//5100 5099//5099 5096//5096
f 2226//2226 5099//5099 5100//5100 2229//2229
f 5098//5098 5097//5097 5101//5101 5102//5102
f 5069//5069 5101//5101 5097//5097 5070//5070
f 5103//5103 5101//5101 5069//5069 5048//5048
f 5102//5102 5101//5101 5103//5103 5104//5104
f 5048//5048 5046//5046 5105//5105 5103//5103
f 3881//3881 5105//5105 5046//5046 3882//3882
f 3777//3777 5106//5106 5105//5105 3881//3881
f 5103//5103 5105//5105 5106//5106 5104//5104
f 2229//2229 5100//5100 5107//5107 2236//2236
f 5102//5102 5107//5107 5100//5100 5098//5098
f 5104//5104 5108//5108 5107//5107 5102//5102
f 2236//2236 5107//5107 5108//5108 2239//2239
f 3777//3777 3776//3776 5109//5109 5106//5106
f 5110//5110 5109//5109 3776//3776 3664//3664
f 5111//5111 5112//5112 5109//5109 5110//5110
f 5106//5106 5109//5109 5112//5112 5104//5104
f 2244//2244 2247//2247 5113//5113 5114//5114
f 5113//5113 2247//2247 2239//2239 5108//5108
f 5112//5112 5113//5113 5108//5108 5104//5104
f 5114//5114 5113//5113 5112//5112 5111//5111
f 3664//3664 3661//3661 5115//5115 5110//5110
f 5116//5116 5115//5115 3661//3661 3660//3660
f 5117//5117 5118//5118 5115//5115 5116//5116
f 5110//5110 5115//5115 5118//5118 5111//5111
f 3660//3660 3666//3666 5119//5119 5116//5116
f 5005//5005 5119//5119 3666//3666 3655//3655
f 5004//5004 5120//5120 5119//5119 5005//5005
f 5116//5116 5119//5119 5120//5120 5117//5117
f 2256//2256 2255//2255 5121//5121 5122//5122
f 5114//5114 5121//5121 2255//2255 2244//2244
f 5111//5111 5118//5118 5121//5121 5114//5114
f 5122//5122 5121//5121 5118//5118 5117//5117
f 5123//5123 2261//2261 2260//2260 5124//5124
f 5003//5003 5123//5123 5124//5124 5004//5004
f 4998//4998 5001//5001 5123//5123 5003//5003
f 2261//2261 5123//5123 5001//5001 2100//2100
f 5117//5117 5120//5120 5125//5125 5122//5122
f 5124//5124 5125//5125 5120//5120 5004//5004
f 2260//2260 2263//2263 5125//5125 5124//5124
f 5122//5122 5125//5125 2263//2263 2256//2256
f 3685//3685 3684//3684 5126//5126 5127//5127
f 3739//3739 5126//5126 3684//3684 3678//3678
f 3740//3740 4375//4375 5126//5126 3739//3739
f 4375//4375 4378//4378 5127//5127
f 3710//3710 3707//3707 5128//5128 5129//5129
f 3707//3707 3686//3686 3683//3683
f 5128//5128 3683//3683 3685//3685
f 5129//5129 5128//5128 5130//5130 5131//5131
f 4504//4504 4503//4503 5132//5132 5133//5133
f 5129//5129 5132//5132 4503//4503 3710//3710
f 5131//5131 5134//5134 5132//5132 5129//5129
f 5133//5133 5132//5132 5134//5134 5135//5135
f 4516//4516 4515//4515 5136//5136 5137//5137
f 5133//5133 5136//5136 4515//4515 4504//4504
f 5135//5135 5138//5138 5136//5136 5133//5133
f 5137//5137 5136//5136 5138//5138 5139//5139
f 4520//4520 4519//4519 5140//5140 5141//5141
f 5137//5137 5140//5140 4519//4519 4516//4516
f 5139//5139 5142//5142 5140//5140 5137//5137
f 5141//5141 5140//5140 5142//5142 5143//5143
f 5144//5144 5145//5145 5146//5146
f 5145//5145 4378//4378 4377//4377
f 5146//5146 4377//4377 4363//4363
f 4380//4380 4379//4379 5147//5147
f 4379//4379 4384//4384 5148//5148 5147//5147
f 4383//4383 5149//5149 5148//5148 4384//4384
f 5150//5150 5148//5148 5149//5149 5151//5151
f 5147//5147 5148//5148 5150//5150 5144//5144
f 5152//5152 5153//5153 5131//5131
f 5130//5130 3685//3685 5127//5127
f 5152//5152 5127//5127 4378//4378
f 5154//5154 5155//5155 5153//5153
f 5153//5153 5156//5156 5134//5134 5131//5131
f 5157//5157 5156//5156 5153//5153 5155//5155
f 5158//5158 5159//5159 5156//5156 5157//5157
f 5135//5135 5134//5134 5156//5156 5159//5159
f 5159//5159 5160//5160 5138//5138 5135//5135
f 5158//5158 5161//5161 5160//5160 5159//5159
f 5162//5162 5160//5160 5161//5161 5163//5163
f 5139//5139 5138//5138 5160//5160 5162//5162
f 5143//5143 5142//5142 5164//5164 5165//5165
f 5162//5162 5164//5164 5142//5142 5139//5139
f 5163//5163 5166//5166 5164//5164 5162//5162
f 5165//5165 5164//5164 5166//5166 5167//5167
f 5168//5168 5169//5169 5170//5170 5171//5171
f 5167//5167 5166//5166 5169//5169 5168//5168
f 5172//5172 5169//5169 5166//5166 5163//5163
f 5173//5173 5170//5170 5169//5169 5172//5172
f 5174//5174 5175//5175 5173//5173 5172//5172
f 5163//5163 5161//5161 5174//5174 5172//5172
f 5174//5174 5161//5161 5158//5158 5176//5176
f 5175//5175 5174//5174 5176//5176 5177//5177
f 4390//4390 4389//4389 5178//5178 5179//5179
f 4367//4367 5178//5178 4389//4389 4368//4368
f 3773//3773 5180//5180 5178//5178 4367//4367
f 5179//5179 5178//5178 5180//5180 5181//5181
f 5151//5151 5149//5149 5182//5182 5183//5183
f 4387//4387 5182//5182 5149//5149 4383//4383
f 4390//4390 5179//5179 5182//5182 4387//4387
f 5183//5183 5182//5182 5179//5179 5181//5181
f 5184//5184 5185//5185 5181//5181
f 3771//3771 5184//5184 5180//5180 3773//3773
f 5184//5184 3771//3771 3772//3772 4392//4392
f 5184//5184 4392//4392 4396//4396
f 5186//5186 5187//5187 5144//5144
f 5150//5150 5151//5151 5183//5183
f 5186//5186 5183//5183 5181//5181
f 5188//5188 5189//5189 5187//5187
f 5190//5190 5191//5191 5155//5155
f 5154//5154 4378//4378 5145//5145
f 5190//5190 5145//5145 5144//5144
f 5187//5187 5189//5189 5191//5191
f 5177//5177 5176//5176 5192//5192 5193//5193
f 5157//5157 5192//5192 5176//5176 5158//5158
f 5155//5155 5191//5191 5192//5192 5157//5157
f 5193//5193 5192//5192 5191//5191 5189//5189
f 5189//5189 5188//5188 5194//5194 5195//5195
f 5188//5188 5181//5181 5185//5185
f 5194//5194 5185//5185 4396//4396
f 5195//5195 5194//5194 5196//5196 5197//5197
f 5198//5198 5199//5199 5200//5200 5201//5201
f 5198//5198 4394//4394 4398//4398
f 5199//5199 4398//4398 4400//4400
f 5200//5200 5199//5199 4428//4428 4427//4427
f 5202//5202 5196//5196 4396//4396
f 4395//4395 4394//4394 5198//5198
f 5201//5201 5203//5203 5202//5202 5198//5198
f 5196//5196 5202//5202 5203//5203 5197//5197
f 5204//5204 5205//5205 5201//5201
f 4436//4436 5204//5204 5200//5200 4427//4427
f 4438//4438 5206//5206 5204//5204 4436//4436
f 5205//5205 5204//5204 5206//5206 5207//5207
f 5207//5207 5206//5206 5208//5208 5209//5209
f 4440//4440 5208//5208 5206//5206 4438//4438
f 5208//5208 4440//4440 4434//4434 5210//5210
f 5209//5209 5208//5208 5210//5210 5211//5211
f 4434//4434 4433//4433 5212//5212 5210//5210
f 4409//4409 5212//5212 4433//4433 4411//4411
f 4360//4360 5213//5213 5212//5212 4409//4409
f 5210//5210 5212//5212 5213//5213 5211//5211
f 4359//4359 5214//5214 5213//5213 4360//4360
f 5215//5215 5214//5214 4359//4359 4356//4356
f 5216//5216 5214//5214 5215//5215 5217//5217
f 5211//5211 5213//5213 5214//5214 5216//5216
f 5218//5218 5219//5219 5220//5220 5221//5221
f 5220//5220 5219//5219 5217//5217 5215//5215
f 4356//4356 4355//4355 5220//5220 5215//5215
f 5221//5221 5220//5220 4355//4355 4352//4352
f 4352//4352 4351//4351 5222//5222 5221//5221
f 4351//4351 4348//4348 5223//5223
f 5224//5224 5225//5225 5222//5222 5223//5223
f 5221//5221 5222//5222 5225//5225 5218//5218
f 5223//5223 5226//5226 5227//5227 5224//5224
f 4348//4348 4345//4345 5226//5226 5223//5223
f 4343//4343 5228//5228 5226//5226 4345//4345
f 5227//5227 5226//5226 5228//5228 5229//5229
f 5229//5229 5228//5228 5230//5230 5231//5231
f 4342//4342 5230//5230 5228//5228 4343//4343
f 4339//4339 5232//5232 5230//5230 4342//4342
f 5231//5231 5230//5230 5232//5232 5233//5233
f 5233//5233 5232//5232 5234//5234 5235//5235
f 4338//4338 5234//5234 5232//5232 4339//4339
f 5234//5234 4338//4338 4335//4335
f 5236//5236 5237//5237 5235//5235
f 5238//5238 5239//5239 5240//5240 5241//5241
f 5239//5239 5189//5189 5195//5195
f 5197//5197 5241//5241 5240//5240 5195//5195
f 5242//5242 5243//5243 5244//5244 5245//5245
f 5193//5193 5244//5244 5243//5243 5177//5177
f 5189//5189 5239//5239 5244//5244 5193//5193
f 5245//5245 5244//5244 5239//5239 5238//5238
f 5246//5246 5247//5247 5248//5248 5249//5249
f 5175//5175 5248//5248 5247//5247 5173//5173
f 5177//5177 5243//5243 5248//5248 5175//5175
f 5249//5249 5248//5248 5243//5243 5242//5242
f 5250//5250 5251//5251 5252//5252 5253//5253
f 5171//5171 5170//5170 5251//5251 5250//5250
f 5247//5247 5251//5251 5170//5170 5173//5173
f 5252//5252 5251//5251 5247//5247 5246//5246
f 5254//5254 5255//5255 5256//5256
f 5256//5256 5238//5238 5241//5241
f 5257//5257 5241//5241 5197//5197
f 5203//5203 5201//5201 5254//5254
f 5258//5258 5259//5259 5255//5255
f 5254//5254 5201//5201 5205//5205
f 5207//5207 5260//5260 5258//5258 5205//5205
f 5259//5259 5258//5258 5260//5260 5261//5261
f 5261//5261 5260//5260 5262//5262 5263//5263
f 5209//5209 5262//5262 5260//5260 5207//5207
f 5211//5211 5264//5264 5262//5262 5209//5209
f 5263//5263 5262//5262 5264//5264 5265//5265
f 5265//5265 5264//5264 5266//5266 5267//5267
f 5216//5216 5266//5266 5264//5264 5211//5211
f 5217//5217 5268//5268 5266//5266 5216//5216
f 5267//5267 5266//5266 5268//5268 5269//5269
f 5269//5269 5268//5268 5270//5270 5271//5271
f 5219//5219 5270//5270 5268//5268 5217//5217
f 5272//5272 5270//5270 5219//5219 5218//5218
f 5271//5271 5270//5270 5272//5272 5273//5273
f 5274//5274 5275//5275 5276//5276 5277//5277
f 5272//5272 5276//5276 5275//5275 5273//5273
f 5218//5218 5225//5225 5276//5276 5272//5272
f 5277//5277 5276//5276 5225//5225 5224//5224
f 5278//5278 5279//5279 5280//5280 5281//5281
f 5277//5277 5280//5280 5279//5279 5274//5274
f 5224//5224 5227//5227 5280//5280 5277//5277
f 5281//5281 5280//5280 5227//5227 5229//5229
f 5282//5282 5283//5283 5284//5284 5285//5285
f 5281//5281 5284//5284 5283//5283 5278//5278
f 5229//5229 5231//5231 5284//5284 5281//5281
f 5285//5285 5284//5284 5231//5231 5233//5233
f 5286//5286 5287//5287 5288//5288 5289//5289
f 5285//5285 5288//5288 5287//5287 5282//5282
f 5233//5233 5235//5235 5288//5288 5285//5285
f 5289//5289 5288//5288 5235//5235 5237//5237
f 5286//5286 5290//5290 5291//5291 5287//5287
f 2428//2428 5291//5291 5290//5290 2433//2433
f 5292//5292 5291//5291 2428//2428 2431//2431
f 5282//5282 5287//5287 5291//5291 5292//5292
f 5293//5293 5294//5294 5295//5295 5296//5296
f 5279//5279 5295//5295 5294//5294 5274//5274
f 5297//5297 5295//5295 5279//5279 5278//5278
f 5296//5296 5295//5295 5297//5297 2439//2439
f 5278//5278 5283//5283 5298//5298 5297//5297
f 5292//5292 5298//5298 5283//5283 5282//5282
f 2431//2431 2441//2441 5298//5298 5292//5292
f 5297//5297 5298//5298 2441//2441 2439//2439
f 5299//5299 5300//5300 5301//5301 5302//5302
f 5275//5275 5301//5301 5300//5300 5273//5273
f 5274//5274 5294//5294 5301//5301 5275//5275
f 5302//5302 5301//5301 5294//5294 5293//5293
f 5293//5293 5296//5296 5303//5303 5302//5302
f 2449//2449 5303//5303 5296//5296 2439//2439
f 2448//2448 5304//5304 5303//5303 2449//2449
f 5302//5302 5303//5303 5304//5304 5299//5299
f 5305//5305 5306//5306 5307//5307 5308//5308
f 5271//5271 5307//5307 5306//5306 5269//5269
f 5273//5273 5300//5300 5307//5307 5271//5271
f 5308//5308 5307//5307 5300//5300 5299//5299
f 5309//5309 2457//2457 2456//2456 5310//5310
f 5308//5308 5309//5309 5310//5310 5305//5305
f 5299//5299 5304//5304 5309//5309 5308//5308
f 2457//2457 5309//5309 5304//5304 2448//2448
f 5311//5311 5312//5312 5313//5313 5314//5314
f 5267//5267 5313//5313 5312//5312 5265//5265
f 5269//5269 5306//5306 5313//5313 5267//5267
f 5314//5314 5313//5313 5306//5306 5305//5305
f 5311//5311 5314//5314 5315//5315 5316//5316
f 5310//5310 5315//5315 5314//5314 5305//5305
f 2456//2456 2464//2464 5315//5315 5310//5310
f 5316//5316 5315//5315 2464//2464 2465//2465
f 5317//5317 5318//5318 5319//5319
f 5263//5263 5317//5317 5320//5320 5261//5261
f 5265//5265 5312//5312 5317//5317 5263//5263
f 5318//5318 5317//5317 5312//5312 5311//5311
f 5319//5319 5318//5318 5321//5321 5322//5322
f 5316//5316 5321//5321 5318//5318 5311//5311
f 2465//2465 2472//2472 5321//5321 5316//5316
f 5322//5322 5321//5321 2472//2472 2473//2473
f 5323//5323 5324//5324 5325//5325 5326//5326
f 5324//5324 5255//5255 5259//5259
f 5261//5261 5320//5320 5325//5325 5259//5259
f 5319//5319 5326//5326 5325//5325
f 5323//5323 5326//5326 5327//5327 5328//5328
f 5326//5326 5319//5319 5322//5322
f 2473//2473 2479//2479 5327//5327 5322//5322
f 5328//5328 5327//5327 2479//2479 2481//2481
f 5329//5329 5330//5330 5331//5331 5332//5332
f 5256//5256 5331//5331 5330//5330 5238//5238
f 5255//5255 5324//5324 5331//5331 5256//5256
f 5332//5332 5331//5331 5324//5324 5323//5323
f 5323//5323 5328//5328 5333//5333 5332//5332
f 2481//2481 2489//2489 5333//5333 5328//5328
f 2488//2488 5334//5334 5333//5333 2489//2489
f 5332//5332 5333//5333 5334//5334 5329//5329
f 5238//5238 5330//5330 5335//5335 5245//5245
f 5336//5336 5335//5335 5330//5330 5329//5329
f 5337//5337 5338//5338 5335//5335 5336//5336
f 5245//5245 5335//5335 5338//5338 5242//5242
f 5329//5329 5334//5334 5339//5339 5336//5336
f 2497//2497 5339//5339 5334//5334 2488//2488
f 2496//2496 5340//5340 5339//5339 2497//2497
f 5336//5336 5339//5339 5340//5340 5337//5337
f 5242//5242 5338//5338 5341//5341 5249//5249
f 5342//5342 5341//5341 5338//5338 5337//5337
f 5343//5343 5344//5344 5341//5341 5342//5342
f 5249//5249 5341//5341 5344//5344 5246//5246
f 5337//5337 5340//5340 5345//5345 5342//5342
f 2505//2505 5345//5345 5340//5340 2496//2496
f 2504//2504 5346//5346 5345//5345 2505//2505
f 5342//5342 5345//5345 5346//5346 5343//5343
f 5246//5246 5344//5344 5347//5347 5252//5252
f 5348//5348 5347//5347 5344//5344 5343//5343
f 5349//5349 5350//5350 5347//5347 5348//5348
f 5252//5252 5347//5347 5350//5350 5253//5253
f 5343//5343 5346//5346 5351//5351 5348//5348
f 2513//2513 5351//5351 5346//5346 2504//2504
f 2512//2512 5352//5352 5351//5351 2513//2513
f 5348//5348 5351//5351 5352//5352 5349//5349
f 1148//1148 4095//4095 5353//5353 2514//2514
f 5354//5354 5353//5353 4095//4095 4094//4094
f 5355//5355 5356//5356 5353//5353 5354//5354
f 5353//5353 5356//5356 2517//2517 2514//2514
f 5357//5357 5358//5358 5359//5359 5360//5360
f 2528//2528 2527//2527 5358//5358 5357//5357
f 5361//5361 5358//5358 2527//2527 2526//2526
f 5362//5362 5359//5359 5358//5358 5361//5361
f 5363//5363 5364//5364 5365//5365 5366//5366
f 5367//5367 5365//5365 5364//5364 5368//5368
f 5369//5369 5370//5370 5365//5365 5367//5367
f 5366//5366 5365//5365 5370//5370 5371//5371
f 5361//5361 5372//5372 5373//5373 5362//5362
f 2526//2526 2539//2539 5372//5372 5361//5361
f 5356//5356 5372//5372 2539//2539 2517//2517
f 5355//5355 5373//5373 5372//5372 5356//5356
f 5355//5355 5374//5374 5375//5375 5373//5373
f 5376//5376 5375//5375 5374//5374 5377//5377
f 5378//5378 5379//5379 5375//5375 5376//5376
f 5373//5373 5375//5375 5379//5379 5362//5362
f 5379//5379 5380//5380 5359//5359 5362//5362
f 5378//5378 5381//5381 5380//5380 5379//5379
f 5382//5382 5380//5380 5381//5381 5383//5383
f 5360//5360 5359//5359 5380//5380 5382//5382
f 5377//5377 5384//5384 5385//5385 5376//5376
f 5364//5364 5385//5385 5384//5384 5368//5368
f 5386//5386 5385//5385 5364//5364 5363//5363
f 5376//5376 5385//5385 5386//5386 5378//5378
f 5371//5371 5387//5387 5388//5388 5366//5366
f 5389//5389 5388//5388 5387//5387 5390//5390
f 5391//5391 5392//5392 5388//5388 5389//5389
f 5366//5366 5388//5388 5392//5392 5363//5363
f 5393//5393 5394//5394 5392//5392 5391//5391
f 5383//5383 5381//5381 5394//5394 5393//5393
f 5386//5386 5394//5394 5381//5381 5378//5378
f 5363//5363 5392//5392 5394//5394 5386//5386
f 5395//5395 5396//5396 5397//5397 5398//5398
f 5141//5141 5397//5397 5396//5396 4520//4520
f 5399//5399 5397//5397 5141//5141 5143//5143
f 5400//5400 5398//5398 5397//5397 5399//5399
f 5367//5367 5401//5401 5402//5402 5369//5369
f 5368//5368 5403//5403 5401//5401 5367//5367
f 5404//5404 5401//5401 5403//5403 5405//5405
f 5402//5402 5401//5401 5404//5404 5406//5406
f 5407//5407 5408//5408 5409//5409 5410//5410
f 5407//5407 4463//4463 4474//4474
f 4476//4476 5411//5411 5408//5408 4474//4474
f 5411//5411 5412//5412 5409//5409
f 4449//4449 4464//4464 5413//5413 5414//5414
f 5407//5407 5413//5413 4464//4464 4463//4463
f 5413//5413 5407//5407 5410//5410 5415//5415
f 5414//5414 5413//5413 5415//5415 5416//5416
f 3205//3205 4450//4450 5417//5417 3213//3213
f 5414//5414 5417//5417 4450//4450 4449//4449
f 5416//5416 5418//5418 5417//5417 5414//5414
f 3213//3213 5417//5417 5418//5418 3214//3214
f 3214//3214 5418//5418 5419//5419 5420//5420
f 5421//5421 5419//5419 5418//5418 5416//5416
f 5422//5422 5423//5423 5419//5419 5421//5421
f 5420//5420 5419//5419 5423//5423 5424//5424
f 5416//5416 5415//5415 5425//5425 5421//5421
f 5415//5415 5410//5410 5426//5426
f 5427//5427 5428//5428 5425//5425 5426//5426
f 5421//5421 5425//5425 5428//5428 5422//5422
f 5427//5427 5426//5426 5429//5429 5430//5430
f 5431//5431 5429//5429 5426//5426 5410//5410
f 5432//5432 5433//5433 5429//5429 5431//5431
f 5430//5430 5429//5429 5433//5433 5434//5434
f 5435//5435 5436//5436 5437//5437 5438//5438
f 5434//5434 5433//5433 5436//5436 5435//5435
f 5439//5439 5436//5436 5433//5433 5432//5432
f 5436//5436 5439//5439 5406//5406 5437//5437
f 5405//5405 5440//5440 5441//5441 5404//5404
f 5442//5442 5441//5441 5440//5440 5443//5443
f 5438//5438 5437//5437 5441//5441 5442//5442
f 5404//5404 5441//5441 5437//5437 5406//5406
f 4021//4021 4020//4020 5444//5444 5445//5445
f 5446//5446 5444//5444 4020//4020 3981//3981
f 5447//5447 5448//5448 5444//5444 5446//5446
f 5445//5445 5444//5444 5448//5448 5443//5443
f 5449//5449 5450//5450 5451//5451 5452//5452
f 5442//5442 5451//5451 5450//5450 5438//5438
f 5443//5443 5448//5448 5451//5451 5442//5442
f 5448//5448 5447//5447 5452//5452
f 5453//5453 5454//5454 5455//5455 5456//5456
f 4518//4518 5455//5455 5454//5454 4512//4512
f 4520//4520 5396//5396 5455//5455 4518//4518
f 5456//5456 5455//5455 5396//5396 5395//5395
f 5395//5395 5398//5398 5457//5457 5458//5458
f 5459//5459 5457//5457 5398//5398 5400//5400
f 5460//5460 5461//5461 5457//5457 5459//5459
f 5458//5458 5457//5457 5461//5461 5462//5462
f 5390//5390 5387//5387 5463//5463 5464//5464
f 5465//5465 5463//5463 5387//5387 5371//5371
f 5462//5462 5461//5461 5463//5463 5465//5465
f 5464//5464 5463//5463 5461//5461 5460//5460
f 5466//5466 5467//5467 5468//5468 5469//5469
f 5456//5456 5468//5468 5467//5467 5453//5453
f 5395//5395 5458//5458 5468//5468 5456//5456
f 5469//5469 5468//5468 5458//5458 5462//5462
f 5465//5465 5470//5470 5471//5471 5462//5462
f 5371//5371 5370//5370 5470//5470 5465//5465
f 5472//5472 5470//5470 5370//5370 5369//5369
f 5471//5471 5470//5470 5472//5472 5473//5473
f 5474//5474 5475//5475 5432//5432 5431//5431
f 5410//5410 5409//5409 5474//5474 5431//5431
f 5412//5412 5476//5476 5474//5474 5409//5409
f 5475//5475 5474//5474 5476//5476 5473//5473
f 5406//5406 5439//5439 5477//5477 5402//5402
f 5475//5475 5477//5477 5439//5439 5432//5432
f 5477//5477 5475//5475 5473//5473
f 5402//5402 5477//5477 5472//5472 5369//5369
f 5478//5478 5479//5479 5412//5412
f 4486//4486 5478//5478 5411//5411 4476//4476
f 4488//4488 5480//5480 5478//5478 4486//4486
f 5479//5479 5478//5478 5480//5480 5481//5481
f 5481//5481 5480//5480 5482//5482 5483//5483
f 4498//4498 5482//5482 5480//5480 4488//4488
f 4500//4500 5484//5484 5482//5482 4498//4498
f 5483//5483 5482//5482 5484//5484 5485//5485
f 5486//5486 5487//5487 5485//5485
f 4510//4510 5486//5486 5484//5484 4500//4500
f 5486//5486 4510//4510 4512//4512
f 5487//5487 5486//5486 5454//5454 5453//5453
f 5488//5488 5489//5489 5490//5490 5491//5491
f 5481//5481 5483//5483 5489//5489 5488//5488
f 5485//5485 5490//5490 5489//5489 5483//5483
f 5453//5453 5467//5467 5492//5492 5487//5487
f 5493//5493 5492//5492 5467//5467 5466//5466
f 5491//5491 5490//5490 5492//5492 5493//5493
f 5487//5487 5492//5492 5490//5490 5485//5485
f 5466//5466 5469//5469 5494//5494 5493//5493
f 5471//5471 5494//5494 5469//5469 5462//5462
f 5473//5473 5495//5495 5494//5494 5471//5471
f 5493//5493 5494//5494 5495//5495 5491//5491
f 5491//5491 5495//5495 5496//5496 5488//5488
f 5476//5476 5496//5496 5495//5495 5473//5473
f 5479//5479 5496//5496 5476//5476 5412//5412
f 5488//5488 5496//5496 5479//5479 5481//5481
f 3310//3310 3309//3309 5497//5497 5498//5498
f 3272//3272 5497//5497 3309//3309 3270//3270
f 3274//3274 5499//5499 5497//5497 3272//3272
f 5498//5498 5497//5497 5499//5499 5500//5500
f 3350//3350 3349//3349 5501//5501 5502//5502
f 5498//5498 5501//5501 3349//3349 3310//3310
f 5500//5500 5503//5503 5501//5501 5498//5498
f 5502//5502 5501//5501 5503//5503 5504//5504
f 5505//5505 5506//5506 5507//5507 5508//5508
f 3977//3977 5507//5507 5506//5506 3974//3974
f 3350//3350 5502//5502 5507//5507 3977//3977
f 5508//5508 5507//5507 5502//5502 5504//5504
f 5509//5509 5510//5510 5511//5511 5512//5512
f 3982//3982 5511//5511 5510//5510 3983//3983
f 3974//3974 5506//5506 5511//5511 3982//3982
f 5512//5512 5511//5511 5506//5506 5505//5505
f 5513//5513 5514//5514 5515//5515
f 5515//5515 5434//5434 5435//5435
f 5516//5516 5435//5435 5438//5438
f 5449//5449 5513//5513 5516//5516 5450//5450
f 5517//5517 5518//5518 5519//5519 5520//5520
f 5430//5430 5519//5519 5518//5518 5427//5427
f 5519//5519 5430//5430 5434//5434
f 5515//5515 5514//5514 5520//5520
f 5521//5521 5522//5522 5523//5523 5524//5524
f 5446//5446 5523//5523 5522//5522 5447//5447
f 3981//3981 3980//3980 5523//5523 5446//5446
f 5524//5524 5523//5523 3980//3980 3983//3983
f 5514//5514 5513//5513 5525//5525 5526//5526
f 5452//5452 5525//5525 5513//5513 5449//5449
f 5447//5447 5522//5522 5525//5525 5452//5452
f 5526//5526 5525//5525 5522//5522 5521//5521
f 5527//5527 5528//5528 5529//5529 5530//5530
f 5524//5524 5529//5529 5528//5528 5521//5521
f 3983//3983 5510//5510 5529//5529 5524//5524
f 5530//5530 5529//5529 5510//5510 5509//5509
f 5422//5422 5428//5428 5531//5531 5532//5532
f 5518//5518 5531//5531 5428//5428 5427//5427
f 5517//5517 5533//5533 5531//5531 5518//5518
f 5532//5532 5531//5531 5533//5533 5534//5534
f 5535//5535 5536//5536 5517//5517
f 5520//5520 5514//5514 5526//5526
f 5521//5521 5537//5537 5535//5535 5526//5526
f 5536//5536 5535//5535 5537//5537 5538//5538
f 5538//5538 5537//5537 5539//5539 5540//5540
f 5528//5528 5539//5539 5537//5537 5521//5521
f 5541//5541 5539//5539 5528//5528 5527//5527
f 5542//5542 5540//5540 5539//5539 5541//5541
f 5532//5532 5543//5543 5423//5423 5422//5422
f 5534//5534 5544//5544 5543//5543 5532//5532
f 5423//5423 5543//5543 5544//5544 5424//5424
f 5536//5536 5545//5545 5533//5533 5517//5517
f 5538//5538 5546//5546 5545//5545 5536//5536
f 5547//5547 5545//5545 5546//5546 5548//5548
f 5534//5534 5533//5533 5545//5545 5547//5547
f 5549//5549 5550//5550 5540//5540 5542//5542
f 5551//5551 5550//5550 5549//5549 5552//5552
f 5548//5548 5546//5546 5550//5550 5551//5551
f 5540//5540 5550//5550 5546//5546 5538//5538
f 5553//5553 5554//5554 5555//5555 5556//5556
f 5557//5557 5555//5555 5554//5554 5558//5558
f 3274//3274 3273//3273 5555//5555 5557//5557
f 5556//5556 5555//5555 3273//3273 3216//3216
f 3216//3216 3215//3215 5559//5559 5556//5556
f 5420//5420 5559//5559 3215//3215 3214//3214
f 5424//5424 5560//5560 5559//5559 5420//5420
f 5556//5556 5559//5559 5560//5560 5553//5553
f 5424//5424 5544//5544 5561//5561 5562//5562
f 5547//5547 5561//5561 5544//5544 5534//5534
f 5548//5548 5563//5563 5561//5561 5547//5547
f 5562//5562 5561//5561 5563//5563 5564//5564
f 5564//5564 5563//5563 5565//5565 5566//5566
f 5551//5551 5565//5565 5563//5563 5548//5548
f 5552//5552 5567//5567 5565//5565 5551//5551
f 5566//5566 5565//5565 5567//5567 5568//5568
f 5500//5500 5499//5499 5569//5569 5570//5570
f 5557//5557 5569//5569 5499//5499 3274//3274
f 5558//5558 5571//5571 5569//5569 5557//5557
f 5570//5570 5569//5569 5571//5571 5572//5572
f 5553//5553 5560//5560 5573//5573 5574//5574
f 5562//5562 5573//5573 5560//5560 5424//5424
f 5564//5564 5575//5575 5573//5573 5562//5562
f 5574//5574 5573//5573 5575//5575 5576//5576
f 5558//5558 5554//5554 5577//5577 5571//5571
f 5574//5574 5577//5577 5554//5554 5553//5553
f 5576//5576 5578//5578 5577//5577 5574//5574
f 5571//5571 5577//5577 5578//5578 5572//5572
f 5576//5576 5575//5575 5579//5579 5580//5580
f 5566//5566 5579//5579 5575//5575 5564//5564
f 5568//5568 5581//5581 5579//5579 5566//5566
f 5580//5580 5579//5579 5581//5581 5582//5582
f 5572//5572 5578//5578 5583//5583 5584//5584
f 5580//5580 5583//5583 5578//5578 5576//5576
f 5582//5582 5585//5585 5583//5583 5580//5580
f 5584//5584 5583//5583 5585//5585 5586//5586
f 5504//5504 5503//5503 5587//5587 5588//5588
f 5570//5570 5587//5587 5503//5503 5500//5500
f 5572//5572 5589//5589 5587//5587 5570//5570
f 5588//5588 5587//5587 5589//5589 5590//5590
f 5588//5588 5591//5591 5508//5508 5504//5504
f 5590//5590 5592//5592 5591//5591 5588//5588
f 5593//5593 5594//5594 5591//5591 5592//5592
f 5508//5508 5591//5591 5594//5594 5505//5505
f 5590//5590 5589//5589 5595//5595 5596//5596
f 5584//5584 5595//5595 5589//5589 5572//5572
f 5586//5586 5597//5597 5595//5595 5584//5584
f 5596//5596 5595//5595 5597//5597 5598//5598
f 5505//5505 5594//5594 5599//5599 5512//5512
f 5600//5600 5599//5599 5594//5594 5593//5593
f 5601//5601 5602//5602 5599//5599 5600//5600
f 5512//5512 5599//5599 5602//5602 5509//5509
f 5598//5598 5603//5603 5604//5604 5596//5596
f 5605//5605 5606//5606 5604//5604 5603//5603
f 5592//5592 5604//5604 5606//5606 5593//5593
f 5596//5596 5604//5604 5592//5592 5590//5590
f 5509//5509 5602//5602 5607//5607 5530//5530
f 5608//5608 5607//5607 5602//5602 5601//5601
f 5609//5609 5610//5610 5607//5607 5608//5608
f 5530//5530 5607//5607 5610//5610 5527//5527
f 5611//5611 5612//5612 5613//5613 5614//5614
f 5600//5600 5613//5613 5612//5612 5601//5601
f 5593//5593 5606//5606 5613//5613 5600//5600
f 5614//5614 5613//5613 5606//5606 5605//5605
f 5615//5615 5616//5616 5617//5617 5618//5618
f 5541//5541 5617//5617 5616//5616 5542//5542
f 5527//5527 5610//5610 5617//5617 5541//5541
f 5618//5618 5617//5617 5610//5610 5609//5609
f 5619//5619 5620//5620 5621//5621 5622//5622
f 5552//5552 5549//5549 5621//5621 5620//5620
f 5542//5542 5616//5616 5621//5621 5549//5549
f 5622//5622 5621//5621 5616//5616 5615//5615
f 5623//5623 5624//5624 5625//5625 5626//5626
f 5608//5608 5625//5625 5624//5624 5609//5609
f 5601//5601 5612//5612 5625//5625 5608//5608
f 5626//5626 5625//5625 5612//5612 5611//5611
f 5568//5568 5567//5567 5627//5627 5628//5628
f 5620//5620 5627//5627 5567//5567 5552//5552
f 5619//5619 5629//5629 5627//5627 5620//5620
f 5628//5628 5627//5627 5629//5629 5630//5630
f 5631//5631 5632//5632 5633//5633
f 5618//5618 5631//5631 5634//5634 5615//5615
f 5609//5609 5624//5624 5631//5631 5618//5618
f 5632//5632 5631//5631 5624//5624 5623//5623
f 5630//5630 5629//5629 5635//5635 5636//5636
f 5622//5622 5635//5635 5629//5629 5619//5619
f 5615//5615 5634//5634 5635//5635 5622//5622
f 5636//5636 5635//5635 5634//5634 5633//5633
f 5582//5582 5581//5581 5637//5637 5638//5638
f 5628//5628 5637//5637 5581//5581 5568//5568
f 5630//5630 5639//5639 5637//5637 5628//5628
f 5638//5638 5637//5637 5639//5639 5640//5640
f 5586//5586 5585//5585 5641//5641 5642//5642
f 5638//5638 5641//5641 5585//5585 5582//5582
f 5640//5640 5643//5643 5641//5641 5638//5638
f 5642//5642 5641//5641 5643//5643 5644//5644
f 5640//5640 5639//5639 5645//5645 5646//5646
f 5636//5636 5645//5645 5639//5639 5630//5630
f 5646//5646 5645//5645 5636//5636 5633//5633
f 5644//5644 5643//5643 5647//5647 5648//5648
f 5646//5646 5647//5647 5643//5643 5640//5640
f 5633//5633 5649//5649 5647//5647 5646//5646
f 5648//5648 5647//5647 5649//5649 5650//5650
f 5632//5632 5651//5651 5649//5649 5633//5633
f 5652//5652 5651//5651 5632//5632 5623//5623
f 5653//5653 5654//5654 5651//5651 5652//5652
f 5650//5650 5649//5649 5651//5651 5654//5654
f 5654//5654 5655//5655 5656//5656 5650//5650
f 5657//5657 5655//5655 5654//5654 5653//5653
f 5658//5658 5659//5659 5655//5655 5657//5657
f 5660//5660 5656//5656 5655//5655 5659//5659
f 5623//5623 5626//5626 5661//5661 5652//5652
f 5611//5611 5662//5662 5661//5661 5626//5626
f 5663//5663 5661//5661 5662//5662 5664//5664
f 5652//5652 5661//5661 5663//5663 5653//5653
f 5664//5664 5662//5662 5665//5665 5666//5666
f 5614//5614 5665//5665 5662//5662 5611//5611
f 5605//5605 5667//5667 5665//5665 5614//5614
f 5666//5666 5665//5665 5667//5667 5668//5668
f 5669//5669 5670//5670 5671//5671
f 5648//5648 5669//5669 5672//5672 5644//5644
f 5650//5650 5656//5656 5669//5669 5648//5648
f 5656//5656 5660//5660 5670//5670
f 5598//5598 5597//5597 5673//5673 5674//5674
f 5642//5642 5673//5673 5597//5597 5586//5586
f 5644//5644 5672//5672 5673//5673 5642//5642
f 5674//5674 5673//5673 5672//5672 5671//5671
f 5668//5668 5667//5667 5675//5675 5676//5676
f 5603//5603 5675//5675 5667//5667 5605//5605
f 5674//5674 5675//5675 5603//5603 5598//5598
f 5671//5671 5676//5676 5675//5675 5674//5674
f 5677//5677 5678//5678 5679//5679
f 5666//5666 5677//5677 5680//5680 5664//5664
f 5668//5668 5676//5676 5677//5677 5666//5666
f 5676//5676 5671//5671 5678//5678
f 5660//5660 5659//5659 5681//5681 5670//5670
f 5682//5682 5681//5681 5659//5659 5658//5658
f 5678//5678 5681//5681 5682//5682 5679//5679
f 5670//5670 5681//5681 5678//5678 5671//5671
f 5658//5658 5657//5657 5683//5683 5682//5682
f 5663//5663 5683//5683 5657//5657 5653//5653
f 5664//5664 5680//5680 5683//5683 5663//5663
f 5679//5679 5682//5682 5683//5683 5680//5680
f 5684//5684 5685//5685 5686//5686
f 4052//4052 5684//5684 5687//5687 4053//4053
f 4034//4034 4039//4039 5684//5684 4052//4052
f 5685//5685 5684//5684 4039//4039 4038//4038
f 4117//4117 4116//4116 5688//5688 5689//5689
f 4112//4112 4111//4111 5688//5688 4116//4116
f 5687//5687 5688//5688 4111//4111 4053//4053
f 5689//5689 5688//5688 5687//5687 5686//5686
f 4122//4122 4121//4121 5690//5690 5691//5691
f 5689//5689 5690//5690 4121//4121 4117//4117
f 5686//5686 5692//5692 5690//5690
f 5691//5691 5690//5690 5692//5692 5693//5693
f 3998//3998 4003//4003 5694//5694 4037//4037
f 5695//5695 5694//5694 4003//4003 4002//4002
f 5696//5696 5697//5697 5694//5694 5695//5695
f 4037//4037 5694//5694 5697//5697 4038//4038
f 4038//4038 5697//5697 5698//5698 5685//5685
f 5699//5699 5698//5698 5697//5697 5696//5696
f 5700//5700 5701//5701 5698//5698 5699//5699
f 5685//5685 5698//5698 5701//5701 5686//5686
f 5693//5693 5692//5692 5702//5702 5703//5703
f 5702//5702 5692//5692 5686//5686
f 5703//5703 5702//5702 5701//5701 5700//5700
f 4002//4002 4007//4007 5704//5704 5695//5695
f 5705//5705 5704//5704 4007//4007 4006//4006
f 5706//5706 5707//5707 5704//5704 5705//5705
f 5695//5695 5704//5704 5707//5707 5696//5696
f 4122//4122 5691//5691 5708//5708 4126//4126
f 5693//5693 5709//5709 5708//5708 5691//5691
f 5710//5710 5711//5711 5708//5708 5709//5709
f 4126//4126 5708//5708 5711//5711 4123//4123
f 5712//5712 5699//5699 5696//5696
f 5707//5707 5706//5706 5713//5713
f 5714//5714 5715//5715 5712//5712 5713//5713
f 5699//5699 5712//5712 5715//5715 5700//5700
f 5710//5710 5709//5709 5716//5716 5717//5717
f 5703//5703 5716//5716 5709//5709 5693//5693
f 5700//5700 5715//5715 5716//5716 5703//5703
f 5717//5717 5716//5716 5715//5715 5714//5714
f 5705//5705 5718//5718 5719//5719 5706//5706
f 5718//5718 5705//5705 4006//4006 4011//4011
f 4013//4013 5720//5720 5718//5718 4011//4011
f 5720//5720 5721//5721 5719//5719
f 4123//4123 5711//5711 5722//5722 4130//4130
f 5723//5723 5722//5722 5711//5711 5710//5710
f 5724//5724 5725//5725 5722//5722 5723//5723
f 4130//4130 5722//5722 5725//5725 4127//4127
f 5713//5713 5726//5726 5727//5727 5714//5714
f 5726//5726 5713//5713 5706//5706
f 5726//5726 5719//5719 5721//5721
f 5727//5727 5726//5726 5728//5728 5729//5729
f 5710//5710 5717//5717 5730//5730 5723//5723
f 5714//5714 5727//5727 5730//5730 5717//5717
f 5729//5729 5731//5731 5730//5730 5727//5727
f 5723//5723 5730//5730 5731//5731 5724//5724
f 5732//5732 5733//5733 5721//5721
f 4016//4016 5732//5732 5720//5720 4013//4013
f 4015//4015 5734//5734 5732//5732 4016//4016
f 5733//5733 5732//5732 5734//5734 5735//5735
f 5729//5729 5728//5728 5736//5736 5737//5737
f 5733//5733 5736//5736 5728//5728 5721//5721
f 5735//5735 5738//5738 5736//5736 5733//5733
f 5737//5737 5736//5736 5738//5738 5739//5739
f 5740//5740 5741//5741 5742//5742 5743//5743
f 5445//5445 5742//5742 5741//5741 4021//4021
f 5443//5443 5440//5440 5742//5742 5445//5445
f 5743//5743 5742//5742 5440//5440 5405//5405
f 5735//5735 5734//5734 5744//5744 5745//5745
f 4019//4019 5744//5744 5734//5734 4015//4015
f 4021//4021 5741//5741 5744//5744 4019//4019
f 5745//5745 5744//5744 5741//5741 5740//5740
f 5739//5739 5738//5738 5746//5746 5747//5747
f 5745//5745 5746//5746 5738//5738 5735//5735
f 5746//5746 5745//5745 5740//5740
f 5747//5747 5746//5746 5748//5748 5749//5749
f 4127//4127 5725//5725 5750//5750 4134//4134
f 5751//5751 5750//5750 5725//5725 5724//5724
f 5752//5752 5753//5753 5750//5750 5751//5751
f 4134//4134 5750//5750 5753//5753 4131//4131
f 5724//5724 5731//5731 5754//5754 5751//5751
f 5737//5737 5754//5754 5731//5731 5729//5729
f 5739//5739 5755//5755 5754//5754 5737//5737
f 5751//5751 5754//5754 5755//5755 5752//5752
f 5405//5405 5403//5403 5756//5756 5743//5743
f 5757//5757 5756//5756 5403//5403 5368//5368
f 5758//5758 5759//5759 5756//5756 5757//5757
f 5759//5759 5740//5740 5743//5743
f 5377//5377 5374//5374 5760//5760 5761//5761
f 5354//5354 5760//5760 5374//5374 5355//5355
f 4094//4094 5762//5762 5760//5760 5354//5354
f 5761//5761 5760//5760 5762//5762 5763//5763
f 5764//5764 5765//5765 5749//5749
f 5748//5748 5740//5740 5759//5759
f 5764//5764 5759//5759 5758//5758
f 5766//5766 5767//5767 5765//5765
f 5768//5768 5769//5769 5761//5761 5763//5763
f 5757//5757 5769//5769 5768//5768 5758//5758
f 5368//5368 5384//5384 5769//5769 5757//5757
f 5769//5769 5384//5384 5377//5377 5761//5761
f 5767//5767 5766//5766 5770//5770 5771//5771
f 5758//5758 5768//5768 5770//5770 5766//5766
f 5763//5763 5771//5771 5770//5770 5768//5768
f 4131//4131 5753//5753 5772//5772 5773//5773
f 5774//5774 5772//5772 5753//5753 5752//5752
f 5767//5767 5771//5771 5772//5772 5774//5774
f 5773//5773 5772//5772 5771//5771 5763//5763
f 5775//5775 4093//4093 4091//4091 4132//4132
f 5773//5773 5775//5775 4132//4132 4131//4131
f 5762//5762 5775//5775 5773//5773 5763//5763
f 4094//4094 4093//4093 5775//5775 5762//5762
f 5752//5752 5755//5755 5776//5776 5774//5774
f 5747//5747 5776//5776 5755//5755 5739//5739
f 5749//5749 5765//5765 5776//5776 5747//5747
f 5765//5765 5767//5767 5774//5774
f 4290//4290 5777//5777 5778//5778 4287//4287
f 2949//2949 5777//5777 4290//4290 1353//1353
f 2948//2948 5779//5779 5777//5777 2949//2949
f 5778//5778 5777//5777 5779//5779 5780//5780
f 5781//5781 4294//4294 4287//4287
f 5780//5780 5782//5782 5781//5781 5778//5778
f 5783//5783 5784//5784 5781//5781 5782//5782
f 5784//5784 4291//4291 4294//4294
f 5780//5780 5779//5779 5785//5785 5782//5782
f 2957//2957 5785//5785 5779//5779 2948//2948
f 2956//2956 5786//5786 5785//5785 2957//2957
f 5782//5782 5785//5785 5786//5786 5783//5783
f 4296//4296 5787//5787 5788//5788 4297//4297
f 5787//5787 4296//4296 4291//4291
f 5789//5789 5787//5787 5784//5784 5783//5783
f 5788//5788 5787//5787 5789//5789 5790//5790
f 4301//4301 4300//4300 5791//5791 4331//4331
f 4300//4300 4297//4297 5788//5788
f 5790//5790 5792//5792 5791//5791 5788//5788
f 4331//4331 5791//5791 5792//5792 4334//4334
f 4334//4334 5792//5792 5793//5793 5794//5794
f 5795//5795 5793//5793 5792//5792 5790//5790
f 2968//2968 2967//2967 5793//5793 5795//5795
f 2967//2967 2966//2966 5794//5794
f 5796//5796 5797//5797 5237//5237
f 4333//4333 5796//5796 5236//5236 4335//4335
f 4334//4334 5794//5794 5796//5796 4333//4333
f 5797//5797 5796//5796 5794//5794 2966//2966
f 2433//2433 5290//5290 5798//5798 2972//2972
f 5289//5289 5798//5798 5290//5290 5286//5286
f 5237//5237 5797//5797 5798//5798 5289//5289
f 2972//2972 5798//5798 5797//5797 2966//2966
f 5783//5783 5786//5786 5799//5799 5789//5789
f 2975//2975 5799//5799 5786//5786 2956//2956
f 5799//5799 2975//2975 2968//2968 5795//5795
f 5790//5790 5789//5789 5799//5799 5795//5795
f 5800//5800 5801//5801 5802//5802 5803//5803
f 2309//2309 2308//2308 5801//5801 5800//5800
f 2305//2305 5804//5804 5801//5801 2308//2308
f 5802//5802 5801//5801 5804//5804 5805//5805
f 5805//5805 5804//5804 5806//5806 5807//5807
f 2302//2302 5806//5806 5804//5804 2305//2305
f 2281//2281 2566//2566 5806//5806 2302//2302
f 5807//5807 5806//5806 2566//2566 2567//2567
f 2391//2391 5808//5808 5809//5809 2388//2388
f 5800//5800 5808//5808 2391//2391 2309//2309
f 5803//5803 5810//5810 5808//5808 5800//5800
f 5811//5811 5809//5809 5808//5808 5810//5810
f 2388//2388 5809//5809 5812//5812 2507//2507
f 5813//5813 5812//5812 5809//5809 5811//5811
f 5814//5814 5815//5815 5812//5812 5813//5813
f 2507//2507 5812//5812 5815//5815 2508//2508
f 2508//2508 5815//5815 5816//5816 2511//2511
f 5814//5814 5817//5817 5816//5816 5815//5815
f 5818//5818 5816//5816 5817//5817 5819//5819
f 2512//2512 2511//2511 5816//5816 5818//5818
f 2567//2567 5820//5820 5821//5821 5807//5807
f 5822//5822 5823//5823 5821//5821 5820//5820
f 5807//5807 5821//5821 5823//5823 5805//5805
f 2523//2523 2522//2522 5824//5824 5825//5825
f 5826//5826 5824//5824 2522//2522 2528//2528
f 5827//5827 5828//5828 5824//5824 5826//5826
f 5825//5825 5824//5824 5828//5828 5829//5829
f 5820//5820 5830//5830 5831//5831 5822//5822
f 2625//2625 5830//5830 5820//5820 2567//2567
f 5832//5832 5830//5830 2625//2625 2624//2624
f 5833//5833 5831//5831 5830//5830 5832//5832
f 5832//5832 5834//5834 5835//5835 5833//5833
f 2624//2624 2630//2630 5834//5834 5832//5832
f 5836//5836 5834//5834 2630//2630 2559//2559
f 5837//5837 5835//5835 5834//5834 5836//5836
f 5836//5836 5838//5838 5839//5839 5837//5837
f 2559//2559 2558//2558 5838//5838 5836//5836
f 5840//5840 5838//5838 2558//2558 2557//2557
f 5841//5841 5839//5839 5838//5838 5840//5840
f 2557//2557 2561//2561 5842//5842 5840//5840
f 5843//5843 5842//5842 2561//2561 2550//2550
f 5844//5844 5845//5845 5842//5842 5843//5843
f 5840//5840 5842//5842 5845//5845 5841//5841
f 2550//2550 2548//2548 5846//5846 5843//5843
f 5825//5825 5846//5846 2548//2548 2523//2523
f 5829//5829 5847//5847 5846//5846 5825//5825
f 5843//5843 5846//5846 5847//5847 5844//5844
f 5143//5143 5165//5165 5848//5848 5399//5399
f 5849//5849 5848//5848 5165//5165 5167//5167
f 5850//5850 5851//5851 5848//5848 5849//5849
f 5399//5399 5848//5848 5851//5851 5400//5400
f 5852//5852 5853//5853 5854//5854 5855//5855
f 5849//5849 5853//5853 5852//5852 5850//5850
f 5168//5168 5853//5853 5849//5849 5167//5167
f 5171//5171 5854//5854 5853//5853 5168//5168
f 5855//5855 5854//5854 5856//5856 5857//5857
f 5250//5250 5856//5856 5854//5854 5171//5171
f 5253//5253 5858//5858 5856//5856 5250//5250
f 5857//5857 5856//5856 5858//5858 5859//5859
f 5253//5253 5350//5350 5860//5860 5858//5858
f 5861//5861 5860//5860 5350//5350 5349//5349
f 5862//5862 5863//5863 5860//5860 5861//5861
f 5859//5859 5858//5858 5860//5860 5863//5863
f 5349//5349 5352//5352 5864//5864 5861//5861
f 5818//5818 5864//5864 5352//5352 2512//2512
f 5819//5819 5865//5865 5864//5864 5818//5818
f 5861//5861 5864//5864 5865//5865 5862//5862
f 5866//5866 5867//5867 5851//5851 5850//5850
f 5868//5868 5869//5869 5867//5867 5866//5866
f 5400//5400 5851//5851 5867//5867 5869//5869
f 5827//5827 5826//5826 5870//5870 5871//5871
f 5357//5357 5870//5870 5826//5826 2528//2528
f 5360//5360 5872//5872 5870//5870 5357//5357
f 5871//5871 5870//5870 5872//5872 5873//5873
f 5459//5459 5874//5874 5875//5875 5460//5460
f 5869//5869 5874//5874 5459//5459 5400//5400
f 5876//5876 5874//5874 5869//5869 5868//5868
f 5877//5877 5875//5875 5874//5874 5876//5876
f 5464//5464 5878//5878 5879//5879 5390//5390
f 5460//5460 5875//5875 5878//5878 5464//5464
f 5880//5880 5878//5878 5875//5875 5877//5877
f 5881//5881 5879//5879 5878//5878 5880//5880
f 5389//5389 5882//5882 5883//5883 5391//5391
f 5390//5390 5879//5879 5882//5882 5389//5389
f 5884//5884 5882//5882 5879//5879 5881//5881
f 5885//5885 5883//5883 5882//5882 5884//5884
f 5391//5391 5883//5883 5886//5886 5393//5393
f 5887//5887 5886//5886 5883//5883 5885//5885
f 5888//5888 5889//5889 5886//5886 5887//5887
f 5393//5393 5886//5886 5889//5889 5383//5383
f 5873//5873 5872//5872 5890//5890 5891//5891
f 5382//5382 5890//5890 5872//5872 5360//5360
f 5383//5383 5889//5889 5890//5890 5382//5382
f 5891//5891 5890//5890 5889//5889 5888//5888
f 5803//5803 5802//5802 5892//5892 5893//5893
f 5894//5894 5892//5892 5802//5802 5805//5805
f 5895//5895 5896//5896 5892//5892 5894//5894
f 5893//5893 5892//5892 5896//5896 5897//5897
f 5811//5811 5810//5810 5898//5898 5899//5899
f 5893//5893 5898//5898 5810//5810 5803//5803
f 5897//5897 5900//5900 5898//5898 5893//5893
f 5899//5899 5898//5898 5900//5900 5901//5901
f 5902//5902 5903//5903 5904//5904 5905//5905
f 5814//5814 5813//5813 5903//5903 5902//5902
f 5899//5899 5903//5903 5813//5813 5811//5811
f 5901//5901 5904//5904 5903//5903 5899//5899
f 5819//5819 5817//5817 5906//5906 5907//5907
f 5902//5902 5906//5906 5817//5817 5814//5814
f 5905//5905 5908//5908 5906//5906 5902//5902
f 5907//5907 5906//5906 5908//5908 5909//5909
f 5894//5894 5910//5910 5911//5911 5895//5895
f 5805//5805 5823//5823 5910//5910 5894//5894
f 5912//5912 5910//5910 5823//5823 5822//5822
f 5913//5913 5911//5911 5910//5910 5912//5912
f 5829//5829 5828//5828 5914//5914 5915//5915
f 5916//5916 5914//5914 5828//5828 5827//5827
f 5914//5914 5916//5916 5917//5917 5918//5918
f 5915//5915 5914//5914 5918//5918 5919//5919
f 5912//5912 5920//5920 5921//5921 5913//5913
f 5822//5822 5831//5831 5920//5920 5912//5912
f 5922//5922 5920//5920 5831//5831 5833//5833
f 5923//5923 5921//5921 5920//5920 5922//5922
f 5833//5833 5835//5835 5924//5924 5922//5922
f 5925//5925 5924//5924 5835//5835 5837//5837
f 5926//5926 5927//5927 5924//5924 5925//5925
f 5922//5922 5924//5924 5927//5927 5923//5923
f 5925//5925 5928//5928 5929//5929 5926//5926
f 5837//5837 5839//5839 5928//5928 5925//5925
f 5930//5930 5928//5928 5839//5839 5841//5841
f 5931//5931 5929//5929 5928//5928 5930//5930
f 5841//5841 5845//5845 5932//5932 5930//5930
f 5933//5933 5932//5932 5845//5845 5844//5844
f 5934//5934 5935//5935 5932//5932 5933//5933
f 5930//5930 5932//5932 5935//5935 5931//5931
f 5844//5844 5847//5847 5936//5936 5933//5933
f 5915//5915 5936//5936 5847//5847 5829//5829
f 5919//5919 5937//5937 5936//5936 5915//5915
f 5933//5933 5936//5936 5937//5937 5934//5934
f 5852//5852 5938//5938 5939//5939 5850//5850
f 5855//5855 5940//5940 5938//5938 5852//5852
f 5941//5941 5938//5938 5940//5940 5942//5942
f 5943//5943 5939//5939 5938//5938 5941//5941
f 5857//5857 5944//5944 5940//5940 5855//5855
f 5859//5859 5945//5945 5944//5944 5857//5857
f 5946//5946 5944//5944 5945//5945 5947//5947
f 5942//5942 5940//5940 5944//5944 5946//5946
f 5947//5947 5945//5945 5948//5948 5949//5949
f 5863//5863 5948//5948 5945//5945 5859//5859
f 5862//5862 5950//5950 5948//5948 5863//5863
f 5949//5949 5948//5948 5950//5950 5951//5951
f 5951//5951 5950//5950 5952//5952 5953//5953
f 5865//5865 5952//5952 5950//5950 5862//5862
f 5819//5819 5907//5907 5952//5952 5865//5865
f 5953//5953 5952//5952 5907//5907 5909//5909
f 5866//5866 5954//5954 5955//5955 5868//5868
f 5850//5850 5939//5939 5954//5954 5866//5866
f 5956//5956 5954//5954 5939//5939 5943//5943
f 5957//5957 5955//5955 5954//5954 5956//5956
f 5917//5917 5916//5916 5958//5958 5959//5959
f 5871//5871 5958//5958 5916//5916 5827//5827
f 5873//5873 5960//5960 5958//5958 5871//5871
f 5959//5959 5958//5958 5960//5960 5961//5961
f 5962//5962 5963//5963 5964//5964 5965//5965
f 5876//5876 5964//5964 5963//5963 5877//5877
f 5868//5868 5955//5955 5964//5964 5876//5876
f 5965//5965 5964//5964 5955//5955 5957//5957
f 5966//5966 5967//5967 5968//5968 5969//5969
f 5880//5880 5968//5968 5967//5967 5881//5881
f 5877//5877 5963//5963 5968//5968 5880//5880
f 5969//5969 5968//5968 5963//5963 5962//5962
f 5884//5884 5970//5970 5971//5971 5885//5885
f 5881//5881 5967//5967 5970//5970 5884//5884
f 5972//5972 5970//5970 5967//5967 5966//5966
f 5973//5973 5971//5971 5970//5970 5972//5972
f 5974//5974 5975//5975 5976//5976 5977//5977
f 5887//5887 5976//5976 5975//5975 5888//5888
f 5885//5885 5971//5971 5976//5976 5887//5887
f 5977//5977 5976//5976 5971//5971 5973//5973
f 5961//5961 5960//5960 5978//5978 5979//5979
f 5891//5891 5978//5978 5960//5960 5873//5873
f 5888//5888 5975//5975 5978//5978 5891//5891
f 5979//5979 5978//5978 5975//5975 5974//5974
f 5897//5897 5896//5896 5980//5980 5981//5981
f 5982//5982 5980//5980 5896//5896 5895//5895
f 5983//5983 5984//5984 5980//5980 5982//5982
f 5981//5981 5980//5980 5984//5984 5985//5985
f 5901//5901 5900//5900 5986//5986 5987//5987
f 5981//5981 5986//5986 5900//5900 5897//5897
f 5985//5985 5988//5988 5986//5986 5981//5981
f 5987//5987 5986//5986 5988//5988 5989//5989
f 5990//5990 5991//5991 5992//5992 5993//5993
f 5905//5905 5904//5904 5992//5992 5991//5991
f 5901//5901 5987//5987 5992//5992 5904//5904
f 5993//5993 5992//5992 5987//5987 5989//5989
f 5994//5994 5995//5995 5909//5909 5908//5908
f 5991//5991 5994//5994 5908//5908 5905//5905
f 5996//5996 5994//5994 5991//5991 5990//5990
f 5997//5997 5995//5995 5994//5994 5996//5996
f 5982//5982 5998//5998 5999//5999 5983//5983
f 5895//5895 5911//5911 5998//5998 5982//5982
f 6000//6000 5998//5998 5911//5911 5913//5913
f 6001//6001 5999//5999 5998//5998 6000//6000
f 5919//5919 5918//5918 6002//6002 6003//6003
f 5917//5917 6004//6004 6002//6002 5918//5918
f 6005//6005 6002//6002 6004//6004 6006//6006
f 6003//6003 6002//6002 6005//6005 6007//6007
f 5913//5913 5921//5921 6008//6008 6000//6000
f 6009//6009 6008//6008 5921//5921 5923//5923
f 6010//6010 6011//6011 6008//6008 6009//6009
f 6000//6000 6008//6008 6011//6011 6001//6001
f 5923//5923 5927//5927 6012//6012 6009//6009
f 6013//6013 6012//6012 5927//5927 5926//5926
f 6014//6014 6015//6015 6012//6012 6013//6013
f 6009//6009 6012//6012 6015//6015 6010//6010
f 6013//6013 6016//6016 6017//6017 6014//6014
f 5926//5926 5929//5929 6016//6016 6013//6013
f 6018//6018 6016//6016 5929//5929 5931//5931
f 6019//6019 6017//6017 6016//6016 6018//6018
f 6018//6018 6020//6020 6021//6021 6019//6019
f 5931//5931 5935//5935 6020//6020 6018//6018
f 6022//6022 6020//6020 5935//5935 5934//5934
f 6023//6023 6021//6021 6020//6020 6022//6022
f 5934//5934 5937//5937 6024//6024 6022//6022
f 6003//6003 6024//6024 5937//5937 5919//5919
f 6007//6007 6025//6025 6024//6024 6003//6003
f 6022//6022 6024//6024 6025//6025 6023//6023
f 6026//6026 6027//6027 6028//6028 6029//6029
f 5941//5941 6028//6028 6027//6027 5943//5943
f 5942//5942 6030//6030 6028//6028 5941//5941
f 6029//6029 6028//6028 6030//6030 6031//6031
f 6031//6031 6030//6030 6032//6032 6033//6033
f 5946//5946 6032//6032 6030//6030 5942//5942
f 5947//5947 6034//6034 6032//6032 5946//5946
f 6033//6033 6032//6032 6034//6034 6035//6035
f 6035//6035 6034//6034 6036//6036 6037//6037
f 5949//5949 6036//6036 6034//6034 5947//5947
f 5951//5951 6038//6038 6036//6036 5949//5949
f 6037//6037 6036//6036 6038//6038 6039//6039
f 6039//6039 6038//6038 6040//6040 6041//6041
f 5953//5953 6040//6040 6038//6038 5951//5951
f 5909//5909 5995//5995 6040//6040 5953//5953
f 5995//5995 5997//5997 6041//6041
f 5956//5956 6042//6042 6043//6043 5957//5957
f 5943//5943 6027//6027 6042//6042 5956//5956
f 6027//6027 6026//6026 6044//6044
f 6045//6045 6043//6043 6042//6042 6044//6044
f 6006//6006 6004//6004 6046//6046 6047//6047
f 5959//5959 6046//6046 6004//6004 5917//5917
f 5961//5961 6048//6048 6046//6046 5959//5959
f 6047//6047 6046//6046 6048//6048 6049//6049
f 6050//6050 6051//6051 6052//6052 6053//6053
f 5965//5965 6052//6052 6051//6051 5962//5962
f 5957//5957 6043//6043 6052//6052 5965//5965
f 6053//6053 6052//6052 6043//6043 6045//6045
f 6054//6054 6055//6055 6056//6056 6057//6057
f 5969//5969 6056//6056 6055//6055 5966//5966
f 5962//5962 6051//6051 6056//6056 5969//5969
f 6057//6057 6056//6056 6051//6051 6050//6050
f 5972//5972 6058//6058 6059//6059 5973//5973
f 5966//5966 6055//6055 6058//6058 5972//5972
f 6060//6060 6058//6058 6055//6055 6054//6054
f 6061//6061 6059//6059 6058//6058 6060//6060
f 6062//6062 6063//6063 6064//6064 6065//6065
f 6063//6063 5974//5974 5977//5977
f 5973//5973 6059//6059 6064//6064 5977//5977
f 6065//6065 6064//6064 6059//6059 6061//6061
f 5979//5979 6066//6066 6048//6048 5961//5961
f 5974//5974 6063//6063 6066//6066 5979//5979
f 6063//6063 6062//6062 6067//6067
f 6049//6049 6048//6048 6066//6066 6067//6067
f 6068//6068 6069//6069 6070//6070 6071//6071
f 6411//6072 6416//6073 6069//6069 6068//6068
f 6488//6074 6489//6073 6073//6075 6075//6076
f 6076//6077 6070//6070 6069//6069 6074//6078
f 6077//6079 6078//6080 6079//6081 6080//6082
f 6081//6083 6079//6081 6078//6080 6082//6084
f 6083//6085 6084//6086 6079//6081 6081//6083
f 6080//6082 6079//6081 6084//6086 6085//6087
f 6074//6078 6086//6088 6087//6089 6076//6077
f 6443//6090 6424//6091 6086//6088 6074//6078
f 6486//6092 6487//6093 6088//6094 6090//6095
f 6091//6096 6087//6089 6086//6088 6089//6097
f 6085//6087 6092//6098 6093//6099 6080//6082
f 6087//6089 6093//6099 6092//6098 6076//6077
f 6091//6096 6094//6100 6093//6099 6087//6089
f 6080//6082 6093//6099 6094//6100 6077//6079
f 6095//6101 6096//6102 6097//6103 6098//6104
f 6099//6105 6097//6103 6096//6102 6100//6106
f 6082//6084 6078//6080 6097//6103 6099//6105
f 6098//6104 6097//6103 6078//6080 6077//6079
f 6089//6097 6101//6107 6102//6108 6091//6096
f 6437//6109 6417//6110 6101//6107 6089//6097
f 6484//6111 6485//6112 6103//6113 6105//6114
f 6106//6115 6102//6108 6101//6107 6104//6116
f 6077//6079 6094//6100 6107//6117 6098//6104
f 6107//6117 6094//6100 6091//6096 6102//6108
f 6108//6118 6107//6117 6102//6108 6106//6115
f 6098//6104 6107//6117 6108//6118 6095//6101
f 6109//6119 6110//6120 6111//6121 6112//6122
f 6113//6123 6111//6121 6110//6120 6114//6124
f 6100//6106 6096//6102 6111//6121 6113//6123
f 6112//6122 6111//6121 6096//6102 6095//6101
f 6115//6125 6116//6126 6117//6127 6118//6128
f 6104//6116 6117//6127 6116//6126 6106//6115
f 6431//6129 6418//6130 6117//6127 6104//6116
f 6482//6131 6483//6130 6119//6132 6120//6133
f 6121//6134 6112//6122 6095//6101 6108//6118
f 6106//6115 6116//6126 6121//6134 6108//6118
f 6122//6135 6121//6134 6116//6126 6115//6125
f 6121//6134 6122//6135 6109//6119 6112//6122
f 6123//6136 6124//6137 6125//6138 6126//6139
f 6127//6140 6125//6138 6124//6137 6128//6141
f 6114//6124 6110//6120 6125//6138 6127//6140
f 6126//6139 6125//6138 6110//6120 6109//6119
f 6129//6142 6130//6143 6131//6144 6132//6145
f 6118//6128 6131//6144 6130//6143 6115//6125
f 6425//6146 6406//6147 6131//6144 6118//6128
f 6480//6148 6481//6149 6133//6150 6134//6151
f 6109//6119 6122//6135 6135//6152 6126//6139
f 6115//6125 6130//6143 6135//6152 6122//6135
f 6136//6153 6135//6152 6130//6143 6129//6142
f 6135//6152 6136//6153 6123//6136 6126//6139
f 6137//6154 6138//6155 6139//6156 6140//6157
f 6141//6158 6137//6154 6140//6157 6142//6159
f 6128//6141 6124//6137 6137//6154 6141//6158
f 6138//6155 6137//6154 6124//6137 6123//6136
f 6143//6160 6144//6161 6145//6162 6146//6163
f 6132//6145 6145//6162 6144//6161 6129//6142
f 6412//6164 6438//6165 6145//6162 6132//6145
f 6478//6166 6479//6165 6147//6167 6148//6168
f 6149//6169 6138//6155 6123//6136 6136//6153
f 6129//6142 6144//6161 6149//6169 6136//6153
f 6150//6170 6149//6169 6144//6161 6143//6160
f 6139//6156 6138//6155 6149//6169 6150//6170
f 6151//6171 6152//6172 6153//6173 6154//6174
f 6140//6157 6153//6173 6152//6172 6142//6159
f 6139//6156 6155//6175 6153//6173 6140//6157
f 6154//6174 6153//6173 6155//6175 6156//6176
f 6157//6177 6158//6178 6159//6179 6160//6180
f 6146//6163 6159//6179 6158//6178 6143//6160
f 6444//6166 6428//6181 6159//6179 6146//6163
f 6476//6182 6477//6183 6161//6184 6162//6185
f 6156//6176 6155//6175 6163//6186 6164//6187
f 6150//6170 6163//6186 6155//6175 6139//6156
f 6143//6160 6158//6178 6163//6186 6150//6170
f 6164//6187 6163//6186 6158//6178 6157//6177
f 6165//6188 6166//6189 6167//6190 6168//6191
f 6154//6174 6167//6190 6166//6189 6151//6171
f 6156//6176 6169//6192 6167//6190 6154//6174
f 6168//6191 6167//6190 6169//6192 6170//6193
f 6171//6194 6172//6195 6173//6196 6174//6197
f 6160//6180 6173//6196 6172//6195 6157//6177
f 6432//6182 6419//6198 6173//6196 6160//6180
f 6426//6199 6174//6197 6173//6196 6419//6198
f 6170//6193 6169//6192 6177//6200 6178//6201
f 6164//6187 6177//6200 6169//6192 6156//6176
f 6157//6177 6172//6195 6177//6200 6164//6187
f 6178//6201 6177//6200 6172//6195 6171//6194
f 6179//6202 6180//6203 6181//6204 6182//6205
f 6168//6191 6181//6204 6180//6203 6165//6188
f 6170//6193 6183//6206 6181//6204 6168//6191
f 6182//6205 6181//6204 6183//6206 6184//6207
f 6185//6208 6186//6209 6187//6210 6188//6211
f 6171//6194 6174//6197 6186//6209 6185//6208
f 6445//6212 6186//6209 6174//6197 6426//6199
f 6407//6213 6187//6210 6186//6209 6445//6212
f 6184//6207 6183//6206 6191//6214 6192//6215
f 6178//6201 6191//6214 6183//6206 6170//6193
f 6171//6194 6185//6208 6191//6214 6178//6201
f 6192//6215 6191//6214 6185//6208 6188//6211
f 6193//6216 6194//6217 6195//6218 6196//6219
f 6182//6205 6195//6218 6194//6217 6179//6202
f 6184//6207 6197//6220 6195//6218 6182//6205
f 6196//6219 6195//6218 6197//6220 6198//6221
f 6199//6222 6200//6223 6201//6224 6202//6225
f 6188//6211 6187//6210 6200//6223 6199//6222
f 6433//6226 6200//6223 6187//6210 6407//6213
f 6439//6227 6201//6224 6200//6223 6433//6226
f 6198//6221 6197//6220 6205//6228 6206//6229
f 6192//6215 6205//6228 6197//6220 6184//6207
f 6188//6211 6199//6222 6205//6228 6192//6215
f 6206//6229 6205//6228 6199//6222 6202//6225
f 6207//6230 6208//6231 6209//6232 6210//6233
f 6196//6219 6209//6232 6208//6231 6193//6216
f 6198//6221 6211//6234 6209//6232 6196//6219
f 6210//6233 6209//6232 6211//6234 6212//6235
f 6213//6236 6214//6237 6215//6238 6216//6239
f 6202//6225 6201//6224 6214//6237 6213//6236
f 6427//6240 6214//6237 6201//6224 6439//6227
f 6429//6241 6215//6238 6214//6237 6427//6240
f 6212//6235 6211//6234 6219//6242 6220//6243
f 6206//6229 6219//6242 6211//6234 6198//6221
f 6202//6225 6213//6236 6219//6242 6206//6229
f 6220//6243 6219//6242 6213//6236 6216//6239
f 6221//6244 6222//6245 6223//6246 6224//6247
f 6210//6233 6223//6246 6222//6245 6207//6230
f 6212//6235 6225//6248 6223//6246 6210//6233
f 6224//6247 6223//6246 6225//6248 6226//6249
f 6227//6250 6228//6251 6229//6252 6230//6253
f 6216//6239 6215//6238 6228//6251 6227//6250
f 6413//6254 6228//6251 6215//6238 6429//6241
f 6420//6255 6229//6252 6228//6251 6413//6254
f 6226//6249 6225//6248 6233//6256 6234//6257
f 6220//6243 6233//6256 6225//6248 6212//6235
f 6216//6239 6227//6250 6233//6256 6220//6243
f 6234//6257 6233//6256 6227//6250 6230//6253
f 6235//6258 6236//6259 6237//6260 6238//6261
f 6224//6247 6237//6260 6236//6259 6221//6244
f 6226//6249 6239//6262 6237//6260 6224//6247
f 6238//6261 6237//6260 6239//6262 6240//6263
f 6241//6264 6242//6265 6243//6266 6244//6267
f 6230//6253 6229//6252 6242//6265 6241//6264
f 6446//6268 6242//6265 6229//6252 6420//6255
f 6408//6269 6243//6266 6242//6265 6446//6268
f 6240//6263 6239//6262 6247//6270 6248//6271
f 6234//6257 6247//6270 6239//6262 6226//6249
f 6230//6253 6241//6264 6247//6270 6234//6257
f 6247//6270 6241//6264 6244//6267 6248//6271
f 6249//6272 6250//6273 6251//6274 6252//6275
f 6238//6261 6251//6274 6250//6273 6235//6258
f 6240//6263 6253//6276 6251//6274 6238//6261
f 6252//6275 6251//6274 6253//6276 6254//6277
f 6255//6278 6256//6279 6257//6280 6258//6281
f 6244//6267 6243//6266 6256//6279 6255//6278
f 6434//6282 6256//6279 6243//6266 6408//6269
f 6440//6283 6257//6280 6256//6279 6434//6282
f 6253//6276 6261//6284 6262//6285 6254//6277
f 6248//6271 6261//6284 6253//6276 6240//6263
f 6255//6278 6261//6284 6248//6271 6244//6267
f 6258//6281 6262//6285 6261//6284 6255//6278
f 6263//6286 6264//6287 6265//6288 6266//6289
f 6263//6286 6249//6272 6252//6275
f 6267//6290 6264//6287 6252//6275 6254//6277
f 6268//6291 6265//6288 6264//6287 6267//6290
f 6258//6281 6257//6280 6269//6292 6270//6293
f 6421//6294 6269//6292 6257//6280 6440//6283
f 6460//6295 6273//6296 6269//6292 6421//6294
f 6270//6293 6269//6292 6273//6296 6274//6297
f 6254//6277 6262//6285 6275//6298 6267//6290
f 6270//6293 6275//6298 6262//6285 6258//6281
f 6274//6297 6276//6299 6275//6298 6270//6293
f 6267//6290 6275//6298 6276//6299 6268//6291
f 6277//6300 6278//6301 6279//6302 6280//6303
f 6266//6289 6265//6288 6278//6301 6277//6300
f 6281//6304 6278//6301 6265//6288 6268//6291
f 6278//6301 6281//6304 6282//6305 6279//6302
f 6283//6306 6284//6307 6285//6308 6286//6309
f 6274//6297 6273//6296 6284//6307 6283//6306
f 6414//6310 6284//6307 6273//6296 6460//6295
f 6422//6311 6285//6308 6284//6307 6414//6310
f 6281//6304 6289//6312 6290//6313 6282//6305
f 6268//6291 6276//6299 6289//6312 6281//6304
f 6283//6306 6289//6312 6276//6299 6274//6297
f 6286//6309 6290//6313 6289//6312 6283//6306
f 6291//6314 6292//6315 6293//6316 6294//6317
f 6279//6302 6291//6314 6294//6317 6280//6303
f 6291//6314 6279//6302 6282//6305
f 6292//6315 6291//6314 6295//6318 6296//6319
f 6297//6320 6298//6321 6299//6322 6300//6323
f 6285//6308 6299//6322 6298//6321 6286//6309
f 6285//6308 6449//6311 6288//6324 6301//6325
f 6415//6326 6300//6323 6299//6322 6409//6327
f 6296//6319 6295//6318 6303//6328 6304//6329
f 6290//6313 6303//6328 6295//6318 6282//6305
f 6286//6309 6298//6321 6303//6328 6290//6313
f 6304//6329 6303//6328 6298//6321 6297//6320
f 6457//6330 6306//6331 6300//6323 6415//6326
f 6456//6332 6308//6333 6306//6331 6457//6330
f 6309//6334 6306//6331 6308//6333 6310//6335
f 6297//6320 6300//6323 6306//6331 6309//6334
f 6311//6336 6312//6337 6313//6338 6314//6339
f 6310//6335 6308//6333 6312//6337 6311//6336
f 6436//6340 6312//6337 6308//6333 6456//6332
f 6442//6341 6313//6338 6312//6337 6436//6340
f 6317//6342 6304//6329 6297//6320 6309//6334
f 6310//6335 6318//6343 6317//6342 6309//6334
f 6319//6344 6320//6345 6317//6342 6318//6343
f 6304//6329 6317//6342 6320//6345 6296//6319
f 6321//6346 6322//6347 6323//6348
f 6324//6349 6323//6348 6293//6316
f 6296//6319 6320//6345 6324//6349 6292//6315
f 6321//6346 6324//6349 6320//6345 6319//6344
f 6076//6077 6092//6098 6325//6350 6070//6070
f 6326//6351 6325//6350 6092//6098 6085//6087
f 6327//6352 6328//6353 6325//6350 6326//6351
f 6070//6070 6325//6350 6328//6353 6071//6071
f 6329//6354 6330//6355 6331//6356 6332//6357
f 6333//6358 6331//6356 6330//6355 6334//6359
f 6322//6347 6321//6346 6331//6356
f 6332//6357 6331//6356 6321//6346 6319//6344
f 6313//6338 6335//6360 6336//6361 6314//6339
f 6442//6341 6430//6362 6335//6360 6313//6338
f 6451//6363 6339//6364 6335//6360 6430//6362
f 6336//6361 6335//6360 6339//6364 6340//6365
f 6411//6072 6068//6068 6341//6366 6423//6367
f 6343//6368 6341//6366 6068//6068 6071//6071
f 6341//6366 6343//6368 6340//6365 6339//6364
f 6423//6367 6341//6366 6339//6364 6451//6363
f 6085//6087 6084//6086 6344//6369 6326//6351
f 6345//6370 6344//6369 6084//6086 6083//6085
f 6346//6371 6347//6372 6344//6369 6345//6370
f 6347//6372 6327//6352 6326//6351
f 6348//6373 6349//6374 6350//6375 6351//6376
f 6352//6377 6350//6375 6349//6374 6353//6378
f 6334//6359 6330//6355 6350//6375 6352//6377
f 6351//6376 6350//6375 6330//6355 6329//6354
f 6319//6344 6318//6343 6354//6379 6332//6357
f 6311//6336 6354//6379 6318//6343 6310//6335
f 6314//6339 6355//6380 6354//6379 6311//6336
f 6332//6357 6354//6379 6355//6380 6329//6354
f 6329//6354 6355//6380 6356//6381 6351//6376
f 6336//6361 6356//6381 6355//6380 6314//6339
f 6340//6365 6357//6382 6356//6381 6336//6361
f 6348//6373 6351//6376 6356//6381 6357//6382
f 6357//6382 6358//6383 6359//6384 6348//6373
f 6340//6365 6343//6368 6358//6383 6357//6382
f 6071//6071 6328//6353 6358//6383 6343//6368
f 6359//6384 6358//6383 6328//6353 6327//6352
f 6327//6352 6347//6372 6360//6385 6359//6384
f 6347//6372 6346//6371 6361//6386
f 6353//6378 6349//6374 6360//6385 6361//6386
f 6359//6384 6360//6385 6349//6374 6348//6373
f 6528//6387 6511//6388 6103//6113 6090//6095
f 6493//6389 6518//6390 6088//6094 6075//6076
f 6496//6391 6525//6392 6337//6393 6316//6394
f 6523//6395 6512//6396 6119//6132 6105//6114
f 6520//6397 6502//6398 6133//6150 6120//6133
f 6507//6399 6494//6400 6147//6167 6134//6151
f 6498//6401 6526//6402 6161//6184 6148//6168
f 6530//6403 6514//6404 6175//6405 6162//6185
f 6322//6347 6362//6406 6363//6407 6323//6348
f 6362//6406 6039//6039 6041//6041
f 6363//6407 6041//6041 5997//5997
f 6364//6408 6293//6316 6323//6348
f 6293//6316 6364//6408 6365//6409 6294//6317
f 5996//5996 6365//6409 6364//6408 5997//5997
f 5990//5990 6366//6410 6365//6409 5996//5996
f 6294//6317 6365//6409 6366//6410 6280//6303
f 6280//6303 6366//6410 6367//6411 6277//6300
f 5993//5993 6367//6411 6366//6410 5990//5990
f 5989//5989 6368//6412 6367//6411 5993//5993
f 6277//6300 6367//6411 6368//6412 6266//6289
f 6263//6286 6266//6289 6368//6412
f 5989//5989 5988//5988 6369//6413 6368//6412
f 6370//6414 6369//6413 5988//5988 5985//5985
f 6369//6413 6370//6414 6249//6272
f 6370//6414 6371//6415 6250//6273 6249//6272
f 5985//5985 5984//5984 6371//6415 6370//6414
f 6372//6416 6371//6415 5984//5984 5983//5983
f 6235//6258 6250//6273 6371//6415 6372//6416
f 6372//6416 6373//6417 6236//6259 6235//6258
f 5983//5983 5999//5999 6373//6417 6372//6416
f 6374//6418 6373//6417 5999//5999 6001//6001
f 6221//6244 6236//6259 6373//6417 6374//6418
f 6374//6418 6375//6419 6222//6245 6221//6244
f 6001//6001 6011//6011 6375//6419 6374//6418
f 6376//6420 6375//6419 6011//6011 6010//6010
f 6207//6230 6222//6245 6375//6419 6376//6420
f 6376//6420 6377//6421 6208//6231 6207//6230
f 6010//6010 6015//6015 6377//6421 6376//6420
f 6378//6422 6377//6421 6015//6015 6014//6014
f 6377//6421 6378//6422 6193//6216
f 6378//6422 6379//6423 6194//6217 6193//6216
f 6014//6014 6017//6017 6379//6423 6378//6422
f 6380//6424 6379//6423 6017//6017 6019//6019
f 6179//6202 6194//6217 6379//6423 6380//6424
f 6380//6424 6381//6425 6180//6203 6179//6202
f 6019//6019 6021//6021 6381//6425 6380//6424
f 6382//6426 6381//6425 6021//6021 6023//6023
f 6165//6188 6180//6203 6381//6425 6382//6426
f 6382//6426 6383//6427 6166//6189 6165//6188
f 6023//6023 6025//6025 6383//6427 6382//6426
f 6384//6428 6383//6427 6025//6025 6007//6007
f 6151//6171 6166//6189 6383//6427 6384//6428
f 6384//6428 6385//6429 6152//6172 6151//6171
f 6007//6007 6005//6005 6385//6429 6384//6428
f 6006//6006 6386//6430 6385//6429 6005//6005
f 6152//6172 6385//6429 6386//6430 6142//6159
f 6142//6159 6386//6430 6387//6431 6141//6158
f 6047//6047 6387//6431 6386//6430 6006//6006
f 6049//6049 6388//6432 6387//6431 6047//6047
f 6388//6432 6128//6141 6141//6158
f 6128//6141 6388//6432 6389//6433 6127//6140
f 6388//6432 6049//6049 6067//6067
f 6062//6062 6390//6434 6389//6433 6067//6067
f 6127//6140 6389//6433 6390//6434 6114//6124
f 6114//6124 6390//6434 6391//6435 6113//6123
f 6065//6065 6391//6435 6390//6434 6062//6062
f 6061//6061 6392//6436 6391//6435 6065//6065
f 6113//6123 6391//6435 6392//6436 6100//6106
f 6100//6106 6392//6436 6393//6437 6099//6105
f 6060//6060 6393//6437 6392//6436 6061//6061
f 6054//6054 6394//6438 6393//6437 6060//6060
f 6394//6438 6082//6084 6099//6105
f 6082//6084 6394//6438 6395//6439 6081//6083
f 6057//6057 6395//6439 6394//6438 6054//6054
f 6050//6050 6396//6440 6395//6439 6057//6057
f 6081//6083 6395//6439 6396//6440 6083//6085
f 6083//6085 6396//6440 6397//6441 6345//6370
f 6053//6053 6397//6441 6396//6440 6050//6050
f 6045//6045 6398//6442 6397//6441 6053//6053
f 6345//6370 6397//6441 6398//6442 6346//6371
f 6399//6443 6361//6386 6346//6371
f 6398//6442 6045//6045 6044//6044
f 6026//6026 6400//6444 6399//6443 6044//6044
f 6361//6386 6399//6443 6400//6444 6353//6378
f 6353//6378 6400//6444 6401//6445 6352//6377
f 6029//6029 6401//6445 6400//6444 6026//6026
f 6031//6031 6402//6446 6401//6445 6029//6029
f 6352//6377 6401//6445 6402//6446 6334//6359
f 6403//6447 6333//6358 6334//6359
f 6033//6033 6403//6447 6402//6446 6031//6031
f 6035//6035 6404//6448 6403//6447 6033//6033
f 6404//6448 6322//6347 6333//6358
f 6404//6448 6405//6449 6362//6406 6322//6347
f 6035//6035 6037//6037 6405//6449 6404//6448
f 6039//6039 6362//6406 6405//6449 6037//6037
f 15//15 12//12 11//11
f 7//7 15//15 42//42
f 28//28 46//46 43//43
f 29//29 48//48 46//46
f 47//47 46//46 48//48
f 55//55 57//57 56//56
f 59//59 56//56 57//57
f 48//48 61//61 63//63
f 59//59 61//61 48//48
f 67//67 65//65 64//64
f 41//41 96//96 94//94
f 134//134 135//135 133//133
f 155//155 154//154 57//57
f 193//193 190//190 191//191
f 192//192 196//196 194//194
f 263//263 264//264 260//260
f 37//37 384//384 382//382
f 32//32 382//382 4//4
f 392//392 390//390 387//387
f 393//393 392//392 398//398
f 396//396 398//398 392//392
f 399//399 398//398 396//396
f 438//438 437//437 434//434
f 464//464 462//462 461//461
f 467//467 469//469 465//465
f 466//466 472//472 471//471
f 461//461 474//474 473//473
f 484//484 486//486 485//485
f 488//488 485//485 486//486
f 467//467 471//471 485//485
f 487//487 491//491 489//489
f 492//492 494//494 493//493
f 496//496 493//493 494//494
f 502//502 499//499 498//498
f 551//551 550//550 539//539
f 552//552 553//553 550//550
f 538//538 547//547 558//558
f 551//551 558//558 561//561
f 569//569 568//568 553//553
f 570//570 571//571 568//568
f 581//581 579//579 578//578
f 584//584 585//585 582//582
f 381//381 571//571 582//582
f 574//574 576//576 587//587
f 598//598 599//599 596//596
f 55//55 53//53 596//596
f 477//477 614//614 617//617
f 622//622 623//623 621//621
f 624//624 625//625 623//623
f 624//624 628//628 626//626
f 627//627 626//626 628//628
f 665//665 663//663 662//662
f 661//661 660//660 663//663
f 668//668 669//669 666//666
f 458//458 459//459 670//670
f 671//671 670//670 459//459
f 667//667 670//670 673//673
f 680//680 681//681 678//678
f 686//686 689//689 684//684
f 703//703 709//709 706//706
f 704//704 702//702 706//706
f 703//703 700//700 716//716
f 262//262 716//716 700//700
f 685//685 695//695 736//736
f 686//686 736//736 739//739
f 739//739 749//749 744//744
f 698//698 705//705 762//762
f 801//801 804//804 800//800
f 800//800 804//804 803//803
f 840//840 836//836 835//835
f 857//857 864//864 863//863
f 892//892 903//903 906//906
f 925//925 928//928 930//930
f 933//933 934//934 931//931
f 925//925 929//929 935//935
f 936//936 935//935 929//929
f 932//932 935//935 938//938
f 943//943 946//946 949//949
f 949//949 951//951 955//955
f 950//950 968//968 967//967
f 969//969 968//968 961//961
f 916//916 913//913 971//971
f 963//963 971//971 913//913
f 1050//1050 1051//1051 1048//1048
f 1192//1192 1194//1194 1190//1190
f 1206//1206 1209//1209 585//585
f 1212//1212 1213//1213 1210//1210
f 597//597 1213//1213 1212//1212
f 1210//1210 1213//1213 1204//1204
f 1217//1217 1216//1216 1208//1208
f 1206//1206 1220//1220 1223//1223
f 578//578 1249//1249 1241//1241
f 595//595 1236//1236 1255//1255
f 1263//1263 1262//1262 1259//1259
f 1281//1281 1292//1292 1290//1290
f 1296//1296 1295//1295 1292//1292
f 1191//1191 1302//1302 1299//1299
f 1281//1281 1308//1308 1306//1306
f 1327//1327 1326//1326 1334//1334
f 1311//1311 1342//1342 1341//1341
f 1309//1309 1339//1339 1342//1342
f 1343//1343 1344//1344 1347//1347
f 1359//1359 1362//1362 1365//1365
f 1372//1372 1373//1373 1370//1370
f 837//837 1378//1378 1375//1375
f 1419//1419 1417//1417 1416//1416
f 1438//1438 1439//1439 766//766
f 1440//1440 1441//1441 1439//1439
f 1430//1430 1450//1450 1452//1452
f 1458//1458 1459//1459 1455//1455
f 824//824 1455//1455 1459//1459
f 1458//1458 1461//1461 1460//1460
f 1463//1463 1460//1460 1461//1461
f 1459//1459 1460//1460 859//859
f 1462//1462 1466//1466 1464//1464
f 1470//1470 1473//1473 1420//1420
f 1478//1478 1479//1479 1477//1477
f 1478//1478 1476//1476 1482//1482
f 1555//1555 1566//1566 1564//1564
f 1543//1543 1558//1558 1568//1568
f 1575//1575 1573//1573 1572//1572
f 1570//1570 1569//1569 1573//1573
f 1574//1574 1582//1582 1580//1580
f 501//501 1586//1586 1584//1584
f 1588//1588 1589//1589 1584//1584
f 502//502 1584//1584 1589//1589
f 1590//1590 1591//1591 1589//1589
f 1592//1592 1593//1593 1591//1591
f 1613//1613 1614//1614 1617//1617
f 1663//1663 1661//1661 1660//1660
f 1662//1662 1668//1668 1666//1666
f 1670//1670 1671//1671 1666//1666
f 1663//1663 1666//1666 1671//1671
f 1686//1686 1689//1689 1684//1684
f 1687//1687 1689//1689 1690//1690
f 1692//1692 1690//1690 1689//1689
f 1713//1713 1714//1714 1711//1711
f 1712//1712 1711//1711 1668//1668
f 1746//1746 1745//1745 1747//1747
f 1754//1754 1752//1752 1751//1751
f 1783//1783 1791//1791 1788//1788
f 1790//1790 1802//1802 1801//1801
f 1662//1662 1660//1660 1818//1818
f 1803//1803 1824//1824 1823//1823
f 1745//1745 1824//1824 1803//1803
f 1823//1823 1824//1824 1714//1714
f 1687//1687 1691//1691 1841//1841
f 1682//1682 1688//1688 1850//1850
f 1890//1890 1891//1891 1888//1888
f 1894//1894 1895//1895 1892//1892
f 1889//1889 1892//1892 1895//1895
f 1893//1893 1892//1892 1854//1854
f 1853//1853 1851//1851 1897//1897
f 1910//1910 1917//1917 1891//1891
f 1919//1919 1917//1917 1916//1916
f 1891//1891 1917//1917 1919//1919
f 1927//1927 1926//1926 1929//1929
f 1938//1938 1937//1937 1932//1932
f 1918//1918 1916//1916 1937//1937
f 1935//1935 1934//1934 1941//1941
f 1346//1346 1345//1345 1952//1952
f 1955//1955 1959//1959 1958//1958
f 1335//1335 1968//1968 1953//1953
f 1999//1999 1998//1998 1314//1314
f 1918//1918 2005//2005 2003//2003
f 1880//1880 2011//2011 1999//1999
f 2006//2006 2012//2012 2011//2011
f 1999//1999 2011//2011 2012//2012
f 1936//1936 1949//1949 2015//2015
f 1938//1938 2015//2015 2005//2005
f 1587//1587 1586//1586 2021//2021
f 2028//2028 2030//2030 1826//1826
f 2045//2045 2043//2043 2042//2042
f 2031//2031 2028//2028 2043//2043
f 2044//2044 2042//2042 2047//2047
f 2044//2044 2053//2053 2050//2050
f 2035//2035 2052//2052 2056//2056
f 646//646 651//651 2067//2067
f 2081//2081 2080//2080 2079//2079
f 2076//2076 2086//2086 2089//2089
f 676//676 681//681 2102//2102
f 2103//2103 2102//2102 681//681
f 2166//2166 2168//2168 2163//2163
f 2144//2144 2163//2163 2168//2168
f 1438//1438 2265//2265 2264//2264
f 711//711 708//708 2267//2267
f 733//733 2267//2267 708//708
f 2284//2284 2285//2285 2282//2282
f 1445//1445 2282//2282 2285//2285
f 1426//1426 1441//1441 2282//2282
f 2283//2283 2282//2282 1441//1441
f 2269//2269 2291//2291 2290//2290
f 2293//2293 2290//2290 2291//2291
f 1440//1440 2264//2264 2290//2290
f 2268//2268 2290//2290 2264//2264
f 2319//2319 2323//2323 2322//2322
f 1457//1457 1454//1454 2322//2322
f 2284//2284 2325//2325 2324//2324
f 2327//2327 2324//2324 2325//2325
f 2319//2319 2320//2320 2324//2324
f 2287//2287 2324//2324 2320//2320
f 2292//2292 2329//2329 2328//2328
f 2325//2325 2328//2328 2329//2329
f 2284//2284 2283//2283 2328//2328
f 2293//2293 2328//2328 2283//2283
f 1457//1457 2323//2323 2333//2333
f 2327//2327 2333//2333 2323//2323
f 1462//1462 1461//1461 2337//2337
f 2338//2338 2337//2337 1461//1461
f 1457//1457 2334//2334 2340//2340
f 1456//1456 2340//2340 2338//2338
f 2339//2339 2344//2344 2342//2342
f 1414//1414 2360//2360 2363//2363
f 2375//2375 2373//2373 2372//2372
f 1397//1397 1403//1403 2373//2373
f 2379//2379 2378//2378 2332//2332
f 2335//2335 2377//2377 2392//2392
f 2393//2393 2392//2392 2377//2377
f 2395//2395 2392//2392 2393//2393
f 2341//2341 2392//2392 2395//2395
f 2394//2394 2398//2398 2396//2396
f 2395//2395 2396//2396 2344//2344
f 2467//2467 2466//2466 2400//2400
f 2476//2476 2477//2477 2474//2474
f 2467//2467 2474//2474 2477//2477
f 2476//2476 2480//2480 2478//2478
f 2477//2477 2478//2478 2470//2470
f 2579//2579 2575//2575 2574//2574
f 2576//2576 2575//2575 1536//1536
f 2582//2582 2592//2592 2595//2595
f 2618//2618 2619//2619 2616//2616
f 2613//2613 2616//2616 2619//2619
f 2563//2563 2626//2626 2625//2625
f 2627//2627 2626//2626 2628//2628
f 2640//2640 2641//2641 2644//2644
f 2578//2578 2647//2647 2645//2645
f 2652//2652 2654//2654 2653//2653
f 1574//1574 1572//1572 2653//2653
f 2682//2682 2683//2683 2680//2680
f 2606//2606 2604//2604 2683//2683
f 2680//2680 2683//2683 2604//2604
f 2680//2680 2686//2686 2685//2685
f 2599//2599 2596//2596 2686//2686
f 2684//2684 2704//2704 2702//2702
f 2685//2685 2702//2702 2692//2692
f 2800//2800 2801//2801 2798//2798
f 2838//2838 2839//2839 2836//2836
f 2824//2824 2822//2822 2836//2836
f 2846//2846 2847//2847 2844//2844
f 2842//2842 2844//2844 2847//2847
f 2835//2835 2832//2832 2844//2844
f 2853//2853 2854//2854 2851//2851
f 2858//2858 2859//2859 2853//2853
f 2853//2853 2859//2859 2870//2870
f 2872//2872 2879//2879 2882//2882
f 2888//2888 2886//2886 2885//2885
f 2887//2887 2885//2885 2894//2894
f 2873//2873 2882//2882 2894//2894
f 2887//2887 2901//2901 2899//2899
f 2907//2907 2911//2911 2914//2914
f 2924//2924 2923//2923 2908//2908
f 2916//2916 2932//2932 2931//2931
f 2934//2934 2931//2931 2932//2932
f 2931//2931 2934//2934 2925//2925
f 2915//2915 2931//2931 2924//2924
f 2932//2932 2943//2943 2941//2941
f 1348//1348 1355//1355 2950//2950
f 2951//2951 2950//2950 1355//1355
f 1365//1365 2962//2962 2958//2958
f 2967//2967 2965//2965 2964//2964
f 2374//2374 2971//2971 2970//2970
f 2988//2988 2987//2987 2989//2989
f 2982//2982 3014//3014 3017//3017
f 3004//3004 3003//3003 3021//3021
f 3020//3020 3021//3021 3003//3003
f 3022//3022 3021//3021 3023//3023
f 3034//3034 3032//3032 3031//3031
f 3030//3030 3029//3029 3032//3032
f 3035//3035 3036//3036 3022//3022
f 3037//3037 3038//3038 3036//3036
f 3022//3022 3036//3036 3031//3031
f 3041//3041 3039//3039 3035//3035
f 3040//3040 3039//3039 3042//3042
f 3016//3016 3015//3015 3069//3069
f 3110//3110 3108//3108 3107//3107
f 3034//3034 3129//3129 3128//3128
f 3166//3166 3165//3165 3167//3167
f 3168//3168 3167//3167 3169//3169
f 3009//3009 3005//3005 3357//3357
f 2977//2977 3357//3357 3005//3005
f 3364//3364 3366//3366 3370//3370
f 3372//3372 3374//3374 3373//3373
f 3370//3370 3374//3374 3372//3372
f 3406//3406 3412//3412 3411//3411
f 3437//3437 3436//3436 3438//3438
f 3442//3442 3443//3443 3440//3440
f 3447//3447 3446//3446 3443//3443
f 3449//3449 3448//3448 3437//3437
f 3459//3459 3458//3458 3460//3460
f 3447//3447 3460//3460 3458//3458
f 3442//3442 3462//3462 3460//3460
f 3461//3461 3460//3460 3462//3462
f 3463//3463 3462//3462 3464//3464
f 3467//3467 3466//3466 3468//3468
f 3469//3469 3468//3468 3470//3470
f 3467//3467 3476//3476 3474//3474
f 3475//3475 3474//3474 3476//3476
f 3527//3527 3528//3528 3525//3525
f 3512//3512 3525//3525 3528//3528
f 3513//3513 3528//3528 3533//3533
f 3534//3534 3533//3533 3528//3528
f 3545//3545 3546//3546 3543//3543
f 3526//3526 3543//3543 3546//3546
f 3559//3559 3560//3560 3557//3557
f 3356//3356 3373//3373 3557//3557
f 3549//3549 3563//3563 3561//3561
f 3573//3573 3574//3574 3571//3571
f 3030//3030 3128//3128 3571//3571
f 3590//3590 3589//3589 3451//3451
f 3595//3595 3599//3599 3597//3597
f 3599//3599 3598//3598 3600//3600
f 3600//3600 3598//3598 3601//3601
f 3602//3602 3601//3601 3603//3603
f 3635//3635 3636//3636 3633//3633
f 3634//3634 3639//3639 3637//3637
f 3638//3638 3637//3637 3639//3639
f 3643//3643 3644//3644 3641//3641
f 3433//3433 3644//3644 3645//3645
f 3646//3646 3645//3645 3644//3644
f 3435//3435 3645//3645 3648//3648
f 3655//3655 3656//3656 3653//3653
f 3661//3661 3663//3663 3659//3659
f 3680//3680 3679//3679 3681//3681
f 3678//3678 3684//3684 3681//3681
f 3676//3676 3691//3691 3240//3240
f 3680//3680 3692//3692 3691//3691
f 3660//3660 3659//3659 3711//3711
f 3712//3712 3711//3711 3659//3659
f 3722//3722 3723//3723 3712//3712
f 3673//3673 3728//3728 3737//3737
f 3776//3776 3780//3780 3775//3775
f 3778//3778 3780//3780 3776//3776
f 3808//3808 3811//3811 3815//3815
f 3840//3840 3839//3839 3830//3830
f 3870//3870 3869//3869 3858//3858
f 3891//3891 3896//3896 3895//3895
f 3899//3899 3900//3900 3897//3897
f 3891//3891 3900//3900 3901//3901
f 3902//3902 3901//3901 3900//3900
f 3896//3896 3901//3901 3904//3904
f 3913//3913 3912//3912 3911//3911
f 3918//3918 3916//3916 3913//3913
f 3927//3927 3934//3934 3933//3933
f 3935//3935 3934//3934 3917//3917
f 3880//3880 3936//3936 3930//3930
f 4016//4016 4017//4017 4014//4014
f 4137//4137 4139//4139 4135//4135
f 3558//3558 4152//4152 4151//4151
f 4157//4157 4158//4158 4155//4155
f 4150//4150 4158//4158 4157//4157
f 4155//4155 4158//4158 3574//3574
f 4153//4153 4161//4161 4160//4160
f 4166//4166 4165//4165 4151//4151
f 4184//4184 4193//4193 3554//3554
f 3570//3570 3569//3569 4199//4199
f 4206//4206 4207//4207 4208//4208
f 4226//4226 4225//4225 4235//4235
f 4236//4236 4241//4241 4240//4240
f 4244//4244 4247//4247 4139//4139
f 4226//4226 4240//4240 4251//4251
f 4270//4270 4279//4279 4277//4277
f 4254//4254 4255//4255 4283//4283
f 1341//1341 4283//4283 4255//4255
f 1347//1347 4285//4285 4284//4284
f 4300//4300 4299//4299 4298//4298
f 4309//4309 4310//4310 4307//4307
f 4354//4354 4353//4353 4355//4355
f 3742//3742 4376//4376 4375//4375
f 4378//4378 4375//4375 4376//4376
f 4389//4389 4388//4388 4369//4369
f 4393//4393 4391//4391 3800//3800
f 4394//4394 4395//4395 4391//4391
f 4394//4394 4393//4393 4397//4397
f 3836//3836 4397//4397 4393//4393
f 4398//4398 4397//4397 4399//4399
f 4400//4400 4399//4399 4402//4402
f 4358//4358 4410//4410 4407//4407
f 4417//4417 4418//4418 4415//4415
f 4417//4417 4421//4421 4419//4419
f 4459//4459 4458//4458 4465//4465
f 4470//4470 4481//4481 4467//4467
f 4492//4492 4491//4491 4501//4501
f 4480//4480 4490//4490 4505//4505
f 4507//4507 4511//4511 4509//4509
f 4510//4510 4509//4509 4511//4511
f 4512//4512 4511//4511 4517//4517
f 3477//3477 3476//3476 4521//4521
f 4523//4523 4521//4521 3476//3476
f 4524//4524 4525//4525 4521//4521
f 4523//4523 4528//4528 4527//4527
f 4530//4530 4527//4527 4528//4528
f 4552//4552 4551//4551 4548//4548
f 4598//4598 4597//4597 4601//4601
f 4602//4602 4601//4601 4603//4603
f 4605//4605 4603//4603 4601//4601
f 4606//4606 4607//4607 4603//4603
f 4623//4623 4624//4624 4621//4621
f 4626//4626 4622//4622 4621//4621
f 4626//4626 4629//4629 4627//4627
f 4622//4622 4627//4627 4632//4632
f 4650//4650 4651//4651 4648//4648
f 4604//4604 4648//4648 4651//4651
f 4687//4687 4683//4683 4682//4682
f 4689//4689 4688//4688 4690//4690
f 4740//4740 4739//4739 4725//4725
f 4752//4752 4755//4755 4754//4754
f 4602//4602 4651//4651 4755//4755
f 4754//4754 4755//4755 4651//4651
f 4754//4754 4760//4760 4758//4758
f 4759//4759 4761//4761 4738//4738
f 4649//4649 4761//4761 4759//4759
f 4626//4626 4779//4779 4777//4777
f 4824//4824 4825//4825 4822//4822
f 4828//4828 4829//4829 4826//4826
f 4789//4789 4826//4826 4829//4829
f 4827//4827 4826//4826 4825//4825
f 4787//4787 4829//4829 4830//4830
f 4823//4823 4847//4847 4840//4840
f 4844//4844 4847//4847 4823//4823
f 4846//4846 4847//4847 4844//4844
f 4845//4845 4861//4861 4860//4860
f 4856//4856 4860//4860 4861//4861
f 1955//1955 1963//1963 4876//4876
f 4871//4871 4884//4884 4276//4276
f 4259//4259 4910//4910 4909//4909
f 4845//4845 4844//4844 4914//4914
f 4909//4909 4923//4923 4814//4814
f 4922//4922 4923//4923 4909//4909
f 4917//4917 4916//4916 4923//4923
f 4859//4859 4861//4861 4926//4926
f 4915//4915 4926//4926 4861//4861
f 4526//4526 4933//4933 4931//4931
f 4764//4764 4940//4940 4939//4939
f 4942//4942 4953//4953 4951//4951
f 4952//4952 4951//4951 4953//4953
f 4954//4954 4957//4957 4955//4955
f 4954//4954 4953//4953 4959//4959
f 4946//4946 4949//4949 4964//4964
f 4985//4985 4987//4987 4988//4988
f 4993//4993 4992//4992 4984//4984
f 3651//3651 4999//4999 5002//5002
f 3654//3654 5002//5002 5005//5005
f 5050//5050 5052//5052 2166//2166
f 5031//5031 5053//5053 5052//5052
f 5127//5127 5126//5126 4375//4375
f 3683//3683 5128//5128 3707//3707
f 3685//3685 5130//5130 5128//5128
f 5146//5146 5147//5147 5144//5144
f 4377//4377 5146//5146 5145//5145
f 4363//4363 4380//4380 5146//5146
f 5147//5147 5146//5146 4380//4380
f 5131//5131 5130//5130 5152//5152
f 5127//5127 5152//5152 5130//5130
f 4378//4378 5154//5154 5152//5152
f 5153//5153 5152//5152 5154//5154
f 5181//5181 5180//5180 5184//5184
f 4396//4396 5185//5185 5184//5184
f 5144//5144 5150//5150 5186//5186
f 5183//5183 5186//5186 5150//5150
f 5181//5181 5188//5188 5186//5186
f 5187//5187 5186//5186 5188//5188
f 5155//5155 5154//5154 5190//5190
f 5145//5145 5190//5190 5154//5154
f 5144//5144 5187//5187 5190//5190
f 5191//5191 5190//5190 5187//5187
f 5185//5185 5194//5194 5188//5188
f 4396//4396 5196//5196 5194//5194
f 4398//4398 5199//5199 5198//5198
f 4400//4400 4428//4428 5199//5199
f 4396//4396 4395//4395 5202//5202
f 5198//5198 5202//5202 4395//4395
f 5201//5201 5200//5200 5204//5204
f 5223//5223 5222//5222 4351//4351
f 4335//4335 5236//5236 5234//5234
f 5235//5235 5234//5234 5236//5236
f 5195//5195 5240//5240 5239//5239
f 5256//5256 5257//5257 5254//5254
f 5241//5241 5257//5257 5256//5256
f 5197//5197 5203//5203 5257//5257
f 5254//5254 5257//5257 5203//5203
f 5255//5255 5254//5254 5258//5258
f 5205//5205 5258//5258 5254//5254
f 5319//5319 5320//5320 5317//5317
f 5259//5259 5325//5325 5324//5324
f 5325//5325 5320//5320 5319//5319
f 5322//5322 5327//5327 5326//5326
f 4474//4474 5408//5408 5407//5407
f 5409//5409 5408//5408 5411//5411
f 5426//5426 5425//5425 5415//5415
f 5452//5452 5451//5451 5448//5448
f 5473//5473 5472//5472 5477//5477
f 5412//5412 5411//5411 5478//5478
f 5485//5485 5484//5484 5486//5486
f 4512//4512 5454//5454 5486//5486
f 5515//5515 5516//5516 5513//5513
f 5435//5435 5516//5516 5515//5515
f 5438//5438 5450//5450 5516//5516
f 5434//5434 5515//5515 5519//5519
f 5520//5520 5519//5519 5515//5515
f 5517//5517 5520//5520 5535//5535
f 5526//5526 5535//5535 5520//5520
f 5633//5633 5634//5634 5631//5631
f 5671//5671 5672//5672 5669//5669
f 5670//5670 5669//5669 5656//5656
f 5679//5679 5680//5680 5677//5677
f 5678//5678 5677//5677 5676//5676
f 5686//5686 5687//5687 5684//5684
f 5690//5690 5689//5689 5686//5686
f 5686//5686 5701//5701 5702//5702
f 5696//5696 5707//5707 5712//5712
f 5713//5713 5712//5712 5707//5707
f 5719//5719 5718//5718 5720//5720
f 5706//5706 5719//5719 5726//5726
f 5721//5721 5728//5728 5726//5726
f 5721//5721 5720//5720 5732//5732
f 5740//5740 5748//5748 5746//5746
f 5743//5743 5756//5756 5759//5759
f 5749//5749 5748//5748 5764//5764
f 5759//5759 5764//5764 5748//5748
f 5758//5758 5766//5766 5764//5764
f 5765//5765 5764//5764 5766//5766
f 5774//5774 5776//5776 5765//5765
f 4287//4287 5778//5778 5781//5781
f 4294//4294 5781//5781 5784//5784
f 4291//4291 5784//5784 5787//5787
f 5788//5788 5791//5791 4300//4300
f 5794//5794 5793//5793 2967//2967
f 5237//5237 5236//5236 5796//5796
f 6041//6041 6040//6040 5995//5995
f 6044//6044 6042//6042 6027//6027
f 5977//5977 6064//6064 6063//6063
f 6067//6067 6066//6066 6063//6063
f 6252//6275 6264//6287 6263//6286
f 6282//6305 6295//6318 6291//6314
f 6301//6325 6448//6450 6299//6322 6285//6308
f 6323//6348 6324//6349 6321//6346
f 6293//6316 6292//6315 6324//6349
f 6331//6356 6333//6358 6322//6347
f 6326//6351 6344//6369 6347//6372
f 6361//6386 6360//6385 6347//6372
f 6041//6041 6363//6407 6362//6406
f 5997//5997 6364//6408 6363//6407
f 6323//6348 6363//6407 6364//6408
f 6368//6412 6369//6413 6263//6286
f 6249//6272 6263//6286 6369//6413
f 6193//6216 6208//6231 6377//6421
f 6141//6158 6387//6431 6388//6432
f 6067//6067 6389//6433 6388//6432
f 6099//6105 6393//6437 6394//6438
f 6346//6371 6398//6442 6399//6443
f 6044//6044 6399//6443 6398//6442
f 6334//6359 6402//6446 6403//6447
f 6333//6358 6403//6447 6404//6448
f 6342//6451 6450//6452 6447//6363 6338//6453
f 6072//6454 6452//6072 6450//6452 6342//6451
f 6338//6453 6447//6363 6453//6455 6337//6393
f 6316//6394 6337//6393 6453//6455 6454//6456
f 6316//6394 6454//6456 6455//6340 6315//6457
f 6315//6457 6455//6340 6410//6458 6307//6459
f 6307//6459 6410//6458 6441//6330 6305//6460
f 6305//6460 6441//6330 6458//6461 6302//6462
f 6302//6462 6458//6461 6448//6450 6301//6325
f 6288//6324 6449//6311 6459//6310 6287//6463
f 6287//6463 6459//6310 6435//6464 6272//6465
f 6272//6465 6435//6464 6461//6294 6271//6466
f 6271//6466 6461//6294 6462//6283 6260//6467
f 6260//6467 6462//6283 6463//6282 6259//6468
f 6259//6468 6463//6282 6464//6269 6246//6469
f 6246//6469 6464//6269 6465//6268 6245//6470
f 6245//6470 6465//6268 6466//6471 6232//6472
f 6232//6472 6466//6471 6467//6254 6231//6473
f 6231//6473 6467//6254 6468//6474 6218//6475
f 6218//6475 6468//6474 6469//6240 6217//6476
f 6217//6476 6469//6240 6470//6227 6204//6477
f 6204//6477 6470//6227 6471//6226 6203//6478
f 6203//6478 6471//6226 6472//6213 6190//6479
f 6190//6479 6472//6213 6473//6212 6189//6480
f 6189//6480 6473//6212 6474//6481 6176//6482
f 6176//6482 6474//6481 6475//6198 6175//6405
f 6162//6185 6175//6405 6475//6198 6476//6182
f 6160//6180 6159//6179 6428//6181 6432//6182
f 6148//6168 6161//6184 6477//6183 6478//6166
f 6146//6163 6145//6162 6438//6165 6444//6166
f 6134//6151 6147//6167 6479//6165 6480//6148
f 6132//6145 6131//6144 6406//6147 6412//6164
f 6120//6133 6133//6150 6481//6149 6482//6131
f 6118//6128 6117//6127 6418//6130 6425//6146
f 6105//6114 6119//6132 6483//6130 6484//6111
f 6104//6116 6101//6107 6417//6110 6431//6129
f 6090//6095 6103//6113 6485//6112 6486//6092
f 6089//6097 6086//6088 6424//6091 6437//6109
f 6075//6076 6088//6094 6487//6093 6488//6074
f 6074//6078 6069//6069 6416//6073 6443//6090
f 6072//6454 6073//6075 6489//6073 6452//6072
f 6176//6482 6521//6483 6503//6484 6189//6480
f 6189//6480 6503//6484 6508//6485 6190//6479
f 6175//6405 6514//6404 6521//6483 6176//6482
f 6218//6475 6531//6486 6513//6487 6231//6473
f 6231//6473 6513//6487 6517//6488 6232//6472
f 6204//6477 6499//6489 6527//6490 6217//6476
f 6217//6476 6527//6490 6531//6486 6218//6475
f 6190//6479 6508//6485 6495//6491 6203//6478
f 6203//6478 6495//6491 6499//6489 6204//6477
f 6162//6185 6161//6184 6526//6402 6530//6403
f 6148//6168 6147//6167 6494//6400 6498//6401
f 6134//6151 6133//6150 6502//6398 6507//6399
f 6120//6133 6119//6132 6512//6396 6520//6397
f 6338//6453 6529//6492 6506//6493 6342//6451
f 6342//6451 6506//6493 6519//6494 6072//6454
f 6337//6393 6525//6392 6529//6492 6338//6453
f 6072//6454 6519//6494 6524//6495 6073//6075
f 6075//6076 6073//6075 6524//6495 6493//6389
f 6090//6095 6088//6094 6518//6390 6528//6387
f 6105//6114 6103//6113 6511//6388 6523//6395
f 6232//6472 6517//6488 6501//6496 6245//6470
f 6245//6470 6501//6496 6505//6497 6246//6469
f 6246//6469 6505//6497 6492//6498 6259//6468
f 6259//6468 6492//6498 6497//6499 6260//6467
f 6260//6467 6497//6499 6510//6500 6271//6466
f 6271//6466 6510//6500 6516//6501 6272//6465
f 6272//6465 6516//6501 6509//6502 6287//6463
f 6287//6463 6509//6502 6515//6503 6288//6324
f 6288//6324 6515//6503 6500//6504 6301//6325
f 6301//6325 6500//6504 6504//6505 6302//6462
f 6302//6462 6504//6505 6522//6506 6305//6460
f 6305//6460 6522//6506 6491//6507 6307//6459
f 6307//6459 6491//6507 6490//6508 6315//6457
f 6316//6394 6315//6457 6490//6508 6496//6391
f 6530//6403 6526//6402 6498//6401 6494//6400 6507//6399 6502//6398 6520//6397 6512//6396 6523//6395 6511//6388 6528//6387 6518//6390 6493//6389 6524//6495 6519//6494 6506//6493 6529//6492 6525//6392 6496//6391 6490//6508 6491//6507 6522//6506 6504//6505 6500//6504 6515//6503 6509//6502 6516//6501 6510//6500 6497//6499 6492//6498 6505//6497 6501//6496 6517//6488 6513//6487 6531//6486 6527//6490 6499//6489 6495//6491 6508//6485 6503//6484 6521//6483 6514//6404
