# Blender 4.4.1
# www.blender.org
mtllib cabeza03.mtl
o cabeza03
v -1.955600 0.562544 0.036958
v -1.956000 0.542871 0.034205
v -1.943300 0.540982 0.054529
v -1.945700 0.559704 0.058128
v -1.954000 0.521836 0.032475
v -1.938500 0.520657 0.050937
v -1.922800 0.524522 0.070496
v -1.927700 0.542233 0.072533
v -1.931600 0.559710 0.075157
v -1.902700 0.563083 0.097993
v -1.915600 0.561312 0.088874
v -1.910400 0.546344 0.087899
v -1.892900 0.555009 0.099024
v -1.903900 0.532515 0.087992
v -1.880200 0.543758 0.097865
v -1.951100 0.577681 0.064187
v -1.936900 0.576471 0.079743
v -1.944300 0.588782 0.088476
v -1.961100 0.589423 0.074089
v -1.972500 0.591730 0.056895
v -1.960700 0.580980 0.045448
v -1.918900 0.575971 0.093437
v -1.921800 0.588435 0.101278
v -1.899199 0.573644 0.104120
v -1.896000 0.586548 0.111285
v -1.879400 0.568149 0.109007
v -1.870200 0.581647 0.118010
v -1.859200 0.560673 0.106667
v -1.845000 0.577496 0.118769
v -1.965700 0.525840 0.013676
v -1.981300 0.510728 0.022009
v -1.967500 0.504764 0.043497
v -1.988500 0.521589 0.000706
v -1.974900 0.531290 0.000973
v -2.012300 0.503409 0.001547
v -2.000100 0.494396 0.034076
v -1.984900 0.486278 0.059847
v -1.949800 0.502358 0.064092
v -1.929399 0.506317 0.083757
v -1.963799 0.481577 0.082010
v -1.938500 0.484004 0.102186
v -1.904000 0.515026 0.099291
v -1.907500 0.492977 0.118337
v -1.872800 0.506563 0.127545
v -1.875000 0.527772 0.109152
v -1.840200 0.526683 0.134632
v -1.846500 0.546583 0.114659
v -1.825300 0.567772 0.120605
v -1.806800 0.552188 0.138727
v -1.927200 0.595833 0.115233
v -1.932899 0.592375 0.131559
v -1.962100 0.590755 0.118142
v -1.953400 0.593262 0.102662
v -1.897300 0.595408 0.124224
v -1.900599 0.593218 0.141125
v -1.867300 0.591358 0.130098
v -1.868299 0.593549 0.147455
v -1.840100 0.587760 0.133393
v -1.839900 0.595869 0.148893
v -1.819000 0.583955 0.133371
v -1.819400 0.596456 0.149127
v -1.799200 0.579704 0.135827
v -1.800600 0.596774 0.150548
v -1.773800 0.579853 0.141846
v -1.777400 0.599488 0.153812
v -1.771300 0.554824 0.153606
v -1.745900 0.586017 0.151222
v -1.739900 0.563426 0.165829
v -1.751000 0.605679 0.157580
v -1.713700 0.598501 0.151851
v -1.722000 0.617364 0.156460
v -1.704700 0.577262 0.169041
v -1.667700 0.594977 0.165870
v -1.680300 0.615598 0.143835
v -1.693799 0.635419 0.149201
v -1.641700 0.687043 0.153721
v -1.667900 0.660392 0.145251
v -1.647600 0.640082 0.136251
v -1.617100 0.669105 0.141854
v -1.631600 0.618418 0.162432
v -1.601000 0.645750 0.169538
v -2.073400 0.487696 -0.027820
v -2.081300 0.474912 -0.013041
v -2.058500 0.478907 0.007728
v -2.044000 0.494954 -0.013172
v -2.087500 0.459853 -0.005607
v -2.071700 0.459762 0.019931
v -2.035800 0.477270 0.027165
v -2.053900 0.454686 0.043375
v -2.020000 0.469969 0.052683
v -2.003300 0.460677 0.079687
v -2.037899 0.443937 0.067890
v -2.017000 0.430845 0.091366
v -1.976799 0.452352 0.100436
v -1.943600 0.450661 0.117366
v -1.985700 0.420265 0.111282
v -1.947000 0.417165 0.128330
v -1.904900 0.458553 0.131451
v -1.901600 0.424986 0.141910
v -1.857500 0.438855 0.156544
v -1.866100 0.473297 0.144834
v -1.832600 0.492704 0.158990
v -1.820899 0.454135 0.172763
v -1.787500 0.468464 0.189829
v -1.800300 0.510179 0.171932
v -1.765800 0.520102 0.185534
v -1.731300 0.530848 0.200487
v -1.753100 0.479610 0.208210
v -1.717300 0.491914 0.227361
v -1.693900 0.547229 0.209859
v -1.655100 0.566826 0.213909
v -1.678600 0.509413 0.243309
v -1.638400 0.530598 0.254464
v -1.619400 0.591849 0.217675
v -1.600600 0.555711 0.263545
v -1.589300 0.620439 0.228963
v -1.565300 0.582634 0.275937
v -2.092900 0.447110 -0.005250
v -2.078300 0.441176 0.019146
v -2.078300 0.428459 0.007083
v -2.093000 0.437353 -0.013133
v -2.061100 0.417995 0.025003
v -2.062200 0.432341 0.041769
v -2.044900 0.419454 0.063454
v -2.041800 0.405306 0.041591
v -2.017700 0.387098 0.061763
v -2.023000 0.405205 0.086161
v -1.941600 0.367565 0.104596
v -1.946300 0.387439 0.127895
v -1.990000 0.392371 0.108650
v -1.986600 0.375206 0.092121
v -1.983900 0.367109 0.079827
v -1.964800 0.359122 0.077657
v -1.995500 0.370302 0.057776
v -1.979000 0.358234 0.058573
v -1.896000 0.396482 0.142848
v -1.886500 0.380380 0.125279
v -1.837600 0.395701 0.142502
v -1.847800 0.411779 0.157065
v -1.808100 0.427075 0.171282
v -1.773499 0.440347 0.189287
v -1.797000 0.412231 0.157893
v -1.761100 0.425292 0.176086
v -1.739500 0.451019 0.210646
v -1.704300 0.462678 0.233966
v -1.726600 0.435647 0.197727
v -1.690900 0.446014 0.220872
v -1.611300 0.483445 0.257418
v -1.624800 0.501918 0.270418
v -1.665699 0.479546 0.255587
v -1.651600 0.461618 0.241818
v -1.899100 0.619122 0.160670
v -1.901299 0.603511 0.153547
v -1.868000 0.609237 0.156686
v -1.867200 0.624525 0.164191
v -1.839600 0.615315 0.155539
v -1.840800 0.633645 0.164123
v -1.886300 0.627736 0.191525
v -1.892700 0.626298 0.176716
v -1.866100 0.629775 0.180625
v -1.867900 0.630469 0.199598
v -1.842600 0.636013 0.185297
v -1.846900 0.635740 0.208821
v -1.819200 0.619671 0.154692
v -1.821500 0.642494 0.163538
v -1.801200 0.622485 0.156258
v -1.803699 0.647909 0.165157
v -1.824200 0.642181 0.189464
v -1.829100 0.639361 0.217147
v -1.807400 0.647391 0.194577
v -1.812200 0.641255 0.225872
v -1.864400 0.648435 0.252136
v -1.854599 0.640810 0.230053
v -1.836200 0.645019 0.242019
v -1.844700 0.653720 0.267971
v -1.819300 0.648770 0.253257
v -1.827300 0.660977 0.280917
v -1.780100 0.624659 0.160192
v -1.783800 0.649220 0.170142
v -1.756600 0.629047 0.163954
v -1.763600 0.651389 0.175878
v -1.775900 0.649736 0.247003
v -1.784100 0.658821 0.280090
v -1.801800 0.653243 0.265840
v -1.794200 0.644482 0.235777
v -1.810200 0.667753 0.295236
v -1.793000 0.675152 0.310895
v -1.789100 0.651411 0.201223
v -1.770300 0.654860 0.209037
v -1.731800 0.639071 0.163839
v -1.742700 0.658438 0.180397
v -1.708600 0.656170 0.160932
v -1.723200 0.671347 0.185760
v -1.688100 0.678532 0.163942
v -1.704500 0.684658 0.197957
v -1.666000 0.702119 0.176840
v -1.684700 0.701159 0.215550
v -1.750700 0.659467 0.217621
v -1.757800 0.656482 0.260119
v -1.732100 0.667669 0.228117
v -1.740800 0.664868 0.274333
v -1.766700 0.665786 0.296324
v -1.775599 0.683338 0.328503
v -1.750200 0.674119 0.313138
v -1.759000 0.691701 0.346521
v -1.714600 0.675948 0.242425
v -1.724600 0.671080 0.289721
v -1.695800 0.687523 0.260331
v -1.706800 0.679214 0.306524
v -1.735000 0.681583 0.329402
v -1.744100 0.698883 0.364170
v -1.718300 0.689816 0.346211
v -1.728000 0.707076 0.381678
v -1.673800 0.705142 0.281094
v -1.685600 0.691746 0.325188
v -1.661300 0.723094 0.237868
v -1.632100 0.742465 0.264644
v -1.646200 0.722433 0.305745
v -1.658300 0.704650 0.347779
v -1.697800 0.699571 0.364411
v -1.707500 0.717024 0.399990
v -1.670500 0.708657 0.387180
v -1.680000 0.725583 0.423229
v -1.633600 0.717765 0.416461
v -1.642900 0.734320 0.453691
v -1.621800 0.714191 0.376485
v -1.583800 0.726240 0.406839
v -1.594200 0.733308 0.447020
v -1.602600 0.751866 0.484267
v -1.516300 0.756656 0.464012
v -1.523400 0.769351 0.509029
v -1.558700 0.749403 0.476710
v -1.550200 0.740050 0.434492
v -1.566000 0.768408 0.516587
v -1.529700 0.790025 0.551207
v -1.483700 0.793207 0.548188
v -1.489700 0.812127 0.594671
v -1.477400 0.779090 0.500082
v -1.436100 0.805863 0.537308
v -1.443099 0.823575 0.587326
v -1.449100 0.844040 0.634801
v -1.972000 0.354438 0.036113
v -1.949200 0.356062 0.058045
v -1.934700 0.358799 0.030057
v -1.958500 0.356229 0.003763
v -1.908300 0.371253 0.056930
v -1.920900 0.367797 0.081771
v -1.878800 0.381693 0.102817
v -1.871600 0.386605 0.080466
v -1.828000 0.394112 0.101139
v -1.831600 0.391736 0.122938
v -1.791000 0.405478 0.141471
v -1.787899 0.404331 0.121670
v -1.750200 0.416688 0.141625
v -1.754100 0.418909 0.160187
v -1.718300 0.430338 0.180588
v -1.713500 0.429655 0.161416
v -1.675800 0.443614 0.179661
v -1.681499 0.442278 0.200819
v -1.748500 0.420016 0.120684
v -1.711600 0.433253 0.140991
v -1.706800 0.426228 0.120646
v -1.744500 0.416924 0.098165
v -1.667400 0.436378 0.142375
v -1.673200 0.447406 0.159348
v -1.887500 0.675175 0.310496
v -1.875700 0.655333 0.279786
v -1.855100 0.660520 0.300724
v -1.867500 0.680711 0.337465
v -1.836600 0.672505 0.315048
v -1.846100 0.695080 0.352128
v -1.819499 0.680831 0.330259
v -1.828700 0.702203 0.369072
v -1.802600 0.687579 0.346781
v -1.811900 0.706990 0.386582
v -1.784500 0.698143 0.363125
v -1.792000 0.719549 0.399637
v -1.767200 0.706723 0.380856
v -1.774300 0.727894 0.416252
v -1.752700 0.712256 0.399311
v -1.760800 0.732476 0.435552
v -1.736500 0.720525 0.417224
v -1.743600 0.740921 0.453876
v -1.715200 0.732881 0.435476
v -1.719500 0.756271 0.470600
v -1.686800 0.743477 0.459835
v -1.690400 0.768125 0.497438
v -1.649400 0.755363 0.491282
v -1.652500 0.785143 0.528484
v -1.608600 0.772258 0.524425
v -1.612400 0.802233 0.565143
v -1.571100 0.789347 0.559381
v -1.573900 0.824924 0.598524
v -1.533600 0.815761 0.592479
v -1.535100 0.853117 0.630323
v -1.493400 0.842489 0.633909
v -1.494100 0.884112 0.665592
v -1.453900 0.873345 0.673277
v -1.456900 0.914067 0.701501
v -1.980300 0.735346 0.305899
v -1.971300 0.680852 0.290493
v -1.931700 0.699630 0.318837
v -1.936400 0.754847 0.337290
v -1.915900 0.661677 0.286066
v -1.950200 0.646229 0.259019
v -1.898300 0.716645 0.343071
v -1.897600 0.771868 0.361424
v -1.878800 0.725470 0.373738
v -1.874800 0.785303 0.390358
v -1.854900 0.737521 0.390370
v -1.850800 0.793802 0.411189
v -1.835800 0.743998 0.408078
v -1.831900 0.798390 0.432092
v -1.819400 0.747482 0.427314
v -1.817100 0.801921 0.453936
v -1.796800 0.758261 0.436558
v -1.794700 0.807398 0.464774
v -1.778600 0.766540 0.450866
v -1.775900 0.815154 0.476045
v -1.764800 0.773159 0.469584
v -1.759700 0.823633 0.492067
v -1.747500 0.781470 0.490204
v -1.741899 0.833900 0.513503
v -1.719200 0.797442 0.504861
v -1.710700 0.847288 0.527809
v -1.690000 0.811493 0.533530
v -1.680000 0.865255 0.552900
v -1.651299 0.832028 0.562678
v -1.641800 0.887339 0.581236
v -1.613500 0.852524 0.601039
v -1.603700 0.912373 0.615656
v -1.572299 0.879271 0.630149
v -1.561900 0.938298 0.645119
v -1.535500 0.905157 0.665420
v -1.528200 0.964748 0.681023
v -2.017700 0.817143 0.188371
v -2.057899 0.762041 0.212497
v -2.015600 0.780486 0.260255
v -1.973800 0.831029 0.231856
v -2.032700 0.715415 0.273280
v -2.073400 0.697704 0.224964
v -1.962000 0.795332 0.295882
v -1.922900 0.840262 0.269258
v -1.917200 0.813731 0.329012
v -1.878500 0.853857 0.302308
v -1.876600 0.827041 0.354933
v -1.840200 0.864279 0.331365
v -1.852200 0.840522 0.383067
v -1.815500 0.876028 0.360000
v -1.830400 0.847930 0.407140
v -1.795500 0.884054 0.385511
v -1.811900 0.853535 0.429506
v -1.776900 0.891707 0.407095
v -1.796200 0.860102 0.450825
v -1.759099 0.898732 0.425736
v -1.776999 0.865140 0.465744
v -1.740600 0.903547 0.441043
v -1.757699 0.870423 0.476471
v -1.722400 0.908626 0.455264
v -1.739000 0.877082 0.491084
v -1.704300 0.915995 0.471421
v -1.718800 0.887101 0.509901
v -1.682800 0.923994 0.488818
v -1.689200 0.897448 0.526533
v -1.656400 0.933936 0.507229
v -1.658300 0.915566 0.549029
v -1.627700 0.952401 0.528944
v -1.622800 0.939353 0.577365
v -1.593100 0.976657 0.554402
v -1.586100 0.966630 0.609411
v -1.556800 1.004097 0.583653
v -1.548400 0.992709 0.641387
v -1.523400 1.031949 0.616134
v -1.516400 1.020080 0.675242
v -1.494100 1.059907 0.650223
v -2.068400 0.499874 -0.045940
v -2.037600 0.513884 -0.033702
v -2.043300 0.531723 -0.049288
v -2.072000 0.513228 -0.060185
v -2.009799 0.529073 -0.024500
v -2.013900 0.555416 -0.038186
v -1.962000 0.547425 0.011131
v -1.971200 0.548064 -0.008365
v -1.959400 0.568635 0.011570
v -1.971100 0.575067 -0.014499
v -1.964600 0.588329 0.022538
v -1.979500 0.595534 0.036382
v -1.984300 0.597148 0.020749
v -1.974600 0.595551 0.003527
v -1.997600 0.595417 0.022952
v -1.994100 0.591915 0.002312
v -2.012700 0.587490 0.007763
v -2.014500 0.592488 0.026787
v -2.010600 0.583419 -0.010004
v -1.990800 0.584786 -0.014532
v -1.988800 0.541760 -0.017047
v -1.989300 0.563413 -0.025899
v -2.012000 0.574541 -0.026050
v -1.994100 0.575475 -0.024893
v -2.199800 0.574521 -0.205657
v -2.206000 0.561031 -0.192522
v -2.189300 0.566680 -0.177767
v -2.179300 0.580903 -0.191460
v -2.195700 0.552243 -0.170697
v -2.210000 0.546852 -0.186439
v -2.183100 0.559501 -0.154346
v -2.175200 0.575189 -0.162244
v -2.162100 0.591038 -0.176343
v -2.163300 0.583357 -0.146040
v -2.147600 0.601150 -0.160827
v -2.171700 0.566425 -0.137413
v -2.160900 0.573202 -0.119687
v -2.152300 0.590351 -0.128602
v -2.135400 0.610529 -0.143049
v -2.143800 0.597505 -0.108751
v -2.126900 0.619668 -0.121179
v -2.151800 0.580796 -0.100512
v -2.144800 0.588989 -0.081301
v -2.138800 0.605746 -0.088636
v -2.122900 0.629160 -0.098486
v -2.134600 0.613991 -0.070323
v -2.120399 0.637800 -0.078348
v -2.139200 0.596788 -0.063916
v -2.130300 0.604310 -0.048651
v -2.126100 0.620685 -0.054606
v -2.113700 0.644101 -0.061051
v -2.059200 0.727358 -0.075016
v -2.090000 0.681181 -0.069902
v -2.082900 0.689631 -0.053381
v -2.051200 0.733460 -0.057731
v -2.105500 0.651025 -0.045821
v -2.106600 0.659310 -0.031613
v -2.086100 0.701398 -0.040472
v -2.053200 0.743994 -0.044293
v -2.113000 0.621826 -0.020982
v -2.111500 0.635365 -0.026401
v -2.115700 0.627661 -0.040274
v -2.119699 0.612401 -0.034555
v -2.118999 0.473091 -0.076155
v -2.097500 0.479331 -0.050948
v -2.095900 0.488534 -0.064434
v -2.121200 0.480469 -0.085841
v -2.101099 0.499641 -0.072800
v -2.127000 0.489381 -0.090929
v -2.114600 0.461674 -0.050477
v -2.102900 0.460394 -0.032020
v -2.100300 0.470122 -0.039065
v -2.117700 0.466807 -0.062899
v -2.085299 0.433607 -0.027876
v -2.069200 0.426060 -0.015295
v -2.059900 0.424671 -0.039517
v -2.077600 0.433365 -0.047724
v -2.041800 0.416200 -0.033401
v -2.050500 0.417262 -0.003589
v -2.030600 0.405398 0.005735
v -2.023400 0.405819 -0.030602
v -2.011199 0.389787 0.014038
v -2.001700 0.391231 -0.034660
v -1.992100 0.370840 0.022848
v -1.980900 0.370016 -0.016167
v -2.107100 0.451751 -0.031524
v -2.105200 0.445008 -0.036125
v -2.121800 0.456134 -0.056811
v -2.116800 0.449172 -0.066233
v -2.143100 0.474242 -0.109544
v -2.162100 0.467955 -0.135656
v -2.153500 0.460787 -0.127861
v -2.138300 0.467533 -0.099318
v -2.148300 0.482308 -0.113881
v -2.168200 0.476262 -0.138977
v -2.131999 0.461322 -0.080449
v -2.134300 0.455702 -0.097406
v -2.097800 0.440931 -0.040070
v -2.095700 0.442816 -0.056888
v -2.068799 0.433669 -0.066639
v -2.052800 0.424106 -0.058984
v -2.054800 0.414013 -0.071394
v -2.068300 0.422454 -0.080417
v -2.042900 0.405359 -0.067292
v -2.037899 0.415152 -0.054899
v -2.109200 0.446720 -0.091119
v -2.087800 0.442380 -0.076848
v -2.084500 0.430324 -0.093379
v -2.104500 0.435545 -0.107299
v -2.130800 0.449988 -0.112765
v -2.128600 0.438029 -0.122379
v -2.150800 0.452111 -0.135380
v -2.153700 0.439309 -0.139133
v -2.168600 0.450525 -0.152802
v -2.179800 0.439468 -0.153849
v -2.176400 0.454329 -0.157889
v -2.207100 0.442327 -0.170210
v -2.183100 0.459471 -0.161895
v -2.210600 0.452389 -0.179539
v -2.189900 0.468566 -0.163267
v -2.212900 0.461636 -0.183506
v -2.177900 0.400218 -0.121584
v -2.165200 0.421566 -0.130353
v -2.192100 0.424161 -0.147331
v -2.202000 0.403375 -0.143036
v -2.219500 0.425045 -0.169317
v -2.224600 0.405308 -0.172674
v -2.132200 0.390920 -0.096183
v -2.117100 0.413707 -0.103867
v -2.140000 0.418025 -0.116036
v -2.154400 0.395943 -0.106708
v -2.095600 0.379575 -0.080318
v -2.081400 0.402165 -0.081202
v -2.097700 0.408515 -0.092150
v -2.112500 0.385438 -0.088089
v -2.055500 0.386073 -0.069821
v -2.067200 0.394645 -0.074229
v -2.081300 0.373588 -0.072154
v -2.069200 0.366568 -0.065151
v -2.211300 0.482858 -0.183267
v -2.213400 0.472658 -0.183563
v -2.193400 0.479301 -0.163541
v -2.193700 0.489360 -0.164255
v -2.172600 0.486397 -0.140989
v -2.174100 0.496467 -0.143606
v -2.212100 0.529578 -0.182239
v -2.197000 0.534898 -0.167003
v -2.196800 0.519625 -0.164490
v -2.213300 0.513495 -0.179573
v -2.181499 0.526643 -0.147451
v -2.183000 0.541739 -0.150376
v -2.210600 0.495490 -0.181728
v -2.209700 0.489882 -0.181755
v -2.193600 0.496694 -0.164628
v -2.194300 0.502883 -0.164266
v -2.175000 0.504077 -0.145264
v -2.177200 0.510495 -0.145390
v -2.212300 0.502707 -0.180104
v -2.195800 0.509766 -0.163764
v -2.179600 0.517124 -0.145704
v -2.153700 0.492237 -0.117508
v -2.134099 0.499040 -0.095073
v -2.140300 0.509015 -0.099498
v -2.157200 0.502371 -0.121223
v -2.170600 0.548234 -0.132967
v -2.168100 0.533408 -0.129526
v -2.156100 0.540838 -0.110961
v -2.159300 0.555288 -0.114824
v -2.159300 0.510567 -0.124350
v -2.144600 0.517651 -0.103301
v -2.147300 0.525389 -0.107156
v -2.161600 0.517596 -0.126343
v -2.164999 0.524078 -0.127567
v -2.151600 0.532013 -0.109073
v -2.111900 0.508748 -0.076074
v -2.087700 0.522323 -0.061557
v -2.105400 0.528865 -0.060373
v -2.123100 0.517825 -0.078849
v -2.149500 0.563780 -0.095596
v -2.145900 0.549918 -0.091498
v -2.138000 0.558974 -0.071636
v -2.142000 0.572367 -0.076262
v -2.131600 0.526098 -0.081571
v -2.118900 0.535096 -0.060710
v -2.125500 0.544113 -0.065893
v -2.135900 0.534481 -0.086190
v -2.140800 0.541357 -0.088993
v -2.131900 0.550801 -0.068908
v -2.131800 0.566814 -0.053247
v -2.136500 0.580136 -0.058378
v -2.129400 0.588199 -0.042080
v -2.124300 0.574836 -0.036250
v -2.065300 0.539669 -0.048122
v -2.048100 0.557860 -0.035439
v -2.075200 0.553359 -0.026987
v -2.089200 0.540986 -0.043237
v -2.106000 0.545056 -0.042598
v -2.094000 0.556014 -0.026131
v -2.104700 0.563252 -0.031718
v -2.115200 0.553481 -0.047916
v -2.123600 0.559463 -0.050872
v -2.115000 0.567890 -0.033951
v -2.119500 0.596937 -0.027045
v -2.110700 0.605996 -0.014094
v -2.113900 0.583838 -0.020598
v -2.101900 0.593397 -0.009321
v -2.038400 0.571331 -0.020828
v -2.033400 0.579575 -0.004219
v -2.055000 0.578919 -0.001553
v -2.063700 0.566911 -0.013774
v -2.103100 0.578166 -0.019527
v -2.091000 0.589551 -0.008644
v -2.091400 0.576181 -0.019843
v -2.079100 0.588987 -0.009278
v -2.080200 0.570839 -0.015848
v -2.068500 0.583850 -0.005371
v -2.018000 0.658415 0.261334
v -1.991600 0.624669 0.233718
v -2.060300 0.641617 0.221386
v -2.031500 0.608297 0.201908
v -1.936600 0.598246 0.145926
v -1.933400 0.613160 0.156415
v -1.972800 0.605335 0.148044
v -1.968800 0.595058 0.131917
v -1.973300 0.614770 0.207696
v -1.933900 0.632824 0.231290
v -2.011500 0.598137 0.182082
v -1.964400 0.613130 0.187766
v -1.998700 0.597344 0.166509
v -1.921700 0.627553 0.204937
v -1.888800 0.639877 0.232303
v -1.876500 0.634363 0.215252
v -1.899199 0.627903 0.197244
v -1.945000 0.617859 0.175421
v -1.919800 0.622651 0.175701
v -1.989900 0.599318 0.155004
v -1.965700 0.610682 0.173098
v -1.901700 0.645688 0.256283
v -2.025000 0.405487 -0.054062
v -2.034800 0.396111 -0.065027
v -2.025599 0.390395 -0.070069
v -2.012700 0.396888 -0.059473
v -2.047200 0.376815 -0.065654
v -2.037000 0.371968 -0.070145
v -2.058100 0.357462 -0.060174
v -2.044900 0.352251 -0.066990
v -2.054100 0.343745 -0.073998
v -2.074900 0.349009 -0.068081
v -2.064200 0.345347 -0.061984
v -2.066300 0.343236 -0.084145
v -2.100700 0.359501 -0.086500
v -2.086300 0.354426 -0.076780
v -2.098100 0.345139 -0.101263
v -2.081000 0.343732 -0.092631
v -2.137000 0.368538 -0.104003
v -2.117700 0.364120 -0.095246
v -2.117000 0.347760 -0.110125
v -2.137200 0.350933 -0.119857
v -2.158200 0.372780 -0.114874
v -2.158800 0.354505 -0.131268
v -2.180600 0.376738 -0.129468
v -2.180600 0.358223 -0.145175
v -2.203400 0.380177 -0.150603
v -2.200300 0.362685 -0.163245
v -2.224900 0.383472 -0.181263
v -2.216600 0.367371 -0.193724
v -2.174500 0.359522 -0.172546
v -2.191400 0.360988 -0.178771
v -2.199300 0.366674 -0.205785
v -2.172400 0.369958 -0.217413
v -2.115700 0.368589 -0.188844
v -2.129500 0.355080 -0.149666
v -2.152800 0.358293 -0.161799
v -2.141600 0.370668 -0.202146
v -2.068300 0.367229 -0.165584
v -2.086600 0.349791 -0.129440
v -2.107400 0.351560 -0.139153
v -2.091000 0.366485 -0.176847
v -2.067500 0.350076 -0.120608
v -2.051000 0.352134 -0.111272
v -2.047800 0.371338 -0.155327
v -2.030300 0.376762 -0.145293
v -2.015800 0.380935 -0.134431
v -2.003900 0.386077 -0.124715
v -2.029100 0.363182 -0.091193
v -2.038000 0.354992 -0.100187
v -2.022200 0.378515 -0.089596
v -2.010800 0.391376 -0.086841
v -1.993800 0.393601 -0.118064
v -1.983400 0.400180 -0.112371
v -1.996800 0.395619 -0.077177
v -1.973000 0.404916 -0.104281
v -1.960500 0.408180 -0.091568
v -1.982000 0.391449 -0.064098
v -1.963700 0.381337 -0.047059
v -1.944200 0.408610 -0.073212
v -1.924900 0.405923 -0.051231
v -1.942700 0.375468 -0.023762
v -1.920800 0.376083 0.003421
v -1.905100 0.404106 -0.025293
v -1.882200 0.404157 0.001255
v -1.896300 0.382964 0.031370
v -1.864200 0.395616 0.056551
v -1.852900 0.408271 0.025136
v -1.817100 0.398741 0.044212
v -1.824800 0.399993 0.077642
v -1.786300 0.408345 0.099266
v -1.781600 0.404197 0.075985
v -1.779400 0.324943 -0.009385
v -1.792700 0.351330 0.000171
v -1.815800 0.326093 -0.042775
v -1.806600 0.290387 -0.050572
v -1.801800 0.312738 -0.031936
v -1.838200 0.295008 -0.083358
v -1.770500 0.293372 -0.015939
v -1.798700 0.380107 0.023690
v -1.772500 0.383126 0.056021
v -1.760600 0.362189 0.033762
v -1.724800 0.378762 0.053562
v -1.736300 0.395173 0.079564
v -1.698500 0.406145 0.102644
v -1.686500 0.391695 0.077358
v -1.646700 0.399199 0.106645
v -1.658500 0.416559 0.126692
v -1.615600 0.429716 0.150100
v -1.625100 0.448776 0.163335
v -1.603700 0.410749 0.135268
v -1.561900 0.425287 0.162463
v -1.575100 0.444768 0.171915
v -1.585500 0.464214 0.180264
v -1.541500 0.464030 0.188568
v -1.554100 0.483508 0.189506
v -1.510300 0.487044 0.190714
v -1.525400 0.444275 0.187213
v -1.489300 0.467842 0.191896
v -1.527700 0.505594 0.190396
v -1.641800 0.459085 0.218330
v -1.635800 0.461654 0.194940
v -1.598300 0.482111 0.206553
v -1.602900 0.480018 0.232075
v -1.632300 0.464136 0.174750
v -1.594600 0.482203 0.186124
v -1.565100 0.500715 0.193316
v -1.567100 0.501968 0.214726
v -1.540600 0.520118 0.197255
v -1.542000 0.521365 0.218765
v -1.584800 0.527431 0.279522
v -1.572500 0.509239 0.266839
v -1.529500 0.535333 0.274575
v -1.545800 0.554000 0.289389
v -1.567500 0.502107 0.241480
v -1.539400 0.521668 0.244426
v -1.522000 0.539199 0.218705
v -1.522900 0.535055 0.238197
v -1.499300 0.557112 0.225863
v -1.506700 0.546434 0.250882
v -1.501300 0.525947 0.191786
v -1.516800 0.539503 0.199791
v -1.488400 0.560399 0.205620
v -1.469900 0.545844 0.197557
v -1.751000 0.342632 0.010180
v -1.742300 0.325175 -0.001358
v -1.707500 0.347770 0.011382
v -1.715900 0.364254 0.027572
v -1.722200 0.247862 0.030886
v -1.700900 0.252316 0.055788
v -1.720800 0.279539 0.037345
v -1.743500 0.264080 0.012200
v -1.684400 0.290446 0.059820
v -1.667099 0.262150 0.079502
v -1.698600 0.314742 0.034895
v -1.734500 0.303043 0.013977
v -1.732900 0.318772 0.007083
v -1.703200 0.331302 0.020637
v -1.675200 0.384568 0.048492
v -1.662400 0.367278 0.028950
v -1.625600 0.373884 0.073612
v -1.635000 0.388633 0.085192
v -1.663900 0.344107 0.044926
v -1.626400 0.359107 0.084769
v -1.660300 0.327384 0.063682
v -1.624600 0.343153 0.102368
v -1.649800 0.303018 0.089805
v -1.617599 0.318000 0.126541
v -1.634000 0.274568 0.106974
v -1.603000 0.288162 0.140023
v -1.591900 0.396639 0.121321
v -1.583899 0.384252 0.115588
v -1.548100 0.410075 0.155363
v -1.536000 0.398717 0.150893
v -1.582900 0.372446 0.123914
v -1.533800 0.385384 0.159629
v -1.584700 0.357878 0.141794
v -1.537400 0.371796 0.176165
v -1.582300 0.333687 0.163219
v -1.537300 0.350745 0.193566
v -1.570400 0.303261 0.173060
v -1.527500 0.323723 0.198297
v -1.714499 0.231332 0.017198
v -1.684800 0.227926 0.048052
v -1.676100 0.205247 0.029898
v -1.706200 0.213779 -0.002961
v -1.638100 0.215820 0.054657
v -1.649899 0.238235 0.072194
v -1.616800 0.252309 0.098761
v -1.602800 0.233047 0.078703
v -1.569200 0.244761 0.109639
v -1.585900 0.264330 0.131318
v -1.553200 0.278200 0.163081
v -1.535300 0.256225 0.143165
v -1.497000 0.276085 0.175279
v -1.513200 0.299679 0.189780
v -1.464700 0.326636 0.216999
v -1.476200 0.348560 0.222388
v -1.451100 0.304929 0.206214
v -1.406500 0.331687 0.235125
v -1.418400 0.351216 0.243779
v -1.428900 0.371088 0.246543
v -1.476700 0.263167 0.146075
v -1.434200 0.290979 0.182660
v -1.417300 0.288708 0.154680
v -1.455700 0.262697 0.114694
v -1.380500 0.313092 0.191666
v -1.393400 0.317898 0.215687
v -1.832900 0.266410 -0.101357
v -1.858600 0.277600 -0.138568
v -1.888000 0.252370 -0.178207
v -1.860800 0.246833 -0.146877
v -1.830500 0.244446 -0.121473
v -1.854100 0.264104 -0.128738
v -1.800600 0.266261 -0.076524
v -1.795600 0.241025 -0.098934
v -1.753700 0.233559 -0.075730
v -1.766500 0.260980 -0.049586
v -1.739600 0.245942 -0.016808
v -1.728899 0.227284 -0.036930
v -1.718700 0.216218 -0.044689
v -1.698900 0.205562 -0.021772
v -1.725500 0.213469 -0.062781
v -1.699300 0.200318 -0.040009
v -1.668500 0.196013 0.006218
v -1.666600 0.190222 -0.011249
v -1.624000 0.190072 0.010178
v -1.628600 0.200591 0.030727
v -1.589000 0.215831 0.051051
v -1.578500 0.202813 0.021842
v -1.526600 0.220142 0.037279
v -1.550500 0.230885 0.076273
v -1.514200 0.244579 0.109328
v -1.490300 0.241109 0.077872
v -1.906800 0.221618 -0.174796
v -1.872000 0.223859 -0.149722
v -1.881000 0.200001 -0.147711
v -1.917600 0.197204 -0.170113
v -1.846000 0.198770 -0.126647
v -1.838900 0.220721 -0.125164
v -1.803200 0.216148 -0.105197
v -1.811300 0.195277 -0.108019
v -1.777700 0.188754 -0.090670
v -1.766600 0.208855 -0.090096
v -1.813600 0.179345 -0.111354
v -1.847700 0.181223 -0.129776
v -1.845200 0.164644 -0.134051
v -1.812900 0.164504 -0.114526
v -1.783300 0.174191 -0.090019
v -1.784000 0.159721 -0.092668
v -1.737700 0.196719 -0.069269
v -1.750400 0.179449 -0.066873
v -1.721900 0.170088 -0.038671
v -1.709500 0.185190 -0.043398
v -1.757600 0.165903 -0.064759
v -1.728800 0.156054 -0.036786
v -1.758100 0.151480 -0.068207
v -1.728500 0.141465 -0.042547
v -1.672600 0.176638 -0.015349
v -1.682899 0.161285 -0.009735
v -1.633700 0.153647 0.011255
v -1.626800 0.172119 0.005423
v -1.639500 0.122927 0.005553
v -1.638100 0.138168 0.012153
v -1.688800 0.146376 -0.008303
v -1.688800 0.131393 -0.015890
v -1.574900 0.175738 0.010342
v -1.577600 0.149620 0.016729
v -1.518400 0.149159 0.022913
v -1.522500 0.182059 0.018726
v -1.519400 0.111040 0.030702
v -1.518600 0.127721 0.028071
v -1.580600 0.131671 0.020488
v -1.582800 0.115833 0.018962
v -2.158400 0.117478 -0.574754
v -2.157500 0.082937 -0.592199
v -2.155300 0.077900 -0.574563
v -2.160100 0.111671 -0.559367
v -2.142800 0.037739 -0.591836
v -2.145500 0.041690 -0.609736
v -2.138400 0.038020 -0.562369
v -2.150599 0.076066 -0.546622
v -2.156900 0.107734 -0.533152
v -2.135800 0.147573 -0.512091
v -2.140600 0.157764 -0.504784
v -2.145800 0.161414 -0.527810
v -2.142600 0.151082 -0.534424
v -2.143100 0.174953 -0.519506
v -2.138000 0.171173 -0.497690
v -2.140600 0.181183 -0.535269
v -2.144000 0.167633 -0.543374
v -2.141800 0.156515 -0.548531
v -2.139900 0.133847 -0.520607
v -2.134700 0.140349 -0.517021
v -2.142300 0.144633 -0.538908
v -2.146700 0.138771 -0.543158
v -2.141200 0.149596 -0.551841
v -2.145000 0.143846 -0.556284
v -2.152100 0.135434 -0.563186
v -2.154600 0.130113 -0.549273
v -2.149700 0.125601 -0.525196
v -2.125900 0.156333 -0.470008
v -2.123800 0.170457 -0.466578
v -2.120700 0.144833 -0.475489
v -2.103600 0.144216 -0.430648
v -2.107200 0.157276 -0.427881
v -2.106000 0.172802 -0.427875
v -2.105100 0.126574 -0.433883
v -2.101900 0.135025 -0.432788
v -2.117900 0.135964 -0.479713
v -2.122800 0.127666 -0.481701
v -2.133000 0.119479 -0.483882
v -2.144100 0.103764 -0.487505
v -2.122800 0.103402 -0.435037
v -2.112900 0.117490 -0.434414
v -2.086600 0.161022 -0.383988
v -2.084800 0.176424 -0.385292
v -2.082700 0.148278 -0.387037
v -2.063300 0.154253 -0.347020
v -2.064900 0.166339 -0.343008
v -2.061400 0.180491 -0.345186
v -1.945300 0.210499 -0.200489
v -1.952800 0.187979 -0.199100
v -1.930700 0.230853 -0.212822
v -1.965900 0.209175 -0.237829
v -1.978300 0.194974 -0.227941
v -1.984300 0.177187 -0.228680
v -2.044200 0.171696 -0.309538
v -2.038599 0.184919 -0.312973
v -2.046400 0.160061 -0.314426
v -2.028800 0.162761 -0.286921
v -2.023000 0.177261 -0.281366
v -2.015300 0.189585 -0.286555
v -2.064300 0.139307 -0.350097
v -2.063400 0.145596 -0.351433
v -2.081200 0.138993 -0.389282
v -2.084400 0.130995 -0.389550
v -2.050200 0.151830 -0.324423
v -2.045700 0.149431 -0.317651
v -2.090500 0.122745 -0.388930
v -2.095900 0.110390 -0.388350
v -2.067100 0.122073 -0.348300
v -2.067100 0.131914 -0.348726
v -2.044000 0.143542 -0.316293
v -2.040300 0.136396 -0.315709
v -2.023800 0.145952 -0.294114
v -2.024300 0.153494 -0.287763
v -2.001800 0.183848 -0.255237
v -2.008500 0.170095 -0.254738
v -1.991899 0.195684 -0.262358
v -2.140300 0.075116 -0.497795
v -2.129200 0.040763 -0.513325
v -2.108200 0.049583 -0.451706
v -2.120200 0.079447 -0.441646
v -2.092600 0.091973 -0.392031
v -2.079900 0.077467 -0.397486
v -2.047900 0.101917 -0.354787
v -2.060300 0.110950 -0.349952
v -2.059600 0.073185 -0.401343
v -2.031600 0.097498 -0.363159
v -2.079000 0.043067 -0.429348
v -2.056400 0.045101 -0.423018
v -2.038300 0.068150 -0.407748
v -2.013400 0.087676 -0.373350
v -1.981300 0.147525 -0.262769
v -1.980500 0.163447 -0.240402
v -2.005100 0.157989 -0.263560
v -2.008300 0.146920 -0.281536
v -2.028900 0.131006 -0.312618
v -2.013800 0.127177 -0.312241
v -1.919300 0.175534 -0.172982
v -1.884200 0.179578 -0.147903
v -1.879800 0.159845 -0.153063
v -1.918100 0.152118 -0.183666
v -1.958400 0.117955 -0.272711
v -1.971200 0.133934 -0.270175
v -1.999300 0.119765 -0.317382
v -1.985700 0.103050 -0.324469
v -1.951000 0.169860 -0.207872
v -1.949400 0.154905 -0.219365
v -1.951100 0.142956 -0.234287
v -1.937200 0.132389 -0.226591
v -1.906300 0.854668 0.130763
v -1.961200 0.848049 0.160026
v -1.920800 0.855317 0.200219
v -1.872100 0.857307 0.169583
v -1.876900 0.860164 0.238968
v -1.835999 0.859853 0.210000
v -1.838300 0.869942 0.273898
v -1.804100 0.870414 0.246979
v -1.805700 0.880812 0.305586
v -1.776100 0.882177 0.280523
v -1.731300 0.900518 0.335186
v -1.752300 0.892775 0.309992
v -1.781700 0.891933 0.334684
v -1.761600 0.900269 0.360014
v -1.742700 0.907764 0.380887
v -1.712200 0.906844 0.355490
v -1.724500 0.914042 0.398583
v -1.694300 0.912752 0.372664
v -1.706400 0.919122 0.414507
v -1.676500 0.918231 0.388611
v -1.688300 0.924641 0.429755
v -1.657900 0.923117 0.404423
v -1.669300 0.932011 0.445912
v -1.638100 0.929471 0.420822
v -1.647400 0.939733 0.462892
v -1.615700 0.937405 0.437613
v -1.622300 0.951614 0.480716
v -1.589700 0.948562 0.454092
v -1.592300 0.968139 0.499612
v -1.558000 0.960912 0.470741
v -1.555500 0.989064 0.520368
v -1.520000 0.977289 0.487024
v -1.517900 1.013408 0.546032
v -1.471500 0.999592 0.503053
v -1.421500 1.067674 0.582461
v -1.444400 1.034512 0.544862
v -1.486600 1.042159 0.578566
v -1.461100 1.073200 0.614738
v -1.425600 1.011029 0.482185
v -1.409000 1.038507 0.517649
v -1.375500 1.040701 0.495539
v -1.390700 1.013906 0.463822
v -1.388700 1.070066 0.555254
v -1.356700 1.069705 0.532294
v -1.799500 0.851949 0.161857
v -1.827500 0.844459 0.122052
v -1.844200 0.848971 0.144253
v -1.812900 0.850531 0.186116
v -1.872700 0.849984 0.104645
v -1.851900 0.842859 0.084294
v -1.740400 0.875501 0.235356
v -1.769600 0.863138 0.200075
v -1.782900 0.860781 0.224980
v -1.755300 0.872956 0.260050
v -1.691700 0.898282 0.291181
v -1.714499 0.887932 0.266034
v -1.730800 0.884605 0.290381
v -1.708700 0.892736 0.315799
v -1.655100 0.911818 0.325229
v -1.672500 0.906111 0.309769
v -1.689700 0.899919 0.335151
v -1.672300 0.906690 0.351274
v -1.619500 0.919858 0.357352
v -1.637800 0.916100 0.341106
v -1.654900 0.912069 0.367215
v -1.636500 0.916837 0.383321
v -1.577100 0.932096 0.389622
v -1.599300 0.924791 0.374069
v -1.616199 0.922369 0.400072
v -1.593400 0.929428 0.416412
v -1.567000 0.937655 0.431617
v -1.552700 0.941760 0.402507
v -1.536300 0.946357 0.445549
v -1.525700 0.953790 0.412627
v -1.465200 0.974737 0.460430
v -1.460200 0.969532 0.422662
v -1.494200 0.963659 0.420316
v -1.501800 0.959403 0.457130
v -1.429399 0.983454 0.451824
v -1.425700 0.970792 0.416525
v -1.395800 0.981952 0.439816
v -1.392600 0.965509 0.407502
v -1.813700 0.847958 0.103324
v -1.835600 0.845861 0.072349
v -1.786500 0.855804 0.137040
v -1.775200 0.862471 0.112086
v -1.804000 0.853711 0.085430
v -1.822600 0.850487 0.068613
v -1.755900 0.868512 0.171540
v -1.725100 0.883428 0.204266
v -1.710999 0.895695 0.170925
v -1.742800 0.877386 0.141406
v -1.697200 0.897168 0.233117
v -1.672400 0.907806 0.256778
v -1.655000 0.924046 0.218861
v -1.681400 0.911888 0.197215
v -1.652300 0.914912 0.274022
v -1.634600 0.919175 0.288495
v -1.617500 0.937869 0.249720
v -1.634700 0.932819 0.235000
v -1.767300 0.893666 0.068532
v -1.802600 0.878855 0.049435
v -1.800000 0.863387 0.065560
v -1.767600 0.874846 0.087166
v -1.828100 0.856024 0.051006
v -1.833899 0.867621 0.034254
v -1.732700 0.915348 0.091737
v -1.734000 0.893477 0.112897
v -1.702400 0.915836 0.139947
v -1.700900 0.939980 0.117618
v -1.669600 0.961529 0.141416
v -1.672100 0.935130 0.164615
v -1.643800 0.948590 0.184535
v -1.638600 0.975905 0.159385
v -1.885700 0.921409 -0.047948
v -1.883399 0.926357 -0.055472
v -1.916800 0.910594 -0.075425
v -1.918600 0.904478 -0.066768
v -1.916700 0.895692 -0.056964
v -1.885600 0.913550 -0.038590
v -1.853600 0.937642 -0.027465
v -1.856100 0.929853 -0.017603
v -1.850000 0.942313 -0.035406
v -1.819200 0.959637 -0.001037
v -1.814500 0.965512 -0.010711
v -1.822999 0.950005 0.009519
v -1.789200 0.974885 0.039722
v -1.785800 0.988328 0.029088
v -1.780000 0.996028 0.017318
v -1.753600 1.022316 0.059423
v -1.747000 1.031531 0.047440
v -1.757200 1.005696 0.069571
v -1.724300 1.036729 0.097329
v -1.722800 1.056539 0.089171
v -1.717500 1.068367 0.077040
v -1.687400 1.082033 0.114001
v -1.683700 1.094519 0.102610
v -1.688100 1.062482 0.121172
v -1.649400 1.079453 0.137590
v -1.648800 1.096627 0.131682
v -1.646000 1.107269 0.122688
v -1.612000 1.101775 0.144705
v -1.609200 1.110422 0.137297
v -1.613800 1.086451 0.149819
v -1.581500 1.087489 0.161199
v -1.578200 1.101545 0.155510
v -1.575000 1.108964 0.148531
v -1.547500 1.098788 0.164965
v -1.544200 1.105145 0.157323
v -1.551700 1.085854 0.172022
v -1.524000 1.083228 0.182687
v -1.519400 1.096032 0.174420
v -1.516000 1.102541 0.165886
v -1.493000 1.094579 0.183852
v -1.467700 1.094723 0.193376
v -1.464400 1.102877 0.184136
v -1.489700 1.101922 0.174765
v -1.497800 1.081053 0.192477
v -1.472200 1.080422 0.201556
v -1.442400 1.096976 0.202824
v -1.439500 1.105206 0.193989
v -1.446599 1.082792 0.210710
v -1.420000 1.085838 0.222007
v -1.415800 1.099752 0.213604
v -1.412899 1.107982 0.204769
v -1.348400 1.106228 0.226204
v -1.382100 1.109225 0.216061
v -1.385400 1.100449 0.225665
v -1.352300 1.096942 0.235978
v -1.389900 1.086389 0.234861
v -1.357200 1.082822 0.244469
v -1.318400 1.088735 0.242711
v -1.313800 1.097686 0.233518
v -1.324700 1.075472 0.250250
v -1.291399 1.066584 0.254939
v -1.283900 1.078901 0.248146
v -1.279000 1.086038 0.239148
v -1.847600 0.897778 0.010173
v -1.814800 0.912736 0.031882
v -1.820400 0.932398 0.021111
v -1.853500 0.915125 -0.003839
v -1.780000 0.932259 0.056063
v -1.785900 0.954335 0.048538
v -1.774400 0.913147 0.062559
v -1.741199 0.937156 0.087101
v -1.747600 0.958248 0.082725
v -1.708899 0.962992 0.112953
v -1.715700 0.985616 0.109768
v -1.721500 1.011775 0.104385
v -1.753900 0.982515 0.077131
v -1.674700 0.985637 0.135112
v -1.681499 1.009742 0.134017
v -1.640900 1.001733 0.151078
v -1.646000 1.027036 0.150053
v -1.648499 1.054815 0.144364
v -1.686200 1.037204 0.128610
v -1.588600 1.036059 0.173920
v -1.585299 1.063767 0.167726
v -1.615100 1.062248 0.156018
v -1.615499 1.034539 0.162212
v -1.557400 1.062368 0.179665
v -1.530500 1.059454 0.190113
v -1.562400 1.034613 0.184955
v -1.536600 1.031639 0.194698
v -1.485800 1.027211 0.210466
v -1.479000 1.055720 0.207725
v -1.504400 1.056545 0.198758
v -1.511300 1.028471 0.202626
v -1.432100 1.033214 0.229449
v -1.426900 1.062158 0.229538
v -1.453600 1.058531 0.217906
v -1.459599 1.029417 0.219009
v -1.372100 1.036165 0.252661
v -1.364600 1.061091 0.251212
v -1.397000 1.063614 0.242345
v -1.402300 1.036290 0.241950
v -1.867400 0.870412 0.007071
v -1.891300 0.858850 -0.007629
v -1.891500 0.845999 0.016863
v -1.841400 0.882127 0.022581
v -1.858800 0.856889 0.024211
v -1.874700 0.885357 -0.008684
v -1.901000 0.870764 -0.026366
v -1.881400 0.900613 -0.024621
v -1.909900 0.883671 -0.043242
v -1.809400 0.895652 0.041402
v -1.994900 0.595919 0.045219
v -2.012000 0.595533 0.050105
v -1.986600 0.594136 0.067152
v -2.004800 0.591961 0.076942
v -1.973000 0.592610 0.086396
v -1.984500 0.590143 0.099474
v -2.049500 0.588354 0.011821
v -2.031800 0.584761 0.011611
v -2.030900 0.589571 0.028721
v -2.046100 0.591179 0.028614
v -2.003800 0.591555 0.123297
v -2.023600 0.581964 0.102302
v -2.013700 0.588279 0.093656
v -1.994400 0.591915 0.111999
v -2.040100 0.577771 0.069502
v -2.043300 0.584082 0.048935
v -2.028300 0.589884 0.050776
v -2.025599 0.585211 0.070738
v -2.025700 0.582573 0.083305
v -2.035500 0.576796 0.086173
v -2.061200 0.593556 0.008519
v -2.058100 0.592571 0.027093
v -2.069800 0.592676 0.025296
v -2.072500 0.596397 0.006180
v -2.013600 0.587507 0.132577
v -2.033400 0.578232 0.109597
v -2.025200 0.585068 0.141750
v -2.044700 0.577641 0.116274
v -2.064700 0.575757 0.071387
v -2.068000 0.582583 0.047144
v -2.055799 0.583048 0.047772
v -2.052500 0.575246 0.069855
v -2.045700 0.574590 0.089650
v -2.057300 0.574955 0.093678
v -2.039700 0.586704 0.153165
v -2.060100 0.599716 0.165345
v -2.059300 0.580592 0.124059
v -2.079100 0.595240 0.130525
v -2.101000 0.597455 0.024073
v -2.099000 0.598534 0.005604
v -2.085200 0.595793 0.006245
v -2.083400 0.592969 0.025413
v -2.082500 0.584716 0.048371
v -2.078900 0.579705 0.074122
v -2.098200 0.591315 0.076003
v -2.101700 0.593330 0.048373
v -2.071599 0.578792 0.098310
v -2.090900 0.592299 0.102005
v -2.115800 0.612843 0.000731
v -2.121700 0.632200 -0.008255
v -2.124800 0.617178 0.019115
v -2.131400 0.656416 0.004179
v -2.118800 0.664681 -0.018978
v -2.119400 0.641981 -0.016198
v -2.084800 0.635351 0.172637
v -2.105300 0.628842 0.133190
v -2.096000 0.685916 0.171285
v -2.120300 0.679059 0.129213
v -2.123400 0.670850 0.065726
v -2.135100 0.666441 0.036619
v -2.128100 0.619672 0.045005
v -2.123300 0.622166 0.074300
v -2.116199 0.624778 0.101599
v -2.124400 0.674478 0.094487
v -2.101099 0.709900 -0.028255
v -2.116700 0.717407 -0.005879
v -2.081800 0.766366 -0.014036
v -2.068900 0.753517 -0.032417
v -2.070800 0.795600 0.101065
v -2.108900 0.739767 0.117135
v -2.085000 0.746619 0.161010
v -2.048600 0.803308 0.142285
v -2.119100 0.723702 0.025241
v -2.083700 0.775285 0.013331
v -2.104700 0.723613 0.054185
v -2.073500 0.775730 0.041705
v -2.109900 0.730987 0.082263
v -2.073600 0.783568 0.068708
v -2.013900 0.769081 -0.072478
v -2.015400 0.772459 -0.053148
v -1.984500 0.808420 -0.039426
v -1.969100 0.818872 -0.055443
v -2.024199 0.777267 -0.041147
v -2.006400 0.805528 -0.029377
v -1.955400 0.852332 0.069622
v -2.015100 0.836424 0.086423
v -1.993600 0.843695 0.121406
v -1.934300 0.856217 0.097396
v -2.041800 0.777769 -0.032603
v -2.041700 0.795014 -0.020876
v -1.956500 0.831924 -0.013110
v -1.931000 0.834564 -0.020568
v -1.992400 0.828908 -0.006074
v -1.980200 0.841579 0.022214
v -1.937700 0.844261 0.015759
v -1.932500 0.850246 -0.043793
v -1.916600 0.845919 -0.024613
v -1.895600 0.850588 0.072024
v -1.915699 0.850163 0.048460
v -1.870200 0.843212 0.052561
v -1.970900 0.846739 0.047057
v -1.935500 0.848943 0.036768
v -1.849300 0.847901 0.046023
v -2.024199 0.826307 0.057283
v -2.030600 0.818857 0.030502
v -2.039000 0.811465 0.002724
v -1.944200 0.858765 -0.062728
v -1.978300 0.820195 -0.083213
v -1.951300 0.869147 -0.079250
v -1.985600 0.826727 -0.109277
v -1.953000 0.878485 -0.089924
v -1.950200 0.885980 -0.099903
v -1.976099 0.855207 -0.125242
v -1.979400 0.847482 -0.116478
v -2.193900 0.592598 -0.228741
v -2.170200 0.601624 -0.213489
v -2.166900 0.625064 -0.232353
v -2.190400 0.612391 -0.250323
v -2.150100 0.614531 -0.197809
v -2.145900 0.640861 -0.216404
v -2.132600 0.629099 -0.183134
v -2.127200 0.659645 -0.203586
v -2.117200 0.643769 -0.165047
v -2.107900 0.686739 -0.188981
v -2.099300 0.668951 -0.112588
v -2.106100 0.657602 -0.139497
v -2.091400 0.702371 -0.156513
v -2.072900 0.727381 -0.125100
v -2.095700 0.676106 -0.089331
v -2.066300 0.725794 -0.096244
v -2.017400 0.769953 -0.095967
v -2.021600 0.773392 -0.118805
v -2.092200 0.748506 -0.195187
v -2.097500 0.723827 -0.191120
v -2.078100 0.739256 -0.167179
v -2.073300 0.769737 -0.171107
v -2.051200 0.758548 -0.145917
v -2.042800 0.791895 -0.150880
v -2.025100 0.779505 -0.134275
v -2.012700 0.809083 -0.134750
v -2.046700 0.834353 -0.160920
v -2.045000 0.817121 -0.152310
v -2.010600 0.830927 -0.136578
v -2.010100 0.843144 -0.143377
v -2.072000 0.790564 -0.176101
v -2.070100 0.802675 -0.186211
v -2.088300 0.770933 -0.208702
v -2.090000 0.764212 -0.201682
v -2.125300 -0.038821 -0.587896
v -2.129600 -0.002779 -0.577275
v -2.136600 -0.003783 -0.608086
v -2.136500 -0.040183 -0.619429
v -2.141100 0.000589 -0.629768
v -2.138800 -0.034639 -0.647454
v -2.089800 -0.030507 -0.512483
v -2.104700 0.002716 -0.486199
v -2.120100 0.000021 -0.532636
v -2.110900 -0.036376 -0.550891
v -2.078800 0.007708 -0.453352
v -2.061500 -0.015380 -0.479944
v -2.033700 0.009627 -0.455343
v -2.049800 0.024527 -0.434338
v -2.022300 0.048269 -0.417224
v -2.006700 0.031117 -0.430547
v -1.981000 0.040685 -0.393726
v -1.997600 0.063896 -0.382954
v -1.971000 0.076816 -0.333215
v -1.956300 0.049195 -0.342242
v -1.931700 0.059657 -0.286436
v -1.944100 0.091310 -0.279578
v -1.923000 0.106985 -0.228977
v -1.905900 0.078612 -0.238849
v -1.879000 0.102250 -0.202809
v -1.899199 0.123096 -0.187566
v -1.868100 0.138672 -0.162715
v -1.852100 0.121051 -0.176567
v -1.826800 0.128652 -0.152382
v -1.838099 0.145944 -0.141455
v -1.803800 0.127275 -0.128822
v -1.810700 0.145553 -0.119340
v -1.784300 0.140541 -0.096994
v -1.779900 0.121776 -0.106706
v -1.758000 0.132592 -0.074119
v -1.727499 0.122977 -0.050139
v -1.753700 0.114003 -0.085122
v -1.723000 0.104375 -0.062646
v -1.688400 0.113003 -0.025179
v -1.685000 0.094248 -0.038496
v -1.640400 0.104162 -0.002456
v -1.638900 0.083606 -0.014075
v -1.583700 0.097310 0.015375
v -1.518600 0.094187 0.031119
v -1.582400 0.075170 0.008571
v -1.516600 0.075882 0.028948
v -1.957300 0.030409 -0.408150
v -1.932800 0.035137 -0.357088
v -1.905100 0.044666 -0.377867
v -1.929700 0.039339 -0.427262
v -1.884099 0.055191 -0.326565
v -1.909000 0.048335 -0.303526
v -1.884000 0.070395 -0.259364
v -1.860700 0.072430 -0.283887
v -1.836100 0.090688 -0.248361
v -1.858900 0.093134 -0.223376
v -1.834200 0.110174 -0.194432
v -1.811800 0.105456 -0.218248
v -1.788000 0.113546 -0.192131
v -1.810200 0.118211 -0.169120
v -1.787800 0.119083 -0.146330
v -1.765900 0.115522 -0.169377
v -1.764600 0.114751 -0.125347
v -1.743200 0.112563 -0.149616
v -1.738500 0.106496 -0.105796
v -1.707800 0.097320 -0.085897
v -1.717600 0.105353 -0.132508
v -1.687500 0.099722 -0.115007
v -1.671000 0.087239 -0.064249
v -1.625800 0.077241 -0.042294
v -1.651999 0.096447 -0.094964
v -1.608700 0.095252 -0.072796
v -1.570000 0.068647 -0.020359
v -1.506700 0.065350 0.005193
v -1.554900 0.092089 -0.049540
v -1.493299 0.086392 -0.022327
v -1.484300 0.371048 0.218093
v -1.436600 0.390782 0.242085
v -1.439600 0.407373 0.230734
v -1.485200 0.389088 0.204222
v -1.361300 0.339423 0.239884
v -1.371800 0.351673 0.256528
v -1.352200 0.334559 0.220267
v -1.336500 0.347179 0.235730
v -1.337200 0.355841 0.253766
v -1.346200 0.368489 0.268730
v -1.375400 0.392362 0.273330
v -1.394500 0.385741 0.264930
v -1.384000 0.368047 0.264296
v -1.360300 0.382832 0.275278
v -1.490800 0.418126 0.187287
v -1.483400 0.402872 0.191204
v -1.441000 0.421004 0.220311
v -1.441300 0.439756 0.209687
v -1.371100 0.423873 0.260347
v -1.403900 0.421462 0.251892
v -1.400700 0.403491 0.261159
v -1.371600 0.407271 0.271898
v -1.323800 0.401081 0.254407
v -1.343100 0.415969 0.261888
v -1.347000 0.400607 0.276216
v -1.327100 0.385837 0.271847
v -1.318600 0.369341 0.254154
v -1.326600 0.356666 0.229373
v -1.319000 0.382201 0.236374
v -1.326700 0.366997 0.218858
v -1.462300 0.249181 0.058009
v -1.434700 0.274972 0.089768
v -1.479200 0.223863 0.031887
v -1.445600 0.228940 0.025573
v -1.441100 0.263978 0.039641
v -1.419200 0.293121 0.067188
v -1.471900 0.186510 0.031707
v -1.427900 0.190956 0.034471
v -1.459500 0.152771 0.041656
v -1.407300 0.159495 0.056874
v -1.454000 0.129092 0.049187
v -1.397799 0.136600 0.074969
v -1.450400 0.110202 0.051889
v -1.392000 0.115681 0.083262
v -1.446599 0.094459 0.052171
v -1.385800 0.095128 0.083564
v -1.443200 0.081780 0.051430
v -1.380800 0.076917 0.079795
v -1.426700 0.077173 0.011994
v -1.436800 0.066184 0.037196
v -1.368800 0.068264 0.041024
v -1.374700 0.062178 0.064609
v -1.331900 0.063516 0.077709
v -1.336500 0.075662 0.099555
v -1.332300 0.068328 0.053649
v -1.312100 0.080870 0.051577
v -1.306100 0.079882 0.078766
v -1.311400 0.082621 0.100463
v -1.341800 0.099828 0.105976
v -1.347400 0.126446 0.103024
v -1.308700 0.105088 0.099973
v -1.313300 0.131404 0.091894
v -1.299600 0.102958 0.074705
v -1.303400 0.124794 0.066165
v -1.304600 0.101110 0.048052
v -1.305000 0.118010 0.046836
v -1.355100 0.149272 0.089533
v -1.323200 0.153460 0.077858
v -1.345400 0.171778 0.052383
v -1.369699 0.170573 0.064433
v -1.335999 0.075297 0.033822
v -1.324900 0.085593 0.025609
v -1.363600 0.078983 0.015305
v -1.351900 0.093057 -0.006110
v -1.313100 0.143168 0.051712
v -1.333500 0.163542 0.028762
v -1.313800 0.127205 0.030044
v -1.333800 0.144437 0.004306
v -1.316800 0.106016 0.022395
v -1.340000 0.118876 -0.009109
v -1.640800 0.725804 0.198359
v -1.615499 0.710768 0.174541
v -1.588900 0.728561 0.204330
v -1.611500 0.745181 0.226738
v -1.611400 0.733976 0.334467
v -1.597700 0.750967 0.293990
v -1.565100 0.757267 0.321604
v -1.575500 0.742032 0.362886
v -1.510300 0.774284 0.368077
v -1.515100 0.765499 0.413842
v -1.545800 0.752617 0.387445
v -1.538700 0.765079 0.343898
v -1.575600 0.669815 0.189677
v -1.590500 0.695009 0.163102
v -1.568000 0.713225 0.195921
v -1.555400 0.688682 0.219929
v -1.580200 0.750355 0.259896
v -1.563000 0.737347 0.239102
v -1.536700 0.745861 0.269951
v -1.551100 0.756344 0.289396
v -1.526000 0.763329 0.312142
v -1.511199 0.754320 0.293184
v -1.482200 0.762984 0.316329
v -1.497900 0.773408 0.335069
v -1.537300 0.700264 0.254865
v -1.547800 0.722746 0.233540
v -1.526299 0.729418 0.268489
v -1.513800 0.709160 0.286037
v -1.563500 0.643871 0.249665
v -1.537899 0.662413 0.275191
v -1.531400 0.607304 0.294308
v -1.499600 0.628680 0.314189
v -1.501300 0.736487 0.294947
v -1.469500 0.746518 0.315267
v -1.488900 0.717585 0.313275
v -1.455700 0.728473 0.330940
v -1.489400 0.563908 0.294676
v -1.507400 0.580149 0.304741
v -1.472300 0.603292 0.321821
v -1.453600 0.585948 0.313494
v -1.512500 0.673632 0.299186
v -1.485500 0.684040 0.319929
v -1.471500 0.644065 0.330314
v -1.446300 0.658088 0.344056
v -1.458899 0.695956 0.338856
v -1.429399 0.710389 0.352422
v -1.422400 0.673554 0.357080
v -1.397400 0.692160 0.366081
v -1.465800 0.578680 0.240746
v -1.475399 0.566065 0.268057
v -1.438800 0.584506 0.288468
v -1.427800 0.594009 0.262979
v -1.443200 0.620673 0.336360
v -1.418500 0.636122 0.349684
v -1.424000 0.602778 0.330606
v -1.398200 0.617858 0.346813
v -1.374900 0.638439 0.359736
v -1.395700 0.654265 0.361462
v -1.372700 0.676412 0.368166
v -1.352900 0.664978 0.364993
v -1.449900 0.581480 0.220275
v -1.410400 0.588778 0.249651
v -1.428500 0.564025 0.213845
v -1.387600 0.572709 0.243503
v -1.408100 0.596523 0.310807
v -1.396000 0.602275 0.289506
v -1.368400 0.614340 0.314453
v -1.381400 0.609867 0.332723
v -1.357800 0.632451 0.349068
v -1.336400 0.662015 0.355705
v -1.343100 0.633198 0.334587
v -1.317800 0.659498 0.347344
v -1.378100 0.593370 0.280772
v -1.348300 0.605153 0.307104
v -1.353500 0.578229 0.274177
v -1.321900 0.588181 0.301003
v -1.321100 0.623706 0.329024
v -1.293100 0.647872 0.349168
v -1.292099 0.605682 0.323763
v -1.260600 0.629984 0.346720
v -2.243900 0.424012 -0.199629
v -2.246600 0.406615 -0.210462
v -2.239000 0.438378 -0.193480
v -2.257200 0.436603 -0.214519
v -2.261500 0.423720 -0.227193
v -2.266100 0.406452 -0.253946
v -2.254900 0.446670 -0.208522
v -2.235700 0.448812 -0.195475
v -2.233800 0.457619 -0.198766
v -2.252500 0.455767 -0.206488
v -2.269300 0.444479 -0.210453
v -2.272400 0.433776 -0.219292
v -2.266100 0.454622 -0.205753
v -2.277600 0.455772 -0.208290
v -2.281200 0.445635 -0.213090
v -2.285300 0.434439 -0.222059
v -2.231000 0.468418 -0.198436
v -2.226099 0.478560 -0.197142
v -2.239000 0.479138 -0.207025
v -2.247300 0.466343 -0.205769
v -2.220800 0.485185 -0.193950
v -2.223600 0.488778 -0.197145
v -2.261100 0.465457 -0.204318
v -2.256500 0.476884 -0.204452
v -2.270400 0.476361 -0.205785
v -2.273700 0.465656 -0.206010
v -2.239799 0.506703 -0.205614
v -2.239400 0.491916 -0.206278
v -2.225700 0.496618 -0.195886
v -2.227700 0.509408 -0.193636
v -2.254100 0.489961 -0.205391
v -2.253900 0.505827 -0.207769
v -2.267400 0.504551 -0.211650
v -2.268000 0.489185 -0.207539
v -2.227200 0.527106 -0.196508
v -2.240600 0.525833 -0.209004
v -2.225399 0.545055 -0.201970
v -2.240800 0.544627 -0.215217
v -2.308300 0.443752 -0.239144
v -2.313500 0.432789 -0.253809
v -2.303500 0.426250 -0.244775
v -2.298200 0.438400 -0.229841
v -2.308900 0.414075 -0.266122
v -2.317800 0.422112 -0.273365
v -2.297000 0.407395 -0.259801
v -2.290500 0.421497 -0.237139
v -2.299600 0.461867 -0.225163
v -2.303699 0.453333 -0.229970
v -2.293300 0.449102 -0.221001
v -2.289299 0.458535 -0.216143
v -2.294400 0.477564 -0.222944
v -2.296500 0.469449 -0.222917
v -2.286000 0.467314 -0.213826
v -2.283700 0.476798 -0.213272
v -2.293000 0.487599 -0.224962
v -2.282000 0.488519 -0.214991
v -2.281600 0.502023 -0.219811
v -2.292700 0.498813 -0.230016
v -2.315400 0.440402 -0.262379
v -2.320000 0.430917 -0.280063
v -2.310500 0.449708 -0.248513
v -2.308300 0.454849 -0.257628
v -2.312600 0.447170 -0.270198
v -2.317300 0.439394 -0.286279
v -2.306900 0.458121 -0.239907
v -2.304000 0.465351 -0.235077
v -2.302700 0.467561 -0.245466
v -2.305200 0.461693 -0.249615
v -2.301400 0.471541 -0.233012
v -2.299300 0.477965 -0.233238
v -2.298200 0.477809 -0.244266
v -2.300500 0.472576 -0.243870
v -2.296300 0.495391 -0.240033
v -2.297300 0.486009 -0.235472
v -2.294100 0.492775 -0.250102
v -2.295700 0.484531 -0.246177
v -2.298300 0.505753 -0.247641
v -2.294700 0.502068 -0.256571
v -2.294900 0.511124 -0.238412
v -2.301400 0.521496 -0.249626
v -2.303100 0.514663 -0.257838
v -2.297300 0.511501 -0.265436
v -2.310300 0.521030 -0.270789
v -2.302900 0.519395 -0.277095
v -2.312600 0.527145 -0.264021
v -2.325400 0.528149 -0.281191
v -2.319600 0.523543 -0.286369
v -2.311200 0.523154 -0.291701
v -2.348100 0.514546 -0.320953
v -2.338300 0.510822 -0.324075
v -2.330000 0.519996 -0.304507
v -2.338000 0.523655 -0.300286
v -2.328000 0.512875 -0.328363
v -2.320600 0.520575 -0.309281
v -2.341500 0.499398 -0.344577
v -2.330600 0.502192 -0.347819
v -2.352400 0.502640 -0.343486
v -2.351799 0.489736 -0.366077
v -2.340800 0.488415 -0.365754
v -2.330400 0.491198 -0.367094
v -2.337399 0.476288 -0.384493
v -2.333000 0.461075 -0.396702
v -2.324400 0.463278 -0.393267
v -2.328000 0.478866 -0.384042
v -2.348500 0.476199 -0.386402
v -2.343200 0.461073 -0.401811
v -2.329800 0.444220 -0.399690
v -2.328500 0.428825 -0.395081
v -2.337100 0.442432 -0.408510
v -2.334300 0.423860 -0.404386
v -2.322100 0.434476 -0.388941
v -2.322600 0.447787 -0.393872
v -2.333899 0.409607 -0.391897
v -2.329200 0.417478 -0.384325
v -2.336200 0.401446 -0.372240
v -2.331800 0.412088 -0.367510
v -2.323200 0.424902 -0.379383
v -2.325200 0.420739 -0.364701
v -2.332100 0.412307 -0.345560
v -2.325500 0.421697 -0.345112
v -2.335000 0.399969 -0.346983
v -2.329500 0.404125 -0.320395
v -2.329300 0.416216 -0.321591
v -2.324500 0.426268 -0.323909
v -2.322900 0.412209 -0.295881
v -2.324400 0.422560 -0.299884
v -2.321200 0.432124 -0.304133
v -2.292600 0.519551 -0.283196
v -2.280000 0.520113 -0.289374
v -2.277500 0.507684 -0.280685
v -2.288400 0.509443 -0.273069
v -2.300300 0.524790 -0.297415
v -2.287600 0.527054 -0.303593
v -2.309300 0.522981 -0.314450
v -2.316400 0.516244 -0.332874
v -2.303300 0.520030 -0.337661
v -2.296300 0.526020 -0.320182
v -2.318900 0.506513 -0.351474
v -2.306000 0.511245 -0.355304
v -2.318900 0.495719 -0.369033
v -2.306300 0.500868 -0.371437
v -2.317400 0.483370 -0.383979
v -2.314600 0.468030 -0.390586
v -2.303200 0.473544 -0.388961
v -2.305200 0.488291 -0.384193
v -2.313100 0.453848 -0.389611
v -2.313000 0.442001 -0.383993
v -2.301600 0.449489 -0.380150
v -2.301700 0.460197 -0.386836
v -2.314300 0.433372 -0.375182
v -2.316200 0.429601 -0.362079
v -2.305500 0.438757 -0.359341
v -2.303400 0.442046 -0.371069
v -2.313700 0.441018 -0.308923
v -2.315900 0.435428 -0.326379
v -2.310500 0.446991 -0.292847
v -2.300900 0.454094 -0.299544
v -2.303400 0.449408 -0.313641
v -2.305300 0.444482 -0.328754
v -2.316500 0.430805 -0.344980
v -2.305900 0.440095 -0.344537
v -2.282300 0.529207 -0.326707
v -2.273300 0.529048 -0.310288
v -2.289299 0.523757 -0.343153
v -2.268000 0.529351 -0.334312
v -2.274300 0.525117 -0.349284
v -2.259200 0.525609 -0.320006
v -2.292099 0.515494 -0.359463
v -2.277700 0.517507 -0.363052
v -2.292500 0.505248 -0.374386
v -2.277300 0.506040 -0.374240
v -2.291300 0.491791 -0.384088
v -2.289999 0.477521 -0.386725
v -2.275800 0.480946 -0.381917
v -2.277200 0.493436 -0.381388
v -2.288800 0.465407 -0.383426
v -2.289100 0.456355 -0.375942
v -2.276000 0.463968 -0.370789
v -2.275900 0.470630 -0.378513
v -2.291600 0.450204 -0.366685
v -2.294100 0.447654 -0.355615
v -2.281400 0.458002 -0.352706
v -2.279500 0.458862 -0.362272
v -2.294500 0.449444 -0.343390
v -2.282600 0.459039 -0.343029
v -2.293600 0.453401 -0.330537
v -2.280500 0.462601 -0.333705
v -2.301700 0.463680 -0.259616
v -2.303900 0.458298 -0.266943
v -2.299600 0.468462 -0.255731
v -2.296600 0.469005 -0.263312
v -2.296800 0.465996 -0.268396
v -2.297600 0.462036 -0.276040
v -2.250400 0.490382 -0.351415
v -2.266800 0.470786 -0.352059
v -2.270000 0.468886 -0.345258
v -2.265900 0.473210 -0.340398
v -2.261199 0.502402 -0.368543
v -2.264200 0.493844 -0.374652
v -2.261700 0.485371 -0.371942
v -2.297000 0.472925 -0.254969
v -2.293300 0.472345 -0.265621
v -2.294100 0.477693 -0.255993
v -2.289100 0.477494 -0.268025
v -2.250100 0.512868 -0.333372
v -2.256999 0.520158 -0.341561
v -2.258600 0.515327 -0.353162
v -2.263600 0.512481 -0.362745
v -2.264700 0.477109 -0.371123
v -2.263300 0.474575 -0.363758
v -2.268100 0.469081 -0.358870
v -2.291800 0.457381 -0.318083
v -2.279700 0.465124 -0.323741
v -2.289999 0.461085 -0.306047
v -2.277600 0.468804 -0.314711
v -2.267600 0.472937 -0.332300
v -2.263400 0.477772 -0.327610
v -2.254000 0.513917 -0.306765
v -2.247500 0.506225 -0.320838
v -2.251100 0.491656 -0.320087
v -2.260300 0.495382 -0.298132
v -2.306900 0.452563 -0.278497
v -2.299000 0.458050 -0.286691
v -2.290800 0.470369 -0.274652
v -2.289500 0.467588 -0.283629
v -2.284000 0.476527 -0.278900
v -2.280000 0.474785 -0.290220
v -2.277600 0.471909 -0.302710
v -2.289200 0.464407 -0.294333
v -2.291200 0.483922 -0.258033
v -2.284800 0.483841 -0.270358
v -2.289000 0.491326 -0.261306
v -2.281400 0.490905 -0.272950
v -2.279500 0.498267 -0.275525
v -2.287899 0.499733 -0.266324
v -2.277300 0.484042 -0.282367
v -2.269900 0.483427 -0.295826
v -2.272600 0.491347 -0.283943
v -2.272000 0.497002 -0.283012
v -2.267000 0.504323 -0.288294
v -2.265800 0.519482 -0.295722
v -2.264000 0.480825 -0.313007
v -2.277300 0.420523 -0.234191
v -2.283900 0.404754 -0.257451
v -2.315700 0.401182 -0.292319
v -2.324700 0.389421 -0.320753
v -2.305799 0.390718 -0.289825
v -2.316600 0.374012 -0.322756
v -2.332600 0.383490 -0.351251
v -2.325700 0.366212 -0.357270
v -2.336699 0.386398 -0.380432
v -2.332200 0.369676 -0.390825
v -2.337500 0.398609 -0.404260
v -2.336900 0.385097 -0.419875
v -2.340400 0.417512 -0.419182
v -2.343300 0.409294 -0.443102
v -2.345700 0.442139 -0.422350
v -2.352100 0.443683 -0.438488
v -2.357100 0.464117 -0.411049
v -2.373500 0.471739 -0.426631
v -2.353400 0.450783 -0.469126
v -2.354800 0.446343 -0.454861
v -2.375100 0.467855 -0.449296
v -2.374800 0.472118 -0.465675
v -2.346200 0.419040 -0.464170
v -2.344400 0.424072 -0.480003
v -2.362100 0.482163 -0.392464
v -2.374900 0.492965 -0.400748
v -2.361900 0.499195 -0.370233
v -2.370100 0.512059 -0.376092
v -2.359700 0.514912 -0.346074
v -2.365200 0.529157 -0.349850
v -2.354200 0.527594 -0.321392
v -2.358000 0.542943 -0.323500
v -2.342800 0.535770 -0.298476
v -2.344900 0.551232 -0.299075
v -2.326700 0.539354 -0.277531
v -2.324800 0.553442 -0.276908
v -2.283400 0.517281 -0.228936
v -2.269200 0.522940 -0.219490
v -2.275400 0.543218 -0.232229
v -2.291200 0.530718 -0.241173
v -2.256200 0.544143 -0.222358
v -2.255300 0.525502 -0.213631
v -2.307600 0.537900 -0.257783
v -2.300800 0.550467 -0.255145
v -2.220800 0.572389 -0.220607
v -2.223400 0.559322 -0.207847
v -2.240200 0.559024 -0.221588
v -2.240600 0.571180 -0.234200
v -2.255500 0.557675 -0.231083
v -2.272700 0.558118 -0.242076
v -2.258100 0.568928 -0.243648
v -2.272099 0.566805 -0.250183
v -2.219600 0.587472 -0.243866
v -2.245600 0.584872 -0.255939
v -2.219500 0.604211 -0.266328
v -2.250900 0.598963 -0.277653
v -2.268700 0.580341 -0.264117
v -2.286000 0.573071 -0.266545
v -2.278600 0.591121 -0.285725
v -2.307199 0.580249 -0.293372
v -2.294800 0.562344 -0.261262
v -2.318799 0.566640 -0.283349
v -2.341100 0.565470 -0.304453
v -2.334599 0.576677 -0.312814
v -2.352000 0.568054 -0.334955
v -2.355400 0.556000 -0.329248
v -2.364200 0.541944 -0.356114
v -2.364799 0.554732 -0.360676
v -2.378100 0.539525 -0.386707
v -2.373500 0.525786 -0.383003
v -2.385000 0.507695 -0.409403
v -2.389000 0.492777 -0.433515
v -2.387300 0.525832 -0.414654
v -2.389700 0.514698 -0.448662
v -2.389500 0.489630 -0.461947
v -2.388300 0.483140 -0.448603
v -2.379800 0.554223 -0.386249
v -2.384900 0.545929 -0.410574
v -2.379400 0.568524 -0.397834
v -2.378000 0.567936 -0.382643
v -2.377600 0.573750 -0.413556
v -2.384000 0.547143 -0.429636
v -2.369400 0.568438 -0.360375
v -2.371400 0.582083 -0.364186
v -2.355200 0.582534 -0.335911
v -2.357600 0.604732 -0.335215
v -2.370800 0.593958 -0.377115
v -2.358800 0.621777 -0.354353
v -2.355400 0.635423 -0.373589
v -2.367900 0.604275 -0.394242
v -2.306800 0.593319 -0.311340
v -2.306300 0.611175 -0.315205
v -2.334200 0.608438 -0.316366
v -2.333600 0.590069 -0.319143
v -2.345100 0.651738 -0.335673
v -2.342100 0.664897 -0.353435
v -2.343400 0.639055 -0.319185
v -2.331500 0.669606 -0.308885
v -2.333400 0.680335 -0.322782
v -2.331800 0.690254 -0.336527
v -2.324100 0.699843 -0.305214
v -2.328100 0.704519 -0.316661
v -2.317600 0.723787 -0.313832
v -2.327800 0.709026 -0.325212
v -2.326300 0.718705 -0.319438
v -2.313400 0.660031 -0.302733
v -2.308100 0.692875 -0.300813
v -2.294100 0.684615 -0.310311
v -2.290800 0.655381 -0.315726
v -2.291399 0.702564 -0.315773
v -2.301500 0.718150 -0.311657
v -2.325100 0.632194 -0.308066
v -2.299800 0.631869 -0.314496
v -2.281200 0.664081 -0.322330
v -2.286800 0.678334 -0.317690
v -2.278300 0.670426 -0.328069
v -2.285200 0.686983 -0.321693
v -2.267900 0.657339 -0.323525
v -2.265800 0.661824 -0.328272
v -2.270900 0.648773 -0.319218
v -2.252100 0.656440 -0.308152
v -2.252400 0.664854 -0.313269
v -2.251400 0.669696 -0.318997
v -2.129700 0.746940 -0.206097
v -2.112500 0.741283 -0.210435
v -2.113700 0.754851 -0.219759
v -2.137100 0.760544 -0.212615
v -2.116000 0.759388 -0.225404
v -2.148900 0.778954 -0.225963
v -2.161000 0.757174 -0.209806
v -2.159000 0.769681 -0.212982
v -2.167300 0.770482 -0.221550
v -2.164999 0.756203 -0.215473
v -2.174600 0.772067 -0.238386
v -2.174400 0.763021 -0.229298
v -2.165400 0.780737 -0.230767
v -2.170500 0.750381 -0.222124
v -2.149300 0.756096 -0.201655
v -2.136800 0.736884 -0.196868
v -2.156400 0.743952 -0.202966
v -2.149000 0.719491 -0.195781
v -2.118700 0.724264 -0.200310
v -2.128900 0.703483 -0.197819
v -2.160500 0.739176 -0.208655
v -2.165600 0.734675 -0.215629
v -2.163000 0.721629 -0.211784
v -2.158300 0.720439 -0.205142
v -2.167200 0.673176 -0.215718
v -2.156400 0.659945 -0.217292
v -2.141400 0.681125 -0.204334
v -2.156000 0.693792 -0.203394
v -2.177900 0.739573 -0.230869
v -2.183500 0.751162 -0.238907
v -2.193600 0.735543 -0.251039
v -2.186800 0.725100 -0.242033
v -2.184700 0.759250 -0.248752
v -2.195500 0.742844 -0.261130
v -2.174500 0.694611 -0.225984
v -2.171100 0.683861 -0.220302
v -2.162199 0.701858 -0.209433
v -2.166600 0.709853 -0.215978
v -2.171800 0.724208 -0.223353
v -2.179900 0.709988 -0.233700
v -2.211600 0.690847 -0.272984
v -2.197600 0.708799 -0.256208
v -2.204300 0.718033 -0.265084
v -2.217400 0.699224 -0.280909
v -2.206300 0.724201 -0.274641
v -2.219300 0.704829 -0.289396
v -2.195600 0.641486 -0.256236
v -2.191900 0.628737 -0.257482
v -2.173100 0.642662 -0.235231
v -2.180300 0.655405 -0.233885
v -2.235700 0.685521 -0.305250
v -2.234900 0.680192 -0.298049
v -2.231100 0.671914 -0.291821
v -2.280200 0.602043 -0.301214
v -2.277900 0.616503 -0.310386
v -2.250800 0.611090 -0.291469
v -2.246200 0.627641 -0.297013
v -2.200900 0.663352 -0.260167
v -2.196900 0.652861 -0.255471
v -2.183000 0.666985 -0.236614
v -2.185800 0.679074 -0.241217
v -2.217300 0.631160 -0.278376
v -2.218500 0.618018 -0.278042
v -2.212600 0.642454 -0.272807
v -2.221200 0.647296 -0.280238
v -2.274899 0.634077 -0.314567
v -2.251500 0.643330 -0.303208
v -2.205800 0.677426 -0.266156
v -2.226900 0.658968 -0.286267
v -2.190800 0.694403 -0.248134
v -2.243400 0.387173 -0.224020
v -2.231400 0.374355 -0.237791
v -2.255200 0.389587 -0.270458
v -2.244100 0.376316 -0.283354
v -2.213700 0.371515 -0.247473
v -2.194700 0.372518 -0.264644
v -2.226700 0.371175 -0.291368
v -2.209400 0.372155 -0.292713
v -2.277300 0.387549 -0.300729
v -2.292300 0.385304 -0.291444
v -2.301700 0.365653 -0.328854
v -2.285000 0.364164 -0.337656
v -2.310200 0.355087 -0.365733
v -2.291300 0.350046 -0.373741
v -2.319100 0.354997 -0.401900
v -2.299000 0.346321 -0.411122
v -2.328200 0.369670 -0.437004
v -2.308700 0.357710 -0.450024
v -2.334500 0.389115 -0.462913
v -2.316300 0.383949 -0.491063
v -2.339000 0.401907 -0.474387
v -2.335200 0.403869 -0.487394
v -2.264600 0.378573 -0.309968
v -2.250200 0.369697 -0.319202
v -2.269700 0.362394 -0.345072
v -2.251500 0.363114 -0.350539
v -2.229599 0.369242 -0.325138
v -2.205800 0.375075 -0.320390
v -2.227700 0.370371 -0.353020
v -2.199600 0.381905 -0.349842
v -2.272500 0.352275 -0.379321
v -2.251100 0.360020 -0.381573
v -2.275500 0.347940 -0.414834
v -2.250600 0.360836 -0.412678
v -2.248000 0.374314 -0.471892
v -2.251300 0.364671 -0.444008
v -2.280900 0.352171 -0.452952
v -2.279100 0.366170 -0.486793
v -2.178800 0.380080 -0.299763
v -2.166900 0.392485 -0.338906
v -2.132100 0.400794 -0.323394
v -2.149700 0.382902 -0.274355
v -2.120700 0.386474 -0.254913
v -2.099200 0.408271 -0.305628
v -2.068700 0.417051 -0.286182
v -2.092800 0.391490 -0.237892
v -2.066700 0.395647 -0.221621
v -2.042800 0.400374 -0.206520
v -2.040900 0.426706 -0.266285
v -2.016500 0.437512 -0.247222
v -1.963300 0.435739 -0.153466
v -1.954300 0.440728 -0.144560
v -1.973700 0.429723 -0.161931
v -1.945199 0.480152 -0.196948
v -1.935200 0.487589 -0.187098
v -1.926500 0.492356 -0.176101
v -1.944800 0.444972 -0.133193
v -1.933700 0.448342 -0.118872
v -1.916300 0.495285 -0.162807
v -1.903400 0.495097 -0.149295
v -1.886000 0.533166 -0.197356
v -1.862900 0.562600 -0.238208
v -1.846300 0.559254 -0.234096
v -1.871100 0.529751 -0.188640
v -1.898700 0.532058 -0.207538
v -1.877900 0.560953 -0.244314
v -1.918900 0.448788 -0.102518
v -1.887900 0.490932 -0.138019
v -1.870700 0.482715 -0.125978
v -1.900500 0.443856 -0.084975
v -1.855500 0.523952 -0.181967
v -1.838500 0.516392 -0.174295
v -1.829900 0.554452 -0.230771
v -1.811600 0.549321 -0.226964
v -1.881400 0.435978 -0.063298
v -1.852300 0.471417 -0.109209
v -1.832500 0.460748 -0.091200
v -1.860600 0.430185 -0.039596
v -1.819000 0.506724 -0.163140
v -1.789600 0.543439 -0.222299
v -1.766300 0.535589 -0.218250
v -1.798000 0.496722 -0.151404
v -1.835200 0.424672 -0.020685
v -1.810600 0.451405 -0.077021
v -1.790500 0.439816 -0.070687
v -1.813500 0.411263 -0.014056
v -2.021900 0.407314 -0.193292
v -2.003600 0.414941 -0.181527
v -1.995300 0.447272 -0.230825
v -1.976400 0.457495 -0.217205
v -1.987200 0.422455 -0.171271
v -1.959200 0.469185 -0.206404
v -1.908600 0.527033 -0.217548
v -1.919100 0.518386 -0.227269
v -1.899899 0.544669 -0.260492
v -1.889000 0.554462 -0.251505
v -2.033400 0.446731 -0.358674
v -2.002000 0.464673 -0.338292
v -2.018600 0.447327 -0.303746
v -2.048400 0.432339 -0.324956
v -1.993299 0.464247 -0.283023
v -1.975800 0.485045 -0.318370
v -1.970800 0.477654 -0.265611
v -1.951100 0.490613 -0.250830
v -1.952500 0.501100 -0.301705
v -1.932100 0.515563 -0.286936
v -1.933400 0.505105 -0.238263
v -1.914400 0.530959 -0.272713
v -2.157600 0.404060 -0.368981
v -2.118999 0.414446 -0.359860
v -2.193799 0.389489 -0.375042
v -2.189600 0.395969 -0.396801
v -2.154500 0.411962 -0.391058
v -2.114400 0.428419 -0.396707
v -2.225000 0.373738 -0.379769
v -2.222400 0.378432 -0.405239
v -2.220700 0.383385 -0.429992
v -2.216800 0.391386 -0.452063
v -2.183600 0.408124 -0.431651
v -2.188800 0.400601 -0.416063
v -2.161200 0.413571 -0.406591
v -2.152300 0.420526 -0.414198
v -2.082200 0.422167 -0.344583
v -2.069200 0.435679 -0.376950
v -2.104500 0.189169 -0.488524
v -2.122800 0.181698 -0.492667
v -2.110700 0.181761 -0.466318
v -2.094600 0.190798 -0.466692
v -2.095100 0.186489 -0.432385
v -2.080300 0.196258 -0.438425
v -2.075100 0.190403 -0.393089
v -2.052299 0.193699 -0.355232
v -2.041100 0.203883 -0.368361
v -2.062100 0.200716 -0.403305
v -2.029400 0.197639 -0.324951
v -2.006200 0.202299 -0.300137
v -1.996300 0.212311 -0.317182
v -2.019000 0.207440 -0.340105
v -1.982900 0.209119 -0.278001
v -1.954100 0.223637 -0.257319
v -1.972900 0.218584 -0.297682
v -1.941900 0.232325 -0.280852
v -2.106600 0.196435 -0.515145
v -2.126800 0.192567 -0.524387
v -2.128300 0.186377 -0.511025
v -2.108300 0.191982 -0.504086
v -2.085800 0.190482 -0.510985
v -2.088600 0.189441 -0.500028
v -2.069200 0.182684 -0.494112
v -2.087300 0.191108 -0.485706
v -2.073600 0.187897 -0.483890
v -2.063000 0.180312 -0.508375
v -2.078600 0.193951 -0.467509
v -2.063500 0.188448 -0.471036
v -2.064600 0.197882 -0.443939
v -2.048200 0.190962 -0.450655
v -2.013500 0.199457 -0.393762
v -2.031500 0.195459 -0.423045
v -2.047400 0.201082 -0.413000
v -2.027800 0.203919 -0.380980
v -1.973900 0.210080 -0.347564
v -1.994400 0.204805 -0.368707
v -2.007100 0.207681 -0.354515
v -1.985500 0.213421 -0.332743
v -1.952300 0.218301 -0.330555
v -1.962600 0.219171 -0.314577
v -1.932700 0.233663 -0.300307
v -1.925500 0.233814 -0.318329
v -2.048000 0.179130 -0.481297
v -2.036200 0.179752 -0.498791
v -2.028200 0.183447 -0.462614
v -2.004700 0.193230 -0.480874
v -1.981900 0.201442 -0.424298
v -1.994900 0.195262 -0.448801
v -2.012100 0.189535 -0.436514
v -1.996800 0.196416 -0.408565
v -1.966600 0.218132 -0.454476
v -1.982900 0.207276 -0.465829
v -1.984000 0.203622 -0.453020
v -1.971900 0.209864 -0.438130
v -1.950100 0.215886 -0.383486
v -1.966900 0.207763 -0.402192
v -1.980100 0.203918 -0.384386
v -1.961400 0.210238 -0.363982
v -1.934400 0.240138 -0.431653
v -1.950700 0.228800 -0.443334
v -1.957600 0.217057 -0.422384
v -1.941600 0.226570 -0.406902
v -1.941700 0.220743 -0.348343
v -1.932300 0.227847 -0.368763
v -1.918700 0.237119 -0.337168
v -1.912400 0.244622 -0.357565
v -1.918100 0.254101 -0.418616
v -1.925000 0.239688 -0.393114
v -1.906400 0.256164 -0.380230
v -1.899000 0.269080 -0.404117
v -1.881200 0.272306 -0.368468
v -1.873900 0.282674 -0.388197
v -1.886900 0.264068 -0.349216
v -1.866199 0.277141 -0.344946
v -1.855600 0.285511 -0.356177
v -1.847300 0.294489 -0.372681
v -1.889200 0.259819 -0.310799
v -1.888800 0.260358 -0.330300
v -1.858000 0.280817 -0.330707
v -1.850600 0.284700 -0.311448
v -1.836200 0.294565 -0.341423
v -1.824100 0.304718 -0.359161
v -1.820400 0.301666 -0.324080
v -1.802900 0.315087 -0.346334
v -1.890000 0.260796 -0.289806
v -1.843800 0.288795 -0.288971
v -1.896200 0.258797 -0.265882
v -1.838300 0.293618 -0.251526
v -1.912700 0.248807 -0.237216
v -1.871000 0.275142 -0.209632
v -1.805200 0.309224 -0.304305
v -1.781900 0.326619 -0.332839
v -1.788400 0.321043 -0.278571
v -1.759300 0.343373 -0.316132
v -1.844100 0.297908 -0.165529
v -1.829100 0.323799 -0.116635
v -1.800500 0.348018 -0.157391
v -1.813600 0.320396 -0.202379
v -1.717800 0.404943 -0.269260
v -1.736300 0.371192 -0.293370
v -1.769300 0.342619 -0.243252
v -1.754000 0.372175 -0.207367
v -1.815800 0.352107 -0.074812
v -1.803100 0.374415 -0.043457
v -1.776600 0.399195 -0.093796
v -1.786700 0.375038 -0.120952
v -1.802500 0.394330 -0.022559
v -1.776500 0.421387 -0.075871
v -1.741800 0.402423 -0.178152
v -1.731800 0.429197 -0.154650
v -1.693300 0.467438 -0.227943
v -1.704400 0.438111 -0.247187
v -1.776100 0.487559 -0.142023
v -1.743500 0.526383 -0.214982
v -1.721200 0.514956 -0.213145
v -1.754100 0.476610 -0.136352
v -1.733900 0.456103 -0.138552
v -1.699000 0.495935 -0.215058
v -1.507500 0.429260 0.188739
v -1.466600 0.452582 0.197615
v -1.480200 0.508322 0.184846
v -1.445000 0.527772 0.186283
v -1.457700 0.487813 0.174131
v -1.419800 0.506984 0.170042
v -1.399800 0.543697 0.203442
v -1.356400 0.550192 0.234574
v -1.373900 0.516564 0.192940
v -1.329400 0.520634 0.226134
v -1.320700 0.555611 0.263539
v -1.288000 0.564752 0.288816
v -1.292000 0.525853 0.253385
v -1.257200 0.534294 0.276918
v -1.256100 0.579294 0.312504
v -1.221500 0.602347 0.339696
v -1.222000 0.546106 0.301048
v -1.183800 0.567334 0.330337
v -1.405000 0.432930 0.235633
v -1.373400 0.431034 0.237225
v -1.378500 0.429160 0.202457
v -1.403700 0.438345 0.206399
v -1.348500 0.420611 0.237317
v -1.333100 0.405446 0.229419
v -1.345100 0.404174 0.204903
v -1.357900 0.416729 0.204335
v -1.438800 0.467563 0.169241
v -1.403400 0.484088 0.155582
v -1.419000 0.449917 0.167809
v -1.393700 0.461556 0.136635
v -1.360300 0.488924 0.179104
v -1.353700 0.461189 0.161756
v -1.310200 0.461708 0.199150
v -1.315800 0.491721 0.213526
v -1.275500 0.495918 0.241118
v -1.265800 0.465706 0.226730
v -1.222700 0.469714 0.252408
v -1.236700 0.502116 0.265321
v -1.196900 0.510787 0.290069
v -1.154700 0.527844 0.318713
v -1.178900 0.475455 0.277586
v -1.133300 0.488277 0.301575
v -1.103800 0.425086 0.222453
v -1.117900 0.455940 0.272138
v -1.163200 0.447001 0.253685
v -1.147900 0.422763 0.212501
v -1.209200 0.440422 0.232565
v -1.193600 0.414130 0.195668
v -1.301700 0.434647 0.177134
v -1.255000 0.437218 0.206834
v -1.241000 0.408021 0.173374
v -1.289500 0.407182 0.143173
v -1.344800 0.343519 0.200657
v -1.341100 0.362730 0.194166
v -1.368900 0.324315 0.165877
v -1.368200 0.355091 0.148343
v -1.333200 0.384710 0.208874
v -1.351799 0.387447 0.180886
v -1.399100 0.298898 0.127729
v -1.394700 0.323340 0.102011
v -1.370200 0.400717 0.161227
v -1.386600 0.418183 0.152030
v -1.385300 0.376765 0.115151
v -1.391000 0.404411 0.084311
v -1.400100 0.435427 0.158648
v -1.388200 0.439757 0.117130
v -1.347400 0.435901 0.138541
v -1.339600 0.410473 0.105702
v -1.397799 0.346126 0.073793
v -1.400700 0.363490 0.044055
v -1.414000 0.311632 0.041825
v -1.414299 0.330983 0.014107
v -1.427200 0.234324 0.008858
v -1.399800 0.193601 0.026913
v -1.385000 0.194050 0.017523
v -1.414900 0.244415 -0.016396
v -1.428400 0.275926 0.018602
v -1.423800 0.292430 -0.006678
v -1.369699 0.190912 -0.004197
v -1.406200 0.224151 -0.045027
v -1.369900 0.170708 -0.030421
v -1.412199 0.200953 -0.068020
v -1.381600 0.142162 -0.047615
v -1.429700 0.172860 -0.084387
v -1.398900 0.110816 -0.047745
v -1.463099 0.140424 -0.094998
v -1.415400 0.092218 -0.019181
v -1.478300 0.108753 -0.055278
v -1.538400 0.116182 -0.082992
v -1.591300 0.117636 -0.106146
v -1.525800 0.139539 -0.122696
v -1.574900 0.139443 -0.143337
v -1.632699 0.116606 -0.127944
v -1.665300 0.115636 -0.147333
v -1.642500 0.134472 -0.181693
v -1.612800 0.137216 -0.163502
v -1.692100 0.115212 -0.164086
v -1.715300 0.115365 -0.180405
v -1.687100 0.129951 -0.212309
v -1.666300 0.132447 -0.196736
v -1.736900 0.114183 -0.199607
v -1.707700 0.126168 -0.231562
v -1.758500 0.110493 -0.222161
v -1.729400 0.120687 -0.254321
v -1.782200 0.102233 -0.248788
v -1.753600 0.112920 -0.280819
v -1.806600 0.090671 -0.278914
v -1.779800 0.104511 -0.310059
v -1.833100 0.080857 -0.313245
v -1.808200 0.099303 -0.340916
v -1.858800 0.074765 -0.352968
v -1.836400 0.102291 -0.374899
v -1.372200 0.369102 -0.041664
v -1.373300 0.386244 0.024950
v -1.395500 0.371037 0.014345
v -1.409500 0.355128 -0.018539
v -1.253400 0.346244 0.028923
v -1.271500 0.377396 0.090646
v -1.325100 0.387687 0.053383
v -1.307800 0.363154 -0.006751
v -1.161400 0.339526 0.075310
v -1.174700 0.386626 0.136663
v -1.222000 0.377065 0.118574
v -1.205700 0.338878 0.055539
v -1.089900 0.381487 0.164611
v -1.130700 0.393315 0.152480
v -1.119300 0.339433 0.094036
v -1.079000 0.328621 0.105926
v -1.427299 0.321543 -0.042039
v -1.435800 0.282214 -0.064973
v -1.447900 0.307230 -0.109089
v -1.418600 0.343036 -0.085860
v -1.440500 0.254912 -0.086303
v -1.460999 0.277805 -0.124933
v -1.449400 0.231575 -0.103493
v -1.471700 0.254934 -0.136387
v -1.467000 0.207411 -0.118529
v -1.489100 0.235205 -0.148458
v -1.494400 0.187751 -0.133502
v -1.513100 0.221389 -0.160585
v -1.530100 0.176963 -0.152864
v -1.539100 0.211177 -0.176107
v -1.566700 0.171071 -0.173744
v -1.565700 0.205064 -0.193193
v -1.598100 0.168222 -0.191841
v -1.590900 0.202850 -0.210151
v -1.624600 0.166478 -0.208270
v -1.612700 0.199296 -0.228189
v -1.649199 0.186241 -0.263612
v -1.631500 0.193599 -0.245551
v -1.647000 0.164229 -0.222927
v -1.667300 0.160459 -0.238974
v -1.686700 0.165790 -0.306177
v -1.666900 0.177202 -0.283773
v -1.687300 0.153793 -0.258596
v -1.708000 0.144212 -0.281494
v -1.738700 0.140415 -0.355342
v -1.710600 0.152092 -0.330618
v -1.731000 0.132611 -0.307516
v -1.756999 0.122483 -0.334753
v -1.791000 0.125368 -0.394386
v -1.768100 0.129883 -0.379097
v -1.785300 0.115450 -0.361809
v -1.811800 0.117935 -0.388911
v -1.723200 0.151676 -0.374918
v -1.757600 0.139454 -0.397169
v -1.751000 0.147733 -0.415417
v -1.712700 0.161646 -0.394670
v -1.793600 0.132172 -0.413121
v -1.791000 0.140955 -0.433143
v -1.619699 0.199171 -0.296313
v -1.632200 0.197678 -0.284480
v -1.645800 0.190089 -0.305458
v -1.622600 0.194700 -0.315807
v -1.663599 0.180797 -0.328139
v -1.631299 0.193555 -0.349331
v -1.690900 0.167335 -0.351464
v -1.675700 0.177239 -0.373524
v -1.586400 0.213497 -0.270633
v -1.599600 0.213675 -0.249687
v -1.616800 0.205647 -0.266584
v -1.605100 0.205399 -0.286332
v -1.600200 0.206054 -0.307831
v -1.596500 0.211326 -0.327757
v -1.571800 0.226865 -0.310822
v -1.578300 0.218704 -0.291164
v -1.544000 0.223121 -0.239919
v -1.556600 0.219559 -0.216687
v -1.579300 0.218185 -0.232595
v -1.566100 0.219686 -0.254845
v -1.556000 0.227729 -0.275912
v -1.547700 0.237751 -0.296562
v -1.522799 0.243763 -0.284591
v -1.532600 0.232637 -0.262202
v -1.497500 0.230959 -0.212916
v -1.509099 0.228625 -0.188410
v -1.533100 0.222613 -0.202084
v -1.521200 0.226221 -0.226115
v -1.508500 0.235431 -0.250018
v -1.483900 0.238859 -0.238398
v -1.497300 0.246468 -0.274316
v -1.471500 0.249090 -0.264346
v -1.484700 0.238789 -0.175495
v -1.472400 0.238809 -0.199836
v -1.448900 0.249847 -0.188172
v -1.463600 0.254031 -0.163786
v -1.458300 0.244389 -0.226756
v -1.433700 0.251469 -0.215924
v -1.445500 0.253176 -0.253689
v -1.420600 0.257789 -0.243502
v -1.448200 0.273325 -0.154544
v -1.428800 0.261724 -0.178863
v -1.406100 0.276233 -0.168298
v -1.429399 0.297810 -0.143297
v -1.411200 0.257263 -0.207071
v -1.386600 0.263879 -0.196868
v -1.397400 0.261192 -0.234889
v -1.372100 0.264778 -0.225965
v -1.332400 0.302959 -0.130274
v -1.348200 0.339545 -0.092976
v -1.395200 0.324601 -0.121797
v -1.373700 0.292652 -0.151011
v -1.355700 0.271970 -0.182772
v -1.341100 0.269732 -0.214757
v -1.305400 0.276889 -0.201817
v -1.318200 0.279063 -0.167031
v -1.293500 0.331518 -0.061891
v -1.283300 0.299010 -0.108968
v -1.234300 0.283849 -0.087817
v -1.242200 0.311528 -0.031806
v -1.273600 0.278523 -0.150935
v -1.262600 0.281763 -0.187508
v -1.215600 0.280934 -0.175035
v -1.226099 0.272416 -0.135565
v -1.196100 0.299804 -0.009452
v -1.187900 0.275828 -0.072258
v -1.144400 0.266068 -0.057803
v -1.153900 0.291167 0.009777
v -1.180099 0.268169 -0.122891
v -1.169800 0.278583 -0.163954
v -1.123800 0.275292 -0.153929
v -1.134900 0.263294 -0.111456
v -1.112600 0.282953 0.028630
v -1.100800 0.256214 -0.043454
v -1.058600 0.248257 -0.028993
v -1.071800 0.273488 0.044905
v -1.088700 0.256610 -0.099927
v -1.076200 0.269940 -0.144625
v -1.044200 0.249297 -0.087933
v -1.029700 0.263560 -0.136584
v -1.248600 1.071834 0.255947
v -1.243800 1.078959 0.247148
v -1.256000 1.058118 0.260956
v -1.217100 1.050247 0.270513
v -1.210400 1.067222 0.267999
v -1.205500 1.077302 0.258371
v -1.016200 1.011026 0.316002
v -1.009900 1.022790 0.306672
v -1.060000 1.040786 0.300412
v -1.004900 1.031600 0.294766
v -1.055600 1.050871 0.290683
v -1.111000 1.066195 0.282163
v -1.115700 1.052985 0.290506
v -1.065000 1.026002 0.306559
v -1.121100 1.035070 0.293667
v -1.142700 0.948755 0.293129
v -1.201400 0.952523 0.274918
v -1.200400 0.932446 0.289371
v -1.144300 0.928318 0.305157
v -1.246600 0.934236 0.286170
v -1.259900 0.957467 0.270900
v -1.243800 0.910800 0.303232
v -1.200700 0.907772 0.308765
v -1.146800 0.902486 0.322079
v -1.166500 1.061196 0.280268
v -1.161400 1.073694 0.270381
v -1.172700 1.042441 0.282377
v -1.226500 1.027943 0.266504
v -1.180700 1.020671 0.277799
v -1.189300 0.997621 0.272846
v -1.237100 1.003730 0.262585
v -1.134100 0.993000 0.290206
v -1.127600 1.014705 0.292476
v -1.246800 0.981551 0.263292
v -1.197000 0.975259 0.271539
v -1.139500 0.971161 0.290232
v -1.190900 0.704954 0.392272
v -1.223400 0.662162 0.372041
v -1.179900 0.639008 0.372291
v -1.142800 0.689965 0.400211
v -1.138700 0.605640 0.367335
v -1.086500 0.663519 0.405377
v -1.278100 0.932039 0.301468
v -1.272700 0.912396 0.313643
v -1.292500 0.946271 0.296189
v -1.295800 0.932197 0.329625
v -1.310800 0.944991 0.328370
v -1.288500 0.914876 0.336326
v -1.442800 0.777669 0.342731
v -1.429100 0.762856 0.333952
v -1.386700 0.782154 0.356817
v -1.394900 0.798085 0.370469
v -1.415900 0.745113 0.342731
v -1.374700 0.768548 0.356522
v -1.460700 0.790930 0.364342
v -1.473100 0.787579 0.401109
v -1.424000 0.808571 0.396726
v -1.435100 0.805479 0.435912
v -1.476900 0.782124 0.448171
v -1.436300 0.802655 0.484230
v -1.399400 0.828393 0.515184
v -1.395600 0.836981 0.570480
v -1.404000 0.827998 0.465377
v -1.378700 0.851167 0.488869
v -1.372700 0.854208 0.534524
v -1.356500 0.873915 0.596680
v -1.394300 0.827637 0.426990
v -1.371800 0.829108 0.401833
v -1.351400 0.854304 0.430051
v -1.369600 0.850590 0.454176
v -1.344900 0.845715 0.386776
v -1.333200 0.868350 0.414244
v -1.349600 0.826592 0.364322
v -1.317800 0.857441 0.354105
v -1.320500 0.870621 0.377113
v -1.318600 0.888012 0.403473
v -1.295500 0.887779 0.345761
v -1.304600 0.896643 0.368918
v -1.299500 0.920441 0.362796
v -1.309900 0.908949 0.394880
v -1.309700 0.928425 0.389006
v -1.325000 0.949261 0.359872
v -1.307600 0.937264 0.359472
v -1.319800 0.941449 0.387263
v -1.338000 0.949883 0.390361
v -1.365800 0.971754 0.429203
v -1.363000 0.957027 0.398391
v -1.357600 1.001740 0.450890
v -1.333200 0.981013 0.442165
v -1.343200 0.958679 0.419824
v -1.318099 0.946708 0.427539
v -1.318300 0.937225 0.411558
v -1.329200 0.947760 0.412975
v -1.322800 0.961050 0.434087
v -1.263900 0.715229 0.372438
v -1.289100 0.686216 0.359824
v -1.260200 0.676940 0.367696
v -1.231500 0.712150 0.382275
v -1.062100 0.793858 0.387953
v -1.114200 0.808009 0.385775
v -1.121300 0.756183 0.408690
v -1.072300 0.739252 0.403593
v -1.173300 0.761029 0.396051
v -1.173000 0.821876 0.378171
v -1.046500 0.877041 0.351244
v -1.093500 0.888464 0.339190
v -1.102700 0.851589 0.359973
v -1.052800 0.838285 0.366508
v -1.155200 0.867609 0.348088
v -1.240600 0.773894 0.376468
v -1.247300 0.748914 0.377112
v -1.214800 0.756005 0.386041
v -1.216400 0.792445 0.379556
v -1.253100 0.876597 0.324572
v -1.209800 0.872455 0.333746
v -1.225000 0.835562 0.356533
v -1.277900 0.832857 0.344554
v -1.342400 0.812547 0.352683
v -1.305200 0.846196 0.340826
v -1.329600 0.797902 0.353029
v -1.280700 0.881902 0.329791
v -1.395500 0.730457 0.360406
v -1.358900 0.754052 0.362887
v -1.369800 0.715703 0.369461
v -1.341700 0.739761 0.367461
v -1.348400 0.702761 0.369806
v -1.326600 0.727794 0.368264
v -1.329800 0.693863 0.364378
v -1.308700 0.721856 0.365313
v -1.311500 0.690848 0.357690
v -1.288599 0.718016 0.365890
v -1.314800 0.760635 0.363372
v -1.311200 0.746208 0.365133
v -1.294400 0.747922 0.364933
v -1.287600 0.772908 0.362487
v -1.273400 0.747566 0.369320
v -1.260000 0.777003 0.369538
v -1.243000 0.804995 0.367067
v -1.281900 0.799237 0.357615
v -1.320800 0.779701 0.359378
v -1.494500 0.934600 0.694687
v -1.491500 0.989669 0.710528
v -1.459700 0.962452 0.727168
v -1.461600 1.015548 0.742492
v -1.486400 1.044497 0.706520
v -1.470100 1.086503 0.683632
v -1.461800 1.071186 0.738331
v -1.451700 1.116194 0.717222
v -1.393500 1.141581 0.658202
v -1.403900 1.102223 0.620341
v -1.442400 1.104812 0.649743
v -1.429399 1.138773 0.685685
v -1.329500 1.144521 0.619909
v -1.340400 1.104696 0.574608
v -1.371800 1.104686 0.595343
v -1.361100 1.143816 0.637097
v -1.311300 0.942337 0.437200
v -1.304300 0.933123 0.450886
v -1.312600 0.908157 0.427289
v -1.312600 0.923673 0.417177
v -1.309100 0.905947 0.483956
v -1.330200 0.878496 0.456608
v -1.318000 0.891396 0.439832
v -1.302100 0.919117 0.465994
v -1.291500 1.010599 0.511810
v -1.315900 0.995769 0.470775
v -1.340200 1.024946 0.480594
v -1.320199 1.050997 0.518178
v -1.309900 0.967083 0.455976
v -1.296700 0.965124 0.477498
v -1.264100 1.110433 0.622124
v -1.274899 1.061474 0.568576
v -1.303500 1.088279 0.564132
v -1.292900 1.132709 0.614611
v -1.347300 0.873912 0.478478
v -1.359200 0.871626 0.505591
v -1.324900 0.899360 0.504106
v -1.339400 0.894455 0.529764
v -1.287500 0.954039 0.495783
v -1.288100 0.939706 0.514779
v -1.273499 0.994635 0.533015
v -1.269300 0.978822 0.551624
v -1.258500 1.039916 0.580939
v -1.253600 1.021901 0.597816
v -1.247300 1.088793 0.634181
v -1.242400 1.068093 0.648999
v -1.359800 0.870733 0.536291
v -1.344600 0.887644 0.564025
v -1.301500 0.931063 0.534107
v -1.280400 0.968019 0.570225
v -1.316400 0.924895 0.559090
v -1.294700 0.960605 0.594234
v -1.264400 1.008413 0.614357
v -1.277700 0.998726 0.636129
v -1.254400 1.052078 0.662487
v -1.266800 1.040294 0.680731
v -1.383200 0.919627 0.698921
v -1.397700 0.947830 0.727115
v -1.421100 0.910009 0.700663
v -1.412800 0.881992 0.667572
v -1.427400 0.944002 0.729195
v -1.410000 0.964719 0.744930
v -1.403200 0.857794 0.622283
v -1.368900 0.894554 0.654883
v -1.323400 0.916946 0.595689
v -1.328400 0.914197 0.641005
v -1.301700 0.953238 0.631167
v -1.308700 0.952004 0.676272
v -1.283700 0.990511 0.670408
v -1.295300 0.992130 0.711272
v -1.274500 1.033664 0.710194
v -1.290400 1.038544 0.743235
v -1.430700 0.991893 0.753030
v -1.431800 1.045483 0.768483
v -1.407700 1.003708 0.770249
v -1.407700 1.069001 0.799709
v -1.344400 0.931185 0.687977
v -1.364200 0.957890 0.729806
v -1.327900 0.969044 0.720641
v -1.352800 0.998448 0.757420
v -1.385499 0.989269 0.756783
v -1.378800 1.033661 0.782217
v -1.317500 1.010043 0.750985
v -1.345500 1.041482 0.780370
v -1.313800 1.056907 0.775261
v -1.340500 1.086082 0.798804
v -1.371300 1.077011 0.799776
v -1.391800 1.116525 0.816109
v -1.362900 1.118380 0.815216
v -1.380300 1.153649 0.832203
v -1.437200 1.102267 0.768697
v -1.435900 1.151017 0.752113
v -1.423600 1.135686 0.800200
v -1.425100 1.186656 0.785049
v -1.420600 1.177685 0.724322
v -1.412100 1.214875 0.761555
v -1.387800 1.226282 0.737780
v -1.390800 1.186142 0.697870
v -1.409000 1.167451 0.822292
v -1.413100 1.215928 0.812103
v -1.396300 1.198833 0.842357
v -1.399700 1.242591 0.835799
v -1.358800 1.187815 0.679536
v -1.358900 1.228595 0.720486
v -1.328900 1.228620 0.708066
v -1.327300 1.188144 0.665332
v -1.402700 1.244530 0.792338
v -1.381900 1.257294 0.771046
v -1.391900 1.269144 0.818519
v -1.374500 1.281521 0.798707
v -1.292000 1.179066 0.664701
v -1.296600 1.220224 0.711181
v -1.271399 1.203939 0.724153
v -1.264200 1.160308 0.675425
v -1.329200 1.284055 0.775916
v -1.329500 1.260167 0.744168
v -1.357000 1.261286 0.754151
v -1.353500 1.286442 0.783068
v -1.252100 1.162802 0.749296
v -1.241500 1.118120 0.701407
v -1.247500 1.139737 0.688046
v -1.256299 1.184719 0.737655
v -1.268100 1.121345 0.750779
v -1.265200 1.087399 0.723152
v -1.254000 1.099879 0.710158
v -1.261300 1.141564 0.752763
v -1.301600 1.251255 0.749257
v -1.305700 1.275138 0.781105
v -1.286700 1.261888 0.793553
v -1.279600 1.236662 0.762428
v -1.275800 1.084437 0.746418
v -1.293500 1.092097 0.771308
v -1.279400 1.132581 0.772772
v -1.296300 1.142383 0.793580
v -1.266400 1.218235 0.777779
v -1.276600 1.243573 0.810413
v -1.286800 1.215862 0.823518
v -1.266500 1.193758 0.788669
v -1.275300 1.167278 0.785819
v -1.291800 1.179501 0.808070
v -1.314600 1.107444 0.794944
v -1.336400 1.130447 0.814419
v -1.313100 1.151292 0.810829
v -1.327300 1.168839 0.827682
v -1.353899 1.158710 0.831297
v -1.367599 1.190422 0.850881
v -1.340400 1.194054 0.845283
v -1.350500 1.223511 0.865737
v -1.305799 1.179834 0.819509
v -1.310300 1.198184 0.832903
v -1.318200 1.222038 0.851526
v -1.326700 1.248776 0.872222
v -1.296800 1.245009 0.849263
v -1.305000 1.268611 0.870476
v -1.285300 1.265739 0.837352
v -1.292500 1.282393 0.821497
v -1.298500 1.299572 0.846342
v -1.293800 1.285731 0.860358
v -1.303600 1.303702 0.880240
v -1.313900 1.290475 0.888883
v -1.306300 1.314725 0.868163
v -1.312800 1.323245 0.881783
v -1.315200 1.317759 0.895086
v -1.321800 1.304302 0.899108
v -1.308300 1.294474 0.810183
v -1.328000 1.302799 0.804859
v -1.311300 1.310168 0.836443
v -1.327800 1.317583 0.831267
v -1.348600 1.304750 0.809180
v -1.346100 1.318159 0.833404
v -1.366100 1.300785 0.822171
v -1.360300 1.312400 0.837675
v -1.334700 1.276835 0.890891
v -1.339700 1.304326 0.900411
v -1.364400 1.301243 0.884604
v -1.360600 1.258687 0.884321
v -1.381600 1.231039 0.865475
v -1.384500 1.270810 0.860287
v -1.379200 1.292389 0.842416
v -1.365900 1.312337 0.857606
v -1.349400 1.326213 0.858417
v -1.348800 1.327849 0.881852
v -1.335200 1.333136 0.871944
v -1.331200 1.328356 0.856038
v -1.333899 1.326392 0.898195
v -1.323500 1.331383 0.879655
v -1.316700 1.323125 0.859839
v -1.622300 0.957481 0.200380
v -1.604700 0.961639 0.216651
v -1.589200 0.983419 0.186771
v -1.613800 0.982504 0.173294
v -1.613900 1.008820 0.165216
v -1.589600 1.010411 0.177430
v -1.565200 1.009416 0.187589
v -1.541300 1.007247 0.197279
v -1.565500 0.987872 0.189435
v -1.544000 0.984381 0.197745
v -1.617500 0.921758 0.304273
v -1.599500 0.924295 0.320849
v -1.583600 0.939045 0.284448
v -1.600900 0.938979 0.266714
v -1.588400 0.957770 0.236559
v -1.571900 0.951172 0.256909
v -1.561500 0.958139 0.233675
v -1.576600 0.968931 0.213571
v -1.565500 0.975069 0.202811
v -1.550800 0.967445 0.213284
v -1.579700 0.928823 0.337642
v -1.558500 0.936428 0.353212
v -1.543500 0.947565 0.316900
v -1.564400 0.941558 0.301423
v -1.517100 1.004237 0.205918
v -1.521600 0.980421 0.207230
v -1.497400 0.977864 0.216697
v -1.491899 1.002485 0.213629
v -1.552800 0.947449 0.274321
v -1.531300 0.946662 0.289501
v -1.520600 0.947200 0.264890
v -1.542700 0.951440 0.250613
v -1.531300 0.960949 0.225025
v -1.508100 0.955974 0.236454
v -1.535700 0.946597 0.366027
v -1.520100 0.954540 0.329529
v -1.509799 0.958234 0.376024
v -1.492900 0.956294 0.340650
v -1.465200 1.003844 0.221221
v -1.470600 0.977673 0.225101
v -1.441600 0.979585 0.233527
v -1.436900 1.007324 0.230239
v -1.506900 0.945006 0.302426
v -1.495100 0.942013 0.276507
v -1.479700 0.940130 0.313861
v -1.466500 0.935662 0.285753
v -1.481300 0.951350 0.245299
v -1.451300 0.947535 0.252288
v -1.479200 0.966410 0.383513
v -1.461900 0.954208 0.350645
v -1.445899 0.967568 0.385985
v -1.429200 0.953158 0.354891
v -1.447999 0.936217 0.324251
v -1.434100 0.933757 0.294356
v -1.416100 0.938474 0.328490
v -1.404600 0.939614 0.300408
v -1.361300 0.954906 0.333557
v -1.379400 0.959665 0.372100
v -1.350000 0.955604 0.364450
v -1.333100 0.954535 0.331332
v -1.412199 0.964671 0.380707
v -1.396700 0.952352 0.349836
v -1.387800 0.944626 0.324341
v -1.381900 0.948381 0.301221
v -1.365200 0.953859 0.312059
v -1.367500 0.955310 0.299222
v -1.407200 1.011562 0.241706
v -1.411900 0.984334 0.244823
v -1.385200 0.989071 0.256319
v -1.378800 1.013627 0.252645
v -1.419700 0.949829 0.261037
v -1.392600 0.956985 0.270571
v -1.315200 0.957035 0.297119
v -1.297300 0.971918 0.272145
v -1.322700 0.980257 0.273434
v -1.337600 0.962873 0.296659
v -1.266200 1.036185 0.259173
v -1.277200 1.011856 0.258953
v -1.301300 1.044874 0.256175
v -1.314800 1.018362 0.259033
v -1.348600 0.965371 0.289893
v -1.358300 0.967013 0.282376
v -1.337399 0.983850 0.271941
v -1.348500 0.987848 0.268669
v -1.313600 0.997741 0.263938
v -1.286000 0.990806 0.262631
v -1.329000 0.997571 0.265130
v -1.336600 1.004611 0.262937
v -1.354300 1.010717 0.259587
v -1.343500 1.030400 0.257032
v -1.364500 0.990025 0.263988
v -1.333300 1.053893 0.254398
v -1.373400 0.964022 0.276992
v -2.117500 -0.056510 -0.624591
v -2.108500 -0.056418 -0.597039
v -2.116400 -0.049666 -0.647430
v -2.090900 -0.049398 -0.638299
v -2.092900 -0.055475 -0.620023
v -2.091100 -0.056155 -0.601531
v -2.091500 -0.050693 -0.568155
v -2.074400 -0.048557 -0.585861
v -2.050300 -0.030842 -0.559883
v -2.067700 -0.038268 -0.537378
v -2.067400 -0.044664 -0.604465
v -2.062600 -0.038693 -0.622648
v -2.035800 -0.013569 -0.600043
v -2.041800 -0.022523 -0.580533
v -2.040400 -0.015161 -0.505976
v -2.013400 0.010906 -0.475503
v -2.023300 -0.004000 -0.528964
v -1.994100 0.022208 -0.495778
v -1.985600 0.026678 -0.445432
v -1.961200 0.034563 -0.463803
v -1.937400 0.054914 -0.486354
v -1.903300 0.069185 -0.449458
v -1.979599 0.037015 -0.517752
v -1.969100 0.052368 -0.542198
v -1.923500 0.079080 -0.512488
v -1.878700 0.125209 -0.472228
v -1.880599 0.074565 -0.400962
v -1.860000 0.113034 -0.414741
v -1.829100 0.128870 -0.418323
v -1.830100 0.140668 -0.447083
v -2.013900 0.008194 -0.550790
v -2.007400 0.020470 -0.572310
v -1.034500 0.930632 0.337547
v -1.083100 0.942721 0.319222
v -1.087400 0.918836 0.326841
v -1.043500 0.907215 0.342289
v -1.026700 0.955693 0.333803
v -1.078800 0.965957 0.315872
v -1.023200 0.979238 0.328568
v -1.074400 0.988158 0.313062
v -1.070100 1.008546 0.310447
v -1.022800 0.998315 0.322671
v -0.678400 -0.160073 -0.216939
v -0.581200 -0.263174 -0.225069
v -0.591000 -0.262310 -0.128454
v -0.685000 -0.162861 -0.119536
v -0.500300 -0.357436 -0.134214
v -0.489000 -0.362311 -0.230763
v -0.481000 -0.294874 -0.056331
v -0.570400 -0.208431 -0.045970
v -0.664000 -0.119327 -0.033149
v -0.542200 -0.140602 0.000067
v -0.632400 -0.054475 0.012413
v -0.455700 -0.222840 -0.010249
v -0.412600 -0.141392 0.006732
v -0.503500 -0.069356 0.025367
v -0.596400 0.008886 0.044064
v -0.581300 0.021814 0.115941
v -0.497400 -0.065851 0.104206
v -0.511800 -0.078929 0.180573
v -0.597700 0.006867 0.188292
v -0.416600 -0.148324 0.094477
v -0.428700 -0.160443 0.175007
v -0.550600 0.291202 0.399943
v -0.468700 0.220494 0.398014
v -0.467900 0.292049 0.388874
v -0.549000 0.356674 0.392050
v -0.389100 0.231165 0.386818
v -0.388300 0.155512 0.397522
v -0.391300 0.311133 0.372560
v -0.467500 0.366122 0.376074
v -0.546200 0.422708 0.381385
v -0.458200 0.425066 0.358183
v -0.532700 0.476451 0.365093
v -0.385900 0.374423 0.354021
v -0.381800 0.417831 0.324303
v -0.450900 0.465239 0.328977
v -0.521400 0.514210 0.337750
v -0.445300 0.496324 0.307855
v -0.513600 0.544181 0.318566
v -0.379000 0.449913 0.299834
v -0.377800 0.484635 0.281629
v -0.441600 0.530207 0.293708
v -0.508100 0.577237 0.306574
v -0.443900 0.574208 0.277849
v -0.508000 0.619353 0.292107
v -0.382600 0.530560 0.263678
v -0.387000 0.571659 0.244343
v -0.446300 0.614355 0.259360
v -0.508900 0.657715 0.273313
v -0.441900 0.637449 0.239573
v -0.503800 0.681913 0.253492
v -0.383500 0.593255 0.224469
v -0.435900 0.648204 0.216662
v -0.378300 0.601855 0.202433
v -0.497600 0.694124 0.229664
v -0.976200 0.218727 -0.070487
v -1.004800 0.242743 -0.075194
v -0.988000 0.258066 -0.129993
v -0.959800 0.230259 -0.137528
v -0.988200 0.225834 -0.003558
v -1.020500 0.241973 -0.014034
v -0.763800 -0.051086 -0.108996
v -0.830700 0.043168 -0.096876
v -0.760000 -0.033693 -0.017525
v -0.831100 0.053023 -0.013559
v -0.816600 0.058746 -0.176602
v -0.753000 -0.040689 -0.196038
v -0.932400 0.202739 -0.144846
v -0.946500 0.189817 -0.074581
v -0.913000 0.148814 -0.082587
v -0.897600 0.163045 -0.154679
v -0.917900 0.159183 -0.008055
v -0.952800 0.199632 -0.004288
v -0.880700 0.113749 -0.010510
v -0.877900 0.104207 -0.088900
v -0.862800 0.119652 -0.164628
v -0.991200 0.250203 0.057668
v -1.030500 0.265681 0.053364
v -0.992500 0.296491 0.112362
v -1.036800 0.314929 0.112238
v -0.689600 0.087263 0.062168
v -0.723000 0.030577 0.025999
v -0.801100 0.106332 0.035836
v -0.770200 0.159478 0.076006
v -0.953800 0.220626 0.061549
v -0.906500 0.193423 0.053949
v -0.886500 0.245585 0.097266
v -0.944500 0.270587 0.108244
v -0.830700 0.212150 0.086597
v -0.858000 0.158827 0.044314
v -1.048100 0.365494 0.172591
v -1.003600 0.341283 0.173780
v -1.014600 0.392752 0.234086
v -1.060900 0.416111 0.232046
v -0.675000 0.099168 0.129277
v -0.690100 0.085335 0.197987
v -0.762600 0.167953 0.141812
v -0.779400 0.156263 0.208143
v -0.954300 0.306283 0.169331
v -0.898400 0.265503 0.160937
v -0.908600 0.290149 0.222580
v -0.963400 0.347429 0.229734
v -0.853600 0.221953 0.217091
v -0.834900 0.222874 0.151633
v -1.027400 0.529234 0.344638
v -1.061800 0.596618 0.377726
v -1.108500 0.559826 0.354240
v -1.087000 0.510543 0.328520
v -1.021900 0.456158 0.290682
v -1.074200 0.465906 0.290150
v -0.613400 0.077665 0.306925
v -0.701000 0.157887 0.310612
v -0.701000 0.110972 0.259788
v -0.611500 0.029710 0.253336
v -0.783900 0.187173 0.267147
v -0.779900 0.233311 0.315822
v -0.841300 0.301325 0.321000
v -0.850400 0.257225 0.273445
v -0.907200 0.328574 0.278117
v -0.898200 0.370696 0.326957
v -0.959400 0.449063 0.334944
v -0.964800 0.397398 0.284844
v -0.581300 0.186906 0.384832
v -0.662600 0.255758 0.385951
v -0.685900 0.205045 0.355541
v -0.601600 0.130914 0.353912
v -0.762900 0.276588 0.358620
v -0.738900 0.323658 0.387917
v -0.945900 0.485172 0.368408
v -0.997500 0.555055 0.377601
v -0.885400 0.411968 0.366333
v -0.870300 0.455104 0.392695
v -0.931600 0.520549 0.390409
v -0.973200 0.563921 0.390440
v -0.807400 0.389523 0.392167
v -0.826400 0.344536 0.361490
v -0.631200 0.362731 0.401520
v -0.643300 0.307978 0.399121
v -0.562800 0.237523 0.398008
v -0.719500 0.375422 0.403764
v -0.706200 0.429291 0.411020
v -0.773100 0.483911 0.419121
v -0.788500 0.436754 0.410154
v -0.854400 0.497677 0.408105
v -0.839200 0.536020 0.417058
v -0.911400 0.595410 0.412114
v -0.923100 0.562634 0.403888
v -0.983700 0.609505 0.400617
v -0.980500 0.664531 0.410345
v -1.025500 0.616572 0.394519
v -1.033500 0.677326 0.409089
v -0.622200 0.480577 0.392180
v -0.628300 0.422180 0.397281
v -0.700200 0.482881 0.412750
v -0.691700 0.534379 0.409148
v -0.823000 0.609336 0.420642
v -0.903000 0.646141 0.416482
v -0.885600 0.604261 0.416639
v -0.825000 0.567044 0.420974
v -0.755400 0.575059 0.419239
v -0.764300 0.529045 0.421558
v -0.965800 0.721078 0.404334
v -1.021000 0.732681 0.402908
v -0.954400 0.769158 0.385507
v -1.010200 0.782659 0.387599
v -0.591100 0.562477 0.346581
v -0.605700 0.528094 0.374422
v -0.674400 0.578689 0.389701
v -0.659100 0.612702 0.361337
v -0.900200 0.702999 0.410289
v -0.814600 0.662076 0.411203
v -0.807400 0.709544 0.385729
v -0.889000 0.747954 0.384969
v -0.729500 0.662340 0.377561
v -0.741500 0.622272 0.403267
v -1.011200 0.897036 0.350209
v -0.991900 0.911058 0.348524
v -1.001300 0.868993 0.356984
v -0.947500 0.870508 0.356772
v -0.947000 0.815389 0.367474
v -1.002700 0.827157 0.368362
v -0.574500 0.622845 0.318055
v -0.581200 0.591256 0.328930
v -0.648200 0.641540 0.344391
v -0.640500 0.672682 0.334291
v -0.879600 0.789828 0.367783
v -0.798200 0.746885 0.368979
v -0.788800 0.782184 0.358020
v -0.870900 0.833601 0.357520
v -0.711100 0.727429 0.350513
v -0.719400 0.694842 0.361330
v -0.979800 0.938996 0.343546
v -0.928900 0.912948 0.347032
v -0.929100 0.953214 0.331655
v -0.978500 0.967126 0.335273
v -0.973200 0.989689 0.322868
v -0.989700 0.987149 0.328630
v -0.571700 0.699571 0.285577
v -0.572300 0.662812 0.304364
v -0.636600 0.711416 0.321128
v -0.634400 0.747382 0.302195
v -0.861300 0.876442 0.349506
v -0.782600 0.822064 0.347530
v -0.778000 0.858002 0.330798
v -0.855600 0.910477 0.332763
v -0.703000 0.802441 0.319938
v -0.706100 0.766674 0.338883
v -0.962300 0.999632 0.310427
v -0.912100 0.969949 0.312699
v -0.955700 1.008928 0.295344
v -0.904000 0.981915 0.293064
v -0.763600 0.900393 0.282489
v -0.844900 0.949510 0.288766
v -0.850200 0.934715 0.312243
v -0.771300 0.884113 0.309085
v -0.560200 0.738005 0.241544
v -0.566400 0.724473 0.265696
v -0.621200 0.789340 0.256164
v -0.628400 0.773529 0.281585
v -0.696200 0.829163 0.298059
v -0.688200 0.845965 0.271094
v -0.099700 -0.306125 0.290403
v -0.102100 -0.235562 0.344513
v -0.094800 -0.162231 0.371838
v -0.158700 -0.691149 -0.138594
v -0.152600 -0.613737 -0.062848
v -0.151900 -0.716828 -0.232251
v -0.126500 -0.516126 -0.039612
v -0.091200 -0.428298 -0.015246
v -0.090400 -0.411447 0.169452
v -0.097500 -0.429019 0.084482
v -0.091300 -0.364339 0.234111
v -0.084700 -0.110634 0.381966
v -0.079900 -0.058529 0.385112
v -0.089000 0.015853 0.380744
v -0.102400 0.096420 0.368224
v -0.109800 0.168719 0.353217
v -0.112900 0.232761 0.335524
v -0.115900 0.284443 0.306490
v -0.121800 0.331830 0.272096
v -0.131400 0.388199 0.243436
v -0.135800 0.438667 0.219741
v -0.120800 0.470192 0.163685
v -0.129000 0.461917 0.192151
v -0.436100 -0.078989 0.303278
v -0.522800 -0.002351 0.303150
v -0.521200 -0.052814 0.247911
v -0.435900 -0.133252 0.246215
v -0.498300 0.117924 0.384206
v -0.480700 0.167684 0.396631
v -0.399700 0.102949 0.395351
v -0.416100 0.053442 0.383743
v -0.514800 0.056795 0.352084
v -0.429900 -0.013167 0.352803
v -0.348300 -0.229396 0.172179
v -0.353400 -0.199379 0.244754
v -0.267400 -0.256441 0.240718
v -0.264700 -0.290667 0.169900
v -0.271400 -0.201208 0.300041
v -0.354700 -0.143718 0.303602
v -0.404100 -0.450541 -0.232815
v -0.417200 -0.442930 -0.136807
v -0.332200 -0.523022 -0.139285
v -0.319500 -0.535201 -0.232554
v -0.328200 -0.462148 -0.053086
v -0.408500 -0.384140 -0.049228
v -0.234900 -0.630401 -0.233611
v -0.244300 -0.610765 -0.141108
v -0.240200 -0.541297 -0.061418
v -0.374800 -0.295107 -0.021485
v -0.295500 -0.367303 -0.028810
v -0.249200 -0.273455 -0.016614
v -0.325900 -0.201747 -0.011220
v -0.210900 -0.444238 -0.037314
v -0.168400 -0.352331 -0.019321
v -0.262100 -0.288908 0.084958
v -0.340600 -0.221200 0.088515
v -0.178600 -0.362006 0.082789
v -0.175100 -0.355051 0.167739
v -0.175500 -0.315406 0.234967
v -0.181400 -0.259804 0.293111
v -0.312500 0.100930 0.397337
v -0.315700 0.177610 0.386192
v -0.242700 0.125894 0.386675
v -0.236600 0.049606 0.396240
v -0.252400 0.206719 0.369762
v -0.321400 0.259158 0.370624
v -0.337800 -0.002766 0.385666
v -0.322500 0.048208 0.396159
v -0.244600 -0.003597 0.394733
v -0.258200 -0.056092 0.384553
v -0.156400 -0.006446 0.392062
v -0.165300 0.069744 0.385898
v -0.178900 0.150516 0.369883
v -0.162200 -0.059766 0.389146
v -0.173500 -0.112838 0.378532
v -0.318900 0.326729 0.355942
v -0.253400 0.276234 0.356095
v -0.252100 0.331402 0.334277
v -0.316000 0.376134 0.329880
v -0.184100 0.221370 0.355593
v -0.185300 0.281395 0.336363
v -0.315400 0.411005 0.302267
v -0.252800 0.372203 0.306310
v -0.256700 0.411707 0.278267
v -0.317100 0.447057 0.278430
v -0.187600 0.328244 0.307748
v -0.192900 0.372996 0.277307
v -0.324900 0.493686 0.255312
v -0.265800 0.461564 0.253034
v -0.273600 0.502994 0.226306
v -0.331800 0.533831 0.231714
v -0.203100 0.427440 0.250739
v -0.210100 0.474137 0.224719
v -0.270800 0.521835 0.202164
v -0.329500 0.553113 0.210303
v -0.324200 0.560557 0.189201
v -0.264800 0.528967 0.179541
v -0.205700 0.494938 0.197887
v -0.198200 0.503262 0.172029
v -0.181900 -0.188353 0.349175
v -0.269100 -0.130181 0.354779
v -0.350400 -0.074148 0.355850
v -1.800400 0.792775 -0.404160
v -1.780600 0.804165 -0.410506
v -1.775700 0.789791 -0.421664
v -1.797000 0.779152 -0.417878
v -1.754000 0.799951 -0.420670
v -1.760300 0.813296 -0.410774
v -1.746300 0.786499 -0.430471
v -1.768200 0.773609 -0.432727
v -1.790600 0.764637 -0.431749
v -1.725700 0.824896 -0.403585
v -1.715200 0.818366 -0.404968
v -1.733000 0.809460 -0.415406
v -1.740499 0.820414 -0.407453
v -1.702500 0.807531 -0.406403
v -1.723900 0.799451 -0.422402
v -1.786700 0.821021 -0.402409
v -1.766800 0.828261 -0.402887
v -1.805000 0.811363 -0.396563
v -1.811600 0.829654 -0.399300
v -1.793000 0.838074 -0.402815
v -1.771600 0.844093 -0.401261
v -1.746400 0.847478 -0.395754
v -1.744800 0.833617 -0.400270
v -1.722600 0.835005 -0.396583
v -1.719600 0.847269 -0.388754
v -1.693700 0.842468 -0.382023
v -1.702400 0.830273 -0.392753
v -1.685200 0.818824 -0.387111
v -1.671800 0.834409 -0.372677
v -1.791600 0.766143 -0.455802
v -1.815200 0.756826 -0.448934
v -1.810800 0.755719 -0.426560
v -1.820100 0.760915 -0.476042
v -1.792600 0.771188 -0.485558
v -1.848900 0.745030 -0.461343
v -1.834800 0.749514 -0.435237
v -1.826100 0.752121 -0.421562
v -1.740200 0.787008 -0.452880
v -1.765900 0.775262 -0.457573
v -1.762700 0.779238 -0.487893
v -1.732400 0.789516 -0.482083
v -1.713600 0.796784 -0.440188
v -1.688300 0.804331 -0.420213
v -1.671500 0.804552 -0.442839
v -1.701200 0.798424 -0.466537
v -1.667000 0.812744 -0.394478
v -1.646600 0.813917 -0.414544
v -1.652100 0.824844 -0.370131
v -1.623500 0.823448 -0.380530
v -1.745800 0.863567 -0.398520
v -1.773100 0.859623 -0.408166
v -1.771800 0.872096 -0.421061
v -1.741500 0.875512 -0.410944
v -1.716700 0.862337 -0.387773
v -1.710299 0.874653 -0.397972
v -1.687800 0.856475 -0.378299
v -1.680700 0.871241 -0.384148
v -1.657000 0.866355 -0.369107
v -1.663000 0.849796 -0.368572
v -1.640000 0.861632 -0.358565
v -1.644300 0.842335 -0.360895
v -1.624000 0.857994 -0.349461
v -1.625500 0.836071 -0.354850
v -1.604100 0.855867 -0.337064
v -1.602400 0.834273 -0.344637
v -1.582100 0.855609 -0.320652
v -1.575900 0.837519 -0.329923
v -1.587700 0.827065 -0.366996
v -1.557800 0.833190 -0.350110
v -1.562000 0.854109 -0.296698
v -1.552600 0.837141 -0.304602
v -1.547100 0.852001 -0.265769
v -1.534000 0.832679 -0.271105
v -1.506900 0.832878 -0.289926
v -1.531000 0.834827 -0.323269
v -1.515500 0.872812 -0.203648
v -1.497100 0.847527 -0.199517
v -1.517500 0.833891 -0.233570
v -1.534100 0.857269 -0.232505
v -1.485300 0.835728 -0.252996
v -1.464000 0.850051 -0.220405
v -1.909700 0.729147 -0.491221
v -1.880200 0.737144 -0.477231
v -1.877400 0.747116 -0.505597
v -1.905500 0.735017 -0.511113
v -1.848500 0.754316 -0.503674
v -1.877000 0.748163 -0.532081
v -1.849400 0.757557 -0.536841
v -1.903000 0.733343 -0.528740
v -1.790699 0.774433 -0.522232
v -1.820400 0.764530 -0.512192
v -1.820700 0.765181 -0.547314
v -1.788100 0.769229 -0.556594
v -1.756400 0.778760 -0.524283
v -1.749900 0.769881 -0.557457
v -1.720100 0.781793 -0.516192
v -1.708300 0.770413 -0.547710
v -1.683200 0.786880 -0.496962
v -1.648400 0.795639 -0.472009
v -1.626300 0.781171 -0.498698
v -1.666300 0.773387 -0.524897
v -1.618800 0.809195 -0.446875
v -1.590300 0.820919 -0.422950
v -1.559900 0.805598 -0.455600
v -1.592100 0.792960 -0.475872
v -1.524800 0.837029 -0.384945
v -1.558000 0.828131 -0.404097
v -1.525300 0.817085 -0.437899
v -1.489500 0.829588 -0.418737
v -1.465100 0.847974 -0.325405
v -1.493600 0.843963 -0.357895
v -1.454300 0.841800 -0.392880
v -1.421300 0.852094 -0.361626
v -1.440300 0.857030 -0.290117
v -1.418100 0.874958 -0.259218
v -1.392200 0.864233 -0.327660
v -1.364400 0.880482 -0.295457
v -1.878000 0.737927 -0.548907
v -1.904000 0.727155 -0.541122
v -1.851200 0.745223 -0.557195
v -1.854800 0.723466 -0.560270
v -1.880700 0.720955 -0.553305
v -1.905400 0.715080 -0.545334
v -1.822600 0.748843 -0.567702
v -1.789000 0.750630 -0.577715
v -1.792300 0.720664 -0.577463
v -1.827300 0.722964 -0.567111
v -1.702700 0.720549 -0.572061
v -1.747700 0.727849 -0.583855
v -1.746800 0.751275 -0.580182
v -1.700100 0.751860 -0.569629
v -1.733400 0.701080 -0.578307
v -1.750000 0.713081 -0.583115
v -1.754800 0.690346 -0.578033
v -1.771700 0.701597 -0.576875
v -1.653600 0.755182 -0.544192
v -1.610800 0.762257 -0.514429
v -1.605500 0.738756 -0.515101
v -1.650400 0.729420 -0.543895
v -1.541100 0.784277 -0.469567
v -1.575100 0.771897 -0.489123
v -1.533500 0.761593 -0.468790
v -1.568600 0.749542 -0.488827
v -1.467700 0.813127 -0.437029
v -1.505300 0.797771 -0.453653
v -1.458800 0.788781 -0.436949
v -1.497000 0.774788 -0.452893
v -1.385100 0.817868 -0.384462
v -1.420200 0.803494 -0.414452
v -1.429700 0.829414 -0.414039
v -1.394600 0.843043 -0.383292
v -1.705300 0.904488 -0.387413
v -1.679300 0.902252 -0.368011
v -1.679500 0.887539 -0.376784
v -1.707100 0.890397 -0.396551
v -1.658300 0.883101 -0.357410
v -1.659600 0.900603 -0.348373
v -1.682100 0.929298 -0.386865
v -1.663500 0.932249 -0.379079
v -1.671600 0.917407 -0.370230
v -1.694300 0.918976 -0.385064
v -1.651400 0.918182 -0.356061
v -1.642900 0.936557 -0.368810
v -1.646399 0.900334 -0.331761
v -1.643100 0.879888 -0.343574
v -1.628300 0.878072 -0.333062
v -1.632400 0.900415 -0.319435
v -1.625000 0.940295 -0.360779
v -1.635700 0.920089 -0.344129
v -1.620800 0.922606 -0.334065
v -1.607400 0.943815 -0.354162
v -1.638900 0.981673 -0.386608
v -1.616100 0.991570 -0.379418
v -1.619800 0.964420 -0.370788
v -1.639800 0.957741 -0.378190
v -1.601300 0.970741 -0.364108
v -1.597100 1.001004 -0.371154
v -1.613700 0.899825 -0.311055
v -1.609500 0.876660 -0.322627
v -1.589300 0.875967 -0.309044
v -1.594200 0.899799 -0.302041
v -1.569499 0.955706 -0.338241
v -1.589100 0.949150 -0.346037
v -1.582000 0.978343 -0.357052
v -1.561700 0.987858 -0.350185
v -1.577600 1.011283 -0.363641
v -1.557300 1.022889 -0.356552
v -1.603600 0.925446 -0.324383
v -1.584900 0.928350 -0.315799
v -1.576900 0.901959 -0.287591
v -1.571700 0.875381 -0.288743
v -1.562200 0.909030 -0.269748
v -1.558800 0.877476 -0.262877
v -1.546200 0.887591 -0.237143
v -1.528000 0.905410 -0.214665
v -1.544400 0.921320 -0.255506
v -1.523800 0.939195 -0.240838
v -1.549600 0.964635 -0.329906
v -1.565100 0.931924 -0.306675
v -1.546600 0.939897 -0.295691
v -1.530300 0.975472 -0.321659
v -1.536500 1.036563 -0.348841
v -1.540900 0.999676 -0.343284
v -1.521000 1.012785 -0.336207
v -1.515900 1.050793 -0.342099
v -1.510600 0.986338 -0.315615
v -1.527600 0.951480 -0.286499
v -1.506600 0.967180 -0.275765
v -1.490000 0.999483 -0.307434
v -1.496600 1.064413 -0.336896
v -1.502000 1.025459 -0.330257
v -1.482000 1.038557 -0.322981
v -1.476500 1.078156 -0.330383
v -1.466500 1.015513 -0.295478
v -1.482800 0.987827 -0.260534
v -1.452100 1.009319 -0.244353
v -1.436000 1.033152 -0.281926
v -1.466900 0.987442 -0.204261
v -1.499100 0.963231 -0.221904
v -1.453000 1.092512 -0.320628
v -1.458400 1.052718 -0.313338
v -1.427000 1.068102 -0.302322
v -1.421100 1.107930 -0.310211
v -1.377600 1.126244 -0.297922
v -1.384500 1.085882 -0.289462
v -1.340700 1.107756 -0.271255
v -1.333700 1.149300 -0.277642
v -1.350399 1.070387 -0.254006
v -1.394200 1.050715 -0.268779
v -1.274199 1.114182 -0.221796
v -1.312500 1.090727 -0.238693
v -1.300700 1.130500 -0.254199
v -1.260499 1.157361 -0.235600
v -1.291500 1.173770 -0.260985
v -1.249800 1.203191 -0.241636
v -1.200800 1.238572 -0.223140
v -1.214400 1.190699 -0.214719
v -1.169100 1.227915 -0.188202
v -1.155800 1.277568 -0.196219
v -1.184200 1.177841 -0.176404
v -1.230000 1.144625 -0.201084
v -1.729800 0.680815 -0.564065
v -1.759200 0.669398 -0.567538
v -1.697400 0.698107 -0.551435
v -1.700500 0.678325 -0.531756
v -1.732600 0.657639 -0.542882
v -1.764200 0.642547 -0.545166
v -1.655500 0.710746 -0.529460
v -1.609400 0.719816 -0.506391
v -1.618200 0.704118 -0.493185
v -1.662300 0.695203 -0.512037
v -1.570400 0.731404 -0.483576
v -1.534200 0.743820 -0.462917
v -1.539800 0.727598 -0.454449
v -1.577700 0.715118 -0.474010
v -1.497600 0.756499 -0.445046
v -1.460400 0.769114 -0.426078
v -1.466800 0.752829 -0.413106
v -1.503200 0.740671 -0.434752
v -1.512800 0.727023 -0.422328
v -1.550000 0.713457 -0.442153
v -1.475700 0.739075 -0.400587
v -1.476500 0.718135 -0.398806
v -1.517200 0.706167 -0.416835
v -1.556800 0.693518 -0.433502
v -1.635600 1.047787 -0.403780
v -1.606600 1.066056 -0.401009
v -1.609700 1.022758 -0.393723
v -1.636000 1.009449 -0.399109
v -1.590700 1.035898 -0.382036
v -1.585900 1.080220 -0.386257
v -1.564800 1.092525 -0.379127
v -1.571100 1.047922 -0.373520
v -1.550600 1.059956 -0.366907
v -1.543100 1.104171 -0.374440
v -1.523499 1.116308 -0.361009
v -1.530200 1.073812 -0.357182
v -1.509300 1.087814 -0.349952
v -1.502900 1.129259 -0.352939
v -1.483200 1.142872 -0.351042
v -1.489600 1.101222 -0.346264
v -1.469400 1.115347 -0.339428
v -1.461900 1.157091 -0.344100
v -1.437700 1.172770 -0.327858
v -1.445800 1.130884 -0.327601
v -1.413000 1.148035 -0.315981
v -1.403400 1.192400 -0.315792
v -1.361100 1.215954 -0.297186
v -1.369500 1.169045 -0.301831
v -1.323600 1.193381 -0.282878
v -1.314200 1.243401 -0.280055
v -1.271700 1.272177 -0.258239
v -1.279300 1.220000 -0.266998
v -1.238700 1.251125 -0.242540
v -1.231100 1.302964 -0.231397
v -1.187800 1.337238 -0.202548
v -1.192100 1.287741 -0.219465
v -1.148000 1.325603 -0.193711
v -1.147000 1.372599 -0.176841
v -1.729900 1.105547 -0.403108
v -1.683500 1.129537 -0.379969
v -1.674200 1.080774 -0.411168
v -1.715700 1.058610 -0.432998
v -1.639200 1.100389 -0.391990
v -1.644100 1.147896 -0.358161
v -1.667700 1.028756 -0.417514
v -1.705200 1.008221 -0.434641
v -1.614100 1.172022 -0.349338
v -1.609500 1.123527 -0.388534
v -1.585299 1.137267 -0.375110
v -1.586100 1.186195 -0.339895
v -1.561300 1.199374 -0.335719
v -1.562200 1.149389 -0.368291
v -1.539400 1.161458 -0.365682
v -1.538800 1.213744 -0.334779
v -1.516400 1.219215 -0.323841
v -1.519100 1.169086 -0.350511
v -1.499300 1.179947 -0.340961
v -1.497000 1.227328 -0.313550
v -1.478100 1.240526 -0.306267
v -1.480300 1.194453 -0.337209
v -1.457700 1.210333 -0.331272
v -1.455700 1.258433 -0.299010
v -1.426100 1.269004 -0.279360
v -1.431300 1.223489 -0.311270
v -1.396500 1.245878 -0.298442
v -1.392900 1.290580 -0.261170
v -1.353000 1.315152 -0.237696
v -1.355400 1.270027 -0.276295
v -1.310400 1.301133 -0.258349
v -1.311100 1.346166 -0.214748
v -1.268600 1.373206 -0.187223
v -1.268700 1.328437 -0.230208
v -1.227499 1.360872 -0.207577
v -1.229900 1.407425 -0.165990
v -1.841900 1.077265 -0.310000
v -1.787300 1.106608 -0.296164
v -1.794200 1.108149 -0.367095
v -1.848200 1.072435 -0.381604
v -1.736100 1.129662 -0.344401
v -1.729300 1.126580 -0.279671
v -1.784300 1.082728 -0.430887
v -1.837600 1.046615 -0.443716
v -1.679500 1.148144 -0.261281
v -1.687300 1.154228 -0.322531
v -1.644800 1.171029 -0.303217
v -1.636199 1.166223 -0.246701
v -1.604400 1.188153 -0.238007
v -1.613900 1.193870 -0.292967
v -1.585400 1.210544 -0.286884
v -1.577100 1.206788 -0.232911
v -1.552999 1.222686 -0.227274
v -1.560500 1.225542 -0.283002
v -1.538700 1.241053 -0.279291
v -1.530900 1.236048 -0.221084
v -1.509200 1.245692 -0.214710
v -1.516600 1.250363 -0.272336
v -1.496100 1.256855 -0.263442
v -1.488200 1.254908 -0.207861
v -1.467200 1.266479 -0.200172
v -1.475600 1.266694 -0.255254
v -1.452300 1.281355 -0.245582
v -1.442900 1.278662 -0.190946
v -1.414400 1.291644 -0.178267
v -1.422000 1.292377 -0.230212
v -1.390300 1.312484 -0.210906
v -1.384700 1.311581 -0.159471
v -1.349699 1.336383 -0.134782
v -1.353100 1.338853 -0.187328
v -1.314000 1.369750 -0.162382
v -1.312600 1.365207 -0.108656
v -1.275900 1.397972 -0.084803
v -1.273700 1.399866 -0.137783
v -1.237900 1.433452 -0.115986
v -1.242400 1.432814 -0.063935
v -1.907300 0.732732 -0.434315
v -1.890500 0.731698 -0.450904
v -1.918200 0.722189 -0.471594
v -1.931700 0.720979 -0.457741
v -1.866899 0.740473 -0.429655
v -1.883900 0.748140 -0.406569
v -1.814500 0.765903 -0.407133
v -1.817900 0.778898 -0.389545
v -1.832200 0.754530 -0.402789
v -1.842000 0.766142 -0.380374
v -1.821800 0.799636 -0.382723
v -1.840700 0.792751 -0.374611
v -1.841000 0.808884 -0.384988
v -1.828700 0.818535 -0.390734
v -1.856700 0.794743 -0.386415
v -1.850399 0.813132 -0.394255
v -1.860400 0.776582 -0.382468
v -1.874400 0.784763 -0.395613
v -1.868200 0.800821 -0.401286
v -1.861400 0.818576 -0.406859
v -1.860100 0.755479 -0.393318
v -1.849300 0.748401 -0.412764
v -1.866300 0.764548 -0.387379
v -1.881200 0.768273 -0.396276
v -2.126700 0.683008 -0.413080
v -2.104400 0.692102 -0.404134
v -2.101900 0.696369 -0.425722
v -2.121600 0.686219 -0.432025
v -2.084700 0.709190 -0.418862
v -2.085200 0.704960 -0.394468
v -2.083100 0.707915 -0.438170
v -2.099900 0.694565 -0.442857
v -2.118100 0.683307 -0.447321
v -2.068000 0.718909 -0.386340
v -2.068600 0.723021 -0.413847
v -2.052800 0.737456 -0.410599
v -2.051600 0.734713 -0.380808
v -2.051000 0.736180 -0.431609
v -2.067000 0.721722 -0.434458
v -2.035800 0.754345 -0.379060
v -2.037800 0.754627 -0.409595
v -2.025599 0.773459 -0.409597
v -2.023499 0.775925 -0.379802
v -2.022700 0.770352 -0.428410
v -2.035900 0.752893 -0.429631
v -2.013700 0.795714 -0.380749
v -2.015200 0.790959 -0.409074
v -2.002200 0.804847 -0.406760
v -2.001200 0.810805 -0.380167
v -1.998400 0.800437 -0.423847
v -2.011300 0.786706 -0.427153
v -1.985500 0.836967 -0.284478
v -1.971400 0.851019 -0.283256
v -1.983900 0.836044 -0.333816
v -1.996000 0.820687 -0.336717
v -1.982500 0.853479 -0.332196
v -1.968100 0.868002 -0.282463
v -1.984000 0.840015 -0.377759
v -1.988700 0.824266 -0.377377
v -1.975300 0.827223 -0.414267
v -1.984800 0.813258 -0.418690
v -1.988800 0.817333 -0.402725
v -1.980300 0.830834 -0.400633
v -1.968000 0.696651 -0.504239
v -1.976799 0.694751 -0.495736
v -1.947299 0.709018 -0.486187
v -1.939300 0.713805 -0.499530
v -1.958800 0.711083 -0.476951
v -1.986600 0.698218 -0.489924
v -1.948400 0.707790 -0.521719
v -1.958600 0.702419 -0.513819
v -1.933100 0.717693 -0.512926
v -1.929200 0.717777 -0.524642
v -1.883900 0.700190 -0.540795
v -1.905500 0.699516 -0.537830
v -1.860200 0.698715 -0.542985
v -1.868000 0.673312 -0.526539
v -1.888100 0.678726 -0.526623
v -1.909100 0.682473 -0.525603
v -1.836200 0.693270 -0.545807
v -1.811800 0.684771 -0.551213
v -1.848900 0.664181 -0.526272
v -1.829000 0.646735 -0.524286
v -1.796900 0.641992 -0.537385
v -1.786700 0.674844 -0.559606
v -1.929000 0.705706 -0.535765
v -1.930099 0.713898 -0.533683
v -1.954900 0.688880 -0.525529
v -1.955900 0.701581 -0.526890
v -2.005100 0.678953 -0.501367
v -1.994100 0.681141 -0.507951
v -2.019200 0.659666 -0.509006
v -2.013800 0.682149 -0.496072
v -2.032400 0.660795 -0.504332
v -2.041100 0.665054 -0.500076
v -1.986700 0.674203 -0.516069
v -1.977800 0.690087 -0.517044
v -1.931000 0.686162 -0.523584
v -1.923800 0.698249 -0.533296
v -1.892000 0.662153 -0.515572
v -1.911600 0.666411 -0.513019
v -1.875300 0.655916 -0.516838
v -1.882800 0.643178 -0.521689
v -1.897099 0.647806 -0.518614
v -1.915200 0.649599 -0.515003
v -1.934400 0.669031 -0.511564
v -1.960700 0.666705 -0.512901
v -1.936900 0.648901 -0.511638
v -1.962100 0.646934 -0.512254
v -1.990100 0.658343 -0.512088
v -1.990000 0.643450 -0.516064
v -2.019300 0.638287 -0.520272
v -2.018400 0.647950 -0.510792
v -2.041900 0.639170 -0.513108
v -2.051700 0.640316 -0.512140
v -2.048400 0.634350 -0.526613
v -2.079900 0.631430 -0.531492
v -2.060500 0.641896 -0.510044
v -2.090100 0.631551 -0.521568
v -2.096400 0.634725 -0.514170
v -2.069200 0.647975 -0.506083
v -2.020400 0.634023 -0.569004
v -2.051600 0.626248 -0.569659
v -2.051100 0.633239 -0.547012
v -2.019900 0.637398 -0.542762
v -2.085800 0.611058 -0.566840
v -2.085100 0.624640 -0.550720
v -1.967300 0.635417 -0.563714
v -1.992100 0.636490 -0.566656
v -1.990900 0.639067 -0.538758
v -1.964700 0.639591 -0.535722
v -1.926100 0.630837 -0.560776
v -1.945500 0.633086 -0.561546
v -1.941400 0.639843 -0.534906
v -1.921000 0.639913 -0.536104
v -1.908800 0.629275 -0.561468
v -1.903600 0.637206 -0.537765
v -1.889300 0.632759 -0.540529
v -1.893200 0.627307 -0.563787
v -2.100700 0.647174 -0.497515
v -2.078400 0.660782 -0.492112
v -2.075100 0.655118 -0.499755
v -2.099800 0.641257 -0.505975
v -2.048600 0.670899 -0.493824
v -2.053800 0.675553 -0.486039
v -2.094500 0.687249 -0.458210
v -2.113200 0.676519 -0.463144
v -2.076400 0.700081 -0.453252
v -2.069700 0.692760 -0.465100
v -2.089100 0.679757 -0.470568
v -2.108600 0.668909 -0.476912
v -2.102600 0.655545 -0.488211
v -2.082400 0.669330 -0.482396
v -2.080400 0.665071 -0.486652
v -2.100500 0.651956 -0.491926
v -2.057500 0.679536 -0.480498
v -2.060900 0.683819 -0.476641
v -2.085200 0.674082 -0.478012
v -2.105200 0.661736 -0.484443
v -2.064800 0.687872 -0.472297
v -2.022500 0.686897 -0.489884
v -2.030000 0.691168 -0.482422
v -2.006800 0.706860 -0.478400
v -1.996800 0.702419 -0.484670
v -2.059200 0.713794 -0.449646
v -2.042600 0.728635 -0.446475
v -2.034200 0.721866 -0.457489
v -2.051400 0.706650 -0.461082
v -2.035600 0.694618 -0.476310
v -2.040400 0.698049 -0.471602
v -2.021100 0.713412 -0.467098
v -2.014800 0.710738 -0.472764
v -2.027200 0.716778 -0.462995
v -2.045500 0.701820 -0.467575
v -1.971300 0.716856 -0.474610
v -1.984400 0.723228 -0.472234
v -1.963300 0.738823 -0.463109
v -1.947700 0.729535 -0.458443
v -2.026999 0.745595 -0.443580
v -2.013400 0.763312 -0.441643
v -2.004100 0.757395 -0.451806
v -2.018200 0.739184 -0.453872
v -1.995300 0.728661 -0.469212
v -2.003300 0.731195 -0.462853
v -1.986900 0.749306 -0.459090
v -1.976600 0.746239 -0.464879
v -1.995500 0.752825 -0.455879
v -2.010499 0.734355 -0.458662
v -2.001900 0.779995 -0.440868
v -1.991700 0.774366 -0.450814
v -1.990000 0.795275 -0.438373
v -1.979100 0.790069 -0.448694
v -1.926900 0.743975 -0.439868
v -1.944600 0.754752 -0.452862
v -1.928200 0.770833 -0.443507
v -1.911200 0.759707 -0.422821
v -1.959400 0.762425 -0.459025
v -1.971800 0.765891 -0.454915
v -1.957500 0.781390 -0.449301
v -1.943900 0.778218 -0.451590
v -1.968400 0.785036 -0.449990
v -1.981900 0.769509 -0.453402
v -1.965200 0.821898 -0.427701
v -1.976400 0.809101 -0.433257
v -1.964900 0.804364 -0.443050
v -1.952100 0.815524 -0.435186
v -1.899400 0.776817 -0.413908
v -1.915800 0.785747 -0.433019
v -1.905500 0.800008 -0.425074
v -1.889200 0.792666 -0.412581
v -1.941500 0.810569 -0.432671
v -1.954000 0.798921 -0.442467
v -1.943900 0.794448 -0.437920
v -1.931800 0.806825 -0.426879
v -1.919900 0.803918 -0.426849
v -1.931200 0.791147 -0.438013
v -1.746800 0.986895 -0.460530
v -1.763500 1.035388 -0.460700
v -1.814100 1.006601 -0.477208
v -1.791100 0.963745 -0.479212
v -1.738500 0.890766 -0.414861
v -1.771500 0.886781 -0.427214
v -1.768900 0.905911 -0.428901
v -1.734200 0.906642 -0.407121
v -1.702300 0.974765 -0.424376
v -1.742100 0.956470 -0.447282
v -1.704100 0.948439 -0.410989
v -1.744200 0.938253 -0.435525
v -1.781900 0.937354 -0.468133
v -1.779000 0.921792 -0.455520
v -1.663599 0.948571 -0.387541
v -1.666600 0.967851 -0.396932
v -1.689700 0.937140 -0.395923
v -1.716100 0.923216 -0.401044
v -1.735700 0.926656 -0.417070
v -1.752100 0.926011 -0.431733
v -1.778100 0.911936 -0.444576
v -1.666600 0.992821 -0.409397
v -1.861700 0.647172 -0.518050
v -1.852100 0.634566 -0.514880
v -1.866100 0.626031 -0.521389
v -1.872000 0.636893 -0.525563
v -1.871200 0.617556 -0.540917
v -1.877600 0.627819 -0.545125
v -1.871000 0.610109 -0.560886
v -1.878900 0.621997 -0.567203
v -1.880300 0.602161 -0.568863
v -1.882600 0.614224 -0.578175
v -1.894500 0.597984 -0.571110
v -1.894900 0.616015 -0.577970
v -1.910100 0.615517 -0.576296
v -1.928200 0.614989 -0.575826
v -1.910800 0.595482 -0.574562
v -1.929800 0.594218 -0.578643
v -1.947700 0.615775 -0.577283
v -1.969200 0.616925 -0.579820
v -1.950300 0.593940 -0.582466
v -1.972700 0.593951 -0.586071
v -1.997300 0.593345 -0.589412
v -1.993200 0.617094 -0.582715
v -2.020200 0.614504 -0.584670
v -2.023100 0.591053 -0.591349
v -2.049400 0.585376 -0.590179
v -2.050500 0.606876 -0.584414
v -2.084800 0.591369 -0.579611
v -2.079500 0.569659 -0.581781
v -2.071400 0.555653 -0.568376
v -2.049700 0.570464 -0.580132
v -2.032300 0.569779 -0.575263
v -2.056000 0.542096 -0.547231
v -1.994600 0.547710 -0.531877
v -2.023200 0.545652 -0.537807
v -2.008700 0.571284 -0.570167
v -1.982600 0.572337 -0.565898
v -1.943700 0.552459 -0.518878
v -1.967800 0.549074 -0.526088
v -1.958200 0.572403 -0.561887
v -1.935900 0.573303 -0.556726
v -1.898100 0.579015 -0.544772
v -1.915699 0.575055 -0.550714
v -1.923000 0.557342 -0.509878
v -1.905000 0.563558 -0.501400
v -1.873400 0.595326 -0.534203
v -1.875200 0.577421 -0.490072
v -1.888600 0.570037 -0.495713
v -1.882900 0.585517 -0.541187
v -1.862800 0.610793 -0.505752
v -1.870800 0.603418 -0.520107
v -1.856000 0.589541 -0.474639
v -1.865700 0.584171 -0.482165
v -1.847700 0.616368 -0.500017
v -1.827800 0.619943 -0.501210
v -1.828400 0.603978 -0.466282
v -1.844100 0.595844 -0.469362
v -1.801500 0.621867 -0.506707
v -1.770400 0.629911 -0.510645
v -1.778100 0.623373 -0.467352
v -1.805799 0.613755 -0.465611
v -1.739200 0.644474 -0.511296
v -1.706800 0.663378 -0.505683
v -1.715900 0.650068 -0.469899
v -1.748200 0.636244 -0.469906
v -1.670600 0.681176 -0.491421
v -1.628900 0.689262 -0.477225
v -1.639300 0.661317 -0.460126
v -1.680400 0.662061 -0.462587
v -1.595200 0.679159 -0.451771
v -1.588700 0.700513 -0.460640
v -1.663100 0.552928 -0.475477
v -1.629100 0.593655 -0.464481
v -1.615900 0.567433 -0.473427
v -1.603700 0.540632 -0.489618
v -1.650300 0.522203 -0.494802
v -1.642800 0.548714 -0.483937
v -1.693600 0.508651 -0.492589
v -1.592900 0.649662 -0.454396
v -1.629900 0.630407 -0.455722
v -1.554000 0.664678 -0.437091
v -1.553300 0.632154 -0.432481
v -1.588600 0.616414 -0.454536
v -1.514300 0.678602 -0.419949
v -1.472000 0.692196 -0.402326
v -1.467800 0.663453 -0.400700
v -1.513300 0.647593 -0.413848
v -1.434600 0.730187 -0.377066
v -1.428500 0.706268 -0.380868
v -1.388200 0.720987 -0.358471
v -1.397799 0.741788 -0.352748
v -1.377200 0.698577 -0.362385
v -1.421300 0.680424 -0.382579
v -1.357200 0.736222 -0.334642
v -1.336800 0.743815 -0.303445
v -1.372400 0.752180 -0.326597
v -1.355800 0.759408 -0.297726
v -1.339600 0.719150 -0.340748
v -1.313700 0.727676 -0.308395
v -1.423600 0.781965 -0.400885
v -1.390200 0.794578 -0.371599
v -1.399800 0.775681 -0.356777
v -1.431200 0.764566 -0.385975
v -1.438700 0.750060 -0.374302
v -1.406900 0.759736 -0.346189
v -1.375600 0.785416 -0.329663
v -1.384300 0.768260 -0.320648
v -1.367300 0.776115 -0.295647
v -1.358200 0.793458 -0.304450
v -1.363700 0.854800 -0.347945
v -1.333800 0.867879 -0.312922
v -1.322800 0.840292 -0.312231
v -1.355200 0.830260 -0.349680
v -1.362500 0.805723 -0.341197
v -1.343300 0.812134 -0.313777
v -1.336500 0.811326 -0.293088
v -1.346700 0.798904 -0.281093
v -1.319800 0.823597 -0.281953
v -1.329700 0.809459 -0.259440
v -1.351300 0.783687 -0.270963
v -1.338900 0.766030 -0.270493
v -1.331000 0.793346 -0.244254
v -1.315700 0.774179 -0.243672
v -1.587100 0.584927 -0.453973
v -1.555400 0.601732 -0.427848
v -1.551500 0.576798 -0.429706
v -1.581200 0.563727 -0.458017
v -1.528300 0.535048 -0.519194
v -1.559800 0.537289 -0.509547
v -1.532400 0.559185 -0.496848
v -1.499500 0.550587 -0.515982
v -1.561400 0.559615 -0.476789
v -1.524500 0.571760 -0.458349
v -1.493999 0.572339 -0.480252
v -1.462399 0.565373 -0.501595
v -1.539900 0.573040 -0.442547
v -1.567700 0.563538 -0.461634
v -1.516200 0.619047 -0.401893
v -1.466300 0.638017 -0.393973
v -1.460600 0.618256 -0.395228
v -1.510300 0.590179 -0.401577
v -1.451900 0.617440 -0.410401
v -1.498600 0.588468 -0.423715
v -1.481800 0.590828 -0.441808
v -1.437200 0.620135 -0.429076
v -1.412800 0.621229 -0.454656
v -1.453700 0.593261 -0.466308
v -1.424500 0.584668 -0.487245
v -1.386000 0.609547 -0.475874
v -1.414900 0.658310 -0.381267
v -1.365400 0.680531 -0.363841
v -1.408100 0.644410 -0.383382
v -1.354900 0.667542 -0.364400
v -1.345200 0.664730 -0.376284
v -1.399899 0.643002 -0.395284
v -1.388400 0.647851 -0.414835
v -1.335999 0.669550 -0.395335
v -1.321599 0.669811 -0.418660
v -1.369300 0.648769 -0.440825
v -1.346700 0.634991 -0.462166
v -1.304000 0.655019 -0.436353
v -1.483700 0.525540 -0.522755
v -1.524600 0.512457 -0.521717
v -1.445500 0.540695 -0.507845
v -1.438700 0.510634 -0.511105
v -1.479599 0.495754 -0.527301
v -1.523200 0.484340 -0.522258
v -1.408500 0.560303 -0.491974
v -1.369800 0.583930 -0.481478
v -1.361800 0.551083 -0.478189
v -1.401999 0.529768 -0.490554
v -1.330600 0.607307 -0.468391
v -1.289900 0.629906 -0.443731
v -1.277600 0.600133 -0.446773
v -1.320199 0.573965 -0.466935
v -1.256200 0.674462 -0.402260
v -1.243400 0.653918 -0.410673
v -1.198400 0.676696 -0.380493
v -1.211100 0.693834 -0.372079
v -1.187800 0.655044 -0.385365
v -1.231900 0.628748 -0.415350
v -1.226400 0.598116 -0.407123
v -1.272400 0.565199 -0.433489
v -1.183100 0.628321 -0.380616
v -1.183600 0.603868 -0.366719
v -1.226200 0.570824 -0.387482
v -1.271000 0.535412 -0.408885
v -1.734200 0.462865 -0.492461
v -1.690800 0.476378 -0.504292
v -1.693300 0.447913 -0.510864
v -1.732000 0.438552 -0.513515
v -1.721900 0.460805 -0.505202
v -1.771600 0.425359 -0.508877
v -1.651800 0.486581 -0.498888
v -1.608900 0.494297 -0.497235
v -1.604400 0.455029 -0.500632
v -1.652300 0.453423 -0.505734
v -1.562700 0.473335 -0.508777
v -1.566300 0.502584 -0.508771
v -1.524600 0.463279 -0.516678
v -1.555400 0.458214 -0.508860
v -1.532800 0.447460 -0.513395
v -1.569499 0.444950 -0.506430
v -1.482900 0.470306 -0.520374
v -1.439100 0.481046 -0.507025
v -1.442800 0.458005 -0.503563
v -1.488600 0.453537 -0.516245
v -1.400100 0.494948 -0.484375
v -1.359800 0.512824 -0.464598
v -1.357000 0.470940 -0.443807
v -1.402600 0.462630 -0.476447
v -1.312400 0.503596 -0.426672
v -1.317100 0.536348 -0.450602
v -1.736500 0.425584 -0.535008
v -1.777200 0.414647 -0.543261
v -1.695800 0.433073 -0.531165
v -1.696599 0.420575 -0.550427
v -1.736400 0.415229 -0.558352
v -1.777400 0.406334 -0.568990
v -1.655200 0.435623 -0.525106
v -1.615800 0.432942 -0.518651
v -1.619699 0.422893 -0.538672
v -1.657800 0.422968 -0.543375
v -1.657200 0.411237 -0.555180
v -1.654300 0.399460 -0.564483
v -1.690600 0.393508 -0.572344
v -1.694900 0.407587 -0.563006
v -1.620200 0.416111 -0.552892
v -1.618200 0.405379 -0.562935
v -1.578300 0.433323 -0.521734
v -1.538800 0.438365 -0.527450
v -1.542700 0.435703 -0.547038
v -1.582800 0.427590 -0.541903
v -1.543700 0.430454 -0.561770
v -1.584100 0.423157 -0.556887
v -1.582500 0.411696 -0.566472
v -1.542500 0.417027 -0.570268
v -1.492000 0.444167 -0.527311
v -1.442700 0.444529 -0.516371
v -1.440700 0.439765 -0.535983
v -1.493600 0.441770 -0.546283
v -1.439900 0.418223 -0.559880
v -1.493800 0.420369 -0.569171
v -1.493900 0.435240 -0.561390
v -1.439400 0.431915 -0.550766
v -1.398300 0.437064 -0.489762
v -1.353199 0.433069 -0.462548
v -1.338799 0.415144 -0.486635
v -1.390500 0.426526 -0.513417
v -1.325600 0.398185 -0.518679
v -1.384799 0.408875 -0.542196
v -1.386400 0.419086 -0.530079
v -1.330600 0.406082 -0.504695
v -2.150400 0.125783 -0.586589
v -2.145600 0.092793 -0.603143
v -2.127000 0.111368 -0.614178
v -2.133399 0.142150 -0.599256
v -2.114900 0.073111 -0.629736
v -2.133300 0.052075 -0.619446
v -2.116700 0.177019 -0.568569
v -2.134300 0.164057 -0.559310
v -2.136199 0.176184 -0.555996
v -2.119200 0.189803 -0.566219
v -2.133200 0.189846 -0.548086
v -2.117000 0.202726 -0.557651
v -2.120300 0.163269 -0.576685
v -2.138400 0.151059 -0.566581
v -2.134500 0.156798 -0.561938
v -2.116500 0.168950 -0.571044
v -2.145600 0.143093 -0.574258
v -2.128100 0.156977 -0.585568
v -2.089300 0.221649 -0.564358
v -2.089200 0.211046 -0.574894
v -2.052900 0.238261 -0.582920
v -2.055700 0.247344 -0.570369
v -2.047800 0.227342 -0.589769
v -2.085200 0.198965 -0.579006
v -2.046000 0.214530 -0.601937
v -2.085200 0.184257 -0.589583
v -2.082900 0.190150 -0.582427
v -2.045100 0.219718 -0.594722
v -2.092200 0.180043 -0.599746
v -2.050200 0.210533 -0.612388
v -2.055300 0.204238 -0.628082
v -2.099100 0.170665 -0.615820
v -2.017800 0.275881 -0.575312
v -2.014700 0.268048 -0.588692
v -1.977600 0.296257 -0.591451
v -1.979200 0.302070 -0.577788
v -1.975000 0.285309 -0.597800
v -2.009500 0.256677 -0.594666
v -1.818400 0.387686 -0.580698
v -1.818300 0.398193 -0.559949
v -1.855200 0.375873 -0.575678
v -1.855900 0.366465 -0.591254
v -1.854000 0.374448 -0.554726
v -1.817900 0.397240 -0.531657
v -1.945400 0.322752 -0.576880
v -1.945100 0.319088 -0.591318
v -1.914700 0.337552 -0.588436
v -1.914200 0.339260 -0.573110
v -1.918300 0.326003 -0.599930
v -1.946300 0.308938 -0.599324
v -1.973500 0.274195 -0.608166
v -2.007500 0.244588 -0.607192
v -2.006700 0.248660 -0.599742
v -1.975000 0.276664 -0.602413
v -1.944499 0.299775 -0.605369
v -1.952400 0.297533 -0.602996
v -2.010100 0.241748 -0.616875
v -1.973200 0.271332 -0.615746
v -1.970400 0.265874 -0.623478
v -2.011199 0.236364 -0.629310
v -1.940800 0.296609 -0.609461
v -1.912700 0.318743 -0.604261
v -1.913500 0.309294 -0.607117
v -1.935500 0.291722 -0.613252
v -1.887000 0.348394 -0.597419
v -1.885499 0.355223 -0.583997
v -1.884300 0.354841 -0.567191
v -2.093800 0.144693 -0.630761
v -2.050300 0.184097 -0.641681
v -2.037000 0.154767 -0.654013
v -2.083300 0.109020 -0.644266
v -2.005599 0.221568 -0.640092
v -1.962399 0.255808 -0.627773
v -1.952200 0.243400 -0.626294
v -1.993700 0.204749 -0.641976
v -1.941900 0.230080 -0.617757
v -1.977800 0.194118 -0.633182
v -1.961800 0.180651 -0.623851
v -1.929399 0.211702 -0.611819
v -1.978700 0.160173 -0.643680
v -1.999700 0.159470 -0.653939
v -1.863100 0.322498 -0.598231
v -1.894600 0.315126 -0.604071
v -1.885800 0.334522 -0.601735
v -1.855300 0.348777 -0.595393
v -1.923100 0.287805 -0.613081
v -1.909200 0.281424 -0.608445
v -1.733600 0.402674 -0.574913
v -1.774300 0.390632 -0.584833
v -1.727499 0.385441 -0.585136
v -1.772400 0.367808 -0.597085
v -1.841600 0.291108 -0.604473
v -1.886199 0.250390 -0.607054
v -1.898100 0.269481 -0.604636
v -1.854900 0.305978 -0.600098
v -1.816900 0.350979 -0.595364
v -1.816400 0.369396 -0.589981
v -1.804600 0.328773 -0.602773
v -1.822700 0.333044 -0.598717
v -1.789200 1.027416 -0.200923
v -1.742100 1.049109 -0.198453
v -1.766200 1.083951 -0.237586
v -1.818099 1.059902 -0.246004
v -1.712000 1.104161 -0.228592
v -1.692600 1.071300 -0.195954
v -1.650400 1.096983 -0.188042
v -1.664900 1.126016 -0.216897
v -1.625000 1.147818 -0.206006
v -1.613600 1.121931 -0.179572
v -1.553900 1.162067 -0.167008
v -1.566400 1.188622 -0.192903
v -1.593600 1.170000 -0.198198
v -1.582100 1.144236 -0.172157
v -1.529600 1.176062 -0.161382
v -1.542200 1.203699 -0.186913
v -1.519900 1.215951 -0.180587
v -1.507600 1.187644 -0.155596
v -1.486400 1.198299 -0.149364
v -1.498500 1.226317 -0.174572
v -1.477300 1.236437 -0.167770
v -1.464800 1.208536 -0.142856
v -1.441900 1.219503 -0.135102
v -1.455600 1.247985 -0.159682
v -1.431000 1.259657 -0.150285
v -1.416800 1.230664 -0.125535
v -1.390000 1.242947 -0.111194
v -1.404300 1.273479 -0.136556
v -1.374300 1.289788 -0.117371
v -1.359300 1.255086 -0.092654
v -1.323800 1.266904 -0.068623
v -1.339200 1.308342 -0.092046
v -1.301900 1.332263 -0.066005
v -1.281900 1.279824 -0.034311
v -1.217200 1.367183 0.006656
v -1.236200 1.405224 -0.022073
v -1.267100 1.366154 -0.042588
v -1.246900 1.324872 -0.013247
v -1.217600 1.274135 0.047597
v -1.233300 1.297995 0.019841
v -1.257900 1.259304 0.006561
v -1.239000 1.238186 0.033675
v -1.191000 1.314330 0.062567
v -1.205500 1.339953 0.037219
v -1.684800 1.020977 -0.162733
v -1.683100 1.041493 -0.181268
v -1.729800 1.017770 -0.179850
v -1.726200 0.994175 -0.165201
v -1.773499 0.996332 -0.176395
v -1.764700 0.971268 -0.162333
v -1.605300 1.074654 -0.147075
v -1.604000 1.095276 -0.167406
v -1.641300 1.068801 -0.175465
v -1.643900 1.048520 -0.155815
v -1.543100 1.117504 -0.129545
v -1.542700 1.136439 -0.153581
v -1.571700 1.118556 -0.159534
v -1.571700 1.098358 -0.137876
v -1.499400 1.141539 -0.115719
v -1.498800 1.162088 -0.139961
v -1.519600 1.150841 -0.146328
v -1.520100 1.131178 -0.121834
v -1.456100 1.161279 -0.105549
v -1.456200 1.183397 -0.127496
v -1.477900 1.172854 -0.133922
v -1.478300 1.151459 -0.110631
v -1.408000 1.181362 -0.089250
v -1.406800 1.204091 -0.111361
v -1.432500 1.193905 -0.120471
v -1.432300 1.171411 -0.098947
v -1.384099 1.190745 -0.074978
v -1.380100 1.213926 -0.097965
v -1.350800 1.221983 -0.081567
v -1.360100 1.198597 -0.056789
v -1.332900 1.202052 -0.037054
v -1.305300 1.198360 -0.016735
v -1.291600 1.231198 -0.031844
v -1.319000 1.229032 -0.059918
v -1.280600 1.185607 0.004357
v -1.269000 1.220721 -0.003407
v -1.246700 1.201849 0.017828
v -1.256299 1.166917 0.020795
v -1.758300 0.960129 -0.146556
v -1.725200 0.978720 -0.147573
v -1.727800 0.966401 -0.130463
v -1.750900 0.956857 -0.135128
v -1.693000 0.984068 -0.120816
v -1.687800 1.001459 -0.142438
v -1.648600 1.027007 -0.132230
v -1.655500 1.006541 -0.105979
v -1.619300 1.031392 -0.089000
v -1.610700 1.052421 -0.119725
v -1.576700 1.074968 -0.107890
v -1.585900 1.053213 -0.073300
v -1.556499 1.069783 -0.060311
v -1.547300 1.092700 -0.097638
v -1.523900 1.104653 -0.089626
v -1.533900 1.081831 -0.050491
v -1.513700 1.091393 -0.044423
v -1.503300 1.113434 -0.083904
v -1.716700 0.968770 -0.075030
v -1.702500 0.971058 -0.097034
v -1.737100 0.956436 -0.112514
v -1.751500 0.954946 -0.095572
v -1.765600 0.948310 -0.126011
v -1.782000 0.944762 -0.113296
v -1.666900 0.992740 -0.077235
v -1.682300 0.990219 -0.051238
v -1.649800 1.016517 -0.028164
v -1.633200 1.018468 -0.056399
v -1.571200 1.056298 -0.021532
v -1.600900 1.040689 -0.037269
v -1.617599 1.039092 -0.006510
v -1.586900 1.053022 0.012234
v -1.880300 0.929736 -0.063588
v -1.912700 0.914337 -0.084623
v -1.847700 0.946327 -0.044087
v -1.873400 0.932122 -0.073566
v -1.842800 0.949799 -0.055504
v -1.903500 0.915731 -0.094759
v -1.811900 0.970464 -0.021741
v -1.776800 1.001537 0.003616
v -1.770800 1.002605 -0.012950
v -1.807199 0.973776 -0.035571
v -1.743999 1.036740 0.032018
v -1.712600 1.071643 0.060403
v -1.704700 1.066357 0.041162
v -1.737600 1.035329 0.013304
v -1.677800 1.096668 0.086408
v -1.641000 1.108856 0.109258
v -1.634000 1.103177 0.093299
v -1.669700 1.090513 0.068318
v -1.605500 1.112285 0.125986
v -1.572000 1.110963 0.138330
v -1.568099 1.108033 0.123334
v -1.600200 1.107853 0.111002
v -1.541399 1.107420 0.147539
v -1.512700 1.105350 0.155532
v -1.509000 1.105450 0.140112
v -1.537800 1.106486 0.132659
v -1.485900 1.105077 0.163630
v -1.460299 1.105662 0.172479
v -1.456100 1.104633 0.155791
v -1.481900 1.104924 0.147393
v -1.435300 1.107474 0.182602
v -1.408600 1.110250 0.193382
v -1.404200 1.109193 0.177193
v -1.431000 1.105912 0.166483
v -1.344300 1.108501 0.213014
v -1.377700 1.111551 0.203676
v -1.340400 1.107679 0.196237
v -1.373100 1.110817 0.187105
v -1.310600 1.100547 0.220562
v -1.276600 1.089921 0.227554
v -1.275900 1.089968 0.211329
v -1.308200 1.100212 0.204015
v -1.813400 0.948953 -0.087307
v -1.829900 0.950509 -0.071089
v -1.794700 0.971051 -0.052358
v -1.779300 0.965713 -0.068998
v -1.758200 0.995922 -0.030570
v -1.743700 0.986485 -0.047349
v -1.710400 1.013723 -0.023219
v -1.697400 1.002332 -0.037408
v -1.730800 0.978100 -0.061563
v -1.664600 1.029160 -0.013101
v -1.677700 1.042319 0.001692
v -1.724900 1.026027 -0.005771
v -1.692100 1.055732 0.020707
v -1.643700 1.066110 0.026523
v -1.631299 1.050356 0.011578
v -1.599600 1.063394 0.033576
v -1.610900 1.079437 0.050441
v -1.657600 1.080035 0.047070
v -1.623200 1.092676 0.072451
v -1.554000 1.087568 0.075859
v -1.581700 1.085028 0.066194
v -1.591700 1.097274 0.089749
v -1.561800 1.099023 0.100970
v -1.504300 1.098558 0.115768
v -1.532400 1.099660 0.108920
v -1.499600 1.086651 0.089829
v -1.526500 1.088035 0.083299
v -1.448699 1.082447 0.105210
v -1.473900 1.084141 0.096794
v -1.477700 1.096535 0.122962
v -1.452000 1.095951 0.131242
v -1.396500 1.086202 0.128368
v -1.423400 1.083302 0.116279
v -1.426800 1.098656 0.141517
v -1.399800 1.102618 0.152567
v -1.336100 1.089927 0.150323
v -1.366500 1.089730 0.139994
v -1.369100 1.105206 0.163136
v -1.337300 1.102109 0.173273
v -1.824000 0.935119 -0.116264
v -1.804600 0.937181 -0.129266
v -1.832200 0.933139 -0.150939
v -1.841900 0.934384 -0.101983
v -1.848000 0.923334 -0.130576
v -1.868600 0.919222 -0.118495
v -1.797900 0.947057 -0.101142
v -1.859500 0.933515 -0.087108
v -1.887900 0.916796 -0.106116
v -1.765600 0.960928 -0.083102
v -1.848500 0.837835 -0.412445
v -1.837100 0.829894 -0.401690
v -1.818600 0.842628 -0.408759
v -1.828300 0.853709 -0.423538
v -1.799600 0.863880 -0.424446
v -1.797300 0.852399 -0.411393
v -1.896600 0.813997 -0.421051
v -1.886300 0.827701 -0.424156
v -1.873200 0.822342 -0.418159
v -1.881299 0.807217 -0.414736
v -1.826300 0.866177 -0.438035
v -1.828300 0.871462 -0.451349
v -1.804100 0.887802 -0.442982
v -1.802500 0.877577 -0.432560
v -1.857300 0.848773 -0.448769
v -1.846800 0.850551 -0.436344
v -1.860200 0.838911 -0.425705
v -1.871900 0.837756 -0.436791
v -1.844700 0.859218 -0.454369
v -1.839700 0.858206 -0.443910
v -1.909500 0.818042 -0.421716
v -1.920800 0.820995 -0.424248
v -1.907900 0.832448 -0.433395
v -1.897400 0.830642 -0.428192
v -1.831400 0.876820 -0.462456
v -1.805900 0.894245 -0.455527
v -1.810100 0.902655 -0.467457
v -1.837100 0.884374 -0.471731
v -1.875900 0.854951 -0.463634
v -1.866500 0.850467 -0.457184
v -1.882500 0.839644 -0.443392
v -1.892700 0.842102 -0.449459
v -1.850700 0.863020 -0.462861
v -1.858300 0.869259 -0.470210
v -1.816800 0.916233 -0.478683
v -1.846100 0.895986 -0.480167
v -1.830900 0.938605 -0.484388
v -1.863000 0.914941 -0.482265
v -1.935400 0.842667 -0.445419
v -1.919100 0.836145 -0.440091
v -1.930799 0.823893 -0.430990
v -1.943400 0.828766 -0.435514
v -1.904500 0.848089 -0.455921
v -1.922800 0.858605 -0.459313
v -1.905800 0.876517 -0.470988
v -1.887400 0.862988 -0.469174
v -1.868700 0.878946 -0.476555
v -1.886500 0.895059 -0.478018
v -1.978000 0.844651 -0.415953
v -1.963600 0.837805 -0.430778
v -1.963000 0.856992 -0.440275
v -1.985800 0.871731 -0.407960
v -1.982800 0.844362 -0.404150
v -1.989400 0.856213 -0.385827
v -1.892200 0.944658 -0.471413
v -1.857200 0.972615 -0.473284
v -1.880200 1.005036 -0.440136
v -1.919600 0.976162 -0.439720
v -1.952600 0.924118 -0.419923
v -1.935400 0.900210 -0.459886
v -1.952700 0.879296 -0.451693
v -1.975600 0.903344 -0.415828
v -1.916200 0.921318 -0.466266
v -1.939600 0.948255 -0.430132
v -1.991300 0.872186 -0.338615
v -1.978100 0.886574 -0.288290
v -1.983100 0.911599 -0.293138
v -1.994800 0.898219 -0.350416
v -1.924000 1.012874 -0.315466
v -1.886800 1.042570 -0.316235
v -1.892400 1.031552 -0.384795
v -1.932500 1.001299 -0.383057
v -1.973400 0.938381 -0.298885
v -1.983500 0.924933 -0.360174
v -1.956300 0.942789 -0.365741
v -1.950600 0.957222 -0.305897
v -1.948400 0.969668 -0.374889
v -1.939300 0.982006 -0.311761
v -1.926400 0.892455 -0.202100
v -1.949500 0.868717 -0.238146
v -1.957300 0.852636 -0.232074
v -1.925400 0.883297 -0.179095
v -1.939100 0.904697 -0.219615
v -1.951600 0.883008 -0.244423
v -1.859900 0.993169 -0.201121
v -1.829300 1.011010 -0.199578
v -1.862700 1.037145 -0.249137
v -1.896399 1.011854 -0.250014
v -1.962100 0.894437 -0.256577
v -1.960900 0.913313 -0.248762
v -1.896900 0.919292 -0.181398
v -1.870200 0.943570 -0.175171
v -1.880800 0.909017 -0.163267
v -1.901299 0.958024 -0.201373
v -1.922400 0.932690 -0.204957
v -1.874200 0.909476 -0.145410
v -1.897900 0.901878 -0.142248
v -1.837200 0.965733 -0.173876
v -1.808900 0.978334 -0.173540
v -1.795800 0.952162 -0.157640
v -1.859000 0.961461 -0.179635
v -1.882600 0.977067 -0.203265
v -1.783400 0.944946 -0.140432
v -1.915900 0.986204 -0.249911
v -1.932199 0.964219 -0.247389
v -1.951500 0.940538 -0.244967
v -1.919500 0.895957 -0.133478
v -1.936100 0.892015 -0.122590
v -1.947500 0.866083 -0.170785
v -1.968500 0.852522 -0.158155
v -1.945700 0.890052 -0.111285
v -1.972600 0.858168 -0.136488
v -2.126500 0.685593 -0.347618
v -2.113500 0.685865 -0.374548
v -2.138300 0.675349 -0.386582
v -2.151400 0.670661 -0.361212
v -2.092500 0.700233 -0.361587
v -2.105500 0.701935 -0.332438
v -2.088300 0.718102 -0.314264
v -2.074400 0.715582 -0.348269
v -2.056499 0.733890 -0.337583
v -2.072600 0.739739 -0.290261
v -2.038000 0.758443 -0.332642
v -2.022000 0.783565 -0.332275
v -2.046600 0.769126 -0.284035
v -2.021900 0.802955 -0.269837
v -2.009200 0.804463 -0.335060
v -2.001500 0.821883 -0.280050
v -1.972800 0.836156 -0.222620
v -1.988700 0.822231 -0.212315
v -2.078800 0.768780 -0.233570
v -2.057100 0.794835 -0.218323
v -2.050800 0.780186 -0.245324
v -2.074900 0.758190 -0.256326
v -2.022400 0.800833 -0.226688
v -2.027300 0.815126 -0.195300
v -2.000700 0.815493 -0.203292
v -1.999100 0.830114 -0.174089
v -2.003900 0.841583 -0.156090
v -2.036200 0.830277 -0.176885
v -2.063600 0.803198 -0.200305
v -2.084400 0.772967 -0.217798
v -2.096900 0.003534 -0.669864
v -2.121700 -0.017697 -0.663092
v -2.125600 0.013028 -0.640360
v -2.104500 0.034793 -0.649406
v -2.031000 0.055717 -0.678334
v -2.066500 0.028887 -0.676897
v -2.074800 0.067473 -0.661820
v -2.039400 0.100031 -0.672138
v -2.003300 0.121131 -0.669803
v -1.973300 0.137233 -0.650530
v -1.966600 0.108233 -0.644512
v -1.995900 0.081688 -0.666799
v -1.948500 0.157566 -0.626503
v -1.915100 0.185968 -0.617130
v -1.900599 0.159177 -0.621500
v -1.937700 0.132580 -0.625760
v -1.871700 0.223938 -0.615511
v -1.826200 0.265831 -0.614165
v -1.811200 0.238038 -0.628811
v -1.856600 0.196247 -0.625044
v -1.787400 0.307647 -0.613223
v -1.750900 0.342377 -0.607587
v -1.736600 0.312858 -0.606408
v -1.770900 0.278617 -0.622132
v -1.717200 0.362144 -0.591005
v -1.683600 0.374491 -0.579465
v -1.675300 0.352698 -0.581941
v -1.706200 0.336641 -0.589992
v -1.649899 0.383671 -0.575423
v -1.644200 0.363257 -0.580923
v -1.615700 0.390277 -0.575337
v -1.612000 0.370168 -0.582623
v -1.540699 0.399683 -0.580297
v -1.580400 0.395749 -0.578123
v -1.577400 0.374712 -0.584962
v -1.538300 0.377401 -0.586407
v -1.493299 0.401903 -0.578865
v -1.439900 0.400937 -0.570908
v -1.492300 0.379034 -0.585210
v -1.439000 0.378349 -0.580342
v -1.320199 0.387804 -0.531307
v -1.382500 0.395100 -0.555021
v -1.379200 0.375036 -0.568214
v -1.314700 0.374082 -0.543328
v -1.841000 0.170324 -0.616842
v -1.885800 0.135821 -0.610945
v -1.797800 0.212052 -0.617809
v -1.791000 0.192919 -0.590379
v -1.831600 0.153341 -0.586782
v -1.875000 0.120077 -0.581514
v -1.760800 0.252039 -0.607859
v -1.728100 0.286274 -0.593737
v -1.721300 0.260044 -0.573433
v -1.754600 0.229017 -0.584162
v -1.697600 0.311781 -0.581127
v -1.667400 0.329295 -0.573993
v -1.659400 0.303317 -0.556279
v -1.690000 0.285181 -0.563049
v -1.637700 0.340993 -0.571907
v -1.606900 0.347934 -0.572403
v -1.630300 0.315673 -0.553453
v -1.601000 0.322738 -0.552639
v -1.535700 0.351715 -0.573685
v -1.573400 0.350535 -0.574054
v -1.569400 0.324429 -0.552440
v -1.534400 0.326227 -0.548930
v -1.441000 0.350561 -0.565939
v -1.492000 0.352015 -0.571964
v -1.447200 0.334179 -0.530735
v -1.494300 0.329636 -0.542119
v -1.315900 0.348048 -0.534932
v -1.382200 0.347136 -0.553617
v -1.390400 0.335506 -0.515732
v -1.324600 0.336228 -0.500664
v -1.271000 0.686823 -0.387514
v -1.283700 0.687506 -0.368342
v -1.237600 0.706782 -0.343374
v -1.225000 0.704392 -0.359040
v -1.153700 0.674125 -0.362212
v -1.150200 0.651184 -0.358745
v -1.127600 0.665131 -0.340299
v -1.130800 0.686658 -0.341846
v -1.134000 0.646006 -0.338712
v -1.151600 0.630787 -0.349118
v -1.159100 0.712637 -0.340728
v -1.143000 0.704140 -0.341024
v -1.164200 0.693299 -0.359488
v -1.177400 0.707366 -0.351654
v -1.304500 0.694667 -0.343481
v -1.292300 0.686261 -0.352187
v -1.257400 0.711285 -0.312459
v -1.247700 0.708584 -0.329646
v -1.170700 0.720964 -0.310090
v -1.160900 0.719730 -0.326690
v -1.189400 0.717271 -0.339456
v -1.201100 0.721628 -0.324876
v -1.128700 0.689240 -0.300324
v -1.117700 0.694077 -0.319675
v -1.136200 0.712098 -0.321226
v -1.144700 0.709481 -0.302147
v -1.116000 0.668422 -0.319472
v -1.129500 0.663401 -0.303838
v -1.131900 0.644708 -0.323362
v -1.140300 0.643585 -0.311007
v -1.269500 0.519152 -0.379183
v -1.301700 0.486718 -0.398409
v -1.297100 0.476993 -0.369126
v -1.273000 0.509462 -0.348797
v -1.298600 0.446437 -0.391347
v -1.321000 0.457122 -0.414763
v -1.305900 0.432074 -0.438666
v -1.269700 0.424848 -0.414446
v -1.233300 0.417047 -0.436939
v -1.282000 0.415693 -0.461761
v -1.267300 0.405340 -0.479996
v -1.258100 0.395311 -0.493504
v -1.210400 0.413804 -0.456863
v -1.195700 0.406153 -0.473337
v -1.184900 0.392471 -0.486057
v -1.250500 0.384884 -0.503630
v -1.244600 0.374934 -0.511624
v -1.177800 0.377112 -0.495770
v -1.176900 0.354727 -0.496678
v -1.242800 0.353488 -0.513178
v -1.185500 0.339360 -0.478844
v -1.250200 0.338440 -0.488814
v -1.130700 0.379642 -0.482500
v -1.134700 0.354422 -0.479466
v -1.111900 0.376812 -0.464935
v -1.118100 0.358190 -0.454804
v -1.137000 0.340183 -0.444938
v -1.148800 0.339171 -0.465332
v -1.138400 0.401016 -0.469430
v -1.115500 0.390049 -0.446331
v -1.152100 0.416091 -0.451420
v -1.130600 0.401467 -0.425729
v -1.134100 0.375169 -0.414545
v -1.121000 0.367217 -0.432740
v -1.138100 0.347842 -0.425157
v -1.143500 0.357413 -0.412377
v -1.171400 0.421794 -0.432455
v -1.201300 0.419963 -0.413129
v -1.188100 0.404673 -0.394890
v -1.152000 0.406735 -0.407892
v -1.162199 0.327191 -0.436882
v -1.164100 0.329680 -0.453766
v -1.197100 0.325469 -0.457117
v -1.202100 0.315249 -0.431370
v -1.188200 0.378845 -0.384880
v -1.154400 0.377994 -0.399454
v -1.161700 0.352836 -0.402628
v -1.195600 0.349512 -0.388598
v -1.162400 0.335026 -0.416691
v -1.200700 0.325523 -0.404925
v -1.502200 0.929799 -0.193205
v -1.469200 0.955062 -0.176403
v -1.457600 0.921899 -0.167723
v -1.489400 0.896162 -0.181548
v -1.411800 1.028256 -0.230724
v -1.370100 1.045090 -0.218822
v -1.386600 1.020945 -0.184472
v -1.425500 1.004958 -0.193721
v -1.322700 1.051623 -0.164348
v -1.355700 1.035418 -0.175012
v -1.336200 1.062201 -0.206503
v -1.301200 1.081837 -0.192834
v -1.470900 0.871906 -0.176154
v -1.439500 0.872919 -0.198634
v -1.440800 0.900907 -0.165043
v -1.412300 0.901016 -0.187475
v -1.428300 0.974671 -0.170849
v -1.391200 0.992719 -0.164285
v -1.386400 0.967824 -0.156524
v -1.421300 0.946464 -0.162982
v -1.360800 1.007085 -0.156433
v -1.328700 1.022827 -0.144695
v -1.322600 0.998848 -0.137181
v -1.356100 0.983629 -0.147587
v -1.407900 0.929481 -0.163774
v -1.382500 0.928581 -0.184362
v -1.374500 0.954069 -0.162838
v -1.350100 0.951344 -0.179625
v -1.363600 0.921080 -0.222264
v -1.392200 0.898390 -0.236812
v -1.333800 0.900487 -0.267542
v -1.303500 0.919692 -0.244783
v -1.308700 0.984712 -0.142114
v -1.342600 0.971535 -0.156608
v -1.318099 0.969956 -0.172427
v -1.285000 0.981289 -0.155537
v -1.301400 0.884838 -0.280878
v -1.287700 0.862225 -0.279596
v -1.270200 0.902166 -0.253420
v -1.254500 0.880245 -0.253700
v -1.303400 0.954049 -0.198500
v -1.333400 0.939341 -0.210779
v -1.276400 0.933710 -0.225833
v -1.252400 0.945848 -0.208996
v -1.248000 0.979254 -0.165272
v -1.275300 0.967989 -0.185063
v -1.230300 0.958339 -0.191337
v -1.210200 0.969857 -0.169027
v -1.290699 0.840106 -0.259352
v -1.300300 0.825060 -0.233285
v -1.254600 0.856427 -0.236961
v -1.261000 0.840481 -0.214353
v -1.220800 0.928535 -0.214415
v -1.243700 0.915861 -0.232385
v -1.226200 0.895238 -0.234292
v -1.200900 0.909801 -0.217814
v -1.200900 0.942418 -0.194872
v -1.180700 0.926087 -0.196528
v -1.184500 0.954882 -0.169902
v -1.167099 0.940467 -0.168341
v -1.297400 0.807126 -0.216102
v -1.278000 0.786878 -0.217586
v -1.251600 0.823238 -0.205544
v -1.231500 0.803607 -0.205590
v -1.221600 0.872335 -0.222909
v -1.192200 0.889598 -0.209779
v -1.191200 0.875487 -0.194577
v -1.223500 0.856868 -0.205081
v -1.157200 0.926946 -0.159815
v -1.170300 0.909130 -0.189205
v -1.145400 0.914536 -0.151425
v -1.165400 0.895523 -0.177479
v -1.175900 0.860062 -0.191171
v -1.210600 0.840932 -0.201505
v -1.189500 0.820697 -0.199783
v -1.152700 0.838581 -0.190423
v -1.147700 0.880404 -0.174155
v -1.121500 0.858195 -0.174652
v -1.121100 0.902761 -0.152213
v -1.090600 0.881885 -0.153233
v -2.120100 0.607528 -0.551019
v -2.148200 0.591463 -0.548653
v -2.123200 0.589368 -0.560796
v -2.161100 0.561819 -0.552189
v -2.141600 0.607837 -0.542587
v -2.116700 0.619841 -0.540583
v -2.139300 0.618092 -0.536378
v -2.117700 0.623949 -0.530326
v -2.138800 0.624349 -0.528600
v -2.120300 0.626325 -0.521272
v -2.155900 0.606266 -0.549991
v -2.151700 0.618729 -0.543854
v -2.163100 0.620455 -0.547659
v -2.168100 0.607932 -0.554502
v -2.160400 0.629242 -0.540334
v -2.149400 0.627311 -0.536440
v -2.120600 0.632371 -0.511603
v -2.137100 0.629744 -0.518067
v -2.134200 0.635045 -0.504234
v -2.118700 0.638123 -0.502051
v -2.119200 0.643306 -0.493033
v -2.114400 0.642865 -0.495763
v -2.147300 0.633745 -0.526548
v -2.158700 0.635957 -0.531828
v -2.158700 0.642103 -0.522153
v -2.146500 0.639804 -0.515375
v -2.141600 0.653033 -0.484651
v -2.126300 0.659535 -0.481066
v -2.122400 0.649667 -0.488755
v -2.137600 0.643117 -0.494947
v -2.148600 0.646355 -0.504074
v -2.161000 0.647838 -0.510598
v -2.166800 0.653757 -0.497030
v -2.153900 0.654106 -0.490999
v -2.149100 0.662030 -0.468899
v -2.132100 0.668191 -0.466336
v -2.138100 0.674633 -0.449731
v -2.157300 0.668865 -0.452172
v -2.198400 0.606970 -0.551753
v -2.183800 0.607938 -0.554602
v -2.192600 0.590719 -0.559915
v -2.207000 0.590480 -0.555822
v -2.176600 0.590038 -0.560256
v -2.189700 0.566230 -0.564252
v -2.204500 0.568632 -0.562508
v -2.217800 0.570555 -0.557688
v -2.188900 0.626183 -0.539411
v -2.174900 0.628261 -0.540692
v -2.178100 0.619867 -0.547894
v -2.192400 0.618341 -0.545780
v -2.187800 0.636218 -0.526003
v -2.173700 0.640082 -0.525276
v -2.173400 0.634453 -0.533519
v -2.187300 0.631729 -0.533177
v -2.182000 0.649662 -0.502378
v -2.176200 0.645488 -0.514943
v -2.190200 0.640085 -0.516761
v -2.195400 0.642955 -0.505875
v -2.225300 0.571450 -0.549021
v -2.215000 0.589179 -0.547284
v -2.218400 0.586593 -0.537318
v -2.228199 0.571037 -0.538527
v -2.210500 0.599572 -0.534856
v -2.206700 0.604108 -0.543907
v -2.201200 0.614456 -0.539295
v -2.205300 0.608692 -0.531518
v -2.202500 0.614672 -0.527563
v -2.198200 0.621581 -0.534371
v -2.196900 0.626304 -0.529487
v -2.201400 0.618438 -0.523436
v -2.201300 0.620735 -0.518193
v -2.197000 0.629454 -0.523393
v -2.198500 0.632193 -0.515420
v -2.202600 0.634246 -0.505984
v -2.202200 0.622817 -0.510959
v -2.205300 0.624523 -0.502445
v -2.211600 0.625378 -0.493079
v -2.210900 0.635471 -0.496095
v -2.220600 0.625123 -0.483578
v -2.222700 0.634394 -0.487944
v -2.218800 0.644759 -0.485335
v -2.204800 0.644885 -0.494343
v -2.236400 0.630485 -0.481061
v -2.252300 0.622753 -0.477305
v -2.233000 0.622936 -0.475291
v -2.248100 0.616349 -0.470568
v -2.255800 0.631267 -0.479012
v -2.236500 0.640269 -0.480489
v -2.291000 0.599063 -0.483298
v -2.274700 0.617549 -0.480815
v -2.268900 0.609646 -0.477571
v -2.283300 0.591835 -0.479613
v -2.263800 0.603894 -0.469993
v -2.277400 0.586935 -0.471185
v -2.287700 0.567075 -0.470743
v -2.294000 0.570595 -0.479553
v -2.300900 0.547729 -0.479086
v -2.294000 0.545642 -0.470794
v -2.310200 0.551116 -0.483897
v -2.302600 0.576055 -0.483841
v -2.304000 0.525374 -0.478790
v -2.297000 0.524772 -0.471913
v -2.294200 0.507822 -0.478413
v -2.313700 0.504848 -0.485800
v -2.314100 0.526887 -0.484111
v -2.297300 0.492819 -0.492513
v -2.307400 0.486976 -0.493656
v -2.302600 0.505982 -0.482928
v -2.289299 0.497706 -0.488721
v -2.283000 0.492869 -0.500223
v -2.289900 0.486337 -0.505012
v -2.298000 0.477986 -0.507804
v -2.281900 0.487525 -0.518466
v -2.287600 0.478403 -0.523507
v -2.276400 0.494256 -0.511962
v -2.273900 0.497373 -0.531013
v -2.269400 0.502984 -0.522471
v -2.277200 0.488638 -0.539236
v -2.260000 0.518273 -0.530392
v -2.263400 0.514264 -0.540644
v -2.249800 0.533640 -0.546523
v -2.249300 0.536615 -0.535731
v -2.246500 0.527518 -0.556597
v -2.263300 0.506439 -0.550717
v -2.236700 0.552612 -0.548920
v -2.230800 0.549033 -0.557944
v -2.238400 0.554190 -0.538210
v -2.227499 0.616039 -0.466980
v -2.216400 0.615924 -0.477003
v -2.210600 0.606572 -0.469536
v -2.242599 0.610381 -0.461000
v -2.220400 0.608567 -0.457399
v -2.235900 0.604119 -0.449846
v -2.257800 0.598502 -0.459991
v -2.251000 0.592816 -0.448403
v -2.263500 0.577647 -0.449390
v -2.270800 0.582429 -0.460930
v -2.272700 0.560207 -0.449207
v -2.280600 0.563773 -0.460518
v -2.278800 0.541815 -0.449881
v -2.286800 0.543960 -0.460875
v -2.289400 0.524875 -0.463393
v -2.280500 0.524708 -0.453686
v -2.277200 0.511962 -0.461844
v -2.286000 0.510297 -0.471057
v -2.280900 0.502383 -0.481336
v -2.271800 0.505329 -0.471748
v -2.265700 0.503140 -0.482293
v -2.275000 0.498703 -0.492069
v -2.269200 0.500244 -0.502998
v -2.260499 0.505450 -0.492676
v -2.255100 0.512676 -0.501470
v -2.263000 0.507903 -0.512367
v -2.245900 0.538006 -0.523529
v -2.236600 0.553866 -0.525808
v -2.240600 0.538845 -0.510458
v -2.232600 0.552479 -0.512366
v -2.224800 0.565380 -0.513715
v -2.227600 0.568740 -0.526641
v -2.248200 0.524623 -0.507082
v -2.254800 0.521524 -0.519183
v -2.227900 0.596531 -0.438269
v -2.243600 0.586473 -0.435852
v -2.220200 0.583527 -0.430014
v -2.235600 0.577157 -0.425578
v -2.256100 0.572303 -0.436780
v -2.247400 0.564926 -0.425391
v -2.255100 0.550973 -0.426607
v -2.264600 0.556101 -0.437226
v -2.257200 0.535563 -0.430313
v -2.269800 0.538748 -0.438541
v -2.270100 0.523355 -0.444249
v -2.257500 0.522835 -0.437067
v -2.253500 0.514910 -0.445444
v -2.266500 0.512653 -0.453088
v -2.261000 0.507405 -0.462711
v -2.249400 0.510920 -0.454292
v -2.243900 0.512303 -0.462525
v -2.255100 0.506985 -0.472653
v -2.250600 0.510668 -0.482554
v -2.240800 0.516046 -0.471722
v -2.237100 0.522902 -0.477632
v -2.246300 0.517841 -0.490449
v -2.233200 0.531057 -0.481763
v -2.240700 0.528216 -0.494851
v -2.234300 0.539766 -0.497081
v -2.227700 0.539695 -0.482160
v -2.212300 0.593345 -0.526004
v -2.207900 0.601443 -0.524028
v -2.212399 0.587165 -0.516248
v -2.208899 0.594969 -0.516093
v -2.206800 0.600565 -0.515866
v -2.205300 0.606671 -0.520918
v -2.219900 0.535936 -0.438405
v -2.222300 0.537511 -0.463656
v -2.226799 0.532196 -0.466972
v -2.228300 0.527536 -0.460933
v -2.238600 0.521712 -0.440138
v -2.243999 0.525156 -0.433926
v -2.240499 0.533626 -0.428022
v -2.206200 0.600056 -0.510586
v -2.204100 0.609432 -0.516750
v -2.205600 0.600447 -0.503552
v -2.203800 0.610808 -0.511160
v -2.234000 0.552107 -0.423736
v -2.228100 0.562959 -0.424304
v -2.216900 0.562845 -0.429219
v -2.242100 0.544708 -0.423968
v -2.232900 0.520868 -0.451406
v -2.238500 0.517834 -0.447477
v -2.232500 0.521969 -0.459957
v -2.222800 0.548420 -0.484054
v -2.227499 0.551075 -0.498624
v -2.217400 0.557047 -0.484251
v -2.221100 0.561973 -0.499991
v -2.215100 0.549285 -0.464570
v -2.219600 0.543799 -0.468397
v -2.205200 0.559913 -0.451027
v -2.206700 0.567170 -0.438082
v -2.206000 0.584838 -0.442158
v -2.202300 0.581330 -0.462698
v -2.219000 0.582070 -0.526764
v -2.217900 0.577083 -0.515135
v -2.211100 0.582677 -0.504590
v -2.208200 0.591531 -0.506978
v -2.208800 0.579810 -0.491535
v -2.206800 0.590349 -0.497030
v -2.215500 0.572719 -0.502167
v -2.212300 0.568026 -0.487015
v -2.205400 0.601483 -0.495578
v -2.204300 0.612402 -0.504155
v -2.206300 0.613826 -0.495958
v -2.205700 0.603013 -0.487475
v -2.207300 0.605065 -0.479742
v -2.210200 0.614904 -0.486980
v -2.205700 0.578183 -0.477406
v -2.205100 0.590635 -0.486495
v -2.203900 0.592635 -0.477864
v -2.204600 0.596192 -0.463331
v -2.204200 0.596788 -0.473514
v -2.211500 0.599410 -0.448118
v -2.208800 0.562167 -0.469027
v -2.176800 0.562597 -0.560357
v -2.163900 0.588372 -0.555745
v -2.220100 0.542994 -0.564308
v -2.207800 0.535811 -0.568233
v -2.238800 0.516903 -0.565232
v -2.228899 0.503876 -0.572003
v -2.251800 0.475545 -0.567148
v -2.259099 0.492571 -0.560243
v -2.277800 0.473485 -0.547334
v -2.274899 0.454387 -0.553059
v -2.297600 0.443402 -0.531363
v -2.293900 0.463357 -0.528293
v -2.308700 0.464544 -0.509191
v -2.321100 0.442354 -0.506581
v -2.335400 0.469174 -0.487284
v -2.321500 0.478785 -0.492332
v -2.330700 0.503497 -0.486680
v -2.354300 0.500856 -0.482627
v -2.346100 0.459411 -0.479640
v -2.366300 0.481768 -0.476531
v -2.336800 0.433269 -0.491686
v -2.330200 0.529577 -0.483853
v -2.348000 0.533472 -0.478517
v -2.323300 0.556525 -0.480475
v -2.336400 0.562265 -0.472426
v -2.323500 0.590970 -0.468244
v -2.313400 0.583720 -0.477884
v -2.299800 0.608472 -0.476337
v -2.308000 0.617273 -0.465806
v -2.287000 0.637368 -0.463429
v -2.281100 0.627693 -0.474412
v -2.258000 0.641317 -0.472714
v -2.259900 0.649854 -0.461097
v -2.192100 0.652827 -0.487969
v -2.208400 0.654176 -0.476771
v -2.194000 0.664099 -0.463169
v -2.177100 0.659512 -0.480666
v -2.163300 0.661945 -0.474313
v -2.173400 0.666943 -0.456992
v -2.228500 0.658345 -0.460700
v -2.232100 0.650225 -0.472594
v -2.143200 0.678302 -0.435393
v -2.150900 0.676036 -0.418897
v -2.163900 0.672552 -0.438133
v -2.173700 0.670414 -0.423833
v -2.200800 0.665321 -0.446369
v -2.180900 0.668616 -0.442771
v -2.192300 0.666577 -0.430168
v -2.206600 0.664221 -0.436116
v -2.192400 0.663809 -0.406790
v -2.165600 0.667435 -0.396861
v -2.181200 0.660949 -0.375002
v -2.211400 0.657696 -0.389617
v -2.227900 0.659530 -0.431281
v -2.214300 0.661074 -0.418269
v -2.236300 0.654143 -0.405952
v -2.260800 0.649362 -0.425264
v -2.261700 0.651539 -0.445371
v -2.229700 0.659496 -0.446108
v -2.290300 0.640798 -0.448403
v -2.312100 0.620185 -0.452213
v -2.315500 0.622521 -0.439054
v -2.292200 0.639922 -0.433429
v -2.329300 0.593929 -0.455450
v -2.346400 0.566392 -0.460766
v -2.355900 0.573460 -0.451438
v -2.335700 0.598707 -0.444653
v -2.376000 0.512557 -0.472026
v -2.364600 0.538637 -0.469200
v -2.374000 0.546365 -0.454023
v -2.380599 0.495234 -0.472137
v -2.375000 0.561033 -0.439342
v -2.360800 0.583094 -0.441458
v -2.370000 0.582848 -0.425245
v -2.361100 0.593538 -0.431632
v -2.350000 0.614334 -0.425809
v -2.342800 0.608475 -0.436970
v -2.322200 0.631797 -0.429797
v -2.329800 0.646324 -0.414423
v -2.359100 0.611650 -0.410740
v -2.345200 0.642409 -0.393716
v -2.302100 0.656885 -0.408296
v -2.298200 0.643468 -0.420400
v -2.279100 0.652052 -0.392451
v -2.272600 0.643913 -0.407452
v -2.332400 0.671021 -0.372510
v -2.323600 0.694888 -0.350681
v -2.312200 0.698565 -0.363889
v -2.318799 0.675789 -0.388960
v -2.322400 0.712452 -0.332425
v -2.313200 0.716831 -0.338780
v -2.294600 0.712726 -0.338820
v -2.291399 0.693285 -0.364398
v -2.285500 0.696562 -0.333053
v -2.278100 0.674370 -0.350978
v -2.296200 0.674520 -0.389535
v -2.278700 0.663392 -0.373958
v -2.281900 0.685300 -0.330606
v -2.276000 0.671833 -0.336702
v -2.264100 0.663008 -0.334814
v -2.248200 0.671684 -0.325592
v -2.243200 0.670483 -0.334177
v -2.262100 0.662082 -0.344685
v -2.114400 0.769773 -0.248838
v -2.127500 0.774832 -0.239426
v -2.110200 0.760026 -0.229473
v -2.101099 0.758465 -0.242186
v -2.145000 0.781280 -0.255478
v -2.151000 0.777592 -0.255793
v -2.159600 0.782277 -0.243399
v -2.148499 0.785706 -0.243799
v -2.167600 0.773907 -0.249297
v -2.157500 0.770426 -0.260019
v -2.112900 0.772656 -0.263895
v -2.130900 0.783295 -0.253957
v -2.134000 0.777488 -0.266017
v -2.117700 0.766418 -0.283993
v -2.096500 0.757782 -0.263062
v -2.098100 0.749547 -0.284979
v -2.139400 0.771069 -0.269297
v -2.130800 0.761803 -0.283862
v -2.138400 0.758609 -0.282346
v -2.146000 0.764426 -0.272189
v -2.130800 0.726985 -0.318854
v -2.120800 0.746322 -0.303499
v -2.105900 0.734319 -0.305503
v -2.119300 0.715192 -0.322748
v -2.187100 0.745671 -0.270080
v -2.176800 0.761630 -0.258629
v -2.164999 0.759172 -0.267989
v -2.174300 0.744259 -0.278477
v -2.147900 0.734525 -0.302185
v -2.140400 0.749204 -0.291110
v -2.131299 0.748092 -0.297786
v -2.139300 0.731328 -0.310887
v -2.152200 0.753853 -0.279819
v -2.160300 0.739521 -0.289973
v -2.201300 0.706949 -0.303396
v -2.212500 0.707950 -0.296526
v -2.198500 0.727369 -0.282569
v -2.185900 0.726602 -0.290027
v -2.166500 0.685220 -0.339526
v -2.146200 0.706164 -0.331089
v -2.137600 0.695445 -0.336224
v -2.160700 0.675505 -0.346404
v -2.230500 0.688020 -0.312016
v -2.221700 0.686426 -0.319021
v -2.248300 0.650020 -0.391969
v -2.221500 0.655106 -0.374442
v -2.255000 0.651506 -0.376256
v -2.224900 0.659734 -0.357644
v -2.178600 0.696935 -0.324016
v -2.160800 0.716611 -0.312748
v -2.153000 0.711863 -0.322342
v -2.170100 0.692986 -0.331860
v -2.190300 0.660802 -0.358783
v -2.193000 0.668511 -0.348416
v -2.201200 0.677393 -0.337579
v -2.189000 0.677856 -0.340357
v -2.259300 0.657854 -0.359757
v -2.236600 0.665857 -0.345866
v -2.212100 0.681601 -0.329019
v -2.189500 0.702318 -0.313283
v -2.172500 0.722130 -0.300906
v -2.116000 0.544849 -0.565201
v -2.122500 0.566740 -0.567828
v -2.156000 0.536163 -0.551985
v -2.150000 0.515341 -0.550498
v -2.098800 0.514201 -0.536140
v -2.105500 0.531277 -0.554074
v -2.138400 0.501615 -0.541884
v -2.125100 0.496809 -0.531647
v -2.188400 0.518001 -0.551444
v -2.217200 0.490107 -0.567799
v -2.195800 0.527462 -0.564214
v -2.207800 0.478344 -0.556767
v -2.227700 0.444280 -0.554951
v -2.240200 0.458240 -0.564153
v -2.265900 0.433634 -0.552769
v -2.251600 0.416185 -0.545575
v -2.282300 0.396538 -0.524786
v -2.295100 0.418750 -0.531201
v -2.318700 0.412922 -0.508602
v -2.331500 0.413314 -0.496459
v -2.171200 0.486147 -0.542888
v -2.180600 0.502265 -0.547856
v -2.186400 0.459214 -0.534545
v -2.198300 0.467548 -0.546880
v -2.136800 0.477044 -0.515673
v -2.157300 0.476298 -0.530341
v -2.170100 0.455534 -0.516129
v -2.148400 0.457491 -0.494778
v -2.215400 0.436357 -0.541090
v -2.216600 0.411154 -0.509206
v -2.234500 0.408292 -0.530510
v -2.201000 0.433816 -0.523308
v -2.259400 0.383853 -0.513407
v -2.234100 0.390179 -0.493103
v -2.105600 0.488474 -0.507292
v -2.069600 0.501354 -0.501430
v -2.084599 0.471070 -0.458023
v -2.118800 0.463547 -0.474991
v -2.036700 0.510453 -0.492584
v -2.006700 0.518949 -0.481970
v -2.018000 0.491968 -0.429956
v -2.050500 0.480136 -0.443469
v -1.952100 0.534904 -0.463608
v -1.978100 0.526926 -0.472789
v -1.987600 0.505549 -0.417242
v -1.960800 0.519970 -0.405180
v -1.858700 0.582593 -0.415744
v -1.869400 0.575239 -0.420181
v -1.876800 0.574096 -0.352632
v -1.865499 0.583028 -0.349506
v -1.888000 0.564856 -0.359082
v -1.880500 0.567979 -0.426214
v -1.830800 0.601139 -0.410853
v -1.846300 0.591232 -0.412735
v -1.851000 0.592249 -0.347865
v -1.833600 0.598925 -0.347274
v -1.853500 0.581313 -0.289303
v -1.835900 0.581842 -0.288070
v -1.868999 0.576173 -0.292208
v -1.810400 0.610006 -0.410035
v -1.785200 0.614832 -0.412056
v -1.791500 0.600099 -0.350211
v -1.813900 0.600740 -0.347469
v -1.798300 0.575923 -0.287915
v -1.818200 0.579205 -0.287523
v -1.756299 0.621172 -0.417696
v -1.725700 0.629627 -0.421810
v -1.736700 0.602519 -0.362490
v -1.765000 0.600772 -0.356582
v -1.774100 0.573244 -0.290075
v -1.748300 0.570354 -0.292047
v -1.693799 0.633508 -0.421383
v -1.669200 0.625099 -0.423176
v -1.686000 0.593898 -0.365799
v -1.709100 0.601532 -0.364451
v -1.911200 0.552276 -0.443761
v -1.930099 0.543546 -0.453787
v -1.937600 0.532646 -0.394121
v -1.917900 0.544013 -0.382939
v -1.894500 0.560148 -0.434485
v -1.901500 0.554688 -0.370195
v -1.880599 0.568315 -0.296574
v -1.892000 0.558441 -0.304163
v -2.024899 0.466884 -0.391554
v -1.993600 0.484214 -0.374414
v -1.966700 0.503181 -0.357879
v -1.922900 0.532352 -0.330831
v -1.943099 0.518601 -0.344056
v -1.905800 0.545940 -0.316513
v -2.095800 0.448627 -0.425377
v -2.129500 0.445682 -0.448689
v -2.140200 0.433163 -0.431590
v -2.167700 0.428249 -0.458923
v -2.158400 0.441726 -0.475265
v -2.182199 0.436801 -0.500695
v -2.194200 0.419848 -0.484858
v -2.206700 0.403934 -0.469660
v -2.177999 0.416615 -0.446681
v -2.153900 0.424391 -0.427194
v -2.059900 0.455005 -0.407675
v -2.089300 0.211303 -0.531305
v -2.070700 0.226018 -0.534552
v -2.081300 0.225190 -0.549526
v -2.104599 0.208556 -0.544288
v -2.052600 0.249218 -0.552729
v -2.046000 0.246711 -0.535546
v -2.017400 0.275794 -0.556686
v -2.014400 0.270804 -0.538145
v -1.980400 0.293458 -0.540127
v -1.980400 0.300174 -0.559067
v -1.947299 0.319130 -0.557759
v -1.948900 0.310793 -0.538512
v -1.919800 0.324824 -0.533485
v -1.916800 0.334394 -0.553260
v -1.888300 0.348889 -0.545902
v -1.892400 0.337076 -0.525457
v -1.858000 0.365660 -0.529496
v -1.862100 0.350008 -0.506770
v -2.101000 0.202474 -0.524208
v -2.119600 0.199240 -0.535717
v -2.061300 0.193686 -0.516107
v -2.082200 0.198612 -0.518123
v -2.074300 0.209991 -0.522567
v -2.061300 0.205776 -0.519007
v -2.046600 0.213081 -0.518880
v -2.058700 0.222992 -0.523911
v -2.036300 0.239334 -0.524157
v -2.024300 0.225765 -0.518239
v -1.969300 0.264363 -0.518788
v -1.975900 0.280532 -0.528060
v -2.007300 0.259997 -0.526356
v -1.997900 0.244697 -0.518234
v -1.916200 0.294948 -0.510790
v -1.919100 0.311052 -0.520667
v -1.946400 0.296963 -0.526399
v -1.942400 0.281229 -0.515999
v -1.864700 0.333859 -0.492688
v -1.892500 0.322195 -0.512503
v -1.892000 0.306902 -0.501076
v -1.868000 0.318660 -0.481156
v -2.036700 0.195543 -0.513595
v -2.012300 0.206978 -0.508719
v -1.959400 0.234608 -0.487871
v -1.962200 0.246898 -0.506186
v -1.987300 0.225916 -0.507111
v -1.981000 0.215805 -0.488369
v -1.960500 0.226682 -0.470504
v -1.976400 0.215006 -0.474693
v -1.916500 0.265517 -0.478552
v -1.914299 0.279516 -0.496967
v -1.938300 0.265215 -0.502510
v -1.937600 0.250969 -0.485012
v -1.924200 0.252296 -0.456286
v -1.942600 0.239168 -0.464766
v -1.897600 0.279063 -0.466942
v -1.892900 0.292503 -0.486090
v -1.872800 0.304807 -0.466940
v -1.880100 0.292564 -0.449424
v -1.889600 0.281080 -0.427757
v -1.907000 0.266305 -0.444047
v -1.867300 0.293155 -0.408119
v -1.843500 0.303555 -0.390683
v -1.844300 0.309726 -0.407151
v -1.860000 0.303988 -0.425517
v -1.851000 0.316304 -0.437419
v -1.841300 0.330658 -0.446496
v -1.831500 0.320496 -0.406321
v -1.816600 0.335429 -0.408153
v -1.822400 0.315086 -0.380593
v -1.802500 0.328066 -0.374725
v -1.800700 0.352744 -0.411348
v -1.831500 0.347103 -0.455352
v -1.823800 0.365213 -0.470421
v -1.778100 0.382073 -0.421253
v -1.820400 0.384980 -0.498415
v -1.779100 0.410546 -0.469675
v -1.782000 0.343417 -0.370022
v -1.758100 0.365405 -0.364029
v -1.740900 0.450640 -0.458115
v -1.740100 0.428591 -0.409920
v -1.714000 0.475818 -0.402151
v -1.710700 0.499176 -0.452173
v -1.707500 0.440972 -0.338977
v -1.730300 0.400155 -0.353583
v -1.686200 0.544267 -0.442125
v -1.691500 0.515817 -0.390697
v -1.675800 0.548207 -0.379288
v -1.665800 0.578165 -0.432531
v -1.659800 0.605185 -0.426945
v -1.672400 0.575223 -0.370196
v -1.690600 0.477897 -0.322895
v -1.677600 0.509377 -0.307932
v -1.723200 0.565939 -0.291905
v -1.698800 0.557406 -0.291602
v -1.678400 0.538608 -0.295606
v -1.288400 0.717357 -0.311803
v -1.320300 0.706511 -0.343891
v -1.295800 0.748178 -0.240984
v -1.320199 0.744714 -0.270837
v -1.301500 0.719164 -0.270728
v -1.277900 0.717467 -0.238272
v -1.204000 0.775614 -0.204822
v -1.253800 0.759415 -0.215585
v -1.230300 0.728725 -0.220084
v -1.177800 0.744689 -0.212139
v -1.124400 0.806954 -0.189167
v -1.161500 0.791067 -0.198409
v -1.134700 0.758697 -0.205009
v -1.096300 0.772271 -0.195601
v -1.054300 0.850062 -0.157197
v -1.090100 0.825022 -0.176090
v -1.058600 0.788036 -0.184262
v -1.018200 0.812517 -0.167806
v -1.213600 0.716407 -0.309254
v -1.227600 0.697481 -0.293933
v -1.207100 0.682827 -0.286575
v -1.186200 0.708232 -0.296209
v -1.163000 0.695227 -0.291360
v -1.186000 0.670953 -0.285666
v -1.172700 0.660981 -0.288153
v -1.150200 0.676189 -0.291270
v -1.281900 0.697981 -0.275071
v -1.265600 0.688345 -0.242178
v -1.261600 0.658366 -0.246835
v -1.263200 0.680716 -0.277884
v -1.218500 0.698533 -0.229662
v -1.164900 0.714836 -0.224101
v -1.159000 0.685022 -0.240168
v -1.214000 0.667658 -0.241283
v -1.118800 0.727757 -0.217235
v -1.076100 0.739687 -0.208825
v -1.109200 0.696987 -0.232357
v -1.061700 0.707589 -0.225226
v -0.989000 0.773284 -0.185525
v -1.033300 0.752856 -0.199340
v -0.968300 0.732248 -0.204952
v -1.014400 0.718361 -0.217584
v -0.962900 0.632494 -0.213788
v -1.004200 0.634228 -0.222902
v -1.004500 0.680900 -0.226185
v -0.959800 0.688661 -0.215013
v -1.051700 0.672769 -0.236176
v -1.048800 0.627271 -0.235830
v -1.101800 0.663153 -0.243049
v -1.155200 0.650784 -0.249081
v -1.098300 0.618277 -0.246473
v -1.154100 0.606730 -0.251155
v -1.163500 0.626098 -0.311728
v -1.158100 0.619983 -0.330517
v -1.190100 0.589003 -0.342044
v -1.206800 0.594763 -0.312057
v -1.185600 0.634372 -0.293915
v -1.155000 0.648247 -0.298213
v -1.227600 0.552489 -0.360005
v -1.243400 0.547580 -0.329139
v -1.213500 0.632819 -0.286193
v -1.235800 0.641113 -0.278996
v -1.269600 0.585092 -0.264841
v -1.242599 0.588417 -0.292594
v -1.248400 0.660152 -0.275680
v -1.262300 0.628498 -0.253389
v -1.216100 0.592379 -0.250692
v -1.213300 0.633825 -0.248570
v -1.287100 0.531972 -0.281469
v -1.265900 0.542069 -0.303417
v -1.286200 0.501133 -0.322839
v -1.305300 0.493367 -0.297949
v -1.243500 0.402387 -0.383203
v -1.250700 0.413581 -0.394770
v -1.293200 0.432815 -0.372510
v -1.298900 0.416529 -0.347517
v -1.300000 0.465955 -0.346532
v -1.314100 0.455154 -0.321119
v -1.241700 0.380624 -0.369049
v -1.249700 0.349060 -0.372296
v -1.300800 0.380369 -0.345824
v -1.311300 0.350881 -0.355461
v -1.326700 0.326039 -0.377749
v -1.260499 0.321870 -0.392117
v -1.266300 0.307189 -0.423727
v -1.350700 0.307093 -0.413515
v -1.260499 0.321440 -0.458455
v -1.334900 0.321157 -0.462178
v -1.400200 0.320805 -0.475020
v -1.416200 0.302764 -0.433702
v -1.455700 0.318316 -0.490692
v -1.466800 0.299610 -0.450014
v -1.500400 0.312321 -0.502963
v -1.507500 0.293311 -0.462202
v -1.540300 0.285937 -0.471448
v -1.536700 0.305835 -0.511956
v -1.567100 0.300113 -0.518602
v -1.567000 0.279634 -0.478428
v -1.591300 0.272051 -0.484080
v -1.594400 0.294169 -0.523156
v -1.616800 0.260722 -0.489050
v -1.621400 0.284760 -0.526711
v -1.649700 0.271276 -0.530805
v -1.644700 0.245810 -0.494429
v -1.675800 0.227657 -0.500899
v -1.680099 0.252823 -0.537293
v -1.712800 0.229355 -0.545376
v -1.709900 0.207518 -0.507686
v -1.747400 0.188767 -0.512488
v -1.749100 0.204954 -0.551210
v -1.788599 0.172695 -0.510022
v -1.788800 0.178417 -0.551358
v -1.305900 0.467273 -0.231960
v -1.321900 0.484171 -0.267434
v -1.299000 0.513910 -0.262090
v -1.278400 0.525848 -0.246967
v -1.163800 0.478124 -0.232527
v -1.232200 0.474492 -0.225227
v -1.223700 0.537061 -0.240001
v -1.156800 0.546285 -0.243569
v -1.060300 0.487909 -0.226847
v -1.107900 0.482651 -0.232864
v -1.100800 0.555400 -0.238428
v -1.054100 0.564067 -0.223898
v -1.014900 0.492503 -0.223172
v -1.010300 0.570137 -0.212925
v -0.967000 0.562038 -0.216604
v -0.972100 0.485432 -0.225589
v -1.340500 0.448930 -0.290029
v -1.359000 0.429306 -0.254213
v -1.387100 0.395907 -0.280907
v -1.350000 0.409772 -0.310749
v -1.357700 0.378140 -0.323116
v -1.367800 0.353195 -0.336795
v -1.400000 0.369299 -0.300393
v -1.409900 0.350038 -0.317045
v -1.424500 0.332785 -0.333780
v -1.383700 0.331801 -0.356376
v -1.408500 0.315821 -0.377745
v -1.446800 0.321140 -0.350488
v -1.473300 0.310500 -0.363832
v -1.444800 0.304117 -0.395158
v -1.483900 0.294722 -0.409230
v -1.502000 0.301007 -0.374504
v -1.530500 0.293118 -0.381777
v -1.518000 0.287601 -0.419363
v -1.547600 0.281233 -0.426947
v -1.556700 0.283250 -0.387763
v -1.600900 0.257959 -0.400660
v -1.596500 0.265461 -0.439889
v -1.572800 0.274612 -0.433645
v -1.579300 0.271497 -0.394059
v -1.647500 0.223337 -0.416708
v -1.647000 0.234345 -0.454229
v -1.621400 0.252317 -0.446367
v -1.623200 0.241943 -0.407707
v -1.708500 0.184877 -0.440793
v -1.708500 0.194231 -0.472301
v -1.676100 0.214035 -0.463230
v -1.675900 0.202891 -0.428521
v -1.767200 0.160053 -0.461677
v -1.779500 0.164932 -0.480024
v -1.743500 0.176964 -0.480222
v -1.741800 0.168183 -0.453388
v -1.744900 0.157779 -0.433061
v -1.708500 0.172913 -0.416049
v -1.780600 0.151038 -0.449683
v -1.596800 0.233757 -0.361906
v -1.607600 0.217023 -0.358377
v -1.619900 0.227515 -0.378499
v -1.600700 0.245009 -0.374471
v -1.643600 0.209937 -0.384535
v -1.674300 0.191510 -0.398334
v -1.560800 0.253694 -0.344814
v -1.581700 0.241494 -0.353741
v -1.581300 0.259475 -0.368317
v -1.560400 0.272068 -0.360969
v -1.588400 0.224175 -0.341931
v -1.565300 0.238714 -0.328460
v -1.512200 0.269953 -0.329940
v -1.537199 0.263057 -0.337054
v -1.536100 0.281929 -0.354884
v -1.509799 0.288314 -0.349302
v -1.541399 0.249370 -0.317119
v -1.516700 0.256315 -0.307397
v -1.462500 0.283272 -0.312734
v -1.487400 0.276310 -0.322156
v -1.484000 0.295164 -0.341388
v -1.458899 0.302867 -0.330921
v -1.466200 0.265864 -0.289109
v -1.491400 0.261016 -0.298708
v -1.435600 0.313577 -0.317073
v -1.418700 0.328105 -0.299996
v -1.414800 0.302085 -0.286691
v -1.437100 0.291697 -0.300922
v -1.416000 0.278275 -0.266647
v -1.440500 0.271934 -0.278136
v -1.374200 0.323323 -0.259306
v -1.396100 0.311732 -0.273506
v -1.405700 0.342557 -0.283324
v -1.386400 0.360492 -0.264546
v -1.369500 0.289921 -0.246533
v -1.393900 0.283610 -0.256819
v -1.299100 0.352021 -0.225874
v -1.342200 0.339191 -0.241149
v -1.352600 0.384465 -0.241107
v -1.302400 0.404779 -0.221889
v -1.337800 0.299015 -0.234181
v -1.299600 0.306971 -0.221195
v -1.239200 0.411139 -0.219313
v -1.175200 0.410014 -0.227493
v -1.188900 0.350191 -0.220271
v -1.245399 0.354713 -0.218805
v -1.252800 0.309177 -0.210948
v -1.202600 0.306655 -0.203784
v -1.121600 0.409438 -0.229630
v -1.073400 0.409097 -0.230652
v -1.092000 0.342642 -0.214502
v -1.139200 0.347139 -0.216042
v -1.155600 0.303968 -0.195526
v -1.109300 0.300518 -0.187915
v -1.026700 0.409020 -0.232760
v -0.981400 0.405877 -0.235548
v -0.999300 0.334855 -0.213254
v -1.044800 0.337991 -0.213772
v -1.061800 0.295752 -0.181782
v -1.015300 0.291409 -0.177729
v -1.241400 1.082748 0.235449
v -1.202100 1.079927 0.244300
v -1.201900 1.073332 0.226885
v -1.241300 1.080399 0.219084
v -1.049500 1.049439 0.260348
v -1.052000 1.052903 0.276478
v -1.001200 1.035852 0.280289
v -0.999200 1.036569 0.264604
v -1.107300 1.065736 0.266009
v -1.105700 1.058342 0.248548
v -1.102400 1.009616 0.173877
v -1.092400 1.006396 0.151852
v -1.148300 1.011029 0.137698
v -1.161300 1.012599 0.158826
v -1.132500 1.010056 0.109794
v -1.079400 1.003396 0.122627
v -1.171400 1.018883 0.095885
v -1.188400 1.021264 0.120266
v -1.213000 1.027654 0.137768
v -1.157600 1.074945 0.254126
v -1.156900 1.066377 0.236195
v -1.159900 1.052341 0.217545
v -1.206000 1.058844 0.207407
v -1.106700 1.046562 0.230730
v -1.107800 1.032697 0.212590
v -1.163800 1.036109 0.198765
v -1.210500 1.043668 0.185985
v -1.165200 1.022931 0.179163
v -1.212399 1.033201 0.164537
v -1.106800 1.020282 0.193633
v -1.030300 0.943757 -0.085808
v -0.982300 0.928477 -0.086601
v -1.013500 0.885794 -0.127561
v -1.055800 0.910717 -0.123801
v -0.926100 0.902101 -0.096357
v -0.973000 0.851460 -0.139986
v -1.189600 1.034432 0.080065
v -1.205900 1.038696 0.097945
v -1.206700 1.063716 0.077770
v -1.192100 1.055931 0.065295
v -1.224600 1.047155 0.104049
v -1.223500 1.074475 0.080503
v -1.228700 1.015776 -0.092617
v -1.270400 0.998462 -0.118572
v -1.280900 1.017258 -0.117974
v -1.232700 1.037375 -0.090253
v -1.216000 1.003902 -0.096817
v -1.250800 0.989620 -0.128405
v -1.278900 1.074624 -0.149981
v -1.288300 1.045225 -0.125155
v -1.246200 1.070711 -0.107037
v -1.234800 1.101549 -0.132481
v -1.256900 1.107693 -0.175896
v -1.210800 1.136568 -0.155777
v -1.142500 1.210960 -0.146621
v -1.171200 1.165392 -0.131353
v -1.146700 1.188790 -0.106646
v -1.107000 1.242901 -0.110395
v -1.173600 1.154114 -0.092646
v -1.199900 1.128938 -0.112649
v -1.211200 1.097453 -0.091550
v -1.183100 1.125259 -0.073697
v -1.181700 1.104920 -0.051346
v -1.205900 1.073574 -0.068604
v -1.179200 1.097167 -0.024953
v -1.195800 1.065277 -0.036333
v -1.186900 1.067045 -0.001471
v -1.176900 1.096919 0.001578
v -1.192700 1.041155 -0.000680
v -1.205900 1.038268 -0.043822
v -1.184400 1.072742 0.029615
v -1.186400 1.047570 0.036958
v -1.179100 1.100926 0.025552
v -1.189500 1.081793 0.052983
v -1.186900 1.108526 0.042925
v -1.203000 1.091809 0.063285
v -1.220600 1.103836 0.063186
v -1.200400 1.118111 0.048594
v -1.216200 1.130195 0.044092
v -1.234700 1.147155 0.033263
v -1.225200 1.179944 0.029269
v -1.207400 1.158877 0.034950
v -1.194200 1.186716 0.047095
v -1.215100 1.212277 0.046786
v -1.196500 1.143451 0.036653
v -1.186100 1.133204 0.035453
v -1.180700 1.151037 0.035393
v -1.184700 1.165861 0.040567
v -1.103200 0.953513 -0.095055
v -1.070700 0.950801 -0.089804
v -1.092500 0.925821 -0.123419
v -1.122700 0.932932 -0.123404
v -0.947600 0.964753 0.033120
v -0.934600 0.944443 -0.025565
v -0.977200 0.970749 -0.028335
v -0.996000 0.984271 0.028250
v -1.028500 0.976977 -0.035484
v -1.052600 1.001479 0.021743
v -0.973700 0.986028 0.128423
v -0.961700 0.974603 0.085684
v -1.010400 0.989681 0.081356
v -1.022400 0.994918 0.125437
v -1.064500 1.003321 0.079349
v -1.097400 0.986687 -0.040526
v -1.080500 0.994500 -0.018232
v -1.066500 0.976496 -0.049536
v -1.096000 0.973496 -0.063335
v -1.118500 1.008936 0.067256
v -1.159700 1.015803 0.056037
v -1.110300 1.006477 0.021935
v -1.159200 1.009206 0.002662
v -1.186400 1.021743 0.002393
v -1.202300 1.019276 -0.046234
v -1.188200 1.007459 -0.051433
v -1.180500 1.029522 0.045821
v -1.221400 0.988325 -0.137095
v -1.192100 0.979340 -0.139323
v -1.196300 0.995115 -0.102440
v -1.176200 0.985042 -0.106635
v -1.160300 0.974060 -0.108979
v -1.170700 0.965804 -0.139112
v -1.155500 0.951672 -0.135531
v -1.145500 0.963574 -0.104383
v -1.143000 0.940094 -0.127693
v -1.127600 0.956670 -0.099378
v -1.140900 0.975335 -0.077652
v -1.154100 0.978954 -0.086455
v -1.161700 0.987690 -0.076529
v -1.143000 0.987417 -0.054708
v -1.121200 0.973258 -0.071262
v -1.117800 0.988331 -0.042934
v -1.112000 0.999722 -0.013319
v -1.147500 0.999011 -0.030289
v -1.173600 0.998347 -0.063485
v -1.191200 1.434734 -0.141355
v -1.186800 1.389968 -0.177528
v -1.149200 1.421993 -0.153018
v -1.157300 1.466270 -0.120479
v -1.212600 1.467642 -0.046272
v -1.203500 1.463736 -0.095985
v -1.174300 1.497203 -0.077300
v -1.188800 1.506118 -0.029298
v -1.175700 1.461675 0.043833
v -1.191300 1.489938 0.012729
v -1.210900 1.445743 -0.004078
v -1.192800 1.411965 0.025401
v -1.144000 1.418328 0.094790
v -1.160800 1.438848 0.071047
v -1.180500 1.386631 0.054372
v -1.165300 1.363058 0.078938
v -1.166200 1.125907 0.009483
v -1.154000 1.156828 0.022008
v -1.168800 1.153778 0.031346
v -1.174800 1.127575 0.025507
v -1.134100 1.165952 -0.014121
v -1.141200 1.159148 0.006317
v -1.160300 1.126803 -0.011000
v -1.157600 1.134135 -0.033611
v -1.132700 1.246171 0.059886
v -1.163500 1.282671 0.072938
v -1.191900 1.244069 0.059863
v -1.169600 1.212838 0.054331
v -1.142600 1.194146 0.038213
v -1.164700 1.182585 0.042346
v -1.080600 1.381952 0.101880
v -1.113900 1.397603 0.106601
v -1.136200 1.335680 0.089759
v -1.103500 1.314866 0.082533
v -1.154400 1.173992 -0.074555
v -1.158500 1.151738 -0.055421
v -1.134500 1.180842 -0.035789
v -1.132400 1.201058 -0.057747
v -1.123100 1.198917 0.026872
v -1.103400 1.247752 0.048258
v -1.110500 1.204201 0.008449
v -1.086400 1.250746 0.031304
v -1.060400 1.306545 0.051795
v -1.078400 1.306717 0.069435
v -1.037700 1.370301 0.069846
v -1.055000 1.373162 0.089446
v -1.139700 1.196947 -0.088539
v -1.117800 1.223998 -0.080046
v -1.108600 1.216683 -0.013159
v -1.107300 1.235741 -0.035886
v -1.082600 1.260533 0.009538
v -1.081100 1.277994 -0.013282
v -1.055400 1.327762 0.005855
v -1.057600 1.313795 0.028879
v -1.036500 1.373803 0.045909
v -1.034400 1.383338 0.023327
v -1.088900 1.354264 -0.133937
v -1.119500 1.315731 -0.163636
v -1.116700 1.359774 -0.161363
v -1.094100 1.396456 -0.132573
v -1.116600 1.403766 -0.151379
v -1.099800 1.423580 -0.133893
v -1.128200 1.264475 -0.157316
v -1.093400 1.302333 -0.126355
v -1.072500 1.293311 -0.085111
v -1.092300 1.260154 -0.061104
v -1.065800 1.302795 -0.038278
v -1.047700 1.337344 -0.062102
v -1.029100 1.384271 -0.040627
v -1.040100 1.349815 -0.018400
v -1.023000 1.403342 0.001557
v -1.020500 1.435426 -0.017804
v -1.127500 1.496004 -0.094500
v -1.119900 1.451557 -0.127549
v -1.095400 1.465514 -0.114413
v -1.098100 1.527509 -0.078234
v -1.067800 1.395690 -0.109178
v -1.066100 1.343031 -0.101137
v -1.045200 1.386089 -0.078586
v -1.055100 1.438261 -0.085153
v -1.080000 1.440707 -0.108149
v -1.073400 1.485087 -0.082516
v -1.048800 1.479705 -0.058990
v -1.031600 1.431025 -0.055625
v -1.028600 1.476780 -0.029511
v -1.047300 1.519358 -0.031329
v -1.089200 1.564535 -0.041611
v -1.069800 1.522680 -0.053874
v -1.066100 1.557266 -0.025207
v -1.081400 1.596032 -0.014928
v -1.167400 1.549291 -0.010447
v -1.147100 1.532556 -0.054899
v -1.128700 1.572958 -0.036611
v -1.151000 1.592817 0.007523
v -1.174900 1.540139 0.029587
v -1.165300 1.517937 0.061546
v -1.153600 1.571379 0.076089
v -1.159200 1.588585 0.045641
v -1.135200 1.627522 0.023876
v -1.114100 1.604752 -0.015019
v -1.101500 1.635454 0.006409
v -1.119100 1.658116 0.040289
v -1.148900 1.496929 0.086763
v -1.130500 1.478323 0.108615
v -1.120700 1.535405 0.119163
v -1.139200 1.552268 0.099714
v -1.140100 1.613558 0.087970
v -1.143800 1.627165 0.059115
v -1.126600 1.646933 0.097935
v -1.128200 1.658979 0.071793
v -1.100000 1.463042 0.119842
v -1.067000 1.452147 0.116000
v -1.060000 1.517214 0.123610
v -1.091000 1.524186 0.127723
v -1.101800 1.619728 0.131505
v -1.118200 1.632801 0.118645
v -1.128700 1.596836 0.110132
v -1.111300 1.581663 0.126375
v -1.019300 1.505693 0.092785
v -1.035800 1.511614 0.111462
v -1.041400 1.444638 0.103941
v -1.023700 1.439728 0.085123
v -1.020100 1.485490 0.052838
v -1.018900 1.497669 0.070679
v -1.023900 1.438310 0.061399
v -1.023000 1.443311 0.040956
v -1.084200 1.572710 0.132162
v -1.056200 1.567775 0.127466
v -1.053000 1.608230 0.129430
v -1.077900 1.612119 0.134866
v -1.023000 1.490065 0.008830
v -1.019100 1.461972 0.023315
v -1.021600 1.511836 0.045963
v -1.027500 1.538092 0.035478
v -1.032700 1.564347 0.114144
v -1.019700 1.557550 0.091609
v -1.024900 1.602645 0.082725
v -1.031100 1.606932 0.113928
v -1.026600 1.570240 0.059594
v -1.020900 1.541763 0.068648
v -1.047600 1.556934 -0.002388
v -1.032700 1.522653 -0.000284
v -1.035300 1.560867 0.026291
v -1.043600 1.587879 0.025165
v -1.071100 1.628973 0.011039
v -1.061300 1.591411 0.002432
v -1.052200 1.619866 0.029739
v -1.058200 1.655749 0.037947
v -1.034400 1.605165 0.053322
v -1.032500 1.582861 0.047610
v -1.042100 1.669724 0.066211
v -1.037900 1.635673 0.059212
v -1.028100 1.642179 0.088441
v -1.030300 1.674678 0.092845
v -1.030800 1.643070 0.114337
v -1.031300 1.674569 0.115277
v -1.046100 1.673775 0.128854
v -1.049100 1.643169 0.129769
v -1.033900 1.704111 0.096569
v -1.033700 1.702919 0.115231
v -1.038300 1.722056 0.098018
v -1.039000 1.726114 0.114283
v -1.046600 1.718179 0.124938
v -1.045400 1.701233 0.126953
v -1.070500 1.646231 0.135658
v -1.063900 1.676138 0.134701
v -1.091300 1.652437 0.134017
v -1.081900 1.680894 0.133878
v -1.096600 1.687902 0.125372
v -1.106800 1.662422 0.124283
v -1.113600 1.674154 0.106938
v -1.104600 1.691556 0.112563
v -1.046900 1.703192 0.074578
v -1.067000 1.693653 0.050981
v -1.080500 1.720424 0.081395
v -1.053500 1.728612 0.088685
v -1.101500 1.689416 0.058346
v -1.086000 1.668452 0.027971
v -1.099400 1.708868 0.100854
v -1.112600 1.687852 0.085100
v -1.089000 1.713315 0.119044
v -1.075100 1.707241 0.130409
v -1.071300 1.723981 0.125077
v -1.076500 1.731251 0.110376
v -1.057400 1.739631 0.110966
v -1.057900 1.724604 0.126415
v -1.059800 1.702967 0.131562
v -1.547800 1.067893 -0.010837
v -1.561000 1.060971 0.023618
v -1.534300 1.064850 0.030957
v -1.526100 1.077919 -0.005844
v -1.546400 1.074976 0.054788
v -1.572100 1.071256 0.046457
v -1.521000 1.075467 0.061829
v -1.495700 1.074905 0.068006
v -1.514400 1.063516 0.045203
v -1.491700 1.062056 0.049625
v -1.481900 1.122332 -0.080179
v -1.491700 1.100402 -0.042594
v -1.468500 1.109152 -0.041482
v -1.459300 1.131523 -0.076336
v -1.501600 1.086121 -0.009070
v -1.506500 1.072595 0.014981
v -1.481200 1.077043 0.005725
v -1.476099 1.092755 -0.014593
v -1.485000 1.064884 0.026952
v -1.504500 1.065513 0.029893
v -1.435800 1.141591 -0.070338
v -1.444900 1.118220 -0.037246
v -1.421500 1.127959 -0.029063
v -1.412600 1.152253 -0.060800
v -1.470700 1.073134 0.074314
v -1.445700 1.071364 0.082324
v -1.442100 1.060040 0.060126
v -1.467600 1.061000 0.053971
v -1.450600 1.098421 -0.015564
v -1.455400 1.080718 0.002834
v -1.428800 1.082926 0.004466
v -1.425000 1.103520 -0.011960
v -1.435100 1.063804 0.029994
v -1.461400 1.064490 0.026828
v -1.397600 1.135603 -0.017598
v -1.389900 1.162070 -0.047104
v -1.370100 1.137621 -0.007563
v -1.366600 1.169775 -0.029825
v -1.420200 1.070810 0.093511
v -1.393300 1.072365 0.106323
v -1.388400 1.058949 0.082200
v -1.415900 1.058968 0.069880
v -1.400800 1.081794 0.008407
v -1.398100 1.105806 -0.006518
v -1.368200 1.104005 -0.001414
v -1.370399 1.077257 0.014052
v -1.407700 1.060641 0.036120
v -1.378300 1.055788 0.045452
v -1.339800 1.172319 -0.011645
v -1.311700 1.166247 0.004828
v -1.339000 1.135564 0.001933
v -1.309600 1.129649 0.015712
v -1.339400 1.073902 0.025175
v -1.336400 1.100820 0.006814
v -1.308300 1.097267 0.023035
v -1.313700 1.074020 0.042010
v -1.265200 1.096899 0.060176
v -1.243100 1.087926 0.074878
v -1.240700 1.117449 0.053063
v -1.261900 1.133451 0.038072
v -1.285400 1.116796 0.033392
v -1.285500 1.151720 0.022010
v -1.297000 1.074097 0.059545
v -1.288900 1.090774 0.043290
v -1.278900 1.081376 0.066982
v -1.288599 1.072828 0.072693
v -1.364200 1.075605 0.119435
v -1.335800 1.077665 0.130474
v -1.333100 1.066781 0.107600
v -1.359400 1.062460 0.095828
v -1.348400 1.055394 0.059053
v -1.323600 1.059751 0.073632
v -1.246300 1.059785 0.100479
v -1.265700 1.068267 0.094164
v -1.270000 1.058402 0.124139
v -1.247300 1.046607 0.130562
v -1.247700 1.055825 0.175076
v -1.244900 1.067983 0.198425
v -1.277900 1.079813 0.189700
v -1.280700 1.069203 0.162134
v -1.279400 1.067803 0.093535
v -1.292200 1.065631 0.093008
v -1.296100 1.065693 0.119356
v -1.284400 1.063133 0.120309
v -1.247500 1.048160 0.153692
v -1.271700 1.060066 0.145372
v -1.293300 1.069001 0.139884
v -1.284100 1.064432 0.137514
v -1.308700 1.082249 0.158289
v -1.311300 1.074760 0.137316
v -1.312100 1.067735 0.115269
v -1.307700 1.092095 0.181803
v -1.305600 1.063948 0.085797
v -2.082800 -0.018581 -0.670256
v -2.103899 -0.036424 -0.663185
v -2.081900 -0.038810 -0.651504
v -2.071200 -0.025841 -0.659160
v -2.055099 0.001931 -0.669858
v -2.023499 0.026491 -0.661611
v -2.022900 0.009870 -0.637740
v -2.051300 -0.013947 -0.651854
v -2.055700 -0.027812 -0.637438
v -2.028400 -0.002989 -0.618257
v -1.960500 0.088334 -0.624539
v -1.991600 0.056828 -0.644211
v -1.992300 0.042228 -0.617217
v -1.958200 0.075125 -0.597364
v -1.926600 0.112937 -0.611882
v -1.918300 0.097756 -0.585222
v -1.872400 0.115431 -0.536308
v -1.915800 0.087487 -0.548359
v -1.961500 0.064178 -0.569455
v -1.830900 0.147915 -0.541922
v -1.831100 0.155800 -0.496885
v -1.811500 0.154490 -0.467612
v -1.999300 0.031449 -0.593906
v -0.984000 1.006426 0.183908
v -0.983400 0.997356 0.159137
v -1.031400 1.003104 0.158471
v -1.037500 1.011205 0.182685
v -1.041500 1.022071 0.204156
v -0.985600 1.017598 0.208702
v -1.044800 1.032801 0.224516
v -0.991200 1.027495 0.231318
v -1.047600 1.042620 0.243321
v -0.998500 1.034754 0.249373
v -0.646200 -0.105366 -0.290873
v -0.554600 -0.209137 -0.299543
v -0.512100 -0.123355 -0.313862
v -0.600600 -0.025542 -0.316359
v -0.429200 -0.218223 -0.320609
v -0.466700 -0.307651 -0.305601
v -0.564100 0.046290 -0.290824
v -0.479800 -0.048143 -0.296444
v -0.446100 0.016420 -0.252802
v -0.530200 0.107152 -0.252407
v -0.364400 -0.068519 -0.247750
v -0.398800 -0.138231 -0.302711
v -0.401600 0.086846 -0.347153
v -0.414500 0.058268 -0.293530
v -0.493000 0.153104 -0.277669
v -0.482100 0.180220 -0.330276
v -0.325500 -0.003856 -0.363474
v -0.339300 -0.031951 -0.306115
v -0.416100 0.499619 -0.211237
v -0.428400 0.544198 -0.154740
v -0.352300 0.473823 -0.176082
v -0.339100 0.423435 -0.236024
v -0.367000 0.524647 -0.113310
v -0.440200 0.587885 -0.096691
v -0.296000 0.463511 -0.131608
v -0.279300 0.406103 -0.196568
v -0.265000 0.351011 -0.258288
v -0.443100 0.616440 -0.038526
v -0.373700 0.558605 -0.053326
v -0.383200 0.572402 0.001973
v -0.449400 0.626801 0.015571
v -0.317200 0.521695 -0.014814
v -0.304900 0.504474 -0.071516
v -0.454800 0.636318 0.056696
v -0.390400 0.583258 0.044179
v -0.397100 0.600736 0.081061
v -0.459900 0.652761 0.092416
v -0.336800 0.550782 0.068525
v -0.327200 0.533127 0.029528
v -0.471900 0.676089 0.132045
v -0.411100 0.626435 0.121229
v -0.425300 0.647725 0.159737
v -0.485600 0.694266 0.170671
v -0.368500 0.601489 0.148720
v -0.352900 0.578508 0.110014
v -0.492200 0.699998 0.202861
v -0.431400 0.654014 0.190957
v -0.374600 0.607554 0.178625
v -0.972900 0.289260 -0.176953
v -0.939500 0.271474 -0.189712
v -0.957800 0.333927 -0.214511
v -0.920700 0.323577 -0.224231
v -0.725800 0.004507 -0.266621
v -0.688600 0.070933 -0.313124
v -0.792900 0.098335 -0.243807
v -0.760900 0.156036 -0.288416
v -0.910100 0.243365 -0.200671
v -0.885700 0.297871 -0.233447
v -0.850100 0.258938 -0.249446
v -0.876300 0.203036 -0.213346
v -0.840400 0.158989 -0.227540
v -0.811600 0.214960 -0.268244
v -0.940300 0.397980 -0.234106
v -0.901400 0.381477 -0.237976
v -0.930100 0.471526 -0.227604
v -0.888600 0.448988 -0.229322
v -0.649000 0.139485 -0.281170
v -0.615200 0.197392 -0.248735
v -0.723600 0.220239 -0.267735
v -0.690400 0.277345 -0.238753
v -0.862100 0.355100 -0.251137
v -0.844600 0.417329 -0.232675
v -0.795500 0.379555 -0.227370
v -0.820100 0.320108 -0.252281
v -0.777000 0.277726 -0.257263
v -0.746600 0.336165 -0.228804
v -0.924300 0.547514 -0.221760
v -0.920600 0.623033 -0.214742
v -0.876100 0.597199 -0.221761
v -0.881300 0.521386 -0.228897
v -0.579500 0.241102 -0.269921
v -0.660100 0.319798 -0.262416
v -0.567300 0.268678 -0.318395
v -0.649100 0.350129 -0.308325
v -0.834900 0.482408 -0.238988
v -0.826300 0.550156 -0.239536
v -0.772800 0.491173 -0.262116
v -0.783800 0.434746 -0.247885
v -0.726300 0.383210 -0.253902
v -0.717700 0.423673 -0.291505
v -0.871100 0.761388 -0.168791
v -0.923100 0.753676 -0.189376
v -0.942100 0.806911 -0.164427
v -0.901600 0.834756 -0.135252
v -0.917900 0.697073 -0.206407
v -0.872300 0.677409 -0.200745
v -0.468000 0.298156 -0.349728
v -0.476500 0.233184 -0.353826
v -0.559900 0.322877 -0.335662
v -0.550200 0.385484 -0.327094
v -0.636900 0.406846 -0.315528
v -0.624300 0.466852 -0.303606
v -0.700100 0.481015 -0.290558
v -0.683100 0.537940 -0.275611
v -0.757400 0.551118 -0.257711
v -0.739300 0.607625 -0.244191
v -0.815400 0.618830 -0.226808
v -0.801800 0.683807 -0.207383
v -0.430400 0.418473 -0.300223
v -0.450000 0.362293 -0.333057
v -0.528900 0.442962 -0.309610
v -0.506500 0.493546 -0.277003
v -0.601800 0.519645 -0.284794
v -0.579000 0.565941 -0.252537
v -0.839300 0.790936 -0.155043
v -0.785400 0.724726 -0.189365
v -0.773000 0.758235 -0.166270
v -0.816500 0.798104 -0.145709
v -0.708100 0.698656 -0.197500
v -0.721900 0.656812 -0.225389
v -0.663400 0.589265 -0.255682
v -0.644600 0.634967 -0.226966
v -0.418200 0.460527 -0.258799
v -0.494500 0.535683 -0.233571
v -0.493100 0.574834 -0.185304
v -0.566300 0.608360 -0.210491
v -0.562500 0.648490 -0.165272
v -0.631000 0.674859 -0.189675
v -0.624200 0.709737 -0.148870
v -0.697900 0.733509 -0.163108
v -0.690000 0.761332 -0.128425
v -0.769900 0.792558 -0.134814
v -0.764800 0.815899 -0.105702
v -0.831600 0.837100 -0.117085
v -0.838200 0.877934 -0.073628
v -0.869800 0.849007 -0.120295
v -0.884700 0.899502 -0.075873
v -0.503200 0.615101 -0.133867
v -0.509700 0.654258 -0.082294
v -0.567200 0.686312 -0.119988
v -0.570800 0.719590 -0.072365
v -0.690600 0.809745 -0.060384
v -0.683400 0.781356 -0.097404
v -0.743800 0.818114 -0.088744
v -0.767600 0.850351 -0.059313
v -0.625200 0.740646 -0.108698
v -0.627600 0.769448 -0.065044
v -0.890800 0.927293 -0.016651
v -0.841600 0.907401 -0.010501
v -0.901400 0.945383 0.040602
v -0.852100 0.922796 0.048297
v -0.510700 0.674973 -0.025388
v -0.515100 0.680243 0.028411
v -0.572000 0.735813 -0.015722
v -0.577100 0.738564 0.038331
v -0.780000 0.884184 -0.005748
v -0.792000 0.894159 0.053235
v -0.713500 0.851784 0.051559
v -0.698600 0.837963 -0.006746
v -0.631200 0.789851 -0.009659
v -0.640600 0.797835 0.045702
v -0.937100 0.993340 0.178135
v -0.949400 0.989851 0.158999
v -0.930400 0.975308 0.135310
v -0.884600 0.965016 0.155443
v -0.915500 0.957752 0.092913
v -0.865500 0.937767 0.102363
v -0.519100 0.687704 0.068715
v -0.522700 0.703090 0.103672
v -0.580500 0.745608 0.078911
v -0.584000 0.759479 0.114080
v -0.801600 0.907308 0.104189
v -0.809200 0.926622 0.150795
v -0.726100 0.877173 0.138188
v -0.721500 0.863100 0.097899
v -0.645800 0.807076 0.088113
v -0.650000 0.820736 0.125173
v -0.936100 1.004620 0.207944
v -0.946100 1.015752 0.235140
v -0.901000 0.995490 0.242470
v -0.883500 0.981129 0.201963
v -0.964100 1.025476 0.250433
v -0.953200 1.019861 0.260823
v -0.533000 0.723652 0.142638
v -0.546400 0.738822 0.181289
v -0.593100 0.778144 0.152935
v -0.605800 0.791289 0.191969
v -0.814500 0.946873 0.193349
v -0.825100 0.956553 0.231679
v -0.745500 0.907309 0.217282
v -0.733800 0.895756 0.178441
v -0.658800 0.838967 0.164604
v -0.671400 0.850685 0.204055
v -0.952000 1.015134 0.278277
v -0.899000 0.989622 0.270876
v -0.754800 0.908973 0.252238
v -0.835400 0.957017 0.263160
v -0.553700 0.744026 0.213948
v -0.614000 0.795594 0.226278
v -0.680200 0.853511 0.239681
v -0.010300 -0.160209 -0.408273
v -0.006800 -0.077851 -0.408568
v -0.000300 -0.003705 -0.381496
v -0.135700 -0.656665 -0.305265
v -0.115300 -0.557324 -0.333918
v -0.091400 -0.462510 -0.298826
v -0.057800 -0.376716 -0.263660
v -0.041700 -0.341850 -0.335748
v -0.018000 -0.296928 -0.382807
v -0.009200 -0.232375 -0.400671
v 0.006100 0.043955 -0.348559
v 0.006200 0.089789 -0.311822
v -0.009300 0.154237 -0.264480
v -0.030900 0.221593 -0.210358
v -0.046300 0.280452 -0.158235
v -0.057500 0.330379 -0.107535
v -0.070500 0.364587 -0.053547
v -0.087200 0.392953 0.001001
v -0.106700 0.431640 0.052045
v -0.119400 0.467360 0.095604
v -0.121100 0.475595 0.132948
v -0.304800 0.123449 -0.388989
v -0.314500 0.052407 -0.390336
v -0.393300 0.141366 -0.371614
v -0.384600 0.208932 -0.369067
v -0.341900 0.383886 -0.282611
v -0.353800 0.341726 -0.322239
v -0.268200 0.310270 -0.303342
v -0.279400 0.267436 -0.341707
v -0.292700 0.200099 -0.373891
v -0.370100 0.279481 -0.354125
v -0.240500 -0.025104 -0.400977
v -0.252400 -0.082624 -0.373186
v -0.231900 0.047640 -0.403036
v -0.159300 -0.024555 -0.408658
v -0.165100 -0.096910 -0.402971
v -0.176400 -0.154736 -0.376800
v -0.386300 -0.396892 -0.309215
v -0.356100 -0.306062 -0.343072
v -0.280500 -0.390564 -0.345507
v -0.304000 -0.481580 -0.306752
v -0.218900 -0.572728 -0.305168
v -0.198400 -0.478503 -0.338827
v -0.324600 -0.220142 -0.301488
v -0.286100 -0.141841 -0.235807
v -0.211800 -0.217312 -0.241922
v -0.250800 -0.300068 -0.301652
v -0.171800 -0.385126 -0.298009
v -0.133700 -0.299392 -0.251527
v -0.268800 -0.112333 -0.315622
v -0.195500 -0.187541 -0.321119
v -0.095200 -0.230230 -0.379109
v -0.118000 -0.268345 -0.328547
v -0.084100 -0.170647 -0.401070
v -0.081300 -0.099296 -0.408419
v -0.212200 0.345131 -0.215959
v -0.196900 0.286944 -0.276157
v -0.231400 0.405374 -0.151534
v -0.168100 0.346686 -0.172294
v -0.146200 0.285222 -0.234687
v -0.129800 0.224629 -0.291419
v -0.199400 0.245053 -0.320377
v -0.209600 0.200522 -0.358840
v -0.131400 0.180606 -0.333459
v -0.140300 0.133920 -0.371047
v -0.076500 0.219752 -0.252537
v -0.059500 0.156037 -0.303842
v -0.100300 0.284027 -0.193687
v -0.060000 0.109931 -0.342799
v -0.067300 0.061602 -0.377979
v -0.240900 0.453812 -0.094210
v -0.252100 0.480698 -0.038346
v -0.189700 0.435690 -0.063515
v -0.179400 0.399468 -0.117321
v -0.114600 0.340009 -0.140329
v -0.125500 0.383835 -0.088083
v -0.264200 0.494839 0.009360
v -0.277300 0.512260 0.052350
v -0.217800 0.476773 0.033948
v -0.202300 0.456790 -0.013199
v -0.138900 0.411718 -0.035567
v -0.155300 0.437399 0.015218
v -0.296900 0.539618 0.096722
v -0.315100 0.561407 0.136962
v -0.257000 0.530631 0.123643
v -0.238200 0.507890 0.080843
v -0.176200 0.473596 0.064314
v -0.193200 0.503056 0.108709
v -0.321700 0.565898 0.166374
v -0.263200 0.534495 0.155222
v -0.197700 0.508607 0.143993
v -0.075100 -0.014942 -0.406894
v -0.150400 0.059079 -0.401667
v -0.221200 0.128904 -0.391475
v -0.070000 -0.316349 0.294814
v 0.015350 -0.175680 -0.410930
v 0.018250 -0.096261 -0.408943
v -0.117600 -0.751329 -0.230662
v 0.019350 -0.249802 -0.403292
v -0.073750 0.445304 0.158474
v -0.074500 0.450630 0.128183
v -0.074250 0.442463 0.091394
v -0.064050 0.408021 0.048261
v -0.047100 0.370534 -0.002764
v -0.032300 0.341552 -0.057899
v -0.020600 0.305341 -0.111904
v -0.009950 0.253556 -0.162511
v 0.003700 0.193003 -0.213932
v 0.021650 0.126049 -0.267230
v 0.034150 0.063760 -0.314645
v 0.032800 0.019420 -0.351245
v 0.025500 -0.026401 -0.383073
v 0.014000 -0.318908 -0.385494
v -0.009050 -0.370452 -0.340826
v -0.022500 -0.406119 -0.266180
v -0.052600 -0.491726 -0.295976
v -0.075050 -0.585825 -0.334732
v -0.098850 -0.688834 -0.308448
v -0.089600 0.415259 0.214065
v -0.081850 0.437651 0.186575
v -0.079850 0.312004 0.267682
v -0.087350 0.366625 0.238069
v -0.072800 0.211796 0.331744
v -0.075200 0.264673 0.302830
v -0.063500 0.073500 0.364480
v -0.069750 0.146624 0.349922
v -0.046900 -0.077920 0.382676
v -0.053150 -0.005867 0.377021
v -0.063550 -0.177802 0.370878
v -0.052800 -0.128333 0.380581
v -0.059300 -0.377297 0.239013
v -0.055550 -0.429843 0.173986
v -0.063100 -0.455521 0.088893
v -0.054700 -0.456167 -0.013169
v -0.111300 -0.641005 -0.057329
v -0.085700 -0.542528 -0.039503
v -0.121850 -0.723496 -0.131870
v -0.071750 -0.247006 0.344946
vn -0.9425 -0.1885 0.2760
vn -0.9033 -0.0386 0.4273
vn -0.7874 -0.2110 0.5792
vn -0.8098 -0.3085 0.4990
vn -0.7430 0.3413 0.5758
vn -0.7488 0.2625 0.6086
vn -0.7154 0.2001 0.6695
vn -0.6700 -0.2579 0.6961
vn -0.6647 -0.3231 0.6737
vn -0.4427 -0.3326 0.8327
vn -0.5615 -0.3066 0.7686
vn -0.5374 -0.2577 0.8030
vn -0.3164 -0.3468 0.8830
vn -0.5822 0.0989 0.8070
vn -0.4148 0.0158 0.9098
vn -0.6794 -0.5974 0.4261
vn -0.5860 -0.5420 0.6024
vn -0.3153 -0.8693 0.3806
vn -0.3411 -0.9123 0.2264
vn -0.3845 -0.9217 0.0511
vn -0.7825 -0.6073 0.1372
vn -0.4904 -0.4723 0.7324
vn -0.3023 -0.7590 0.5767
vn -0.3784 -0.3830 0.8427
vn -0.2937 -0.6446 0.7059
vn -0.2063 -0.4172 0.8851
vn -0.1902 -0.6291 0.7537
vn -0.3251 -0.1837 0.9277
vn -0.2751 -0.5387 0.7964
vn -0.7030 0.4608 0.5417
vn -0.4504 0.7543 0.4777
vn -0.4481 0.7523 0.4830
vn -0.4808 0.6483 0.5903
vn -0.5956 0.5051 0.6246
vn -0.4675 0.7358 0.4900
vn -0.4344 0.7805 0.4495
vn -0.4186 0.7514 0.5101
vn -0.5216 0.7109 0.4718
vn -0.5521 0.6384 0.5363
vn -0.4641 0.6793 0.5684
vn -0.4807 0.5515 0.6817
vn -0.5299 0.5486 0.6467
vn -0.4704 0.4666 0.7490
vn -0.4516 0.4705 0.7581
vn -0.4871 0.4617 0.7413
vn -0.4899 0.4774 0.7295
vn -0.4936 0.2911 0.8195
vn -0.3950 -0.0967 0.9136
vn -0.4462 0.3899 0.8055
vn -0.0320 -0.9913 0.1278
vn 0.0040 -0.9943 0.1066
vn 0.0170 -0.9964 0.0827
vn 0.0021 -0.9974 0.0714
vn -0.1286 -0.9697 0.2078
vn -0.0453 -0.9575 0.2847
vn -0.1440 -0.9186 0.3680
vn -0.0339 -0.8259 0.5628
vn -0.1297 -0.8156 0.5639
vn 0.0370 -0.6597 0.7506
vn -0.1564 -0.6596 0.7352
vn -0.0335 -0.5671 0.8230
vn -0.3348 -0.2662 0.9039
vn -0.1099 -0.4627 0.8797
vn -0.2459 -0.0720 0.9666
vn -0.0988 -0.3743 0.9220
vn -0.3862 0.4647 0.7968
vn -0.1869 0.0695 0.9799
vn -0.3635 0.5474 0.7538
vn 0.0188 -0.2704 0.9626
vn -0.0202 0.2431 0.9698
vn 0.2224 -0.1745 0.9592
vn -0.3110 0.6334 0.7086
vn -0.3356 0.6935 0.6375
vn -0.0003 0.3271 0.9450
vn 0.3040 -0.1583 0.9394
vn 0.1295 -0.5837 0.8016
vn 0.2462 -0.3365 0.9089
vn -0.1424 0.1776 0.9737
vn -0.3472 -0.0909 0.9334
vn -0.5051 0.6192 0.6012
vn -0.6996 0.4491 0.5557
vn -0.5111 0.7737 0.3745
vn -0.6217 0.6459 0.4431
vn -0.4534 0.7570 0.4705
vn -0.4222 0.7841 0.4549
vn -0.7421 0.4533 0.4938
vn -0.6772 0.4990 0.5407
vn -0.4366 0.7618 0.4786
vn -0.6253 0.5077 0.5926
vn -0.4655 0.7130 0.5243
vn -0.4475 0.6178 0.6466
vn -0.6394 0.3831 0.6667
vn -0.5660 0.2317 0.7912
vn -0.4139 0.4851 0.7703
vn -0.3746 0.3724 0.8491
vn -0.4479 0.1683 0.8781
vn -0.3476 0.1390 0.9273
vn -0.4031 0.2793 0.8715
vn -0.3244 0.1094 0.9396
vn -0.3782 0.0487 0.9244
vn -0.4408 0.2553 0.8605
vn -0.4921 0.2934 0.8196
vn -0.4166 -0.0131 0.9090
vn -0.4491 0.0139 0.8934
vn -0.4524 0.3860 0.8039
vn -0.4604 0.4381 0.7721
vn -0.4431 0.4980 0.7454
vn -0.4922 0.0781 0.8670
vn -0.4825 0.1811 0.8570
vn -0.4153 0.5798 0.7010
vn -0.4465 0.6256 0.6398
vn -0.4520 0.3255 0.8305
vn -0.4534 0.4107 0.7910
vn -0.5906 0.5856 0.5552
vn -0.5091 0.3810 0.7718
vn -0.7238 0.4740 0.5014
vn -0.5556 0.2635 0.7886
vn -0.8662 0.0091 0.4997
vn -0.8414 -0.0797 0.5344
vn -0.6758 -0.7091 0.2012
vn -0.7158 -0.6641 0.2159
vn -0.6480 -0.7453 0.1567
vn -0.8250 -0.1645 0.5407
vn -0.8012 -0.2866 0.5253
vn -0.6535 -0.7510 0.0945
vn -0.6438 -0.7491 0.1563
vn -0.7030 -0.3541 0.6167
vn -0.0527 -0.9029 0.4266
vn -0.2882 -0.4527 0.8438
vn -0.5026 -0.3795 0.7768
vn -0.4619 -0.7375 0.4927
vn -0.4994 -0.7948 0.3448
vn -0.1218 -0.9436 0.3077
vn -0.6014 -0.7952 0.0775
vn -0.3819 -0.9169 0.1160
vn -0.1663 -0.4282 0.8882
vn 0.1037 -0.9142 0.3918
vn 0.1053 -0.8471 0.5208
vn -0.1624 -0.4182 0.8937
vn -0.1957 -0.4691 0.8612
vn -0.2954 -0.4806 0.8257
vn 0.0533 -0.8113 0.5822
vn -0.0261 -0.8361 0.5480
vn -0.3643 -0.4523 0.8141
vn -0.3560 -0.3729 0.8569
vn -0.0528 -0.8617 0.5047
vn 0.0144 -0.8624 0.5060
vn 0.2640 -0.7565 0.5984
vn -0.1930 -0.1543 0.9690
vn -0.2843 -0.2598 0.9229
vn 0.1436 -0.8288 0.5408
vn 0.0467 -0.7236 0.6886
vn -0.0479 -0.5920 0.8045
vn 0.0344 -0.4534 0.8906
vn 0.1422 -0.7430 0.6540
vn 0.1040 -0.3582 0.9278
vn 0.2799 -0.7414 0.6099
vn 0.0802 -0.9886 0.1277
vn 0.1059 -0.9683 0.2263
vn 0.1923 -0.9692 0.1536
vn 0.1336 -0.9776 0.1629
vn 0.2873 -0.9552 0.0708
vn 0.1714 -0.9758 0.1361
vn 0.0390 -0.3014 0.9527
vn 0.2417 -0.7691 0.5916
vn -0.0831 -0.2885 0.9539
vn 0.0581 -0.8176 0.5729
vn 0.2955 -0.9553 0.0002
vn 0.1367 -0.9882 0.0695
vn 0.2361 -0.9711 -0.0342
vn 0.1278 -0.9906 0.0488
vn 0.0505 -0.9518 0.3027
vn 0.0559 -0.9535 0.2963
vn 0.0190 -0.9585 0.2845
vn 0.0639 -0.9507 0.3035
vn 0.0156 -0.9457 0.3248
vn 0.0936 -0.9234 0.3721
vn -0.1201 -0.3174 0.9406
vn -0.0423 -0.8266 0.5613
vn 0.0204 -0.3489 0.9369
vn 0.0840 -0.8312 0.5496
vn 0.2223 -0.9675 0.1207
vn 0.0294 -0.9312 0.3633
vn 0.0116 -0.9358 0.3523
vn 0.1731 -0.9816 0.0809
vn 0.0255 -0.9150 0.4026
vn 0.0075 -0.9123 0.4093
vn 0.1975 -0.9801 -0.0207
vn 0.2271 -0.9739 -0.0006
vn 0.2545 -0.3612 0.8971
vn 0.3199 -0.8141 0.4846
vn 0.3991 -0.4364 0.8064
vn 0.4636 -0.8189 0.3385
vn 0.4181 -0.6294 0.6550
vn 0.5296 -0.8312 0.1695
vn 0.3830 -0.7724 0.5066
vn 0.5995 -0.7945 0.0971
vn 0.3404 -0.9402 0.0109
vn 0.2861 -0.9465 0.1495
vn 0.4367 -0.8996 -0.0024
vn 0.2964 -0.9447 0.1401
vn 0.0647 -0.9258 0.3724
vn 0.0177 -0.9058 0.4233
vn 0.0607 -0.9255 0.3739
vn -0.0240 -0.9065 0.4215
vn 0.5019 -0.8645 -0.0262
vn 0.2952 -0.9468 0.1280
vn 0.5989 -0.7997 -0.0417
vn 0.3765 -0.9172 0.1304
vn 0.0583 -0.9255 0.3741
vn -0.0188 -0.9138 0.4057
vn 0.1070 -0.9234 0.3687
vn 0.0513 -0.9123 0.4064
vn 0.6242 -0.7758 -0.0921
vn 0.4166 -0.9053 0.0827
vn 0.5828 -0.8111 0.0503
vn 0.4224 -0.9052 -0.0465
vn 0.5286 -0.8277 -0.1883
vn 0.3543 -0.9349 -0.0225
vn 0.1076 -0.9353 0.3370
vn 0.0208 -0.9102 0.4137
vn 0.0435 -0.9574 0.2854
vn -0.0785 -0.9096 0.4079
vn 0.0643 -0.9569 0.2833
vn -0.0440 -0.8976 0.4386
vn 0.3123 -0.9475 -0.0687
vn 0.3506 -0.9365 -0.0034
vn 0.1256 -0.9327 0.3382
vn 0.0180 -0.8904 0.4549
vn 0.3945 -0.9145 0.0902
vn 0.1760 -0.9101 0.3752
vn 0.1431 -0.9233 0.3566
vn 0.3793 -0.9244 0.0407
vn 0.0531 -0.8942 0.4445
vn 0.0770 -0.8804 0.4679
vn 0.2190 -0.9049 0.3648
vn 0.0816 -0.8631 0.4984
vn 0.3951 -0.9068 0.1472
vn 0.4399 -0.8737 0.2077
vn 0.3286 -0.8617 0.3866
vn 0.2098 -0.8209 0.5312
vn -0.2742 -0.9598 -0.0601
vn 0.1440 -0.9830 0.1137
vn 0.3524 -0.9290 -0.1130
vn 0.0051 -0.9570 -0.2900
vn 0.4263 -0.9036 -0.0417
vn 0.2660 -0.9590 0.0974
vn 0.2710 -0.9619 -0.0373
vn 0.3292 -0.9319 -0.1522
vn 0.2705 -0.9537 -0.1318
vn 0.2344 -0.9679 0.0902
vn 0.2195 -0.9416 0.2554
vn 0.3103 -0.9501 -0.0327
vn 0.3218 -0.9466 0.0202
vn 0.1773 -0.9424 0.2835
vn 0.1877 -0.9571 0.2207
vn 0.3342 -0.9425 -0.0041
vn 0.3758 -0.9263 -0.0282
vn 0.2711 -0.9493 0.1589
vn 0.2762 -0.9604 0.0378
vn 0.2528 -0.9588 0.1292
vn -0.0608 -0.8529 0.5185
vn -0.0151 -0.8861 0.4633
vn -0.0955 -0.7696 0.6313
vn 0.2262 -0.9422 0.2471
vn -0.2808 -0.7743 0.5671
vn -0.0329 -0.9292 0.3681
vn 0.0257 -0.9212 0.3883
vn -0.2204 -0.7734 0.5943
vn 0.1324 -0.8847 0.4470
vn -0.0934 -0.7756 0.6243
vn 0.0033 -0.9059 0.4235
vn -0.2681 -0.7921 0.5484
vn 0.0251 -0.9093 0.4153
vn -0.1439 -0.8023 0.5794
vn 0.0686 -0.8920 0.4469
vn -0.0400 -0.7903 0.6114
vn -0.0770 -0.8998 0.4295
vn -0.3100 -0.7712 0.5561
vn -0.0954 -0.9060 0.4124
vn -0.3567 -0.7547 0.5507
vn 0.0400 -0.8962 0.4419
vn -0.1490 -0.7632 0.6288
vn 0.0217 -0.8784 0.4774
vn -0.1184 -0.7486 0.6524
vn -0.1280 -0.8643 0.4864
vn -0.2795 -0.7121 0.6440
vn -0.0998 -0.8417 0.5306
vn -0.2612 -0.6851 0.6800
vn -0.0859 -0.8506 0.5187
vn -0.2925 -0.6705 0.6818
vn -0.0247 -0.8294 0.5582
vn -0.2007 -0.6296 0.7506
vn -0.0725 -0.7814 0.6198
vn -0.2614 -0.5923 0.7621
vn -0.1278 -0.7183 0.6839
vn -0.2884 -0.5402 0.7905
vn -0.0248 -0.6874 0.7259
vn -0.2421 -0.5344 0.8098
vn -0.5502 -0.0063 0.8350
vn -0.2981 -0.5217 0.7993
vn -0.3384 -0.5061 0.7933
vn -0.5624 0.0006 0.8269
vn -0.1226 -0.7982 0.5898
vn -0.0334 -0.8043 0.5932
vn -0.5330 -0.4548 0.7135
vn -0.6949 0.0722 0.7155
vn -0.5271 -0.4408 0.7266
vn -0.7308 0.0944 0.6760
vn -0.4440 -0.4591 0.7695
vn -0.7142 0.0598 0.6974
vn -0.5808 -0.4592 0.6722
vn -0.7910 0.0400 0.6105
vn -0.3854 -0.5319 0.7540
vn -0.6267 -0.0679 0.7763
vn -0.2153 -0.5696 0.7932
vn -0.4463 -0.1443 0.8832
vn -0.4960 -0.5057 0.7059
vn -0.5987 -0.0747 0.7975
vn -0.6025 -0.4440 0.6632
vn -0.7360 0.0141 0.6769
vn -0.3987 -0.4813 0.7806
vn -0.5927 -0.0132 0.8053
vn -0.3365 -0.4805 0.8099
vn -0.5514 0.0091 0.8342
vn -0.4655 -0.4090 0.7849
vn -0.6338 0.0700 0.7703
vn -0.4919 -0.3654 0.7903
vn -0.6837 0.0998 0.7229
vn -0.4956 -0.3281 0.8042
vn -0.6566 0.0991 0.7477
vn -0.4566 -0.3106 0.8337
vn -0.6927 0.0781 0.7170
vn -0.4771 -0.3236 0.8171
vn -0.6812 0.0320 0.7314
vn -0.5788 0.7761 0.2503
vn -0.7901 0.4639 0.4007
vn -0.6492 0.5090 0.5652
vn -0.4607 0.8295 0.3158
vn -0.6522 -0.0043 0.7580
vn -0.8406 0.0072 0.5416
vn -0.5962 0.5260 0.6066
vn -0.4314 0.8518 0.2971
vn -0.5961 0.5500 0.5849
vn -0.4298 0.8689 0.2454
vn -0.6634 0.5846 0.4670
vn -0.4860 0.8588 0.1622
vn -0.7012 0.5853 0.4071
vn -0.5164 0.8469 0.1268
vn -0.6983 0.5625 0.4427
vn -0.5226 0.8385 0.1544
vn -0.7312 0.5437 0.4120
vn -0.5185 0.8401 0.1592
vn -0.6721 0.5123 0.5346
vn -0.4695 0.8555 0.2185
vn -0.5671 0.4828 0.6673
vn -0.4416 0.8557 0.2698
vn -0.5932 0.5132 0.6203
vn -0.4825 0.8442 0.2336
vn -0.6773 0.5393 0.5005
vn -0.5033 0.8412 0.1977
vn -0.6152 0.5306 0.5831
vn -0.4772 0.8476 0.2321
vn -0.6265 0.5380 0.5640
vn -0.5442 0.8221 0.1672
vn -0.6962 0.5366 0.4768
vn -0.5925 0.8009 0.0868
vn -0.7336 0.5200 0.4375
vn -0.5950 0.8033 0.0268
vn -0.7322 0.5061 0.4558
vn -0.6002 0.7998 -0.0100
vn -0.7807 0.4557 0.4276
vn -0.6508 0.7588 -0.0252
vn -0.7940 0.4086 0.4501
vn -0.7248 0.6889 -0.0057
vn -0.5555 0.6413 0.5292
vn -0.5053 0.5910 0.6288
vn -0.3498 0.0129 0.9367
vn -0.4681 0.1016 0.8778
vn -0.5249 0.4926 0.6941
vn -0.2771 -0.1845 0.9430
vn -0.9160 0.1689 0.3639
vn -0.7304 0.3032 0.6120
vn -0.9554 -0.1259 0.2671
vn -0.6740 -0.2761 0.6852
vn -0.7641 -0.6430 0.0518
vn -0.2837 -0.9572 -0.0569
vn -0.0665 -0.9977 0.0119
vn -0.4152 -0.8535 0.3148
vn 0.1635 -0.9816 0.0988
vn 0.1998 -0.9352 0.2922
vn 0.2357 -0.9388 0.2513
vn 0.1944 -0.9692 0.1509
vn 0.2047 -0.8944 0.3976
vn -0.0680 -0.7600 0.6463
vn -0.5139 0.4289 0.7429
vn -0.4551 -0.0376 0.8897
vn 0.0617 -0.7028 0.7087
vn -0.3044 -0.4932 0.8149
vn -0.5103 0.7219 0.4673
vn -0.6277 0.5750 0.5247
vn -0.6703 0.6339 0.3858
vn -0.6043 0.7141 0.3534
vn -0.7681 0.3459 0.5389
vn -0.7136 0.3370 0.6142
vn -0.8205 0.3403 0.4594
vn -0.7235 0.6381 0.2633
vn -0.6857 0.6839 0.2491
vn -0.7398 0.6362 0.2188
vn -0.7251 0.6593 0.1988
vn -0.8497 0.3199 0.4192
vn -0.8815 0.2971 0.3672
vn -0.7711 0.6141 0.1681
vn -0.7811 0.6110 0.1285
vn -0.8340 0.5465 0.0758
vn -0.8391 0.5438 0.0122
vn -0.9255 0.2474 0.2869
vn -0.9557 0.1798 0.2329
vn -0.8886 0.4583 0.0200
vn -0.8619 0.5024 -0.0692
vn -0.8903 0.4344 0.1366
vn -0.8554 0.5173 0.0270
vn -0.9373 0.1776 0.3000
vn -0.8686 0.2589 0.4224
vn -0.8405 0.4425 0.3127
vn -0.8340 0.5192 0.1868
vn -0.7442 0.6501 0.1536
vn -0.8353 0.5384 0.1113
vn -0.8487 0.4860 -0.2085
vn -0.7314 0.6417 -0.2308
vn -0.9018 0.4321 0.0093
vn -0.8355 0.1811 -0.5188
vn -0.6541 0.3078 -0.6910
vn -0.5368 0.4685 -0.7017
vn -0.9988 -0.0380 -0.0297
vn -0.9612 0.1142 -0.2513
vn -0.8847 0.3890 0.2568
vn -0.8742 0.2650 0.4068
vn -0.6750 0.5849 0.4498
vn -0.6141 0.6899 0.3832
vn -0.6201 0.5247 0.5832
vn -0.7005 0.2688 0.6611
vn -0.5295 0.0210 0.8481
vn -0.6538 -0.0966 0.7505
vn -0.7318 0.5024 0.4605
vn -0.7489 0.4597 0.4773
vn -0.6704 0.6161 0.4136
vn -0.6912 0.6033 0.3979
vn -0.4235 -0.9034 -0.0665
vn -0.3971 -0.9151 -0.0696
vn -0.4016 -0.9100 -0.1030
vn -0.3918 -0.9061 -0.1593
vn -0.4558 -0.8881 -0.0590
vn -0.4311 -0.8959 -0.1073
vn -0.5244 -0.8399 -0.1396
vn -0.5305 -0.8465 -0.0435
vn -0.6107 -0.7782 -0.1463
vn -0.4716 -0.8653 -0.1701
vn -0.5954 -0.7908 -0.1418
vn -0.3638 -0.8735 -0.3235
vn -0.8824 -0.0222 0.4700
vn -0.6746 -0.7226 0.1508
vn -0.9125 -0.1292 0.3882
vn -0.4954 -0.8652 0.0774
vn -0.8028 -0.0090 0.5962
vn -0.7343 -0.2504 0.6309
vn -0.7111 -0.4306 0.5558
vn -0.8597 0.1125 0.4983
vn -0.7404 -0.1605 0.6528
vn -0.7177 -0.2295 0.6574
vn -0.9114 0.0052 0.4114
vn -0.7015 -0.6580 0.2737
vn -0.4754 -0.8727 -0.1111
vn -0.3355 -0.9362 -0.1049
vn -0.5414 -0.8244 0.1652
vn -0.5590 -0.8006 0.2156
vn -0.5576 -0.2733 0.7838
vn -0.6297 -0.2440 0.7375
vn -0.4875 -0.2646 0.8321
vn -0.5734 -0.7589 0.3088
vn -0.3967 -0.8902 0.2240
vn -0.4313 -0.8830 0.1853
vn -0.6200 -0.2724 0.7358
vn -0.5847 -0.2581 0.7691
vn -0.5328 -0.7447 0.4020
vn -0.5782 -0.0432 0.8148
vn -0.6147 -0.4249 0.6645
vn -0.5301 0.2929 0.7958
vn -0.5969 -0.0656 0.7996
vn -0.4150 0.4807 0.7725
vn -0.5829 -0.0342 0.8118
vn -0.5309 0.4423 0.7229
vn -0.5693 -0.1250 0.8126
vn -0.5913 0.2915 0.7519
vn -0.6250 -0.2166 0.7500
vn -0.6296 0.1019 0.7702
vn -0.5567 0.1796 0.8111
vn -0.3757 0.5690 0.7315
vn -0.4735 0.5113 0.7172
vn -0.6973 0.1060 0.7089
vn -0.6796 0.2762 0.6796
vn -0.8182 -0.0628 0.5715
vn -0.3798 0.1523 0.9124
vn -0.3711 0.4247 0.8258
vn -0.3559 0.5133 0.7810
vn -0.4471 0.1802 0.8761
vn -0.4460 0.1001 0.8894
vn -0.4012 0.2754 0.8736
vn -0.4164 0.3467 0.8405
vn -0.3877 0.1164 0.9144
vn -0.2402 0.1937 0.9512
vn -0.3025 0.1894 0.9341
vn -0.4191 0.1305 0.8985
vn -0.3527 0.1900 0.9162
vn -0.7273 0.0830 0.6813
vn -0.6796 0.0475 0.7320
vn -0.7107 -0.0824 0.6986
vn -0.7365 0.0364 0.6755
vn -0.7493 -0.0730 0.6582
vn -0.7687 0.0484 0.6377
vn -0.7046 0.1995 0.6809
vn -0.7573 0.1443 0.6369
vn -0.7242 0.0465 0.6880
vn -0.6945 0.0333 0.7187
vn -0.7776 0.0075 0.6287
vn -0.8051 0.0842 0.5871
vn -0.6846 -0.2145 0.6966
vn -0.7312 -0.0416 0.6808
vn -0.7180 -0.0374 0.6950
vn -0.6790 -0.1686 0.7146
vn -0.7424 -0.0794 0.6652
vn -0.6958 -0.2227 0.6828
vn -0.6667 -0.2121 0.7145
vn -0.6884 -0.1158 0.7160
vn -0.7330 -0.1329 0.6671
vn -0.7563 -0.1108 0.6448
vn -0.6794 -0.1773 0.7121
vn -0.7535 -0.1566 0.6385
vn -0.7941 -0.0150 0.6076
vn -0.8382 0.0353 0.5443
vn -0.8053 -0.0619 0.5897
vn -0.8177 -0.1520 0.5553
vn -0.8693 -0.0030 0.4943
vn -0.8002 -0.0275 0.5991
vn -0.8208 -0.0806 0.5655
vn -0.7994 -0.1678 0.5768
vn -0.7499 -0.1737 0.6383
vn -0.7438 -0.1974 0.6386
vn -0.7487 -0.2830 0.5994
vn -0.4659 -0.3307 0.8207
vn -0.2058 -0.4868 0.8489
vn -0.2667 -0.6470 0.7144
vn -0.5646 -0.4233 0.7086
vn -0.9037 -0.0513 0.4251
vn -0.8476 -0.2091 0.4877
vn -0.8544 -0.2774 0.4393
vn -0.9275 -0.0955 0.3615
vn -0.7526 -0.2848 0.5937
vn -0.5932 -0.4727 0.6517
vn -0.7483 -0.3407 0.5692
vn -0.8107 -0.2387 0.5346
vn -0.7806 -0.3320 0.5296
vn -0.7360 -0.4279 0.5245
vn -0.8009 -0.3480 0.4872
vn -0.9173 -0.0938 0.3871
vn -0.8736 0.0006 0.4867
vn -0.7402 -0.3331 0.5841
vn 0.0088 -0.6000 0.8000
vn 0.1342 -0.6819 0.7190
vn 0.0692 -0.7250 0.6853
vn -0.0557 -0.7528 0.6559
vn -0.4489 -0.5714 0.6870
vn -0.3354 -0.5068 0.7941
vn -0.4942 -0.4558 0.7403
vn -0.6392 -0.4402 0.6306
vn -0.6214 -0.5361 0.5714
vn -0.4909 -0.5727 0.6565
vn -0.8436 0.0673 0.5327
vn -0.9143 -0.2464 0.3216
vn -0.6121 -0.3255 0.7207
vn -0.5491 -0.5451 0.6336
vn 0.1742 -0.8088 0.5618
vn 0.1165 -0.9148 0.3868
vn -0.1251 -0.7541 0.6447
vn 0.0181 -0.6960 0.7178
vn -0.2424 -0.5836 0.7750
vn -0.1352 -0.7732 0.6196
vn -0.2735 -0.4520 0.8490
vn -0.2667 -0.6668 0.6959
vn -0.3100 -0.4055 0.8600
vn -0.4103 -0.5454 0.7309
vn -0.3878 -0.5147 0.7647
vn -0.0516 -0.8142 0.5783
vn -0.6369 -0.4860 0.5985
vn -0.2621 -0.8134 0.5193
vn -0.0795 -0.7825 0.6176
vn 0.0362 -0.7861 0.6170
vn 0.1517 -0.9298 0.3355
vn -0.0713 -0.9212 0.3826
vn 0.1798 -0.9275 0.3278
vn 0.1393 -0.9173 0.3731
vn 0.0761 -0.9344 0.3481
vn 0.2869 -0.9443 0.1610
vn 0.2810 -0.9414 0.1868
vn 0.1675 -0.9594 0.2271
vn 0.0883 -0.9478 0.3065
vn 0.0564 -0.9527 0.2985
vn 0.0841 -0.9751 0.2052
vn 0.2257 -0.9542 0.1964
vn 0.1363 -0.9554 0.2619
vn 0.3606 -0.9280 0.0940
vn 0.3325 -0.9358 0.1175
vn 0.0518 -0.9254 0.3753
vn -0.4706 -0.7998 0.3727
vn -0.1611 -0.3648 0.9170
vn 0.3648 -0.6803 0.6357
vn -0.1997 -0.9620 0.1864
vn 0.0868 0.0820 0.9928
vn 0.6284 -0.2619 0.7325
vn 0.0685 -0.0858 0.9940
vn 0.5681 -0.5339 0.6263
vn 0.3377 -0.9225 0.1871
vn -0.5963 -0.5345 0.5989
vn -0.0759 -0.6311 0.7720
vn -0.0392 -0.9990 -0.0210
vn -0.5229 -0.4498 0.7241
vn -0.5787 -0.4957 0.6476
vn -0.2279 -0.9428 0.2434
vn -0.1558 -0.9771 0.1453
vn -0.4611 -0.4137 0.7850
vn -0.4630 -0.4236 0.7786
vn -0.2715 -0.9173 0.2912
vn -0.3006 -0.9055 0.2995
vn -0.5128 -0.3983 0.7605
vn -0.3306 -0.8927 0.3061
vn -0.6044 -0.3650 0.7082
vn -0.3975 -0.8624 0.3135
vn -0.7274 -0.3382 0.5971
vn -0.5083 -0.8157 0.2763
vn -0.8122 -0.4062 0.4187
vn -0.4943 -0.8651 0.0858
vn -0.0092 -0.9897 -0.1429
vn -0.1092 -0.9904 -0.0843
vn -0.0518 -0.9867 -0.1543
vn 0.1068 -0.9780 -0.1795
vn 0.1124 -0.9308 -0.3477
vn -0.0207 -0.9705 -0.2403
vn 0.0016 -0.9795 -0.2016
vn 0.1245 -0.9562 -0.2650
vn 0.2810 -0.8805 -0.3818
vn 0.0804 -0.9625 -0.2591
vn 0.0118 -0.9669 -0.2549
vn 0.1568 -0.9101 -0.3837
vn 0.2004 -0.9463 -0.2536
vn 0.3290 -0.9105 -0.2507
vn 0.4119 -0.8290 -0.3782
vn 0.4840 -0.7946 -0.3665
vn 0.5409 -0.7823 -0.3090
vn 0.6135 -0.7761 -0.1457
vn 0.7750 -0.5985 0.2030
vn 0.5351 -0.8354 -0.1254
vn 0.7499 -0.5299 0.3960
vn 0.4671 -0.8457 0.2582
vn 0.6064 -0.7935 -0.0511
vn 0.5352 -0.8333 -0.1381
vn 0.1259 -0.9898 -0.0666
vn 0.4984 -0.8412 -0.2096
vn 0.4527 -0.8242 -0.3402
vn -0.0225 -0.9385 -0.3445
vn 0.0736 -0.8745 -0.4793
vn 0.4274 -0.7682 -0.4767
vn 0.4520 -0.7535 -0.4774
vn 0.3449 -0.8253 -0.4471
vn 0.5052 -0.7932 -0.3402
vn 0.4662 -0.7802 -0.4171
vn 0.4092 -0.8416 -0.3524
vn 0.5026 -0.8330 -0.2314
vn 0.3070 -0.9285 -0.2089
vn 0.1363 -0.9442 -0.2998
vn -0.2423 -0.9698 0.0270
vn 0.1874 -0.9801 -0.0650
vn 0.2525 -0.9673 0.0234
vn -0.0688 -0.9031 0.4239
vn -0.4233 -0.4059 0.8100
vn -0.7398 -0.4093 0.5340
vn -0.8749 -0.0120 0.4842
vn -0.6194 -0.5245 0.5842
vn -0.6711 -0.2803 0.6863
vn -0.8945 -0.0971 0.4364
vn -0.6308 -0.3393 0.6979
vn -0.7154 -0.6563 0.2398
vn -0.2744 -0.7727 0.5724
vn -0.1751 -0.7744 0.6080
vn 0.0465 -0.8548 0.5169
vn -0.1277 -0.7811 0.6113
vn -0.1676 -0.7896 0.5903
vn -0.0423 -0.9265 0.3740
vn -0.1510 -0.8595 0.4884
vn -0.1887 -0.7240 0.6635
vn -0.1957 -0.6442 0.7394
vn -0.1267 -0.6270 0.7686
vn -0.1862 -0.7322 0.6552
vn -0.2482 -0.5809 0.7752
vn -0.1790 -0.5103 0.8412
vn -0.1354 -0.4059 0.9038
vn -0.1380 -0.2118 0.9675
vn -0.0410 -0.1631 0.9858
vn 0.0112 -0.0023 0.9999
vn -0.2506 -0.2621 0.9319
vn 0.0203 0.1370 0.9904
vn 0.0550 -0.1635 0.9850
vn 0.3806 -0.9153 0.1317
vn 0.4337 -0.9010 -0.0005
vn 0.4949 -0.8673 0.0532
vn 0.4644 -0.8742 0.1415
vn 0.2112 -0.8713 0.4429
vn 0.2417 -0.7432 0.6239
vn 0.3575 -0.6567 0.6641
vn 0.5659 -0.8226 0.0552
vn 0.4494 -0.6516 0.6111
vn 0.6239 -0.7814 0.0140
vn -0.1488 -0.1515 0.9772
vn 0.3311 -0.7064 0.6256
vn 0.3647 -0.7788 0.5103
vn -0.1773 -0.2477 0.9525
vn 0.5326 -0.8302 0.1648
vn 0.5787 -0.8101 0.0946
vn 0.6341 -0.7731 0.0148
vn 0.6246 -0.7804 -0.0304
vn 0.5792 -0.8152 0.0042
vn 0.5668 -0.8238 -0.0081
vn 0.1218 -0.2750 0.9537
vn 0.4248 -0.6570 0.6229
vn 0.3070 -0.7372 0.6019
vn 0.0182 -0.4569 0.8893
vn -0.0936 -0.6617 0.7439
vn -0.3579 -0.1424 0.9228
vn -0.2838 -0.2230 0.9326
vn 0.0852 -0.7667 0.6363
vn -0.7145 -0.4324 0.5500
vn -0.5943 -0.2448 0.7661
vn -0.6690 0.1604 0.7257
vn -0.8078 -0.2904 0.5129
vn -0.6233 0.2610 0.7372
vn -0.5533 -0.2157 0.8046
vn -0.5798 0.4217 0.6971
vn -0.6236 0.2878 0.7268
vn -0.4872 0.3673 0.7923
vn -0.5490 0.3673 0.7508
vn -0.0900 -0.8854 0.4560
vn -0.5127 -0.2345 0.8259
vn -0.7096 -0.1688 0.6841
vn -0.2786 -0.8360 0.4728
vn -0.6446 0.4632 0.6083
vn -0.7059 0.4638 0.5353
vn -0.6965 0.4093 0.5894
vn -0.7227 0.4247 0.5453
vn -0.7256 0.1927 0.6606
vn -0.7493 0.1646 0.6414
vn -0.5969 -0.2959 0.7458
vn -0.6088 -0.3219 0.7251
vn -0.3093 -0.6901 0.6543
vn -0.6239 -0.1103 0.7737
vn -0.3200 -0.6037 0.7301
vn -0.5617 -0.1422 0.8150
vn -0.6341 0.5227 0.5698
vn -0.6033 0.5267 0.5989
vn -0.6426 0.5491 0.5343
vn -0.5589 0.6093 0.5624
vn -0.6763 0.2321 0.6991
vn -0.5426 0.2660 0.7968
vn -0.5109 -0.2856 0.8108
vn -0.3701 -0.2334 0.8992
vn -0.6612 -0.6534 0.3686
vn -0.4468 -0.6134 0.6512
vn -0.3574 -0.8143 0.4573
vn -0.6032 -0.7625 0.2340
vn -0.1194 -0.7713 0.6252
vn -0.3025 -0.6165 0.7269
vn -0.3180 -0.6900 0.6502
vn -0.0993 -0.8199 0.5639
vn -0.1317 -0.8787 0.4589
vn -0.3568 -0.6953 0.6239
vn -0.2897 -0.6388 0.7127
vn -0.0872 -0.8605 0.5020
vn -0.0307 -0.7676 0.6402
vn -0.2170 -0.5282 0.8209
vn -0.2360 -0.4537 0.8593
vn -0.3701 -0.1742 0.9125
vn -0.0431 -0.6964 0.7164
vn -0.0756 -0.6654 0.7426
vn -0.2809 -0.4101 0.8677
vn -0.4073 -0.1412 0.9023
vn 0.2148 -0.9137 0.3449
vn 0.2267 -0.8762 0.4253
vn 0.4555 -0.8764 0.1562
vn 0.4197 -0.8920 0.1676
vn 0.4897 -0.8606 0.1401
vn 0.1976 -0.8530 0.4831
vn -0.6301 -0.5133 0.5827
vn -0.9019 0.3026 0.3081
vn -0.7115 0.5557 0.4301
vn -0.7186 0.0002 0.6954
vn -0.5919 -0.2813 0.7553
vn -0.8001 -0.1558 0.5793
vn -0.5114 -0.6480 0.5644
vn -0.4955 -0.3964 0.7729
vn -0.6050 -0.4724 0.6409
vn -0.6146 -0.6488 0.4486
vn -0.7430 -0.6112 0.2729
vn -0.6669 -0.7003 0.2547
vn -0.6226 -0.7271 0.2893
vn -0.5453 -0.8141 0.1995
vn -0.6623 -0.3193 0.6778
vn -0.7026 -0.3196 0.6357
vn -0.2927 -0.9150 0.2775
vn -0.5177 -0.5435 0.6607
vn -0.1485 -0.6263 0.7653
vn -0.0118 -0.8808 0.4734
vn 0.0798 -0.8750 0.4774
vn 0.0124 -0.6864 0.7272
vn 0.0942 -0.7615 0.6412
vn 0.0719 -0.9278 0.3662
vn 0.1280 -0.9442 0.3034
vn 0.2749 -0.9146 0.2964
vn -0.5893 0.4382 0.6788
vn -0.5851 0.2609 0.7678
vn -0.5146 0.1718 0.8400
vn -0.5905 0.1745 0.7880
vn -0.5102 0.0191 0.8599
vn -0.5416 0.0990 0.8348
vn -0.4595 0.0107 0.8881
vn -0.4913 0.0043 0.8710
vn -0.4926 0.2294 0.8395
vn -0.5031 0.0393 0.8633
vn -0.5354 -0.1546 0.8303
vn -0.4682 -0.1812 0.8648
vn -0.4403 -0.3826 0.8123
vn -0.5685 -0.2436 0.7858
vn -0.6108 0.0487 0.7903
vn -0.6681 -0.1384 0.7311
vn -0.5264 0.2498 0.8127
vn -0.5208 0.4133 0.7469
vn -0.4908 0.4545 0.7433
vn -0.5055 0.3963 0.7664
vn -0.6572 0.1327 0.7420
vn -0.6235 0.0389 0.7808
vn -0.6950 -0.1836 0.6952
vn -0.6270 -0.3046 0.7170
vn -0.4653 0.2851 0.8380
vn -0.4003 0.3852 0.8315
vn -0.2283 0.2547 0.9397
vn -0.2478 0.0961 0.9640
vn -0.3495 -0.3444 0.8713
vn -0.2963 -0.0994 0.9499
vn -0.5001 -0.0656 0.8635
vn -0.5105 -0.3826 0.7701
vn -0.1153 -0.0792 0.9902
vn -0.0956 0.2377 0.9666
vn -0.2106 0.1819 0.9605
vn -0.1450 -0.1354 0.9801
vn -0.2394 0.0646 0.9688
vn -0.2100 0.1952 0.9580
vn -0.1318 0.0764 0.9883
vn -0.1997 -0.1372 0.9702
vn -0.9509 0.2115 -0.2260
vn -0.9456 -0.0198 -0.3246
vn -0.9667 -0.2399 0.0889
vn -0.9987 0.0443 0.0266
vn -0.9548 -0.2708 0.1228
vn -0.9403 -0.0361 -0.3385
vn -0.9326 -0.3180 0.1704
vn -0.9399 -0.3020 0.1591
vn -0.9797 -0.0036 0.2004
vn -0.8671 -0.4295 0.2523
vn -0.9254 -0.2691 0.2667
vn -0.9935 -0.1023 0.0497
vn -0.9746 -0.2121 0.0717
vn -0.8990 0.4028 0.1719
vn -0.8610 0.3676 0.3514
vn -0.8588 0.5115 -0.0290
vn -0.9584 0.1241 -0.2571
vn -0.9510 0.0214 -0.3086
vn -0.7552 0.5363 0.3769
vn -0.9259 0.0657 0.3720
vn -0.9605 0.2092 0.1834
vn -0.8128 0.5404 0.2175
vn -0.9273 0.3498 -0.1333
vn -0.7997 0.5997 0.0280
vn -0.8674 0.4946 -0.0551
vn -0.8998 0.4175 0.1267
vn -0.8343 0.4518 0.3159
vn -0.8937 -0.2462 0.3752
vn -0.8345 0.4075 0.3709
vn -0.8335 -0.4603 0.3055
vn -0.8678 -0.2967 0.3986
vn -0.8964 -0.1353 0.4221
vn -0.8478 0.3879 0.3616
vn -0.8224 0.4708 0.3195
vn -0.9239 0.0242 0.3818
vn -0.9305 0.0055 0.3663
vn -0.7466 0.5615 0.3568
vn -0.7257 0.5898 0.3541
vn -0.9306 0.1089 0.3495
vn -0.8881 0.1455 0.4360
vn -0.7563 0.5685 0.3237
vn -0.8842 -0.1137 0.4530
vn -0.8166 0.4204 0.3956
vn -0.8466 -0.2991 0.4402
vn -0.8459 -0.2507 0.4707
vn -0.8702 0.0063 0.4926
vn -0.7531 0.5102 0.4154
vn -0.6487 0.5102 0.5646
vn -0.6797 -0.0396 0.7324
vn -0.6002 0.7335 0.3190
vn -0.6123 0.7457 0.2627
vn -0.7132 0.4966 0.4947
vn -0.6973 -0.2056 0.6867
vn -0.8264 0.1943 0.5285
vn -0.6705 0.6121 0.4193
vn -0.8284 -0.1765 0.5315
vn -0.7904 -0.1698 0.5886
vn -0.7765 0.3821 0.5010
vn -0.6062 0.6932 0.3898
vn -0.8686 0.2884 0.4029
vn -0.9016 -0.0040 0.4326
vn -0.9034 0.0489 0.4260
vn -0.8196 0.4589 0.3430
vn -0.8525 -0.1493 0.5009
vn -0.8328 -0.1294 0.5382
vn -0.7998 0.4712 0.3718
vn -0.8405 0.0542 0.5390
vn -0.7489 -0.2222 0.6243
vn -0.8447 0.2022 0.4956
vn -0.7704 -0.2066 0.6032
vn -0.5988 -0.4403 0.6690
vn -0.5263 -0.5749 0.6265
vn -0.6251 -0.4908 0.6069
vn -0.7072 0.5354 0.4618
vn -0.7435 -0.1383 0.6542
vn -0.6069 0.7321 0.3094
vn -0.9027 -0.3281 0.2783
vn -0.8951 -0.3587 0.2647
vn -0.7362 -0.4564 0.4997
vn -0.8144 -0.3604 0.4549
vn -0.6503 -0.4738 0.5939
vn -0.3457 -0.6966 0.6287
vn -0.1494 -0.8061 0.5726
vn -0.4670 -0.6102 0.6400
vn -0.0205 -0.7523 0.6585
vn -0.0984 -0.8507 0.5164
vn -0.3897 -0.5640 0.7281
vn -0.1187 -0.5498 0.8268
vn -0.1546 -0.6784 0.7183
vn -0.3839 -0.7420 0.5497
vn -0.4570 -0.7086 0.5377
vn -0.4858 -0.6624 0.5703
vn -0.4895 -0.6624 0.5671
vn -0.4103 -0.7229 0.5560
vn -0.3410 -0.6982 0.6295
vn -0.2414 -0.8055 0.5412
vn -0.6052 -0.2271 0.7630
vn -0.4956 -0.1326 0.8584
vn -0.4353 -0.4228 0.7948
vn -0.6144 -0.4331 0.6595
vn -0.6724 -0.5446 0.5013
vn -0.5599 -0.6394 0.5269
vn -0.3930 -0.7515 0.5299
vn -0.5795 -0.6159 0.5338
vn -0.6129 -0.4582 0.6437
vn -0.6256 -0.5460 0.5572
vn -0.6434 -0.5706 0.5104
vn -0.6943 -0.4993 0.5183
vn 0.0128 0.9996 -0.0243
vn -0.2655 0.9584 0.1049
vn -0.2027 0.9763 0.0752
vn 0.0470 0.9933 -0.1058
vn -0.1942 0.9808 0.0190
vn 0.0229 0.9817 -0.1890
vn -0.2386 0.9701 -0.0439
vn -0.0463 0.9637 -0.2630
vn -0.2975 0.9515 -0.0789
vn -0.0790 0.9570 -0.2790
vn -0.0643 0.9644 -0.2565
vn -0.0736 0.9618 -0.2638
vn -0.3017 0.9493 -0.0881
vn -0.2939 0.9526 -0.0790
vn -0.2739 0.9587 -0.0762
vn -0.0630 0.9649 -0.2550
vn -0.2458 0.9677 -0.0552
vn -0.0781 0.9646 -0.2520
vn -0.2456 0.9684 -0.0437
vn -0.0705 0.9685 -0.2388
vn -0.2659 0.9609 -0.0778
vn -0.0695 0.9633 -0.2592
vn -0.2666 0.9584 -0.1017
vn -0.0810 0.9510 -0.2983
vn -0.2900 0.9487 -0.1260
vn -0.1197 0.9273 -0.3547
vn -0.3471 0.9167 -0.1978
vn -0.1290 0.8979 -0.4209
vn -0.3400 0.8990 -0.2759
vn -0.1249 0.8626 -0.4903
vn -0.3204 0.8802 -0.3500
vn -0.1838 0.8289 -0.5283
vn -0.3378 0.8572 -0.3886
vn -0.2993 0.8151 -0.4960
vn -0.3733 0.7850 -0.4944
vn -0.3400 0.8097 -0.4783
vn -0.3929 0.8313 -0.3931
vn -0.4654 0.7844 -0.4100
vn -0.3771 0.7712 -0.5129
vn -0.3884 0.8048 -0.4489
vn -0.1379 0.8086 -0.5720
vn -0.1786 0.7293 -0.6605
vn -0.3905 0.7860 -0.4794
vn -0.1071 0.7960 -0.5957
vn -0.2230 0.9742 -0.0354
vn -0.0600 0.9963 -0.0623
vn 0.0940 0.9878 -0.1240
vn -0.0343 0.9891 -0.1429
vn 0.1437 0.9855 -0.0899
vn 0.0286 0.9992 -0.0283
vn -0.3771 0.9254 -0.0373
vn -0.3364 0.9411 -0.0344
vn -0.1170 0.9707 -0.2099
vn -0.1424 0.9602 -0.2403
vn -0.3691 0.9293 -0.0116
vn -0.3818 0.9235 -0.0380
vn -0.1479 0.9639 -0.2216
vn -0.1571 0.9690 -0.1905
vn -0.2852 0.9584 0.0137
vn -0.3405 0.9402 0.0080
vn -0.1765 0.9679 -0.1787
vn -0.1731 0.9699 -0.1710
vn -0.2163 0.9763 -0.0098
vn -0.2304 0.9730 0.0109
vn -0.1291 0.9787 -0.1595
vn -0.1148 0.9780 -0.1739
vn -0.3036 0.9513 -0.0532
vn -0.2507 0.9670 -0.0443
vn -0.1283 0.9691 -0.2105
vn -0.1510 0.9568 -0.2483
vn -0.1635 0.9491 -0.2693
vn -0.3596 0.9328 -0.0238
vn -0.2262 0.9379 -0.2631
vn -0.3666 0.9302 0.0160
vn -0.3021 0.8801 -0.3662
vn -0.1341 0.9817 -0.1353
vn -0.2646 0.9643 -0.0108
vn -0.2927 0.9055 -0.3074
vn -0.2450 0.8323 -0.4973
vn -0.0109 0.9674 -0.2530
vn -0.0686 0.7768 -0.6261
vn 0.1293 0.9519 -0.2777
vn -0.2713 0.9600 0.0690
vn -0.2096 0.9642 0.1626
vn -0.3577 0.9335 0.0234
vn -0.4787 0.8647 0.1524
vn -0.4022 0.8906 0.2121
vn -0.3298 0.8985 0.2896
vn -0.4337 0.9008 0.0222
vn -0.4780 0.8768 0.0519
vn -0.5972 0.7817 0.1799
vn -0.5599 0.8161 0.1431
vn -0.4752 0.8769 0.0728
vn -0.4427 0.8915 0.0958
vn -0.5451 0.8045 0.2359
vn -0.5757 0.7875 0.2199
vn -0.3899 0.9112 0.1327
vn -0.3260 0.9317 0.1604
vn -0.4267 0.8489 0.3120
vn -0.5094 0.8188 0.2648
vn -0.6095 0.3241 0.7235
vn -0.5390 0.3840 0.7497
vn -0.5076 0.7123 0.4847
vn -0.5995 0.6940 0.3987
vn -0.4291 0.7564 0.4938
vn -0.5124 0.4985 0.6993
vn -0.6867 0.2480 0.6833
vn -0.6816 0.6395 0.3555
vn -0.7060 0.6032 0.3711
vn -0.6988 0.2300 0.6773
vn -0.6388 0.3143 0.7022
vn -0.6593 0.6211 0.4238
vn -0.5882 0.6810 0.4362
vn -0.5482 0.4155 0.7259
vn -0.6039 0.6758 0.4226
vn -0.5402 0.8061 0.2417
vn -0.6074 0.7636 0.2188
vn -0.6607 0.5945 0.4583
vn -0.6538 0.4527 0.6063
vn -0.6479 0.5216 0.5551
vn -0.6216 0.7269 0.2918
vn -0.6838 0.5520 0.4771
vn -0.5804 0.7879 0.2058
vn -0.6888 0.6862 0.2339
vn -0.6675 0.7301 0.1459
vn -0.7185 0.4858 0.4978
vn -0.7759 0.3363 0.5337
vn -0.7722 0.5904 0.2350
vn -0.7349 0.6722 0.0898
vn -0.8019 0.5387 0.2585
vn -0.7678 0.6373 0.0659
vn -0.7768 0.2826 0.5628
vn -0.7154 0.2320 0.6591
vn -0.7729 0.4653 0.4313
vn -0.7189 0.6869 0.1067
vn -0.6169 0.4775 0.6256
vn -0.5520 0.8002 0.2343
vn -0.5703 0.2533 0.7814
vn -0.4217 0.2725 0.8648
vn -0.4364 0.4969 0.7501
vn -0.3449 0.8677 0.3579
vn -0.3083 0.5244 0.7937
vn -0.1810 0.8817 0.4358
vn -0.3472 0.2975 0.8894
vn -0.3097 0.3609 0.8797
vn -0.2244 0.5817 0.7819
vn -0.0757 0.8869 0.4557
vn -0.1701 0.6662 0.7261
vn -0.0362 0.9009 0.4326
vn -0.2752 0.4370 0.8563
vn -0.2655 0.4643 0.8449
vn -0.1805 0.7055 0.6853
vn -0.0807 0.9038 0.4202
vn -0.2345 0.6921 0.6827
vn -0.2897 0.6604 0.6928
vn -0.1971 0.8960 0.3979
vn -0.1526 0.8979 0.4129
vn -0.2839 0.4506 0.8464
vn -0.3257 0.4389 0.8374
vn -0.3359 0.6489 0.6827
vn -0.2400 0.8939 0.3785
vn -0.3695 0.4531 0.8113
vn -0.3698 0.4734 0.7995
vn -0.3160 0.6622 0.6795
vn -0.2145 0.8961 0.3887
vn 0.0335 0.8875 0.4597
vn -0.1168 0.9022 0.4152
vn -0.2181 0.6737 0.7061
vn -0.0800 0.6423 0.7623
vn -0.2696 0.4834 0.8328
vn -0.1274 0.4360 0.8909
vn 0.0186 0.6066 0.7948
vn 0.1389 0.8534 0.5024
vn -0.0495 0.3544 0.9338
vn -0.0604 0.2898 0.9552
vn 0.0237 0.6251 0.7802
vn 0.1280 0.8547 0.5030
vn -0.6306 0.3292 0.7028
vn -0.6163 0.2390 0.7504
vn -0.6643 0.2742 0.6954
vn -0.6757 0.3744 0.6351
vn -0.6313 0.0971 0.7694
vn -0.6948 0.1252 0.7082
vn -0.5692 0.0778 0.8185
vn -0.6034 -0.0325 0.7968
vn -0.6385 -0.0092 0.7696
vn -0.5837 -0.0357 0.8112
vn -0.5956 -0.0212 0.8030
vn -0.6476 0.0815 0.7576
vn -0.6911 0.0653 0.7198
vn -0.5120 0.0178 0.8588
vn -0.4960 -0.0031 0.8683
vn -0.4672 0.0813 0.8804
vn -0.4179 0.0652 0.9061
vn -0.4139 0.1954 0.8891
vn -0.5366 0.1417 0.8318
vn -0.3885 0.1823 0.9032
vn -0.3592 0.2671 0.8942
vn -0.3679 0.2324 0.9003
vn -0.3920 0.1416 0.9090
vn -0.3325 0.2920 0.8968
vn -0.2943 0.2860 0.9119
vn -0.3537 0.1914 0.9156
vn -0.3051 0.1953 0.9321
vn -0.2984 0.1774 0.9378
vn -0.3416 0.2310 0.9110
vn -0.2966 0.2556 0.9202
vn -0.2763 0.1975 0.9406
vn -0.3811 0.0852 0.9206
vn -0.4016 0.2286 0.8868
vn -0.3873 0.2269 0.8936
vn -0.3430 0.1321 0.9300
vn -0.2363 0.1056 0.9659
vn -0.1527 0.2353 0.9599
vn -0.3265 0.2342 0.9157
vn -0.3681 0.0662 0.9274
vn -0.5725 0.5013 0.6488
vn -0.6307 0.5854 0.5095
vn -0.2748 0.9436 0.1849
vn -0.5754 0.3475 0.7404
vn -0.4329 0.6976 0.5710
vn -0.6462 0.3908 0.6555
vn -0.6469 0.4217 0.6353
vn -0.6637 0.4123 0.6241
vn -0.6443 0.4065 0.6478
vn -0.5668 0.2106 0.7965
vn -0.0116 -0.9997 -0.0213
vn 0.1934 -0.9800 -0.0468
vn -0.0622 -0.9959 -0.0649
vn 0.1853 -0.9723 -0.1426
vn -0.0309 -0.9995 -0.0079
vn 0.0429 -0.9989 -0.0166
vn -0.2479 -0.9076 0.3389
vn 0.0151 -0.9595 0.2812
vn 0.0927 -0.9930 0.0726
vn -0.0963 -0.9917 -0.0851
vn 0.2825 -0.9562 0.0768
vn 0.4343 -0.9006 -0.0194
vn 0.3314 -0.9426 -0.0402
vn 0.0455 -0.9935 0.1046
vn 0.3094 -0.9249 -0.2210
vn 0.2012 -0.9371 -0.2853
vn 0.3423 -0.9290 -0.1407
vn 0.4016 -0.8898 -0.2169
vn 0.4443 -0.8881 -0.1175
vn 0.3360 -0.9387 -0.0769
vn -0.3467 -0.8841 0.3134
vn -0.0714 -0.9794 -0.1888
vn -0.0332 -0.9659 -0.2569
vn -0.1696 -0.9588 0.2279
vn 0.3574 -0.9301 0.0852
vn 0.2507 -0.9640 0.0884
vn 0.1918 -0.9588 0.2098
vn 0.0228 -0.9840 0.1765
vn -0.1680 -0.9773 -0.1290
vn -0.0688 -0.9428 -0.3261
vn 0.0570 -0.9336 -0.3537
vn 0.0503 -0.9798 -0.1937
vn 0.0959 -0.9953 0.0096
vn -0.1179 -0.9898 0.0794
vn -0.0946 -0.9228 0.3736
vn -0.4821 -0.7264 0.4898
vn -0.2913 -0.9141 0.2820
vn -0.6077 -0.7005 0.3741
vn -0.4585 -0.8804 -0.1213
vn -0.4774 -0.8710 0.1159
vn -0.0827 -0.9843 0.1558
vn -0.1427 -0.9651 -0.2196
vn -0.2916 -0.9305 -0.2215
vn -0.4000 -0.9163 -0.0195
vn -0.6451 -0.7565 0.1074
vn -0.5682 -0.8198 -0.0714
vn -0.3895 -0.9056 0.1676
vn -0.6453 -0.7169 0.2638
vn -0.7978 -0.5802 -0.1639
vn -0.8961 -0.2564 -0.3624
vn -0.8465 -0.5164 -0.1297
vn -0.9635 -0.0237 -0.2668
vn -0.8061 0.0633 -0.5884
vn -0.8402 -0.1024 -0.5325
vn -0.7770 -0.4019 0.4846
vn -0.8137 -0.4041 0.4179
vn -0.8962 0.0129 0.4435
vn -0.9474 0.0249 0.3190
vn -0.9810 0.1439 0.1301
vn -0.9898 0.0808 0.1170
vn -0.9055 -0.4186 0.0698
vn -0.9177 -0.3517 0.1848
vn -0.8766 -0.3884 0.2839
vn -0.9953 0.0791 0.0560
vn -0.6508 0.2524 -0.7161
vn -0.8588 0.3480 -0.3760
vn -0.6672 0.5719 -0.4772
vn -0.4930 0.4042 -0.7704
vn -0.7274 0.6849 0.0422
vn -0.9004 0.4033 0.1630
vn -0.8410 0.4178 0.3438
vn -0.6638 0.7161 0.2159
vn -0.8853 0.4517 0.1103
vn -0.7362 0.6767 -0.0110
vn -0.8853 0.4597 0.0704
vn -0.7732 0.6337 0.0237
vn -0.9130 0.3821 -0.1429
vn -0.7748 0.6096 -0.1673
vn -0.7369 0.6760 0.0102
vn -0.6444 0.6512 -0.4008
vn -0.5248 0.7643 -0.3747
vn -0.7013 0.6976 0.1464
vn -0.4637 0.5378 -0.7041
vn -0.3833 0.6858 -0.6187
vn -0.1464 0.9860 -0.0795
vn -0.4596 0.8879 -0.0204
vn -0.3673 0.9253 0.0948
vn -0.0445 0.9989 -0.0141
vn -0.4105 0.4801 -0.7752
vn -0.4705 0.6541 -0.5922
vn -0.2001 0.9265 -0.3187
vn -0.3791 0.9199 0.1001
vn -0.3023 0.8655 -0.3995
vn -0.2574 0.9443 -0.2051
vn -0.0738 0.9676 -0.2417
vn -0.6282 0.5253 0.5740
vn -0.5738 0.6460 0.5034
vn 0.1412 0.9845 -0.1036
vn 0.0563 0.9917 -0.1158
vn -0.0170 0.9964 0.0830
vn -0.2256 0.9664 -0.1232
vn -0.0211 0.9830 -0.1821
vn -0.2814 0.8866 0.3670
vn -0.5277 0.8406 -0.1225
vn -0.5556 0.8257 -0.0979
vn -0.5360 0.8078 -0.2453
vn -0.6958 0.4428 0.5655
vn -0.7936 0.5165 0.3216
vn -0.7601 0.4094 0.5046
vn -0.7740 0.4238 0.4704
vn -0.7814 0.5088 0.3613
vn -0.7265 0.6765 0.1202
vn -0.6544 0.7363 0.1721
vn -0.7373 0.5160 0.4361
vn -0.5222 0.6933 0.4966
vn -0.6372 0.6138 0.4660
vn -0.6991 0.2698 0.6622
vn -0.5989 0.4818 0.6397
vn -0.7319 0.5568 0.3928
vn -0.6879 0.1580 0.7084
vn -0.7884 0.5132 0.3391
vn -0.6864 0.1234 0.7167
vn -0.8601 0.4522 0.2360
vn -0.7397 0.2207 0.6357
vn -0.8900 0.4552 0.0267
vn -0.8983 0.4257 0.1088
vn -0.8897 0.3818 0.2503
vn -0.7928 0.5695 0.2173
vn -0.8566 0.5121 0.0627
vn -0.7506 0.6298 0.1999
vn -0.7407 0.6427 0.1958
vn -0.7499 0.5825 0.3136
vn -0.7611 0.2917 0.5793
vn -0.6833 0.3333 0.6496
vn -0.8209 0.3665 0.4379
vn -0.7726 0.2131 0.5981
vn -0.6867 0.4933 0.5339
vn -0.5955 0.1445 0.7903
vn -0.7151 0.4120 0.5647
vn -0.6578 0.2378 0.7146
vn -0.6205 0.7601 0.1929
vn -0.6335 0.1709 0.7547
vn -0.5916 0.2959 0.7499
vn -0.4691 0.8308 0.2996
vn -0.8196 0.2876 0.4955
vn -0.8018 0.5970 0.0267
vn -0.7285 0.6750 0.1172
vn -0.7884 0.4227 0.4470
vn -0.7946 -0.5042 0.3382
vn -0.9399 -0.2475 0.2351
vn -0.9651 -0.1538 0.2121
vn -0.8667 -0.4835 0.1226
vn -0.9565 0.0968 -0.2751
vn -0.8068 -0.3665 -0.4635
vn -0.3144 -0.8422 0.4380
vn -0.7028 -0.5477 0.4539
vn -0.8783 -0.3812 0.2885
vn -0.6280 -0.6819 0.3750
vn -0.3359 -0.6759 0.6560
vn 0.0607 -0.8776 0.4756
vn 0.2387 -0.8309 0.5027
vn -0.0530 -0.6572 0.7519
vn -0.2557 -0.6387 0.7257
vn -0.0322 -0.8676 0.4962
vn -0.3939 -0.8312 0.3923
vn -0.5568 -0.6175 0.5556
vn -0.6902 -0.5321 0.4904
vn -0.5223 -0.7518 0.4026
vn -0.4758 -0.7342 0.4843
vn -0.7229 -0.4759 0.5010
vn -0.6393 -0.5355 0.5518
vn -0.3021 -0.7751 0.5550
vn -0.1359 -0.7994 0.5853
vn -0.4479 -0.6119 0.6519
vn -0.3141 -0.6209 0.7182
vn -0.1591 -0.8058 0.5704
vn -0.3280 -0.8044 0.4953
vn -0.4405 -0.5516 0.7083
vn -0.4952 -0.7678 0.4066
vn -0.6108 -0.4050 0.6803
vn -0.6717 -0.3209 0.6677
vn -0.5323 -0.7555 0.3821
vn -0.6616 -0.3668 0.6540
vn -0.5990 -0.4403 0.6688
vn -0.5262 -0.7679 0.3653
vn -0.4798 -0.7944 0.3725
vn -0.5033 -0.4813 0.7177
vn -0.4285 -0.8009 0.4182
vn -0.3898 -0.4234 0.8178
vn -0.3619 -0.7827 0.5063
vn -0.2730 -0.2517 0.9285
vn -0.2731 -0.0782 0.9588
vn -0.2617 -0.7405 0.6190
vn -0.2209 -0.6308 0.7439
vn 0.0232 -0.9961 0.0849
vn 0.0091 -0.9852 0.1710
vn 0.4838 -0.8677 -0.1139
vn 0.4550 -0.8741 -0.1701
vn 0.4341 -0.9003 0.0319
vn 0.0824 -0.9575 0.2765
vn 0.1809 -0.9154 0.3597
vn 0.3524 -0.9171 0.1866
vn 0.2545 -0.9251 0.2818
vn 0.1679 -0.8968 0.4093
vn 0.0444 -0.9179 0.3943
vn 0.1450 -0.9515 0.2714
vn 0.0332 -0.9843 0.1735
vn -0.1052 -0.9545 0.2791
vn -0.2082 -0.9710 0.1171
vn -0.0696 -0.9970 0.0330
vn -0.2546 -0.9668 0.0219
vn -0.1246 -0.9880 -0.0912
vn -0.2826 -0.9591 -0.0179
vn -0.2395 -0.9701 -0.0399
vn -0.0996 -0.9771 -0.1880
vn 0.0118 -0.9647 -0.2631
vn -0.1767 -0.9806 -0.0853
vn -0.0858 -0.9833 -0.1607
vn 0.1198 -0.9262 -0.3575
vn 0.1705 -0.8686 -0.4653
vn 0.0107 -0.9808 -0.1947
vn 0.0210 -0.9962 -0.0846
vn 0.1738 -0.8284 -0.5325
vn 0.1400 -0.8395 -0.5250
vn -0.5096 0.2569 0.8212
vn -0.5215 0.2083 0.8274
vn -0.5509 0.4585 0.6973
vn -0.5576 0.5458 0.6254
vn 0.2127 -0.8309 0.5142
vn -0.0265 -0.6481 0.7611
vn 0.5141 -0.8453 0.1454
vn 0.5873 -0.7764 0.2286
vn 0.3981 -0.7383 0.5445
vn 0.1579 -0.5112 0.8448
vn -0.2573 -0.0075 0.9663
vn -0.4063 -0.1086 0.9073
vn -0.2543 -0.3918 0.8842
vn -0.0482 -0.2245 0.9733
vn -0.3737 -0.1593 0.9138
vn -0.5644 0.3509 0.7472
vn -0.4662 0.5447 0.6971
vn -0.0950 0.6203 0.7786
vn 0.0049 0.8156 0.5786
vn -0.3602 0.6211 0.6960
vn -0.4283 0.2345 0.8727
vn -0.1686 0.3939 0.9036
vn 0.8265 0.5307 0.1878
vn 0.4474 0.7800 0.4375
vn 0.2099 0.3041 0.9292
vn 0.6019 -0.0049 0.7986
vn 0.8613 -0.3798 0.3376
vn 0.8447 -0.5277 -0.0898
vn 0.9684 0.1288 -0.2136
vn 0.9053 -0.1532 -0.3962
vn 0.5463 -0.7631 0.3453
vn 0.6358 -0.7717 0.0173
vn 0.1672 -0.5327 0.8296
vn 0.4834 -0.1282 0.8660
vn 0.7970 -0.5088 0.3254
vn 0.8484 -0.5210 -0.0937
vn -0.1538 0.1154 0.9813
vn 0.0281 0.4333 0.9008
vn -0.2710 0.2442 0.9311
vn -0.2985 0.5145 0.8039
vn -0.3408 0.1663 0.9253
vn -0.4117 0.3521 0.8405
vn -0.3696 0.0053 0.9292
vn -0.4349 0.0613 0.8984
vn -0.3708 -0.1155 0.9215
vn -0.4223 -0.1924 0.8858
vn -0.3513 -0.4715 0.8088
vn -0.3447 -0.5541 0.7578
vn 0.0889 -0.9122 -0.4000
vn -0.1238 -0.9768 0.1750
vn 0.0743 -0.9485 -0.3078
vn -0.1045 -0.9661 0.2360
vn 0.2013 -0.9649 0.1689
vn -0.0937 -0.6281 0.7725
vn 0.3075 -0.9129 -0.2686
vn 0.7257 -0.6190 -0.3002
vn 0.8199 -0.5691 0.0627
vn 0.5798 -0.4315 0.6911
vn -0.1526 -0.0798 0.9851
vn -0.1184 0.2955 0.9480
vn 0.6667 0.1046 0.7380
vn 0.6197 0.4717 0.6273
vn 0.9957 -0.0387 0.0837
vn 0.9489 0.3135 0.0361
vn 0.9327 -0.1919 -0.3055
vn 0.9538 0.1354 -0.2684
vn -0.1122 0.6050 0.7883
vn 0.5149 0.7453 0.4235
vn 0.4091 0.8784 0.2473
vn -0.0695 0.7757 0.6272
vn 0.2897 -0.8545 -0.4313
vn 0.5861 -0.6129 -0.5299
vn 0.1362 -0.8915 -0.4320
vn 0.4166 -0.6498 -0.6358
vn 0.8338 0.5399 -0.1154
vn 0.7222 0.6697 -0.1729
vn 0.8716 0.2341 -0.4306
vn 0.8035 0.3088 -0.5090
vn 0.8138 -0.1739 -0.5545
vn 0.7079 -0.1238 -0.6953
vn 0.2895 -0.8604 0.4194
vn -0.0306 -0.7559 0.6539
vn -0.2192 -0.8130 0.5395
vn 0.0923 -0.9472 0.3071
vn 0.4306 -0.8674 -0.2496
vn 0.2864 -0.9549 -0.0780
vn 0.2875 -0.9555 -0.0660
vn 0.4402 -0.8692 -0.2251
vn 0.3688 -0.9293 -0.0205
vn 0.4806 -0.8674 -0.1289
vn 0.4762 -0.8620 -0.1735
vn 0.3325 -0.9425 -0.0324
vn -0.8204 0.2986 0.4877
vn -0.5367 -0.3319 0.7758
vn -0.6691 -0.4215 0.6121
vn -0.8766 0.1879 0.4430
vn -0.0333 -0.9728 0.2293
vn -0.3436 -0.8183 0.4608
vn -0.3835 -0.7446 0.5463
vn 0.0109 -0.9705 0.2410
vn 0.0705 -0.9613 0.2664
vn -0.3663 -0.6783 0.6370
vn -0.2522 -0.6720 0.6962
vn 0.1236 -0.9414 0.3137
vn -0.8537 0.1428 0.5008
vn -0.7601 -0.3601 0.5409
vn -0.7457 -0.1870 0.6395
vn -0.7620 0.1302 0.6344
vn -0.7688 0.3601 0.5285
vn -0.7520 0.2438 0.6125
vn -0.5619 0.1109 0.8197
vn -0.5172 0.0012 0.8559
vn -0.6620 -0.0414 0.7484
vn -0.4894 -0.0412 0.8711
vn -0.6441 0.1888 0.7413
vn -0.4829 0.2896 0.8264
vn 0.2492 -0.7920 0.5574
vn -0.2234 -0.3098 0.9242
vn -0.2465 -0.3519 0.9030
vn 0.0943 -0.7918 0.6035
vn -0.6829 0.1504 0.7148
vn -0.6177 0.0554 0.7844
vn -0.4627 -0.0680 0.8839
vn -0.4309 -0.1190 0.8945
vn -0.5232 0.0849 0.8480
vn -0.4139 0.2071 0.8864
vn -0.3609 -0.0860 0.9286
vn -0.2402 0.0112 0.9707
vn 0.4661 -0.8847 -0.0025
vn 0.5044 -0.8635 -0.0003
vn 0.3644 -0.9307 0.0313
vn 0.2151 -0.9732 0.0808
vn -0.2683 -0.3526 0.8965
vn -0.2773 -0.3182 0.9066
vn 0.0071 -0.7166 0.6974
vn -0.0289 -0.6340 0.7728
vn 0.0860 -0.4592 0.8842
vn -0.1961 -0.2308 0.9530
vn -0.0425 -0.1274 0.9909
vn 0.2378 -0.2947 0.9255
vn 0.0477 -0.8338 0.5500
vn -0.2243 -0.8477 0.4807
vn -0.2186 -0.6287 0.7463
vn -0.3489 -0.7354 0.5809
vn 0.3034 -0.9309 0.2034
vn 0.1185 -0.9684 0.2196
vn 0.1915 -0.8869 0.4204
vn 0.3207 -0.8616 0.3934
vn 0.4098 -0.6701 0.6188
vn 0.3710 -0.4437 0.8158
vn 0.2191 -0.6929 0.6870
vn 0.0304 -0.4157 0.9090
vn -0.2625 -0.8063 0.5301
vn -0.1913 -0.7103 0.6774
vn -0.3220 -0.7423 0.5876
vn -0.2507 -0.6730 0.6959
vn -0.1473 -0.5578 0.8168
vn -0.2133 -0.3882 0.8966
vn -0.1978 -0.5798 0.7904
vn -0.2003 -0.4833 0.8523
vn -0.8099 -0.0979 0.5783
vn -0.8516 -0.2909 0.4360
vn -0.6768 0.1671 0.7169
vn -0.4965 -0.4260 0.7563
vn -0.5368 -0.5786 0.6141
vn -0.4368 -0.7910 0.4285
vn -0.3645 -0.2476 0.8977
vn -0.5282 0.3208 0.7862
vn -0.4979 0.2561 0.8286
vn -0.1942 -0.0546 0.9794
vn -0.1597 -0.4802 0.8625
vn -0.1654 -0.6477 0.7437
vn -0.0974 -0.2401 0.9659
vn -0.4024 -0.1693 0.8997
vn -0.4089 -0.3802 0.8296
vn -0.3867 -0.5565 0.7354
vn -0.5562 0.1706 0.8133
vn -0.6356 0.1662 0.7539
vn -0.2686 0.0986 0.9582
vn -0.1408 0.0723 0.9874
vn -0.7008 0.1287 0.7017
vn -0.6328 -0.0661 0.7715
vn -0.0119 -0.0543 0.9985
vn 0.0145 0.0494 0.9987
vn -0.2900 0.1273 0.9485
vn -0.3376 0.0067 0.9413
vn -0.4352 0.0245 0.9000
vn -0.2830 -0.0449 0.9581
vn -0.6329 -0.2354 0.7376
vn -0.7052 -0.0408 0.7078
vn -0.0486 0.1115 0.9926
vn -0.2109 0.1633 0.9638
vn -0.3918 0.2631 0.8816
vn -0.3005 0.2098 0.9304
vn -0.6928 0.1997 0.6929
vn -0.4838 0.2262 0.8454
vn -0.6542 0.3252 0.6828
vn -0.5031 0.3368 0.7959
vn -0.8719 -0.1337 0.4711
vn -0.8939 -0.2155 0.3930
vn -0.6577 -0.5115 0.5530
vn -0.6414 -0.3909 0.6602
vn -0.6971 -0.5400 0.4717
vn -0.8999 -0.2634 0.3476
vn -0.4358 -0.7203 0.5397
vn -0.3875 -0.6773 0.6254
vn -0.7847 0.0695 0.6159
vn -0.8271 -0.0227 0.5615
vn -0.6280 -0.2255 0.7448
vn -0.6149 -0.0615 0.7862
vn -0.7650 0.2084 0.6094
vn -0.7542 0.1558 0.6379
vn -0.5932 0.0624 0.8026
vn -0.5731 0.1529 0.8051
vn -0.7942 0.2496 0.5540
vn -0.5672 0.2409 0.7876
vn -0.6081 0.3071 0.7321
vn -0.8279 0.2375 0.5081
vn -0.9636 0.2219 0.1494
vn -0.9735 0.1560 0.1675
vn -0.9549 0.2512 0.1584
vn -0.8594 0.5075 -0.0622
vn -0.8493 0.5271 -0.0302
vn -0.8670 0.4983 0.0024
vn -0.9475 0.2592 0.1874
vn -0.9365 0.2639 0.2310
vn -0.8890 0.4427 -0.1171
vn -0.8824 0.4616 -0.0910
vn -0.9233 0.3069 0.2309
vn -0.9440 0.2820 0.1710
vn -0.9235 0.3257 -0.2029
vn -0.9006 0.4122 -0.1379
vn -0.9972 0.0139 0.0735
vn -0.9712 0.2184 0.0956
vn -0.9516 -0.1157 -0.2848
vn -0.9494 0.1736 -0.2617
vn -0.9671 -0.2267 0.1152
vn -0.8504 -0.4130 -0.3259
vn -0.8318 0.1387 0.5375
vn -0.8217 -0.0297 0.5691
vn -0.8463 -0.5202 0.1148
vn -0.6292 -0.6952 -0.3476
vn -0.5720 -0.8155 0.0882
vn -0.2976 -0.9146 -0.2737
vn -0.7871 -0.3148 0.5304
vn -0.6483 -0.5813 0.4917
vn -0.2442 -0.9554 0.1658
vn 0.0135 -0.9976 -0.0680
vn -0.5627 -0.6546 0.5049
vn 0.0576 -0.8964 0.4395
vn -0.0274 -0.9489 0.3145
vn -0.5413 -0.6645 0.5152
vn 0.3422 -0.8762 0.3394
vn 0.2144 -0.9630 0.1636
vn 0.0639 -0.8769 0.4765
vn 0.3765 -0.8222 0.4269
vn -0.5638 -0.6896 0.4545
vn -0.4363 -0.7719 0.4625
vn 0.0842 -0.8529 0.5152
vn 0.3253 -0.7814 0.5325
vn -0.0103 -0.7356 0.6773
vn -0.3554 -0.4193 0.8354
vn -0.2024 -0.3055 0.9304
vn 0.1745 -0.6227 0.7628
vn -0.3275 -0.7703 0.5472
vn -0.4958 -0.5756 0.6502
vn -0.6847 -0.0715 0.7253
vn -0.8415 0.2398 0.4841
vn -0.8029 -0.2245 0.5522
vn -0.9155 0.0882 0.3926
vn -0.7346 0.3736 0.5664
vn -0.5562 0.0753 0.8276
vn -0.9584 0.2424 0.1509
vn -0.8801 0.4385 0.1819
vn -0.9850 0.1696 0.0320
vn -0.8833 0.4683 0.0205
vn -0.7812 0.5741 0.2453
vn -0.7608 0.6486 0.0220
vn -0.9222 0.3851 0.0349
vn -0.7758 0.6288 -0.0531
vn -0.9910 0.0055 0.1335
vn -0.9550 -0.1399 0.2616
vn -0.9655 0.2376 0.1069
vn -0.8351 0.5483 -0.0447
vn -0.9187 -0.2415 0.3124
vn -0.9762 0.1508 0.1558
vn -0.8731 0.4875 -0.0091
vn -0.2305 -0.8491 -0.4754
vn -0.2952 -0.7472 -0.5954
vn -0.5799 -0.4316 -0.6910
vn -0.5582 -0.5996 -0.5735
vn 0.0813 -0.9819 -0.1709
vn 0.0479 -0.9751 -0.2165
vn 0.2615 -0.9589 0.1103
vn 0.3681 -0.8782 0.3054
vn 0.3554 -0.8904 0.2843
vn 0.2551 -0.9636 0.0802
vn 0.4154 -0.8058 0.4221
vn 0.4002 -0.8115 0.4258
vn 0.3837 -0.7358 0.5580
vn 0.3628 -0.7085 0.6053
vn 0.2304 -0.5582 0.7970
vn -0.0997 -0.1922 0.9763
vn -0.1060 -0.1053 0.9888
vn 0.1669 -0.5070 0.8456
vn -0.4211 0.1985 0.8850
vn -0.6236 0.4737 0.6219
vn -0.5498 0.5766 0.6044
vn -0.3666 0.2981 0.8814
vn -0.6980 0.6563 0.2866
vn -0.6841 0.7290 0.0248
vn -0.6369 0.7708 0.0142
vn -0.6336 0.7239 0.2730
vn -0.7267 0.6772 -0.1151
vn -0.7061 0.6950 -0.1356
vn -0.7162 0.6901 -0.1038
vn -0.6289 0.7632 -0.1481
vn -0.6340 0.7583 -0.1516
vn -0.6388 0.7495 -0.1738
vn -0.6831 0.7226 -0.1055
vn -0.6330 0.7618 -0.1377
vn 0.1185 -0.9897 0.0803
vn -0.2039 -0.9574 -0.2045
vn 0.2768 -0.9142 0.2960
vn -0.2268 -0.9637 0.1405
vn -0.0737 -0.9171 0.3919
vn -0.5751 -0.8067 -0.1363
vn 0.3105 -0.8321 0.4596
vn -0.0272 -0.8139 0.5804
vn 0.2048 -0.6702 0.7134
vn -0.1681 -0.5801 0.7970
vn -0.0055 -0.4068 0.9135
vn -0.2305 -0.0010 0.9731
vn -0.4435 0.1001 0.8907
vn -0.2654 -0.3033 0.9152
vn -0.4207 0.3978 0.8153
vn -0.5516 0.6585 0.5119
vn -0.6241 0.6907 0.3653
vn -0.5492 0.4522 0.7028
vn -0.6053 0.7720 0.1942
vn -0.6159 0.7871 -0.0345
vn -0.6251 0.7750 -0.0930
vn -0.6251 0.7761 0.0835
vn -0.6139 0.7718 -0.1659
vn -0.6157 0.7708 -0.1636
vn -0.6039 0.7773 -0.1765
vn -0.6060 0.7809 -0.1514
vn -0.7946 0.5656 -0.2207
vn -0.7496 0.6373 -0.1786
vn -0.8150 0.5299 -0.2346
vn -0.7783 0.5527 -0.2980
vn -0.7460 0.6040 -0.2804
vn -0.6942 0.6862 -0.2171
vn -0.9556 0.2206 0.1952
vn -0.7235 0.6843 -0.0914
vn -0.6691 0.7337 -0.1185
vn -0.7176 0.6910 -0.0865
vn -0.6920 -0.3399 0.6369
vn -0.6325 -0.1850 0.7521
vn -0.7839 0.1562 0.6009
vn -0.8317 0.4775 -0.2833
vn -0.7896 0.5243 -0.3188
vn -0.8655 0.3722 -0.3351
vn -0.8052 0.4475 -0.3890
vn -0.9345 -0.3361 0.1173
vn -0.6662 -0.6890 0.2853
vn -0.6941 -0.5829 0.4224
vn -0.4884 -0.6395 0.5938
vn -0.7358 0.4362 0.5180
vn -0.7783 0.5997 0.1861
vn -0.7019 0.7118 0.0263
vn -0.5951 0.7872 -0.1619
vn -0.6007 0.7820 -0.1663
vn -0.6057 0.7777 -0.1681
vn -0.6180 0.7646 -0.1831
vn -0.6680 0.7335 -0.1256
vn -0.6946 0.7095 -0.1190
vn -0.8393 -0.3504 -0.4157
vn -0.9949 -0.0368 -0.0934
vn -0.8890 0.4122 -0.1996
vn -0.8234 0.2863 -0.4899
vn -0.7175 0.6852 -0.1251
vn -0.6520 0.7401 -0.1648
vn -0.7484 0.5758 -0.3293
vn -0.6877 0.6801 -0.2541
vn -0.7558 0.5363 -0.3757
vn -0.7102 0.6268 -0.3205
vn -0.6556 0.7134 -0.2474
vn -0.6401 0.7401 -0.2064
vn -0.8989 0.1867 -0.3963
vn -0.8241 0.2746 -0.4955
vn -0.8689 -0.0615 -0.4911
vn -0.8186 0.1256 -0.5605
vn -0.7324 -0.1659 -0.6603
vn -0.7407 -0.3687 -0.5617
vn -0.7719 0.4322 -0.4662
vn -0.7313 0.5606 -0.3884
vn -0.7611 0.2908 -0.5798
vn -0.7171 0.0435 -0.6956
vn -0.7033 -0.1590 -0.6929
vn -0.5311 -0.6207 -0.5768
vn -0.6897 0.6720 -0.2698
vn -0.1426 -0.7704 0.6214
vn -0.1047 -0.8553 0.5074
vn -0.7659 -0.4861 0.4208
vn -0.8462 -0.3889 0.3642
vn -0.4936 -0.7062 0.5076
vn -0.5759 -0.7010 0.4207
vn -0.9312 -0.3073 0.1961
vn -0.7095 -0.6727 0.2100
vn -0.9883 -0.1449 0.0483
vn -0.8614 -0.5076 0.0188
vn -0.9939 -0.0156 0.1090
vn -0.9498 -0.3129 -0.0055
vn -0.9562 -0.0925 0.2776
vn -0.9584 -0.2822 0.0421
vn -0.8409 -0.3400 0.4209
vn -0.8673 -0.4626 0.1836
vn -0.6265 -0.6282 0.4614
vn -0.7440 -0.5917 0.3104
vn -0.8158 -0.3533 -0.4579
vn -0.8682 -0.4895 -0.0807
vn -0.7494 -0.6618 -0.0208
vn -0.6816 -0.5400 -0.4938
vn -0.9522 -0.2925 -0.0880
vn -0.8994 -0.1780 -0.3992
vn -0.6525 -0.6230 0.4314
vn -0.7954 -0.4529 0.4028
vn -0.7868 -0.4810 0.3868
vn -0.9025 -0.2317 0.3632
vn -0.8700 -0.3450 0.3521
vn -0.9596 -0.0517 0.2766
vn -0.8586 -0.2686 0.4366
vn -0.9333 0.0785 0.3504
vn -0.7989 -0.2250 0.5577
vn -0.8258 0.1766 0.5355
vn -0.7536 -0.0924 0.6508
vn -0.6580 0.3316 0.6761
vn -0.6511 0.2971 0.6984
vn -0.5012 0.3307 0.7997
vn -0.5149 0.4126 0.7514
vn -0.6621 0.2225 0.7156
vn -0.4262 0.4241 0.7990
vn -0.3571 0.3144 0.8796
vn -0.7012 0.0991 0.7061
vn -0.5732 0.4053 0.7121
vn -0.4462 0.7149 0.5383
vn -0.5631 0.5261 0.6373
vn -0.4931 0.5292 0.6905
vn -0.4100 0.7015 0.5830
vn -0.4416 0.5725 0.6908
vn -0.4382 0.5920 0.6764
vn -0.3954 0.6828 0.6144
vn -0.4073 0.6669 0.6240
vn -0.4048 0.7472 0.5271
vn -0.3473 0.7468 0.5672
vn -0.4527 0.6435 0.6172
vn -0.3660 0.7166 0.5938
vn -0.3713 0.7321 0.5711
vn -0.4146 0.7030 0.5778
vn -0.4020 0.7306 0.5519
vn -0.4356 0.7349 0.5198
vn -0.4632 0.6172 0.6360
vn -0.4990 0.6477 0.5757
vn -0.7105 0.5357 0.4563
vn -0.5871 0.5575 0.5869
vn -0.8690 0.1346 0.4762
vn -0.9008 0.3271 0.2855
vn -0.9534 0.1139 0.2795
vn -0.8966 -0.0734 0.4367
vn -0.9180 -0.1172 0.3788
vn -0.9250 -0.0926 0.3686
vn -0.9224 -0.1744 0.3447
vn -0.9459 -0.2546 0.2010
vn -0.9818 0.0379 0.1863
vn -0.9568 0.1814 -0.2271
vn -0.8972 -0.1893 -0.3990
vn -0.8924 -0.4505 0.0251
vn -0.9507 -0.0255 0.3090
vn -0.9869 0.1310 0.0938
vn -0.9721 0.2290 0.0513
vn -0.9696 0.1231 0.2115
vn -0.9293 0.3416 -0.1404
vn -0.9450 0.2742 -0.1783
vn -0.8682 -0.1339 0.4778
vn -0.9398 0.1061 0.3249
vn -0.7745 -0.0709 0.6285
vn -0.8339 0.0461 0.5500
vn -0.9525 0.2857 0.1053
vn -0.9376 0.2979 0.1795
vn -0.8933 0.4427 -0.0777
vn -0.9098 0.4014 -0.1053
vn -0.3729 0.4545 0.8089
vn -0.1090 0.0767 0.9911
vn -0.4020 -0.1341 0.9058
vn -0.4887 0.1307 0.8626
vn -0.9331 0.2990 0.1998
vn -0.8925 0.4444 -0.0772
vn -0.7911 0.0840 0.6059
vn -0.7005 0.0986 0.7068
vn -0.9506 0.2377 0.1995
vn -0.9192 0.3708 -0.1322
vn -0.5694 0.2415 0.7858
vn -0.9317 0.2211 0.2882
vn -0.2103 0.8966 0.3898
vn -0.9372 0.2895 -0.1946
vn -0.7542 0.6521 0.0771
vn 0.0760 -0.1051 0.9915
vn 0.1774 0.1099 0.9780
vn 0.6373 0.0118 0.7705
vn 0.3865 0.0352 0.9216
vn 0.8190 0.3217 0.4752
vn 0.4691 0.7127 0.5216
vn -0.1868 -0.1730 0.9671
vn 0.1230 -0.0495 0.9912
vn 0.5113 0.2707 0.8157
vn 0.7455 0.0575 0.6641
vn 0.7450 0.4331 0.5074
vn 0.8714 0.2096 0.4435
vn -0.1715 0.6088 0.7746
vn -0.0699 0.8960 0.4384
vn -0.1624 0.3957 0.9039
vn -0.6514 0.2968 0.6983
vn -0.7198 0.4714 0.5096
vn -0.6717 0.7205 0.1722
vn 0.3905 0.4900 0.7794
vn -0.1747 0.4911 0.8534
vn -0.1914 0.6462 0.7388
vn 0.3666 0.6534 0.6624
vn 0.1088 0.8632 0.4930
vn 0.1516 0.8514 0.5021
vn -0.6983 0.1672 0.6960
vn -0.2764 0.6472 0.7104
vn -0.6502 0.4894 0.5812
vn -0.8069 0.0723 0.5862
vn -0.7797 0.6215 0.0758
vn -0.8299 0.2469 0.5003
vn -0.4158 0.8536 0.3136
vn -0.7903 0.0539 0.6103
vn -0.0542 0.4521 0.8903
vn 0.1528 0.2401 0.9587
vn -0.5899 0.0893 0.8026
vn -0.3171 -0.0224 0.9481
vn -0.0657 0.3292 0.9420
vn -0.1940 -0.0099 0.9810
vn -0.8113 0.0118 0.5846
vn -0.7963 0.0074 0.6049
vn -0.8056 0.0248 0.5920
vn -0.7613 0.0060 0.6484
vn -0.5797 -0.2279 0.7823
vn -0.4369 -0.3135 0.8431
vn -0.3119 -0.2395 0.9194
vn -0.4549 -0.1809 0.8720
vn -0.7843 0.0205 0.6200
vn -0.8452 0.1942 0.4979
vn -0.8563 0.1487 0.4946
vn -0.7879 -0.0021 0.6158
vn -0.8264 0.5627 0.0204
vn -0.8480 0.5299 -0.0065
vn -0.8099 0.0300 0.5858
vn -0.7907 0.0120 0.6121
vn -0.7610 -0.0002 0.6487
vn -0.8041 0.0292 0.5938
vn -0.7877 0.0082 0.6160
vn -0.7931 0.0009 0.6091
vn -0.7563 0.0422 0.6528
vn -0.7836 0.0009 0.6212
vn -0.8540 0.1484 0.4987
vn -0.8226 0.2031 0.5311
vn -0.8480 0.5299 0.0066
vn -0.8122 0.5794 0.0683
vn -0.6835 -0.2056 0.7004
vn -0.6584 0.0264 0.7522
vn -0.6064 -0.2534 0.7537
vn -0.6707 -0.2427 0.7009
vn -0.7634 0.6362 0.1116
vn -0.7829 0.3041 0.5428
vn -0.7094 0.1208 0.6944
vn -0.3908 0.6145 0.6853
vn -0.2962 0.3704 0.8804
vn -0.4254 0.5622 0.7092
vn -0.5103 0.2360 0.8270
vn -0.7572 0.0061 0.6532
vn -0.7623 -0.0653 0.6440
vn -0.7995 -0.0078 0.6006
vn -0.8023 0.0242 0.5964
vn -0.6083 -0.0060 0.7937
vn -0.5531 0.3727 0.7451
vn -0.6902 -0.0664 0.7206
vn -0.6442 0.0064 0.7648
vn -0.2162 0.2494 0.9440
vn -0.5728 0.2090 0.7926
vn -0.7464 0.0224 0.6651
vn -0.6711 0.0863 0.7363
vn -0.7856 0.0023 0.6188
vn -0.7738 -0.5852 0.2423
vn -0.4382 -0.8976 0.0475
vn -0.6052 -0.7461 0.2777
vn -0.4064 -0.8908 0.2031
vn -0.0780 -0.9964 -0.0320
vn 0.1191 -0.9898 -0.0780
vn -0.0523 -0.9970 0.0567
vn 0.1242 -0.9898 -0.0694
vn -0.0147 -0.9025 0.4304
vn 0.0527 -0.8802 0.4716
vn -0.0927 -0.9116 0.4005
vn 0.0650 -0.9166 0.3945
vn -0.3371 -0.9179 0.2091
vn -0.0206 -0.9790 0.2030
vn -0.5847 -0.8111 -0.0172
vn -0.2054 -0.9781 -0.0344
vn -0.7667 -0.6226 -0.1566
vn -0.4438 -0.8482 -0.2891
vn -0.8256 -0.5276 -0.2000
vn -0.5323 -0.6605 -0.5295
vn -0.8836 -0.4153 -0.2162
vn -0.7747 -0.4113 -0.4802
vn -0.2902 -0.8692 0.4004
vn -0.1386 -0.9590 0.2471
vn 0.0737 -0.9450 0.3187
vn 0.2003 -0.9683 0.1490
vn 0.1562 -0.9865 0.0491
vn 0.2742 -0.9576 -0.0881
vn 0.3499 -0.9360 -0.0376
vn 0.3842 -0.9116 -0.1465
vn 0.2440 -0.9612 0.1283
vn 0.3977 -0.9175 0.0070
vn 0.2646 -0.9640 -0.0262
vn 0.4930 -0.8683 -0.0552
vn 0.4828 -0.8347 -0.2647
vn 0.4996 -0.8477 -0.1785
vn 0.1066 -0.9547 -0.2778
vn 0.0068 -0.8880 -0.4599
vn 0.2648 -0.9512 -0.1582
vn 0.3399 -0.9172 -0.2080
vn 0.3124 -0.9235 -0.2227
vn 0.2500 -0.9500 -0.1870
vn 0.2791 -0.9347 -0.2201
vn 0.3491 -0.9149 -0.2028
vn 0.4023 -0.8909 -0.2108
vn 0.3060 -0.9102 -0.2792
vn 0.3582 -0.8646 -0.3523
vn 0.4611 -0.8005 -0.3829
vn 0.4997 -0.8345 -0.2322
vn 0.5685 -0.7779 -0.2679
vn 0.6724 -0.6644 -0.3261
vn 0.6844 -0.6500 -0.3303
vn 0.6463 -0.6821 -0.3420
vn 0.7161 -0.6463 -0.2636
vn 0.7219 -0.6346 -0.2758
vn 0.6864 -0.6498 -0.3265
vn 0.6755 -0.6461 -0.3553
vn 0.5871 -0.6837 -0.4335
vn 0.5562 -0.7148 -0.4238
vn 0.3492 -0.7611 -0.5466
vn 0.2706 -0.8099 -0.5204
vn 0.0843 -0.8948 -0.4384
vn -0.0892 -0.8692 -0.4864
vn 0.0678 -0.8055 -0.5887
vn 0.5358 -0.7653 -0.3568
vn 0.4199 -0.8567 -0.2997
vn 0.4303 -0.7330 -0.5268
vn 0.1664 -0.7697 -0.6163
vn 0.0717 -0.7889 -0.6103
vn 0.3131 -0.7690 -0.5573
vn -0.0541 -0.7981 -0.6001
vn -0.0761 -0.8081 -0.5841
vn -0.1424 -0.8554 -0.4980
vn -0.1301 -0.8586 -0.4958
vn 0.2823 -0.8240 -0.4912
vn 0.0555 -0.8220 -0.5667
vn 0.0162 -0.8526 -0.5223
vn 0.2044 -0.8760 -0.4370
vn -0.0790 -0.8209 -0.5656
vn -0.1604 -0.8498 -0.5021
vn -0.2188 -0.8305 -0.5122
vn -0.1029 -0.8327 -0.5441
vn -0.0906 -0.8883 -0.4503
vn -0.1470 -0.8379 -0.5257
vn -0.5296 -0.6134 -0.5859
vn -0.6101 -0.6934 -0.3833
vn 0.5308 -0.7559 -0.3834
vn 0.5665 -0.7284 -0.3854
vn 0.5971 -0.7447 -0.2981
vn 0.6346 -0.7123 -0.2999
vn 0.6032 -0.7047 -0.3735
vn 0.6801 -0.6767 -0.2821
vn 0.6793 -0.6993 -0.2226
vn 0.7241 -0.6706 -0.1614
vn 0.7168 -0.6891 -0.1062
vn 0.6465 -0.7457 -0.1612
vn 0.4977 -0.8291 -0.2548
vn 0.6211 -0.7632 -0.1781
vn 0.5672 -0.8122 -0.1366
vn 0.4418 -0.8821 -0.1636
vn 0.6160 -0.7702 -0.1652
vn 0.6479 -0.7451 -0.1584
vn 0.6247 -0.7550 -0.1994
vn 0.6659 -0.7221 -0.1873
vn 0.6392 -0.7509 -0.1663
vn 0.6747 -0.7247 -0.1402
vn 0.7130 -0.6828 -0.1593
vn 0.7152 -0.6905 -0.1079
vn 0.3601 -0.9003 -0.2447
vn 0.3018 -0.9153 -0.2667
vn 0.4300 -0.8859 -0.1742
vn 0.4647 -0.8643 -0.1926
vn 0.3780 -0.8826 -0.2795
vn 0.3214 -0.8813 -0.3464
vn 0.4551 -0.8846 -0.1020
vn 0.5095 -0.8524 -0.1174
vn 0.5459 -0.8220 -0.1619
vn 0.5620 -0.7985 -0.2160
vn 0.5150 -0.8210 -0.2466
vn 0.5001 -0.8420 -0.2022
vn 0.4511 -0.8556 -0.2539
vn 0.4125 -0.8587 -0.3041
vn 0.3433 -0.9141 -0.2158
vn 0.3673 -0.8721 -0.3234
vn -0.2472 0.9609 0.1251
vn -0.5157 0.8043 0.2951
vn -0.5626 0.8008 0.2054
vn -0.3418 0.9392 0.0323
vn -0.6165 0.7613 0.2008
vn -0.3323 0.9428 0.0264
vn -0.6038 0.7521 0.2641
vn -0.5640 0.7710 0.2958
vn -0.2950 0.9506 0.0963
vn -0.3020 0.9505 0.0733
vn -0.5180 0.8000 0.3028
vn -0.4983 0.8144 0.2974
vn -0.3223 0.9410 0.1033
vn -0.3045 0.9476 0.0967
vn -0.5382 0.8088 0.2371
vn -0.5484 0.8231 0.1477
vn -0.3784 0.9250 0.0330
vn -0.4550 0.8897 -0.0376
vn -0.1327 0.8979 0.4198
vn -0.5283 0.8145 0.2398
vn -0.5339 0.7848 0.3148
vn -0.1574 0.9453 0.2858
vn 0.1441 0.8613 0.4871
vn 0.1699 0.9843 0.0484
vn 0.3110 0.9414 -0.1302
vn 0.0683 0.9875 -0.1417
vn 0.2873 0.9085 -0.3034
vn 0.1110 0.8694 0.4815
vn 0.0349 0.9826 -0.1827
vn 0.2955 0.9049 -0.3064
vn 0.0797 0.9799 -0.1830
vn 0.2155 0.9293 -0.2999
vn 0.0509 0.9768 -0.2081
vn 0.1391 0.9596 -0.2444
vn 0.0626 0.9868 -0.1496
vn 0.0130 0.9909 -0.1340
vn -0.1492 0.9678 -0.2030
vn -0.0496 0.9828 -0.1779
vn -0.0583 0.9884 -0.1401
vn -0.1291 0.9801 -0.1507
vn -0.3091 0.9369 -0.1631
vn -0.2510 0.9556 -0.1541
vn -0.4501 0.8797 -0.1533
vn -0.5167 0.8451 -0.1371
vn 0.1023 0.9793 -0.1748
vn -0.2919 0.8921 0.3450
vn -0.1127 0.9801 -0.1637
vn -0.5107 0.8243 0.2442
vn -0.4523 0.8911 0.0365
vn -0.4597 0.8866 0.0518
vn -0.1172 0.9804 -0.1581
vn -0.1682 0.9756 -0.1410
vn -0.6250 0.7605 0.1761
vn -0.6140 0.7673 0.1849
vn -0.5831 0.7975 0.1549
vn -0.5866 0.7958 0.1504
vn -0.5305 0.8459 0.0555
vn -0.4595 0.8875 0.0343
vn -0.2289 0.9670 -0.1117
vn -0.3358 0.9382 -0.0837
vn -0.6678 0.7301 0.1451
vn -0.6294 0.7577 0.1725
vn -0.5983 0.7846 0.1626
vn -0.6486 0.7450 0.1556
vn -0.4731 0.8798 -0.0465
vn -0.6161 0.7830 0.0858
vn -0.6000 0.8000 0.0038
vn -0.6576 0.7425 0.1272
vn -0.6898 0.7124 0.1289
vn -0.6940 0.7009 0.1648
vn -0.6609 0.7262 0.1895
vn -0.6302 0.7566 0.1743
vn -0.5596 0.8049 0.1975
vn -0.5466 0.8049 0.2311
vn -0.5854 0.7984 0.1410
vn -0.5403 0.8322 0.1247
vn -0.5155 0.8406 0.1662
vn -0.5204 0.8180 0.2452
vn -0.5548 0.8311 -0.0389
vn -0.5876 0.8075 0.0517
vn -0.5320 0.8443 0.0639
vn -0.5132 0.8582 0.0126
vn -0.4996 0.8586 0.1150
vn -0.5296 0.8140 0.2386
vn -0.4969 0.8650 0.0696
vn -0.5590 0.7996 0.2193
vn -0.5248 0.8493 -0.0574
vn -0.4967 0.8676 -0.0231
vn -0.5130 0.8576 -0.0366
vn -0.5357 0.8400 -0.0865
vn -0.5504 0.8297 0.0930
vn -0.6192 0.7841 0.0410
vn -0.5242 0.8515 0.0106
vn -0.6211 0.7635 0.1770
vn -0.5893 0.8034 -0.0848
vn -0.7260 0.6809 0.0966
vn -0.7335 0.6790 -0.0315
vn -0.8380 0.5447 -0.0329
vn -0.7159 0.6651 -0.2122
vn -0.6349 0.7509 -0.1819
vn -0.8805 0.4694 -0.0665
vn -0.8305 0.5570 -0.0043
vn -0.6829 0.7056 -0.1890
vn -0.7483 0.6145 -0.2499
vn -0.8847 0.4659 0.0161
vn -0.9599 0.2799 0.0145
vn -0.8379 0.4538 -0.3034
vn -0.7566 0.6147 -0.2229
vn -0.9608 -0.2046 -0.1872
vn -0.8579 -0.0495 -0.5115
vn -0.7908 0.5557 -0.2565
vn -0.8635 0.3619 -0.3512
vn -0.9519 0.1993 -0.2328
vn -0.9001 0.4248 -0.0970
vn -0.1905 -0.8198 -0.5400
vn -0.2963 -0.7993 -0.5228
vn -0.4731 -0.7007 -0.5340
vn -0.4498 -0.6713 -0.5891
vn -0.8105 -0.1767 -0.5584
vn -0.8234 -0.3275 -0.4634
vn -0.2584 -0.3347 0.9062
vn -0.0494 0.3450 0.9373
vn 0.2056 -0.1646 0.9647
vn 0.0619 -0.4942 0.8671
vn 0.3284 0.0079 0.9445
vn 0.0525 -0.4792 0.8761
vn -0.2564 -0.6465 0.7186
vn -0.3946 -0.6724 0.6263
vn -0.3711 -0.5877 0.7189
vn -0.4515 -0.5701 0.6864
vn -0.3590 -0.6746 0.6450
vn -0.2863 -0.6414 0.7118
vn -0.3959 -0.5714 0.7189
vn -0.3476 -0.5581 0.7534
vn -0.2552 -0.5818 0.7722
vn -0.2463 -0.5110 0.8235
vn -0.3285 -0.5294 0.7822
vn -0.3040 -0.4899 0.8170
vn -0.1975 0.9062 0.3738
vn 0.2011 0.9734 0.1096
vn 0.4551 0.8790 -0.1424
vn 0.1848 0.9611 0.2053
vn 0.5140 0.8551 -0.0679
vn 0.7427 0.6112 -0.2736
vn 0.7055 0.5517 -0.4449
vn 0.5868 0.7356 -0.3385
vn 0.4218 0.3095 0.8522
vn 0.1122 -0.4468 0.8876
vn 0.5817 0.5928 0.5571
vn 0.3254 -0.4876 0.8102
vn -0.4376 -0.5428 0.7169
vn -0.4550 -0.6189 0.6403
vn -0.4658 -0.5556 0.6887
vn -0.4777 -0.4960 0.7251
vn -0.4209 -0.5122 0.7487
vn -0.3970 -0.5580 0.7287
vn -0.3546 -0.5677 0.7430
vn -0.3869 -0.4986 0.7757
vn -0.3550 -0.4897 0.7964
vn -0.3047 -0.4996 0.8109
vn -0.2856 -0.5926 0.7532
vn -0.2104 -0.6030 0.7695
vn -0.1983 -0.8506 0.4869
vn -0.1253 -0.7664 0.6301
vn -0.1441 -0.7825 0.6058
vn -0.0472 -0.8801 0.4724
vn -0.2267 -0.7455 0.6268
vn -0.0840 -0.8665 0.4920
vn -0.4058 -0.7166 0.5672
vn -0.3094 -0.7156 0.6262
vn -0.1947 -0.8419 0.5034
vn -0.3298 -0.8290 0.4517
vn 0.7924 -0.5500 -0.2638
vn 0.8628 -0.1209 -0.4909
vn 0.7821 -0.5640 -0.2649
vn 0.8852 -0.0848 -0.4574
vn 0.8492 0.2259 -0.4773
vn 0.8068 0.2816 -0.5194
vn 0.7348 -0.6692 -0.1108
vn 0.9099 -0.2970 -0.2898
vn 0.7904 0.4296 -0.4366
vn 0.8673 0.4731 -0.1550
vn 0.9544 0.0486 -0.2945
vn 0.7286 -0.6287 0.2717
vn 0.7687 0.6094 0.1940
vn 0.5209 -0.5541 0.6493
vn -0.4157 -0.7236 0.5510
vn -0.2869 -0.8371 0.4658
vn 0.9575 -0.1896 -0.2176
vn 0.9154 -0.4025 -0.0081
vn 0.9496 -0.2931 -0.1111
vn 0.9503 -0.2772 -0.1416
vn 0.7143 0.2507 0.6534
vn 0.1940 0.6942 0.6932
vn 0.4562 0.7976 0.3946
vn 0.9035 0.4096 0.1259
vn 0.9518 -0.2344 0.1977
vn 0.9947 -0.0486 -0.0903
vn 0.7399 0.6670 -0.0876
vn 0.8356 0.4246 -0.3484
vn 0.7675 0.3057 -0.5634
vn 0.7378 0.1697 -0.6533
vn 0.6202 -0.0931 -0.7789
vn 0.5843 -0.1232 -0.8021
vn 0.3310 -0.6096 -0.7203
vn 0.3569 -0.5545 -0.7518
vn 0.0822 -0.8778 -0.4718
vn 0.1167 -0.8249 -0.5530
vn 0.1778 -0.8478 -0.4997
vn 0.2124 -0.8672 -0.4505
vn 0.3034 -0.7142 -0.6308
vn 0.3000 -0.7857 -0.5410
vn 0.2461 -0.8864 -0.3920
vn 0.2177 -0.9151 -0.3394
vn 0.3503 -0.8188 -0.4547
vn 0.3388 -0.8095 -0.4795
vn 0.1706 -0.9467 -0.2733
vn 0.1304 -0.9775 -0.1660
vn 0.3995 -0.8562 -0.3275
vn 0.3662 -0.8351 -0.4104
vn 0.1285 -0.9904 -0.0502
vn 0.4152 -0.8801 -0.2304
vn 0.1892 -0.9798 0.0654
vn 0.4259 -0.8939 -0.1395
vn 0.2602 -0.9576 0.1234
vn 0.4300 -0.8963 -0.1084
vn 0.3295 -0.9412 0.0746
vn 0.4251 -0.8913 -0.1576
vn 0.4130 -0.9083 -0.0669
vn 0.4058 -0.8694 -0.2819
vn 0.5465 -0.8047 -0.2320
vn 0.4654 -0.7773 -0.4234
vn 0.0496 -0.9479 0.3147
vn 0.2183 -0.9401 0.2617
vn 0.6923 -0.7199 0.0502
vn 0.7454 -0.6666 0.0035
vn -0.4013 -0.8446 0.3544
vn -0.3175 -0.8726 0.3712
vn -0.2591 -0.9163 0.3052
vn -0.3567 -0.8769 0.3222
vn -0.2371 -0.7964 0.5564
vn -0.0741 -0.8452 0.5292
vn -0.1569 -0.8619 0.4821
vn -0.2875 -0.8412 0.4580
vn -0.3726 -0.7461 0.5519
vn -0.1943 -0.8191 0.5398
vn -0.3078 -0.7415 0.5961
vn -0.3524 -0.7256 0.5910
vn 0.9587 -0.2719 -0.0830
vn 0.9646 0.0187 -0.2629
vn 0.8325 -0.5517 0.0517
vn 0.5602 -0.7837 0.2683
vn 0.8679 0.1122 -0.4839
vn 0.9154 -0.3986 -0.0565
vn 0.7707 -0.0035 -0.6372
vn 0.8619 -0.4579 -0.2178
vn 0.6479 -0.1878 -0.7382
vn 0.6927 -0.5982 -0.4029
vn 0.5353 -0.3482 -0.7695
vn 0.5665 -0.6503 -0.5062
vn 0.4882 -0.4744 -0.7325
vn 0.5132 -0.6641 -0.5437
vn 0.4634 -0.5683 -0.6799
vn 0.4634 -0.6750 -0.5742
vn 0.4489 -0.6024 -0.6600
vn 0.4693 -0.6952 -0.5445
vn 0.4754 -0.6484 -0.5946
vn 0.5484 -0.7153 -0.4331
vn 0.5754 -0.7900 -0.2118
vn 0.5721 -0.7523 -0.3267
vn 0.4871 -0.7082 -0.5111
vn 0.5452 -0.7396 -0.3946
vn 0.5676 -0.8154 -0.1138
vn 0.5717 -0.8097 -0.1324
vn 0.5896 -0.7571 -0.2815
vn 0.5921 -0.7793 -0.2054
vn 0.4910 -0.8487 -0.1965
vn 0.5463 -0.8245 -0.1475
vn 0.5481 -0.8145 -0.1901
vn 0.4923 -0.8413 -0.2235
vn 0.2954 -0.8934 -0.3384
vn 0.4262 -0.8666 -0.2594
vn 0.3766 -0.8782 -0.2948
vn 0.2540 -0.8826 -0.3956
vn 0.4703 -0.8666 -0.1669
vn 0.3952 -0.8837 -0.2507
vn 0.3929 -0.8675 -0.3050
vn 0.4947 -0.8315 -0.2527
vn 0.2343 -0.8988 -0.3706
vn 0.2190 -0.8963 -0.3856
vn 0.3165 -0.9368 0.1489
vn 0.4026 -0.9134 0.0599
vn 0.3867 -0.9188 0.0787
vn 0.3848 -0.9223 0.0357
vn 0.4291 -0.9029 -0.0255
vn 0.4753 -0.8380 -0.2679
vn 0.4954 -0.8633 -0.0962
vn 0.5026 -0.8279 -0.2490
vn 0.3300 -0.9433 0.0358
vn 0.3603 -0.9309 -0.0606
vn 0.4023 -0.9150 0.0303
vn 0.3488 -0.9315 0.1030
vn 0.4850 -0.8740 -0.0287
vn 0.5738 -0.7894 -0.2183
vn 0.5647 -0.7931 -0.2284
vn 0.4831 -0.8696 -0.1024
vn 0.2212 -0.9642 -0.1464
vn 0.2526 -0.9366 -0.2430
vn 0.2808 -0.9410 -0.1886
vn 0.2605 -0.9631 -0.0681
vn 0.3910 -0.8968 -0.2069
vn 0.4375 -0.8498 -0.2939
vn 0.3155 -0.8815 -0.3513
vn 0.2973 -0.9153 -0.2718
vn 0.2776 -0.9584 -0.0665
vn 0.3547 -0.9320 -0.0749
vn 0.2949 -0.9376 -0.1844
vn 0.2349 -0.9623 -0.1368
vn 0.2511 -0.9320 -0.2613
vn 0.2642 -0.9450 -0.1929
vn 0.2579 -0.8891 -0.3781
vn 0.2813 -0.8841 -0.3732
vn 0.4429 -0.8929 0.0805
vn 0.3384 -0.9395 0.0532
vn 0.3741 -0.9008 0.2204
vn 0.5414 -0.7775 0.3200
vn 0.2941 -0.9513 -0.0929
vn 0.2725 -0.9618 0.0247
vn 0.3195 -0.8783 -0.3557
vn 0.3092 -0.8822 -0.3550
vn 0.5294 -0.6681 0.5228
vn 0.3333 -0.8462 0.4158
vn 0.1541 -0.8057 0.5719
vn 0.3558 -0.7078 0.6102
vn 0.2153 -0.9652 0.1486
vn 0.1356 -0.9615 0.2389
vn 0.2894 -0.8862 -0.3619
vn 0.2759 -0.8927 -0.3562
vn -0.1924 -0.8026 0.5646
vn -0.2083 -0.8366 0.5067
vn 0.0761 -0.7863 0.6131
vn -0.0224 -0.7746 0.6320
vn 0.0825 -0.9421 0.3252
vn 0.2994 -0.8888 -0.3469
vn 0.2665 -0.8871 -0.3768
vn -0.0155 -0.9533 0.3017
vn -0.4182 -0.8200 0.3908
vn -0.3360 -0.8467 0.4125
vn -0.3263 -0.9031 0.2791
vn -0.4318 -0.8310 0.3506
vn -0.1209 -0.9804 0.1555
vn 0.1294 -0.8974 -0.4219
vn 0.0494 -0.8968 -0.4398
vn -0.1361 -0.9907 0.0081
vn -0.3587 -0.8610 0.3605
vn -0.2564 -0.9434 0.2105
vn -0.2561 -0.9552 0.1485
vn -0.3351 -0.8544 0.3970
vn -0.0928 -0.9941 -0.0561
vn 0.0344 -0.8992 -0.4361
vn -0.0005 -0.8966 -0.4427
vn -0.1087 -0.9870 -0.1187
vn -0.3451 -0.8352 0.4281
vn -0.2390 -0.9632 0.1226
vn -0.2170 -0.9699 0.1107
vn -0.3143 -0.8369 0.4480
vn -0.1155 -0.9797 -0.1640
vn -0.0332 -0.8953 -0.4441
vn -0.1111 -0.9776 -0.1787
vn -0.0481 -0.8981 -0.4372
vn -0.0967 0.6031 0.7917
vn -0.0004 0.8812 0.4727
vn -0.1568 0.2052 0.9661
vn -0.2437 0.0916 0.9655
vn -0.1909 0.4975 0.8462
vn -0.0563 0.8884 0.4556
vn 0.0624 0.5247 0.8490
vn 0.1938 0.6612 0.7247
vn 0.0387 0.5505 0.8339
vn 0.2959 0.8149 0.4983
vn 0.2069 0.8462 0.4911
vn 0.0855 0.8698 0.4860
vn -0.1150 0.4068 0.9062
vn -0.1191 0.3378 0.9336
vn -0.2110 0.1330 0.9684
vn -0.2975 0.3447 0.8903
vn -0.1527 0.3924 0.9070
vn -0.1189 0.5877 0.8003
vn -0.2210 0.5230 0.8232
vn 0.1270 0.5959 0.7930
vn 0.1317 0.4891 0.8622
vn 0.1107 0.5643 0.8181
vn -0.1092 0.5985 0.7936
vn -0.1527 0.5662 0.8100
vn -0.1587 0.4305 0.8885
vn -0.0081 0.8832 0.4688
vn -0.2425 0.0482 0.9690
vn -0.2256 -0.0649 0.9721
vn -0.2750 -0.0924 0.9570
vn -0.2664 -0.0272 0.9635
vn -0.1546 0.0134 0.9879
vn -0.3250 0.0390 0.9449
vn -0.2840 0.0110 0.9588
vn -0.0526 0.1930 0.9798
vn -0.2279 0.1125 0.9672
vn -0.3360 0.1256 0.9335
vn -0.2223 -0.1407 0.9648
vn -0.2222 -0.3516 0.9094
vn -0.2265 -0.4028 0.8868
vn -0.1743 -0.1836 0.9674
vn -0.2383 -0.4191 0.8761
vn -0.1294 -0.2081 0.9695
vn 0.4775 0.6257 0.6168
vn 0.5436 0.4418 0.7137
vn 0.4222 0.7271 0.5413
vn 0.7151 0.6198 0.3232
vn 0.5129 0.8305 0.2172
vn 0.8544 0.2427 0.4595
vn -0.0839 -0.7440 0.6629
vn -0.3196 -0.2315 0.9188
vn -0.0095 -0.3474 0.9377
vn 0.2246 -0.7368 0.6377
vn -0.4255 0.2362 0.8736
vn -0.1455 0.1096 0.9833
vn 0.1709 -0.9375 0.3032
vn 0.4103 -0.9116 -0.0241
vn 0.3110 -0.9095 0.2757
vn 0.4882 -0.8726 0.0152
vn 0.4868 -0.8710 -0.0666
vn 0.5390 -0.8422 -0.0096
vn 0.6325 -0.7745 0.0118
vn 0.5285 -0.8156 0.2355
vn 0.5943 -0.8027 0.0505
vn 0.6674 -0.7422 0.0611
vn 0.7240 -0.6898 0.0075
vn 0.6544 -0.7296 0.1986
vn 0.4696 -0.8584 0.2062
vn 0.4866 -0.7940 0.3644
vn 0.5937 -0.7662 0.2458
vn 0.5580 -0.8017 0.2143
vn 0.6847 -0.6539 0.3219
vn 0.7588 -0.6294 0.1676
vn 0.5761 -0.5516 0.6031
vn 0.6817 -0.4163 0.6016
vn 0.7966 -0.5109 0.3230
vn 0.8886 -0.4297 0.1605
vn 0.7958 -0.1841 0.5769
vn 0.9023 -0.2466 0.3536
vn 0.9331 0.1938 0.3029
vn 0.9707 -0.1244 0.2055
vn 0.9080 0.3660 0.2040
vn 0.4184 0.9009 0.1156
vn 0.7275 0.6600 0.1874
vn 0.6228 0.7743 0.1121
vn 0.3553 0.9346 -0.0152
vn 0.1251 0.7684 -0.6276
vn 0.2270 0.9575 -0.1779
vn 0.1346 0.6644 -0.7351
vn 0.4094 0.6017 -0.6858
vn 0.3229 0.8051 -0.4975
vn 0.7870 0.4595 -0.4117
vn 0.8303 0.5537 -0.0641
vn 0.5722 0.7727 -0.2747
vn 0.6219 0.5232 -0.5827
vn -0.2851 -0.0718 0.9558
vn -0.2303 -0.2077 0.9507
vn -0.2611 -0.2574 0.9304
vn -0.2640 -0.0951 0.9598
vn 0.0836 0.3552 0.9310
vn -0.0005 0.4289 0.9033
vn -0.0488 0.1524 0.9871
vn 0.0470 0.1228 0.9913
vn -0.1893 0.1486 0.9706
vn -0.1182 0.4385 0.8909
vn -0.0962 0.3427 0.9345
vn -0.1337 0.4582 0.8787
vn -0.0229 0.4961 0.8679
vn 0.0187 0.3959 0.9181
vn -0.0985 0.5805 0.8083
vn -0.2905 0.1719 0.9413
vn -0.2873 0.0604 0.9559
vn -0.2525 0.0804 0.9643
vn -0.2390 0.2866 0.9278
vn 0.0413 0.4714 0.8809
vn -0.1323 0.5777 0.8055
vn -0.2015 0.4947 0.8454
vn -0.0989 0.3676 0.9247
vn 0.3019 -0.1485 0.9417
vn 0.3089 0.0102 0.9510
vn -0.0132 0.2185 0.9757
vn 0.4854 0.1629 0.8590
vn -0.3323 0.2576 0.9073
vn -0.1253 0.2352 0.9638
vn -0.1166 0.0989 0.9882
vn -0.0236 0.1602 0.9868
vn 0.0917 -0.0600 0.9940
vn 0.0927 0.0129 0.9956
vn 0.2565 -0.2158 0.9421
vn 0.0629 -0.0928 0.9937
vn 0.0809 -0.2721 0.9589
vn -0.1676 -0.0943 0.9813
vn -0.0187 0.1630 0.9864
vn 0.0414 0.0845 0.9956
vn -0.0911 0.0680 0.9935
vn -0.1495 0.1682 0.9743
vn -0.2516 0.0660 0.9656
vn -0.2819 0.1866 0.9411
vn -0.2531 0.3509 0.9016
vn -0.1825 0.3030 0.9353
vn -0.0755 0.2398 0.9679
vn -0.4468 -0.3319 0.8308
vn -0.6730 -0.0348 0.7388
vn -0.4496 -0.3469 0.8231
vn -0.6481 -0.0968 0.7554
vn -0.8342 0.3084 0.4572
vn -0.8214 0.5691 0.0376
vn -0.8454 0.1936 0.4978
vn -0.8939 0.4420 0.0747
vn -0.4540 0.6551 -0.6039
vn -0.4116 0.7313 -0.5438
vn -0.5535 0.7221 -0.4151
vn -0.6846 0.6195 -0.3841
vn -0.0990 0.7414 -0.6637
vn -0.1067 0.7728 -0.6256
vn -0.4036 0.7460 -0.5297
vn -0.3957 0.6845 -0.6122
vn 0.8869 0.2550 -0.3852
vn 0.9497 0.0333 -0.3115
vn 0.9791 -0.1935 -0.0623
vn 0.9878 0.1554 -0.0046
vn 0.7766 -0.6154 0.1347
vn 0.6652 -0.7227 0.1876
vn 0.8568 -0.5155 0.0105
vn 0.9482 -0.2962 -0.1146
vn 0.7273 0.3869 -0.5668
vn 0.6055 0.5279 -0.5956
vn 0.2956 0.6977 -0.6526
vn 0.3724 0.6503 -0.6621
vn 0.7725 0.3704 -0.5159
vn 0.8732 0.1953 -0.4465
vn 0.7140 0.4785 -0.5111
vn 0.7066 0.4243 -0.5663
vn 0.3810 0.6479 -0.6596
vn 0.3853 0.6647 -0.6401
vn 0.5953 -0.7688 0.2336
vn 0.6930 -0.7145 0.0963
vn 0.6409 -0.7314 0.2330
vn 0.7153 -0.6904 0.1081
vn 0.9496 -0.0955 -0.2986
vn 0.8771 -0.4802 0.0113
vn 0.9105 0.0779 -0.4061
vn 0.9392 -0.3368 -0.0670
vn 0.9030 0.1641 -0.3971
vn 0.9682 -0.2459 -0.0467
vn 0.9153 0.2412 -0.3225
vn 0.9837 -0.1729 0.0503
vn 0.7774 -0.6285 -0.0268
vn 0.7814 -0.6240 0.0067
vn 0.7114 -0.6669 0.2217
vn 0.7807 -0.5903 0.2050
vn 0.7573 -0.6393 0.1335
vn 0.8021 -0.5772 0.1531
vn 0.8325 -0.5098 0.2169
vn 0.8600 -0.4850 0.1587
vn 0.8586 -0.4211 0.2925
vn 0.9012 -0.3629 0.2368
vn 0.2895 -0.7054 0.6470
vn 0.1550 -0.6390 0.7534
vn 0.1076 -0.6638 0.7401
vn 0.3058 -0.7542 0.5812
vn -0.1032 -0.5625 0.8203
vn 0.0010 -0.5701 0.8216
vn 0.4117 -0.8039 0.4292
vn 0.4411 -0.7672 0.4657
vn 0.8137 -0.5798 0.0424
vn 0.6915 -0.6760 0.2547
vn 0.8508 -0.5197 0.0778
vn 0.7213 -0.6135 0.3215
vn 0.8858 -0.4388 0.1511
vn 0.7378 -0.5159 0.4353
vn 0.8932 -0.3250 0.3109
vn 0.7371 -0.3673 0.5673
vn -0.4107 -0.3579 0.8386
vn -0.6554 -0.1594 0.7383
vn -0.1739 -0.4448 0.8786
vn -0.3776 -0.2928 0.8785
vn 0.4649 -0.7109 0.5277
vn 0.2577 -0.6422 0.7220
vn 0.4744 -0.6373 0.6073
vn 0.2399 -0.5494 0.8004
vn 0.1535 -0.5533 0.8187
vn 0.1142 -0.4397 0.8908
vn 0.4874 -0.5135 0.7062
vn 0.2440 -0.4371 0.8657
vn 0.5084 -0.3702 0.7775
vn 0.2686 -0.3623 0.8925
vn 0.1073 -0.3747 0.9209
vn -0.2323 -0.3002 0.9252
vn 0.1223 -0.3770 0.9181
vn -0.1663 -0.3732 0.9127
vn -0.8766 0.0318 0.4802
vn -0.9605 0.2688 0.0713
vn -0.8178 -0.0710 0.5711
vn -0.9639 0.2207 0.1487
vn -0.8038 0.4978 -0.3257
vn -0.8406 0.4829 -0.2454
vn -0.5655 0.6295 -0.5329
vn -0.5080 0.6193 -0.5987
vn -0.7219 -0.1339 0.6789
vn -0.9468 0.2005 0.2516
vn -0.6719 -0.1850 0.7172
vn -0.9271 0.1914 0.3222
vn -0.3610 0.6568 -0.6620
vn -0.3434 0.6813 -0.6465
vn -0.0071 0.7429 -0.6693
vn -0.0629 0.7243 -0.6866
vn -0.8593 0.4886 -0.1510
vn -0.6101 0.6511 -0.4515
vn -0.8644 0.4983 -0.0668
vn -0.6302 0.6825 -0.3703
vn 0.4069 0.6857 -0.6035
vn 0.4524 0.7016 -0.5506
vn 0.7490 0.5616 -0.3515
vn 0.7261 0.5356 -0.4312
vn 0.1497 0.8033 -0.5765
vn 0.0706 0.7719 -0.6318
vn -0.3308 0.7223 -0.6073
vn -0.3039 0.7798 -0.5474
vn 0.9550 -0.0202 0.2959
vn 0.9815 -0.0805 0.1735
vn 0.9162 0.3361 -0.2182
vn 0.9315 0.3537 -0.0852
vn 0.8219 -0.2822 0.4948
vn 0.8794 -0.2846 0.3816
vn 0.8416 -0.3520 0.4096
vn 0.8073 -0.2975 0.5097
vn 0.5040 0.7061 -0.4973
vn 0.5417 0.7085 -0.4523
vn 0.8120 0.5304 -0.2437
vn 0.7768 0.5613 -0.2855
vn 0.8270 -0.2625 0.4972
vn 0.6824 -0.2837 0.6737
vn 0.7310 -0.2895 0.6179
vn 0.6279 -0.3140 0.7122
vn 0.9527 0.2943 0.0762
vn 0.9722 0.1444 0.1842
vn 0.7588 -0.2534 0.6000
vn 0.8829 -0.0820 0.4624
vn 0.7199 -0.3157 0.6181
vn 0.6283 -0.3567 0.6914
vn 0.5116 -0.3112 0.8009
vn 0.3179 -0.3614 0.8766
vn 0.5197 -0.3517 0.7786
vn 0.3912 -0.3984 0.8296
vn 0.1973 -0.4219 0.8849
vn -0.0581 -0.4327 0.8997
vn 0.3107 -0.4510 0.8367
vn 0.1296 -0.4599 0.8784
vn 0.5470 -0.3879 0.7418
vn 0.5034 -0.4083 0.7615
vn 0.4506 -0.4510 0.7704
vn 0.3558 -0.4602 0.8134
vn 0.7145 -0.3146 0.6249
vn 0.6555 -0.3350 0.6768
vn 0.9618 0.0888 0.2588
vn 0.8356 0.5200 -0.1771
vn 0.8473 0.5214 -0.1013
vn 0.9400 0.0810 0.3315
vn 0.8917 0.1124 0.4384
vn 0.5872 -0.3114 0.7471
vn 0.8300 0.5575 -0.0178
vn 0.7253 0.6629 0.1856
vn 0.6203 0.3570 0.6984
vn 0.3665 -0.1314 0.9211
vn 0.5775 0.7147 -0.3945
vn 0.2148 0.8319 -0.5117
vn 0.6032 0.7311 -0.3189
vn 0.2362 0.8720 -0.4288
vn -0.2600 0.8338 -0.4870
vn -0.2390 0.8812 -0.4079
vn -0.6171 0.7161 -0.3261
vn -0.5871 0.7541 -0.2942
vn 0.0847 -0.3768 0.9224
vn -0.3007 -0.0450 0.9527
vn -0.7289 0.2180 0.6489
vn -0.2992 -0.2526 0.9201
vn -0.5592 -0.2180 0.7999
vn -0.8770 0.1938 0.4396
vn -0.8529 0.5221 0.0003
vn -0.7852 0.6188 0.0254
vn -0.4244 0.8839 -0.1964
vn -0.5519 0.7573 0.3491
vn -0.0405 0.9988 -0.0279
vn 0.1436 0.9423 -0.3023
vn -0.1311 0.6347 0.7615
vn 0.3279 0.9371 0.1199
vn 0.5486 0.8047 -0.2269
vn -0.5323 0.7489 0.3948
vn -0.3845 0.8338 0.3962
vn -0.3005 0.6085 0.7345
vn -0.4851 0.4832 0.7288
vn -0.4480 0.1572 0.8801
vn -0.3956 0.1914 0.8982
vn -0.3716 0.1111 0.9217
vn -0.3377 0.1105 0.9347
vn -0.2714 0.4128 0.8695
vn -0.2703 0.4139 0.8693
vn -0.2770 0.9491 0.1501
vn -0.2734 0.9554 0.1115
vn -0.2740 0.9291 0.2485
vn -0.3264 0.8912 0.3149
vn -0.1883 0.8957 0.4029
vn -0.0919 0.9410 0.3256
vn 0.0377 0.9251 0.3778
vn -0.0467 0.8811 0.4705
vn -0.0745 0.7901 0.6084
vn -0.0516 0.8130 0.5800
vn -0.3189 0.9461 0.0571
vn -0.3654 0.9308 0.0088
vn -0.2442 0.9697 -0.0060
vn -0.2729 0.9537 0.1262
vn -0.3086 0.1523 0.9389
vn -0.2844 0.4454 0.8489
vn -0.2515 0.4564 0.8535
vn -0.2795 0.1875 0.9417
vn -0.0566 0.9817 0.1819
vn 0.0157 0.9997 0.0206
vn 0.0637 0.9779 0.1990
vn 0.0324 0.9605 0.2763
vn -0.0757 0.8409 0.5359
vn -0.0551 0.8538 0.5176
vn -0.3957 0.9181 -0.0222
vn -0.1568 0.9762 -0.1499
vn -0.2891 0.9555 -0.0592
vn 0.0822 0.9597 -0.2688
vn -0.2985 0.1750 0.9382
vn -0.2527 0.4202 0.8715
vn -0.3222 0.3576 0.8765
vn -0.3527 0.1397 0.9252
vn 0.1248 0.9791 -0.1609
vn 0.1289 0.9806 0.1479
vn 0.2292 0.9424 -0.2435
vn 0.0986 0.9859 0.1350
vn -0.0343 0.8342 0.5504
vn -0.1325 0.7951 0.5918
vn -0.1038 0.9839 -0.1455
vn 0.1284 0.9065 -0.4022
vn 0.0097 0.9733 -0.2295
vn 0.0166 0.8942 -0.4474
vn 0.0916 0.9498 -0.2990
vn -0.0992 0.9858 0.1355
vn -0.1226 0.9515 -0.2821
vn -0.2826 0.9457 0.1604
vn -0.1276 0.9909 -0.0427
vn 0.0842 0.9870 -0.1365
vn 0.1828 0.9828 0.0265
vn 0.2231 0.9642 0.1433
vn 0.0573 0.9651 -0.2556
vn -0.1123 0.9282 -0.3548
vn -0.2890 0.9465 -0.1437
vn -0.3702 0.9000 0.2300
vn -0.3386 0.9363 0.0935
vn -0.3653 0.8836 0.2930
vn -0.3805 0.1290 0.9157
vn -0.3991 0.3185 0.8598
vn -0.3829 0.3410 0.8586
vn -0.3165 0.1628 0.9345
vn -0.3128 0.7344 0.6023
vn -0.4140 0.6852 0.5992
vn 0.3194 0.8264 0.4637
vn 0.2328 0.5477 0.8036
vn 0.1472 0.5978 0.7880
vn 0.0317 0.8970 0.4410
vn -0.1278 0.0131 0.9917
vn -0.0180 0.0978 0.9950
vn -0.0434 0.1028 0.9938
vn 0.0166 0.1759 0.9843
vn -0.2164 0.8304 0.5134
vn -0.2823 0.7371 0.6139
vn -0.0376 0.5954 0.8025
vn -0.1040 0.4722 0.8753
vn 0.0823 0.3150 0.9455
vn 0.0932 0.2512 0.9634
vn 0.0360 0.3930 0.9188
vn -0.0112 0.2814 0.9595
vn -0.1613 0.2402 0.9572
vn -0.0646 0.1593 0.9851
vn -0.2701 0.4124 0.8701
vn -0.0437 0.1793 0.9828
vn -0.3930 0.6782 0.6209
vn -0.3392 -0.9348 -0.1057
vn -0.3014 -0.9283 0.2178
vn -0.2438 -0.8246 -0.5105
vn 0.2919 -0.8847 -0.3634
vn 0.2441 -0.9564 -0.1601
vn 0.2186 -0.9755 0.0235
vn -0.0341 -0.9523 0.3031
vn 0.4461 -0.8884 0.1085
vn 0.5981 -0.7989 0.0634
vn 0.2701 -0.9295 0.2511
vn 0.5652 -0.8233 -0.0528
vn 0.6014 -0.7766 -0.1875
vn 0.7480 -0.6594 -0.0751
vn 0.7143 -0.6987 -0.0401
vn 0.4818 -0.8516 0.2065
vn 0.4642 -0.8607 0.2091
vn 0.6709 -0.7414 0.0167
vn 0.5629 -0.8254 -0.0433
vn 0.1684 -0.9744 0.1487
vn 0.3946 -0.9069 -0.1476
vn 0.5746 -0.7677 -0.2836
vn 0.7133 -0.6343 -0.2982
vn 0.6108 -0.7729 -0.1719
vn 0.6254 -0.7588 -0.1820
vn 0.6425 -0.7478 -0.1676
vn 0.6561 -0.7382 -0.1570
vn 0.6827 -0.6593 -0.3151
vn 0.5898 -0.6934 -0.4139
vn 0.2704 -0.8739 -0.4039
vn 0.3107 -0.8838 -0.3497
vn 0.7336 -0.6728 -0.0957
vn 0.7414 -0.6631 -0.1030
vn -0.2059 0.2476 0.9467
vn -0.3040 0.2751 0.9121
vn -0.2358 0.3779 0.8953
vn -0.1844 0.2938 0.9379
vn -0.1918 0.2269 0.9548
vn -0.3158 0.1860 0.9304
vn -0.1608 0.2618 0.9516
vn -0.2769 0.1737 0.9451
vn -0.2189 0.2080 0.9533
vn -0.0975 0.3679 0.9248
vn -0.7596 -0.5465 -0.3528
vn -0.6981 -0.6284 -0.3432
vn -0.6846 -0.6820 0.2572
vn -0.7472 -0.6333 0.2014
vn -0.7055 -0.6588 0.2612
vn -0.6966 -0.6408 -0.3226
vn -0.4650 -0.4753 0.7469
vn -0.4521 -0.5485 0.7034
vn -0.4914 -0.5753 0.6538
vn -0.1994 -0.3563 0.9129
vn -0.2227 -0.3968 0.8905
vn -0.1564 -0.3154 0.9360
vn -0.4433 -0.6776 0.5868
vn -0.4596 -0.6473 0.6081
vn -0.4483 -0.6274 0.6367
vn -0.6778 -0.7352 -0.0089
vn -0.7038 -0.7078 -0.0609
vn -0.7061 -0.7071 -0.0370
vn -0.6756 -0.7328 -0.0815
vn -0.6837 -0.7193 -0.1230
vn -0.6730 -0.7396 0.0041
vn 0.0580 0.0411 0.9975
vn 0.0576 0.0507 0.9971
vn 0.1469 0.1461 0.9783
vn 0.1505 0.1298 0.9800
vn 0.1373 0.1597 0.9776
vn 0.0468 0.0531 0.9975
vn 0.1755 0.2101 0.9618
vn 0.2018 0.2070 0.9573
vn 0.2228 0.1782 0.9584
vn 0.3225 0.3735 0.8698
vn 0.3473 0.3434 0.8726
vn 0.2650 0.3821 0.8853
vn 0.3480 0.5312 0.7724
vn 0.4089 0.4766 0.7783
vn 0.4109 0.4364 0.8005
vn 0.3996 0.3949 0.8273
vn 0.3774 0.3449 0.8594
vn 0.3573 0.4897 0.7953
vn 0.3677 0.4014 0.8389
vn 0.3953 0.3252 0.8591
vn 0.3641 0.2857 0.8865
vn 0.4405 0.3604 0.8223
vn 0.4112 0.3505 0.8414
vn 0.4330 0.4007 0.8074
vn 0.5122 0.4714 0.7179
vn 0.4968 0.4474 0.7437
vn 0.4657 0.4483 0.7630
vn 0.5656 0.5787 0.5875
vn 0.5342 0.5811 0.6140
vn 0.5902 0.5962 0.5443
vn 0.6172 0.6950 0.3688
vn 0.6299 0.6981 0.3403
vn 0.5888 0.7089 0.3882
vn -0.6612 -0.7348 -0.1516
vn -0.3569 -0.9118 -0.2031
vn -0.3968 -0.7923 -0.4634
vn -0.6809 -0.5824 -0.4440
vn -0.5547 -0.8224 0.1263
vn -0.3281 -0.9386 0.1066
vn -0.7972 -0.6034 0.0197
vn -0.8018 -0.5916 -0.0843
vn -0.5811 -0.5988 0.5512
vn -0.6599 -0.5869 0.4692
vn -0.7855 -0.4873 -0.3814
vn -0.8090 -0.4669 -0.3571
vn -0.7169 -0.5442 -0.4357
vn -0.7440 -0.6579 -0.1172
vn -0.7819 -0.6118 -0.1192
vn -0.7445 -0.5191 -0.4198
vn -0.6978 -0.6526 0.2953
vn -0.6407 -0.7477 0.1744
vn -0.6867 -0.6108 0.3941
vn -0.7898 -0.6032 -0.1107
vn -0.7611 -0.5082 -0.4031
vn -0.4630 -0.7515 0.4700
vn -0.3090 -0.8357 0.4540
vn -0.3673 -0.7646 0.5296
vn -0.3295 -0.7519 0.5711
vn -0.4594 -0.6415 0.6144
vn -0.2854 -0.4125 0.8651
vn -0.3616 -0.4811 0.7986
vn -0.4905 -0.6734 0.5531
vn -0.4385 -0.7250 0.5311
vn -0.3626 -0.6852 0.6317
vn -0.3467 -0.7945 0.4986
vn -0.3697 -0.7704 0.5194
vn -0.4450 -0.7422 0.5011
vn -0.3740 -0.5727 0.7295
vn -0.3932 -0.7344 0.5532
vn -0.4557 -0.7383 0.4973
vn -0.4661 -0.6725 0.5749
vn -0.2977 -0.7575 0.5809
vn -0.6376 -0.7701 -0.0192
vn -0.6455 -0.7621 -0.0500
vn -0.6233 -0.7791 -0.0677
vn -0.6437 -0.7650 0.0210
vn -0.5255 -0.7601 0.3821
vn -0.5679 -0.8057 0.1684
vn -0.6714 -0.6605 0.3361
vn -0.5835 -0.6590 0.4746
vn -0.6820 -0.7151 0.1532
vn -0.5891 -0.8068 -0.0457
vn -0.2824 -0.5285 0.8006
vn -0.1812 -0.4317 0.8836
vn -0.1956 -0.4609 0.8656
vn -0.1312 -0.5697 0.8113
vn -0.3545 -0.6370 0.6845
vn -0.1228 -0.7144 0.6889
vn -0.4965 -0.5870 0.6395
vn -0.4962 -0.5767 0.6490
vn -0.5887 -0.6995 0.4052
vn -0.6097 -0.7094 0.3536
vn -0.5832 -0.6560 0.4791
vn -0.5129 -0.5504 0.6588
vn -0.5489 -0.5173 0.6566
vn -0.6279 -0.5819 0.5169
vn -0.6262 -0.5754 0.5261
vn -0.5619 -0.5200 0.6433
vn -0.5307 -0.5110 0.6762
vn -0.5685 -0.5758 0.5876
vn -0.2315 -0.2869 0.9296
vn -0.2341 -0.2884 0.9285
vn -0.3894 -0.4589 0.7986
vn -0.3821 -0.4576 0.8029
vn -0.4107 -0.4465 0.7950
vn -0.2485 -0.3076 0.9185
vn -0.4492 -0.4231 0.7869
vn -0.3548 -0.4085 0.8410
vn -0.4658 -0.4364 0.7698
vn -0.3359 -0.3066 0.8906
vn -0.3290 -0.3045 0.8939
vn -0.3149 -0.2888 0.9041
vn -0.2910 -0.3377 0.8951
vn -0.4411 -0.4498 0.7766
vn 0.0711 0.0066 0.9974
vn -0.0772 -0.1211 0.9896
vn -0.0813 -0.1146 0.9901
vn -0.0815 -0.1819 0.9799
vn 0.0674 -0.0826 0.9943
vn -0.0359 -0.1054 0.9938
vn -0.1485 -0.2103 0.9663
vn -0.2237 -0.1959 0.9548
vn -0.1372 -0.1172 0.9836
vn -0.1638 -0.1234 0.9787
vn -0.2311 -0.2078 0.9505
vn -0.2063 -0.2260 0.9520
vn -0.0804 -0.0310 0.9963
vn -0.1559 -0.3093 0.9381
vn -0.0298 -0.0526 0.9982
vn 0.2831 0.1388 0.9490
vn 0.1844 0.0611 0.9809
vn 0.1703 -0.0053 0.9854
vn 0.2796 0.1445 0.9492
vn 0.0432 0.0952 0.9945
vn -0.0463 0.0380 0.9982
vn -0.1111 -0.0512 0.9925
vn -0.0503 -0.0327 0.9982
vn 0.1693 0.1448 0.9749
vn 0.0525 -0.0124 0.9985
vn 0.0217 0.2508 0.9678
vn 0.0406 0.2024 0.9785
vn 0.1090 0.3361 0.9355
vn 0.0910 0.3249 0.9414
vn 0.4329 0.4066 0.8045
vn 0.3985 0.3380 0.8526
vn 0.4098 0.3456 0.8442
vn 0.4497 0.3788 0.8089
vn 0.0624 0.2998 0.9520
vn 0.1896 0.2926 0.9372
vn 0.2503 0.3880 0.8870
vn 0.1413 0.3906 0.9097
vn 0.3803 0.3660 0.8494
vn 0.3217 0.3248 0.8894
vn -0.1032 0.2417 0.9648
vn -0.0575 0.2191 0.9740
vn -0.0245 0.2487 0.9683
vn 0.0432 0.2030 0.9782
vn 0.0925 0.2710 0.9581
vn 0.0553 0.3190 0.9461
vn 0.3696 0.2580 0.8927
vn 0.3844 0.3033 0.8719
vn 0.4034 0.2658 0.8756
vn 0.3921 0.2308 0.8905
vn 0.1221 0.2791 0.9525
vn 0.2110 0.2958 0.9317
vn 0.1951 0.2309 0.9532
vn 0.1019 0.1868 0.9771
vn 0.3250 0.2301 0.9173
vn 0.3400 0.2730 0.8999
vn -0.0057 0.2491 0.9685
vn 0.1041 0.2820 0.9537
vn 0.2315 0.4556 0.8595
vn 0.0720 0.3359 0.9391
vn 0.2451 0.5468 0.8006
vn 0.0847 0.4416 0.8932
vn 0.4869 0.4342 0.7579
vn 0.4271 0.3371 0.8390
vn 0.4545 0.3166 0.8326
vn 0.5186 0.4116 0.7494
vn 0.1738 0.2864 0.9422
vn 0.2658 0.2915 0.9189
vn 0.3769 0.4402 0.8150
vn 0.2932 0.4772 0.8285
vn 0.4700 0.4254 0.7734
vn 0.3877 0.3091 0.8684
vn 0.3247 0.6615 0.6760
vn 0.3559 0.6327 0.6878
vn 0.3868 0.7776 0.4958
vn 0.4306 0.7589 0.4886
vn 0.5255 0.7116 0.4664
vn 0.4625 0.7480 0.4760
vn 0.3997 0.6371 0.6591
vn 0.4655 0.5942 0.6559
vn 0.6104 0.6802 0.4059
vn 0.5527 0.5535 0.6230
vn 0.6384 0.6427 0.4235
vn 0.5762 0.5181 0.6321
vn 0.5413 0.5423 0.6426
vn 0.6022 0.6629 0.4448
vn 0.3212 -0.9195 0.2266
vn -0.6036 -0.7931 0.0814
vn -0.5232 -0.6099 0.5952
vn 0.2626 -0.5872 0.7657
vn -0.4885 -0.5710 0.6598
vn -0.4987 -0.5824 0.6420
vn -0.6283 -0.6837 0.3711
vn -0.5984 -0.6917 0.4043
vn -0.2243 -0.2873 0.9312
vn -0.0792 -0.1109 0.9907
vn -0.0810 -0.1107 0.9906
vn -0.2167 -0.2724 0.9375
vn -0.3753 -0.4588 0.8054
vn -0.3684 -0.4379 0.8201
vn -0.6159 -0.7843 0.0741
vn -0.5250 -0.7268 0.4428
vn -0.4673 -0.7418 0.4810
vn -0.5768 -0.8006 0.1621
vn -0.3786 -0.6264 0.6813
vn -0.4315 -0.5967 0.6766
vn -0.6778 -0.6701 -0.3026
vn -0.6803 -0.6965 0.2281
vn -0.6642 -0.7018 0.2574
vn -0.6901 -0.6656 -0.2842
vn -0.3802 -0.4696 0.7968
vn -0.4460 -0.4323 0.7837
vn -0.6988 -0.6646 -0.2647
vn -0.6572 -0.6781 0.3290
vn -0.6362 -0.6687 0.3847
vn -0.6789 -0.6881 -0.2562
vn -0.3859 -0.4080 0.8274
vn -0.3691 -0.4524 0.8119
vn -0.1204 -0.1975 0.9729
vn -0.0838 -0.1731 0.9813
vn -0.5231 -0.6041 0.6012
vn -0.4647 -0.6687 0.5805
vn -0.1153 -0.1855 0.9759
vn -0.1649 -0.1640 0.9726
vn -0.5494 -0.5794 0.6020
vn -0.6478 -0.7542 -0.1079
vn -0.6476 -0.7454 -0.1582
vn -0.6514 -0.7587 -0.0077
vn -0.5509 -0.7914 0.2649
vn -0.5057 -0.7810 0.3664
vn -0.4372 -0.7295 0.5260
vn -0.4108 -0.7106 0.5712
vn -0.3313 -0.6349 0.6979
vn -0.3531 -0.6398 0.6826
vn 0.0435 0.0593 0.9973
vn 0.1301 0.1746 0.9760
vn 0.1328 0.1787 0.9749
vn 0.0596 0.0467 0.9971
vn 0.1582 0.2041 0.9661
vn 0.1598 0.1951 0.9677
vn -0.1876 -0.2557 0.9484
vn -0.0662 -0.0964 0.9931
vn -0.0307 -0.1033 0.9942
vn -0.1358 -0.2589 0.9563
vn 0.0837 0.0173 0.9963
vn 0.1496 0.1556 0.9764
vn 0.1659 0.1398 0.9762
vn 0.0868 0.0153 0.9961
vn 0.1950 0.2037 0.9594
vn 0.1704 0.2149 0.9617
vn -0.0021 -0.1231 0.9924
vn -0.0029 -0.1217 0.9926
vn -0.1001 -0.2671 0.9585
vn -0.0960 -0.2640 0.9597
vn 0.2179 0.3214 0.9215
vn 0.2037 0.2686 0.9415
vn 0.2976 0.4535 0.8401
vn 0.2927 0.5193 0.8029
vn 0.1937 0.2476 0.9493
vn 0.2044 0.2429 0.9483
vn 0.2671 0.3797 0.8857
vn 0.2840 0.4066 0.8683
vn 0.3093 0.5624 0.7668
vn 0.3338 0.5558 0.7614
vn 0.3059 0.5168 0.7996
vn 0.3020 0.4919 0.8166
vn 0.3529 0.5337 0.7685
vn 0.3400 0.5257 0.7798
vn 0.3457 0.5248 0.7778
vn 0.3434 0.5122 0.7873
vn 0.3485 0.4845 0.8024
vn 0.2918 0.5068 0.8112
vn 0.3484 0.6324 0.6919
vn 0.4494 0.5657 0.6914
vn 0.3039 0.4739 0.8265
vn 0.3197 0.4651 0.8255
vn 0.3391 0.5700 0.7484
vn 0.3227 0.6156 0.7190
vn 0.4131 0.7660 0.4925
vn 0.5299 0.6751 0.5132
vn 0.5555 0.7660 0.3235
vn 0.4304 0.8504 0.3027
vn 0.3655 0.7859 0.4987
vn 0.3900 0.8764 0.2826
vn 0.4080 0.7610 0.5044
vn 0.4411 0.8583 0.2620
vn -0.2396 -0.4702 0.8494
vn -0.2292 -0.4693 0.8528
vn -0.2715 -0.4562 0.8474
vn -0.3271 -0.4389 0.8369
vn -0.5947 0.3421 -0.7275
vn -0.3353 0.4038 -0.8512
vn -0.3000 0.5147 -0.8031
vn -0.5248 0.5341 -0.6629
vn -0.1324 0.5437 -0.8288
vn -0.1221 0.4856 -0.8656
vn -0.2979 0.8120 -0.5020
vn -0.3755 0.8121 -0.4467
vn -0.4165 0.8313 -0.3681
vn 0.1474 0.5336 -0.8328
vn 0.2758 0.5296 -0.8022
vn 0.0295 0.5843 -0.8110
vn 0.0016 0.5318 -0.8468
vn 0.1240 0.7893 -0.6013
vn -0.0882 0.8113 -0.5780
vn -0.1920 0.1342 -0.9722
vn -0.0234 0.2915 -0.9563
vn -0.4259 -0.0555 -0.9031
vn -0.0675 -0.4155 -0.9071
vn 0.0622 -0.2878 -0.9557
vn 0.1712 -0.1638 -0.9715
vn 0.2210 0.0461 -0.9742
vn 0.0601 0.4026 -0.9134
vn 0.2126 0.4901 -0.8454
vn 0.2844 0.2251 -0.9319
vn 0.3940 0.2375 -0.8879
vn 0.3876 0.4570 -0.8006
vn 0.2535 0.6598 -0.7074
vn 0.3311 0.3395 -0.8804
vn -0.3285 0.9365 0.1229
vn -0.3380 0.9323 0.1289
vn -0.4310 0.8704 -0.2381
vn -0.3429 0.9254 0.1613
vn -0.2865 0.9516 0.1110
vn -0.3356 0.9367 0.0994
vn -0.2737 0.9616 -0.0186
vn -0.3072 0.9317 -0.1938
vn -0.3452 0.9379 -0.0354
vn -0.3751 0.9253 0.0552
vn -0.2803 0.9597 0.0193
vn -0.1970 0.9724 -0.1248
vn -0.2437 0.9592 -0.1435
vn -0.1430 0.9616 -0.2341
vn -0.1175 0.9715 -0.2057
vn -0.1287 0.9702 -0.2054
vn -0.0701 0.9166 -0.3935
vn -0.1606 0.9644 -0.2099
vn 0.1738 0.7174 -0.6746
vn -0.0580 0.9578 -0.2816
vn 0.2999 -0.4808 -0.8239
vn 0.2923 -0.5453 -0.7856
vn 0.3021 -0.5447 -0.7823
vn 0.3194 -0.5272 -0.7874
vn 0.2625 -0.3760 -0.8887
vn 0.3577 -0.3658 -0.8592
vn 0.3190 -0.2257 -0.9205
vn 0.4704 -0.0770 -0.8791
vn 0.5729 0.1431 -0.8070
vn 0.3908 -0.0377 -0.9197
vn 0.5331 0.2775 -0.7992
vn 0.4114 0.1745 -0.8946
vn 0.4803 0.3997 -0.7807
vn 0.2564 0.5990 -0.7586
vn 0.4858 0.4798 -0.7306
vn 0.3084 0.7371 -0.6013
vn 0.5765 0.5446 -0.6092
vn 0.3097 0.8289 -0.4658
vn -0.0387 0.9800 -0.1950
vn -0.0660 0.9917 -0.1101
vn 0.7174 0.5477 -0.4306
vn 0.4125 0.8815 -0.2299
vn 0.7701 0.5186 -0.3715
vn 0.3975 0.9014 -0.1717
vn -0.1314 0.9890 0.0684
vn -0.0503 0.9986 0.0177
vn 0.6606 0.2085 -0.7212
vn 0.2070 0.7314 -0.6497
vn 0.3297 0.8691 -0.3688
vn 0.7471 0.4077 -0.5250
vn -0.2752 0.9592 -0.0643
vn -0.4152 0.8712 -0.2620
vn -0.4315 0.8882 0.1578
vn -0.3260 0.9290 0.1751
vn -0.3327 0.9322 0.1427
vn -0.4619 0.8869 -0.0014
vn -0.3126 0.9391 0.1427
vn -0.4113 0.8892 -0.2005
vn -0.3404 0.9223 -0.1831
vn -0.4835 0.8411 -0.2424
vn -0.2119 0.9764 -0.0413
vn -0.3016 0.9511 0.0668
vn -0.2840 0.9071 -0.3107
vn -0.1321 0.8869 -0.4426
vn -0.0940 0.9801 -0.1749
vn 0.0249 0.8783 -0.4774
vn 0.0213 0.9604 -0.2779
vn 0.1439 0.8708 -0.4701
vn 0.0342 0.9298 -0.3665
vn 0.0007 0.9169 -0.3992
vn 0.1559 0.8182 -0.5534
vn 0.1771 0.8564 -0.4851
vn -0.0687 0.9213 -0.3827
vn -0.0680 0.9557 -0.2863
vn 0.0759 0.7967 -0.5995
vn 0.1160 0.7745 -0.6218
vn -0.1195 0.9776 -0.1734
vn -0.1068 0.9649 -0.2401
vn 0.0111 0.8257 -0.5640
vn -0.0096 0.8789 -0.4768
vn -0.2066 0.9779 -0.0317
vn -0.1314 0.9886 -0.0732
vn -0.0345 0.9405 -0.3381
vn -0.0825 0.9623 -0.2593
vn -0.3620 0.9257 -0.1096
vn -0.4638 0.8540 -0.2357
vn -0.1304 0.9430 -0.3061
vn -0.1266 0.8960 -0.4256
vn -0.4037 0.5714 -0.7145
vn -0.4637 0.6093 -0.6432
vn -0.3619 0.5276 -0.7685
vn -0.2582 -0.1657 -0.9518
vn -0.2692 -0.1021 -0.9577
vn -0.3053 -0.0501 -0.9509
vn -0.3204 0.4341 -0.8420
vn -0.1769 0.4228 -0.8888
vn -0.2542 -0.1792 -0.9504
vn -0.2940 -0.2186 -0.9304
vn 0.4108 -0.2221 -0.8843
vn 0.0679 0.0299 -0.9972
vn 0.0807 0.4767 -0.8754
vn 0.3070 0.4360 -0.8460
vn 0.3042 -0.3260 -0.8951
vn -0.0311 -0.0993 -0.9946
vn -0.0203 -0.3743 -0.9271
vn -0.2475 -0.2711 -0.9302
vn 0.4232 0.4505 -0.7861
vn 0.4323 0.4668 -0.7715
vn 0.5738 -0.1539 -0.8044
vn 0.5221 -0.2829 -0.8046
vn 0.3012 0.4027 -0.8644
vn 0.3852 0.4162 -0.8237
vn 0.4790 -0.0982 -0.8723
vn 0.5530 -0.0782 -0.8295
vn 0.2429 0.5057 -0.8278
vn 0.2330 0.4262 -0.8741
vn 0.4996 -0.1614 -0.8511
vn 0.4418 -0.1416 -0.8859
vn 0.7209 -0.0908 -0.6871
vn 0.6125 -0.1478 -0.7765
vn 0.3036 0.6084 -0.7332
vn 0.3740 0.6791 -0.6316
vn 0.5811 0.0652 -0.8112
vn 0.6464 0.0114 -0.7629
vn 0.5988 0.3698 -0.7104
vn 0.5230 0.2183 -0.8239
vn 0.6428 0.4446 -0.6238
vn 0.7252 -0.0603 -0.6859
vn 0.4003 -0.5344 -0.7444
vn 0.4385 -0.5239 -0.7302
vn 0.4902 -0.5239 -0.6966
vn 0.4765 -0.4327 -0.7653
vn 0.5150 -0.6029 -0.6093
vn 0.4586 -0.5446 -0.7022
vn 0.7008 -0.0798 -0.7089
vn 0.5917 0.5174 -0.6182
vn 0.4892 0.5572 -0.6710
vn 0.5442 -0.0866 -0.8345
vn 0.4185 -0.5832 -0.6962
vn 0.4917 -0.6599 -0.5681
vn 0.4420 -0.6726 -0.5935
vn 0.4276 -0.5922 -0.6830
vn 0.4491 -0.3598 -0.8179
vn 0.4533 -0.3682 -0.8118
vn 0.4204 -0.3687 -0.8290
vn 0.4472 -0.3675 -0.8154
vn 0.4426 -0.3453 -0.8276
vn 0.5056 -0.3160 -0.8028
vn 0.4495 -0.0770 -0.8899
vn 0.4592 0.5317 -0.7117
vn 0.5804 0.4445 -0.6823
vn 0.5411 -0.0890 -0.8362
vn 0.4810 -0.5541 -0.6794
vn 0.4553 -0.5796 -0.6759
vn 0.4411 -0.3286 -0.8351
vn 0.4520 -0.3194 -0.8329
vn 0.4621 -0.2728 -0.8438
vn 0.4550 -0.2558 -0.8530
vn 0.4222 -0.6415 -0.6405
vn 0.4312 -0.6333 -0.6427
vn 0.7574 -0.1933 -0.6236
vn 0.7845 0.3480 -0.5133
vn 0.7792 -0.3709 -0.5052
vn 0.8538 0.2260 -0.4689
vn 0.8372 -0.0007 -0.5469
vn 0.7703 -0.1870 -0.6096
vn 0.7433 -0.5200 -0.4209
vn 0.7546 -0.5643 -0.3348
vn 0.5435 -0.5347 -0.6471
vn 0.5227 -0.6493 -0.5524
vn 0.6024 -0.6617 -0.4464
vn 0.5483 -0.5481 -0.6317
vn 0.4701 -0.2399 -0.8494
vn 0.4815 -0.3117 -0.8192
vn 0.4709 -0.3026 -0.8287
vn 0.4268 -0.2321 -0.8740
vn 0.5604 -0.5583 -0.6117
vn 0.6412 -0.6737 -0.3674
vn 0.6904 -0.6729 -0.2657
vn 0.6263 -0.5623 -0.5400
vn 0.4246 -0.2481 -0.8707
vn 0.4767 -0.3029 -0.8253
vn 0.5159 -0.3225 -0.7936
vn 0.4797 -0.2611 -0.8377
vn 0.6217 -0.6071 -0.4949
vn 0.6708 -0.7082 -0.2202
vn 0.5499 -0.7904 -0.2699
vn 0.5255 -0.6831 -0.5072
vn 0.5579 -0.6970 -0.4504
vn 0.7219 -0.6027 -0.3400
vn 0.4642 -0.2453 -0.8511
vn 0.5067 -0.3538 -0.7862
vn 0.4383 -0.3865 -0.8115
vn 0.3843 -0.2278 -0.8947
vn 0.4230 -0.2093 -0.8816
vn 0.4474 -0.3905 -0.8046
vn 0.5181 -0.3460 -0.7822
vn 0.4778 -0.2085 -0.8534
vn 0.5305 -0.6673 -0.5228
vn 0.4691 -0.7119 -0.5226
vn 0.6122 -0.5975 -0.5179
vn 0.5780 -0.6335 -0.5144
vn 0.5390 -0.3341 -0.7732
vn 0.5730 -0.3251 -0.7523
vn 0.4993 -0.2325 -0.8346
vn 0.5345 -0.2124 -0.8180
vn 0.5519 -0.1755 -0.8152
vn 0.6036 -0.3371 -0.7225
vn 0.6954 -0.3200 -0.6435
vn 0.6593 -0.1592 -0.7348
vn 0.6967 -0.4975 -0.5168
vn 0.6386 -0.5531 -0.5351
vn 0.4337 -0.5550 -0.7098
vn -0.0055 -0.5578 -0.8300
vn 0.5144 -0.5862 -0.6259
vn 0.5614 -0.6991 -0.4429
vn 0.4803 -0.7401 -0.4708
vn 0.1126 -0.8051 -0.5824
vn 0.4561 -0.6819 -0.5718
vn 0.4968 -0.5875 -0.6388
vn 0.4125 -0.7528 -0.5129
vn 0.4353 -0.7742 -0.4595
vn 0.5574 -0.4515 -0.6967
vn 0.5390 -0.4174 -0.7316
vn 0.5240 -0.6491 -0.5515
vn 0.4874 -0.6907 -0.5342
vn 0.5197 -0.4767 -0.7089
vn 0.5554 -0.5390 -0.6333
vn 0.5414 -0.6800 -0.4945
vn 0.5211 -0.6662 -0.5335
vn 0.5252 -0.5447 -0.6538
vn 0.5015 -0.6162 -0.6072
vn 0.5589 -0.4368 -0.7049
vn 0.4416 0.0343 -0.8966
vn 0.4366 -0.1040 -0.8936
vn 0.4524 -0.1780 -0.8739
vn 0.2609 0.0254 -0.9650
vn 0.3236 0.0309 -0.9457
vn 0.4594 -0.2823 -0.8421
vn 0.4064 -0.2848 -0.8682
vn 0.5681 -0.2405 -0.7871
vn 0.4446 0.0218 -0.8955
vn 0.2735 -0.0030 -0.9619
vn 0.4577 -0.2327 -0.8581
vn 0.4705 -0.2466 -0.8472
vn 0.3844 -0.0213 -0.9229
vn 0.4806 -0.0156 -0.8768
vn 0.5098 -0.2304 -0.8289
vn 0.3916 -0.2069 -0.8966
vn 0.2333 0.0269 -0.9720
vn 0.1828 0.0427 -0.9822
vn 0.3713 -0.2143 -0.9034
vn 0.4888 -0.2239 -0.8432
vn 0.3923 0.0401 -0.9190
vn 0.4281 0.0628 -0.9016
vn 0.4867 -0.1855 -0.8537
vn 0.3695 -0.1323 -0.9198
vn 0.2836 0.1229 -0.9510
vn 0.3089 0.1601 -0.9375
vn 0.4091 -0.0925 -0.9078
vn 0.4107 -0.1110 -0.9050
vn 0.2737 0.1819 -0.9445
vn 0.3715 0.2387 -0.8972
vn 0.4749 -0.0832 -0.8761
vn 0.4643 0.0064 -0.8856
vn 0.3263 0.2818 -0.9023
vn 0.3051 0.3373 -0.8906
vn 0.4357 0.1034 -0.8941
vn 0.5295 0.1264 -0.8389
vn 0.3510 0.3449 -0.8705
vn -0.0315 0.7682 -0.6395
vn -0.0501 0.7672 -0.6395
vn 0.2548 0.3777 -0.8902
vn 0.2956 0.3594 -0.8851
vn 0.0450 0.4002 -0.9153
vn -0.2318 0.7600 -0.6072
vn 0.4077 -0.0126 -0.9130
vn 0.4814 -0.0397 -0.8756
vn -0.2859 0.7548 -0.5904
vn 0.0489 0.4116 -0.9100
vn 0.1396 0.4127 -0.9001
vn -0.2448 0.7504 -0.6140
vn -0.3428 0.6968 -0.6300
vn -0.0142 0.3765 -0.9263
vn 0.2023 0.3427 -0.9174
vn -0.1001 0.7118 -0.6952
vn 0.1131 0.6980 -0.7071
vn 0.3738 0.3105 -0.8740
vn 0.0809 0.3592 -0.9298
vn -0.0855 0.7095 -0.6995
vn -0.2856 0.7056 -0.6485
vn -0.0555 0.3900 -0.9191
vn 0.1882 0.4009 -0.8966
vn -0.0886 0.7540 -0.6508
vn -0.0393 0.7797 -0.6249
vn 0.2563 0.4069 -0.8768
vn 0.1180 0.4631 -0.8784
vn -0.1579 0.7885 -0.5944
vn -0.2268 0.7825 -0.5799
vn 0.0875 0.5005 -0.8613
vn 0.0816 0.5347 -0.8411
vn -0.1944 0.7923 -0.5783
vn -0.2326 0.7649 -0.6006
vn 0.1224 0.5557 -0.8223
vn 0.1064 0.5389 -0.8356
vn -0.2003 0.7466 -0.6344
vn -0.5536 0.8129 0.1809
vn -0.4368 0.8637 0.2516
vn -0.3830 0.9043 -0.1885
vn -0.5701 0.7909 -0.2223
vn -0.3264 0.9304 -0.1667
vn -0.4311 0.8540 0.2915
vn -0.1522 0.7372 -0.6583
vn -0.4225 0.6296 -0.6520
vn -0.4609 0.8234 0.3309
vn -0.3450 0.9282 -0.1392
vn -0.4670 0.8794 -0.0929
vn -0.5429 0.7708 0.3332
vn -0.5802 0.7478 0.3227
vn -0.5226 0.8485 -0.0836
vn -0.4944 0.8614 -0.1164
vn -0.5707 0.7642 0.3004
vn -0.5653 0.7679 0.3012
vn -0.5319 0.8357 -0.1367
vn -0.4176 0.8898 -0.1841
vn -0.5024 0.8065 0.3118
vn -0.4576 0.8360 0.3027
vn -0.2644 0.9407 -0.2125
vn -0.3142 0.9310 -0.1855
vn -0.5021 0.8156 0.2878
vn -0.5339 0.7938 0.2913
vn -0.4477 0.8817 -0.1486
vn -0.3545 0.9219 -0.1564
vn -0.4977 0.8164 0.2929
vn -0.5806 0.7680 0.2705
vn -0.3793 0.9126 -0.1528
vn -0.4794 0.8643 -0.1519
vn -0.6556 0.7056 0.2689
vn -0.6893 0.6618 0.2947
vn -0.5239 0.8359 -0.1639
vn -0.5115 0.8400 -0.1809
vn -0.7112 0.6332 0.3055
vn -0.7565 0.6064 0.2451
vn -0.5535 0.8001 -0.2312
vn -0.5359 0.7952 -0.2836
vn -0.7734 0.6142 0.1570
vn 0.1807 0.8002 -0.5718
vn -0.2481 0.9644 -0.0915
vn -0.3462 0.9372 -0.0422
vn 0.0397 0.8387 -0.5432
vn -0.2074 0.9561 -0.2073
vn 0.3006 0.6608 -0.6877
vn -0.6178 0.6184 -0.4857
vn -0.6181 0.3675 -0.6949
vn -0.3690 0.8336 -0.4111
vn -0.1390 0.5300 -0.8365
vn -0.4399 -0.1516 -0.8852
vn 0.0346 -0.1662 -0.9855
vn 0.2177 -0.5710 -0.7916
vn -0.0256 -0.5414 -0.8404
vn 0.5540 -0.3972 -0.7317
vn 0.4557 -0.5581 -0.6935
vn 0.4595 0.0551 -0.8865
vn 0.6027 -0.2997 -0.7396
vn 0.5675 -0.4490 -0.6902
vn 0.5061 -0.5198 -0.6882
vn 0.0950 0.7615 -0.6412
vn -0.1630 0.9486 -0.2714
vn 0.3214 0.4045 -0.8562
vn 0.5920 0.0878 -0.8011
vn -0.3740 0.9241 0.0789
vn -0.5038 0.8604 0.0772
vn -0.5222 0.8524 -0.0269
vn -0.4045 0.9078 -0.1105
vn -0.6240 0.7814 0.0068
vn -0.6136 0.7878 0.0542
vn -0.5339 0.7705 -0.3482
vn -0.4533 0.8179 -0.3545
vn -0.3697 0.8530 -0.3683
vn -0.6690 0.7425 0.0339
vn -0.6641 0.7475 0.0139
vn -0.7165 0.6976 -0.0006
vn -0.7378 0.6750 0.0043
vn -0.6246 0.6886 -0.3685
vn -0.5744 0.7382 -0.3538
vn -0.8242 0.5660 -0.0204
vn -0.7934 0.6075 -0.0388
vn -0.8417 0.5299 -0.1039
vn -0.8768 0.4801 -0.0280
vn -0.7189 0.5363 -0.4422
vn -0.6876 0.6074 -0.3979
vn -0.8304 0.5545 -0.0542
vn -0.7852 0.5944 -0.1735
vn -0.6663 0.7117 -0.2226
vn -0.7354 0.6698 -0.1032
vn -0.5766 0.6964 -0.4273
vn -0.6725 0.5794 -0.4605
vn -0.6979 0.7150 0.0410
vn -0.8698 0.4511 0.1999
vn -0.9210 0.3892 0.0191
vn -0.7692 0.6354 -0.0683
vn -0.9694 -0.1429 0.1995
vn -0.9192 -0.0803 0.3856
vn -0.9982 -0.0360 -0.0475
vn -0.8443 0.5224 -0.1195
vn -0.8143 0.2319 -0.5321
vn -0.5835 0.6840 -0.4377
vn -0.7087 0.6570 -0.2570
vn -0.9483 0.1705 -0.2677
vn -0.4777 0.8724 -0.1040
vn -0.3002 0.8341 -0.4628
vn -0.3469 0.9200 -0.1825
vn -0.4855 0.8736 0.0345
vn -0.0011 0.7781 -0.6282
vn -0.1300 0.6690 -0.7318
vn -0.5039 0.8424 -0.1911
vn -0.5246 0.8486 -0.0685
vn -0.5005 0.8643 -0.0505
vn -0.4981 0.8346 -0.2351
vn -0.1194 -0.5040 -0.8554
vn -0.1449 -0.4877 -0.8609
vn -0.1720 -0.5110 -0.8422
vn -0.1706 -0.4529 -0.8751
vn -0.1419 -0.5184 -0.8433
vn -0.1651 -0.5637 -0.8093
vn -0.2785 -0.4768 -0.8337
vn -0.3696 -0.4252 -0.8262
vn -0.2240 -0.4057 -0.8861
vn -0.2387 -0.5384 -0.8082
vn -0.2308 -0.6853 -0.6908
vn -0.3546 -0.4341 -0.8281
vn -0.2883 -0.1549 -0.9449
vn -0.4844 0.5660 -0.6670
vn -0.1543 -0.3285 -0.9318
vn -0.5254 0.4486 -0.7230
vn -0.3444 0.6421 -0.6849
vn -0.4751 0.6716 -0.5686
vn -0.1871 0.3387 -0.9221
vn -0.2326 0.5841 -0.7777
vn -0.2095 0.5116 -0.8333
vn -0.1882 0.5359 -0.8230
vn -0.2671 0.0134 -0.9636
vn -0.5493 0.5862 -0.5954
vn -0.0852 -0.5565 -0.8265
vn -0.2189 -0.4907 -0.8434
vn -0.1520 -0.1630 -0.9749
vn -0.1513 -0.2355 -0.9600
vn -0.1123 -0.0475 -0.9925
vn 0.0704 0.6053 -0.7929
vn -0.0318 0.5745 -0.8179
vn -0.0930 0.5635 -0.8209
vn -0.0327 -0.2852 -0.9579
vn 0.0214 -0.2626 -0.9647
vn -0.0649 0.5419 -0.8379
vn -0.0186 0.5772 -0.8164
vn -0.0412 0.0001 -0.9991
vn -0.0579 0.7417 -0.6683
vn -0.1106 0.9173 -0.3826
vn -0.0639 0.4045 -0.9123
vn -0.0452 0.6981 -0.7146
vn -0.0477 0.7271 -0.6849
vn -0.0651 0.9778 -0.1991
vn -0.1866 0.9480 -0.2578
vn -0.0350 0.6894 -0.7235
vn -0.1859 0.8956 -0.4040
vn -0.1612 0.8122 -0.5607
vn -0.0851 0.5969 -0.7978
vn -0.0977 0.8613 -0.4985
vn -0.2433 0.7775 -0.5799
vn -0.1600 0.9728 -0.1677
vn -0.0891 0.9931 -0.0764
vn -0.3672 0.6031 -0.7081
vn -0.2864 0.8522 -0.4379
vn 0.1036 0.8768 -0.4696
vn 0.0289 0.8844 -0.4659
vn -0.0331 0.9908 -0.1313
vn 0.0006 0.9739 -0.2269
vn 0.0624 0.8455 -0.5303
vn 0.1101 0.8589 -0.5003
vn -0.0061 0.9501 -0.3118
vn 0.0274 0.9265 -0.3753
vn 0.0653 0.8607 -0.5050
vn 0.1339 0.8970 -0.4212
vn 0.2061 0.8906 -0.4055
vn 0.1191 0.8847 -0.4507
vn -0.2892 0.7571 -0.5859
vn -0.2778 0.7096 -0.6475
vn -0.2152 0.6561 -0.7233
vn -0.2066 0.7599 -0.6163
vn -0.2599 0.6437 -0.7198
vn -0.3033 0.6918 -0.6553
vn -0.3429 0.7646 -0.5458
vn -0.2947 0.8133 -0.5018
vn -0.3907 0.7053 -0.5915
vn -0.3327 0.6868 -0.6463
vn -0.2704 0.7353 -0.6215
vn -0.2285 0.7401 -0.6325
vn -0.1694 0.5626 -0.8092
vn -0.1849 0.6185 -0.7637
vn -0.2441 0.6722 -0.6990
vn -0.2694 0.6840 -0.6779
vn -0.2435 0.6304 -0.7371
vn -0.2024 0.5870 -0.7839
vn -0.2012 0.6599 -0.7239
vn -0.1454 0.5773 -0.8035
vn -0.2635 0.6393 -0.7224
vn -0.2638 0.6185 -0.7402
vn -0.3268 0.6477 -0.6883
vn -0.2432 0.5684 -0.7860
vn -0.1589 0.6047 -0.7804
vn -0.4271 0.6533 -0.6252
vn -0.4677 0.6020 -0.6472
vn -0.3612 0.5501 -0.7530
vn -0.3579 0.6237 -0.6949
vn -0.3233 0.6267 -0.7091
vn -0.2546 0.5801 -0.7737
vn -0.3237 0.5556 -0.7658
vn -0.3400 0.5749 -0.7442
vn -0.2676 0.5073 -0.8192
vn -0.2620 0.5789 -0.7721
vn 0.1226 0.5292 -0.8396
vn 0.0060 0.4176 -0.9086
vn 0.3113 0.2158 -0.9255
vn 0.3912 0.3908 -0.8332
vn -0.5164 0.5245 -0.6769
vn -0.5567 0.4550 -0.6951
vn -0.4030 0.3786 -0.8332
vn -0.3883 0.4609 -0.7980
vn -0.2487 0.4767 -0.8431
vn -0.3490 0.4939 -0.7964
vn -0.2525 0.4226 -0.8704
vn -0.0499 0.3650 -0.9297
vn -0.2330 0.3224 -0.9175
vn -0.2905 0.4200 -0.8598
vn -0.5370 0.4721 -0.6991
vn -0.3311 0.3573 -0.8733
vn -0.4753 0.5956 -0.6476
vn -0.2218 0.4306 -0.8749
vn 0.5657 0.2403 -0.7888
vn 0.4900 0.0493 -0.8703
vn 0.5983 0.0544 -0.7994
vn 0.6493 0.1048 -0.7533
vn 0.1293 0.2852 -0.9497
vn -0.1012 0.3725 -0.9225
vn 0.0878 0.4122 -0.9069
vn 0.2700 0.3705 -0.8887
vn 0.0814 0.2758 -0.9578
vn -0.0919 0.2589 -0.9615
vn -0.5091 0.3417 -0.7900
vn -0.4338 0.6603 -0.6130
vn -0.0552 0.5041 -0.8619
vn 0.0118 0.3067 -0.9517
vn 0.6361 -0.1139 -0.7632
vn 0.5700 0.1014 -0.8154
vn 0.4238 0.0481 -0.9045
vn 0.5295 -0.3025 -0.7926
vn 0.4081 0.0438 -0.9119
vn 0.3383 0.2917 -0.8947
vn 0.3209 0.4330 -0.8423
vn 0.3126 0.1926 -0.9302
vn 0.1924 0.3176 -0.9285
vn 0.3014 0.4687 -0.8303
vn 0.4615 -0.0527 -0.8856
vn 0.2006 0.3576 -0.9121
vn -0.0958 0.3195 -0.9427
vn 0.2630 -0.0367 -0.9641
vn 0.4493 -0.0194 -0.8932
vn 0.3549 -0.2775 -0.8928
vn 0.5244 -0.3622 -0.7706
vn 0.5437 -0.0277 -0.8388
vn 0.5407 -0.3147 -0.7801
vn 0.5554 -0.3649 -0.7473
vn 0.5044 -0.4579 -0.7320
vn 0.5634 -0.5265 -0.6367
vn 0.4864 -0.3266 -0.8104
vn 0.5732 -0.5074 -0.6434
vn 0.4428 -0.3783 -0.8129
vn 0.4779 -0.3683 -0.7975
vn 0.4346 -0.4664 -0.7704
vn 0.4996 -0.4082 -0.7640
vn 0.5349 -0.4831 -0.6932
vn 0.5792 -0.5614 -0.5911
vn 0.5795 -0.5951 -0.5568
vn 0.4775 -0.2956 -0.8274
vn 0.0613 -0.0931 -0.9938
vn 0.1980 -0.4156 -0.8877
vn 0.8133 -0.1061 -0.5721
vn 0.4892 0.4645 -0.7382
vn 0.9731 0.1444 -0.1794
vn 0.5961 0.7269 -0.3410
vn 0.9258 -0.0549 -0.3741
vn 0.6097 0.6211 -0.4924
vn 0.6025 -0.5381 -0.5894
vn 0.4864 0.1373 -0.8629
vn 0.2237 -0.6158 -0.7555
vn -0.0390 0.2932 -0.9552
vn -0.0085 0.3271 -0.9449
vn 0.0612 0.3952 -0.9166
vn 0.2160 -0.4546 -0.8641
vn 0.1917 -0.3463 -0.9183
vn 0.1223 0.4390 -0.8901
vn 0.1256 0.4523 -0.8830
vn 0.1675 -0.2877 -0.9430
vn 0.1434 -0.2619 -0.9544
vn 0.1151 -0.2385 -0.9643
vn 0.0684 0.4579 -0.8864
vn -0.0447 0.4599 -0.8869
vn 0.0552 -0.1983 -0.9786
vn -0.0559 -0.1721 -0.9835
vn -0.2058 0.4236 -0.8822
vn -0.3447 0.2720 -0.8985
vn -0.1251 -0.3413 -0.9316
vn 0.1455 -0.7035 -0.6956
vn 0.1344 -0.6398 -0.7567
vn 0.1794 -0.7095 -0.6814
vn 0.2558 -0.7594 -0.5983
vn 0.1695 -0.8572 -0.4863
vn 0.2216 -0.8137 -0.5373
vn 0.1558 -0.7497 -0.6431
vn 0.1220 -0.7703 -0.6259
vn 0.2807 -0.8947 -0.3474
vn 0.1874 -0.8825 -0.4314
vn 0.1432 -0.7895 -0.5969
vn 0.1921 -0.8091 -0.5554
vn 0.3857 -0.8326 -0.3975
vn 0.2888 -0.8248 -0.4861
vn 0.3699 -0.8957 -0.2467
vn 0.4155 -0.8884 -0.1951
vn 0.8999 -0.4146 -0.1351
vn 0.6374 -0.7408 -0.2117
vn 0.4905 -0.8519 -0.1835
vn 0.6032 -0.7421 -0.2924
vn 0.7202 -0.4659 -0.5141
vn 0.9493 -0.2460 -0.1958
vn 0.5785 -0.7600 -0.2963
vn 0.6781 -0.6851 -0.2662
vn 0.3241 -0.6908 -0.6463
vn 0.0650 -0.8244 -0.5622
vn 0.4193 -0.8758 -0.2391
vn 0.5187 -0.8054 -0.2867
vn 0.0488 -0.9135 -0.4038
vn 0.2688 -0.9326 -0.2407
vn 0.3240 -0.9373 -0.1282
vn 0.3124 -0.9377 -0.1521
vn 0.4538 -0.8712 -0.1874
vn 0.5106 -0.8164 -0.2698
vn 0.3723 -0.8875 -0.2716
vn 0.3743 -0.9125 -0.1651
vn 0.3874 -0.8039 -0.4513
vn 0.3846 -0.6905 -0.6126
vn 0.0689 -0.5098 -0.8575
vn 0.2013 -0.8375 -0.5080
vn 0.3940 -0.2071 -0.8955
vn 0.4751 -0.6287 -0.6157
vn -0.4852 0.5826 -0.6520
vn -0.2345 0.3497 -0.9070
vn 0.1621 0.4716 -0.8668
vn -0.0780 0.4749 -0.8766
vn -0.0876 0.2816 -0.9555
vn -0.1463 0.5146 -0.8449
vn -0.4910 0.5084 -0.7074
vn 0.2644 0.0303 -0.9639
vn -0.3008 -0.0333 -0.9531
vn 0.4084 0.0093 -0.9128
vn 0.5193 -0.1405 -0.8429
vn 0.3654 0.0324 -0.9303
vn 0.3697 0.0051 -0.9291
vn 0.3722 0.1043 -0.9223
vn 0.3499 -0.1107 -0.9302
vn 0.3961 -0.2610 -0.8803
vn 0.4519 0.2241 -0.8635
vn 0.3849 0.2116 -0.8984
vn 0.4101 0.3664 -0.8352
vn 0.4519 0.4655 -0.7610
vn 0.3365 0.2924 -0.8951
vn 0.3721 0.0940 -0.9234
vn 0.4220 0.6277 -0.6542
vn 0.5047 0.7454 -0.4355
vn 0.4900 0.6571 -0.5728
vn 0.5639 0.6421 -0.5193
vn 0.3210 0.6038 -0.7297
vn 0.4567 0.8267 -0.3287
vn 0.6192 -0.5673 -0.5429
vn 0.6842 -0.5523 -0.4762
vn 0.6622 -0.6187 -0.4228
vn 0.5982 -0.6558 -0.4606
vn 0.6295 -0.2464 -0.7369
vn 0.7117 -0.0464 -0.7010
vn 0.7121 -0.6046 -0.3568
vn 0.7987 0.0159 -0.6015
vn 0.8419 -0.0222 -0.5392
vn 0.7308 -0.6224 -0.2802
vn 0.4130 0.6739 -0.6126
vn 0.4023 0.6064 -0.6859
vn 0.7630 -0.2047 -0.6132
vn 0.7739 -0.0680 -0.6296
vn 0.7381 -0.5291 -0.4188
vn 0.7306 -0.5856 -0.3512
vn 0.7035 -0.6667 -0.2464
vn 0.7459 -0.6082 -0.2717
vn 0.6761 -0.6677 -0.3116
vn 0.7044 -0.6273 -0.3322
vn 0.8281 -0.0074 -0.5605
vn 0.6311 0.5325 -0.5641
vn 0.7360 -0.0318 -0.6762
vn 0.5501 0.4136 -0.7255
vn 0.4690 0.1876 -0.8630
vn 0.5770 0.0068 -0.8167
vn 0.3020 0.6463 -0.7008
vn 0.2094 0.6984 -0.6844
vn -0.1959 0.3368 -0.9210
vn -0.3231 0.4277 -0.8442
vn -0.2166 0.8276 -0.5179
vn -0.0365 0.5825 -0.8120
vn -0.2104 0.8879 -0.4091
vn -0.2214 0.9349 -0.2775
vn -0.2113 0.8808 -0.4236
vn 0.0070 0.6224 -0.7826
vn -0.1452 0.9424 -0.3013
vn -0.0850 0.9481 -0.3065
vn 0.3820 -0.1406 -0.9134
vn 0.2378 -0.0729 -0.9686
vn -0.1724 0.5923 -0.7871
vn 0.0311 0.6178 -0.7857
vn -0.4231 0.8680 -0.2598
vn -0.3571 0.8992 -0.2528
vn -0.3820 0.8729 -0.3035
vn -0.4298 0.8572 -0.2837
vn -0.3394 0.7816 -0.5234
vn -0.3188 0.8065 -0.4979
vn -0.0399 0.5408 -0.8402
vn -0.0562 0.5132 -0.8564
vn 0.2680 0.1365 -0.9537
vn 0.2561 0.2640 -0.9299
vn -0.0799 0.6609 -0.7462
vn -0.0081 0.6523 -0.7579
vn -0.3236 0.9245 -0.2015
vn -0.3687 0.9105 -0.1870
vn -0.4027 0.9040 -0.1437
vn -0.3369 0.9386 -0.0742
vn -0.1248 0.9044 -0.4081
vn -0.2695 0.8470 -0.4581
vn 0.0551 0.5784 -0.8139
vn 0.2000 0.6385 -0.7432
vn 0.1222 0.2282 -0.9659
vn -0.1863 0.0539 -0.9810
vn 0.2809 0.2508 -0.9264
vn 0.4221 0.0232 -0.9063
vn 0.1543 -0.0597 -0.9862
vn -0.1764 -0.1238 -0.9765
vn 0.2475 0.1521 -0.9569
vn 0.2035 0.1375 -0.9694
vn 0.3559 -0.1610 -0.9206
vn 0.4214 -0.0548 -0.9052
vn 0.2884 0.2209 -0.9317
vn 0.3742 0.3501 -0.8587
vn 0.5013 0.0138 -0.8652
vn 0.4094 -0.1309 -0.9029
vn 0.1974 0.6798 -0.7063
vn 0.3596 0.4294 -0.8285
vn 0.3146 0.4727 -0.8231
vn 0.1539 0.6993 -0.6981
vn 0.4880 0.1690 -0.8563
vn 0.5113 0.1197 -0.8510
vn 0.6333 -0.2819 -0.7208
vn 0.5920 -0.3615 -0.7203
vn 0.6326 -0.2181 -0.7431
vn 0.6996 -0.5582 -0.4461
vn 0.6846 -0.5406 -0.4889
vn 0.6645 -0.5319 -0.5249
vn -0.6695 0.6569 -0.3466
vn -0.0897 0.3035 -0.9486
vn -0.0270 0.5507 -0.8343
vn -0.2479 0.7118 -0.6572
vn -0.3238 0.5635 -0.7600
vn -0.5252 0.8433 -0.1138
vn 0.0286 0.1720 -0.9847
vn -0.1059 0.1093 -0.9884
vn -0.0448 0.3520 -0.9349
vn 0.0828 0.4661 -0.8809
vn -0.2343 -0.0518 -0.9708
vn -0.3095 0.0300 -0.9504
vn -0.1310 -0.1935 -0.9723
vn -0.1845 -0.0484 -0.9816
vn -0.1728 0.4610 -0.8704
vn -0.1181 0.4835 -0.8673
vn 0.1474 -0.2716 -0.9510
vn 0.4617 -0.1842 -0.8677
vn 0.4303 0.2345 -0.8717
vn 0.0634 0.3008 -0.9516
vn 0.5383 -0.1973 -0.8193
vn 0.4894 -0.3136 -0.8137
vn 0.6017 -0.0024 -0.7987
vn 0.5564 0.1269 -0.8212
vn 0.6204 -0.4057 -0.6712
vn 0.5078 -0.3862 -0.7700
vn -0.1631 0.8913 -0.4231
vn -0.2705 0.9300 -0.2487
vn -0.0439 0.8285 -0.5583
vn 0.0183 0.7858 -0.6182
vn -0.0383 0.8630 -0.5038
vn -0.1406 0.8458 -0.5146
vn 0.0698 0.7876 -0.6123
vn 0.0150 0.7923 -0.6099
vn -0.0380 0.8970 -0.4404
vn 0.0400 0.7832 -0.6205
vn 0.0230 0.6639 -0.7475
vn -0.0046 0.5831 -0.8124
vn 0.1514 0.4865 -0.8605
vn 0.1047 0.6512 -0.7517
vn -0.1138 0.7837 -0.6107
vn -0.1413 0.6314 -0.7625
vn -0.0863 0.8923 -0.4432
vn -0.1374 0.9425 -0.3046
vn -0.1521 0.9605 -0.2330
vn -0.1582 0.9487 -0.2739
vn -0.1314 0.7751 -0.6180
vn -0.1980 0.8147 -0.5451
vn -0.1729 0.5896 -0.7890
vn -0.0704 0.5158 -0.8538
vn -0.0264 0.9232 -0.3834
vn 0.2574 0.8495 -0.4605
vn 0.2186 0.9212 -0.3218
vn -0.0087 0.9626 -0.2707
vn 0.2450 0.5308 -0.8113
vn 0.0664 0.4717 -0.8792
vn 0.0415 0.7359 -0.6759
vn 0.2649 0.7288 -0.6314
vn 0.4234 0.7230 -0.5460
vn 0.4130 0.6892 -0.5954
vn 0.2678 0.8844 -0.3823
vn 0.3466 0.8918 -0.2910
vn 0.2766 0.8276 -0.4884
vn 0.3636 0.6923 -0.6233
vn 0.3715 0.8178 -0.4395
vn 0.2619 0.8910 -0.3707
vn -0.8167 0.3184 -0.4813
vn -0.6964 0.1718 -0.6968
vn -0.6152 0.1881 -0.7656
vn -0.7065 0.4113 -0.5759
vn -0.5973 0.1799 -0.7816
vn -0.6598 0.1752 -0.7307
vn -0.4896 0.1637 -0.8564
vn -0.7269 0.1703 -0.6653
vn -0.7758 0.2417 -0.5828
vn -0.5651 0.2970 -0.7697
vn -0.7596 0.6125 -0.2186
vn -0.6263 0.7201 -0.2988
vn -0.5941 0.7810 -0.1928
vn -0.7130 0.6911 -0.1184
vn -0.7692 0.4871 -0.4136
vn -0.5999 0.5225 -0.6059
vn -0.7829 0.5877 -0.2042
vn -0.6516 0.7229 -0.2299
vn -0.6055 0.7520 -0.2604
vn -0.4903 0.3935 -0.7776
vn -0.4921 0.4788 -0.7270
vn -0.6184 0.7355 -0.2768
vn -0.4253 0.3502 -0.8346
vn -0.4208 0.1990 -0.8851
vn -0.6313 0.7427 -0.2233
vn -0.5934 0.7857 -0.1746
vn -0.5704 0.4944 -0.6559
vn -0.5560 0.5443 -0.6282
vn -0.5801 0.8099 -0.0874
vn -0.6066 0.7897 -0.0920
vn -0.5520 0.6531 -0.5184
vn -0.6244 0.5715 -0.5325
vn -0.5847 0.7710 -0.2523
vn -0.4684 0.4998 -0.7285
vn -0.4732 0.6061 -0.6393
vn -0.5430 0.8242 -0.1606
vn -0.3939 0.4114 -0.8219
vn -0.3817 0.3489 -0.8559
vn -0.2020 0.7036 -0.6813
vn -0.3984 0.8983 -0.1852
vn -0.4736 0.8558 -0.2081
vn -0.1942 0.5872 -0.7858
vn -0.5670 0.8145 0.1227
vn -0.5331 0.8387 0.1115
vn -0.4987 0.8655 -0.0467
vn -0.4605 0.7457 -0.4815
vn -0.4703 0.8165 -0.3348
vn -0.4822 0.8750 0.0426
vn -0.2980 0.5531 -0.7780
vn -0.3557 0.5109 -0.7826
vn -0.5947 0.7026 -0.3908
vn -0.6212 0.7569 -0.2030
vn -0.5393 0.5845 -0.6062
vn -0.5347 0.5558 -0.6366
vn -0.3623 0.5353 -0.7630
vn -0.4035 0.4979 -0.7677
vn -0.5959 0.7802 -0.1902
vn -0.5050 0.7183 -0.4786
vn -0.2501 0.5374 -0.8054
vn -0.4396 0.6691 -0.5992
vn -0.2704 0.5243 -0.8075
vn -0.0855 0.3343 -0.9386
vn 0.0251 0.2740 -0.9614
vn -0.0471 0.3986 -0.9159
vn -0.2435 0.6090 -0.7549
vn -0.4804 0.8570 -0.1863
vn -0.5303 0.8422 0.0968
vn -0.5201 0.2463 -0.8178
vn -0.3472 0.3334 -0.8765
vn -0.2347 0.2925 -0.9270
vn -0.5096 0.2148 -0.8332
vn -0.1114 0.3264 -0.9386
vn 0.0966 0.2331 -0.9676
vn 0.3756 -0.0233 -0.9265
vn 0.2193 0.1334 -0.9665
vn 0.3997 -0.1030 -0.9108
vn 0.5079 0.0452 -0.8602
vn 0.4048 0.1694 -0.8986
vn 0.1559 0.0618 -0.9858
vn 0.4614 0.3142 -0.8297
vn 0.1972 0.3091 -0.9304
vn 0.0782 0.0953 -0.9924
vn 0.1261 0.0948 -0.9875
vn 0.0403 0.1862 -0.9817
vn 0.0426 0.1787 -0.9830
vn 0.2140 0.1448 -0.9660
vn 0.2843 -0.0181 -0.9586
vn 0.0668 0.6755 -0.7343
vn -0.0515 0.5805 -0.8127
vn 0.1543 0.4485 -0.8803
vn -0.0583 0.3879 -0.9198
vn -0.1526 0.2194 -0.9636
vn -0.0418 0.1757 -0.9836
vn 0.1422 0.0419 -0.9890
vn -0.0265 0.1528 -0.9879
vn -0.0896 0.2456 -0.9652
vn -0.0705 0.3686 -0.9269
vn -0.1733 0.2606 -0.9498
vn -0.1180 0.2027 -0.9721
vn -0.2639 0.5846 0.7672
vn -0.2727 0.5106 0.8154
vn -0.3853 0.7043 0.5962
vn -0.4176 0.7316 0.5388
vn -0.4064 0.6617 0.6301
vn -0.3283 0.4445 0.8334
vn -0.4198 0.3933 0.8179
vn -0.4722 0.6170 0.6295
vn -0.5346 0.5952 0.5999
vn -0.4552 0.3841 0.8033
vn -0.4303 0.4064 0.8060
vn -0.5263 0.5984 0.6041
vn -0.5389 0.5929 0.5984
vn -0.4378 0.3999 0.8052
vn -0.4299 0.4156 0.8016
vn -0.5129 0.5976 0.6163
vn -0.4854 0.6072 0.6291
vn -0.4388 0.4166 0.7961
vn -0.4418 0.4197 0.7929
vn -0.4827 0.6139 0.6247
vn -0.5142 0.5920 0.6206
vn -0.4525 0.4058 0.7941
vn -0.4604 0.3797 0.8024
vn -0.5227 0.5777 0.6269
vn -0.5462 0.5602 0.6228
vn -0.5098 0.3290 0.7949
vn -0.5634 0.2639 0.7829
vn -0.6228 0.4993 0.6024
vn -0.6573 0.4308 0.6184
vn -0.5833 0.1996 0.7873
vn -0.6312 0.1607 0.7588
vn -0.6712 0.3592 0.6484
vn -0.6974 0.3185 0.6420
vn -0.7101 0.2090 0.6724
vn -0.7618 0.2073 0.6137
vn -0.7812 0.2851 0.5555
vn -0.7386 0.2957 0.6059
vn -0.7296 0.2351 0.6422
vn -0.6093 0.1029 0.7862
vn -0.7567 0.2696 0.5956
vn -0.7712 0.1868 0.6086
vn -0.6675 -0.0053 0.7446
vn -0.5967 0.0703 0.7994
vn -0.7723 0.2333 0.5908
vn -0.4583 0.6336 0.6233
vn -0.3575 0.5094 0.7827
vn -0.2426 0.4865 0.8394
vn -0.3430 0.5783 0.7402
vn -0.1883 0.4953 0.8480
vn -0.2596 0.5843 0.7689
vn -0.5745 0.6437 0.5056
vn -0.4923 0.4441 0.7486
vn -0.4577 0.4690 0.7553
vn -0.5435 0.6468 0.5351
vn -0.5572 0.6647 0.4977
vn -0.4870 0.4871 0.7250
vn -0.4839 0.4618 0.7433
vn -0.5789 0.6420 0.5027
vn -0.4753 0.6794 0.5590
vn -0.4776 0.5182 0.7095
vn -0.4927 0.5049 0.7088
vn -0.5263 0.6740 0.5184
vn -0.4444 0.6450 0.6217
vn -0.4513 0.4913 0.7450
vn -0.4593 0.5087 0.7282
vn -0.4452 0.6677 0.5966
vn -0.5255 0.6255 0.5767
vn -0.4979 0.4427 0.7457
vn -0.4539 0.4717 0.7560
vn -0.4767 0.6256 0.6176
vn -0.5634 0.6402 0.5222
vn -0.5402 0.4185 0.7301
vn -0.5633 0.4302 0.7055
vn -0.5371 0.6705 0.5119
vn -0.4730 0.6509 0.5938
vn -0.4366 0.5352 0.7231
vn -0.6676 0.3405 0.6621
vn -0.6254 0.3997 0.6702
vn -0.3906 0.4050 0.8267
vn -0.6731 0.1988 0.7123
vn -0.5727 0.0205 0.8195
vn -0.2799 0.3355 0.8995
vn -0.3492 0.7683 0.5364
vn -0.4415 0.7114 0.5468
vn -0.4565 0.8106 0.3668
vn -0.3642 0.8505 0.3795
vn -0.5443 0.7693 0.3344
vn -0.5287 0.6853 0.5008
vn -0.5840 0.6836 0.4378
vn -0.6037 0.7529 0.2621
vn -0.6055 0.7701 0.2009
vn -0.5968 0.7040 0.3850
vn -0.5851 0.7177 0.3777
vn -0.5683 0.7986 0.1984
vn -0.5393 0.8126 0.2208
vn -0.5516 0.7339 0.3963
vn -0.4944 0.7590 0.4237
vn -0.4997 0.8329 0.2379
vn -0.4168 0.8641 0.2822
vn -0.4319 0.7760 0.4597
vn -0.2157 0.8980 -0.3835
vn -0.4727 0.8803 0.0391
vn -0.3562 0.9326 0.0578
vn -0.1604 0.9339 -0.3196
vn -0.3053 0.9441 0.1240
vn -0.1947 0.9596 -0.2031
vn -0.5496 0.8350 -0.0277
vn -0.2845 0.8388 -0.4641
vn -0.2896 0.8286 -0.4791
vn -0.5478 0.8333 -0.0749
vn -0.4399 0.8978 0.0190
vn -0.4884 0.8707 -0.0580
vn -0.2486 0.8854 -0.3928
vn -0.1897 0.9386 -0.2881
vn -0.4662 0.8839 0.0358
vn -0.4780 0.8761 -0.0626
vn -0.5572 0.8230 0.1108
vn -0.3915 0.9044 -0.1695
vn -0.4707 0.8727 -0.1298
vn -0.3453 0.9025 -0.2576
vn -0.6319 0.7717 0.0727
vn -0.6762 0.7356 -0.0413
vn -0.4665 0.8087 -0.3583
vn -0.4736 0.8562 -0.2066
vn -0.6756 0.7298 -0.1052
vn -0.5469 0.8075 -0.2211
vn -0.3246 0.8239 -0.4646
vn -0.4367 0.7971 -0.4170
vn -0.3285 0.9197 -0.2151
vn -0.1310 0.9802 -0.1483
vn 0.0085 0.9227 -0.3854
vn -0.1481 0.8886 -0.4340
vn -0.0079 0.9984 -0.0551
vn 0.0595 0.9979 0.0271
vn 0.1054 0.9626 -0.2495
vn 0.0813 0.9400 -0.3313
vn 0.0593 0.9930 0.1023
vn 0.0061 0.9913 0.1318
vn 0.0758 0.9884 -0.1315
vn 0.0986 0.9829 -0.1553
vn -0.0390 0.9932 0.1094
vn -0.0657 0.9961 0.0585
vn 0.0366 0.9818 -0.1862
vn 0.0629 0.9850 -0.1606
vn -0.1034 0.9944 0.0201
vn -0.0882 0.9954 0.0383
vn -0.0261 0.9857 -0.1663
vn -0.0166 0.9822 -0.1872
vn 0.1384 0.9852 0.1008
vn 0.0042 0.9975 0.0705
vn 0.2053 0.9718 -0.1163
vn 0.0647 0.9900 -0.1250
vn 0.2347 0.9620 0.1396
vn 0.2319 0.9583 0.1671
vn 0.3361 0.9155 -0.2211
vn 0.3102 0.9368 -0.1617
vn -0.2530 0.8918 -0.3750
vn -0.3372 0.8808 -0.3323
vn -0.2840 0.8582 -0.4277
vn -0.1942 0.8606 -0.4708
vn -0.2469 0.7969 -0.5513
vn -0.1390 0.8009 -0.5825
vn -0.1323 0.7351 -0.6649
vn -0.0822 0.7298 -0.6787
vn -0.0710 0.8078 -0.5852
vn -0.0598 0.7372 -0.6731
vn -0.0788 0.7449 -0.6625
vn -0.2246 0.7605 -0.6093
vn -0.1736 0.7878 -0.5910
vn 0.0305 0.7767 -0.6292
vn 0.0100 0.7857 -0.6185
vn 0.0394 0.8269 -0.5610
vn 0.0943 0.8284 -0.5522
vn -0.0604 0.8492 -0.5246
vn 0.0561 0.8908 -0.4510
vn 0.0897 0.8891 -0.4488
vn 0.0991 0.8694 -0.4841
vn 0.0938 0.9050 -0.4150
vn 0.0935 0.9219 -0.3759
vn 0.1392 0.9364 -0.3221
vn 0.1070 0.9369 -0.3328
vn 0.1643 0.8954 -0.4139
vn 0.1253 0.8938 -0.4306
vn 0.1806 0.8881 -0.4228
vn 0.1924 0.8957 -0.4008
vn 0.1489 0.9240 -0.3523
vn 0.1152 0.9126 -0.3923
vn 0.1247 0.8397 -0.5285
vn 0.1489 0.8660 -0.4773
vn 0.0682 0.9101 -0.4087
vn 0.0506 0.9115 -0.4081
vn 0.2568 0.8463 -0.4667
vn 0.1418 0.8286 -0.5416
vn 0.1216 0.9206 -0.3712
vn 0.2804 0.9096 -0.3065
vn -0.2730 0.9398 -0.2054
vn -0.2478 0.9682 0.0347
vn -0.3780 0.7960 0.4728
vn -0.3038 0.8983 -0.3174
vn -0.4077 0.9061 -0.1128
vn -0.3211 0.9026 -0.2866
vn -0.1891 0.9148 -0.3568
vn -0.3376 0.8936 -0.2959
vn -0.3086 0.9015 -0.3034
vn -0.1182 0.8721 -0.4748
vn 0.4038 -0.6714 -0.6214
vn 0.2350 -0.6120 -0.7551
vn 0.1581 -0.6343 -0.7567
vn 0.3259 -0.7496 -0.5761
vn 0.2819 -0.6034 -0.7459
vn 0.2229 -0.5961 -0.7713
vn 0.2135 -0.2179 -0.9523
vn 0.1213 -0.6303 -0.7668
vn 0.3682 -0.5669 -0.7369
vn 0.4047 -0.3783 -0.8325
vn 0.5083 -0.6868 -0.5195
vn 0.5916 -0.6858 -0.4239
vn 0.5217 -0.6346 -0.5702
vn 0.3518 -0.5346 -0.7684
vn 0.3988 -0.8118 -0.4266
vn 0.4569 -0.8128 -0.3614
vn 0.4784 -0.7467 -0.4621
vn 0.2731 -0.8326 -0.4820
vn 0.4902 -0.7276 -0.4799
vn 0.5406 -0.7510 -0.3791
vn 0.1157 -0.1971 -0.9735
vn 0.2390 -0.3510 -0.9054
vn 0.1092 -0.7669 -0.6324
vn 0.1037 -0.7055 -0.7011
vn 0.5112 -0.6046 -0.6108
vn 0.5850 -0.6211 -0.5216
vn 0.5166 -0.4847 -0.7058
vn 0.3631 -0.4803 -0.7984
vn 0.0586 -0.6556 -0.7528
vn 0.2119 -0.7612 -0.6130
vn 0.1063 -0.8506 -0.5150
vn 0.0248 -0.8067 -0.5904
vn 0.3490 -0.6352 -0.6890
vn 0.2008 -0.5157 -0.8329
vn 0.3498 -0.2575 -0.9007
vn 0.1386 -0.2728 -0.9520
vn 0.0422 0.0501 -0.9979
vn -0.1239 0.0079 -0.9923
vn -0.2025 -0.5056 -0.8386
vn 0.0377 -0.7123 -0.7009
vn 0.2793 -0.4436 -0.8516
vn -0.1029 -0.2959 -0.9497
vn -0.1061 -0.6646 -0.7396
vn -0.2896 -0.4083 -0.8657
vn -0.2791 -0.2174 -0.9353
vn -0.0934 -0.4765 -0.8742
vn 0.0071 -0.3267 -0.9451
vn -0.2068 -0.0728 -0.9757
vn -0.8526 -0.1711 -0.4938
vn -0.5799 -0.2502 -0.7753
vn -0.6275 -0.1875 -0.7557
vn -0.9211 0.0432 -0.3868
vn -0.9392 -0.2172 -0.2659
vn -0.9773 -0.1870 -0.0998
vn -0.3524 0.2828 -0.8921
vn -0.2910 0.3256 -0.8996
vn -0.5170 0.5774 -0.6319
vn -0.6217 0.5075 -0.5966
vn -0.7870 0.4431 -0.4292
vn -0.5686 0.1598 -0.8069
vn -0.5991 0.0356 -0.7998
vn -0.7782 0.4099 -0.4758
vn -0.4783 0.2061 -0.8537
vn -0.8099 0.3573 -0.4652
vn -0.9616 -0.2132 0.1730
vn -0.8929 -0.2143 0.3959
vn -0.9394 0.1566 0.3048
vn -0.9877 0.1565 -0.0066
vn -0.7575 0.6402 0.1280
vn -0.6255 0.7728 0.1071
vn -0.6263 0.7348 -0.2606
vn -0.7650 0.6043 -0.2226
vn -0.7901 0.5956 0.1449
vn -0.7871 0.5942 -0.1654
vn -0.8179 0.5580 -0.1400
vn -0.7909 0.6076 0.0731
vn -0.9252 0.3634 -0.1094
vn -0.8837 0.4472 0.1382
vn -0.8248 0.3325 0.4574
vn -0.9004 0.2871 0.3269
vn -0.7705 0.6251 0.1249
vn -0.6792 0.7293 0.0819
vn -0.8062 0.0446 0.5899
vn -0.8840 -0.0710 0.4621
vn -0.4172 0.5782 0.7012
vn -0.3060 0.6069 0.7335
vn -0.4982 0.7308 0.4665
vn -0.6229 0.6448 0.4430
vn -0.8505 -0.1918 0.4898
vn -0.8588 0.0630 0.5084
vn -0.5753 0.3823 0.7231
vn -0.4364 0.4307 0.7899
vn -0.5065 0.7428 0.4378
vn -0.5636 0.4884 0.6662
vn -0.6791 0.3017 0.6692
vn -0.3838 0.9225 -0.0411
vn -0.3669 0.9129 -0.1787
vn -0.2724 0.5024 0.8206
vn -0.1970 0.4829 0.8532
vn -0.2407 0.6813 0.6913
vn -0.3632 0.4678 0.8057
vn -0.5002 0.5543 0.6653
vn -0.2823 0.8959 0.3430
vn -0.7186 0.5578 0.4152
vn -0.7241 0.5768 0.3781
vn -0.7815 0.4417 0.4407
vn -0.4004 0.8753 -0.2712
vn -0.4775 0.8265 -0.2981
vn -0.6222 0.7667 -0.1583
vn -0.5066 0.8152 -0.2806
vn -0.6062 0.7803 -0.1535
vn -0.5281 0.8334 -0.1631
vn -0.3156 0.8411 -0.4392
vn -0.4460 0.8922 -0.0714
vn -0.3611 0.9319 0.0333
vn -0.3030 0.9275 -0.2188
vn -0.5457 0.8269 -0.1358
vn -0.2537 0.8042 -0.5374
vn -0.2269 0.7932 -0.5651
vn -0.6065 0.7764 -0.1714
vn -0.7026 0.6823 -0.2021
vn -0.3257 0.8109 -0.4862
vn -0.7941 0.5787 -0.1856
vn -0.8390 0.5300 -0.1233
vn -0.7017 0.6575 -0.2743
vn -0.6914 0.7193 -0.0678
vn -0.8087 0.5831 -0.0775
vn -0.6852 0.7283 0.0075
vn -0.6785 0.7343 0.0212
vn -0.6123 0.7864 -0.0818
vn -0.4104 0.8107 -0.4175
vn -0.3899 0.7808 -0.4882
vn -0.5450 0.7693 -0.3333
vn -0.3094 0.8749 -0.3725
vn -0.4241 0.8815 -0.2077
vn -0.1315 0.8347 -0.5347
vn -0.4171 0.8585 -0.2985
vn -0.2366 0.8511 -0.4686
vn -0.1951 0.9027 -0.3835
vn -0.1886 0.8374 -0.5131
vn -0.5009 0.7621 -0.4103
vn -0.5453 0.7977 -0.2574
vn -0.3455 0.1534 -0.9258
vn -0.5273 0.0195 -0.8495
vn -0.6532 0.3195 -0.6864
vn -0.5894 0.2749 -0.7596
vn 0.1912 -0.1076 -0.9756
vn -0.1417 0.0260 -0.9896
vn -0.4771 0.2155 -0.8520
vn -0.2095 0.1902 -0.9591
vn 0.2235 0.1709 -0.9596
vn 0.5074 0.1714 -0.8445
vn 0.6647 -0.1943 -0.7214
vn 0.5199 -0.1956 -0.8315
vn 0.3238 0.2206 -0.9201
vn -0.0127 0.1825 -0.9831
vn 0.0944 -0.1105 -0.9894
vn 0.4509 -0.1489 -0.8801
vn -0.1788 0.2258 -0.9576
vn -0.2157 0.2780 -0.9361
vn 0.0496 0.0372 -0.9981
vn -0.0237 -0.0244 -0.9994
vn -0.1083 0.2551 -0.9608
vn 0.1209 0.2305 -0.9655
vn 0.3939 -0.0172 -0.9190
vn 0.2338 0.0267 -0.9719
vn 0.2697 0.2412 -0.9322
vn 0.1447 0.3056 -0.9411
vn 0.1979 -0.0353 -0.9796
vn 0.3732 -0.0262 -0.9274
vn -0.0448 0.4109 -0.9106
vn 0.0110 -0.0375 -0.9992
vn -0.1290 0.4663 -0.8752
vn -0.0510 -0.0387 -0.9980
vn -0.0352 0.3863 -0.9217
vn -0.1217 0.4356 -0.8919
vn -0.0515 -0.0593 -0.9969
vn 0.0038 -0.0877 -0.9961
vn 0.0730 0.3723 -0.9252
vn 0.2056 0.4453 -0.8715
vn 0.0706 -0.0763 -0.9946
vn 0.1641 -0.0228 -0.9862
vn 0.2795 0.7390 -0.6130
vn 0.3129 0.6036 -0.7333
vn 0.2915 0.0523 -0.9551
vn 0.3602 0.2098 -0.9090
vn 0.3595 -0.4795 -0.8005
vn 0.3285 -0.5538 -0.7651
vn 0.4659 -0.4048 -0.7868
vn 0.6111 -0.6421 -0.4629
vn 0.5702 -0.7424 -0.3517
vn 0.5195 -0.7847 -0.3381
vn 0.5735 -0.3381 -0.7462
vn 0.5818 -0.2879 -0.7607
vn 0.5955 -0.4201 -0.6848
vn 0.6249 -0.5149 -0.5869
vn 0.4784 -0.2803 -0.8322
vn 0.3072 -0.3470 -0.8861
vn 0.3746 -0.4793 -0.7937
vn 0.5067 -0.4159 -0.7552
vn 0.1451 -0.4434 -0.8845
vn 0.0532 -0.5027 -0.8628
vn 0.2245 -0.5655 -0.7936
vn 0.1143 -0.6397 -0.7601
vn 0.0415 -0.5648 -0.8242
vn 0.0110 -0.5260 -0.8504
vn 0.0838 -0.7131 -0.6960
vn 0.1309 -0.7889 -0.6004
vn 0.1073 -0.7048 -0.7013
vn 0.0702 -0.6213 -0.7804
vn 0.1361 -0.9223 -0.3618
vn 0.1618 -0.8643 -0.4763
vn 0.2341 -0.6864 -0.6885
vn 0.1687 -0.7579 -0.6302
vn 0.0952 -0.9480 -0.3036
vn 0.0720 -0.9385 -0.3378
vn -0.0805 0.9069 -0.4136
vn -0.2865 0.9450 -0.1577
vn -0.2074 0.9450 -0.2529
vn -0.0720 0.8841 -0.4617
vn 0.5334 0.1789 -0.8267
vn 0.6524 -0.1823 -0.7356
vn 0.8090 -0.1466 -0.5692
vn 0.7003 0.2766 -0.6581
vn 0.8035 -0.4686 -0.3671
vn 0.7175 -0.5528 -0.4239
vn 0.2813 0.7887 -0.5466
vn 0.5127 0.6065 -0.6076
vn 0.3393 0.4916 -0.8020
vn 0.1495 0.7219 -0.6757
vn 0.1915 0.6670 -0.7200
vn -0.1727 0.9130 -0.3696
vn 0.1540 0.9828 0.1015
vn -0.1579 0.9783 -0.1342
vn 0.0744 0.9246 0.3737
vn 0.2186 0.9611 -0.1686
vn 0.0243 0.9105 -0.4127
vn -0.1140 0.9934 -0.0137
vn 0.6130 0.2339 0.7547
vn 0.9067 0.4217 -0.0097
vn 0.5658 0.8230 -0.0509
vn 0.3742 0.6731 0.6379
vn 0.9723 -0.2263 0.0583
vn 0.6214 -0.3414 0.7052
vn 0.7801 -0.6180 0.0976
vn 0.5685 -0.6219 0.5386
vn 0.7548 -0.6159 -0.2258
vn 0.8281 -0.3428 -0.4435
vn 0.9531 -0.2757 -0.1250
vn 0.8176 -0.5714 0.0716
vn 0.8689 0.4386 -0.2295
vn 0.7018 0.2501 -0.6670
vn 0.3477 0.8403 -0.4160
vn 0.3652 0.9293 -0.0557
vn 0.0269 0.9927 -0.1179
vn 0.1890 0.9163 -0.3532
vn 0.1460 0.8871 -0.4378
vn 0.1644 0.8036 -0.5720
vn -0.0113 0.9527 -0.3037
vn 0.0705 0.8328 -0.5491
vn 0.1466 0.6650 -0.7323
vn 0.1926 0.7165 -0.6705
vn 0.2483 0.3897 -0.8868
vn 0.2471 0.3112 -0.9177
vn 0.2854 -0.4015 -0.8702
vn 0.2403 -0.4461 -0.8621
vn 0.1547 -0.8305 -0.5352
vn 0.1087 -0.8778 -0.4665
vn 0.4890 0.2227 -0.8434
vn 0.5094 -0.5221 -0.6840
vn 0.9433 0.0736 -0.3236
vn 0.8499 -0.5262 -0.0278
vn 0.6064 -0.7937 0.0481
vn 0.3641 -0.8411 -0.4000
vn 0.4101 0.7448 -0.5263
vn 0.8883 0.4464 0.1079
vn 0.3193 0.9164 -0.2412
vn 0.7066 0.5965 0.3806
vn 0.7125 -0.0443 0.7002
vn 0.8646 -0.2370 0.4431
vn 0.6550 -0.5938 0.4674
vn 0.6052 -0.3773 0.7010
vn 0.1423 0.9881 0.0589
vn 0.0578 0.9585 0.2793
vn 0.2287 0.6041 0.7634
vn 0.4361 0.6270 0.6455
vn 0.3716 -0.9251 0.0783
vn 0.2457 -0.9240 -0.2931
vn 0.1284 -0.9059 -0.4036
vn 0.1933 -0.9811 0.0042
vn 0.3256 0.0869 0.9415
vn 0.4791 0.0109 0.8777
vn 0.4363 -0.4130 0.7994
vn 0.3217 -0.3995 0.8584
vn 0.4334 -0.7351 0.5214
vn 0.2641 -0.7807 0.5664
vn 0.6741 -0.2781 -0.6843
vn 0.4791 -0.3626 -0.7993
vn 0.3081 -0.0326 -0.9508
vn 0.5022 0.0404 -0.8638
vn 0.4548 -0.8289 -0.3258
vn 0.4774 -0.8150 -0.3284
vn 0.4546 -0.7084 -0.5399
vn 0.4416 -0.7196 -0.5359
vn 0.5384 -0.6751 -0.5043
vn 0.5050 -0.6842 -0.5262
vn 0.5331 -0.7815 -0.3241
vn 0.5607 -0.7517 -0.3472
vn 0.0332 0.5277 -0.8488
vn -0.5054 0.7675 -0.3943
vn -0.1325 0.3893 -0.9115
vn -0.5420 0.6885 -0.4819
vn 0.3433 -0.4085 -0.8458
vn 0.3843 -0.4142 -0.8251
vn 0.1562 0.0565 -0.9861
vn 0.1692 -0.0617 -0.9837
vn 0.4375 -0.4046 -0.8030
vn 0.5043 -0.3588 -0.7855
vn 0.3155 0.1706 -0.9335
vn 0.1881 0.1526 -0.9702
vn -0.2515 0.3898 -0.8859
vn -0.4830 0.6935 -0.5346
vn -0.2426 0.5558 -0.7951
vn -0.3439 0.7523 -0.5619
vn -0.3716 0.8084 -0.4565
vn -0.4560 0.8190 -0.3482
vn -0.0777 0.8275 -0.5561
vn 0.0086 0.7768 -0.6296
vn 0.0502 0.7385 -0.6724
vn -0.1566 0.7009 -0.6959
vn -0.2036 0.8365 -0.5087
vn -0.0544 0.9153 -0.3990
vn 0.3690 0.5559 -0.7449
vn 0.6953 -0.1443 -0.7041
vn 0.3443 0.5248 -0.7785
vn 0.5776 -0.0529 -0.8146
vn -0.1299 0.7841 -0.6069
vn -0.2423 0.8086 -0.5361
vn 0.0804 0.7406 -0.6671
vn 0.1261 0.7090 -0.6938
vn 0.0515 0.8974 -0.4382
vn -0.0283 0.8224 -0.5682
vn 0.1911 0.7363 -0.6492
vn 0.2854 0.7963 -0.5333
vn 0.6243 -0.6697 -0.4023
vn 0.5960 -0.6624 -0.4539
vn 0.5553 -0.6269 -0.5465
vn 0.4519 -0.5780 -0.6795
vn 0.2990 0.5630 -0.7705
vn 0.3167 0.5287 -0.7875
vn 0.5075 0.0973 -0.8561
vn 0.5193 0.2397 -0.8203
vn 0.3647 0.6310 -0.6847
vn 0.6157 0.3797 -0.6904
vn 0.4854 0.6823 -0.5467
vn 0.7163 0.4730 -0.5131
vn 0.4973 -0.0613 -0.8654
vn 0.3092 0.2696 -0.9120
vn 0.2196 -0.0495 -0.9743
vn 0.1376 0.1084 -0.9845
vn 0.5695 -0.4971 -0.6546
vn 0.6857 -0.2914 -0.6670
vn 0.5522 -0.2117 -0.8064
vn 0.4175 -0.4150 -0.8084
vn 0.7989 0.2910 -0.5263
vn 0.8015 -0.0133 -0.5979
vn 0.5204 0.4826 -0.7045
vn 0.6614 0.1083 -0.7422
vn 0.2932 0.1862 -0.9377
vn 0.1855 0.0314 -0.9821
vn 0.1555 0.1008 -0.9827
vn 0.2432 0.2147 -0.9459
vn 0.3547 0.3747 -0.8566
vn 0.2939 0.3395 -0.8935
vn 0.2815 0.5503 -0.7861
vn 0.2891 0.4539 -0.8428
vn -0.3383 0.5801 -0.7409
vn 0.0191 0.2403 -0.9705
vn -0.3996 0.3738 -0.8370
vn 0.0601 -0.0486 -0.9970
vn 0.0785 0.4323 -0.8983
vn -0.2294 0.8107 -0.5386
vn 0.1986 0.6390 -0.7432
vn -0.1194 0.9223 -0.3675
vn 0.3298 0.7777 -0.5351
vn -0.0659 0.9116 -0.4057
vn 0.3899 0.2179 -0.8947
vn 0.4046 0.4227 -0.8109
vn 0.1755 0.5076 -0.8435
vn 0.1889 0.3197 -0.9285
vn 0.1697 0.6806 -0.7127
vn 0.4508 0.6218 -0.6404
vn -0.0886 0.8610 -0.5008
vn 0.3594 0.8182 -0.4488
vn 0.2448 0.8453 -0.4748
vn -0.1660 0.8413 -0.5144
vn -0.1068 0.7237 -0.6818
vn -0.2678 0.8067 -0.5269
vn 0.5024 0.7142 -0.4874
vn 0.1954 0.7935 -0.5763
vn 0.1984 0.8613 -0.4677
vn 0.4969 0.7708 -0.3986
vn 0.0940 0.8026 -0.5891
vn -0.1900 0.7006 -0.6878
vn -0.0697 0.5783 -0.8128
vn 0.2690 0.7689 -0.5801
vn 0.4160 0.8325 -0.3658
vn 0.1564 0.9079 -0.3890
vn 0.0366 0.9251 -0.3779
vn 0.2461 0.8802 -0.4058
vn -0.0350 0.9013 -0.4319
vn -0.2599 0.8275 -0.4977
vn -0.2720 0.8854 -0.3770
vn -0.1071 0.9343 -0.3400
vn -0.4486 0.5094 -0.7343
vn -0.0936 0.4293 -0.8983
vn -0.1364 0.2730 -0.9523
vn -0.4910 0.3935 -0.7772
vn 0.1691 0.1544 -0.9734
vn 0.1092 0.0732 -0.9913
vn -0.1971 0.2120 -0.9572
vn -0.5017 0.3454 -0.7931
vn -0.3723 0.7064 -0.6019
vn -0.0933 0.7144 -0.6935
vn -0.0869 0.5906 -0.8023
vn -0.4023 0.6245 -0.6695
vn -0.4089 0.7801 -0.4737
vn -0.1032 0.8472 -0.5211
vn -0.0955 0.7964 -0.5972
vn -0.3584 0.7597 -0.5426
vn -0.2229 0.8939 -0.3889
vn -0.1444 0.8889 -0.4348
vn -0.4709 0.7642 -0.4407
vn -0.4885 0.7393 -0.4635
vn -0.7669 0.4812 -0.4246
vn -0.7795 0.5003 -0.3770
vn -0.8540 0.5202 -0.0008
vn -0.8483 0.5285 -0.0343
vn -0.8684 0.4957 0.0115
vn -0.7805 0.5296 -0.3322
vn -0.7701 0.5532 -0.3176
vn -0.8876 0.4606 -0.0118
vn -0.9162 0.3974 -0.0514
vn -0.7602 0.5582 -0.3324
vn -0.7553 0.5663 -0.3298
vn -0.9347 0.3411 -0.1005
vn -0.9534 0.2613 -0.1506
vn -0.7838 0.5383 -0.3097
vn -0.8060 0.4528 -0.3812
vn -0.7787 0.3253 -0.5364
vn -0.9571 0.1375 -0.2551
vn -0.8822 -0.0648 -0.4664
vn -0.7430 -0.2872 -0.6045
vn -0.6588 0.2002 -0.7252
vn -0.5045 -0.5501 -0.6655
vn -0.4940 -0.0272 -0.8691
vn -0.3731 0.6218 -0.6886
vn -0.4379 0.6995 -0.5647
vn -0.2077 -0.3004 -0.9309
vn 0.1543 -0.4021 -0.9025
vn -0.1260 -0.7131 -0.6897
vn 0.2726 -0.6718 -0.6888
vn -0.1289 0.1937 -0.9726
vn -0.3015 0.4165 -0.8577
vn -0.0434 0.1073 -0.9933
vn -0.0210 0.1347 -0.9907
vn 0.3906 -0.3360 -0.8570
vn 0.4784 -0.2638 -0.8376
vn 0.5348 -0.5174 -0.6681
vn 0.6520 -0.4045 -0.6414
vn 0.7228 -0.2998 -0.6226
vn 0.5478 -0.2271 -0.8052
vn 0.5918 -0.1366 -0.7944
vn 0.7562 -0.1457 -0.6379
vn 0.1188 0.0015 -0.9929
vn -0.0056 0.0322 -0.9995
vn 0.5561 0.0776 -0.8275
vn 0.7015 0.1782 -0.6900
vn 0.3652 0.5785 -0.7294
vn 0.0760 0.2625 -0.9619
vn 0.2285 0.0303 -0.9731
vn -0.1819 0.6683 -0.7213
vn -0.3170 0.4831 -0.8162
vn 0.2256 0.4682 -0.8543
vn -0.0623 0.7991 -0.5979
vn -0.4075 0.8415 -0.3548
vn -0.5023 0.7280 -0.4667
vn -0.5743 0.5880 -0.5696
vn -0.7386 0.6430 -0.2026
vn -0.7693 0.5191 -0.3725
vn -0.6618 0.7447 -0.0860
vn -0.8383 0.5359 -0.1003
vn -0.7822 0.6164 0.0907
vn -0.8383 0.3926 -0.3782
vn -0.8205 0.5594 0.1177
vn -0.8436 0.5077 -0.1750
vn -0.8090 0.4933 -0.3197
vn -0.8508 0.5248 0.0267
vn -0.6295 0.3723 -0.6820
vn -0.7580 0.3621 -0.5426
vn -0.7791 0.4665 -0.4188
vn -0.5483 0.3337 -0.7668
vn -0.8549 0.5174 -0.0380
vn -0.1924 -0.8183 -0.5416
vn -0.5919 -0.6655 -0.4547
vn -0.7089 -0.6417 -0.2928
vn 0.2581 -0.7502 -0.6087
vn -0.3264 -0.8345 -0.4439
vn 0.2062 -0.7802 -0.5906
vn 0.5519 -0.5593 -0.6186
vn 0.5426 -0.5791 -0.6085
vn 0.6748 -0.4351 -0.5961
vn 0.6679 -0.4267 -0.6098
vn 0.7377 -0.3034 -0.6031
vn 0.7347 -0.3039 -0.6066
vn 0.7797 -0.0597 -0.6233
vn 0.7861 -0.1176 -0.6068
vn 0.7210 0.2326 -0.6528
vn 0.6827 0.3112 -0.6611
vn 0.4292 0.7156 -0.5511
vn 0.4404 0.6615 -0.6070
vn 0.0567 0.8844 -0.4632
vn 0.0901 0.9319 -0.3514
vn -0.2635 0.9547 -0.1383
vn -0.2980 0.9202 -0.2536
vn -0.5868 0.8097 0.0039
vn -0.5550 0.8276 0.0845
vn -0.7115 0.6602 0.2405
vn -0.7324 0.6549 0.1860
vn -0.8253 0.5154 0.2308
vn -0.8287 0.5168 0.2149
vn -0.8008 0.5088 0.3160
vn -0.7971 0.5139 0.3170
vn -0.8003 0.5081 0.3183
vn -0.8245 0.5200 0.2231
vn -0.7833 0.5403 0.3076
vn -0.7968 0.5520 0.2456
vn -0.0189 -0.6726 -0.7397
vn 0.4183 -0.5571 -0.7174
vn -0.3349 -0.4234 -0.8418
vn 0.1336 -0.4023 -0.9057
vn 0.6297 -0.4150 -0.6567
vn 0.3697 -0.2520 -0.8943
vn 0.4740 -0.0533 -0.8789
vn 0.7068 -0.2594 -0.6581
vn 0.3906 0.3186 -0.8637
vn 0.6957 0.0875 -0.7130
vn 0.5527 0.4594 -0.6953
vn 0.2872 0.5926 -0.7525
vn 0.0364 0.8337 -0.5511
vn 0.2987 0.7880 -0.5384
vn -0.0184 0.9583 -0.2851
vn -0.2167 0.9356 -0.2787
vn -0.4968 0.8679 -0.0037
vn -0.3445 0.9380 -0.0377
vn -0.5906 0.7884 0.1721
vn -0.6648 0.7214 0.1938
vn -0.7561 0.5890 0.2852
vn -0.7238 0.6296 0.2823
vn -0.7877 0.5245 0.3232
vn -0.7826 0.5268 0.3317
vn -0.7879 0.5114 0.3431
vn -0.7903 0.5185 0.3264
vn -0.8637 0.4582 0.2098
vn -0.9018 0.4054 0.1499
vn -0.8565 0.4423 0.2662
vn -0.9075 0.3672 0.2042
vn -0.9352 0.3213 0.1487
vn -0.9303 0.3562 0.0876
vn -0.7284 0.5439 -0.4167
vn -0.8289 0.5318 0.1733
vn -0.8085 0.5373 0.2402
vn -0.8115 0.5623 0.1587
vn -0.3626 0.7560 -0.5450
vn -0.1132 0.6505 -0.7510
vn -0.1619 0.4867 -0.8584
vn -0.9571 0.2719 0.0998
vn -0.9624 0.2703 0.0262
vn -0.9844 0.1682 0.0524
vn -0.9835 0.1738 -0.0500
vn -0.2123 0.1465 -0.9662
vn -0.2209 -0.0151 -0.9752
vn -0.6046 0.1375 -0.7846
vn 0.0288 0.1933 -0.9807
vn -0.6641 0.7428 -0.0849
vn -0.4360 0.8407 -0.3211
vn -0.7323 0.6701 0.1216
vn -0.7929 0.5110 0.3319
vn -0.7868 0.5118 0.3449
vn -0.8113 0.4875 0.3228
vn -0.8003 0.4954 0.3378
vn -0.8227 0.5275 0.2118
vn -0.8157 0.5244 0.2442
vn -0.9364 0.3435 -0.0717
vn -0.8391 0.1966 -0.5072
vn -0.8179 -0.2776 -0.5039
vn -0.9989 0.0461 0.0096
vn -0.8325 0.5050 0.2277
vn -0.8162 0.4941 0.2995
vn -0.8739 0.4126 0.2572
vn -0.9370 0.3024 0.1751
vn -0.9159 0.3261 0.2341
vn -0.9581 0.2399 0.1564
vn -0.8331 0.4606 0.3063
vn -0.8605 0.4119 0.2998
vn -0.9996 -0.0172 -0.0224
vn -0.9853 0.0599 -0.1600
vn -0.9358 -0.1775 -0.3046
vn -0.9793 -0.1866 -0.0788
vn -0.8895 -0.4267 -0.1635
vn -0.8148 -0.4306 -0.3883
vn -0.9476 0.2415 0.2091
vn -0.9850 0.1113 0.1319
vn -0.9942 -0.0467 0.0972
vn -0.8928 -0.4181 -0.1676
vn -0.9547 -0.2976 -0.0017
vn -0.5701 -0.6582 -0.4917
vn -0.8856 0.3909 0.2508
vn 0.3894 -0.1171 -0.9136
vn 0.3847 0.0324 -0.9225
vn -0.2928 0.2216 -0.9302
vn 0.0490 0.0716 -0.9962
vn -0.4178 0.2588 -0.8709
vn -0.0749 0.0351 -0.9966
vn -0.3071 -0.0685 -0.9492
vn -0.5942 0.2032 -0.7783
vn -0.7508 0.2081 -0.6269
vn -0.5683 -0.0675 -0.8200
vn -0.6996 0.0583 -0.7122
vn -0.7568 0.3320 -0.5630
vn -0.6195 0.3992 -0.6759
vn -0.6883 0.1134 -0.7165
vn -0.4970 0.0739 -0.8646
vn -0.3857 0.3201 -0.8653
vn -0.1126 0.1230 -0.9860
vn -0.2920 0.0659 -0.9541
vn -0.6218 -0.1430 -0.7700
vn -0.4597 -0.2310 -0.8575
vn -0.7549 0.0034 -0.6558
vn -0.1545 0.1174 -0.9810
vn -0.3244 0.2355 -0.9161
vn -0.3081 0.2060 -0.9288
vn -0.4939 0.3744 -0.7848
vn -0.6359 0.4292 -0.6414
vn -0.4362 0.2751 -0.8568
vn -0.4227 0.3860 -0.8200
vn -0.6154 0.5555 -0.5593
vn -0.4578 0.7320 -0.5045
vn -0.3248 0.5008 -0.8023
vn -0.2683 0.6353 -0.7241
vn -0.2918 0.8820 -0.3700
vn -0.2527 0.8730 -0.4171
vn -0.2330 0.8460 -0.4795
vn -0.1445 0.9492 -0.2795
vn -0.0986 0.9305 -0.3528
vn 0.0498 0.9435 -0.3276
vn -0.0663 0.9666 -0.2476
vn -0.2227 0.9287 -0.2966
vn -0.2531 0.7708 -0.5846
vn -0.2755 0.9481 -0.1589
vn -0.2832 0.9558 0.0790
vn -0.1981 0.9699 -0.1414
vn -0.2285 0.9707 0.0742
vn -0.1699 0.9832 -0.0660
vn -0.1645 0.9822 -0.0909
vn -0.1935 0.9796 0.0547
vn -0.1916 0.9807 0.0386
vn -0.1929 0.9713 0.1389
vn -0.2663 0.9559 0.1243
vn -0.2253 0.9740 -0.0249
vn -0.1828 0.9795 0.0843
vn -0.2339 0.9693 0.0765
vn -0.2061 0.9716 0.1165
vn -0.2393 0.9660 0.0981
vn -0.2901 0.9515 0.1025
vn -0.2951 0.9553 -0.0180
vn -0.2264 0.9732 -0.0397
vn -0.4954 0.8543 -0.1572
vn -0.6792 0.6520 -0.3370
vn -0.4977 0.6622 -0.5601
vn -0.3275 0.9327 -0.1511
vn -0.6610 0.5263 -0.5349
vn -0.5410 0.4645 -0.7011
vn -0.5313 0.4486 -0.7187
vn -0.4844 0.5137 -0.7081
vn -0.6152 0.2410 -0.7506
vn -0.5368 0.3981 -0.7439
vn -0.7333 0.4209 -0.5340
vn -0.6193 -0.0279 -0.7846
vn -0.8090 0.4068 -0.4243
vn -0.6297 0.4660 -0.6216
vn -0.8403 0.4304 -0.3296
vn -0.7323 0.4890 -0.4740
vn -0.6453 0.5556 -0.5243
vn -0.4409 0.5070 -0.7407
vn -0.2992 0.6273 -0.7190
vn -0.4296 0.6570 -0.6195
vn -0.8102 0.5013 -0.3037
vn -0.7640 0.5595 -0.3214
vn 0.1585 0.6994 -0.6970
vn 0.0056 0.8458 -0.5334
vn 0.3931 0.8126 -0.4304
vn -0.0169 0.9785 -0.2054
vn -0.7512 0.5760 -0.3224
vn -0.7491 0.5442 -0.3777
vn -0.2614 0.7750 -0.5754
vn -0.3615 0.7191 -0.5934
vn -0.6855 0.5927 -0.4229
vn -0.1985 0.8783 -0.4350
vn 0.5822 0.7731 -0.2516
vn 0.5818 0.6626 -0.4717
vn 0.9116 0.4104 0.0221
vn 0.7825 0.6009 -0.1630
vn 0.3892 0.6685 -0.6338
vn 0.6167 0.6789 -0.3985
vn 0.9329 0.3193 0.1664
vn 0.7677 0.6278 0.1286
vn 0.0949 0.9948 0.0360
vn -0.4881 0.8488 -0.2032
vn -0.2732 0.8713 -0.4078
vn 0.2195 0.9622 -0.1611
vn 0.5736 0.7838 0.2380
vn 0.4515 0.8025 0.3902
vn 0.0504 0.9967 0.0643
vn 0.1544 0.9845 -0.0833
vn -0.2576 0.8193 -0.5123
vn -0.3836 0.7041 -0.5976
vn -0.3697 0.9098 -0.1887
vn -0.0379 0.9986 0.0373
vn -0.5095 0.7463 -0.4282
vn -0.3616 0.6939 -0.6227
vn 0.5392 0.8315 -0.1340
vn 0.2777 0.9589 -0.0578
vn -0.1051 0.8238 -0.5571
vn 0.2153 0.7817 -0.5852
vn 0.3520 0.9182 -0.1815
vn 0.3554 0.7707 -0.5288
vn -0.3793 0.6588 -0.6497
vn -0.3226 0.6807 -0.6577
vn -0.3814 0.6652 -0.6419
vn -0.3549 0.6647 -0.6574
vn -0.0302 0.5920 -0.8054
vn 0.0933 0.6587 -0.7466
vn 0.2672 0.6204 -0.7374
vn 0.1318 0.5567 -0.8202
vn -0.5043 0.6867 -0.5235
vn -0.5095 0.7083 -0.4886
vn -0.3449 0.6800 -0.6470
vn -0.3423 0.6668 -0.6620
vn -0.3788 0.6676 -0.6410
vn -0.3747 0.6701 -0.6407
vn -0.3144 0.6790 -0.6634
vn -0.3423 0.6653 -0.6635
vn -0.3434 0.6708 -0.6573
vn -0.3482 0.6641 -0.6616
vn -0.2954 0.7121 -0.6369
vn -0.4836 0.7388 -0.4693
vn -0.4999 0.6939 -0.5183
vn -0.3313 0.6757 -0.6586
vn -0.1495 0.5786 -0.8018
vn -0.1338 0.5551 -0.8210
vn -0.0580 0.5692 -0.8201
vn -0.1667 0.7498 -0.6403
vn -0.4749 0.7944 -0.3787
vn -0.2576 0.7776 -0.5736
vn -0.1322 0.9902 -0.0461
vn -0.1331 0.9851 -0.1092
vn 0.1052 0.9633 -0.2471
vn -0.0668 0.8990 -0.4328
vn -0.2933 0.6936 -0.6579
vn -0.3625 0.6700 -0.6478
vn -0.3514 0.6576 -0.6664
vn -0.2846 0.6491 -0.7055
vn -0.1653 0.9248 -0.3426
vn -0.0986 0.7469 -0.6575
vn -0.1526 0.7508 -0.6427
vn -0.1965 0.6882 -0.6983
vn 0.2365 0.9191 -0.3150
vn -0.1301 0.8708 -0.4741
vn -0.2024 0.7812 -0.5905
vn -0.2821 0.7058 -0.6498
vn -0.3338 0.6716 -0.6614
vn -0.0938 -0.3998 -0.9118
vn -0.3555 0.0279 -0.9343
vn -0.1573 -0.0939 -0.9831
vn 0.0106 -0.2914 -0.9565
vn 0.3214 -0.6963 -0.6417
vn 0.1873 -0.6152 -0.7658
vn 0.2546 -0.5575 -0.7901
vn 0.3330 -0.6922 -0.6403
vn 0.4300 -0.2198 -0.8757
vn 0.3683 -0.2356 -0.8994
vn 0.5116 -0.1976 -0.8362
vn 0.4945 -0.2879 -0.8201
vn 0.3423 -0.4405 -0.8299
vn 0.0662 -0.3152 -0.9467
vn -0.2838 -0.3471 -0.8939
vn 0.0708 -0.5683 -0.8198
vn -0.2856 -0.6206 -0.7302
vn -0.5462 -0.2916 -0.7853
vn -0.6398 -0.2559 -0.7247
vn -0.7278 -0.1933 -0.6580
vn 0.2684 -0.3751 -0.8873
vn 0.1953 -0.1623 -0.9672
vn 0.4985 -0.5366 -0.6808
vn 0.4742 -0.3654 -0.8010
vn 0.4350 -0.7231 -0.5366
vn 0.4135 -0.6107 -0.6753
vn 0.5153 -0.6907 -0.5074
vn 0.4828 -0.7658 -0.4248
vn 0.5226 -0.5553 -0.6469
vn 0.6054 -0.7023 -0.3744
vn 0.4617 -0.6809 -0.5686
vn 0.5750 -0.6589 -0.4850
vn 0.2018 -0.8203 -0.5352
vn 0.5421 -0.7836 -0.3035
vn 0.3880 -0.7688 -0.5082
vn 0.3596 -0.7860 -0.5029
vn 0.3863 -0.8124 -0.4368
vn 0.4170 -0.8041 -0.4236
vn 0.3656 -0.8079 -0.4621
vn 0.3548 -0.8430 -0.4043
vn 0.4610 -0.8055 -0.3723
vn 0.4243 -0.8021 -0.4203
vn 0.4007 -0.8929 -0.2051
vn 0.3497 -0.8826 -0.3142
vn 0.5155 -0.8125 -0.2723
vn 0.5379 -0.8232 -0.1819
vn 0.5677 -0.8233 0.0011
vn 0.5647 -0.8251 -0.0193
vn 0.6263 -0.7796 0.0075
vn 0.5769 -0.8168 0.0008
vn 0.6270 -0.7790 -0.0097
vn 0.5405 -0.8404 -0.0395
vn 0.4490 -0.8931 -0.0267
vn 0.5488 -0.8359 0.0124
vn 0.4357 -0.8972 -0.0723
vn 0.2145 -0.9637 -0.1588
vn 0.1772 -0.9530 -0.2457
vn -0.0287 -0.9480 -0.3170
vn 0.4680 -0.8714 -0.1473
vn 0.2782 -0.9550 -0.1026
vn 0.1708 -0.9696 -0.1754
vn -0.0465 -0.9556 -0.2911
vn 0.0265 -0.9733 -0.2281
vn -0.1425 -0.9085 -0.3929
vn -0.1356 -0.9199 -0.3679
vn 0.1966 -0.9452 -0.2607
vn 0.1720 -0.9161 -0.3622
vn -0.0281 -0.9149 -0.4027
vn -0.0265 -0.9395 -0.3415
vn -0.1346 -0.9017 -0.4108
vn -0.1419 -0.8867 -0.4401
vn -0.0648 -0.8570 -0.5113
vn -0.5098 -0.5555 -0.6569
vn -0.5693 -0.6735 -0.4715
vn -0.1665 -0.8659 -0.4717
vn 0.4652 -0.8799 -0.0971
vn 0.4469 -0.8840 -0.1370
vn 0.5380 -0.8329 -0.1299
vn 0.5593 -0.8246 -0.0853
vn 0.4922 -0.8679 -0.0660
vn 0.5971 -0.8011 -0.0424
vn 0.6325 -0.7700 -0.0836
vn 0.6898 -0.7209 -0.0667
vn 0.5142 -0.7766 -0.3641
vn 0.6107 -0.7473 -0.2620
vn 0.6267 -0.7551 -0.1927
vn 0.6435 -0.7555 -0.1226
vn 0.6135 -0.7730 -0.1613
vn 0.6853 -0.7236 -0.0823
vn 0.3534 -0.8375 -0.4169
vn 0.4103 -0.8270 -0.3844
vn 0.4025 -0.8470 -0.3472
vn 0.5128 -0.7946 -0.3249
vn 0.5005 -0.7832 -0.3689
vn 0.5575 -0.7341 -0.3877
vn 0.5836 -0.7428 -0.3280
vn 0.5822 -0.7681 -0.2667
vn 0.5312 -0.7973 -0.2866
vn 0.4680 -0.8305 -0.3021
vn 0.4116 -0.8103 -0.4172
vn -0.3870 0.7448 0.5436
vn -0.5079 0.6841 0.5235
vn -0.5681 0.7890 0.2338
vn -0.4799 0.8485 0.2231
vn -0.6020 0.7775 0.1818
vn -0.5024 0.6830 0.5302
vn -0.5626 0.8115 0.1580
vn -0.4636 0.7082 0.5324
vn -0.4415 0.7261 0.5271
vn -0.5157 0.8400 0.1688
vn -0.4815 0.8506 0.2111
vn -0.4460 0.7258 0.5238
vn -0.4584 0.7318 0.5044
vn -0.4746 0.8472 0.2386
vn -0.5360 0.8100 0.2379
vn -0.5391 0.6845 0.4908
vn -0.5936 0.7560 0.2759
vn -0.6283 0.6322 0.4534
vn -0.2255 0.8346 0.5026
vn -0.4837 0.8553 0.1856
vn -0.0545 0.4082 0.9113
vn -0.0801 0.6022 0.7943
vn -0.2665 0.4777 0.8371
vn -0.1563 0.2536 0.9546
vn -0.1503 0.2452 0.9577
vn -0.3178 0.4487 0.8353
vn -0.2927 0.4359 0.8511
vn -0.2198 0.2708 0.9372
vn -0.3194 0.4225 0.8482
vn -0.3148 0.4969 0.8087
vn -0.2814 0.4797 0.8311
vn -0.2493 0.3621 0.8982
vn -0.4809 0.4844 0.7308
vn -0.4392 0.5191 0.7332
vn -0.3742 0.5103 0.7743
vn -0.3900 0.4815 0.7849
vn -0.6804 0.5423 0.4930
vn -0.5388 0.5324 0.6528
vn -0.5853 0.5340 0.6101
vn -0.7189 0.5507 0.4241
vn -0.2632 0.4546 0.8509
vn -0.4337 0.5114 0.7419
vn -0.5893 0.6948 0.4122
vn -0.4711 0.5387 0.6985
vn -0.4388 0.5160 0.7357
vn -0.5882 0.7045 0.3971
vn -0.6134 0.7546 0.2332
vn -0.6143 0.7542 0.2318
vn -0.6317 0.6992 0.3349
vn -0.5675 0.6040 0.5596
vn -0.5048 0.5704 0.6480
vn -0.5965 0.6913 0.4077
vn -0.6512 0.7415 0.1614
vn -0.6166 0.7580 0.2130
vn -0.6690 0.7065 0.2310
vn -0.6446 0.6312 0.4314
vn -0.7028 0.6509 0.2870
vn -0.6722 0.7221 0.1635
vn -0.6403 0.7576 0.1268
vn -0.6727 0.7330 0.1011
vn -0.5729 0.7852 0.2349
vn -0.5621 0.7707 0.3001
vn -0.6039 0.7406 0.2946
vn -0.6198 0.7481 0.2371
vn -0.6708 0.6867 0.2800
vn -0.6949 0.6273 0.3517
vn -0.6290 0.7013 0.3355
vn -0.6388 0.6709 0.3767
vn -0.5770 0.7403 0.3449
vn -0.5986 0.7115 0.3680
vn -0.6436 0.6491 0.4055
vn -0.6824 0.6202 0.3869
vn -0.6648 0.6332 0.3963
vn -0.7038 0.5918 0.3930
vn -0.6256 0.7174 0.3065
vn -0.6970 0.6668 0.2636
vn -0.6459 0.6691 0.3675
vn -0.7384 0.5842 0.3368
vn -0.7998 0.5784 0.1604
vn -0.8131 0.4867 0.3194
vn -0.8715 0.4340 0.2284
vn -0.8482 0.5296 -0.0002
vn -0.9033 0.3858 0.1876
vn -0.8442 0.4680 0.2615
vn -0.8446 0.5256 -0.1021
vn -0.8967 0.4063 0.1758
vn -0.9609 0.2723 0.0496
vn -0.8587 0.4332 -0.2739
vn -0.8339 -0.0065 -0.5518
vn -0.9513 -0.1845 -0.2470
vn -0.9260 0.3559 0.1260
vn -0.9829 0.1837 -0.0154
vn -0.2174 -0.8520 -0.4762
vn -0.4908 -0.7305 -0.4747
vn -0.8995 -0.3149 -0.3029
vn 0.3396 0.9174 -0.2072
vn 0.3117 0.5417 -0.7806
vn 0.5880 0.3508 -0.7288
vn 0.6782 0.5815 -0.4494
vn 0.7244 0.6416 -0.2522
vn 0.5788 0.3753 -0.7240
vn 0.1023 0.1826 -0.9779
vn 0.2710 0.2326 -0.9341
vn 0.1495 0.3041 -0.9408
vn 0.0387 0.3184 -0.9472
vn 0.1913 0.2533 -0.9483
vn 0.1231 0.1931 -0.9734
vn 0.0792 0.3348 -0.9389
vn 0.1155 0.3633 -0.9245
vn 0.2091 0.4232 -0.8816
vn 0.2191 0.3336 -0.9169
vn 0.1203 0.4012 -0.9081
vn 0.1158 0.4407 -0.8902
vn -0.2128 0.8709 0.4431
vn -0.0122 0.6589 0.7521
vn 0.0418 0.2905 0.9560
vn -0.0438 0.6068 0.7936
vn 0.1421 0.3256 0.9348
vn 0.0853 0.0358 0.9957
vn 0.1791 -0.1767 0.9678
vn 0.2925 -0.0305 0.9558
vn 0.6976 0.7120 0.0800
vn 0.6264 0.3877 -0.6763
vn 0.7810 0.2495 -0.5725
vn 0.6182 0.5976 0.5106
vn 0.0624 0.3632 -0.9296
vn -0.0025 0.4207 -0.9072
vn -0.0083 0.3596 -0.9331
vn 0.0126 0.2675 -0.9635
vn 0.0417 0.4218 -0.9057
vn 0.0580 0.4436 -0.8944
vn 0.0498 0.3880 -0.9203
vn 0.0555 0.3959 -0.9166
vn 0.0736 0.4539 -0.8880
vn 0.0653 0.4610 -0.8850
vn 0.1303 0.3661 -0.9214
vn 0.1110 0.3825 -0.9173
vn 0.0728 -0.0319 -0.9968
vn 0.2394 -0.1068 -0.9650
vn 0.2027 0.1047 -0.9736
vn 0.1705 0.1387 -0.9756
vn 0.1458 0.1482 -0.9781
vn 0.2426 -0.0813 -0.9667
vn 0.1008 0.1871 -0.9771
vn 0.0128 0.1522 -0.9883
vn 0.1699 -0.0372 -0.9848
vn 0.0468 -0.0390 -0.9981
vn 0.4764 -0.6661 0.5739
vn 0.6568 -0.7448 0.1181
vn 0.6536 -0.7499 0.1021
vn 0.4979 -0.6210 0.6053
vn 0.2976 -0.4209 0.8569
vn 0.3730 -0.4402 0.8168
vn 0.6979 -0.7135 -0.0617
vn 0.6669 -0.6598 0.3463
vn 0.2709 -0.2669 0.9249
vn 0.4452 -0.0628 0.8932
vn 0.8867 -0.3805 -0.2626
vn 0.5884 -0.4364 0.6807
vn 0.5406 0.2749 0.7951
vn 0.9141 0.0340 -0.4041
vn 0.0988 -0.0510 -0.9938
vn 0.0191 0.1257 -0.9919
vn 0.8524 -0.4982 0.1590
vn 0.7108 -0.5250 0.4681
vn 0.7942 -0.5097 0.3308
vn 0.7769 -0.5227 0.3510
vn 0.3619 0.6421 0.6758
vn 0.3290 0.8841 0.3319
vn 0.8504 0.4551 0.2642
vn 0.6869 0.1050 0.7191
vn 0.9420 -0.2500 0.2239
vn 0.7714 -0.3539 0.5289
vn 0.3794 0.1467 0.9135
vn 0.2609 -0.4280 0.8653
vn 0.3860 -0.2088 0.8986
vn 0.2243 -0.5662 0.7931
vn 0.1043 -0.8220 0.5599
vn 0.1382 -0.7999 0.5841
vn 0.0695 -0.9972 0.0287
vn 0.0563 -0.9935 0.0993
vn 0.0600 -0.9109 -0.4083
vn 0.0335 -0.9478 -0.3171
vn 0.1150 -0.9397 -0.3221
vn 0.1184 -0.9880 -0.0992
vn 0.1771 -0.9226 -0.3427
vn 0.1817 -0.9641 -0.1939
vn 0.2381 -0.8999 -0.3653
vn 0.2474 -0.9437 -0.2196
vn 0.2742 -0.9332 -0.2323
vn 0.2489 -0.8704 -0.4249
vn 0.2516 -0.8281 -0.5010
vn 0.3134 -0.9141 -0.2572
vn 0.3876 -0.8742 -0.2924
vn 0.2829 -0.7565 -0.5897
vn 0.4631 -0.8182 -0.3406
vn 0.3449 -0.6771 -0.6500
vn 0.4485 -0.5991 -0.6633
vn 0.5183 -0.7614 -0.3895
vn 0.5359 -0.7425 -0.4019
vn 0.5285 -0.5617 -0.6365
vn 0.5565 -0.6070 -0.5674
vn 0.5051 -0.7742 -0.3814
vn 0.4196 -0.8470 -0.3265
vn 0.5429 -0.7148 -0.4409
vn 0.3706 -0.9132 -0.1692
vn 0.5440 -0.8079 -0.2267
vn 0.4085 -0.3267 -0.8523
vn 0.7959 -0.5905 -0.1337
vn 0.7769 -0.5777 -0.2505
vn 0.4998 -0.4105 -0.7627
vn -0.0425 -0.1146 -0.9925
vn 0.0106 -0.1682 -0.9857
vn 0.0798 -0.2253 -0.9710
vn 0.0365 -0.1384 -0.9897
vn 0.1072 0.0244 -0.9939
vn 0.0647 -0.0630 -0.9959
vn 0.1935 -0.0907 -0.9769
vn 0.2541 -0.0630 -0.9651
vn 0.0283 0.1027 -0.9943
vn 0.1221 -0.0058 -0.9925
vn -0.0664 0.0933 -0.9934
vn -0.0305 0.1148 -0.9929
vn 0.8134 -0.4762 0.3340
vn 0.7940 -0.4267 -0.4330
vn 0.8488 -0.5267 -0.0465
vn 0.6460 -0.4291 0.6313
vn 0.4307 -0.5033 0.7491
vn 0.2989 -0.6682 0.6812
vn 0.7998 -0.5753 0.1716
vn 0.6848 -0.6919 0.2288
vn 0.5365 -0.8351 0.1214
vn 0.2045 -0.8258 0.5256
vn 0.1425 -0.9252 0.3517
vn 0.3899 -0.9207 0.0179
vn 0.3272 -0.9447 -0.0227
vn 0.1547 -0.9642 0.2152
vn 0.1833 -0.9766 0.1128
vn 0.2839 -0.9579 -0.0433
vn 0.3012 -0.9515 -0.0622
vn 0.1962 -0.9782 0.0680
vn 0.2637 -0.9644 0.0175
vn 0.4241 -0.9023 -0.0773
vn 0.5799 -0.7893 -0.2020
vn 0.4420 -0.8904 -0.1087
vn 0.3355 -0.9402 -0.0581
vn 0.5081 -0.8518 -0.1273
vn 0.6296 -0.7261 -0.2764
vn 0.5942 -0.7806 -0.1939
vn 0.5450 -0.8253 -0.1478
vn 0.6218 -0.7365 -0.2663
vn 0.5298 -0.7913 -0.3053
vn 0.5176 -0.8077 -0.2824
vn 0.5685 -0.7832 -0.2519
vn 0.5912 -0.7558 -0.2816
vn 0.3062 -0.8776 -0.3688
vn 0.2375 -0.9013 -0.3624
vn 0.3960 -0.8526 -0.3410
vn 0.4505 -0.8332 -0.3207
vn 0.4290 -0.8353 -0.3438
vn 0.5295 -0.7798 -0.3341
vn 0.2366 -0.8918 -0.3857
vn 0.6069 -0.5263 -0.5956
vn 0.5882 -0.6341 -0.5020
vn 0.6092 -0.5978 -0.5210
vn 0.6222 -0.6051 -0.4967
vn 0.5775 -0.6849 -0.4443
vn 0.5854 -0.7319 -0.3487
vn 0.5292 -0.6398 -0.5573
vn 0.6011 -0.5674 -0.5627
vn 0.5898 -0.6514 -0.4773
vn 0.4972 -0.7238 -0.4785
vn 0.6259 -0.6659 -0.4060
vn 0.5784 -0.7181 -0.3870
vn 0.3503 -0.7627 -0.5437
vn 0.4125 -0.7200 -0.5581
vn 0.3721 -0.7918 -0.4843
vn 0.3364 -0.8083 -0.4832
vn 0.4462 -0.8010 -0.3990
vn 0.3415 -0.8436 -0.4143
vn 0.4425 -0.7137 -0.5430
vn 0.3862 -0.7501 -0.5368
vn 0.4032 -0.7732 -0.4895
vn 0.5071 -0.7041 -0.4970
vn 0.3698 -0.7883 -0.4917
vn 0.3286 -0.8307 -0.4494
vn 0.6776 -0.5639 -0.4722
vn 0.8203 -0.3520 -0.4507
vn 0.6454 -0.4416 -0.6233
vn 0.5560 -0.6161 -0.5580
vn 0.4623 -0.6346 -0.6193
vn 0.4364 -0.7237 -0.5346
vn 0.5477 -0.0858 -0.8322
vn 0.6106 -0.2535 -0.7503
vn 0.8167 -0.2073 -0.5385
vn 0.7071 -0.1123 -0.6981
vn 0.4379 -0.4647 -0.7696
vn 0.4328 -0.5661 -0.7015
vn 0.2460 -0.0141 -0.9692
vn 0.4237 -0.0090 -0.9058
vn 0.5112 -0.0540 -0.8577
vn 0.2343 -0.0567 -0.9705
vn 0.4179 -0.3510 -0.8379
vn 0.3115 -0.3511 -0.8830
vn -0.0191 -0.0708 -0.9973
vn -0.0664 -0.1029 -0.9925
vn 0.0101 -0.2400 -0.9707
vn 0.0575 -0.1052 -0.9928
vn 0.1605 -0.4490 -0.8790
vn 0.0786 -0.5668 -0.8201
vn -0.0231 -0.1330 -0.9908
vn -0.0161 -0.1121 -0.9936
vn -0.0075 -0.3969 -0.9178
vn 0.0312 -0.3348 -0.9418
vn 0.0820 -0.6337 -0.7692
vn 0.0360 -0.6790 -0.7333
vn -0.0401 -0.0813 -0.9959
vn -0.0286 -0.0815 -0.9963
vn -0.0329 -0.4657 -0.8843
vn -0.0216 -0.4371 -0.8992
vn -0.0030 -0.7147 -0.6994
vn -0.0201 -0.7340 -0.6788
vn 0.1364 0.9875 0.0784
vn 0.1086 0.9909 -0.0799
vn 0.2192 0.8530 -0.4737
vn 0.2735 0.8994 -0.3410
vn 0.2613 0.9337 -0.2449
vn 0.2777 0.9601 0.0339
vn 0.3323 0.9194 0.2103
vn 0.2797 0.9601 -0.0007
vn 0.2303 0.9609 -0.1540
vn 0.2255 0.8649 -0.4485
vn 0.0779 0.9539 -0.2898
vn 0.0732 0.9925 -0.0979
vn 0.1430 0.9895 0.0202
vn 0.2073 0.9596 -0.1901
vn 0.1477 0.9888 0.0205
vn 0.1159 0.9929 -0.0282
vn 0.3692 0.9232 0.1069
vn 0.3477 0.9246 0.1553
vn 0.4071 0.9120 0.0498
vn 0.1626 0.9736 -0.1605
vn 0.2297 0.8308 -0.5070
vn 0.2327 0.7387 -0.6326
vn 0.2748 0.7509 -0.6005
vn 0.1937 0.7970 -0.5720
vn 0.1496 0.8060 -0.5727
vn 0.2294 0.7647 -0.6022
vn 0.3326 0.7935 -0.5097
vn 0.2360 0.8488 -0.4730
vn 0.3781 0.8703 -0.3156
vn 0.1144 0.8586 -0.4997
vn 0.2098 0.7311 -0.6492
vn 0.2477 0.7151 -0.6537
vn 0.1998 0.5458 -0.8137
vn 0.2538 0.5826 -0.7721
vn 0.2574 0.7019 -0.6641
vn 0.1622 0.5212 -0.8379
vn 0.6939 0.6590 0.2903
vn 0.5385 0.7196 0.4384
vn 0.5834 0.4334 0.6869
vn 0.8725 0.2687 0.4080
vn 0.4218 0.7462 0.5151
vn 0.3009 0.5397 0.7862
vn 0.5561 0.4881 -0.6727
vn 0.2691 0.6123 -0.7434
vn 0.4521 0.0792 -0.8885
vn 0.6949 -0.0122 -0.7190
vn 0.3571 0.8271 -0.4340
vn 0.0448 0.8992 -0.4352
vn 0.5658 -0.6782 -0.4689
vn 0.5394 -0.3709 -0.7560
vn 0.6318 -0.4195 -0.6518
vn 0.6363 -0.6469 -0.4202
vn 0.5968 -0.7089 -0.3759
vn 0.6571 -0.6643 -0.3563
vn 0.7724 -0.4606 -0.4374
vn 0.7321 -0.6283 -0.2633
vn 0.7857 -0.6006 -0.1480
vn 0.8334 -0.4697 -0.2912
vn 0.7788 -0.5753 -0.2501
vn 0.7243 -0.6053 -0.3302
vn 0.7134 -0.4940 -0.4971
vn 0.7797 -0.4768 -0.4059
vn 0.8222 -0.4382 -0.3632
vn 0.7930 -0.3338 -0.5096
vn 0.8833 -0.4417 -0.1571
vn 0.9023 -0.3245 -0.2837
vn 0.9544 -0.2677 -0.1321
vn 0.9341 -0.3558 0.0300
vn 0.9721 0.0205 -0.2337
vn 0.9210 -0.0304 -0.3884
vn 0.9858 -0.1268 0.1099
vn 0.9931 0.1170 -0.0030
vn 0.9431 -0.1640 0.2894
vn 0.8677 0.0975 0.4874
vn 0.7559 0.1463 0.6381
vn 0.5076 0.3537 0.7857
vn 0.1485 0.5284 0.8359
vn 0.3547 0.4048 0.8428
vn 0.0333 0.4723 0.8808
vn -0.1537 0.3920 0.9070
vn -0.4101 -0.0346 0.9114
vn -0.1866 0.0337 0.9819
vn -0.1618 -0.2592 0.9522
vn -0.4299 -0.1809 0.8846
vn 0.1303 0.1281 0.9832
vn 0.5080 0.0994 0.8556
vn 0.3134 -0.2214 0.9235
vn 0.0803 -0.2823 0.9560
vn 0.1792 0.7770 -0.6034
vn 0.1914 0.7638 -0.6164
vn 0.2223 0.6610 -0.7167
vn 0.2644 0.6914 -0.6724
vn 0.4046 0.9057 -0.1266
vn 0.4219 0.8398 -0.3417
vn 0.3427 0.8699 -0.3547
vn 0.3100 0.9451 -0.1034
vn 0.1966 0.8893 -0.4128
vn 0.2001 0.9696 -0.1411
vn 0.2377 0.9460 -0.2203
vn 0.3289 0.9361 -0.1250
vn 0.2627 0.9638 -0.0453
vn 0.1729 0.9767 -0.1273
vn 0.1568 0.9876 0.0082
vn 0.1301 0.8883 -0.4405
vn 0.1402 0.9327 -0.3323
vn 0.1685 0.8513 -0.4969
vn 0.1529 0.8411 -0.5188
vn 0.1362 0.9907 -0.0021
vn 0.3599 0.9327 -0.0224
vn 0.1157 0.9862 -0.1186
vn 0.2790 0.9401 -0.1959
vn 0.7253 0.6369 -0.2613
vn 0.7555 0.5384 -0.3732
vn 0.4247 0.8608 -0.2806
vn 0.7855 0.6181 -0.0317
vn 0.1170 0.9202 -0.3735
vn 0.3728 0.8304 -0.4141
vn 0.3323 0.8881 -0.3176
vn 0.4392 0.8381 -0.3236
vn 0.5626 0.7386 -0.3714
vn 0.5732 0.6966 -0.4316
vn 0.7117 0.5399 -0.4494
vn 0.5374 0.7055 -0.4620
vn 0.5720 0.5777 -0.5823
vn 0.3112 0.7582 -0.5730
vn 0.3704 0.8192 -0.4378
vn 0.5050 0.7866 -0.3553
vn 0.4399 0.8348 -0.3311
vn 0.3018 0.8671 -0.3963
vn 0.1974 0.8405 -0.5045
vn 0.1502 0.8907 -0.4290
vn 0.1263 0.9520 -0.2789
vn 0.2313 0.9277 -0.2932
vn 0.3704 0.8794 -0.2991
vn -0.1671 0.7119 -0.6821
vn 0.1409 0.5371 -0.8317
vn 0.1369 0.5255 -0.8397
vn -0.1270 0.6785 -0.7235
vn -0.8097 0.5868 0.0062
vn -0.5346 0.7524 -0.3849
vn -0.4962 0.7108 -0.4986
vn -0.8205 0.5536 -0.1425
vn -0.8493 0.0627 0.5242
vn -0.9176 0.2568 0.3035
vn -0.8492 0.2663 0.4560
vn -0.8059 0.1454 0.5740
vn -0.6130 -0.0151 0.7900
vn -0.8185 0.0690 0.5703
vn -0.8011 0.1697 0.5740
vn -0.6084 0.0302 0.7931
vn 0.8430 -0.4027 0.3567
vn 0.6247 -0.4601 0.6309
vn 0.4734 -0.3609 0.8035
vn 0.7863 -0.1461 0.6004
vn 0.8682 -0.4864 -0.0987
vn 0.7959 -0.5186 0.3123
vn 0.8503 -0.5238 0.0513
vn 0.8371 -0.4862 -0.2508
vn 0.2102 -0.3839 0.8991
vn -0.1989 -0.1983 0.9597
vn -0.2632 -0.1413 0.9543
vn 0.0642 -0.2830 0.9570
vn 0.4452 -0.4455 0.7767
vn 0.2816 -0.3641 0.8878
vn 0.1875 -0.2760 0.9427
vn -0.1914 -0.1715 0.9664
vn -0.1977 -0.1994 0.9598
vn 0.1763 -0.3570 0.9173
vn 0.8135 -0.5324 -0.2340
vn 0.8144 -0.4522 -0.3637
vn 0.8441 -0.4374 -0.3102
vn 0.8310 -0.5170 -0.2055
vn 0.6522 -0.5318 0.5402
vn 0.5126 -0.5017 0.6968
vn 0.8470 -0.5221 0.1001
vn 0.8116 -0.5170 0.2720
vn 0.8271 -0.4480 0.3394
vn 0.4815 -0.4417 0.7570
vn 0.8758 -0.3315 0.3508
vn 0.5170 -0.3378 0.7866
vn 0.7979 -0.5992 -0.0651
vn 0.8124 -0.5794 -0.0653
vn 0.8736 -0.4301 -0.2276
vn 0.8616 -0.4812 -0.1614
vn 0.8979 -0.4176 -0.1389
vn 0.8872 -0.4491 -0.1061
vn 0.9113 -0.4118 -0.0015
vn 0.9276 -0.3667 -0.0719
vn 0.9628 -0.2701 -0.0107
vn 0.9506 -0.2970 0.0903
vn 0.7537 -0.0296 -0.6566
vn 0.7469 -0.1118 -0.6555
vn 0.6397 0.1176 -0.7595
vn 0.6772 0.1325 -0.7238
vn 0.4770 0.2990 -0.8265
vn 0.5654 0.2677 -0.7802
vn 0.7706 -0.2761 -0.5744
vn 0.8021 -0.2397 -0.5469
vn 0.8735 -0.4106 -0.2615
vn 0.8418 -0.5388 -0.0321
vn 0.8683 -0.4959 0.0119
vn 0.9118 -0.3371 -0.2344
vn 0.9594 -0.1943 -0.2043
vn 0.9137 -0.4021 0.0597
vn 0.9732 -0.2148 0.0818
vn 0.9884 0.0029 -0.1516
vn -0.1247 0.6262 -0.7697
vn 0.1781 0.5200 -0.8354
vn 0.4182 0.4334 -0.7983
vn 0.2085 0.5778 -0.7891
vn 0.7442 0.0773 -0.6634
vn 0.8338 -0.1702 -0.5251
vn 0.8609 -0.0661 -0.5044
vn 0.7408 0.2027 -0.6404
vn 0.6839 0.2353 -0.6906
vn 0.6567 0.3705 -0.6568
vn 0.7452 0.3213 -0.5844
vn 0.8884 0.0850 -0.4511
vn 0.9016 0.2282 -0.3674
vn 0.7571 0.3835 -0.5289
vn 0.3566 0.5714 -0.7392
vn 0.6477 0.4352 -0.6254
vn 0.6594 0.4289 -0.6175
vn 0.4216 0.5008 -0.7559
vn -0.8303 0.4694 -0.3004
vn -0.4869 0.6078 -0.6273
vn -0.3631 0.6013 -0.7118
vn -0.7809 0.4996 -0.3748
vn -0.9564 0.2621 0.1288
vn -0.8801 0.0570 0.4714
vn -0.8947 0.1291 0.4277
vn -0.9440 0.3245 0.0594
vn -0.7093 0.5603 -0.4277
vn -0.2154 0.6199 -0.7545
vn -0.1400 0.6029 -0.7855
vn -0.6526 0.6033 -0.4584
vn -0.8033 0.0013 0.5956
vn -0.5877 -0.0489 0.8076
vn -0.5316 -0.0446 0.8458
vn -0.7795 0.0221 0.6260
vn -0.8953 0.2093 0.3932
vn -0.9140 0.4055 0.0132
vn -0.8879 0.2848 0.3614
vn -0.8818 0.4710 -0.0241
vn -0.1622 -0.1324 0.9778
vn 0.2234 -0.1817 0.9576
vn 0.2724 -0.1136 0.9555
vn -0.1043 -0.0988 0.9896
vn -0.3884 0.0049 0.9215
vn -0.7297 0.1236 0.6725
vn -0.7594 0.0647 0.6474
vn -0.4673 -0.0243 0.8838
vn 0.9258 -0.0409 0.3758
vn 0.6031 -0.0895 0.7926
vn 0.5425 -0.1990 0.8162
vn 0.9056 -0.1850 0.3817
vn 0.9998 -0.0178 -0.0108
vn 0.9997 -0.0134 -0.0192
vn 0.9898 -0.1425 0.0055
vn 0.9888 -0.1306 0.0728
vn -0.0436 -0.0769 0.9961
vn 0.3279 -0.0771 0.9416
vn 0.3927 -0.0760 0.9165
vn 0.0150 -0.0585 0.9982
vn 0.9756 0.1531 -0.1574
vn 0.9999 -0.0084 0.0087
vn 0.9890 0.0963 -0.1121
vn 0.9578 0.1816 -0.2229
vn 0.7249 -0.0139 0.6887
vn 0.9737 0.0699 0.2169
vn 0.9941 0.0987 -0.0442
vn 0.8441 -0.0294 0.5354
vn 0.9610 0.1407 -0.2382
vn 0.9882 0.0858 -0.1270
vn 0.7904 0.3601 -0.4955
vn 0.8998 0.2847 -0.3307
vn 0.9063 0.2439 -0.3452
vn 0.8379 0.2816 -0.4676
vn 0.5173 0.4259 -0.7423
vn 0.7146 0.3566 -0.6019
vn 0.7900 0.2735 -0.5487
vn 0.6677 0.3489 -0.6576
vn 0.9056 0.1927 -0.3778
vn 0.9238 0.1809 -0.3374
vn 0.8238 0.2391 -0.5140
vn 0.8791 0.1920 -0.4363
vn 0.9881 0.0915 -0.1239
vn 0.9722 0.1237 -0.1989
vn 0.8898 -0.0032 0.4563
vn 0.9084 0.0410 0.4160
vn 0.5051 0.0151 0.8629
vn 0.4588 -0.0344 0.8879
vn 0.9487 0.1932 -0.2503
vn 0.9163 0.1430 0.3742
vn 0.8054 0.5068 -0.3073
vn 0.7632 0.5650 0.3136
vn 0.4896 0.3030 0.8176
vn 0.5200 0.0938 0.8490
vn 0.0809 -0.0153 0.9966
vn 0.1400 0.0473 0.9890
vn -0.2933 0.0505 0.9547
vn -0.2302 0.1267 0.9649
vn -0.6135 0.2638 0.7443
vn -0.6723 0.1829 0.7173
vn -0.8712 0.3267 0.3664
vn -0.8374 0.3605 0.4108
vn 0.6227 0.4378 -0.6485
vn 0.2760 0.6181 -0.7360
vn -0.3265 0.8034 -0.4979
vn 0.2269 0.7706 -0.5956
vn -0.5455 0.6810 -0.4886
vn 0.0042 0.6130 -0.7900
vn -0.7928 0.6083 0.0364
vn -0.8447 0.5328 -0.0512
vn -0.6626 0.5063 0.5520
vn -0.2458 0.2834 0.9270
vn -0.3117 0.5539 0.7720
vn -0.5093 0.8541 0.1052
vn 0.0720 0.9912 0.1114
vn 0.1185 0.5015 0.8570
vn 0.1385 0.1557 0.9780
vn -0.4321 0.8942 0.1172
vn -0.1515 0.9666 -0.2066
vn -0.0411 0.9975 -0.0572
vn -0.3333 0.9070 0.2574
vn 0.0545 0.8966 -0.4395
vn 0.0368 0.8698 -0.4921
vn 0.1574 0.8697 -0.4678
vn 0.1628 0.8549 -0.4926
vn 0.1599 0.9591 -0.2335
vn 0.1030 0.9724 -0.2093
vn -0.4014 0.7668 0.5009
vn -0.3427 0.8658 0.3647
vn -0.3428 0.8243 0.4506
vn -0.4196 0.7401 0.5256
vn -0.1831 0.8974 0.4015
vn -0.0317 0.9026 0.4294
vn -0.0194 0.8381 0.5452
vn -0.1528 0.8425 0.5166
vn 0.0356 0.9464 0.3210
vn 0.0353 0.9596 0.2792
vn -0.4808 0.7057 0.5205
vn -0.4094 0.7464 0.5246
vn -0.4577 0.6494 0.6073
vn -0.5387 0.6747 0.5046
vn 0.1781 0.8744 -0.4514
vn 0.1963 0.8896 -0.4125
vn 0.1080 0.9809 -0.1616
vn 0.0786 0.9795 -0.1855
vn -0.2071 0.7508 0.6273
vn -0.0835 0.7874 0.6108
vn -0.1019 0.7335 0.6720
vn -0.2377 0.6197 0.7480
vn -0.0063 0.9262 0.3769
vn -0.0105 0.9369 0.3494
vn -0.4575 0.5243 0.7182
vn -0.5780 0.6491 0.4946
vn -0.3138 0.3599 0.8786
vn -0.5161 0.6137 0.5975
vn 0.1812 0.8833 -0.4323
vn 0.1403 0.8666 -0.4789
vn 0.0840 0.9555 -0.2828
vn 0.1241 0.9724 -0.1975
vn -0.0754 0.6800 0.7293
vn -0.2330 0.4444 0.8650
vn -0.1756 0.3343 0.9260
vn -0.1054 0.6836 0.7222
vn 0.0305 0.9323 0.3603
vn -0.0179 0.9647 0.2628
vn -0.4164 0.5174 0.7476
vn -0.3661 0.4171 0.8319
vn -0.3323 0.2143 0.9185
vn -0.4463 0.2037 0.8714
vn -0.2679 0.7371 0.6204
vn -0.3224 0.3395 0.8836
vn -0.4912 0.4105 0.7682
vn -0.3947 0.7793 0.4867
vn -0.3861 0.6080 0.6938
vn -0.0091 0.6406 0.7678
vn -0.1034 0.5685 0.8161
vn -0.2603 0.4711 0.8428
vn -0.5137 0.3282 0.7927
vn -0.3332 0.3766 0.8644
vn -0.4179 0.8254 0.3796
vn -0.5540 0.5530 0.6223
vn -0.4666 0.7381 0.4874
vn -0.3722 0.8639 0.3394
vn 0.1164 0.8579 -0.5004
vn 0.1650 0.8732 -0.4587
vn 0.0282 0.9476 -0.3183
vn 0.0255 0.9394 -0.3418
vn -0.1429 0.9819 0.1246
vn -0.2141 0.9761 0.0369
vn 0.2694 0.7790 0.5662
vn 0.0208 0.8724 0.4883
vn 0.3437 0.9258 0.1576
vn 0.4379 0.8844 0.1616
vn 0.4353 0.8186 -0.3748
vn 0.3608 0.7889 -0.4974
vn 0.4177 0.8207 -0.3898
vn 0.4427 0.8453 -0.2991
vn -0.1306 0.9517 0.2780
vn -0.1147 0.9850 0.1291
vn 0.2211 0.9705 -0.0959
vn 0.1977 0.9785 0.0590
vn 0.4744 0.8596 -0.1899
vn 0.4362 0.8871 -0.1510
vn 0.3844 0.8926 -0.2356
vn 0.3690 0.9215 -0.1209
vn 0.3886 0.8508 -0.3537
vn 0.2795 0.8996 -0.3355
vn 0.1079 0.9704 -0.2163
vn 0.3932 0.8603 -0.3244
vn -0.1837 0.9822 0.0382
vn 0.1197 -0.3379 -0.9335
vn -0.0753 -0.5659 -0.8210
vn 0.3772 -0.7654 -0.5214
vn 0.4501 -0.6390 -0.6238
vn 0.3866 -0.3620 -0.8482
vn 0.6019 -0.4559 -0.6556
vn 0.7378 -0.5971 -0.3148
vn 0.6527 -0.5835 -0.4833
vn 0.6500 -0.6915 -0.3152
vn 0.7561 -0.6380 -0.1456
vn 0.7107 -0.4988 -0.4960
vn 0.7248 -0.4988 -0.4752
vn 0.7515 -0.6269 -0.2054
vn 0.6536 -0.6935 -0.3033
vn 0.4728 -0.5338 -0.7011
vn 0.4921 -0.7728 -0.4007
vn 0.6004 -0.7995 0.0184
vn 0.5341 -0.8306 -0.1578
vn 0.6141 -0.7648 -0.1950
vn 0.5725 -0.8198 -0.0098
vn 0.4548 -0.8896 -0.0414
vn 0.2420 -0.9083 -0.3412
vn 0.7366 -0.6698 -0.0937
vn 0.1595 0.9194 -0.3596
vn 0.1705 0.9380 -0.3019
vn 0.1072 0.9637 -0.2446
vn 0.0746 0.9295 -0.3612
vn 0.0908 0.8905 -0.4459
vn 0.1760 0.9115 -0.3717
vn 0.1390 0.8844 -0.4455
vn 0.1956 0.9239 -0.3289
vn 0.2012 0.8995 -0.3879
vn 0.2049 0.9561 -0.2094
vn -0.4985 -0.2896 -0.8171
vn -0.4213 -0.3180 -0.8494
vn -0.0168 0.0307 -0.9994
vn -0.0595 0.0155 -0.9981
vn -0.0330 0.0835 -0.9960
vn -0.4678 -0.3403 -0.8157
vn 0.2802 0.3071 -0.9095
vn 0.2858 0.2829 -0.9156
vn -0.0730 -0.0372 -0.9966
vn -0.0200 0.0555 -0.9983
vn -0.1060 -0.1312 -0.9857
vn 0.3025 0.2948 -0.9064
vn -0.6350 -0.4183 -0.6495
vn -0.6219 -0.4486 -0.6419
vn -0.5546 -0.4166 -0.7203
vn -0.6077 -0.4539 -0.6516
vn -0.6068 -0.4444 -0.6590
vn -0.6537 -0.5300 -0.5401
vn 0.5078 0.6926 -0.5123
vn 0.5406 0.7158 -0.4421
vn 0.5251 0.7103 -0.4687
vn 0.5017 0.6808 -0.5337
vn 0.5275 0.7384 -0.4201
vn 0.5664 0.7271 -0.3879
vn 0.4919 0.7282 -0.4773
vn 0.5059 0.7031 -0.4997
vn 0.4828 0.6704 -0.5634
vn 0.6180 0.7610 -0.1974
vn 0.5801 0.7813 -0.2304
vn 0.6110 0.7864 -0.0906
vn 0.6265 0.7752 -0.0810
vn 0.5435 0.8318 -0.1126
vn 0.5217 0.7993 -0.2983
vn 0.6007 0.7780 -0.1840
vn 0.6003 0.7803 -0.1753
vn 0.5801 0.7670 -0.2743
vn 0.5748 0.7698 -0.2773
vn 0.5218 0.8047 -0.2832
vn 0.5338 0.8290 -0.1666
vn 0.5794 0.7832 -0.2256
vn 0.5864 0.7709 -0.2488
vn 0.6084 0.7847 -0.1189
vn 0.5916 0.8012 -0.0900
vn 0.6022 0.7882 -0.1267
vn 0.5516 0.7890 -0.2705
vn 0.6043 0.7853 0.1346
vn 0.6296 0.7674 0.1213
vn 0.6362 0.7621 0.1203
vn -0.3108 -0.6331 -0.7089
vn -0.5448 -0.4270 -0.7217
vn -0.2042 -0.3925 -0.8968
vn -0.3586 -0.2665 -0.8946
vn -0.6279 -0.3283 -0.7057
vn -0.1884 0.0107 -0.9820
vn -0.6724 -0.3456 -0.6545
vn -0.2925 0.0242 -0.9560
vn -0.6248 -0.3349 -0.7053
vn -0.4213 -0.1724 -0.8904
vn -0.4162 -0.0420 -0.9083
vn -0.6600 -0.3315 -0.6742
vn -0.6691 -0.3436 -0.6590
vn -0.3598 0.0087 -0.9330
vn -0.0517 -0.0585 -0.9969
vn -0.1553 0.0389 -0.9871
vn -0.0206 0.0761 -0.9969
vn -0.0599 0.0445 -0.9972
vn 0.2176 0.3345 -0.9169
vn -0.0257 0.0743 -0.9969
vn 0.1269 0.3003 -0.9454
vn -0.0821 0.0592 -0.9949
vn -0.0904 0.0718 -0.9933
vn -0.0460 0.0274 -0.9986
vn -0.0186 -0.0265 -0.9995
vn 0.0220 0.1437 -0.9894
vn 0.0649 0.2481 -0.9665
vn -0.0893 0.0081 -0.9960
vn -0.0888 0.0986 -0.9912
vn 0.0022 0.1087 -0.9941
vn -0.1277 0.1759 -0.9761
vn -0.1533 0.0615 -0.9863
vn -0.5093 -0.4240 -0.7489
vn -0.5182 -0.4341 -0.7369
vn -0.5476 -0.4284 -0.7187
vn -0.5005 -0.3384 -0.7969
vn -0.2436 -0.0289 -0.9694
vn -0.2429 0.1270 -0.9617
vn -0.3672 0.0292 -0.9297
vn -0.3654 -0.2226 -0.9039
vn -0.4848 -0.4089 -0.7732
vn -0.4655 -0.1704 -0.8685
vn 0.1028 0.4179 -0.9027
vn 0.2110 0.3934 -0.8948
vn 0.1601 0.5010 -0.8505
vn 0.1671 0.5284 -0.8324
vn 0.2058 0.2239 -0.9526
vn 0.0174 0.2786 -0.9603
vn -0.0646 0.1682 -0.9836
vn -0.3133 -0.1160 -0.9426
vn -0.2450 -0.0336 -0.9689
vn -0.0441 0.2213 -0.9742
vn -0.1976 0.0879 -0.9763
vn -0.0543 0.2773 -0.9592
vn -0.2282 0.1988 -0.9531
vn -0.0942 0.3294 -0.9395
vn -0.2283 0.2256 -0.9471
vn -0.1163 0.3335 -0.9356
vn -0.1704 0.2670 -0.9485
vn -0.0941 0.3696 -0.9244
vn 0.2859 0.5247 -0.8019
vn 0.0988 0.3505 -0.9314
vn 0.1056 0.3815 -0.9183
vn 0.2884 0.5450 -0.7873
vn 0.0899 0.4199 -0.9031
vn 0.2758 0.5512 -0.7875
vn 0.0792 0.5176 -0.8520
vn 0.0270 0.4809 -0.8764
vn 0.1801 0.5948 -0.7834
vn 0.1834 0.6146 -0.7672
vn 0.1835 0.5851 -0.7899
vn 0.0252 0.4549 -0.8902
vn 0.0556 0.4335 -0.8995
vn 0.2319 0.5456 -0.8053
vn 0.4254 0.6350 -0.6448
vn 0.4285 0.6436 -0.6341
vn 0.5269 0.6847 -0.5036
vn 0.4248 0.6202 -0.6595
vn 0.5335 0.6505 -0.5406
vn 0.3625 0.6303 -0.6865
vn 0.4424 0.6846 -0.5793
vn 0.2960 0.6688 -0.6820
vn 0.3622 0.7174 -0.5951
vn 0.2885 0.6767 -0.6773
vn 0.3521 0.7294 -0.5865
vn 0.2773 0.6710 -0.6876
vn 0.3669 0.7759 -0.5133
vn 0.2322 0.6204 -0.7492
vn 0.3619 0.7817 -0.5079
vn 0.5868 0.6826 -0.4355
vn 0.6300 0.6949 -0.3468
vn 0.5860 0.6673 -0.4597
vn 0.6298 0.7085 -0.3184
vn 0.4538 0.7874 -0.4172
vn 0.4062 0.7481 -0.5248
vn 0.3772 0.7550 -0.5364
vn 0.4111 0.7858 -0.4621
vn 0.4860 0.7198 -0.4957
vn 0.5420 0.7632 -0.3519
vn 0.4003 0.8742 -0.2748
vn 0.3875 0.8852 -0.2574
vn 0.4110 0.8970 -0.1624
vn 0.4272 0.8906 -0.1561
vn 0.6632 0.7366 -0.1327
vn 0.6549 0.7543 -0.0455
vn 0.6736 0.7335 -0.0909
vn 0.6805 0.7324 -0.0237
vn 0.4232 0.8752 -0.2343
vn 0.4428 0.8891 -0.1161
vn 0.5333 0.8415 -0.0859
vn 0.5211 0.8281 -0.2068
vn 0.6119 0.7798 -0.1322
vn 0.6344 0.7714 -0.0493
vn 0.2832 0.8999 -0.3316
vn 0.2433 0.9152 -0.3212
vn 0.3133 0.9078 -0.2787
vn 0.3756 0.8749 -0.3058
vn 0.3745 0.9087 -0.1846
vn 0.4165 0.8827 -0.2177
vn 0.6267 0.7596 -0.1738
vn 0.6023 0.7558 -0.2569
vn 0.6625 0.7337 -0.1509
vn 0.6439 0.7347 -0.2135
vn 0.4464 0.8695 -0.2114
vn 0.4371 0.8441 -0.3107
vn 0.5067 0.8229 -0.2569
vn 0.5172 0.8375 -0.1764
vn 0.6210 0.7688 -0.1526
vn 0.6047 0.7668 -0.2151
vn 0.3180 0.9038 -0.2863
vn 0.3570 0.9170 -0.1780
vn 0.4422 0.8969 -0.0042
vn 0.3954 0.8905 -0.2250
vn 0.3414 0.9371 -0.0729
vn 0.4116 0.9033 0.1208
vn 0.6123 0.7718 -0.1713
vn 0.6260 0.7791 -0.0336
vn 0.6570 0.7440 -0.1216
vn 0.6680 0.7440 0.0162
vn 0.4596 0.8625 -0.2116
vn 0.4869 0.8731 0.0241
vn 0.5664 0.8240 0.0155
vn 0.5349 0.8252 -0.1815
vn 0.6192 0.7746 -0.1287
vn 0.6370 0.7703 0.0299
vn 0.4094 0.8624 0.2979
vn 0.4616 0.8450 0.2700
vn 0.5621 0.7903 0.2439
vn 0.4887 0.8274 0.2767
vn 0.6317 0.7575 0.1646
vn 0.6675 0.7202 0.1891
vn 0.6360 0.7412 0.2148
vn 0.8052 0.1881 -0.5623
vn 0.6717 0.1186 -0.7313
vn 0.1086 0.1673 -0.9799
vn 0.3232 0.4025 -0.8565
vn 0.6525 -0.1610 -0.7405
vn 0.4111 -0.4807 -0.7745
vn -0.4216 -0.4269 -0.8000
vn 0.0162 0.0071 -0.9998
vn 0.3357 -0.2343 -0.9124
vn 0.8020 0.2022 -0.5621
vn 0.2728 0.3020 -0.9135
vn -0.2724 -0.1970 -0.9418
vn 0.5501 -0.5020 -0.6674
vn 0.3588 -0.7264 -0.5862
vn -0.5908 -0.5749 -0.5660
vn -0.3733 -0.3937 -0.8400
vn 0.6669 -0.1330 -0.7332
vn 0.6426 -0.1848 -0.7436
vn -0.1930 -0.1826 -0.9641
vn -0.0722 -0.0487 -0.9962
vn 0.8818 0.3039 -0.3608
vn 0.8528 0.3193 -0.4133
vn 0.4357 0.5230 -0.7326
vn 0.4821 0.5711 -0.6644
vn 0.8681 0.3889 -0.3085
vn 0.8909 0.3250 -0.3174
vn 0.4956 0.6205 -0.6078
vn 0.4664 0.6530 -0.5967
vn 0.8606 0.4119 -0.2995
vn 0.8712 0.3710 -0.3214
vn 0.4312 0.6755 -0.5981
vn 0.4508 0.7483 -0.4866
vn 0.8488 0.4994 -0.1738
vn 0.8632 0.4755 -0.1696
vn 0.4743 0.8144 -0.3344
vn 0.4463 0.8185 -0.3617
vn 0.8196 0.5242 -0.2311
vn 0.8542 0.4771 -0.2066
vn 0.3975 0.7917 -0.4638
vn 0.4037 0.8472 -0.3453
vn -0.1068 0.1151 -0.9876
vn -0.3370 -0.1382 -0.9313
vn -0.3520 -0.1209 -0.9282
vn -0.0903 0.1357 -0.9866
vn 0.4225 0.6201 -0.6611
vn 0.2812 0.5013 -0.8183
vn 0.4108 0.6074 -0.6799
vn 0.2690 0.4887 -0.8300
vn 0.0658 0.3011 -0.9513
vn 0.0855 0.3155 -0.9451
vn -0.2710 -0.1817 -0.9453
vn -0.5380 -0.4765 -0.6953
vn -0.0736 0.0627 -0.9953
vn -0.0375 0.0027 -0.9993
vn -0.2081 -0.2125 -0.9547
vn -0.4722 -0.4769 -0.7413
vn -0.4719 -0.4340 -0.7675
vn -0.0209 0.0806 -0.9965
vn 0.0364 0.0036 -0.9993
vn -0.4550 -0.4619 -0.7613
vn -0.4398 -0.4326 -0.7870
vn 0.0335 -0.0073 -0.9994
vn 0.3397 0.3625 -0.8678
vn -0.1596 -0.1954 -0.9677
vn -0.2359 -0.1593 -0.9586
vn 0.3662 0.3470 -0.8634
vn 0.3212 0.3111 -0.8945
vn -0.2635 -0.1789 -0.9479
vn -0.6496 -0.6037 -0.4621
vn -0.6434 -0.6012 -0.4739
vn -0.4184 -0.4264 -0.8020
vn -0.6192 -0.5799 -0.5294
vn -0.1791 -0.2043 -0.9624
vn -0.0354 -0.0421 -0.9985
vn 0.4901 0.6970 -0.5235
vn 0.4665 0.6596 -0.5894
vn 0.4702 0.7082 -0.5267
vn 0.4631 0.6958 -0.5490
vn 0.4854 0.6836 -0.5450
vn 0.4721 0.6321 -0.6144
vn 0.4076 0.5969 -0.6911
vn 0.2764 0.4748 -0.8355
vn 0.4300 0.5658 -0.7035
vn 0.3154 0.4406 -0.8405
vn 0.4945 0.6495 -0.5776
vn 0.4896 0.5907 -0.6414
vn 0.4651 0.6799 -0.5670
vn 0.4505 0.5296 -0.7187
vn 0.3398 0.4096 -0.8466
vn 0.4826 0.7703 -0.4169
vn 0.5002 0.8418 -0.2029
vn 0.5049 0.8045 -0.3129
vn 0.4618 0.7293 -0.5048
vn 0.4409 0.6994 -0.5625
vn 0.4838 0.7734 -0.4097
vn 0.4719 0.8649 -0.1712
vn 0.4258 0.8558 -0.2938
vn 0.4172 0.8528 -0.3142
vn 0.4907 0.8453 -0.2115
vn 0.5037 0.8200 -0.2719
vn 0.4530 0.8250 -0.3378
vn 0.4331 0.8480 -0.3055
vn 0.5103 0.8503 -0.1287
vn 0.3895 0.9042 -0.1754
vn 0.3551 0.8590 -0.3688
vn 0.3652 0.8217 -0.4375
vn 0.3621 0.8949 -0.2610
vn 0.5618 0.8188 0.1183
vn 0.4326 0.8964 0.0969
vn 0.3898 0.9199 0.0430
vn 0.4346 0.9006 0.0006
vn 0.1353 0.1775 -0.9748
vn 0.1223 0.2199 -0.9678
vn 0.0823 0.2681 -0.9599
vn 0.8551 0.4749 0.2081
vn 0.8412 0.5394 0.0368
vn 0.2760 -0.9494 -0.1499
vn 0.7530 0.3433 0.5614
vn 0.8030 0.4630 0.3753
vn 0.7960 0.3130 0.5181
vn 0.7704 0.2647 0.5800
vn 0.7473 0.2258 0.6250
vn 0.7720 0.3014 0.5596
vn 0.7339 0.0951 0.6725
vn 0.7285 0.1269 0.6731
vn 0.6861 0.0136 0.7274
vn 0.7055 0.0576 0.7064
vn 0.5930 -0.2119 0.7768
vn 0.6324 -0.1098 0.7668
vn 0.4971 -0.6136 0.6136
vn 0.4770 -0.5603 0.6771
vn 0.4404 -0.7282 0.5252
vn 0.4453 -0.3120 0.8393
vn 0.5467 -0.1543 0.8230
vn 0.2397 -0.7836 0.5732
vn 0.5321 -0.3710 0.7610
s 1
usemtl _17174_Tiamat_v1default
f 1//1 2//2 3//3 4//4
f 5//5 6//6 3//3 2//2
f 7//7 8//8 3//3 6//6
f 4//4 3//3 8//8 9//9
f 10//10 11//11 12//12 13//13
f 8//8 12//12 11//11 9//9
f 14//14 12//12 8//8 7//7
f 14//14 15//15 13//13
f 16//16 4//4 9//9 17//17
f 18//18 19//19 16//16 17//17
f 20//20 21//21 16//16 19//19
f 4//4 16//16 21//21 1//1
f 22//22 23//23 18//18 17//17
f 11//11 22//22 17//17 9//9
f 10//10 24//24 22//22 11//11
f 23//23 22//22 24//24 25//25
f 25//25 24//24 26//26 27//27
f 13//13 26//26 24//24 10//10
f 15//15 28//28 26//26 13//13
f 27//27 26//26 28//28 29//29
f 5//5 30//30 31//31 32//32
f 33//33 31//31 30//30 34//34
f 35//35 36//36 31//31 33//33
f 32//32 31//31 36//36 37//37
f 7//7 6//6 38//38 39//39
f 32//32 38//38 6//6 5//5
f 37//37 40//40 38//38 32//32
f 39//39 38//38 40//40 41//41
f 42//42 14//14 7//7
f 43//43 42//42 39//39 41//41
f 44//44 45//45 42//42 43//43
f 14//14 42//42 45//45 15//15
f 46//46 47//47 45//45 44//44
f 48//48 47//47 46//46 49//49
f 47//47 48//48 29//29
f 28//28 15//15 45//45
f 50//50 51//51 52//52 53//53
f 23//23 50//50 53//53 18//18
f 25//25 54//54 50//50 23//23
f 51//51 50//50 54//54 55//55
f 56//56 57//57 55//55
f 27//27 56//56 54//54 25//25
f 29//29 58//58 56//56 27//27
f 58//58 59//59 57//57
f 58//58 60//60 61//61 59//59
f 58//58 29//29 48//48
f 48//48 49//49 62//62
f 60//60 62//62 63//63
f 63//63 62//62 64//64 65//65
f 62//62 49//49 66//66
f 67//67 64//64 66//66 68//68
f 67//67 69//69 65//65
f 69//69 67//67 70//70 71//71
f 70//70 67//67 68//68 72//72
f 73//73 74//74 70//70 72//72
f 75//75 71//71 70//70 74//74
f 76//76 77//77 78//78 79//79
f 74//74 78//78 77//77 75//75
f 80//80 78//78 74//74 73//73
f 79//79 78//78 80//80 81//81
f 82//82 83//83 84//84 85//85
f 86//86 87//87 84//84 83//83
f 88//88 84//84 87//87 89//89
f 85//85 84//84 88//88 35//35
f 37//37 36//36 90//90 91//91
f 88//88 90//90 36//36 35//35
f 89//89 92//92 90//90 88//88
f 91//91 90//90 92//92 93//93
f 94//94 95//95 41//41
f 91//91 94//94 40//40 37//37
f 93//93 96//96 94//94 91//91
f 95//95 94//94 96//96 97//97
f 41//41 95//95 98//98 43//43
f 99//99 98//98 95//95 97//97
f 100//100 101//101 98//98 99//99
f 43//43 98//98 101//101 44//44
f 44//44 101//101 102//102 46//46
f 103//103 102//102 101//101 100//100
f 102//102 103//103 104//104 105//105
f 46//46 102//102 105//105 49//49
f 68//68 66//66 106//106 107//107
f 105//105 106//106 66//66 49//49
f 104//104 108//108 106//106 105//105
f 107//107 106//106 108//108 109//109
f 72//72 110//110 111//111 73//73
f 107//107 110//110 72//72 68//68
f 109//109 112//112 110//110 107//107
f 111//111 110//110 112//112 113//113
f 73//73 111//111 114//114 80//80
f 113//113 115//115 114//114 111//111
f 116//116 114//114 115//115 117//117
f 81//81 80//80 114//114 116//116
f 86//86 118//118 119//119 87//87
f 120//120 119//119 118//118 121//121
f 122//122 123//123 119//119 120//120
f 87//87 119//119 123//123 89//89
f 123//123 124//124 92//92 89//89
f 125//125 124//124 123//123 122//122
f 126//126 127//127 124//124 125//125
f 93//93 92//92 124//124 127//127
f 128//128 129//129 130//130 131//131
f 97//97 96//96 130//130 129//129
f 127//127 130//130 96//96 93//93
f 131//131 130//130 127//127 126//126
f 131//131 132//132 133//133 128//128
f 134//134 132//132 131//131 126//126
f 132//132 134//134 135//135
f 97//97 129//129 136//136 99//99
f 137//137 136//136 129//129 128//128
f 138//138 139//139 136//136 137//137
f 99//99 136//136 139//139 100//100
f 104//104 103//103 140//140 141//141
f 139//139 140//140 103//103 100//100
f 142//142 140//140 139//139 138//138
f 143//143 141//141 140//140 142//142
f 109//109 108//108 144//144 145//145
f 141//141 144//144 108//108 104//104
f 146//146 144//144 141//141 143//143
f 147//147 145//145 144//144 146//146
f 148//148 149//149 150//150 151//151
f 113//113 112//112 150//150 149//149
f 145//145 150//150 112//112 109//109
f 151//151 150//150 145//145 147//147
f 152//152 153//153 154//154 155//155
f 153//153 55//55 57//57
f 59//59 156//156 154//154 57//57
f 155//155 154//154 156//156 157//157
f 158//158 159//159 160//160 161//161
f 155//155 160//160 159//159 152//152
f 157//157 162//162 160//160 155//155
f 161//161 160//160 162//162 163//163
f 157//157 156//156 164//164 165//165
f 61//61 164//164 156//156 59//59
f 63//63 166//166 164//164 61//61
f 165//165 164//164 166//166 167//167
f 163//163 162//162 168//168 169//169
f 165//165 168//168 162//162 157//157
f 167//167 170//170 168//168 165//165
f 169//169 168//168 170//170 171//171
f 172//172 173//173 174//174 175//175
f 169//169 174//174 173//173 163//163
f 171//171 176//176 174//174 169//169
f 175//175 174//174 176//176 177//177
f 167//167 166//166 178//178 179//179
f 65//65 178//178 166//166 63//63
f 69//69 180//180 178//178 65//65
f 179//179 178//178 180//180 181//181
f 182//182 183//183 184//184 185//185
f 186//186 184//184 183//183 187//187
f 177//177 176//176 184//184 186//186
f 185//185 184//184 176//176 171//171
f 171//171 170//170 188//188 185//185
f 179//179 188//188 170//170 167//167
f 181//181 189//189 188//188 179//179
f 185//185 188//188 189//189 182//182
f 190//190 191//191 181//181
f 71//71 190//190 180//180 69//69
f 75//75 192//192 190//190 71//71
f 192//192 193//193 191//191
f 194//194 195//195 193//193
f 77//77 194//194 192//192 75//75
f 76//76 196//196 194//194 77//77
f 195//195 194//194 196//196 197//197
f 182//182 189//189 198//198 199//199
f 191//191 198//198 189//189 181//181
f 193//193 200//200 198//198 191//191
f 199//199 198//198 200//200 201//201
f 187//187 183//183 202//202 203//203
f 199//199 202//202 183//183 182//182
f 201//201 204//204 202//202 199//199
f 203//203 202//202 204//204 205//205
f 201//201 200//200 206//206 207//207
f 195//195 206//206 200//200 193//193
f 197//197 208//208 206//206 195//195
f 207//207 206//206 208//208 209//209
f 205//205 204//204 210//210 211//211
f 207//207 210//210 204//204 201//201
f 209//209 212//212 210//210 207//207
f 211//211 210//210 212//212 213//213
f 209//209 208//208 214//214 215//215
f 216//216 214//214 208//208 197//197
f 217//217 218//218 214//214 216//216
f 215//215 214//214 218//218 219//219
f 213//213 212//212 220//220 221//221
f 215//215 220//220 212//212 209//209
f 219//219 222//222 220//220 215//215
f 221//221 220//220 222//222 223//223
f 223//223 222//222 224//224 225//225
f 226//226 224//224 222//222 219//219
f 227//227 228//228 224//224 226//226
f 225//225 224//224 228//228 229//229
f 230//230 231//231 232//232 233//233
f 234//234 232//232 231//231 235//235
f 229//229 228//228 232//232 234//234
f 233//233 232//232 228//228 227//227
f 235//235 231//231 236//236 237//237
f 238//238 236//236 231//231 230//230
f 239//239 240//240 236//236 238//238
f 237//237 236//236 240//240 241//241
f 135//135 242//242 243//243 133//133
f 244//244 243//243 242//242 245//245
f 246//246 247//247 243//243 244//244
f 133//133 243//243 247//247 128//128
f 247//247 248//248 137//137 128//128
f 249//249 248//248 247//247 246//246
f 250//250 251//251 248//248 249//249
f 137//137 248//248 251//251 138//138
f 138//138 251//251 252//252 142//142
f 253//253 252//252 251//251 250//250
f 254//254 255//255 252//252 253//253
f 142//142 252//252 255//255 143//143
f 143//143 255//255 256//256 146//146
f 257//257 256//256 255//255 254//254
f 258//258 259//259 256//256 257//257
f 146//146 256//256 259//259 147//147
f 254//254 260//260 261//261 257//257
f 262//262 261//261 260//260 263//263
f 264//264 265//265 261//261 262//262
f 257//257 261//261 265//265 258//258
f 266//266 267//267 268//268 269//269
f 175//175 268//268 267//267 172//172
f 177//177 270//270 268//268 175//175
f 269//269 268//268 270//270 271//271
f 271//271 270//270 272//272 273//273
f 186//186 272//272 270//270 177//177
f 187//187 274//274 272//272 186//186
f 273//273 272//272 274//274 275//275
f 275//275 274//274 276//276 277//277
f 203//203 276//276 274//274 187//187
f 205//205 278//278 276//276 203//203
f 277//277 276//276 278//278 279//279
f 279//279 278//278 280//280 281//281
f 211//211 280//280 278//278 205//205
f 213//213 282//282 280//280 211//211
f 281//281 280//280 282//282 283//283
f 283//283 282//282 284//284 285//285
f 221//221 284//284 282//282 213//213
f 223//223 286//286 284//284 221//221
f 285//285 284//284 286//286 287//287
f 287//287 286//286 288//288 289//289
f 225//225 288//288 286//286 223//223
f 229//229 290//290 288//288 225//225
f 289//289 288//288 290//290 291//291
f 291//291 290//290 292//292 293//293
f 234//234 292//292 290//290 229//229
f 235//235 294//294 292//292 234//234
f 293//293 292//292 294//294 295//295
f 295//295 294//294 296//296 297//297
f 237//237 296//296 294//294 235//235
f 241//241 298//298 296//296 237//237
f 297//297 296//296 298//298 299//299
f 300//300 301//301 302//302 303//303
f 304//304 302//302 301//301 305//305
f 266//266 306//306 302//302 304//304
f 303//303 302//302 306//306 307//307
f 307//307 306//306 308//308 309//309
f 269//269 308//308 306//306 266//266
f 271//271 310//310 308//308 269//269
f 309//309 308//308 310//310 311//311
f 311//311 310//310 312//312 313//313
f 273//273 312//312 310//310 271//271
f 275//275 314//314 312//312 273//273
f 313//313 312//312 314//314 315//315
f 315//315 314//314 316//316 317//317
f 277//277 316//316 314//314 275//275
f 279//279 318//318 316//316 277//277
f 317//317 316//316 318//318 319//319
f 319//319 318//318 320//320 321//321
f 281//281 320//320 318//318 279//279
f 283//283 322//322 320//320 281//281
f 321//321 320//320 322//322 323//323
f 323//323 322//322 324//324 325//325
f 285//285 324//324 322//322 283//283
f 287//287 326//326 324//324 285//285
f 325//325 324//324 326//326 327//327
f 327//327 326//326 328//328 329//329
f 289//289 328//328 326//326 287//287
f 291//291 330//330 328//328 289//289
f 329//329 328//328 330//330 331//331
f 331//331 330//330 332//332 333//333
f 293//293 332//332 330//330 291//291
f 295//295 334//334 332//332 293//293
f 333//333 332//332 334//334 335//335
f 336//336 337//337 338//338 339//339
f 340//340 338//338 337//337 341//341
f 300//300 342//342 338//338 340//340
f 339//339 338//338 342//342 343//343
f 343//343 342//342 344//344 345//345
f 303//303 344//344 342//342 300//300
f 307//307 346//346 344//344 303//303
f 345//345 344//344 346//346 347//347
f 347//347 346//346 348//348 349//349
f 309//309 348//348 346//346 307//307
f 311//311 350//350 348//348 309//309
f 349//349 348//348 350//350 351//351
f 351//351 350//350 352//352 353//353
f 313//313 352//352 350//350 311//311
f 315//315 354//354 352//352 313//313
f 353//353 352//352 354//354 355//355
f 355//355 354//354 356//356 357//357
f 317//317 356//356 354//354 315//315
f 319//319 358//358 356//356 317//317
f 357//357 356//356 358//358 359//359
f 359//359 358//358 360//360 361//361
f 321//321 360//360 358//358 319//319
f 323//323 362//362 360//360 321//321
f 361//361 360//360 362//362 363//363
f 363//363 362//362 364//364 365//365
f 325//325 364//364 362//362 323//323
f 327//327 366//366 364//364 325//325
f 365//365 364//364 366//366 367//367
f 367//367 366//366 368//368 369//369
f 329//329 368//368 366//366 327//327
f 331//331 370//370 368//368 329//329
f 369//369 368//368 370//370 371//371
f 371//371 370//370 372//372 373//373
f 333//333 372//372 370//370 331//331
f 335//335 374//374 372//372 333//333
f 373//373 372//372 374//374 375//375
f 376//376 377//377 378//378 379//379
f 85//85 377//377 376//376 82//82
f 35//35 380//380 377//377 85//85
f 378//378 377//377 380//380 381//381
f 382//382 383//383 34//34
f 30//30 5//5 2//2
f 1//1 384//384 382//382 2//2
f 383//383 382//382 384//384 385//385
f 1//1 21//21 386//386 384//384
f 387//387 386//386 21//21 20//20
f 388//388 389//389 386//386 387//387
f 384//384 386//386 389//389 385//385
f 388//388 390//390 391//391 389//389
f 392//392 391//391 390//390 393//393
f 394//394 395//395 391//391 392//392
f 395//395 385//385 389//389
f 381//381 380//380 396//396 397//397
f 33//33 396//396 380//380 35//35
f 34//34 383//383 396//396 33//33
f 397//397 396//396 383//383 385//385
f 394//394 398//398 399//399 395//395
f 398//398 381//381 397//397
f 397//397 385//385 395//395
f 400//400 401//401 402//402 403//403
f 404//404 402//402 401//401 405//405
f 406//406 407//407 402//402 404//404
f 403//403 402//402 407//407 408//408
f 408//408 407//407 409//409 410//410
f 411//411 409//409 407//407 406//406
f 412//412 413//413 409//409 411//411
f 410//410 409//409 413//413 414//414
f 414//414 413//413 415//415 416//416
f 417//417 415//415 413//413 412//412
f 418//418 419//419 415//415 417//417
f 416//416 415//415 419//419 420//420
f 420//420 419//419 421//421 422//422
f 423//423 421//421 419//419 418//418
f 424//424 425//425 421//421 423//423
f 422//422 421//421 425//425 426//426
f 427//427 428//428 429//429 430//430
f 431//431 429//429 428//428 426//426
f 432//432 433//433 429//429 431//431
f 430//430 429//429 433//433 434//434
f 435//435 436//436 437//437 438//438
f 436//436 432//432 431//431
f 426//426 425//425 437//437 431//431
f 438//438 437//437 425//425 424//424
f 439//439 440//440 441//441 442//442
f 376//376 441//441 440//440 82//82
f 379//379 443//443 441//441 376//376
f 442//442 441//441 443//443 444//444
f 445//445 446//446 447//447 448//448
f 83//83 447//447 446//446 86//86
f 82//82 440//440 447//447 83//83
f 448//448 447//447 440//440 439//439
f 121//121 449//449 450//450 120//120
f 451//451 450//450 449//449 452//452
f 453//453 454//454 450//450 451//451
f 120//120 450//450 454//454 122//122
f 122//122 454//454 455//455 125//125
f 456//456 455//455 454//454 453//453
f 457//457 455//455 456//456 458//458
f 125//125 455//455 457//457 126//126
f 245//245 242//242 459//459 460//460
f 134//134 459//459 242//242 135//135
f 126//126 457//457 459//459 134//134
f 460//460 459//459 457//457 458//458
f 121//121 118//118 461//461 462//462
f 446//446 461//461 118//118 86//86
f 445//445 463//463 461//461 446//446
f 463//463 464//464 462//462
f 465//465 466//466 467//467
f 442//442 465//465 468//468 439//439
f 444//444 469//469 465//465 442//442
f 466//466 465//465 469//469 470//470
f 464//464 463//463 471//471 472//472
f 448//448 471//471 463//463 445//445
f 439//439 468//468 471//471 448//448
f 468//468 467//467 472//472
f 452//452 449//449 473//473 474//474
f 462//462 473//473 449//449 121//121
f 462//462 464//464 474//474
f 452//452 475//475 476//476 451//451
f 477//477 476//476 475//475 478//478
f 479//479 480//480 476//476 477//477
f 451//451 476//476 480//480 453//453
f 464//464 481//481 482//482 474//474
f 483//483 482//482 481//481 484//484
f 478//478 475//475 482//482 483//483
f 474//474 482//482 475//475 452//452
f 485//485 486//486 484//484
f 481//481 464//464 472//472
f 485//485 472//472 467//467
f 487//487 488//488 486//486
f 489//489 490//490 488//488
f 467//467 491//491 489//489 487//487
f 490//490 489//489 491//491 492//492
f 493//493 494//494 492//492
f 466//466 493//493 491//491 467//467
f 470//470 495//495 493//493 466//466
f 495//495 496//496 494//494
f 497//497 498//498 499//499 500//500
f 490//490 499//499 498//498 488//488
f 492//492 501//501 499//499 490//490
f 501//501 502//502 500//500
f 503//503 504//504 505//505 506//506
f 486//486 505//505 504//504 484//484
f 488//488 498//498 505//505 486//486
f 506//506 505//505 498//498 497//497
f 507//507 508//508 509//509 510//510
f 483//483 509//509 508//508 478//478
f 484//484 504//504 509//509 483//483
f 510//510 509//509 504//504 503//503
f 511//511 512//512 513//513 514//514
f 479//479 477//477 512//512 511//511
f 478//478 508//508 512//512 477//477
f 513//513 512//512 508//508 507//507
f 515//515 516//516 517//517 518//518
f 495//495 517//517 516//516 496//496
f 519//519 517//517 495//495 470//470
f 518//518 517//517 519//519 520//520
f 405//405 521//521 522//522 404//404
f 523//523 522//522 521//521 524//524
f 525//525 526//526 522//522 523//523
f 404//404 522//522 526//526 406//406
f 527//527 528//528 529//529 530//530
f 518//518 529//529 528//528 515//515
f 520//520 531//531 529//529 518//518
f 530//530 529//529 531//531 532//532
f 524//524 533//533 534//534 523//523
f 530//530 534//534 533//533 527//527
f 532//532 535//535 534//534 530//530
f 523//523 534//534 535//535 525//525
f 470//470 469//469 536//536 519//519
f 537//537 536//536 469//469 444//444
f 538//538 539//539 536//536 537//537
f 519//519 536//536 539//539 520//520
f 406//406 526//526 540//540 411//411
f 541//541 540//540 526//526 525//525
f 542//542 543//543 540//540 541//541
f 411//411 540//540 543//543 412//412
f 520//520 539//539 544//544 531//531
f 545//545 544//544 539//539 538//538
f 546//546 547//547 544//544 545//545
f 531//531 544//544 547//547 532//532
f 542//542 541//541 548//548 549//549
f 535//535 548//548 541//541 525//525
f 532//532 547//547 548//548 535//535
f 549//549 548//548 547//547 546//546
f 444//444 443//443 550//550 537//537
f 551//551 550//550 443//443 379//379
f 550//550 551//551 552//552
f 553//553 538//538 537//537
f 412//412 543//543 554//554 417//417
f 555//555 554//554 543//543 542//542
f 556//556 557//557 554//554 555//555
f 417//417 554//554 557//557 418//418
f 558//558 545//545 538//538
f 553//553 552//552 559//559
f 560//560 561//561 558//558 559//559
f 545//545 558//558 561//561 546//546
f 556//556 555//555 562//562 563//563
f 549//549 562//562 555//555 542//542
f 546//546 561//561 562//562 549//549
f 563//563 562//562 561//561 560//560
f 556//556 564//564 565//565 557//557
f 566//566 565//565 564//564 567//567
f 423//423 565//565 566//566 424//424
f 418//418 557//557 565//565 423//423
f 379//379 378//378 568//568 551//551
f 569//569 568//568 378//378 381//381
f 568//568 569//569 570//570
f 571//571 552//552 551//551
f 552//552 571//571 572//572 559//559
f 573//573 572//572 571//571 570//570
f 574//574 575//575 572//572 573//573
f 559//559 572//572 575//575 560//560
f 567//567 564//564 576//576 577//577
f 563//563 576//576 564//564 556//556
f 560//560 575//575 576//576 563//563
f 577//577 576//576 575//575 574//574
f 438//438 578//578 579//579 435//435
f 424//424 566//566 578//578 438//438
f 567//567 580//580 578//578 566//566
f 580//580 581//581 579//579
f 582//582 583//583 584//584
f 569//569 582//582 585//585 570//570
f 582//582 569//569 381//381
f 583//583 582//582 398//398 394//394
f 581//581 580//580 586//586 587//587
f 577//577 586//586 580//580 567//567
f 586//586 577//577 574//574
f 587//587 586//586 588//588 589//589
f 589//589 588//588 590//590 591//591
f 573//573 590//590 588//588 574//574
f 570//570 585//585 590//590 573//573
f 591//591 590//590 585//585 584//584
f 305//305 301//301 592//592 593//593
f 340//340 592//592 301//301 300//300
f 341//341 594//594 592//592 340//340
f 593//593 592//592 594//594 595//595
f 596//596 597//597 598//598
f 51//51 596//596 599//599 52//52
f 596//596 51//51 55//55
f 597//597 596//596 153//153 152//152
f 593//593 600//600 601//601 305//305
f 595//595 602//602 600//600 593//593
f 603//603 600//600 602//602 604//604
f 605//605 601//601 600//600 603//603
f 606//606 607//607 173//173 172//172
f 608//608 607//607 606//606 605//605
f 158//158 161//161 607//607 608//608
f 163//163 173//173 607//607 161//161
f 605//605 609//609 610//610 608//608
f 597//597 610//610 609//609 598//598
f 152//152 159//159 610//610 597//597
f 608//608 610//610 159//159 158//158
f 604//604 611//611 612//612 603//603
f 598//598 609//609 612//612 611//611
f 603//603 612//612 609//609 605//605
f 172//172 267//267 613//613 606//606
f 304//304 613//613 267//267 266//266
f 305//305 601//601 613//613 304//304
f 606//606 613//613 601//601 605//605
f 453//453 480//480 614//614 456//456
f 480//480 479//479 615//615
f 616//616 617//617 614//614 615//615
f 456//456 614//614 617//617 458//458
f 615//615 618//618 619//619 616//616
f 511//511 618//618 615//615 479//479
f 514//514 620//620 618//618 511//511
f 621//621 619//619 618//618 620//620
f 622//622 621//621 620//620
f 623//623 624//624 620//620 514//514
f 625//625 622//622 624//624
f 507//507 626//626 627//627 513//513
f 626//626 628//628 629//629
f 627//627 629//629 625//625
f 514//514 513//513 627//627 623//623
f 503//503 630//630 631//631 510//510
f 632//632 631//631 630//630 633//633
f 628//628 626//626 631//631 632//632
f 510//510 631//631 626//626 507//507
f 633//633 630//630 634//634 635//635
f 506//506 634//634 630//630 503//503
f 497//497 636//636 634//634 506//506
f 635//635 634//634 636//636 637//637
f 637//637 636//636 638//638 639//639
f 500//500 638//638 636//636 497//497
f 502//502 640//640 638//638 500//500
f 639//639 638//638 640//640 641//641
f 642//642 643//643 644//644 645//645
f 639//639 643//643 642//642 637//637
f 641//641 644//644 643//643 639//639
f 646//646 647//647 648//648 649//649
f 635//635 648//648 647//647 633//633
f 637//637 642//642 648//648 635//635
f 649//649 648//648 642//642 645//645
f 650//650 651//651 652//652 653//653
f 632//632 652//652 651//651 628//628
f 633//633 647//647 652//652 632//632
f 653//653 652//652 647//647 646//646
f 629//629 654//654 655//655 625//625
f 628//628 651//651 654//654 629//629
f 650//650 656//656 654//654 651//651
f 655//655 654//654 656//656 657//657
f 658//658 659//659 660//660
f 621//621 622//622 661//661 660//660
f 625//625 655//655 661//661 622//622
f 657//657 658//658 661//661 655//655
f 616//616 619//619 662//662 663//663
f 660//660 662//662 619//619 621//621
f 662//662 660//660 659//659
f 664//664 665//665 663//663
f 663//663 666//666 617//617 616//616
f 665//665 667//667 666//666 663//663
f 666//666 667//667 668//668
f 617//617 666//666 669//669 458//458
f 670//670 460//460 458//458
f 669//669 668//668 671//671
f 672//672 673//673 670//670 671//671
f 673//673 245//245 460//460
f 245//245 673//673 674//674 244//244
f 675//675 674//674 673//673 672//672
f 676//676 677//677 674//674 675//675
f 244//244 674//674 677//677 246//246
f 246//246 677//677 678//678 249//249
f 679//679 678//678 677//677 676//676
f 678//678 679//679 680//680
f 249//249 678//678 681//681 250//250
f 263//263 260//260 682//682 683//683
f 253//253 682//682 260//260 254//254
f 250//250 681//681 682//682 253//253
f 683//683 682//682 681//681 680//680
f 684//684 685//685 686//686
f 687//687 688//688 686//686 689//689
f 690//690 684//684 688//688 687//687
f 680//680 691//691 692//692 683//683
f 693//693 692//692 691//691 685//685
f 694//694 695//695 692//692 693//693
f 683//683 692//692 695//695 263//263
f 263//263 695//695 696//696 262//262
f 697//697 696//696 695//695 694//694
f 698//698 699//699 696//696 697//697
f 262//262 696//696 699//699 264//264
f 264//264 699//699 700//700 701//701
f 702//702 700//700 699//699 698//698
f 703//703 704//704 700//700 702//702
f 701//701 700//700 704//704 705//705
f 706//706 707//707 705//705
f 706//706 704//704 703//703
f 708//708 706//706 709//709 710//710
f 706//706 708//708 711//711 707//707
f 147//147 259//259 712//712 151//151
f 713//713 712//712 259//259 258//258
f 714//714 715//715 712//712 713//713
f 151//151 712//712 715//715 148//148
f 258//258 265//265 716//716 713//713
f 265//265 264//264 701//701
f 716//716 701//701 705//705
f 713//713 716//716 717//717 714//714
f 714//714 717//717 718//718 719//719
f 707//707 718//718 717//717 705//705
f 711//711 720//720 718//718 707//707
f 719//719 718//718 720//720 721//721
f 722//722 115//115 113//113 149//149
f 723//723 722//722 149//149 148//148
f 724//724 725//725 722//722 723//723
f 117//117 115//115 722//722 725//725
f 148//148 715//715 726//726 723//723
f 719//719 726//726 715//715 714//714
f 721//721 727//727 726//726 719//719
f 723//723 726//726 727//727 724//724
f 721//721 728//728 729//729 727//727
f 730//730 731//731 729//729 728//728
f 724//724 727//727 729//729 731//731
f 711//711 732//732 733//733 720//720
f 734//734 733//733 732//732 735//735
f 730//730 728//728 733//733 734//734
f 720//720 733//733 728//728 721//721
f 736//736 693//693 685//685
f 684//684 690//690 737//737
f 738//738 739//739 736//736 737//737
f 693//693 736//736 739//739 694//694
f 740//740 741//741 742//742 743//743
f 744//744 742//742 741//741 745//745
f 746//746 747//747 742//742 744//744
f 743//743 742//742 747//747 690//690
f 738//738 737//737 748//748 749//749
f 737//737 690//690 747//747
f 749//749 748//748 747//747 746//746
f 694//694 739//739 750//750 697//697
f 751//751 750//750 739//739 738//738
f 752//752 753//753 750//750 751//751
f 697//697 750//750 753//753 698//698
f 752//752 751//751 754//754 755//755
f 754//754 751//751 738//738 749//749
f 746//746 756//756 754//754 749//749
f 755//755 754//754 756//756 757//757
f 757//757 756//756 758//758 759//759
f 744//744 758//758 756//756 746//746
f 745//745 760//760 758//758 744//744
f 759//759 758//758 760//760 761//761
f 762//762 702//702 698//698
f 763//763 762//762 753//753 752//752
f 764//764 762//762 763//763 765//765
f 703//703 702//702 762//762 764//764
f 765//765 763//763 766//766 767//767
f 755//755 766//766 763//763 752//752
f 757//757 768//768 766//766 755//755
f 767//767 766//766 768//768 769//769
f 769//769 768//768 770//770 771//771
f 759//759 770//770 768//768 757//757
f 761//761 772//772 770//770 759//759
f 771//771 770//770 772//772 773//773
f 740//740 774//774 775//775 741//741
f 776//776 775//775 774//774 777//777
f 778//778 779//779 775//775 776//776
f 745//745 741//741 775//775 779//779
f 779//779 780//780 760//760 745//745
f 781//781 780//780 779//779 778//778
f 782//782 783//783 780//780 781//781
f 760//760 780//780 783//783 761//761
f 761//761 783//783 784//784 772//772
f 785//785 784//784 783//783 782//782
f 786//786 787//787 784//784 785//785
f 772//772 784//784 787//787 773//773
f 773//773 787//787 788//788 789//789
f 790//790 788//788 787//787 786//786
f 791//791 792//792 788//788 790//790
f 789//789 788//788 792//792 793//793
f 786//786 794//794 795//795 790//790
f 796//796 795//795 794//794 797//797
f 798//798 799//799 795//795 796//796
f 790//790 795//795 799//799 791//791
f 800//800 689//689 801//801
f 801//801 802//802 803//803
f 804//804 800//800 805//805 803//803
f 689//689 800//800 806//806 687//687
f 807//807 806//806 800//800 804//804
f 808//808 809//809 806//806 807//807
f 687//687 806//806 809//809 690//690
f 777//777 774//774 810//810 811//811
f 743//743 810//810 774//774 740//740
f 690//690 809//809 810//810 743//743
f 811//811 810//810 809//809 808//808
f 811//811 812//812 813//813 777//777
f 814//814 812//812 811//811 808//808
f 815//815 813//813 812//812 814//814
f 777//777 813//813 816//816 776//776
f 817//817 816//816 813//813 815//815
f 818//818 819//819 816//816 817//817
f 776//776 816//816 819//819 778//778
f 778//778 819//819 820//820 781//781
f 821//821 820//820 819//819 818//818
f 822//822 823//823 820//820 821//821
f 781//781 820//820 823//823 782//782
f 797//797 794//794 824//824 825//825
f 785//785 824//824 794//794 786//786
f 782//782 823//823 824//824 785//785
f 825//825 824//824 823//823 822//822
f 802//802 826//826 827//827 803//803
f 828//828 827//827 826//826 829//829
f 830//830 831//831 827//827 828//828
f 803//803 827//827 831//831 804//804
f 804//804 831//831 832//832 807//807
f 833//833 832//832 831//831 830//830
f 834//834 835//835 832//832 833//833
f 807//807 832//832 835//835 808//808
f 836//836 837//837 838//838 839//839
f 840//840 836//836 839//839 841//841
f 840//840 834//834 833//833
f 830//830 837//837 836//836 833//833
f 808//808 835//835 842//842 814//814
f 843//843 842//842 835//835 834//834
f 844//844 845//845 842//842 843//843
f 814//814 842//842 845//845 815//815
f 843//843 846//846 847//847 844//844
f 834//834 840//840 846//846 843//843
f 841//841 848//848 846//846 840//840
f 847//847 846//846 848//848 849//849
f 815//815 845//845 850//850 817//817
f 851//851 850//850 845//845 844//844
f 852//852 853//853 850//850 851//851
f 817//817 850//850 853//853 818//818
f 854//854 855//855 856//856 857//857
f 851//851 856//856 855//855 852//852
f 844//844 847//847 856//856 851//851
f 857//857 856//856 847//847 849//849
f 818//818 853//853 858//858 821//821
f 859//859 858//858 853//853 852//852
f 858//858 859//859 860//860 861//861
f 821//821 858//858 861//861 822//822
f 862//862 863//863 864//864 865//865
f 859//859 864//864 863//863 860//860
f 852//852 855//855 864//864 859//859
f 855//855 854//854 865//865
f 866//866 867//867 868//868 869//869
f 870//870 868//868 867//867 871//871
f 872//872 873//873 868//868 870//870
f 869//869 868//868 873//873 874//874
f 875//875 876//876 877//877 878//878
f 879//879 877//877 876//876 880//880
f 881//881 882//882 877//877 879//879
f 878//878 877//877 882//882 883//883
f 884//884 885//885 886//886 887//887
f 878//878 886//886 885//885 875//875
f 883//883 888//888 886//886 878//878
f 887//887 886//886 888//888 889//889
f 889//889 890//890 891//891 887//887
f 869//869 891//891 890//890 866//866
f 874//874 892//892 891//891 869//869
f 887//887 891//891 892//892 884//884
f 880//880 876//876 893//893 894//894
f 895//895 893//893 876//876 875//875
f 896//896 897//897 893//893 895//895
f 894//894 893//893 897//897 898//898
f 899//899 900//900 901//901 902//902
f 895//895 901//901 900//900 896//896
f 875//875 885//885 901//901 895//895
f 902//902 901//901 885//885 884//884
f 884//884 892//892 903//903 902//902
f 892//892 874//874 904//904
f 905//905 906//906 903//903 904//904
f 902//902 903//903 906//906 899//899
f 898//898 897//897 907//907 908//908
f 909//909 907//907 897//897 896//896
f 910//910 911//911 907//907 909//909
f 908//908 907//907 911//911 912//912
f 829//829 826//826 913//913 914//914
f 915//915 913//913 826//826 802//802
f 916//916 917//917 913//913 915//915
f 914//914 913//913 917//917 918//918
f 912//912 911//911 919//919 920//920
f 921//921 919//919 911//911 910//910
f 922//922 923//923 919//919 921//921
f 920//920 919//919 923//923 924//924
f 925//925 926//926 927//927 928//928
f 909//909 927//927 926//926 910//910
f 896//896 900//900 927//927 909//909
f 928//928 927//927 900//900 899//899
f 922//922 921//921 929//929 930//930
f 910//910 926//926 929//929 921//921
f 929//929 926//926 925//925
f 899//899 906//906 931//931 928//928
f 932//932 931//931 906//906 905//905
f 931//931 932//932 933//933
f 928//928 931//931 934//934 925//925
f 935//935 930//930 925//925
f 934//934 933//933 936//936
f 935//935 936//936 937//937
f 938//938 922//922 930//930
f 918//918 917//917 939//939 940//940
f 941//941 939//939 917//917 916//916
f 924//924 923//923 939//939 941//941
f 940//940 939//939 923//923 922//922
f 874//874 873//873 942//942 904//904
f 943//943 942//942 873//873 872//872
f 944//944 945//945 942//942 943//943
f 904//904 942//942 945//945 905//905
f 905//905 945//945 946//946 932//932
f 947//947 946//946 945//945 944//944
f 948//948 949//949 946//946 947//947
f 932//932 946//946 949//949 933//933
f 948//948 947//947 950//950 951//951
f 947//947 944//944 952//952
f 953//953 954//954 950//950 952//952
f 951//951 950//950 954//954 955//955
f 956//956 957//957 958//958 959//959
f 940//940 958//958 957//957 918//918
f 922//922 938//938 958//958 940//940
f 959//959 958//958 938//938 937//937
f 937//937 936//936 960//960 959//959
f 949//949 960//960 936//936 933//933
f 948//948 961//961 960//960 949//949
f 959//959 960//960 961//961 956//956
f 829//829 962//962 963//963 828//828
f 964//964 963//963 962//962 965//965
f 838//838 837//837 963//963 964//964
f 828//828 963//963 837//837 830//830
f 966//966 967//967 968//968 969//969
f 967//967 956//956 961//961
f 951//951 968//968 961//961 948//948
f 951//951 955//955 969//969
f 965//965 962//962 970//970 971//971
f 962//962 829//829 914//914
f 970//970 914//914 918//918
f 971//971 970//970 957//957 956//956
f 971//971 972//972 973//973 965//965
f 956//956 967//967 972//972 971//971
f 966//966 973//973 972//972 967//967
f 974//974 975//975 976//976 977//977
f 339//339 976//976 975//975 336//336
f 343//343 978//978 976//976 339//339
f 977//977 976//976 978//978 979//979
f 979//979 978//978 980//980 981//981
f 345//345 980//980 978//978 343//343
f 347//347 982//982 980//980 345//345
f 981//981 980//980 982//982 983//983
f 984//984 985//985 986//986 987//987
f 982//982 986//986 985//985 983//983
f 349//349 986//986 982//982 347//347
f 351//351 987//987 986//986 349//349
f 984//984 987//987 988//988 989//989
f 353//353 988//988 987//987 351//351
f 355//355 990//990 988//988 353//353
f 989//989 988//988 990//990 991//991
f 991//991 990//990 992//992 993//993
f 357//357 992//992 990//990 355//355
f 359//359 994//994 992//992 357//357
f 993//993 992//992 994//994 995//995
f 995//995 994//994 996//996 997//997
f 361//361 996//996 994//994 359//359
f 363//363 998//998 996//996 361//361
f 997//997 996//996 998//998 999//999
f 999//999 998//998 1000//1000 1001//1001
f 365//365 1000//1000 998//998 363//363
f 367//367 1002//1002 1000//1000 365//365
f 1001//1001 1000//1000 1002//1002 1003//1003
f 1003//1003 1002//1002 1004//1004 1005//1005
f 369//369 1004//1004 1002//1002 367//367
f 371//371 1006//1006 1004//1004 369//369
f 1005//1005 1004//1004 1006//1006 1007//1007
f 1008//1008 1009//1009 1010//1010 1011//1011
f 1006//1006 1010//1010 1009//1009 1007//1007
f 373//373 1010//1010 1006//1006 371//371
f 375//375 1011//1011 1010//1010 373//373
f 1012//1012 1013//1013 1014//1014 1015//1015
f 1009//1009 1013//1013 1012//1012 1007//1007
f 1016//1016 1013//1013 1009//1009 1008//1008
f 1017//1017 1014//1014 1013//1013 1016//1016
f 1018//1018 1019//1019 1020//1020 1021//1021
f 1022//1022 1020//1020 1019//1019 1023//1023
f 974//974 977//977 1020//1020 1022//1022
f 1021//1021 1020//1020 977//977 979//979
f 1024//1024 1025//1025 1026//1026 1027//1027
f 1021//1021 1026//1026 1025//1025 1018//1018
f 979//979 981//981 1026//1026 1021//1021
f 1027//1027 1026//1026 981//981 983//983
f 1028//1028 1029//1029 1030//1030 1031//1031
f 1027//1027 1030//1030 1029//1029 1024//1024
f 983//983 985//985 1030//1030 1027//1027
f 1031//1031 1030//1030 985//985 984//984
f 1032//1032 1033//1033 1034//1034 1035//1035
f 1031//1031 1034//1034 1033//1033 1028//1028
f 984//984 989//989 1034//1034 1031//1031
f 1034//1034 989//989 991//991 1035//1035
f 1036//1036 1037//1037 1038//1038 1039//1039
f 1035//1035 1038//1038 1037//1037 1032//1032
f 993//993 1038//1038 1035//1035 991//991
f 995//995 1039//1039 1038//1038 993//993
f 1040//1040 1041//1041 1042//1042 1043//1043
f 1039//1039 1042//1042 1041//1041 1036//1036
f 997//997 1042//1042 1039//1039 995//995
f 999//999 1043//1043 1042//1042 997//997
f 1040//1040 1043//1043 1044//1044 1045//1045
f 1001//1001 1044//1044 1043//1043 999//999
f 1003//1003 1046//1046 1044//1044 1001//1001
f 1045//1045 1044//1044 1046//1046 1047//1047
f 1048//1048 1049//1049 1050//1050
f 1047//1047 1046//1046 1051//1051 1050//1050
f 1005//1005 1051//1051 1046//1046 1003//1003
f 1048//1048 1051//1051 1005//1005 1007//1007
f 1049//1049 1048//1048 1052//1052 1053//1053
f 1012//1012 1052//1052 1048//1048 1007//1007
f 1015//1015 1054//1054 1052//1052 1012//1012
f 1053//1053 1052//1052 1054//1054 1055//1055
f 1023//1023 1019//1019 1056//1056 1057//1057
f 1058//1058 1056//1056 1019//1019 1018//1018
f 1059//1059 1060//1060 1056//1056 1058//1058
f 1057//1057 1056//1056 1060//1060 1061//1061
f 1018//1018 1025//1025 1062//1062 1058//1058
f 1063//1063 1062//1062 1025//1025 1024//1024
f 1064//1064 1065//1065 1062//1062 1063//1063
f 1058//1058 1062//1062 1065//1065 1059//1059
f 1024//1024 1029//1029 1066//1066 1063//1063
f 1067//1067 1066//1066 1029//1029 1028//1028
f 1068//1068 1069//1069 1066//1066 1067//1067
f 1063//1063 1066//1066 1069//1069 1064//1064
f 1028//1028 1033//1033 1070//1070 1067//1067
f 1071//1071 1070//1070 1033//1033 1032//1032
f 1072//1072 1073//1073 1070//1070 1071//1071
f 1067//1067 1070//1070 1073//1073 1068//1068
f 1074//1074 1075//1075 1076//1076 1077//1077
f 1078//1078 1076//1076 1075//1075 1079//1079
f 1061//1061 1060//1060 1076//1076 1078//1078
f 1077//1077 1076//1076 1060//1060 1059//1059
f 1080//1080 1081//1081 1082//1082 1083//1083
f 1077//1077 1081//1081 1080//1080 1074//1074
f 1059//1059 1065//1065 1081//1081 1077//1077
f 1082//1082 1081//1081 1065//1065 1064//1064
f 1084//1084 1085//1085 1086//1086 1087//1087
f 1083//1083 1082//1082 1085//1085 1084//1084
f 1064//1064 1069//1069 1085//1085 1082//1082
f 1086//1086 1085//1085 1069//1069 1068//1068
f 1088//1088 1089//1089 1090//1090 1091//1091
f 1092//1092 1093//1093 1088//1088 1091//1091
f 1094//1094 1088//1088 1093//1093 1095//1095
f 1089//1089 1088//1088 1094//1094 1096//1096
f 1096//1096 1094//1094 1097//1097 1098//1098
f 1099//1099 1097//1097 1094//1094 1095//1095
f 1100//1100 1101//1101 1097//1097 1099//1099
f 1098//1098 1097//1097 1101//1101 1102//1102
f 1102//1102 1101//1101 1103//1103 1104//1104
f 1105//1105 1103//1103 1101//1101 1100//1100
f 1106//1106 1107//1107 1103//1103 1105//1105
f 1104//1104 1103//1103 1107//1107 1108//1108
f 1108//1108 1107//1107 1109//1109 1110//1110
f 1111//1111 1109//1109 1107//1107 1106//1106
f 1112//1112 1113//1113 1109//1109 1111//1111
f 1110//1110 1109//1109 1113//1113 1114//1114
f 1114//1114 1113//1113 1115//1115 1116//1116
f 1117//1117 1115//1115 1113//1113 1112//1112
f 1118//1118 1119//1119 1115//1115 1117//1117
f 1116//1116 1115//1115 1119//1119 1120//1120
f 1120//1120 1119//1119 1121//1121 1122//1122
f 1123//1123 1121//1121 1119//1119 1118//1118
f 1124//1124 1125//1125 1121//1121 1123//1123
f 1122//1122 1121//1121 1125//1125 1126//1126
f 1127//1127 1128//1128 1129//1129 1130//1130
f 1127//1127 1130//1130 1126//1126 1125//1125
f 1131//1131 1127//1127 1125//1125 1124//1124
f 1132//1132 1128//1128 1127//1127 1131//1131
f 1129//1129 1128//1128 1133//1133 1134//1134
f 1135//1135 1133//1133 1128//1128 1132//1132
f 1136//1136 1137//1137 1133//1133 1135//1135
f 1134//1134 1133//1133 1137//1137 1138//1138
f 1139//1139 1140//1140 1141//1141 1142//1142
f 1137//1137 1141//1141 1140//1140 1138//1138
f 1143//1143 1141//1141 1137//1137 1136//1136
f 1144//1144 1142//1142 1141//1141 1143//1143
f 1145//1145 1146//1146 1139//1139 1142//1142
f 1147//1147 1145//1145 1142//1142 1144//1144
f 1148//1148 1149//1149 1145//1145 1147//1147
f 1146//1146 1145//1145 1149//1149 1150//1150
f 1151//1151 1152//1152 1153//1153 1154//1154
f 1153//1153 1152//1152 1155//1155 1156//1156
f 1099//1099 1153//1153 1156//1156 1100//1100
f 1154//1154 1153//1153 1099//1099 1095//1095
f 1155//1155 1157//1157 1158//1158 1159//1159
f 1080//1080 1158//1158 1157//1157 1074//1074
f 1083//1083 1160//1160 1158//1158 1080//1080
f 1159//1159 1158//1158 1160//1160 1161//1161
f 1161//1161 1162//1162 1163//1163 1159//1159
f 1105//1105 1163//1163 1162//1162 1106//1106
f 1100//1100 1156//1156 1163//1163 1105//1105
f 1159//1159 1163//1163 1156//1156 1155//1155
f 1161//1161 1160//1160 1164//1164 1165//1165
f 1084//1084 1164//1164 1160//1160 1083//1083
f 1087//1087 1166//1166 1164//1164 1084//1084
f 1165//1165 1164//1164 1166//1166 1167//1167
f 1167//1167 1168//1168 1169//1169 1165//1165
f 1111//1111 1169//1169 1168//1168 1112//1112
f 1106//1106 1162//1162 1169//1169 1111//1111
f 1165//1165 1169//1169 1162//1162 1161//1161
f 1170//1170 1171//1171 1172//1172 1173//1173
f 1117//1117 1172//1172 1171//1171 1118//1118
f 1112//1112 1168//1168 1172//1172 1117//1117
f 1173//1173 1172//1172 1168//1168 1167//1167
f 1123//1123 1174//1174 1175//1175 1124//1124
f 1118//1118 1171//1171 1174//1174 1123//1123
f 1176//1176 1174//1174 1171//1171 1170//1170
f 1177//1177 1175//1175 1174//1174 1176//1176
f 1178//1178 1179//1179 1180//1180 1181//1181
f 1131//1131 1180//1180 1179//1179 1132//1132
f 1124//1124 1175//1175 1180//1180 1131//1131
f 1181//1181 1180//1180 1175//1175 1177//1177
f 1182//1182 1183//1183 1184//1184 1185//1185
f 1135//1135 1184//1184 1183//1183 1136//1136
f 1132//1132 1179//1179 1184//1184 1135//1135
f 1185//1185 1184//1184 1179//1179 1178//1178
f 1186//1186 1187//1187 1188//1188 1189//1189
f 1143//1143 1188//1188 1187//1187 1144//1144
f 1136//1136 1183//1183 1188//1188 1143//1143
f 1189//1189 1188//1188 1183//1183 1182//1182
f 1190//1190 1191//1191 1192//1192
f 1193//1193 1190//1190 1194//1194 1079//1079
f 1151//1151 1195//1195 1190//1190 1193//1193
f 1191//1191 1190//1190 1195//1195 1196//1196
f 1095//1095 1093//1093 1197//1197 1154//1154
f 1198//1198 1197//1197 1093//1093 1092//1092
f 1196//1196 1195//1195 1197//1197 1198//1198
f 1154//1154 1197//1197 1195//1195 1151//1151
f 1079//1079 1075//1075 1199//1199 1193//1193
f 1157//1157 1199//1199 1075//1075 1074//1074
f 1155//1155 1152//1152 1199//1199 1157//1157
f 1193//1193 1199//1199 1152//1152 1151//1151
f 393//393 390//390 1200//1200 1201//1201
f 387//387 1200//1200 390//390 388//388
f 20//20 1202//1202 1200//1200 387//387
f 1201//1201 1200//1200 1202//1202 1203//1203
f 1202//1202 1204//1204 1205//1205 1203//1203
f 19//19 1204//1204 1202//1202 20//20
f 18//18 53//53 1204//1204 19//19
f 1205//1205 1204//1204 53//53 52//52
f 1206//1206 584//584 583//583
f 392//392 1207//1207 583//583 394//394
f 393//393 1208//1208 1207//1207 392//392
f 1209//1209 1206//1206 1207//1207 1208//1208
f 1210//1210 1211//1211 1212//1212
f 1212//1212 1203//1203 1205//1205
f 52//52 599//599 1213//1213 1205//1205
f 599//599 598//598 1210//1210
f 1214//1214 1215//1215 1216//1216 1217//1217
f 1215//1215 1209//1209 1208//1208
f 393//393 1201//1201 1216//1216 1208//1208
f 1217//1217 1216//1216 1201//1201 1203//1203
f 1217//1217 1218//1218 1219//1219 1214//1214
f 1203//1203 1212//1212 1218//1218 1217//1217
f 1211//1211 1219//1219 1218//1218 1212//1212
f 584//584 1206//1206 1220//1220 591//591
f 1206//1206 1209//1209 1221//1221
f 1222//1222 1223//1223 1220//1220 1221//1221
f 591//591 1220//1220 1223//1223 589//589
f 1211//1211 1210//1210 1224//1224 1225//1225
f 611//611 1224//1224 1210//1210 598//598
f 604//604 1226//1226 1224//1224 611//611
f 1225//1225 1224//1224 1226//1226 1227//1227
f 1228//1228 1229//1229 1230//1230 1231//1231
f 1221//1221 1230//1230 1229//1229 1222//1222
f 1209//1209 1215//1215 1230//1230 1221//1221
f 1231//1231 1230//1230 1215//1215 1214//1214
f 1214//1214 1219//1219 1232//1232 1231//1231
f 1225//1225 1232//1232 1219//1219 1211//1211
f 1227//1227 1233//1233 1232//1232 1225//1225
f 1231//1231 1232//1232 1233//1233 1228//1228
f 1234//1234 1226//1226 604//604 602//602
f 1235//1235 1234//1234 602//602 595//595
f 1236//1236 1234//1234 1235//1235 1237//1237
f 1227//1227 1226//1226 1234//1234 1236//1236
f 1238//1238 1239//1239 1240//1240 1241//1241
f 587//587 1240//1240 1239//1239 581//581
f 589//589 1223//1223 1240//1240 587//587
f 1241//1241 1240//1240 1223//1223 1222//1222
f 1222//1222 1229//1229 1242//1242 1241//1241
f 1243//1243 1242//1242 1229//1229 1228//1228
f 1244//1244 1245//1245 1242//1242 1243//1243
f 1241//1241 1242//1242 1245//1245 1238//1238
f 1228//1228 1233//1233 1246//1246 1243//1243
f 1236//1236 1246//1246 1233//1233 1227//1227
f 1237//1237 1247//1247 1246//1246 1236//1236
f 1243//1243 1246//1246 1247//1247 1244//1244
f 435//435 579//579 1248//1248 1249//1249
f 579//579 581//581 1239//1239
f 1238//1238 1250//1250 1248//1248 1239//1239
f 1249//1249 1248//1248 1250//1250 1251//1251
f 1251//1251 1252//1252 1253//1253 1249//1249
f 432//432 436//436 1253//1253 1252//1252
f 1249//1249 1253//1253 436//436 435//435
f 1237//1237 1235//1235 1254//1254 1255//1255
f 1254//1254 1235//1235 595//595
f 1256//1256 1254//1254 594//594 341//341
f 1255//1255 1254//1254 1256//1256 1257//1257
f 1258//1258 1259//1259 1260//1260 1261//1261
f 1250//1250 1260//1260 1259//1259 1251//1251
f 1238//1238 1245//1245 1260//1260 1250//1250
f 1261//1261 1260//1260 1245//1245 1244//1244
f 1244//1244 1247//1247 1262//1262 1261//1261
f 1255//1255 1262//1262 1247//1247 1237//1237
f 1257//1257 1263//1263 1262//1262 1255//1255
f 1263//1263 1258//1258 1261//1261
f 432//432 1252//1252 1264//1264 433//433
f 1265//1265 1264//1264 1252//1252 1251//1251
f 1266//1266 1267//1267 1264//1264 1265//1265
f 433//433 1264//1264 1267//1267 434//434
f 1268//1268 1269//1269 1270//1270 1271//1271
f 1256//1256 1270//1270 1269//1269 1257//1257
f 341//341 337//337 1270//1270 1256//1256
f 1271//1271 1270//1270 337//337 336//336
f 1266//1266 1265//1265 1272//1272 1273//1273
f 1259//1259 1272//1272 1265//1265 1251//1251
f 1272//1272 1259//1259 1258//1258 1274//1274
f 1273//1273 1272//1272 1274//1274 1275//1275
f 1258//1258 1263//1263 1276//1276 1274//1274
f 1276//1276 1263//1263 1257//1257 1269//1269
f 1277//1277 1276//1276 1269//1269 1268//1268
f 1274//1274 1276//1276 1277//1277 1275//1275
f 1278//1278 1279//1279 1280//1280 1281//1281
f 430//430 1279//1279 1278//1278 427//427
f 434//434 1282//1282 1279//1279 430//430
f 1283//1283 1280//1280 1279//1279 1282//1282
f 1284//1284 1285//1285 1286//1286 1287//1287
f 1271//1271 1286//1286 1285//1285 1268//1268
f 336//336 975//975 1286//1286 1271//1271
f 1287//1287 1286//1286 975//975 974//974
f 434//434 1267//1267 1288//1288 1282//1282
f 1266//1266 1289//1289 1288//1288 1267//1267
f 1282//1282 1288//1288 1289//1289 1283//1283
f 1290//1290 1291//1291 1281//1281
f 1292//1292 1290//1290 1280//1280 1283//1283
f 1293//1293 1294//1294 1290//1290 1292//1292
f 1291//1291 1290//1290 1294//1294 1192//1192
f 1196//1196 1295//1295 1296//1296 1191//1191
f 1295//1295 1281//1281 1291//1291
f 1296//1296 1291//1291 1192//1192 1191//1191
f 1287//1287 1297//1297 1298//1298 1284//1284
f 974//974 1022//1022 1297//1297 1287//1287
f 1023//1023 1299//1299 1297//1297 1022//1022
f 1298//1298 1297//1297 1299//1299 1192//1192
f 1300//1300 1301//1301 1294//1294 1293//1293
f 1284//1284 1298//1298 1301//1301 1300//1300
f 1294//1294 1301//1301 1298//1298 1192//1192
f 1023//1023 1057//1057 1302//1302 1299//1299
f 1078//1078 1302//1302 1057//1057 1061//1061
f 1079//1079 1194//1194 1302//1302 1078//1078
f 1194//1194 1192//1192 1299//1299
f 1268//1268 1285//1285 1303//1303 1277//1277
f 1300//1300 1303//1303 1285//1285 1284//1284
f 1293//1293 1304//1304 1303//1303 1300//1300
f 1277//1277 1303//1303 1304//1304 1275//1275
f 1283//1283 1289//1289 1305//1305 1292//1292
f 1273//1273 1305//1305 1289//1289 1266//1266
f 1275//1275 1304//1304 1305//1305 1273//1273
f 1292//1292 1305//1305 1304//1304 1293//1293
f 1306//1306 1307//1307 1281//1281
f 1198//1198 1306//1306 1295//1295 1196//1196
f 1092//1092 1308//1308 1306//1306 1198//1198
f 1307//1307 1306//1306 1308//1308 1309//1309
f 1091//1091 1310//1310 1308//1308 1092//1092
f 1311//1311 1310//1310 1091//1091 1090//1090
f 1312//1312 1313//1313 1310//1310 1311//1311
f 1308//1308 1310//1310 1313//1313 1309//1309
f 1314//1314 1315//1315 1316//1316 1317//1317
f 400//400 403//403 1315//1315 1314//1314
f 408//408 1318//1318 1315//1315 403//403
f 1316//1316 1315//1315 1318//1318 1319//1319
f 1319//1319 1318//1318 1320//1320 1321//1321
f 410//410 1320//1320 1318//1318 408//408
f 414//414 1322//1322 1320//1320 410//410
f 1321//1321 1320//1320 1322//1322 1323//1323
f 420//420 1324//1324 1325//1325 416//416
f 1326//1326 1325//1325 1324//1324 1327//1327
f 1323//1323 1322//1322 1325//1325 1326//1326
f 416//416 1325//1325 1322//1322 414//414
f 426//426 428//428 1328//1328 422//422
f 1329//1329 1328//1328 428//428 427//427
f 1327//1327 1324//1324 1328//1328 1329//1329
f 422//422 1328//1328 1324//1324 420//420
f 427//427 1278//1278 1330//1330 1329//1329
f 1307//1307 1330//1330 1278//1278 1281//1281
f 1309//1309 1331//1331 1330//1330 1307//1307
f 1329//1329 1330//1330 1331//1331 1327//1327
f 1332//1332 1333//1333 1334//1334 1335//1335
f 1326//1326 1334//1334 1333//1333 1323//1323
f 1334//1334 1326//1326 1327//1327
f 1335//1335 1334//1334 1336//1336 1337//1337
f 1331//1331 1338//1338 1336//1336 1327//1327
f 1339//1339 1338//1338 1331//1331 1309//1309
f 1337//1337 1336//1336 1338//1338 1339//1339
f 1340//1340 1341//1341 1342//1342 1343//1343
f 1339//1339 1342//1342 1341//1341 1337//1337
f 1342//1342 1339//1339 1309//1309
f 1313//1313 1312//1312 1343//1343
f 1337//1337 1341//1341 1344//1344 1335//1335
f 1341//1341 1340//1340 1345//1345
f 1346//1346 1347//1347 1344//1344 1345//1345
f 1335//1335 1344//1344 1347//1347 1332//1332
f 1348//1348 1349//1349 1350//1350 1351//1351
f 870//870 1350//1350 1349//1349 872//872
f 871//871 1352//1352 1350//1350 870//870
f 1351//1351 1350//1350 1352//1352 1353//1353
f 1354//1354 1355//1355 1356//1356 1357//1357
f 943//943 1356//1356 1355//1355 944//944
f 872//872 1349//1349 1356//1356 943//943
f 1357//1357 1356//1356 1349//1349 1348//1348
f 944//944 1355//1355 1358//1358 952//952
f 1359//1359 1358//1358 1355//1355 1354//1354
f 1360//1360 1361//1361 1358//1358 1359//1359
f 952//952 1358//1358 1361//1361 953//953
f 953//953 1361//1361 1362//1362 954//954
f 1361//1361 1360//1360 1363//1363
f 1364//1364 1365//1365 1362//1362 1363//1363
f 954//954 1362//1362 1365//1365 955//955
f 955//955 1365//1365 1366//1366 969//969
f 1367//1367 1366//1366 1365//1365 1364//1364
f 1368//1368 1369//1369 1366//1366 1367//1367
f 969//969 1366//1366 1369//1369 966//966
f 1370//1370 1371//1371 1372//1372
f 973//973 1370//1370 1373//1373 965//965
f 966//966 1369//1369 1370//1370 973//973
f 1371//1371 1370//1370 1369//1369 1368//1368
f 1373//1373 1374//1374 964//964 965//965
f 1375//1375 1374//1374 1373//1373 1372//1372
f 1376//1376 1377//1377 1374//1374 1375//1375
f 838//838 964//964 1374//1374 1377//1377
f 1376//1376 1378//1378 1379//1379 1377//1377
f 1380//1380 1379//1379 1378//1378 1381//1381
f 841//841 839//839 1379//1379 1380//1380
f 1377//1377 1379//1379 839//839 838//838
f 849//849 848//848 1382//1382 1383//1383
f 1380//1380 1382//1382 848//848 841//841
f 1381//1381 1384//1384 1382//1382 1380//1380
f 1383//1383 1382//1382 1384//1384 1385//1385
f 1383//1383 1386//1386 857//857 849//849
f 1385//1385 1387//1387 1386//1386 1383//1383
f 1388//1388 1386//1386 1387//1387 1389//1389
f 857//857 1386//1386 1388//1388 854//854
f 862//862 865//865 1390//1390 1391//1391
f 854//854 1388//1388 1390//1390 865//865
f 1389//1389 1392//1392 1390//1390 1388//1388
f 1391//1391 1390//1390 1392//1392 1393//1393
f 1364//1364 1394//1394 1395//1395 1367//1367
f 1396//1396 1395//1395 1394//1394 1397//1397
f 1398//1398 1399//1399 1395//1395 1396//1396
f 1367//1367 1395//1395 1399//1399 1368//1368
f 1368//1368 1399//1399 1400//1400 1371//1371
f 1401//1401 1400//1400 1399//1399 1398//1398
f 1402//1402 1403//1403 1400//1400 1401//1401
f 1371//1371 1400//1400 1403//1403 1372//1372
f 1372//1372 1403//1403 1404//1404 1375//1375
f 1405//1405 1404//1404 1403//1403 1402//1402
f 1406//1406 1407//1407 1404//1404 1405//1405
f 1375//1375 1404//1404 1407//1407 1376//1376
f 1376//1376 1407//1407 1408//1408 1378//1378
f 1409//1409 1408//1408 1407//1407 1406//1406
f 1410//1410 1408//1408 1409//1409 1411//1411
f 1381//1381 1378//1378 1408//1408 1410//1410
f 1385//1385 1384//1384 1412//1412 1413//1413
f 1410//1410 1412//1412 1384//1384 1381//1381
f 1411//1411 1414//1414 1412//1412 1410//1410
f 1413//1413 1412//1412 1414//1414 1415//1415
f 1389//1389 1387//1387 1416//1416 1417//1417
f 1413//1413 1416//1416 1387//1387 1385//1385
f 1415//1415 1418//1418 1416//1416 1413//1413
f 1418//1418 1419//1419 1417//1417
f 1393//1393 1392//1392 1420//1420 1421//1421
f 1417//1417 1420//1420 1392//1392 1389//1389
f 1419//1419 1422//1422 1420//1420 1417//1417
f 1421//1421 1420//1420 1422//1422 1423//1423
f 773//773 789//789 1424//1424 771//771
f 1425//1425 1424//1424 789//789 793//793
f 1426//1426 1427//1427 1424//1424 1425//1425
f 771//771 1424//1424 1427//1427 769//769
f 791//791 799//799 1428//1428 1429//1429
f 1430//1430 1428//1428 799//799 798//798
f 1431//1431 1432//1432 1428//1428 1430//1430
f 1429//1429 1428//1428 1432//1432 1433//1433
f 1434//1434 1435//1435 1436//1436 1437//1437
f 792//792 1436//1436 1435//1435 793//793
f 1429//1429 1436//1436 792//792 791//791
f 1436//1436 1429//1429 1433//1433 1437//1437
f 1438//1438 765//765 767//767
f 769//769 1427//1427 1439//1439 767//767
f 1440//1440 1439//1439 1427//1427 1426//1426
f 1439//1439 1440//1440 1441//1441
f 1442//1442 1443//1443 1444//1444 1445//1445
f 1425//1425 1444//1444 1443//1443 1426//1426
f 793//793 1435//1435 1444//1444 1425//1425
f 1434//1434 1445//1445 1444//1444 1435//1435
f 1446//1446 1447//1447 1448//1448 1449//1449
f 1445//1445 1448//1448 1447//1447 1442//1442
f 1437//1437 1448//1448 1445//1445 1434//1434
f 1433//1433 1449//1449 1448//1448 1437//1437
f 1433//1433 1432//1432 1450//1450 1449//1449
f 1432//1432 1431//1431 1451//1451
f 1452//1452 1450//1450 1451//1451 1453//1453
f 1446//1446 1449//1449 1450//1450 1452//1452
f 797//797 825//825 1454//1454 1455//1455
f 825//825 822//822 1456//1456
f 1454//1454 1456//1456 1457//1457
f 1455//1455 1454//1454 1458//1458 1459//1459
f 1460//1460 1461//1461 1457//1457
f 1456//1456 822//822 861//861
f 860//860 1462//1462 1460//1460 861//861
f 1462//1462 1463//1463 1461//1461
f 1464//1464 1465//1465 1463//1463
f 863//863 1464//1464 1462//1462 860//860
f 862//862 1466//1466 1464//1464 863//863
f 1465//1465 1464//1464 1466//1466 1467//1467
f 1467//1467 1466//1466 1468//1468 1469//1469
f 1391//1391 1468//1468 1466//1466 862//862
f 1393//1393 1470//1470 1468//1468 1391//1391
f 1469//1469 1468//1468 1470//1470 1471//1471
f 1470//1470 1393//1393 1421//1421
f 1472//1472 1473//1473 1421//1421 1423//1423
f 1474//1474 1475//1475 1473//1473 1472//1472
f 1471//1471 1470//1470 1473//1473 1475//1475
f 1471//1471 1475//1475 1476//1476 1477//1477
f 1478//1478 1476//1476 1475//1475 1474//1474
f 1479//1479 1480//1480 1476//1476 1478//1478
f 1476//1476 1480//1480 1481//1481
f 1482//1482 1477//1477 1481//1481
f 1483//1483 1482//1482 1484//1484 1485//1485
f 1469//1469 1482//1482 1483//1483 1467//1467
f 1471//1471 1477//1477 1482//1482 1469//1469
f 1485//1485 1484//1484 1486//1486 1487//1487
f 1480//1480 1486//1486 1484//1484 1481//1481
f 1479//1479 1488//1488 1486//1486 1480//1480
f 1487//1487 1486//1486 1488//1488 1489//1489
f 1467//1467 1483//1483 1490//1490 1465//1465
f 1491//1491 1490//1490 1483//1483 1485//1485
f 1492//1492 1493//1493 1490//1490 1491//1491
f 1465//1465 1490//1490 1493//1493 1463//1463
f 1479//1479 1478//1478 1494//1494 1495//1495
f 1474//1474 1496//1496 1494//1494 1478//1478
f 1495//1495 1494//1494 1496//1496 1497//1497
f 1492//1492 1491//1491 1498//1498 1499//1499
f 1487//1487 1498//1498 1491//1491 1485//1485
f 1489//1489 1500//1500 1498//1498 1487//1487
f 1499//1499 1498//1498 1500//1500 1501//1501
f 1489//1489 1488//1488 1502//1502 1500//1500
f 1495//1495 1502//1502 1488//1488 1479//1479
f 1497//1497 1503//1503 1502//1502 1495//1495
f 1501//1501 1500//1500 1502//1502 1503//1503
f 197//197 196//196 1504//1504 216//216
f 1505//1505 1504//1504 196//196 76//76
f 1506//1506 1507//1507 1504//1504 1505//1505
f 216//216 1504//1504 1507//1507 217//217
f 219//219 218//218 1508//1508 226//226
f 1509//1509 1508//1508 218//218 217//217
f 1510//1510 1511//1511 1508//1508 1509//1509
f 226//226 1508//1508 1511//1511 227//227
f 1512//1512 1513//1513 1514//1514 1515//1515
f 233//233 1514//1514 1513//1513 230//230
f 227//227 1511//1511 1514//1514 233//233
f 1515//1515 1514//1514 1511//1511 1510//1510
f 81//81 1516//1516 1517//1517 79//79
f 1518//1518 1517//1517 1516//1516 1519//1519
f 1505//1505 1517//1517 1518//1518 1506//1506
f 76//76 79//79 1517//1517 1505//1505
f 217//217 1507//1507 1520//1520 1509//1509
f 1521//1521 1520//1520 1507//1507 1506//1506
f 1522//1522 1523//1523 1520//1520 1521//1521
f 1509//1509 1520//1520 1523//1523 1510//1510
f 1510//1510 1523//1523 1524//1524 1515//1515
f 1525//1525 1524//1524 1523//1523 1522//1522
f 1526//1526 1527//1527 1524//1524 1525//1525
f 1515//1515 1524//1524 1527//1527 1512//1512
f 1519//1519 1528//1528 1529//1529 1518//1518
f 1530//1530 1529//1529 1528//1528 1531//1531
f 1529//1529 1530//1530 1522//1522
f 1518//1518 1529//1529 1521//1521 1506//1506
f 1519//1519 1516//1516 1532//1532 1533//1533
f 116//116 1532//1532 1516//1516 81//81
f 117//117 1534//1534 1532//1532 116//116
f 1533//1533 1532//1532 1534//1534 1535//1535
f 1526//1526 1525//1525 1536//1536 1537//1537
f 1530//1530 1536//1536 1525//1525 1522//1522
f 1531//1531 1538//1538 1536//1536 1530//1530
f 1537//1537 1536//1536 1538//1538 1539//1539
f 1540//1540 1541//1541 725//725 724//724
f 1542//1542 1541//1541 1540//1540 1543//1543
f 1535//1535 1534//1534 1541//1541 1542//1542
f 725//725 1541//1541 1534//1534 117//117
f 1531//1531 1528//1528 1544//1544 1545//1545
f 1528//1528 1519//1519 1533//1533
f 1535//1535 1546//1546 1544//1544 1533//1533
f 1545//1545 1544//1544 1546//1546 1547//1547
f 1539//1539 1538//1538 1548//1548 1549//1549
f 1545//1545 1548//1548 1538//1538 1531//1531
f 1547//1547 1550//1550 1548//1548 1545//1545
f 1549//1549 1548//1548 1550//1550 1551//1551
f 730//730 1552//1552 1553//1553 731//731
f 1554//1554 1553//1553 1552//1552 1555//1555
f 1543//1543 1540//1540 1553//1553 1554//1554
f 731//731 1553//1553 1540//1540 724//724
f 1547//1547 1546//1546 1556//1556 1557//1557
f 1542//1542 1556//1556 1546//1546 1535//1535
f 1543//1543 1558//1558 1556//1556 1542//1542
f 1557//1557 1556//1556 1558//1558 1559//1559
f 1559//1559 1560//1560 1561//1561 1557//1557
f 1562//1562 1561//1561 1560//1560 1563//1563
f 1551//1551 1550//1550 1561//1561 1562//1562
f 1557//1557 1561//1561 1550//1550 1547//1547
f 1564//1564 1565//1565 1555//1555
f 734//734 1564//1564 1552//1552 730//730
f 735//735 1566//1566 1564//1564 734//734
f 1565//1565 1564//1564 1566//1566 1567//1567
f 1568//1568 1558//1558 1543//1543
f 1569//1569 1568//1568 1554//1554 1555//1555
f 1570//1570 1571//1571 1568//1568 1569//1569
f 1559//1559 1558//1558 1568//1568 1571//1571
f 1563//1563 1560//1560 1572//1572 1573//1573
f 1571//1571 1572//1572 1560//1560 1559//1559
f 1570//1570 1574//1574 1572//1572 1571//1571
f 1574//1574 1575//1575 1573//1573
f 1570//1570 1569//1569 1576//1576 1577//1577
f 1565//1565 1576//1576 1569//1569 1555//1555
f 1567//1567 1578//1578 1576//1576 1565//1565
f 1577//1577 1576//1576 1578//1578 1579//1579
f 1580//1580 1581//1581 1575//1575
f 1577//1577 1580//1580 1574//1574 1570//1570
f 1579//1579 1582//1582 1580//1580 1577//1577
f 1581//1581 1580//1580 1582//1582 1583//1583
f 1584//1584 1585//1585 502//502
f 501//501 492//492 1586//1586
f 1584//1584 1586//1586 1587//1587
f 1585//1585 1584//1584 1588//1588 1589//1589
f 1590//1590 1587//1587 1586//1586
f 494//494 1591//1591 1586//1586 492//492
f 496//496 1592//1592 1591//1591 494//494
f 1591//1591 1592//1592 1593//1593
f 1587//1587 1590//1590 1594//1594 1595//1595
f 1596//1596 1594//1594 1590//1590 1593//1593
f 1597//1597 1598//1598 1594//1594 1596//1596
f 1595//1595 1594//1594 1598//1598 1599//1599
f 496//496 516//516 1600//1600 1592//1592
f 1601//1601 1600//1600 516//516 515//515
f 1602//1602 1603//1603 1600//1600 1601//1601
f 1592//1592 1600//1600 1603//1603 1593//1593
f 1602//1602 1601//1601 1604//1604 1605//1605
f 515//515 528//528 1604//1604 1601//1601
f 1605//1605 1604//1604 528//528 527//527
f 1593//1593 1603//1603 1606//1606 1596//1596
f 1607//1607 1606//1606 1603//1603 1602//1602
f 1608//1608 1609//1609 1606//1606 1607//1607
f 1596//1596 1606//1606 1609//1609 1597//1597
f 1610//1610 1611//1611 1612//1612 1613//1613
f 1605//1605 1612//1612 1611//1611 1602//1602
f 527//527 533//533 1612//1612 1605//1605
f 1613//1613 1612//1612 533//533 524//524
f 1602//1602 1611//1611 1614//1614 1607//1607
f 1611//1611 1610//1610 1615//1615
f 1616//1616 1617//1617 1614//1614 1615//1615
f 1607//1607 1614//1614 1617//1617 1608//1608
f 1610//1610 1613//1613 1618//1618 1619//1619
f 524//524 521//521 1618//1618 1613//1613
f 405//405 1620//1620 1618//1618 521//521
f 1619//1619 1618//1618 1620//1620 1621//1621
f 1622//1622 1623//1623 1624//1624 1625//1625
f 1626//1626 1624//1624 1623//1623 1627//1627
f 1628//1628 1629//1629 1624//1624 1626//1626
f 1625//1625 1624//1624 1629//1629 1599//1599
f 1630//1630 1631//1631 1632//1632 1633//1633
f 1625//1625 1632//1632 1631//1631 1622//1622
f 1599//1599 1598//1598 1632//1632 1625//1625
f 1633//1633 1632//1632 1598//1598 1597//1597
f 1634//1634 1635//1635 1636//1636 1637//1637
f 1633//1633 1636//1636 1635//1635 1630//1630
f 1597//1597 1609//1609 1636//1636 1633//1633
f 1637//1637 1636//1636 1609//1609 1608//1608
f 1638//1638 1639//1639 1640//1640 1641//1641
f 1639//1639 1638//1638 1634//1634 1637//1637
f 1608//1608 1617//1617 1639//1639 1637//1637
f 1616//1616 1640//1640 1639//1639 1617//1617
f 1627//1627 1623//1623 1642//1642 1643//1643
f 1644//1644 1642//1642 1623//1623 1622//1622
f 1645//1645 1646//1646 1642//1642 1644//1644
f 1643//1643 1642//1642 1646//1646 1647//1647
f 1622//1622 1631//1631 1648//1648 1644//1644
f 1630//1630 1649//1649 1648//1648 1631//1631
f 1650//1650 1651//1651 1648//1648 1649//1649
f 1644//1644 1648//1648 1651//1651 1645//1645
f 1630//1630 1635//1635 1652//1652 1649//1649
f 1634//1634 1653//1653 1652//1652 1635//1635
f 1654//1654 1655//1655 1652//1652 1653//1653
f 1650//1650 1649//1649 1652//1652 1655//1655
f 1641//1641 1656//1656 1657//1657 1638//1638
f 1658//1658 1659//1659 1657//1657 1656//1656
f 1654//1654 1653//1653 1657//1657 1659//1659
f 1638//1638 1657//1657 1653//1653 1634//1634
f 1658//1658 1656//1656 1660//1660 1661//1661
f 1662//1662 1660//1660 1656//1656 1641//1641
f 1663//1663 1664//1664 1660//1660 1662//1662
f 1664//1664 1665//1665 1661//1661
f 1666//1666 1667//1667 1665//1665
f 1664//1664 1663//1663 1668//1668
f 1666//1666 1668//1668 1669//1669
f 1667//1667 1666//1666 1670//1670 1671//1671
f 1672//1672 1673//1673 1674//1674 1675//1675
f 1674//1674 1673//1673 1676//1676 1677//1677
f 1671//1671 1670//1670 1674//1674 1677//1677
f 1675//1675 1674//1674 1670//1670 1669//1669
f 1676//1676 1673//1673 1678//1678 1679//1679
f 1680//1680 1678//1678 1673//1673 1672//1672
f 1681//1681 1682//1682 1678//1678 1680//1680
f 1679//1679 1678//1678 1682//1682 1683//1683
f 1684//1684 1685//1685 1686//1686
f 1683//1683 1682//1682 1684//1684 1687//1687
f 1688//1688 1684//1684 1682//1682 1681//1681
f 1689//1689 1685//1685 1684//1684 1688//1688
f 1690//1690 1685//1685 1689//1689
f 1691//1691 1690//1690 1692//1692 1693//1693
f 1694//1694 1695//1695 1690//1690 1691//1691
f 1695//1695 1686//1686 1685//1685
f 1696//1696 1697//1697 1691//1691 1693//1693
f 1698//1698 1699//1699 1697//1697 1696//1696
f 1700//1700 1697//1697 1699//1699 1701//1701
f 1691//1691 1697//1697 1700//1700 1694//1694
f 1701//1701 1699//1699 1702//1702 1703//1703
f 1704//1704 1702//1702 1699//1699 1698//1698
f 1705//1705 1706//1706 1702//1702 1704//1704
f 1703//1703 1702//1702 1706//1706 1707//1707
f 1708//1708 1709//1709 1706//1706 1705//1705
f 1643//1643 1709//1709 1708//1708 1627//1627
f 1647//1647 1710//1710 1709//1709 1643//1643
f 1707//1707 1706//1706 1709//1709 1710//1710
f 1711//1711 1712//1712 1713//1713
f 1714//1714 1665//1665 1667//1667
f 1671//1671 1715//1715 1711//1711 1667//1667
f 1711//1711 1715//1715 1716//1716 1712//1712
f 1671//1671 1677//1677 1717//1717 1715//1715
f 1718//1718 1717//1717 1677//1677 1676//1676
f 1719//1719 1720//1720 1717//1717 1718//1718
f 1715//1715 1717//1717 1720//1720 1716//1716
f 1719//1719 1718//1718 1721//1721 1722//1722
f 1679//1679 1721//1721 1718//1718 1676//1676
f 1683//1683 1723//1723 1721//1721 1679//1679
f 1721//1721 1723//1723 1724//1724 1722//1722
f 1683//1683 1687//1687 1725//1725 1723//1723
f 1726//1726 1725//1725 1687//1687 1686//1686
f 1727//1727 1728//1728 1725//1725 1726//1726
f 1723//1723 1725//1725 1728//1728 1724//1724
f 1686//1686 1695//1695 1729//1729 1726//1726
f 1730//1730 1729//1729 1695//1695 1694//1694
f 1731//1731 1732//1732 1729//1729 1730//1730
f 1726//1726 1729//1729 1732//1732 1727//1727
f 1694//1694 1700//1700 1733//1733 1730//1730
f 1734//1734 1733//1733 1700//1700 1701//1701
f 1735//1735 1736//1736 1733//1733 1734//1734
f 1730//1730 1733//1733 1736//1736 1731//1731
f 1710//1710 1737//1737 1738//1738 1707//1707
f 1739//1739 1737//1737 1710//1710 1647//1647
f 1740//1740 1741//1741 1737//1737 1739//1739
f 1742//1742 1738//1738 1737//1737 1741//1741
f 1735//1735 1734//1734 1743//1743 1744//1744
f 1703//1703 1743//1743 1734//1734 1701//1701
f 1707//1707 1738//1738 1743//1743 1703//1703
f 1744//1744 1743//1743 1738//1738 1742//1742
f 1716//1716 1720//1720 1745//1745 1746//1746
f 1747//1747 1745//1745 1720//1720 1719//1719
f 1748//1748 1745//1745 1747//1747 1749//1749
f 1745//1745 1748//1748 1750//1750
f 1749//1749 1747//1747 1751//1751 1752//1752
f 1722//1722 1751//1751 1747//1747 1719//1719
f 1724//1724 1753//1753 1751//1751 1722//1722
f 1753//1753 1754//1754 1752//1752
f 1724//1724 1728//1728 1755//1755 1753//1753
f 1756//1756 1755//1755 1728//1728 1727//1727
f 1757//1757 1758//1758 1755//1755 1756//1756
f 1753//1753 1755//1755 1758//1758 1754//1754
f 1727//1727 1732//1732 1759//1759 1756//1756
f 1760//1760 1759//1759 1732//1732 1731//1731
f 1761//1761 1762//1762 1759//1759 1760//1760
f 1756//1756 1759//1759 1762//1762 1757//1757
f 1731//1731 1736//1736 1763//1763 1760//1760
f 1764//1764 1763//1763 1736//1736 1735//1735
f 1765//1765 1766//1766 1763//1763 1764//1764
f 1760//1760 1763//1763 1766//1766 1761//1761
f 1765//1765 1764//1764 1767//1767 1768//1768
f 1744//1744 1767//1767 1764//1764 1735//1735
f 1742//1742 1769//1769 1767//1767 1744//1744
f 1768//1768 1767//1767 1769//1769 1770//1770
f 1651//1651 1771//1771 1772//1772 1645//1645
f 1650//1650 1773//1773 1771//1771 1651//1651
f 1774//1774 1775//1775 1771//1771 1773//1773
f 1771//1771 1775//1775 1776//1776 1772//1772
f 1777//1777 1778//1778 1779//1779 1780//1780
f 1765//1765 1768//1768 1779//1779 1778//1778
f 1770//1770 1780//1780 1779//1779 1768//1768
f 1777//1777 1781//1781 1782//1782 1783//1783
f 1754//1754 1758//1758 1782//1782 1781//1781
f 1757//1757 1783//1783 1782//1782 1758//1758
f 1774//1774 1773//1773 1784//1784 1785//1785
f 1650//1650 1655//1655 1784//1784 1773//1773
f 1654//1654 1786//1786 1784//1784 1655//1655
f 1787//1787 1785//1785 1784//1784 1786//1786
f 1788//1788 1789//1789 1790//1790 1777//1777
f 1789//1789 1788//1788 1750//1750
f 1749//1749 1790//1790 1789//1789 1748//1748
f 1781//1781 1777//1777 1790//1790
f 1749//1749 1752//1752 1791//1791 1790//1790
f 1754//1754 1781//1781 1791//1791 1752//1752
f 1777//1777 1783//1783 1792//1792 1793//1793
f 1757//1757 1762//1762 1792//1792 1783//1783
f 1761//1761 1793//1793 1792//1792 1762//1762
f 1777//1777 1793//1793 1794//1794 1778//1778
f 1761//1761 1766//1766 1794//1794 1793//1793
f 1765//1765 1778//1778 1794//1794 1766//1766
f 1769//1769 1795//1795 1796//1796 1770//1770
f 1741//1741 1795//1795 1769//1769 1742//1742
f 1797//1797 1795//1795 1741//1741 1740//1740
f 1798//1798 1796//1796 1795//1795 1797//1797
f 1777//1777 1780//1780 1799//1799 1800//1800
f 1770//1770 1796//1796 1799//1799 1780//1780
f 1798//1798 1800//1800 1799//1799 1796//1796
f 1801//1801 1802//1802 1803//1803 1804//1804
f 1750//1750 1788//1788 1802//1802 1801//1801
f 1788//1788 1777//1777 1803//1803
f 1647//1647 1646//1646 1805//1805 1739//1739
f 1772//1772 1805//1805 1646//1646 1645//1645
f 1776//1776 1806//1806 1805//1805 1772//1772
f 1739//1739 1805//1805 1806//1806 1740//1740
f 1775//1775 1807//1807 1808//1808 1776//1776
f 1774//1774 1785//1785 1807//1807 1775//1775
f 1787//1787 1809//1809 1807//1807 1785//1785
f 1810//1810 1808//1808 1807//1807 1809//1809
f 1810//1810 1811//1811 1812//1812 1808//1808
f 1797//1797 1812//1812 1811//1811 1798//1798
f 1740//1740 1806//1806 1812//1812 1797//1797
f 1808//1808 1812//1812 1806//1806 1776//1776
f 1787//1787 1786//1786 1813//1813 1814//1814
f 1654//1654 1659//1659 1813//1813 1786//1786
f 1658//1658 1815//1815 1813//1813 1659//1659
f 1814//1814 1813//1813 1815//1815 1816//1816
f 1817//1817 1816//1816 1815//1815
f 1661//1661 1818//1818 1815//1815 1658//1658
f 1818//1818 1661//1661 1665//1665
f 1714//1714 1713//1713 1817//1817
f 1810//1810 1809//1809 1819//1819 1820//1820
f 1787//1787 1814//1814 1819//1819 1809//1809
f 1816//1816 1821//1821 1819//1819 1814//1814
f 1820//1820 1819//1819 1821//1821 1804//1804
f 1817//1817 1822//1822 1821//1821 1816//1816
f 1713//1713 1823//1823 1822//1822 1817//1817
f 1804//1804 1821//1821 1822//1822 1823//1823
f 1801//1801 1804//1804 1823//1823
f 1823//1823 1713//1713 1712//1712
f 1746//1746 1824//1824 1712//1712 1716//1716
f 1801//1801 1824//1824 1746//1746 1750//1750
f 1804//1804 1803//1803 1825//1825 1820//1820
f 1800//1800 1825//1825 1803//1803 1777//1777
f 1798//1798 1811//1811 1825//1825 1800//1800
f 1820//1820 1825//1825 1811//1811 1810//1810
f 1589//1589 1588//1588 1826//1826 1827//1827
f 1595//1595 1826//1826 1588//1588 1587//1587
f 1599//1599 1629//1629 1826//1826 1595//1595
f 1827//1827 1826//1826 1629//1629 1628//1628
f 1627//1627 1708//1708 1828//1828 1626//1626
f 1705//1705 1829//1829 1828//1828 1708//1708
f 1830//1830 1828//1828 1829//1829 1831//1831
f 1626//1626 1828//1828 1830//1830 1628//1628
f 1831//1831 1829//1829 1832//1832 1833//1833
f 1704//1704 1832//1832 1829//1829 1705//1705
f 1698//1698 1834//1834 1832//1832 1704//1704
f 1833//1833 1832//1832 1834//1834 1835//1835
f 1835//1835 1834//1834 1836//1836 1837//1837
f 1696//1696 1836//1836 1834//1834 1698//1698
f 1693//1693 1838//1838 1836//1836 1696//1696
f 1837//1837 1836//1836 1838//1838 1839//1839
f 1838//1838 1840//1840 1841//1841 1839//1839
f 1692//1692 1840//1840 1838//1838 1693//1693
f 1840//1840 1692//1692 1689//1689
f 1841//1841 1840//1840 1842//1842 1843//1843
f 1844//1844 1845//1845 1846//1846 1847//1847
f 1848//1848 1845//1845 1844//1844 1849//1849
f 1841//1841 1845//1845 1848//1848 1839//1839
f 1846//1846 1845//1845 1841//1841 1843//1843
f 1688//1688 1850//1850 1842//1842 1689//1689
f 1850//1850 1688//1688 1681//1681
f 1851//1851 1850//1850 1852//1852 1853//1853
f 1842//1842 1850//1850 1851//1851 1843//1843
f 1853//1853 1852//1852 1854//1854 1855//1855
f 1680//1680 1854//1854 1852//1852 1681//1681
f 1672//1672 1856//1856 1854//1854 1680//1680
f 1855//1855 1854//1854 1856//1856 1857//1857
f 1857//1857 1856//1856 1858//1858 1859//1859
f 1675//1675 1858//1858 1856//1856 1672//1672
f 1669//1669 1860//1860 1858//1858 1675//1675
f 1859//1859 1858//1858 1860//1860 1861//1861
f 1641//1641 1640//1640 1862//1862 1662//1662
f 1863//1863 1862//1862 1640//1640 1616//1616
f 1864//1864 1865//1865 1862//1862 1863//1863
f 1662//1662 1862//1862 1865//1865 1663//1663
f 1621//1621 1866//1866 1867//1867 1619//1619
f 1863//1863 1867//1867 1866//1866 1864//1864
f 1616//1616 1615//1615 1867//1867 1863//1863
f 1619//1619 1867//1867 1615//1615 1610//1610
f 1861//1861 1860//1860 1868//1868 1869//1869
f 1668//1668 1868//1868 1860//1860 1669//1669
f 1663//1663 1865//1865 1868//1868 1668//1668
f 1869//1869 1868//1868 1865//1865 1864//1864
f 400//400 1870//1870 1871//1871 401//401
f 1872//1872 1871//1871 1870//1870 1873//1873
f 1621//1621 1620//1620 1871//1871 1872//1872
f 401//401 1871//1871 1620//1620 405//405
f 1864//1864 1866//1866 1874//1874 1875//1875
f 1872//1872 1874//1874 1866//1866 1621//1621
f 1873//1873 1876//1876 1874//1874 1872//1872
f 1875//1875 1874//1874 1876//1876 1877//1877
f 1873//1873 1870//1870 1878//1878 1879//1879
f 1314//1314 1878//1878 1870//1870 400//400
f 1317//1317 1880//1880 1878//1878 1314//1314
f 1879//1879 1878//1878 1880//1880 1881//1881
f 1877//1877 1876//1876 1882//1882 1883//1883
f 1879//1879 1882//1882 1876//1876 1873//1873
f 1881//1881 1884//1884 1882//1882 1879//1879
f 1883//1883 1882//1882 1884//1884 1885//1885
f 1861//1861 1869//1869 1886//1886 1887//1887
f 1875//1875 1886//1886 1869//1869 1864//1864
f 1877//1877 1883//1883 1886//1886 1875//1875
f 1887//1887 1886//1886 1883//1883 1885//1885
f 1888//1888 1859//1859 1861//1861 1887//1887
f 1889//1889 1888//1888 1887//1887 1885//1885
f 1888//1888 1889//1889 1890//1890
f 1859//1859 1888//1888 1891//1891 1857//1857
f 1892//1892 1893//1893 1894//1894
f 1895//1895 1853//1853 1855//1855
f 1857//1857 1891//1891 1892//1892 1855//1855
f 1891//1891 1890//1890 1893//1893
f 1851//1851 1896//1896 1897//1897 1843//1843
f 1896//1896 1851//1851 1853//1853
f 1898//1898 1896//1896 1895//1895 1894//1894
f 1897//1897 1896//1896 1898//1898 1899//1899
f 1900//1900 1901//1901 1897//1897 1899//1899
f 1847//1847 1846//1846 1901//1901 1900//1900
f 1843//1843 1897//1897 1901//1901 1846//1846
f 1894//1894 1902//1902 1903//1903 1898//1898
f 1904//1904 1903//1903 1902//1902 1905//1905
f 1906//1906 1907//1907 1903//1903 1904//1904
f 1898//1898 1903//1903 1907//1907 1899//1899
f 1905//1905 1902//1902 1908//1908 1909//1909
f 1893//1893 1908//1908 1902//1902 1894//1894
f 1890//1890 1910//1910 1908//1908 1893//1893
f 1909//1909 1908//1908 1910//1910 1911//1911
f 1905//1905 1909//1909 1912//1912 1904//1904
f 1913//1913 1912//1912 1909//1909 1911//1911
f 1912//1912 1913//1913 1914//1914 1915//1915
f 1904//1904 1912//1912 1915//1915 1906//1906
f 1910//1910 1890//1890 1889//1889
f 1889//1889 1885//1885 1916//1916
f 1916//1916 1917//1917 1918//1918
f 1911//1911 1910//1910 1919//1919 1918//1918
f 1914//1914 1913//1913 1920//1920 1921//1921
f 1922//1922 1920//1920 1913//1913 1911//1911
f 1923//1923 1924//1924 1920//1920 1922//1922
f 1921//1921 1920//1920 1924//1924 1925//1925
f 1926//1926 1927//1927 1924//1924 1923//1923
f 1927//1927 1926//1926 1928//1928
f 1929//1929 1927//1927 1930//1930
f 1925//1925 1924//1924 1927//1927 1929//1929
f 1923//1923 1931//1931 1932//1932 1926//1926
f 1933//1933 1932//1932 1931//1931 1934//1934
f 1935//1935 1936//1936 1932//1932 1933//1933
f 1926//1926 1932//1932 1936//1936 1928//1928
f 1923//1923 1922//1922 1937//1937 1931//1931
f 1918//1918 1937//1937 1922//1922 1911//1911
f 1937//1937 1918//1918 1917//1917
f 1938//1938 1934//1934 1931//1931
f 1934//1934 1939//1939 1940//1940 1933//1933
f 1941//1941 1942//1942 1940//1940 1939//1939
f 1933//1933 1940//1940 1942//1942 1935//1935
f 1939//1939 1943//1943 1944//1944 1941//1941
f 1945//1945 1943//1943 1939//1939 1934//1934
f 1946//1946 1947//1947 1943//1943 1945//1945
f 1944//1944 1943//1943 1947//1947 1948//1948
f 1949//1949 1950//1950 1951//1951 1952//1952
f 1951//1951 1950//1950 1332//1332 1347//1347
f 1346//1346 1953//1953 1951//1951 1347//1347
f 1952//1952 1951//1951 1953//1953 1954//1954
f 1955//1955 1956//1956 1957//1957 1958//1958
f 1957//1957 1956//1956 1954//1954
f 1959//1959 1960//1960 1957//1957 1961//1961
f 1958//1958 1957//1957 1960//1960 1962//1962
f 1949//1949 1952//1952 1963//1963 1964//1964
f 1956//1956 1963//1963 1952//1952 1954//1954
f 1955//1955 1965//1965 1963//1963 1956//1956
f 1964//1964 1963//1963 1965//1965 1966//1966
f 1949//1949 1964//1964 1967//1967 1950//1950
f 1966//1966 1968//1968 1967//1967 1964//1964
f 1333//1333 1967//1967 1968//1968 1323//1323
f 1333//1333 1332//1332 1950//1950
f 1955//1955 1958//1958 1969//1969 1965//1965
f 1962//1962 1970//1970 1969//1969 1958//1958
f 1971//1971 1972//1972 1969//1969 1970//1970
f 1965//1965 1969//1969 1972//1972 1966//1966
f 1973//1973 1974//1974 1975//1975 1976//1976
f 1321//1321 1975//1975 1974//1974 1319//1319
f 1323//1323 1968//1968 1975//1975 1321//1321
f 1976//1976 1975//1975 1968//1968 1966//1966
f 1977//1977 1978//1978 1979//1979 1980//1980
f 1962//1962 1960//1960 1978//1978 1977//1977
f 1981//1981 1978//1978 1960//1960 1959//1959
f 1979//1979 1978//1978 1981//1981 1982//1982
f 1983//1983 1984//1984 1985//1985 1986//1986
f 1976//1976 1985//1985 1984//1984 1973//1973
f 1966//1966 1972//1972 1985//1985 1976//1976
f 1986//1986 1985//1985 1972//1972 1971//1971
f 1971//1971 1970//1970 1987//1987 1986//1986
f 1977//1977 1987//1987 1970//1970 1962//1962
f 1980//1980 1988//1988 1987//1987 1977//1977
f 1986//1986 1987//1987 1988//1988 1983//1983
f 1989//1989 1990//1990 1991//1991 1992//1992
f 1979//1979 1991//1991 1990//1990 1980//1980
f 1982//1982 1993//1993 1991//1991 1979//1979
f 1992//1992 1991//1991 1993//1993 1994//1994
f 1995//1995 1996//1996 1997//1997 1998//1998
f 1996//1996 1317//1317 1316//1316
f 1319//1319 1974//1974 1997//1997 1316//1316
f 1998//1998 1997//1997 1974//1974 1973//1973
f 1994//1994 1999//1999 2000//2000 1992//1992
f 1947//1947 2000//2000 1999//1999 1948//1948
f 2000//2000 1947//1947 1946//1946 2001//2001
f 1992//1992 2000//2000 2001//2001 1989//1989
f 2002//2002 2003//2003 1917//1917
f 1885//1885 1884//1884 2002//2002 1916//1916
f 2004//2004 2002//2002 1884//1884 1881//1881
f 2003//2003 2002//2002 2004//2004 2005//2005
f 2006//2006 2007//2007 2008//2008 2009//2009
f 1998//1998 2008//2008 2007//2007 1995//1995
f 1973//1973 1984//1984 2008//2008 1998//1998
f 2009//2009 2008//2008 1984//1984 1983//1983
f 1880//1880 1317//1317 1996//1996
f 1996//1996 1995//1995 2010//2010
f 2011//2011 2010//2010 2005//2005
f 1881//1881 1880//1880 2011//2011 2004//2004
f 2010//2010 2012//2012 2013//2013 2005//2005
f 1995//1995 2007//2007 2012//2012 2010//2010
f 2006//2006 2013//2013 2012//2012 2007//2007
f 2014//2014 1945//1945 1934//1934
f 1938//1938 1917//1917 2003//2003
f 2005//2005 2015//2015 2014//2014 2003//2003
f 1945//1945 2014//2014 2015//2015 1946//1946
f 2016//2016 2017//2017 2013//2013 2006//2006
f 2001//2001 2017//2017 2016//2016 1989//1989
f 1946//1946 2015//2015 2017//2017 2001//2001
f 2017//2017 2015//2015 2005//2005 2013//2013
f 1983//1983 1988//1988 2018//2018 2009//2009
f 1990//1990 2018//2018 1988//1988 1980//1980
f 1989//1989 2016//2016 2018//2018 1990//1990
f 2009//2009 2018//2018 2016//2016 2006//2006
f 641//641 640//640 2019//2019 2020//2020
f 1585//1585 2019//2019 640//640 502//502
f 2019//2019 1585//1585 1589//1589
f 2020//2020 2019//2019 2021//2021 2022//2022
f 645//645 644//644 2023//2023 2024//2024
f 2020//2020 2023//2023 644//644 641//641
f 2022//2022 2025//2025 2023//2023 2020//2020
f 2024//2024 2023//2023 2025//2025 2026//2026
f 2027//2027 1589//1589 1827//1827
f 1628//1628 1830//1830 2028//2028 1827//1827
f 1831//1831 2029//2029 2028//2028 1830//1830
f 2027//2027 2028//2028 2029//2029 2030//2030
f 2030//2030 2029//2029 2031//2031 2032//2032
f 1833//1833 2031//2031 2029//2029 1831//1831
f 1835//1835 2033//2033 2031//2031 1833//1833
f 2032//2032 2031//2031 2033//2033 2034//2034
f 2034//2034 2033//2033 2035//2035 2036//2036
f 1837//1837 2035//2035 2033//2033 1835//1835
f 1839//1839 2037//2037 2035//2035 1837//1837
f 2036//2036 2035//2035 2037//2037 2038//2038
f 2037//2037 2039//2039 2040//2040 2038//2038
f 1848//1848 2039//2039 2037//2037 1839//1839
f 1849//1849 2040//2040 2039//2039 1848//1848
f 2022//2022 2021//2021 2041//2041 2042//2042
f 2027//2027 2041//2041 2021//2021 1589//1589
f 2041//2041 2027//2027 2030//2030
f 2043//2043 2044//2044 2042//2042
f 2025//2025 2045//2045 2046//2046 2026//2026
f 2042//2042 2045//2045 2025//2025 2022//2022
f 2045//2045 2042//2042 2044//2044
f 2046//2046 2045//2045 2047//2047 2048//2048
f 2049//2049 2050//2050 2044//2044
f 2032//2032 2049//2049 2043//2043 2030//2030
f 2034//2034 2051//2051 2049//2049 2032//2032
f 2052//2052 2050//2050 2049//2049 2051//2051
f 2053//2053 2054//2054 2055//2055 2056//2056
f 2051//2051 2055//2055 2054//2054 2052//2052
f 2055//2055 2051//2051 2034//2034
f 2056//2056 2055//2055 2036//2036 2038//2038
f 2026//2026 2046//2046 2057//2057 2024//2024
f 2058//2058 2057//2057 2046//2046 2048//2048
f 2059//2059 2060//2060 2057//2057 2058//2058
f 2024//2024 2057//2057 2060//2060 645//645
f 645//645 2060//2060 2061//2061 649//649
f 2062//2062 2061//2061 2060//2060 2059//2059
f 2063//2063 2064//2064 2061//2061 2062//2062
f 649//649 2061//2061 2064//2064 646//646
f 650//650 653//653 2065//2065 2066//2066
f 646//646 2064//2064 2065//2065 653//653
f 2063//2063 2067//2067 2065//2065 2064//2064
f 2066//2066 2065//2065 2067//2067 2068//2068
f 665//665 664//664 2069//2069 2070//2070
f 2071//2071 2069//2069 664//664 659//659
f 2072//2072 2073//2073 2069//2069 2071//2071
f 2070//2070 2069//2069 2073//2073 2074//2074
f 668//668 667//667 2075//2075 2076//2076
f 2070//2070 2075//2075 667//667 665//665
f 2074//2074 2077//2077 2075//2075 2070//2070
f 2076//2076 2075//2075 2077//2077 2078//2078
f 2079//2079 2080//2080 2081//2081 2082//2082
f 2082//2082 2078//2078 2077//2077
f 2083//2083 2079//2079 2077//2077 2074//2074
f 2084//2084 2080//2080 2079//2079 2083//2083
f 668//668 2076//2076 2085//2085 671//671
f 2076//2076 2078//2078 2086//2086
f 2087//2087 2088//2088 2085//2085 2086//2086
f 671//671 2085//2085 2088//2088 672//672
f 2086//2086 2089//2089 2090//2090 2087//2087
f 2078//2078 2082//2082 2089//2089 2086//2086
f 2089//2089 2082//2082 2081//2081 2091//2091
f 2092//2092 2090//2090 2089//2089 2091//2091
f 672//672 2088//2088 2093//2093 675//675
f 2094//2094 2093//2093 2088//2088 2087//2087
f 2095//2095 2096//2096 2093//2093 2094//2094
f 675//675 2093//2093 2096//2096 676//676
f 2087//2087 2090//2090 2097//2097 2094//2094
f 2098//2098 2097//2097 2090//2090 2092//2092
f 2099//2099 2100//2100 2097//2097 2098//2098
f 2094//2094 2097//2097 2100//2100 2095//2095
f 2101//2101 679//679 676//676
f 2102//2102 2101//2101 2096//2096 2095//2095
f 2103//2103 2104//2104 2101//2101 2102//2102
f 2104//2104 680//680 679//679
f 657//657 656//656 2105//2105 2106//2106
f 2066//2066 2105//2105 656//656 650//650
f 2068//2068 2107//2107 2105//2105 2066//2066
f 2106//2106 2105//2105 2107//2107 2108//2108
f 659//659 658//658 2109//2109 2071//2071
f 2106//2106 2109//2109 658//658 657//657
f 2108//2108 2110//2110 2109//2109 2106//2106
f 2071//2071 2109//2109 2110//2110 2072//2072
f 2074//2074 2073//2073 2111//2111 2083//2083
f 2112//2112 2111//2111 2073//2073 2072//2072
f 2113//2113 2114//2114 2111//2111 2112//2112
f 2083//2083 2111//2111 2114//2114 2084//2084
f 2115//2115 2116//2116 2117//2117 2118//2118
f 2119//2119 2117//2117 2116//2116 2120//2120
f 2068//2068 2067//2067 2117//2117 2119//2119
f 2118//2118 2117//2117 2067//2067 2063//2063
f 2108//2108 2107//2107 2121//2121 2122//2122
f 2119//2119 2121//2121 2107//2107 2068//2068
f 2120//2120 2123//2123 2121//2121 2119//2119
f 2122//2122 2121//2121 2123//2123 2124//2124
f 2072//2072 2110//2110 2125//2125 2112//2112
f 2122//2122 2125//2125 2110//2110 2108//2108
f 2124//2124 2126//2126 2125//2125 2122//2122
f 2112//2112 2125//2125 2126//2126 2113//2113
f 2059//2059 2058//2058 2127//2127 2128//2128
f 2129//2129 2127//2127 2058//2058 2048//2048
f 2130//2130 2131//2131 2127//2127 2129//2129
f 2128//2128 2127//2127 2131//2131 2132//2132
f 2048//2048 2047//2047 2133//2133 2129//2129
f 2050//2050 2133//2133 2047//2047 2044//2044
f 2134//2134 2133//2133 2050//2050 2052//2052
f 2129//2129 2133//2133 2134//2134 2130//2130
f 2052//2052 2054//2054 2135//2135 2134//2134
f 2136//2136 2135//2135 2054//2054 2053//2053
f 2137//2137 2138//2138 2135//2135 2136//2136
f 2134//2134 2135//2135 2138//2138 2130//2130
f 2130//2130 2138//2138 2139//2139 2131//2131
f 2137//2137 2140//2140 2139//2139 2138//2138
f 2131//2131 2139//2139 2140//2140 2132//2132
f 2141//2141 2062//2062 2059//2059 2128//2128
f 2142//2142 2141//2141 2128//2128 2132//2132
f 2118//2118 2141//2141 2142//2142 2115//2115
f 2062//2062 2141//2141 2118//2118 2063//2063
f 2143//2143 2144//2144 2145//2145 2146//2146
f 894//894 2145//2145 2144//2144 880//880
f 898//898 2147//2147 2145//2145 894//894
f 2146//2146 2145//2145 2147//2147 2148//2148
f 908//908 2149//2149 2147//2147 898//898
f 2150//2150 2149//2149 908//908 912//912
f 2151//2151 2152//2152 2149//2149 2150//2150
f 2147//2147 2149//2149 2152//2152 2148//2148
f 912//912 920//920 2153//2153 2150//2150
f 2154//2154 2153//2153 920//920 924//924
f 2155//2155 2156//2156 2153//2153 2154//2154
f 2150//2150 2153//2153 2156//2156 2151//2151
f 924//924 941//941 2157//2157 2154//2154
f 916//916 2158//2158 2157//2157 941//941
f 2159//2159 2157//2157 2158//2158 2160//2160
f 2154//2154 2157//2157 2159//2159 2155//2155
f 2161//2161 2162//2162 2163//2163 2164//2164
f 879//879 2163//2163 2162//2162 881//881
f 880//880 2144//2144 2163//2163 879//879
f 2164//2164 2163//2163 2144//2144 2143//2143
f 2165//2165 2161//2161 2164//2164
f 2166//2166 2164//2164 2143//2143
f 2167//2167 2166//2166 2168//2168 2169//2169
f 2165//2165 2166//2166 2167//2167 2170//2170
f 2169//2169 2168//2168 2171//2171 2172//2172
f 2146//2146 2171//2171 2168//2168 2143//2143
f 2148//2148 2173//2173 2171//2171 2146//2146
f 2172//2172 2171//2171 2173//2173 2174//2174
f 2175//2175 2176//2176 2177//2177 2178//2178
f 2174//2174 2173//2173 2177//2177 2176//2176
f 2152//2152 2177//2177 2173//2173 2148//2148
f 2178//2178 2177//2177 2152//2152 2151//2151
f 2179//2179 2180//2180 2181//2181 2182//2182
f 2178//2178 2181//2181 2180//2180 2175//2175
f 2151//2151 2156//2156 2181//2181 2178//2178
f 2182//2182 2181//2181 2156//2156 2155//2155
f 2183//2183 2184//2184 2185//2185 2186//2186
f 2182//2182 2184//2184 2183//2183 2179//2179
f 2155//2155 2159//2159 2184//2184 2182//2182
f 2160//2160 2185//2185 2184//2184 2159//2159
f 2170//2170 2167//2167 2187//2187 2188//2188
f 2172//2172 2187//2187 2167//2167 2169//2169
f 2174//2174 2189//2189 2187//2187 2172//2172
f 2188//2188 2187//2187 2189//2189 2190//2190
f 2191//2191 2192//2192 2193//2193 2194//2194
f 2189//2189 2193//2193 2192//2192 2190//2190
f 2174//2174 2176//2176 2193//2193 2189//2189
f 2194//2194 2193//2193 2176//2176 2175//2175
f 2195//2195 2196//2196 2197//2197 2198//2198
f 2192//2192 2197//2197 2196//2196 2190//2190
f 2191//2191 2198//2198 2197//2197 2192//2192
f 2199//2199 2200//2200 2201//2201 2202//2202
f 2194//2194 2201//2201 2200//2200 2191//2191
f 2175//2175 2180//2180 2201//2201 2194//2194
f 2202//2202 2201//2201 2180//2180 2179//2179
f 2203//2203 2204//2204 2205//2205 2206//2206
f 2198//2198 2205//2205 2204//2204 2195//2195
f 2191//2191 2200//2200 2205//2205 2198//2198
f 2206//2206 2205//2205 2200//2200 2199//2199
f 2202//2202 2207//2207 2208//2208 2199//2199
f 2179//2179 2183//2183 2207//2207 2202//2202
f 2186//2186 2209//2209 2207//2207 2183//2183
f 2208//2208 2207//2207 2209//2209 2210//2210
f 2211//2211 2212//2212 2213//2213 2214//2214
f 2206//2206 2212//2212 2211//2211 2203//2203
f 2199//2199 2208//2208 2212//2212 2206//2206
f 2210//2210 2213//2213 2212//2212 2208//2208
f 2214//2214 2213//2213 2215//2215 2216//2216
f 2217//2217 2215//2215 2213//2213 2210//2210
f 2218//2218 2219//2219 2215//2215 2217//2217
f 2216//2216 2215//2215 2219//2219 2220//2220
f 2221//2221 2222//2222 2209//2209 2186//2186
f 2223//2223 2222//2222 2221//2221 2224//2224
f 2218//2218 2217//2217 2222//2222 2223//2223
f 2210//2210 2209//2209 2222//2222 2217//2217
f 2220//2220 2219//2219 2225//2225 2226//2226
f 2223//2223 2225//2225 2219//2219 2218//2218
f 2224//2224 2227//2227 2225//2225 2223//2223
f 2226//2226 2225//2225 2227//2227 2228//2228
f 2224//2224 2221//2221 2229//2229 2230//2230
f 2185//2185 2229//2229 2221//2221 2186//2186
f 2231//2231 2229//2229 2185//2185 2160//2160
f 2230//2230 2229//2229 2231//2231 2232//2232
f 2160//2160 2158//2158 2233//2233 2231//2231
f 915//915 2233//2233 2158//2158 916//916
f 802//802 2234//2234 2233//2233 915//915
f 2231//2231 2233//2233 2234//2234 2232//2232
f 2228//2228 2227//2227 2235//2235 2236//2236
f 2230//2230 2235//2235 2227//2227 2224//2224
f 2232//2232 2237//2237 2235//2235 2230//2230
f 2236//2236 2235//2235 2237//2237 2238//2238
f 802//802 801//801 2239//2239 2234//2234
f 2240//2240 2239//2239 801//801 689//689
f 2241//2241 2242//2242 2239//2239 2240//2240
f 2234//2234 2239//2239 2242//2242 2232//2232
f 2243//2243 2244//2244 2245//2245 2246//2246
f 2245//2245 2244//2244 2238//2238 2237//2237
f 2242//2242 2245//2245 2237//2237 2232//2232
f 2246//2246 2245//2245 2242//2242 2241//2241
f 689//689 686//686 2247//2247 2240//2240
f 2248//2248 2247//2247 686//686 685//685
f 2249//2249 2250//2250 2247//2247 2248//2248
f 2240//2240 2247//2247 2250//2250 2241//2241
f 685//685 691//691 2251//2251 2248//2248
f 2104//2104 2251//2251 691//691 680//680
f 2103//2103 2252//2252 2251//2251 2104//2104
f 2248//2248 2251//2251 2252//2252 2249//2249
f 2241//2241 2250//2250 2253//2253 2246//2246
f 2254//2254 2253//2253 2250//2250 2249//2249
f 2255//2255 2256//2256 2253//2253 2254//2254
f 2246//2246 2253//2253 2256//2256 2243//2243
f 2095//2095 2100//2100 2257//2257 2102//2102
f 2258//2258 2257//2257 2100//2100 2099//2099
f 2257//2257 2258//2258 2259//2259 2260//2260
f 2102//2102 2257//2257 2260//2260 2103//2103
f 2249//2249 2252//2252 2261//2261 2254//2254
f 2260//2260 2261//2261 2252//2252 2103//2103
f 2259//2259 2262//2262 2261//2261 2260//2260
f 2254//2254 2261//2261 2262//2262 2255//2255
f 710//710 709//709 2263//2263 2264//2264
f 764//764 2263//2263 709//709 703//703
f 765//765 1438//1438 2263//2263 764//764
f 1438//1438 1441//1441 2264//2264
f 735//735 732//732 2265//2265 2266//2266
f 732//732 711//711 708//708
f 2265//2265 708//708 710//710
f 2266//2266 2265//2265 2267//2267 2268//2268
f 1567//1567 1566//1566 2269//2269 2270//2270
f 2266//2266 2269//2269 1566//1566 735//735
f 2268//2268 2271//2271 2269//2269 2266//2266
f 2270//2270 2269//2269 2271//2271 2272//2272
f 1579//1579 1578//1578 2273//2273 2274//2274
f 2270//2270 2273//2273 1578//1578 1567//1567
f 2272//2272 2275//2275 2273//2273 2270//2270
f 2274//2274 2273//2273 2275//2275 2276//2276
f 1583//1583 1582//1582 2277//2277 2278//2278
f 2274//2274 2277//2277 1582//1582 1579//1579
f 2276//2276 2279//2279 2277//2277 2274//2274
f 2278//2278 2277//2277 2279//2279 2280//2280
f 2281//2281 2282//2282 2283//2283
f 2284//2284 1441//1441 1440//1440
f 2281//2281 1440//1440 1426//1426
f 1443//1443 1442//1442 2282//2282
f 1442//1442 1447//1447 2285//2285 2282//2282
f 2286//2286 2285//2285 1447//1447 1446//1446
f 2287//2287 2288//2288 2285//2285 2286//2286
f 2282//2282 2285//2285 2288//2288 2283//2283
f 2289//2289 2290//2290 2268//2268
f 2267//2267 710//710 2264//2264
f 2289//2289 2264//2264 1441//1441
f 2291//2291 2292//2292 2290//2290
f 2290//2290 2293//2293 2271//2271 2268//2268
f 2294//2294 2293//2293 2290//2290 2292//2292
f 2295//2295 2296//2296 2293//2293 2294//2294
f 2272//2272 2271//2271 2293//2293 2296//2296
f 2296//2296 2297//2297 2275//2275 2272//2272
f 2298//2298 2297//2297 2296//2296 2295//2295
f 2299//2299 2300//2300 2297//2297 2298//2298
f 2276//2276 2275//2275 2297//2297 2300//2300
f 2280//2280 2279//2279 2301//2301 2302//2302
f 2300//2300 2301//2301 2279//2279 2276//2276
f 2299//2299 2303//2303 2301//2301 2300//2300
f 2304//2304 2302//2302 2301//2301 2303//2303
f 2305//2305 2306//2306 2307//2307 2308//2308
f 2303//2303 2307//2307 2306//2306 2304//2304
f 2299//2299 2309//2309 2307//2307 2303//2303
f 2308//2308 2307//2307 2309//2309 2310//2310
f 2295//2295 2311//2311 2312//2312 2298//2298
f 2313//2313 2312//2312 2311//2311 2314//2314
f 2310//2310 2309//2309 2312//2312 2313//2313
f 2298//2298 2312//2312 2309//2309 2299//2299
f 1453//1453 1451//1451 2315//2315 2316//2316
f 1430//1430 2315//2315 1451//1451 1431//1431
f 798//798 2317//2317 2315//2315 1430//1430
f 2316//2316 2315//2315 2317//2317 2318//2318
f 2287//2287 2286//2286 2319//2319 2320//2320
f 1452//1452 2319//2319 2286//2286 1446//1446
f 1453//1453 2316//2316 2319//2319 1452//1452
f 2320//2320 2319//2319 2316//2316 2318//2318
f 2321//2321 2322//2322 2318//2318
f 796//796 2321//2321 2317//2317 798//798
f 2321//2321 796//796 797//797 1455//1455
f 1459//1459 2322//2322 2321//2321
f 2323//2323 2324//2324 2283//2283
f 2288//2288 2287//2287 2320//2320
f 2323//2323 2320//2320 2318//2318
f 2325//2325 2326//2326 2324//2324
f 2327//2327 2328//2328 2292//2292
f 2291//2291 1441//1441 2284//2284
f 2327//2327 2284//2284 2283//2283
f 2324//2324 2326//2326 2328//2328
f 2314//2314 2311//2311 2329//2329 2330//2330
f 2294//2294 2329//2329 2311//2311 2295//2295
f 2292//2292 2328//2328 2329//2329 2294//2294
f 2328//2328 2326//2326 2330//2330
f 2326//2326 2325//2325 2331//2331 2332//2332
f 2325//2325 2318//2318 2322//2322
f 2331//2331 2322//2322 1459//1459
f 2332//2332 2331//2331 2333//2333 2334//2334
f 2335//2335 2336//2336 2337//2337 2338//2338
f 2335//2335 1457//1457 1461//1461
f 2336//2336 1461//1461 1463//1463
f 2337//2337 2336//2336 1493//1493 1492//1492
f 2339//2339 2333//2333 1459//1459
f 1458//1458 1457//1457 2335//2335
f 2338//2338 2340//2340 2339//2339 2335//2335
f 2333//2333 2339//2339 2340//2340 2334//2334
f 2341//2341 2342//2342 2338//2338
f 1499//1499 2341//2341 2337//2337 1492//1492
f 1501//1501 2343//2343 2341//2341 1499//1499
f 2342//2342 2341//2341 2343//2343 2344//2344
f 2344//2344 2343//2343 2345//2345 2346//2346
f 1503//1503 2345//2345 2343//2343 1501//1501
f 2345//2345 1503//1503 1497//1497 2347//2347
f 2346//2346 2345//2345 2347//2347 2348//2348
f 1497//1497 1496//1496 2349//2349 2347//2347
f 1472//1472 2349//2349 1496//1496 1474//1474
f 1423//1423 2350//2350 2349//2349 1472//1472
f 2347//2347 2349//2349 2350//2350 2348//2348
f 1422//1422 2351//2351 2350//2350 1423//1423
f 2352//2352 2351//2351 1422//1422 1419//1419
f 2353//2353 2351//2351 2352//2352 2354//2354
f 2348//2348 2350//2350 2351//2351 2353//2353
f 1419//1419 1418//1418 2355//2355 2352//2352
f 2356//2356 2355//2355 1418//1418 1415//1415
f 2357//2357 2358//2358 2355//2355 2356//2356
f 2355//2355 2358//2358 2354//2354 2352//2352
f 1415//1415 1414//1414 2359//2359 2356//2356
f 1414//1414 1411//1411 2360//2360
f 2361//2361 2362//2362 2359//2359 2360//2360
f 2356//2356 2359//2359 2362//2362 2357//2357
f 2360//2360 2363//2363 2364//2364 2361//2361
f 1411//1411 1409//1409 2363//2363 2360//2360
f 1406//1406 2365//2365 2363//2363 1409//1409
f 2364//2364 2363//2363 2365//2365 2366//2366
f 2366//2366 2365//2365 2367//2367 2368//2368
f 1405//1405 2367//2367 2365//2365 1406//1406
f 1402//1402 2369//2369 2367//2367 1405//1405
f 2368//2368 2367//2367 2369//2369 2370//2370
f 2370//2370 2369//2369 2371//2371 2372//2372
f 1401//1401 2371//2371 2369//2369 1402//1402
f 2371//2371 1401//1401 1398//1398
f 2373//2373 2374//2374 2372//2372
f 2375//2375 2376//2376 2377//2377 2378//2378
f 2376//2376 2326//2326 2332//2332
f 2334//2334 2378//2378 2377//2377 2332//2332
f 2379//2379 2380//2380 2381//2381 2382//2382
f 2330//2330 2381//2381 2380//2380 2314//2314
f 2326//2326 2376//2376 2381//2381 2330//2330
f 2382//2382 2381//2381 2376//2376 2375//2375
f 2383//2383 2384//2384 2385//2385 2386//2386
f 2313//2313 2385//2385 2384//2384 2310//2310
f 2314//2314 2380//2380 2385//2385 2313//2313
f 2386//2386 2385//2385 2380//2380 2379//2379
f 2387//2387 2388//2388 2389//2389 2390//2390
f 2388//2388 2387//2387 2305//2305
f 2310//2310 2384//2384 2388//2388 2308//2308
f 2389//2389 2388//2388 2384//2384 2383//2383
f 2391//2391 2378//2378 2334//2334
f 2340//2340 2338//2338 2392//2392
f 2392//2392 2393//2393 2394//2394
f 2394//2394 2375//2375 2378//2378
f 2395//2395 2396//2396 2393//2393
f 2392//2392 2338//2338 2342//2342
f 2344//2344 2397//2397 2395//2395 2342//2342
f 2396//2396 2395//2395 2397//2397 2398//2398
f 2398//2398 2397//2397 2399//2399 2400//2400
f 2346//2346 2399//2399 2397//2397 2344//2344
f 2348//2348 2401//2401 2399//2399 2346//2346
f 2400//2400 2399//2399 2401//2401 2402//2402
f 2402//2402 2401//2401 2403//2403 2404//2404
f 2353//2353 2403//2403 2401//2401 2348//2348
f 2354//2354 2405//2405 2403//2403 2353//2353
f 2404//2404 2403//2403 2405//2405 2406//2406
f 2406//2406 2405//2405 2407//2407 2408//2408
f 2358//2358 2407//2407 2405//2405 2354//2354
f 2409//2409 2407//2407 2358//2358 2357//2357
f 2408//2408 2407//2407 2409//2409 2410//2410
f 2411//2411 2412//2412 2413//2413 2414//2414
f 2409//2409 2413//2413 2412//2412 2410//2410
f 2357//2357 2362//2362 2413//2413 2409//2409
f 2414//2414 2413//2413 2362//2362 2361//2361
f 2415//2415 2416//2416 2417//2417 2418//2418
f 2414//2414 2417//2417 2416//2416 2411//2411
f 2361//2361 2364//2364 2417//2417 2414//2414
f 2418//2418 2417//2417 2364//2364 2366//2366
f 2419//2419 2420//2420 2421//2421 2422//2422
f 2418//2418 2421//2421 2420//2420 2415//2415
f 2366//2366 2368//2368 2421//2421 2418//2418
f 2422//2422 2421//2421 2368//2368 2370//2370
f 2423//2423 2424//2424 2425//2425 2426//2426
f 2422//2422 2425//2425 2424//2424 2419//2419
f 2370//2370 2372//2372 2425//2425 2422//2422
f 2426//2426 2425//2425 2372//2372 2374//2374
f 2427//2427 2428//2428 2429//2429 2430//2430
f 2419//2419 2424//2424 2428//2428 2427//2427
f 2423//2423 2431//2431 2428//2428 2424//2424
f 2429//2429 2428//2428 2431//2431 2432//2432
f 2433//2433 2434//2434 2435//2435 2436//2436
f 2416//2416 2435//2435 2434//2434 2411//2411
f 2437//2437 2435//2435 2416//2416 2415//2415
f 2436//2436 2435//2435 2437//2437 2438//2438
f 2415//2415 2420//2420 2439//2439 2437//2437
f 2427//2427 2439//2439 2420//2420 2419//2419
f 2430//2430 2440//2440 2439//2439 2427//2427
f 2437//2437 2439//2439 2440//2440 2438//2438
f 2441//2441 2442//2442 2443//2443 2444//2444
f 2412//2412 2443//2443 2442//2442 2410//2410
f 2411//2411 2434//2434 2443//2443 2412//2412
f 2444//2444 2443//2443 2434//2434 2433//2433
f 2433//2433 2436//2436 2445//2445 2444//2444
f 2446//2446 2445//2445 2436//2436 2438//2438
f 2447//2447 2448//2448 2445//2445 2446//2446
f 2444//2444 2445//2445 2448//2448 2441//2441
f 2449//2449 2450//2450 2451//2451 2452//2452
f 2408//2408 2451//2451 2450//2450 2406//2406
f 2410//2410 2442//2442 2451//2451 2408//2408
f 2452//2452 2451//2451 2442//2442 2441//2441
f 2441//2441 2448//2448 2453//2453 2452//2452
f 2454//2454 2453//2453 2448//2448 2447//2447
f 2453//2453 2454//2454 2455//2455 2456//2456
f 2452//2452 2453//2453 2456//2456 2449//2449
f 2457//2457 2458//2458 2459//2459 2460//2460
f 2404//2404 2459//2459 2458//2458 2402//2402
f 2406//2406 2450//2450 2459//2459 2404//2404
f 2460//2460 2459//2459 2450//2450 2449//2449
f 2457//2457 2460//2460 2461//2461 2462//2462
f 2456//2456 2461//2461 2460//2460 2449//2449
f 2455//2455 2463//2463 2461//2461 2456//2456
f 2462//2462 2461//2461 2463//2463 2464//2464
f 2402//2402 2458//2458 2465//2465 2400//2400
f 2466//2466 2465//2465 2458//2458 2457//2457
f 2467//2467 2468//2468 2465//2465 2466//2466
f 2400//2400 2465//2465 2468//2468 2398//2398
f 2467//2467 2466//2466 2469//2469 2470//2470
f 2462//2462 2469//2469 2466//2466 2457//2457
f 2464//2464 2471//2471 2469//2469 2462//2462
f 2470//2470 2469//2469 2471//2471 2472//2472
f 2473//2473 2474//2474 2475//2475
f 2396//2396 2473//2473 2476//2476 2393//2393
f 2398//2398 2468//2468 2473//2473 2396//2396
f 2468//2468 2467//2467 2474//2474
f 2477//2477 2478//2478 2475//2475
f 2474//2474 2467//2467 2470//2470
f 2472//2472 2479//2479 2477//2477 2470//2470
f 2478//2478 2477//2477 2479//2479 2480//2480
f 2481//2481 2482//2482 2483//2483 2484//2484
f 2394//2394 2483//2483 2482//2482 2375//2375
f 2393//2393 2476//2476 2483//2483 2394//2394
f 2484//2484 2483//2483 2476//2476 2475//2475
f 2475//2475 2478//2478 2485//2485 2484//2484
f 2480//2480 2486//2486 2485//2485 2478//2478
f 2485//2485 2486//2486 2487//2487 2488//2488
f 2484//2484 2485//2485 2488//2488 2481//2481
f 2375//2375 2482//2482 2489//2489 2382//2382
f 2490//2490 2489//2489 2482//2482 2481//2481
f 2491//2491 2492//2492 2489//2489 2490//2490
f 2382//2382 2489//2489 2492//2492 2379//2379
f 2481//2481 2488//2488 2493//2493 2490//2490
f 2494//2494 2493//2493 2488//2488 2487//2487
f 2495//2495 2496//2496 2493//2493 2494//2494
f 2490//2490 2493//2493 2496//2496 2491//2491
f 2379//2379 2492//2492 2497//2497 2386//2386
f 2498//2498 2497//2497 2492//2492 2491//2491
f 2499//2499 2500//2500 2497//2497 2498//2498
f 2386//2386 2497//2497 2500//2500 2383//2383
f 2491//2491 2496//2496 2501//2501 2498//2498
f 2502//2502 2501//2501 2496//2496 2495//2495
f 2501//2501 2502//2502 2503//2503 2504//2504
f 2498//2498 2501//2501 2504//2504 2499//2499
f 2383//2383 2500//2500 2505//2505 2389//2389
f 2506//2506 2505//2505 2500//2500 2499//2499
f 2507//2507 2508//2508 2505//2505 2506//2506
f 2389//2389 2505//2505 2508//2508 2390//2390
f 2499//2499 2504//2504 2509//2509 2506//2506
f 2503//2503 2510//2510 2509//2509 2504//2504
f 2511//2511 2509//2509 2510//2510 2512//2512
f 2506//2506 2509//2509 2511//2511 2507//2507
f 1150//1150 1149//1149 2513//2513 2514//2514
f 2515//2515 2513//2513 1149//1149 1148//1148
f 2516//2516 2517//2517 2513//2513 2515//2515
f 2514//2514 2513//2513 2517//2517 2518//2518
f 2519//2519 2520//2520 2521//2521
f 2521//2521 2520//2520 2522//2522 2523//2523
f 2524//2524 2525//2525 2521//2521 2523//2523
f 2526//2526 2521//2521 2525//2525 2527//2527
f 2528//2528 2529//2529 2530//2530 2531//2531
f 2532//2532 2530//2530 2529//2529 2533//2533
f 2534//2534 2535//2535 2530//2530 2532//2532
f 2531//2531 2530//2530 2535//2535 2536//2536
f 2518//2518 2517//2517 2537//2537 2538//2538
f 2539//2539 2537//2537 2517//2517 2516//2516
f 2527//2527 2525//2525 2537//2537 2539//2539
f 2538//2538 2537//2537 2525//2525 2524//2524
f 2516//2516 2540//2540 2541//2541 2539//2539
f 2542//2542 2541//2541 2540//2540 2543//2543
f 2544//2544 2545//2545 2541//2541 2542//2542
f 2539//2539 2541//2541 2545//2545 2527//2527
f 2543//2543 2546//2546 2547//2547 2542//2542
f 2529//2529 2547//2547 2546//2546 2533//2533
f 2528//2528 2548//2548 2547//2547 2529//2529
f 2542//2542 2547//2547 2548//2548 2544//2544
f 2549//2549 2550//2550 2551//2551 2552//2552
f 2278//2278 2551//2551 2550//2550 1583//1583
f 2280//2280 2553//2553 2551//2551 2278//2278
f 2552//2552 2551//2551 2553//2553 2554//2554
f 2534//2534 2532//2532 2555//2555 2556//2556
f 2533//2533 2557//2557 2555//2555 2532//2532
f 2558//2558 2555//2555 2557//2557 2559//2559
f 2556//2556 2555//2555 2558//2558 2560//2560
f 2561//2561 2562//2562 2563//2563 2564//2564
f 2561//2561 1526//1526 1537//1537
f 1539//1539 2565//2565 2562//2562 1537//1537
f 2565//2565 2566//2566 2563//2563
f 1512//1512 1527//1527 2567//2567 2568//2568
f 2561//2561 2567//2567 1527//1527 1526//1526
f 2569//2569 2567//2567 2561//2561 2564//2564
f 2568//2568 2567//2567 2569//2569 2570//2570
f 230//230 1513//1513 2571//2571 238//238
f 2568//2568 2571//2571 1513//1513 1512//1512
f 2570//2570 2572//2572 2571//2571 2568//2568
f 238//238 2571//2571 2572//2572 239//239
f 239//239 2572//2572 2573//2573 2574//2574
f 2575//2575 2573//2573 2572//2572 2570//2570
f 2576//2576 2577//2577 2573//2573 2575//2575
f 2574//2574 2573//2573 2577//2577 2578//2578
f 2570//2570 2569//2569 2579//2579 2575//2575
f 2569//2569 2564//2564 2580//2580
f 2581//2581 2582//2582 2579//2579 2580//2580
f 2575//2575 2579//2579 2582//2582 2576//2576
f 2581//2581 2580//2580 2583//2583 2584//2584
f 2585//2585 2583//2583 2580//2580 2564//2564
f 2586//2586 2587//2587 2583//2583 2585//2585
f 2584//2584 2583//2583 2587//2587 2588//2588
f 2589//2589 2590//2590 2587//2587 2586//2586
f 2591//2591 2590//2590 2589//2589 2560//2560
f 2592//2592 2590//2590 2591//2591 2593//2593
f 2588//2588 2587//2587 2590//2590 2592//2592
f 2559//2559 2594//2594 2595//2595 2558//2558
f 2596//2596 2595//2595 2594//2594 2597//2597
f 2593//2593 2591//2591 2595//2595 2596//2596
f 2558//2558 2595//2595 2591//2591 2560//2560
f 1055//1055 1054//1054 2598//2598 2599//2599
f 2600//2600 2598//2598 1054//1054 1015//1015
f 2601//2601 2602//2602 2598//2598 2600//2600
f 2599//2599 2598//2598 2602//2602 2597//2597
f 2603//2603 2604//2604 2605//2605 2606//2606
f 2596//2596 2605//2605 2604//2604 2593//2593
f 2597//2597 2602//2602 2605//2605 2596//2596
f 2602//2602 2601//2601 2606//2606
f 2607//2607 2608//2608 2609//2609 2610//2610
f 1581//1581 2609//2609 2608//2608 1575//1575
f 1583//1583 2550//2550 2609//2609 1581//1581
f 2610//2610 2609//2609 2550//2550 2549//2549
f 2611//2611 2612//2612 2613//2613 2614//2614
f 2615//2615 2613//2613 2612//2612 2616//2616
f 2552//2552 2613//2613 2615//2615 2549//2549
f 2614//2614 2613//2613 2552//2552 2554//2554
f 2617//2617 2618//2618 2619//2619 2620//2620
f 2621//2621 2619//2619 2618//2618 2536//2536
f 2616//2616 2612//2612 2619//2619 2621//2621
f 2620//2620 2619//2619 2612//2612 2611//2611
f 2622//2622 2623//2623 2624//2624 2625//2625
f 2610//2610 2624//2624 2623//2623 2607//2607
f 2549//2549 2615//2615 2624//2624 2610//2610
f 2625//2625 2624//2624 2615//2615 2616//2616
f 2534//2534 2626//2626 2627//2627 2535//2535
f 2628//2628 2627//2627 2626//2626 2629//2629
f 2616//2616 2621//2621 2627//2627 2628//2628
f 2536//2536 2535//2535 2627//2627 2621//2621
f 2586//2586 2585//2585 2630//2630 2631//2631
f 2564//2564 2563//2563 2630//2630 2585//2585
f 2566//2566 2632//2632 2630//2630 2563//2563
f 2631//2631 2630//2630 2632//2632 2629//2629
f 2560//2560 2589//2589 2633//2633 2556//2556
f 2631//2631 2633//2633 2589//2589 2586//2586
f 2629//2629 2626//2626 2633//2633 2631//2631
f 2556//2556 2633//2633 2626//2626 2534//2534
f 2634//2634 2635//2635 2566//2566
f 1549//1549 2634//2634 2565//2565 1539//1539
f 1551//1551 2636//2636 2634//2634 1549//1549
f 2635//2635 2634//2634 2636//2636 2637//2637
f 2637//2637 2636//2636 2638//2638 2639//2639
f 1562//1562 2638//2638 2636//2636 1551//1551
f 1563//1563 2640//2640 2638//2638 1562//1562
f 2639//2639 2638//2638 2640//2640 2641//2641
f 2642//2642 2643//2643 2641//2641
f 1573//1573 2642//2642 2640//2640 1563//1563
f 2642//2642 1573//1573 1575//1575
f 2643//2643 2642//2642 2608//2608 2607//2607
f 2644//2644 2645//2645 2646//2646 2647//2647
f 2637//2637 2639//2639 2645//2645 2644//2644
f 2641//2641 2646//2646 2645//2645 2639//2639
f 2607//2607 2623//2623 2648//2648 2643//2643
f 2649//2649 2648//2648 2623//2623 2622//2622
f 2647//2647 2646//2646 2648//2648 2649//2649
f 2643//2643 2648//2648 2646//2646 2641//2641
f 2622//2622 2625//2625 2650//2650 2649//2649
f 2628//2628 2650//2650 2625//2625 2616//2616
f 2629//2629 2651//2651 2650//2650 2628//2628
f 2649//2649 2650//2650 2651//2651 2647//2647
f 2647//2647 2651//2651 2652//2652 2644//2644
f 2632//2632 2652//2652 2651//2651 2629//2629
f 2635//2635 2652//2652 2632//2632 2566//2566
f 2644//2644 2652//2652 2635//2635 2637//2637
f 335//335 334//334 2653//2653 2654//2654
f 297//297 2653//2653 334//334 295//295
f 299//299 2655//2655 2653//2653 297//297
f 2654//2654 2653//2653 2655//2655 2656//2656
f 375//375 374//374 2657//2657 2658//2658
f 2654//2654 2657//2657 374//374 335//335
f 2656//2656 2659//2659 2657//2657 2654//2654
f 2658//2658 2657//2657 2659//2659 2660//2660
f 2661//2661 2662//2662 2663//2663 2664//2664
f 1011//1011 2663//2663 2662//2662 1008//1008
f 375//375 2658//2658 2663//2663 1011//1011
f 2664//2664 2663//2663 2658//2658 2660//2660
f 2665//2665 2666//2666 2667//2667 2668//2668
f 1016//1016 2667//2667 2666//2666 1017//1017
f 1008//1008 2662//2662 2667//2667 1016//1016
f 2668//2668 2667//2667 2662//2662 2661//2661
f 2669//2669 2670//2670 2671//2671
f 2671//2671 2588//2588 2592//2592
f 2672//2672 2592//2592 2593//2593
f 2603//2603 2669//2669 2672//2672 2604//2604
f 2673//2673 2674//2674 2675//2675 2676//2676
f 2584//2584 2675//2675 2674//2674 2581//2581
f 2675//2675 2584//2584 2588//2588
f 2671//2671 2670//2670 2676//2676
f 2677//2677 2678//2678 2679//2679 2680//2680
f 2600//2600 2679//2679 2678//2678 2601//2601
f 1015//1015 1014//1014 2679//2679 2600//2600
f 2680//2680 2679//2679 1014//1014 1017//1017
f 2670//2670 2669//2669 2681//2681 2682//2682
f 2606//2606 2681//2681 2669//2669 2603//2603
f 2601//2601 2678//2678 2681//2681 2606//2606
f 2682//2682 2681//2681 2678//2678 2677//2677
f 2683//2683 2684//2684 2685//2685 2686//2686
f 2680//2680 2685//2685 2684//2684 2677//2677
f 1017//1017 2666//2666 2685//2685 2680//2680
f 2686//2686 2685//2685 2666//2666 2665//2665
f 2576//2576 2582//2582 2687//2687 2688//2688
f 2674//2674 2687//2687 2582//2582 2581//2581
f 2673//2673 2689//2689 2687//2687 2674//2674
f 2688//2688 2687//2687 2689//2689 2690//2690
f 2691//2691 2692//2692 2673//2673
f 2676//2676 2670//2670 2682//2682
f 2677//2677 2693//2693 2691//2691 2682//2682
f 2692//2692 2691//2691 2693//2693 2694//2694
f 2694//2694 2693//2693 2695//2695 2696//2696
f 2684//2684 2695//2695 2693//2693 2677//2677
f 2697//2697 2695//2695 2684//2684 2683//2683
f 2698//2698 2696//2696 2695//2695 2697//2697
f 2688//2688 2699//2699 2577//2577 2576//2576
f 2690//2690 2700//2700 2699//2699 2688//2688
f 2577//2577 2699//2699 2700//2700 2578//2578
f 2692//2692 2701//2701 2689//2689 2673//2673
f 2694//2694 2702//2702 2701//2701 2692//2692
f 2703//2703 2701//2701 2702//2702 2704//2704
f 2690//2690 2689//2689 2701//2701 2703//2703
f 2704//2704 2702//2702 2705//2705 2706//2706
f 2696//2696 2705//2705 2702//2702 2694//2694
f 2707//2707 2705//2705 2696//2696 2698//2698
f 2706//2706 2705//2705 2707//2707 2708//2708
f 2709//2709 2710//2710 2711//2711 2712//2712
f 2713//2713 2711//2711 2710//2710 2714//2714
f 299//299 298//298 2711//2711 2713//2713
f 2712//2712 2711//2711 298//298 241//241
f 241//241 240//240 2715//2715 2712//2712
f 2574//2574 2715//2715 240//240 239//239
f 2578//2578 2716//2716 2715//2715 2574//2574
f 2712//2712 2715//2715 2716//2716 2709//2709
f 2578//2578 2700//2700 2717//2717 2718//2718
f 2703//2703 2717//2717 2700//2700 2690//2690
f 2704//2704 2719//2719 2717//2717 2703//2703
f 2718//2718 2717//2717 2719//2719 2720//2720
f 2720//2720 2719//2719 2721//2721 2722//2722
f 2706//2706 2721//2721 2719//2719 2704//2704
f 2708//2708 2723//2723 2721//2721 2706//2706
f 2722//2722 2721//2721 2723//2723 2724//2724
f 2656//2656 2655//2655 2725//2725 2726//2726
f 2713//2713 2725//2725 2655//2655 299//299
f 2714//2714 2727//2727 2725//2725 2713//2713
f 2726//2726 2725//2725 2727//2727 2728//2728
f 2709//2709 2716//2716 2729//2729 2730//2730
f 2718//2718 2729//2729 2716//2716 2578//2578
f 2720//2720 2731//2731 2729//2729 2718//2718
f 2730//2730 2729//2729 2731//2731 2732//2732
f 2714//2714 2710//2710 2733//2733 2727//2727
f 2730//2730 2733//2733 2710//2710 2709//2709
f 2732//2732 2734//2734 2733//2733 2730//2730
f 2727//2727 2733//2733 2734//2734 2728//2728
f 2732//2732 2731//2731 2735//2735 2736//2736
f 2722//2722 2735//2735 2731//2731 2720//2720
f 2724//2724 2737//2737 2735//2735 2722//2722
f 2736//2736 2735//2735 2737//2737 2738//2738
f 2728//2728 2734//2734 2739//2739 2740//2740
f 2736//2736 2739//2739 2734//2734 2732//2732
f 2738//2738 2741//2741 2739//2739 2736//2736
f 2740//2740 2739//2739 2741//2741 2742//2742
f 2660//2660 2659//2659 2743//2743 2744//2744
f 2726//2726 2743//2743 2659//2659 2656//2656
f 2728//2728 2745//2745 2743//2743 2726//2726
f 2744//2744 2743//2743 2745//2745 2746//2746
f 2744//2744 2747//2747 2664//2664 2660//2660
f 2746//2746 2748//2748 2747//2747 2744//2744
f 2749//2749 2750//2750 2747//2747 2748//2748
f 2664//2664 2747//2747 2750//2750 2661//2661
f 2746//2746 2745//2745 2751//2751 2752//2752
f 2740//2740 2751//2751 2745//2745 2728//2728
f 2742//2742 2753//2753 2751//2751 2740//2740
f 2752//2752 2751//2751 2753//2753 2754//2754
f 2661//2661 2750//2750 2755//2755 2668//2668
f 2756//2756 2755//2755 2750//2750 2749//2749
f 2757//2757 2758//2758 2755//2755 2756//2756
f 2668//2668 2755//2755 2758//2758 2665//2665
f 2748//2748 2759//2759 2760//2760 2749//2749
f 2752//2752 2759//2759 2748//2748 2746//2746
f 2754//2754 2761//2761 2759//2759 2752//2752
f 2762//2762 2760//2760 2759//2759 2761//2761
f 2665//2665 2758//2758 2763//2763 2686//2686
f 2764//2764 2763//2763 2758//2758 2757//2757
f 2765//2765 2766//2766 2763//2763 2764//2764
f 2686//2686 2763//2763 2766//2766 2683//2683
f 2767//2767 2768//2768 2769//2769 2770//2770
f 2756//2756 2769//2769 2768//2768 2757//2757
f 2749//2749 2760//2760 2769//2769 2756//2756
f 2770//2770 2769//2769 2760//2760 2762//2762
f 2771//2771 2772//2772 2773//2773 2774//2774
f 2697//2697 2773//2773 2772//2772 2698//2698
f 2683//2683 2766//2766 2773//2773 2697//2697
f 2774//2774 2773//2773 2766//2766 2765//2765
f 2775//2775 2776//2776 2777//2777 2778//2778
f 2708//2708 2707//2707 2777//2777 2776//2776
f 2698//2698 2772//2772 2777//2777 2707//2707
f 2778//2778 2777//2777 2772//2772 2771//2771
f 2757//2757 2768//2768 2779//2779 2764//2764
f 2780//2780 2779//2779 2768//2768 2767//2767
f 2781//2781 2782//2782 2779//2779 2780//2780
f 2764//2764 2779//2779 2782//2782 2765//2765
f 2724//2724 2723//2723 2783//2783 2784//2784
f 2776//2776 2783//2783 2723//2723 2708//2708
f 2775//2775 2785//2785 2783//2783 2776//2776
f 2784//2784 2783//2783 2785//2785 2786//2786
f 2787//2787 2788//2788 2789//2789
f 2774//2774 2787//2787 2790//2790 2771//2771
f 2765//2765 2782//2782 2787//2787 2774//2774
f 2788//2788 2787//2787 2782//2782 2781//2781
f 2786//2786 2785//2785 2791//2791 2792//2792
f 2778//2778 2791//2791 2785//2785 2775//2775
f 2771//2771 2790//2790 2791//2791 2778//2778
f 2792//2792 2791//2791 2790//2790 2789//2789
f 2738//2738 2737//2737 2793//2793 2794//2794
f 2784//2784 2793//2793 2737//2737 2724//2724
f 2786//2786 2795//2795 2793//2793 2784//2784
f 2794//2794 2793//2793 2795//2795 2796//2796
f 2742//2742 2741//2741 2797//2797 2798//2798
f 2794//2794 2797//2797 2741//2741 2738//2738
f 2796//2796 2799//2799 2797//2797 2794//2794
f 2798//2798 2797//2797 2799//2799 2800//2800
f 2796//2796 2795//2795 2801//2801 2802//2802
f 2792//2792 2801//2801 2795//2795 2786//2786
f 2802//2802 2801//2801 2792//2792 2789//2789
f 2800//2800 2799//2799 2803//2803 2804//2804
f 2802//2802 2803//2803 2799//2799 2796//2796
f 2789//2789 2805//2805 2803//2803 2802//2802
f 2804//2804 2803//2803 2805//2805 2806//2806
f 2788//2788 2807//2807 2805//2805 2789//2789
f 2808//2808 2807//2807 2788//2788 2781//2781
f 2809//2809 2810//2810 2807//2807 2808//2808
f 2806//2806 2805//2805 2807//2807 2810//2810
f 2810//2810 2811//2811 2812//2812 2806//2806
f 2813//2813 2811//2811 2810//2810 2809//2809
f 2814//2814 2815//2815 2811//2811 2813//2813
f 2816//2816 2812//2812 2811//2811 2815//2815
f 2781//2781 2780//2780 2817//2817 2808//2808
f 2767//2767 2818//2818 2817//2817 2780//2780
f 2819//2819 2817//2817 2818//2818 2820//2820
f 2808//2808 2817//2817 2819//2819 2809//2809
f 2820//2820 2818//2818 2821//2821 2822//2822
f 2770//2770 2821//2821 2818//2818 2767//2767
f 2762//2762 2823//2823 2821//2821 2770//2770
f 2822//2822 2821//2821 2823//2823 2824//2824
f 2825//2825 2826//2826 2827//2827
f 2804//2804 2825//2825 2828//2828 2800//2800
f 2806//2806 2812//2812 2825//2825 2804//2804
f 2816//2816 2826//2826 2825//2825
f 2754//2754 2753//2753 2829//2829 2830//2830
f 2798//2798 2829//2829 2753//2753 2742//2742
f 2800//2800 2828//2828 2829//2829 2798//2798
f 2830//2830 2829//2829 2828//2828 2827//2827
f 2824//2824 2823//2823 2831//2831 2832//2832
f 2761//2761 2831//2831 2823//2823 2762//2762
f 2830//2830 2831//2831 2761//2761 2754//2754
f 2831//2831 2830//2830 2827//2827 2832//2832
f 2833//2833 2834//2834 2835//2835
f 2822//2822 2833//2833 2836//2836 2820//2820
f 2824//2824 2832//2832 2833//2833 2822//2822
f 2832//2832 2827//2827 2834//2834
f 2816//2816 2815//2815 2837//2837 2826//2826
f 2838//2838 2837//2837 2815//2815 2814//2814
f 2834//2834 2837//2837 2838//2838 2835//2835
f 2826//2826 2837//2837 2834//2834 2827//2827
f 2814//2814 2813//2813 2839//2839 2838//2838
f 2819//2819 2839//2839 2813//2813 2809//2809
f 2820//2820 2836//2836 2839//2839 2819//2819
f 2835//2835 2838//2838 2839//2839 2836//2836
f 2840//2840 2841//2841 2842//2842
f 1086//1086 2840//2840 2843//2843 1087//1087
f 1068//1068 1073//1073 2840//2840 1086//1086
f 2841//2841 2840//2840 1073//1073 1072//1072
f 1170//1170 1173//1173 2844//2844 2845//2845
f 1167//1167 1166//1166 2844//2844 1173//1173
f 2843//2843 2844//2844 1166//1166 1087//1087
f 2845//2845 2844//2844 2843//2843 2842//2842
f 1176//1176 2846//2846 2847//2847 1177//1177
f 2845//2845 2846//2846 1176//1176 1170//1170
f 2845//2845 2842//2842 2848//2848
f 2847//2847 2846//2846 2848//2848 2849//2849
f 1032//1032 1037//1037 2850//2850 1071//1071
f 2851//2851 2850//2850 1037//1037 1036//1036
f 2852//2852 2853//2853 2850//2850 2851//2851
f 1071//1071 2850//2850 2853//2853 1072//1072
f 1072//1072 2853//2853 2854//2854 2841//2841
f 2855//2855 2854//2854 2853//2853 2852//2852
f 2856//2856 2857//2857 2854//2854 2855//2855
f 2841//2841 2854//2854 2857//2857 2842//2842
f 2849//2849 2848//2848 2858//2858 2859//2859
f 2858//2858 2848//2848 2842//2842
f 2859//2859 2858//2858 2857//2857 2856//2856
f 1036//1036 1041//1041 2860//2860 2851//2851
f 2861//2861 2860//2860 1041//1041 1040//1040
f 2862//2862 2863//2863 2860//2860 2861//2861
f 2851//2851 2860//2860 2863//2863 2852//2852
f 1177//1177 2847//2847 2864//2864 1181//1181
f 2849//2849 2865//2865 2864//2864 2847//2847
f 2866//2866 2867//2867 2864//2864 2865//2865
f 1181//1181 2864//2864 2867//2867 1178//1178
f 2852//2852 2863//2863 2868//2868 2855//2855
f 2863//2863 2862//2862 2869//2869
f 2870//2870 2871//2871 2868//2868 2869//2869
f 2855//2855 2868//2868 2871//2871 2856//2856
f 2866//2866 2865//2865 2872//2872 2873//2873
f 2859//2859 2872//2872 2865//2865 2849//2849
f 2856//2856 2871//2871 2872//2872 2859//2859
f 2873//2873 2872//2872 2871//2871 2870//2870
f 2861//2861 2874//2874 2875//2875 2862//2862
f 2874//2874 2861//2861 1040//1040 1045//1045
f 1047//1047 2876//2876 2874//2874 1045//1045
f 2876//2876 2877//2877 2875//2875
f 1178//1178 2867//2867 2878//2878 1185//1185
f 2879//2879 2878//2878 2867//2867 2866//2866
f 2880//2880 2881//2881 2878//2878 2879//2879
f 1185//1185 2878//2878 2881//2881 1182//1182
f 2869//2869 2882//2882 2883//2883 2870//2870
f 2882//2882 2869//2869 2862//2862
f 2882//2882 2875//2875 2877//2877
f 2883//2883 2882//2882 2884//2884 2885//2885
f 2866//2866 2873//2873 2886//2886 2879//2879
f 2870//2870 2883//2883 2886//2886 2873//2873
f 2885//2885 2887//2887 2886//2886 2883//2883
f 2879//2879 2886//2886 2887//2887 2880//2880
f 2888//2888 2889//2889 2877//2877
f 1050//1050 2888//2888 2876//2876 1047//1047
f 1049//1049 2890//2890 2888//2888 1050//1050
f 2889//2889 2888//2888 2890//2890 2891//2891
f 2885//2885 2884//2884 2892//2892 2893//2893
f 2889//2889 2892//2892 2884//2884 2877//2877
f 2891//2891 2894//2894 2892//2892 2889//2889
f 2893//2893 2892//2892 2894//2894 2895//2895
f 2896//2896 2897//2897 2898//2898 2899//2899
f 2599//2599 2898//2898 2897//2897 1055//1055
f 2597//2597 2594//2594 2898//2898 2599//2599
f 2899//2899 2898//2898 2594//2594 2559//2559
f 2891//2891 2890//2890 2900//2900 2901//2901
f 1053//1053 2900//2900 2890//2890 1049//1049
f 1055//1055 2897//2897 2900//2900 1053//1053
f 2897//2897 2896//2896 2901//2901
f 2895//2895 2894//2894 2902//2902 2903//2903
f 2901//2901 2902//2902 2894//2894 2891//2891
f 2902//2902 2901//2901 2896//2896
f 2903//2903 2902//2902 2904//2904 2905//2905
f 1182//1182 2881//2881 2906//2906 1189//1189
f 2907//2907 2906//2906 2881//2881 2880//2880
f 2908//2908 2909//2909 2906//2906 2907//2907
f 1189//1189 2906//2906 2909//2909 1186//1186
f 2880//2880 2887//2887 2910//2910 2907//2907
f 2893//2893 2910//2910 2887//2887 2885//2885
f 2895//2895 2911//2911 2910//2910 2893//2893
f 2907//2907 2910//2910 2911//2911 2908//2908
f 2559//2559 2557//2557 2912//2912 2899//2899
f 2913//2913 2912//2912 2557//2557 2533//2533
f 2914//2914 2915//2915 2912//2912 2913//2913
f 2899//2899 2912//2912 2915//2915 2896//2896
f 2543//2543 2540//2540 2916//2916 2917//2917
f 2515//2515 2916//2916 2540//2540 2516//2516
f 1148//1148 2918//2918 2916//2916 2515//2515
f 2917//2917 2916//2916 2918//2918 2919//2919
f 2920//2920 2921//2921 2905//2905
f 2904//2904 2896//2896 2915//2915
f 2915//2915 2914//2914 2922//2922
f 2922//2922 2923//2923 2921//2921
f 2924//2924 2925//2925 2917//2917 2919//2919
f 2913//2913 2925//2925 2924//2924 2914//2914
f 2533//2533 2546//2546 2925//2925 2913//2913
f 2917//2917 2925//2925 2546//2546 2543//2543
f 2923//2923 2922//2922 2926//2926 2927//2927
f 2914//2914 2924//2924 2926//2926 2922//2922
f 2927//2927 2926//2926 2924//2924 2919//2919
f 1186//1186 2909//2909 2928//2928 2929//2929
f 2930//2930 2928//2928 2909//2909 2908//2908
f 2923//2923 2927//2927 2928//2928 2930//2930
f 2929//2929 2928//2928 2927//2927 2919//2919
f 1144//1144 1187//1187 2931//2931 1147//1147
f 2929//2929 2931//2931 1187//1187 1186//1186
f 2919//2919 2918//2918 2931//2931 2929//2929
f 1147//1147 2931//2931 2918//2918 1148//1148
f 2908//2908 2911//2911 2932//2932 2930//2930
f 2903//2903 2932//2932 2911//2911 2895//2895
f 2905//2905 2921//2921 2932//2932 2903//2903
f 2930//2930 2932//2932 2921//2921 2923//2923
f 1351//1351 2933//2933 2934//2934 1348//1348
f 2935//2935 2933//2933 1351//1351 1353//1353
f 2936//2936 2937//2937 2933//2933 2935//2935
f 2934//2934 2933//2933 2937//2937 2938//2938
f 2939//2939 1357//1357 1348//1348
f 2938//2938 2940//2940 2939//2939 2934//2934
f 2941//2941 2942//2942 2939//2939 2940//2940
f 2942//2942 1354//1354 1357//1357
f 2938//2938 2937//2937 2943//2943 2940//2940
f 2944//2944 2943//2943 2937//2937 2936//2936
f 2945//2945 2946//2946 2943//2943 2944//2944
f 2940//2940 2943//2943 2946//2946 2941//2941
f 1359//1359 2947//2947 2948//2948 1360//1360
f 2947//2947 1359//1359 1354//1354
f 2949//2949 2947//2947 2942//2942 2941//2941
f 2948//2948 2947//2947 2949//2949 2950//2950
f 1364//1364 1363//1363 2951//2951 1394//1394
f 1363//1363 1360//1360 2948//2948
f 2950//2950 2952//2952 2951//2951 2948//2948
f 1394//1394 2951//2951 2952//2952 1397//1397
f 1397//1397 2952//2952 2953//2953 2954//2954
f 2955//2955 2953//2953 2952//2952 2950//2950
f 2956//2956 2957//2957 2953//2953 2955//2955
f 2957//2957 2958//2958 2954//2954
f 2959//2959 2960//2960 2374//2374
f 1396//1396 2959//2959 2373//2373 1398//1398
f 1397//1397 2954//2954 2959//2959 1396//1396
f 2960//2960 2959//2959 2954//2954 2958//2958
f 2432//2432 2431//2431 2961//2961 2962//2962
f 2426//2426 2961//2961 2431//2431 2423//2423
f 2374//2374 2960//2960 2961//2961 2426//2426
f 2962//2962 2961//2961 2960//2960 2958//2958
f 2941//2941 2946//2946 2963//2963 2949//2949
f 2964//2964 2963//2963 2946//2946 2945//2945
f 2963//2963 2964//2964 2956//2956 2955//2955
f 2950//2950 2949//2949 2963//2963 2955//2955
f 2965//2965 2966//2966 2967//2967 2968//2968
f 2531//2531 2967//2967 2966//2966 2528//2528
f 2536//2536 2618//2618 2967//2967 2531//2531
f 2968//2968 2967//2967 2618//2618 2617//2617
f 2969//2969 2970//2970 2966//2966 2965//2965
f 2971//2971 2972//2972 2970//2970 2969//2969
f 2544//2544 2548//2548 2970//2970 2972//2972
f 2966//2966 2970//2970 2548//2548 2528//2528
f 2527//2527 2545//2545 2973//2973 2526//2526
f 2972//2972 2973//2973 2545//2545 2544//2544
f 2974//2974 2973//2973 2972//2972 2971//2971
f 2974//2974 2519//2519 2526//2526
f 2975//2975 2976//2976 2977//2977 2978//2978
f 2979//2979 2977//2977 2976//2976 2980//2980
f 2981//2981 2982//2982 2977//2977 2979//2979
f 2978//2978 2977//2977 2982//2982 2983//2983
f 2983//2983 2982//2982 2984//2984 2985//2985
f 2986//2986 2984//2984 2982//2982 2981//2981
f 2987//2987 2988//2988 2984//2984 2986//2986
f 2985//2985 2984//2984 2988//2988 2989//2989
f 2990//2990 2991//2991 2992//2992 2993//2993
f 2989//2989 2988//2988 2991//2991 2990//2990
f 2994//2994 2991//2991 2988//2988 2987//2987
f 2995//2995 2992//2992 2991//2991 2994//2994
f 2996//2996 2997//2997 2998//2998 2999//2999
f 3000//3000 2998//2998 2997//2997 3001//3001
f 3002//3002 3003//3003 2998//2998 3000//3000
f 2999//2999 2998//2998 3003//3003 3004//3004
f 3004//3004 3003//3003 3005//3005 3006//3006
f 3007//3007 3005//3005 3003//3003 3002//3002
f 3008//3008 3009//3009 3005//3005 3007//3007
f 3006//3006 3005//3005 3009//3009 3010//3010
f 3010//3010 3009//3009 3011//3011 3012//3012
f 3013//3013 3011//3011 3009//3009 3008//3008
f 3014//3014 3015//3015 3011//3011 3013//3013
f 3012//3012 3011//3011 3015//3015 3016//3016
f 3016//3016 3015//3015 3017//3017 3018//3018
f 3019//3019 3017//3017 3015//3015 3014//3014
f 3020//3020 3021//3021 3017//3017 3019//3019
f 3018//3018 3017//3017 3021//3021 3022//3022
f 3022//3022 3021//3021 3023//3023 3024//3024
f 3025//3025 3023//3023 3021//3021 3020//3020
f 3026//3026 3023//3023 3025//3025 3027//3027
f 3028//3028 3024//3024 3023//3023 3026//3026
f 3029//3029 3030//3030 3031//3031 3032//3032
f 3033//3033 3034//3034 3030//3030
f 2507//2507 2511//2511 3030//3030 3034//3034
f 2512//2512 3031//3031 3030//3030 2511//2511
f 3035//3035 2978//2978 2983//2983
f 3036//3036 3035//3035 3037//3037 3038//3038
f 3039//3039 3040//3040 3035//3035 3036//3036
f 2978//2978 3035//3035 3040//3040 2975//2975
f 3032//3032 3041//3041 3042//3042 3029//3029
f 3043//3043 3042//3042 3041//3041 3044//3044
f 3045//3045 3046//3046 3042//3042 3043//3043
f 3029//3029 3042//3042 3046//3046 3033//3033
f 3038//3038 3047//3047 3048//3048 3036//3036
f 3043//3043 3048//3048 3047//3047 3045//3045
f 3044//3044 3049//3049 3048//3048 3043//3043
f 3036//3036 3048//3048 3049//3049 3039//3039
f 3050//3050 3051//3051 3034//3034 3033//3033
f 3052//3052 3053//3053 3051//3051 3050//3050
f 2508//2508 3051//3051 3053//3053 2390//2390
f 3034//3034 3051//3051 2508//2508 2507//2507
f 2989//2989 3054//3054 3055//3055 2985//2985
f 3056//3056 3055//3055 3054//3054 3057//3057
f 3038//3038 3037//3037 3055//3055 3056//3056
f 2985//2985 3055//3055 3037//3037 2983//2983
f 3033//3033 3046//3046 3058//3058 3050//3050
f 3046//3046 3045//3045 3059//3059
f 3060//3060 3061//3061 3058//3058 3059//3059
f 3050//3050 3058//3058 3061//3061 3052//3052
f 3057//3057 3062//3062 3063//3063 3056//3056
f 3059//3059 3063//3063 3062//3062 3060//3060
f 3063//3063 3059//3059 3045//3045
f 3056//3056 3063//3063 3047//3047 3038//3038
f 2390//2390 3053//3053 3064//3064 2387//2387
f 3065//3065 3064//3064 3053//3053 3052//3052
f 3066//3066 3067//3067 3064//3064 3065//3065
f 2387//2387 3064//3064 3067//3067 2305//2305
f 2990//2990 3068//3068 3054//3054 2989//2989
f 2993//2993 3069//3069 3068//3068 2990//2990
f 3070//3070 3068//3068 3069//3069 3071//3071
f 3057//3057 3054//3054 3068//3068 3070//3070
f 3052//3052 3061//3061 3072//3072 3065//3065
f 3073//3073 3072//3072 3061//3061 3060//3060
f 3074//3074 3075//3075 3072//3072 3073//3073
f 3065//3065 3072//3072 3075//3075 3066//3066
f 3071//3071 3076//3076 3077//3077 3070//3070
f 3076//3076 3074//3074 3073//3073
f 3060//3060 3062//3062 3077//3077 3073//3073
f 3070//3070 3077//3077 3062//3062 3057//3057
f 3078//3078 3079//3079 3080//3080 3081//3081
f 2553//2553 3080//3080 3079//3079 2554//2554
f 2280//2280 2302//2302 3080//3080 2553//2553
f 3081//3081 3080//3080 2302//2302 2304//2304
f 3082//3082 3083//3083 3067//3067 3066//3066
f 3081//3081 3083//3083 3082//3082 3078//3078
f 2304//2304 2306//2306 3083//3083 3081//3081
f 2306//2306 2305//2305 3067//3067
f 3084//3084 3085//3085 3086//3086 3087//3087
f 3088//3088 3086//3086 3085//3085 3089//3089
f 3071//3071 3069//3069 3086//3086 3088//3088
f 3087//3087 3086//3086 3069//3069 2993//2993
f 3089//3089 3090//3090 3091//3091 3088//3088
f 3092//3092 3091//3091 3090//3090 3093//3093
f 3074//3074 3076//3076 3091//3091 3092//3092
f 3088//3088 3091//3091 3076//3076 3071//3071
f 3093//3093 3094//3094 3095//3095 3092//3092
f 3082//3082 3095//3095 3094//3094 3078//3078
f 3066//3066 3075//3075 3095//3095 3082//3082
f 3092//3092 3095//3095 3075//3075 3074//3074
f 3096//3096 3097//3097 3098//3098 3099//3099
f 3100//3100 3098//3098 3097//3097 3101//3101
f 3089//3089 3085//3085 3098//3098 3100//3100
f 3099//3099 3098//3098 3085//3085 3084//3084
f 3078//3078 3094//3094 3102//3102 3103//3103
f 3104//3104 3102//3102 3094//3094 3093//3093
f 3105//3105 3106//3106 3102//3102 3104//3104
f 3103//3103 3102//3102 3106//3106 3107//3107
f 3101//3101 3108//3108 3109//3109 3100//3100
f 3104//3104 3109//3109 3108//3108 3105//3105
f 3093//3093 3090//3090 3109//3109 3104//3104
f 3100//3100 3109//3109 3090//3090 3089//3089
f 2996//2996 3110//3110 3111//3111 3112//3112
f 3113//3113 3111//3111 3110//3110 3114//3114
f 3101//3101 3097//3097 3111//3111 3113//3113
f 3112//3112 3111//3111 3097//3097 3096//3096
f 3114//3114 3115//3115 3116//3116 3113//3113
f 3117//3117 3116//3116 3115//3115 3118//3118
f 3105//3105 3108//3108 3116//3116 3117//3117
f 3113//3113 3116//3116 3108//3108 3101//3101
f 3118//3118 3119//3119 3120//3120 3117//3117
f 3121//3121 3120//3120 3119//3119 3122//3122
f 3107//3107 3106//3106 3120//3120 3121//3121
f 3117//3117 3120//3120 3106//3106 3105//3105
f 3121//3121 3123//3123 3103//3103 3107//3107
f 3122//3122 3124//3124 3123//3123 3121//3121
f 3123//3123 3124//3124 2554//2554
f 3079//3079 3078//3078 3103//3103
f 3004//3004 3125//3125 3126//3126 2999//2999
f 3127//3127 3126//3126 3125//3125 3128//3128
f 3114//3114 3110//3110 3126//3126 3127//3127
f 2999//2999 3126//3126 3110//3110 2996//2996
f 3129//3129 3130//3130 3131//3131 3132//3132
f 3119//3119 3131//3131 3130//3130 3122//3122
f 3118//3118 3132//3132 3131//3131 3119//3119
f 3128//3128 3133//3133 3134//3134 3127//3127
f 3132//3132 3134//3134 3133//3133 3129//3129
f 3118//3118 3115//3115 3134//3134 3132//3132
f 3127//3127 3134//3134 3115//3115 3114//3114
f 3122//3122 3135//3135 3136//3136 3124//3124
f 3136//3136 3135//3135 3137//3137 3138//3138
f 2611//2611 2614//2614 3136//3136 3138//3138
f 3124//3124 3136//3136 2614//2614 2554//2554
f 3010//3010 3139//3139 3140//3140 3006//3006
f 3141//3141 3140//3140 3139//3139 3142//3142
f 3128//3128 3125//3125 3140//3140 3141//3141
f 3006//3006 3140//3140 3125//3125 3004//3004
f 3122//3122 3130//3130 3143//3143 3135//3135
f 3144//3144 3143//3143 3130//3130 3129//3129
f 3145//3145 3146//3146 3143//3143 3144//3144
f 3135//3135 3143//3143 3146//3146 3137//3137
f 3142//3142 3147//3147 3148//3148 3141//3141
f 3144//3144 3148//3148 3147//3147 3145//3145
f 3129//3129 3133//3133 3148//3148 3144//3144
f 3141//3141 3148//3148 3133//3133 3128//3128
f 2965//2965 2968//2968 3149//3149 3150//3150
f 2617//2617 3151//3151 3149//3149 2968//2968
f 3150//3150 3149//3149 3151//3151 3152//3152
f 3153//3153 3154//3154 3138//3138 3137//3137
f 3152//3152 3151//3151 3154//3154 3153//3153
f 2620//2620 3154//3154 3151//3151 2617//2617
f 2611//2611 3138//3138 3154//3154 2620//2620
f 3016//3016 3155//3155 3156//3156 3012//3012
f 3157//3157 3156//3156 3155//3155 3158//3158
f 3142//3142 3139//3139 3156//3156 3157//3157
f 3012//3012 3156//3156 3139//3139 3010//3010
f 3137//3137 3146//3146 3159//3159 3153//3153
f 3160//3160 3159//3159 3146//3146 3145//3145
f 3161//3161 3162//3162 3159//3159 3160//3160
f 3153//3153 3159//3159 3162//3162 3152//3152
f 3158//3158 3163//3163 3164//3164 3157//3157
f 3160//3160 3164//3164 3163//3163 3161//3161
f 3145//3145 3147//3147 3164//3164 3160//3160
f 3157//3157 3164//3164 3147//3147 3142//3142
f 2965//2965 3150//3150 3165//3165 2969//2969
f 3166//3166 3165//3165 3150//3150 3152//3152
f 3167//3167 3168//3168 3165//3165 3166//3166
f 2969//2969 3165//3165 3168//3168 2971//2971
f 3169//3169 3170//3170 3168//3168 3167//3167
f 2519//2519 2974//2974 3170//3170 3169//3169
f 2971//2971 3168//3168 3170//3170 2974//2974
f 3022//3022 3171//3171 3172//3172 3018//3018
f 3173//3173 3172//3172 3171//3171 3174//3174
f 3158//3158 3155//3155 3172//3172 3173//3173
f 3018//3018 3172//3172 3155//3155 3016//3016
f 3152//3152 3162//3162 3175//3175 3166//3166
f 3176//3176 3175//3175 3162//3162 3161//3161
f 3177//3177 3178//3178 3175//3175 3176//3176
f 3166//3166 3175//3175 3178//3178 3167//3167
f 3174//3174 3179//3179 3180//3180 3173//3173
f 3176//3176 3180//3180 3179//3179 3177//3177
f 3161//3161 3163//3163 3180//3180 3176//3176
f 3173//3173 3180//3180 3163//3163 3158//3158
f 3169//3169 3181//3181 2520//2520 2519//2519
f 3167//3167 3182//3182 3181//3181 3169//3169
f 3183//3183 3181//3181 3182//3182 3184//3184
f 2522//2522 2520//2520 3181//3181 3183//3183
f 3185//3185 3186//3186 3187//3187 3188//3188
f 3187//3187 3186//3186 3184//3184 3182//3182
f 3167//3167 3178//3178 3187//3187 3182//3182
f 3188//3188 3187//3187 3178//3178 3177//3177
f 3189//3189 3190//3190 3024//3024 3028//3028
f 3191//3191 3192//3192 3190//3190 3189//3189
f 3174//3174 3171//3171 3190//3190 3192//3192
f 3024//3024 3190//3190 3171//3171 3022//3022
f 3193//3193 3192//3192 3191//3191 3194//3194
f 3193//3193 3194//3194 3185//3185 3188//3188
f 3177//3177 3179//3179 3193//3193 3188//3188
f 3192//3192 3193//3193 3179//3179 3174//3174
f 6449//3195 3204//3196 3202//3197 6450//3198
f 3218//3199 3219//3200 3220//3201 3221//3202
f 3087//3087 3220//3201 3219//3200 3084//3084
f 2993//2993 2992//2992 3220//3201 3087//3087
f 3221//3202 3220//3201 2992//2992 2995//2995
f 3096//3096 3222//3203 3223//3204 3112//3112
f 3224//3205 3223//3204 3222//3203 3225//3206
f 3001//3001 2997//2997 3223//3204 3224//3205
f 3112//3112 3223//3204 2997//2997 2996//2996
f 3225//3206 3222//3203 3226//3207 3227//3208
f 3099//3099 3226//3207 3222//3203 3096//3096
f 3084//3084 3219//3200 3226//3207 3099//3099
f 3227//3208 3226//3207 3219//3200 3218//3199
f 2995//2995 3228//3209 3229//3210 3221//3202
f 3230//3211 3229//3210 3228//3209 3231//3212
f 3232//3213 3233//3214 3229//3210 3230//3211
f 3221//3202 3229//3210 3233//3214 3218//3199
f 2980//2980 3234//3215 3235//3216 2979//2979
f 3236//3217 3235//3216 3234//3215 3237//3218
f 3238//3219 3239//3220 3235//3216 3236//3217
f 2979//2979 3235//3216 3239//3220 2981//2981
f 3237//3218 3240//3221 3241//3222 3236//3217
f 3198//3223 3241//3222 3240//3221 3200//3224
f 3199//3225 3242//3226 3241//3222 3198//3223
f 3236//3217 3241//3222 3242//3226 3238//3219
f 3243//3227 2986//2986 2981//2981
f 3244//3228 3243//3227 3239//3220 3238//3219
f 3245//3229 3246//3230 3243//3227 3244//3228
f 2986//2986 3243//3227 3246//3230 2987//2987
f 3238//3219 3242//3226 3247//3231 3244//3228
f 3201//3232 3247//3231 3242//3226 3199//3225
f 3202//3197 3248//3233 3247//3231 3201//3232
f 3244//3228 3247//3231 3248//3233 3245//3229
f 3249//3234 3250//3235 3246//3230 3245//3229
f 3231//3212 3228//3209 3250//3235 3249//3234
f 2994//2994 3250//3235 3228//3209 2995//2995
f 2987//2987 3246//3230 3250//3235 2994//2994
f 3249//3234 3251//3236 3252//3237 3231//3212
f 3245//3229 3248//3233 3251//3236 3249//3234
f 3251//3236 3248//3233 3202//3197 3204//3196
f 3203//3238 3252//3237 3251//3236 3204//3196
f 3231//3212 3252//3237 3253//3239 3230//3211
f 3205//3240 3253//3239 3252//3237 3203//3238
f 3195//3241 3254//3242 3253//3239 3205//3240
f 3230//3211 3253//3239 3254//3242 3232//3213
f 3001//3001 3255//3243 3256//3244 3000//3000
f 3257//3245 3256//3244 3255//3243 3258//3246
f 3259//3247 3260//3248 3256//3244 3257//3245
f 3000//3000 3256//3244 3260//3248 3002//3002
f 3225//3206 3261//3249 3262//3250 3224//3205
f 3263//3251 3262//3250 3261//3249 3264//3252
f 3258//3246 3255//3243 3262//3250 3263//3251
f 3224//3205 3262//3250 3255//3243 3001//3001
f 3258//3246 3265//3253 3266//3254 3257//3245
f 3208//3255 3266//3254 3265//3253 3207//3256
f 3209//3257 3267//3258 3266//3254 3208//3255
f 3257//3245 3266//3254 3267//3258 3259//3247
f 3207//3256 3265//3253 3268//3259 3206//3260
f 3263//3251 3268//3259 3265//3253 3258//3246
f 3264//3252 3269//3261 3268//3259 3263//3251
f 3206//3260 3268//3259 3269//3261 3197//3262
f 3002//3002 3260//3248 3270//3263 3007//3007
f 3271//3264 3270//3263 3260//3248 3259//3247
f 3272//3265 3273//3266 3270//3263 3271//3264
f 3007//3007 3270//3263 3273//3266 3008//3008
f 3259//3247 3267//3258 3274//3267 3271//3264
f 3210//3268 3274//3267 3267//3258 3209//3257
f 3211//3269 3275//3270 3274//3267 3210//3268
f 3271//3264 3274//3267 3275//3270 3272//3265
f 3008//3008 3273//3266 3276//3271 3013//3013
f 3277//3272 3276//3271 3273//3266 3272//3265
f 3278//3273 3279//3274 3276//3271 3277//3272
f 3013//3013 3276//3271 3279//3274 3014//3014
f 3272//3265 3275//3270 3280//3275 3277//3272
f 3212//3276 3280//3275 3275//3270 3211//3269
f 3213//3277 3281//3278 3280//3275 3212//3276
f 3277//3272 3280//3275 3281//3278 3278//3273
f 3014//3014 3279//3274 3282//3279 3019//3019
f 3283//3280 3282//3279 3279//3274 3278//3273
f 3284//3281 3285//3282 3282//3279 3283//3280
f 3019//3019 3282//3279 3285//3282 3020//3020
f 3278//3273 3281//3278 3286//3283 3283//3280
f 3214//3284 3286//3283 3281//3278 3213//3277
f 3215//3285 3287//3286 3286//3283 3214//3284
f 3283//3280 3286//3283 3287//3286 3284//3281
f 3288//3287 3289//3288 3285//3282 3284//3281
f 3290//3289 3289//3288 3288//3287 3291//3290
f 3027//3027 3025//3025 3289//3288 3290//3289
f 3020//3020 3285//3282 3289//3288 3025//3025
f 3291//3290 3288//3287 3292//3291 3293//3292
f 3284//3281 3287//3286 3292//3291 3288//3287
f 3217//3293 3292//3291 3287//3286 3215//3285
f 3293//3292 3292//3291 3217//3293 3216//3294
f 3197//3262 3269//3261 3294//3295 3196//3296
f 3295//3297 3294//3295 3269//3261 3264//3252
f 3232//3213 3254//3242 3294//3295 3295//3297
f 3196//3296 3294//3295 3254//3242 3195//3241
f 3218//3199 3233//3214 3296//3298 3227//3208
f 3295//3297 3296//3298 3233//3214 3232//3213
f 3264//3252 3261//3249 3296//3298 3295//3297
f 3227//3208 3296//3298 3261//3249 3225//3206
f 3297//3299 3298//3300 3299//3301 3300//3302
f 3301//3303 3299//3301 3298//3300 3302//3304
f 3303//3305 3304//3306 3299//3301 3301//3303
f 3305//3307 3300//3302 3299//3301 3304//3306
f 3306//3308 3307//3309 3308//3310 3309//3311
f 3307//3309 3310//3312 3311//3313
f 3301//3303 3308//3310 3311//3313 3303//3305
f 3308//3310 3301//3303 3302//3304 3309//3311
f 3312//3314 3313//3315 3302//3304 3298//3300
f 3314//3316 3312//3314 3298//3300 3297//3299
f 3315//3317 3316//3318 3312//3314 3314//3316
f 3317//3319 3313//3315 3312//3314 3316//3318
f 3318//3320 3319//3321 3313//3315 3317//3319
f 3320//3322 3319//3321 3318//3320 3321//3323
f 3306//3308 3309//3311 3319//3321 3320//3322
f 3302//3304 3313//3315 3319//3321 3309//3311
f 3321//3323 3322//3324 3323//3325 3320//3322
f 3324//3326 3323//3325 3322//3324 3325//3327
f 3310//3312 3307//3309 3323//3325 3324//3326
f 3320//3322 3323//3325 3307//3309 3306//3308
f 3305//3307 3326//3328 3327//3329 3328//3330
f 3329//3331 3327//3329 3326//3328 3330//3332
f 3331//3333 3332//3334 3327//3329 3329//3331
f 3328//3330 3327//3329 3332//3334 3333//3335
f 3303//3305 3334//3336 3335//3337 3304//3306
f 3336//3338 3335//3337 3334//3336 3337//3339
f 3330//3332 3326//3328 3335//3337 3336//3338
f 3304//3306 3335//3337 3326//3328 3305//3307
f 3338//3340 3334//3336 3303//3305
f 3339//3341 3338//3340 3311//3313 3310//3312
f 3340//3342 3341//3343 3338//3340 3339//3341
f 3334//3336 3338//3340 3341//3343 3337//3339
f 3339//3341 3342//3344 3343//3345 3340//3342
f 3339//3341 3310//3312 3324//3326
f 3342//3344 3324//3326 3325//3327
f 3344//3346 3345//3347 3343//3345
f 3346//3348 3347//3349 3348//3350 3349//3351
f 3350//3352 3346//3348 3349//3351 3351//3353
f 3321//3323 3318//3320 3346//3348 3350//3352
f 3347//3349 3346//3348 3318//3320 3317//3319
f 3352//3354 3350//3352 3351//3353
f 3353//3355 3354//3356 3355//3357
f 3325//3327 3322//3324 3352//3354 3355//3357
f 3350//3352 3352//3354 3322//3324 3321//3323
f 3356//3358 3357//3359 3355//3357 3354//3356
f 3358//3360 3359//3361 3357//3359 3356//3358
f 3359//3361 3345//3347 3344//3346
f 3344//3346 3325//3327 3355//3357
f 3358//3360 3360//3362 3361//3363 3359//3361
f 3360//3362 3362//3364 3363//3365
f 3364//3366 3361//3363 3363//3365 3365//3367
f 3359//3361 3361//3363 3364//3366 3345//3347
f 3362//3364 3366//3368 3367//3369 3363//3365
f 3368//3370 3369//3371 3367//3369 3366//3368
f 3370//3372 3371//3373 3367//3369 3369//3371
f 3363//3365 3367//3369 3371//3373 3365//3367
f 3372//3374 3373//3375 3374//3376 3375//3377
f 3376//3378 3374//3376 3373//3375 3377//3379
f 3369//3371 3374//3376 3376//3378 3370//3372
f 3375//3377 3374//3376 3369//3371 3368//3370
f 3378//3380 3379//3381 3380//3382 3381//3383
f 3382//3384 3380//3382 3379//3381 3331//3333
f 3383//3385 3380//3382 3382//3384 3384//3386
f 3385//3387 3381//3383 3380//3382 3383//3385
f 3330//3332 3386//3388 3387//3389 3329//3331
f 3388//3390 3387//3389 3386//3388 3389//3391
f 3384//3386 3382//3384 3387//3389 3388//3390
f 3329//3331 3387//3389 3382//3384 3331//3333
f 3390//3392 3336//3338 3337//3339
f 3391//3393 3390//3392 3392//3394 3393//3395
f 3389//3391 3386//3388 3390//3392 3391//3393
f 3336//3338 3390//3392 3386//3388 3330//3332
f 3337//3339 3341//3343 3394//3396 3392//3394
f 3395//3397 3394//3396 3341//3343 3340//3342
f 3396//3398 3397//3399 3394//3396 3395//3397
f 3392//3394 3394//3396 3397//3399 3393//3395
f 3340//3342 3343//3345 3398//3400 3395//3397
f 3399//3401 3398//3400 3343//3345 3345//3347
f 3398//3400 3399//3401 3400//3402 3401//3403
f 3395//3397 3398//3400 3401//3403 3396//3398
f 3365//3367 3402//3404 3403//3405 3364//3366
f 3404//3406 3403//3405 3402//3404 3405//3407
f 3400//3402 3399//3401 3403//3405 3404//3406
f 3364//3366 3403//3405 3399//3401 3345//3347
f 3406//3408 3407//3409 3371//3373 3370//3372
f 3408//3410 3407//3409 3406//3408 3409//3411
f 3405//3407 3402//3404 3407//3409 3408//3410
f 3371//3373 3407//3409 3402//3404 3365//3367
f 3370//3372 3376//3378 3410//3412 3406//3408
f 3377//3379 3411//3413 3410//3412 3376//3378
f 3412//3414 3410//3412 3411//3413 3413//3415
f 3409//3411 3406//3408 3410//3412 3412//3414
f 3385//3387 3383//3385 3414//3416 3415//3417
f 3416//3418 3414//3416 3383//3385 3384//3386
f 3417//3419 3418//3420 3414//3416 3416//3418
f 3415//3417 3414//3416 3418//3420 3419//3421
f 3388//3390 3420//3422 3416//3418 3384//3386
f 3389//3391 3421//3423 3420//3422 3388//3390
f 3422//3424 3423//3425 3420//3422 3421//3423
f 3416//3418 3420//3422 3423//3425 3417//3419
f 3424//3426 3425//3427 3426//3428 3427//3429
f 3421//3423 3426//3428 3425//3427 3422//3424
f 3391//3393 3426//3428 3421//3423 3389//3391
f 3393//3395 3427//3429 3426//3428 3391//3393
f 3428//3430 3429//3431 3425//3427 3424//3426
f 3429//3431 3428//3430 3430//3432
f 3425//3427 3429//3431 3431//3433 3422//3424
f 3393//3395 3397//3399 3432//3434 3427//3429
f 3433//3435 3432//3434 3397//3399 3396//3398
f 3434//3436 3435//3437 3432//3434 3433//3435
f 3427//3429 3432//3434 3435//3437 3424//3426
f 3400//3402 3436//3438 3437//3439 3401//3403
f 3438//3440 3439//3441 3437//3439 3436//3438
f 3433//3435 3437//3439 3439//3441 3434//3436
f 3437//3439 3433//3435 3396//3398 3401//3403
f 3405//3407 3440//3442 3441//3443 3404//3406
f 3442//3444 3443//3445 3441//3443 3440//3442
f 3441//3443 3443//3445 3438//3440 3436//3438
f 3404//3406 3441//3443 3436//3438 3400//3402
f 3444//3446 3445//3447 3446//3448 3447//3449
f 3440//3442 3446//3448 3445//3447 3442//3444
f 3408//3410 3446//3448 3440//3442 3405//3407
f 3409//3411 3447//3449 3446//3448 3408//3410
f 3448//3450 3449//3451 3450//3452 3451//3453
f 3452//3454 3450//3452 3449//3451 3453//3455
f 3354//3356 3353//3355 3450//3452 3452//3454
f 3353//3355 3351//3353 3451//3453
f 3454//3456 3455//3457 3456//3458 3457//3459
f 3458//3460 3456//3458 3455//3457 3459//3461
f 3453//3455 3449//3451 3456//3458 3458//3460
f 3457//3459 3456//3458 3449//3451 3448//3450
f 3453//3455 3460//3462 3461//3463 3452//3454
f 3462//3464 3461//3463 3460//3462 3463//3465
f 3358//3360 3356//3358 3461//3463 3462//3464
f 3452//3454 3461//3463 3356//3358 3354//3356
f 3459//3461 3464//3466 3465//3467 3458//3460
f 3466//3468 3465//3467 3464//3466 3467//3469
f 3463//3465 3460//3462 3465//3467 3466//3468
f 3458//3460 3465//3467 3460//3462 3453//3455
f 3468//3470 3469//3471 3470//3472 3471//3473
f 3472//3474 3470//3472 3469//3471 3473//3475
f 3467//3469 3464//3466 3470//3472 3472//3474
f 3471//3473 3470//3472 3464//3466 3459//3461
f 3463//3465 3474//3476 3475//3477 3462//3464
f 3476//3478 3475//3477 3474//3476 3477//3479
f 3362//3364 3360//3362 3475//3477 3476//3478
f 3462//3464 3475//3477 3360//3362 3358//3360
f 3478//3480 3479//3481 3480//3482 3481//3483
f 3472//3474 3480//3482 3479//3481 3467//3469
f 3473//3475 3482//3484 3480//3482 3472//3474
f 3481//3483 3480//3482 3482//3484 3483//3485
f 3467//3469 3479//3481 3484//3486 3466//3468
f 3485//3487 3484//3486 3479//3481 3478//3480
f 3477//3479 3474//3476 3484//3486 3485//3487
f 3466//3468 3484//3486 3474//3476 3463//3465
f 3486//3488 3487//3489 3476//3478 3477//3479
f 3486//3488 3488//3490 3489//3491
f 3368//3370 3366//3368 3487//3489 3489//3491
f 3476//3478 3487//3489 3366//3368 3362//3364
f 3490//3492 3489//3491 3488//3490
f 3491//3493 3490//3492 3492//3494 3493//3495
f 3372//3374 3375//3377 3490//3492 3491//3493
f 3489//3491 3490//3492 3375//3377 3368//3370
f 3478//3480 3494//3496 3495//3497 3485//3487
f 3496//3498 3495//3497 3494//3496 3497//3499
f 3488//3490 3486//3488 3495//3497 3496//3498
f 3485//3487 3495//3497 3486//3488 3477//3479
f 3483//3485 3498//3500 3499//3501 3481//3483
f 3500//3502 3499//3501 3498//3500 3501//3503
f 3497//3499 3494//3496 3499//3501 3500//3502
f 3481//3483 3499//3501 3494//3496 3478//3480
f 3497//3499 3502//3504 3503//3505 3496//3498
f 3504//3506 3503//3505 3502//3504 3505//3507
f 3493//3495 3492//3494 3503//3505 3504//3506
f 3496//3498 3503//3505 3492//3494 3488//3490
f 3501//3503 3506//3508 3507//3509 3500//3502
f 3508//3510 3507//3509 3506//3508 3509//3511
f 3505//3507 3502//3504 3507//3509 3508//3510
f 3500//3502 3507//3509 3502//3504 3497//3499
f 3505//3507 3510//3512 3511//3513 3504//3506
f 3512//3514 3511//3513 3510//3512 3513//3515
f 3514//3516 3515//3517 3511//3513 3512//3514
f 3504//3506 3511//3513 3515//3517 3493//3495
f 3509//3511 3516//3518 3517//3519 3508//3510
f 3518//3520 3517//3519 3516//3518 3519//3521
f 3513//3515 3510//3512 3517//3519 3518//3520
f 3508//3510 3517//3519 3510//3512 3505//3507
f 3519//3521 3520//3522 3521//3523 3518//3520
f 3522//3524 3521//3523 3520//3522 3523//3525
f 3524//3526 3525//3527 3521//3523 3522//3524
f 3518//3520 3521//3523 3525//3527 3513//3515
f 3526//3528 3527//3529 3528//3530 3529//3531
f 3522//3524 3528//3530 3527//3529 3524//3526
f 3523//3525 3530//3532 3528//3530 3522//3524
f 3529//3531 3528//3530 3530//3532 3531//3533
f 3531//3533 3532//3534 3533//3535 3529//3531
f 3534//3536 3533//3535 3532//3534 3535//3537
f 3536//3538 3537//3539 3533//3535 3534//3536
f 3529//3531 3533//3535 3537//3539 3526//3528
f 3430//3432 3428//3430 3538//3540 3539//3541
f 3540//3542 3538//3540 3428//3430 3424//3426
f 3541//3543 3542//3544 3538//3540 3540//3542
f 3539//3541 3538//3540 3542//3544 3543//3545
f 3435//3437 3544//3546 3540//3542 3424//3426
f 3545//3547 3544//3546 3435//3437 3434//3436
f 3546//3548 3547//3549 3544//3546 3545//3547
f 3540//3542 3544//3546 3547//3549 3541//3543
f 3434//3436 3439//3441 3548//3550 3545//3547
f 3549//3551 3548//3550 3439//3441 3438//3440
f 3550//3552 3551//3553 3548//3550 3549//3551
f 3545//3547 3548//3550 3551//3553 3546//3548
f 3438//3440 3443//3445 3552//3554 3549//3551
f 3553//3555 3552//3554 3443//3445 3442//3444
f 3554//3556 3555//3557 3552//3554 3553//3555
f 3549//3551 3552//3554 3555//3557 3550//3552
f 3550//3552 3555//3557 3556//3558 3557//3559
f 3558//3560 3556//3558 3555//3557 3554//3556
f 3559//3561 3560//3562 3556//3558 3558//3560
f 3557//3559 3556//3558 3560//3562 3561//3563
f 3562//3564 3563//3565 3564//3566 3565//3567
f 3566//3568 3564//3566 3563//3565 3567//3569
f 3473//3475 3469//3471 3564//3566 3566//3568
f 3565//3567 3564//3566 3469//3471 3468//3470
f 3567//3569 3568//3570 3569//3571 3566//3568
f 3570//3572 3569//3571 3568//3570 3571//3573
f 3483//3485 3482//3484 3569//3571 3570//3572
f 3566//3568 3569//3571 3482//3484 3473//3475
f 3571//3573 3572//3574 3573//3575 3570//3572
f 3574//3576 3573//3575 3572//3574 3575//3577
f 3501//3503 3498//3500 3573//3575 3574//3576
f 3570//3572 3573//3575 3498//3500 3483//3485
f 3575//3577 3576//3578 3577//3579 3574//3576
f 3578//3580 3577//3579 3576//3578 3579//3581
f 3509//3511 3506//3508 3577//3579 3578//3580
f 3574//3576 3577//3579 3506//3508 3501//3503
f 3579//3581 3580//3582 3581//3583 3578//3580
f 3582//3584 3581//3583 3580//3582 3583//3585
f 3519//3521 3516//3518 3581//3583 3582//3584
f 3578//3580 3581//3583 3516//3518 3509//3511
f 3583//3585 3584//3586 3585//3587 3582//3584
f 3586//3588 3585//3587 3584//3586 3587//3589
f 3523//3525 3520//3522 3585//3587 3586//3588
f 3582//3584 3585//3587 3520//3522 3519//3521
f 3587//3589 3588//3590 3589//3591 3586//3588
f 3590//3592 3589//3591 3588//3590 3591//3593
f 3531//3533 3530//3532 3589//3591 3590//3592
f 3586//3588 3589//3591 3530//3532 3523//3525
f 3591//3593 3592//3594 3593//3595 3590//3592
f 3594//3596 3593//3595 3592//3594 3595//3597
f 3535//3537 3532//3534 3593//3595 3594//3596
f 3590//3592 3593//3595 3532//3534 3531//3533
f 3596//3598 3597//3599 3598//3600 3599//3601
f 3600//3602 3598//3600 3597//3599 3601//3603
f 3562//3564 3602//3604 3598//3600 3600//3602
f 3599//3601 3598//3600 3602//3604 3603//3605
f 3601//3603 3604//3606 3605//3607 3600//3602
f 3606//3608 3605//3607 3604//3606 3607//3609
f 3567//3569 3563//3565 3605//3607 3606//3608
f 3600//3602 3605//3607 3563//3565 3562//3564
f 3607//3609 3608//3610 3609//3611 3606//3608
f 3610//3612 3609//3611 3608//3610 3611//3613
f 3571//3573 3568//3570 3609//3611 3610//3612
f 3606//3608 3609//3611 3568//3570 3567//3569
f 3611//3613 3612//3614 3613//3615 3610//3612
f 3614//3616 3613//3615 3612//3614 3615//3617
f 3575//3577 3572//3574 3613//3615 3614//3616
f 3610//3612 3613//3615 3572//3574 3571//3573
f 3615//3617 3616//3618 3617//3619 3614//3616
f 3618//3620 3617//3619 3616//3618 3619//3621
f 3579//3581 3576//3578 3617//3619 3618//3620
f 3614//3616 3617//3619 3576//3578 3575//3577
f 3619//3621 3620//3622 3621//3623 3618//3620
f 3622//3624 3621//3623 3620//3622 3623//3625
f 3583//3585 3580//3582 3621//3623 3622//3624
f 3618//3620 3621//3623 3580//3582 3579//3581
f 3623//3625 3624//3626 3625//3627 3622//3624
f 3626//3628 3625//3627 3624//3626 3627//3629
f 3587//3589 3584//3586 3625//3627 3626//3628
f 3622//3624 3625//3627 3584//3586 3583//3585
f 3627//3629 3628//3630 3629//3631 3626//3628
f 3630//3632 3629//3631 3628//3630 3631//3633
f 3591//3593 3588//3590 3629//3631 3630//3632
f 3626//3628 3629//3631 3588//3590 3587//3589
f 3632//3634 3633//3635 3634//3636 3635//3637
f 3636//3638 3634//3636 3633//3635 3637//3639
f 3596//3598 3638//3640 3634//3636 3636//3638
f 3635//3637 3634//3636 3638//3640 3639//3641
f 3637//3639 3640//3642 3641//3643 3636//3638
f 3642//3644 3641//3643 3640//3642 3643//3645
f 3601//3603 3597//3599 3641//3643 3642//3644
f 3636//3638 3641//3643 3597//3599 3596//3598
f 3643//3645 3644//3646 3645//3647 3642//3644
f 3646//3648 3645//3647 3644//3646 3647//3649
f 3607//3609 3604//3606 3645//3647 3646//3648
f 3642//3644 3645//3647 3604//3606 3601//3603
f 3647//3649 3648//3650 3649//3651 3646//3648
f 3650//3652 3649//3651 3648//3650 3651//3653
f 3611//3613 3608//3610 3649//3651 3650//3652
f 3646//3648 3649//3651 3608//3610 3607//3609
f 3651//3653 3652//3654 3653//3655 3650//3652
f 3654//3656 3653//3655 3652//3654 3655//3657
f 3615//3617 3612//3614 3653//3655 3654//3656
f 3650//3652 3653//3655 3612//3614 3611//3613
f 3655//3657 3656//3658 3657//3659 3654//3656
f 3658//3660 3657//3659 3656//3658 3659//3661
f 3619//3621 3616//3618 3657//3659 3658//3660
f 3654//3656 3657//3659 3616//3618 3615//3617
f 3659//3661 3660//3662 3661//3663 3658//3660
f 3662//3664 3661//3663 3660//3662 3663//3665
f 3623//3625 3620//3622 3661//3663 3662//3664
f 3658//3660 3661//3663 3620//3622 3619//3621
f 3663//3665 3664//3666 3665//3667 3662//3664
f 3666//3668 3665//3667 3664//3666 3667//3669
f 3627//3629 3624//3626 3665//3667 3666//3668
f 3662//3664 3665//3667 3624//3626 3623//3625
f 3667//3669 3668//3670 3669//3671 3666//3668
f 3670//3672 3669//3671 3668//3670 3671//3673
f 3631//3633 3628//3630 3669//3671 3670//3672
f 3666//3668 3669//3671 3628//3630 3627//3629
f 3672//3674 3673//3675 3674//3676 3675//3677
f 3676//3678 3673//3675 3672//3674 3677//3679
f 3331//3333 3379//3381 3673//3675 3676//3678
f 3674//3676 3673//3675 3379//3381 3378//3380
f 3678//3680 3328//3330 3333//3335
f 3679//3681 3678//3680 3680//3682 3681//3683
f 3297//3299 3300//3302 3678//3680 3679//3681
f 3300//3302 3305//3307 3328//3330
f 3297//3299 3679//3681 3682//3684 3314//3316
f 3683//3685 3682//3684 3679//3681 3681//3683
f 3684//3686 3685//3687 3682//3684 3683//3685
f 3314//3316 3682//3684 3685//3687 3315//3317
f 3684//3686 3683//3685 3686//3688 3687//3689
f 3683//3685 3681//3683 3688//3690
f 3689//3691 3690//3692 3686//3688 3688//3690
f 3687//3689 3686//3688 3690//3692 3691//3693
f 3677//3679 3692//3694 3693//3695 3676//3678
f 3680//3682 3693//3695 3692//3694 3681//3683
f 3333//3335 3332//3334 3693//3695 3680//3682
f 3676//3678 3693//3695 3332//3334 3331//3333
f 3694//3696 3695//3697 3689//3691
f 3688//3690 3681//3683 3692//3694
f 3692//3694 3677//3679 3695//3697
f 3696//3698 3697//3699 3698//3700 3699//3701
f 3700//3702 3698//3700 3697//3699 3701//3703
f 3702//3704 3703//3705 3698//3700 3700//3702
f 3699//3701 3698//3700 3703//3705 3704//3706
f 3701//3703 3705//3707 3706//3708 3700//3702
f 3707//3709 3706//3708 3705//3707 3708//3710
f 3709//3711 3710//3712 3706//3708 3707//3709
f 3700//3702 3706//3708 3710//3712 3702//3704
f 3708//3710 3711//3713 3712//3714 3707//3709
f 3713//3715 3712//3714 3711//3713 3714//3716
f 3715//3717 3716//3718 3712//3714 3713//3715
f 3707//3709 3712//3714 3716//3718 3709//3711
f 3714//3716 3717//3719 3718//3720 3713//3715
f 3719//3721 3718//3720 3717//3719 3720//3722
f 3721//3723 3722//3724 3718//3720 3719//3721
f 3713//3715 3718//3720 3722//3724 3715//3717
f 3723//3725 3724//3726 3725//3727 3726//3728
f 3727//3729 3725//3727 3724//3726 3728//3730
f 3729//3731 3730//3732 3725//3727 3727//3729
f 3726//3728 3725//3727 3730//3732 3720//3722
f 3731//3733 3732//3734 3733//3735 3734//3736
f 3719//3721 3733//3735 3732//3734 3721//3723
f 3720//3722 3730//3732 3733//3735 3719//3721
f 3730//3732 3729//3731 3734//3736
f 3735//3737 3736//3738 3737//3739 3738//3740
f 3739//3741 3737//3739 3736//3738 3740//3742
f 3675//3677 3674//3676 3737//3739 3739//3741
f 3738//3740 3737//3739 3674//3676 3378//3380
f 3741//3743 3742//3744 3743//3745 3744//3746
f 3738//3740 3743//3745 3742//3744 3735//3737
f 3378//3380 3381//3383 3743//3745 3738//3740
f 3744//3746 3743//3745 3381//3383 3385//3387
f 3419//3421 3418//3420 3745//3747 3746//3748
f 3747//3749 3745//3747 3418//3420 3417//3419
f 3748//3750 3749//3751 3745//3747 3747//3749
f 3746//3748 3745//3747 3749//3751 3750//3752
f 3417//3419 3423//3425 3751//3753 3747//3749
f 3752//3754 3751//3753 3423//3425 3422//3424
f 3753//3755 3751//3753 3752//3754 3754//3756
f 3747//3749 3751//3753 3753//3755 3748//3750
f 3543//3545 3755//3757 3756//3758 3539//3541
f 3752//3754 3756//3758 3755//3757 3754//3756
f 3422//3424 3431//3433 3756//3758 3752//3754
f 3539//3541 3756//3758 3431//3433 3430//3432
f 3419//3421 3757//3759 3758//3760 3415//3417
f 3757//3759 3759//3761 3760//3762
f 3741//3743 3744//3746 3758//3760 3760//3762
f 3415//3417 3758//3760 3744//3746 3385//3387
f 3761//3763 3762//3764 3763//3765
f 3764//3766 3761//3763 3765//3767 3766//3768
f 3740//3742 3736//3738 3761//3763 3764//3766
f 3762//3764 3761//3763 3736//3738 3735//3737
f 3759//3761 3767//3769 3768//3770 3760//3762
f 3767//3769 3763//3765 3762//3764
f 3735//3737 3742//3744 3768//3770 3762//3764
f 3760//3762 3768//3770 3742//3744 3741//3743
f 3750//3752 3769//3771 3770//3772 3746//3748
f 3769//3771 3759//3761 3757//3759
f 3746//3748 3770//3772 3757//3759 3419//3421
f 3750//3752 3749//3751 3771//3773 3772//3774
f 3773//3775 3771//3773 3749//3751 3748//3750
f 3774//3776 3775//3777 3771//3773 3773//3775
f 3772//3774 3771//3773 3775//3777 3776//3778
f 3759//3761 3769//3771 3777//3779 3778//3780
f 3772//3774 3777//3779 3769//3771 3750//3752
f 3776//3778 3779//3781 3777//3779 3772//3774
f 3778//3780 3777//3779 3779//3781 3780//3782
f 3781//3783 3778//3780 3780//3782
f 3782//3784 3783//3785 3784//3786
f 3781//3783 3784//3786 3763//3765
f 3767//3769 3759//3761 3778//3780
f 3785//3787 3784//3786 3783//3785
f 3786//3788 3785//3787 3787//3789 3788//3790
f 3763//3765 3784//3786 3785//3787 3786//3788
f 3789//3791 3786//3788 3788//3790
f 3790//3792 3791//3793 3792//3794
f 3766//3768 3765//3767 3789//3791 3792//3794
f 3786//3788 3789//3791 3765//3767 3763//3765
f 3793//3795 3794//3796 3795//3797 3796//3798
f 3794//3796 3797//3799 3798//3800
f 3795//3797 3798//3800 3788//3790
f 3796//3798 3795//3797 3787//3789 3783//3785
f 3799//3801 3800//3802 3801//3803 3802//3804
f 3796//3798 3801//3803 3800//3802 3793//3795
f 3783//3785 3782//3784 3801//3803 3796//3798
f 3802//3804 3801//3803 3782//3784 3780//3782
f 3803//3805 3804//3806 3805//3807 3806//3808
f 3802//3804 3805//3807 3804//3806 3799//3801
f 3780//3782 3779//3781 3805//3807 3802//3804
f 3806//3808 3805//3807 3779//3781 3776//3778
f 3807//3809 3808//3810 3809//3811 3810//3812
f 3806//3808 3808//3810 3807//3809 3803//3805
f 3776//3778 3775//3777 3808//3810 3806//3808
f 3774//3776 3809//3811 3808//3810 3775//3777
f 3811//3813 3812//3814 3813//3815 3814//3816
f 3815//3817 3813//3815 3812//3814 3816//3818
f 3792//3794 3813//3815 3815//3817 3766//3768
f 3814//3816 3813//3815 3792//3794 3791//3793
f 3704//3706 3703//3705 3817//3819 3818//3820
f 3819//3821 3817//3819 3703//3705 3702//3704
f 3820//3822 3821//3823 3817//3819 3819//3821
f 3818//3820 3817//3819 3821//3823 3822//3824
f 3823//3825 3824//3826 3825//3827 3826//3828
f 3827//3829 3825//3827 3824//3826 3828//3830
f 3816//3818 3812//3814 3825//3827 3827//3829
f 3826//3828 3825//3827 3812//3814 3811//3813
f 3822//3824 3821//3823 3829//3831 3830//3832
f 3831//3833 3829//3831 3821//3823 3820//3822
f 3828//3830 3824//3826 3829//3831 3831//3833
f 3830//3832 3829//3831 3824//3826 3823//3825
f 3766//3768 3815//3817 3832//3834 3764//3766
f 3833//3835 3832//3834 3815//3817 3816//3818
f 3834//3836 3835//3837 3832//3834 3833//3835
f 3764//3766 3832//3834 3835//3837 3740//3742
f 3702//3704 3710//3712 3836//3838 3819//3821
f 3837//3839 3836//3838 3710//3712 3709//3711
f 3838//3840 3839//3841 3836//3838 3837//3839
f 3819//3821 3836//3838 3839//3841 3820//3822
f 3816//3818 3827//3829 3840//3842 3833//3835
f 3841//3843 3840//3842 3827//3829 3828//3830
f 3842//3844 3843//3845 3840//3842 3841//3843
f 3833//3835 3840//3842 3843//3845 3834//3836
f 3838//3840 3844//3846 3845//3847 3839//3841
f 3841//3843 3845//3847 3844//3846 3842//3844
f 3828//3830 3831//3833 3845//3847 3841//3843
f 3839//3841 3845//3847 3831//3833 3820//3822
f 3740//3742 3835//3837 3846//3848 3739//3741
f 3835//3837 3834//3836 3847//3849
f 3846//3848 3847//3849 3848//3850
f 3739//3741 3846//3848 3849//3851 3675//3677
f 3709//3711 3716//3718 3850//3852 3837//3839
f 3851//3853 3850//3852 3716//3718 3715//3717
f 3852//3854 3853//3855 3850//3852 3851//3853
f 3837//3839 3850//3852 3853//3855 3838//3840
f 3854//3856 3847//3849 3834//3836
f 3855//3857 3854//3856 3843//3845 3842//3844
f 3856//3858 3857//3859 3854//3856 3855//3857
f 3857//3859 3848//3850 3847//3849
f 3852//3854 3858//3860 3859//3861 3853//3855
f 3855//3857 3859//3861 3858//3860 3856//3858
f 3842//3844 3844//3846 3859//3861 3855//3857
f 3853//3855 3859//3861 3844//3846 3838//3840
f 3852//3854 3851//3853 3860//3862 3861//3863
f 3715//3717 3722//3724 3860//3862 3851//3853
f 3862//3864 3860//3862 3722//3724 3721//3723
f 3861//3863 3860//3862 3862//3864 3863//3865
f 3675//3677 3849//3851 3864//3866 3672//3674
f 3849//3851 3848//3850 3865//3867
f 3864//3866 3865//3867 3866//3868
f 3672//3674 3864//3866 3867//3869 3677//3679
f 3848//3850 3857//3859 3868//3870 3865//3867
f 3869//3871 3868//3870 3857//3859 3856//3858
f 3870//3872 3871//3873 3868//3870 3869//3871
f 3865//3867 3868//3870 3871//3873 3866//3868
f 3863//3865 3872//3874 3873//3875 3861//3863
f 3869//3871 3873//3875 3872//3874 3870//3872
f 3856//3858 3858//3860 3873//3875 3869//3871
f 3861//3863 3873//3875 3858//3860 3852//3854
f 3874//3876 3875//3877 3732//3734 3731//3733
f 3876//3878 3875//3877 3874//3876 3877//3879
f 3863//3865 3862//3864 3875//3877 3876//3878
f 3721//3723 3732//3734 3875//3877 3862//3864
f 3878//3880 3879//3881 3880//3882
f 3695//3697 3878//3880 3881//3883 3689//3691
f 3878//3880 3695//3697 3677//3679
f 3879//3881 3878//3880 3867//3869 3866//3868
f 3877//3879 3882//3884 3883//3885 3876//3878
f 3884//3886 3883//3885 3882//3884 3885//3887
f 3883//3885 3884//3886 3870//3872
f 3876//3878 3883//3885 3872//3874 3863//3865
f 3885//3887 3886//3888 3887//3889 3884//3886
f 3879//3881 3887//3889 3886//3888 3880//3882
f 3866//3868 3871//3873 3887//3889 3879//3881
f 3884//3886 3887//3889 3871//3873 3870//3872
f 3603//3605 3888//3890 3889//3891 3599//3601
f 3890//3892 3889//3891 3888//3890 3891//3893
f 3639//3641 3638//3640 3889//3891 3890//3892
f 3599//3601 3889//3891 3638//3640 3596//3598
f 3892//3894 3893//3895 3894//3896
f 3451//3453 3892//3894 3895//3897 3448//3450
f 3892//3894 3451//3453 3351//3353
f 3893//3895 3892//3894 3349//3351 3348//3350
f 3896//3898 3897//3899 3888//3890 3603//3605
f 3898//3900 3899//3901 3897//3899 3896//3898
f 3900//3902 3897//3899 3899//3901 3901//3903
f 3891//3893 3888//3890 3897//3899 3900//3902
f 3471//3473 3902//3904 3903//3905 3468//3470
f 3459//3461 3455//3457 3902//3904 3471//3473
f 3454//3456 3904//3906 3902//3904 3455//3457
f 3903//3905 3902//3904 3904//3906 3898//3900
f 3898//3900 3904//3906 3905//3907 3906//3908
f 3457//3459 3905//3907 3904//3906 3454//3456
f 3448//3450 3895//3897 3905//3907 3457//3459
f 3906//3908 3905//3907 3895//3897 3894//3896
f 3901//3903 3899//3901 3907//3909 3908//3910
f 3906//3908 3907//3909 3899//3901 3898//3900
f 3894//3896 3908//3910 3907//3909 3906//3908
f 3468//3470 3903//3905 3909//3911 3565//3567
f 3896//3898 3909//3911 3903//3905 3898//3900
f 3603//3605 3602//3604 3909//3911 3896//3898
f 3565//3567 3909//3911 3602//3604 3562//3564
f 3748//3750 3753//3755 3910//3912 3773//3775
f 3911//3913 3910//3912 3753//3755 3754//3756
f 3912//3914 3913//3915 3910//3912 3911//3913
f 3913//3915 3774//3776 3773//3775
f 3914//3916 3915//3917 3913//3915 3912//3914
f 3916//3918 3917//3919 3915//3917 3914//3916
f 3810//3812 3809//3811 3915//3917 3917//3919
f 3913//3915 3915//3917 3809//3811 3774//3776
f 3917//3919 3916//3918 3918//3920
f 3919//3921 3918//3920 3920//3922
f 3917//3919 3919//3921 3921//3923 3810//3812
f 3803//3805 3807//3809 3922//3924 3923//3925
f 3810//3812 3921//3923 3922//3924 3807//3809
f 3922//3924 3921//3923 3920//3922
f 3924//3926 3925//3927 3923//3925
f 3799//3801 3804//3806 3926//3928 3927//3929
f 3923//3925 3926//3928 3804//3806 3803//3805
f 3925//3927 3928//3930 3926//3928 3923//3925
f 3927//3929 3926//3928 3928//3930 3929//3931
f 3929//3931 3930//3932 3931//3933 3927//3929
f 3932//3934 3931//3933 3930//3932 3933//3935
f 3793//3795 3800//3802 3931//3933 3932//3934
f 3927//3929 3931//3933 3800//3802 3799//3801
f 3933//3935 3934//3936 3935//3937 3932//3934
f 3936//3938 3935//3937 3934//3936 3937//3939
f 3797//3799 3794//3796 3935//3937 3936//3938
f 3932//3934 3935//3937 3794//3796 3793//3795
f 3938//3940 3939//3941 3940//3942 3941//3943
f 3937//3939 3934//3936 3939//3941 3938//3940
f 3940//3942 3939//3941 3934//3936 3933//3935
f 3942//3944 3943//3945 3944//3946 3945//3947
f 3940//3942 3944//3946 3943//3945 3941//3943
f 3933//3935 3930//3932 3944//3946 3940//3942
f 3945//3947 3944//3946 3930//3932 3929//3931
f 3946//3948 3947//3949 3948//3950 3949//3951
f 3945//3947 3948//3950 3947//3949 3942//3944
f 3929//3931 3928//3930 3948//3950 3945//3947
f 3949//3951 3948//3950 3928//3930 3925//3927
f 3950//3952 3951//3953 3924//3926 3920//3922
f 3952//3954 3951//3953 3950//3952 3953//3955
f 3946//3948 3949//3951 3951//3953 3952//3954
f 3925//3927 3924//3926 3951//3953 3949//3951
f 3954//3956 3955//3957 3956//3958
f 3957//3959 3956//3958 3953//3955 3950//3952
f 3920//3922 3918//3920 3957//3959 3950//3952
f 3916//3918 3954//3956 3957//3959 3918//3920
f 3912//3914 3958//3960 3959//3961 3914//3916
f 3958//3960 3960//3962 3961//3963
f 3959//3961 3961//3963 3955//3957
f 3914//3916 3959//3961 3954//3956 3916//3918
f 3911//3913 3962//3964 3958//3960 3912//3914
f 3963//3965 3962//3964 3911//3913 3754//3756
f 3962//3964 3963//3965 3964//3966
f 3960//3962 3958//3960 3962//3964 3965//3967
f 3966//3968 3963//3965 3754//3756
f 3755//3757 3543//3545 3967//3969
f 3968//3970 3969//3971 3966//3968 3967//3969
f 3969//3971 3964//3966 3963//3965
f 3543//3545 3542//3544 3970//3972 3967//3969
f 3971//3973 3970//3972 3542//3544 3541//3543
f 3972//3974 3973//3975 3970//3972 3971//3973
f 3967//3969 3970//3972 3973//3975 3968//3970
f 3541//3543 3547//3549 3974//3976 3971//3973
f 3975//3977 3974//3976 3547//3549 3546//3548
f 3974//3976 3975//3977 3976//3978
f 3971//3973 3974//3976 3977//3979 3972//3974
f 3561//3563 3978//3980 3979//3981 3557//3559
f 3975//3977 3979//3981 3978//3980 3976//3978
f 3546//3548 3551//3553 3979//3981 3975//3977
f 3557//3559 3979//3981 3551//3553 3550//3552
f 3980//3982 3981//3983 3982//3984
f 3983//3985 3984//3986 3985//3987 3982//3984
f 3980//3982 3985//3987 3984//3986 3986//3988
f 3976//3978 3978//3980 3987//3989 3988//3990
f 3989//3991 3987//3989 3978//3980 3561//3563
f 3990//3992 3991//3993 3987//3989 3989//3991
f 3988//3990 3987//3989 3991//3993 3981//3983
f 3561//3563 3560//3562 3992//3994 3989//3991
f 3993//3995 3992//3994 3560//3562 3559//3561
f 3994//3996 3995//3997 3992//3994 3993//3995
f 3989//3991 3992//3994 3995//3997 3990//3992
f 3559//3561 3996//3998 3997//3999 3993//3995
f 3998//4000 3997//3999 3996//3998 3999//4001
f 4000//4002 4001//4003 3997//3999 3998//4000
f 3993//3995 3997//3999 4001//4003 3994//3996
f 4002//4004 3998//4000 3999//4001
f 4003//4005 4002//4004 4004//4006 4005//4007
f 4006//4008 4002//4004 4003//4005 4007//4009
f 4002//4004 4006//4008 4000//4002
f 3442//3444 3445//3447 4008//4010 3553//3555
f 4009//4011 4008//4010 3445//3447 3444//3446
f 4010//4012 4011//4013 4008//4010 4009//4011
f 3553//3555 4008//4010 4011//4013 3554//3556
f 3554//3556 4011//4013 4012//4014 3558//3560
f 4013//4015 4012//4014 4011//4013 4010//4012
f 4012//4014 4013//4015 3999//4001
f 3996//3998 3559//3561 3558//3560
f 4010//4012 4014//4016 4015//4017 4013//4015
f 4016//4018 4015//4017 4014//4016 4017//4019
f 4005//4007 4004//4006 4015//4017 4016//4018
f 4013//4015 4015//4017 4004//4006 3999//4001
f 4018//4020 3447//3449 3409//3411 3412//3414
f 3413//3415 4019//4021 4018//4020 3412//3414
f 4020//4022 4021//4023 4018//4020 4019//4021
f 3447//3449 4018//4020 4021//4023 3444//3446
f 3444//3446 4021//4023 4022//4024 4009//4011
f 4023//4025 4022//4024 4021//4023 4020//4022
f 4017//4019 4014//4016 4022//4024 4023//4025
f 4009//4011 4022//4024 4014//4016 4010//4012
f 4017//4019 4023//4025 4024//4026 4025//4027
f 4020//4022 4026//4028 4024//4026 4023//4025
f 4027//4029 4025//4027 4024//4026 4026//4028
f 4005//4007 4016//4018 4028//4030 4029//4031
f 4025//4027 4028//4030 4016//4018 4017//4019
f 4027//4029 4030//4032 4028//4030 4025//4027
f 4029//4031 4028//4030 4030//4032 4031//4033
f 4032//4034 3982//3984 3981//3983
f 4033//4035 4032//4034 3991//3993 3990//3992
f 4034//4036 4035//4037 4032//4034 4033//4035
f 4035//4037 3983//3985 3982//3984
f 4036//4038 4037//4039 4038//4040 4039//4041
f 4040//4042 4038//4040 4037//4039 3983//3985
f 4041//4043 4042//4044 4038//4040 4040//4042
f 4039//4041 4038//4040 4042//4044 4043//4045
f 4034//4036 4044//4046 4045//4047 4035//4037
f 4040//4042 4045//4047 4044//4046 4041//4043
f 4040//4042 3983//3985 4035//4037
f 3990//3992 3995//3997 4046//4048 4033//4035
f 4047//4049 4046//4048 3995//3997 3994//3996
f 4048//4050 4049//4051 4046//4048 4047//4049
f 4033//4035 4046//4048 4049//4051 4034//4036
f 4048//4050 4050//4052 4051//4053 4049//4051
f 4052//4054 4051//4053 4050//4052 4053//4055
f 4041//4043 4044//4046 4051//4053 4052//4054
f 4049//4051 4051//4053 4044//4046 4034//4036
f 4053//4055 4054//4056 4055//4057 4052//4054
f 4056//4058 4055//4057 4054//4056 4057//4059
f 4043//4045 4042//4044 4055//4057 4056//4058
f 4052//4054 4055//4057 4042//4044 4041//4043
f 4058//4060 4047//4049 3994//3996
f 4000//4002 4059//4061 4058//4060 4001//4003
f 4060//4062 4058//4060 4059//4061 4061//4063
f 4047//4049 4058//4060 4060//4062 4048//4050
f 4061//4063 4062//4064 4063//4065 4060//4062
f 4064//4066 4063//4065 4062//4064 4065//4067
f 4053//4055 4050//4052 4063//4065 4064//4066
f 4060//4062 4063//4065 4050//4052 4048//4050
f 4065//4067 4066//4068 4067//4069 4064//4066
f 4068//4070 4067//4069 4066//4068 4069//4071
f 4057//4059 4054//4056 4067//4069 4068//4070
f 4064//4066 4067//4069 4054//4056 4053//4055
f 4036//4038 4039//4041 4070//4072 4071//4073
f 4043//4045 4072//4074 4070//4072 4039//4041
f 4073//4075 4074//4076 4070//4072 4072//4074
f 4071//4073 4070//4072 4074//4076 4075//4077
f 4056//4058 4076//4078 4072//4074 4043//4045
f 4077//4079 4076//4078 4056//4058 4057//4059
f 4078//4080 4079//4081 4076//4078 4077//4079
f 4072//4074 4076//4078 4079//4081 4073//4075
f 4057//4059 4068//4070 4080//4082 4077//4079
f 4081//4083 4080//4082 4068//4070 4069//4071
f 4082//4084 4083//4085 4080//4082 4081//4083
f 4077//4079 4080//4082 4083//4085 4078//4080
f 4069//4071 4084//4086 4085//4087 4081//4083
f 4086//4088 4085//4087 4084//4086 4087//4089
f 4088//4090 4089//4091 4085//4087 4086//4088
f 4081//4083 4085//4087 4089//4091 4082//4084
f 4082//4084 4089//4091 4090//4092 4091//4093
f 4092//4094 4090//4092 4089//4091 4088//4090
f 4093//4095 4094//4096 4090//4092 4092//4094
f 4091//4093 4090//4092 4094//4096 4095//4097
f 4096//4098 3986//3988 4097//4099
f 4098//4100 4099//4101 4100//4102 4097//4099
f 4099//4101 4101//4103 4096//4098
f 4102//4104 4097//4099 3986//3988
f 4103//4105 4102//4104 3984//3986 3983//3985
f 4104//4106 4105//4107 4102//4104 4103//4105
f 4097//4099 4102//4104 4105//4107 4098//4100
f 4075//4077 4106//4108 4107//4109 4071//4073
f 4103//4105 4107//4109 4106//4108 4104//4106
f 3983//3985 4037//4039 4107//4109 4103//4105
f 4071//4073 4107//4109 4037//4039 4036//4038
f 4108//4110 4109//4111 4106//4108 4075//4077
f 4110//4112 4111//4113 4109//4111 4108//4110
f 4106//4108 4109//4111 4111//4113 4104//4106
f 4075//4077 4074//4076 4112//4114 4108//4110
f 4113//4115 4112//4114 4074//4076 4073//4075
f 4114//4116 4115//4117 4112//4114 4113//4115
f 4108//4110 4112//4114 4115//4117 4110//4112
f 4073//4075 4079//4081 4116//4118 4113//4115
f 4117//4119 4116//4118 4079//4081 4078//4080
f 4118//4120 4119//4121 4116//4118 4117//4119
f 4113//4115 4116//4118 4119//4121 4114//4116
f 4095//4097 4120//4122 4121//4123 4091//4093
f 4117//4119 4121//4123 4120//4122 4118//4120
f 4078//4080 4083//4085 4121//4123 4117//4119
f 4091//4093 4121//4123 4083//4085 4082//4084
f 4101//4103 4099//4101 4122//4124 4123//4125
f 4124//4126 4122//4124 4099//4101 4098//4100
f 4125//4127 4126//4128 4122//4124 4124//4126
f 4123//4125 4122//4124 4126//4128 4127//4129
f 4098//4100 4105//4107 4128//4130 4124//4126
f 4129//4131 4128//4130 4105//4107 4104//4106
f 4130//4132 4131//4133 4128//4130 4129//4131
f 4124//4126 4128//4130 4131//4133 4125//4127
f 4132//4134 4133//4135 4134//4136 4135//4137
f 4125//4127 4131//4133 4132//4134 4135//4137
f 4131//4133 4130//4132 4136//4138
f 4133//4135 4132//4134 4136//4138 4137//4139
f 4104//4106 4111//4113 4138//4140 4129//4131
f 4139//4141 4138//4140 4111//4113 4110//4112
f 4140//4142 4141//4143 4138//4140 4139//4141
f 4129//4131 4138//4140 4141//4143 4130//4132
f 4142//4144 4143//4145 4141//4143 4140//4142
f 4144//4146 4143//4145 4142//4144 4145//4147
f 4137//4139 4136//4138 4143//4145 4144//4146
f 4130//4132 4141//4143 4143//4145 4136//4138
f 4110//4112 4115//4117 4146//4148 4139//4141
f 4147//4149 4146//4148 4115//4117 4114//4116
f 4148//4150 4149//4151 4146//4148 4147//4149
f 4139//4141 4146//4148 4149//4151 4140//4142
f 4150//4152 4151//4153 4152//4154 4153//4155
f 4142//4144 4152//4154 4151//4153 4145//4147
f 4140//4142 4149//4151 4152//4154 4142//4144
f 4153//4155 4152//4154 4149//4151 4148//4150
f 4114//4116 4119//4121 4154//4156 4147//4149
f 4155//4157 4154//4156 4119//4121 4118//4120
f 4154//4156 4155//4157 4156//4158 4157//4159
f 4147//4149 4154//4156 4157//4159 4148//4150
f 4158//4160 4159//4161 4160//4162 4161//4163
f 4159//4161 4150//4152 4153//4155
f 4148//4150 4157//4159 4160//4162 4153//4155
f 4161//4163 4160//4162 4157//4159 4156//4158
f 866//866 4162//4164 4163//4165 867//867
f 4164//4166 4163//4165 4162//4164 4165//4167
f 4166//4168 4167//4169 4163//4165 4164//4166
f 867//867 4163//4165 4167//4169 871//871
f 4168//4170 4169//4171 4170//4172 4171//4173
f 882//882 4170//4172 4169//4171 883//883
f 881//881 4172//4174 4170//4172 882//882
f 4171//4173 4170//4172 4172//4174 4173//4175
f 4174//4176 4175//4177 4176//4178 4177//4179
f 888//888 4176//4178 4175//4177 889//889
f 883//883 4169//4171 4176//4178 888//888
f 4177//4179 4176//4178 4169//4171 4168//4170
f 889//889 4175//4177 4178//4180 890//890
f 4179//4181 4178//4180 4175//4177 4174//4176
f 4165//4167 4162//4164 4178//4180 4179//4181
f 890//890 4178//4180 4162//4164 866//866
f 4173//4175 4180//4182 4181//4183 4171//4173
f 4182//4184 4181//4183 4180//4182 4183//4185
f 4184//4186 4185//4187 4181//4183 4182//4184
f 4171//4173 4181//4183 4185//4187 4168//4170
f 4186//4188 4187//4189 4188//4190 4189//4191
f 4177//4179 4188//4190 4187//4189 4174//4176
f 4168//4170 4185//4187 4188//4190 4177//4179
f 4189//4191 4188//4190 4185//4187 4184//4186
f 4174//4176 4187//4189 4190//4192 4179//4181
f 4191//4193 4190//4192 4187//4189 4186//4188
f 4192//4194 4193//4195 4190//4192 4191//4193
f 4193//4195 4165//4167 4179//4181
f 4183//4185 4194//4196 4195//4197 4182//4184
f 4196//4198 4195//4197 4194//4196 4197//4199
f 4198//4200 4199//4201 4195//4197 4196//4198
f 4182//4184 4195//4197 4199//4201 4184//4186
f 4127//4129 4200//4202 4201//4203 4123//4125
f 4202//4204 4201//4203 4200//4202 4203//4205
f 4204//4206 4205//4207 4201//4203 4202//4204
f 4123//4125 4201//4203 4205//4207 4101//4103
f 4197//4199 4206//4208 4207//4209 4196//4198
f 4208//4210 4207//4209 4206//4208 4209//4211
f 4210//4212 4211//4213 4207//4209 4208//4210
f 4196//4198 4207//4209 4211//4213 4198//4200
f 4212//4214 4213//4215 4214//4216 4215//4217
f 4189//4191 4214//4216 4213//4215 4186//4188
f 4184//4186 4199//4201 4214//4216 4189//4191
f 4215//4217 4214//4216 4199//4201 4198//4200
f 4210//4212 4216//4218 4217//4219 4211//4213
f 4217//4219 4216//4218 4212//4214
f 4198//4200 4211//4213 4217//4219 4215//4217
f 4186//4188 4213//4215 4218//4220 4191//4193
f 4219//4221 4218//4220 4213//4215 4212//4214
f 4218//4220 4219//4221 4220//4222
f 4191//4193 4218//4220 4221//4223 4192//4194
f 4222//4224 4219//4221 4212//4214
f 4216//4218 4210//4212 4223//4225
f 4224//4226 4225//4227 4222//4224 4223//4225
f 4225//4227 4220//4222 4219//4221
f 4203//4205 4226//4228 4227//4229 4202//4204
f 4208//4210 4227//4229 4226//4228 4210//4212
f 4209//4211 4228//4230 4227//4229 4208//4210
f 4202//4204 4227//4229 4228//4230 4204//4206
f 4165//4167 4193//4195 4229//4231 4164//4166
f 4230//4232 4229//4231 4193//4195 4192//4194
f 4231//4233 4232//4234 4229//4231 4230//4232
f 4164//4166 4229//4231 4232//4234 4166//4168
f 4192//4194 4221//4223 4233//4235 4230//4232
f 4234//4236 4233//4235 4221//4223 4220//4222
f 4235//4237 4236//4238 4233//4235 4234//4236
f 4236//4238 4231//4233 4230//4232
f 4235//4237 4237//4239 4238//4240 4236//4238
f 4239//4241 4238//4240 4237//4239 4240//4242
f 4241//4243 4242//4244 4238//4240 4239//4241
f 4242//4244 4231//4233 4236//4238
f 4243//4245 4244//4246 4245//4247 4246//4248
f 4223//4225 4245//4247 4244//4246 4224//4226
f 4210//4212 4226//4228 4245//4247 4223//4225
f 4246//4248 4245//4247 4226//4228 4203//4205
f 4224//4226 4244//4246 4247//4249 4225//4227
f 4248//4250 4247//4249 4244//4246 4243//4245
f 4235//4237 4234//4236 4247//4249 4248//4250
f 4225//4227 4247//4249 4234//4236 4220//4222
f 4127//4129 4126//4128 4249//4251 4250//4252
f 4135//4137 4249//4251 4126//4128 4125//4127
f 4134//4136 4251//4253 4249//4251 4135//4137
f 4250//4252 4249//4251 4251//4253 4252//4254
f 4253//4255 4254//4256 4255//4257 4256//4258
f 4254//4256 4240//4242 4237//4239
f 4248//4250 4255//4257 4237//4239 4235//4237
f 4248//4250 4243//4245 4256//4258
f 4252//4254 4257//4259 4258//4260 4250//4252
f 4246//4248 4258//4260 4257//4259 4243//4245
f 4203//4205 4200//4202 4258//4260 4246//4248
f 4200//4202 4127//4129 4250//4252
f 4259//4261 4260//4262 4257//4259 4252//4254
f 4253//4255 4256//4258 4260//4262 4259//4261
f 4243//4245 4257//4259 4260//4262 4256//4258
f 4261//4263 4262//4264 4263//4265 4264//4266
f 4265//4267 4263//4265 4262//4264 4266//4268
f 3637//3639 3633//3635 4263//4265 4265//4267
f 4264//4266 4263//4265 3633//3635 3632//3634
f 4266//4268 4267//4269 4268//4270 4265//4267
f 4269//4271 4268//4270 4267//4269 4270//4272
f 3643//3645 3640//3642 4268//4270 4269//4271
f 4265//4267 4268//4270 3640//3642 3637//3639
f 4271//4273 4272//4274 4273//4275 4274//4276
f 3647//3649 3644//3646 4273//4275 4272//4274
f 4269//4271 4273//4275 3644//3646 3643//3645
f 4274//4276 4273//4275 4269//4271 4270//4272
f 4271//4273 4275//4277 4276//4278 4272//4274
f 4277//4279 4276//4278 4275//4277 4278//4280
f 3651//3653 3648//3650 4276//4278 4277//4279
f 4272//4274 4276//4278 3648//3650 3647//3649
f 4278//4280 4279//4281 4280//4282 4277//4279
f 4281//4283 4280//4282 4279//4281 4282//4284
f 3655//3657 3652//3654 4280//4282 4281//4283
f 4277//4279 4280//4282 3652//3654 3651//3653
f 4282//4284 4283//4285 4284//4286 4281//4283
f 4285//4287 4284//4286 4283//4285 4286//4288
f 3659//3661 3656//3658 4284//4286 4285//4287
f 4281//4283 4284//4286 3656//3658 3655//3657
f 4286//4288 4287//4289 4288//4290 4285//4287
f 4289//4291 4288//4290 4287//4289 4290//4292
f 3663//3665 3660//3662 4288//4290 4289//4291
f 4285//4287 4288//4290 3660//3662 3659//3661
f 4290//4292 4291//4293 4292//4294 4289//4291
f 4293//4295 4292//4294 4291//4293 4294//4296
f 3667//3669 3664//3666 4292//4294 4293//4295
f 4289//4291 4292//4294 3664//3666 3663//3665
f 4295//4297 4296//4298 4297//4299 4298//4300
f 3668//3670 4297//4299 4296//4298 3671//3673
f 4293//4295 4297//4299 3668//3670 3667//3669
f 4298//4300 4297//4299 4293//4295 4294//4296
f 4299//4301 4300//4302 4301//4303 4302//4304
f 4303//4305 4304//4306 4300//4302 4299//4301
f 4298//4300 4300//4302 4304//4306 4295//4297
f 4301//4303 4300//4302 4298//4300 4294//4296
f 4305//4307 4306//4308 4307//4309 4308//4310
f 4262//4264 4307//4309 4306//4308 4266//4268
f 4261//4263 4309//4311 4307//4309 4262//4264
f 4308//4310 4307//4309 4309//4311 4310//4312
f 4311//4313 4312//4314 4313//4315 4314//4316
f 4267//4269 4313//4315 4312//4314 4270//4272
f 4266//4268 4306//4308 4313//4315 4267//4269
f 4314//4316 4313//4315 4306//4308 4305//4307
f 4315//4317 4316//4318 4317//4319 4318//4320
f 4274//4276 4317//4319 4316//4318 4271//4273
f 4270//4272 4312//4314 4317//4319 4274//4276
f 4318//4320 4317//4319 4312//4314 4311//4313
f 4319//4321 4320//4322 4321//4323 4322//4324
f 4278//4280 4275//4277 4321//4323 4320//4322
f 4271//4273 4316//4318 4321//4323 4275//4277
f 4322//4324 4321//4323 4316//4318 4315//4317
f 4323//4325 4324//4326 4325//4327 4326//4328
f 4282//4284 4279//4281 4325//4327 4324//4326
f 4320//4322 4325//4327 4279//4281 4278//4280
f 4326//4328 4325//4327 4320//4322 4319//4321
f 4327//4329 4328//4330 4329//4331 4330//4332
f 4286//4288 4283//4285 4329//4331 4328//4330
f 4324//4326 4329//4331 4283//4285 4282//4284
f 4330//4332 4329//4331 4324//4326 4323//4325
f 4327//4329 4331//4333 4332//4334 4328//4330
f 4333//4335 4332//4334 4331//4333 4334//4336
f 4290//4292 4287//4289 4332//4334 4333//4335
f 4328//4330 4332//4334 4287//4289 4286//4288
f 4335//4337 4336//4338 4337//4339
f 4291//4293 4338//4340 4337//4339 4294//4296
f 4333//4335 4338//4340 4291//4293 4290//4292
f 4334//4336 4335//4337 4338//4340 4333//4335
f 4336//4338 4339//4341 4340//4342 4337//4339
f 4341//4343 4340//4342 4339//4341 4342//4344
f 4302//4304 4301//4303 4340//4342 4341//4343
f 4337//4339 4340//4342 4301//4303 4294//4296
f 4310//4312 4343//4345 4344//4346 4308//4310
f 4345//4347 4344//4346 4343//4345 4346//4348
f 4347//4349 4348//4350 4344//4346 4345//4347
f 4308//4310 4344//4346 4348//4350 4305//4307
f 4305//4307 4348//4350 4349//4351 4314//4316
f 4350//4352 4349//4351 4348//4350 4347//4349
f 4351//4353 4352//4354 4349//4351 4350//4352
f 4314//4316 4349//4351 4352//4354 4311//4313
f 4311//4313 4352//4354 4353//4355 4318//4320
f 4354//4356 4353//4355 4352//4354 4351//4353
f 4355//4357 4356//4358 4353//4355 4354//4356
f 4318//4320 4353//4355 4356//4358 4315//4317
f 4315//4317 4356//4358 4357//4359 4322//4324
f 4358//4360 4357//4359 4356//4358 4355//4357
f 4359//4361 4360//4362 4357//4359 4358//4360
f 4322//4324 4357//4359 4360//4362 4319//4321
f 4361//4363 4362//4364 4363//4365 4364//4366
f 4345//4347 4363//4365 4362//4364 4347//4349
f 4346//4348 4365//4367 4363//4365 4345//4347
f 4364//4366 4363//4365 4365//4367 4366//4368
f 4367//4369 4368//4370 4369//4371 4370//4372
f 4350//4352 4367//4369 4370//4372 4351//4353
f 4347//4349 4362//4364 4367//4369 4350//4352
f 4368//4370 4367//4369 4362//4364 4361//4363
f 4371//4373 4372//4374 4373//4375 4374//4376
f 4354//4356 4372//4374 4371//4373 4355//4357
f 4351//4353 4370//4372 4372//4374 4354//4356
f 4369//4371 4373//4375 4372//4374 4370//4372
f 4375//4377 4376//4378 1090//1090 1089//1089
f 4377//4379 4375//4377 1089//1089 1096//1096
f 4378//4380 4375//4377 4377//4379 4379//4381
f 4380//4382 4376//4378 4375//4377 4378//4380
f 1096//1096 1098//1098 4381//4383 4377//4379
f 4382//4384 4381//4383 1098//1098 1102//1102
f 4383//4385 4384//4386 4381//4383 4382//4384
f 4377//4379 4381//4383 4384//4386 4379//4381
f 1102//1102 1104//1104 4385//4387 4382//4384
f 4386//4388 4385//4387 1104//1104 1108//1108
f 4387//4389 4388//4390 4385//4387 4386//4388
f 4382//4384 4385//4387 4388//4390 4383//4385
f 1108//1108 1110//1110 4389//4391 4386//4388
f 4390//4392 4389//4391 1110//1110 1114//1114
f 4391//4393 4392//4394 4389//4391 4390//4392
f 4386//4388 4389//4391 4392//4394 4387//4389
f 1114//1114 1116//1116 4393//4395 4390//4392
f 4394//4396 4393//4395 1116//1116 1120//1120
f 4395//4397 4396//4398 4393//4395 4394//4396
f 4390//4392 4393//4395 4396//4398 4391//4393
f 1120//1120 1122//1122 4397//4399 4394//4396
f 4398//4400 4397//4399 1122//1122 1126//1126
f 4399//4401 4400//4402 4397//4399 4398//4400
f 4394//4396 4397//4399 4400//4402 4395//4397
f 4401//4403 1130//1130 1129//1129 4402//4404
f 4403//4405 4404//4406 4401//4403 4402//4404
f 4398//4400 4401//4403 4404//4406 4399//4401
f 4401//4403 4398//4400 1126//1126 1130//1130
f 1129//1129 1134//1134 4405//4407 4402//4404
f 4406//4408 4405//4407 1134//1134 1138//1138
f 4407//4409 4408//4410 4405//4407 4406//4408
f 4402//4404 4405//4407 4408//4410 4403//4405
f 1139//1139 4409//4411 4410//4412 1140//1140
f 4411//4413 4412//4414 4410//4412 4409//4411
f 4406//4408 4410//4412 4412//4414 4407//4409
f 1140//1140 4410//4412 4406//4408 1138//1138
f 1146//1146 4413//4415 4409//4411 1139//1139
f 4414//4416 4413//4415 1146//1146 1150//1150
f 4415//4417 4416//4418 4413//4415 4414//4416
f 4409//4411 4413//4415 4416//4418 4411//4413
f 4417//4419 4418//4420 4419//4421 4420//4422
f 4384//4386 4419//4421 4418//4420 4379//4381
f 4421//4423 4419//4421 4384//4386 4383//4385
f 4420//4422 4419//4421 4421//4423 4422//4424
f 4422//4424 4423//4425 4424//4426 4425//4427
f 4426//4428 4424//4426 4423//4425 4427//4429
f 4369//4371 4368//4370 4424//4426 4426//4428
f 4425//4427 4424//4426 4368//4370 4361//4363
f 4427//4429 4423//4425 4428//4430 4429//4431
f 4421//4423 4428//4430 4423//4425 4422//4424
f 4383//4385 4388//4390 4428//4430 4421//4423
f 4429//4431 4428//4430 4388//4390 4387//4389
f 4427//4429 4430//4432 4431//4433 4426//4428
f 4432//4434 4431//4433 4430//4432 4433//4435
f 4374//4376 4373//4375 4431//4433 4432//4434
f 4426//4428 4431//4433 4373//4375 4369//4371
f 4433//4435 4430//4432 4434//4436 4435//4437
f 4429//4431 4434//4436 4430//4432 4427//4429
f 4387//4389 4392//4394 4434//4436 4429//4431
f 4435//4437 4434//4436 4392//4394 4391//4393
f 4436//4438 4437//4439 4438//4440 4439//4441
f 4435//4437 4438//4440 4437//4439 4433//4435
f 4391//4393 4396//4398 4438//4440 4435//4437
f 4439//4441 4438//4440 4396//4398 4395//4397
f 4440//4442 4441//4443 4400//4402 4399//4401
f 4442//4444 4443//4445 4441//4443 4440//4442
f 4439//4441 4441//4443 4443//4445 4436//4438
f 4395//4397 4400//4402 4441//4443 4439//4441
f 4444//4446 4445//4447 4446//4448 4447//4449
f 4440//4442 4446//4448 4445//4447 4442//4444
f 4399//4401 4404//4406 4446//4448 4440//4442
f 4447//4449 4446//4448 4404//4406 4403//4405
f 4448//4450 4449//4451 4450//4452 4451//4453
f 4447//4449 4450//4452 4449//4451 4444//4446
f 4403//4405 4408//4410 4450//4452 4447//4449
f 4451//4453 4450//4452 4408//4410 4407//4409
f 4452//4454 4453//4455 4454//4456 4455//4457
f 4451//4453 4454//4456 4453//4455 4448//4450
f 4407//4409 4412//4414 4454//4456 4451//4453
f 4455//4457 4454//4456 4412//4414 4411//4413
f 4456//4458 4457//4459 4458//4460
f 4459//4461 4456//4458 4460//4462 4461//4463
f 4417//4419 4462//4464 4456//4458 4459//4461
f 4457//4459 4456//4458 4462//4464 4366//4368
f 4379//4381 4418//4420 4463//4465 4378//4380
f 4459//4461 4463//4465 4418//4420 4417//4419
f 4461//4463 4464//4466 4463//4465 4459//4461
f 4378//4380 4463//4465 4464//4466 4380//4382
f 4366//4368 4462//4464 4465//4467 4364//4366
f 4420//4422 4465//4467 4462//4464 4417//4419
f 4422//4424 4425//4427 4465//4467 4420//4422
f 4364//4366 4465//4467 4425//4427 4361//4363
f 3691//3693 4466//4468 4467//4469 3687//3689
f 4468//4470 4467//4469 4466//4468 4469//4471
f 3315//3317 3685//3687 4467//4469 4468//4470
f 3687//3689 4467//4469 3685//3687 3684//3686
f 4470//4472 4471//4473 4468//4470 4469//4471
f 3347//3349 4471//4473 4470//4472 3348//3350
f 3317//3319 3316//3318 4471//4473 3347//3349
f 4468//4470 4471//4473 3316//3318 3315//3317
f 3881//3883 3880//3882 4472//4474
f 4473//4475 4474//4476 4475//4477 4472//4474
f 3691//3693 3690//3692 4475//4477 4474//4476
f 3881//3883 4475//4477 3690//3692 3689//3691
f 4476//4478 4477//4479 4478//4480
f 4478//4480 3894//3896 3893//3895
f 3348//3350 4470//4472 4479//4481 3893//3895
f 4470//4472 4469//4471 4476//4478
f 4480//4482 4481//4483 4482//4484 4483//4485
f 4466//4468 4482//4484 4481//4483 4469//4471
f 3691//3693 4474//4476 4482//4484 4466//4468
f 4474//4476 4473//4475 4483//4485
f 4484//4486 4485//4487 4481//4483 4480//4482
f 4477//4479 4476//4478 4485//4487 4484//4486
f 4469//4471 4481//4483 4485//4487 4476//4478
f 3880//3882 3886//3888 4486//4488 4472//4474
f 4487//4489 4486//4488 3886//3888 3885//3887
f 4488//4490 4489//4491 4486//4488 4487//4489
f 4489//4491 4473//4475 4472//4474
f 4477//4479 4490//4492 4491//4493 4478//4480
f 4492//4494 4491//4493 4490//4492 4493//4495
f 3901//3903 3908//3910 4491//4493 4492//4494
f 4478//4480 4491//4493 3908//3910 3894//3896
f 4494//4496 4495//4497 4496//4498 4497//4499
f 4483//4485 4496//4498 4495//4497 4480//4482
f 4473//4475 4489//4491 4496//4498 4483//4485
f 4497//4499 4496//4498 4489//4491 4488//4490
f 4480//4482 4495//4497 4498//4500 4484//4486
f 4499//4501 4498//4500 4495//4497 4494//4496
f 4493//4495 4490//4492 4498//4500 4499//4501
f 4484//4486 4498//4500 4490//4492 4477//4479
f 4500//4502 3900//3902 3901//3903 4492//4494
f 4493//4495 4501//4503 4500//4502 4492//4494
f 4502//4504 4500//4502 4501//4503 4503//4505
f 3900//3902 4500//4502 4502//4504 3891//3893
f 4504//4506 4505//4507 4506//4508 4507//4509
f 4487//4489 4506//4508 4505//4507 4488//4490
f 3885//3887 3882//3884 4506//4508 4487//4489
f 4507//4509 4506//4508 3882//3884 3877//3879
f 4488//4490 4505//4507 4508//4510 4497//4499
f 4509//4511 4508//4510 4505//4507 4504//4506
f 4510//4512 4511//4513 4508//4510 4509//4511
f 4497//4499 4508//4510 4511//4513 4494//4496
f 4494//4496 4511//4513 4512//4514 4499//4501
f 4513//4515 4512//4514 4511//4513 4510//4512
f 4503//4505 4501//4503 4512//4514 4513//4515
f 4499//4501 4512//4514 4501//4503 4493//4495
f 3731//3733 4514//4516 4515//4517 3874//3876
f 4516//4518 4515//4517 4514//4516 4517//4519
f 4504//4506 4507//4509 4515//4517 4516//4518
f 4507//4509 3877//3879 3874//3876
f 4517//4519 4514//4516 4518//4520 4519//4521
f 3734//3736 4518//4520 4514//4516 3731//3733
f 3729//3731 4519//4521 4518//4520 3734//3736
f 4503//4505 4520//4522 4521//4523 4502//4504
f 4522//4524 4521//4523 4520//4522 4523//4525
f 3890//3892 4521//4523 4522//4524 3639//3641
f 4521//4523 3890//3892 3891//3893
f 4524//4526 4525//4527 4526//4528 4527//4529
f 4509//4511 4526//4528 4525//4527 4510//4512
f 4504//4506 4516//4518 4526//4528 4509//4511
f 4527//4529 4526//4528 4516//4518 4517//4519
f 4510//4512 4525//4527 4528//4530 4513//4515
f 4525//4527 4524//4526 4529//4531
f 4523//4525 4520//4522 4528//4530 4529//4531
f 4513//4515 4528//4530 4520//4522 4503//4505
f 3729//3731 3727//3729 4530//4532 4519//4521
f 4531//4533 4530//4532 3727//3729 3728//3730
f 4532//4534 4533//4535 4530//4532 4531//4533
f 4519//4521 4530//4532 4533//4535 4517//4519
f 4534//4536 4535//4537 4536//4538 4537//4539
f 3635//3637 4536//4538 4535//4537 3632//3634
f 3639//3641 4522//4524 4536//4538 3635//3637
f 4537//4539 4536//4538 4522//4524 4523//4525
f 4532//4534 4538//4540 4539//4541 4533//4535
f 4540//4542 4539//4541 4538//4540 4541//4543
f 4527//4529 4539//4541 4540//4542 4524//4526
f 4533//4535 4539//4541 4527//4529 4517//4519
f 4524//4526 4540//4542 4542//4544 4529//4531
f 4543//4545 4542//4544 4540//4542 4541//4543
f 4537//4539 4542//4544 4543//4545 4534//4536
f 4542//4544 4537//4539 4523//4525 4529//4531
f 4544//4546 4545//4547 4546//4548 4547//4549
f 4548//4550 4549//4551 4545//4547 4544//4546
f 3728//3730 3724//3726 4545//4547 4549//4551
f 4546//4548 4545//4547 3724//3726 3723//3725
f 4550//4552 4551//4553 4552//4554 4553//4555
f 4264//4266 4552//4554 4551//4553 4261//4263
f 3632//3634 4535//4537 4552//4554 4264//4266
f 4553//4555 4552//4554 4535//4537 4534//4536
f 3728//3730 4549//4551 4554//4556 4531//4533
f 4555//4557 4554//4556 4549//4551 4548//4550
f 4532//4534 4531//4533 4554//4556 4555//4557
f 4556//4558 4544//4546 4547//4549
f 4557//4559 4556//4558 4558//4560 4458//4460
f 4559//4561 4560//4562 4556//4558 4557//4559
f 4544//4546 4556//4558 4560//4562 4548//4550
f 4461//4463 4460//4462 4561//4563 4562//4564
f 4561//4563 4460//4462 4458//4460 4558//4560
f 4562//4564 4561//4563 4558//4560 4547//4549
f 4563//4565 4564//4566 4551//4553 4550//4552
f 4565//4567 4564//4566 4563//4565 4458//4460
f 4310//4312 4309//4311 4564//4566 4565//4567
f 4261//4263 4551//4553 4564//4566 4309//4311
f 4557//4559 4566//4568 4567//4569 4559//4561
f 4563//4565 4566//4568 4557//4559 4458//4460
f 4550//4552 4567//4569 4566//4568 4563//4565
f 4310//4312 4565//4567 4568//4570 4343//4345
f 4565//4567 4458//4460 4457//4459
f 4366//4368 4365//4367 4568//4570 4457//4459
f 4343//4345 4568//4570 4365//4367 4346//4348
f 4534//4536 4543//4545 4569//4571 4553//4555
f 4570//4572 4569//4571 4543//4545 4541//4543
f 4559//4561 4567//4569 4569//4571 4570//4572
f 4553//4555 4569//4571 4567//4569 4550//4552
f 4548//4550 4560//4562 4571//4573 4555//4557
f 4570//4572 4571//4573 4560//4562 4559//4561
f 4541//4543 4538//4540 4571//4573 4570//4572
f 4555//4557 4571//4573 4538//4540 4532//4534
f 4572//4574 4562//4564 4547//4549
f 4573//4575 4572//4574 4574//4576 4575//4577
f 4380//4382 4464//4466 4572//4574 4573//4575
f 4562//4564 4572//4574 4464//4466 4461//4463
f 4573//4575 4576//4578 4376//4378 4380//4382
f 4577//4579 4576//4578 4573//4575 4575//4577
f 1312//1312 1311//1311 4576//4578 4577//4579
f 4376//4378 4576//4578 1311//1311 1090//1090
f 4578//4580 4579//4581 4580//4582 4581//4583
f 4582//4584 4579//4581 4578//4580 4583//4585
f 3701//3703 3697//3699 4579//4581 4582//4584
f 3696//3698 4580//4582 4579//4581 3697//3699
f 4583//4585 4584//4586 4585//4587 4582//4584
f 4586//4588 4585//4587 4584//4586 4587//4589
f 3708//3710 3705//3707 4585//4587 4586//4588
f 4582//4584 4585//4587 3705//3707 3701//3703
f 3714//3716 3711//3713 4588//4590 4589//4591
f 4586//4588 4588//4590 3711//3713 3708//3710
f 4587//4589 4590//4592 4588//4590 4586//4588
f 4589//4591 4588//4590 4590//4592 4591//4593
f 3720//3722 3717//3719 4592//4594 3726//3728
f 4589//4591 4592//4594 3717//3719 3714//3716
f 4591//4593 4593//4595 4592//4594 4589//4591
f 3726//3728 4592//4594 4593//4595 3723//3725
f 3723//3725 4593//4595 4594//4596 4546//4548
f 4595//4597 4594//4596 4593//4595 4591//4593
f 4575//4577 4574//4576 4594//4596 4595//4597
f 4546//4548 4594//4596 4574//4576 4547//4549
f 4596//4598 4597//4599 4598//4600 4599//4601
f 4600//4602 4598//4600 4597//4599 4601//4603
f 4598//4600 4600//4602 4591//4593
f 4599//4601 4598//4600 4590//4592 4587//4589
f 4600//4602 4602//4604 4595//4597 4591//4593
f 4601//4603 4603//4605 4602//4604 4600//4602
f 4595//4597 4602//4604 4603//4605 4575//4577
f 1340//1340 1343//1343 4604//4606 4605//4607
f 1343//1343 1312//1312 4577//4579
f 4604//4606 4577//4579 4575//4577
f 4605//4607 4604//4606 4603//4605 4601//4603
f 4601//4603 4597//4599 4606//4608 4605//4607
f 4607//4609 4606//4608 4597//4599 4596//4598
f 1346//1346 1345//1345 4606//4608 4607//4609
f 1345//1345 1340//1340 4605//4607
f 4608//4610 4609//4611 4610//4612 4611//4613
f 1352//1352 4610//4612 4609//4611 1353//1353
f 871//871 4167//4169 4610//4612 1352//1352
f 4611//4613 4610//4612 4167//4169 4166//4168
f 4612//4614 4613//4615 4614//4616 4615//4617
f 4611//4613 4614//4616 4613//4615 4608//4610
f 4166//4168 4232//4234 4614//4616 4611//4613
f 4615//4617 4614//4616 4232//4234 4231//4233
f 4231//4233 4242//4244 4616//4618 4615//4617
f 4617//4619 4616//4618 4242//4244 4241//4243
f 4618//4620 4619//4621 4616//4618 4617//4619
f 4615//4617 4616//4618 4619//4621 4612//4614
f 4241//4243 4239//4241 4620//4622 4617//4619
f 4621//4623 4620//4622 4239//4241 4240//4242
f 4622//4624 4623//4625 4620//4622 4621//4623
f 4623//4625 4618//4620 4617//4619
f 4240//4242 4254//4256 4624//4626 4621//4623
f 4625//4627 4624//4626 4254//4256 4253//4255
f 4626//4628 4627//4629 4624//4626 4625//4627
f 4621//4623 4624//4626 4627//4629 4622//4624
f 4628//4630 4629//4631 4630//4632
f 4625//4627 4628//4630 4631//4633 4626//4628
f 4253//4255 4259//4261 4628//4630 4625//4627
f 4629//4631 4628//4630 4259//4261 4252//4254
f 4251//4253 4632//4634 4629//4631 4252//4254
f 4134//4136 4633//4635 4632//4634 4251//4253
f 4634//4636 4635//4637 4632//4634 4633//4635
f 4629//4631 4632//4634 4635//4637 4630//4632
f 4634//4636 4633//4635 4636//4638 4637//4639
f 4633//4635 4134//4136 4133//4135
f 4137//4139 4638//4640 4636//4638 4133//4135
f 4637//4639 4636//4638 4638//4640 4639//4641
f 4145//4147 4640//4642 4641//4643 4144//4146
f 4642//4644 4641//4643 4640//4642 4643//4645
f 4639//4641 4638//4640 4641//4643 4642//4644
f 4144//4146 4641//4643 4638//4640 4137//4139
f 4644//4646 4640//4642 4145//4147 4151//4153
f 4645//4647 4644//4646 4151//4153 4150//4152
f 4646//4648 4644//4646 4645//4647 4647//4649
f 4643//4645 4640//4642 4644//4646 4646//4648
f 4158//4160 4648//4650 4649//4651 4159//4161
f 4650//4652 4649//4651 4648//4650 4651//4653
f 4647//4649 4645//4647 4649//4651 4650//4652
f 4150//4152 4159//4161 4649//4651 4645//4647
f 4622//4624 4627//4629 4652//4654 4653//4655
f 4654//4656 4652//4654 4627//4629 4626//4628
f 4655//4657 4656//4658 4652//4654 4654//4656
f 4653//4655 4652//4654 4656//4658 4657//4659
f 4626//4628 4631//4633 4658//4660 4654//4656
f 4659//4661 4658//4660 4631//4633 4630//4632
f 4660//4662 4661//4663 4658//4660 4659//4661
f 4654//4656 4658//4660 4661//4663 4655//4657
f 4630//4632 4635//4637 4662//4664 4659//4661
f 4663//4665 4662//4664 4635//4637 4634//4636
f 4664//4666 4665//4667 4662//4664 4663//4665
f 4659//4661 4662//4664 4665//4667 4660//4662
f 4634//4636 4637//4639 4666//4668 4663//4665
f 4639//4641 4667//4669 4666//4668 4637//4639
f 4668//4670 4666//4668 4667//4669 4669//4671
f 4663//4665 4666//4668 4668//4670 4664//4666
f 4643//4645 4670//4672 4671//4673 4642//4644
f 4672//4674 4671//4673 4670//4672 4673//4675
f 4669//4671 4667//4669 4671//4673 4672//4674
f 4642//4644 4671//4673 4667//4669 4639//4641
f 4647//4649 4674//4676 4675//4677 4646//4648
f 4674//4676 4676//4678 4677//4679
f 4673//4675 4670//4672 4675//4677 4677//4679
f 4646//4648 4675//4677 4670//4672 4643//4645
f 4651//4653 4678//4680 4679//4681 4650//4652
f 4680//4682 4679//4681 4678//4680 4681//4683
f 4676//4678 4674//4676 4679//4681 4680//4682
f 4650//4652 4679//4681 4674//4676 4647//4649
f 4069//4071 4066//4068 4682//4684 4084//4086
f 4683//4685 4682//4684 4066//4068 4065//4067
f 4684//4686 4685//4687 4682//4684 4683//4685
f 4084//4086 4682//4684 4685//4687 4087//4089
f 4088//4090 4686//4688 4687//4689 4092//4094
f 4688//4690 4687//4689 4686//4688 4689//4691
f 4690//4692 4691//4693 4687//4689 4688//4690
f 4092//4094 4687//4689 4691//4693 4093//4095
f 4692//4694 4693//4695 4694//4696 4695//4697
f 4694//4696 4693//4695 4689//4691 4686//4688
f 4086//4088 4694//4696 4686//4688 4088//4090
f 4695//4697 4694//4696 4086//4088 4087//4089
f 4062//4064 4061//4063 4696//4698
f 4697//4699 4696//4698 4698//4700
f 4683//4685 4697//4699 4699//4701 4684//4686
f 4065//4067 4062//4064 4697//4699 4683//4685
f 4700//4702 4701//4703 4702//4704 4703//4705
f 4692//4694 4695//4697 4702//4704 4701//4703
f 4087//4089 4685//4687 4702//4704 4695//4697
f 4703//4705 4702//4704 4685//4687 4684//4686
f 4704//4706 4705//4707 4706//4708 4707//4709
f 4689//4691 4693//4695 4706//4708 4705//4707
f 4701//4703 4706//4708 4693//4695 4692//4694
f 4707//4709 4706//4708 4701//4703 4700//4702
f 4689//4691 4705//4707 4708//4710 4688//4690
f 4704//4706 4709//4711 4708//4710 4705//4707
f 4710//4712 4708//4710 4709//4711 4711//4713
f 4710//4712 4690//4692 4688//4690
f 4095//4097 4712//4714 4713//4715 4120//4122
f 4714//4716 4713//4715 4712//4714 4715//4717
f 4713//4715 4714//4716 4716//4718
f 4717//4719 4118//4120 4120//4122
f 4718//4720 4717//4719 4716//4718
f 4719//4721 4720//4722 4721//4723
f 4156//4158 4155//4157 4718//4720 4721//4723
f 4155//4157 4118//4120 4717//4719
f 4722//4724 4721//4723 4720//4722
f 4723//4725 4722//4724 4724//4726 4725//4727
f 4158//4160 4161//4163 4722//4724 4723//4725
f 4721//4723 4722//4724 4161//4163 4156//4158
f 4725//4727 4726//4728 4727//4729 4723//4725
f 4728//4730 4727//4729 4726//4728 4729//4731
f 4651//4653 4648//4650 4727//4729 4728//4730
f 4723//4725 4727//4729 4648//4650 4158//4160
f 4678//4680 4651//4653 4728//4730
f 4729//4731 4730//4732 4731//4733 4728//4730
f 4732//4734 4733//4735 4731//4733 4730//4732
f 4678//4680 4731//4733 4733//4735 4681//4683
f 4729//4731 4734//4736 4735//4737 4730//4732
f 4735//4737 4734//4736 4736//4738
f 4735//4737 4737//4739 4738//4740 4739//4741
f 4730//4732 4735//4737 4739//4741 4732//4734
f 4736//4738 4734//4736 4740//4742 4741//4743
f 4729//4731 4726//4728 4740//4742 4734//4736
f 4742//4744 4740//4742 4726//4728 4725//4727
f 4743//4745 4741//4743 4740//4742 4742//4744
f 4743//4745 4744//4746 4745//4747 4741//4743
f 4746//4748 4745//4747 4744//4746 4747//4749
f 4738//4740 4737//4739 4745//4747 4746//4748
f 4741//4743 4745//4747 4737//4739 4736//4738
f 4725//4727 4724//4726 4748//4750 4742//4744
f 4749//4751 4748//4750 4724//4726 4720//4722
f 4750//4752 4751//4753 4748//4750 4749//4751
f 4742//4744 4748//4750 4751//4753 4743//4745
f 4738//4740 4752//4754 4753//4755 4739//4741
f 4754//4756 4753//4755 4752//4754 4755//4757
f 4732//4734 4739//4741 4753//4755 4754//4756
f 4750//4752 4756//4758 4757//4759 4751//4753
f 4758//4760 4757//4759 4756//4758 4759//4761
f 4747//4749 4744//4746 4757//4759 4758//4760
f 4751//4753 4757//4759 4744//4746 4743//4745
f 4747//4749 4758//4760 4760//4762 4746//4748
f 4759//4761 4761//4763 4760//4762 4758//4760
f 4755//4757 4752//4754 4760//4762 4761//4763
f 4746//4748 4760//4762 4752//4754 4738//4740
f 3493//3495 3515//3517 4762//4764 3491//3493
f 4763//4765 4762//4764 3515//3517 3514//3516
f 4764//4766 4765//4767 4762//4764 4763//4765
f 3491//3493 4762//4764 4765//4767 3372//3374
f 3513//3515 3525//3527 4766//4768 3512//3514
f 4767//4769 4766//4768 3525//3527 3524//3526
f 4768//4770 4769//4771 4766//4768 4767//4769
f 3512//3514 4766//4768 4769//4771 3514//3516
f 4770//4772 4771//4773 4772//4774 4773//4775
f 4767//4769 4772//4774 4771//4773 4768//4770
f 3524//3526 3527//3529 4772//4774 4767//4769
f 4773//4775 4772//4774 3527//3529 3526//3528
f 3377//3379 3373//3375 4774//4776 4775//4777
f 4774//4776 3373//3375 3372//3374 4765//4767
f 4776//4778 4774//4776 4765//4767 4764//4766
f 4775//4777 4774//4776 4776//4778 4777//4779
f 3514//3516 4769//4771 4778//4780 4763//4765
f 4779//4781 4778//4780 4769//4771 4768//4770
f 4780//4782 4781//4783 4778//4780 4779//4781
f 4763//4765 4778//4780 4781//4783 4764//4766
f 4768//4770 4771//4773 4782//4784 4779//4781
f 4783//4785 4782//4784 4771//4773 4770//4772
f 4784//4786 4785//4787 4782//4784 4783//4785
f 4779//4781 4782//4784 4785//4787 4780//4782
f 4777//4779 4776//4778 4786//4788 4787//4789
f 4781//4783 4786//4788 4776//4778 4764//4766
f 4786//4788 4781//4783 4780//4782
f 4787//4789 4786//4788 4788//4790 4789//4791
f 4777//4779 4790//4792 4791//4793 4775//4777
f 4792//4794 4791//4793 4790//4792 4793//4795
f 3413//3415 3411//3413 4791//4793 4792//4794
f 4775//4777 4791//4793 3411//3413 3377//3379
f 4784//4786 4794//4796 4795//4797 4785//4787
f 4796//4798 4795//4797 4794//4796 4797//4799
f 4789//4791 4788//4790 4795//4797 4796//4798
f 4785//4787 4795//4797 4788//4790 4780//4782
f 4019//4021 4798//4800 4799//4801 4020//4022
f 4792//4794 4798//4800 4019//4021 3413//3415
f 4793//4795 4800//4802 4798//4800 4792//4794
f 4799//4801 4798//4800 4800//4802 4801//4803
f 4789//4791 4802//4804 4803//4805 4787//4789
f 4804//4806 4803//4805 4802//4804 4805//4807
f 4793//4795 4790//4792 4803//4805 4804//4806
f 4790//4792 4777//4779 4787//4789
f 4797//4799 4806//4808 4807//4809 4796//4798
f 4808//4810 4807//4809 4806//4808 4809//4811
f 4805//4807 4802//4804 4807//4809 4808//4810
f 4796//4798 4807//4809 4802//4804 4789//4791
f 4027//4029 4026//4028 4810//4812 4811//4813
f 4799//4801 4810//4812 4026//4028 4020//4022
f 4810//4812 4799//4801 4801//4803 4812//4814
f 4813//4815 4811//4813 4810//4812 4812//4814
f 4805//4807 4814//4816 4815//4817 4804//4806
f 4816//4818 4815//4817 4814//4816 4817//4819
f 4801//4803 4800//4802 4815//4817 4816//4818
f 4804//4806 4815//4817 4800//4802 4793//4795
f 4817//4819 4814//4816 4818//4820 4819//4821
f 4808//4810 4818//4820 4814//4816 4805//4807
f 4809//4811 4820//4822 4818//4820 4808//4810
f 4819//4821 4818//4820 4820//4822 4821//4823
f 4822//4824 4811//4813 4813//4815
f 4823//4825 4822//4824 4824//4826 4825//4827
f 4031//4033 4030//4032 4822//4824 4823//4825
f 4811//4813 4822//4824 4030//4032 4027//4029
f 4826//4828 4812//4814 4801//4803
f 4827//4829 4826//4828 4816//4818 4817//4819
f 4828//4830 4829//4831 4826//4828 4827//4829
f 4812//4814 4826//4828 4829//4831 4813//4815
f 4821//4823 4830//4832 4831//4833 4819//4821
f 4830//4832 4832//4834 4833//4835
f 4828//4830 4827//4829 4831//4833 4833//4835
f 4819//4821 4831//4833 4827//4829 4817//4819
f 4828//4830 4834//4836 4835//4837 4829//4831
f 4836//4838 4835//4837 4834//4836 4837//4839
f 4825//4827 4824//4826 4835//4837 4836//4838
f 4824//4826 4813//4815 4829//4831
f 4838//4840 4833//4835 4832//4834
f 4839//4841 4838//4840 4840//4842 4841//4843
f 4837//4839 4834//4836 4838//4840 4839//4841
f 4833//4835 4838//4840 4834//4836 4828//4830
f 4842//4844 3798//3800 3797//3799
f 4843//4845 4842//4844 4844//4846 4845//4847
f 4842//4844 4843//4845 4846//4848
f 4847//4849 3788//3790 3798//3800
f 4847//4849 4846//4848 4848//4850
f 4849//4851 4848//4850 4850//4852
f 3791//3793 3790//3792 4849//4851 4851//4853
f 4847//4849 4849//4851 3790//3792 3788//3790
f 4846//4848 4852//4854 4853//4855 4848//4850
f 4854//4856 4853//4855 4852//4854 4855//4857
f 4856//4858 4857//4859 4853//4855 4854//4856
f 4848//4850 4853//4855 4857//4859 4850//4852
f 3791//3793 4851//4853 4858//4860 3814//3816
f 4859//4861 4858//4860 4851//4853 4850//4852
f 4860//4862 4861//4863 4858//4860 4859//4861
f 3814//3816 4858//4860 4861//4863 3811//3813
f 4860//4862 4862//4864 4863//4865 4861//4863
f 3826//3828 4863//4865 4862//4864 3823//3825
f 3811//3813 4861//4863 4863//4865 3826//3828
f 4850//4852 4857//4859 4864//4866 4859//4861
f 4865//4867 4864//4866 4857//4859 4856//4858
f 4866//4868 4867//4869 4864//4866 4865//4867
f 4859//4861 4864//4866 4867//4869 4860//4862
f 4868//4870 4869//4871 4870//4872 4871//4873
f 3830//3832 4870//4872 4869//4871 3822//3824
f 3823//3825 4862//4864 4870//4872 3830//3832
f 4871//4873 4870//4872 4862//4864 4860//4862
f 4860//4862 4867//4869 4872//4874 4871//4873
f 4873//4875 4872//4874 4867//4869 4866//4868
f 4874//4876 4875//4877 4872//4874 4873//4875
f 4875//4877 4868//4870 4871//4873
f 4868//4870 4876//4878 4877//4879 4869//4871
f 4878//4880 4877//4879 4876//4878 4879//4881
f 3704//3706 3818//3820 4877//4879 4878//4880
f 3822//3824 4869//4871 4877//4879 3818//3820
f 4880//4882 4881//4883 4882//4884 4883//4885
f 4884//4886 4882//4884 4881//4883 4855//4857
f 4885//4887 4886//4888 4882//4884 4884//4886
f 4883//4885 4882//4884 4886//4888 4887//4889
f 4888//4890 4889//4891 4890//4892 4891//4893
f 4854//4856 4890//4892 4889//4891 4856//4858
f 4855//4857 4881//4883 4890//4892 4854//4856
f 4891//4893 4890//4892 4881//4883 4880//4882
f 4892//4894 4893//4895 4894//4896 4895//4897
f 4865//4867 4894//4896 4893//4895 4866//4868
f 4856//4858 4889//4891 4894//4896 4865//4867
f 4895//4897 4894//4896 4889//4891 4888//4890
f 4896//4898 4897//4899 4898//4900 4899//4901
f 4874//4876 4873//4875 4897//4899 4896//4898
f 4866//4868 4893//4895 4897//4899 4873//4875
f 4897//4899 4893//4895 4892//4894 4898//4900
f 4887//4889 4900//4902 4901//4903 4883//4885
f 4902//4904 4901//4903 4900//4902 4903//4905
f 4904//4906 4905//4907 4901//4903 4902//4904
f 4883//4885 4901//4903 4905//4907 4880//4882
f 4880//4882 4905//4907 4906//4908 4891//4893
f 4907//4909 4906//4908 4905//4907 4904//4906
f 4908//4910 4909//4911 4906//4908 4907//4909
f 4909//4911 4888//4890 4891//4893 4906//4908
f 4888//4890 4909//4911 4910//4912 4895//4897
f 4908//4910 4911//4913 4910//4912 4909//4911
f 4912//4914 4913//4915 4910//4912 4911//4913
f 4892//4894 4895//4897 4910//4912 4913//4915
f 4899//4901 4898//4900 4914//4916 4915//4917
f 4892//4894 4913//4915 4914//4916 4898//4900
f 4912//4914 4916//4918 4914//4916 4913//4915
f 4914//4916 4916//4918 4917//4919 4915//4917
f 4917//4919 4918//4920 4919//4921 4915//4917
f 4918//4920 4920//4922 4921//4923
f 4922//4924 4923//4925 4919//4921 4921//4923
f 4915//4917 4919//4921 4923//4925 4899//4901
f 4924//4926 4921//4923 4920//4922
f 4925//4927 4924//4926 4926//4928 4927//4929
f 4924//4926 4925//4927 4928//4930
f 4929//4931 4922//4924 4921//4923
f 4930//4932 4931//4933 4932//4934 4933//4935
f 4925//4927 4932//4934 4931//4933 4928//4930
f 4927//4929 4934//4936 4932//4934 4925//4927
f 4933//4935 4932//4934 4934//4936 4935//4937
f 4935//4937 4936//4938 4937//4939 4933//4935
f 4938//4940 4937//4939 4936//4938 4939//4941
f 4940//4942 4941//4943 4937//4939 4938//4940
f 4933//4935 4937//4939 4941//4943 4930//4932
f 4942//4944 4943//4945 4944//4946
f 4945//4947 4946//4948 4942//4944
f 4938//4940 4942//4944 4946//4948 4940//4942
f 4939//4941 4943//4945 4942//4944 4938//4940
f 4947//4949 4948//4950 4945//4947
f 4949//4951 4944//4946 4950//4952
f 4951//4953 4952//4954 4947//4949 4950//4952
f 4948//4950 4947//4949 4952//4954 4953//4955
f 4952//4954 4954//4956 4955//4957 4953//4955
f 4956//4958 4954//4956 4952//4954 4951//4953
f 4957//4959 4954//4956 4956//4958 4958//4960
f 4959//4961 4955//4957 4954//4956 4957//4959
f 4958//4960 4960//4962 4961//4963 4957//4959
f 4962//4964 4961//4963 4960//4962 4963//4965
f 4964//4966 4965//4967 4961//4963 4962//4964
f 4957//4959 4961//4963 4965//4967 4959//4961
f 4962//4964 4966//4968 4967//4969 4964//4966
f 4963//4965 4968//4970 4966//4968 4962//4964
f 4903//4905 4900//4902 4966//4968 4968//4970
f 4967//4969 4966//4968 4900//4902 4887//4889
f 4969//4971 4970//4972 4971//4973
f 4972//4974 4969//4971 4973//4975 4974//4976
f 4927//4929 4926//4928 4969//4971 4972//4974
f 4926//4928 4920//4922 4970//4972
f 4927//4929 4972//4974 4975//4977 4934//4936
f 4976//4978 4975//4977 4972//4974 4974//4976
f 4977//4979 4978//4980 4975//4977 4976//4978
f 4934//4936 4975//4977 4978//4980 4935//4937
f 4977//4979 4979//4981 4980//4982 4978//4980
f 4980//4982 4979//4981 4981//4983 4982//4984
f 4939//4941 4936//4938 4980//4982 4982//4984
f 4978//4980 4980//4982 4936//4938 4935//4937
f 4939//4941 4982//4984 4983//4985 4943//4945
f 4984//4986 4983//4985 4982//4984 4981//4983
f 4985//4987 4986//4988 4983//4985 4984//4986
f 4943//4945 4983//4985 4986//4988 4944//4946
f 4944//4946 4986//4988 4987//4989 4950//4952
f 4988//4990 4987//4989 4986//4988 4985//4987
f 4989//4991 4990//4992 4987//4989 4988//4990
f 4950//4952 4987//4989 4990//4992 4951//4953
f 4951//4953 4990//4992 4991//4993 4956//4958
f 4992//4994 4991//4993 4990//4992 4989//4991
f 4993//4995 4994//4996 4991//4993 4992//4994
f 4956//4958 4991//4993 4994//4996 4958//4960
f 4995//4997 4996//4998 4968//4970 4963//4965
f 4997//4999 4998//5000 4996//4998 4995//4997
f 4999//5001 5000//5002 4996//4998 4998//5000
f 4968//4970 4996//4998 5000//5002 4903//4905
f 4993//4995 5001//5003 5002//5004 4994//4996
f 4995//4997 5002//5004 5001//5003 4997//4999
f 4963//4965 4960//4962 5002//5004 4995//4997
f 4994//4996 5002//5004 4960//4962 4958//4960
f 4974//4976 5003//5005 5004//5006 4976//4978
f 5005//5007 5006//5008 5004//5006
f 5007//5009 5004//5006 5006//5008 5008//5010
f 4976//4978 5004//5006 5007//5009 4977//4979
f 5008//5010 5009//5011 5010//5012 5007//5009
f 5009//5011 5011//5013 5012//5014
f 4981//4983 4979//4981 5010//5012 5012//5014
f 5007//5009 5010//5012 4979//4981 4977//4979
f 4981//4983 5012//5014 5013//5015 4984//4986
f 5014//5016 5013//5015 5012//5014 5011//5013
f 5015//5017 5016//5018 5013//5015 5014//5016
f 4984//4986 5013//5015 5016//5018 4985//4987
f 4985//4987 5016//5018 5017//5019 4988//4990
f 5018//5020 5017//5019 5016//5018 5015//5017
f 5019//5021 5020//5022 5017//5019 5018//5020
f 4988//4990 5017//5019 5020//5022 4989//4991
f 4989//4991 5020//5022 5021//5023 4992//4994
f 5022//5024 5021//5023 5020//5022 5019//5021
f 5023//5025 5024//5026 5021//5023 5022//5024
f 4992//4994 5021//5023 5024//5026 4993//4995
f 5023//5025 5025//5027 5026//5028 5024//5026
f 5027//5029 5026//5028 5025//5027 5028//5030
f 4997//4999 5001//5003 5026//5028 5027//5029
f 5024//5026 5026//5028 5001//5003 4993//4995
f 4904//4906 5029//5031 5030//5032 4907//4909
f 5031//5033 5032//5034 5030//5032 5029//5031
f 5033//5035 5034//5036 5030//5032 5032//5034
f 4908//4910 4907//4909 5030//5032 5034//5036
f 5035//5037 5036//5038 5037//5039 5038//5040
f 5028//5030 5025//5027 5037//5039 5036//5038
f 5023//5025 5038//5040 5037//5039 5025//5027
f 5035//5037 5039//5041 5040//5042 5041//5043
f 5015//5017 5014//5016 5040//5042 5039//5041
f 5011//5013 5041//5043 5040//5042 5014//5016
f 5033//5035 5042//5044 5043//5045 5034//5036
f 5044//5046 5045//5047 5043//5045 5042//5044
f 4912//4914 4911//4913 5043//5045 5045//5047
f 4908//4910 5034//5036 5043//5045 4911//4913
f 5046//5048 5047//5049 5048//5050 5035//5037
f 5008//5010 5006//5008 5047//5049 5046//5048
f 5005//5007 5048//5050 5047//5049 5006//5008
f 5041//5043 5049//5051 5046//5048 5035//5037
f 5011//5013 5009//5011 5049//5051 5041//5043
f 5008//5010 5046//5048 5049//5051 5009//5011
f 5035//5037 5050//5052 5051//5053 5039//5041
f 5019//5021 5018//5020 5051//5053 5050//5052
f 5015//5017 5039//5041 5051//5053 5018//5020
f 5035//5037 5038//5040 5052//5054 5050//5052
f 5023//5025 5022//5024 5052//5054 5038//5040
f 5019//5021 5050//5052 5052//5054 5022//5024
f 5053//5055 5054//5056 5027//5029 5028//5030
f 5055//5057 5056//5058 5054//5056 5053//5055
f 4998//5000 5054//5056 5056//5058 4999//5001
f 5027//5029 5054//5056 4998//5000 4997//4999
f 5035//5037 5057//5059 5058//5060 5036//5038
f 5055//5057 5053//5055 5058//5060 5057//5059
f 5028//5030 5036//5038 5058//5060 5053//5055
f 5059//5061 5060//5062 5061//5063 5062//5064
f 5059//5061 5035//5037 5048//5050
f 5005//5007 5061//5063 5060//5062 5048//5050
f 4903//4905 5000//5002 5063//5065 4902//4904
f 5064//5066 5063//5065 5000//5002 4999//5001
f 5031//5033 5029//5031 5063//5065 5064//5066
f 4902//4904 5063//5065 5029//5031 4904//4906
f 5065//5067 5066//5068 5032//5034 5031//5033
f 5067//5069 5068//5070 5066//5068 5065//5067
f 5044//5046 5042//5044 5066//5068 5068//5070
f 5033//5035 5032//5034 5066//5068 5042//5044
f 5067//5069 5065//5067 5069//5071 5070//5072
f 5064//5066 5069//5071 5065//5067 5031//5033
f 4999//5001 5056//5058 5069//5071 5064//5066
f 5070//5072 5069//5071 5056//5058 5055//5057
f 5044//5046 5071//5073 5072//5074 5045//5047
f 5073//5075 5072//5074 5071//5073 5074//5076
f 4916//4918 5072//5074 5073//5075 4917//4919
f 4912//4914 5045//5047 5072//5074 4916//4918
f 5074//5076 5075//5077 5076//5078 5073//5075
f 5075//5077 4971//4973 4970//4972
f 5076//5078 4970//4972 4920//4922
f 5073//5075 5076//5078 4918//4920 4917//4919
f 5067//5069 5077//5079 5078//5080 5068//5070
f 5079//5081 5078//5080 5077//5079 5062//5064
f 5074//5076 5071//5073 5078//5080 5079//5081
f 5078//5080 5071//5073 5044//5046 5068//5070
f 5075//5077 5074//5076 5079//5081
f 5062//5064 5080//5082 5081//5083 5079//5081
f 4971//4973 5075//5077 5081//5083 5080//5082
f 5080//5082 5062//5064 5061//5063
f 5061//5063 5005//5007 5003//5005
f 4973//4975 5082//5084 5003//5005 4974//4976
f 4973//4975 4971//4973 5080//5082
f 5062//5064 5077//5079 5083//5085 5059//5061
f 5070//5072 5083//5085 5077//5079 5067//5069
f 5055//5057 5057//5059 5083//5085 5070//5072
f 5059//5061 5083//5085 5057//5059 5035//5037
f 4845//4847 5084//5086 5085//5087 4843//4845
f 4884//4886 5085//5087 5084//5086 4885//4887
f 4855//4857 4852//4854 5085//5087 4884//4886
f 4843//4845 5085//5087 4852//4854 4846//4848
f 4887//4889 4886//4888 5086//5088 4967//4969
f 5087//5089 5086//5088 4886//4888 4885//4887
f 5088//5090 5086//5088 5087//5089 5089//5091
f 4964//4966 4967//4969 5086//5088 5088//5090
f 5089//5091 5090//5092 5091//5093 5088//5090
f 5092//5094 5091//5093 5090//5092 5093//5095
f 4959//4961 4965//4967 5091//5093 5092//5094
f 5088//5090 5091//5093 4965//4967 4964//4966
f 5093//5095 5094//5096 5095//5097 5092//5094
f 5096//5098 5095//5097 5094//5096 5097//5099
f 4953//4955 4955//4957 5095//5097 5096//5098
f 5092//5094 5095//5097 4955//4957 4959//4961
f 5098//5100 5099//5101 5096//5098 5097//5099
f 5100//5102 5099//5101 5098//5100 5101//5103
f 5099//5101 5100//5102 4945//4947
f 5096//5098 5099//5101 4948//4950 4953//4955
f 5102//5104 1844//1844 1847//1847 5103//5105
f 5098//5100 5102//5104 5103//5105 5101//5103
f 5104//5106 5102//5104 5098//5100 5097//5099
f 1844//1844 5102//5104 5104//5106 1849//1849
f 5100//5102 5105//5107 4946//4948 4945//4947
f 5106//5108 5105//5107 5100//5102 5101//5103
f 5107//5109 5105//5107 5106//5108 5108//5110
f 4940//4942 4946//4948 5105//5107 5107//5109
f 5108//5110 5109//5111 5110//5112 5107//5109
f 5111//5113 5110//5112 5109//5111 5112//5114
f 4930//4932 4941//4943 5110//5112 5111//5113
f 5107//5109 5110//5112 4941//4943 4940//4942
f 5112//5114 5113//5115 5114//5116 5111//5113
f 5115//5117 5114//5116 5113//5115 5116//5118
f 4928//4930 4931//4933 5114//5116 5115//5117
f 5111//5113 5114//5116 4931//4933 4930//4932
f 4899//4901 4923//4925 5117//5119 4896//4898
f 5118//5120 5117//5119 4923//4925 4922//4924
f 5119//5121 5120//5122 5117//5119 5118//5120
f 4896//4898 5117//5119 5120//5122 4874//4876
f 4879//4881 4876//4878 5121//5123 5122//5124
f 4875//4877 5121//5123 4876//4878 4868//4870
f 4874//4876 5120//5122 5121//5123 4875//4877
f 5122//5124 5121//5123 5120//5122 5119//5121
f 5116//5118 5123//5125 5124//5126 5115//5117
f 5118//5120 5124//5126 5123//5125 5119//5121
f 4922//4924 4929//4931 5124//5126 5118//5120
f 5115//5117 5124//5126 4929//4931 4928//4930
f 3696//3698 3699//3701 5125//5127 5126//5128
f 4878//4880 5125//5127 3699//3701 3704//3706
f 4879//4881 5127//5129 5125//5127 4878//4880
f 5126//5128 5125//5127 5127//5129 5128//5130
f 5119//5121 5129//5131 5130//5132 5122//5124
f 5131//5133 5130//5132 5129//5131 5132//5134
f 5128//5130 5127//5129 5130//5132 5131//5133
f 5122//5124 5130//5132 5127//5129 4879//4881
f 5128//5130 5133//5135 5134//5136 5126//5128
f 5135//5137 5134//5136 5133//5135 5136//5138
f 4581//4583 4580//4582 5134//5136 5135//5137
f 5126//5128 5134//5136 4580//4582 3696//3698
f 5132//5134 5137//5139 5138//5140 5131//5133
f 5139//5141 5138//5140 5137//5139 5140//5142
f 5136//5138 5133//5135 5138//5140 5139//5141
f 5131//5133 5138//5140 5133//5135 5128//5130
f 5116//5118 5141//5143 5142//5144 5123//5125
f 5137//5139 5142//5144 5141//5143 5140//5142
f 5132//5134 5129//5131 5142//5144 5137//5139
f 5123//5125 5142//5144 5129//5131 5119//5121
f 5143//5145 5141//5143 5116//5118 5113//5115
f 5144//5146 5143//5145 5113//5115 5112//5114
f 5143//5145 5144//5146 5145//5147
f 5141//5143 5143//5145 5146//5148 5140//5142
f 5147//5149 5148//5150 5149//5151
f 5150//5152 5145//5147 5144//5146
f 5112//5114 5109//5111 5147//5149 5144//5146
f 5109//5111 5108//5110 5148//5150
f 5151//5153 5152//5154 5106//5108 5101//5103
f 5153//5155 5152//5154 5151//5153 1899//1899
f 5148//5150 5152//5154 5153//5155 5149//5151
f 5152//5154 5148//5150 5108//5110
f 5151//5153 5154//5156 1900//1900 1899//1899
f 5101//5103 5103//5105 5154//5156 5151//5153
f 1847//1847 1900//1900 5154//5156 5103//5105
f 5149//5151 5153//5155 5155//5157 5156//5158
f 1907//1907 5155//5157 5153//5155 1899//1899
f 1906//1906 5157//5159 5155//5157 1907//1907
f 5156//5158 5155//5157 5157//5159 5158//5160
f 5158//5160 5159//5161 5160//5162 5156//5158
f 5161//5163 5160//5162 5159//5161 5162//5164
f 5145//5147 5150//5152 5160//5162 5161//5163
f 5156//5158 5160//5162 5150//5152 5149//5151
f 5158//5160 5157//5159 5163//5165 5159//5161
f 1915//1915 5163//5165 5157//5159 1906//1906
f 5163//5165 1915//1915 1914//1914 5164//5166
f 5159//5161 5163//5165 5164//5166 5162//5164
f 5146//5148 5145//5147 5161//5163
f 5162//5164 5165//5167 5166//5168 5161//5163
f 5165//5167 5167//5169 5168//5170
f 5168//5170 5140//5142 5146//5148
f 1914//1914 1921//1921 5169//5171 5164//5166
f 5170//5172 5169//5171 1921//1921 1925//1925
f 5171//5173 5172//5174 5169//5171 5170//5172
f 5164//5166 5169//5171 5172//5174 5162//5164
f 5170//5172 5173//5175 5174//5176 5171//5173
f 1925//1925 1929//1929 5173//5175 5170//5172
f 1930//1930 5173//5175 1929//1929
f 5173//5175 1930//1930 1928//1928
f 5171//5173 5174//5176 5175//5177 5176//5178
f 1936//1936 5175//5177 5174//5176 1928//1928
f 1935//1935 5177//5179 5175//5177 1936//1936
f 5176//5178 5175//5177 5177//5179 5178//5180
f 5171//5173 5176//5178 5179//5181 5172//5174
f 5176//5178 5178//5180 5180//5182
f 5179//5181 5180//5182 5167//5169
f 5172//5174 5179//5181 5165//5167 5162//5164
f 5178//5180 5177//5179 5181//5183 5182//5184
f 1942//1942 5181//5183 5177//5179 1935//1935
f 1941//1941 5182//5184 5181//5183 1942//1942
f 1944//1944 5183//5185 5182//5184 1941//1941
f 5184//5186 5183//5185 1944//1944 1948//1948
f 5185//5187 5186//5188 5183//5185 5184//5186
f 5182//5184 5183//5185 5186//5188 5178//5180
f 5187//5189 5188//5190 5189//5191 5190//5192
f 1953//1953 5189//5191 5188//5190 1954//1954
f 5189//5191 1953//1953 1346//1346
f 5189//5191 4607//4609 4596//4598 5190//5192
f 5191//5193 5192//5194 5193//5195 5194//5196
f 5195//5197 5193//5195 5192//5194 5196//5198
f 1959//1959 1961//1961 5193//5195 5195//5197
f 5193//5195 1961//1961 1954//1954
f 5187//5189 5197//5199 5198//5200 5188//5190
f 5199//5201 5198//5200 5197//5199 5200//5202
f 5191//5193 5194//5196 5198//5200 5199//5201
f 5188//5190 5198//5200 5194//5196 1954//1954
f 5187//5189 5190//5192 5201//5203 5197//5199
f 5190//5192 4596//4598 4599//4601
f 5202//5204 5201//5203 4599//4601 4587//4589
f 5200//5202 5197//5199 5201//5203 5202//5204
f 5191//5193 5199//5201 5203//5205 5192//5194
f 5204//5206 5203//5205 5199//5201 5200//5202
f 5205//5207 5206//5208 5203//5205 5204//5206
f 5196//5198 5192//5194 5203//5205 5206//5208
f 5207//5209 5208//5210 5209//5211 5210//5212
f 5202//5204 5209//5211 5208//5210 5200//5202
f 4587//4589 4584//4586 5209//5211 5202//5204
f 5210//5212 5209//5211 4584//4586 4583//4585
f 5211//5213 5212//5214 5213//5215 5214//5216
f 1981//1981 5212//5214 5211//5213 1982//1982
f 5195//5197 5212//5214 1981//1981 1959//1959
f 5196//5198 5213//5215 5212//5214 5195//5197
f 5215//5217 5216//5218 5217//5219 5218//5220
f 5204//5206 5217//5219 5216//5218 5205//5207
f 5200//5202 5208//5210 5217//5219 5204//5206
f 5218//5220 5217//5219 5208//5210 5207//5209
f 5205//5207 5216//5218 5219//5221 5206//5208
f 5220//5222 5219//5221 5216//5218 5215//5217
f 5214//5216 5213//5215 5219//5221 5220//5222
f 5206//5208 5219//5221 5213//5215 5196//5198
f 5221//5223 5222//5224 5223//5225 5224//5226
f 1993//1993 5223//5225 5222//5224 1994//1994
f 1982//1982 5211//5213 5223//5225 1993//1993
f 5224//5226 5223//5225 5211//5213 5214//5216
f 5225//5227 5226//5228 5227//5229 5228//5230
f 5210//5212 5227//5229 5226//5228 5207//5209
f 4583//4585 4578//4580 5227//5229 5210//5212
f 4578//4580 4581//4583 5228//5230
f 1994//1994 5222//5224 5229//5231 1999//1999
f 5230//5232 5229//5231 5222//5224 5221//5223
f 5229//5231 5230//5232 5185//5187 5184//5186
f 1999//1999 5229//5231 5184//5186 1948//1948
f 5231//5233 5168//5170 5167//5169
f 5232//5234 5231//5233 5233//5235 5234//5236
f 5139//5141 5231//5233 5232//5234 5136//5138
f 5140//5142 5168//5170 5231//5233 5139//5141
f 5235//5237 5236//5238 5237//5239 5238//5240
f 5218//5220 5237//5239 5236//5238 5215//5217
f 5207//5209 5226//5228 5237//5239 5218//5220
f 5238//5240 5237//5239 5226//5228 5225//5227
f 5228//5230 4581//4583 5135//5137
f 5136//5138 5232//5234 5239//5241 5135//5137
f 5239//5241 5232//5234 5234//5236
f 5240//5242 5225//5227 5228//5230
f 5241//5243 5242//5244 5240//5242 5234//5236
f 5235//5237 5238//5240 5242//5244 5241//5243
f 5225//5227 5240//5242 5242//5244 5238//5240
f 5243//5245 5180//5182 5178//5180
f 5244//5246 5243//5245 5186//5188 5185//5187
f 5234//5236 5233//5235 5243//5245 5244//5246
f 5233//5235 5167//5169 5180//5182
f 5241//5243 5245//5247 5246//5248 5235//5237
f 5245//5247 5241//5243 5234//5236 5244//5246
f 5185//5187 5230//5232 5245//5247 5244//5246
f 5246//5248 5245//5247 5230//5232 5221//5223
f 5215//5217 5236//5238 5247//5249 5220//5222
f 5246//5248 5247//5249 5236//5238 5235//5237
f 5221//5223 5224//5226 5247//5249 5246//5248
f 5220//5222 5247//5249 5224//5226 5214//5216
f 3937//3939 5248//5250 5249//5251 3936//3938
f 5250//5252 5249//5251 5248//5250 5251//5253
f 5249//5251 5250//5252 4845//4847
f 3936//3938 5249//5251 4844//4846 3797//3799
f 3941//3943 5252//5254 5253//5255 3938//3940
f 5254//5256 5253//5255 5252//5254 5255//5257
f 5251//5253 5248//5250 5253//5255 5254//5256
f 3938//3940 5253//5255 5248//5250 3937//3939
f 5084//5086 4845//4847 5256//5258
f 5257//5259 5258//5260 5256//5258 5259//5261
f 5089//5091 5087//5089 5258//5260 5257//5259
f 4885//4887 5084//5086 5258//5260 5087//5089
f 5259//5261 5260//5262 5261//5263 5257//5259
f 5262//5264 5261//5263 5260//5262 5263//5265
f 5093//5095 5090//5092 5261//5263 5262//5264
f 5257//5259 5261//5263 5090//5092 5089//5091
f 5263//5265 5264//5266 5265//5267 5262//5264
f 5266//5268 5265//5267 5264//5266 2038//2038
f 5097//5099 5094//5096 5265//5267 5266//5268
f 5262//5264 5265//5267 5094//5096 5093//5095
f 2040//2040 5267//5269 5266//5268 2038//2038
f 1849//1849 5104//5106 5267//5269 2040//2040
f 5266//5268 5267//5269 5104//5106 5097//5099
f 5251//5253 5268//5270 5269//5271 5250//5252
f 5268//5270 5270//5272 5271//5273
f 5269//5271 5271//5273 5259//5261
f 5250//5252 5269//5271 5256//5258 4845//4847
f 5272//5274 5273//5275 5254//5256 5255//5257
f 5274//5276 5273//5275 5272//5274 5275//5277
f 5273//5275 5274//5276 5270//5272
f 5254//5256 5273//5275 5268//5270 5251//5253
f 5276//5278 5271//5273 5270//5272
f 5277//5279 5278//5280 5276//5278 5279//5281
f 5263//5265 5260//5262 5276//5278 5278//5280
f 5271//5273 5276//5278 5260//5262 5259//5261
f 2053//2053 2056//2056 5280//5282 5281//5283
f 5264//5266 5280//5282 2056//2056 2038//2038
f 5280//5282 5264//5266 5263//5265
f 5281//5283 5280//5282 5278//5280 5277//5279
f 5255//5257 5252//5254 5282//5284 5272//5274
f 5283//5285 5282//5284 5252//5254 3941//3943
f 5284//5286 5285//5287 5282//5284 5283//5285
f 5272//5274 5282//5284 5285//5287 5275//5277
f 3941//3943 3943//3945 5286//5288 5283//5285
f 5287//5289 5286//5288 3943//3945 3942//3944
f 5288//5290 5289//5291 5286//5288 5287//5289
f 5283//5285 5286//5288 5289//5291 5284//5286
f 3946//3948 5290//5292 5291//5293 3947//3949
f 5292//5294 5291//5293 5290//5292 5293//5295
f 5288//5290 5287//5289 5291//5293 5292//5294
f 3942//3944 3947//3949 5291//5293 5287//5289
f 3960//3962 5294//5296 5295//5297 3961//3963
f 5296//5298 5295//5297 5294//5296 5297//5299
f 5298//5300 5299//5301 5295//5297 5296//5298
f 3961//3963 5295//5297 5299//5301 3955//3957
f 3964//3966 5300//5302 5301//5303 3965//3967
f 5302//5304 5301//5303 5300//5302 5303//5305
f 5297//5299 5294//5296 5301//5303 5302//5304
f 3965//3967 5301//5303 5294//5296 3960//3962
f 5304//5306 5305//5307 2081//2081 2080//2080
f 2084//2084 5306//5308 5304//5306 2080//2080
f 5302//5304 5304//5306 5306//5308 5297//5299
f 5302//5304 5303//5305 5305//5307
f 3964//3966 3969//3971 5307//5309 5300//5302
f 5308//5310 5307//5309 3969//3971 3968//3970
f 5309//5311 5310//5312 5307//5309 5308//5310
f 5310//5312 5303//5305 5300//5302
f 5311//5313 5312//5314 5310//5312 5309//5311
f 2092//2092 2091//2091 5312//5314 5311//5313
f 5312//5314 2091//2091 2081//2081 5305//5307
f 5303//5305 5310//5312 5312//5314 5305//5307
f 3968//3970 3973//3975 5313//5315 5308//5310
f 5314//5316 5313//5315 3973//3975 3972//3974
f 5315//5317 5316//5318 5313//5315 5314//5316
f 5308//5310 5313//5315 5316//5318 5309//5311
f 5309//5311 5316//5318 5317//5319 5311//5313
f 5318//5320 5317//5319 5316//5318 5315//5317
f 2099//2099 2098//2098 5317//5319 5318//5320
f 5311//5313 5317//5319 2098//2098 2092//2092
f 5319//5321 5314//5316 3972//3974
f 3977//3979 3976//3978 5320//5322
f 5321//5323 5322//5324 5319//5321 5320//5322
f 5314//5316 5319//5321 5322//5324 5315//5317
f 3953//3955 5323//5325 5324//5326 3952//3954
f 5325//5327 5324//5326 5323//5325 5326//5328
f 5293//5295 5290//5292 5324//5326 5325//5327
f 3952//3954 5324//5326 5290//5292 3946//3948
f 3955//3957 5299//5301 5327//5329 3956//3958
f 5328//5330 5327//5329 5299//5301 5298//5300
f 5326//5328 5323//5325 5327//5329 5328//5330
f 3956//3958 5327//5329 5323//5325 3953//3955
f 5297//5299 5306//5308 5329//5331 5296//5298
f 2114//2114 5329//5331 5306//5308 2084//2084
f 2113//2113 5330//5332 5329//5331 2114//2114
f 5296//5298 5329//5331 5330//5332 5298//5300
f 2115//2115 5331//5333 5332//5334 2116//2116
f 5292//5294 5332//5334 5331//5333 5288//5290
f 5293//5295 5333//5335 5332//5334 5292//5294
f 2116//2116 5332//5334 5333//5335 2120//2120
f 5326//5328 5334//5336 5335//5337 5325//5327
f 2123//2123 5335//5337 5334//5336 2124//2124
f 2120//2120 5333//5335 5335//5337 2123//2123
f 5325//5327 5335//5337 5333//5335 5293//5295
f 5298//5300 5330//5332 5336//5338 5328//5330
f 2126//2126 5336//5338 5330//5332 2113//2113
f 2124//2124 5334//5336 5336//5338 2126//2126
f 5328//5330 5336//5338 5334//5336 5326//5328
f 5284//5286 5337//5339 5338//5340 5285//5287
f 5339//5341 5338//5340 5337//5339 2132//2132
f 5340//5342 5341//5343 5338//5340 5339//5341
f 5285//5287 5338//5340 5341//5343 5275//5277
f 5275//5277 5341//5343 5342//5344 5274//5276
f 5343//5345 5342//5344 5341//5343 5340//5342
f 5279//5281 5342//5344 5343//5345 5277//5279
f 5274//5276 5342//5344 5279//5281 5270//5272
f 5277//5279 5343//5345 5344//5346 5281//5283
f 5345//5347 5344//5346 5343//5345 5340//5342
f 2137//2137 2136//2136 5344//5346 5345//5347
f 5281//5283 5344//5346 2136//2136 2053//2053
f 5340//5342 5339//5341 5346//5348 5345//5347
f 2140//2140 5346//5348 5339//5341 2132//2132
f 2137//2137 5345//5347 5346//5348 2140//2140
f 5347//5349 5337//5339 5284//5286 5289//5291
f 5331//5333 5347//5349 5289//5291 5288//5290
f 5347//5349 5331//5333 2115//2115 2142//2142
f 5337//5339 5347//5349 2142//2142 2132//2132
f 5348//5350 5349//5351 5350//5352 5351//5353
f 5352//5354 5350//5352 5349//5351 5353//5355
f 4183//4185 4180//4182 5350//5352 5352//5354
f 5351//5353 5350//5352 4180//4182 4173//4175
f 5352//5354 5354//5356 4194//4196 4183//4185
f 5354//5356 5352//5354 5353//5355 5355//5357
f 5356//5358 5357//5359 5354//5356 5355//5357
f 4194//4196 5354//5356 5357//5359 4197//4199
f 4197//4199 5357//5359 5358//5360 4206//4208
f 5359//5361 5358//5360 5357//5359 5356//5358
f 5360//5362 5361//5363 5358//5360 5359//5361
f 4206//4208 5358//5360 5361//5363 4209//4211
f 4209//4211 5361//5363 5362//5364 4228//4230
f 5363//5365 5362//5364 5361//5363 5360//5362
f 5364//5366 5362//5364 5363//5365 5365//5367
f 4204//4206 4228//4230 5362//5364 5364//5366
f 2161//2161 5366//5368 5367//5369 2162//2162
f 5351//5353 5367//5369 5366//5368 5348//5350
f 4173//4175 4172//4174 5367//5369 5351//5353
f 2162//2162 5367//5369 4172//4174 881//881
f 5366//5368 2161//2161 2165//2165
f 5368//5370 5369//5371 2165//2165 2170//2170
f 5370//5372 5369//5371 5368//5370 5371//5373
f 5369//5371 5370//5372 5348//5350
f 5371//5373 5372//5374 5373//5375 5370//5372
f 5374//5376 5373//5375 5372//5374 5375//5377
f 5353//5355 5349//5351 5373//5375 5374//5376
f 5370//5372 5373//5375 5349//5351 5348//5350
f 5376//5378 5377//5379 5378//5380 5379//5381
f 5355//5357 5378//5380 5377//5379 5356//5358
f 5374//5376 5378//5380 5355//5357 5353//5355
f 5379//5381 5378//5380 5374//5376 5375//5377
f 5380//5382 5381//5383 5382//5384 5383//5385
f 5359//5361 5382//5384 5381//5383 5360//5362
f 5356//5358 5377//5379 5382//5384 5359//5361
f 5383//5385 5382//5384 5377//5379 5376//5378
f 5384//5386 5385//5387 5386//5388 5387//5389
f 5365//5367 5363//5365 5385//5387 5384//5386
f 5360//5362 5381//5383 5385//5387 5363//5365
f 5386//5388 5385//5387 5381//5383 5380//5382
f 2170//2170 2188//2188 5388//5390 5368//5370
f 5389//5391 5388//5390 2188//2188 2190//2190
f 5375//5377 5372//5374 5388//5390 5389//5391
f 5368//5370 5388//5390 5372//5374 5371//5373
f 5390//5392 5391//5393 5392//5394 5393//5395
f 5379//5381 5392//5394 5391//5393 5376//5378
f 5375//5377 5389//5391 5392//5394 5379//5381
f 5393//5395 5392//5394 5389//5391 2190//2190
f 2195//2195 5394//5396 5395//5397 2196//2196
f 5390//5392 5393//5395 5395//5397 5394//5396
f 2196//2196 5395//5397 5393//5395 2190//2190
f 5396//5398 5397//5399 5398//5400 5399//5401
f 5383//5385 5398//5400 5397//5399 5380//5382
f 5376//5378 5391//5393 5398//5400 5383//5385
f 5399//5401 5398//5400 5391//5393 5390//5392
f 2203//2203 5400//5402 5401//5403 2204//2204
f 5399//5401 5401//5403 5400//5402 5396//5398
f 5390//5392 5394//5396 5401//5403 5399//5401
f 2204//2204 5401//5403 5394//5396 2195//2195
f 5402//5404 5403//5405 5397//5399 5396//5398
f 5404//5406 5403//5405 5402//5404 5405//5407
f 5387//5389 5386//5388 5403//5405 5404//5406
f 5380//5382 5397//5399 5403//5405 5386//5388
f 5406//5408 5407//5409 2211//2211 2214//2214
f 5405//5407 5402//5404 5407//5409 5406//5408
f 5396//5398 5400//5402 5407//5409 5402//5404
f 2211//2211 5407//5409 5400//5402 2203//2203
f 2214//2214 2216//2216 5408//5410 5406//5408
f 5409//5411 5408//5410 2216//2216 2220//2220
f 5410//5412 5411//5413 5408//5410 5409//5411
f 5406//5408 5408//5410 5411//5413 5405//5407
f 5404//5406 5412//5414 5413//5415 5387//5389
f 5405//5407 5411//5413 5412//5414 5404//5406
f 5410//5412 5414//5416 5412//5414 5411//5413
f 5413//5415 5412//5414 5414//5416 5415//5417
f 2220//2220 2226//2226 5416//5418 5409//5411
f 5417//5419 5416//5418 2226//2226 2228//2228
f 5415//5417 5414//5416 5416//5418 5417//5419
f 5409//5411 5416//5418 5414//5416 5410//5412
f 5415//5417 5418//5420 5419//5421 5413//5415
f 5420//5422 5419//5421 5418//5420 5421//5423
f 5384//5386 5419//5421 5420//5422 5365//5367
f 5413//5415 5419//5421 5384//5386 5387//5389
f 5365//5367 5420//5422 5422//5424 5364//5366
f 5423//5425 5422//5424 5420//5422 5421//5423
f 4101//4103 4205//4207 5422//5424 5423//5425
f 5364//5366 5422//5424 4205//4207 4204//4206
f 2228//2228 2236//2236 5424//5426 5417//5419
f 5425//5427 5424//5426 2236//2236 2238//2238
f 5421//5423 5418//5420 5424//5426 5425//5427
f 5417//5419 5424//5426 5418//5420 5415//5417
f 4101//4103 5423//5425 5426//5428 4096//4098
f 5427//5429 5426//5428 5423//5425 5421//5423
f 5428//5430 5429//5431 5426//5428 5427//5429
f 4096//4098 5426//5428 5429//5431 3986//3988
f 2243//2243 5430//5432 5431//5433 2244//2244
f 5427//5429 5431//5433 5430//5432 5428//5430
f 5425//5427 5431//5433 5427//5429 5421//5423
f 5431//5433 5425//5427 2238//2238 2244//2244
f 3986//3988 5429//5431 5432//5434 3980//3982
f 5433//5435 5432//5434 5429//5431 5428//5430
f 5434//5436 5435//5437 5432//5434 5433//5435
f 3980//3982 5432//5434 5435//5437 3981//3983
f 3981//3983 5435//5437 5436//5438 3988//3990
f 5437//5439 5436//5438 5435//5437 5434//5436
f 5321//5323 5320//5322 5436//5438 5437//5439
f 3988//3990 5436//5438 5320//5322 3976//3978
f 5428//5430 5430//5432 5438//5440 5433//5435
f 2256//2256 5438//5440 5430//5432 2243//2243
f 2255//2255 5439//5441 5438//5440 2256//2256
f 5433//5435 5438//5440 5439//5441 5434//5436
f 5315//5317 5322//5324 5440//5442 5318//5320
f 5441//5443 5440//5442 5322//5324 5321//5323
f 5440//5442 5441//5443 2259//2259 2258//2258
f 5318//5320 5440//5442 2258//2258 2099//2099
f 5434//5436 5439//5441 5442//5444 5437//5439
f 2262//2262 5442//5444 5439//5441 2255//2255
f 2259//2259 5441//5443 5442//5444 2262//2262
f 5437//5439 5442//5444 5441//5443 5321//5323
f 4007//4009 5443//5445 5444//5446 4006//4008
f 5443//5445 4698//4700 4696//4698
f 4061//4063 4059//4061 5444//5446 4696//4698
f 4006//4008 5444//5446 4059//4061 4000//4002
f 4031//4033 5445//5447 5446//5448 4029//4031
f 5447//5449 5446//5448 5445//5447 5448//5450
f 5446//5448 5447//5449 4007//4009
f 4003//4005 4005//4007 4029//4031
f 4825//4827 5449//5451 5450//5452 4823//4825
f 5451//5453 5450//5452 5449//5451 5452//5454
f 5448//5450 5445//5447 5450//5452 5451//5453
f 4823//4825 5450//5452 5445//5447 4031//4033
f 4837//4839 5453//5455 5454//5456 4836//4838
f 5455//5457 5454//5456 5453//5455 5456//5458
f 5452//5454 5449//5451 5454//5456 5455//5457
f 4836//4838 5454//5456 5449//5451 4825//4827
f 4841//4843 5457//5459 5458//5460 4839//4841
f 5459//5461 5458//5460 5457//5459 5460//5462
f 5456//5458 5453//5455 5458//5460 5459//5461
f 4839//4841 5458//5460 5453//5455 4837//4839
f 5461//5463 5462//5464 5463//5465
f 5464//5466 4700//4702 4703//4705
f 5461//5463 4703//4705 4684//4686
f 4699//4701 4698//4700 5462//5464
f 4700//4702 5464//5466 5465//5467 4707//4709
f 5466//5468 5465//5467 5464//5466 5463//5465
f 5467//5469 5468//5470 5465//5467 5466//5468
f 4707//4709 5465//5467 5468//5470 4704//4706
f 5469//5471 5447//5449 5448//5450
f 5470//5472 5471//5473 5472//5474
f 5469//5471 5472//5474 4698//4700
f 5443//5445 4007//4009 5447//5449
f 5451//5453 5473//5475 5470//5472 5448//5450
f 5452//5454 5474//5476 5473//5475 5451//5453
f 5475//5477 5476//5478 5473//5475 5474//5476
f 5470//5472 5473//5475 5476//5478 5471//5473
f 5455//5457 5477//5479 5474//5476 5452//5454
f 5456//5458 5478//5480 5477//5479 5455//5457
f 5479//5481 5477//5479 5478//5480 5480//5482
f 5474//5476 5477//5479 5479//5481 5475//5477
f 5460//5462 5481//5483 5482//5484 5459//5461
f 5482//5484 5481//5483 5483//5485 5484//5486
f 5480//5482 5478//5480 5482//5484 5484//5486
f 5459//5461 5482//5484 5478//5480 5456//5458
f 5485//5487 5486//5488 5487//5489 5488//5490
f 5489//5491 5487//5489 5486//5488 5490//5492
f 5484//5486 5487//5489 5489//5491 5480//5482
f 5488//5490 5487//5489 5484//5486 5483//5485
f 5475//5477 5479//5481 5491//5493 5492//5494
f 5491//5493 5479//5481 5480//5482 5489//5491
f 5490//5492 5493//5495 5491//5493 5489//5491
f 5492//5494 5491//5493 5493//5495 5494//5496
f 4711//4713 5495//5497 5496//5498 4710//4712
f 5497//5499 5496//5498 5495//5497 5498//5500
f 4093//4095 4691//4693 5496//5498 5497//5499
f 4710//4712 5496//5498 4691//4693 4690//4692
f 5467//5469 5499//5501 5500//5502 5468//5470
f 5495//5497 5500//5502 5499//5501 5498//5500
f 4711//4713 4709//4711 5500//5502 5495//5497
f 5468//5470 5500//5502 4709//4711 4704//4706
f 5501//5503 5497//5499 5498//5500
f 5502//5504 4715//4717 4712//4714
f 4095//4097 4094//4096 5501//5503 4712//4714
f 5497//5499 5501//5503 4094//4096 4093//4095
f 5503//5505 5466//5468 5463//5465
f 5504//5506 5505//5507 5506//5508
f 5498//5500 5499//5501 5503//5505 5506//5508
f 5466//5468 5503//5505 5499//5501 5467//5469
f 5507//5509 5472//5474 5471//5473
f 5508//5510 5505//5507 5504//5506
f 5507//5509 5504//5506 5463//5465
f 5462//5464 4698//4700 5472//5474
f 5494//5496 5509//5511 5510//5512 5492//5494
f 5508//5510 5510//5512 5509//5511 5505//5507
f 5471//5473 5476//5478 5510//5512 5508//5510
f 5492//5494 5510//5512 5476//5478 5475//5477
f 5505//5507 5511//5513 5512//5514 5506//5508
f 5513//5515 5512//5514 5511//5513 5514//5516
f 5512//5514 5513//5515 4715//4717
f 5502//5504 5498//5500 5506//5508
f 5515//5517 5516//5518 5517//5519 5518//5520
f 4749//4751 5516//5518 5515//5517 4750//4752
f 5516//5518 4749//4751 4720//4722
f 4719//4721 4716//4718 5517//5519
f 5519//5521 4714//4716 4715//4717
f 5520//5522 5519//5521 5513//5515 5514//5516
f 5519//5521 5520//5522 5518//5520
f 5517//5519 4716//4718 4714//4716
f 5521//5523 5515//5517 5518//5520
f 5522//5524 5521//5523 5523//5525 5524//5526
f 4759//4761 4756//4758 5521//5523 5522//5524
f 5515//5517 5521//5523 4756//4758 4750//4752
f 5524//5526 5525//5527 5526//5528 5522//5524
f 5527//5529 5526//5528 5525//5527 5528//5530
f 5526//5528 5527//5529 4755//4757 4761//4763
f 5522//5524 5526//5528 4761//4763 4759//4761
f 4755//4757 5527//5529 5529//5531 4754//4756
f 5530//5532 5529//5531 5527//5529 5528//5530
f 4681//4683 4733//4735 5529//5531 5530//5532
f 4754//4756 5529//5531 4733//4735 4732//4734
f 5530//5532 5531//5533 4680//4682 4681//4683
f 5528//5530 5532//5534 5531//5533 5530//5532
f 5533//5535 5531//5533 5532//5534 5534//5536
f 4680//4682 5531//5533 5533//5535 4676//4678
f 4676//4678 5533//5535 5535//5537 4677//4679
f 5535//5537 5533//5535 5534//5536 5536//5538
f 5537//5539 5538//5540 5535//5537 5536//5538
f 4677//4679 5535//5537 5538//5540 4673//4675
f 4673//4675 5538//5540 5539//5541 4672//4674
f 5540//5542 5539//5541 5538//5540 5537//5539
f 5541//5543 5542//5544 5539//5541 5540//5542
f 5542//5544 4669//4671 4672//4674
f 5543//5545 5544//5546 5542//5544 5541//5543
f 5545//5547 5544//5546 5543//5545 5546//5548
f 4664//4666 4668//4670 5544//5546 5545//5547
f 4669//4671 5542//5544 5544//5546 4668//4670
f 5546//5548 5547//5549 5548//5550 5545//5547
f 5549//5551 5548//5550 5547//5549 5550//5552
f 4660//4662 4665//4667 5548//5550 5549//5551
f 5545//5547 5548//5550 4665//4667 4664//4666
f 5550//5552 5551//5553 5552//5554 5549//5551
f 5551//5553 5553//5555 5554//5556
f 5552//5554 5554//5556 4655//4657
f 5549//5551 5552//5554 4661//4663 4660//4662
f 5555//5557 5556//5558 5557//5559 5558//5560
f 5514//5516 5511//5513 5557//5559 5556//5558
f 5511//5513 5505//5507 5558//5560
f 5559//5561 5560//5562 5561//5563 5562//5564
f 5558//5560 5561//5563 5560//5562 5555//5557
f 5505//5507 5509//5511 5561//5563 5558//5560
f 5562//5564 5561//5563 5509//5511 5494//5496
f 5563//5565 5564//5566 5565//5567 5566//5568
f 5562//5564 5565//5567 5564//5566 5559//5561
f 5494//5496 5493//5495 5565//5567 5562//5564
f 5566//5568 5565//5567 5493//5495 5490//5492
f 5567//5569 5568//5570 5569//5571 5570//5572
f 5566//5568 5568//5570 5567//5569 5563//5565
f 5490//5492 5486//5488 5568//5570 5566//5568
f 5568//5570 5486//5488 5485//5487
f 5571//5573 5520//5522 5514//5516
f 5556//5558 5555//5557 5572//5574
f 5572//5574 5573//5575 5574//5576
f 5574//5576 5518//5520 5520//5522
f 5575//5577 5574//5576 5573//5575
f 5576//5578 5575//5577 5577//5579 5578//5580
f 5524//5526 5523//5525 5575//5577 5576//5578
f 5523//5525 5518//5520 5574//5576
f 5578//5580 5579//5581 5580//5582 5576//5578
f 5581//5583 5580//5582 5579//5581 5582//5584
f 5528//5530 5525//5527 5580//5582 5581//5583
f 5576//5578 5580//5582 5525//5527 5524//5526
f 5582//5584 5583//5585 5584//5586 5581//5583
f 5585//5587 5584//5586 5583//5585 5586//5588
f 5534//5536 5532//5534 5584//5586 5585//5587
f 5581//5583 5584//5586 5532//5534 5528//5530
f 5586//5588 5587//5589 5588//5590 5585//5587
f 5589//5591 5588//5590 5587//5589 5590//5592
f 5536//5538 5588//5590 5589//5591 5537//5539
f 5585//5587 5588//5590 5536//5538 5534//5536
f 5591//5593 5592//5594 5593//5595 5594//5596
f 5540//5542 5593//5595 5592//5594 5541//5543
f 5537//5539 5589//5591 5593//5595 5540//5542
f 5594//5596 5593//5595 5589//5591 5590//5592
f 5595//5597 5596//5598 5597//5599 5598//5600
f 5543//5545 5597//5599 5596//5598 5546//5548
f 5541//5543 5592//5594 5597//5599 5543//5545
f 5598//5600 5597//5599 5592//5594 5591//5593
f 5599//5601 5600//5602 5601//5603 5602//5604
f 5547//5549 5601//5603 5600//5602 5550//5552
f 5546//5548 5596//5598 5601//5603 5547//5549
f 5602//5604 5601//5603 5596//5598 5595//5597
f 5603//5605 5604//5606 5605//5607 5606//5608
f 5551//5553 5605//5607 5604//5606 5553//5555
f 5550//5552 5600//5602 5605//5607 5551//5553
f 5606//5608 5605//5607 5600//5602 5599//5601
f 2429//2429 5607//5609 5608//5610 2430//2430
f 5609//5611 5607//5609 2429//2429 2432//2432
f 5603//5605 5606//5608 5607//5609 5609//5611
f 5599//5601 5608//5610 5607//5609 5606//5608
f 5610//5612 5611//5613 5612//5614 5613//5615
f 5614//5616 5612//5614 5611//5613 2438//2438
f 5598//5600 5612//5614 5614//5616 5595//5597
f 5613//5615 5612//5614 5598//5600 5591//5593
f 5595//5597 5614//5616 5615//5617 5602//5604
f 2440//2440 5615//5617 5614//5616 2438//2438
f 2430//2430 5608//5610 5615//5617 2440//2440
f 5602//5604 5615//5617 5608//5610 5599//5601
f 5616//5618 5617//5619 5618//5620 5619//5621
f 5613//5615 5618//5620 5617//5619 5610//5612
f 5591//5593 5594//5596 5618//5620 5613//5615
f 5619//5621 5618//5620 5594//5596 5590//5592
f 5610//5612 5617//5619 5620//5622 5611//5613
f 5621//5623 5620//5622 5617//5619 5616//5618
f 2447//2447 2446//2446 5620//5622 5621//5623
f 5611//5613 5620//5622 2446//2446 2438//2438
f 5622//5624 5623//5625 5624//5626 5625//5627
f 5619//5621 5624//5626 5623//5625 5616//5618
f 5590//5592 5587//5589 5624//5626 5619//5621
f 5625//5627 5624//5626 5587//5589 5586//5588
f 5616//5618 5623//5625 5626//5628 5621//5623
f 5627//5629 5626//5628 5623//5625 5622//5624
f 5626//5628 5627//5629 2455//2455 2454//2454
f 5621//5623 5626//5628 2454//2454 2447//2447
f 5628//5630 5629//5631 5630//5632 5631//5633
f 5625//5627 5630//5632 5629//5631 5622//5624
f 5586//5588 5583//5585 5630//5632 5625//5627
f 5631//5633 5630//5632 5583//5585 5582//5584
f 5628//5630 5632//5634 5633//5635 5629//5631
f 2463//2463 5633//5635 5632//5634 2464//2464
f 2455//2455 5627//5629 5633//5635 2463//2463
f 5633//5635 5627//5629 5622//5624 5629//5631
f 5582//5584 5579//5581 5634//5636 5631//5633
f 5635//5637 5634//5636 5579//5581 5578//5580
f 5634//5636 5635//5637 5636//5638
f 5631//5633 5634//5636 5637//5639 5628//5630
f 5636//5638 5638//5640 5639//5641 5637//5639
f 2471//2471 5639//5641 5638//5640 2472//2472
f 2464//2464 5632//5634 5639//5641 2471//2471
f 5637//5639 5639//5641 5632//5634 5628//5630
f 5640//5642 5641//5643 5642//5644 5643//5645
f 5641//5643 5636//5638 5635//5637
f 5578//5580 5577//5579 5642//5644 5635//5637
f 5577//5579 5573//5575 5643//5645
f 5641//5643 5640//5642 5644//5646
f 2479//2479 5645//5647 5644//5646 2480//2480
f 2472//2472 5638//5640 5645//5647 2479//2479
f 5638//5640 5636//5638 5641//5643
f 5646//5648 5647//5649 5648//5650 5649//5651
f 5643//5645 5648//5650 5647//5649 5640//5642
f 5573//5575 5572//5574 5648//5650 5643//5645
f 5649//5651 5648//5650 5572//5574 5555//5557
f 5640//5642 5647//5649 5650//5652 5644//5646
f 5651//5653 5650//5652 5647//5649 5646//5648
f 2487//2487 2486//2486 5650//5652 5651//5653
f 5644//5646 5650//5652 2486//2486 2480//2480
f 5555//5557 5560//5562 5652//5654 5649//5651
f 5653//5655 5652//5654 5560//5562 5559//5561
f 5654//5656 5655//5657 5652//5654 5653//5655
f 5649//5651 5652//5654 5655//5657 5646//5648
f 5646//5648 5655//5657 5656//5658 5651//5653
f 5657//5659 5656//5658 5655//5657 5654//5656
f 2495//2495 2494//2494 5656//5658 5657//5659
f 5651//5653 5656//5658 2494//2494 2487//2487
f 5559//5561 5564//5566 5658//5660 5653//5655
f 5659//5661 5658//5660 5564//5566 5563//5565
f 5660//5662 5661//5663 5658//5660 5659//5661
f 5653//5655 5658//5660 5661//5663 5654//5656
f 5654//5656 5661//5663 5662//5664 5657//5659
f 5663//5665 5662//5664 5661//5663 5660//5662
f 2503//2503 2502//2502 5662//5664 5663//5665
f 5657//5659 5662//5664 2502//2502 2495//2495
f 5563//5565 5567//5569 5664//5666 5659//5661
f 5665//5667 5664//5666 5567//5569 5570//5572
f 5666//5668 5667//5669 5664//5666 5665//5667
f 5659//5661 5664//5666 5667//5669 5660//5662
f 5660//5662 5667//5669 5668//5670 5663//5665
f 5669//5671 5668//5670 5667//5669 5666//5668
f 2512//2512 2510//2510 5668//5670 5669//5671
f 5663//5665 5668//5670 2510//2510 2503//2503
f 1150//1150 2514//2514 5670//5672 4414//4416
f 5671//5673 5670//5672 2514//2514 2518//2518
f 5672//5674 5673//5675 5670//5672 5671//5673
f 4414//4416 5670//5672 5673//5675 4415//4417
f 5674//5676 5675//5677 5676//5678 5677//5679
f 5678//5680 5675//5677 5674//5676 5679//5681
f 2523//2523 5675//5677 5678//5680 2524//2524
f 2522//2522 5676//5678 5675//5677 2523//2523
f 5680//5682 5681//5683 5682//5684 5683//5685
f 5684//5686 5682//5684 5681//5683 5685//5687
f 5686//5688 5687//5689 5682//5684 5684//5686
f 5683//5685 5682//5684 5687//5689 5688//5690
f 2518//2518 2538//2538 5689//5691 5671//5673
f 5689//5691 2538//2538 2524//2524 5678//5680
f 5679//5681 5690//5692 5689//5691 5678//5680
f 5671//5673 5689//5691 5690//5692 5672//5674
f 5672//5674 5690//5692 5691//5693 5692//5694
f 5693//5695 5691//5693 5690//5692 5679//5681
f 5694//5696 5695//5697 5691//5693 5693//5695
f 5692//5694 5691//5693 5695//5697 5696//5698
f 5696//5698 5695//5697 5697//5699 5698//5700
f 5699//5701 5697//5699 5695//5697 5694//5696
f 5680//5682 5683//5685 5697//5699 5699//5701
f 5698//5700 5697//5699 5683//5685 5688//5690
f 5700//5702 5701//5703 5702//5704 5703//5705
f 5702//5704 5701//5703 5704//5706 5705//5707
f 5457//5459 5702//5704 5705//5707 5460//5462
f 5703//5705 5702//5704 5457//5459 4841//4843
f 5686//5688 5706//5708 5707//5709 5687//5689
f 5708//5710 5707//5709 5706//5708 5709//5711
f 5710//5712 5707//5709 5708//5710 5711//5713
f 5688//5690 5687//5689 5707//5709 5710//5712
f 5712//5714 5713//5715 5714//5716 5715//5717
f 5712//5714 5716//5718 5717//5719
f 5713//5715 5717//5719 4797//4799
f 4794//4796 4784//4786 5714//5716
f 4770//4772 5718//5720 5719//5721 4783//4785
f 5720//5722 5719//5721 5718//5720 5721//5723
f 5714//5716 5719//5721 5720//5722 5715//5717
f 4783//4785 5719//5721 5714//5716 4784//4786
f 3526//3528 3537//3539 5722//5724 4773//4775
f 5723//5725 5722//5724 3537//3539 3536//3538
f 5721//5723 5718//5720 5722//5724 5723//5725
f 4773//4775 5722//5724 5718//5720 4770//4772
f 3536//3538 5724//5726 5725//5727 5723//5725
f 5726//5728 5725//5727 5724//5726 5727//5729
f 5728//5730 5729//5731 5725//5727 5726//5728
f 5723//5725 5725//5727 5729//5731 5721//5723
f 5721//5723 5729//5731 5730//5732 5720//5722
f 5731//5733 5730//5732 5729//5731 5728//5730
f 5732//5734 5733//5735 5730//5732 5731//5733
f 5733//5735 5715//5717 5720//5722
f 5732//5734 5734//5736 5735//5737 5733//5735
f 5736//5738 5735//5737 5734//5736 5737//5739
f 5738//5740 5739//5741 5735//5737 5736//5738
f 5733//5735 5735//5737 5739//5741 5715//5717
f 5736//5738 5740//5742 5741//5743 5738//5740
f 5737//5739 5742//5744 5740//5742 5736//5738
f 5743//5745 5740//5742 5742//5744 5744//5746
f 5741//5743 5740//5742 5743//5745 5709//5711
f 5711//5713 5708//5710 5745//5747 5746//5748
f 5743//5745 5745//5747 5708//5710 5709//5711
f 5744//5746 5747//5749 5745//5747 5743//5745
f 5746//5748 5745//5747 5747//5749 5748//5750
f 4342//4344 5749//5751 5750//5752 4341//4343
f 5751//5753 5750//5752 5749//5751 5748//5750
f 5752//5754 5753//5755 5750//5752 5751//5753
f 4341//4343 5750//5752 5753//5755 4302//4304
f 5754//5756 5755//5757 5756//5758
f 5757//5759 5752//5754 5751//5753
f 5748//5750 5747//5749 5754//5756 5751//5753
f 5755//5757 5754//5756 5747//5749 5744//5746
f 5758//5760 5759//5761 5760//5762 5761//5763
f 5703//5705 5760//5762 5759//5761 5700//5702
f 4841//4843 4840//4842 5760//5762 5703//5705
f 5761//5763 5760//5762 4840//4842 4832//4834
f 5762//5764 5763//5765 5764//5766 5765//5767
f 5701//5703 5764//5766 5763//5765 5704//5706
f 5700//5702 5766//5768 5764//5766 5701//5703
f 5765//5767 5764//5766 5766//5768 5767//5769
f 5768//5770 5769//5771 5770//5772 5771//5773
f 5765//5767 5770//5772 5769//5771 5762//5764
f 5767//5769 5772//5774 5770//5772 5765//5767
f 5771//5773 5770//5772 5772//5774 5685//5687
f 5773//5775 5774//5776 5775//5777 5776//5778
f 5766//5768 5775//5777 5774//5776 5767//5769
f 5700//5702 5759//5761 5775//5777 5766//5768
f 5776//5778 5775//5777 5759//5761 5758//5760
f 5684//5686 5777//5779 5778//5780 5686//5688
f 5685//5687 5772//5774 5777//5779 5684//5686
f 5779//5781 5777//5779 5772//5774 5767//5769
f 5778//5780 5777//5779 5779//5781 5780//5782
f 5738//5740 5781//5783 5782//5784 5739//5741
f 5783//5785 5782//5784 5781//5783 5780//5782
f 5716//5718 5712//5714 5782//5784 5783//5785
f 5715//5717 5739//5741 5782//5784 5712//5714
f 5709//5711 5706//5708 5784//5786 5741//5743
f 5778//5780 5784//5786 5706//5708 5686//5688
f 5780//5782 5781//5783 5784//5786 5778//5780
f 5741//5743 5784//5786 5781//5783 5738//5740
f 5785//5787 5717//5719 5716//5718
f 5786//5788 5785//5787 5787//5789 5788//5790
f 4809//4811 4806//4808 5785//5787 5786//5788
f 5717//5719 5785//5787 4806//4808 4797//4799
f 5788//5790 5789//5791 5790//5792 5786//5788
f 5791//5793 5790//5792 5789//5791 5792//5794
f 4821//4823 4820//4822 5790//5792 5791//5793
f 5786//5788 5790//5792 4820//4822 4809//4811
f 5793//5795 5791//5793 5792//5794
f 5761//5763 5793//5795 5794//5796 5758//5760
f 5793//5795 5761//5763 4832//4834
f 5791//5793 5793//5795 4830//4832 4821//4823
f 5795//5797 5796//5798 5797//5799 5798//5800
f 5792//5794 5789//5791 5796//5798 5795//5797
f 5788//5790 5797//5799 5796//5798 5789//5791
f 5758//5760 5794//5796 5799//5801 5776//5778
f 5795//5797 5799//5801 5794//5796 5792//5794
f 5798//5800 5800//5802 5799//5801 5795//5797
f 5776//5778 5799//5801 5800//5802 5773//5775
f 5773//5775 5800//5802 5801//5803 5774//5776
f 5802//5804 5801//5803 5800//5802 5798//5800
f 5780//5782 5779//5781 5801//5803 5802//5804
f 5774//5776 5801//5803 5779//5781 5767//5769
f 5798//5800 5797//5799 5803//5805 5802//5804
f 5787//5789 5803//5805 5797//5799 5788//5790
f 5783//5785 5803//5805 5787//5789 5716//5718
f 5802//5804 5803//5805 5783//5785 5780//5782
f 3631//3633 5804//5806 5805//5807 3630//3632
f 5806//5808 5805//5807 5804//5806 5807//5809
f 3595//3597 3592//3594 5805//5807 5806//5808
f 3630//3632 5805//5807 3592//3594 3591//3593
f 3671//3673 5808//5810 5809//5811 3670//3672
f 5810//5812 5809//5811 5808//5810 5811//5813
f 5807//5809 5804//5806 5809//5811 5810//5812
f 3670//3672 5809//5811 5804//5806 3631//3633
f 5812//5814 5813//5815 5814//5816 5815//5817
f 5808//5810 5814//5816 5813//5815 5811//5813
f 3671//3673 4296//4298 5814//5816 5808//5810
f 5815//5817 5814//5816 4296//4298 4295//4297
f 5816//5818 5817//5819 5818//5820 5819//5821
f 5815//5817 5818//5820 5817//5819 5812//5814
f 4295//4297 4304//4306 5818//5820 5815//5817
f 5819//5821 5818//5820 4304//4306 4303//4305
f 5820//5822 5821//5823 5822//5824
f 5823//5825 5822//5824 5756//5758
f 5823//5825 5755//5757 5744//5746
f 5742//5744 5737//5739 5820//5822
f 5824//5826 5825//5827 5826//5828 5827//5829
f 5825//5827 5821//5823 5820//5822
f 5826//5828 5820//5822 5737//5739
f 5827//5829 5826//5828 5734//5736 5732//5734
f 5828//5830 5829//5831 5830//5832 5831//5833
f 4299//4301 5830//5832 5829//5831 4303//4305
f 4302//4304 5753//5755 5830//5832 4299//4301
f 5831//5833 5830//5832 5753//5755 5752//5754
f 5821//5823 5832//5834 5833//5835 5822//5824
f 5831//5833 5833//5835 5832//5834 5828//5830
f 5752//5754 5757//5759 5833//5835 5831//5833
f 5822//5824 5833//5835 5757//5759 5756//5758
f 5834//5836 5835//5837 5836//5838 5837//5839
f 5819//5821 5836//5838 5835//5837 5816//5818
f 4303//4305 5829//5831 5836//5838 5819//5821
f 5837//5839 5836//5838 5829//5831 5828//5830
f 5728//5730 5838//5840 5839//5841 5731//5733
f 5840//5842 5839//5841 5838//5840 5841//5843
f 5824//5826 5827//5829 5839//5841 5840//5842
f 5731//5733 5839//5841 5827//5829 5732//5734
f 5842//5844 5825//5827 5824//5826
f 5843//5845 5842//5844 5844//5846 5845//5847
f 5828//5830 5832//5834 5842//5844 5843//5845
f 5832//5834 5821//5823 5825//5827
f 5845//5847 5846//5848 5847//5849 5843//5845
f 5848//5850 5849//5851 5847//5849 5846//5848
f 5837//5839 5847//5849 5849//5851 5834//5836
f 5843//5845 5847//5849 5837//5839 5828//5830
f 5726//5728 5850//5852 5838//5840 5728//5730
f 5851//5853 5850//5852 5726//5728 5727//5729
f 5841//5843 5838//5840 5850//5852 5851//5853
f 5840//5842 5852//5854 5844//5846 5824//5826
f 5841//5843 5853//5855 5852//5854 5840//5842
f 5854//5856 5852//5854 5853//5855 5855//5857
f 5845//5847 5844//5846 5852//5854 5854//5856
f 5855//5857 5856//5858 5857//5859 5854//5856
f 5858//5860 5857//5859 5856//5858 5859//5861
f 5846//5848 5857//5859 5858//5860 5848//5850
f 5854//5856 5857//5859 5846//5848 5845//5847
f 5860//5862 5861//5863 5862//5864 5863//5865
f 3594//3596 5862//5864 5861//5863 3535//3537
f 3595//3597 5864//5866 5862//5864 3594//3596
f 5863//5865 5862//5864 5864//5866 5865//5867
f 3535//3537 5861//5863 5866//5868 3534//3536
f 5867//5869 5866//5868 5861//5863 5860//5862
f 5727//5729 5724//5726 5866//5868 5867//5869
f 3534//3536 5866//5868 5724//5726 3536//3538
f 5727//5729 5868//5870 5869//5871 5851//5853
f 5870//5872 5869//5871 5868//5870 5871//5873
f 5855//5857 5853//5855 5869//5871 5870//5872
f 5851//5853 5869//5871 5853//5855 5841//5843
f 5871//5873 5872//5874 5873//5875 5870//5872
f 5874//5876 5873//5875 5872//5874 5875//5877
f 5859//5861 5856//5858 5873//5875 5874//5876
f 5870//5872 5873//5875 5856//5858 5855//5857
f 5807//5809 5876//5878 5877//5879 5806//5808
f 5878//5880 5877//5879 5876//5878 5879//5881
f 5865//5867 5864//5866 5877//5879 5878//5880
f 5806//5808 5877//5879 5864//5866 3595//3597
f 5860//5862 5880//5882 5881//5883 5867//5869
f 5882//5884 5881//5883 5880//5882 5883//5885
f 5871//5873 5868//5870 5881//5883 5882//5884
f 5867//5869 5881//5883 5868//5870 5727//5729
f 5865//5867 5878//5880 5884//5886 5863//5865
f 5885//5887 5884//5886 5878//5880 5879//5881
f 5883//5885 5880//5882 5884//5886 5885//5887
f 5863//5865 5884//5886 5880//5882 5860//5862
f 5883//5885 5886//5888 5887//5889 5882//5884
f 5888//5890 5887//5889 5886//5888 5889//5891
f 5875//5877 5872//5874 5887//5889 5888//5890
f 5882//5884 5887//5889 5872//5874 5871//5873
f 5879//5881 5890//5892 5891//5893 5885//5887
f 5892//5894 5891//5893 5890//5892 5893//5895
f 5889//5891 5886//5888 5891//5893 5892//5894
f 5885//5887 5891//5893 5886//5888 5883//5885
f 5811//5813 5894//5896 5895//5897 5810//5812
f 5896//5898 5895//5897 5894//5896 5897//5899
f 5879//5881 5876//5878 5895//5897 5896//5898
f 5810//5812 5895//5897 5876//5878 5807//5809
f 5813//5815 5898//5900 5894//5896 5811//5813
f 5899//5901 5898//5900 5813//5815 5812//5814
f 5900//5902 5901//5903 5898//5900 5899//5901
f 5897//5899 5894//5896 5898//5900 5901//5903
f 5897//5899 5902//5904 5903//5905 5896//5898
f 5904//5906 5903//5905 5902//5904 5905//5907
f 5893//5895 5890//5892 5903//5905 5904//5906
f 5896//5898 5903//5905 5890//5892 5879//5881
f 5812//5814 5817//5819 5906//5908 5899//5901
f 5907//5909 5906//5908 5817//5819 5816//5818
f 5908//5910 5909//5911 5906//5908 5907//5909
f 5899//5901 5906//5908 5909//5911 5900//5902
f 5910//5912 5911//5913 5901//5903 5900//5902
f 5912//5914 5913//5915 5911//5913 5910//5912
f 5905//5907 5902//5904 5911//5913 5913//5915
f 5901//5903 5911//5913 5902//5904 5897//5899
f 5816//5818 5835//5837 5914//5916 5907//5909
f 5915//5917 5914//5916 5835//5837 5834//5836
f 5916//5918 5917//5919 5914//5916 5915//5917
f 5907//5909 5914//5916 5917//5919 5908//5910
f 5918//5920 5919//5921 5920//5922 5921//5923
f 5910//5912 5920//5922 5919//5921 5912//5914
f 5900//5902 5909//5911 5920//5922 5910//5912
f 5921//5923 5920//5922 5909//5911 5908//5910
f 5922//5924 5923//5925 5924//5926 5925//5927
f 5915//5917 5924//5926 5923//5925 5916//5918
f 5834//5836 5849//5851 5924//5926 5915//5917
f 5925//5927 5924//5926 5849//5851 5848//5850
f 5926//5928 5927//5929 5928//5930 5929//5931
f 5925//5927 5928//5930 5927//5929 5922//5924
f 5848//5850 5858//5860 5928//5930 5925//5927
f 5859//5861 5929//5931 5928//5930 5858//5860
f 5908//5910 5917//5919 5930//5932 5921//5923
f 5931//5933 5930//5932 5917//5919 5916//5918
f 5932//5934 5933//5935 5930//5932 5931//5933
f 5921//5923 5930//5932 5933//5935 5918//5920
f 5875//5877 5934//5936 5935//5937 5874//5876
f 5936//5938 5935//5937 5934//5936 5937//5939
f 5926//5928 5929//5931 5935//5937 5936//5938
f 5874//5876 5935//5937 5929//5931 5859//5861
f 5938//5940 5939//5941 5940//5942
f 5931//5933 5938//5940 5941//5943 5932//5934
f 5916//5918 5923//5925 5938//5940 5931//5933
f 5939//5941 5938//5940 5923//5925 5922//5924
f 5937//5939 5942//5944 5943//5945 5936//5938
f 5939//5941 5943//5945 5942//5944 5940//5942
f 5922//5924 5927//5929 5943//5945 5939//5941
f 5936//5938 5943//5945 5927//5929 5926//5928
f 5889//5891 5944//5946 5945//5947 5888//5890
f 5946//5948 5945//5947 5944//5946 5947//5949
f 5937//5939 5934//5936 5945//5947 5946//5948
f 5888//5890 5945//5947 5934//5936 5875//5877
f 5893//5895 5948//5950 5949//5951 5892//5894
f 5950//5952 5949//5951 5948//5950 5951//5953
f 5947//5949 5944//5946 5949//5951 5950//5952
f 5892//5894 5949//5951 5944//5946 5889//5891
f 5947//5949 5952//5954 5953//5955 5946//5948
f 5942//5944 5953//5955 5952//5954 5940//5942
f 5946//5948 5953//5955 5942//5944 5937//5939
f 5951//5953 5954//5956 5955//5957 5950//5952
f 5956//5958 5955//5957 5954//5956 5957//5959
f 5940//5942 5952//5954 5955//5957 5956//5958
f 5950//5952 5955//5957 5952//5954 5947//5949
f 5956//5958 5958//5960 5941//5943 5940//5942
f 5957//5959 5959//5961 5958//5960 5956//5958
f 5960//5962 5961//5963 5958//5960 5959//5961
f 5941//5943 5958//5960 5961//5963 5932//5934
f 5962//5964 5963//5965 5959//5961 5957//5959
f 5964//5966 5965//5967 5963//5965 5962//5964
f 5966//5968 5967//5969 5963//5965 5965//5967
f 5959//5961 5963//5965 5967//5969 5960//5962
f 5932//5934 5961//5963 5968//5970 5933//5935
f 5969//5971 5968//5970 5961//5963 5960//5962
f 5970//5972 5968//5970 5969//5971 5971//5973
f 5918//5920 5933//5935 5968//5970 5970//5972
f 5971//5973 5972//5974 5973//5975 5970//5972
f 5974//5976 5973//5975 5972//5974 5975//5977
f 5912//5914 5919//5921 5973//5975 5974//5976
f 5970//5972 5973//5975 5919//5921 5918//5920
f 5976//5978 5977//5979 5978//5980
f 5976//5978 5979//5981 5964//5966
f 5957//5959 5954//5956 5976//5978 5962//5964
f 5977//5979 5976//5978 5954//5956 5951//5953
f 5905//5907 5980//5982 5981//5983 5904//5906
f 5977//5979 5981//5983 5980//5982 5978//5980
f 5951//5953 5948//5950 5981//5983 5977//5979
f 5904//5906 5981//5983 5948//5950 5893//5895
f 5975//5977 5982//5984 5983//5985 5974//5976
f 5978//5980 5980//5982 5983//5985 5982//5984
f 5913//5915 5983//5985 5980//5982 5905//5907
f 5974//5976 5983//5985 5913//5915 5912//5914
f 5984//5986 5985//5987 5986//5988
f 5987//5989 5978//5980 5982//5984
f 5975//5977 5972//5974 5984//5986 5982//5984
f 5985//5987 5984//5986 5972//5974 5971//5973
f 5964//5966 5979//5981 5988//5990 5965//5967
f 5987//5989 5988//5990 5979//5981 5978//5980
f 5988//5990 5987//5989 5986//5988
f 5965//5967 5988//5990 5989//5991 5966//5968
f 5966//5968 5989//5991 5990//5992 5967//5969
f 5990//5992 5989//5991 5986//5988 5985//5987
f 5971//5973 5969//5971 5990//5992 5985//5987
f 5967//5969 5990//5992 5969//5971 5960//5962
f 5991//5993 5992//5994 5993//5995
f 4358//4360 5991//5993 5994//5996 4359//4361
f 4355//4357 4371//4373 5991//5993 4358//4360
f 5992//5994 5991//5993 4371//4373 4374//4376
f 4436//4438 5995//5997 5996//5998 4437//4439
f 5992//5994 5996//5998 5995//5997 5993//5995
f 4432//4434 5996//5998 5992//5994 4374//4376
f 4433//4435 4437//4439 5996//5998 4432//4434
f 5997//5999 4443//4445 4442//4444 5998//6000
f 5999//6001 5997//5999 5998//6000 6000//6002
f 5993//5995 5995//5997 5997//5999
f 4443//4445 5997//5999 5995//5997 4436//4438
f 4319//4321 4360//4362 6001//6003 4326//4328
f 6002//6004 6001//6003 4360//4362 4359//4361
f 6003//6005 6004//6006 6001//6003 6002//6004
f 4326//4328 6001//6003 6004//6006 4323//4325
f 4359//4361 5994//5996 6005//6007 6002//6004
f 6006//6008 6005//6007 5994//5996 5993//5995
f 6007//6009 6008//6010 6005//6007 6006//6008
f 6002//6004 6005//6007 6008//6010 6003//6005
f 6000//6002 6009//6011 6010//6012 5999//6001
f 6006//6008 6010//6012 6009//6011 6007//6009
f 6010//6012 6006//6008 5993//5995
f 4323//4325 6004//6006 6011//6013 4330//4332
f 6012//6014 6011//6013 6004//6006 6003//6005
f 6013//6015 6014//6016 6011//6013 6012//6014
f 4330//4332 6011//6013 6014//6016 4327//4329
f 4442//4444 4445//4447 6015//6017 5998//6000
f 6016//6018 6015//6017 4445//4447 4444//4446
f 6017//6019 6018//6020 6015//6017 6016//6018
f 6015//6017 6018//6020 6000//6002 5998//6000
f 6019//6021 6012//6014 6003//6005
f 6020//6022 6019//6021 6008//6010 6007//6009
f 6021//6023 6022//6024 6019//6021 6020//6022
f 6022//6024 6013//6015 6012//6014
f 6017//6019 6023//6025 6024//6026 6018//6020
f 6020//6022 6024//6026 6023//6025 6021//6023
f 6007//6009 6009//6011 6024//6026 6020//6022
f 6018//6020 6024//6026 6009//6011 6000//6002
f 6025//6027 6026//6028 6014//6016 6013//6015
f 6025//6027 6027//6029 6028//6030
f 4334//4336 4331//4333 6026//6028 6028//6030
f 6026//6028 4331//4333 4327//4329 6014//6016
f 4444//4446 4449//4451 6029//6031 6016//6018
f 6030//6032 6029//6031 4449//4451 4448//4450
f 6031//6033 6032//6034 6029//6031 6030//6032
f 6016//6018 6029//6031 6032//6034 6017//6019
f 6033//6035 6034//6036 6022//6024 6021//6023
f 6035//6037 6034//6036 6033//6035 6036//6038
f 6034//6036 6035//6037 6027//6029
f 6034//6036 6025//6027 6013//6015
f 6017//6019 6032//6034 6037//6039 6023//6025
f 6038//6040 6037//6039 6032//6034 6031//6033
f 6036//6038 6033//6035 6037//6039 6038//6040
f 6021//6023 6023//6025 6037//6039 6033//6035
f 6039//6041 6028//6030 6027//6029
f 6040//6042 6039//6041 6041//6043 6042//6044
f 4336//4338 4335//4337 6039//6041 6040//6042
f 6028//6030 6039//6041 4335//4337 4334//4336
f 6036//6038 6043//6045 6044//6046 6035//6037
f 6045//6047 6044//6046 6043//6045 6046//6048
f 6042//6044 6041//6043 6044//6046 6045//6047
f 6035//6037 6044//6046 6041//6043 6027//6029
f 6047//6049 6048//6050 6049//6051 6050//6052
f 5746//5748 6049//6051 6048//6050 5711//5713
f 5748//5750 5749//5751 6049//6051 5746//5748
f 6050//6052 6049//6051 5749//5751 4342//4344
f 6042//6044 6051//6053 6052//6054 6040//6042
f 6051//6053 6047//6049 6050//6052
f 4342//4344 4339//4341 6052//6054 6050//6052
f 6040//6042 6052//6054 4339//4341 4336//4338
f 6046//6048 6053//6055 6054//6056 6045//6047
f 6055//6057 6054//6056 6053//6055 6056//6058
f 6054//6056 6055//6057 6047//6049
f 6045//6047 6054//6056 6051//6053 6042//6044
f 4448//4450 4453//4455 6057//6059 6030//6032
f 6058//6060 6057//6059 4453//4455 4452//4454
f 6059//6061 6060//6062 6057//6059 6058//6060
f 6030//6032 6057//6059 6060//6062 6031//6033
f 6031//6033 6060//6062 6061//6063 6038//6040
f 6062//6064 6061//6063 6060//6062 6059//6061
f 6046//6048 6043//6045 6061//6063 6062//6064
f 6038//6040 6061//6063 6043//6045 6036//6038
f 5711//5713 6048//6050 6063//6065 5710//5712
f 6064//6066 6063//6065 6048//6050 6047//6049
f 6065//6067 6066//6068 6063//6065 6064//6066
f 5710//5712 6063//6065 6066//6068 5688//5690
f 5696//5698 6067//6069 6068//6070 5692//5694
f 6069//6071 6068//6070 6067//6069 6070//6072
f 4415//4417 5673//5675 6068//6070 6069//6071
f 5692//5694 6068//6070 5673//5675 5672//5674
f 6071//6073 6055//6057 6056//6058
f 6072//6074 6073//6075 6074//6076
f 6074//6076 6065//6067 6064//6066
f 6064//6066 6047//6049 6055//6057
f 6067//6069 6075//6077 6076//6078 6070//6072
f 5698//5700 6075//6077 6067//6069 5696//5698
f 5688//5690 6066//6068 6075//6077 5698//5700
f 6076//6078 6075//6077 6066//6068 6065//6067
f 6073//6075 6077//6079 6078//6080 6074//6076
f 6076//6078 6078//6080 6077//6079 6070//6072
f 6065//6067 6074//6076 6078//6080 6076//6078
f 4452//4454 6079//6081 6080//6082 6058//6060
f 6077//6079 6080//6082 6079//6081 6070//6072
f 6073//6075 6081//6083 6080//6082 6077//6079
f 6058//6060 6080//6082 6081//6083 6059//6061
f 4411//4413 4416//4418 6082//6084 4455//4457
f 6069//6071 6082//6084 4416//4418 4415//4417
f 6070//6072 6079//6081 6082//6084 6069//6071
f 4455//4457 6082//6084 6079//6081 4452//4454
f 6059//6061 6081//6083 6083//6085 6062//6064
f 6072//6074 6083//6085 6081//6083 6073//6075
f 6056//6058 6053//6055 6083//6085 6072//6074
f 6062//6064 6083//6085 6053//6055 6046//6048
f 6084//6086 6085//6087 4609//4611 4608//4610
f 6086//6088 6085//6087 6084//6086 6087//6089
f 2936//2936 2935//2935 6085//6087 6086//6088
f 4609//4611 6085//6087 2935//2935 1353//1353
f 6088//6090 6084//6086 4608//4610
f 4613//4615 4612//4614 6089//6091
f 6090//6092 6091//6093 6088//6090 6089//6091
f 6087//6089 6084//6086 6088//6090 6091//6093
f 6087//6089 6091//6093 6092//6094 6086//6088
f 6093//6095 6092//6094 6091//6093 6090//6092
f 2945//2945 2944//2944 6092//6094 6093//6095
f 6086//6088 6092//6094 2944//2944 2936//2936
f 6094//6096 6095//6097 4619//4621 4618//4620
f 6096//6098 6095//6097 6094//6096 6097//6099
f 6089//6091 6095//6097 6096//6098 6090//6092
f 4612//4614 4619//4621 6095//6097 6089//6091
f 6098//6100 4623//4625 4622//4624 4653//4655
f 6099//6101 6098//6100 4653//4655 4657//4659
f 6097//6099 6094//6096 6098//6100 6099//6101
f 6094//6096 4618//4620 4623//4625
f 4657//4659 6100//6102 6101//6103 6099//6101
f 6100//6102 2958//2958 2957//2957
f 2956//2956 6102//6104 6101//6103 2957//2957
f 6099//6101 6101//6103 6102//6104 6097//6099
f 6103//6105 5554//5556 5553//5555
f 6100//6102 6103//6105 6104//6106 2958//2958
f 4657//4659 4656//4658 6103//6105 6100//6102
f 5554//5556 6103//6105 4656//4658 4655//4657
f 2432//2432 2962//2962 6105//6107 5609//5611
f 6104//6106 6105//6107 2962//2962 2958//2958
f 5553//5555 5604//5606 6105//6107 6104//6106
f 5609//5611 6105//6107 5604//5606 5603//5605
f 6090//6092 6096//6098 6106//6108 6093//6095
f 6097//6099 6102//6104 6106//6108 6096//6098
f 6106//6108 6102//6104 2956//2956 2964//2964
f 6093//6095 6106//6108 2964//2964 2945//2945
f 6107//6109 6108//6110 6109//6111 6110//6112
f 5771//5773 6109//6111 6108//6110 5768//5770
f 5685//5687 5681//5683 6109//6111 5771//5773
f 6110//6112 6109//6111 5681//5683 5680//5682
f 6110//6112 6111//6113 6112//6114 6107//6109
f 5680//5682 5699//5701 6111//6113 6110//6112
f 5694//5696 6113//6115 6111//6113 5699//5701
f 6114//6116 6112//6114 6111//6113 6113//6115
f 5679//5681 5674//5676 6115//6117 5693//5695
f 5677//5679 6116//6118 6115//6117 5674//5676
f 6113//6115 6115//6117 6116//6118 6114//6116
f 5693//5695 6115//6117 6113//6115 5694//5696
f 2975//2975 6117//6119 6118//6120 2976//2976
f 6119//6121 6118//6120 6117//6119 6120//6122
f 6121//6123 6122//6124 6118//6120 6119//6121
f 2976//2976 6118//6120 6122//6124 2980//2980
f 6120//6122 6123//6125 6124//6126 6119//6121
f 6125//6127 6124//6126 6123//6125 6126//6128
f 6127//6129 6128//6130 6124//6126 6125//6127
f 6119//6121 6124//6126 6128//6130 6121//6123
f 6129//6131 6130//6132 6131//6133 6132//6134
f 6133//6135 6134//6136 6130//6132 6129//6131
f 6134//6136 6127//6129 6125//6127
f 6130//6132 6125//6127 6126//6128
f 6135//6137 6136//6138 6137//6139 6138//6140
f 6139//6141 6137//6139 6136//6138 6140//6142
f 6141//6143 6142//6144 6137//6139 6139//6141
f 6138//6140 6137//6139 6142//6144 6143//6145
f 6140//6142 6144//6146 6145//6147 6139//6141
f 6146//6148 6145//6147 6144//6146 6147//6149
f 6148//6150 6149//6151 6145//6147 6146//6148
f 6139//6141 6145//6147 6149//6151 6141//6143
f 6147//6149 6150//6152 6151//6153 6146//6148
f 6152//6154 6151//6153 6150//6152 6153//6155
f 6154//6156 6155//6157 6151//6153 6152//6154
f 6146//6148 6151//6153 6155//6157 6148//6150
f 6153//6155 6156//6158 6157//6159 6152//6154
f 6158//6160 6157//6159 6156//6158 6159//6161
f 6160//6162 6161//6163 6157//6159 6158//6160
f 6152//6154 6157//6159 6161//6163 6154//6156
f 6159//6161 6162//6164 6163//6165 6158//6160
f 3026//3026 6163//6165 6162//6164 3028//3028
f 3027//3027 6164//6166 6163//6165 3026//3026
f 6158//6160 6163//6165 6164//6166 6160//6162
f 3032//3032 3031//3031 6165//6167 6166//6168
f 5669//5671 6165//6167 3031//3031 2512//2512
f 5666//5668 6167//6169 6165//6167 5669//5671
f 6166//6168 6165//6167 6167//6169 6168//6170
f 6169//6171 6170//6172 6120//6122
f 3040//3040 6169//6171 6117//6119 2975//2975
f 3039//3039 6171//6173 6169//6171 3040//3040
f 6170//6172 6169//6171 6171//6173 6172//6174
f 3032//3032 6166//6168 6173//6175 3041//3041
f 6174//6176 6173//6175 6166//6168 6168//6170
f 6175//6177 6176//6178 6173//6175 6174//6176
f 3041//3041 6173//6175 6176//6178 3044//3044
f 6172//6174 6171//6173 6177//6179 6178//6180
f 3049//3049 6177//6179 6171//6173 3039//3039
f 3044//3044 6176//6178 6177//6179 3049//3049
f 6178//6180 6177//6179 6176//6178 6175//6177
f 6179//6181 6180//6182 6168//6170 6167//6169
f 5665//5667 6179//6181 6167//6169 5666//5668
f 6181//6183 6179//6181 5665//5667 5570//5572
f 6182//6184 6180//6182 6179//6181 6181//6183
f 6126//6128 6123//6125 6183//6185 6184//6186
f 6170//6172 6183//6185 6123//6125 6120//6122
f 6172//6174 6185//6187 6183//6185 6170//6172
f 6184//6186 6183//6185 6185//6187 6186//6188
f 6168//6170 6180//6182 6187//6189 6174//6176
f 6188//6190 6187//6189 6180//6182 6182//6184
f 6189//6191 6190//6192 6187//6189 6188//6190
f 6190//6192 6175//6177 6174//6176
f 6186//6188 6185//6187 6191//6193 6192//6194
f 6178//6180 6191//6193 6185//6187 6172//6174
f 6191//6193 6178//6180 6175//6177
f 6192//6194 6191//6193 6190//6192 6189//6191
f 5570//5572 5569//5571 6193//6195 6181//6183
f 6194//6196 6193//6195 5569//5571 5485//5487
f 6195//6197 6196//6198 6193//6195 6194//6196
f 6181//6183 6193//6195 6196//6198 6182//6184
f 6184//6186 6197//6199 6131//6133 6126//6128
f 6186//6188 6198//6200 6197//6199 6184//6186
f 6199//6201 6197//6199 6198//6200 6200//6202
f 6132//6134 6131//6133 6197//6199 6199//6201
f 6182//6184 6196//6198 6201//6203 6188//6190
f 6202//6204 6201//6203 6196//6198 6195//6197
f 6203//6205 6204//6206 6201//6203 6202//6204
f 6204//6206 6189//6191 6188//6190
f 6200//6202 6198//6200 6205//6207 6206//6208
f 6192//6194 6205//6207 6198//6200 6186//6188
f 6189//6191 6204//6206 6205//6207 6192//6194
f 6204//6206 6203//6205 6206//6208
f 6207//6209 6208//6210 6209//6211 6210//6212
f 5481//5483 6209//6211 6208//6210 5483//5485
f 5460//5462 5705//5707 6209//6211 5481//5483
f 6210//6212 6209//6211 5705//5707 5704//5706
f 6194//6196 6211//6213 6212//6214 6195//6197
f 5488//5490 6211//6213 6194//6196 5485//5487
f 5483//5485 6208//6210 6211//6213 5488//5490
f 6207//6209 6212//6214 6211//6213 6208//6210
f 6213//6215 6214//6216 6215//6217 6216//6218
f 6199//6201 6215//6217 6214//6216 6132//6134
f 6200//6202 6217//6219 6215//6217 6199//6201
f 6216//6218 6215//6217 6217//6219 6218//6220
f 6218//6220 6217//6219 6219//6221 6220//6222
f 6206//6208 6219//6221 6217//6219 6200//6202
f 6203//6205 6221//6223 6219//6221 6206//6208
f 6220//6222 6219//6221 6221//6223 6222//6224
f 6222//6224 6221//6223 6223//6225 6224//6226
f 6202//6204 6223//6225 6221//6223 6203//6205
f 6195//6197 6212//6214 6223//6225 6202//6204
f 6224//6226 6223//6225 6212//6214 6207//6209
f 6225//6227 6226//6228 6227//6229 6228//6230
f 6216//6218 6227//6229 6226//6228 6213//6215
f 6218//6220 6229//6231 6227//6229 6216//6218
f 6228//6230 6227//6229 6229//6231 6230//6232
f 6207//6209 6231//6233 6232//6234 6224//6226
f 6233//6235 6232//6234 6231//6233 6234//6236
f 6235//6237 6236//6238 6232//6234 6233//6235
f 6224//6226 6232//6234 6236//6238 6222//6224
f 6230//6232 6229//6231 6237//6239 6238//6240
f 6220//6222 6237//6239 6229//6231 6218//6220
f 6222//6224 6236//6238 6237//6239 6220//6222
f 6238//6240 6237//6239 6236//6238 6235//6237
f 6135//6137 6239//6241 6240//6242 6241//6243
f 6228//6230 6240//6242 6239//6241 6225//6227
f 6230//6232 6242//6244 6240//6242 6228//6230
f 6241//6243 6240//6242 6242//6244 6243//6245
f 6243//6245 6242//6244 6244//6246 6245//6247
f 6238//6240 6244//6246 6242//6244 6230//6232
f 6235//6237 6246//6248 6244//6246 6238//6240
f 6245//6247 6244//6246 6246//6248 6247//6249
f 6247//6249 6246//6248 6248//6250 6249//6251
f 6233//6235 6248//6250 6246//6248 6235//6237
f 6234//6236 6250//6252 6248//6250 6233//6235
f 6249//6251 6248//6250 6250//6252 6251//6253
f 6231//6233 6252//6254 6250//6252 6234//6236
f 6210//6212 6252//6254 6231//6233 6207//6209
f 6252//6254 6210//6212 5704//5706
f 6251//6253 6250//6252 6252//6254 6253//6255
f 6140//6142 6136//6138 6254//6256 6255//6257
f 6241//6243 6254//6256 6136//6138 6135//6137
f 6243//6245 6256//6258 6254//6256 6241//6243
f 6255//6257 6254//6256 6256//6258 6257//6259
f 6258//6260 6259//6261 6260//6262 6261//6263
f 6247//6249 6249//6251 6260//6262 6259//6261
f 6261//6263 6260//6262 6249//6251 6251//6253
f 6257//6259 6256//6258 6262//6264 6263//6265
f 6245//6247 6262//6264 6256//6258 6243//6245
f 6247//6249 6259//6261 6262//6264 6245//6247
f 6263//6265 6262//6264 6259//6261 6258//6260
f 6253//6255 6264//6266 6265//6267 6251//6253
f 5763//5765 6264//6266 6253//6255 5704//5706
f 6266//6268 6264//6266 5763//5765 5762//5764
f 6267//6269 6265//6267 6264//6266 6266//6268
f 6147//6149 6144//6146 6268//6270 6269//6271
f 6255//6257 6268//6270 6144//6146 6140//6142
f 6257//6259 6270//6272 6268//6270 6255//6257
f 6269//6271 6268//6270 6270//6272 6271//6273
f 6251//6253 6265//6267 6272//6274 6261//6263
f 6273//6275 6272//6274 6265//6267 6267//6269
f 6274//6276 6275//6277 6272//6274 6273//6275
f 6261//6263 6272//6274 6275//6277 6258//6260
f 6271//6273 6270//6272 6276//6278 6277//6279
f 6263//6265 6276//6278 6270//6272 6257//6259
f 6258//6260 6275//6277 6276//6278 6263//6265
f 6277//6279 6276//6278 6275//6277 6274//6276
f 6107//6109 6278//6280 6279//6281 6108//6110
f 6280//6282 6279//6281 6278//6280 6281//6283
f 5768//5770 6108//6110 6279//6281 6280//6282
f 6266//6268 6282//6284 6283//6285 6267//6269
f 5762//5764 5769//5771 6282//6284 6266//6268
f 6280//6282 6282//6284 5769//5771 5768//5770
f 6281//6283 6283//6285 6282//6284 6280//6282
f 6153//6155 6150//6152 6284//6286 6285//6287
f 6269//6271 6284//6286 6150//6152 6147//6149
f 6271//6273 6286//6288 6284//6286 6269//6271
f 6285//6287 6284//6286 6286//6288 6287//6289
f 6267//6269 6283//6285 6288//6290 6273//6275
f 6289//6291 6288//6290 6283//6285 6281//6283
f 6290//6292 6291//6293 6288//6290 6289//6291
f 6273//6275 6288//6290 6291//6293 6274//6276
f 6287//6289 6286//6288 6292//6294 6293//6295
f 6277//6279 6292//6294 6286//6288 6271//6273
f 6274//6276 6291//6293 6292//6294 6277//6279
f 6293//6295 6292//6294 6291//6293 6290//6292
f 6107//6109 6112//6114 6294//6296 6278//6280
f 6295//6297 6294//6296 6112//6114 6114//6116
f 6296//6298 6297//6299 6294//6296 6295//6297
f 6278//6280 6294//6296 6297//6299 6281//6283
f 6295//6297 6298//6300 6299//6301 6296//6298
f 6114//6116 6116//6118 6298//6300 6295//6297
f 5677//5679 6299//6301 6298//6300 6116//6118
f 6159//6161 6156//6158 6300//6302 6301//6303
f 6285//6287 6300//6302 6156//6158 6153//6155
f 6287//6289 6302//6304 6300//6302 6285//6287
f 6301//6303 6300//6302 6302//6304 6303//6305
f 6281//6283 6297//6299 6304//6306 6289//6291
f 6305//6307 6304//6306 6297//6299 6296//6298
f 6306//6308 6307//6309 6304//6306 6305//6307
f 6289//6291 6304//6306 6307//6309 6290//6292
f 6303//6305 6302//6304 6308//6310 6309//6311
f 6293//6295 6308//6310 6302//6304 6287//6289
f 6290//6292 6307//6309 6308//6310 6293//6295
f 6309//6311 6308//6310 6307//6309 6306//6308
f 5677//5679 5676//5678 6310//6312 6299//6301
f 3183//3183 6310//6312 5676//5678 2522//2522
f 3184//3184 6311//6313 6310//6312 3183//3183
f 6299//6301 6310//6312 6311//6313 6296//6298
f 3185//3185 6312//6314 6313//6315 3186//3186
f 6305//6307 6313//6315 6312//6314 6306//6308
f 6296//6298 6311//6313 6313//6315 6305//6307
f 3186//3186 6313//6315 6311//6313 3184//3184
f 3028//3028 6162//6164 6314//6316 3189//3189
f 6301//6303 6314//6316 6162//6164 6159//6161
f 6303//6305 6315//6317 6314//6316 6301//6303
f 3189//3189 6314//6316 6315//6317 3191//3191
f 3191//3191 6315//6317 6316//6318 3194//3194
f 6309//6311 6316//6318 6315//6317 6303//6305
f 6306//6308 6312//6314 6316//6318 6309//6311
f 3194//3194 6316//6318 6312//6314 3185//3185
f 6428//6319 6413//6320 6318//6321 6319//6322
f 6433//6323 6434//6324 6320//6325 6321//6326
f 6431//6327 6432//6328 6322//6329 6323//6330
f 6429//6331 6430//6332 6324//6333 6325//6334
f 6412//6335 6415//6336 6326//6337 6317//6338
f 6426//6339 6427//6340 6327//6341 6328//6342
f 6424//6343 6425//6344 6329//6345 6330//6346
f 6422//6347 6423//6348 6331//6349 6332//6350
f 6420//6351 6421//6352 6333//6353 6334//6354
f 6418//6355 6419//6356 6335//6357 6336//6358
f 6338//6359 6339//6360 6340//6361 6341//6362
f 6129//6131 6340//6361 6339//6360 6133//6135
f 6132//6134 6214//6216 6340//6361 6129//6131
f 6341//6362 6340//6361 6214//6216 6213//6215
f 6225//6227 6239//6241 6342//6363 6343//6364
f 6138//6140 6342//6363 6239//6241 6135//6137
f 6143//6145 6344//6365 6342//6363 6138//6140
f 6343//6364 6342//6363 6344//6365 6345//6366
f 6345//6366 6346//6367 6347//6368 6343//6364
f 6341//6362 6347//6368 6346//6367 6338//6359
f 6213//6215 6226//6228 6347//6368 6341//6362
f 6343//6364 6347//6368 6226//6228 6225//6227
f 6133//6135 6339//6360 6348//6369 6349//6370
f 6350//6371 6348//6369 6339//6360 6338//6359
f 6351//6372 6352//6373 6348//6369 6350//6371
f 6349//6370 6348//6369 6352//6373 6353//6374
f 2980//2980 6122//6124 6354//6375 3234//3215
f 6355//6376 6354//6375 6122//6124 6121//6123
f 6356//6377 6357//6378 6354//6375 6355//6376
f 3234//3215 6354//6375 6357//6378 3237//3218
f 3237//3218 6357//6378 6358//6379 3240//3221
f 6359//6380 6358//6379 6357//6378 6356//6377
f 6321//6326 6320//6325 6358//6379 6359//6380
f 3240//3221 6358//6379 6320//6325 3200//3224
f 6121//6123 6128//6130 6360//6381 6355//6376
f 6361//6382 6360//6381 6128//6130 6127//6129
f 6362//6383 6363//6384 6360//6381 6361//6382
f 6355//6376 6360//6381 6363//6384 6356//6377
f 6356//6377 6363//6384 6364//6385 6359//6380
f 6365//6386 6364//6385 6363//6384 6362//6383
f 6323//6330 6322//6329 6364//6385 6365//6386
f 6359//6380 6364//6385 6322//6329 6321//6326
f 6361//6382 6366//6387 6367//6388 6362//6383
f 6366//6387 6361//6382 6127//6129
f 6349//6370 6366//6387 6134//6136 6133//6135
f 6353//6374 6367//6388 6366//6387 6349//6370
f 6368//6389 6369//6390 6367//6388 6353//6374
f 6325//6334 6324//6333 6369//6390 6368//6389
f 6365//6386 6369//6390 6324//6333 6323//6330
f 6362//6383 6367//6388 6369//6390 6365//6386
f 6353//6374 6352//6373 6370//6391 6368//6389
f 6371//6392 6370//6391 6352//6373 6351//6372
f 6317//6338 6326//6337 6370//6391 6371//6392
f 6368//6389 6370//6391 6326//6337 6325//6334
f 6143//6145 6142//6144 6372//6393 6373//6394
f 6374//6395 6372//6393 6142//6144 6141//6143
f 6375//6396 6376//6397 6372//6393 6374//6395
f 6373//6394 6372//6393 6376//6397 6377//6398
f 6345//6366 6344//6365 6378//6399 6379//6400
f 6373//6394 6378//6399 6344//6365 6143//6145
f 6377//6398 6380//6401 6378//6399 6373//6394
f 6379//6400 6378//6399 6380//6401 6381//6402
f 6377//6398 6376//6397 6382//6403 6383//6404
f 6384//6405 6382//6403 6376//6397 6375//6396
f 6330//6346 6329//6345 6382//6403 6384//6405
f 6383//6404 6382//6403 6329//6345 6328//6342
f 6328//6342 6327//6341 6385//6406 6383//6404
f 6386//6407 6385//6406 6327//6341 6319//6322
f 6381//6402 6380//6401 6385//6406 6386//6407
f 6383//6404 6385//6406 6380//6401 6377//6398
f 6141//6143 6149//6151 6387//6408 6374//6395
f 6388//6409 6387//6408 6149//6151 6148//6150
f 6389//6410 6390//6411 6387//6408 6388//6409
f 6374//6395 6387//6408 6390//6411 6375//6396
f 6375//6396 6390//6411 6391//6412 6384//6405
f 6392//6413 6391//6412 6390//6411 6389//6410
f 6332//6350 6331//6349 6391//6412 6392//6413
f 6384//6405 6391//6412 6331//6349 6330//6346
f 6148//6150 6155//6157 6393//6414 6388//6409
f 6394//6415 6393//6414 6155//6157 6154//6156
f 6395//6416 6396//6417 6393//6414 6394//6415
f 6388//6409 6393//6414 6396//6417 6389//6410
f 6389//6410 6396//6417 6397//6418 6392//6413
f 6398//6419 6397//6418 6396//6417 6395//6416
f 6334//6354 6333//6353 6397//6418 6398//6419
f 6392//6413 6397//6418 6333//6353 6332//6350
f 6154//6156 6161//6163 6399//6420 6394//6415
f 6400//6421 6399//6420 6161//6163 6160//6162
f 6401//6422 6402//6423 6399//6420 6400//6421
f 6394//6415 6399//6420 6402//6423 6395//6416
f 6395//6416 6402//6423 6403//6424 6398//6419
f 6404//6425 6403//6424 6402//6423 6401//6422
f 6336//6358 6335//6357 6403//6424 6404//6425
f 6398//6419 6403//6424 6335//6357 6334//6354
f 6400//6421 6405//6426 6406//6427 6401//6422
f 6160//6162 6164//6166 6405//6426 6400//6421
f 3290//3289 6405//6426 6164//6166 3027//3027
f 3291//3290 6406//6427 6405//6426 3290//3289
f 3293//3292 6407//6428 6406//6427 3291//3290
f 3216//3294 6337//6429 6407//6428 3293//3292
f 6404//6425 6407//6428 6337//6429 6336//6358
f 6401//6422 6406//6427 6407//6428 6404//6425
f 6319//6322 6318//6321 6408//6430 6386//6407
f 6371//6392 6408//6430 6318//6321 6317//6338
f 6351//6372 6409//6431 6408//6430 6371//6392
f 6386//6407 6408//6430 6409//6431 6381//6402
f 6338//6359 6346//6367 6410//6432 6350//6371
f 6379//6400 6410//6432 6346//6367 6345//6366
f 6381//6402 6409//6431 6410//6432 6379//6400
f 6350//6371 6410//6432 6409//6431 6351//6372
f 13//13 12//12 14//14
f 7//7 39//39 42//42
f 29//29 28//28 47//47
f 45//45 47//47 28//28
f 55//55 54//54 56//56
f 57//57 56//56 58//58
f 48//48 60//60 58//58
f 62//62 60//60 48//48
f 63//63 61//61 60//60
f 66//66 64//64 62//62
f 65//65 64//64 67//67
f 41//41 40//40 94//94
f 135//135 133//133 132//132
f 57//57 154//154 153//153
f 181//181 180//180 190//190
f 191//191 190//190 192//192
f 193//193 192//192 194//194
f 34//34 30//30 382//382
f 2//2 382//382 30//30
f 389//389 391//391 395//395
f 397//397 399//399 398//398
f 395//395 399//399 397//397
f 431//431 437//437 436//436
f 462//462 461//461 463//463
f 467//467 468//468 465//465
f 472//472 471//471 468//468
f 474//474 473//473 462//462
f 484//484 481//481 485//485
f 472//472 485//485 481//481
f 467//467 487//487 485//485
f 486//486 485//485 487//487
f 488//488 487//487 489//489
f 492//492 491//491 493//493
f 494//494 493//493 495//495
f 500//500 499//499 501//501
f 552//552 553//553 550//550
f 537//537 550//550 553//553
f 538//538 553//553 558//558
f 559//559 558//558 553//553
f 570//570 571//571 568//568
f 551//551 568//568 571//571
f 579//579 578//578 580//580
f 584//584 585//585 582//582
f 381//381 398//398 582//582
f 574//574 588//588 586//586
f 598//598 599//599 596//596
f 55//55 153//153 596//596
f 615//615 614//614 480//480
f 620//620 624//624 622//622
f 624//624 623//623 625//625
f 629//629 627//627 626//626
f 625//625 623//623 627//627
f 660//660 661//661 658//658
f 659//659 664//664 662//662
f 663//663 662//662 664//664
f 668//668 669//669 666//666
f 458//458 669//669 670//670
f 671//671 670//670 669//669
f 460//460 670//670 673//673
f 680//680 681//681 678//678
f 686//686 688//688 684//684
f 705//705 704//704 706//706
f 703//703 709//709 706//706
f 701//701 716//716 265//265
f 705//705 717//717 716//716
f 685//685 684//684 736//736
f 737//737 736//736 684//684
f 747//747 748//748 737//737
f 698//698 753//753 762//762
f 801//801 805//805 800//800
f 803//803 805//805 801//801
f 833//833 836//836 840//840
f 865//865 864//864 855//855
f 904//904 903//903 892//892
f 925//925 930//930 929//929
f 933//933 934//934 931//931
f 925//925 934//934 935//935
f 936//936 935//935 934//934
f 937//937 938//938 935//935
f 930//930 935//935 938//938
f 952//952 950//950 947//947
f 961//961 968//968 967//967
f 969//969 968//968 951//951
f 914//914 970//970 962//962
f 918//918 957//957 970//970
f 1050//1050 1051//1051 1048//1048
f 1192//1192 1194//1194 1190//1190
f 583//583 1207//1207 1206//1206
f 1212//1212 1213//1213 1210//1210
f 1205//1205 1213//1213 1212//1212
f 1210//1210 1213//1213 599//599
f 1208//1208 1216//1216 1215//1215
f 1221//1221 1220//1220 1206//1206
f 1239//1239 1248//1248 579//579
f 595//595 594//594 1254//1254
f 1261//1261 1262//1262 1263//1263
f 1281//1281 1280//1280 1290//1290
f 1291//1291 1296//1296 1295//1295
f 1299//1299 1302//1302 1194//1194
f 1281//1281 1295//1295 1306//1306
f 1327//1327 1336//1336 1334//1334
f 1309//1309 1313//1313 1342//1342
f 1343//1343 1342//1342 1313//1313
f 1345//1345 1344//1344 1341//1341
f 1363//1363 1362//1362 1361//1361
f 1372//1372 1373//1373 1370//1370
f 1417//1417 1416//1416 1418//1418
f 767//767 1439//1439 1438//1438
f 1441//1441 1438//1438 1439//1439
f 1451//1451 1450//1450 1432//1432
f 1456//1456 1454//1454 825//825
f 1457//1457 1458//1458 1454//1454
f 1457//1457 1456//1456 1460//1460
f 861//861 1460//1460 1456//1456
f 1461//1461 1460//1460 1462//1462
f 1463//1463 1462//1462 1464//1464
f 1421//1421 1473//1473 1470//1470
f 1481//1481 1477//1477 1476//1476
f 1481//1481 1484//1484 1482//1482
f 1522//1522 1521//1521 1529//1529
f 1533//1533 1544//1544 1528//1528
f 1555//1555 1552//1552 1564//1564
f 1543//1543 1554//1554 1568//1568
f 1573//1573 1572//1572 1574//1574
f 1575//1575 1574//1574 1580//1580
f 502//502 501//501 1584//1584
f 1586//1586 1584//1584 501//501
f 1587//1587 1588//1588 1584//1584
f 1586//1586 1591//1591 1590//1590
f 1593//1593 1590//1590 1591//1591
f 1615//1615 1614//1614 1611//1611
f 1661//1661 1660//1660 1664//1664
f 1665//1665 1664//1664 1666//1666
f 1668//1668 1666//1666 1664//1664
f 1669//1669 1670//1670 1666//1666
f 1686//1686 1687//1687 1684//1684
f 1689//1689 1692//1692 1690//1690
f 1685//1685 1690//1690 1695//1695
f 1713//1713 1714//1714 1711//1711
f 1667//1667 1711//1711 1714//1714
f 1750//1750 1746//1746 1745//1745
f 1752//1752 1751//1751 1753//1753
f 1750//1750 1748//1748 1789//1789
f 1790//1790 1791//1791 1781//1781
f 1803//1803 1802//1802 1788//1788
f 1815//1815 1818//1818 1817//1817
f 1665//1665 1714//1714 1818//1818
f 1817//1817 1818//1818 1714//1714
f 1823//1823 1824//1824 1801//1801
f 1712//1712 1824//1824 1823//1823
f 1689//1689 1842//1842 1840//1840
f 1681//1681 1852//1852 1850//1850
f 1890//1890 1891//1891 1888//1888
f 1894//1894 1895//1895 1892//1892
f 1855//1855 1892//1892 1895//1895
f 1893//1893 1892//1892 1891//1891
f 1853//1853 1895//1895 1896//1896
f 1889//1889 1919//1919 1910//1910
f 1916//1916 1919//1919 1889//1889
f 1918//1918 1919//1919 1916//1916
f 1928//1928 1930//1930 1927//1927
f 1917//1917 1938//1938 1937//1937
f 1931//1931 1937//1937 1938//1938
f 1954//1954 1961//1961 1957//1957
f 1950//1950 1967//1967 1333//1333
f 1316//1316 1997//1997 1996//1996
f 1917//1917 1916//1916 2002//2002
f 1996//1996 2011//2011 1880//1880
f 2010//2010 2011//2011 1996//1996
f 2005//2005 2004//2004 2011//2011
f 1934//1934 1938//1938 2014//2014
f 2003//2003 2014//2014 1938//1938
f 1589//1589 2021//2021 2019//2019
f 1827//1827 2028//2028 2027//2027
f 2030//2030 2043//2043 2041//2041
f 2042//2042 2041//2041 2043//2043
f 2044//2044 2047//2047 2045//2045
f 2044//2044 2043//2043 2049//2049
f 2034//2034 2036//2036 2055//2055
f 2077//2077 2079//2079 2082//2082
f 2086//2086 2085//2085 2076//2076
f 676//676 2096//2096 2101//2101
f 679//679 2101//2101 2104//2104
f 2164//2164 2166//2166 2165//2165
f 2143//2143 2168//2168 2166//2166
f 2264//2264 2263//2263 1438//1438
f 708//708 2265//2265 732//732
f 710//710 2267//2267 2265//2265
f 2283//2283 2284//2284 2281//2281
f 1440//1440 2281//2281 2284//2284
f 1426//1426 1443//1443 2281//2281
f 2282//2282 2281//2281 1443//1443
f 2268//2268 2267//2267 2289//2289
f 2264//2264 2289//2289 2267//2267
f 1441//1441 2291//2291 2289//2289
f 2290//2290 2289//2289 2291//2291
f 2318//2318 2317//2317 2321//2321
f 2321//2321 1455//1455 1459//1459
f 2283//2283 2288//2288 2323//2323
f 2320//2320 2323//2323 2288//2288
f 2318//2318 2325//2325 2323//2323
f 2324//2324 2323//2323 2325//2325
f 2292//2292 2291//2291 2327//2327
f 2284//2284 2327//2327 2291//2291
f 2283//2283 2324//2324 2327//2327
f 2328//2328 2327//2327 2324//2324
f 2330//2330 2329//2329 2328//2328
f 2322//2322 2331//2331 2325//2325
f 1459//1459 2333//2333 2331//2331
f 1461//1461 2336//2336 2335//2335
f 1463//1463 1493//1493 2336//2336
f 1459//1459 1458//1458 2339//2339
f 2335//2335 2339//2339 1458//1458
f 2338//2338 2337//2337 2341//2341
f 2360//2360 2359//2359 1414//1414
f 1398//1398 2373//2373 2371//2371
f 2372//2372 2371//2371 2373//2373
f 2332//2332 2377//2377 2376//2376
f 2305//2305 2308//2308 2388//2388
f 2334//2334 2340//2340 2391//2391
f 2392//2392 2391//2391 2340//2340
f 2394//2394 2391//2391 2392//2392
f 2378//2378 2391//2391 2394//2394
f 2393//2393 2392//2392 2395//2395
f 2342//2342 2395//2395 2392//2392
f 2475//2475 2476//2476 2473//2473
f 2474//2474 2473//2473 2468//2468
f 2475//2475 2474//2474 2477//2477
f 2470//2470 2477//2477 2474//2474
f 2521//2521 2526//2526 2519//2519
f 1537//1537 2562//2562 2561//2561
f 2563//2563 2562//2562 2565//2565
f 2580//2580 2579//2579 2569//2569
f 2606//2606 2605//2605 2602//2602
f 2566//2566 2565//2565 2634//2634
f 2641//2641 2640//2640 2642//2642
f 1575//1575 2608//2608 2642//2642
f 2671//2671 2672//2672 2669//2669
f 2592//2592 2672//2672 2671//2671
f 2593//2593 2604//2604 2672//2672
f 2588//2588 2671//2671 2675//2675
f 2676//2676 2675//2675 2671//2671
f 2673//2673 2676//2676 2691//2691
f 2682//2682 2691//2691 2676//2676
f 2789//2789 2790//2790 2787//2787
f 2827//2827 2828//2828 2825//2825
f 2825//2825 2812//2812 2816//2816
f 2835//2835 2836//2836 2833//2833
f 2834//2834 2833//2833 2832//2832
f 2842//2842 2843//2843 2840//2840
f 2848//2848 2846//2846 2845//2845
f 2842//2842 2857//2857 2858//2858
f 2869//2869 2868//2868 2863//2863
f 2875//2875 2874//2874 2876//2876
f 2862//2862 2875//2875 2882//2882
f 2877//2877 2884//2884 2882//2882
f 2877//2877 2876//2876 2888//2888
f 2901//2901 2900//2900 2897//2897
f 2896//2896 2904//2904 2902//2902
f 2905//2905 2904//2904 2920//2920
f 2915//2915 2920//2920 2904//2904
f 2922//2922 2920//2920 2915//2915
f 2921//2921 2920//2920 2922//2922
f 1348//1348 2934//2934 2939//2939
f 1357//1357 2939//2939 2942//2942
f 1354//1354 2942//2942 2947//2947
f 2948//2948 2951//2951 1363//1363
f 2954//2954 2953//2953 2957//2957
f 2374//2374 2373//2373 2959//2959
f 2526//2526 2973//2973 2974//2974
f 3030//3030 3029//3029 3033//3033
f 2983//2983 3037//3037 3035//3035
f 3059//3059 3058//3058 3046//3046
f 3045//3045 3047//3047 3063//3063
f 3073//3073 3077//3077 3076//3076
f 3067//3067 3083//3083 2306//2306
f 2554//2554 3079//3079 3123//3123
f 3103//3103 3123//3123 3079//3079
f 2981//2981 3239//3220 3243//3227
f 3311//3313 3308//3310 3307//3309
f 3303//3305 3311//3313 3338//3340
f 3324//3326 3342//3344 3339//3341
f 3325//3327 3344//3346 3342//3344
f 3343//3345 3342//3344 3344//3346
f 3351//3353 3353//3355 3352//3354
f 3355//3357 3352//3354 3353//3355
f 3344//3346 3357//3359 3359//3361
f 3355//3357 3357//3359 3344//3346
f 3363//3365 3361//3363 3360//3362
f 3337//3339 3392//3394 3390//3392
f 3430//3432 3431//3433 3429//3431
f 3451//3453 3450//3452 3353//3355
f 3489//3491 3487//3489 3486//3488
f 3488//3490 3492//3494 3490//3492
f 3333//3335 3680//3682 3678//3680
f 3328//3330 3678//3680 3300//3302
f 3688//3690 3686//3688 3683//3685
f 3689//3691 3688//3690 3694//3696
f 3692//3694 3694//3696 3688//3690
f 3695//3697 3694//3696 3692//3694
f 3734//3736 3733//3735 3730//3732
f 3760//3762 3758//3760 3757//3759
f 3763//3765 3765//3767 3761//3763
f 3762//3764 3768//3770 3767//3769
f 3757//3759 3770//3772 3769//3771
f 3780//3782 3782//3784 3781//3783
f 3784//3786 3781//3783 3782//3784
f 3763//3765 3767//3769 3781//3783
f 3778//3780 3781//3783 3767//3769
f 3783//3785 3787//3789 3785//3787
f 3788//3790 3790//3792 3789//3791
f 3792//3794 3789//3791 3790//3792
f 3798//3800 3795//3797 3794//3796
f 3788//3790 3787//3789 3795//3797
f 3847//3849 3846//3848 3835//3837
f 3848//3850 3849//3851 3846//3848
f 3834//3836 3843//3845 3854//3856
f 3847//3849 3854//3856 3857//3859
f 3865//3867 3864//3866 3849//3851
f 3866//3868 3867//3869 3864//3866
f 3880//3882 3881//3883 3878//3880
f 3677//3679 3867//3869 3878//3880
f 3870//3872 3872//3874 3883//3885
f 3894//3896 3895//3897 3892//3894
f 3351//3353 3349//3351 3892//3894
f 3773//3775 3910//3912 3913//3915
f 3918//3920 3919//3921 3917//3919
f 3920//3922 3921//3923 3919//3921
f 3920//3922 3924//3926 3922//3924
f 3923//3925 3922//3924 3924//3926
f 3956//3958 3957//3959 3954//3956
f 3961//3963 3959//3961 3958//3960
f 3955//3957 3954//3956 3959//3961
f 3964//3966 3965//3967 3962//3964
f 3754//3756 3755//3757 3966//3968
f 3967//3969 3966//3968 3755//3757
f 3963//3965 3966//3968 3969//3971
f 3976//3978 3977//3979 3974//3976
f 3982//3984 3985//3987 3980//3982
f 3999//4001 4004//4006 4002//4004
f 4000//4002 3998//4000 4002//4004
f 3999//4001 3996//3998 4012//4014
f 3558//3560 4012//4014 3996//3998
f 3981//3983 3991//3993 4032//4034
f 3982//3984 4032//4034 4035//4037
f 4035//4037 4045//4047 4040//4042
f 3994//3996 4001//4003 4058//4060
f 4097//4099 4100//4102 4096//4098
f 4096//4098 4100//4102 4099//4101
f 3986//3988 3984//3986 4102//4104
f 4136//4138 4132//4134 4131//4133
f 4153//4155 4160//4162 4159//4161
f 4179//4181 4190//4192 4193//4195
f 4212//4214 4215//4217 4217//4219
f 4220//4222 4221//4223 4218//4220
f 4212//4214 4216//4218 4222//4224
f 4223//4225 4222//4224 4216//4218
f 4219//4221 4222//4224 4225//4227
f 4230//4232 4233//4235 4236//4238
f 4236//4238 4238//4240 4242//4244
f 4237//4239 4255//4257 4254//4256
f 4256//4258 4255//4257 4248//4250
f 4250//4252 4258//4260 4200//4202
f 4337//4339 4338//4340 4335//4337
f 4458//4460 4460//4462 4456//4458
f 4472//4474 4475//4477 3881//3883
f 4478//4480 4479//4481 4476//4478
f 3893//3895 4479//4481 4478//4480
f 4476//4478 4479//4481 4470//4472
f 4483//4485 4482//4484 4474//4476
f 4472//4474 4486//4488 4489//4491
f 3874//3876 4515//4517 4507//4509
f 3891//3893 4502//4504 4521//4523
f 4529//4531 4528//4530 4525//4527
f 4547//4549 4558//4560 4556//4558
f 4457//4459 4568//4570 4565//4567
f 4547//4549 4574//4576 4572//4574
f 4591//4593 4590//4592 4598//4600
f 4577//4579 4604//4606 1343//1343
f 4575//4577 4603//4605 4604//4606
f 4605//4607 4606//4608 1345//1345
f 4617//4619 4620//4622 4623//4625
f 4630//4632 4631//4633 4628//4630
f 4133//4135 4636//4638 4633//4635
f 4677//4679 4675//4677 4674//4676
f 4696//4698 4697//4699 4062//4064
f 4698//4700 4699//4701 4697//4699
f 4688//4690 4708//4710 4710//4712
f 4716//4718 4717//4719 4713//4715
f 4120//4122 4713//4715 4717//4719
f 4716//4718 4719//4721 4718//4720
f 4721//4723 4718//4720 4719//4721
f 4717//4719 4718//4720 4155//4157
f 4720//4722 4724//4726 4722//4724
f 4728//4730 4731//4733 4678//4680
f 4736//4738 4737//4739 4735//4737
f 4780//4782 4788//4790 4786//4788
f 4787//4789 4803//4805 4790//4792
f 4813//4815 4824//4826 4822//4824
f 4801//4803 4816//4818 4826//4828
f 4833//4835 4831//4833 4830//4832
f 4829//4831 4835//4837 4824//4826
f 4832//4834 4840//4842 4838//4840
f 3797//3799 4844//4846 4842//4844
f 4846//4848 4847//4849 4842//4844
f 3798//3800 4842//4844 4847//4849
f 4848//4850 4849//4851 4847//4849
f 4850//4852 4851//4853 4849//4851
f 4871//4873 4872//4874 4875//4877
f 4921//4923 4919//4921 4918//4920
f 4920//4922 4926//4928 4924//4926
f 4928//4930 4929//4931 4924//4926
f 4921//4923 4924//4926 4929//4931
f 4944//4946 4949//4951 4942//4944
f 4942//4944 4949//4951 4945//4947
f 4945//4947 4949//4951 4947//4949
f 4950//4952 4947//4949 4949//4951
f 4971//4973 4973//4975 4969//4971
f 4970//4972 4969//4971 4926//4928
f 5004//5006 5003//5005 5005//5007
f 5012//5014 5010//5012 5009//5011
f 5048//5050 5060//5062 5059//5061
f 4970//4972 5076//5078 5075//5077
f 4920//4922 4918//4920 5076//5078
f 5079//5081 5081//5083 5075//5077
f 5061//5063 5082//5084 5080//5082
f 5003//5005 5082//5084 5061//5063
f 5080//5082 5082//5084 4973//4975
f 4945//4947 4948//4950 5099//5101
f 5145//5147 5146//5148 5143//5145
f 5149//5151 5150//5152 5147//5149
f 5144//5146 5147//5149 5150//5152
f 5148//5150 5147//5149 5109//5111
f 5108//5110 5106//5108 5152//5154
f 5161//5163 5166//5168 5146//5148
f 5168//5170 5166//5168 5165//5167
f 5146//5148 5166//5168 5168//5170
f 1928//1928 5174//5176 5173//5175
f 5180//5182 5179//5181 5176//5178
f 5167//5169 5165//5167 5179//5181
f 1346//1346 4607//4609 5189//5191
f 1954//1954 5194//5196 5193//5195
f 4599//4601 5201//5203 5190//5192
f 5228//5230 5227//5229 4578//4580
f 5167//5169 5233//5235 5231//5233
f 5135//5137 5239//5241 5228//5230
f 5234//5236 5240//5242 5239//5241
f 5228//5230 5239//5241 5240//5242
f 5178//5180 5186//5188 5243//5245
f 5180//5182 5243//5245 5233//5235
f 4845//4847 4844//4846 5249//5251
f 5256//5258 5258//5260 5084//5086
f 5271//5273 5269//5271 5268//5270
f 5259//5261 5256//5258 5269//5271
f 5270//5272 5268//5270 5273//5275
f 5270//5272 5279//5281 5276//5278
f 5263//5265 5278//5280 5280//5282
f 5305//5307 5304//5306 5302//5304
f 5300//5302 5307//5309 5310//5312
f 3972//3974 3977//3979 5319//5321
f 5320//5322 5319//5321 3977//3979
f 2165//2165 5369//5371 5366//5368
f 5348//5350 5366//5368 5369//5371
f 4696//4698 5444//5446 5443//5445
f 4007//4009 4003//4005 5446//5448
f 4029//4031 5446//5448 4003//4005
f 5463//5465 5464//5466 5461//5463
f 4703//4705 5461//5463 5464//5466
f 4684//4686 4699//4701 5461//5463
f 5462//5464 5461//5463 4699//4701
f 5448//5450 5470//5472 5469//5471
f 5472//5474 5469//5471 5470//5472
f 4698//4700 5443//5445 5469//5471
f 5447//5449 5469//5471 5443//5445
f 5498//5500 5502//5504 5501//5503
f 4712//4714 5501//5503 5502//5504
f 5463//5465 5504//5506 5503//5505
f 5506//5508 5503//5505 5504//5506
f 5471//5473 5508//5510 5507//5509
f 5504//5506 5507//5509 5508//5510
f 5463//5465 5462//5464 5507//5509
f 5472//5474 5507//5509 5462//5464
f 4715//4717 5502//5504 5512//5514
f 5506//5508 5512//5514 5502//5504
f 4720//4722 4719//4721 5516//5518
f 5517//5519 5516//5518 4719//4721
f 4715//4717 5513//5515 5519//5521
f 5518//5520 5517//5519 5519//5521
f 4714//4716 5519//5521 5517//5519
f 5518//5520 5523//5525 5521//5523
f 4672//4674 5539//5541 5542//5544
f 5554//5556 5552//5554 5551//5553
f 4655//4657 4661//4663 5552//5554
f 5558//5560 5557//5559 5511//5513
f 5485//5487 5569//5571 5568//5570
f 5514//5516 5556//5558 5571//5573
f 5572//5574 5571//5573 5556//5558
f 5574//5576 5571//5573 5572//5574
f 5520//5522 5571//5573 5574//5576
f 5573//5575 5577//5579 5575//5577
f 5574//5576 5575//5577 5523//5525
f 5636//5638 5637//5639 5634//5636
f 5635//5637 5642//5644 5641//5643
f 5643//5645 5642//5644 5577//5579
f 5644//5646 5645//5647 5641//5643
f 5641//5643 5645//5647 5638//5640
f 5717//5719 5713//5715 5712//5714
f 4797//4799 4794//4796 5713//5715
f 5714//5716 5713//5715 4794//4796
f 5720//5722 5730//5732 5733//5735
f 5756//5758 5757//5759 5754//5756
f 5751//5753 5754//5756 5757//5759
f 5716//5718 5787//5789 5785//5787
f 5792//5794 5794//5796 5793//5795
f 4832//4834 4830//4832 5793//5795
f 5822//5824 5823//5825 5820//5822
f 5756//5758 5755//5757 5823//5825
f 5744//5746 5742//5744 5823//5825
f 5820//5822 5823//5825 5742//5744
f 5820//5822 5826//5828 5825//5827
f 5737//5739 5734//5736 5826//5828
f 5824//5826 5844//5846 5842//5844
f 5825//5827 5842//5844 5832//5834
f 5940//5942 5941//5943 5938//5940
f 5978//5980 5979//5981 5976//5978
f 5964//5966 5962//5964 5976//5978
f 5986//5988 5987//5989 5984//5986
f 5982//5984 5984//5986 5987//5989
f 5986//5988 5989//5991 5988//5990
f 5993//5995 5994//5996 5991//5993
f 5997//5999 5999//6001 5993//5995
f 5993//5995 5999//6001 6010//6012
f 6003//6005 6008//6010 6019//6021
f 6012//6014 6019//6021 6022//6024
f 6028//6030 6026//6028 6025//6027
f 6027//6029 6025//6027 6034//6036
f 6013//6015 6022//6024 6034//6036
f 6027//6029 6041//6043 6039//6041
f 6050//6052 6052//6054 6051//6053
f 6047//6049 6051//6053 6054//6056
f 6056//6058 6072//6074 6071//6073
f 6074//6076 6071//6073 6072//6074
f 6064//6066 6071//6073 6074//6076
f 6055//6057 6071//6073 6064//6066
f 4608//4610 4613//4615 6088//6090
f 6089//6091 6088//6090 4613//4615
f 4623//4625 6098//6100 6094//6096
f 2957//2957 6101//6103 6100//6102
f 5553//5555 6104//6106 6103//6105
f 6125//6127 6130//6132 6134//6136
f 6126//6128 6131//6133 6130//6132
f 6120//6122 6117//6119 6169//6171
f 6174//6176 6187//6189 6190//6192
f 6175//6177 6190//6192 6191//6193
f 6188//6190 6201//6203 6204//6206
f 6206//6208 6205//6207 6204//6206
f 5704//5706 6253//6255 6252//6254
f 6127//6129 6134//6136 6366//6387
f 3216//3294 6416//6433 6417//6434 6337//6429
f 6336//6358 6337//6429 6417//6434 6418//6355
f 6334//6354 6335//6357 6419//6356 6420//6351
f 6332//6350 6333//6353 6421//6352 6422//6347
f 6330//6346 6331//6349 6423//6348 6424//6343
f 6328//6342 6329//6345 6425//6344 6426//6339
f 6319//6322 6327//6341 6427//6340 6428//6319
f 6325//6334 6326//6337 6415//6336 6429//6331
f 6323//6330 6324//6333 6430//6332 6431//6327
f 6321//6326 6322//6329 6432//6328 6433//6323
f 3200//3224 6320//6325 6434//6324 6414//6435
f 6317//6338 6318//6321 6413//6320 6412//6335
f 3215//3285 6435//6436 6436//6437 3217//3293
f 3216//3294 3217//3293 6436//6437 6416//6433
f 3213//3277 6437//6438 6438//6439 3214//3284
f 3214//3284 6438//6439 6435//6436 3215//3285
f 3211//3269 6439//6440 6440//6441 3212//3276
f 3212//3276 6440//6441 6437//6438 3213//3277
f 3209//3257 6441//6442 6442//6443 3210//3268
f 3210//3268 6442//6443 6439//6440 3211//3269
f 3207//3256 6443//6444 6444//6445 3208//3255
f 3208//3255 6444//6445 6441//6442 3209//3257
f 3197//3262 6445//6446 6446//6447 3206//3260
f 3206//3260 6446//6447 6443//6444 3207//3256
f 3205//3240 6447//6448 6411//6449 3195//3241
f 3203//3238 6448//6450 6447//6448 3205//3240
f 3203//3238 3204//3196 6449//3195 6448//6450
f 3199//3225 6451//6451 6452//6452 3201//3232
f 3201//3232 6452//6452 6450//3198 3202//3197
f 3200//3224 6414//6435 6453//6453 3198//3223
f 3198//3223 6453//6453 6451//6451 3199//3225
f 3196//3296 6454//6454 6445//6446 3197//3262
f 3195//3241 6411//6449 6454//6454 3196//3296
f 6418//6355 6417//6434 6416//6433 6436//6437 6435//6436 6438//6439 6437//6438 6440//6441 6439//6440 6442//6443 6441//6442 6444//6445 6443//6444 6446//6447 6445//6446 6454//6454 6411//6449 6447//6448 6448//6450 6449//3195 6450//3198 6452//6452 6451//6451 6453//6453 6414//6435 6434//6324 6433//6323 6432//6328 6431//6327 6430//6332 6429//6331 6415//6336 6412//6335 6413//6320 6428//6319 6427//6340 6426//6339 6425//6344 6424//6343 6423//6348 6422//6347 6421//6352 6420//6351 6419//6356
