# Blender 4.4.1
# www.blender.org
mtllib dragonAlaDerecha.mtl
o 17174_Tiamat_new.002
v -0.715420 0.521575 -1.164919
v -0.756020 0.591369 -1.095929
v -0.786120 0.751639 -1.282696
v -0.734320 0.690708 -1.349064
v -0.832720 0.798098 -1.225788
v -0.806620 0.632716 -1.045831
v -0.858520 0.954976 -1.407644
v -0.805220 0.905970 -1.463799
v -0.744920 0.842513 -1.529814
v -0.809920 1.029775 -1.631661
v -0.872020 1.093791 -1.576933
v -0.878920 1.204112 -1.718036
v -0.808120 1.122615 -1.771883
v -0.744520 0.949885 -1.692426
v -0.737920 1.024969 -1.827075
v -0.414920 0.787335 -1.586631
v -0.637820 0.768778 -1.605045
v -0.630320 0.877376 -1.750957
v -0.403420 0.888543 -1.739786
v -0.619620 0.946376 -1.872337
v -0.408220 0.904998 -1.880766
v -0.600520 0.487684 -1.219189
v -0.622820 0.637786 -1.417068
v -0.414620 0.647879 -1.404658
v -0.401720 0.522769 -1.192196
v 0.440580 0.189151 -1.131358
v 0.397380 0.070654 -0.929228
v 0.290680 0.146239 -0.921605
v 0.330180 0.269992 -1.119421
v 0.259980 0.041051 -0.746645
v 0.367380 -0.025493 -0.746126
v 0.099880 0.120578 -0.761930
v 0.124980 0.237743 -0.927576
v 0.154180 0.368738 -1.120762
v 0.544580 0.434767 -1.477517
v 0.490480 0.318194 -1.316845
v 0.368280 0.399121 -1.309811
v 0.406980 0.514943 -1.486754
v 0.174980 0.494576 -1.319958
v 0.196680 0.612906 -1.510679
v -0.111920 0.622006 -1.342461
v -0.117620 0.486886 -1.140401
v -0.099520 0.757378 -1.531685
v 1.437380 -0.412529 -0.571713
v 1.489480 -0.333738 -0.750920
v 1.501680 -0.289131 -0.713754
v 1.449580 -0.362533 -0.539340
v 1.573880 -0.195802 -0.912046
v 1.562780 -0.233887 -0.954541
v 1.538780 -0.150087 -0.880125
v 1.445980 -0.261957 -0.703952
v 1.389580 -0.330933 -0.533286
v -0.175420 0.871995 -0.702584
v -0.147720 0.993030 -0.900159
v -0.258420 1.095378 -0.850001
v -0.278220 0.979095 -0.649745
v -0.242120 1.207433 -1.049904
v -0.116320 1.111664 -1.094367
v -0.340620 1.312324 -0.966141
v -0.373020 1.182927 -0.784882
v -0.408320 1.044908 -0.608635
v 0.278180 1.138336 -1.422170
v 0.124380 1.223188 -1.410298
v 0.081380 1.122319 -1.290380
v 0.235880 1.040335 -1.298177
v -0.050420 1.307153 -1.400382
v -0.082920 1.215590 -1.268300
v 0.039880 1.014723 -1.118765
v 0.192680 0.934154 -1.123374
v -0.276220 1.539204 -1.229952
v -0.312320 1.427100 -1.128620
v -0.223920 1.311434 -1.226837
v -0.181420 1.420385 -1.341074
v -0.687820 1.247854 -0.963398
v -0.709620 1.085291 -0.812827
v -0.550620 1.175089 -0.765606
v -0.515920 1.318084 -0.934451
v -0.584820 1.028713 -0.607478
v -0.726620 0.924278 -0.678493
v -1.181020 2.256557 -2.522698
v -1.232920 2.474019 -2.640810
v -1.162520 2.459509 -2.689039
v -1.096520 2.223829 -2.576299
v -1.249420 2.677087 -2.826277
v -1.302420 2.684771 -2.770935
v -1.173120 2.673936 -2.866630
v -1.080420 2.452407 -2.725215
v -1.000520 2.204541 -2.616493
v -0.607320 0.995952 -1.961296
v -0.404020 0.932546 -1.969911
v -0.727620 1.081377 -1.923247
v -0.716620 1.126587 -2.000942
v -0.589320 1.042558 -2.026889
v -0.391320 0.971557 -2.027232
v -0.354720 1.092063 -2.100926
v -0.373320 1.022574 -2.075738
v -0.566220 1.095871 -2.090687
v -0.543720 1.160955 -2.133061
v -0.701120 1.176584 -2.078256
v -0.685220 1.230951 -2.136082
v -0.806720 1.184624 -1.869631
v -0.808820 1.229089 -1.948271
v -0.884720 1.275088 -1.814960
v -0.889120 1.326783 -1.888769
v -0.812320 1.272789 -2.029259
v -0.816420 1.320727 -2.097077
v -0.896420 1.376699 -1.962983
v -0.908320 1.431855 -2.029177
v -0.085620 0.831891 -1.718255
v -0.100620 0.801721 -1.887604
v 0.220580 0.691425 -1.866904
v 0.227580 0.714181 -1.690676
v -0.107420 0.811858 -1.992491
v -0.101220 0.860078 -2.047972
v 0.201980 0.740880 -2.058345
v 0.204180 0.689982 -1.987895
v -0.087520 0.926360 -2.071445
v -0.075320 0.997125 -2.073920
v 0.224580 0.894336 -2.080529
v 0.212180 0.817749 -2.084705
v 0.450780 0.606231 -1.646700
v 0.459380 0.608467 -1.806642
v 0.618780 0.522652 -1.757466
v 0.599980 0.516681 -1.612467
v 2.278280 0.119235 -1.573591
v 2.222980 0.032484 -1.672923
v 2.286680 0.062435 -1.726066
v 2.341780 0.165911 -1.626658
v 2.146580 0.026099 -1.740210
v 2.156880 0.044303 -1.801452
v 2.179180 0.074612 -1.843555
v 2.313280 0.098685 -1.772129
v 2.368880 0.202301 -1.675118
v 2.203580 0.115377 -1.872626
v 2.224680 0.161891 -1.888639
v 2.290680 0.198929 -1.850513
v 2.332680 0.277194 -1.789342
v 2.370480 0.237738 -1.726137
v 2.324580 0.140680 -1.811946
v 2.117280 0.186649 -1.508447
v 1.984880 0.141633 -1.461494
v 1.979980 0.100805 -1.520476
v 2.248480 0.219578 -1.516539
v 2.136580 0.106982 -1.552470
v 2.166680 0.303564 -1.508726
v 2.066280 0.258626 -1.490517
v 1.952980 0.207346 -1.437518
v -0.153320 1.495180 -1.400511
v -0.251520 1.612111 -1.282788
v -0.032420 1.378113 -1.478174
v 0.005680 1.455653 -1.483459
v -0.129720 1.557915 -1.426695
v -0.243520 1.665884 -1.325323
v 1.325380 0.008183 -1.488526
v 1.214780 0.062111 -1.494290
v 1.279480 0.192694 -1.644426
v 1.408180 0.134533 -1.634803
v 1.106280 0.118242 -1.496618
v 1.161180 0.249781 -1.649404
v 1.314280 0.233816 -1.820126
v 1.181480 0.297263 -1.825934
v 1.470080 0.187088 -1.795310
v 1.341380 0.252744 -1.940026
v 1.506680 0.204997 -1.908057
v 1.199180 0.304372 -1.956141
v 1.229880 0.356867 -2.026498
v 1.374780 0.303320 -2.006688
v 1.540680 0.241403 -1.975648
v 1.172180 0.982250 -1.572634
v 1.013980 1.118085 -1.543558
v 0.960580 1.023962 -1.504784
v 1.117880 0.910419 -1.529652
v 0.828680 1.122278 -1.497034
v 0.865080 1.217018 -1.548093
v 0.787480 1.025539 -1.495777
v 0.901680 0.930778 -1.516341
v 1.051080 0.826939 -1.534130
v 1.176680 0.993201 -1.732567
v 1.014280 1.133798 -1.750694
v 1.033980 1.159340 -1.646126
v 1.187680 1.006020 -1.651982
v 0.884780 1.266406 -1.652690
v 0.872680 1.248318 -1.766539
v 0.986180 1.088659 -1.826758
v 0.947880 1.030904 -1.894343
v 0.812880 1.145921 -1.916970
v 0.845880 1.200664 -1.847558
v 1.150180 0.953925 -1.800976
v 1.117580 0.903457 -1.871540
v -0.125720 1.612886 -1.470863
v -0.249620 1.725571 -1.383339
v 0.022580 1.514122 -1.517205
v 0.025480 1.555543 -1.567774
v -0.134120 1.656889 -1.526190
v -0.265920 1.778787 -1.457460
v 0.004680 1.582145 -1.690431
v -0.156720 1.708510 -1.658704
v -0.148020 1.689945 -1.587866
v 0.017280 1.578499 -1.626334
v -0.282920 1.822371 -1.534749
v -0.288720 1.856879 -1.621283
v -1.066920 1.847836 -2.297763
v -1.134520 2.035381 -2.411313
v -1.041720 1.981608 -2.476762
v -0.965320 1.778510 -2.355907
v -0.927720 1.950747 -2.516030
v -0.838620 1.734482 -2.382421
v -0.817120 1.937945 -2.531804
v -0.715220 1.710523 -2.383822
v -0.905220 2.197717 -2.648846
v -0.727720 2.144777 -2.716550
v -0.631520 1.892454 -2.562410
v -0.529020 1.657391 -2.400250
v -0.284520 1.771363 -2.641510
v -0.206620 1.541748 -2.450884
v -0.366620 2.011869 -2.835107
v 0.017980 1.802451 -3.017437
v 0.076780 1.572799 -2.786744
v 0.125880 1.358907 -2.558336
v 0.401180 1.420689 -2.900714
v 0.428680 1.233735 -2.636172
v 0.360080 1.630686 -3.165312
v 0.633480 1.513891 -3.266499
v 0.657780 1.316199 -2.981048
v 0.660380 1.133854 -2.701110
v 2.586480 0.794735 -3.296813
v 2.669780 0.728596 -3.282648
v 2.780080 0.908098 -3.704192
v 2.769880 0.979625 -3.695704
v 2.738880 1.035834 -3.695925
v 2.539680 0.822237 -3.304621
v 2.455280 0.667623 -2.863291
v 2.402780 0.698401 -2.856884
v 2.498880 0.610560 -2.869030
v 1.341980 1.162801 -2.646228
v 1.451280 1.277814 -2.975578
v 1.191880 1.437729 -2.904326
v 1.103280 1.296050 -2.622612
v 1.258380 1.599998 -3.197257
v 1.551280 1.448717 -3.294549
v 0.983880 1.711415 -3.141160
v 0.943980 1.548574 -2.869298
v 0.887980 1.398987 -2.613390
v -0.376620 2.134390 -2.180643
v -0.202320 1.997100 -2.270507
v -0.214320 2.156243 -2.441412
v -0.410420 2.283140 -2.333123
v -0.001020 2.052434 -2.519703
v -0.011620 1.885715 -2.335717
v -0.014220 2.232277 -2.705426
v -0.243420 2.343024 -2.605293
v -0.460020 2.464900 -2.481371
v 1.419080 1.232335 -3.491411
v 1.672780 1.149010 -3.551675
v 1.609380 0.935607 -3.206539
v 1.385280 1.023327 -3.158038
v 1.865780 0.829158 -3.263648
v 1.953080 1.028796 -3.638938
v 1.807380 0.726053 -2.843247
v 1.575380 0.821753 -2.809606
v 1.361380 0.870233 -2.795854
v -0.773920 2.443883 -1.933263
v -0.513120 2.360506 -2.006352
v -0.558320 2.496108 -2.127547
v -0.811520 2.586459 -2.014382
v -0.619620 2.664544 -2.258642
v -0.860720 2.759405 -2.114662
v 2.246880 0.422301 -1.728672
v 2.308280 0.351603 -1.749633
v 2.237880 0.376926 -1.840110
v 2.199380 0.439843 -1.818001
v 2.247080 0.321828 -1.867471
v 2.191180 0.413995 -1.937913
v 2.201380 0.367242 -1.965789
v 2.161480 0.466275 -1.908613
v 1.407880 0.366573 -2.043460
v 1.577980 0.297131 -2.020773
v 1.259480 0.426618 -2.054475
v 1.435580 0.430811 -2.055933
v 1.284480 0.497495 -2.057144
v 1.613080 0.366713 -2.030430
v -0.286220 1.844899 -1.810504
v -0.277220 1.868861 -1.723457
v -0.163120 1.692488 -1.744485
v -0.158720 1.684882 -1.826869
v -0.012820 1.555555 -1.756495
v -0.007520 1.559862 -1.826764
v -0.316320 1.893875 -1.916627
v -0.171020 1.743626 -1.956161
v -0.192020 1.845948 -2.100938
v -0.345120 1.995802 -2.034080
v -0.024920 1.723806 -2.148345
v -0.022220 1.613265 -1.982914
v -0.706220 1.366445 -2.200586
v -0.683620 1.280859 -2.165620
v -0.826220 1.374214 -2.138126
v -0.848720 1.460819 -2.178542
v -0.928320 1.497892 -2.079309
v -0.959220 1.584359 -2.131052
v -0.758520 1.533132 -2.267474
v -0.895720 1.602183 -2.250917
v -1.004020 1.701113 -2.202261
v -0.361320 1.296098 -2.148702
v -0.344620 1.175760 -2.113865
v -0.536120 1.226973 -2.157150
v -0.557720 1.330277 -2.188476
v -0.430420 1.458007 -2.255537
v -0.622420 1.503921 -2.259565
v -0.064220 1.078848 -2.075354
v -0.075120 1.186733 -2.135361
v 0.216780 1.028844 -2.174440
v 0.231180 0.954984 -2.095015
v 0.174980 1.166261 -2.343811
v -0.132020 1.339246 -2.276803
v 0.684680 0.868211 -2.250543
v 0.675880 0.789069 -2.193864
v 0.484280 0.867779 -2.135171
v 0.481380 0.940866 -2.208231
v 0.474280 0.810017 -2.111802
v 0.659380 0.729084 -2.178738
v 0.667780 0.970161 -2.448932
v 0.455280 1.060789 -2.395353
v 2.201480 0.523666 -2.138155
v 2.159680 0.486135 -1.987889
v 2.194080 0.439986 -2.015830
v 2.239780 0.477943 -2.159660
v 2.209880 0.391409 -2.036499
v 2.256180 0.427039 -2.171350
v 2.294580 0.607120 -2.443406
v 2.341880 0.562773 -2.459321
v 2.351180 0.505430 -2.475694
v 0.944780 1.030622 -1.990624
v 0.796880 1.126952 -2.014043
v 1.120680 0.912236 -1.965188
v 1.153680 0.955509 -2.105702
v 0.967480 1.073689 -2.131050
v 0.818180 1.183328 -2.149083
v 1.020980 1.162575 -2.356147
v 1.234080 1.046332 -2.345111
v 0.839580 1.262768 -2.366819
v -0.154820 1.702584 -1.879526
v -0.298820 1.847900 -1.858411
v -0.010320 1.572876 -1.886606
v -0.472420 2.233997 -1.889936
v -0.733720 2.325188 -1.839128
v -0.696920 2.229602 -1.756465
v -0.438920 2.134428 -1.795685
v -2.441820 4.115119 -2.981935
v -2.412620 4.141042 -2.976412
v -2.430620 4.116934 -2.934147
v -2.465820 4.089804 -2.951560
v -2.393820 4.165330 -2.925809
v -2.370720 4.189195 -2.972496
v -2.425220 4.164243 -2.881497
v -2.464620 4.113936 -2.894855
v -2.486520 4.093253 -2.914595
v -2.557920 4.227684 -2.950613
v -2.579320 4.184816 -2.935288
v -2.562620 4.232346 -2.888134
v -2.540420 4.268909 -2.929271
v -2.555320 4.178745 -2.855406
v -2.574320 4.133348 -2.915057
v -2.502220 4.241849 -2.821065
v -2.511220 4.299337 -2.853467
v -2.496720 4.342739 -2.900214
v -2.512420 4.244935 -3.017821
v -2.543120 4.231275 -2.988067
v -2.516120 4.292775 -2.972552
v -2.482320 4.291592 -3.010586
v -2.467920 4.364500 -2.950329
v -2.434320 4.363813 -2.998552
v -2.404720 4.169224 -3.019842
v -2.355520 4.226624 -3.018190
v -2.454620 4.124498 -3.010436
v -2.475020 4.158138 -3.034113
v -2.418220 4.211611 -3.047516
v -2.361720 4.276620 -3.052631
v -2.320920 4.253225 -2.972860
v -2.341020 4.226877 -2.924816
v -2.280720 4.282878 -2.931760
v -2.256220 4.299078 -2.982702
v -2.304720 4.289504 -2.878884
v -2.372820 4.234099 -2.878716
v -2.399520 4.261370 -2.831144
v -2.428420 4.313512 -2.792636
v -2.461520 4.186552 -2.833013
v -2.324220 4.319917 -2.828523
v -2.336920 4.371091 -2.787167
v -2.442620 4.383595 -2.812580
v -2.431420 4.437258 -2.866942
v -2.341620 4.447154 -2.786026
v -2.330520 4.509932 -2.838653
v -2.399720 4.454295 -2.928753
v -2.364220 4.444390 -2.983825
v -2.303520 4.523981 -2.909354
v -2.275320 4.507698 -2.971810
v -2.329120 4.406533 -3.030213
v -2.395920 4.330825 -3.039145
v -2.250920 4.464560 -3.020410
v -2.236720 4.405804 -3.048587
v -2.301620 4.348381 -3.044731
v -2.303020 4.295320 -3.012672
v -2.237420 4.338096 -3.036717
v -2.195920 4.305651 -3.009464
v -2.214120 4.290306 -2.947453
v -2.155320 4.284943 -2.968803
v -2.138820 4.313501 -3.025533
v -2.164520 4.285732 -2.900040
v -2.231820 4.301715 -2.887285
v -2.241920 4.335324 -2.833332
v -2.165420 4.326752 -2.842648
v -2.159420 4.388573 -2.817198
v -2.242820 4.389814 -2.797291
v -2.232320 4.460322 -2.795374
v -2.215920 4.518957 -2.840530
v -2.143520 4.451109 -2.824561
v -2.123520 4.503987 -2.860337
v -2.196120 4.536396 -2.907526
v -2.178420 4.523430 -2.970190
v -2.105720 4.533027 -2.918442
v -2.094420 4.524958 -2.982622
v -2.168620 4.484977 -3.021821
v -2.168120 4.427301 -3.049634
v -2.093920 4.486182 -3.033871
v -2.102920 4.428553 -3.062483
v -2.181220 4.359118 -3.055322
v -2.122120 4.364117 -3.065448
v -2.065420 4.271183 -2.469455
v -2.024320 4.282830 -2.415082
v -2.106720 4.290946 -2.365424
v -2.145120 4.282310 -2.423327
v -2.074720 4.339758 -2.328213
v -1.990320 4.328078 -2.376877
v -2.130220 4.351088 -2.306114
v -2.178420 4.312091 -2.321015
v -2.220120 4.297516 -2.383572
v -2.038320 4.237713 -2.590915
v -2.054120 4.311812 -2.628155
v -2.000520 4.284893 -2.692034
v -1.981020 4.263356 -2.529213
v -1.972320 4.226113 -2.642680
v -1.907420 4.248406 -2.590490
v -2.116820 4.251205 -2.533831
v -2.132520 4.323842 -2.570054
v -1.965120 4.431749 -2.681848
v -2.000920 4.361883 -2.708470
v -2.064220 4.378446 -2.652508
v -2.036320 4.446167 -2.628616
v -2.139720 4.389973 -2.590931
v -2.123420 4.459991 -2.580628
v -2.000920 4.489601 -2.590216
v -1.929120 4.484199 -2.652037
v -2.088120 4.511598 -2.543253
v -2.043520 4.524984 -2.487777
v -1.961120 4.507036 -2.542317
v -1.884120 4.511333 -2.608980
v -1.921720 4.494301 -2.490672
v -1.833220 4.502181 -2.553519
v -2.001320 4.519076 -2.427819
v -1.975920 4.466671 -2.383001
v -1.892020 4.453370 -2.446786
v -1.798320 4.450088 -2.508883
v -1.879520 4.386642 -2.420835
v -1.902620 4.317836 -2.439883
v -1.827020 4.314712 -2.520101
v -1.788020 4.375971 -2.486770
v -1.972420 4.396493 -2.364865
v -1.940420 4.281395 -2.481380
v -1.867320 4.283099 -2.558511
v -2.107720 4.278990 -2.916661
v -2.106020 4.317007 -2.852434
v -2.059220 4.311263 -2.855274
v -2.059620 4.276333 -2.926032
v -2.098620 4.383389 -2.829622
v -2.048220 4.381197 -2.833256
v -2.028020 4.449201 -2.839899
v -2.081320 4.446923 -2.838630
v -2.059220 4.504641 -2.869815
v -2.004320 4.508168 -2.877022
v -2.040720 4.541237 -2.930383
v -2.031420 4.528304 -3.000457
v -1.985120 4.544656 -2.942604
v -1.975420 4.526366 -3.016998
v -2.033220 4.482723 -3.050101
v -2.045120 4.423556 -3.079804
v -1.976920 4.474630 -3.069306
v -1.989620 4.410206 -3.101620
v -2.065020 4.358227 -3.081218
v -2.012120 4.338189 -3.101722
v -2.031520 4.284233 -3.059499
v -2.082220 4.308627 -3.043248
v -2.098520 4.284924 -2.987336
v -2.046520 4.270992 -2.997466
v -2.010820 4.317753 -2.851489
v -1.994320 4.390564 -2.832407
v -2.008920 4.271578 -2.920099
v -1.976620 4.253814 -2.888683
v -1.971720 4.326759 -2.841045
v -1.944020 4.401809 -2.832852
v -1.974820 4.342876 -2.751753
v -1.970420 4.255960 -2.726581
v -1.920920 4.418371 -2.730612
v -1.900220 4.406612 -2.771067
v -1.966620 4.329274 -2.774385
v -1.955120 4.215475 -2.762305
v -1.877620 4.497519 -2.883353
v -1.911420 4.459723 -2.843391
v -1.870220 4.461190 -2.813655
v -1.826820 4.496181 -2.848472
v -1.898420 4.398228 -2.814430
v -1.857320 4.465963 -2.768499
v -1.784120 4.494375 -2.778158
v -1.968620 4.456117 -2.845104
v -1.941020 4.508705 -2.884503
v -1.879820 4.475831 -2.714531
v -1.826220 4.504341 -2.683014
v -1.922020 4.546450 -2.951014
v -1.914220 4.525128 -3.030093
v -1.856220 4.532170 -2.948342
v -1.846520 4.520916 -3.035147
v -1.916020 4.461950 -3.090582
v -1.931420 4.387534 -3.131895
v -1.851120 4.451172 -3.111847
v -1.872720 4.368669 -3.172465
v -1.974420 4.235966 -2.833530
v -1.951420 4.325438 -2.809869
v -1.647120 4.434238 -2.685008
v -1.708020 4.473065 -2.732323
v -1.765320 4.490877 -2.634317
v -1.717020 4.443300 -2.586411
v -1.537220 4.368355 -2.769496
v -1.535420 4.293048 -2.757871
v -1.398120 4.304932 -2.841219
v -1.577520 4.425494 -2.809630
v -1.435320 4.370749 -2.887558
v -1.503920 4.423369 -2.934367
v -1.617620 4.366330 -2.642298
v -1.669220 4.275378 -2.666346
v -1.697320 4.365447 -2.553498
v -1.763020 4.304553 -2.599930
v -1.807720 4.256381 -2.622379
v -1.754020 4.215928 -2.667216
v -1.858720 4.218990 -2.644198
v -1.819220 4.157365 -2.679855
v -1.926720 4.209887 -2.680391
v -1.905520 4.162993 -2.704168
v -1.882620 4.104557 -2.725814
v -1.816120 4.086941 -2.691784
v -1.935520 4.127910 -2.791163
v -1.915220 4.047042 -2.812919
v -1.857620 4.033221 -2.742705
v -1.798420 4.021441 -2.697115
v -1.826520 3.955422 -2.753563
v -1.773720 3.949727 -2.704111
v -1.882720 3.959895 -2.821518
v -1.839220 3.875664 -2.821733
v -1.788820 3.879980 -2.758474
v -1.739020 3.880884 -2.712242
v -1.666720 3.925333 -2.627805
v -1.667520 3.930643 -2.670668
v -1.636520 3.870723 -2.670364
v -1.654920 3.876834 -2.612108
v -1.681420 3.920462 -2.541041
v -1.699420 3.980702 -2.659929
v -1.695920 3.961178 -2.608680
v -1.736220 4.003757 -2.689334
v -1.709720 3.941926 -2.695752
v -1.675220 3.876865 -2.703462
v -1.583720 3.707547 -2.526440
v -1.531620 3.584595 -2.510286
v -1.497120 3.615120 -2.460120
v -1.552520 3.729150 -2.467579
v -1.474620 3.440190 -2.485270
v -1.416920 3.483280 -2.451297
v -1.363920 3.557575 -2.452465
v -1.445120 3.667648 -2.440221
v -1.498420 3.762768 -2.437767
v -1.649120 3.913508 -2.434065
v -1.605120 3.826567 -2.458179
v -1.542720 3.847699 -2.415273
v -1.571920 3.926859 -2.377990
v -1.636320 3.813292 -2.530977
v -1.478020 3.885289 -2.412274
v -1.502120 3.951221 -2.366349
v -1.439320 3.813848 -2.441092
v -1.390120 3.884435 -2.479939
v -1.423020 3.941105 -2.441768
v -1.444720 3.993692 -2.390311
v -1.575020 4.169244 -2.697992
v -1.484020 4.186544 -2.728335
v -1.513620 4.229568 -2.748058
v -1.623220 4.209105 -2.713293
v -1.390020 4.234634 -2.814175
v -1.387120 4.175941 -2.786853
v -1.699120 4.172816 -2.692274
v -1.746620 4.120395 -2.691732
v -1.693120 4.096938 -2.670865
v -1.644720 4.135950 -2.693928
v -1.612820 4.132098 -2.645170
v -1.602020 4.142119 -2.669226
v -1.528420 4.163612 -2.635915
v -1.540220 4.165620 -2.668554
v -1.753520 4.063665 -2.689438
v -1.719620 4.039055 -2.657420
v -1.737220 4.025054 -2.599538
v -1.716120 4.013476 -2.514569
v -1.727520 4.116105 -2.498353
v -1.704620 4.097087 -2.601438
v -1.625020 4.177992 -2.528894
v -1.622720 4.143438 -2.597527
v -1.524720 4.172219 -2.592940
v -1.521120 4.207282 -2.531289
v -1.666120 4.001216 -2.399087
v -1.661920 4.084649 -2.354343
v -1.581120 4.001929 -2.317006
v -1.585320 4.074011 -2.251188
v -1.653220 4.252912 -2.317963
v -1.688820 4.198439 -2.388562
v -1.653820 4.160063 -2.295843
v -1.639020 4.233422 -2.239867
v -1.594920 4.146944 -2.203351
v -1.603220 4.202249 -2.186395
v -1.449420 4.098697 -2.253652
v -1.448620 4.042967 -2.323322
v -1.398820 4.100420 -2.355124
v -1.403520 4.157496 -2.282770
v -1.408120 4.056443 -2.435627
v -1.389420 4.174572 -2.393262
v -1.396620 4.125118 -2.482901
v -1.394220 4.203535 -2.328362
v -1.509820 4.017917 -2.306054
v -1.508920 4.073239 -2.227693
v -1.427720 4.237923 -2.421414
v -1.428120 4.258162 -2.318658
v -1.430120 4.194684 -2.519704
v -1.509920 4.260532 -2.432914
v -1.495020 4.294873 -2.321220
v -1.483220 4.231821 -2.173047
v -1.548820 4.235359 -2.134174
v -1.519020 4.141971 -2.154257
v -1.458520 4.172315 -2.195257
v -1.610020 4.235817 -2.429951
v -1.589920 4.289160 -2.321153
v -1.578820 4.303395 -2.209933
v -1.484020 4.279284 -2.224164
v -1.430820 4.224413 -2.243399
v -0.645920 1.524845 -1.186516
v -0.665220 1.398598 -1.093423
v -0.485720 1.449608 -1.081827
v -0.460420 1.571592 -1.173967
v -0.444020 1.649135 -1.220421
v -0.437420 1.709552 -1.256658
v -0.627620 1.666948 -1.276678
v -0.633320 1.604629 -1.237046
v -0.760120 1.571008 -1.259947
v -0.784020 1.484185 -1.203818
v -0.744520 1.639538 -1.304725
v -0.845420 1.638041 -1.318536
v -0.864920 1.556441 -1.269513
v -0.894220 1.461816 -1.208431
v -0.440120 1.783387 -1.309940
v -0.629120 1.742866 -1.333044
v -0.447320 1.857509 -1.381838
v -0.634120 1.823438 -1.398755
v -0.739820 1.717840 -1.362454
v -0.841520 1.726223 -1.367073
v -0.741420 1.796749 -1.427160
v -0.839620 1.794392 -1.436514
v -0.453720 1.921815 -1.460620
v -0.638820 1.901801 -1.464394
v -0.450420 1.987855 -1.550219
v -0.641420 1.979678 -1.528559
v -0.744820 1.868778 -1.490666
v -0.751820 1.934424 -1.551239
v -0.840720 1.852290 -1.503349
v -0.848220 1.908301 -1.561881
v -0.644820 2.104444 -1.640871
v -0.415320 2.054806 -1.705076
v -0.418520 2.083052 -1.749604
v -0.665320 2.161795 -1.694916
v -0.430920 2.034307 -1.638860
v -0.640320 2.047644 -1.587694
v -0.763720 1.993824 -1.607769
v -0.791720 2.053105 -1.667412
v -0.862420 1.962434 -1.615714
v -0.898420 2.019925 -1.673859
v -0.814120 1.353728 -1.108968
v -0.840320 1.200205 -0.984514
v -0.929120 1.340084 -1.117178
v -0.988820 1.192947 -1.000865
v -0.853920 1.042861 -0.839247
v -0.971720 1.022633 -0.849645
v -0.866220 0.905057 -0.699250
v -0.972720 0.890616 -0.719527
v -0.994620 0.908002 -0.958720
v -1.036020 0.964670 -0.893102
v -1.063120 1.106613 -1.033659
v -1.029020 1.056463 -1.114823
v -1.018120 0.833985 -0.763506
v -0.978720 0.776203 -0.811760
v -0.983820 1.450001 -1.210223
v -0.993020 1.358257 -1.136751
v -1.064220 1.415596 -1.209429
v -1.046620 1.303991 -1.109772
v -1.085720 1.234328 -1.157017
v -1.062520 1.190559 -1.246223
v -1.126220 1.354870 -1.260460
v -1.117020 1.302772 -1.352857
v -1.079820 1.527721 -1.300843
v -0.982020 1.558821 -1.265668
v -0.976920 1.651666 -1.330561
v -1.089020 1.622901 -1.385133
v -0.953020 1.028037 -1.284872
v -0.984920 1.044423 -1.198468
v -1.025720 1.187275 -1.344281
v -0.980920 1.184532 -1.439604
v -1.089720 1.290545 -1.452139
v -1.054620 1.314753 -1.585254
v -0.958620 1.264085 -1.655831
v -0.931620 1.147527 -1.515993
v -0.908720 0.997248 -1.351081
v -1.150020 1.468683 -1.358486
v -1.155220 1.560826 -1.447361
v -1.160320 1.482254 -1.515261
v -1.150120 1.403808 -1.436203
v -1.127420 1.368164 -1.498189
v -1.130220 1.409905 -1.571378
v -0.976620 1.339727 -1.758893
v -1.066320 1.395739 -1.702628
v -1.070420 1.464796 -1.782134
v -0.974820 1.406061 -1.832948
v -0.977520 1.729679 -1.391914
v -1.098120 1.694829 -1.450347
v -0.982820 1.798603 -1.448589
v -1.107320 1.754711 -1.504845
v -1.134620 1.464325 -1.643826
v -1.142420 1.526961 -1.714592
v -1.166820 1.542984 -1.580829
v -1.173720 1.598648 -1.638580
v -1.154620 1.624490 -1.516864
v -1.160720 1.678670 -1.571496
v -0.989520 1.859759 -1.504315
v -1.115420 1.813007 -1.559637
v -0.995320 1.913451 -1.560879
v -1.119520 1.870881 -1.614053
v -1.168920 1.738183 -1.624815
v -1.172620 1.800579 -1.677764
v -1.179520 1.728837 -1.744263
v -1.179520 1.661994 -1.694078
v -1.146620 1.596517 -1.778643
v -1.064420 1.540218 -1.848847
v -1.147420 1.668001 -1.822547
v -1.071220 1.636195 -1.907347
v -0.974920 1.470183 -1.903427
v -0.984220 1.535734 -1.967511
v -1.164220 1.847844 -1.835174
v -1.174120 1.793098 -1.786285
v -1.168420 1.863069 -1.728905
v -1.157720 1.926822 -1.781074
v -1.115620 1.927710 -1.667729
v -1.110920 1.985583 -1.723848
v -0.998520 1.960629 -1.620828
v -1.011020 2.007450 -1.679797
v -1.152520 1.732842 -1.836787
v -1.133120 1.755921 -1.882018
v -0.847320 2.117890 -1.737250
v -0.972920 2.087705 -1.743522
v -0.907920 2.202541 -1.807631
v -1.089020 2.151643 -1.833144
v -1.004720 1.609000 -2.019625
v -1.034420 1.695513 -2.072166
v -1.072420 1.710691 -1.966801
v -1.090620 1.797898 -2.015796
v -1.042320 2.055521 -1.739594
v -1.111920 2.051093 -1.787233
v -1.125420 1.816148 -1.923574
v -1.133120 1.901412 -1.973584
v -1.157120 1.915233 -1.882723
v -1.162220 1.998263 -1.937371
v -1.151920 1.998865 -1.836264
v -1.156120 2.085317 -1.896322
v -0.947920 2.309159 -1.880234
v -1.102520 2.264258 -1.917517
v -0.977720 2.429251 -1.958860
v -1.119320 2.381650 -1.994499
v -1.071820 1.800759 -2.138438
v -1.122420 1.934144 -2.223400
v -1.116020 1.899828 -2.078455
v -1.151020 2.027395 -2.158148
v -1.151720 2.001509 -2.037453
v -1.176720 2.124091 -2.115834
v -1.176620 2.098982 -2.003307
v -1.193720 2.218840 -2.081346
v -1.166720 2.188389 -1.964825
v -1.180520 2.306568 -2.041560
v -1.009320 2.557393 -2.043227
v -1.138320 2.509681 -2.075266
v -1.049820 2.716873 -2.146197
v -1.167520 2.664176 -2.175221
v -1.176320 2.111468 -2.328332
v -1.223420 2.312225 -2.445117
v -1.185320 2.195051 -2.257034
v -1.225720 2.381215 -2.372668
v -1.195920 2.277613 -2.211138
v -1.223320 2.450396 -2.324049
v -1.210720 2.358553 -2.171748
v -1.229020 2.519963 -2.280315
v -1.196120 2.438015 -2.125934
v -1.218720 2.592880 -2.228772
v -1.271320 2.510453 -2.570064
v -1.332720 2.703552 -2.703223
v -1.275020 2.566042 -2.501403
v -1.338220 2.744987 -2.637494
v -1.995020 4.242919 -2.990191
v -1.956220 4.204411 -2.955178
v -1.986820 4.237371 -3.063240
v -1.921220 4.151388 -3.055744
v -1.830820 3.918239 -3.005162
v -1.866120 3.892872 -2.910480
v -1.913120 3.987234 -2.920792
v -1.867220 4.016698 -3.022146
v -1.938920 4.084520 -2.916008
v -1.966720 4.297924 -3.132624
v -1.918020 4.263123 -3.167915
v -1.962920 4.159881 -2.878847
v -1.830420 4.042840 -3.215750
v -1.912120 3.978137 -3.284443
v -1.891620 3.938923 -3.235647
v -1.827320 4.027097 -3.150357
v -1.851920 4.149543 -3.168143
v -1.825920 4.147855 -3.254088
v -1.842720 4.057947 -3.297708
v -1.931220 4.014634 -3.345016
v -1.846820 4.077347 -3.367395
v -1.921220 4.026055 -3.408458
v -1.817820 4.153442 -3.327387
v -1.812520 4.160679 -3.382658
v -1.835420 4.107635 -3.431437
v -1.899420 4.041825 -3.494885
v -2.026620 3.561657 -3.473466
v -2.054820 3.623985 -3.489256
v -1.931020 3.642920 -3.588721
v -1.904420 3.589542 -3.573509
v -1.953520 3.704032 -3.590558
v -2.076620 3.693885 -3.495788
v -1.806320 3.744483 -3.660517
v -1.785320 3.690207 -3.659081
v -1.765420 3.641265 -3.649521
v -1.797120 3.252499 -3.311830
v -1.718320 3.330674 -3.427365
v -1.686620 3.273616 -3.390331
v -1.744720 3.205519 -3.268998
v -1.608120 3.352593 -3.476770
v -1.622720 3.413421 -3.514886
v -1.589420 3.286903 -3.424013
v -1.651920 3.215704 -3.342128
v -1.692620 3.160145 -3.222767
v -1.605120 3.155533 -3.277529
v -1.631920 3.111516 -3.163703
v -1.558120 3.215838 -3.359850
v -1.528620 3.170259 -3.310125
v -1.545420 3.111535 -3.237729
v -1.541420 3.039532 -3.092382
v -1.844320 3.224620 -3.102199
v -1.832820 3.229563 -3.198775
v -1.769520 3.176090 -3.152817
v -1.768620 3.177332 -3.052373
v -1.706020 3.132413 -3.104784
v -1.696120 3.142010 -3.005054
v -1.750620 3.200872 -2.978674
v -1.704320 3.231466 -2.946835
v -1.778520 3.275779 -2.957768
v -1.826120 3.240859 -3.015003
v -1.671320 3.184379 -2.957000
v -1.655620 3.209763 -2.943996
v -1.636520 3.089408 -3.049399
v -1.620220 3.106120 -2.956565
v -1.542320 3.022695 -2.968854
v -1.527320 3.042602 -2.889557
v -1.423620 2.888573 -2.845570
v -1.429720 2.911231 -2.773926
v -1.405720 2.883565 -2.919288
v -1.795920 3.495381 -3.054219
v -1.885320 3.457219 -3.019987
v -1.795520 3.392204 -2.982216
v -1.709720 3.438680 -3.019869
v -1.869120 3.340719 -2.992538
v -1.946720 3.414459 -3.047629
v -1.698720 3.324529 -2.962331
v -1.607120 3.374832 -3.002064
v -1.269720 2.632310 -2.452653
v -1.326520 2.812499 -2.592878
v -1.257020 2.705463 -2.412016
v -1.309020 2.890913 -2.554838
v -1.205220 2.857130 -2.319608
v -1.117220 2.948858 -2.243727
v -1.200520 3.157257 -2.354155
v -1.285420 3.082368 -2.466216
v -0.926420 2.987633 -2.243865
v -1.041320 3.245977 -2.410174
v -1.241420 2.780814 -2.367844
v -1.293620 2.967691 -2.509381
v -1.305720 3.328927 -2.429166
v -1.235020 3.428627 -2.439967
v -1.381620 3.284044 -2.480472
v -1.420120 2.975618 -2.730695
v -1.487220 3.105939 -2.876339
v -1.392720 3.051235 -2.697927
v -1.364920 3.217639 -2.957059
v -1.579820 3.167825 -2.941139
v -1.584320 3.208312 -2.944883
v -1.629220 3.255137 -2.947355
v -1.495820 3.289129 -2.999360
v -1.430520 3.373435 -2.830753
v -1.484420 3.484617 -2.789496
v -1.485420 3.489140 -2.878884
v -1.504020 3.498928 -2.958949
v -1.530620 3.439200 -2.996198
v -1.376320 3.391888 -2.964805
v -1.448420 3.369847 -2.735100
v -1.481520 3.487758 -2.711279
v -1.423720 3.237484 -2.729313
v -1.414520 3.258458 -2.654562
v -1.450420 3.355024 -2.644310
v -1.497820 3.478532 -2.633986
v -1.372720 3.184712 -2.583945
v -1.435120 3.306419 -2.554794
v -1.505920 3.447615 -2.555757
v -1.373320 3.109669 -2.636813
v -2.266120 4.294433 -2.447361
v -2.194020 4.265556 -2.486312
v -2.250320 4.341325 -2.488695
v -2.204720 4.335799 -2.520972
v -2.145520 4.474990 -2.311093
v -2.139320 4.405899 -2.292693
v -2.059320 4.406928 -2.320581
v -2.061120 4.475044 -2.339438
v -2.177120 4.538071 -2.416893
v -2.122620 4.537285 -2.444586
v -2.173820 4.524104 -2.500149
v -2.235520 4.519739 -2.444309
v -2.209220 4.463673 -2.533933
v -2.280420 4.460382 -2.477629
v -2.212420 4.395925 -2.535088
v -2.268320 4.391723 -2.482043
v -2.083720 4.525457 -2.386176
v -2.165020 4.519522 -2.365187
v -2.283120 4.415744 -2.344607
v -2.234220 4.450025 -2.315858
v -2.249020 4.496500 -2.372342
v -2.314720 4.443172 -2.395694
v -2.308420 4.363189 -2.418900
v -2.284320 4.350569 -2.343508
v -2.216520 4.379417 -2.302355
v -2.509120 4.086894 -2.977173
v -2.546920 4.119741 -2.995888
v -2.535220 4.086245 -2.906090
v -2.510220 4.131102 -2.859493
v -2.554820 4.175105 -2.995357
v -2.501820 4.205113 -3.039181
v -2.450220 4.261031 -3.046430
v -1.620420 3.498926 -3.029169
v -1.560320 3.551759 -2.964777
v -1.623220 3.628654 -2.981318
v -1.684620 3.568517 -3.076689
v -1.822320 3.806917 -2.901781
v -1.790720 3.799826 -2.818152
v -1.790420 3.834887 -2.996410
v -1.739820 3.763177 -2.993189
v -1.758420 3.739953 -2.895778
v -1.736720 3.731528 -2.813329
v -1.612220 3.614763 -2.803626
v -1.623820 3.617053 -2.882226
v -1.562220 3.552070 -2.868995
v -1.540420 3.562875 -2.791633
v -1.692420 3.676982 -2.889542
v -1.677220 3.670394 -2.809390
v -1.686020 3.693253 -2.986257
v -1.623020 3.793545 -2.606158
v -1.580620 3.689622 -2.598508
v -1.606820 3.786112 -2.667496
v -1.562820 3.684247 -2.681363
v -1.532120 3.580973 -2.650537
v -1.582720 3.639708 -2.740263
v -1.521920 3.578702 -2.723093
v -1.669820 3.770536 -2.721497
v -1.694720 3.753172 -2.751761
v -1.639320 3.697282 -2.748417
v -1.619820 3.740463 -2.710834
v -1.549920 3.574265 -2.576903
v -1.633320 3.808077 -2.707382
v -1.697520 3.819049 -2.713452
v -1.744220 3.813883 -2.757028
v -1.689120 3.664098 -3.738540
v -1.668120 3.623674 -3.723874
v -1.746020 3.601497 -3.637521
v -1.593620 3.652419 -3.800928
v -1.612320 3.698951 -3.813834
v -1.571220 3.611435 -3.788698
v -1.645820 3.590437 -3.708787
v -1.724820 3.568871 -3.620896
v -1.821920 3.970751 -3.125503
v -1.808620 3.877712 -3.107000
v -1.874820 3.880539 -3.210211
v -1.863520 3.799742 -3.185183
v -1.785420 3.791822 -3.101102
v -1.751220 3.709199 -3.103126
v -1.847720 3.712485 -3.174756
v -1.842520 3.628095 -3.143126
v -1.719820 3.631807 -3.095228
v -1.833820 3.556830 -3.096105
v -1.976020 3.665563 -3.134626
v -1.956520 3.593007 -3.099800
v -2.000120 3.743600 -3.163822
v -2.104020 3.681336 -3.197112
v -2.063720 3.610018 -3.164618
v -2.031520 3.545655 -3.127710
v -1.996120 3.481438 -3.091596
v -1.933720 3.524682 -3.060219
v -1.968220 3.470129 -3.436243
v -1.850720 3.510963 -3.535029
v -1.824020 3.476254 -3.515321
v -1.937020 3.430171 -3.415840
v -1.702320 3.539178 -3.601295
v -1.793220 3.436819 -3.491881
v -1.661720 3.510244 -3.589563
v -1.898520 3.384595 -3.388453
v -2.000820 3.367444 -3.209849
v -1.989920 3.383374 -3.119065
v -2.039420 3.447384 -3.158497
v -2.047920 3.425002 -3.245151
v -2.074720 3.504773 -3.190903
v -2.079720 3.475646 -3.271841
v -1.877720 3.547005 -3.555260
v -1.998120 3.512243 -3.455819
v -2.140120 3.629308 -3.259855
v -2.104120 3.562854 -3.224873
v -2.136420 3.590610 -3.324423
v -2.106520 3.528122 -3.297322
v -1.967520 3.366020 -3.296880
v -1.904220 3.296710 -3.250746
v -1.928120 3.293415 -3.158381
v -1.849420 3.319574 -3.352285
v -2.011820 3.416650 -3.328480
v -2.041520 3.463767 -3.349667
v -1.914620 3.306098 -3.065182
v -2.071120 3.509902 -3.371212
v -2.102820 3.563995 -3.393493
v -0.651520 2.930425 -2.749264
v -0.779620 3.138502 -2.525141
v -0.695320 2.896070 -2.392861
v -0.546820 2.695549 -2.621150
v -0.313720 2.568094 -2.761026
v -0.061020 2.445347 -2.887203
v -0.118120 2.663450 -3.050555
v -0.400820 2.796171 -2.901356
v -0.484020 2.988117 -3.023365
v -0.745520 3.132295 -2.855967
v -0.160920 2.859880 -3.179012
v -0.188520 3.009969 -3.270411
v -0.546920 3.130430 -3.117121
v -0.817220 3.274311 -2.942928
v 1.298780 1.834203 -3.469855
v 1.008680 1.925992 -3.406993
v 1.621280 1.714914 -3.566079
v 1.335880 2.095003 -3.697025
v 1.673980 2.000553 -3.794903
v 1.041680 2.167615 -3.626568
v 2.932980 1.227476 -4.049245
v 2.915980 1.288918 -4.031029
v 2.914880 1.166779 -4.069922
v 3.088680 1.423960 -4.379142
v 3.109680 1.489023 -4.335471
v 3.061180 1.549750 -4.311888
v 1.470880 1.751555 -4.013004
v 1.782980 1.677310 -4.098382
v 1.729980 1.405539 -3.844606
v 1.444980 1.482344 -3.775607
v 2.036680 1.281305 -3.960753
v 2.120080 1.560944 -4.229194
v 0.540180 2.028325 -3.694211
v 0.587480 1.763829 -3.504921
v 0.303180 1.884174 -3.395914
v 0.247180 2.142009 -3.589499
v -0.050220 2.055587 -3.228326
v -0.115320 2.300617 -3.417051
v -0.877120 2.622842 -2.960772
v -0.803920 2.397250 -2.833818
v -0.988020 2.448409 -2.754498
v -1.076020 2.667510 -2.888642
v -0.449320 2.252887 -3.010042
v -0.519520 2.484345 -3.168807
v -0.192520 2.672276 -3.695138
v -0.161920 2.510628 -3.579072
v -0.569220 2.688707 -3.318137
v -0.605320 2.846767 -3.431107
v -0.941320 2.818302 -3.108618
v -0.987720 2.967976 -3.225484
v -1.353720 2.875178 -2.986592
v -1.266020 2.869224 -3.033820
v -1.443920 3.018065 -3.148430
v -1.334520 3.048195 -3.196054
v -1.151320 2.869017 -3.038840
v -1.195120 3.029035 -3.147589
v -0.334120 3.241499 -4.085089
v -0.307020 3.201392 -4.038150
v -0.733820 3.322942 -3.781820
v -0.755520 3.362064 -3.825612
v -0.285720 3.156933 -3.992165
v -0.731820 3.256129 -3.764690
v -1.141320 3.315974 -3.619751
v -1.129420 3.388628 -3.609994
v -1.135320 3.431227 -3.637856
v 0.308280 3.058985 -4.510063
v 0.342980 2.995564 -4.451564
v 0.055580 3.081018 -4.273475
v 0.028780 3.136305 -4.321330
v 0.064280 3.040534 -4.244086
v 0.351980 2.954020 -4.416028
v 1.676380 2.496664 -4.963146
v 1.659980 2.545782 -5.018574
v 2.090780 2.393592 -5.223704
v 2.104280 2.359607 -5.166690
v 1.321680 2.615517 -4.838900
v 1.293680 2.653241 -4.898199
v 1.595280 2.611621 -5.144147
v 1.223580 2.709718 -5.012699
v 2.034380 2.479363 -5.344104
v 1.778080 2.587547 -4.259244
v 1.806380 2.681298 -4.286520
v 1.472780 2.772870 -4.158258
v 1.434380 2.672761 -4.126746
v 1.483780 2.854492 -4.224809
v 1.805380 2.757996 -4.345946
v 1.258380 2.978040 -4.091774
v 1.244380 2.878364 -3.985408
v 1.178880 2.750151 -3.968360
v -0.571720 3.214939 -3.174788
v -0.840320 3.347902 -3.005741
v -0.197720 3.091955 -3.320913
v -0.200520 3.158353 -3.366917
v -0.558620 3.292949 -3.194970
v -0.837220 3.425394 -3.013633
v -0.571820 3.602162 -3.352396
v -0.259420 3.463523 -3.593997
v -0.287620 3.505566 -3.644931
v -0.623220 3.656542 -3.468722
v -0.604520 3.614744 -3.403148
v -0.323620 3.544417 -3.723498
v -0.865620 3.716769 -3.275478
v -0.837720 3.722347 -3.199523
v -0.816720 3.712684 -3.143892
v -0.500220 3.415118 -3.168597
v -0.810420 3.516710 -3.019815
v -0.143320 3.297719 -3.348554
v -0.153520 3.415038 -3.431149
v -0.784920 3.609936 -3.039810
v -0.489820 3.530197 -3.212857
v -0.533020 3.577310 -3.292243
v -0.797420 3.672451 -3.089647
v -0.222720 3.424043 -3.533798
v -0.873820 3.334546 -2.648712
v -1.060120 3.460283 -2.535984
v -0.917720 3.472285 -2.741333
v -1.074020 3.627256 -2.636913
v -0.946520 3.558119 -2.790809
v -0.931520 3.483492 -2.828528
v -1.069920 3.793450 -2.751912
v -1.078520 3.730482 -2.689179
v -0.977820 3.630618 -2.834954
v -0.992120 3.689592 -2.897920
v -0.980120 3.751165 -2.938497
v -0.972820 3.810387 -2.998844
v -1.074420 3.888677 -2.898705
v -1.081320 3.837612 -2.820251
v -1.391020 3.737909 -2.458052
v -1.323520 3.653429 -2.479718
v -1.290320 3.755005 -2.529476
v -1.349720 3.819702 -2.506963
v -1.217620 3.560582 -2.500471
v -1.215520 3.692438 -2.573000
v -1.459820 4.156621 -2.692820
v -1.376120 4.128836 -2.733310
v -1.442520 4.146035 -2.641951
v -1.347420 4.087328 -2.646985
v -1.192720 3.787322 -2.633367
v -1.170420 3.853780 -2.690687
v -1.267020 3.841788 -2.600333
v -1.240220 3.915063 -2.657755
v -1.289320 3.988532 -2.637934
v -1.273920 4.006637 -2.682053
v -1.290220 4.047089 -2.716051
v -1.232620 3.954629 -2.707431
v -1.237220 3.991321 -2.764487
v -1.311820 3.915789 -2.569062
v -1.349720 3.979265 -2.544516
v -1.393620 4.018730 -2.503343
v -1.377720 4.104490 -2.558433
v -1.436320 4.159444 -2.586875
v -1.164920 3.903573 -2.747378
v -1.168820 3.937997 -2.823900
v 3.540880 2.324150 -5.058775
v 3.487980 2.204668 -4.966589
v 3.579980 2.159765 -5.068984
v 3.621680 2.250742 -5.136190
v 3.537880 2.072205 -5.037940
v 3.409080 2.078516 -4.902541
v 3.604880 2.061853 -5.116178
v 3.666080 2.107507 -5.153478
v 3.697880 2.172940 -5.203545
v 3.514480 2.007871 -5.063237
v 3.608080 2.013477 -5.148856
v 3.438580 1.992751 -4.951930
v 3.429780 1.930629 -5.015062
v 3.502080 1.950996 -5.104727
v 3.589380 1.952877 -5.178041
v 3.691080 2.044363 -5.199140
v 3.669580 1.980014 -5.236157
v 3.720780 2.027426 -5.300099
v 3.732280 2.100552 -5.253854
v 3.705180 2.231645 -5.265325
v 3.733880 2.154933 -5.320495
v 3.689380 2.221825 -5.378390
v 3.678680 2.271178 -5.323016
v 3.718080 2.080100 -5.376957
v 3.668080 2.146112 -5.447225
v 3.557780 1.903455 -5.228812
v 3.628280 1.922024 -5.289432
v 3.537580 1.893791 -5.318829
v 3.505380 1.888405 -5.257539
v 3.551480 1.910242 -5.374063
v 3.663280 1.956230 -5.350239
v 3.655880 1.998955 -5.416259
v 3.602480 2.045098 -5.480776
v 3.546180 1.936352 -5.430035
v 3.521880 1.976198 -5.469077
v 3.395880 1.913828 -5.411418
v 3.413280 1.972647 -5.464877
v 3.403880 1.878696 -5.358778
v 3.244880 1.884209 -5.408541
v 3.254180 1.842579 -5.333843
v 3.267480 1.969666 -5.473866
v -0.324120 2.955303 -3.997540
v -0.297820 3.060883 -3.988965
v 0.055380 2.960427 -4.225729
v 0.028780 2.856395 -4.223095
v 0.343380 2.885062 -4.384497
v 0.318780 2.791208 -4.367445
v -0.233620 2.821333 -3.780887
v -0.216020 2.764935 -3.753431
v -0.635920 2.939764 -3.483170
v -0.664520 2.997117 -3.516680
v -1.013620 3.055091 -3.269476
v -1.053820 3.101140 -3.303246
v -1.197920 3.092671 -3.197761
v -1.254220 3.116276 -3.231441
v -0.755820 3.157671 -3.776855
v -1.169420 3.215992 -3.624693
v -0.765820 3.067484 -3.750573
v -1.166020 3.138489 -3.565214
v -1.359220 3.245423 -3.514688
v -1.443720 3.253878 -3.455394
v -1.459720 3.311126 -3.519663
v -1.359520 3.319226 -3.560560
v -1.336620 3.201570 -3.449937
v -1.406420 3.207353 -3.377476
v -0.753720 3.032396 -3.691820
v -1.142020 3.115494 -3.500846
v -0.314920 2.897308 -3.939325
v -0.282520 2.893089 -3.867148
v -0.734420 3.018120 -3.630949
v -1.127920 3.106638 -3.440159
v -1.098520 3.105754 -3.371894
v -1.291420 3.156354 -3.295011
v -1.387020 3.148437 -3.281249
v -1.311020 3.176944 -3.367934
v -1.473120 3.114511 -3.256086
v -1.481820 3.189136 -3.333163
v -1.303120 3.178317 -3.417138
v -1.530420 3.311665 -3.475757
v -1.507020 3.248722 -3.410017
v -0.701520 3.017966 -3.571757
v -0.252020 2.873407 -3.814906
v -1.754920 3.387310 -3.460617
v -1.646120 3.462284 -3.545387
v -1.621620 3.560813 -3.690385
v -1.545920 3.573126 -3.772506
v -1.593320 3.536994 -3.677052
v -1.516120 3.544208 -3.749053
v -1.536820 3.377729 -3.531497
v -1.452920 3.388504 -3.551302
v -1.537020 3.442380 -3.568187
v -1.433720 3.458518 -3.599198
v -1.348820 3.396203 -3.564776
v -1.337920 3.443868 -3.593644
v -1.457520 3.483063 -3.648951
v -1.552520 3.478997 -3.606816
v -1.564520 3.503048 -3.641271
v -1.472820 3.500999 -3.688472
v -1.487520 3.521451 -3.724740
v -1.557820 3.519965 -3.677046
v -1.338820 3.480715 -3.660207
v -1.312320 3.467325 -3.633343
v -1.153020 3.510098 -3.744736
v -1.138620 3.469124 -3.691537
v -1.446320 3.589712 -3.855780
v -1.413820 3.551926 -3.821126
v -1.474720 3.640728 -3.878543
v -1.274720 3.619863 -3.991152
v -1.309320 3.677450 -4.025250
v -1.236820 3.582656 -3.945846
v -1.385820 3.530297 -3.780118
v -1.365820 3.511879 -3.739223
v -1.208320 3.567647 -3.898140
v -1.185320 3.563397 -3.845999
v -1.353420 3.495511 -3.697407
v -1.166320 3.544779 -3.793095
v -0.941020 3.636202 -4.188435
v -1.042420 3.702213 -4.294664
v -0.994020 3.646896 -4.249715
v -0.678720 3.688226 -4.576360
v -0.735220 3.753931 -4.620802
v -0.617920 3.669393 -4.516357
v -0.783020 3.414167 -3.890983
v -0.381220 3.318466 -4.164534
v -0.816920 3.476114 -3.968802
v -0.437820 3.422245 -4.258839
v -0.853420 3.537053 -4.039666
v -0.496520 3.533301 -4.350815
v -0.885620 3.594138 -4.097735
v -0.547820 3.623411 -4.427188
v -0.910420 3.629683 -4.142036
v -0.580120 3.665392 -4.471915
v -0.114220 3.806387 -5.139525
v -0.333920 3.738194 -4.853717
v -0.401320 3.782074 -4.910354
v -0.197820 3.851026 -5.207437
v -0.457120 3.863795 -4.949451
v -0.258720 3.950080 -5.248326
v -0.035320 3.243730 -4.418026
v -0.111220 3.389615 -4.536917
v 0.224680 3.183485 -4.628099
v 0.130680 3.358475 -4.773637
v -0.177120 3.554469 -4.654698
v 0.065380 3.569646 -4.912652
v -0.237920 3.682968 -4.755473
v 0.001380 3.730634 -5.034566
v -0.283920 3.732808 -4.809556
v -0.053320 3.792686 -5.095349
v 0.687880 3.902906 -5.947670
v 0.589980 3.918172 -6.032323
v 0.936280 3.903738 -6.299521
v 1.029780 3.898100 -6.206492
v 0.834180 3.959434 -6.383514
v 0.494980 3.991291 -6.100774
v 1.250380 3.943041 -6.708024
v 1.356680 3.887201 -6.616426
v 1.447680 3.892449 -6.510840
v 1.051480 3.850893 -6.144341
v 0.728380 3.877769 -5.880924
v 1.459380 3.831333 -6.443792
v 1.489180 3.706927 -6.327353
v 1.064580 3.715639 -6.066800
v 0.743280 3.747794 -5.814895
v -0.124920 4.158735 -4.547357
v -0.100020 4.059901 -4.511963
v 0.235380 4.034521 -4.860939
v 0.207380 4.154234 -4.885095
v 0.182380 4.288280 -4.895691
v -0.147520 4.264670 -4.575724
v -0.480220 4.259010 -4.180681
v -0.465820 4.162843 -4.144631
v -0.472820 4.073857 -4.126893
v -0.722720 4.142638 -3.810942
v -0.713220 4.073725 -3.788724
v -0.744120 4.215002 -3.840770
v -0.926620 4.179919 -3.564445
v -0.898820 4.123271 -3.546420
v -0.884620 4.067344 -3.530457
v -0.352520 3.627973 -3.848837
v -0.637920 3.729359 -3.574854
v -0.660920 3.806262 -3.682349
v -0.375020 3.741602 -3.967709
v -0.880220 3.841687 -3.450387
v -0.866320 3.771409 -3.372255
v -0.439120 3.944549 -4.084266
v -0.456720 4.011461 -4.104796
v -0.719220 4.014065 -3.784298
v -0.712020 3.954901 -3.771228
v -0.890620 4.016259 -3.521923
v -0.904920 3.962859 -3.516629
v -0.898820 3.902583 -3.496512
v -0.686620 3.885192 -3.740543
v -0.408320 3.850974 -4.042855
v -1.129720 4.087171 -3.242409
v -1.120620 4.122029 -3.269822
v -1.194720 4.156350 -3.197195
v -1.202920 4.118969 -3.145488
v -1.167820 4.180882 -3.281007
v -1.112720 4.153384 -3.309259
v -1.231220 4.222943 -3.270535
v -1.255020 4.211314 -3.165835
v -1.289120 4.167812 -3.071111
v -1.082320 3.908217 -3.157606
v -1.061420 3.923481 -3.010865
v -0.973020 3.838283 -3.083661
v -0.993920 3.812556 -3.181629
v -1.000620 3.791797 -3.278906
v -1.043020 3.844022 -3.315521
v -1.021520 4.117087 -3.372084
v -1.017820 4.074233 -3.355256
v -1.046720 4.157593 -3.389851
v -1.127420 3.998019 -2.927074
v -1.129320 4.008637 -3.035038
v -1.193520 4.090875 -2.959611
v -1.220520 4.040867 -2.852947
v -1.136420 4.008231 -3.098369
v -1.125920 3.950175 -3.203637
v -1.130520 4.006119 -3.202771
v -1.173420 4.043346 -3.085599
v -1.331220 4.249838 -2.954326
v -1.288620 4.201963 -2.903032
v -1.237020 4.134342 -3.005753
v -1.285420 4.151739 -2.856083
v -1.129220 4.051031 -3.215371
v -1.199820 4.078460 -3.107087
v -1.305320 4.082054 -2.789836
v -1.029920 4.028997 -3.345679
v -1.041620 3.980801 -3.336877
v -1.055220 3.915051 -3.334509
v -1.066820 4.240786 -3.606666
v -1.170420 4.218988 -3.403392
v -1.099220 4.195753 -3.401744
v -0.977920 4.226987 -3.591645
v -0.801220 4.280207 -3.888647
v -0.875820 4.286376 -3.958205
v -0.558620 4.306036 -4.258570
v -0.646020 4.311788 -4.343279
v -1.063520 4.298775 -3.855006
v -1.079820 4.261644 -3.733866
v -0.921920 4.304204 -4.019870
v -0.952120 4.347811 -4.068409
v -0.693620 4.354524 -4.395775
v -0.736620 4.402495 -4.440152
v -0.220220 4.334008 -4.642893
v 0.112280 4.400518 -4.953041
v 0.005780 4.394475 -5.048455
v -0.317720 4.325272 -4.733357
v -0.377620 4.376437 -4.779249
v -0.065020 4.428066 -5.091869
v -0.156920 4.494670 -5.119130
v -0.447620 4.435591 -4.816160
v 0.901580 4.427752 -6.008550
v 1.224480 4.482804 -6.230616
v 1.136380 4.520708 -6.328972
v 0.828880 4.463664 -6.110528
v 1.474980 4.591802 -6.580452
v 1.581280 4.555809 -6.494205
v 1.273280 4.639479 -6.657501
v 0.966380 4.583156 -6.415375
v 0.685680 4.525171 -6.201394
v 1.133580 4.169508 -6.757394
v 1.187280 4.063050 -6.742380
v 0.770880 4.055449 -6.434098
v 0.737780 4.164494 -6.440246
v 0.441180 4.080333 -6.141748
v 0.409480 4.174702 -6.152159
v -0.786920 3.923529 -4.643245
v -0.527620 4.012631 -4.981722
v -0.491720 3.940626 -4.966598
v -0.763520 3.841492 -4.634717
v -0.295520 4.027153 -5.262753
v -0.330820 4.095109 -5.272004
v -1.497820 3.694904 -3.895410
v -1.335220 3.743028 -4.048663
v -1.512620 3.750786 -3.907169
v -1.348420 3.809409 -4.060110
v -1.092420 3.857520 -4.329661
v -1.076620 3.777736 -4.322004
v -1.520420 3.804435 -3.920161
v -1.353220 3.863225 -4.067382
v -1.627320 3.753697 -3.831872
v -1.642320 3.819528 -3.869895
v -1.515420 3.857280 -3.933100
v -1.344720 3.917905 -4.058577
v -1.709920 3.714211 -3.756146
v -1.737520 3.767695 -3.773154
v -1.100020 3.922965 -4.330245
v -1.113320 3.982309 -4.330983
v -0.841220 4.068690 -4.658901
v -0.804720 3.999456 -4.644917
v -1.557920 3.915145 -3.947949
v -1.496120 3.910798 -3.952410
v -1.415420 4.040730 -4.099980
v -1.358920 3.974305 -4.065497
v -1.187720 4.253622 -3.624047
v -1.210220 4.214758 -3.504110
v -1.129920 4.313762 -3.804646
v -1.177720 4.357756 -3.808385
v -1.262020 4.281113 -3.600803
v -1.302020 4.230098 -3.466651
v -1.397920 4.282756 -3.430116
v -1.367720 4.279964 -3.342931
v -1.345620 4.266776 -3.372651
v -1.359520 4.260605 -3.448741
v -1.303820 4.260036 -3.367034
v -1.324220 4.276909 -3.300937
v -1.242220 4.237687 -3.383967
v -1.281020 4.255949 -3.276519
v 2.685980 4.081728 -7.423551
v 2.765980 4.143631 -7.459500
v 2.835580 4.129849 -7.348815
v 2.775780 4.062020 -7.297185
v 2.685280 4.218351 -7.514233
v 2.588280 4.172828 -7.489448
v 2.757280 4.245566 -7.506833
v 2.825280 4.216785 -7.461735
v 2.864280 4.187037 -7.384640
v 2.766880 4.508101 -7.299260
v 2.834580 4.436926 -7.360017
v 2.774180 4.462315 -7.427650
v 2.677880 4.560895 -7.230763
v 2.692680 4.497501 -7.412672
v 2.573380 4.535560 -7.362866
v 2.799980 4.408257 -7.203723
v 2.735180 4.436318 -7.114835
v 2.841580 4.395818 -7.271966
v 2.520480 4.365434 -7.478791
v 2.527580 4.456675 -7.437396
v 2.655580 4.437353 -7.471882
v 2.647280 4.374301 -7.510527
v 2.771880 4.410876 -7.471327
v 2.763480 4.363183 -7.498556
v 2.866680 4.376117 -7.395926
v 2.873480 4.333302 -7.415758
v 2.859380 4.337132 -7.268785
v 2.869480 4.282341 -7.279099
v 2.652280 4.299138 -7.523636
v 2.758080 4.304340 -7.509809
v 2.538980 4.273400 -7.492884
v 2.862480 4.284183 -7.442570
v 2.880280 4.232790 -7.329376
v 2.845880 4.172075 -7.241769
v 2.793180 4.113250 -7.169378
v 2.817480 4.241102 -7.178534
v 2.766780 4.201516 -7.089091
v 2.738480 4.306760 -7.083341
v 2.800980 4.316628 -7.171616
v -1.507520 4.616067 -3.780466
v -1.439620 4.601471 -3.756977
v -1.341520 4.771353 -4.058478
v -1.410520 4.785885 -4.079165
v -1.282120 4.736631 -4.040273
v -1.382720 4.564553 -3.738900
v -1.160520 4.928517 -4.402894
v -1.217820 4.983564 -4.415804
v -1.291020 5.016693 -4.437609
v -1.494920 4.772589 -4.081345
v -1.586220 4.602911 -3.785041
v -1.386920 5.016360 -4.447345
v -1.491720 4.988827 -4.476701
v -1.587620 4.736959 -4.105866
v -1.674520 4.567485 -3.813056
v -1.594220 4.346885 -3.403029
v -1.536620 4.332174 -3.391267
v -1.501620 4.451042 -3.539784
v -1.565420 4.467630 -3.556244
v -1.449520 4.416404 -3.533294
v -1.483820 4.311716 -3.389157
v -1.633620 4.457803 -3.566335
v -1.648520 4.346934 -3.414145
v -1.716220 4.431677 -3.599215
v -1.730420 4.321137 -3.430377
v -1.409820 4.303210 -3.301904
v -1.367120 4.303804 -3.234956
v -1.438420 4.297874 -3.405993
v -1.467620 4.328308 -3.270286
v -1.438320 4.349006 -3.163396
v -1.723320 4.313219 -3.312038
v -1.795920 4.226726 -3.393524
v -1.805520 4.257787 -3.321689
v -1.836720 4.268208 -3.265184
v -1.746020 4.352664 -3.229395
v -1.871020 4.260106 -3.212267
v -1.818320 4.365198 -3.205624
v -1.402720 4.310102 -3.006799
v -1.345520 4.285517 -3.098591
v -1.457020 4.400665 -3.049788
v -1.312920 4.268456 -3.183731
v -1.784520 4.450760 -3.130503
v -1.774820 4.516625 -3.030289
v -1.685320 4.501729 -3.027353
v -1.725220 4.449961 -3.145976
v -1.540720 4.328784 -3.268155
v -1.609320 4.327863 -3.281531
v -1.618720 4.373922 -3.193794
v -1.536820 4.386241 -3.180052
v -1.648120 4.467871 -2.850828
v -1.725320 4.503059 -2.890743
v -1.588520 4.470543 -2.973681
v -1.793420 4.516728 -2.925805
v -1.629720 4.460410 -3.124229
v -1.680820 4.435574 -3.163746
v -1.676420 4.355107 -3.211222
v -1.547920 4.445333 -3.087346
v -1.664120 4.323042 -3.296739
v -1.821320 4.166384 -3.485401
v -1.808020 4.251748 -3.562852
v -1.867420 4.098167 -3.577939
v -1.863920 4.171767 -3.678616
v -1.702120 3.866107 -3.881898
v -1.776920 3.816148 -3.782944
v -1.818420 3.864526 -3.791435
v -1.758120 3.912033 -3.899848
v -1.828220 3.800831 -3.647707
v -1.846020 3.871414 -3.635067
v -1.877320 3.953015 -3.744091
v -1.849520 3.920341 -3.810612
v -1.881220 4.028248 -3.857295
v -1.819220 3.971618 -3.899571
v -1.873520 4.019500 -3.663074
v -1.897520 3.953883 -3.572148
v -1.900220 4.100230 -3.777759
v -1.697720 3.958385 -4.003922
v -1.613420 4.058212 -4.147141
v -1.528520 4.048903 -4.102708
v -1.624220 3.925329 -3.974801
v -1.789420 4.361624 -3.701477
v -1.834520 4.274941 -3.822542
v -1.755620 4.503459 -3.910458
v -1.785420 4.410747 -4.027767
v -1.855220 4.197299 -3.916632
v -1.842920 4.113811 -3.984419
v -1.797320 4.324776 -4.111326
v -1.766320 4.232165 -4.158410
v -1.776120 4.029160 -4.008299
v -1.701520 4.131506 -4.168901
v -1.668920 4.669864 -4.200442
v -1.702520 4.578485 -4.313166
v -1.573520 4.916529 -4.569678
v -1.611720 4.822287 -4.676259
v -1.381520 4.496180 -4.740497
v -1.495320 4.257249 -4.383630
v -1.591120 4.314706 -4.422343
v -1.481820 4.552069 -4.776397
v -1.654820 4.412550 -4.420230
v -1.557020 4.647081 -4.777254
v -1.693320 4.494702 -4.386179
v -1.592720 4.735254 -4.741649
v -1.479220 5.278786 -5.022813
v -1.521320 5.179805 -5.113443
v -1.387320 5.335977 -4.940435
v -1.310020 5.688883 -5.336418
v -1.411220 5.627186 -5.423967
v -1.444720 5.511503 -5.504755
v -1.205720 5.014486 -5.597815
v -1.276020 4.780181 -5.184682
v -1.386020 4.842258 -5.209903
v -1.318720 5.098040 -5.603148
v -1.472420 4.950133 -5.202897
v -1.396620 5.231519 -5.576614
v -1.505820 5.068988 -5.167801
v -1.432320 5.376527 -5.546803
v -0.833820 6.478685 -7.013492
v -0.911120 6.246756 -6.702695
v -0.823120 6.328292 -6.649547
v -0.721920 6.574984 -6.947260
v -0.943620 6.160066 -6.381505
v -1.019220 6.077536 -6.434813
v -0.844120 6.204247 -6.338755
v -0.718020 6.375628 -6.604208
v -0.581520 6.615265 -6.890913
v -1.055320 5.978348 -6.513333
v -0.970820 6.149477 -6.777899
v -0.952320 6.023081 -6.846791
v -1.042720 5.855035 -6.585251
v -0.890020 6.357056 -7.088516
v -0.867120 6.218562 -7.157815
v -0.617720 6.015444 -7.202844
v -0.719620 5.811463 -6.852649
v -0.870920 5.879150 -6.888160
v -0.773520 6.080099 -7.213890
v -0.963820 5.714569 -6.607085
v -0.836120 5.625892 -6.565488
v 1.501280 0.629593 -1.561392
v 1.557180 0.701454 -1.570614
v 1.325680 0.805358 -1.552220
v 1.261780 0.726230 -1.552338
v 1.379780 0.873039 -1.587632
v 1.607080 0.767390 -1.595009
v 1.399680 0.899755 -1.657392
v 1.387980 0.882399 -1.730629
v 1.629780 0.806064 -1.735692
v 1.636280 0.810909 -1.655773
v 1.355080 0.835416 -1.792275
v 1.586380 0.750483 -1.801046
v 1.559880 0.729725 -1.879491
v 1.323280 0.789567 -1.866477
v 2.148180 2.485950 -4.390796
v 2.146080 2.425926 -4.337307
v 2.495280 2.303101 -4.499851
v 2.512280 2.364294 -4.551068
v 1.772080 2.512945 -4.215121
v 2.128980 2.328531 -4.256252
v 1.759780 2.408760 -4.137868
v 2.469080 2.213848 -4.410707
v 2.226780 0.253919 -1.907001
v 2.185180 0.297785 -1.983972
v 2.174980 0.183832 -1.929829
v 2.122880 0.221844 -1.988912
v 2.103980 0.047324 -1.637196
v 2.057580 0.046830 -1.733288
v 1.970580 0.070381 -1.584360
v 1.946680 0.060615 -1.677789
v 2.160580 0.319638 -2.181334
v 2.222580 0.361108 -2.179611
v 2.184380 0.322285 -2.044947
v 2.128780 0.268648 -2.045878
v 3.460780 1.897734 -5.153217
v 3.417180 1.865132 -5.214123
v 3.373780 1.858083 -5.064379
v 3.263880 1.850492 -5.121319
v 3.279280 1.828105 -4.829128
v 3.220880 1.764471 -4.885236
v 3.303780 1.817255 -4.996546
v 3.368780 1.894168 -4.937958
v 3.183380 1.826313 -5.021260
v 3.108080 1.779806 -4.893956
v 3.404680 1.856872 -5.288732
v 3.261580 1.830959 -5.237857
v 3.492080 2.095918 -5.507056
v 3.362980 2.136902 -5.486730
v 3.470280 2.330510 -5.513779
v 3.569980 2.231204 -5.470300
v 2.509580 4.611436 -7.077453
v 2.590880 4.594342 -7.155183
v 2.469980 4.575419 -7.302739
v 2.357380 4.619655 -7.240351
v 2.671480 4.465265 -7.030803
v 2.598680 4.484354 -6.952956
v 2.394280 4.471498 -7.399667
v 2.272380 4.501134 -7.401141
v 2.379380 4.334262 -7.421912
v 2.190880 4.306558 -7.420927
v 2.733480 4.066490 -7.106299
v 2.692480 4.009747 -7.043803
v 2.626080 3.962225 -7.178506
v 2.702480 4.019539 -7.240467
v 2.722280 4.162102 -7.011158
v 2.670480 4.116304 -6.916569
v 2.682380 4.297894 -7.003623
v 2.619880 4.299530 -6.930502
v 3.639080 2.327999 -5.224032
v 3.565780 2.423691 -5.179973
v 3.625280 2.354757 -5.323640
v 3.543080 2.489108 -5.337725
v 3.605980 2.317554 -5.408657
v 3.545780 2.427511 -5.456120
v 1.073080 2.872217 -5.241006
v 1.443480 2.791143 -5.403213
v 1.273480 3.081093 -5.692087
v 0.911880 3.139349 -5.494251
v 1.744480 3.069351 -5.873381
v 1.901980 2.724735 -5.590106
v 0.795780 3.462973 -5.694308
v 1.135880 3.418388 -5.923801
v 1.599880 3.430452 -6.121634
v 0.785280 0.460711 -1.162166
v 0.707380 0.338137 -0.951960
v 0.886280 0.181033 -0.995901
v 0.968780 0.303255 -1.220653
v 0.803180 0.058404 -0.774479
v 0.641180 0.224051 -0.732743
v 0.990480 -0.080960 -0.820289
v 1.080780 0.037590 -1.050765
v 1.187980 0.177434 -1.261664
v 1.146680 -0.079277 -1.359810
v 1.068080 -0.210689 -1.197201
v 0.960880 -0.150771 -1.202614
v 1.037480 -0.020145 -1.362064
v 1.254880 -0.131677 -1.351053
v 1.174280 -0.262570 -1.183605
v 1.356180 -0.468389 -0.642593
v 1.427480 -0.385071 -0.823840
v 1.465180 -0.359061 -0.785557
v 1.405280 -0.440018 -0.605274
v 1.543580 -0.255187 -0.989443
v 1.515280 -0.277181 -1.026189
v 1.665080 -0.153555 -1.172125
v 1.686880 -0.127991 -1.136472
v 1.629380 -0.174373 -1.206698
v 1.738580 -0.065127 -1.367097
v 1.776380 -0.045061 -1.333369
v 1.795780 -0.022587 -1.299700
v 1.839080 0.015933 -1.521731
v 1.870680 0.028318 -1.474828
v 1.883380 0.048659 -1.426960
v 1.885680 0.085936 -1.380906
v 1.776880 0.012314 -1.276424
v 1.838780 0.134747 -1.376250
v 1.726280 0.041336 -1.270821
v 1.667080 -0.088943 -1.110449
v 1.619680 -0.063259 -1.097429
v 1.390780 0.477931 -1.501339
v 1.453280 0.567608 -1.539471
v 1.214580 0.662176 -1.534444
v 1.155680 0.576212 -1.491287
v 1.006380 0.768997 -1.504260
v 0.951880 0.695579 -1.451254
v 0.869480 0.582840 -1.337338
v 1.064780 0.443608 -1.390553
v 1.297880 0.337261 -1.409991
v 3.130180 1.614295 -4.680951
v 3.033680 1.623813 -4.682699
v 3.196480 1.656549 -4.637812
v 3.037380 1.373174 -4.420276
v 2.956080 1.354421 -4.443911
v 1.918580 1.603163 -3.685003
v 2.001780 1.903477 -3.909562
v 1.816280 1.317742 -3.410189
v 2.097880 1.239951 -3.493169
v 2.210080 1.504608 -3.801752
v 2.301580 1.781373 -4.062148
v 1.724480 2.235732 -3.989913
v 2.076480 2.149367 -4.106151
v 2.400280 2.033822 -4.257851
v 2.892880 1.118212 -4.095900
v 2.847280 1.066779 -4.137973
v 2.761580 0.850346 -3.732410
v 2.718580 0.785929 -3.776845
v 2.320280 0.435911 -2.487671
v 2.255580 0.397311 -2.493934
v 2.415880 0.451373 -2.911591
v 2.478680 0.524766 -2.888770
v 2.643280 0.643754 -3.315254
v 2.570780 0.583004 -3.352161
v 1.783180 0.874424 -2.769865
v 1.932480 1.012388 -3.154270
v 1.680680 1.119327 -3.076397
v 1.554580 1.004586 -2.710569
v 1.377480 2.431743 -4.736748
v 1.350580 2.527174 -4.780755
v 1.682680 2.388216 -4.931220
v 1.708380 2.302425 -4.879036
v 2.099480 2.255613 -5.128693
v 2.099380 2.149250 -5.081018
v 2.337580 0.331831 -1.671854
v 2.331180 0.305518 -1.608982
v 2.257380 0.409776 -1.648066
v 2.241180 0.387515 -1.582553
v 2.308680 0.266111 -1.558596
v 2.218080 0.349481 -1.536794
v 2.116480 0.130683 -1.913403
v 2.045980 0.153015 -1.944152
v 2.070880 0.092107 -1.870380
v 1.987380 0.099591 -1.892181
v 2.049880 0.062956 -1.810379
v 1.964180 0.067478 -1.808913
v 1.588480 0.745738 -2.100333
v 1.676280 0.812616 -2.385917
v 1.448780 0.919980 -2.363314
v 1.363680 0.844567 -2.099665
v 1.327580 0.805136 -1.958025
v 1.556980 0.727670 -1.955741
v 1.528180 0.687778 -2.450612
v 1.339980 0.733662 -2.452437
v 1.740680 0.612916 -2.456890
v 1.667980 0.475273 -2.187663
v 1.475880 0.539692 -2.199825
v 1.306380 0.584844 -2.214816
v 1.295380 0.529129 -2.103077
v 1.451280 0.468955 -2.091568
v 1.634980 0.409907 -2.068474
v 2.604380 4.037766 -7.367220
v 2.494080 4.131321 -7.432271
v 2.517480 4.006266 -7.308157
v 2.397580 4.091388 -7.372901
v 2.417580 4.236826 -7.434420
v 2.289680 4.190189 -7.402587
v 1.032680 4.255143 -5.794056
v 1.037380 4.140842 -5.757964
v 1.335380 4.186436 -6.005024
v 1.338080 4.291945 -6.027807
v 1.338280 4.091551 -5.963490
v 1.026280 4.028882 -5.729348
v 1.712480 4.158933 -6.218293
v 1.705980 4.252353 -6.253602
v 1.711080 4.368700 -6.266435
v 0.991580 4.399936 -5.866831
v 1.308380 4.437005 -6.093153
v 1.673980 4.513783 -6.347608
v 1.697380 2.820475 -4.492851
v 2.088480 2.731474 -4.606838
v 2.049880 2.753790 -4.666437
v 1.648780 2.831266 -4.560936
v 2.469780 2.647398 -4.837637
v 2.507580 2.620304 -4.773408
v 2.391680 2.715137 -4.968307
v 1.976580 2.819308 -4.786519
v 1.569680 2.879401 -4.683537
v 2.029080 3.124923 -5.567918
v 1.615480 3.171681 -5.351621
v 1.814280 2.963324 -5.037944
v 2.241480 2.914129 -5.219424
v 1.414180 3.005542 -4.920480
v 1.242480 3.215564 -5.194092
v 3.380380 1.961110 -4.861321
v 3.293780 1.885660 -4.763257
v 3.325780 2.027670 -4.803840
v 3.243780 1.945982 -4.708745
v 3.217980 1.717872 -4.579835
v 3.165080 1.778112 -4.539351
v 1.825980 1.924978 -4.342546
v 2.194880 1.825351 -4.466671
v 1.501180 2.012622 -4.215616
v 1.527280 2.219995 -4.365070
v 1.854680 2.114458 -4.530310
v 2.240080 2.015656 -4.659996
v 1.513280 2.343989 -4.532722
v 1.856380 2.269108 -4.670625
v 1.869780 2.221319 -4.612215
v 1.528180 2.311705 -4.465390
v 2.249280 2.144300 -4.812951
v 2.257380 2.105178 -4.755435
v 3.166880 2.737519 -5.937352
v 3.396580 2.587186 -5.649834
v 3.319780 2.520086 -5.662070
v 3.127480 2.693006 -5.972709
v 2.973680 2.906744 -6.440135
v 2.992880 3.009899 -6.321513
v 2.939280 3.044518 -6.233443
v 3.134080 2.775018 -5.874557
v 3.341180 2.645573 -5.572495
v 3.457680 2.564139 -5.426899
v 3.506180 2.503910 -5.515564
v 3.441580 2.418546 -5.561523
v 2.149380 2.720531 -4.534453
v 2.558780 2.608442 -4.693865
v 1.756980 2.796020 -4.420654
v 2.189280 2.664760 -4.464589
v 2.586080 2.554141 -4.618304
v 2.169780 2.567651 -4.434703
v 2.559080 2.459497 -4.574052
v 1.446280 2.366511 -4.654114
v 1.411180 2.384734 -4.695120
v 1.734980 2.262386 -4.838403
v 1.769580 2.259243 -4.796616
v 2.119280 2.102143 -5.018861
v 2.157280 2.112267 -4.955563
v 2.210080 2.151136 -4.888781
v 1.817880 2.281654 -4.741313
v 1.483080 2.359173 -4.598847
v 2.799280 3.468102 -6.536143
v 2.742080 3.335538 -6.706869
v 2.829480 3.408941 -6.644781
v 2.607980 3.706608 -6.928596
v 2.706380 3.772609 -6.871848
v 2.659780 3.833751 -6.761091
v 2.610380 3.869059 -7.078973
v 2.683080 3.938609 -6.985255
v 2.660880 4.017648 -6.861933
v 1.443780 3.457197 -5.641756
v 1.108680 3.489781 -5.424584
v 1.825680 3.425087 -5.911590
v 1.347280 3.763315 -5.830215
v 1.749380 3.817654 -6.072657
v 1.034180 3.754464 -5.582810
v 1.740980 4.057622 -6.133660
v 1.335480 3.973106 -5.907907
v 1.021080 3.920297 -5.671084
v 2.167780 4.534465 -7.431547
v 1.929180 4.639348 -7.483015
v 1.927380 4.671594 -7.302927
v 2.202580 4.649036 -7.294028
v 2.062380 4.376576 -7.456903
v 1.842080 4.507382 -7.574871
v 0.920680 4.377343 -6.801642
v 1.070980 4.248350 -6.766108
v 0.678880 4.247148 -6.449038
v 0.548980 4.377561 -6.484890
v 0.342280 4.250058 -6.171496
v 0.219080 4.364408 -6.217001
v -0.658220 6.090452 -6.266772
v -0.636020 5.946039 -6.248468
v -0.525220 6.123762 -6.545303
v -0.536220 6.266833 -6.540648
v -0.503620 5.993515 -6.532882
v -0.623920 5.810005 -6.227870
v -0.302220 6.219383 -6.846236
v -0.337720 6.342360 -6.843957
v -0.362520 6.486671 -6.824503
v -0.453520 6.592095 -6.838977
v -0.611920 6.362021 -6.558223
v -0.736520 6.190683 -6.290063
v 1.936880 0.453465 -1.536927
v 1.985880 0.498226 -1.560656
v 1.786480 0.591804 -1.579828
v 1.735080 0.533934 -1.564879
v 1.828880 0.646174 -1.599990
v 2.020580 0.540148 -1.590661
v 1.829080 0.699117 -1.806553
v 2.018880 0.608183 -1.798345
v 1.987480 0.618083 -1.878604
v 1.795880 0.685588 -1.881871
v 1.869780 0.722008 -1.723475
v 2.048480 0.591702 -1.713462
v 2.581380 1.081275 -3.659311
v 2.737380 1.338847 -3.990647
v 2.495180 1.399937 -3.921864
v 2.365280 1.148661 -3.588559
v 2.600380 1.660370 -4.204450
v 2.875680 1.614785 -4.248886
v 3.168480 2.166026 -4.800762
v 3.257580 2.289391 -4.825706
v 2.944980 2.361313 -4.717726
v 2.880480 2.255479 -4.685946
v 2.988880 2.474072 -4.777147
v 3.310580 2.416257 -4.912251
v 2.009980 0.356256 -2.170278
v 2.098880 0.320157 -2.176495
v 2.059280 0.255676 -2.046736
v 1.960280 0.281207 -2.048249
v 2.034480 0.218369 -2.001436
v 1.934880 0.240634 -2.007047
v 2.972780 1.961208 -5.228041
v 3.142480 1.868789 -5.298954
v 3.153780 1.865614 -5.200071
v 2.989680 1.957824 -5.139287
v 3.143480 1.864019 -5.097389
v 2.983980 1.933643 -5.042633
v 2.721780 1.378126 -4.431306
v 2.873680 1.357825 -4.447318
v 2.757180 1.064408 -4.152235
v 2.603580 1.095678 -4.133679
v 2.618980 0.792149 -3.790705
v 2.475380 0.849225 -3.762928
v 2.285780 4.594670 -6.874586
v 2.429980 4.614753 -7.000529
v 2.296080 4.644751 -7.133304
v 2.160380 4.613191 -7.014944
v 2.520880 4.492544 -6.880555
v 2.367980 4.476686 -6.761778
v 3.486880 2.478105 -5.128911
v 3.448080 2.532687 -5.270968
v 3.298780 2.596837 -5.155128
v 3.465980 2.372173 -4.996066
v 3.319480 2.512820 -5.039032
v 2.719380 3.033164 -6.085454
v 2.563780 3.466493 -6.364645
v 2.252580 3.470520 -6.133616
v 2.394480 3.031705 -5.871975
v 2.176880 3.889448 -6.291542
v 2.447380 3.860599 -6.570901
v 1.316780 -0.167415 -0.895562
v 1.426580 -0.026742 -1.088082
v 1.266480 -0.022777 -1.083943
v 1.164480 -0.147245 -0.865334
v 1.390180 0.132769 -1.263574
v 1.551180 0.118609 -1.254384
v 1.989380 0.332997 -1.489576
v 1.883980 0.272728 -1.450726
v 2.071080 0.374760 -1.523697
v 1.864680 0.407896 -1.509639
v 1.772680 0.341597 -1.467035
v 2.117080 0.416166 -1.551729
v 2.143980 0.452989 -1.587040
v 1.676680 0.480477 -1.538053
v 1.601980 0.403569 -1.490459
v 2.166180 0.478013 -1.643276
v 2.165280 0.494057 -1.717266
v 2.045080 0.569607 -1.643932
v 2.130980 0.513204 -1.803195
v 2.098880 0.534512 -1.888397
v 1.862780 0.694930 -1.647526
v 2.098580 0.549535 -1.960343
v 2.147980 0.589735 -2.104844
v 2.042880 0.679426 -2.076361
v 1.988980 0.630509 -1.940384
v 1.793980 0.688325 -1.944117
v 1.841680 0.740925 -2.077976
v 2.499280 0.837097 -3.296641
v 2.346880 0.713373 -2.849097
v 2.692280 1.058885 -3.687566
v 2.403280 0.869605 -3.266693
v 2.240580 0.737120 -2.833786
v 2.863480 1.317045 -4.016964
v 3.006080 1.581364 -4.287201
v 2.198480 0.939993 -3.211291
v 2.038380 0.799142 -2.803215
v 3.251880 2.061615 -4.776212
v 3.175480 1.974319 -4.682847
v 3.314880 2.121089 -4.856278
v 3.111680 2.104530 -4.728928
v 3.044280 2.013626 -4.638978
v 3.406980 2.241434 -4.901533
v 2.843680 2.195799 -4.624625
v 2.789580 2.099072 -4.546435
v 1.580780 -0.062609 -1.430758
v 1.456980 -0.030898 -1.460860
v 1.549680 0.083130 -1.613967
v 1.679880 0.041447 -1.588055
v 1.629680 0.144843 -1.764923
v 1.764680 0.092959 -1.741010
v 1.669880 0.138297 -1.886012
v 1.807780 0.079584 -1.863499
v 1.707980 0.171021 -1.955721
v 1.847480 0.116399 -1.936375
v 1.896380 0.063001 -1.831713
v 1.858380 0.070094 -1.707988
v 1.927680 0.102279 -1.912458
v 1.674380 -0.075652 -1.401269
v 1.774980 0.023149 -1.557771
v 1.749480 0.229333 -1.998792
v 1.893880 0.177952 -1.980058
v 1.786880 0.295612 -2.017056
v 1.811280 0.337789 -2.056562
v 1.856380 0.411147 -2.175384
v 1.982380 0.165282 -1.958661
v 2.882880 1.826481 -4.852763
v 2.596380 1.902724 -4.780992
v 2.629880 1.973039 -4.887170
v 2.943680 1.905029 -4.960964
v 2.647980 2.007040 -4.946186
v 2.638880 2.053000 -5.029847
v 2.601080 2.028906 -5.109488
v 3.031480 1.804153 -4.875204
v 3.094480 1.853764 -5.009337
v 2.204580 0.515668 -2.909636
v 2.023280 0.608641 -2.882465
v 2.114880 0.720484 -3.318682
v 2.328680 0.638654 -3.354819
v 2.239980 0.931856 -3.707912
v 2.352080 1.183615 -4.052911
v 2.458080 1.464183 -4.337224
v 2.323080 0.464019 -2.918866
v 2.467580 0.585464 -3.368546
v 2.965180 2.021649 -5.358937
v 2.571780 2.074639 -5.233832
v 2.607480 2.193379 -5.287595
v 3.029880 2.152287 -5.441455
v 2.619680 2.277833 -5.399158
v 3.092280 2.279373 -5.518070
v 2.617180 2.304821 -5.444460
v 2.551880 2.397298 -5.551045
v 3.015580 2.434770 -5.657441
v 3.096480 2.334458 -5.555620
v 3.337380 2.385543 -5.564154
v 3.333480 2.306297 -5.519402
v 3.242180 2.503495 -5.666145
v 3.150380 1.979991 -5.453428
v 3.251480 2.149898 -5.469141
v 2.312480 3.664477 -6.829885
v 1.967080 3.725507 -6.561267
v 1.938680 3.867574 -6.700515
v 2.291480 3.816586 -6.983272
v 1.915480 3.918007 -6.804148
v 2.292380 3.895824 -7.063885
v 1.820280 3.905454 -6.923584
v 1.700280 3.946170 -7.025482
v 2.092180 4.003636 -7.242599
v 2.212080 3.945293 -7.156156
v 2.416080 3.980059 -7.259103
v 2.497180 3.931704 -7.156750
v 2.295080 4.054404 -7.331388
v 2.514380 3.681680 -6.915127
v 2.499780 3.837578 -7.080211
v 1.605280 4.053336 -7.076616
v 1.515280 4.146890 -7.112519
v 1.873480 4.193095 -7.327188
v 1.979480 4.099521 -7.294393
v 1.443480 4.229358 -7.114710
v 1.286080 4.396064 -7.115084
v 1.590080 4.444466 -7.343349
v 1.780780 4.272511 -7.340577
v 1.960780 4.307370 -7.445121
v 2.064480 4.238796 -7.409863
v 1.738980 4.455760 -7.462893
v 2.178080 4.151767 -7.372477
v -0.622420 6.309336 -7.518032
v -0.490020 6.242888 -7.529429
v -0.720920 6.423133 -7.471814
v -0.567920 6.589912 -7.716799
v -0.501720 6.486881 -7.772406
v -0.390820 6.419002 -7.797009
v -0.742120 6.553261 -7.406809
v -0.568520 6.693257 -7.652861
v -0.692120 6.676458 -7.334599
v -0.521920 6.788063 -7.591925
v -0.565020 6.753461 -7.268994
v -0.413320 6.851926 -7.536303
v -0.424420 6.775630 -7.216410
v -0.294120 6.876972 -7.486658
v -0.311420 6.741918 -7.170900
v -0.226520 6.654547 -7.149962
v -0.130420 6.771550 -7.420796
v -0.198120 6.853033 -7.436970
v -0.179120 6.533404 -7.166460
v -0.173620 6.417538 -7.201280
v -0.086020 6.568984 -7.494142
v -0.094720 6.667872 -7.448193
v 1.783380 4.652260 -7.155504
v 1.570080 4.687494 -6.915139
v 1.787180 4.604758 -6.860373
v 2.032580 4.621105 -7.083499
v 1.904380 4.573204 -6.788392
v 2.007980 4.533429 -6.652882
v 2.071080 4.424641 -6.543142
v 1.893680 4.660543 -7.252687
v 2.162280 4.655563 -7.193176
v 2.069980 4.300841 -6.531346
v 2.072780 4.194352 -6.507218
v 2.387580 4.209394 -6.718300
v 2.378280 4.332730 -6.744448
v 2.109080 4.082999 -6.425576
v 2.406180 4.084113 -6.665720
v 2.581480 3.843114 -6.705349
v 2.566080 4.059368 -6.790778
v 2.560680 4.178370 -6.831904
v 2.541180 4.322046 -6.859868
v 3.116180 2.687579 -5.408565
v 2.795780 2.680104 -5.203552
v 2.903180 2.657485 -5.044501
v 3.238380 2.650833 -5.246032
v 2.955580 2.630063 -4.962661
v 2.989180 2.569022 -4.866058
v 3.269280 2.667568 -5.515214
v 3.384680 2.590117 -5.364076
v 3.078380 2.783986 -5.825751
v 2.883180 3.047850 -6.182462
v 2.924080 2.780371 -5.724489
v 2.730580 3.478962 -6.468294
v 2.609380 2.787334 -5.509416
v 2.630480 3.328798 -6.672103
v 2.813580 2.895556 -6.396112
v 2.578980 2.890244 -6.325803
v 2.415580 3.316016 -6.604233
v 3.047480 2.672868 -5.979496
v 2.815980 2.612721 -5.956467
v 2.393080 2.645651 -5.803484
v 2.194280 2.967156 -6.128378
v 2.046580 3.372912 -6.384840
v 1.364480 -0.267529 -0.702875
v 1.314180 -0.330689 -0.525459
v 1.442880 -0.152315 -0.888268
v 1.246480 -0.265099 -0.689611
v 1.207180 -0.323211 -0.502583
v 1.545880 -0.034480 -1.084227
v 1.658480 0.079485 -1.261980
v 0.933380 -0.170276 -0.599825
v 1.100880 -0.240221 -0.649090
v 1.067480 -0.295148 -0.456567
v 0.901580 -0.228469 -0.407994
v 1.574280 -0.189678 -1.244756
v 1.492480 -0.190967 -1.284399
v 1.469780 -0.300914 -1.069147
v 1.396980 -0.316482 -1.116436
v 1.378380 -0.174135 -1.325587
v 1.290080 -0.304312 -1.158398
v 1.506180 0.287531 -1.390359
v 1.668080 0.245215 -1.377607
v 1.771980 0.185182 -1.380515
v 3.104080 1.809034 -4.511399
v 2.978980 1.853405 -4.459922
v 2.710380 1.916355 -4.397243
v 2.545180 1.726845 -4.577407
v 2.813780 1.640067 -4.669427
v 2.961780 1.626327 -4.681149
v 1.942180 0.524589 -2.467563
v 2.108080 0.457895 -2.474766
v 2.197780 0.415564 -2.485755
v 2.230880 0.642829 -2.425391
v 2.124880 0.699599 -2.402640
v 1.920080 0.747895 -2.394308
v 3.131180 1.900493 -5.376937
v 2.959680 1.976384 -5.285453
v 2.577280 2.031198 -5.169257
v -1.969420 3.768117 -3.569583
v -1.994520 3.831286 -3.550064
v -2.096520 3.760885 -3.498985
v -2.088320 3.812759 -3.517590
v -2.033820 3.826910 -3.190707
v -2.159520 3.767206 -3.226652
v -2.069720 3.916392 -3.218633
v -2.205420 3.858622 -3.263681
v -2.230020 3.752139 -3.395619
v -2.184920 3.669139 -3.356896
v -2.200220 3.711401 -3.293322
v -2.254920 3.799769 -3.331330
v -2.079020 3.982413 -3.282189
v -2.212120 3.938934 -3.316385
v -2.083020 4.029295 -3.349068
v -2.178420 3.990817 -3.357427
v -2.265220 3.886078 -3.380378
v -2.207220 3.967381 -3.422606
v -2.192020 3.915359 -3.483745
v -2.240220 3.832108 -3.439027
v -2.072920 4.003571 -3.517355
v -2.083920 4.041870 -3.437385
v -2.151820 3.854645 -3.504122
v -2.037620 3.914402 -3.546207
v -2.183320 3.786612 -3.466127
v -2.169520 3.713588 -3.442148
v -2.137720 3.636678 -3.416792
v -1.326820 4.311913 -3.584478
v -1.238220 4.402871 -3.795330
v -1.291520 4.476002 -3.798870
v -1.378520 4.346724 -3.568219
v -1.414620 4.380878 -3.547591
v -1.340820 4.519564 -3.745536
v -1.135120 4.866482 -4.422948
v -1.242420 4.685133 -4.052098
v -1.198520 4.650816 -4.100783
v -1.110120 4.807030 -4.459780
v -0.989320 4.399982 -4.109234
v -1.036820 4.456800 -4.130154
v -0.798720 4.474172 -4.485646
v -0.871020 4.551393 -4.514590
v -1.094720 4.514769 -4.117651
v -0.945720 4.616705 -4.509470
v -1.011720 4.681245 -4.496282
v -1.136320 4.578685 -4.124633
v -1.061220 4.752384 -4.503444
v -1.137220 4.653020 -4.205333
v 0.554480 5.025343 -6.780997
v 0.340680 4.975430 -6.511450
v 0.660780 4.753597 -6.476233
v 0.913780 4.782701 -6.737680
v 0.408280 4.682121 -6.269652
v 0.118580 4.894865 -6.301894
v -0.210520 6.035271 -6.835962
v -0.270220 6.147252 -6.839233
v -0.474920 5.910422 -6.520008
v -0.411420 5.807430 -6.519718
v -0.608720 5.725743 -6.217268
v -0.561320 5.627935 -6.233704
v 0.109980 5.179284 -6.539002
v -0.085820 5.084759 -6.318542
v 0.305180 5.265458 -6.811939
v 0.119280 5.524176 -6.825265
v -0.070320 5.393360 -6.542617
v -0.253220 5.267469 -6.313372
v -0.260920 5.618545 -6.532360
v -0.062520 5.806375 -6.829006
v -0.429420 5.460697 -6.277336
v 1.161980 4.847396 -7.003058
v 1.332180 4.851502 -7.251542
v 0.864280 5.117475 -7.354699
v 0.726280 5.064493 -7.096049
v 0.002980 6.364265 -7.530648
v -0.059120 6.503178 -7.516519
v -0.146220 6.348842 -7.208500
v -0.083720 6.224111 -7.208177
v 0.416880 5.736224 -7.464281
v 0.180680 6.072770 -7.513528
v 0.068380 5.951873 -7.198346
v 0.274580 5.633065 -7.169800
v 0.465580 5.341785 -7.139243
v 0.607480 5.426795 -7.412848
v 0.924580 5.136134 -7.485432
v 1.407880 4.842494 -7.364760
v 1.417180 4.842192 -7.385313
v 0.928980 5.149092 -7.523741
v 0.688180 5.479074 -7.572070
v 0.520480 5.811257 -7.640903
v 0.723180 5.506775 -7.675830
v 0.563180 5.845395 -7.772536
v 1.409580 4.841237 -7.504371
v 0.931880 5.162132 -7.654303
v 1.326380 4.766086 -7.533105
v 0.831480 5.099652 -7.671878
v 0.676180 5.479215 -7.792136
v 0.512580 5.824928 -7.905657
v 0.563180 5.427536 -7.804273
v 0.384980 5.768081 -7.916793
v 1.270580 4.761382 -7.486900
v 0.759880 5.057057 -7.649225
v 1.155680 4.742441 -7.401060
v 0.641580 4.990352 -7.563672
v 0.195780 5.638634 -7.698674
v 0.297080 5.715166 -7.840951
v 0.474080 5.370759 -7.770327
v 0.358480 5.299478 -7.652786
v -0.537320 5.969347 -7.204237
v -0.404520 6.200016 -7.539748
v -0.291120 6.109088 -7.517916
v -0.446120 5.884482 -7.188461
v -0.294120 6.387488 -7.804560
v -0.169720 6.283251 -7.788115
v 0.893180 4.651446 -7.210145
v 0.432680 4.898883 -7.368076
v 0.590380 4.607715 -6.914392
v 0.228180 4.874070 -7.044672
v 0.170580 5.200270 -7.441315
v 0.012480 5.148534 -7.101154
v -0.119820 5.427219 -7.111611
v 0.025780 5.522323 -7.461959
v -0.126620 5.860790 -7.480640
v -0.291320 5.686826 -7.150429
v 0.029380 6.016676 -7.726063
v -0.648720 5.756102 -6.846369
v -0.767420 5.556369 -6.551721
v -0.581520 5.668703 -6.840358
v -0.704120 5.467068 -6.544018
v 0.277580 4.583350 -6.602082
v -0.014120 4.820446 -6.727060
v -0.016520 4.521313 -6.344463
v -0.238020 4.748446 -6.446383
v -0.194120 5.053842 -6.776726
v -0.382020 4.951080 -6.489032
v -0.494020 5.132254 -6.508995
v -0.328520 5.271317 -6.799075
v -0.464820 5.492486 -6.821208
v -0.607220 5.314802 -6.528477
v -0.456120 4.633430 -6.048417
v -0.369820 4.689116 -6.219659
v -0.182420 4.501659 -6.121329
v -0.294620 4.462910 -5.960516
v 0.008080 4.355146 -6.015698
v -0.127720 4.333786 -5.867893
v -0.492420 4.865992 -6.270625
v -0.565620 4.793894 -6.108255
v -0.650320 4.943352 -6.144296
v -0.586220 5.028289 -6.296700
v -1.202120 4.736645 -5.168194
v -1.313520 4.452758 -4.731114
v -1.120520 4.968317 -5.572265
v -1.051220 4.896909 -5.562214
v -1.140220 4.677375 -5.173862
v -1.240320 4.422816 -4.746688
v -1.141320 4.393559 -4.799685
v -1.182120 4.224862 -4.547599
v -1.328720 4.212565 -4.407478
v -1.023920 4.293314 -4.798432
v -1.044320 4.398412 -4.918705
v -0.968120 4.206983 -4.731856
v -1.179320 4.110191 -4.400640
v -1.150720 4.034872 -4.344238
v -0.902120 4.134842 -4.686989
v -1.422220 4.225212 -4.365067
v 0.494280 -0.111170 0.099315
v 0.354980 0.007165 0.095313
v 0.268880 0.127761 0.092044
v -0.257620 0.438641 0.027774
v -0.393020 0.492678 0.030431
v -0.558320 0.539696 0.010942
v -0.715520 0.563501 -0.099858
v -0.849720 0.563404 -0.202739
v -0.960020 0.572223 -0.283362
v -1.034220 0.578104 -0.322285
v -0.964020 0.880430 -1.026845
v -0.934320 0.857384 -1.100415
v -0.939820 0.666802 -0.909209
v -0.945220 0.741215 -0.862688
v -0.879720 0.835862 -1.162376
v -0.862420 0.662258 -0.985705
v -0.928920 0.048435 -0.597059
v -0.958820 0.116945 -0.600367
v -0.976720 0.163704 -0.588018
v -0.949420 0.659687 -0.746347
v -0.983620 0.696045 -0.706858
v -0.939520 0.597595 -0.775720
v -0.946620 0.552799 -0.691390
v -0.964420 0.608691 -0.658773
v -1.002320 0.645157 -0.627993
v 1.091180 0.329785 -1.962469
v 0.993980 0.334682 -1.962283
v 1.019880 0.363859 -2.063853
v 1.118880 0.373738 -2.042640
v 1.072780 0.339747 -1.829561
v 0.978380 0.364910 -1.826487
v 1.151780 0.454495 -2.066970
v 1.061780 0.463274 -2.097209
v 1.094980 0.565111 -2.077734
v 1.180280 0.538553 -2.056948
v 0.326880 1.248433 -1.535439
v 0.160980 1.338619 -1.532571
v 0.148780 1.290517 -1.479087
v 0.309080 1.206343 -1.483706
v 1.219980 2.421289 -4.552745
v 1.257280 2.404046 -4.480528
v 1.081480 2.404437 -4.392956
v 1.034780 2.415639 -4.492071
v 1.285380 2.391386 -4.401031
v 1.110480 2.395458 -4.301023
v 1.286980 2.348180 -4.333638
v 1.093680 2.338081 -4.251687
v 1.272880 2.245351 -4.257307
v 1.076280 2.246569 -4.187317
v 0.169380 2.927226 -3.530882
v 0.508180 2.805774 -3.680925
v 0.513180 2.876176 -3.728598
v 0.171680 2.999002 -3.578074
v 0.170880 2.846570 -3.473991
v 0.503480 2.727197 -3.621909
v 0.176380 1.434905 -1.788289
v 0.173280 1.440589 -1.851265
v 0.195480 1.460148 -1.730017
v 0.378680 1.367677 -1.762368
v 0.359980 1.344502 -1.820018
v 0.355080 1.357721 -1.881652
v 0.053580 4.214596 -5.777293
v -0.017320 4.266148 -5.809240
v 0.126280 4.265827 -5.961418
v 0.202580 4.207099 -5.930091
v -1.095020 5.962605 -6.245696
v -1.027520 6.046583 -6.200018
v -1.115020 5.991542 -6.060392
v -1.186320 5.895167 -6.108197
v -1.005520 6.041623 -6.005476
v -0.933320 6.099673 -6.153742
v -0.875020 6.027873 -5.936460
v -0.816820 6.088768 -6.093976
v -0.737320 5.974229 -6.065811
v -0.778120 5.908431 -5.892957
v -0.707420 5.828256 -6.037982
v -0.689920 5.691701 -6.017014
v -0.732120 5.754128 -5.861406
v -0.730020 5.609474 -5.854434
v -0.726220 5.529535 -5.869825
v -0.677820 5.610892 -6.017529
v -0.633420 5.523314 -6.037574
v -0.683020 5.448779 -5.891775
v 0.730780 3.984056 -5.363440
v 0.740980 3.902237 -5.332962
v 0.848480 3.903969 -5.477407
v 0.846780 3.997367 -5.522635
v 0.859580 3.774478 -5.404238
v 0.745180 3.794366 -5.281769
v 1.149880 3.009692 -4.341953
v 1.384180 2.910814 -4.410339
v 1.335880 2.936399 -4.489882
v 1.102280 3.041534 -4.429143
v 1.262280 2.987812 -4.610287
v 1.039580 3.100224 -4.543814
v 1.448480 2.903498 -4.314302
v 1.224680 3.031840 -4.220453
v -0.741520 4.923309 -5.203262
v -0.870820 4.807297 -4.875673
v -0.781220 4.732645 -4.887249
v -0.636120 4.829405 -5.207649
v -0.681720 4.647046 -4.886342
v -0.510020 4.722622 -5.200768
v -0.559720 4.537047 -4.857010
v -0.333620 4.589728 -5.168768
v 0.855480 3.397468 -4.957475
v 1.012080 3.313739 -5.060536
v 0.913580 3.553044 -5.262718
v 0.778680 3.599945 -5.153395
v 1.139080 3.114537 -4.822955
v 0.948780 3.223345 -4.737660
v -0.000020 0.896593 -0.924627
v 0.147580 0.819855 -0.926208
v -0.040620 0.773115 -0.729800
v 0.097480 0.696523 -0.732174
v 1.047280 0.303787 -1.653059
v 0.945280 0.351030 -1.650698
v 0.985480 0.185450 -1.496496
v 0.870180 0.246380 -1.496942
v 0.640480 0.211075 -1.341938
v 0.710380 0.167042 -1.351223
v 0.651380 0.037718 -1.179777
v 0.584180 0.083098 -1.164403
v 0.707880 0.331383 -1.489369
v 0.781780 0.291420 -1.494610
v 0.797480 0.117760 -1.356407
v 0.733980 -0.013680 -1.191596
v 0.804980 0.422892 -1.781628
v 0.888480 0.388482 -1.808181
v 0.861180 0.389186 -1.638551
v 0.783480 0.424401 -1.622368
v 0.635680 0.374934 -1.482116
v 0.702980 0.460614 -1.609533
v 0.727280 0.467788 -1.756265
v 0.915080 0.052367 -1.358427
v 0.843880 -0.080145 -1.199287
v 0.573780 0.258128 -1.329471
v 0.519280 0.130188 -1.147426
v 0.474780 0.014100 -0.941950
v 0.539480 -0.032043 -0.956267
v 0.507480 -0.125292 -0.764481
v 0.444380 -0.079238 -0.753775
v 0.542780 -0.408909 -0.359440
v 0.616480 -0.453174 -0.359623
v 0.695380 -0.495430 -0.358186
v 0.431680 0.449059 -0.709174
v 0.525380 0.354257 -0.711910
v 0.583280 0.462883 -0.928541
v 0.492980 0.561986 -0.917139
v 0.657880 0.584438 -1.131594
v 0.563380 0.682257 -1.117062
v 0.273780 0.577693 -0.717983
v 0.350080 0.519824 -0.711649
v 0.417580 0.644465 -0.907510
v 0.343580 0.714340 -0.903325
v 0.480280 0.761458 -1.107925
v 0.396780 0.824162 -1.107866
v 0.306180 0.876633 -1.116118
v 0.257380 0.765782 -0.914543
v 0.194580 0.632165 -0.727922
v 0.538280 0.864923 -1.291100
v 0.447480 0.925295 -1.290576
v 0.631780 0.792217 -1.296551
v 0.697680 0.889648 -1.424484
v 0.594180 0.955933 -1.425719
v 0.498380 1.018784 -1.421344
v 0.398280 1.075451 -1.422540
v 0.352980 0.980416 -1.294467
v 0.861980 0.872785 -1.482167
v 0.744980 0.955416 -1.488857
v 0.809080 0.802497 -1.429578
v 0.635380 1.015913 -1.500747
v 0.675680 1.091041 -1.502466
v 0.563280 1.130542 -1.537321
v 0.533580 1.077708 -1.495432
v 0.735780 0.700654 -1.306711
v 1.264280 2.048874 -4.129754
v 1.084180 2.063381 -4.074614
v 1.262280 1.801945 -3.946249
v 1.102380 1.825312 -3.910725
v 0.432880 1.142500 -1.484834
v 0.454980 1.184814 -1.535251
v 1.258180 1.540011 -3.721951
v 1.250580 1.291537 -3.448583
v 1.125880 1.331191 -3.419219
v 1.116280 1.571621 -3.692055
v 0.991480 1.611419 -3.653167
v 0.964580 1.863087 -3.866345
v 1.015280 1.375604 -3.383868
v 0.910080 1.417656 -3.349255
v 0.878580 1.656975 -3.608232
v 0.844480 1.914149 -3.811072
v 0.173680 2.701172 -3.368596
v 0.487880 2.587001 -3.504389
v 0.188880 2.516831 -3.213888
v 0.463180 2.395102 -3.350624
v 0.758580 1.693220 -3.571955
v 0.797880 1.449617 -3.321944
v 0.715980 1.954325 -3.768355
v 0.210980 2.304936 -3.029939
v 0.453580 2.182584 -3.154290
v 0.222780 2.093112 -2.831761
v 0.440180 1.972204 -2.939700
v 0.608080 2.103749 -3.234827
v 0.630480 2.321020 -3.438797
v 0.587080 1.893362 -3.006414
v 0.701080 1.838523 -3.050188
v 0.721780 2.049792 -3.290270
v 0.746480 2.272552 -3.500731
v 0.836880 1.995917 -3.345407
v 0.816880 1.786074 -3.092020
v 0.865680 2.226492 -3.559318
v 1.234180 1.078467 -3.127970
v 1.127180 1.128708 -3.099790
v 1.220180 0.904706 -2.785825
v 1.124880 0.956125 -2.765791
v 1.027180 1.182468 -3.068400
v 0.921380 1.220035 -3.046170
v 1.024680 1.003613 -2.750494
v 0.915580 1.035120 -2.744545
v 0.808180 1.072801 -2.732827
v 0.812480 1.252921 -3.026117
v 0.228480 1.930363 -2.614587
v 0.201180 1.764789 -2.412504
v 0.391980 1.650618 -2.486592
v 0.422980 1.805495 -2.711338
v 0.636880 1.520455 -2.563017
v 0.673380 1.672157 -2.801973
v 0.562280 1.727004 -2.766912
v 0.531480 1.579495 -2.529415
v 1.180180 2.454568 -4.613106
v 1.143880 2.521709 -4.664977
v 0.986780 2.466229 -4.584677
v 0.950780 2.560675 -4.654685
v 0.786480 1.620598 -2.835037
v 0.744280 1.467166 -2.592176
v 1.118080 2.632044 -4.706910
v 1.077780 2.711818 -4.782985
v 0.929080 2.681854 -4.700493
v 0.902280 2.779160 -4.754306
v 0.616280 2.655313 -4.572022
v 0.633780 2.774641 -4.591292
v 0.761480 2.719892 -4.674328
v 0.759380 2.583701 -4.651036
v 0.766980 2.830320 -4.687007
v 0.642080 2.862327 -4.614215
v 0.207780 1.467800 -1.663858
v 0.209180 1.452357 -1.598447
v 0.381380 1.363246 -1.616277
v 0.387580 1.379643 -1.689445
v 0.496180 2.727160 -4.476468
v 0.518580 2.827331 -4.497058
v 0.518680 2.895851 -4.538230
v 0.703680 0.419103 -1.910469
v 0.794280 0.371126 -1.929400
v 0.596080 0.489117 -1.910383
v 0.689580 0.410492 -2.075052
v 0.580280 0.495872 -2.061947
v 0.796580 0.363933 -2.083983
v 0.192980 1.406126 -1.549562
v 0.356480 1.309885 -1.568810
v 0.911580 0.354446 -2.079329
v 0.892580 0.343742 -1.949332
v 0.448580 0.714473 -2.103563
v 0.430780 0.625805 -2.050146
v 0.611280 0.598981 -2.175625
v 0.733780 0.516255 -2.218725
v 0.795080 0.665542 -2.207295
v 0.853880 0.474831 -2.207523
v 0.905980 0.623183 -2.183526
v 0.436180 0.585502 -1.946721
v 0.924880 0.770083 -2.244358
v 0.916780 0.874092 -2.462561
v 1.020780 0.834363 -2.456369
v 1.025080 0.728233 -2.224165
v 1.121080 0.797981 -2.450882
v 1.119180 0.684015 -2.209721
v 1.004280 0.593362 -2.125767
v 0.965980 0.465608 -2.152568
v 0.811480 0.915761 -2.464232
v 0.821280 0.812211 -2.259025
v 1.195180 0.581387 -2.099121
v 1.200980 0.636820 -2.211177
v 1.112080 0.616528 -2.110790
v 1.019480 0.654798 -2.140007
v 0.919480 0.688953 -2.181084
v 1.211880 0.757531 -2.456352
v 0.812080 0.728492 -2.208023
v 0.167380 1.450759 -1.915581
v 0.352580 1.369682 -1.945763
v 0.348980 1.400086 -2.061486
v 0.163780 1.493639 -2.021960
v 0.176280 1.607657 -2.202314
v 0.357380 1.494988 -2.262691
v -0.106820 3.970493 -5.594124
v -0.148720 4.071247 -5.595548
v -0.045020 4.107620 -5.689986
v -0.000620 4.015908 -5.689036
v -0.075220 4.181895 -5.678833
v -0.170220 4.150175 -5.581719
v 0.091580 4.141176 -5.777377
v 0.133280 4.055837 -5.772348
v 0.098880 3.839954 -5.434469
v 0.013080 3.829634 -5.316169
v -0.097020 3.845554 -5.408598
v -0.015820 3.857615 -5.537815
v -0.181620 3.950094 -5.464493
v 0.365080 3.949997 -5.850157
v 0.283880 4.042970 -5.900117
v 0.464780 3.920561 -5.768134
v 0.309180 3.905637 -5.648201
v 0.210880 3.952420 -5.728808
v 0.193380 3.874883 -5.540211
v 0.087080 3.909834 -5.636035
v 0.242680 4.129267 -5.918112
v -0.216820 4.051429 -5.468988
v -0.234120 4.130895 -5.459235
v 0.765480 4.371405 -5.721448
v 0.844780 4.269452 -5.593278
v 0.664480 4.387863 -5.869340
v 0.500180 4.396917 -5.743197
v 0.614780 4.383785 -5.590503
v 0.716880 4.290845 -5.436563
v 0.856580 4.126065 -5.546266
v 0.758380 4.135605 -5.363297
v 0.417880 3.330069 -4.148830
v 0.373080 3.446540 -4.300893
v 0.020080 3.522114 -4.102846
v 0.052480 3.412384 -3.966717
v -0.008320 3.665189 -4.247344
v 0.327680 3.597325 -4.479599
v 0.118780 3.309847 -3.830267
v 0.085180 3.354295 -3.888072
v 0.451880 3.272352 -4.069663
v 0.477280 3.213356 -4.016614
v 0.844280 3.148607 -4.195898
v 0.995180 3.120517 -4.267159
v 0.938180 3.121988 -4.352318
v 0.797780 3.165772 -4.271926
v 0.885380 3.180366 -4.456489
v 0.752980 3.223367 -4.366126
v 0.683680 3.334603 -4.541735
v 0.560680 3.376209 -4.442939
v 0.620180 3.263783 -4.276114
v 0.496080 3.524860 -4.643407
v 0.611480 3.488290 -4.747819
v 0.660280 3.208740 -4.189579
v 0.694480 3.166666 -4.126126
v 1.126980 2.555351 -3.895202
v 1.082480 2.380454 -3.795838
v 1.376680 2.316427 -3.881218
v 1.408180 2.484475 -4.015944
v 0.809380 3.295939 -4.639457
v 0.728980 3.453170 -4.851344
v 0.670780 2.519661 -3.591367
v 0.700880 2.667106 -3.702653
v 0.784980 2.472928 -3.660711
v 0.825680 2.633255 -3.759324
v 1.423380 2.592258 -4.082768
v 1.149880 2.661906 -3.946171
v 0.975380 2.702005 -3.857581
v 0.948680 2.599750 -3.818480
v 1.010480 2.791447 -3.865976
v 0.879580 2.814613 -3.803017
v 0.848880 2.727724 -3.797177
v 0.905180 2.432128 -3.721896
v 0.484980 2.446591 -3.943630
v 0.504980 2.265965 -3.842197
v 0.204380 2.364294 -3.750704
v 0.178480 2.534516 -3.862662
v 0.717180 2.753398 -3.747995
v 0.733380 2.829503 -3.778406
v 0.937380 2.098487 -4.022276
v 0.918880 2.271910 -4.134148
v 0.812880 2.149508 -3.964601
v 0.792980 2.324583 -4.072168
v 0.162780 2.622742 -3.920513
v 0.147280 2.668797 -3.954384
v 0.468580 2.585328 -4.053322
v 0.477780 2.535926 -4.003320
v 0.650880 2.486749 -4.137117
v 0.659580 2.453104 -4.082488
v 0.787980 2.392051 -4.145056
v 0.783980 2.416365 -4.199430
v 0.664980 2.374688 -4.017652
v 0.683280 2.194073 -3.916419
v 0.583480 2.986124 -4.709955
v 0.487080 3.129050 -4.845046
v 0.591780 3.108253 -4.934812
v 0.695880 2.963457 -4.790014
v 0.382380 3.332807 -5.009737
v 0.479880 3.317849 -5.108578
v 0.579280 3.279927 -5.218979
v 0.699180 3.055061 -5.032482
v 0.813680 2.903806 -4.873137
v 0.935180 2.376708 -4.252735
v 0.925980 2.345357 -4.203080
v 0.379880 3.146840 -4.758660
v 0.469780 3.008104 -4.631839
v 0.278880 3.340864 -4.916208
v 1.043380 2.751981 -4.839437
v 0.978980 2.818461 -4.931415
v 0.871780 2.831876 -4.797605
v 0.748980 2.891397 -4.719098
v 0.628580 2.914449 -4.645628
v 0.847380 2.978091 -5.119221
v 0.714980 3.230254 -5.327162
v 0.166980 3.273016 -3.753685
v 0.536180 3.184560 -3.919830
v 0.227380 3.256670 -3.652266
v 0.590980 3.147427 -3.802096
v 0.506380 2.936984 -4.573590
v 1.083180 2.936671 -3.872413
v 1.089780 3.043542 -4.004202
v 0.951080 3.078048 -3.939879
v 0.945580 2.962725 -3.809185
v 0.218180 3.134787 -3.587568
v 0.582180 3.023934 -3.709844
v 0.805380 2.982022 -3.760576
v 0.815580 3.111297 -3.874628
v 0.756580 3.143952 -4.016865
v 0.909780 3.140378 -4.075674
v 0.025980 2.755566 -4.170689
v 0.304780 2.668469 -4.329241
v 0.068280 2.719710 -4.078223
v 0.347980 2.597721 -4.232805
v 1.055980 3.107533 -4.142704
v 0.787880 2.458288 -4.573922
v 0.846780 2.397532 -4.453061
v 0.690980 2.464595 -4.385333
v 0.634580 2.531753 -4.500911
v 0.415380 2.591457 -4.135905
v 0.115880 2.705403 -4.006536
v 0.747080 2.436376 -4.281302
v 0.610780 2.515093 -4.219303
v 0.549880 2.536948 -4.317295
v 0.494980 2.601666 -4.425403
v 0.266080 3.862748 -5.473105
v 0.171580 3.834950 -5.372856
v 0.378180 3.887735 -5.578426
v 0.427880 3.780230 -5.507779
v 0.314480 3.761058 -5.411133
v 0.222880 3.749657 -5.310327
v 0.903580 2.384556 -4.339024
v 0.081480 3.818261 -5.265547
v 0.139880 3.750279 -5.199301
v 0.617980 3.526518 -5.502975
v 0.558380 3.780567 -5.626662
v 0.487980 3.547196 -5.387171
v 0.386280 3.558675 -5.278516
v 0.300680 3.569180 -5.170319
v 0.528180 3.911041 -5.690958
v 0.247980 3.876062 -4.775439
v 0.248380 3.961107 -4.828568
v -0.085320 3.992211 -4.484967
v -0.073820 3.917548 -4.446659
v -0.045620 3.800657 -4.366242
v 0.273280 3.738850 -4.654140
v 0.207780 3.572113 -5.067973
v 0.660280 3.633809 -5.045535
v 0.633880 3.810615 -5.172435
v 0.523480 3.825040 -5.069618
v 0.545380 3.656397 -4.941840
v 0.529880 3.922712 -5.117701
v 0.421280 3.935791 -5.019270
v 0.415080 3.840881 -4.965315
v 0.420980 4.017113 -5.041262
v 0.532380 4.004159 -5.134977
v 0.436580 3.683484 -4.834577
v -0.150120 4.778237 -5.924356
v -0.243120 4.756211 -5.751447
v -0.018620 4.587225 -5.722357
v 0.090780 4.599950 -5.895509
v -0.109320 4.593819 -5.552382
v -0.325820 4.747435 -5.585876
v 0.101480 4.491741 -5.507762
v 0.199080 4.478112 -5.679050
v 0.315880 4.472288 -5.851884
v 0.632180 3.908304 -5.220817
v 0.628280 3.989116 -5.240936
v -0.404320 4.744221 -5.419480
v -0.196920 4.605286 -5.383526
v 0.009680 4.517281 -5.332874
v 0.594380 4.417982 -5.959636
v 0.430180 4.424338 -5.813016
v 0.467580 4.474870 -6.028034
v -0.035520 4.829458 -6.104875
v 0.224380 4.629344 -6.077906
v -0.562320 4.078412 -4.996609
v -0.368420 4.154489 -5.288768
v -0.616520 4.151511 -5.023590
v -0.439520 4.228304 -5.329731
v -0.581520 4.572617 -5.798038
v -0.519920 4.602839 -5.910666
v -0.367620 4.442883 -5.825254
v -0.429720 4.417810 -5.711624
v -0.209620 4.323265 -5.735882
v -0.273720 4.300248 -5.621429
v -0.256920 4.201138 -5.461340
v -0.196020 4.220389 -5.581622
v -0.332220 4.280872 -5.502458
v -0.819120 4.349797 -5.134108
v -0.715520 4.244841 -5.077937
v -0.575820 4.346371 -5.409678
v -0.711120 4.487292 -5.486486
v -0.634920 4.552842 -5.679089
v -0.485120 4.401859 -5.592952
v -0.118820 4.247972 -5.688494
v -1.057020 5.423290 -6.232041
v -0.937620 5.526472 -6.352126
v -0.850320 5.440641 -6.328393
v -0.940520 5.330018 -6.194119
v -0.771620 5.329348 -6.321476
v -0.836120 5.213110 -6.173405
v -1.180320 5.188475 -6.003854
v -1.145320 5.294566 -6.135989
v -1.012120 5.215310 -6.084225
v -1.052720 5.133106 -5.954600
v -0.887220 5.136841 -6.033918
v -0.935920 5.076659 -5.904009
v -0.684520 5.184435 -6.315220
v -0.741220 5.082346 -6.162417
v -0.925420 5.123678 -5.181434
v -0.957520 5.194360 -5.167085
v -1.039820 5.043345 -4.819905
v -1.018820 4.972799 -4.845164
v -1.043520 5.122138 -4.803780
v -0.964220 5.281281 -5.164909
v -0.981520 5.020141 -5.771680
v -1.078020 5.079290 -5.806789
v -1.189220 5.119752 -5.847798
v -0.783720 5.305650 -5.561263
v -0.824620 5.376522 -5.546703
v -0.883420 5.298939 -5.386456
v -0.845520 5.229208 -5.398245
v -0.892420 5.385872 -5.384480
v -0.824620 5.461244 -5.534338
v -0.955520 4.890194 -4.862915
v -0.845920 5.026570 -5.194422
v -1.034720 5.590594 -5.224663
v -1.165120 5.686561 -5.264131
v -1.272620 5.347504 -4.894284
v -1.163320 5.311219 -4.863049
v -1.083520 5.229705 -4.820632
v -0.972120 5.435795 -5.184628
v -0.731820 5.377193 -5.729575
v -0.778820 5.450925 -5.712544
v -0.759820 5.536222 -5.687725
v -1.401420 5.776430 -5.876230
v -1.302720 5.842119 -5.995800
v -1.297420 5.706194 -6.030190
v -1.376820 5.619993 -5.912720
v -1.199820 5.787321 -6.149961
v -1.190920 5.672414 -6.194341
v -1.273720 5.574931 -6.065510
v -1.330920 5.474828 -5.938133
v -1.351720 5.386059 -5.793867
v -1.401420 5.534534 -5.770264
v -1.434620 5.687073 -5.732198
v -1.052220 5.623874 -6.387002
v -1.149320 5.541996 -6.232115
v -1.114520 5.753275 -6.366116
v -1.229620 5.432677 -6.111588
v -1.278620 5.320730 -5.983803
v -1.115820 5.865515 -6.305263
v -0.593720 5.297848 -5.916223
v -0.650920 5.237227 -5.747974
v -0.539320 5.070446 -5.760025
v -0.470320 5.117947 -5.933449
v -0.701020 5.181518 -5.576332
v -0.589720 5.036570 -5.586607
v -1.295620 5.232573 -5.836296
v -0.762320 5.118482 -5.411328
v -0.651420 4.994770 -5.419862
v -0.225320 5.008038 -6.118177
v -0.327620 4.950236 -5.934737
v -0.378520 5.181365 -6.111853
v -0.407020 4.916425 -5.760714
v -0.475220 4.894725 -5.593395
v -0.527620 5.364601 -6.079706
v -0.896420 4.901440 -5.773410
v -0.962120 4.800181 -5.564562
v -0.840020 4.961279 -5.895726
v -0.754820 4.832669 -5.887317
v -0.806820 4.781597 -5.765890
v -0.871520 4.693760 -5.562168
v -0.542420 4.874827 -5.426071
v -0.785120 5.019298 -6.019452
v -0.695720 4.889668 -6.003889
v -0.897120 4.442656 -5.176963
v -0.797720 4.597853 -5.535718
v -0.970020 4.526274 -5.198822
v -0.728920 4.674459 -5.734087
v -0.677920 4.709136 -5.854368
v -1.057220 4.606144 -5.190847
v -0.617520 4.752947 -5.968105
v -0.046220 0.300762 0.028530
v -0.138020 0.375961 0.025613
v 0.091380 0.190443 0.065055
v 0.047480 0.279284 0.049813
v 0.197880 0.210111 0.085037
v 0.619780 1.281693 -1.598906
v 0.732680 1.258049 -1.574845
v 0.749080 1.308891 -1.666635
v 0.632480 1.322791 -1.681649
v 0.743480 1.299938 -1.772237
v 0.629980 1.322621 -1.774717
v 0.518180 1.338059 -1.774917
v 0.521480 1.339147 -1.692413
v 0.510080 1.309051 -1.616239
v 0.706680 1.176656 -1.522505
v 0.595380 1.212337 -1.550270
v 0.483880 1.247227 -1.573073
v 0.498680 1.306210 -1.834978
v 0.613680 1.293563 -1.844833
v 0.590180 1.244713 -1.907089
v 0.477780 1.277178 -1.896977
v 0.602580 1.292279 -2.121078
v 0.613980 1.385801 -2.324368
v 0.500980 1.432606 -2.297390
v 0.485680 1.331168 -2.097469
v 0.685980 1.190038 -2.011958
v 0.700880 1.216980 -1.919328
v 0.705480 1.250415 -2.141756
v 0.585580 1.236176 -1.995838
v 0.724380 1.263401 -1.851504
v 0.481080 1.294213 -1.974215
v 0.715080 1.332341 -2.352334
v 0.308780 4.433999 -5.650976
v 0.214380 4.461928 -5.477551
v 0.382780 4.416147 -5.590614
v 0.294180 4.459647 -5.421388
v 0.664180 4.147795 -5.223948
v 0.562180 4.159311 -5.110783
v 0.618180 4.315380 -5.292486
v 0.522580 4.333369 -5.159811
v 0.317780 4.475298 -5.133885
v 0.198380 4.485209 -5.248602
v 0.405180 4.334158 -5.043066
v 0.425180 4.466709 -5.285144
v 0.118280 4.481988 -5.301481
v 0.514480 4.430296 -5.440233
v 0.439780 4.164413 -5.018128
v -1.231920 5.980011 -5.928240
v -1.343120 5.946799 -5.786736
v -1.173020 6.007162 -5.681535
v -1.087320 6.038107 -5.844206
v -1.389520 5.836455 -5.641828
v -1.243920 5.896734 -5.545447
v -1.075020 5.859255 -5.473210
v -0.946020 5.727749 -5.435820
v -0.862720 5.810301 -5.561117
v -0.997220 5.947576 -5.608087
v -0.927220 6.003044 -5.767021
v -0.795420 5.874456 -5.712731
v -0.763020 5.689243 -5.693906
v -0.832120 5.620065 -5.545490
v -0.897020 5.549892 -5.402340
v 0.106680 6.101955 -7.860315
v 0.154580 6.144701 -7.885565
v -0.101020 6.380840 -7.917039
v -0.072020 6.467854 -7.996998
v -0.313920 6.562937 -8.011074
v -0.213220 6.537607 -8.018165
v -0.236620 6.483836 -7.936262
v -0.339920 6.507515 -7.931774
v -0.463520 6.726479 -7.929893
v -0.412420 6.629232 -7.983359
v -0.444620 6.573576 -7.903471
v -0.497620 6.672863 -7.843775
v -0.506620 6.772712 -7.783447
v -0.472720 6.827825 -7.872883
v -0.463420 6.866913 -7.720744
v -0.429720 6.923923 -7.811772
v -0.353120 6.927789 -7.663694
v -0.323920 6.991321 -7.754943
v -0.233220 6.954820 -7.610326
v -0.199820 7.010982 -7.705710
v -0.018520 6.896348 -7.634779
v -0.096920 6.979226 -7.655980
v -0.134420 6.925813 -7.559632
v -0.064220 6.842335 -7.543575
v -0.023120 6.742243 -7.574068
v 0.017980 6.794848 -7.663450
v -0.011020 6.649741 -7.629860
v 0.029680 6.705882 -7.716332
v 0.292580 6.164436 -7.683368
v 0.106680 6.459934 -7.690138
v 0.358080 6.214620 -7.808453
v 0.158880 6.548602 -7.822389
v 0.029380 6.592070 -7.664585
v 0.077080 6.650227 -7.759852
v 0.255980 6.179353 -7.900869
v 0.089080 6.482203 -7.956293
v -0.254320 6.727728 -8.215207
v -0.164220 6.696431 -8.209324
v -0.192420 6.613318 -8.112107
v -0.289920 6.640164 -8.113844
v -0.072420 6.690226 -8.176830
v -0.089020 6.602565 -8.096107
v -0.374820 6.709036 -8.092489
v -0.323520 6.792815 -8.202788
v -0.419820 6.803916 -8.053386
v -0.363620 6.878675 -8.180740
v -0.421220 6.907671 -8.006752
v -0.359220 6.978925 -8.147836
v -0.372120 7.002098 -7.956457
v -0.309320 7.068507 -8.112348
v -0.273520 7.063320 -7.913912
v -0.221720 7.124597 -8.084827
v -0.159420 7.073980 -7.876927
v -0.118420 7.136786 -8.056870
v 0.045480 7.020984 -7.986506
v -0.024420 7.093740 -8.019617
v -0.058220 7.044196 -7.830085
v 0.028780 6.972168 -7.797432
v -0.270020 6.852185 -8.305098
v -0.203720 6.800538 -8.310922
v -0.307420 6.924936 -8.288424
v -0.255420 6.950978 -8.341496
v -0.209220 6.918601 -8.366828
v -0.143720 6.885989 -8.376147
v -0.306420 7.014303 -8.264669
v -0.239620 7.017774 -8.341197
v -0.260820 7.092917 -8.238638
v -0.224020 7.081558 -8.308219
v 0.074580 6.872068 -7.975176
v 0.078480 6.943564 -7.971297
v 0.063380 6.875584 -7.807384
v 0.072880 6.794912 -7.835941
v -0.179420 7.143719 -8.220042
v -0.155720 7.106234 -8.322504
v -0.079420 7.157216 -8.199018
v -0.063620 7.107226 -8.308622
v -0.168020 7.014419 -8.379760
v -0.087620 7.004281 -8.384559
v 0.009380 6.866006 -8.298180
v -0.067020 6.871909 -8.354631
v -0.016820 6.985630 -8.355097
v 0.031480 6.963352 -8.304711
v 0.011680 7.079689 -8.283086
v 0.065680 7.030699 -8.245280
v 0.006180 7.113374 -8.167023
v 0.065380 7.046244 -8.132482
v 0.033180 6.757832 -8.034442
v 0.078480 6.676452 -7.934320
v 0.020580 6.629222 -8.026032
v -0.003520 6.709426 -8.100881
v -0.119120 6.776061 -8.300032
v -0.043920 6.774656 -8.253735
v 0.055780 6.810350 -7.995511
v 0.081080 6.929617 -8.176561
v 0.084580 6.914615 -8.094697
v 0.061580 6.862283 -8.124802
v 0.057980 6.903785 -8.224751
v 0.031080 6.813470 -8.163716
v 0.000280 6.767859 -8.182008
v 0.082880 6.974624 -8.201077
v 0.058080 6.949992 -8.259514
v 0.088280 6.975189 -8.102777
v -0.619420 -0.187816 -0.488259
v -0.546320 0.218847 -0.876792
v -0.575520 0.337857 -1.039725
v -0.386820 0.410628 -0.985687
v -0.372520 0.303847 -0.814326
v -0.683720 0.381222 -0.979593
v -0.659620 0.253225 -0.823996
v -0.126520 0.349999 -0.950966
v -0.132120 0.227941 -0.789012
v 0.234180 -0.194242 -0.350899
v 0.099480 -0.129975 -0.363872
v 0.322880 -0.252840 -0.349216
v 0.241880 -0.149986 -0.436263
v 0.335680 -0.208525 -0.433874
v 0.099680 -0.084005 -0.451138
v 0.244080 -0.093202 -0.532012
v 0.094980 -0.025866 -0.549513
v 0.344180 -0.151740 -0.527921
v 0.092380 0.037201 -0.644796
v 0.247080 -0.034685 -0.626559
v 0.351880 -0.095532 -0.622402
v 0.969580 -0.314879 -0.977606
v 0.879280 -0.260067 -0.988226
v 1.061680 -0.361991 -0.959925
v 0.963780 -0.419435 -0.744910
v 0.887580 -0.379071 -0.763687
v 0.814880 -0.333790 -0.779172
v 0.768180 -0.530140 -0.357310
v 0.843780 -0.562748 -0.356411
v 0.796480 -0.487327 -0.440253
v 0.869680 -0.522370 -0.431984
v 0.726180 -0.450670 -0.447026
v 0.823180 -0.449357 -0.532895
v 0.754080 -0.411239 -0.544090
v 0.895280 -0.485179 -0.519863
v 1.168480 -0.401556 -0.937696
v 1.061980 -0.457205 -0.727685
v 1.276680 -0.422308 -0.906554
v 1.169880 -0.485302 -0.707991
v 0.778980 -0.376941 -0.642457
v 0.846680 -0.417277 -0.627585
v 0.917880 -0.454518 -0.610829
v 1.365380 -0.412745 -0.866227
v 1.273880 -0.491251 -0.679890
v 1.192780 -0.640661 -0.327608
v 1.306180 -0.521972 -0.531330
v 1.361180 -0.495387 -0.494315
v 1.322180 -0.534262 -0.418755
v 1.267180 -0.560548 -0.455752
v 1.397980 -0.465953 -0.456333
v 1.357880 -0.502971 -0.376557
v 1.247480 -0.603047 -0.289048
v 1.278480 -0.569887 -0.241131
v 1.281980 -0.570848 -0.346366
v 1.315180 -0.537336 -0.301034
v 1.228680 -0.599706 -0.383914
v 1.411980 -0.413106 -0.417884
v 1.371580 -0.452975 -0.330462
v 1.353080 -0.372672 -0.407006
v 1.323880 -0.405924 -0.305974
v 1.296380 -0.526205 -0.182983
v 1.272780 -0.481593 -0.132194
v 1.327180 -0.491249 -0.248054
v 1.292880 -0.442865 -0.208664
v 1.283780 -0.365944 -0.395294
v 1.261780 -0.394262 -0.291269
v 1.185980 -0.356497 -0.368397
v 1.170480 -0.386741 -0.263984
v 1.220280 -0.470056 -0.106777
v 1.133380 -0.470897 -0.078678
v 1.238180 -0.428254 -0.189579
v 1.151480 -0.424837 -0.162333
v 1.045480 -0.332767 -0.318527
v 1.025780 -0.368335 -0.210418
v 0.878880 -0.267524 -0.265931
v 0.853080 -0.308911 -0.154255
v 0.750380 -0.035142 -0.560473
v 0.721680 -0.098674 -0.373261
v 0.592280 0.127336 -0.527937
v 0.561480 0.054922 -0.349859
v 0.976180 -0.469908 -0.025330
v 0.798880 -0.403199 0.041577
v 0.999980 -0.415991 -0.108025
v 0.822080 -0.358051 -0.047040
v 0.634480 -0.270748 0.080572
v 0.515380 -0.045638 -0.110118
v 0.675880 -0.188132 -0.122955
v 0.700880 -0.143086 -0.233815
v 0.538880 0.002497 -0.217292
v 0.497580 -0.087395 0.001035
v 0.650580 -0.233847 -0.012634
v 0.475780 0.256847 -0.514057
v 0.436580 0.176789 -0.345741
v 0.380480 0.351406 -0.515742
v 0.333880 0.265198 -0.355299
v 0.289580 0.175900 -0.118005
v 0.388680 0.077208 -0.110751
v 0.410080 0.121533 -0.217848
v 0.307080 0.212572 -0.227853
v 0.275780 0.143486 -0.005605
v 0.368680 0.035228 -0.000914
v -0.195220 0.764187 -0.517059
v -0.302620 0.865370 -0.470977
v -0.325920 0.765428 -0.322355
v -0.212520 0.671111 -0.360824
v -0.442420 0.916571 -0.452357
v -0.471420 0.811514 -0.320763
v -0.511220 0.671875 -0.139101
v -0.364120 0.615857 -0.131858
v -0.346820 0.684278 -0.217611
v -0.493120 0.735259 -0.220942
v -0.226320 0.601270 -0.245603
v -0.237420 0.544592 -0.149947
v -0.530720 0.600536 -0.071950
v -0.379720 0.549569 -0.044877
v -0.248220 0.489499 -0.053998
v -0.616620 0.909000 -0.471932
v -0.638720 0.811289 -0.371763
v -0.744920 0.804961 -0.570271
v -0.767320 0.726936 -0.477866
v -0.807220 0.655118 -0.323694
v -0.668320 0.674785 -0.226581
v -0.652120 0.735366 -0.296465
v -0.790120 0.697949 -0.389807
v -1.010020 0.734430 -0.554659
v -0.994920 0.802017 -0.622732
v -1.017820 0.746489 -0.671855
v -1.022920 0.687071 -0.599599
v -0.825320 0.612110 -0.261397
v -0.686120 0.616874 -0.161248
v -0.910020 0.746831 -0.509759
v -0.887920 0.810678 -0.590972
v -1.020020 0.648171 -0.434488
v -0.935020 0.660160 -0.391114
v -0.924320 0.700740 -0.446140
v -1.013920 0.685138 -0.494533
v -1.027120 0.610969 -0.375558
v -0.946720 0.617936 -0.337086
v -1.062020 0.543473 -0.346747
v -1.078620 0.502359 -0.368283
v -1.055120 0.570147 -0.403788
v -1.043720 0.606260 -0.468091
v -1.042220 0.560536 -0.491298
v -1.060620 0.520325 -0.423729
v -1.032520 0.642673 -0.532375
v -1.020620 0.601670 -0.557511
v -1.023520 0.312616 -0.371360
v -1.060920 0.435883 -0.391201
v 0.384980 -0.297622 -0.350832
v 0.434880 -0.334236 -0.353372
v 0.402280 -0.253730 -0.436817
v 0.456180 -0.290609 -0.441677
v 0.414980 -0.200011 -0.531544
v 0.472680 -0.239915 -0.537783
v 0.484780 -0.370398 -0.356788
v 0.605680 -0.077434 -0.969738
v 0.682280 -0.128973 -0.980864
v 0.642480 -0.220393 -0.782661
v 0.571080 -0.170952 -0.775063
v 0.425980 -0.147203 -0.627827
v 0.486880 -0.190514 -0.635767
v 0.778880 -0.193481 -0.987740
v 0.728280 -0.277965 -0.784824
v 0.697480 -0.328157 -0.649322
v 0.616180 -0.277286 -0.649053
v 0.673680 -0.365761 -0.549245
v 0.595080 -0.319000 -0.548916
v 0.530380 -0.278304 -0.544234
v 0.548080 -0.232620 -0.643738
v 0.169780 0.368367 -0.384329
v 0.247880 0.324655 -0.368252
v 0.295080 0.414682 -0.525467
v 0.215780 0.462006 -0.539930
v 0.647180 -0.407781 -0.450729
v 0.571280 -0.364309 -0.450693
v 0.510180 -0.326267 -0.446867
v 0.135980 0.288303 -0.138782
v 0.209280 0.242981 -0.126005
v 0.224280 0.276293 -0.238352
v 0.148480 0.320024 -0.253026
v -0.044720 0.322934 -0.069744
v 0.051480 0.298703 -0.044214
v 0.060680 0.325532 -0.158744
v -0.031920 0.363735 -0.178248
v 0.127880 0.266837 -0.021735
v 0.199180 0.216739 -0.011240
v 0.005380 0.477559 -0.404993
v 0.092980 0.415527 -0.399403
v 0.138280 0.513512 -0.552246
v 0.047480 0.578328 -0.555770
v 0.071780 0.360259 -0.271309
v -0.017620 0.411554 -0.283437
v -0.077420 0.658610 -0.549675
v -0.110420 0.558111 -0.398381
v -0.124320 0.494067 -0.276110
v -0.130520 0.448391 -0.171597
v -0.135920 0.408218 -0.065260
v -0.307920 0.015655 -0.365277
v -0.092020 -0.049433 -0.381101
v -0.126820 0.140295 -0.670824
v -0.356920 0.229349 -0.681146
v -0.115920 0.069901 -0.573566
v -0.340620 0.161377 -0.575632
v -0.472320 -0.077174 -0.430905
v -0.103120 0.003230 -0.473186
v -0.323220 0.089988 -0.466512
v -0.486620 -0.007210 -0.534499
v -0.622620 -0.062358 -0.555853
v -0.632520 0.042051 -0.630088
v -0.501120 0.063016 -0.642586
v -0.921220 0.342434 -0.766693
v -0.942420 0.479904 -0.840999
v -0.863620 0.482723 -0.854958
v -0.862120 0.332838 -0.753330
v -0.804820 0.459509 -0.889672
v -0.804520 0.306849 -0.764566
v -0.644120 0.144261 -0.712965
v -0.521620 0.134164 -0.751019
v -0.817220 -0.074782 -0.567799
v -0.880120 -0.011577 -0.576325
v -0.735720 -0.139479 -0.544033
v -0.745920 0.427803 -0.926484
v -0.739420 0.279740 -0.787487
v -0.722120 0.063072 -0.619543
v -0.722720 -0.042157 -0.568997
v -0.797420 0.013477 -0.583375
v -0.790720 0.102066 -0.626880
v -0.862020 0.069337 -0.603350
v -0.856820 0.147887 -0.641331
v -0.914720 0.115158 -0.634930
v -0.914420 0.182198 -0.674786
v -0.914820 0.251211 -0.714126
v -0.859120 0.228343 -0.687916
v -0.796920 0.192923 -0.683475
v -0.729020 0.164036 -0.689671
v 1.108380 -0.641840 -0.353721
v 1.022880 -0.625684 -0.350774
v 1.218680 -0.535296 -0.562160
v 1.114680 -0.521216 -0.581972
v 1.182580 -0.568555 -0.481563
v 1.084280 -0.551496 -0.495792
v 0.932080 -0.597076 -0.353509
v 0.957980 -0.558369 -0.422769
v 1.052380 -0.588754 -0.413626
v 0.985680 -0.521435 -0.507959
v 1.146280 -0.607847 -0.405726
v 1.011180 -0.491209 -0.596646
v -0.986520 0.209212 -0.576543
v -0.993220 0.249435 -0.548348
v -0.983020 0.557783 -0.583015
v -1.005220 0.504995 -0.512775
v -0.959720 0.500048 -0.614938
v -0.976920 0.442521 -0.544174
v -0.951520 0.162501 -0.632564
v -0.953620 0.222518 -0.670526
v -0.975620 0.206764 -0.620360
v -0.974120 0.260747 -0.652765
v -0.969720 0.312117 -0.685023
v -0.960020 0.376252 -0.702611
v -0.960420 0.362953 -0.747563
v -0.956520 0.282042 -0.710321
v -0.956920 0.483017 -0.774303
v -0.948620 0.464980 -0.705639
v -1.027420 0.452289 -0.442231
v -0.995920 0.382539 -0.474255
v -1.001220 0.285272 -0.489657
v -0.975420 0.294807 -0.633946
v -0.980520 0.250295 -0.604193
v -0.984020 0.291357 -0.578353
v -0.972620 0.335537 -0.616139
v -0.988020 0.331941 -0.528900
v -0.971020 0.384994 -0.583097
v -0.968120 0.325984 -0.661774
v -0.963820 0.367348 -0.659957
v -0.957520 0.430463 -0.642946
v 0.085780 6.729881 -7.875002
vn -0.7293 -0.5720 -0.3754
vn -0.8487 -0.4456 -0.2849
vn -0.8480 -0.4496 -0.2808
vn -0.7350 -0.5497 -0.3971
vn -0.8182 -0.4876 -0.3046
vn -0.7629 -0.4895 -0.4224
vn -0.8027 -0.4952 -0.3324
vn -0.8193 -0.4717 -0.3260
vn -0.7623 -0.5344 -0.3650
vn -0.8205 -0.4713 -0.3235
vn -0.7932 -0.5058 -0.3391
vn -0.7623 -0.5407 -0.3557
vn -0.8243 -0.4680 -0.3186
vn -0.7534 -0.5460 -0.3664
vn -0.7416 -0.5540 -0.3783
vn 0.0319 -0.8254 -0.5636
vn -0.3219 -0.7764 -0.5418
vn -0.3400 -0.8023 -0.4907
vn -0.0768 -0.9468 -0.3126
vn -0.4107 -0.7737 -0.4824
vn -0.2485 -0.9374 -0.2442
vn -0.1634 -0.7834 -0.5996
vn -0.2877 -0.7754 -0.5621
vn 0.0716 -0.8159 -0.5738
vn 0.1373 -0.8386 -0.5272
vn -0.5488 -0.6346 -0.5441
vn -0.5415 -0.6838 -0.4890
vn -0.4513 -0.7172 -0.5310
vn -0.4626 -0.6919 -0.5543
vn -0.3966 -0.7576 -0.5184
vn -0.4974 -0.7282 -0.4714
vn -0.3165 -0.7629 -0.5637
vn -0.3391 -0.7500 -0.5679
vn -0.3447 -0.7592 -0.5521
vn -0.4271 -0.6800 -0.5960
vn -0.4955 -0.6296 -0.5984
vn -0.4070 -0.7159 -0.5674
vn -0.3439 -0.7600 -0.5515
vn -0.3228 -0.7817 -0.5336
vn -0.3179 -0.7906 -0.5233
vn -0.1448 -0.8171 -0.5580
vn -0.1731 -0.8155 -0.5523
vn -0.1550 -0.8541 -0.4965
vn 0.8443 -0.5349 0.0311
vn 0.8488 -0.5272 0.0405
vn 0.8817 0.1953 0.4295
vn 0.8796 0.2763 0.3873
vn 0.9420 -0.0431 0.3328
vn 0.8270 -0.5548 0.0911
vn 0.4506 0.6993 0.5549
vn 0.1946 0.8367 0.5120
vn 0.2543 0.8776 0.4065
vn 0.6568 0.6046 0.4506
vn 0.6148 0.6333 0.4700
vn 0.7187 0.5582 0.4146
vn 0.6555 0.5934 0.4671
vn 0.7427 0.5336 0.4045
vn 0.5635 0.6608 0.4957
vn 0.5110 0.6580 0.5532
vn 0.3769 0.7146 0.5893
vn 0.2249 0.7423 0.6312
vn 0.3495 0.6046 0.7158
vn 0.3572 0.6191 0.6994
vn 0.4234 0.6820 0.5964
vn 0.3759 0.7067 0.5994
vn 0.5252 0.5858 0.6173
vn 0.5374 0.6375 0.5520
vn 0.4595 0.7084 0.5357
vn 0.3805 0.7529 0.5370
vn 0.6211 0.3524 0.7000
vn 0.6111 0.5073 0.6076
vn 0.7323 0.4445 0.5159
vn 0.7497 0.3012 0.5893
vn -0.3577 0.6626 0.6580
vn -0.4437 0.6365 0.6309
vn -0.2499 0.7453 0.6181
vn -0.1206 0.7568 0.6424
vn -0.3698 0.7177 0.5901
vn -0.4740 0.6358 0.6092
vn -0.7802 -0.4218 -0.4620
vn -0.7402 -0.4920 -0.4583
vn -0.4681 -0.5477 -0.6935
vn -0.5157 -0.4593 -0.7233
vn -0.4984 -0.6378 -0.5871
vn -0.7373 -0.5621 -0.3748
vn -0.2838 -0.6380 -0.7159
vn -0.3272 -0.5350 -0.7789
vn -0.3655 -0.4458 -0.8171
vn -0.4201 -0.7418 -0.5227
vn -0.3233 -0.8339 -0.4472
vn -0.7280 -0.5519 -0.4067
vn -0.6569 -0.5912 -0.4679
vn -0.3846 -0.6656 -0.6395
vn -0.2605 -0.6890 -0.6763
vn 0.0261 -0.2574 -0.9660
vn -0.1290 -0.4911 -0.8615
vn -0.2789 -0.5764 -0.7681
vn -0.0972 -0.4255 -0.8997
vn -0.5363 -0.5819 -0.6113
vn -0.3937 -0.5308 -0.7505
vn -0.8084 -0.5023 -0.3069
vn -0.7975 -0.5381 -0.2729
vn -0.7470 -0.5628 -0.3538
vn -0.7770 -0.5400 -0.3236
vn -0.7560 -0.5507 -0.3538
vn -0.6853 -0.5568 -0.4694
vn -0.8092 -0.5096 -0.2923
vn -0.8210 -0.4846 -0.3019
vn -0.2292 -0.9665 -0.1151
vn -0.3095 -0.9498 0.0466
vn -0.3636 -0.9246 0.1138
vn -0.3606 -0.9135 -0.1884
vn -0.3449 -0.8558 -0.3856
vn -0.2484 -0.5171 -0.8191
vn -0.2631 -0.5620 -0.7842
vn -0.3683 -0.8928 -0.2594
vn -0.0938 -0.1776 -0.9796
vn -0.0090 -0.0442 -0.9990
vn -0.1142 -0.0824 -0.9900
vn -0.1217 -0.1234 -0.9849
vn -0.4012 -0.8670 -0.2956
vn -0.4524 -0.8844 0.1146
vn -0.4891 -0.8684 0.0823
vn -0.4429 -0.8159 -0.3717
vn 0.5016 -0.5722 0.6488
vn 0.2736 -0.9344 0.2282
vn 0.5922 -0.8033 -0.0628
vn 0.8465 -0.3564 0.3955
vn -0.0310 -0.9927 -0.1168
vn 0.0878 -0.9169 -0.3892
vn 0.2414 -0.7745 -0.5847
vn 0.7047 -0.6500 -0.2844
vn 0.9732 -0.1605 0.1645
vn 0.3927 -0.5815 -0.7125
vn 0.5629 -0.3709 -0.7386
vn 0.6714 -0.0652 -0.7382
vn 0.8252 0.2845 -0.4879
vn 0.9802 0.0979 -0.1719
vn 0.7557 -0.3570 -0.5491
vn 0.2264 -0.2751 0.9344
vn 0.5930 -0.3934 0.7026
vn 0.4626 -0.7737 0.4329
vn 0.3713 -0.1264 0.9199
vn 0.1455 -0.6616 0.7356
vn 0.1667 0.2002 0.9655
vn 0.2590 0.1130 0.9592
vn 0.3660 0.1904 0.9109
vn 0.6938 0.1227 0.7097
vn 0.6179 0.3529 0.7026
vn 0.4642 0.2828 0.8394
vn 0.4220 0.1204 0.8986
vn 0.6688 0.2707 0.6924
vn 0.6025 0.5121 0.6121
vn -0.1662 -0.6715 -0.7221
vn -0.2874 -0.6228 -0.7277
vn -0.3472 -0.7914 -0.5031
vn -0.2416 -0.8123 -0.5309
vn -0.3235 -0.6160 -0.7183
vn -0.3676 -0.7917 -0.4879
vn -0.3277 -0.9118 -0.2476
vn -0.3765 -0.9114 -0.1660
vn -0.2163 -0.9258 -0.3099
vn -0.2169 -0.8695 -0.4437
vn -0.2368 -0.8925 -0.3838
vn -0.2282 -0.8950 -0.3834
vn -0.0475 -0.5752 -0.8167
vn -0.1069 -0.6228 -0.7751
vn -0.1790 -0.6963 -0.6950
vn 0.4630 0.5615 0.6858
vn 0.4667 0.5203 0.7152
vn 0.1733 0.0536 0.9834
vn 0.1796 0.0976 0.9789
vn 0.0718 0.2438 0.9672
vn 0.2538 0.6731 0.6946
vn 0.0354 0.0098 0.9993
vn 0.1662 0.0704 0.9836
vn 0.1664 0.0892 0.9820
vn 0.5460 0.7308 -0.4097
vn 0.5990 0.6787 -0.4249
vn 0.6332 0.7708 0.0706
vn 0.5893 0.8043 0.0765
vn 0.4374 0.8884 0.1391
vn 0.4809 0.7951 -0.3695
vn 0.5414 0.5565 -0.6302
vn 0.6015 0.6992 -0.3864
vn 0.5259 0.7199 -0.4529
vn 0.4576 0.6475 -0.6093
vn 0.4882 0.6281 -0.6059
vn 0.5358 0.7871 -0.3056
vn 0.6737 0.5455 0.4986
vn 0.5898 0.6505 0.4785
vn 0.5110 0.5059 0.6949
vn 0.5427 0.7416 0.3944
vn 0.6598 0.6840 0.3112
vn 0.6047 0.7190 0.3426
vn 0.5342 0.8138 -0.2290
vn 0.7091 0.7051 -0.0029
vn 0.6667 0.7275 0.1621
vn 0.5406 0.8359 0.0954
vn 0.6640 0.6947 0.2766
vn 0.7346 0.6456 0.2089
vn -0.7904 -0.5134 -0.3342
vn -0.8198 -0.4229 -0.3862
vn -0.5465 -0.5002 -0.6717
vn -0.5304 -0.5864 -0.6122
vn -0.2967 -0.5147 -0.8044
vn -0.2451 -0.5749 -0.7806
vn -0.2393 -0.5500 -0.8002
vn -0.1769 -0.5765 -0.7977
vn -0.3711 -0.4642 -0.8043
vn -0.4416 -0.5319 -0.7225
vn -0.3333 -0.6115 -0.7176
vn -0.2835 -0.6294 -0.7236
vn -0.4722 -0.6479 -0.5977
vn -0.4424 -0.6657 -0.6010
vn -0.5072 -0.6196 -0.5991
vn -0.5662 -0.6309 -0.5304
vn -0.5368 -0.6685 -0.5147
vn -0.4917 -0.6971 -0.5218
vn -0.4754 -0.7297 -0.4914
vn -0.4398 -0.7485 -0.4963
vn -0.5151 -0.6704 -0.5340
vn -0.4735 -0.7000 -0.5346
vn -0.4526 -0.7504 -0.4817
vn -0.4398 -0.7573 -0.4827
vn 0.4748 0.7582 0.4470
vn 0.9020 0.2119 0.3761
vn 0.9561 -0.1288 0.2633
vn 0.8305 0.2327 0.5061
vn 0.5885 0.5094 0.6279
vn 0.4011 0.7803 0.4798
vn 0.6427 0.6616 0.3863
vn 0.4050 0.8487 0.3402
vn 0.9155 0.1437 0.3757
vn 0.5413 0.7154 0.4418
vn 0.5897 0.6568 0.4699
vn 0.4738 0.7276 0.4961
vn 0.4209 0.7549 0.5029
vn 0.4659 0.6829 0.5626
vn 0.5343 0.5989 0.5965
vn 0.4390 0.7101 0.5506
vn 0.4275 0.7418 0.5167
vn 0.4129 0.7529 0.5125
vn 0.8032 0.5052 0.3156
vn 0.6218 0.5996 0.5039
vn 0.5923 0.6029 0.5346
vn 0.7782 0.5174 0.3558
vn 0.5519 0.6216 0.5559
vn 0.5562 0.6082 0.5664
vn 0.5780 0.5965 0.5569
vn 0.5913 0.5847 0.5555
vn 0.7601 0.5236 0.3848
vn -0.3884 -0.7186 -0.5769
vn -0.4147 -0.6991 -0.5824
vn -0.4123 -0.8150 -0.4072
vn -0.3830 -0.8146 -0.4357
vn -0.4435 -0.8014 -0.4013
vn -0.4323 -0.6974 -0.5716
vn -0.4434 -0.8489 -0.2876
vn -0.3248 -0.8836 -0.3373
vn -0.2392 -0.8861 -0.3970
vn 0.1420 0.5910 0.7941
vn 0.6832 0.5943 0.4244
vn 0.7061 0.5684 0.4224
vn 0.1892 0.5495 0.8138
vn 0.7410 0.5272 0.4159
vn 0.1970 0.5394 0.8187
vn 0.6943 0.7119 -0.1056
vn 0.7753 0.5710 -0.2698
vn 0.8121 0.4764 -0.3371
vn 0.7447 0.6412 -0.1851
vn 0.8346 0.2377 -0.4970
vn 0.9121 0.4054 -0.0606
vn 0.9864 0.0549 -0.1550
vn 0.7958 0.6053 -0.0178
vn -0.0311 -0.3459 -0.9378
vn -0.0329 -0.3812 -0.9239
vn 0.0030 -0.2051 -0.9787
vn -0.0865 -0.4158 -0.9053
vn -0.1604 -0.4352 -0.8860
vn -0.0463 -0.4130 -0.9095
vn 0.7900 0.5932 -0.1553
vn 0.7934 0.6066 -0.0512
vn 0.7231 0.6783 -0.1304
vn 0.7191 0.6832 0.1270
vn 0.5698 0.7994 -0.1908
vn 0.5951 0.7958 0.1120
vn 0.8276 0.5222 0.2059
vn 0.6809 0.6659 0.3049
vn 0.6599 0.6147 0.4321
vn 0.8240 0.4969 0.2724
vn 0.5745 0.6514 0.4956
vn 0.6039 0.7188 0.3444
vn -0.2287 -0.4245 -0.8760
vn -0.2669 -0.4408 -0.8570
vn -0.6377 -0.4910 -0.5935
vn -0.5996 -0.4822 -0.6387
vn -0.8134 -0.4753 -0.3352
vn -0.8001 -0.4898 -0.3464
vn -0.2243 -0.5037 -0.8342
vn -0.5563 -0.5540 -0.6194
vn -0.7885 -0.5167 -0.3336
vn -0.0548 -0.4616 -0.8854
vn 0.0538 -0.2465 -0.9676
vn 0.0250 -0.3184 -0.9476
vn 0.0116 -0.3733 -0.9276
vn -0.1856 -0.5952 -0.7819
vn -0.0905 -0.4911 -0.8664
vn -0.1221 -0.2883 -0.9497
vn -0.2969 -0.6032 -0.7403
vn -0.3704 -0.7330 -0.5705
vn -0.2505 -0.4740 -0.8441
vn -0.4445 -0.7318 -0.5166
vn -0.4017 -0.6837 -0.6092
vn -0.3733 -0.7161 -0.5898
vn -0.3295 -0.3517 -0.8762
vn -0.3414 -0.4834 -0.8061
vn -0.3666 -0.7482 -0.5530
vn -0.2679 -0.1574 -0.9505
vn -0.2758 -0.0358 -0.9605
vn -0.3992 -0.8016 -0.4450
vn -0.4075 -0.7751 -0.4828
vn 0.7953 0.4975 0.3464
vn 0.8094 0.5275 0.2580
vn 0.9035 0.3355 0.2667
vn 0.8576 0.3515 0.3754
vn 0.9771 -0.0864 0.1946
vn 0.9487 -0.1386 0.2841
vn 0.6184 0.7059 0.3455
vn 0.8621 0.3683 0.3480
vn 0.9476 -0.1691 0.2709
vn 0.5495 0.8238 0.1389
vn 0.5307 0.8437 0.0808
vn 0.4944 0.8418 0.2167
vn 0.4392 0.8072 0.3945
vn 0.4747 0.7913 0.3854
vn 0.4880 0.7829 0.3859
vn 0.4193 0.7870 0.4525
vn 0.4470 0.7755 0.4458
vn 0.4483 0.7857 0.4263
vn 0.6970 0.6782 0.2328
vn 0.7993 0.6001 0.0309
vn 0.6068 0.7691 0.2007
vn 0.6839 0.6011 0.4135
vn 0.0774 0.6467 0.7588
vn 0.0344 0.6630 0.7478
vn 0.6841 0.6121 0.3965
vn 0.5571 -0.7565 -0.3426
vn 0.7100 -0.6772 -0.1933
vn 0.6634 -0.7231 0.1926
vn 0.3620 -0.9315 -0.0349
vn 0.7388 -0.6172 0.2707
vn 0.7629 -0.6366 -0.1125
vn 0.5863 -0.5621 0.5833
vn 0.4187 -0.7032 0.5746
vn 0.2512 -0.9016 0.3522
vn -0.8859 0.3942 -0.2446
vn -0.9897 0.0874 -0.1132
vn -0.9006 0.3401 0.2708
vn -0.8595 0.5034 -0.0883
vn -0.6882 -0.1636 0.7068
vn -0.9077 -0.3819 0.1739
vn -0.3941 -0.0100 0.9190
vn -0.7867 0.4014 0.4691
vn -0.8331 0.5526 0.0235
vn -0.6282 0.3503 -0.6947
vn -0.8152 0.3350 -0.4725
vn -0.7533 0.5335 -0.3846
vn -0.5545 0.4890 -0.6734
vn -0.7263 0.5963 -0.3421
vn -0.5622 0.5307 -0.6343
vn 0.5394 -0.5809 -0.6095
vn 0.6635 -0.5355 -0.5224
vn 0.2722 -0.6835 -0.6773
vn -0.0912 -0.3930 -0.9150
vn 0.1679 -0.2626 -0.9502
vn 0.2603 -0.1597 -0.9522
vn 0.7030 -0.6846 -0.1926
vn 0.7028 -0.6678 0.2452
vn 0.4217 -0.9008 0.1033
vn 0.2088 -0.9022 -0.3775
vn 0.4011 -0.7768 0.4855
vn 0.5818 -0.5773 0.5729
vn 0.3878 -0.4980 0.7756
vn -0.1412 -0.1511 0.9784
vn 0.2301 -0.4320 0.8720
vn 0.2911 -0.6409 0.7102
vn 0.0564 -0.2485 0.9670
vn -0.6024 0.3858 0.6988
vn -0.7159 0.6786 0.1640
vn -0.2308 0.3688 0.9004
vn -0.3470 0.8440 0.4090
vn -0.6144 0.7313 -0.2961
vn -0.4706 0.6441 -0.6031
vn -0.3225 0.9370 -0.1339
vn -0.2666 0.8102 -0.5220
vn -0.2829 0.4027 -0.8705
vn -0.2784 0.3287 -0.9025
vn -0.2045 0.5652 -0.7992
vn -0.1619 0.2165 -0.9628
vn -0.0002 -0.0641 -0.9979
vn 0.4876 -0.6102 -0.6244
vn -0.0528 -0.5956 -0.8015
vn -0.0947 -0.8307 -0.5486
vn -0.0495 -0.9962 -0.0718
vn -0.1011 -0.9693 -0.2241
vn -0.1575 -0.7472 -0.6457
vn -0.0853 -0.9457 0.3136
vn 0.0446 -0.9196 0.3902
vn 0.1343 -0.6803 0.7205
vn 0.0268 -0.6211 0.7832
vn 0.1994 -0.2014 0.9590
vn 0.1783 -0.2827 0.9425
vn 0.1553 0.3116 0.9374
vn 0.0950 0.8176 0.5679
vn 0.2665 0.2792 0.9225
vn 0.1678 0.7121 0.6817
vn -0.0076 0.9987 0.0504
vn -0.1012 0.9050 -0.4132
vn -0.0116 0.9833 0.1817
vn -0.1260 0.9154 -0.3822
vn -0.1514 0.6383 -0.7547
vn -0.1468 0.2822 -0.9481
vn -0.1637 0.6350 -0.7549
vn -0.2142 0.2935 -0.9317
vn -0.1299 -0.2903 -0.9481
vn -0.2264 -0.2190 -0.9491
vn 0.0330 -0.9726 0.2303
vn 0.2089 -0.8875 0.4108
vn 0.0970 -0.8772 0.4702
vn -0.0440 -0.9684 0.2453
vn 0.3293 -0.4601 0.8245
vn 0.4180 -0.5300 0.7378
vn 0.1715 -0.3782 0.9097
vn -0.1916 -0.6960 0.6921
vn -0.3271 -0.8635 0.3840
vn -0.3380 -0.9235 -0.1811
vn -0.6758 -0.3687 -0.6382
vn -0.7986 -0.3540 -0.4867
vn 0.0925 -0.9556 0.2796
vn -0.3155 -0.9486 -0.0231
vn 0.1517 -0.8897 0.4305
vn -0.3283 -0.9095 -0.2549
vn -0.5760 -0.3863 -0.7204
vn -0.4941 0.5904 -0.6382
vn -0.7135 0.2249 -0.6636
vn -0.6036 0.0610 -0.7949
vn -0.3398 0.6072 -0.7182
vn -0.5999 -0.0396 -0.7991
vn -0.3905 0.4916 -0.7783
vn -0.1630 0.8710 -0.4634
vn -0.3808 0.8206 -0.4262
vn -0.0992 0.8640 -0.4936
vn 0.0995 0.9860 -0.1337
vn 0.0417 0.9938 -0.1035
vn -0.0742 0.9931 -0.0913
vn 0.3068 0.9024 0.3026
vn 0.2857 0.9111 0.2971
vn 0.3437 0.8904 0.2984
vn 0.5205 0.4905 0.6989
vn 0.4812 0.5888 0.6494
vn 0.5336 0.5531 0.6398
vn 0.5679 -0.0329 0.8224
vn 0.4718 -0.6291 0.6177
vn 0.4551 -0.7415 0.4931
vn 0.5843 -0.2102 0.7839
vn 0.5115 -0.0131 0.8592
vn 0.2664 -0.8915 0.3664
vn 0.3486 -0.8286 0.4381
vn -0.0317 -0.9768 0.2117
vn 0.0106 -0.6314 0.7754
vn -0.0096 -0.6521 0.7580
vn -0.0950 -0.9741 0.2053
vn 0.1226 -0.1310 0.9838
vn 0.0249 -0.1061 0.9940
vn 0.0251 0.3140 0.9491
vn 0.1169 0.2830 0.9520
vn 0.0511 0.6947 0.7175
vn 0.0534 0.7209 0.6910
vn -0.0516 0.9826 0.1786
vn -0.1295 0.8890 -0.4393
vn -0.0123 0.9906 0.1364
vn -0.0990 0.8663 -0.4896
vn -0.1816 0.6082 -0.7727
vn -0.2671 0.3079 -0.9132
vn -0.1700 0.5940 -0.7863
vn -0.3005 0.3177 -0.8993
vn -0.3558 -0.1693 -0.9191
vn -0.5009 -0.0916 -0.8606
vn -0.5892 -0.6255 -0.5115
vn -0.3669 -0.6836 -0.6309
vn -0.1874 -0.9448 -0.2688
vn -0.3777 -0.9154 -0.1390
vn -0.1177 -0.5137 0.8499
vn -0.0080 -0.0196 0.9998
vn -0.4592 -0.8298 0.3171
vn -0.8989 -0.3876 0.2044
vn -0.5834 -0.1010 0.8059
vn -0.2159 0.2146 0.9525
vn -0.8072 0.2571 -0.5313
vn -0.8884 -0.4021 -0.2217
vn -0.6082 0.5656 -0.5570
vn -0.7721 0.5552 -0.3092
vn -0.8947 0.2797 -0.3482
vn -0.9319 -0.3022 0.2005
vn -0.0388 0.8644 0.5013
vn -0.2412 0.5488 0.8004
vn -0.6383 0.6917 0.3378
vn -0.1936 0.9527 0.2342
vn -0.7561 0.4878 0.4363
vn -0.5819 0.8051 -0.1149
vn -0.0075 0.9990 0.0450
vn 0.0035 0.3954 0.9185
vn 0.0723 0.7598 0.6461
vn -0.4554 0.7913 -0.4080
vn -0.0282 0.9902 -0.1371
vn 0.0944 0.9886 0.1177
vn -0.0102 0.8709 -0.4914
vn 0.1391 0.9741 0.1781
vn 0.0427 0.8980 -0.4380
vn -0.1455 0.6082 -0.7803
vn -0.3707 0.3737 -0.8502
vn -0.1573 0.6850 -0.7113
vn -0.4324 0.4458 -0.7838
vn -0.9875 -0.0947 0.1260
vn -0.9107 0.3969 0.1143
vn 0.5887 0.7461 0.3110
vn 0.3503 0.9320 0.0931
vn 0.3675 0.9196 0.1387
vn 0.6039 0.6397 0.4755
vn 0.6749 0.4750 0.5647
vn 0.5575 0.0938 0.8249
vn 0.7298 0.4831 0.4837
vn 0.5022 0.8166 0.2844
vn 0.6960 0.6860 0.2122
vn 0.4837 0.8650 0.1337
vn 0.7673 0.0693 0.6375
vn 0.4508 -0.4551 0.7679
vn 0.6245 -0.1933 0.7567
vn 0.3332 -0.6938 0.6384
vn 0.2546 -0.6609 0.7059
vn 0.2128 -0.4115 0.8862
vn 0.0164 -0.7039 0.7101
vn -0.0915 -0.3537 0.9309
vn -0.5040 -0.7914 0.3460
vn -0.5919 -0.5070 0.6266
vn -0.6143 -0.3853 0.6886
vn -0.2982 -0.1789 0.9376
vn -0.8878 -0.3325 0.3182
vn -0.8820 -0.3299 0.3364
vn -0.6721 -0.3477 0.6538
vn -0.4020 -0.2025 0.8930
vn -0.6878 -0.3607 0.6299
vn -0.4325 -0.2739 0.8590
vn -0.8398 -0.3953 0.3722
vn -0.8044 -0.4407 0.3985
vn -0.6638 -0.4021 0.6306
vn -0.4099 -0.3043 0.8599
vn -0.8803 -0.4523 -0.1428
vn -0.7821 -0.4903 0.3847
vn -0.8848 -0.4025 0.2347
vn -0.9222 -0.3414 -0.1815
vn -0.9185 -0.3910 0.0589
vn -0.8426 -0.4776 0.2487
vn -0.8476 -0.5228 -0.0902
vn -0.4572 -0.2124 0.8637
vn -0.3818 -0.3131 0.8696
vn -0.3881 -0.2684 0.8817
vn -0.8759 -0.3773 0.3009
vn -0.8262 -0.2686 0.4952
vn -0.4782 -0.2215 0.8498
vn -0.5864 -0.3103 0.7482
vn -0.6893 -0.2705 0.6721
vn -0.2717 -0.0546 0.9608
vn 0.1183 0.1017 0.9878
vn 0.0054 -0.0528 0.9986
vn -0.0984 -0.1913 0.9766
vn -0.7172 -0.4290 0.5492
vn -0.6150 -0.4609 0.6398
vn -0.1490 -0.3981 0.9052
vn -0.2376 -0.5462 0.8033
vn -0.8868 -0.4290 0.1721
vn 0.3900 -0.2867 0.8751
vn 0.3468 -0.5367 0.7692
vn 0.3921 -0.0523 0.9184
vn 0.6851 0.0462 0.7270
vn 0.7544 -0.1356 0.6423
vn 0.7529 -0.3805 0.5370
vn -0.0965 0.7123 0.6953
vn 0.2917 0.7114 0.6394
vn 0.3187 0.4152 0.8521
vn 0.3036 0.0716 0.9501
vn 0.5968 0.4322 0.6760
vn 0.5637 0.5149 0.6458
vn 0.1888 -0.0494 0.9808
vn -0.0744 -0.0219 0.9970
vn -0.5171 0.6080 0.6025
vn -0.1338 0.5911 0.7954
vn -0.3838 0.9234 0.0016
vn -0.3398 0.8840 0.3211
vn -0.0587 0.9965 -0.0590
vn -0.1214 0.9636 0.2382
vn -0.2857 0.0346 0.9577
vn -0.9573 0.0635 0.2822
vn -0.9986 -0.0523 0.0063
vn -0.9578 -0.2164 0.1892
vn -0.9518 0.3051 -0.0304
vn -0.7810 0.6019 -0.1664
vn -0.3992 0.8223 -0.4056
vn -0.3658 0.8601 -0.3555
vn -0.0454 0.9342 -0.3539
vn -0.0395 0.8752 -0.4821
vn -0.7798 -0.3255 0.5347
vn -0.8426 -0.2529 0.4755
vn -0.3355 -0.6114 0.7166
vn -0.4853 -0.5837 0.6510
vn -0.7741 0.6274 0.0845
vn -0.9023 0.4307 0.0195
vn -0.8973 -0.1626 0.4104
vn -0.8791 0.2662 0.3955
vn -0.6475 -0.4220 0.6345
vn -0.7507 -0.0771 0.6561
vn 0.6580 -0.5172 0.5472
vn 0.6543 -0.6055 0.4530
vn 0.9265 -0.3289 0.1827
vn 0.9140 -0.1408 0.3805
vn 0.9578 -0.1911 0.2147
vn 0.9805 0.1730 -0.0936
vn 0.9857 0.1638 0.0402
vn 0.9560 0.2753 0.1015
vn 0.2499 -0.7096 0.6588
vn 0.1636 -0.7211 0.6732
vn 0.6391 0.7172 -0.2778
vn 0.7008 0.7120 0.0447
vn 0.5955 0.7263 -0.3433
vn 0.0370 0.9170 -0.3973
vn 0.2317 0.9659 -0.1157
vn 0.6128 0.3300 0.7181
vn -0.1301 0.2711 0.9537
vn 0.0990 -0.4742 0.8748
vn 0.7279 -0.1747 0.6631
vn -0.3897 0.8347 -0.3890
vn -0.3428 0.9261 -0.1578
vn -0.3325 0.8600 0.3871
vn 0.4923 0.7902 0.3650
vn 0.8351 0.3389 0.4332
vn -0.2410 0.5787 0.7791
vn -0.2716 0.6419 0.7171
vn 0.0053 0.6867 0.7269
vn 0.0592 0.5550 0.8297
vn 0.0820 0.5060 0.8586
vn 0.1065 0.5595 0.8220
vn -0.2606 0.5534 0.7911
vn -0.2461 0.5436 0.8025
vn -0.2125 0.5624 0.7991
vn -0.2088 0.5875 0.7818
vn -0.2178 0.5741 0.7893
vn -0.0650 0.5239 0.8493
vn -0.0676 0.5487 0.8333
vn -0.0990 0.5691 0.8163
vn 0.1406 0.6485 0.7481
vn -0.2735 0.5826 0.7654
vn 0.2040 0.7297 0.6526
vn -0.2715 0.6117 0.7431
vn -0.1814 0.5895 0.7872
vn -0.0524 0.6050 0.7945
vn -0.2029 0.6407 0.7405
vn -0.0902 0.7128 0.6955
vn 0.2756 0.7486 0.6030
vn -0.2484 0.6261 0.7391
vn 0.3705 0.7589 0.5356
vn -0.1963 0.6479 0.7360
vn -0.2699 0.6426 0.7171
vn -0.3141 0.6247 0.7149
vn -0.1116 0.7196 0.6854
vn -0.1198 0.6965 0.7075
vn -0.0077 0.7026 0.7116
vn 0.6351 0.6939 0.3393
vn 0.7011 0.6270 0.3396
vn 0.0273 0.6832 0.7297
vn 0.4991 0.7561 0.4233
vn -0.1134 0.6837 0.7209
vn -0.3159 0.6147 0.7228
vn -0.2880 0.5933 0.7517
vn -0.1406 0.6778 0.7217
vn -0.1550 0.6531 0.7413
vn -0.2034 0.6280 0.7512
vn -0.2088 0.6587 0.7228
vn -0.1171 0.6220 0.7742
vn -0.4434 0.5561 0.7030
vn -0.2301 0.6715 0.7044
vn -0.4833 0.5873 0.6493
vn -0.1897 0.7188 0.6689
vn -0.5581 0.6194 0.5521
vn -0.8880 -0.3980 -0.2303
vn -0.9864 0.0234 0.1626
vn -0.9746 0.0287 0.2222
vn -0.8716 -0.4240 -0.2460
vn -0.9996 -0.0024 0.0272
vn -0.8733 -0.3877 -0.2949
vn -0.1899 0.5576 0.8081
vn -0.1529 0.5973 0.7873
vn -0.5394 0.4966 0.6800
vn -0.5789 0.4132 0.7029
vn -0.9675 -0.0911 0.2361
vn -0.8726 -0.4586 -0.1679
vn -0.9511 0.0046 0.3089
vn -0.9049 -0.4225 -0.0515
vn -0.5963 0.4561 0.6606
vn -0.2129 0.5214 0.8263
vn -0.2563 0.5648 0.7844
vn -0.6458 0.4722 0.6000
vn -0.8308 -0.4719 -0.2950
vn -0.8400 -0.4586 -0.2899
vn -0.7666 -0.5776 -0.2806
vn -0.7540 -0.5917 -0.2853
vn -0.7696 -0.5967 -0.2274
vn -0.7067 -0.6239 -0.3338
vn -0.6896 -0.6206 -0.3733
vn -0.7827 -0.5444 -0.3016
vn -0.8078 -0.4927 -0.3236
vn -0.9364 0.1350 0.3238
vn -0.9403 0.2133 0.2654
vn -0.9878 -0.1513 -0.0372
vn -0.9668 -0.2553 -0.0139
vn -0.8705 -0.4541 -0.1898
vn -0.8726 -0.4292 -0.2330
vn -0.6799 -0.6002 -0.4213
vn -0.7234 -0.5700 -0.3897
vn -0.7200 -0.5008 -0.4804
vn -0.7045 -0.5333 -0.4683
vn -0.2928 0.6035 0.7417
vn -0.6917 0.4450 0.5687
vn -0.2612 0.6284 0.7327
vn -0.7122 0.4168 0.5649
vn -0.8821 -0.3962 -0.2549
vn -0.8820 -0.3737 -0.2872
vn -0.9925 -0.1206 -0.0180
vn -0.9934 -0.1140 -0.0087
vn -0.9470 0.2057 0.2466
vn -0.9475 0.1479 0.2834
vn -0.2423 0.6656 0.7059
vn -0.7108 0.4422 0.5470
vn -0.2472 0.7137 0.6553
vn -0.6985 0.4937 0.5181
vn -0.9536 0.1453 0.2637
vn -0.9597 0.1856 0.2112
vn -0.9926 -0.0469 -0.1118
vn -0.9949 -0.0871 -0.0516
vn -0.8705 -0.3097 -0.3824
vn -0.7329 -0.4217 -0.5338
vn -0.8707 -0.2385 -0.4301
vn -0.7967 -0.3616 -0.4842
vn -0.7615 -0.4913 -0.4229
vn -0.8128 -0.4573 -0.3609
vn -0.9784 -0.0200 -0.2056
vn -0.9857 0.0053 -0.1684
vn -0.9567 0.2463 0.1550
vn -0.9582 0.2402 0.1556
vn -0.6758 0.5386 0.5033
vn -0.6818 0.5148 0.5198
vn -0.2535 0.7293 0.6355
vn -0.2851 0.6788 0.6768
vn -0.9193 -0.1032 -0.3798
vn -0.8752 -0.1897 -0.4450
vn -0.2422 0.5588 0.7932
vn -0.2121 0.6116 0.7622
vn -0.2357 0.5232 0.8190
vn -0.5589 0.4659 0.6860
vn -0.8458 -0.4424 -0.2981
vn -0.8735 -0.4306 -0.2270
vn -0.8689 -0.3481 -0.3518
vn -0.9161 -0.3369 -0.2172
vn -0.3712 0.6020 0.7070
vn -0.7219 0.4250 0.5462
vn -0.9158 -0.2193 -0.3364
vn -0.9481 -0.2542 -0.1910
vn -0.9898 -0.0706 -0.1237
vn -0.9937 -0.1120 -0.0072
vn -0.9578 0.1721 0.2302
vn -0.9282 0.1633 0.3343
vn -0.2463 0.5029 0.8285
vn -0.5796 0.4122 0.7030
vn -0.2571 0.4813 0.8380
vn -0.5901 0.3766 0.7141
vn -0.8965 -0.4169 -0.1500
vn -0.9263 -0.3654 -0.0916
vn -0.9423 -0.3189 -0.1019
vn -0.9656 -0.2583 -0.0287
vn -0.9631 -0.2529 -0.0917
vn -0.9793 -0.1968 -0.0463
vn -0.9924 -0.1014 0.0699
vn -0.9934 -0.0645 0.0944
vn -0.9019 0.1630 0.4000
vn -0.8945 0.1606 0.4173
vn -0.2912 0.4675 0.8347
vn -0.6048 0.3599 0.7104
vn -0.3387 0.4230 0.8405
vn -0.6455 0.3555 0.6760
vn -0.9625 -0.2648 -0.0589
vn -0.9630 -0.2609 -0.0677
vn -0.9854 -0.1638 0.0469
vn -0.9825 -0.1272 0.1362
vn -0.9886 -0.1501 0.0067
vn -0.9865 -0.1116 0.1197
vn -0.9925 -0.0571 0.1081
vn -0.9860 -0.0556 0.1570
vn -0.9017 0.1475 0.4064
vn -0.9216 0.1186 0.3696
vn -0.9465 -0.3145 -0.0723
vn -0.9075 -0.4160 -0.0584
vn -0.9709 -0.1588 0.1790
vn -0.9459 -0.2078 0.2492
vn -0.6481 -0.7610 0.0300
vn -0.8975 -0.4370 -0.0597
vn -0.7225 -0.6121 -0.3216
vn -0.8394 -0.4333 -0.3283
vn -0.8745 -0.3907 -0.2872
vn -0.8798 -0.4589 -0.1238
vn -0.9215 -0.3508 -0.1667
vn -0.8653 -0.3633 -0.3455
vn -0.9502 -0.2892 -0.1158
vn -0.6193 -0.1267 -0.7749
vn -0.6851 -0.1711 -0.7080
vn -0.9679 -0.2512 0.0038
vn -0.9643 0.2338 0.1247
vn -0.3735 0.7126 0.5939
vn -0.5219 0.4248 0.7397
vn -0.9970 -0.0661 -0.0405
vn -0.8793 -0.2716 -0.3913
vn -0.9787 -0.0061 -0.2052
vn -0.8434 0.4909 0.2182
vn -0.2474 0.8979 0.3641
vn -0.7845 0.6023 0.1473
vn -0.3418 0.9374 0.0669
vn -0.9718 0.2269 -0.0645
vn -0.9536 0.3008 0.0110
vn -0.8487 0.5077 0.1481
vn -0.6708 0.7207 -0.1748
vn -0.5668 -0.4980 -0.6563
vn -0.6045 -0.3623 -0.7094
vn -0.4536 -0.3177 -0.8327
vn -0.3875 -0.4849 -0.7840
vn -0.5262 -0.0556 -0.8485
vn -0.5614 -0.2330 -0.7941
vn -0.6379 -0.2374 -0.7326
vn -0.5364 -0.3081 -0.7857
vn -0.4765 -0.4148 -0.7752
vn -0.4119 -0.7598 -0.5030
vn -0.2811 -0.6200 -0.7325
vn -0.2631 -0.6764 -0.6879
vn -0.3835 -0.8188 -0.4271
vn -0.2839 -0.6007 -0.7473
vn -0.2742 -0.5667 -0.7770
vn -0.2095 -0.6848 -0.6979
vn -0.2474 -0.7490 -0.6146
vn -0.3762 -0.8501 -0.3686
vn -0.2431 -0.8084 -0.5361
vn -0.3986 -0.8632 -0.3100
vn -0.1177 -0.7476 -0.6536
vn -0.0856 -0.7483 -0.6578
vn -0.2463 -0.8073 -0.5363
vn -0.4802 -0.8308 -0.2815
vn -0.6274 -0.7737 0.0884
vn -0.5435 -0.8087 -0.2251
vn -0.5106 -0.8449 -0.1594
vn -0.5733 -0.7947 0.1995
vn -0.4955 -0.8657 -0.0715
vn -0.5530 -0.7264 0.4081
vn -0.4837 -0.5742 0.6605
vn -0.1872 -0.1325 0.9733
vn -0.3350 -0.1225 0.9342
vn -0.6297 -0.5876 0.5081
vn -0.3337 -0.3940 0.8564
vn -0.1086 -0.1268 0.9860
vn -0.5554 -0.8314 0.0195
vn -0.6125 -0.4427 0.6549
vn -0.7050 -0.7036 0.0889
vn -0.8001 -0.1938 0.5678
vn -0.8323 -0.5538 -0.0249
vn -0.9050 -0.3222 0.2778
vn -0.6693 -0.6941 -0.2651
vn -0.0187 0.5294 0.8482
vn -0.2161 0.3668 0.9048
vn -0.0631 0.3614 0.9303
vn 0.0044 0.4283 0.9036
vn -0.5246 -0.1188 0.8430
vn -0.6616 -0.0758 0.7460
vn 0.0573 0.3125 0.9482
vn 0.0423 0.2555 0.9659
vn -0.9621 -0.0575 0.2666
vn -0.9114 -0.0554 0.4078
vn -0.9561 0.0143 0.2926
vn -0.9067 -0.0244 0.4210
vn -0.8010 0.1307 0.5842
vn -0.4109 0.2727 0.8700
vn -0.4132 0.2649 0.8712
vn -0.8461 -0.1202 0.5193
vn 0.2650 0.5330 0.8035
vn 0.3238 0.5263 0.7862
vn -0.9203 0.0862 0.3815
vn -0.9122 -0.0604 0.4054
vn -0.2826 0.0086 0.9592
vn 0.1638 0.2669 0.9497
vn -0.6680 -0.3363 0.6638
vn -0.8621 -0.0244 0.5061
vn -0.4800 0.4781 0.7355
vn -0.9140 0.0411 0.4037
vn -0.7791 0.3012 0.5498
vn -0.3919 0.0141 0.9199
vn 0.0164 0.2719 0.9622
vn 0.1147 0.2317 0.9660
vn -0.0357 0.2353 0.9713
vn -0.9166 -0.3121 -0.2498
vn -0.8950 -0.4455 0.0211
vn -0.7631 -0.6406 0.0858
vn -0.8342 -0.3246 0.4458
vn -0.3832 -0.2091 0.8997
vn -0.8260 -0.3848 0.4118
vn -0.9591 -0.2688 -0.0882
vn -0.9364 -0.3424 -0.0765
vn -0.9797 -0.1999 -0.0146
vn -0.9467 -0.3051 0.1028
vn -0.9308 -0.3522 -0.0975
vn -0.9109 -0.3403 -0.2333
vn -0.8874 -0.3427 0.3085
vn -0.8664 -0.4544 0.2071
vn -0.9264 -0.3666 0.0861
vn -0.9108 -0.1655 0.3783
vn -0.6934 -0.7084 -0.1318
vn -0.3834 -0.8867 -0.2583
vn -0.6673 -0.2884 -0.6867
vn -0.5720 -0.3505 -0.7416
vn 0.0406 0.5308 0.8465
vn 0.1083 0.0360 0.9935
vn 0.3999 0.0350 0.9159
vn 0.3555 0.5030 0.7878
vn -0.1222 0.9828 0.1386
vn 0.0500 0.9985 -0.0232
vn -0.2726 0.8472 -0.4559
vn -0.5495 0.8226 -0.1461
vn -0.5515 0.3671 -0.7490
vn -0.7917 0.3434 -0.5052
vn -0.6386 -0.0887 -0.7644
vn -0.7666 -0.0937 -0.6353
vn 0.1822 0.8978 0.4010
vn -0.0903 0.8602 0.5020
vn -0.7388 0.1486 0.6573
vn -0.4111 0.3936 0.8222
vn -0.5325 0.7459 0.4001
vn -0.9373 0.3230 0.1305
vn -0.9484 -0.2970 -0.1109
vn -0.6798 -0.4622 0.5695
vn -0.3115 -0.2004 0.9289
vn -0.1286 -0.9033 -0.4092
vn -0.6301 -0.4668 -0.6206
vn -0.3701 -0.8599 0.3516
vn -0.0911 -0.5811 0.8087
vn -0.7941 0.0059 -0.6077
vn -0.4384 -0.0150 -0.8987
vn -0.2774 0.2129 -0.9369
vn -0.4053 0.0136 0.9141
vn -0.6979 -0.5770 0.4241
vn -0.7595 -0.5766 0.3012
vn -0.4687 0.0960 0.8781
vn -0.8172 -0.5715 -0.0746
vn -0.7407 -0.5302 0.4126
vn -0.8580 -0.4833 -0.1738
vn -0.8092 -0.5872 -0.0196
vn -0.7270 -0.6846 -0.0527
vn -0.7052 -0.6059 0.3682
vn -0.6403 -0.6894 0.3387
vn -0.6988 -0.7153 0.0038
vn -0.6623 -0.7387 0.1252
vn -0.6905 -0.6595 0.2970
vn -0.6846 -0.7282 -0.0319
vn -0.6549 -0.6718 0.3460
vn -0.7627 -0.6334 0.1308
vn -0.9170 -0.3800 -0.1212
vn -0.9346 -0.3515 -0.0554
vn -0.9284 -0.3421 0.1454
vn -0.8991 -0.3595 0.2496
vn -0.9141 -0.3833 -0.1323
vn -0.7122 -0.5361 0.4532
vn -0.8135 -0.5755 0.0834
vn -0.4037 -0.3493 0.8456
vn -0.5844 -0.4831 0.6520
vn -0.5844 -0.4999 0.6392
vn -0.6089 -0.3342 0.7195
vn -0.9575 -0.2874 0.0248
vn -0.5763 -0.2495 0.7782
vn -0.3661 -0.2966 0.8821
vn -0.6292 -0.4362 0.6433
vn -0.5625 -0.4850 -0.6696
vn -0.5248 -0.5581 -0.6428
vn -0.4181 -0.5361 -0.7333
vn -0.5254 -0.4595 -0.7161
vn -0.5248 -0.4045 -0.7490
vn -0.4989 -0.5477 -0.6717
vn -0.4762 -0.6540 -0.5878
vn -0.3517 -0.6449 -0.6785
vn -0.9852 -0.1131 0.1286
vn -0.9447 -0.1714 0.2797
vn -0.5082 0.2001 0.8377
vn -0.4155 0.1092 0.9030
vn -0.8377 -0.2875 0.4642
vn -0.7186 -0.2363 0.6541
vn -0.2883 0.1646 0.9433
vn -0.1391 0.4006 0.9056
vn -0.5596 -0.0777 0.8251
vn -0.0386 0.5181 0.8545
vn -0.1413 0.3378 0.9306
vn -0.1841 0.4050 0.8956
vn -0.1569 0.2494 0.9556
vn -0.5925 -0.0246 0.8052
vn -0.6382 0.0580 0.7677
vn -0.6580 0.0726 0.7495
vn -0.6845 0.0085 0.7290
vn -0.2549 0.3924 0.8838
vn -0.4614 -0.6397 -0.6147
vn -0.2895 -0.6295 -0.7211
vn -0.2793 -0.6337 -0.7214
vn -0.4170 -0.6751 -0.6085
vn -0.3045 -0.6781 -0.6689
vn -0.2569 -0.6488 -0.7163
vn -0.2846 -0.7196 -0.6333
vn -0.4121 -0.6837 -0.6022
vn -0.7486 -0.6629 -0.0135
vn -0.8067 -0.4329 0.4023
vn -0.8446 -0.3399 0.4136
vn -0.8072 -0.5899 -0.0204
vn -0.8746 -0.2552 0.4123
vn -0.8605 -0.5084 -0.0330
vn -0.3284 -0.5842 -0.7422
vn -0.5150 -0.5874 -0.6243
vn -0.8491 -0.3347 0.4087
vn -0.8815 -0.2433 0.4048
vn -0.8800 -0.4746 -0.0203
vn -0.8882 -0.4589 -0.0225
vn -0.5783 -0.7303 -0.3636
vn -0.5724 -0.7616 -0.3039
vn -0.6903 -0.7234 0.0136
vn -0.4341 -0.6849 -0.5852
vn -0.6232 -0.6774 -0.3908
vn -0.6729 -0.6174 -0.4075
vn -0.7372 -0.5282 0.4214
vn -0.6983 -0.5919 -0.4026
vn -0.7380 -0.5296 -0.4182
vn 0.7823 0.5266 0.3327
vn 0.7535 0.5430 0.3707
vn 0.7696 0.4952 0.4032
vn 0.7665 0.5222 0.3740
vn 0.6003 0.5731 0.5579
vn 0.5769 0.5859 0.5692
vn 0.5809 0.5568 0.5937
vn 0.5927 0.5795 0.5594
vn 0.5719 0.5974 0.5621
vn 0.7840 0.5487 0.2903
vn 0.5693 0.5234 0.6339
vn 0.5434 0.5035 0.6718
vn 0.5583 0.5927 0.5805
vn 0.7939 0.5361 0.2869
vn 0.3967 0.6124 0.6838
vn 0.4174 0.6323 0.6527
vn 0.4526 0.5384 0.7108
vn 0.3555 0.5638 0.7455
vn 0.3990 0.5238 0.7526
vn 0.3914 0.5549 0.7341
vn 0.9125 -0.1429 0.3833
vn 0.6890 0.3109 0.6547
vn 0.9131 -0.3890 0.1219
vn 0.8576 -0.5130 -0.0366
vn 0.9093 -0.0451 0.4138
vn 0.6415 0.3774 0.6679
vn -0.3543 -0.5752 -0.7373
vn -0.4164 -0.5759 -0.7035
vn -0.4119 -0.6135 -0.6738
vn -0.3655 -0.6384 -0.6774
vn -0.4330 -0.6079 -0.6655
vn -0.4166 -0.5596 -0.7165
vn -0.4891 -0.5410 -0.6842
vn -0.4960 -0.6066 -0.6213
vn -0.5227 -0.6039 -0.6017
vn -0.4983 -0.5737 -0.6501
vn -0.5723 -0.5971 -0.5621
vn -0.5680 -0.5810 -0.5829
vn -0.4806 -0.5886 -0.6501
vn -0.5024 -0.5159 -0.6939
vn -0.3620 -0.5221 -0.7722
vn -0.3018 -0.6146 -0.7288
vn -0.5519 -0.5805 -0.5987
vn -0.5808 -0.5667 -0.5844
vn -0.5544 -0.5456 -0.6285
vn -0.5622 -0.5615 -0.6072
vn -0.5789 -0.5652 -0.5878
vn -0.5699 -0.5515 -0.6092
vn -0.4558 -0.6268 -0.6320
vn -0.4738 -0.5662 -0.6745
vn -0.4837 -0.7378 -0.4708
vn -0.1640 -0.6915 -0.7035
vn -0.2723 -0.7882 -0.5518
vn 0.0521 -0.6609 -0.7486
vn -0.2261 -0.6311 -0.7421
vn -0.1228 -0.6175 -0.7769
vn -0.4823 -0.7678 -0.4216
vn -0.4833 -0.7490 -0.4533
vn -0.4654 -0.5237 -0.7136
vn -0.4269 -0.7727 -0.4698
vn -0.5411 -0.3776 -0.7515
vn -0.4199 -0.0331 -0.9070
vn -0.2904 0.1340 -0.9475
vn -0.3312 -0.2135 -0.9191
vn -0.3093 -0.6760 -0.6688
vn -0.5252 -0.7269 -0.4424
vn -0.5548 -0.6563 -0.5113
vn -0.5550 -0.6296 -0.5437
vn -0.5251 -0.7089 -0.4710
vn -0.5780 -0.3570 -0.7338
vn -0.5808 -0.4565 -0.6740
vn -0.4904 -0.5310 -0.6911
vn -0.4225 -0.8138 -0.3990
vn -0.3844 -0.8256 -0.4132
vn -0.4233 -0.6082 -0.6715
vn -0.4303 -0.7348 -0.5244
vn -0.3788 -0.8767 -0.2964
vn -0.3638 -0.8644 -0.3469
vn -0.3908 -0.8747 -0.2868
vn -0.3924 -0.7954 -0.4618
vn 0.3928 0.3048 0.8676
vn 0.4253 0.3678 0.8270
vn 0.5319 0.2988 0.7924
vn 0.4988 0.2116 0.8405
vn 0.5220 0.6950 0.4944
vn 0.3907 0.7542 0.5278
vn 0.5748 0.7021 0.4204
vn 0.6073 0.2366 0.7584
vn 0.5047 -0.0400 0.8624
vn 0.5586 0.3792 0.7377
vn 0.7870 0.3020 0.5380
vn 0.5240 0.4965 0.6920
vn 0.4966 0.1134 0.8606
vn 0.4488 -0.1112 0.8867
vn 0.7122 -0.0673 0.6987
vn 0.4196 0.9068 0.0413
vn 0.5380 0.7985 0.2701
vn 0.5124 0.8157 0.2684
vn 0.5315 0.7568 0.3806
vn 0.4401 0.8835 0.1606
vn 0.5183 0.8025 0.2956
vn 0.4451 0.8926 0.0715
vn 0.4492 0.8837 -0.1313
vn 0.5820 0.7999 0.1463
vn 0.4755 -0.0277 0.8793
vn 0.6174 0.0126 0.7865
vn 0.5225 0.1274 0.8431
vn 0.4753 0.8221 0.3134
vn 0.5998 0.3295 0.7292
vn 0.5639 0.6152 0.5510
vn 0.4846 0.8560 0.1800
vn 0.6363 0.6314 0.4432
vn 0.4238 0.9028 0.0731
vn 0.7860 0.5096 0.3499
vn 0.5618 0.4556 0.6905
vn 0.8595 0.4524 0.2379
vn 0.6702 0.4124 0.6171
vn 0.8446 0.4149 0.3384
vn 0.9586 0.2225 0.1777
vn 0.7969 0.4718 0.3772
vn 0.7248 0.3637 0.5851
vn 0.8089 0.4829 0.3354
vn 0.7999 0.3831 0.4619
vn 0.7357 0.3739 0.5648
vn 0.7346 0.5662 0.3737
vn 0.7635 0.5151 0.3895
vn 0.7864 0.5303 0.3167
vn 0.3997 0.1042 0.9107
vn 0.4312 0.1916 0.8817
vn 0.6046 0.2744 0.7478
vn 0.6338 0.1912 0.7495
vn 0.4190 0.3702 0.8291
vn 0.5680 0.3412 0.7490
vn 0.3117 0.9033 0.2948
vn 0.5930 0.7406 0.3160
vn 0.3870 0.9219 -0.0167
vn 0.7177 0.6521 0.2445
vn 0.5851 0.3797 0.7166
vn 0.6378 0.4650 0.6140
vn 0.6704 0.3037 0.6770
vn 0.7213 0.3788 0.5798
vn 0.7589 0.4231 0.4950
vn 0.7360 0.5458 0.4004
vn 0.7465 0.6210 0.2391
vn 0.7518 0.5212 0.4040
vn 0.7434 0.5833 0.3272
vn 0.7459 0.2115 0.6316
vn 0.7868 0.2415 0.5680
vn 0.8883 0.0831 0.4516
vn 0.8902 0.4379 0.1257
vn 0.4826 0.8006 -0.3551
vn 0.7063 0.5942 0.3848
vn 0.7146 0.5694 0.4064
vn 0.7512 0.3131 0.5811
vn 0.7056 0.0625 0.7058
vn 0.7361 0.0092 0.6768
vn 0.7794 0.2635 0.5684
vn 0.7260 -0.2598 0.6367
vn 0.6794 0.0286 0.7332
vn 0.6637 -0.3205 0.6759
vn 0.7299 -0.0870 0.6779
vn 0.8508 0.2000 0.4860
vn 0.6865 -0.4978 0.5301
vn 0.6068 -0.4528 0.6532
vn 0.7932 -0.3315 0.5108
vn 0.7104 -0.6108 0.3497
vn 0.5847 -0.6513 0.4836
vn 0.5394 -0.6446 0.5417
vn 0.7578 -0.3441 0.5543
vn 0.6974 -0.6151 0.3678
vn 0.9118 -0.4106 -0.0049
vn 0.9648 -0.0474 0.2586
vn 0.9063 0.3886 0.1663
vn 0.9774 0.1722 -0.1229
vn 0.8023 0.3884 -0.4533
vn 0.8459 0.5046 -0.1726
vn 0.8930 -0.1574 -0.4216
vn 0.6442 0.1362 -0.7526
vn 0.3702 -0.8887 0.2704
vn 0.5395 -0.8393 0.0675
vn 0.2650 -0.9578 -0.1112
vn 0.2616 -0.9596 0.1037
vn 0.2917 -0.8881 -0.3553
vn 0.6683 -0.6936 -0.2688
vn 0.6378 -0.4924 -0.5923
vn 0.3984 -0.2334 -0.8870
vn 0.2627 -0.7549 -0.6010
vn 0.1138 -0.5089 -0.8533
vn 0.0914 -0.7538 -0.6508
vn -0.0055 -0.4613 -0.8872
vn 0.1583 -0.8901 -0.4273
vn -0.0805 -0.7579 -0.6474
vn -0.0630 -0.9513 -0.3017
vn -0.0620 -0.3413 -0.9379
vn -0.5555 -0.2528 -0.7921
vn -0.4759 0.1023 -0.8735
vn -0.5126 -0.0179 -0.8584
vn -0.5262 -0.1318 -0.8401
vn -0.5434 -0.1524 -0.8255
vn -0.5124 -0.1037 -0.8525
vn -0.5731 -0.5502 -0.6073
vn -0.5572 -0.5202 -0.6472
vn -0.5603 -0.5703 -0.6007
vn -0.4671 -0.8035 -0.3690
vn -0.4586 -0.6334 -0.6232
vn -0.2850 -0.9199 -0.2694
vn -0.1170 -0.7534 -0.6471
vn -0.0345 -0.8136 -0.5803
vn -0.4038 0.0050 -0.9148
vn -0.4095 -0.2478 -0.8780
vn -0.4610 -0.5600 -0.6884
vn -0.4358 -0.7772 -0.4538
vn -0.4484 -0.6687 -0.5931
vn -0.3600 -0.8004 -0.4794
vn -0.3505 -0.5645 -0.7473
vn -0.3144 -0.2499 -0.9158
vn -0.4258 -0.8612 -0.2775
vn -0.2345 -0.8748 -0.4239
vn -0.3516 -0.8992 -0.2603
vn -0.3418 -0.9310 -0.1280
vn -0.4683 -0.8486 -0.2459
vn -0.3686 -0.9296 -0.0040
vn -0.2448 -0.9695 -0.0101
vn -0.2744 -0.9616 -0.0054
vn -0.1835 -0.9827 0.0249
vn -0.1659 -0.9280 -0.3335
vn -0.0007 -0.7798 -0.6260
vn -0.2963 -0.9287 -0.2231
vn -0.0523 -0.7287 -0.6829
vn -0.0584 -0.7810 -0.6217
vn -0.4416 -0.8895 -0.1173
vn -0.3407 -0.6801 -0.6492
vn -0.2192 -0.7796 -0.5867
vn -0.2682 -0.9633 -0.0108
vn -0.5170 -0.7894 -0.3310
vn -0.2620 -0.6276 -0.7331
vn -0.2216 -0.6596 -0.7182
vn -0.4233 -0.7332 -0.5322
vn -0.4218 -0.6950 -0.5823
vn -0.3781 -0.7805 -0.4979
vn -0.3217 -0.8087 -0.4925
vn -0.2918 -0.5197 -0.8029
vn -0.1726 -0.4107 -0.8953
vn -0.2064 -0.6256 -0.7524
vn -0.0990 -0.7594 -0.6431
vn -0.1547 -0.2737 -0.9493
vn -0.1143 -0.6824 -0.7220
vn -0.1155 -0.9125 -0.3923
vn -0.2195 -0.7994 -0.5592
vn -0.2833 -0.8342 -0.4731
vn -0.1603 -0.9041 -0.3960
vn -0.2198 -0.8735 -0.4344
vn -0.3277 -0.8261 -0.4585
vn -0.0397 -0.9119 -0.4086
vn -0.0736 -0.8573 -0.5096
vn -0.2535 -0.8171 -0.5178
vn -0.2947 -0.7921 -0.5346
vn -0.3808 -0.6791 -0.6275
vn -0.2102 -0.8484 -0.4859
vn -0.4920 -0.5123 -0.7039
vn -0.3488 -0.7564 -0.5533
vn -0.5150 -0.5599 -0.6491
vn -0.1366 -0.9109 -0.3893
vn -0.0725 -0.9195 -0.3864
vn -0.0266 -0.9247 -0.3797
vn 0.0090 -0.9775 -0.2109
vn -0.0286 -0.9722 -0.2323
vn -0.0284 -0.9280 -0.3715
vn -0.1670 -0.8915 -0.4210
vn -0.0194 -0.9882 -0.1521
vn -0.5130 -0.6411 -0.5708
vn -0.2373 -0.9129 -0.3321
vn -0.2563 -0.8817 -0.3961
vn -0.5498 -0.5505 -0.6283
vn -0.0169 -0.9850 -0.1719
vn -0.4261 -0.7846 -0.4504
vn -0.4936 -0.7341 -0.4663
vn -0.4187 -0.7875 -0.4523
vn -0.4913 -0.7112 -0.5028
vn -0.4123 -0.7708 -0.4857
vn -0.4762 -0.6994 -0.5330
vn -0.3535 -0.7932 -0.4959
vn -0.4188 -0.7525 -0.5083
vn -0.1626 -0.9299 -0.3299
vn -0.1820 -0.9312 -0.3159
vn -0.1389 -0.9501 -0.2794
vn -0.0896 -0.9526 -0.2907
vn -0.3753 -0.7811 -0.4990
vn -0.4504 -0.8058 -0.3844
vn -0.5973 -0.5321 -0.6001
vn -0.7206 -0.5347 -0.4414
vn -0.5271 -0.7043 -0.4756
vn -0.5429 -0.6586 -0.5210
vn -0.5349 -0.7153 -0.4497
vn -0.5758 -0.6302 -0.5209
vn -0.5274 -0.6405 -0.5582
vn -0.5721 -0.6001 -0.5591
vn -0.4318 -0.7443 -0.5095
vn -0.4752 -0.7194 -0.5065
vn -0.1633 -0.9315 -0.3251
vn -0.2287 -0.9088 -0.3491
vn -0.1766 -0.9742 -0.1403
vn -0.2556 -0.9433 -0.2117
vn -0.1566 -0.9747 -0.1598
vn -0.2183 -0.9413 -0.2576
vn -0.3968 -0.7916 -0.4647
vn -0.5074 -0.7290 -0.4594
vn -0.4107 -0.7537 -0.5130
vn -0.1022 -0.9847 -0.1412
vn -0.1580 -0.9409 -0.2994
vn -0.4568 -0.6626 -0.5935
vn -0.4699 -0.7511 -0.4637
vn -0.3666 -0.7032 -0.6092
vn -0.3655 -0.6381 -0.6777
vn -0.5288 -0.4619 -0.7121
vn -0.6332 -0.4204 -0.6499
vn 0.6923 0.3468 0.6328
vn 0.6832 0.3858 0.6200
vn 0.6600 0.2956 0.6907
vn 0.5900 0.2313 0.7736
vn 0.5176 0.4206 0.7451
vn 0.5589 0.6078 0.5640
vn 0.5534 0.6851 0.4737
vn 0.7415 0.2216 0.6332
vn 0.7440 0.2366 0.6249
vn 0.7520 0.3584 0.5532
vn 0.8037 0.1403 0.5783
vn 0.6096 0.6069 0.5100
vn 0.5973 0.6433 0.4789
vn 0.7331 0.4287 0.5279
vn 0.8074 0.1701 0.5649
vn 0.5699 0.6955 0.4376
vn 0.5710 0.7149 0.4037
vn 0.6139 0.6438 0.4567
vn 0.5917 0.6052 0.5326
vn 0.5743 0.6250 0.5287
vn 0.4964 0.7268 0.4747
vn 0.6720 0.4239 0.6072
vn 0.7054 0.3736 0.6024
vn 0.7987 0.0990 0.5935
vn 0.7430 0.3482 0.5716
vn 0.8007 -0.0666 0.5953
vn 0.7853 0.0798 0.6139
vn 0.7018 0.4210 0.5746
vn 0.6644 0.5276 0.5294
vn 0.6254 0.5260 0.5764
vn 0.7559 0.3406 0.5591
vn 0.6774 0.4437 0.5867
vn 0.7190 0.5538 0.4199
vn 0.7489 0.4771 0.4599
vn 0.5735 0.7289 0.3739
vn 0.5796 0.6386 0.5062
vn 0.5519 0.8076 0.2077
vn 0.7086 0.6241 0.3293
vn 0.7883 0.6001 0.1361
vn 0.7332 0.6588 -0.1687
vn 0.7742 0.6300 0.0615
vn 0.6591 0.7512 -0.0360
vn 0.5976 0.7648 -0.2408
vn 0.6276 0.7719 0.1011
vn 0.7401 0.5549 0.3800
vn 0.6903 0.4537 0.5636
vn 0.7514 0.1239 0.6481
vn 0.5541 0.6876 0.4693
vn 0.7604 0.5639 0.3221
vn 0.7718 0.6323 -0.0672
vn 0.7722 0.6205 0.1365
vn 0.7008 0.5219 0.4863
vn 0.7886 0.6118 -0.0613
vn 0.9270 0.3458 0.1455
vn 0.9296 0.1272 0.3459
vn 0.7503 0.6608 0.0216
vn 0.7224 0.6863 0.0851
vn 0.7131 0.6457 0.2731
vn 0.7316 0.6710 -0.1206
vn 0.6870 0.4684 0.5556
vn 0.8412 0.2702 0.4684
vn 0.7661 0.6056 0.2153
vn 0.6800 0.5873 0.4390
vn 0.7701 -0.0518 0.6358
vn 0.7942 -0.0724 0.6033
vn 0.7964 0.1019 0.5961
vn 0.0836 0.9768 0.1969
vn 0.2432 0.9625 0.1202
vn 0.3807 0.8584 0.3439
vn 0.3025 0.8965 0.3237
vn 0.2278 0.9312 0.2846
vn 0.0598 0.9873 0.1471
vn 0.1476 0.9745 0.1689
vn 0.1984 0.9565 0.2138
vn 0.4274 0.8223 0.3756
vn 0.2027 0.9450 0.2569
vn 0.3160 0.8986 0.3045
vn 0.5071 0.7521 0.4209
vn 0.4274 0.8207 0.3792
vn 0.4953 0.7599 0.4210
vn 0.1510 0.9565 0.2495
vn 0.1357 0.8789 0.4574
vn -0.0208 0.9649 0.2618
vn 0.1391 0.9612 0.2384
vn 0.3943 0.8013 0.4499
vn 0.2917 0.8533 0.4323
vn 0.3765 0.8198 0.4315
vn 0.4436 0.7670 0.4636
vn 0.0160 0.9673 0.2532
vn 0.0373 0.9503 0.3091
vn 0.0850 0.9306 0.3561
vn 0.0747 0.9277 0.3657
vn 0.1120 0.9457 0.3050
vn 0.0876 0.9645 0.2490
vn 0.1692 0.8994 0.4030
vn 0.2152 0.8620 0.4590
vn 0.2082 0.8314 0.5152
vn -0.5822 -0.4556 -0.6734
vn -0.5670 -0.4597 -0.6836
vn -0.5736 -0.4515 -0.6835
vn -0.6040 -0.3599 -0.7111
vn -0.6522 -0.4515 -0.6090
vn -0.6324 -0.4747 -0.6122
vn -0.7043 -0.2301 -0.6716
vn -0.6658 -0.4587 -0.5885
vn -0.6628 -0.4388 -0.6068
vn -0.6671 -0.2956 -0.6838
vn -0.7632 -0.4250 -0.4867
vn -0.6892 -0.5008 -0.5237
vn -0.5532 -0.3866 -0.7379
vn -0.6134 -0.3627 -0.7016
vn -0.5712 -0.2963 -0.7655
vn -0.6553 -0.2067 -0.7265
vn -0.6943 -0.1494 -0.7040
vn -0.6465 -0.3517 -0.6770
vn -0.5283 -0.2445 -0.8131
vn -0.6826 0.0260 -0.7303
vn -0.4731 -0.4485 -0.7583
vn -0.3401 -0.5639 -0.7526
vn -0.4418 -0.2189 -0.8700
vn -0.6740 -0.0268 -0.7383
vn -0.5784 -0.4673 -0.6686
vn -0.5531 -0.5519 -0.6241
vn -0.7117 -0.1217 -0.6919
vn -0.6621 -0.3719 -0.6506
vn -0.5849 -0.5811 -0.5659
vn -0.6952 -0.3271 -0.6401
vn -0.0268 -0.6342 -0.7727
vn -0.3173 -0.4151 -0.8526
vn -0.2631 -0.7439 -0.6143
vn -0.5319 -0.4837 -0.6950
vn 0.2899 0.8874 0.3584
vn 0.1179 0.9819 0.1479
vn 0.5123 0.7560 0.4074
vn 0.5838 0.6662 0.4641
vn 0.4444 0.7780 0.4440
vn 0.3604 0.9285 0.0896
vn 0.5132 0.8373 0.1885
vn 0.3079 0.9356 -0.1730
vn 0.2674 0.9482 -0.1718
vn 0.5061 0.8534 0.1249
vn 0.2937 0.9423 -0.1606
vn 0.3788 0.9167 -0.1275
vn 0.2737 0.9590 -0.0738
vn 0.5143 0.8563 0.0484
vn 0.1640 -0.7728 -0.6130
vn 0.3824 -0.6159 -0.6888
vn 0.7481 -0.6396 -0.1767
vn 0.5791 -0.8067 -0.1180
vn 0.0492 -0.3050 -0.9511
vn -0.1957 -0.4222 -0.8851
vn 0.3310 -0.1784 -0.9266
vn 0.6229 -0.3132 -0.7168
vn 0.8693 -0.4078 -0.2792
vn 0.5987 0.8004 0.0308
vn 0.7861 0.6113 -0.0914
vn 0.4426 0.7168 -0.5388
vn 0.4566 0.8885 0.0461
vn 0.1565 0.8265 -0.5407
vn 0.0310 0.8539 -0.5194
vn 0.7923 0.4102 0.4516
vn 0.7777 0.4273 0.4611
vn 0.8604 0.4159 0.2945
vn -0.3000 0.2265 -0.9267
vn -0.1485 0.5772 -0.8030
vn -0.0171 0.5951 -0.8035
vn -0.0771 0.3493 -0.9338
vn 0.4047 0.4921 -0.7708
vn 0.3603 0.2953 -0.8849
vn 0.8913 0.3787 -0.2493
vn 0.9081 0.1898 -0.3733
vn 0.9248 0.1836 0.3334
vn 0.9527 0.0628 0.2973
vn -0.0789 0.0286 -0.9965
vn 0.3338 0.0521 -0.9412
vn -0.3409 -0.0614 -0.9381
vn 0.8080 -0.0254 -0.5886
vn 0.9888 -0.1368 0.0589
vn 0.9021 -0.3124 0.2978
vn 0.8190 -0.4614 0.3411
vn 0.8622 0.0264 0.5059
vn 0.8572 -0.0096 0.5149
vn 0.8022 0.1641 0.5741
vn 0.8216 0.1515 0.5496
vn -0.0846 0.8620 0.4998
vn 0.1579 0.8167 0.5550
vn 0.1717 0.8324 0.5270
vn -0.0520 0.8614 0.5053
vn 0.5484 0.6496 0.5266
vn 0.4928 0.6549 0.5730
vn 0.7404 0.4765 0.4741
vn 0.3751 0.7431 0.5542
vn 0.0773 0.8240 0.5613
vn -0.2843 0.8501 0.4433
vn -0.3145 0.8419 0.4386
vn -0.1989 0.8310 0.5195
vn -0.5852 0.7240 0.3651
vn -0.5966 0.7468 0.2939
vn -0.6182 0.7239 0.3063
vn 0.0161 0.9104 0.4133
vn 0.2262 0.9034 0.3642
vn 0.2116 0.7535 0.6224
vn -0.0774 0.8144 0.5751
vn 0.5299 0.6141 0.5848
vn 0.3174 0.9177 0.2390
vn -0.3177 0.7992 0.5103
vn -0.2124 0.9074 0.3628
vn -0.6504 0.6698 0.3583
vn -0.6359 0.7360 0.2320
vn 0.3065 0.9345 -0.1813
vn 0.4232 0.9014 -0.0916
vn 0.4250 0.8785 0.2183
vn 0.2049 0.9436 -0.2602
vn 0.4943 0.8528 -0.1684
vn -0.3919 0.8934 -0.2198
vn -0.9046 0.4258 -0.0216
vn -0.7729 0.4981 -0.3931
vn -0.7623 0.3051 -0.5709
vn -0.1286 0.7347 -0.6661
vn -0.7816 0.0182 -0.6235
vn -0.3334 0.5697 -0.7512
vn 0.7296 0.6831 0.0329
vn 0.6669 0.7337 0.1298
vn 0.6635 0.7395 -0.1138
vn 0.6028 0.7934 0.0841
vn -0.1761 0.7570 -0.6292
vn 0.1025 0.9529 -0.2854
vn 0.2243 0.9606 -0.1640
vn -0.0589 0.7922 -0.6074
vn 0.0277 0.9525 -0.3032
vn -0.0101 0.9846 -0.1748
vn 0.0286 0.7367 -0.6757
vn 0.2296 0.8336 -0.5023
vn 0.3609 0.9138 0.1864
vn 0.2030 0.9676 0.1501
vn 0.3821 0.9230 0.0447
vn 0.1079 0.9780 0.1786
vn 0.1984 0.8601 -0.4699
vn 0.0875 0.6837 -0.7245
vn 0.0631 0.7651 -0.6408
vn 0.4100 0.8765 -0.2522
vn -0.0745 0.9909 -0.1121
vn -0.9252 0.3485 0.1500
vn -0.8897 0.4110 0.1988
vn -0.9577 0.2868 0.0220
vn -0.9485 0.2800 0.1480
vn -0.3764 -0.6709 -0.6389
vn -0.6108 -0.5760 -0.5433
vn -0.7159 -0.5687 -0.4051
vn -0.4987 -0.6613 -0.5604
vn -0.7509 -0.1313 -0.6473
vn -0.8561 -0.1119 -0.5046
vn -0.9537 -0.2999 -0.0221
vn -0.7932 -0.4985 -0.3498
vn -0.9155 -0.2331 -0.3279
vn -0.6696 -0.5178 -0.5324
vn -0.9996 -0.0174 0.0212
vn -0.6859 0.2117 -0.6962
vn -0.9955 0.0944 0.0067
vn -0.2992 -0.7021 -0.6462
vn -0.1220 -0.7786 -0.6156
vn 0.0548 -0.8113 -0.5820
vn 0.0015 -0.7429 -0.6694
vn -0.8742 0.4521 0.1770
vn -0.9395 0.3419 0.0221
vn -0.8603 0.4998 0.1010
vn -0.9482 0.3091 -0.0741
vn -0.9696 0.1853 -0.1597
vn -0.8813 -0.1918 -0.4319
vn -0.9549 0.0896 -0.2833
vn -0.8163 -0.2428 -0.5242
vn -0.6174 -0.5184 -0.5917
vn -0.5431 -0.5446 -0.6391
vn -0.8560 0.5105 0.0817
vn -0.9614 0.2448 -0.1256
vn -0.8713 0.4721 0.1342
vn -0.9805 0.1620 -0.1109
vn -0.3050 -0.7541 -0.5817
vn -0.2074 -0.7556 -0.6214
vn -0.4735 -0.6326 -0.6129
vn -0.4657 -0.6796 -0.5668
vn -0.7969 -0.3406 -0.4990
vn -0.8014 -0.3877 -0.4555
vn -0.9366 -0.0720 -0.3430
vn -0.9424 -0.1215 -0.3116
vn -0.8502 0.4740 0.2292
vn -0.9859 0.1518 -0.0710
vn -0.5251 0.7076 0.4728
vn -0.4988 0.7017 0.5087
vn -0.8643 0.4306 0.2599
vn -0.9946 0.0911 -0.0496
vn -0.3952 -0.7921 -0.4652
vn -0.3204 -0.7771 -0.5417
vn -0.5253 -0.6672 -0.5280
vn -0.6961 -0.5735 -0.4320
vn -0.8405 -0.3519 -0.4119
vn -0.8964 -0.2695 -0.3518
vn -0.9576 -0.0995 -0.2704
vn -0.9616 -0.1063 -0.2530
vn -0.8222 0.5617 0.0923
vn -0.8085 0.5777 0.1121
vn -0.6235 0.7275 0.2862
vn -0.5584 0.7731 0.3009
vn -0.6361 0.7511 0.1767
vn -0.8533 0.5214 0.0026
vn -0.3028 0.8723 0.3840
vn -0.3176 0.8225 0.4719
vn -0.2155 0.8641 0.4549
vn -0.9592 0.2245 -0.1717
vn -0.9582 0.2555 -0.1285
vn -0.9098 -0.1619 -0.3822
vn -0.9058 -0.1646 -0.3904
vn -0.9548 0.2353 -0.1819
vn -0.8902 -0.1619 -0.4259
vn -0.3437 -0.7246 -0.5974
vn -0.3606 -0.7384 -0.5699
vn -0.5655 -0.6160 -0.5484
vn -0.5646 -0.5709 -0.5960
vn -0.5898 -0.6078 -0.5318
vn -0.4443 -0.6905 -0.5709
vn 0.0943 0.1579 0.9829
vn 0.1185 0.1660 0.9790
vn 0.1437 0.1404 0.9796
vn 0.0912 0.0696 0.9934
vn 0.3348 0.5999 0.7266
vn 0.2529 0.4993 0.8287
vn 0.4023 0.9096 0.1036
vn 0.3308 0.8079 -0.4877
vn 0.2735 0.8701 -0.4100
vn 0.3603 0.8738 0.3266
vn 0.3064 0.7266 -0.6150
vn 0.2126 0.8305 -0.5149
vn 0.2412 0.9535 -0.1807
vn 0.3639 0.9018 -0.2331
vn 0.4591 0.4496 0.7662
vn 0.4466 0.5529 0.7034
vn 0.4727 0.5115 0.7176
vn 0.4184 0.2927 0.8598
vn 0.3881 0.4826 0.7851
vn 0.4345 0.5110 0.7416
vn 0.3785 0.5326 0.7570
vn 0.4940 0.4878 0.7197
vn 0.7552 -0.0954 -0.6485
vn 0.8344 -0.3480 -0.4274
vn 0.4836 -0.4445 -0.7540
vn 0.3675 -0.6324 -0.6819
vn -0.0318 -0.9395 0.3411
vn -0.1500 -0.9866 -0.0643
vn 0.2447 -0.9446 0.2188
vn -0.0211 -0.9982 -0.0562
vn 0.2793 -0.9363 -0.2129
vn 0.7451 -0.6643 0.0591
vn 0.8355 -0.5445 -0.0738
vn 0.4474 -0.8004 -0.3991
vn 0.4718 -0.8358 0.2807
vn 0.2848 -0.9525 0.1081
vn 0.4658 -0.8814 0.0788
vn -0.0020 -0.9968 -0.0802
vn 0.8181 -0.5650 0.1069
vn 0.3623 -0.8796 -0.3084
vn 0.3929 -0.9145 -0.0961
vn 0.7428 -0.6114 0.2729
vn -0.1561 -0.9171 -0.3669
vn -0.2347 -0.8105 -0.5367
vn 0.2119 -0.9716 -0.1053
vn -0.0456 -0.9984 0.0325
vn 0.0151 -0.0123 -0.9998
vn -0.0716 -0.0969 -0.9927
vn 0.3936 -0.1825 -0.9010
vn 0.4095 0.1783 -0.8947
vn 0.3432 0.9228 0.1748
vn 0.3726 0.9242 0.0832
vn 0.0481 0.8755 -0.4807
vn 0.2108 0.9085 -0.3607
vn 0.7346 0.4645 0.4946
vn 0.6534 0.4964 0.5716
vn -0.0672 0.5031 -0.8616
vn 0.2366 0.4119 -0.8800
vn -0.2034 0.0560 -0.9775
vn 0.0703 -0.1473 -0.9866
vn 0.8253 -0.5130 0.2360
vn 0.9368 -0.3490 0.0249
vn 0.4546 -0.8052 -0.3808
vn 0.4692 -0.8748 -0.1204
vn 0.8728 -0.0190 0.4877
vn 0.8453 0.1226 0.5200
vn 0.7736 0.1700 0.6104
vn 0.7197 0.1963 0.6660
vn 0.8337 0.4851 0.2638
vn 0.7480 0.5829 0.3174
vn 0.8486 0.5106 -0.1384
vn 0.7347 0.6783 0.0080
vn 0.7442 0.3240 -0.5841
vn 0.8356 0.2441 -0.4922
vn -0.4560 -0.7924 -0.4051
vn -0.3389 -0.8022 -0.4916
vn -0.3525 -0.6916 -0.6304
vn -0.5477 -0.6536 -0.5222
vn -0.3917 -0.6591 -0.6420
vn -0.3863 -0.7408 -0.5496
vn -0.6288 -0.4789 -0.6126
vn -0.4383 -0.5562 -0.7060
vn -0.3569 -0.6172 -0.7012
vn 0.6254 0.5167 0.5847
vn 0.6491 0.5511 0.5243
vn 0.6095 0.5767 0.5440
vn 0.5506 0.5493 0.6286
vn 0.6358 0.6035 0.4811
vn 0.6911 0.5556 0.4623
vn 0.5155 0.7013 0.4925
vn 0.4635 0.6655 0.5850
vn 0.3087 0.6230 0.7187
vn -0.2859 -0.6327 -0.7197
vn -0.3232 -0.7263 -0.6067
vn -0.3910 -0.6856 -0.6140
vn -0.3416 -0.6007 -0.7229
vn -0.1810 -0.6869 -0.7039
vn -0.2280 -0.7780 -0.5854
vn 0.4842 -0.8541 -0.1901
vn 0.5790 -0.7993 -0.1606
vn 0.6965 -0.7125 -0.0855
vn 0.6419 -0.7569 -0.1232
vn 0.6911 -0.7224 -0.0219
vn 0.6008 -0.7908 -0.1171
vn 0.6550 -0.7551 -0.0295
vn 0.8588 -0.3736 0.3506
vn 0.5045 -0.8386 -0.2055
vn 0.4364 -0.8662 -0.2435
vn 0.6364 -0.7709 -0.0267
vn 0.8274 -0.4167 0.3765
vn 0.2610 -0.9443 -0.2003
vn 0.5534 -0.8316 0.0471
vn 0.7161 -0.6486 0.2579
vn 0.6908 -0.1157 0.7137
vn 0.6208 0.2833 0.7310
vn 0.3412 0.3945 0.8532
vn 0.4017 0.5532 0.7298
vn 0.7073 0.3254 0.6276
vn 0.4628 0.6565 0.5957
vn 0.1339 0.4128 0.9009
vn 0.1149 0.2918 0.9496
vn 0.1826 0.2483 0.9513
vn 0.2816 0.3662 0.8869
vn 0.3264 0.3016 0.8958
vn 0.4173 0.3844 0.8234
vn 0.5440 0.4625 0.7001
vn 0.4093 0.4700 0.7820
vn 0.1758 0.5291 0.8302
vn 0.3172 -0.7962 -0.5152
vn -0.0521 -0.7266 -0.6851
vn 0.8239 -0.5546 -0.1167
vn 0.5696 -0.7164 -0.4028
vn 0.1896 -0.7342 -0.6519
vn 0.4515 0.5102 0.7320
vn 0.4633 0.4700 0.7513
vn 0.4595 0.5982 0.6564
vn 0.4097 0.6374 0.6526
vn 0.4823 0.5362 0.6927
vn 0.5236 0.4480 0.7247
vn 0.3795 0.5418 0.7500
vn 0.4461 0.4808 0.7549
vn 0.5020 0.4188 0.7567
vn 0.8539 -0.5138 -0.0833
vn 0.5065 -0.7348 -0.4510
vn 0.8957 -0.4446 0.0099
vn 0.4858 -0.8045 -0.3417
vn 0.7329 -0.6689 0.1243
vn 0.1048 -0.9856 -0.1329
vn 0.3518 -0.9328 -0.0788
vn 0.8475 -0.4962 0.1885
vn 0.8163 -0.5733 0.0707
vn 0.3689 -0.9041 -0.2156
vn 0.4103 0.8476 0.3365
vn 0.3837 0.7576 0.5281
vn 0.5453 0.6739 0.4985
vn 0.5694 0.7320 0.3741
vn -0.4689 -0.6261 -0.6230
vn -0.4601 -0.5131 -0.7246
vn -0.4996 -0.4195 -0.7579
vn -0.5038 -0.6598 -0.5576
vn -0.4203 -0.3387 -0.8418
vn -0.4387 -0.6029 -0.6663
vn 0.8545 0.5143 0.0726
vn 0.8288 0.3535 0.4338
vn 0.6615 0.7219 0.2031
vn 0.5395 0.6202 0.5694
vn 0.7078 0.1278 0.6947
vn 0.3673 0.4369 0.8211
vn 0.1556 -0.6816 -0.7150
vn 0.0789 -0.6902 -0.7193
vn 0.0185 -0.8267 -0.5623
vn 0.0926 -0.8355 -0.5417
vn -0.0779 -0.9445 -0.3192
vn -0.0044 -0.9826 -0.1859
vn 0.2326 0.9372 0.2600
vn 0.3283 0.9101 0.2527
vn 0.4697 0.7999 0.3736
vn 0.3986 0.8470 0.3516
vn 0.3723 0.8964 0.2406
vn 0.2605 0.9616 0.0862
vn -0.2526 -0.8578 -0.4477
vn -0.1970 -0.8763 -0.4397
vn -0.3464 -0.8455 -0.4064
vn -0.2495 -0.8154 -0.5224
vn -0.2194 -0.8143 -0.5374
vn -0.2990 -0.8195 -0.4890
vn -0.3027 -0.7816 -0.5455
vn -0.2168 -0.7242 -0.6546
vn -0.2008 -0.7269 -0.6567
vn 0.0270 -0.8528 -0.5216
vn -0.2804 -0.5046 -0.8165
vn -0.0083 -0.8376 -0.5463
vn -0.1607 -0.5720 -0.8044
vn -0.3095 -0.1535 -0.9384
vn -0.1110 -0.3024 -0.9467
vn 0.5706 0.4127 0.7100
vn 0.6609 0.1991 0.7236
vn 0.5420 0.2646 0.7977
vn 0.5127 0.3037 0.8031
vn 0.4851 0.3691 0.7928
vn 0.6400 0.2374 0.7308
vn 0.4706 0.4988 0.7279
vn 0.5524 0.1980 0.8097
vn 0.5175 0.2995 0.8016
vn 0.2609 0.8149 0.5176
vn 0.2612 0.7695 0.5828
vn 0.2714 0.8137 0.5140
vn 0.2641 0.9641 0.0284
vn 0.2503 0.9653 0.0741
vn 0.2950 0.9278 0.2284
vn 0.2566 0.9608 0.1047
vn 0.2513 0.9320 0.2611
vn 0.1872 0.9705 0.1516
vn 0.3475 0.8831 0.3152
vn 0.2841 0.8975 0.3374
vn 0.2838 0.9259 0.2493
vn 0.4034 0.8332 0.3781
vn 0.3164 0.8219 0.4736
vn 0.2441 0.8912 0.3823
vn 0.4033 0.8530 0.3313
vn 0.3294 0.8764 0.3513
vn 0.4371 0.7686 0.4670
vn 0.8223 -0.2386 0.5166
vn 0.8853 -0.1673 0.4338
vn 0.6369 0.2608 0.7255
vn 0.6395 0.3128 0.7023
vn 0.9295 -0.0640 0.3631
vn 0.6575 0.3661 0.6585
vn -0.4360 -0.5773 -0.6904
vn -0.3920 -0.5806 -0.7136
vn -0.3858 -0.5302 -0.7550
vn -0.4436 -0.5794 -0.6838
vn -0.4377 -0.5614 -0.7023
vn -0.4092 -0.6129 -0.6759
vn -0.3143 -0.9238 -0.2185
vn -0.3510 -0.8949 -0.2757
vn -0.4171 -0.6542 -0.6309
vn -0.4257 -0.7645 -0.4841
vn -0.3550 -0.9039 -0.2386
vn -0.4282 -0.7071 -0.5627
vn 0.8941 0.2432 -0.3761
vn 0.7858 0.2626 -0.5600
vn 0.3483 -0.5461 -0.7619
vn 0.5697 -0.5705 -0.5916
vn 0.5558 -0.4890 -0.6723
vn 0.9341 0.3531 -0.0523
vn 0.6543 0.6614 0.3666
vn 0.5661 0.8156 0.1196
vn 0.5290 0.8484 0.0203
vn 0.6243 0.7804 0.0345
vn 0.8734 0.3154 -0.3710
vn 0.4827 -0.3273 -0.8123
vn 0.2990 0.9303 0.2126
vn 0.2702 0.9170 0.2935
vn 0.3048 0.9367 0.1721
vn 0.3955 0.5563 0.7308
vn 0.4109 0.5803 0.7032
vn 0.4097 0.2698 0.8714
vn 0.3820 0.1679 0.9088
vn -0.2965 -0.9541 -0.0419
vn -0.4059 -0.8591 -0.3118
vn -0.4112 -0.9002 -0.1435
vn -0.1918 -0.9354 0.2969
vn -0.3089 -0.9425 -0.1276
vn -0.1015 -0.9197 0.3794
vn -0.1477 -0.9458 0.2893
vn -0.1867 -0.9574 0.2203
vn -0.2447 -0.9694 -0.0208
vn 0.8060 0.5032 0.3117
vn 0.2371 -0.4248 -0.8737
vn 0.9117 0.1260 -0.3910
vn 0.3550 -0.5533 -0.7535
vn 0.9602 0.0054 -0.2794
vn 0.7850 0.4188 0.4565
vn 0.5300 -0.5801 -0.6186
vn 0.9836 -0.1231 -0.1322
vn 0.8729 0.2002 0.4450
vn 0.4543 0.6582 0.6003
vn 0.5430 0.6104 0.5767
vn 0.4244 0.6025 0.6760
vn 0.4988 0.4376 0.7482
vn 0.4155 0.3303 0.8475
vn 0.5959 0.4760 0.6468
vn 0.4207 0.4772 0.7715
vn 0.4764 0.3407 0.8105
vn 0.6152 0.3689 0.6967
vn 0.3035 0.4062 -0.8619
vn 0.4184 0.6737 -0.6092
vn 0.2103 0.9776 -0.0072
vn 0.2019 0.8933 -0.4015
vn 0.2279 -0.1731 -0.9582
vn 0.0546 -0.1663 -0.9846
vn -0.4241 -0.7349 -0.5292
vn -0.5191 -0.5927 -0.6158
vn -0.5303 -0.5745 -0.6235
vn -0.4382 -0.7249 -0.5315
vn -0.5114 -0.6808 -0.5244
vn -0.3952 -0.7800 -0.4853
vn 0.7552 0.3872 0.5289
vn 0.8831 0.1769 0.4345
vn 0.8415 0.1303 0.5244
vn 0.7269 0.3118 0.6118
vn 0.7812 0.2636 0.5659
vn 0.8802 0.1863 0.4366
vn 0.7735 0.2983 0.5592
vn 0.8421 0.1345 0.5224
vn 0.7212 0.3438 0.6014
vn 0.2565 0.7582 0.5995
vn 0.2078 0.7339 0.6466
vn 0.2463 0.7844 0.5692
vn 0.0924 0.3907 0.9159
vn 0.1591 0.4062 0.8998
vn 0.0771 0.2531 0.9644
vn 0.0627 0.2913 0.9546
vn 0.2013 0.4447 0.8727
vn 0.3416 0.5733 0.7447
vn 0.3138 0.8815 -0.3528
vn 0.5688 0.8162 -0.1010
vn 0.4842 0.8745 0.0281
vn 0.2442 0.9628 -0.1159
vn 0.4648 0.8847 -0.0360
vn 0.6097 0.7850 0.1102
vn 0.3552 0.7004 0.6191
vn 0.2950 0.6400 0.7095
vn 0.4321 0.5939 0.6787
vn 0.4311 0.6609 0.6143
vn 0.3880 0.5140 0.7650
vn 0.2997 0.5584 0.7735
vn 0.3992 0.2426 0.8842
vn 0.4168 0.1664 0.8936
vn 0.3806 0.1725 0.9085
vn 0.4187 0.2806 0.8637
vn 0.3847 0.4927 0.7805
vn 0.4710 0.5324 0.7034
vn -0.3091 -0.8194 -0.4828
vn -0.1929 -0.8944 -0.4035
vn -0.0291 -0.8152 -0.5784
vn -0.1964 -0.7264 -0.6586
vn -0.0000 -0.6866 -0.7270
vn -0.0793 -0.5544 -0.8285
vn -0.3602 -0.9306 -0.0652
vn -0.3940 -0.9074 -0.1465
vn -0.3541 -0.9350 0.0189
vn -0.3691 -0.9257 -0.0827
vn -0.3326 -0.9193 -0.2103
vn -0.3897 -0.8500 -0.3545
vn -0.3025 -0.6024 -0.7386
vn -0.0742 -0.6752 -0.7339
vn -0.0510 -0.7444 -0.6658
vn -0.3365 -0.6603 -0.6714
vn -0.1810 -0.8153 -0.5500
vn -0.3944 -0.7235 -0.5665
vn 0.1616 0.9075 0.3878
vn 0.2562 0.9116 0.3215
vn 0.0876 0.9946 0.0548
vn -0.0399 0.9821 0.1843
vn 0.5571 0.5105 0.6550
vn 0.4788 0.4885 0.7294
vn 0.5880 0.7066 0.3936
vn 0.5236 0.8294 0.1949
vn 0.4107 0.8446 0.3435
vn 0.6149 0.4439 0.6518
vn 0.4202 0.7368 0.5296
vn 0.3451 0.7303 0.5896
vn 0.4777 0.5374 0.6950
vn 0.4383 0.4837 0.7575
vn 0.4165 0.7547 0.5070
vn 0.5213 0.4881 0.7000
vn 0.6212 0.4874 0.6136
vn 0.0464 0.8500 0.5247
vn 0.0203 0.7871 0.6165
vn 0.1884 0.7524 0.6312
vn 0.3169 0.7984 0.5120
vn 0.0767 0.6737 0.7350
vn 0.1406 0.6685 0.7303
vn 0.1851 0.3530 0.9171
vn 0.1604 0.4090 0.8983
vn 0.1651 0.3630 0.9170
vn 0.0774 0.4326 0.8983
vn 0.1254 0.4931 0.8609
vn 0.2454 0.4721 0.8467
vn 0.4129 0.6218 0.6655
vn 0.0949 0.4034 0.9101
vn 0.1152 0.5104 0.8522
vn 0.5737 0.7543 0.3193
vn 0.6543 0.7558 0.0250
vn 0.5314 0.7354 0.4204
vn 0.6795 0.7280 -0.0913
vn 0.6769 0.7356 0.0253
vn 0.4040 0.7231 0.5602
vn 0.6829 0.6717 0.2871
vn 0.7267 0.6078 0.3202
vn 0.4681 0.8310 0.3007
vn 0.4399 0.8423 0.3115
vn 0.1845 0.9632 0.1955
vn 0.1670 0.9479 0.2713
vn 0.3938 0.7861 0.4764
vn 0.2794 0.9090 0.3093
vn 0.3678 0.6765 0.6380
vn 0.4001 0.7820 0.4779
vn 0.3020 0.9047 0.3005
vn 0.3766 0.5815 0.7211
vn 0.4739 0.4923 0.7301
vn 0.3707 0.7777 0.5077
vn 0.3083 0.9012 0.3046
vn 0.4517 0.4709 0.7578
vn 0.4439 0.4912 0.7495
vn 0.4750 0.2338 0.8484
vn 0.4299 0.4730 0.7691
vn 0.4348 0.5106 0.7418
vn 0.5566 0.1455 0.8179
vn 0.4330 0.4592 0.7756
vn 0.4239 0.4644 0.7776
vn 0.0129 -0.8034 -0.5953
vn -0.0463 -0.7346 -0.6769
vn -0.1692 -0.8280 -0.5345
vn -0.1018 -0.8673 -0.4873
vn -0.2656 -0.9240 -0.2752
vn -0.2408 -0.9492 -0.2023
vn -0.3257 -0.8944 -0.3066
vn -0.2154 -0.9391 -0.2676
vn -0.1899 -0.6929 -0.6955
vn -0.0604 -0.7409 -0.6689
vn -0.0144 -0.9834 -0.1807
vn -0.0922 -0.9814 -0.1683
vn 0.0917 -0.7999 -0.5930
vn 0.1989 -0.8680 -0.4549
vn 0.0337 -0.9223 -0.3850
vn -0.0466 -0.4042 -0.9135
vn 0.0307 -0.5027 -0.8639
vn -0.1014 -0.4528 -0.8858
vn -0.2254 -0.7049 -0.6725
vn -0.2725 -0.8139 -0.5132
vn 0.0580 -0.6320 -0.7728
vn -0.2632 -0.6774 -0.6869
vn -0.4032 -0.6580 -0.6360
vn -0.3799 -0.7265 -0.5726
vn -0.3289 -0.7770 -0.5368
vn -0.3585 -0.8008 -0.4797
vn -0.2576 -0.9661 -0.0190
vn -0.1414 -0.9750 0.1712
vn -0.3086 -0.7356 -0.6030
vn -0.3918 -0.8194 -0.4185
vn -0.4314 -0.8591 -0.2753
vn -0.4721 -0.8393 -0.2696
vn -0.4126 -0.8051 -0.4261
vn -0.3742 -0.8151 -0.4422
vn -0.3856 -0.7182 -0.5792
vn -0.4067 -0.6255 -0.6659
vn -0.4123 -0.5535 -0.7236
vn -0.2624 -0.9286 -0.2624
vn -0.1715 -0.8963 -0.4090
vn -0.4304 -0.5493 -0.7163
vn -0.3188 -0.5907 -0.7413
vn -0.3434 -0.5254 -0.7785
vn -0.2687 -0.3622 -0.8925
vn -0.2832 -0.7795 -0.5587
vn -0.0869 -0.4973 -0.8632
vn -0.2084 -0.8144 -0.5416
vn -0.2355 -0.8025 -0.5483
vn 0.0551 -0.7788 -0.6249
vn 0.0057 -0.6191 -0.7853
vn 0.1328 -0.5289 -0.8382
vn 0.0518 -0.3678 -0.9284
vn 0.1781 -0.7086 -0.6828
vn -0.3037 -0.3447 -0.8882
vn -0.1138 -0.1666 -0.9794
vn -0.4047 -0.6231 -0.6693
vn -0.4616 -0.5967 -0.6564
vn -0.3660 -0.7857 -0.4987
vn -0.3708 -0.6841 -0.6281
vn -0.1360 -0.9703 -0.2000
vn -0.2401 -0.8123 -0.5316
vn 0.0010 -0.9899 -0.1417
vn -0.2414 -0.8350 -0.4944
vn -0.1526 -0.7761 -0.6118
vn -0.1156 -0.9041 -0.4113
vn -0.0652 -0.8381 -0.5417
vn 0.0133 -0.8097 -0.5866
vn -0.1207 -0.6597 -0.7418
vn -0.1053 -0.6603 -0.7436
vn -0.0324 -0.6765 -0.7357
vn -0.3978 -0.6388 -0.6585
vn -0.4736 -0.5584 -0.6811
vn -0.3079 -0.5805 -0.7538
vn -0.2432 -0.6149 -0.7502
vn -0.5316 -0.5003 -0.6835
vn -0.4503 -0.6311 -0.6316
vn -0.4362 -0.6008 -0.6699
vn -0.3886 -0.5440 -0.7437
vn -0.0939 -0.5344 -0.8400
vn -0.0439 -0.4579 -0.8879
vn -0.4056 -0.6311 -0.6612
vn -0.1190 -0.4716 -0.8737
vn -0.5581 -0.5163 -0.6496
vn -0.4083 -0.6689 -0.6212
vn -0.8264 -0.1345 -0.5468
vn -0.8636 -0.0138 -0.5040
vn -0.6783 -0.4272 -0.5979
vn -0.4106 -0.6743 -0.6138
vn -0.9000 0.2905 -0.3250
vn -0.8732 0.3851 -0.2987
vn -0.7381 0.6722 -0.0583
vn -0.7124 0.7006 -0.0405
vn -0.4122 0.8927 0.1822
vn -0.4279 0.8791 0.2101
vn -0.0882 0.9296 0.3579
vn -0.1606 0.9128 0.3755
vn 0.3305 0.8052 0.4924
vn 0.7302 0.4749 0.4912
vn 0.7425 0.4008 0.5367
vn 0.3079 0.7878 0.5334
vn 0.9131 0.1024 0.3947
vn 0.9098 0.1326 0.3932
vn 0.9084 0.0558 0.4143
vn 0.9069 0.0494 0.4184
vn 0.2228 0.9480 0.2273
vn 0.2846 0.9185 0.2744
vn 0.1861 0.9595 0.2114
vn 0.0023 0.9798 0.1998
vn 0.0843 0.9741 0.2096
vn 0.2152 0.8895 0.4031
vn 0.5120 0.4356 0.7403
vn 0.1231 0.9540 0.2734
vn 0.0242 0.9941 0.1053
vn 0.5714 0.1348 0.8095
vn 0.5330 0.4041 0.7434
vn 0.5530 0.2911 0.7807
vn 0.5670 0.1705 0.8059
vn 0.5078 0.5925 0.6254
vn 0.5798 0.4001 0.7098
vn 0.5937 0.4777 0.6476
vn 0.6248 0.3226 0.7110
vn 0.6248 0.2562 0.7375
vn 0.6331 0.1924 0.7498
vn 0.1606 0.9761 0.1466
vn 0.1177 0.9760 0.1831
vn 0.0879 0.9786 0.1859
vn 0.3038 0.9336 0.1900
vn 0.2212 0.9129 0.3431
vn 0.3445 0.7563 0.5561
vn 0.3241 0.9361 0.1367
vn 0.4659 0.8703 0.1597
vn 0.2968 0.9009 0.3168
vn 0.4005 0.7281 0.5563
vn 0.2246 0.9188 0.3247
vn 0.5263 0.5780 0.6236
vn 0.3138 0.9045 0.2888
vn -0.2089 -0.5801 -0.7873
vn -0.1329 -0.7433 -0.6556
vn -0.2931 -0.7197 -0.6294
vn -0.3505 -0.5893 -0.7279
vn 0.1939 -0.8230 -0.5339
vn -0.0384 -0.8407 -0.5401
vn -0.3246 -0.7779 -0.5380
vn -0.4477 -0.6702 -0.5919
vn -0.4988 -0.5473 -0.6721
vn -0.0059 0.9085 0.4179
vn 0.0864 0.9434 0.3201
vn -0.0841 0.8563 0.5095
vn 0.1658 0.9016 0.3995
vn 0.2066 0.9318 0.2984
vn 0.2032 0.7815 0.5898
vn 0.3472 0.5918 0.7275
vn 0.5273 0.7615 0.3770
vn 0.3566 0.8517 0.3839
vn 0.3556 0.8838 0.3040
vn 0.5169 0.7958 0.3154
vn 0.3357 -0.8588 -0.3870
vn 0.1773 -0.8127 -0.5550
vn 0.4764 -0.8415 -0.2549
vn 0.2408 -0.8731 -0.4240
vn 0.0116 -0.7484 -0.6631
vn -0.0387 -0.8422 -0.5378
vn 0.0862 0.5969 0.7976
vn 0.2009 0.5664 0.7992
vn 0.2870 0.4754 0.8317
vn 0.5094 0.5004 0.7001
vn 0.4080 0.5437 0.7334
vn 0.3912 0.4727 0.7896
vn -0.4143 -0.5815 -0.7001
vn -0.2658 -0.6175 -0.7403
vn -0.0866 -0.6735 -0.7341
vn -0.3818 -0.8558 -0.3490
vn -0.4059 -0.8580 -0.3149
vn -0.3732 -0.8843 -0.2807
vn 0.5201 0.8061 0.2823
vn 0.3886 0.8998 0.1983
vn 0.2560 0.9547 0.1520
vn -0.4106 -0.7523 -0.5152
vn -0.3958 -0.8551 -0.3349
vn -0.2292 -0.9392 -0.2558
vn -0.5258 0.0746 -0.8474
vn -0.3964 0.0131 -0.9180
vn -0.4349 -0.2241 -0.8722
vn -0.3051 -0.2186 -0.9269
vn -0.1636 0.2368 0.9577
vn -0.5718 -0.0320 0.8197
vn -0.1958 0.4613 0.8654
vn -0.6529 0.1939 0.7322
vn -0.8473 -0.4369 -0.3021
vn -0.8412 -0.5298 -0.1080
vn -0.8382 -0.3825 0.3887
vn -0.9469 -0.1871 0.2615
vn -0.1708 0.7412 0.6492
vn -0.6725 0.5491 0.4963
vn -0.1542 0.9193 0.3620
vn -0.5528 0.7913 0.2614
vn -0.9730 0.2291 -0.0284
vn -0.7246 0.6339 -0.2706
vn -0.6253 0.2282 -0.7463
vn -0.8155 -0.1524 -0.5583
vn -0.2890 0.6373 -0.7143
vn -0.1945 0.9620 -0.1915
vn -0.4287 -0.1180 -0.8957
vn -0.2745 0.0516 -0.9602
vn -0.5448 -0.3186 -0.7757
vn -0.6298 -0.4238 -0.6510
vn -0.7163 -0.4840 -0.5027
vn 0.5433 0.6908 0.4771
vn 0.6356 0.5917 0.4960
vn 0.7523 0.4412 0.4893
vn 0.6725 0.5668 0.4760
vn 0.7131 0.5029 0.4884
vn 0.7348 0.4387 0.5173
vn 0.9075 0.2331 0.3495
vn 0.7740 0.4279 0.4667
vn 0.7748 0.4400 0.4540
vn 0.8805 0.3256 0.3446
vn 0.5685 0.6946 0.4409
vn 0.6372 0.6297 0.4444
vn 0.5453 0.7135 0.4399
vn 0.5850 0.6779 0.4453
vn 0.6973 0.5577 0.4502
vn 0.6401 0.6306 0.4388
vn 0.7067 0.5703 0.4187
vn 0.7405 0.4982 0.4511
vn 0.7708 0.4998 0.3950
vn 0.7581 0.5063 0.4111
vn 0.5247 0.7117 0.4671
vn 0.4520 0.6514 0.6095
vn 0.3703 0.7436 0.5567
vn 0.3395 0.8191 0.4625
vn 0.3560 0.7046 0.6139
vn 0.4549 0.6253 0.6341
vn 0.6953 0.4218 0.5819
vn 0.7152 0.3845 0.5836
vn 0.7047 0.3712 0.6047
vn 0.6465 0.4213 0.6361
vn 0.8367 0.2592 0.4824
vn 0.7534 0.3518 0.5556
vn 0.5318 0.5510 0.6431
vn 0.5353 0.5443 0.6459
vn 0.6165 0.5879 0.5237
vn 0.6703 0.4864 0.5604
vn 0.5769 0.4786 0.6619
vn 0.5936 0.4776 0.6477
vn 0.6104 0.4366 0.6609
vn 0.6782 0.4574 0.5752
vn 0.6649 0.4178 0.6192
vn 0.3181 0.8710 0.3745
vn 0.3940 0.8885 0.2353
vn 0.5316 0.7534 0.3870
vn 0.5085 0.7462 0.4297
vn 0.7511 0.3843 0.5368
vn 0.8242 0.2557 0.5052
vn 0.8303 0.3477 0.4356
vn 0.7821 0.4311 0.4500
vn 0.6725 0.5075 0.5387
vn 0.6827 0.4857 0.5459
vn 0.7367 0.4884 0.4677
vn 0.7075 0.5050 0.4945
vn 0.6514 0.5846 0.4836
vn 0.6604 0.5580 0.5025
vn 0.5592 0.7529 0.3470
vn 0.4008 0.8955 0.1935
vn 0.4133 0.9082 0.0658
vn 0.6619 0.7200 0.2085
vn 0.7075 0.5345 0.4623
vn 0.7148 0.4989 0.4901
vn 0.8692 0.4945 -0.0059
vn 0.8873 0.4610 -0.0102
vn 0.4025 0.6839 -0.6085
vn 0.6674 0.3510 -0.6568
vn -0.1389 -0.3891 -0.9107
vn 0.0989 -0.3234 -0.9411
vn 0.5830 0.0612 -0.8101
vn 0.5531 0.1575 -0.8181
vn 0.0148 -0.3038 -0.9526
vn -0.1728 -0.2307 -0.9576
vn -0.3596 -0.7246 -0.5879
vn -0.1203 -0.5545 -0.8234
vn -0.2807 -0.7273 -0.6263
vn -0.2613 -0.6631 -0.7014
vn -0.6424 -0.3783 -0.6665
vn -0.5418 -0.3867 -0.7463
vn -0.3152 -0.4261 -0.8480
vn -0.5088 -0.4714 -0.7204
vn -0.4482 -0.6684 -0.5936
vn -0.4101 -0.6707 -0.6180
vn -0.5037 -0.5897 -0.6313
vn -0.5459 -0.5916 -0.5933
vn -0.3493 -0.6859 -0.6384
vn -0.4840 -0.5847 -0.6510
vn -0.2883 -0.7765 -0.5603
vn -0.4284 -0.7230 -0.5419
vn -0.3870 -0.8019 -0.4552
vn -0.5380 -0.7095 -0.4551
vn -0.6528 -0.4942 -0.5741
vn -0.6995 -0.5028 -0.5078
vn -0.7135 -0.4461 -0.5402
vn -0.7164 -0.3895 -0.5788
vn -0.6487 -0.4296 -0.6282
vn -0.6373 -0.5167 -0.5717
vn -0.6190 -0.4458 -0.6466
vn -0.5459 -0.5999 -0.5849
vn -0.5853 -0.5725 -0.5742
vn -0.6234 -0.5091 -0.5934
vn -0.6611 -0.4983 -0.5609
vn -0.3767 -0.7794 -0.5005
vn -0.5055 -0.6647 -0.5501
vn -0.4016 -0.7772 -0.4845
vn -0.5507 -0.6385 -0.5376
vn -0.6284 -0.5206 -0.5780
vn -0.6445 -0.5155 -0.5647
vn -0.6702 -0.4776 -0.5681
vn -0.6545 -0.4504 -0.6073
vn -0.6340 -0.4743 -0.6108
vn -0.6734 -0.4757 -0.5659
vn -0.5779 -0.6715 -0.4639
vn -0.5562 -0.6630 -0.5011
vn -0.4481 -0.7710 -0.4525
vn -0.4622 -0.7732 -0.4341
vn -0.3825 -0.8212 -0.4234
vn -0.3791 -0.8345 -0.3999
vn -0.6542 -0.5333 -0.5362
vn -0.6735 -0.5628 -0.4793
vn -0.6971 -0.5154 -0.4985
vn -0.6779 -0.4889 -0.5490
vn -0.4805 -0.6998 -0.5285
vn -0.3892 -0.7219 -0.5722
vn -0.4264 -0.7500 -0.5056
vn -0.6198 -0.6018 -0.5037
vn -0.6218 -0.6124 -0.4882
vn -0.4556 -0.7012 -0.5484
vn -0.5281 -0.6743 -0.5162
vn -0.4897 -0.6887 -0.5347
vn -0.4114 -0.7293 -0.5467
vn -0.5477 -0.6820 -0.4846
vn -0.5870 -0.6572 -0.4727
vn -0.4985 -0.7213 -0.4808
vn -0.5009 -0.6693 -0.5488
vn -0.5538 -0.6016 -0.5757
vn -0.4943 -0.7114 -0.4996
vn -0.2348 -0.7776 -0.5833
vn -0.9029 -0.3552 -0.2421
vn -0.8157 -0.4458 -0.3687
vn -0.8941 -0.2824 -0.3476
vn -0.9610 -0.2349 -0.1463
vn -0.7681 -0.5164 -0.3786
vn -0.6826 -0.5000 -0.5330
vn -0.9385 -0.2524 -0.2354
vn -0.8500 -0.3737 -0.3713
vn -0.9977 -0.0133 -0.0663
vn -0.9883 -0.0379 -0.1475
vn -0.8848 -0.2812 -0.3716
vn -0.8498 -0.3344 -0.4075
vn -0.1108 -0.9685 -0.2230
vn -0.0602 -0.9975 -0.0374
vn 0.1917 -0.7661 -0.6134
vn 0.1127 -0.6369 -0.7627
vn -0.2864 -0.9555 -0.0706
vn -0.2443 -0.9689 0.0401
vn 0.1917 -0.1429 -0.9710
vn 0.3905 -0.1883 -0.9011
vn 0.2372 -0.2912 -0.9268
vn -0.0170 -0.3526 -0.9356
vn 0.2900 0.5373 0.7920
vn 0.3206 0.3744 0.8701
vn 0.3411 0.6385 0.6899
vn 0.3374 0.6126 0.7148
vn -0.2086 -0.9514 -0.2267
vn -0.1708 -0.9784 -0.1161
vn 0.0082 -0.9928 -0.1194
vn -0.0168 -0.9573 -0.2888
vn -0.2569 -0.9202 -0.2953
vn -0.1371 -0.8701 -0.4734
vn -0.3538 -0.6734 -0.6491
vn -0.2455 -0.5750 -0.7804
vn -0.3339 -0.5173 -0.7880
vn -0.3083 -0.5270 -0.7920
vn 0.5412 0.4706 0.6968
vn 0.4500 0.4883 0.7477
vn 0.3527 0.1494 0.9237
vn 0.5026 0.1957 0.8421
vn 0.5425 0.4968 0.6774
vn 0.4836 0.5105 0.7110
vn 0.4558 0.8645 -0.2119
vn 0.4960 0.8649 0.0770
vn 0.4204 0.8444 -0.3322
vn 0.2964 0.9016 -0.3151
vn 0.3788 0.9053 -0.1923
vn 0.4906 0.8599 0.1408
vn -0.4976 -0.5706 -0.6533
vn -0.3693 -0.8059 -0.4627
vn -0.4374 -0.7965 -0.4176
vn -0.5790 -0.6231 -0.5259
vn -0.8410 0.5098 -0.1812
vn -0.6522 0.7564 0.0501
vn -0.5413 0.8188 -0.1914
vn -0.7663 0.4870 -0.4191
vn -0.2189 0.9721 0.0843
vn -0.3274 0.9017 0.2825
vn 0.3740 0.8697 0.3222
vn 0.2916 0.8207 0.4913
vn 0.7824 0.4264 0.4539
vn 0.8164 0.5055 0.2792
vn 0.9177 0.2182 0.3321
vn 0.9385 0.1363 0.3172
vn 0.9611 0.1664 0.2205
vn 0.9724 0.0223 0.2322
vn 0.9251 0.1468 0.3501
vn 0.8894 0.2177 0.4019
vn 0.8072 0.3554 0.4712
vn 0.8141 0.3703 0.4474
vn 0.7933 0.0788 0.6037
vn 0.7271 0.3182 0.6083
vn 0.7186 0.3504 0.6007
vn 0.7775 0.1595 0.6083
vn 0.6825 0.4482 0.5773
vn 0.6795 0.4164 0.6040
vn 0.4191 0.8995 -0.1235
vn 0.3470 0.9359 -0.0601
vn 0.3839 0.9168 0.1101
vn 0.4830 0.8718 0.0823
vn 0.4277 0.8831 0.1929
vn 0.5196 0.8289 0.2074
vn 0.4232 0.9040 0.0602
vn 0.4189 0.9062 -0.0575
vn 0.6225 0.6240 0.4723
vn 0.6340 0.6241 0.4566
vn 0.5892 0.6609 0.4648
vn 0.5940 0.6691 0.4466
vn 0.5527 0.6926 0.4635
vn 0.5464 0.7271 0.4156
vn 0.5087 0.7256 0.4633
vn 0.4307 0.8085 0.4010
vn 0.6121 0.6933 0.3804
vn 0.5858 0.7042 0.4012
vn 0.6285 0.5826 0.5153
vn 0.6272 0.5816 0.5180
vn 0.5064 0.8110 0.2929
vn 0.5809 0.7621 0.2859
vn 0.4679 0.7091 0.5274
vn 0.3633 0.7583 0.5414
vn 0.5029 0.6847 0.5275
vn 0.4137 0.7032 0.5782
vn -0.3596 -0.8210 -0.4434
vn -0.3977 -0.8324 -0.3860
vn -0.3338 -0.6342 -0.6974
vn -0.3454 -0.6392 -0.6871
vn -0.4935 -0.5905 -0.6386
vn -0.4274 -0.6078 -0.6692
vn -0.5195 -0.6465 -0.5587
vn -0.5654 -0.6238 -0.5397
vn -0.4103 -0.6123 -0.6758
vn -0.3697 -0.6261 -0.6865
vn -0.3707 -0.6210 -0.6906
vn -0.4606 -0.6642 -0.5888
vn -0.4015 -0.9050 0.1408
vn -0.2886 -0.9501 0.1184
vn -0.4304 -0.8242 -0.3681
vn -0.4458 -0.8038 -0.3940
vn -0.4456 -0.6259 -0.6400
vn -0.4309 -0.8008 -0.4160
vn -0.4537 -0.8853 0.1015
vn -0.3627 -0.6045 -0.7093
vn -0.4327 -0.6631 -0.6108
vn -0.5282 -0.5859 -0.6145
vn -0.5761 -0.6167 -0.5365
vn -0.5722 -0.6737 -0.4676
vn -0.5732 -0.6765 -0.4624
vn -0.5728 -0.6915 -0.4402
vn -0.5573 -0.6986 -0.4488
vn 0.5903 0.6337 0.5000
vn 0.6615 0.5843 0.4700
vn 0.6548 0.5526 0.5156
vn 0.6457 0.5431 0.5368
vn 0.6323 0.5152 0.5786
vn 0.6157 0.5503 0.5640
vn 0.4319 0.6711 0.6026
vn 0.5062 0.6600 0.5551
vn 0.6038 0.5635 0.5638
vn 0.4725 0.6663 0.5769
vn 0.5604 0.6297 0.5380
vn 0.4502 0.7247 0.5217
vn 0.3733 0.7636 0.5268
vn 0.3547 0.7510 0.5570
vn 0.4062 0.6807 0.6097
vn 0.4787 0.6526 0.5874
vn 0.4230 0.6964 0.5797
vn 0.5256 0.5761 0.6260
vn 0.3896 0.5694 0.7239
vn 0.4134 0.6283 0.6590
vn 0.4085 0.6235 0.6666
vn 0.3323 0.6219 0.7091
vn 0.3703 0.7184 0.5888
vn 0.3236 0.3664 0.8724
vn 0.1847 0.3450 0.9203
vn 0.4348 0.4332 0.7895
vn 0.1646 0.4060 0.8989
vn -0.1309 0.1631 0.9779
vn 0.0701 0.3188 0.9452
vn 0.3800 0.5478 0.7453
vn 0.5645 0.5012 0.6559
vn -0.3249 -0.5321 -0.7819
vn -0.3383 -0.5301 -0.7776
vn -0.3211 -0.5874 -0.7429
vn -0.3235 -0.5928 -0.7375
vn 0.3641 0.5912 0.7196
vn 0.2453 0.5128 0.8227
vn -0.3462 -0.6527 -0.6739
vn -0.3820 -0.7222 -0.5766
vn -0.4159 -0.7254 -0.5485
vn -0.3497 -0.6672 -0.6577
vn -0.4467 -0.6476 -0.6173
vn -0.4579 -0.5636 -0.6875
vn -0.4544 -0.7280 -0.5134
vn -0.4048 -0.7406 -0.5364
vn -0.4455 -0.6396 -0.6265
vn -0.4723 -0.5530 -0.6864
vn 0.5506 0.5211 0.6521
vn 0.5098 0.5012 0.6992
vn 0.5700 0.5650 0.5965
vn 0.5567 0.5229 0.6454
vn -0.4417 -0.6308 -0.6380
vn -0.4043 -0.7323 -0.5480
vn -0.4629 -0.5476 -0.6970
vn 0.5880 0.5668 0.5771
vn 0.5865 0.5504 0.5942
vn 0.6040 0.5946 0.5307
vn 0.5854 0.5986 0.5467
vn 0.5710 0.5590 0.6012
vn 0.5578 0.4921 0.6683
vn 0.5491 0.6251 0.5547
vn 0.5133 0.6540 0.5558
vn 0.5559 0.5735 0.6018
vn 0.5501 0.4930 0.6741
vn 0.5137 0.5981 0.6152
vn 0.4873 0.6793 0.5488
vn 0.4927 0.5181 0.6991
vn -0.4165 -0.7874 -0.4545
vn -0.4970 -0.7493 -0.4377
vn -0.3696 -0.8308 -0.4161
vn -0.4611 -0.7830 -0.4175
vn -0.4521 -0.7626 -0.4626
vn -0.3580 -0.7907 -0.4967
vn -0.3607 -0.8132 -0.4567
vn -0.3070 -0.8214 -0.4806
vn -0.3740 -0.7918 -0.4829
vn -0.3892 -0.7783 -0.4926
vn 0.5895 0.6259 0.5107
vn 0.5603 0.6137 0.5562
vn 0.5448 0.6498 0.5300
vn 0.5897 0.6357 0.4981
vn 0.5146 0.7069 0.4853
vn 0.4920 0.6959 0.5231
vn 0.5391 0.6708 0.5093
vn 0.5229 0.6919 0.4979
vn -0.2753 -0.8139 -0.5117
vn -0.2935 -0.5463 -0.7845
vn -0.0769 -0.7742 -0.6283
vn -0.0960 -0.4848 -0.8693
vn 0.4607 0.7162 0.5243
vn 0.4592 0.7319 0.5035
vn -0.3044 -0.5660 -0.7662
vn -0.3619 -0.7804 -0.5099
vn -0.2028 -0.4528 -0.8682
vn -0.4182 -0.6046 -0.6779
vn -0.6140 -0.2457 -0.7501
vn -0.6014 -0.0838 -0.7945
vn -0.4337 -0.1519 -0.8882
vn -0.3556 -0.3784 -0.8546
vn -0.5622 -0.3332 -0.7569
vn -0.5665 -0.3692 -0.7367
vn 0.4803 0.8770 0.0117
vn 0.4787 0.7530 0.4515
vn 0.3958 0.7496 0.5305
vn 0.3825 0.9235 0.0284
vn -0.6055 -0.1481 -0.7820
vn -0.6113 -0.1970 -0.7665
vn -0.5731 -0.5210 -0.6325
vn -0.4687 -0.8589 0.2064
vn -0.3300 -0.9252 0.1871
vn -0.5414 -0.8267 0.1529
vn -0.5066 -0.8109 -0.2929
vn -0.6008 -0.7235 -0.3400
vn -0.2418 -0.9016 -0.3588
vn 0.3714 0.3671 0.8528
vn 0.2826 0.4448 0.8499
vn 0.0506 -0.8825 -0.4676
vn -0.1519 -0.9828 0.1048
vn -0.3146 -0.2002 -0.9279
vn -0.4745 -0.6583 -0.5844
vn -0.4441 -0.2143 -0.8700
vn -0.2584 -0.3114 -0.9145
vn 0.0077 0.0391 -0.9992
vn 0.1491 -0.3794 -0.9132
vn 0.3366 -0.0133 -0.9416
vn -0.4919 -0.8706 -0.0138
vn -0.1901 -0.7580 -0.6239
vn -0.3068 -0.8433 -0.4413
vn -0.3009 -0.8531 -0.4263
vn -0.2186 -0.7995 -0.5595
vn -0.3513 -0.8457 -0.4016
vn -0.3518 -0.7923 -0.4985
vn 0.4091 -0.1638 -0.8977
vn 0.4156 -0.2958 -0.8601
vn -0.3431 -0.8301 -0.4396
vn -0.2829 -0.7160 -0.6383
vn -0.2855 -0.7360 -0.6138
vn -0.3925 -0.7946 -0.4631
vn -0.0986 -0.6830 -0.7237
vn 0.1008 -0.5458 -0.8318
vn 0.1317 -0.3738 -0.9181
vn -0.2859 -0.8691 -0.4036
vn -0.0845 -0.2994 -0.9504
vn 0.5077 0.8394 0.1939
vn 0.4806 0.8580 0.1813
vn 0.4972 0.8043 0.3254
vn 0.5206 0.7586 0.3918
vn 0.5410 0.6786 0.4968
vn 0.5169 0.7151 0.4705
vn -0.5955 -0.4981 -0.6303
vn -0.7467 -0.2110 -0.6308
vn -0.5666 -0.2039 -0.7984
vn -0.4309 -0.4461 -0.7844
vn -0.5961 -0.3403 -0.7272
vn -0.7840 -0.2158 -0.5820
vn -0.5733 -0.3134 -0.7571
vn -0.5013 -0.4720 -0.7252
vn 0.0286 -0.9855 -0.1670
vn -0.0678 -0.9886 -0.1345
vn -0.3884 -0.8917 -0.2324
vn -0.2489 -0.8679 -0.4299
vn -0.7505 -0.5273 -0.3985
vn -0.3474 -0.8756 -0.3356
vn -0.5974 -0.5820 -0.5516
vn -0.1139 -0.9856 -0.1250
vn -0.0883 -0.9588 -0.2700
vn -0.3007 -0.8022 -0.5158
vn 0.0399 -0.9528 -0.3008
vn -0.1538 -0.7933 -0.5891
vn -0.6668 -0.4263 -0.6112
vn -0.8728 -0.2301 -0.4305
vn -0.8433 -0.2448 -0.4785
vn 0.2372 0.9273 0.2896
vn 0.6312 0.5831 0.5114
vn 0.0564 0.9824 0.1778
vn 0.1693 0.9823 0.0802
vn 0.3021 0.9500 0.0787
vn 0.6772 0.6434 0.3570
vn 0.7960 0.1750 0.5794
vn 0.8408 0.1520 0.5196
vn 0.4549 0.7828 0.4246
vn 0.5053 0.7363 0.4500
vn 0.4887 0.7027 0.5171
vn 0.4699 0.7713 0.4294
vn 0.5248 0.6505 0.5491
vn 0.5667 0.7073 0.4226
vn 0.4303 0.8569 0.2837
vn 0.4643 0.8025 0.3748
vn 0.4625 0.7577 0.4604
vn 0.3909 0.8588 0.3311
vn 0.1749 0.9839 0.0363
vn 0.3294 0.9381 -0.1073
vn 0.3851 0.9213 0.0546
vn 0.3692 0.9075 0.2003
vn 0.5085 0.8207 0.2605
vn 0.4764 0.8211 0.3144
vn 0.5228 0.7806 0.3426
vn 0.5513 0.7560 0.3529
vn 0.4840 0.8040 0.3453
vn 0.6012 0.7116 0.3635
vn 0.5649 0.7292 0.3862
vn 0.4364 0.8336 0.3386
vn 0.2881 0.9352 0.2060
vn 0.4322 0.3465 0.8325
vn 0.3928 0.4563 0.7985
vn 0.3714 0.5298 0.7625
vn 0.4181 0.4739 0.7750
vn 0.5537 0.7707 0.3152
vn 0.5849 0.7176 0.3781
vn 0.5414 0.4489 0.7109
vn 0.4585 0.4057 0.7907
vn 0.5430 0.4132 0.7311
vn 0.4625 0.3107 0.8304
vn 0.4596 0.3895 0.7981
vn 0.4806 0.1752 0.8593
vn 0.4448 0.0731 0.8926
vn 0.4556 0.2851 0.8433
vn 0.4376 -0.1185 0.8913
vn 0.3066 -0.0966 0.9469
vn 0.3782 0.1272 0.9170
vn 0.4820 0.4190 0.7695
vn -0.4388 -0.5111 -0.7391
vn -0.4570 -0.5034 -0.7333
vn -0.4604 -0.5533 -0.6942
vn -0.4347 -0.5453 -0.7167
vn 0.3708 0.3289 0.8685
vn 0.2376 0.0311 0.9709
vn -0.4561 -0.5173 -0.7241
vn -0.4388 -0.5638 -0.6997
vn -0.4860 -0.5084 -0.7108
vn -0.5154 -0.5663 -0.6431
vn -0.4328 -0.5895 -0.6821
vn -0.4577 -0.7547 -0.4700
vn -0.4136 -0.8689 -0.2719
vn -0.4579 -0.6073 -0.6492
vn -0.5268 -0.8210 -0.2200
vn -0.5383 -0.6630 -0.5203
vn -0.5148 -0.7172 -0.4697
vn -0.4419 -0.8761 -0.1928
vn -0.5080 -0.5241 -0.6835
vn -0.4784 -0.4939 -0.7261
vn -0.4738 -0.7423 -0.4737
vn -0.5176 -0.7140 -0.4715
vn -0.5867 -0.7077 -0.3936
vn -0.5310 -0.7583 -0.3782
vn -0.5752 -0.6287 -0.5233
vn -0.6428 -0.6240 -0.4444
vn -0.6434 -0.6120 -0.4599
vn -0.6125 -0.7064 -0.3547
vn -0.5584 -0.7696 -0.3098
vn -0.1855 -0.9211 -0.3422
vn -0.3572 -0.6921 -0.6272
vn -0.5262 -0.7123 -0.4645
vn -0.5233 -0.7138 -0.4654
vn -0.5654 -0.6237 -0.5398
vn -0.4300 -0.8420 -0.3258
vn -0.4910 -0.8188 -0.2974
vn -0.5246 -0.7431 -0.4155
vn -0.5531 -0.6565 -0.5129
vn -0.4909 -0.6525 -0.5772
vn -0.5715 -0.7370 -0.3609
vn -0.6430 -0.6048 -0.4698
vn 0.3430 0.9362 0.0769
vn 0.2767 0.9522 0.1294
vn 0.4784 0.7706 0.4212
vn 0.3443 0.8004 0.4907
vn -0.5312 -0.6657 -0.5241
vn 0.5265 0.2782 0.8034
vn 0.4695 0.7665 0.4383
vn 0.3721 0.8152 0.4438
vn 0.4184 0.2890 0.8610
vn 0.4848 0.1307 0.8648
vn 0.3015 0.1692 0.9383
vn 0.2914 0.2289 0.9288
vn 0.3267 0.8391 0.4350
vn 0.1913 0.9717 0.1382
vn 0.1955 0.9639 0.1807
vn -0.5333 -0.6950 -0.4823
vn -0.5423 -0.5573 -0.6288
vn -0.4107 -0.9103 -0.0512
vn -0.3977 -0.9093 -0.1227
vn 0.3790 0.9217 0.0826
vn -0.2978 -0.7615 -0.5757
vn -0.1897 -0.9579 -0.2157
vn -0.4768 -0.8724 -0.1072
vn -0.5742 -0.6770 -0.4603
vn -0.2844 -0.9543 0.0920
vn -0.4273 -0.8958 -0.1222
vn -0.4205 -0.9071 -0.0166
vn -0.4472 -0.8944 0.0051
vn -0.4279 -0.8975 -0.1069
vn -0.5656 -0.6198 -0.5440
vn -0.2170 -0.8598 -0.4621
vn -0.2433 -0.8924 -0.3799
vn -0.2634 -0.8519 -0.4527
vn -0.5280 -0.5551 -0.6427
vn -0.5167 -0.5909 -0.6196
vn -0.5544 -0.6633 -0.5027
vn -0.1057 -0.9922 -0.0654
vn -0.2604 -0.9108 -0.3204
vn -0.5269 -0.7125 -0.4634
vn -0.6635 -0.4889 -0.5663
vn -0.6132 -0.4758 -0.6305
vn -0.6130 -0.5373 -0.5792
vn -0.6408 -0.5833 -0.4992
vn -0.6284 -0.6012 -0.4935
vn -0.3662 -0.8304 -0.4200
vn 0.6863 0.4668 0.5577
vn 0.7014 0.3764 0.6052
vn 0.6701 0.4060 0.6214
vn 0.6432 0.4831 0.5941
vn 0.5808 0.5957 0.5548
vn 0.6261 0.6360 0.4512
vn -0.5919 -0.5934 -0.5455
vn 0.6149 0.5986 0.5134
vn 0.6640 0.4166 0.6209
vn 0.6524 0.4132 0.6353
vn 0.6074 0.6175 0.4998
vn 0.6802 0.2229 0.6983
vn 0.6911 0.2622 0.6735
vn 0.6889 0.4239 0.5880
vn 0.6693 -0.0138 0.7429
vn 0.6870 -0.0481 0.7250
vn 0.6451 0.6153 0.4530
vn 0.5477 0.6992 0.4595
vn 0.5824 0.7286 0.3605
vn 0.4688 0.8367 0.2831
vn 0.4527 0.7986 0.3967
vn 0.4704 0.8598 0.1987
vn 0.5880 0.7485 0.3065
vn 0.3362 0.9376 0.0888
vn 0.3712 0.9123 0.1732
vn 0.3718 0.8825 0.2881
vn 0.7064 0.2614 0.6578
vn 0.7453 -0.0023 0.6667
vn 0.5753 0.7488 0.3292
vn 0.4296 0.8633 0.2649
vn 0.3158 0.9223 0.2229
vn 0.1482 0.9379 0.3136
vn 0.2648 0.9437 0.1985
vn 0.3003 0.8510 0.4308
vn 0.5075 0.6600 0.5540
vn 0.4306 0.7447 0.5099
vn -0.6258 -0.5508 -0.5523
vn -0.5843 -0.6311 -0.5101
vn -0.5259 -0.6971 -0.4873
vn -0.4511 -0.7570 -0.4727
vn -0.5729 -0.6927 -0.4382
vn -0.5782 -0.6725 -0.4620
vn -0.4737 -0.7833 -0.4026
vn -0.4773 -0.7917 -0.3813
vn -0.4398 -0.8157 -0.3757
vn -0.4645 -0.7902 -0.3997
vn -0.6833 -0.5229 -0.5096
vn -0.6745 -0.5280 -0.5160
vn -0.4688 -0.7705 -0.4319
vn -0.5372 -0.7140 -0.4490
vn -0.4851 -0.7524 -0.4456
vn -0.4592 -0.7657 -0.4504
vn -0.5477 -0.7027 -0.4541
vn -0.5703 -0.7066 -0.4189
vn -0.4722 -0.7865 -0.3980
vn -0.5365 -0.6486 -0.5399
vn -0.3897 -0.4581 -0.7989
vn -0.4360 -0.6267 -0.6459
vn -0.5177 -0.5597 -0.6471
vn -0.3313 -0.5673 -0.7539
vn -0.6422 -0.4769 -0.6001
vn -0.5427 -0.5589 -0.6270
vn -0.4858 -0.7084 -0.5120
vn -0.4439 -0.5081 -0.7381
vn -0.2220 -0.7240 -0.6531
vn -0.2160 -0.8592 -0.4638
vn -0.4604 -0.7113 -0.5312
vn -0.4621 -0.7427 -0.4846
vn -0.6765 -0.4731 -0.5644
vn -0.6669 -0.5269 -0.5269
vn 0.7996 0.4123 0.4366
vn 0.9179 0.1914 0.3476
vn 0.9529 0.0927 0.2886
vn 0.8634 0.3342 0.3779
vn 0.9122 0.2017 0.3568
vn 0.9408 0.0930 0.3260
vn -0.5330 -0.6782 -0.5059
vn -0.2626 -0.8724 -0.4123
vn -0.4522 -0.8024 -0.3895
vn 0.7950 0.4110 0.4462
vn 0.8994 0.1822 0.3973
vn 0.8805 0.2269 0.4162
vn 0.7746 0.4170 0.4754
vn 0.9239 0.0695 0.3764
vn 0.9278 -0.0054 0.3730
vn 0.7111 0.5485 0.4399
vn 0.6790 0.5605 0.4742
vn 0.5335 0.5778 0.6176
vn 0.0201 0.7607 0.6488
vn -0.1020 0.7904 0.6041
vn 0.2712 0.7495 0.6039
vn 0.6558 0.5536 0.5133
vn 0.8394 0.2835 0.4637
vn 0.8079 0.4119 0.4214
vn 0.9342 0.0914 0.3447
vn 0.9542 -0.0942 0.2839
vn -0.9198 0.2056 -0.3344
vn -0.7752 0.3617 -0.5179
vn -0.8214 0.0581 -0.5674
vn -0.9013 -0.1131 -0.4182
vn -0.8475 0.1874 -0.4966
vn -0.8501 -0.0104 -0.5265
vn -0.8374 -0.0696 -0.5422
vn -0.8989 -0.2005 -0.3897
vn -0.9209 -0.2428 -0.3049
vn -0.9478 -0.1948 -0.2526
vn -0.9936 0.0693 -0.0889
vn -0.6444 -0.5227 -0.5582
vn -0.6857 -0.2747 -0.6741
vn -0.9120 -0.1029 -0.3970
vn -0.7558 -0.2124 -0.6194
vn -0.8367 -0.3357 -0.4326
vn -0.9309 0.2372 -0.2777
vn 0.7758 0.4358 0.4564
vn 0.7863 0.4647 0.4072
vn 0.7442 0.5439 0.3878
vn 0.7059 0.5228 0.4779
vn 0.7476 0.5107 0.4246
vn 0.7416 0.5591 0.3707
vn -0.8243 -0.4429 -0.3527
vn 0.6969 0.5354 0.4772
vn 0.6813 0.5871 0.4372
vn 0.5869 0.5774 0.5676
vn 0.6359 0.6083 0.4750
vn 0.6558 0.5035 0.5625
vn 0.6671 0.6335 0.3920
vn 0.6891 0.6353 0.3486
vn 0.7372 0.4324 0.5192
vn -0.6824 -0.5137 -0.5201
vn -0.6597 -0.5808 -0.4770
vn -0.6615 -0.5207 -0.5398
vn -0.6593 -0.5163 -0.5466
vn -0.6653 -0.5675 -0.4850
vn -0.6523 -0.5999 -0.4634
vn 0.6628 0.6442 0.3816
vn -0.6634 -0.5627 -0.4933
vn -0.6928 -0.5219 -0.4977
vn -0.5909 -0.6675 -0.4530
vn -0.6141 -0.6429 -0.4579
vn -0.6177 -0.6407 -0.4561
vn -0.6318 -0.6308 -0.4504
vn -0.6303 -0.5910 -0.5034
vn -0.6248 -0.6245 -0.4686
vn -0.6589 -0.5685 -0.4925
vn 0.0422 0.7513 0.6587
vn 0.0639 0.7324 0.6779
vn 0.2030 0.9593 0.1965
vn 0.1266 0.9695 0.2098
vn 0.2851 0.9161 -0.2819
vn 0.1724 0.9604 -0.2190
vn 0.1417 0.9546 -0.2619
vn 0.1894 0.9671 0.1697
vn 0.1687 0.7536 0.6354
vn -0.0724 0.4020 0.9128
vn -0.0406 0.4174 0.9078
vn 0.1131 0.5108 0.8522
vn 0.1361 0.8596 -0.4925
vn 0.1254 0.8406 -0.5270
vn 0.2266 0.9113 -0.3437
vn 0.3556 0.9294 -0.0991
vn 0.3965 0.8164 0.4199
vn 0.4729 0.7692 0.4297
vn 0.4382 0.7612 0.4781
vn 0.4416 0.8178 0.3691
vn 0.4635 0.8832 0.0721
vn 0.3551 0.8204 -0.4481
vn 0.4602 0.7958 0.3936
vn 0.4200 0.9000 0.1164
vn 0.3036 0.7860 -0.5386
vn 0.4774 0.8561 0.1977
vn 0.4917 0.7683 0.4097
vn 0.2900 0.9536 0.0808
vn 0.2010 0.9791 -0.0296
vn 0.1742 0.9817 -0.0771
vn 0.1000 0.9853 -0.1387
vn 0.7879 0.0908 0.6091
vn 0.6810 0.0605 0.7298
vn 0.6940 0.6134 0.3769
vn 0.6510 0.5453 0.5281
vn 0.2372 0.9004 0.3646
vn -0.0567 0.9963 0.0653
vn 0.5359 0.4619 0.7067
vn 0.3627 0.9264 0.1009
vn 0.0970 0.9868 0.1296
vn 0.3641 0.9313 -0.0136
vn 0.6017 0.0661 0.7960
vn -0.5205 0.8087 -0.2742
vn -0.6984 0.7152 -0.0269
vn -0.1916 0.9212 0.3385
vn -0.1210 0.9914 0.0498
vn -0.8204 0.5106 0.2572
vn -0.3478 0.7610 0.5476
vn 0.1498 0.7404 0.6552
vn 0.6090 0.4692 0.6395
vn 0.6740 0.4394 0.5939
vn 0.2735 0.7934 0.5437
vn 0.3771 0.8707 0.3157
vn 0.7849 0.5023 0.3628
vn 0.9338 0.1109 0.3402
vn 0.8612 0.1450 0.4872
vn 0.8552 0.2118 0.4731
vn -0.4584 -0.3634 -0.8111
vn -0.1779 -0.1980 -0.9639
vn -0.4105 -0.5639 -0.7166
vn -0.0291 -0.5104 -0.8594
vn -0.3992 -0.6852 -0.6092
vn -0.2060 -0.7414 -0.6387
vn -0.2827 -0.7202 -0.6336
vn -0.3841 -0.6861 -0.6178
vn -0.9210 -0.0591 -0.3850
vn -0.7277 -0.4031 -0.5549
vn -0.7200 -0.4016 -0.5660
vn -0.9018 -0.0279 -0.4312
vn -0.9266 0.3074 -0.2168
vn -0.9431 0.2749 -0.1869
vn -0.7551 0.6499 0.0858
vn -0.7685 0.6333 0.0910
vn -0.4735 0.8147 0.3347
vn -0.4529 0.8358 0.3104
vn -0.1709 0.8697 0.4631
vn -0.1013 0.9133 0.3944
vn 0.7402 0.4304 0.5166
vn 0.3124 0.8137 0.4902
vn 0.2827 0.7632 0.5811
vn 0.7108 0.3841 0.5892
vn 0.8842 0.0294 0.4662
vn 0.9135 0.0616 0.4022
vn 0.8719 0.0510 0.4871
vn 0.8891 0.1011 0.4464
vn 0.6674 0.4521 0.5918
vn 0.7097 0.3707 0.5991
vn 0.8403 0.5293 -0.1170
vn 0.9115 0.4110 0.0132
vn 0.7681 0.2715 0.5799
vn 0.8587 0.3183 0.4016
vn 0.2664 0.1391 -0.9538
vn 0.5766 0.0001 -0.8170
vn -0.4028 -0.6255 -0.6682
vn -0.0002 -0.7507 -0.6606
vn -0.0707 -0.7462 -0.6619
vn -0.4055 -0.6488 -0.6439
vn 0.4147 -0.6901 -0.5931
vn 0.2786 -0.6296 -0.7252
vn -0.7357 -0.3760 -0.5634
vn -0.7190 -0.3676 -0.5898
vn -0.9136 -0.0475 -0.4039
vn -0.8899 -0.0405 -0.4543
vn -0.9240 0.3209 -0.2081
vn -0.8975 0.3542 -0.2628
vn -0.7358 0.6765 0.0308
vn -0.7037 0.7084 -0.0540
vn -0.3864 0.8904 0.2408
vn -0.3610 0.9251 0.1176
vn -0.0254 0.9460 0.3230
vn 0.0721 0.9677 0.2414
vn 0.7730 0.5930 0.2253
vn 0.4653 0.8421 0.2726
vn 0.3425 0.8782 0.3338
vn 0.7531 0.5639 0.3388
vn -0.6060 -0.3646 -0.7070
vn -0.2787 -0.5812 -0.7645
vn -0.8109 -0.0370 -0.5840
vn -0.6141 0.0237 -0.7888
vn -0.3841 -0.1667 -0.9081
vn -0.0406 -0.3267 -0.9443
vn -0.8253 0.3554 -0.4389
vn -0.5746 0.3134 -0.7560
vn -0.6362 0.7252 -0.2633
vn -0.5043 0.6463 -0.5727
vn 0.9891 -0.1472 0.0008
vn 0.9738 0.1859 0.1309
vn 0.9544 0.1595 0.2523
vn 0.9850 0.0873 0.1489
vn -0.2707 0.9460 -0.1784
vn -0.1329 0.7669 -0.6278
vn 0.1814 0.9785 -0.0980
vn 0.2686 0.7523 -0.6015
vn -0.2176 0.2752 -0.9364
vn 0.2081 0.2158 -0.9540
vn 0.6939 -0.4267 -0.5800
vn 0.3560 -0.4006 -0.8442
vn 0.5607 0.1008 -0.8219
vn 0.7791 -0.0403 -0.6256
vn 0.6197 0.6041 -0.5011
vn 0.8716 0.3451 -0.3481
vn 0.5877 0.8086 0.0283
vn 0.8457 0.5283 0.0758
vn 0.9210 -0.2249 -0.3181
vn 0.9429 0.0867 -0.3216
vn 0.7066 -0.2279 -0.6699
vn 0.7869 -0.4408 -0.4319
vn 0.1510 -0.6887 -0.7092
vn 0.5220 -0.6471 -0.5557
vn 0.9690 -0.1838 -0.1649
vn 0.9568 -0.2349 -0.1714
vn 0.9804 -0.1942 -0.0331
vn 0.9137 -0.3781 -0.1491
vn 0.8805 -0.3438 -0.3263
vn 0.8539 -0.4404 -0.2773
vn 0.7614 -0.4860 -0.4291
vn 0.9813 0.0249 -0.1907
vn 0.8569 -0.2122 -0.4698
vn 0.9854 0.1628 0.0508
vn 0.0140 -0.8187 -0.5740
vn -0.0834 -0.8159 -0.5722
vn 0.1911 -0.8259 -0.5305
vn 0.1978 -0.8199 -0.5372
vn -0.6556 -0.6305 -0.4155
vn -0.4601 -0.6810 -0.5697
vn -0.2143 -0.7891 -0.5756
vn -0.2578 -0.7828 -0.5663
vn -0.4189 -0.7878 -0.4516
vn -0.3971 -0.7912 -0.4651
vn -0.4891 -0.7356 -0.4686
vn -0.4997 -0.7331 -0.4613
vn -0.3321 -0.8309 -0.4464
vn -0.3189 -0.8293 -0.4589
vn -0.3719 -0.7904 -0.4867
vn -0.3080 -0.8111 -0.4973
vn -0.4769 -0.7390 -0.4759
vn -0.3068 -0.7842 -0.5394
vn -0.3682 -0.7788 -0.5078
vn -0.4780 -0.7380 -0.4763
vn -0.3737 -0.8024 -0.4652
vn -0.4495 -0.7554 -0.4769
vn -0.2874 -0.8505 -0.4405
vn -0.3245 -0.8739 -0.3620
vn -0.3934 -0.8374 -0.3796
vn -0.4512 -0.7970 -0.4014
vn -0.3039 -0.7916 -0.5301
vn -0.3417 -0.7804 -0.5238
vn -0.3504 -0.8019 -0.4838
vn -0.3104 -0.8143 -0.4905
vn -0.3853 -0.7878 -0.4805
vn -0.3742 -0.7669 -0.5213
vn -0.3677 -0.8347 -0.4098
vn -0.4077 -0.8131 -0.4156
vn -0.3198 -0.8528 -0.4129
vn -0.1568 -0.8998 -0.4072
vn -0.2346 -0.9086 -0.3455
vn 0.0787 -0.9342 -0.3481
vn -0.0814 -0.9421 -0.3252
vn -0.4308 -0.8176 -0.3820
vn -0.3873 -0.8447 -0.3694
vn -0.3302 -0.8727 -0.3596
vn 0.3753 -0.8917 -0.2531
vn 0.1956 -0.9409 -0.2764
vn 0.4065 -0.8837 -0.2320
vn 0.6031 -0.7874 -0.1279
vn 0.5914 -0.8016 -0.0872
vn 0.3730 -0.8919 -0.2556
vn 0.8165 -0.5731 0.0694
vn 0.7838 -0.6083 0.1246
vn 0.6484 -0.7590 -0.0597
vn 0.6169 -0.7847 -0.0601
vn 0.7775 -0.6122 0.1440
vn 0.7868 -0.6067 0.1134
vn 0.4031 -0.8680 -0.2899
vn 0.3730 -0.8561 -0.3578
vn 0.8918 0.1880 0.4114
vn 0.9034 0.0353 0.4273
vn 0.3769 0.8344 0.4021
vn 0.5313 0.7251 0.4382
vn 0.9432 -0.0754 0.3236
vn 0.9200 -0.1090 0.3765
vn 0.6665 0.5880 0.4582
vn 0.6297 0.6116 0.4789
vn 0.1609 0.9409 0.2979
vn 0.2234 0.9135 0.3399
vn 0.2169 0.9332 0.2866
vn 0.2112 0.9168 0.3391
vn 0.2459 0.8355 0.4915
vn 0.2747 0.8616 0.4268
vn 0.2003 0.8724 0.4459
vn 0.1974 0.8308 0.5204
vn 0.3444 0.8826 0.3200
vn 0.3308 0.8521 0.4056
vn 0.5053 0.7876 0.3528
vn 0.4901 0.7510 0.4426
vn 0.6461 0.6577 0.3872
vn 0.6299 0.7032 0.3296
vn 0.6887 0.5956 0.4135
vn 0.6625 0.6497 0.3728
vn 0.3390 0.7652 0.5473
vn 0.3198 0.7915 0.5208
vn 0.5062 0.7111 0.4879
vn 0.5403 0.6964 0.4723
vn 0.6336 0.6663 0.3931
vn 0.6018 0.6815 0.4163
vn 0.6064 0.7040 0.3696
vn 0.6369 0.6626 0.3941
vn 0.6537 0.6990 0.2901
vn 0.6450 0.6579 0.3887
vn 0.6549 0.7163 0.2408
vn 0.6749 0.6511 0.3472
vn 0.6484 0.6069 0.4595
vn 0.6135 0.6668 0.4231
vn 0.5417 0.6732 0.5033
vn 0.5230 0.7226 0.4520
vn 0.6254 0.7159 0.3104
vn 0.6482 0.6613 0.3775
vn 0.6155 0.6806 0.3974
vn 0.5687 0.7330 0.3732
vn 0.7032 0.6766 0.2187
vn 0.6957 0.6463 0.3134
vn 0.7464 0.6453 0.1629
vn 0.7208 0.6542 0.2291
vn 0.6718 0.5916 0.4458
vn 0.5600 0.6450 0.5200
vn 0.4748 0.6697 0.5710
vn 0.6759 0.5774 0.4580
vn 0.1154 0.7647 0.6339
vn 0.0228 0.7704 0.6372
vn -0.0340 0.7467 0.6643
vn 0.3532 0.7038 0.6163
vn 0.4196 0.6817 0.5994
vn -0.0162 0.7912 0.6114
vn 0.6368 0.6200 0.4584
vn 0.5682 0.6803 0.4629
vn -0.0468 0.7669 0.6400
vn 0.2776 0.7500 0.6004
vn -0.0144 0.8100 0.5863
vn 0.2665 0.7627 0.5893
vn 0.4794 0.7331 0.4825
vn 0.4243 0.7697 0.4769
vn -0.4510 0.7021 0.5510
vn -0.4469 0.7051 0.5506
vn -0.4429 0.6958 0.5654
vn -0.3772 0.8341 0.4026
vn -0.3516 0.8106 0.4682
vn -0.3658 0.7520 0.5484
vn -0.3805 0.7294 0.5685
vn -0.3700 0.8531 0.3678
vn -0.7459 0.5532 0.3710
vn -0.6677 0.5895 0.4547
vn -0.9923 -0.0556 -0.1102
vn -0.9910 -0.0126 -0.1336
vn -0.3509 0.7936 0.4971
vn -0.3356 0.7618 0.5541
vn -0.3533 0.7874 0.5052
vn -0.3109 0.7974 0.5172
vn -0.1944 0.7989 0.5692
vn -0.1581 0.7657 0.6234
vn -0.6772 0.6582 0.3289
vn -0.2942 0.7975 0.5267
vn -0.2568 0.8243 0.5046
vn -0.7248 0.5993 0.3399
vn -0.6292 0.6922 0.3535
vn -0.2909 0.7853 0.5465
vn -0.5697 0.7220 0.3926
vn -0.2676 0.7871 0.5557
vn -0.9727 0.0923 -0.2130
vn -0.8931 0.4357 0.1120
vn -0.9411 0.3381 -0.0049
vn -0.9725 0.2313 -0.0276
vn -0.9277 -0.1610 -0.3369
vn -0.9345 -0.0464 -0.3530
vn -0.9888 0.1142 -0.0957
vn -0.8794 -0.2530 -0.4034
vn -0.5258 -0.7091 -0.4698
vn -0.5216 -0.7134 -0.4679
vn -0.5240 -0.7111 -0.4688
vn -0.5273 -0.7012 -0.4798
vn -0.5280 -0.7130 -0.4614
vn -0.5351 -0.7139 -0.4517
vn -0.5515 -0.6925 -0.4651
vn -0.5240 -0.7092 -0.4717
vn -0.5262 -0.7326 -0.4317
vn -0.5553 -0.7077 -0.4367
vn -0.5431 -0.7061 -0.4543
vn -0.5529 -0.7071 -0.4408
vn -0.4941 -0.7270 -0.4768
vn -0.4896 -0.7634 -0.4214
vn -0.4679 -0.7878 -0.4006
vn -0.5034 -0.7559 -0.4186
vn -0.4460 -0.7872 -0.4260
vn -0.4812 -0.7594 -0.4379
vn -0.5157 -0.7316 -0.4458
vn -0.5345 -0.7272 -0.4307
vn 0.3691 0.8006 0.4720
vn 0.4147 0.7859 0.4586
vn 0.4166 0.7353 0.5346
vn 0.3737 0.7350 0.5659
vn -0.4210 -0.7676 -0.4833
vn -0.4128 -0.7508 -0.5156
vn -0.4614 -0.7440 -0.4833
vn -0.4595 -0.7319 -0.5031
vn -0.5048 -0.7203 -0.4757
vn -0.5062 -0.7081 -0.4922
vn 0.4164 0.8740 0.2505
vn 0.5405 0.7979 0.2667
vn 0.4802 0.8056 0.3470
vn 0.3932 0.8563 0.3348
vn 0.4439 0.8523 0.2766
vn 0.2587 0.9413 0.2167
vn 0.3220 0.9010 0.2908
vn 0.4846 0.7951 0.3648
vn 0.3784 0.9036 0.2008
vn 0.4167 0.8210 0.3902
vn 0.3384 0.7628 0.5510
vn 0.4488 0.8023 0.3935
vn 0.4956 0.8248 0.2722
vn 0.3408 0.9347 0.1006
vn 0.4935 0.6931 0.5254
vn 0.4202 0.7523 0.5074
vn 0.4206 0.6935 0.5850
vn 0.4602 0.6731 0.5790
vn 0.3827 0.8449 0.3738
vn 0.5065 0.7465 0.4315
vn 0.5688 0.6332 0.5249
vn 0.6225 0.6180 0.4802
vn 0.6371 0.6619 0.3950
vn 0.6266 0.6988 0.3451
vn 0.5933 0.7375 0.3226
vn 0.5646 0.7709 0.2948
vn -0.2973 -0.7838 -0.5453
vn 0.1819 -0.8231 -0.5380
vn -0.3160 -0.7981 -0.5130
vn 0.1582 -0.8144 -0.5584
vn -0.3119 -0.8216 -0.4772
vn 0.1397 -0.8061 -0.5751
vn -0.3046 -0.8285 -0.4700
vn 0.1083 -0.8090 -0.5778
vn 0.4514 -0.6877 -0.5685
vn 0.2739 -0.5047 -0.8187
vn -0.0186 -0.6180 -0.7860
vn 0.3092 -0.7491 -0.5858
vn 0.5348 -0.6074 -0.5875
vn 0.4138 -0.4159 -0.8098
vn -0.2737 -0.4564 -0.8466
vn -0.7038 -0.2854 -0.6505
vn -0.3990 -0.4669 -0.7892
vn -0.1514 -0.5499 -0.8214
vn -0.6111 -0.4935 -0.6188
vn -0.4320 -0.5565 -0.7097
vn -0.2492 -0.6868 -0.6827
vn 0.1524 -0.7983 -0.5827
vn -0.6775 -0.5331 -0.5068
vn -0.4708 -0.5923 -0.6539
vn -0.2114 -0.5008 -0.8394
vn -0.0080 -0.3517 -0.9361
vn -0.0584 -0.3261 -0.9435
vn -0.1738 -0.4867 -0.8561
vn 0.1235 -0.3196 -0.9395
vn 0.0549 -0.2366 -0.9701
vn 0.0026 -0.4106 -0.9118
vn 0.0019 -0.4908 -0.8713
vn 0.0052 -0.2883 -0.9575
vn -0.1133 -0.4065 -0.9066
vn -0.2186 -0.4600 -0.8606
vn -0.1873 -0.5019 -0.8444
vn -0.1427 -0.5179 -0.8435
vn -0.0390 -0.5295 -0.8474
vn -0.2849 -0.5517 -0.7839
vn -0.3318 -0.5935 -0.7333
vn 0.0941 -0.9419 -0.3224
vn -0.1420 -0.9251 -0.3523
vn 0.0572 -0.9182 -0.3920
vn -0.1605 -0.8918 -0.4229
vn -0.1888 -0.8008 -0.5684
vn -0.2551 -0.7989 -0.5446
vn -0.2535 -0.8277 -0.5006
vn -0.1777 -0.8375 -0.5168
vn -0.2569 -0.8708 -0.4192
vn 0.0446 -0.8748 -0.4824
vn -0.0174 -0.8361 -0.5482
vn -0.2583 -0.8981 -0.3559
vn -0.8611 -0.2784 -0.4255
vn -0.8563 -0.2653 -0.4431
vn -0.9622 -0.0786 -0.2609
vn -0.9466 -0.0775 -0.3130
vn -0.7104 -0.3644 -0.6022
vn -0.7056 -0.3820 -0.5968
vn -0.6711 -0.3190 -0.6693
vn -0.8916 -0.2019 -0.4054
vn -0.9184 -0.1958 -0.3439
vn -0.9574 -0.1210 -0.2621
vn -0.9859 -0.0023 -0.1673
vn -0.9905 0.1293 -0.0465
vn -0.8581 -0.1139 -0.5006
vn -0.7281 -0.3558 -0.5859
vn -0.9943 -0.0022 -0.1070
vn -0.9985 0.0538 0.0045
vn -0.8383 -0.2278 -0.4953
vn -0.8351 -0.1952 -0.5143
vn -0.9391 -0.0737 -0.3356
vn -0.9260 -0.0739 -0.3701
vn -0.9898 0.0745 -0.1212
vn -0.9833 -0.0023 -0.1822
vn -0.9818 0.0826 -0.1710
vn -0.9831 0.1205 -0.1380
vn -0.9715 -0.0369 -0.2341
vn -0.9771 0.0627 -0.2031
vn -0.9744 0.0922 -0.2051
vn -0.9753 0.0956 -0.1992
vn -0.9792 0.0888 -0.1826
vn -0.9897 0.1314 -0.0561
vn -0.9892 0.1197 -0.0852
vn -0.9884 0.0772 -0.1308
vn 0.9974 0.0672 -0.0244
s 1
usemtl _17174_Tiamat_v1default
f 1//1 2//2 3//3 4//4
f 5//5 3//3 2//2 6//6
f 7//7 8//8 3//3 5//5
f 4//4 3//3 8//8 9//9
f 10//10 11//11 12//12 13//13
f 14//14 10//10 13//13 15//15
f 9//9 8//8 10//10 14//14
f 11//11 10//10 8//8 7//7
f 16//16 17//17 18//18 19//19
f 14//14 18//18 17//17 9//9
f 15//15 20//20 18//18 14//14
f 18//18 20//20 21//21
f 22//22 23//23 24//24 25//25
f 4//4 23//23 22//22 1//1
f 9//9 17//17 23//23 4//4
f 16//16 24//24 23//23 17//17
f 26//26 27//27 28//28 29//29
f 30//30 28//28 27//27 31//31
f 32//32 33//33 28//28 30//30
f 29//29 28//28 33//33 34//34
f 35//35 36//36 37//37 38//38
f 29//29 37//37 36//36 26//26
f 34//34 39//39 37//37 29//29
f 38//38 37//37 39//39 40//40
f 25//25 24//24 41//41 42//42
f 43//43 41//41 24//24 16//16
f 40//40 39//39 41//41 43//43
f 42//42 41//41 39//39 34//34
f 44//44 45//45 46//46 47//47
f 48//48 46//46 45//45 49//49
f 46//46 48//48 50//50
f 47//47 46//46 51//51 52//52
f 53//53 54//54 55//55 56//56
f 57//57 55//55 54//54 58//58
f 59//59 60//60 55//55 57//57
f 56//56 55//55 60//60 61//61
f 62//62 63//63 64//64 65//65
f 64//64 63//63 66//66 67//67
f 64//64 67//67 58//58 68//68
f 65//65 64//64 68//68 69//69
f 70//70 71//71 72//72 73//73
f 57//57 72//72 71//71 59//59
f 58//58 67//67 72//72 57//57
f 73//73 72//72 67//67 66//66
f 74//74 75//75 76//76 77//77
f 78//78 76//76 75//75 79//79
f 61//61 60//60 76//76 78//78
f 77//77 76//76 60//60 59//59
f 80//80 81//81 82//82 83//83
f 84//84 82//82 81//81 85//85
f 86//86 87//87 82//82 84//84
f 83//83 82//82 87//87 88//88
f 21//21 20//20 89//89 90//90
f 91//91 89//89 20//20 15//15
f 92//92 93//93 89//89 91//91
f 90//90 89//89 93//93 94//94
f 95//95 96//96 97//97 98//98
f 93//93 97//97 96//96 94//94
f 92//92 99//99 97//97 93//93
f 99//99 100//100 98//98
f 92//92 91//91 101//101 102//102
f 13//13 101//101 91//91 15//15
f 12//12 103//103 101//101 13//13
f 102//102 101//101 103//103 104//104
f 105//105 106//106 100//100
f 105//105 99//99 92//92 102//102
f 104//104 107//107 105//105 102//102
f 106//106 105//105 107//107 108//108
f 16//16 19//19 109//109 43//43
f 19//19 21//21 110//110
f 111//111 112//112 109//109 110//110
f 43//43 109//109 112//112 40//40
f 21//21 90//90 113//113 110//110
f 114//114 113//113 90//90 94//94
f 115//115 116//116 113//113 114//114
f 110//110 113//113 116//116 111//111
f 117//117 114//114 94//94
f 96//96 95//95 118//118
f 119//119 120//120 117//117 118//118
f 114//114 117//117 120//120 115//115
f 40//40 112//112 121//121 38//38
f 122//122 121//121 112//112 111//111
f 123//123 124//124 121//121 122//122
f 38//38 121//121 124//124 35//35
f 125//125 126//126 127//127 128//128
f 127//127 126//126 129//129 130//130
f 131//131 132//132 127//127 130//130
f 128//128 127//127 132//132 133//133
f 134//134 135//135 136//136
f 137//137 138//138 139//139 136//136
f 139//139 138//138 133//133 132//132
f 134//134 139//139 132//132 131//131
f 140//140 141//141 142//142
f 143//143 140//140 144//144 125//125
f 145//145 146//146 140//140 143//143
f 141//141 140//140 146//146 147//147
f 73//73 148//148 149//149 70//70
f 150//150 148//148 73//73 66//66
f 148//148 150//150 151//151
f 152//152 153//153 149//149
f 154//154 155//155 156//156 157//157
f 158//158 159//159 156//156 155//155
f 160//160 156//156 159//159 161//161
f 157//157 156//156 160//160 162//162
f 162//162 160//160 163//163 164//164
f 165//165 163//163 160//160 161//161
f 166//166 167//167 163//163 165//165
f 164//164 163//163 167//167 168//168
f 169//169 170//170 171//171 172//172
f 173//173 171//171 170//170 174//174
f 175//175 176//176 171//171 173//173
f 172//172 171//171 176//176 177//177
f 178//178 179//179 180//180 181//181
f 182//182 180//180 179//179 183//183
f 174//174 170//170 180//180 182//182
f 181//181 180//180 170//170 169//169
f 184//184 185//185 186//186 187//187
f 184//184 187//187 183//183 179//179
f 188//188 184//184 179//179 178//178
f 189//189 185//185 184//184 188//188
f 153//153 152//152 190//190 191//191
f 192//192 190//190 152//152 151//151
f 193//193 194//194 190//190 192//192
f 191//191 190//190 194//194 195//195
f 196//196 197//197 198//198 199//199
f 200//200 198//198 197//197 201//201
f 195//195 194//194 198//198 200//200
f 199//199 198//198 194//194 193//193
f 202//202 203//203 204//204 205//205
f 83//83 204//204 203//203 80//80
f 88//88 206//206 204//204 83//83
f 205//205 204//204 206//206 207//207
f 207//207 206//206 208//208 209//209
f 210//210 208//208 206//206 88//88
f 211//211 212//212 208//208 210//210
f 209//209 208//208 212//212 213//213
f 213//213 212//212 214//214 215//215
f 216//216 214//214 212//212 211//211
f 217//217 218//218 214//214 216//216
f 215//215 214//214 218//218 219//219
f 219//219 218//218 220//220 221//221
f 222//222 220//220 218//218 217//217
f 223//223 224//224 220//220 222//222
f 221//221 220//220 224//224 225//225
f 226//226 227//227 228//228
f 229//229 230//230 231//231
f 232//232 226//226 231//231 233//233
f 234//234 227//227 226//226
f 235//235 236//236 237//237 238//238
f 239//239 237//237 236//236 240//240
f 241//241 242//242 237//237 239//239
f 238//238 237//237 242//242 243//243
f 244//244 245//245 246//246 247//247
f 248//248 246//246 245//245 249//249
f 250//250 251//251 246//246 248//248
f 247//247 246//246 251//251 252//252
f 253//253 254//254 255//255 256//256
f 257//257 255//255 254//254 258//258
f 259//259 260//260 255//255 257//257
f 256//256 255//255 260//260 261//261
f 262//262 263//263 264//264 265//265
f 247//247 264//264 263//263 244//244
f 252//252 266//266 264//264 247//247
f 265//265 264//264 266//266 267//267
f 268//268 269//269 270//270 271//271
f 272//272 270//270 269//269 137//137
f 273//273 270//270 272//272 274//274
f 271//271 270//270 273//273 275//275
f 168//168 167//167 276//276 277//277
f 278//278 276//276 167//167 166//166
f 279//279 276//276 278//278 280//280
f 277//277 276//276 279//279 281//281
f 282//282 283//283 284//284 285//285
f 283//283 201//201 197//197
f 284//284 197//197 196//196
f 285//285 284//284 286//286 287//287
f 288//288 289//289 290//290 291//291
f 292//292 290//290 289//289 293//293
f 249//249 245//245 290//290 292//292
f 291//291 290//290 245//245 244//244
f 294//294 295//295 296//296 297//297
f 106//106 296//296 295//295 100//100
f 108//108 298//298 296//296 106//106
f 297//297 296//296 298//298 299//299
f 207//207 300//300 301//301 205//205
f 297//297 301//301 300//300 294//294
f 299//299 302//302 301//301 297//297
f 205//205 301//301 302//302 202//202
f 303//303 304//304 305//305 306//306
f 98//98 305//305 304//304 95//95
f 100//100 295//295 305//305 98//98
f 306//306 305//305 295//295 294//294
f 213//213 307//307 308//308 209//209
f 306//306 308//308 307//307 303//303
f 294//294 300//300 308//308 306//306
f 209//209 308//308 300//300 207//207
f 309//309 310//310 311//311
f 118//118 309//309 312//312 119//119
f 95//95 304//304 309//309 118//118
f 310//310 309//309 304//304 303//303
f 219//219 313//313 314//314 215//215
f 310//310 314//314 313//313 311//311
f 303//303 307//307 314//314 310//310
f 215//215 314//314 307//307 213//213
f 315//315 316//316 317//317 318//318
f 319//319 317//317 316//316 320//320
f 119//119 312//312 317//317 319//319
f 318//318 317//317 312//312 311//311
f 225//225 321//321 322//322 221//221
f 318//318 322//322 321//321 315//315
f 311//311 313//313 322//322 318//318
f 221//221 322//322 313//313 219//219
f 323//323 324//324 325//325 326//326
f 273//273 325//325 324//324 275//275
f 274//274 327//327 325//325 273//273
f 326//326 325//325 327//327 328//328
f 233//233 329//329 330//330 232//232
f 326//326 330//330 329//329 323//323
f 328//328 331//331 330//330 326//326
f 331//331 234//234 232//232
f 186//186 185//185 332//332 333//333
f 334//334 332//332 185//185 189//189
f 335//335 336//336 332//332 334//334
f 333//333 332//332 336//336 337//337
f 238//238 338//338 339//339 235//235
f 340//340 338//338 238//238 243//243
f 337//337 336//336 338//338 340//340
f 339//339 338//338 336//336 335//335
f 341//341 342//342 282//282
f 343//343 341//341 285//285 287//287
f 293//293 289//289 341//341 343//343
f 342//342 341//341 289//289 288//288
f 244//244 263//263 344//344 291//291
f 345//345 344//344 263//263 262//262
f 346//346 347//347 344//344 345//345
f 291//291 344//344 347//347 288//288
f 348//348 349//349 350//350 351//351
f 352//352 350//350 349//349 353//353
f 354//354 355//355 350//350 352//352
f 351//351 350//350 355//355 356//356
f 357//357 358//358 359//359 360//360
f 361//361 359//359 358//358 362//362
f 363//363 364//364 359//359 361//361
f 360//360 359//359 364//364 365//365
f 366//366 367//367 368//368 369//369
f 360//360 368//368 367//367 357//357
f 365//365 370//370 368//368 360//360
f 369//369 368//368 370//370 371//371
f 353//353 349//349 372//372 373//373
f 374//374 372//372 349//349 348//348
f 375//375 376//376 372//372 374//374
f 373//373 372//372 376//376 377//377
f 353//353 378//378 379//379 352//352
f 380//380 379//379 378//378 381//381
f 382//382 383//383 379//379 380//380
f 352//352 379//379 383//383 354//354
f 384//384 385//385 363//363
f 383//383 384//384 386//386 354//354
f 382//382 387//387 384//384 383//383
f 385//385 384//384 387//387 388//388
f 365//365 364//364 389//389 390//390
f 385//385 389//389 364//364 363//363
f 389//389 385//385 388//388
f 390//390 389//389 391//391 392//392
f 371//371 370//370 393//393 394//394
f 390//390 393//393 370//370 365//365
f 392//392 395//395 393//393 390//390
f 394//394 393//393 395//395 396//396
f 371//371 394//394 397//397 398//398
f 399//399 397//397 394//394 396//396
f 400//400 401//401 397//397 399//399
f 398//398 397//397 401//401 377//377
f 381//381 378//378 402//402 403//403
f 373//373 402//402 378//378 353//353
f 377//377 401//401 402//402 373//373
f 381//381 404//404 405//405 380//380
f 406//406 405//405 404//404 407//407
f 408//408 409//409 405//405 406//406
f 380//380 405//405 409//409 382//382
f 382//382 409//409 410//410 387//387
f 411//411 410//410 409//409 408//408
f 412//412 413//413 410//410 411//411
f 410//410 413//413 388//388 387//387
f 392//392 391//391 414//414 415//415
f 413//413 414//414 391//391 388//388
f 412//412 416//416 414//414 413//413
f 415//415 414//414 416//416 417//417
f 396//396 395//395 418//418 419//419
f 415//415 418//418 395//395 392//392
f 417//417 420//420 418//418 415//415
f 419//419 418//418 420//420 421//421
f 399//399 422//422 423//423 400//400
f 419//419 422//422 399//399 396//396
f 421//421 424//424 422//422 419//419
f 422//422 424//424 425//425 423//423
f 407//407 404//404 426//426 427//427
f 403//403 426//426 404//404 381//381
f 426//426 403//403 400//400
f 427//427 426//426 423//423 425//425
f 428//428 429//429 430//430 431//431
f 432//432 430//430 429//429 433//433
f 434//434 435//435 430//430 432//432
f 431//431 430//430 435//435 436//436
f 437//437 438//438 439//439
f 440//440 437//437 441//441 442//442
f 428//428 443//443 437//437 440//440
f 438//438 437//437 443//443 444//444
f 445//445 446//446 447//447 448//448
f 438//438 447//447 446//446 439//439
f 444//444 449//449 447//447 438//438
f 450//450 448//448 447//447
f 445//445 448//448 451//451 452//452
f 453//453 451//451 448//448 450//450
f 454//454 455//455 451//451 453//453
f 452//452 451//451 455//455 456//456
f 456//456 455//455 457//457 458//458
f 459//459 457//457 455//455 454//454
f 460//460 461//461 457//457 459//459
f 458//458 457//457 461//461 462//462
f 463//463 464//464 465//465
f 463//463 466//466 462//462 461//461
f 467//467 463//463 461//461 460//460
f 464//464 463//463 467//467 433//433
f 433//433 429//429 468//468 464//464
f 440//440 468//468 429//429 428//428
f 442//442 469//469 468//468
f 465//465 464//464 468//468 469//469
f 408//408 470//470 471//471 411//411
f 472//472 471//471 470//470 473//473
f 474//474 471//471 472//472 475//475
f 411//411 471//471 474//474 412//412
f 475//475 476//476 477//477 474//474
f 478//478 477//477 476//476 479//479
f 417//417 416//416 477//477 478//478
f 474//474 477//477 416//416 412//412
f 421//421 420//420 480//480 481//481
f 478//478 480//480 420//420 417//417
f 479//479 482//482 480//480 478//478
f 481//481 480//480 482//482 483//483
f 425//425 424//424 484//484 485//485
f 481//481 484//484 424//424 421//421
f 483//483 486//486 484//484 481//481
f 485//485 484//484 486//486 487//487
f 425//425 485//485 488//488 427//427
f 488//488 485//485 487//487 489//489
f 490//490 491//491 488//488 489//489
f 427//427 488//488 491//491 407//407
f 473//473 470//470 492//492 493//493
f 406//406 492//492 470//470 408//408
f 407//407 491//491 492//492 406//406
f 493//493 492//492 491//491 490//490
f 475//475 472//472 494//494 495//495
f 496//496 494//494 472//472 473//473
f 494//494 496//496 497//497
f 495//495 494//494 498//498 499//499
f 439//439 446//446 500//500 501//501
f 502//502 500//500 446//446 445//445
f 503//503 504//504 500//500 502//502
f 501//501 500//500 504//504 505//505
f 506//506 507//507 508//508 509//509
f 507//507 499//499 510//510
f 508//508 510//510 503//503
f 511//511 512//512 509//509
f 479//479 476//476 513//513 514//514
f 495//495 513//513 476//476 475//475
f 499//499 507//507 513//513 495//495
f 514//514 513//513 507//507 506//506
f 502//502 515//515 511//511 503//503
f 445//445 452//452 515//515 502//502
f 516//516 515//515 452//452 456//456
f 511//511 515//515 516//516 512//512
f 483//483 482//482 517//517 518//518
f 514//514 517//517 482//482 479//479
f 506//506 519//519 517//517 514//514
f 518//518 517//517 519//519 520//520
f 487//487 486//486 521//521 522//522
f 518//518 521//521 486//486 483//483
f 520//520 523//523 521//521 518//518
f 522//522 521//521 523//523 524//524
f 525//525 505//505 504//504
f 503//503 510//510 526//526 504//504
f 526//526 510//510 499//499
f 498//498 497//497 525//525
f 527//527 528//528 529//529 530//530
f 516//516 529//529 528//528 512//512
f 456//456 458//458 529//529 516//516
f 530//530 529//529 458//458 462//462
f 531//531 532//532 533//533
f 534//534 531//531 535//535 536//536
f 527//527 537//537 531//531 534//534
f 537//537 538//538 532//532
f 539//539 540//540 538//538
f 530//530 539//539 537//537 527//527
f 539//539 530//530 462//462 466//466
f 466//466 465//465 540//540
f 540//540 541//541 542//542 538//538
f 540//540 465//465 469//469
f 442//442 543//543 541//541 469//469
f 543//543 544//544 542//542
f 442//442 441//441 545//545 543//543
f 441//441 439//439 501//501
f 505//505 546//546 545//545 501//501
f 543//543 545//545 546//546 544//544
f 547//547 548//548 544//544
f 549//549 547//547 546//546 505//505
f 550//550 551//551 547//547 549//549
f 548//548 547//547 551//551 552//552
f 552//552 551//551 553//553 554//554
f 555//555 553//553 551//551 550//550
f 556//556 557//557 553//553 555//555
f 554//554 553//553 557//557 558//558
f 559//559 560//560 561//561
f 559//559 562//562 563//563
f 564//564 560//560 559//559 565//565
f 564//564 566//566 567//567 560//560
f 554//554 567//567 566//566 552//552
f 558//558 568//568 567//567 554//554
f 560//560 567//567 568//568 561//561
f 569//569 570//570 571//571 572//572
f 570//570 573//573 574//574
f 571//571 574//574 575//575
f 572//572 571//571 576//576 577//577
f 578//578 579//579 580//580 581//581
f 578//578 563//563 582//582
f 572//572 579//579 582//582 569//569
f 577//577 580//580 579//579 572//572
f 581//581 580//580 583//583 584//584
f 585//585 583//583 580//580 577//577
f 586//586 587//587 583//583 585//585
f 584//584 583//583 587//587 588//588
f 589//589 590//590 591//591 592//592
f 593//593 591//591 590//590 594//594
f 591//591 593//593 533//533 532//532
f 532//532 538//538 592//592
f 595//595 596//596 597//597
f 592//592 595//595 598//598 589//589
f 538//538 542//542 595//595 592//592
f 596//596 595//595 542//542 544//544
f 599//599 600//600 598//598 597//597
f 600//600 599//599 601//601 602//602
f 589//589 598//598 600//600 602//602
f 603//603 604//604 597//597
f 548//548 603//603 596//596 544//544
f 552//552 566//566 603//603 548//548
f 604//604 603//603 566//566 564//564
f 605//605 604//604 564//564
f 565//565 563//563 606//606
f 606//606 607//607 608//608
f 604//604 605//605 608//608 597//597
f 609//609 610//610 608//608 607//607
f 611//611 610//610 609//609 612//612
f 601//601 599//599 610//610 611//611
f 608//608 610//610 599//599 597//597
f 607//607 606//606 613//613 614//614
f 578//578 613//613 606//606 563//563
f 581//581 615//615 613//613 578//578
f 614//614 613//613 615//615 616//616
f 617//617 618//618 619//619 620//620
f 614//614 619//619 618//618 607//607
f 616//616 621//621 619//619 614//614
f 620//620 619//619 621//621 622//622
f 623//623 624//624 625//625 626//626
f 624//624 588//588 627//627
f 628//628 625//625 627//627 629//629
f 630//630 626//626 625//625 628//628
f 631//631 632//632 616//616
f 584//584 631//631 615//615 581//581
f 631//631 584//584 588//588
f 623//623 632//632 631//631 624//624
f 630//630 628//628 633//633 634//634
f 629//629 635//635 633//633 628//628
f 636//636 633//633 635//635 612//612
f 637//637 634//634 633//633 636//636
f 638//638 639//639 640//640 641//641
f 622//622 621//621 640//640 639//639
f 621//621 616//616 632//632
f 641//641 640//640 632//632 623//623
f 612//612 609//609 642//642 636//636
f 618//618 642//642 609//609 607//607
f 617//617 643//643 642//642 618//618
f 636//636 642//642 643//643 637//637
f 644//644 645//645 637//637
f 643//643 617//617 620//620
f 622//622 639//639 644//644 620//620
f 645//645 644//644 639//639 638//638
f 646//646 645//645 638//638
f 641//641 623//623 626//626
f 646//646 626//626 630//630
f 634//634 637//637 645//645
f 647//647 648//648 649//649 650//650
f 77//77 649//649 648//648 74//74
f 59//59 71//71 649//649 77//77
f 650//650 649//649 71//71 70//70
f 70//70 149//149 651//651 650//650
f 652//652 651//651 149//149 153//153
f 653//653 654//654 651//651 652//652
f 650//650 651//651 654//654 647//647
f 647//647 654//654 655//655 656//656
f 657//657 655//655 654//654 653//653
f 658//658 659//659 655//655 657//657
f 656//656 655//655 659//659 660//660
f 652//652 661//661 662//662 653//653
f 191//191 661//661 652//652 153//153
f 195//195 663//663 661//661 191//191
f 664//664 662//662 661//661 663//663
f 658//658 657//657 665//665 666//666
f 653//653 662//662 665//665 657//657
f 664//664 667//667 665//665 662//662
f 666//666 665//665 667//667 668//668
f 663//663 669//669 670//670 664//664
f 200//200 669//669 663//663 195//195
f 200//200 201//201 671//671
f 669//669 671//671 672//672
f 673//673 667//667 664//664 670//670
f 674//674 673//673 670//670 672//672
f 675//675 673//673 674//674 676//676
f 668//668 667//667 673//673 675//675
f 677//677 678//678 679//679 680//680
f 679//679 678//678 282//282
f 288//288 347//347 679//679 342//342
f 680//680 679//679 347//347 346//346
f 681//681 678//678 677//677
f 682//682 672//672 671//671
f 681//681 671//671 201//201
f 283//283 282//282 678//678
f 672//672 682//682 683//683 674//674
f 677//677 684//684 683//683 682//682
f 685//685 683//683 684//684 686//686
f 676//676 674//674 683//683 685//685
f 74//74 648//648 687//687 688//688
f 656//656 687//687 648//648 647//647
f 660//660 689//689 687//687 656//656
f 688//688 687//687 689//689 690//690
f 691//691 688//688 690//690 692//692
f 693//693 691//691 692//692 694//694
f 79//79 75//75 691//691 693//693
f 688//688 691//691 75//75 74//74
f 695//695 696//696 697//697 698//698
f 699//699 696//696 695//695 700//700
f 694//694 692//692 696//696 699//699
f 697//697 696//696 692//692 690//690
f 701//701 702//702 689//689 660//660
f 703//703 704//704 702//702 701//701
f 689//689 702//702 704//704 690//690
f 698//698 697//697 705//705 706//706
f 705//705 697//697 690//690
f 707//707 705//705 704//704 703//703
f 706//706 705//705 707//707 708//708
f 709//709 710//710 711//711 712//712
f 701//701 710//710 709//709 703//703
f 660//660 659//659 710//710 701//701
f 711//711 710//710 659//659 658//658
f 713//713 714//714 715//715 716//716
f 706//706 715//715 714//714 698//698
f 708//708 717//717 715//715 706//706
f 716//716 715//715 717//717 718//718
f 718//718 719//719 720//720 716//716
f 11//11 720//720 719//719 12//12
f 7//7 721//721 720//720 11//11
f 716//716 720//720 721//721 713//713
f 722//722 723//723 724//724 725//725
f 708//708 707//707 722//722 725//725
f 703//703 709//709 722//722 707//707
f 722//722 709//709 712//712 723//723
f 725//725 726//726 717//717 708//708
f 724//724 727//727 726//726 725//725
f 718//718 717//717 726//726 727//727
f 12//12 719//719 728//728 103//103
f 729//729 728//728 719//719 718//718
f 730//730 731//731 728//728 729//729
f 104//104 103//103 728//728 731//731
f 712//712 711//711 732//732 733//733
f 666//666 732//732 711//711 658//658
f 668//668 734//734 732//732 666//666
f 733//733 732//732 734//734 735//735
f 736//736 737//737 730//730 729//729
f 727//727 736//736 729//729 718//718
f 724//724 738//738 736//736 727//727
f 737//737 736//736 738//738 739//739
f 739//739 738//738 740//740 741//741
f 723//723 740//740 738//738 724//724
f 733//733 740//740 723//723 712//712
f 741//741 740//740 733//733 735//735
f 735//735 734//734 742//742 743//743
f 675//675 742//742 734//734 668//668
f 676//676 744//744 742//742 675//675
f 743//743 742//742 744//744 745//745
f 735//735 743//743 746//746 741//741
f 747//747 746//746 743//743 745//745
f 748//748 749//749 746//746 747//747
f 741//741 746//746 749//749 739//739
f 730//730 737//737 750//750 751//751
f 749//749 750//750 737//737 739//739
f 752//752 750//750 749//749 748//748
f 750//750 752//752 753//753 751//751
f 108//108 107//107 754//754 755//755
f 731//731 754//754 107//107 104//104
f 730//730 751//751 754//754 731//731
f 755//755 754//754 751//751 753//753
f 756//756 757//757 758//758 759//759
f 747//747 758//758 757//757 748//748
f 745//745 760//760 758//758 747//747
f 759//759 758//758 760//760 761//761
f 745//745 744//744 762//762 760//760
f 685//685 762//762 744//744 676//676
f 686//686 763//763 762//762 685//685
f 760//760 762//762 763//763 761//761
f 748//748 757//757 764//764 752//752
f 765//765 764//764 757//757 756//756
f 752//752 764//764 765//765 753//753
f 686//686 684//684 766//766 767//767
f 680//680 766//766 684//684 677//677
f 346//346 768//768 766//766 680//680
f 767//767 766//766 768//768 769//769
f 299//299 298//298 770//770 771//771
f 755//755 770//770 298//298 108//108
f 753//753 772//772 770//770 755//755
f 771//771 770//770 772//772 773//773
f 767//767 774//774 763//763 686//686
f 774//774 767//767 769//769
f 761//761 763//763 774//774 775//775
f 773//773 772//772 776//776 777//777
f 765//765 776//776 772//772 753//753
f 756//756 778//778 776//776 765//765
f 777//777 776//776 778//778 779//779
f 779//779 778//778 780//780 781//781
f 759//759 780//780 778//778 756//756
f 761//761 775//775 780//780 759//759
f 781//781 780//780 775//775 769//769
f 769//769 768//768 782//782 783//783
f 345//345 782//782 768//768 346//346
f 262//262 784//784 782//782 345//345
f 783//783 782//782 784//784 785//785
f 202//202 302//302 786//786 787//787
f 771//771 786//786 302//302 299//299
f 773//773 788//788 786//786 771//771
f 787//787 786//786 788//788 789//789
f 789//789 788//788 790//790 791//791
f 777//777 790//790 788//788 773//773
f 779//779 792//792 790//790 777//777
f 791//791 790//790 792//792 793//793
f 793//793 792//792 794//794 795//795
f 781//781 794//794 792//792 779//779
f 769//769 783//783 794//794 781//781
f 795//795 794//794 783//783 785//785
f 796//796 797//797 785//785 784//784
f 265//265 796//796 784//784 262//262
f 267//267 798//798 796//796 265//265
f 799//799 797//797 796//796 798//798
f 80//80 203//203 800//800 801//801
f 787//787 800//800 203//203 202//202
f 789//789 802//802 800//800 787//787
f 801//801 800//800 802//802 803//803
f 803//803 802//802 804//804 805//805
f 791//791 804//804 802//802 789//789
f 793//793 806//806 804//804 791//791
f 805//805 804//804 806//806 807//807
f 807//807 806//806 808//808 809//809
f 795//795 808//808 806//806 793//793
f 785//785 797//797 808//808 795//795
f 809//809 808//808 797//797 799//799
f 81//81 810//810 811//811 85//85
f 801//801 810//810 81//81 80//80
f 803//803 812//812 810//810 801//801
f 811//811 810//810 812//812 813//813
f 496//496 814//814 815//815 497//497
f 496//496 473//473 493//493
f 814//814 493//493 490//490
f 815//815 814//814 816//816 817//817
f 818//818 819//819 820//820 821//821
f 555//555 820//820 819//819 556//556
f 550//550 822//822 820//820 555//555
f 821//821 820//820 822//822 817//817
f 823//823 816//816 490//490
f 522//522 823//823 489//489 487//487
f 524//524 824//824 823//823 522//522
f 816//816 823//823 824//824 817//817
f 549//549 825//825 822//822 550//550
f 525//525 825//825 549//549 505//505
f 497//497 815//815 825//825 525//525
f 822//822 825//825 815//815 817//817
f 826//826 827//827 828//828
f 829//829 817//817 830//830
f 826//826 830//830 831//831
f 832//832 833//833 827//827
f 833//833 832//832 834//834 835//835
f 836//836 834//834 832//832 831//831
f 837//837 838//838 834//834 836//836
f 838//838 839//839 835//835
f 840//840 841//841 842//842 843//843
f 844//844 842//842 841//841 845//845
f 846//846 847//847 842//842 844//844
f 848//848 843//843 842//842 847//847
f 849//849 850//850 851//851 852//852
f 853//853 851//851 850//850 854//854
f 855//855 856//856 851//851 853//853
f 852//852 851//851 856//856 857//857
f 857//857 856//856 858//858 859//859
f 860//860 858//858 856//856 855//855
f 861//861 862//862 858//858 860//860
f 859//859 858//858 862//862 863//863
f 864//864 865//865 866//866 867//867
f 852//852 866//866 865//865 849//849
f 857//857 868//868 866//866 852//852
f 867//867 866//866 868//868 869//869
f 870//870 871//871 872//872
f 867//867 870//870 873//873 864//864
f 870//870 867//867 869//869
f 871//871 870//870 874//874 875//875
f 869//869 868//868 876//876 877//877
f 859//859 876//876 868//868 857//857
f 863//863 878//878 876//876 859//859
f 877//877 876//876 878//878 879//879
f 879//879 878//878 880//880 881//881
f 882//882 880//880 878//878 863//863
f 85//85 811//811 880//880 882//882
f 881//881 880//880 811//811 813//813
f 883//883 884//884 885//885 886//886
f 887//887 885//885 884//884 888//888
f 872//872 889//889 885//885 887//887
f 886//886 885//885 889//889 890//890
f 813//813 812//812 891//891 892//892
f 805//805 891//891 812//812 803//803
f 807//807 893//893 891//891 805//805
f 892//892 891//891 893//893 894//894
f 895//895 896//896 897//897 898//898
f 895//895 799//799 798//798
f 899//899 896//896 798//798 267//267
f 897//897 896//896 899//899 900//900
f 894//894 893//893 901//901 902//902
f 809//809 901//901 893//893 807//807
f 799//799 895//895 901//901 809//809
f 902//902 901//901 895//895 898//898
f 903//903 897//897 900//900
f 574//574 903//903 904//904 575//575
f 905//905 903//903 574//574 573//573
f 903//903 905//905 898//898
f 906//906 907//907 879//879
f 892//892 906//906 881//881 813//813
f 894//894 908//908 906//906 892//892
f 908//908 909//909 907//907
f 910//910 911//911 875//875
f 874//874 869//869 877//877
f 879//879 907//907 910//910 877//877
f 907//907 909//909 911//911
f 890//890 889//889 912//912 913//913
f 871//871 912//912 889//889 872//872
f 875//875 911//911 912//912 871//871
f 911//911 909//909 913//913
f 914//914 915//915 916//916
f 916//916 917//917 918//918
f 913//913 919//919 918//918 890//890
f 919//919 913//913 909//909
f 915//915 914//914 920//920 921//921
f 922//922 920//920 914//914 909//909
f 920//920 922//922 923//923
f 921//921 920//920 924//924 925//925
f 923//923 926//926 927//927 924//924
f 905//905 927//927 926//926 898//898
f 573//573 928//928 927//927 905//905
f 924//924 927//927 928//928 925//925
f 902//902 929//929 908//908 894//894
f 898//898 926//926 929//929 902//902
f 923//923 922//922 929//929 926//926
f 922//922 909//909 908//908
f 436//436 930//930 931//931 431//431
f 932//932 933//933 931//931 930//930
f 444//444 443//443 931//931 933//933
f 431//431 931//931 443//443 428//428
f 934//934 935//935 936//936 937//937
f 434//434 432//432 936//936 935//935
f 433//433 467//467 936//936 432//432
f 460//460 937//937 936//936 467//467
f 938//938 939//939 940//940 941//941
f 453//453 940//940 939//939 454//454
f 450//450 942//942 940//940 453//453
f 941//941 940//940 942//942 943//943
f 449//449 944//944 942//942 450//450
f 933//933 944//944 449//449 444//444
f 932//932 945//945 944//944 933//933
f 942//942 944//944 945//945 943//943
f 934//934 937//937 946//946 947//947
f 459//459 946//946 937//937 460//460
f 454//454 939//939 946//946 459//459
f 947//947 946//946 939//939 938//938
f 948//948 949//949 950//950 951//951
f 947//947 950//950 949//949 934//934
f 938//938 941//941 950//950 947//947
f 950//950 941//941 943//943
f 932//932 930//930 952//952 945//945
f 952//952 930//930 436//436
f 952//952 953//953 948//948
f 945//945 952//952 951//951 943//943
f 948//948 953//953 954//954 949//949
f 436//436 435//435 954//954
f 434//434 935//935 954//954 435//435
f 949//949 954//954 935//935 934//934
f 374//374 955//955 956//956 375//375
f 351//351 955//955 374//374 348//348
f 356//356 957//957 955//955 351//351
f 956//956 955//955 957//957 362//362
f 362//362 957//957 958//958 361//361
f 356//356 355//355 958//958 957//957
f 354//354 386//386 958//958 355//355
f 361//361 958//958 386//386 363//363
f 357//357 367//367 959//959 358//358
f 960//960 959//959 367//367 366//366
f 959//959 960//960 375//375
f 362//362 358//358 959//959 956//956
f 366//366 369//369 961//961 960//960
f 398//398 961//961 369//369 371//371
f 377//377 376//376 961//961 398//398
f 960//960 961//961 376//376 375//375
f 890//890 918//918 962//962 886//886
f 963//963 962//962 918//918 917//917
f 964//964 965//965 962//962 963//963
f 886//886 962//962 965//965 883//883
f 556//556 819//819 966//966 967//967
f 968//968 966//966 819//819 818//818
f 969//969 970//970 966//966 968//968
f 967//967 966//966 970//970 971//971
f 972//972 973//973 974//974 975//975
f 963//963 974//974 973//973 964//964
f 917//917 916//916 974//974 963//963
f 916//916 915//915 975//975
f 971//971 970//970 976//976 977//977
f 978//978 976//976 970//970 969//969
f 964//964 973//973 976//976 978//978
f 977//977 976//976 973//973 972//972
f 569//569 582//582 979//979 980//980
f 562//562 979//979 582//582 563//563
f 561//561 981//981 979//979 562//562
f 980//980 979//979 981//981 982//982
f 983//983 982//982 984//984
f 975//975 985//985 984//984 972//972
f 985//985 975//975 915//915
f 983//983 985//985 921//921 925//925
f 986//986 987//987 988//988 989//989
f 977//977 988//988 987//987 971//971
f 972//972 984//984 988//988 977//977
f 982//982 989//989 988//988 984//984
f 925//925 928//928 990//990 983//983
f 570//570 990//990 928//928 573//573
f 570//570 569//569 980//980
f 983//983 990//990 980//980 982//982
f 991//991 981//981 561//561
f 992//992 991//991 568//568 558//558
f 986//986 989//989 991//991 992//992
f 989//989 982//982 981//981
f 558//558 557//557 993//993 992//992
f 967//967 993//993 557//557 556//556
f 971//971 987//987 993//993 967//967
f 992//992 993//993 987//987 986//986
f 848//848 994//994 995//995 996//996
f 997//997 995//995 994//994 998//998
f 999//999 1000//1000 995//995 997//997
f 996//996 995//995 1000//1000 1001//1001
f 818//818 821//821 1002//1002 1003//1003
f 829//829 1002//1002 821//821 817//817
f 828//828 1004//1004 1002//1002 829//829
f 1003//1003 1002//1002 1004//1004 1005//1005
f 969//969 968//968 1006//1006 1007//1007
f 1003//1003 1006//1006 968//968 818//818
f 1005//1005 1008//1008 1006//1006 1003//1003
f 1008//1008 1009//1009 1007//1007
f 1010//1010 1007//1007 1009//1009
f 1011//1011 883//883 965//965
f 1010//1010 965//965 964//964
f 978//978 969//969 1007//1007
f 1009//1009 1008//1008 1012//1012 1013//1013
f 1008//1008 1005//1005 1014//1014
f 1015//1015 1016//1016 1012//1012 1014//1014
f 1013//1013 1012//1012 1016//1016 1017//1017
f 1018//1018 1019//1019 1013//1013 1017//1017
f 888//888 884//884 1019//1019 1018//1018
f 1011//1011 1019//1019 884//884 883//883
f 1013//1013 1019//1019 1011//1011 1009//1009
f 1020//1020 1021//1021 1022//1022 1023//1023
f 1024//1024 1022//1022 1021//1021 1001//1001
f 1025//1025 1022//1022 1024//1024 1026//1026
f 1023//1023 1022//1022 1025//1025 1027//1027
f 1028//1028 1029//1029 1030//1030 1031//1031
f 1018//1018 1030//1030 1029//1029 888//888
f 1017//1017 1032//1032 1030//1030 1018//1018
f 1031//1031 1030//1030 1032//1032 1033//1033
f 843//843 1034//1034 1035//1035 840//840
f 996//996 1034//1034 843//843 848//848
f 1001//1001 1021//1021 1034//1034 996//996
f 1034//1034 1021//1021 1020//1020 1035//1035
f 1015//1015 1036//1036 1037//1037 1016//1016
f 1038//1038 1039//1039 1037//1037 1036//1036
f 1033//1033 1032//1032 1037//1037 1039//1039
f 1016//1016 1037//1037 1032//1032 1017//1017
f 1028//1028 1040//1040 1041//1041 1042//1042
f 1043//1043 1041//1041 1040//1040 1027//1027
f 849//849 865//865 1041//1041 1043//1043
f 1042//1042 1041//1041 865//865 864//864
f 1044//1044 1045//1045 1020//1020 1023//1023
f 1027//1027 1040//1040 1044//1044 1023//1023
f 1031//1031 1044//1044 1040//1040 1028//1028
f 1033//1033 1045//1045 1044//1044 1031//1031
f 864//864 873//873 1046//1046 1042//1042
f 887//887 1046//1046 873//873 872//872
f 888//888 1029//1029 1046//1046 887//887
f 1042//1042 1046//1046 1029//1029 1028//1028
f 1047//1047 1045//1045 1033//1033 1039//1039
f 1048//1048 1047//1047 1039//1039 1038//1038
f 840//840 1035//1035 1047//1047 1048//1048
f 1045//1045 1047//1047 1035//1035 1020//1020
f 1049//1049 1050//1050 1051//1051 1052//1052
f 899//899 1051//1051 1050//1050 900//900
f 267//267 266//266 1051//1051 899//899
f 1052//1052 1051//1051 266//266 252//252
f 252//252 251//251 1053//1053 1052//1052
f 1054//1054 1053//1053 251//251 250//250
f 1055//1055 1056//1056 1053//1053 1054//1054
f 1052//1052 1053//1053 1056//1056 1049//1049
f 1049//1049 1056//1056 1057//1057 1058//1058
f 1059//1059 1057//1057 1056//1056 1055//1055
f 1060//1060 1061//1061 1057//1057 1059//1059
f 1058//1058 1057//1057 1061//1061 1062//1062
f 239//239 1063//1063 1064//1064 241//241
f 240//240 1065//1065 1063//1063 239//239
f 1066//1066 1063//1063 1065//1065 1067//1067
f 1068//1068 1064//1064 1063//1063 1066//1066
f 1069//1069 1070//1070 230//230
f 229//229 228//228 1071//1071
f 1072//1072 1073//1073 1069//1069 1071//1071
f 1073//1073 1074//1074 1070//1070
f 1075//1075 1076//1076 1077//1077 1078//1078
f 1079//1079 1077//1077 1076//1076 1080//1080
f 258//258 254//254 1077//1077 1079//1079
f 1078//1078 1077//1077 254//254 253//253
f 1081//1081 1082//1082 1083//1083 1084//1084
f 222//222 1083//1083 1082//1082 223//223
f 217//217 1085//1085 1083//1083 222//222
f 1084//1084 1083//1083 1085//1085 1086//1086
f 1087//1087 1088//1088 1089//1089 1090//1090
f 210//210 1089//1089 1088//1088 211//211
f 88//88 87//87 1089//1089 210//210
f 1090//1090 1089//1089 87//87 86//86
f 1086//1086 1085//1085 1091//1091 1092//1092
f 216//216 1091//1091 1085//1085 217//217
f 211//211 1088//1088 1091//1091 216//216
f 1092//1092 1091//1091 1088//1088 1087//1087
f 1093//1093 1094//1094 1095//1095 1096//1096
f 1092//1092 1095//1095 1094//1094 1086//1086
f 1087//1087 1097//1097 1095//1095 1092//1092
f 1096//1096 1095//1095 1097//1097 1098//1098
f 84//84 1099//1099 1100//1100 86//86
f 882//882 1099//1099 84//84 85//85
f 1101//1101 1099//1099 882//882 863//863
f 1101//1101 1102//1102 1100//1100
f 1098//1098 1097//1097 1103//1103 1104//1104
f 1090//1090 1103//1103 1097//1097 1087//1087
f 86//86 1100//1100 1103//1103 1090//1090
f 1104//1104 1103//1103 1100//1100 1102//1102
f 1105//1105 1106//1106 1107//1107 1108//1108
f 1106//1106 1109//1109 1110//1110
f 1107//1107 1110//1110 1111//1111
f 1112//1112 1113//1113 1108//1108
f 1114//1114 1115//1115 1116//1116 1117//1117
f 1118//1118 1116//1116 1115//1115 1119//1119
f 1109//1109 1106//1106 1116//1116 1118//1118
f 1117//1117 1116//1116 1106//1106 1105//1105
f 1120//1120 1121//1121 1122//1122 1123//1123
f 1124//1124 1125//1125 1121//1121 1120//1120
f 1126//1126 1121//1121 1125//1125 1127//1127
f 1128//1128 1122//1122 1121//1121 1126//1126
f 1129//1129 1130//1130 1131//1131 1132//1132
f 1133//1133 1131//1131 1130//1130 1134//1134
f 1135//1135 1136//1136 1131//1131 1133//1133
f 1132//1132 1131//1131 1136//1136 1137//1137
f 1062//1062 1061//1061 1138//1138 1139//1139
f 1140//1140 1138//1138 1061//1061 1060//1060
f 1138//1138 1140//1140 1141//1141
f 1139//1139 1138//1138 1142//1142 1143//1143
f 1144//1144 1145//1145 1146//1146
f 1147//1147 1148//1148 1146//1146 1149//1149
f 1148//1148 1147//1147 1150//1150
f 1144//1144 1148//1148 1151//1151 1152//1152
f 1153//1153 1154//1154 1143//1143
f 1153//1153 1142//1142 1141//1141 1155//1155
f 1153//1153 1155//1155 1156//1156
f 1157//1157 1154//1154 1153//1153 1158//1158
f 1159//1159 1160//1160 1157//1157
f 1158//1158 1156//1156 1161//1161
f 1145//1145 1144//1144 1159//1159 1161//1161
f 1159//1159 1144//1144 1152//1152
f 900//900 1050//1050 1162//1162 1163//1163
f 1058//1058 1162//1162 1050//1050 1049//1049
f 1062//1062 1164//1164 1162//1162 1058//1058
f 1163//1163 1162//1162 1164//1164 1165//1165
f 1166//1166 1165//1165 1164//1164
f 1062//1062 1139//1139 1167//1167 1164//1164
f 1143//1143 1166//1166 1167//1167 1139//1139
f 1168//1168 1169//1169 1170//1170 1171//1171
f 1170//1170 1169//1169 1165//1165
f 1166//1166 1143//1143 1154//1154
f 1154//1154 1157//1157 1171//1171
f 1172//1172 1171//1171 1157//1157
f 1160//1160 1152//1152 1173//1173
f 1174//1174 1175//1175 1172//1172 1173//1173
f 1175//1175 1168//1168 1171//1171
f 577//577 576//576 1176//1176 585//585
f 1177//1177 1176//1176 576//576 575//575
f 1178//1178 1179//1179 1176//1176 1177//1177
f 585//585 1176//1176 1179//1179 586//586
f 575//575 904//904 1180//1180 1177//1177
f 1163//1163 1180//1180 904//904 900//900
f 1165//1165 1181//1181 1180//1180 1163//1163
f 1177//1177 1180//1180 1181//1181 1178//1178
f 594//594 590//590 1182//1182 1183//1183
f 590//590 589//589 602//602
f 601//601 1184//1184 1182//1182 602//602
f 1183//1183 1182//1182 1184//1184 1185//1185
f 1169//1169 1186//1186 1181//1181 1165//1165
f 1187//1187 1186//1186 1169//1169 1168//1168
f 1188//1188 1186//1186 1187//1187 1189//1189
f 1178//1178 1181//1181 1186//1186 1188//1188
f 1190//1190 1191//1191 1192//1192 1185//1185
f 1193//1193 1191//1191 1190//1190 1189//1189
f 1194//1194 1192//1192 1191//1191 1193//1193
f 586//586 1179//1179 1195//1195 1196//1196
f 1188//1188 1195//1195 1179//1179 1178//1178
f 1189//1189 1190//1190 1195//1195 1188//1188
f 1196//1196 1195//1195 1190//1190 1185//1185
f 629//629 627//627 1197//1197 1198//1198
f 587//587 1197//1197 627//627 588//588
f 1196//1196 1197//1197 587//587 586//586
f 1196//1196 1185//1185 1198//1198
f 611//611 1199//1199 1184//1184 601//601
f 612//612 635//635 1199//1199 611//611
f 635//635 629//629 1198//1198
f 1198//1198 1185//1185 1184//1184
f 1200//1200 1187//1187 1168//1168
f 1201//1201 1200//1200 1175//1175 1174//1174
f 1194//1194 1193//1193 1200//1200 1201//1201
f 1189//1189 1187//1187 1200//1200 1193//1193
f 1202//1202 1203//1203 1204//1204 1205//1205
f 1206//1206 1204//1204 1203//1203 1207//1207
f 1208//1208 1209//1209 1204//1204 1206//1206
f 1205//1205 1204//1204 1209//1209 1210//1210
f 1208//1208 1206//1206 1211//1211 1212//1212
f 1206//1206 1207//1207 1213//1213
f 1214//1214 1215//1215 1211//1211 1213//1213
f 1212//1212 1211//1211 1215//1215 1216//1216
f 1212//1212 1217//1217 1209//1209 1208//1208
f 1218//1218 1217//1217 1212//1212 1216//1216
f 1219//1219 1220//1220 1217//1217 1218//1218
f 1209//1209 1217//1217 1220//1220 1210//1210
f 1221//1221 1222//1222 1223//1223 1224//1224
f 1210//1210 1220//1220 1222//1222 1221//1221
f 1225//1225 1222//1222 1220//1220 1219//1219
f 1226//1226 1223//1223 1222//1222 1225//1225
f 1216//1216 1227//1227 1228//1228 1218//1218
f 1229//1229 1228//1228 1227//1227 1230//1230
f 1231//1231 1232//1232 1228//1228 1229//1229
f 1218//1218 1228//1228 1232//1232 1219//1219
f 1226//1226 1225//1225 1233//1233 1234//1234
f 1219//1219 1232//1232 1233//1233 1225//1225
f 1233//1233 1232//1232 1231//1231 1235//1235
f 1234//1234 1233//1233 1235//1235 1236//1236
f 1235//1235 1237//1237 1238//1238 1236//1236
f 1231//1231 1239//1239 1237//1237 1235//1235
f 1240//1240 1237//1237 1239//1239 1241//1241
f 1242//1242 1238//1238 1237//1237 1240//1240
f 1243//1243 1244//1244 1245//1245 1246//1246
f 1118//1118 1245//1245 1244//1244 1109//1109
f 1247//1247 1245//1245 1118//1118 1119//1119
f 1248//1248 1246//1246 1245//1245 1247//1247
f 1249//1249 1250//1250 1251//1251 1252//1252
f 1096//1096 1251//1251 1250//1250 1093//1093
f 1098//1098 1253//1253 1251//1251 1096//1096
f 1252//1252 1251//1251 1253//1253 1254//1254
f 1255//1255 1256//1256 1254//1254
f 1104//1104 1255//1255 1253//1253 1098//1098
f 1256//1256 1255//1255 1104//1104 1102//1102
f 1111//1111 1110//1110 1257//1257 1258//1258
f 1109//1109 1244//1244 1257//1257 1110//1110
f 1243//1243 1259//1259 1257//1257
f 1259//1259 1260//1260 1258//1258
f 1261//1261 1262//1262 1263//1263
f 1264//1264 1111//1111 1258//1258
f 1261//1261 1258//1258 1260//1260
f 1262//1262 1261//1261 1265//1265 1266//1266
f 1260//1260 1259//1259 1267//1267 1268//1268
f 1269//1269 1267//1267 1259//1259 1243//1243
f 1270//1270 1271//1271 1267//1267 1269//1269
f 1268//1268 1267//1267 1271//1271 1272//1272
f 1272//1272 1273//1273 1274//1274
f 1273//1273 1254//1254 1256//1256
f 1256//1256 1102//1102 1275//1275
f 1275//1275 1266//1266 1276//1276
f 1102//1102 1101//1101 1277//1277 1275//1275
f 1101//1101 863//863 862//862
f 861//861 1278//1278 1277//1277 862//862
f 1278//1278 1266//1266 1275//1275
f 1272//1272 1276//1276 1279//1279 1268//1268
f 1265//1265 1279//1279 1276//1276 1266//1266
f 1260//1260 1268//1268 1279//1279 1265//1265
f 855//855 1280//1280 1281//1281 860//860
f 1262//1262 1281//1281 1280//1280 1263//1263
f 1266//1266 1278//1278 1281//1281 1262//1262
f 860//860 1281//1281 1278//1278 861//861
f 1282//1282 1271//1271 1270//1270
f 1283//1283 1249//1249 1252//1252
f 1254//1254 1273//1273 1282//1282 1252//1252
f 1282//1282 1273//1273 1272//1272 1271//1271
f 854//854 850//850 1284//1284 1285//1285
f 1043//1043 1284//1284 850//850 849//849
f 1027//1027 1025//1025 1284//1284 1043//1043
f 1285//1285 1284//1284 1025//1025 1026//1026
f 1001//1001 1000//1000 1286//1286 1024//1024
f 1287//1287 1286//1286 1000//1000 999//999
f 1288//1288 1286//1286 1287//1287 1289//1289
f 1026//1026 1024//1024 1286//1286 1288//1288
f 1290//1290 1291//1291 1263//1263
f 853//853 1290//1290 1280//1280 855//855
f 854//854 1292//1292 1290//1290 853//853
f 1291//1291 1290//1290 1292//1292 1293//1293
f 1111//1111 1264//1264 1294//1294 1112//1112
f 1264//1264 1263//1263 1291//1291
f 1293//1293 1295//1295 1294//1294 1291//1291
f 1112//1112 1294//1294 1295//1295 1113//1113
f 1296//1296 1297//1297 1298//1298 1299//1299
f 1293//1293 1292//1292 1297//1297
f 1285//1285 1297//1297 1292//1292 854//854
f 1026//1026 1298//1298 1297//1297 1285//1285
f 1289//1289 1300//1300 1301//1301 1288//1288
f 1299//1299 1298//1298 1301//1301 1300//1300
f 1288//1288 1301//1301 1298//1298 1026//1026
f 1302//1302 1303//1303 1295//1295 1293//1293
f 1304//1304 1305//1305 1303//1303 1302//1302
f 1113//1113 1295//1295 1303//1303 1305//1305
f 1289//1289 1287//1287 1306//1306 1307//1307
f 999//999 1308//1308 1306//1306 1287//1287
f 1309//1309 1306//1306 1308//1308 1310//1310
f 1311//1311 1307//1307 1306//1306 1309//1309
f 1300//1300 1312//1312 1313//1313 1299//1299
f 1307//1307 1312//1312 1300//1300 1289//1289
f 1314//1314 1312//1312 1307//1307 1311//1311
f 1312//1312 1314//1314 1315//1315
f 1304//1304 1302//1302 1316//1316 1317//1317
f 1296//1296 1316//1316 1302//1302 1293//1293
f 1299//1299 1313//1313 1316//1316 1296//1296
f 1317//1317 1316//1316 1313//1313 1315//1315
f 1318//1318 1311//1311 1309//1309
f 1310//1310 1319//1319 1320//1320 1309//1309
f 1321//1321 1320//1320 1319//1319 1322//1322
f 1323//1323 1318//1318 1320//1320 1321//1321
f 1108//1108 1324//1324 1325//1325 1105//1105
f 1305//1305 1324//1324 1108//1108 1113//1113
f 1304//1304 1326//1326 1324//1324 1305//1305
f 1324//1324 1326//1326 1327//1327 1325//1325
f 1327//1327 1326//1326 1328//1328 1329//1329
f 1317//1317 1328//1328 1326//1326 1304//1304
f 1328//1328 1317//1317 1315//1315
f 1329//1329 1328//1328 1330//1330 1331//1331
f 1331//1331 1330//1330 1332//1332 1333//1333
f 1330//1330 1315//1315 1314//1314
f 1311//1311 1318//1318 1332//1332 1314//1314
f 1333//1333 1332//1332 1318//1318 1323//1323
f 1334//1334 1335//1335 1336//1336 1337//1337
f 1321//1321 1336//1336 1335//1335 1323//1323
f 1322//1322 1338//1338 1336//1336 1321//1321
f 1337//1337 1336//1336 1338//1338 1339//1339
f 1105//1105 1325//1325 1340//1340 1117//1117
f 1341//1341 1340//1340 1325//1325 1327//1327
f 1342//1342 1340//1340 1341//1341 1343//1343
f 1117//1117 1340//1340 1342//1342 1114//1114
f 1343//1343 1341//1341 1344//1344 1345//1345
f 1329//1329 1344//1344 1341//1341 1327//1327
f 1331//1331 1346//1346 1344//1344 1329//1329
f 1345//1345 1344//1344 1346//1346 1347//1347
f 1347//1347 1346//1346 1348//1348 1349//1349
f 1333//1333 1348//1348 1346//1346 1331//1331
f 1323//1323 1335//1335 1348//1348 1333//1333
f 1349//1349 1348//1348 1335//1335 1334//1334
f 1350//1350 1351//1351 1352//1352 1353//1353
f 1354//1354 1352//1352 1351//1351 1355//1355
f 1356//1356 1357//1357 1352//1352 1354//1354
f 1353//1353 1352//1352 1357//1357 1358//1358
f 1359//1359 1360//1360 1350//1350
f 1361//1361 1359//1359 1353//1353 1358//1358
f 1362//1362 1363//1363 1359//1359 1361//1361
f 1360//1360 1359//1359 1363//1363 1364//1364
f 1365//1365 1366//1366 1367//1367 1368//1368
f 1365//1365 1368//1368 1369//1369 1370//1370
f 1371//1371 1372//1372 1365//1365 1370//1370
f 1372//1372 1373//1373 1366//1366
f 1373//1373 1372//1372 1374//1374 1375//1375
f 1376//1376 1374//1374 1372//1372 1371//1371
f 1377//1377 1378//1378 1374//1374 1376//1376
f 1375//1375 1374//1374 1378//1378 1379//1379
f 1149//1149 1380//1380 1381//1381 1147//1147
f 1382//1382 1381//1381 1380//1380 1383//1383
f 1384//1384 1385//1385 1381//1381 1382//1382
f 1147//1147 1381//1381 1385//1385 1150//1150
f 1386//1386 1387//1387 1388//1388 1389//1389
f 1387//1387 1373//1373 1375//1375
f 1379//1379 1390//1390 1388//1388 1375//1375
f 1390//1390 1391//1391 1389//1389
f 1391//1391 1392//1392 1393//1393 1389//1389
f 1382//1382 1393//1393 1392//1392 1384//1384
f 1383//1383 1394//1394 1393//1393 1382//1382
f 1389//1389 1393//1393 1394//1394 1386//1386
f 1395//1395 1396//1396 1397//1397 1398//1398
f 1399//1399 1397//1397 1396//1396 1400//1400
f 1401//1401 1402//1402 1397//1397 1399//1399
f 1398//1398 1397//1397 1402//1402 1403//1403
f 1404//1404 1405//1405 1406//1406 1407//1407
f 1173//1173 1406//1406 1405//1405 1174//1174
f 1406//1406 1173//1173 1152//1152
f 1407//1407 1406//1406 1151//1151 1150//1150
f 1407//1407 1408//1408 1409//1409 1404//1404
f 1408//1408 1407//1407 1150//1150
f 1409//1409 1408//1408 1385//1385 1384//1384
f 1379//1379 1378//1378 1410//1410 1411//1411
f 1412//1412 1410//1410 1378//1378 1377//1377
f 1400//1400 1396//1396 1410//1410 1412//1412
f 1411//1411 1410//1410 1396//1396 1395//1395
f 1413//1413 1201//1201 1174//1174
f 1414//1414 1413//1413 1405//1405 1404//1404
f 1413//1413 1414//1414 1415//1415
f 1201//1201 1413//1413 1416//1416 1194//1194
f 1417//1417 1418//1418 1419//1419
f 1414//1414 1417//1417 1420//1420 1415//1415
f 1404//1404 1418//1418 1417//1417 1414//1414
f 1421//1421 1422//1422 1423//1423 1403//1403
f 1421//1421 533//533 593//593
f 593//593 594//594 1424//1424
f 1422//1422 1424//1424 1415//1415
f 1420//1420 1419//1419 1425//1425
f 1398//1398 1426//1426 1425//1425 1395//1395
f 1426//1426 1398//1398 1403//1403
f 1420//1420 1426//1426 1423//1423 1415//1415
f 1427//1427 1424//1424 594//594
f 1192//1192 1427//1427 1183//1183 1185//1185
f 1427//1427 1192//1192 1194//1194
f 1424//1424 1427//1427 1416//1416 1415//1415
f 1391//1391 1390//1390 1428//1428 1429//1429
f 1411//1411 1428//1428 1390//1390 1379//1379
f 1428//1428 1411//1411 1395//1395
f 1429//1429 1428//1428 1425//1425 1419//1419
f 1418//1418 1404//1404 1409//1409
f 1430//1430 1409//1409 1384//1384
f 1392//1392 1391//1391 1429//1429
f 1418//1418 1430//1430 1429//1429 1419//1419
f 1431//1431 1432//1432 1433//1433 1434//1434
f 1432//1432 1401//1401 1399//1399
f 1400//1400 1412//1412 1433//1433 1399//1399
f 1434//1434 1433//1433 1412//1412 1377//1377
f 1434//1434 1435//1435 1436//1436 1431//1431
f 1376//1376 1435//1435 1434//1434 1377//1377
f 1435//1435 1376//1376 1371//1371
f 1436//1436 1435//1435 1437//1437 1438//1438
f 1439//1439 1440//1440 1441//1441 1442//1442
f 1436//1436 1441//1441 1440//1440 1431//1431
f 1441//1441 1436//1436 1438//1438
f 1442//1442 1441//1441 1443//1443 1444//1444
f 1370//1370 1445//1445 1437//1437 1371//1371
f 1369//1369 1446//1446 1445//1445
f 1447//1447 1448//1448 1445//1445 1446//1446
f 1438//1438 1437//1437 1445//1445 1448//1448
f 1448//1448 1449//1449 1443//1443 1438//1438
f 1450//1450 1449//1449 1448//1448 1447//1447
f 1451//1451 1452//1452 1449//1449 1450//1450
f 1449//1449 1452//1452 1444//1444 1443//1443
f 1453//1453 1454//1454 1455//1455 1456//1456
f 1457//1457 1455//1455 1454//1454 1458//1458
f 1459//1459 1460//1460 1455//1455 1457//1457
f 1456//1456 1455//1455 1460//1460 1461//1461
f 1462//1462 1463//1463 1464//1464 1465//1465
f 1354//1354 1464//1464 1463//1463 1356//1356
f 1355//1355 1466//1466 1464//1464 1354//1354
f 1465//1465 1464//1464 1466//1466 1467//1467
f 1468//1468 1469//1469 1470//1470 1471//1471
f 1472//1472 1470//1470 1469//1469 1473//1473
f 1339//1339 1338//1338 1470//1470 1472//1472
f 1471//1471 1470//1470 1338//1338 1322//1322
f 1310//1310 1308//1308 1474//1474 1475//1475
f 997//997 1474//1474 1308//1308 999//999
f 998//998 1476//1476 1474//1474 997//997
f 1475//1475 1474//1474 1476//1476 1477//1477
f 1477//1477 1478//1478 1479//1479 1475//1475
f 1471//1471 1479//1479 1478//1478 1468//1468
f 1322//1322 1319//1319 1479//1479 1471//1471
f 1475//1475 1479//1479 1319//1319 1310//1310
f 1477//1477 1476//1476 1480//1480 1481//1481
f 1482//1482 1480//1480 1476//1476 998//998
f 1480//1480 1482//1482 1483//1483
f 1484//1484 1485//1485 1481//1481
f 998//998 994//994 1486//1486 1482//1482
f 847//847 1486//1486 994//994 848//848
f 846//846 1487//1487 1486//1486 847//847
f 1482//1482 1486//1486 1487//1487 1483//1483
f 1488//1488 1481//1481 1485//1485
f 1489//1489 1490//1490 1491//1491
f 1468//1468 1478//1478 1488//1488 1491//1491
f 1481//1481 1488//1488 1478//1478 1477//1477
f 1492//1492 1493//1493 1484//1484 1483//1483
f 1494//1494 1495//1495 1493//1493 1492//1492
f 1485//1485 1484//1484 1493//1493 1495//1495
f 1431//1431 1440//1440 1496//1496 1497//1497
f 1498//1498 1496//1496 1440//1440 1439//1439
f 1499//1499 1500//1500 1496//1496 1498//1498
f 1497//1497 1496//1496 1500//1500 1501//1501
f 1502//1502 1503//1503 1504//1504 1505//1505
f 1506//1506 1504//1504 1503//1503 1507//1507
f 1506//1506 1501//1501 1505//1505
f 1508//1508 1509//1509 1401//1401
f 1432//1432 1431//1431 1497//1497
f 1501//1501 1506//1506 1508//1508 1497//1497
f 1509//1509 1508//1508 1506//1506 1507//1507
f 1510//1510 1511//1511 1512//1512 1513//1513
f 1514//1514 1511//1511 1510//1510 1515//1515
f 1516//1516 1517//1517 1511//1511 1514//1514
f 1518//1518 1512//1512 1511//1511 1517//1517
f 1519//1519 1520//1520 1521//1521
f 1522//1522 1519//1519 1523//1523 1524//1524
f 1525//1525 1519//1519 1522//1522 1526//1526
f 1527//1527 1520//1520 1519//1519 1525//1525
f 1528//1528 1529//1529 1530//1530 1531//1531
f 1524//1524 1523//1523 1530//1530 1529//1529
f 1521//1521 1532//1532 1530//1530 1523//1523
f 1533//1533 1531//1531 1530//1530 1532//1532
f 1532//1532 1534//1534 1535//1535 1533//1533
f 1534//1534 1532//1532 1521//1521 1520//1520
f 1527//1527 1536//1536 1534//1534 1520//1520
f 1535//1535 1534//1534 1536//1536 1537//1537
f 1514//1514 1538//1538 1539//1539 1516//1516
f 1515//1515 1540//1540 1538//1538 1514//1514
f 1531//1531 1538//1538 1540//1540 1528//1528
f 1538//1538 1531//1531 1533//1533 1539//1539
f 1541//1541 1542//1542 1518//1518
f 1539//1539 1541//1541 1517//1517 1516//1516
f 1533//1533 1535//1535 1541//1541 1539//1539
f 1535//1535 1537//1537 1542//1542
f 1513//1513 1512//1512 1543//1543 1544//1544
f 1542//1542 1543//1543 1512//1512 1518//1518
f 1537//1537 1545//1545 1543//1543 1542//1542
f 1544//1544 1543//1543 1545//1545 1546//1546
f 1526//1526 1547//1547 1548//1548 1525//1525
f 1545//1545 1548//1548 1547//1547 1546//1546
f 1537//1537 1536//1536 1548//1548 1545//1545
f 1525//1525 1548//1548 1536//1536 1527//1527
f 1549//1549 1550//1550 1551//1551 1552//1552
f 1553//1553 1551//1551 1550//1550 1554//1554
f 1555//1555 1556//1556 1551//1551 1553//1553
f 1552//1552 1551//1551 1556//1556 1557//1557
f 1549//1549 1552//1552 1558//1558 1559//1559
f 1560//1560 1558//1558 1552//1552 1557//1557
f 1561//1561 1562//1562 1558//1558 1560//1560
f 1559//1559 1558//1558 1562//1562 1563//1563
f 1564//1564 1565//1565 1566//1566 1567//1567
f 1568//1568 1566//1566 1565//1565 1569//1569
f 1554//1554 1550//1550 1566//1566 1568//1568
f 1567//1567 1566//1566 1550//1550 1549//1549
f 1564//1564 1567//1567 1570//1570 1571//1571
f 1559//1559 1570//1570 1567//1567 1549//1549
f 1563//1563 1572//1572 1570//1570 1559//1559
f 1571//1571 1570//1570 1572//1572 1573//1573
f 1507//1507 1503//1503 1574//1574 1575//1575
f 1576//1576 1574//1574 1503//1503 1502//1502
f 1569//1569 1577//1577 1574//1574 1576//1576
f 1575//1575 1574//1574 1577//1577 1578//1578
f 1579//1579 1573//1573 1580//1580
f 836//836 1581//1581 1580//1580 837//837
f 1581//1581 836//836 831//831
f 1579//1579 1581//1581 1582//1582 1583//1583
f 1584//1584 1582//1582 831//831
f 824//824 1584//1584 830//830 817//817
f 524//524 1585//1585 1584//1584 824//824
f 1585//1585 1583//1583 1582//1582
f 1586//1586 1587//1587 1578//1578
f 1588//1588 536//536 535//535
f 1586//1586 535//535 533//533
f 1421//1421 1403//1403 1587//1587
f 1587//1587 1589//1589 1575//1575 1578//1578
f 1587//1587 1403//1403 1402//1402
f 1509//1509 1589//1589 1402//1402 1401//1401
f 1575//1575 1589//1589 1509//1509 1507//1507
f 524//524 523//523 1590//1590 1585//1585
f 523//523 520//520 1591//1591
f 1591//1591 1592//1592 1593//1593
f 1585//1585 1590//1590 1593//1593 1583//1583
f 1594//1594 1577//1577 1569//1569
f 1565//1565 1564//1564 1595//1595
f 1596//1596 1597//1597 1594//1594 1595//1595
f 1597//1597 1578//1578 1577//1577
f 512//512 528//528 1598//1598 1599//1599
f 534//534 1598//1598 528//528 527//527
f 1600//1600 1598//1598 534//534 536//536
f 1599//1599 1598//1598 1600//1600 1592//1592
f 1601//1601 519//519 506//506
f 1599//1599 1601//1601 509//509 512//512
f 1601//1601 1599//1599 1592//1592 1591//1591
f 519//519 1601//1601 1591//1591 520//520
f 1602//1602 1603//1603 1593//1593 1592//1592
f 1596//1596 1604//1604 1603//1603 1602//1602
f 1603//1603 1604//1604 1583//1583
f 536//536 1588//1588 1605//1605 1600//1600
f 1597//1597 1605//1605 1588//1588 1578//1578
f 1597//1597 1596//1596 1602//1602
f 1600//1600 1605//1605 1602//1602 1592//1592
f 1564//1564 1571//1571 1606//1606 1595//1595
f 1579//1579 1606//1606 1571//1571 1573//1573
f 1583//1583 1604//1604 1606//1606 1579//1579
f 1595//1595 1606//1606 1604//1604 1596//1596
f 837//837 1580//1580 1607//1607 838//838
f 1580//1580 1573//1573 1608//1608
f 1609//1609 1607//1607 1608//1608 1610//1610
f 1607//1607 1609//1609 839//839
f 1611//1611 1612//1612 1613//1613 1614//1614
f 1487//1487 1612//1612 1611//1611 1483//1483
f 1612//1612 1487//1487 846//846
f 1615//1615 1616//1616 1613//1613
f 1617//1617 1618//1618 1613//1613 1616//1616
f 1618//1618 1617//1617 1619//1619
f 1614//1614 1613//1613 1618//1618 1620//1620
f 1621//1621 1617//1617 1616//1616
f 1609//1609 1621//1621 1622//1622 839//839
f 1621//1621 1609//1609 1610//1610
f 1617//1617 1621//1621 1623//1623 1619//1619
f 1624//1624 1625//1625 1626//1626
f 1492//1492 1627//1627 1626//1626 1494//1494
f 1627//1627 1492//1492 1483//1483
f 1611//1611 1614//1614 1624//1624
f 1610//1610 1608//1608 1628//1628 1629//1629
f 1572//1572 1628//1628 1608//1608 1573//1573
f 1563//1563 1630//1630 1628//1628 1572//1572
f 1629//1629 1628//1628 1630//1630 1631//1631
f 1619//1619 1623//1623 1632//1632 1633//1633
f 1629//1629 1632//1632 1623//1623 1610//1610
f 1631//1631 1634//1634 1632//1632 1629//1629
f 1633//1633 1632//1632 1634//1634 1635//1635
f 1625//1625 1624//1624 1636//1636 1637//1637
f 1636//1636 1624//1624 1614//1614 1620//1620
f 1633//1633 1636//1636 1620//1620 1619//1619
f 1637//1637 1636//1636 1633//1633 1635//1635
f 1631//1631 1630//1630 1638//1638 1639//1639
f 1562//1562 1638//1638 1630//1630 1563//1563
f 1561//1561 1640//1640 1638//1638 1562//1562
f 1639//1639 1638//1638 1640//1640 1641//1641
f 1642//1642 1643//1643 1644//1644 1645//1645
f 1637//1637 1644//1644 1643//1643 1625//1625
f 1635//1635 1646//1646 1644//1644 1637//1637
f 1645//1645 1644//1644 1646//1646 1647//1647
f 1634//1634 1648//1648 1646//1646 1635//1635
f 1639//1639 1648//1648 1634//1634 1631//1631
f 1641//1641 1649//1649 1648//1648 1639//1639
f 1647//1647 1646//1646 1648//1648 1649//1649
f 1641//1641 1640//1640 1650//1650 1651//1651
f 1652//1652 1650//1650 1640//1640 1561//1561
f 1653//1653 1654//1654 1650//1650 1652//1652
f 1655//1655 1651//1651 1650//1650 1654//1654
f 1656//1656 1657//1657 1658//1658 1659//1659
f 1645//1645 1658//1658 1657//1657 1642//1642
f 1647//1647 1660//1660 1658//1658 1645//1645
f 1659//1659 1658//1658 1660//1660 1661//1661
f 1661//1661 1660//1660 1662//1662 1663//1663
f 1649//1649 1662//1662 1660//1660 1647//1647
f 1641//1641 1651//1651 1662//1662 1649//1649
f 1663//1663 1662//1662 1651//1651 1655//1655
f 1664//1664 1665//1665 1666//1666 1667//1667
f 1668//1668 1666//1666 1665//1665 1669//1669
f 1670//1670 1671//1671 1666//1666 1668//1668
f 1667//1667 1666//1666 1671//1671 1672//1672
f 1673//1673 1674//1674 1675//1675 1676//1676
f 1669//1669 1665//1665 1674//1674 1673//1673
f 1677//1677 1674//1674 1665//1665 1664//1664
f 1678//1678 1675//1675 1674//1674 1677//1677
f 1679//1679 1680//1680 1681//1681 1682//1682
f 1683//1683 1681//1681 1680//1680 1684//1684
f 1676//1676 1675//1675 1681//1681 1683//1683
f 1682//1682 1681//1681 1675//1675 1678//1678
f 1685//1685 1686//1686 1687//1687 1688//1688
f 1689//1689 1687//1687 1686//1686 1690//1690
f 169//169 172//172 1687//1687 1689//1689
f 1688//1688 1687//1687 172//172 177//177
f 181//181 1691//1691 1692//1692 178//178
f 1689//1689 1691//1691 181//181 169//169
f 1691//1691 1689//1689 1690//1690
f 1693//1693 1692//1692 1691//1691 1694//1694
f 178//178 1692//1692 1695//1695 188//188
f 1696//1696 1695//1695 1692//1692 1693//1693
f 1695//1695 1696//1696 1697//1697
f 188//188 1695//1695 1698//1698 189//189
f 1699//1699 1700//1700 1701//1701 1702//1702
f 1129//1129 1703//1703 1700//1700 1699//1699
f 1704//1704 1700//1700 1703//1703 1705//1705
f 1706//1706 1701//1701 1700//1700 1704//1704
f 274//274 272//272 1707//1707 1708//1708
f 136//136 1707//1707 272//272 137//137
f 135//135 1709//1709 1707//1707 136//136
f 1708//1708 1707//1707 1709//1709 1710//1710
f 129//129 126//126 1711//1711 1712//1712
f 144//144 1711//1711 126//126 125//125
f 1713//1713 1711//1711 144//144 142//142
f 1714//1714 1712//1712 1711//1711 1713//1713
f 1715//1715 1716//1716 1717//1717 1718//1718
f 327//327 1717//1717 1716//1716 328//328
f 274//274 1708//1708 1717//1717 327//327
f 1718//1718 1717//1717 1708//1708 1710//1710
f 1230//1230 1227//1227 1719//1719 1720//1720
f 1216//1216 1215//1215 1719//1719 1227//1227
f 1214//1214 1721//1721 1719//1719 1215//1215
f 1721//1721 1722//1722 1720//1720
f 1723//1723 1724//1724 1725//1725 1726//1726
f 1727//1727 1725//1725 1724//1724 1728//1728
f 1725//1725 1727//1727 1722//1722
f 1726//1726 1725//1725 1721//1721 1214//1214
f 1241//1241 1239//1239 1729//1729 1730//1730
f 1229//1229 1729//1729 1239//1239 1231//1231
f 1230//1230 1720//1720 1729//1729 1229//1229
f 1730//1730 1729//1729 1720//1720 1722//1722
f 1236//1236 1238//1238 1731//1731 1234//1234
f 1238//1238 1242//1242 1732//1732
f 1732//1732 1733//1733 1734//1734
f 1234//1234 1731//1731 1734//1734 1226//1226
f 1735//1735 1736//1736 1737//1737 1738//1738
f 1739//1739 1736//1736 1735//1735 1740//1740
f 1526//1526 1522//1522 1736//1736 1739//1739
f 1524//1524 1737//1737 1736//1736 1522//1522
f 1741//1741 1529//1529 1528//1528
f 1742//1742 1741//1741 1743//1743 1744//1744
f 1741//1741 1742//1742 1738//1738
f 1529//1529 1741//1741 1737//1737 1524//1524
f 1745//1745 1746//1746 1747//1747
f 1544//1544 1745//1745 1748//1748 1513//1513
f 1546//1546 1749//1749 1745//1745 1544//1544
f 1746//1746 1745//1745 1749//1749 1750//1750
f 1546//1546 1547//1547 1751//1751 1749//1749
f 1739//1739 1751//1751 1547//1547 1526//1526
f 1752//1752 1751//1751 1739//1739 1740//1740
f 1749//1749 1751//1751 1752//1752 1750//1750
f 1205//1205 1753//1753 1754//1754 1202//1202
f 1221//1221 1753//1753 1205//1205 1210//1210
f 1224//1224 1755//1755 1753//1753 1221//1221
f 1754//1754 1753//1753 1755//1755 1756//1756
f 1224//1224 1223//1223 1757//1757 1755//1755
f 1734//1734 1757//1757 1223//1223 1226//1226
f 1757//1757 1734//1734 1733//1733
f 1755//1755 1757//1757 1758//1758 1756//1756
f 1127//1127 1759//1759 1760//1760 1126//1126
f 1761//1761 1760//1760 1759//1759 1762//1762
f 1763//1763 1764//1764 1760//1760 1761//1761
f 1126//1126 1760//1760 1764//1764 1128//1128
f 1762//1762 1765//1765 1766//1766 1761//1761
f 1766//1766 1765//1765 1364//1364 1363//1363
f 1766//1766 1363//1363 1362//1362 1767//1767
f 1761//1761 1766//1766 1767//1767 1763//1763
f 1768//1768 1769//1769 1770//1770 1771//1771
f 1772//1772 1770//1770 1769//1769 1773//1773
f 1774//1774 1775//1775 1770//1770 1772//1772
f 1771//1771 1770//1770 1775//1775 1776//1776
f 1777//1777 1778//1778 1779//1779 1780//1780
f 155//155 1777//1777 1780//1780 158//158
f 154//154 1781//1781 1777//1777 155//155
f 1777//1777 1781//1781 1782//1782 1778//1778
f 1783//1783 1784//1784 1785//1785 1786//1786
f 1787//1787 1785//1785 1784//1784 1788//1788
f 49//49 45//45 1785//1785 1787//1787
f 1786//1786 1785//1785 45//45 44//44
f 1787//1787 1789//1789 1790//1790 49//49
f 1788//1788 1791//1791 1789//1789 1787//1787
f 1792//1792 1793//1793 1789//1789 1791//1791
f 1794//1794 1790//1790 1789//1789 1793//1793
f 1792//1792 1795//1795 1796//1796 1793//1793
f 1713//1713 1796//1796 1795//1795 1714//1714
f 142//142 1797//1797 1796//1796 1713//1713
f 1793//1793 1796//1796 1797//1797 1794//1794
f 1798//1798 1799//1799 1794//1794
f 141//141 1798//1798 1797//1797 142//142
f 1798//1798 141//141 147//147
f 1799//1799 1798//1798 1800//1800 1801//1801
f 1802//1802 48//48 49//49
f 1799//1799 1802//1802 1790//1790 1794//1794
f 1801//1801 1803//1803 1802//1802 1799//1799
f 1803//1803 50//50 48//48
f 1804//1804 1805//1805 1806//1806 1807//1807
f 1688//1688 1806//1806 1805//1805 1685//1685
f 177//177 1808//1808 1806//1806 1688//1688
f 1807//1807 1806//1806 1808//1808 1809//1809
f 1809//1809 1810//1810 1811//1811 1807//1807
f 1771//1771 1811//1811 1810//1810 1768//1768
f 1776//1776 1812//1812 1811//1811 1771//1771
f 1807//1807 1811//1811 1812//1812 1804//1804
f 1728//1728 1724//1724 1813//1813 1814//1814
f 1815//1815 1813//1813 1724//1724 1723//1723
f 1072//1072 1816//1816 1813//1813 1815//1815
f 1816//1816 1817//1817 1814//1814
f 1067//1067 1065//1065 1818//1818 1819//1819
f 1820//1820 1818//1818 1065//1065 240//240
f 1821//1821 1822//1822 1818//1818 1820//1820
f 1819//1819 1818//1818 1822//1822 1823//1823
f 1705//1705 1824//1824 1825//1825 1704//1704
f 1819//1819 1825//1825 1824//1824 1067//1067
f 1823//1823 1826//1826 1825//1825 1819//1819
f 1704//1704 1825//1825 1826//1826 1706//1706
f 1827//1827 1828//1828 1817//1817
f 1816//1816 1072//1072 1071//1071
f 228//228 1829//1829 1827//1827 1071//1071
f 1828//1828 1827//1827 1829//1829 1830//1830
f 1831//1831 1832//1832 1833//1833
f 331//331 1831//1831 1834//1834 234//234
f 328//328 1716//1716 1831//1831 331//331
f 1832//1832 1831//1831 1716//1716 1715//1715
f 1835//1835 1836//1836 1830//1830
f 227//227 1835//1835 1829//1829 228//228
f 234//234 1834//1834 1835//1835 227//227
f 1836//1836 1835//1835 1834//1834 1833//1833
f 1837//1837 1838//1838 1839//1839 1840//1840
f 1820//1820 1839//1839 1838//1838 1821//1821
f 240//240 236//236 1839//1839 1820//1820
f 1840//1840 1839//1839 236//236 235//235
f 1841//1841 1842//1842 1843//1843 1844//1844
f 1842//1842 1124//1124 1120//1120
f 1123//1123 1845//1845 1843//1843 1120//1120
f 1844//1844 1843//1843 1845//1845 1846//1846
f 133//133 138//138 1847//1847 1848//1848
f 137//137 269//269 1847//1847 138//138
f 1849//1849 1847//1847 269//269 268//268
f 1848//1848 1847//1847 1849//1849 1850//1850
f 125//125 128//128 1851//1851 143//143
f 1848//1848 1851//1851 128//128 133//133
f 1851//1851 1848//1848 1850//1850 1852//1852
f 143//143 1851//1851 1852//1852 145//145
f 1710//1710 1709//1709 1853//1853 1854//1854
f 134//134 1853//1853 1709//1709 135//135
f 131//131 1855//1855 1853//1853 134//134
f 1854//1854 1853//1853 1855//1855 1856//1856
f 1856//1856 1855//1855 1857//1857 1858//1858
f 130//130 1857//1857 1855//1855 131//131
f 1712//1712 1857//1857 130//130 129//129
f 1858//1858 1857//1857 1712//1712 1714//1714
f 1859//1859 1860//1860 1861//1861 1862//1862
f 1840//1840 1861//1861 1860//1860 1837//1837
f 235//235 339//339 1861//1861 1840//1840
f 1862//1862 1861//1861 339//339 335//335
f 335//335 334//334 1863//1863 1862//1862
f 189//189 1698//1698 1863//1863 334//334
f 1863//1863 1698//1698 1697//1697 1864//1864
f 1862//1862 1863//1863 1864//1864 1859//1859
f 261//261 260//260 1865//1865 1866//1866
f 1867//1867 1865//1865 260//260 259//259
f 1868//1868 1869//1869 1865//1865 1867//1867
f 1870//1870 1866//1866 1865//1865 1869//1869
f 280//280 1871//1871 1872//1872 279//279
f 1869//1869 1872//1872 1871//1871 1870//1870
f 1868//1868 1873//1873 1872//1872 1869//1869
f 1872//1872 1873//1873 281//281 279//279
f 1515//1515 1510//1510 1874//1874 1875//1875
f 1513//1513 1748//1748 1874//1874 1510//1510
f 1876//1876 1874//1874 1748//1748 1747//1747
f 1875//1875 1874//1874 1876//1876 1877//1877
f 1878//1878 1875//1875 1877//1877
f 1879//1879 1744//1744 1743//1743
f 1528//1528 1540//1540 1878//1878 1743//1743
f 1875//1875 1878//1878 1540//1540 1515//1515
f 1880//1880 1881//1881 1882//1882 1883//1883
f 1884//1884 1882//1882 1881//1881 1885//1885
f 1886//1886 1887//1887 1882//1882 1884//1884
f 1883//1883 1882//1882 1887//1887 1888//1888
f 1453//1453 1889//1889 1890//1890 1454//1454
f 1883//1883 1890//1890 1889//1889 1880//1880
f 1888//1888 1891//1891 1890//1890 1883//1883
f 1454//1454 1890//1890 1891//1891 1458//1458
f 1892//1892 1893//1893 1894//1894 1895//1895
f 1896//1896 1894//1894 1893//1893 1897//1897
f 1898//1898 1899//1899 1894//1894 1896//1896
f 1895//1895 1894//1894 1899//1899 1900//1900
f 1901//1901 1902//1902 1903//1903 1904//1904
f 1905//1905 1903//1903 1902//1902 1906//1906
f 1900//1900 1899//1899 1903//1903 1905//1905
f 1904//1904 1903//1903 1899//1899 1898//1898
f 1723//1723 1726//1726 1907//1907 1908//1908
f 1213//1213 1907//1907 1726//1726 1214//1214
f 1207//1207 1909//1909 1907//1907 1213//1213
f 1908//1908 1907//1907 1909//1909 1910//1910
f 1074//1074 1073//1073 1911//1911 1912//1912
f 1815//1815 1911//1911 1073//1073 1072//1072
f 1911//1911 1815//1815 1723//1723 1908//1908
f 1910//1910 1912//1912 1911//1911 1908//1908
f 1080//1080 1076//1076 1913//1913 1914//1914
f 1915//1915 1913//1913 1076//1076 1075//1075
f 1916//1916 1917//1917 1913//1913 1915//1915
f 1914//1914 1913//1913 1917//1917 1918//1918
f 1919//1919 1920//1920 1921//1921 1922//1922
f 1923//1923 1924//1924 1921//1921 1920//1920
f 1918//1918 1917//1917 1921//1921 1924//1924
f 1922//1922 1921//1921 1917//1917 1916//1916
f 1925//1925 1926//1926 1927//1927
f 1928//1928 1929//1929 1930//1930
f 1931//1931 1932//1932 1925//1925 1930//1930
f 1926//1926 1925//1925 1932//1932 1933//1933
f 1933//1933 1934//1934 1935//1935 1926//1926
f 1934//1934 1756//1756 1758//1758
f 1936//1936 1935//1935 1758//1758 1733//1733
f 1936//1936 1927//1927 1926//1926
f 1897//1897 1893//1893 1937//1937 1938//1938
f 1939//1939 1937//1937 1893//1893 1892//1892
f 1134//1134 1940//1940 1937//1937 1939//1939
f 1938//1938 1937//1937 1940//1940 1941//1941
f 1134//1134 1130//1130 1942//1942
f 1699//1699 1942//1942 1130//1130 1129//1129
f 1942//1942 1699//1699 1702//1702
f 1940//1940 1942//1942 1943//1943 1941//1941
f 1944//1944 1945//1945 1946//1946 1947//1947
f 1844//1844 1946//1946 1945//1945 1841//1841
f 1846//1846 1948//1948 1946//1946 1844//1844
f 1947//1947 1946//1946 1948//1948 1949//1949
f 1949//1949 1950//1950 1951//1951 1947//1947
f 1920//1920 1951//1951 1950//1950 1923//1923
f 1919//1919 1952//1952 1951//1951 1920//1920
f 1952//1952 1944//1944 1947//1947
f 1953//1953 1931//1931 1930//1930
f 1929//1929 1954//1954 1955//1955
f 1955//1955 1954//1954 1956//1956 1957//1957
f 1953//1953 1955//1955 1957//1957 1958//1958
f 1957//1957 1956//1956 1959//1959
f 1746//1746 1960//1960 1959//1959 1747//1747
f 1961//1961 1960//1960 1746//1746 1750//1750
f 1960//1960 1961//1961 1958//1958 1957//1957
f 1906//1906 1902//1902 1962//1962 1963//1963
f 1964//1964 1962//1962 1902//1902 1901//1901
f 1965//1965 1962//1962 1964//1964 1966//1966
f 1967//1967 1963//1963 1962//1962 1965//1965
f 1966//1966 1968//1968 1969//1969 1965//1965
f 1968//1968 1886//1886 1884//1884
f 1885//1885 1970//1970 1969//1969 1884//1884
f 1965//1965 1969//1969 1970//1970 1967//1967
f 1971//1971 1972//1972 1973//1973
f 1742//1742 1971//1971 1974//1974 1738//1738
f 1744//1744 1975//1975 1971//1971 1742//1742
f 1975//1975 1976//1976 1972//1972
f 1977//1977 1978//1978 1979//1979 1980//1980
f 1465//1465 1979//1979 1978//1978 1462//1462
f 1467//1467 1981//1981 1979//1979 1465//1465
f 1980//1980 1979//1979 1981//1981 1982//1982
f 1983//1983 1984//1984 1985//1985 1986//1986
f 1987//1987 1985//1985 1984//1984 1988//1988
f 1989//1989 1990//1990 1985//1985 1987//1987
f 1986//1986 1985//1985 1990//1990 1991//1991
f 1991//1991 1992//1992 1993//1993 1986//1986
f 1671//1671 1993//1993 1992//1992 1672//1672
f 1670//1670 1994//1994 1993//1993 1671//1671
f 1986//1986 1993//1993 1994//1994 1983//1983
f 1995//1995 1996//1996 1997//1997 1998//1998
f 1999//1999 1997//1997 1996//1996 2000//2000
f 1690//1690 1686//1686 1997//1997 1999//1999
f 1998//1998 1997//1997 1686//1686 1685//1685
f 2001//2001 2002//2002 2003//2003
f 1696//1696 2001//2001 2004//2004 1697//1697
f 2001//2001 1696//1696 1693//1693
f 2005//2005 2006//2006 2002//2002
f 2007//2007 2008//2008 2009//2009 2010//2010
f 2011//2011 2009//2009 2008//2008 2012//2012
f 1823//1823 1822//1822 2009//2009 2011//2011
f 2010//2010 2009//2009 1822//1822 1821//1821
f 2013//2013 2014//2014 2015//2015 2016//2016
f 2017//2017 2015//2015 2014//2014 2018//2018
f 1941//1941 1943//1943 2015//2015 2017//2017
f 2016//2016 2015//2015 1943//1943 1702//1702
f 2019//2019 2020//2020 2021//2021 2022//2022
f 1718//1718 2021//2021 2020//2020 1715//1715
f 1710//1710 2023//2023 2021//2021 1718//1718
f 2022//2022 2021//2021 2023//2023 2024//2024
f 2025//2025 2026//2026 2027//2027 2028//2028
f 1730//1730 2027//2027 2026//2026 1241//1241
f 1722//1722 2029//2029 2027//2027 1730//1730
f 2028//2028 2027//2027 2029//2029 2030//2030
f 2031//2031 2032//2032 2033//2033 2034//2034
f 1828//1828 2033//2033 2032//2032 1817//1817
f 1830//1830 2035//2035 2033//2033 1828//1828
f 2034//2034 2033//2033 2035//2035 2036//2036
f 2037//2037 2038//2038 2039//2039 2040//2040
f 2041//2041 2038//2038 2037//2037 2042//2042
f 1740//1740 1735//1735 2038//2038 2041//2041
f 2039//2039 2038//2038 1735//1735 1738//1738
f 2043//2043 2044//2044 2045//2045
f 2046//2046 2043//2043 2047//2047 2018//2018
f 1202//1202 1754//1754 2043//2043 2046//2046
f 2044//2044 2043//2043 1754//1754 1756//1756
f 2048//2048 2049//2049 2050//2050 2051//2051
f 2052//2052 2050//2050 2049//2049 2053//2053
f 1966//1966 1964//1964 2050//2050 2052//2052
f 1964//1964 1901//1901 2051//2051
f 2054//2054 2055//2055 2056//2056 2057//2057
f 2058//2058 2056//2056 2055//2055 2059//2059
f 1776//1776 1775//1775 2056//2056 2058//2058
f 2057//2057 2056//2056 1775//1775 1774//1774
f 147//147 146//146 2060//2060 2061//2061
f 2062//2062 2060//2060 146//146 145//145
f 1995//1995 2063//2063 2060//2060 2062//2062
f 2061//2061 2060//2060 2063//2063 2064//2064
f 2062//2062 2065//2065 1996//1996 1995//1995
f 145//145 1852//1852 2065//2065 2062//2062
f 1850//1850 2066//2066 2065//2065 1852//1852
f 2000//2000 1996//1996 2065//2065 2066//2066
f 1685//1685 1805//1805 2067//2067 1998//1998
f 2068//2068 2067//2067 1805//1805 1804//1804
f 2064//2064 2063//2063 2067//2067 2068//2068
f 1998//1998 2067//2067 2063//2063 1995//1995
f 1850//1850 1849//1849 2069//2069 2066//2066
f 268//268 2070//2070 2069//2069 1849//1849
f 2071//2071 2069//2069 2070//2070 2006//2006
f 2066//2066 2069//2069 2071//2071 2000//2000
f 2006//2006 2070//2070 2072//2072 2002//2002
f 271//271 2072//2072 2070//2070 268//268
f 275//275 2073//2073 2072//2072 271//271
f 2002//2002 2072//2072 2073//2073 2003//2003
f 2005//2005 1693//1693 1694//1694
f 1999//1999 2074//2074 1694//1694 1690//1690
f 2074//2074 1999//1999 2000//2000
f 2006//2006 2005//2005 2074//2074 2071//2071
f 275//275 324//324 2075//2075 2073//2073
f 2076//2076 2075//2075 324//324 323//323
f 2077//2077 2078//2078 2075//2075 2076//2076
f 2003//2003 2073//2073 2075//2075 2078//2078
f 2078//2078 2079//2079 2004//2004 2003//2003
f 2080//2080 2079//2079 2078//2078 2077//2077
f 2079//2079 2080//2080 1859//1859
f 1697//1697 2004//2004 2079//2079 1864//1864
f 233//233 231//231 2081//2081 2082//2082
f 2083//2083 2081//2081 231//231 230//230
f 2007//2007 2084//2084 2081//2081 2083//2083
f 2082//2082 2081//2081 2084//2084 2085//2085
f 230//230 1070//1070 2086//2086 2083//2083
f 2087//2087 2086//2086 1070//1070 1074//1074
f 2012//2012 2008//2008 2086//2086 2087//2087
f 2083//2083 2086//2086 2008//2008 2007//2007
f 1821//1821 1838//1838 2088//2088 2010//2010
f 2089//2089 2088//2088 1838//1838 1837//1837
f 2085//2085 2084//2084 2088//2088 2089//2089
f 2010//2010 2088//2088 2084//2084 2007//2007
f 1910//1910 1909//1909 2090//2090 2091//2091
f 2092//2092 2090//2090 1909//1909 1207//1207
f 2013//2013 2093//2093 2090//2090 2092//2092
f 2091//2091 2090//2090 2093//2093 2094//2094
f 1207//1207 1203//1203 2095//2095 2092//2092
f 2046//2046 2095//2095 1203//1203 1202//1202
f 2018//2018 2014//2014 2095//2095 2046//2046
f 2092//2092 2095//2095 2014//2014 2013//2013
f 1702//1702 1701//1701 2096//2096 2016//2016
f 2097//2097 2096//2096 1701//1701 1706//1706
f 2094//2094 2093//2093 2096//2096 2097//2097
f 2016//2016 2096//2096 2093//2093 2013//2013
f 2098//2098 2099//2099 2100//2100 2101//2101
f 157//157 2100//2100 2099//2099 154//154
f 162//162 2102//2102 2100//2100 157//157
f 2101//2101 2100//2100 2102//2102 2103//2103
f 2103//2103 2102//2102 2104//2104 2105//2105
f 164//164 2104//2104 2102//2102 162//162
f 168//168 2106//2106 2104//2104 164//164
f 2105//2105 2104//2104 2106//2106 2107//2107
f 2103//2103 2105//2105 2108//2108 2109//2109
f 2107//2107 2110//2110 2108//2108 2105//2105
f 2108//2108 2110//2110 1856//1856 1858//1858
f 2109//2109 2108//2108 1858//1858 1714//1714
f 1792//1792 2111//2111 2112//2112 1795//1795
f 2101//2101 2112//2112 2111//2111 2098//2098
f 2103//2103 2109//2109 2112//2112 2101//2101
f 1795//1795 2112//2112 2109//2109 1714//1714
f 2107//2107 2106//2106 2113//2113 2114//2114
f 277//277 2113//2113 2106//2106 168//168
f 281//281 2115//2115 2113//2113 277//277
f 2114//2114 2113//2113 2115//2115 2024//2024
f 2024//2024 2115//2115 2116//2116 2022//2022
f 1873//1873 2116//2116 2115//2115 281//281
f 1868//1868 2117//2117 2116//2116 1873//1873
f 2022//2022 2116//2116 2117//2117 2019//2019
f 1856//1856 2110//2110 2118//2118 1854//1854
f 2114//2114 2118//2118 2110//2110 2107//2107
f 2024//2024 2023//2023 2118//2118 2114//2114
f 1854//1854 2118//2118 2023//2023 1710//1710
f 2119//2119 2120//2120 2121//2121 2122//2122
f 1924//1924 2121//2121 2120//2120 1918//1918
f 1923//1923 2123//2123 2121//2121 1924//1924
f 2122//2122 2121//2121 2123//2123 2030//2030
f 2124//2124 2123//2123 1923//1923
f 2125//2125 2124//2124 1950//1950 1949//1949
f 2125//2125 2025//2025 2028//2028
f 2030//2030 2123//2123 2124//2124 2028//2028
f 1728//1728 2126//2126 2127//2127 1727//1727
f 2126//2126 2119//2119 2122//2122
f 2030//2030 2029//2029 2127//2127 2122//2122
f 1727//1727 2127//2127 2029//2029 1722//1722
f 2128//2128 2129//2129 2130//2130 2131//2131
f 257//257 2130//2130 2129//2129 259//259
f 258//258 2132//2132 2130//2130 257//257
f 2131//2131 2130//2130 2132//2132 2036//2036
f 2036//2036 2132//2132 2133//2133 2034//2034
f 1079//1079 2133//2133 2132//2132 258//258
f 1080//1080 2134//2134 2133//2133 1079//1079
f 2034//2034 2133//2133 2134//2134 2031//2031
f 1833//1833 2135//2135 2136//2136 1836//1836
f 2131//2131 2136//2136 2135//2135 2128//2128
f 2036//2036 2035//2035 2136//2136 2131//2131
f 1836//1836 2136//2136 2035//2035 1830//1830
f 2137//2137 2138//2138 2139//2139 2140//2140
f 1845//1845 2139//2139 2138//2138 1846//1846
f 2139//2139 1845//1845 1123//1123
f 2141//2141 2142//2142 2140//2140
f 1122//1122 2143//2143 2141//2141 1123//1123
f 2144//2144 2143//2143 1122//1122 1128//1128
f 2145//2145 2146//2146 2143//2143 2144//2144
f 2143//2143 2146//2146 2142//2142
f 2146//2146 2147//2147 2148//2148 2142//2142
f 2149//2149 2147//2147 2146//2146 2145//2145
f 1927//1927 1936//1936 2147//2147 2149//2149
f 1733//1733 2148//2148 2147//2147 1936//1936
f 1242//1242 2150//2150 2151//2151 1732//1732
f 2150//2150 2137//2137 2140//2140
f 2142//2142 2148//2148 2151//2151 2140//2140
f 1732//1732 2151//2151 2148//2148 1733//1733
f 2152//2152 2153//2153 2154//2154 2155//2155
f 1361//1361 2154//2154 2153//2153 1362//1362
f 2154//2154 1361//1361 1358//1358
f 2156//2156 2157//2157 2155//2155
f 1358//1358 1357//1357 2158//2158 2156//2156
f 2159//2159 2158//2158 1357//1357 1356//1356
f 2160//2160 2161//2161 2158//2158 2159//2159
f 2161//2161 2157//2157 2156//2156
f 2157//2157 2161//2161 2162//2162 2163//2163
f 2164//2164 2162//2162 2161//2161 2160//2160
f 1877//1877 1876//1876 2162//2162 2164//2164
f 2163//2163 2162//2162 1876//1876 1747//1747
f 1956//1956 2165//2165 2166//2166 1959//1959
f 2155//2155 2166//2166 2165//2165 2152//2152
f 2157//2157 2163//2163 2166//2166 2155//2155
f 1959//1959 2166//2166 2163//2163 1747//1747
f 1356//1356 1463//1463 2167//2167 2159//2159
f 1463//1463 1462//1462 2168//2168
f 2169//2169 2170//2170 2167//2167 2168//2168
f 2159//2159 2167//2167 2170//2170 2160//2160
f 1462//1462 1978//1978 2171//2171 2168//2168
f 2172//2172 2171//2171 1978//1978 1977//1977
f 2173//2173 2174//2174 2171//2171 2172//2172
f 2168//2168 2171//2171 2174//2174 2169//2169
f 2169//2169 2174//2174 2175//2175 2176//2176
f 2177//2177 2175//2175 2174//2174 2173//2173
f 2175//2175 2177//2177 1976//1976
f 2176//2176 2175//2175 1975//1975 1744//1744
f 1744//1744 1879//1879 2178//2178 2176//2176
f 2164//2164 2178//2178 1879//1879 1877//1877
f 2160//2160 2170//2170 2178//2178 2164//2164
f 2176//2176 2178//2178 2170//2170 2169//2169
f 1679//1679 1682//1682 2179//2179 2180//2180
f 2181//2181 2179//2179 1682//1682 1678//1678
f 2182//2182 2183//2183 2179//2179 2181//2181
f 2180//2180 2179//2179 2183//2183 2184//2184
f 2185//2185 2186//2186 2182//2182 2181//2181
f 1677//1677 2185//2185 2181//2181 1678//1678
f 1664//1664 2187//2187 2185//2185 1677//1677
f 2186//2186 2185//2185 2187//2187 2188//2188
f 2188//2188 2187//2187 2189//2189 2190//2190
f 1667//1667 2189//2189 2187//2187 1664//1664
f 1672//1672 2191//2191 2189//2189 1667//1667
f 2190//2190 2189//2189 2191//2191 2192//2192
f 1672//1672 1992//1992 2193//2193 2191//2191
f 2194//2194 2193//2193 1992//1992 1991//1991
f 2195//2195 2196//2196 2193//2193 2194//2194
f 2191//2191 2193//2193 2196//2196 2192//2192
f 1991//1991 1990//1990 2197//2197 2194//2194
f 1990//1990 1989//1989 2198//2198
f 2199//2199 2200//2200 2197//2197 2198//2198
f 2194//2194 2197//2197 2200//2200 2195//2195
f 2201//2201 2202//2202 2203//2203 2204//2204
f 1457//1457 2203//2203 2202//2202 1459//1459
f 1458//1458 2205//2205 2203//2203 1457//1457
f 2204//2204 2203//2203 2205//2205 2040//2040
f 1458//1458 1891//1891 2206//2206 2205//2205
f 1891//1891 1888//1888 2207//2207
f 2042//2042 2037//2037 2206//2206 2207//2207
f 2205//2205 2206//2206 2037//2037 2040//2040
f 1973//1973 2208//2208 2209//2209 1974//1974
f 2204//2204 2209//2209 2208//2208 2201//2201
f 2040//2040 2039//2039 2209//2209 2204//2204
f 1974//1974 2209//2209 2039//2039 1738//1738
f 1888//1888 1887//1887 2210//2210 2207//2207
f 2211//2211 2210//2210 1887//1887 1886//1886
f 2212//2212 2213//2213 2210//2210 2211//2211
f 2207//2207 2210//2210 2213//2213 2042//2042
f 1886//1886 1968//1968 2214//2214 2211//2211
f 1968//1968 1966//1966 2052//2052
f 2053//2053 2215//2215 2214//2214 2052//2052
f 2215//2215 2212//2212 2211//2211
f 2216//2216 2217//2217 2215//2215 2053//2053
f 1958//1958 1961//1961 2217//2217 2216//2216
f 1750//1750 2218//2218 2217//2217 1961//1961
f 2212//2212 2215//2215 2217//2217 2218//2218
f 1740//1740 2041//2041 2219//2219 1752//1752
f 2042//2042 2213//2213 2219//2219 2041//2041
f 2212//2212 2218//2218 2219//2219 2213//2213
f 1752//1752 2219//2219 2218//2218 1750//1750
f 2220//2220 2221//2221 2222//2222 2223//2223
f 2221//2221 1898//1898 1896//1896
f 1897//1897 2224//2224 2222//2222 1896//1896
f 2223//2223 2222//2222 2224//2224 2045//2045
f 2224//2224 1897//1897 1938//1938
f 1938//1938 1941//1941 2017//2017
f 2018//2018 2047//2047 2225//2225 2017//2017
f 2224//2224 2225//2225 2047//2047 2045//2045
f 1933//1933 2226//2226 2227//2227 1934//1934
f 2226//2226 2220//2220 2223//2223
f 2045//2045 2044//2044 2227//2227 2223//2223
f 1934//1934 2227//2227 2044//2044 1756//1756
f 1933//1933 1932//1932 2228//2228 2226//2226
f 2229//2229 2228//2228 1932//1932 1931//1931
f 2048//2048 2230//2230 2228//2228 2229//2229
f 2226//2226 2228//2228 2230//2230 2220//2220
f 1931//1931 1953//1953 2231//2231 2229//2229
f 2231//2231 1953//1953 1958//1958 2216//2216
f 2231//2231 2216//2216 2053//2053
f 2229//2229 2231//2231 2049//2049 2048//2048
f 1901//1901 1904//1904 2232//2232 2051//2051
f 2232//2232 1904//1904 1898//1898
f 2220//2220 2230//2230 2232//2232 2221//2221
f 2051//2051 2232//2232 2230//2230 2048//2048
f 1956//1956 1954//1954 2233//2233 2165//2165
f 2234//2234 2233//2233 1954//1954 1929//1929
f 2235//2235 2236//2236 2233//2233 2234//2234
f 2233//2233 2236//2236 2152//2152 2165//2165
f 2237//2237 2234//2234 1929//1929
f 2149//2149 2237//2237 1928//1928 1927//1927
f 2145//2145 2238//2238 2237//2237 2149//2149
f 2238//2238 2235//2235 2234//2234
f 2235//2235 2238//2238 2239//2239 2240//2240
f 2238//2238 2145//2145 2144//2144
f 1128//1128 1764//1764 2239//2239 2144//2144
f 2240//2240 2239//2239 1764//1764 1763//1763
f 1763//1763 1767//1767 2241//2241 2240//2240
f 2153//2153 2241//2241 1767//1767 1362//1362
f 2152//2152 2236//2236 2241//2241 2153//2153
f 2240//2240 2241//2241 2236//2236 2235//2235
f 52//52 51//51 2242//2242 2243//2243
f 2244//2244 2242//2242 51//51 50//50
f 2054//2054 2245//2245 2242//2242 2244//2244
f 2243//2243 2242//2242 2245//2245 2246//2246
f 2247//2247 2244//2244 50//50
f 2248//2248 2247//2247 1803//1803 1801//1801
f 2247//2247 2248//2248 2059//2059
f 2244//2244 2247//2247 2055//2055 2054//2054
f 1774//1774 2249//2249 2250//2250 2057//2057
f 2251//2251 2250//2250 2249//2249 2252//2252
f 2246//2246 2245//2245 2250//2250 2251//2251
f 2057//2057 2250//2250 2245//2245 2054//2054
f 2098//2098 2111//2111 2253//2253 2254//2254
f 1791//1791 2253//2253 2111//2111 1792//1792
f 1788//1788 2255//2255 2253//2253 1791//1791
f 2254//2254 2253//2253 2255//2255 2256//2256
f 1781//1781 2257//2257 2258//2258 1782//1782
f 2257//2257 1781//1781 154//154 2099//2099
f 2254//2254 2257//2257 2099//2099 2098//2098
f 2256//2256 2258//2258 2257//2257 2254//2254
f 1804//1804 1812//1812 2259//2259 2068//2068
f 2058//2058 2259//2259 1812//1812 1776//1776
f 2059//2059 2260//2260 2259//2259 2058//2058
f 2068//2068 2259//2259 2260//2260 2064//2064
f 1801//1801 1800//1800 2261//2261 2248//2248
f 2061//2061 2261//2261 1800//1800 147//147
f 2064//2064 2260//2260 2261//2261 2061//2061
f 2248//2248 2261//2261 2260//2260 2059//2059
f 1074//1074 1912//1912 2262//2262 2087//2087
f 2091//2091 2262//2262 1912//1912 1910//1910
f 2094//2094 2263//2263 2262//2262 2091//2091
f 2087//2087 2262//2262 2263//2263 2012//2012
f 2012//2012 2263//2263 2264//2264 2011//2011
f 2097//2097 2264//2264 2263//2263 2094//2094
f 1706//1706 1826//1826 2264//2264 2097//2097
f 2011//2011 2264//2264 1826//1826 1823//1823
f 2031//2031 2134//2134 2265//2265 2266//2266
f 1914//1914 2265//2265 2134//2134 1080//1080
f 1918//1918 2120//2120 2265//2265 1914//1914
f 2266//2266 2265//2265 2120//2120 2119//2119
f 2119//2119 2126//2126 2267//2267 2266//2266
f 2126//2126 1728//1728 1814//1814
f 1817//1817 2032//2032 2267//2267 1814//1814
f 2266//2266 2267//2267 2032//2032 2031//2031
f 2019//2019 2117//2117 2268//2268 2269//2269
f 1867//1867 2268//2268 2117//2117 1868//1868
f 259//259 2129//2129 2268//2268 1867//1867
f 2269//2269 2268//2268 2129//2129 2128//2128
f 2270//2270 1832//1832 1715//1715
f 2269//2269 2270//2270 2020//2020 2019//2019
f 2128//2128 2135//2135 2270//2270 2269//2269
f 1832//1832 2270//2270 2135//2135 1833//1833
f 2271//2271 2076//2076 323//323
f 329//329 233//233 2082//2082
f 2271//2271 2082//2082 2085//2085
f 2076//2076 2271//2271 2272//2272 2077//2077
f 1837//1837 1860//1860 2273//2273 2089//2089
f 1860//1860 1859//1859 2080//2080
f 2077//2077 2272//2272 2273//2273 2080//2080
f 2089//2089 2273//2273 2272//2272 2085//2085
f 1240//1240 2274//2274 2150//2150 1242//1242
f 1241//1241 2026//2026 2274//2274 1240//1240
f 2275//2275 2274//2274 2026//2026 2025//2025
f 2274//2274 2275//2275 2137//2137
f 2275//2275 2276//2276 2138//2138 2137//2137
f 2125//2125 2276//2276 2275//2275 2025//2025
f 1949//1949 1948//1948 2276//2276 2125//2125
f 2276//2276 1948//1948 1846//1846 2138//2138
f 1616//1616 1615//1615 2277//2277 2278//2278
f 844//844 2277//2277 1615//1615 846//846
f 2277//2277 844//844 845//845
f 2279//2279 2280//2280 2278//2278
f 1015//1015 1014//1014 2281//2281 2282//2282
f 1005//1005 1004//1004 2281//2281 1014//1014
f 828//828 2283//2283 2281//2281 1004//1004
f 2282//2282 2281//2281 2283//2283 2284//2284
f 2285//2285 2286//2286 2287//2287 2288//2288
f 1036//1036 2287//2287 2286//2286 1038//1038
f 1015//1015 2282//2282 2287//2287 1036//1036
f 2288//2288 2287//2287 2282//2282 2284//2284
f 2283//2283 2289//2289 2290//2290 2284//2284
f 827//827 2289//2289 2283//2283 828//828
f 833//833 2291//2291 2289//2289 827//827
f 2292//2292 2290//2290 2289//2289 2291//2291
f 2284//2284 2290//2290 2293//2293 2288//2288
f 2294//2294 2293//2293 2290//2290 2292//2292
f 2295//2295 2296//2296 2293//2293 2294//2294
f 2288//2288 2293//2293 2296//2296 2285//2285
f 2297//2297 2295//2295 2294//2294
f 2292//2292 2291//2291 2298//2298 2294//2294
f 835//835 2298//2298 2291//2291 833//833
f 835//835 839//839 2297//2297
f 2297//2297 839//839 1622//1622
f 1622//1622 1616//1616 2278//2278
f 2280//2280 2299//2299 2300//2300 2278//2278
f 2295//2295 2297//2297 2300//2300 2299//2299
f 2279//2279 2301//2301 2299//2299 2280//2280
f 2302//2302 2301//2301 2279//2279 845//845
f 2285//2285 2296//2296 2301//2301 2302//2302
f 2299//2299 2301//2301 2296//2296 2295//2295
f 845//845 841//841 2303//2303 2302//2302
f 1048//1048 2303//2303 841//841 840//840
f 1038//1038 2286//2286 2303//2303 1048//1048
f 2302//2302 2303//2303 2286//2286 2285//2285
f 1501//1501 1500//1500 2304//2304 1505//1505
f 2305//2305 2304//2304 1500//1500 1499//1499
f 2304//2304 2305//2305 2306//2306 2307//2307
f 1505//1505 2304//2304 2307//2307 1502//1502
f 1568//1568 2308//2308 2309//2309 1554//1554
f 1568//1568 1569//1569 1576//1576
f 1502//1502 2307//2307 2308//2308 1576//1576
f 2309//2309 2308//2308 2307//2307 2306//2306
f 2310//2310 1555//1555 1553//1553
f 1554//1554 2309//2309 2311//2311 1553//1553
f 2306//2306 2312//2312 2311//2311 2309//2309
f 2312//2312 2313//2313 2310//2310
f 1499//1499 1498//1498 2314//2314 2315//2315
f 1439//1439 1442//1442 2314//2314 1498//1498
f 1444//1444 2316//2316 2314//2314 1442//1442
f 2315//2315 2314//2314 2316//2316 2317//2317
f 1499//1499 2315//2315 2318//2318 2305//2305
f 2319//2319 2318//2318 2315//2315 2317//2317
f 2320//2320 2321//2321 2318//2318 2319//2319
f 2306//2306 2305//2305 2318//2318 2321//2321
f 2320//2320 2322//2322 2323//2323 2321//2321
f 2313//2313 2312//2312 2323//2323 2322//2322
f 2321//2321 2323//2323 2312//2312 2306//2306
f 2324//2324 2325//2325 2326//2326 2327//2327
f 2328//2328 2326//2326 2325//2325 2329//2329
f 1461//1461 1460//1460 2326//2326 2328//2328
f 2327//2327 2326//2326 1460//1460 1459//1459
f 2330//2330 2331//2331 2332//2332 2333//2333
f 1987//1987 2332//2332 2331//2331 1989//1989
f 1988//1988 2334//2334 2332//2332 1987//1987
f 2333//2333 2332//2332 2334//2334 2335//2335
f 2329//2329 2325//2325 2336//2336 2337//2337
f 2338//2338 2336//2336 2325//2325 2324//2324
f 2339//2339 2340//2340 2336//2336 2338//2338
f 2337//2337 2336//2336 2340//2340 2341//2341
f 2333//2333 2342//2342 2343//2343 2330//2330
f 2342//2342 2333//2333 2335//2335 2344//2344
f 2341//2341 2340//2340 2342//2342 2344//2344
f 2339//2339 2343//2343 2342//2342 2340//2340
f 1459//1459 2202//2202 2345//2345 2327//2327
f 2346//2346 2345//2345 2202//2202 2201//2201
f 2347//2347 2348//2348 2345//2345 2346//2346
f 2327//2327 2345//2345 2348//2348 2324//2324
f 2349//2349 2350//2350 2351//2351 2352//2352
f 2198//2198 2351//2351 2350//2350 2199//2199
f 1989//1989 2331//2331 2351//2351 2198//2198
f 2352//2352 2351//2351 2331//2331 2330//2330
f 2353//2353 2354//2354 2355//2355 2356//2356
f 2352//2352 2355//2355 2354//2354 2349//2349
f 2330//2330 2343//2343 2355//2355 2352//2352
f 2356//2356 2355//2355 2343//2343 2339//2339
f 2339//2339 2338//2338 2357//2357 2356//2356
f 2324//2324 2348//2348 2357//2357 2338//2338
f 2358//2358 2357//2357 2348//2348 2347//2347
f 2356//2356 2357//2357 2358//2358 2353//2353
f 2359//2359 2360//2360 2361//2361 2362//2362
f 2346//2346 2360//2360 2359//2359 2347//2347
f 2201//2201 2208//2208 2360//2360 2346//2346
f 2361//2361 2360//2360 2208//2208 1973//1973
f 2353//2353 2358//2358 2363//2363 2364//2364
f 2359//2359 2363//2363 2358//2358 2347//2347
f 2362//2362 2365//2365 2363//2363 2359//2359
f 2364//2364 2363//2363 2365//2365 2366//2366
f 2362//2362 2361//2361 2367//2367 2368//2368
f 1972//1972 2367//2367 2361//2361 1973//1973
f 1976//1976 2369//2369 2367//2367 1972//1972
f 2368//2368 2367//2367 2369//2369 2370//2370
f 2366//2366 2365//2365 2371//2371 2372//2372
f 2365//2365 2362//2362 2368//2368
f 2370//2370 2373//2373 2371//2371 2368//2368
f 2372//2372 2371//2371 2373//2373 2374//2374
f 2375//2375 2376//2376 2370//2370
f 2177//2177 2375//2375 2369//2369 1976//1976
f 2173//2173 2377//2377 2375//2375 2177//2177
f 2376//2376 2375//2375 2377//2377 2378//2378
f 2379//2379 2380//2380 2381//2381 2382//2382
f 2380//2380 2374//2374 2373//2373
f 2376//2376 2381//2381 2373//2373 2370//2370
f 2378//2378 2382//2382 2381//2381 2376//2376
f 2383//2383 2384//2384 2385//2385 2386//2386
f 2180//2180 2384//2384 2383//2383 1679//1679
f 2184//2184 2387//2387 2384//2384 2180//2180
f 2388//2388 2385//2385 2384//2384 2387//2387
f 2378//2378 2377//2377 2389//2389 2390//2390
f 2172//2172 2389//2389 2377//2377 2173//2173
f 1977//1977 2391//2391 2389//2389 2172//2172
f 2390//2390 2389//2389 2391//2391 2392//2392
f 2390//2390 2393//2393 2382//2382 2378//2378
f 2392//2392 2394//2394 2393//2393 2390//2390
f 2395//2395 2396//2396 2393//2393 2394//2394
f 2382//2382 2393//2393 2396//2396 2379//2379
f 2386//2386 2385//2385 2397//2397 2398//2398
f 2399//2399 2397//2397 2385//2385 2388//2388
f 2379//2379 2396//2396 2397//2397 2399//2399
f 2398//2398 2397//2397 2396//2396 2395//2395
f 1684//1684 1680//1680 2400//2400 2401//2401
f 2383//2383 2400//2400 1680//1680 1679//1679
f 2386//2386 2402//2402 2400//2400 2383//2383
f 2401//2401 2400//2400 2402//2402 2403//2403
f 2392//2392 2391//2391 2404//2404 2405//2405
f 1980//1980 2404//2404 2391//2391 1977//1977
f 1982//1982 2406//2406 2404//2404 1980//1980
f 2405//2405 2404//2404 2406//2406 2407//2407
f 2405//2405 2408//2408 2394//2394 2392//2392
f 2407//2407 2409//2409 2408//2408 2405//2405
f 2410//2410 2411//2411 2408//2408 2409//2409
f 2394//2394 2408//2408 2411//2411 2395//2395
f 2403//2403 2402//2402 2412//2412 2413//2413
f 2398//2398 2412//2412 2402//2402 2386//2386
f 2395//2395 2411//2411 2412//2412 2398//2398
f 2413//2413 2412//2412 2411//2411 2410//2410
f 2414//2414 2415//2415 2416//2416 2417//2417
f 2416//2416 2415//2415 2407//2407 2406//2406
f 2418//2418 2416//2416 2406//2406 1982//1982
f 2419//2419 2417//2417 2416//2416 2418//2418
f 2407//2407 2415//2415 2420//2420 2409//2409
f 2421//2421 2420//2420 2415//2415 2414//2414
f 2422//2422 2423//2423 2420//2420 2421//2421
f 2409//2409 2420//2420 2423//2423 2410//2410
f 1642//1642 1657//1657 2424//2424 2425//2425
f 2426//2426 2424//2424 1657//1657 1656//1656
f 2427//2427 2428//2428 2424//2424 2426//2426
f 2424//2424 2428//2428 2429//2429 2425//2425
f 2429//2429 2430//2430 2431//2431 2432//2432
f 2433//2433 2431//2431 2430//2430 2434//2434
f 2435//2435 2436//2436 2431//2431 2433//2433
f 2432//2432 2431//2431 2436//2436 1494//1494
f 1489//1489 1485//1485 1495//1495
f 1494//1494 2436//2436 2437//2437 1495//1495
f 2438//2438 2437//2437 2436//2436 2435//2435
f 2437//2437 2438//2438 1490//1490 1489//1489
f 2432//2432 2439//2439 2425//2425 2429//2429
f 2439//2439 2432//2432 1494//1494
f 2439//2439 1626//1626 1625//1625
f 2425//2425 2439//2439 1643//1643 1642//1642
f 698//698 714//714 2450//2440 695//695
f 2451//2441 2450//2440 714//714 713//713
f 2450//2440 2451//2441 2452//2442
f 695//695 2450//2440 2453//2443 700//700
f 713//713 721//721 2454//2444 2451//2441
f 5//5 2454//2444 721//721 7//7
f 6//6 2455//2445 2454//2444 5//5
f 2451//2441 2454//2444 2455//2445 2452//2442
f 700//700 2453//2443 2459//2446 2460//2447
f 2452//2442 2461//2448 2459//2446 2453//2443
f 2459//2446 2461//2448 2462//2449 2463//2450
f 2460//2447 2459//2446 2463//2450 2464//2451
f 2465//2452 2466//2453 2467//2454
f 165//165 2465//2452 2468//2455 166//166
f 161//161 2469//2456 2465//2452 165//165
f 2466//2453 2465//2452 2469//2456 2470//2457
f 166//166 2468//2455 2471//2458 278//278
f 2472//2459 2471//2458 2468//2455 2467//2454
f 2473//2460 2474//2461 2471//2458 2472//2459
f 278//278 2471//2458 2474//2461 280//280
f 2475//2462 2476//2463 2477//2464 2478//2465
f 2476//2463 151//151 150//150
f 66//66 63//63 2477//2464 150//150
f 2478//2465 2477//2464 63//63 62//62
f 2479//2466 2480//2467 2481//2468 2482//2469
f 1944//1944 1952//1952 2480//2467 2479//2466
f 1919//1919 2483//2470 2480//2467 1952//1952
f 2481//2468 2480//2467 2483//2470 2484//2471
f 2485//2472 2486//2473 2484//2471
f 1922//1922 2485//2472 2483//2470 1919//1919
f 1916//1916 2487//2474 2485//2472 1922//1922
f 2486//2473 2485//2472 2487//2474 2488//2475
f 2489//2476 2490//2477 2491//2478 2492//2479
f 1140//1140 2489//2476 2492//2479 1141//1141
f 1060//1060 2493//2480 2489//2476 1140//1140
f 2490//2477 2489//2476 2493//2480 2494//2481
f 287//287 286//286 2495//2482 2496//2483
f 2497//2484 2495//2482 286//286 196//196
f 2498//2485 2499//2486 2495//2482 2497//2484
f 2496//2483 2495//2482 2499//2486 2500//2487
f 2501//2488 2502//2489 2503//2490 2504//2491
f 2418//2418 2503//2490 2502//2489 2419//2419
f 1982//1982 1981//1981 2503//2490 2418//2418
f 2504//2491 2503//2490 1981//1981 1467//1467
f 1669//1669 2505//2492 2506//2493 1668//1668
f 2507//2494 2506//2493 2505//2492 2508//2495
f 2509//2496 2510//2497 2506//2493 2507//2494
f 1668//1668 2506//2493 2510//2497 1670//1670
f 2509//2496 2511//2498 2512//2499 2510//2497
f 2513//2500 2512//2499 2511//2498 2514//2501
f 1983//1983 1994//1994 2512//2499 2513//2500
f 2510//2497 2512//2499 1994//1994 1670//1670
f 1988//1988 1984//1984 2515//2502 2516//2503
f 2513//2500 2515//2502 1984//1984 1983//1983
f 2514//2501 2517//2504 2515//2502 2513//2500
f 2516//2503 2515//2502 2517//2504 2518//2505
f 2518//2505 2519//2506 2520//2507 2516//2503
f 2521//2508 2520//2507 2519//2506 2522//2509
f 2335//2335 2334//2334 2520//2507 2521//2508
f 2516//2503 2520//2507 2334//2334 1988//1988
f 2523//2510 2524//2511 2525//2512 2526//2513
f 2527//2514 2525//2512 2524//2511 2528//2515
f 1967//1967 1970//1970 2525//2512 2527//2514
f 2526//2513 2525//2512 1970//1970 1885//1885
f 2529//2516 2530//2517 2531//2518 2532//2519
f 1895//1895 2531//2518 2530//2517 1892//1892
f 1900//1900 2533//2520 2531//2518 1895//1895
f 2532//2519 2531//2518 2533//2520 2534//2521
f 1135//1135 1133//1133 2535//2522 2536//2523
f 1939//1939 2535//2522 1133//1133 1134//1134
f 1892//1892 2530//2517 2535//2522 1939//1939
f 2536//2523 2535//2522 2530//2517 2529//2516
f 2537//2524 2538//2525 2539//2526 2540//2527
f 2319//2319 2539//2526 2538//2525 2320//2320
f 2317//2317 2541//2528 2539//2526 2319//2319
f 2540//2527 2539//2526 2541//2528 2542//2529
f 2542//2529 2541//2528 2543//2530 2544//2531
f 2316//2316 2543//2530 2541//2528 2317//2317
f 1444//1444 1452//1452 2543//2530 2316//2316
f 2544//2531 2543//2530 1452//1452 1451//1451
f 2545//2532 2546//2533 2547//2534 2548//2535
f 1963//1963 2547//2534 2546//2533 1906//1906
f 2527//2514 2547//2534 1963//1963 1967//1967
f 2528//2515 2548//2535 2547//2534 2527//2514
f 2534//2521 2533//2520 2549//2536 2550//2537
f 1905//1905 2549//2536 2533//2520 1900//1900
f 1906//1906 2546//2533 2549//2536 1905//1905
f 2550//2537 2549//2536 2546//2533 2545//2532
f 69//69 68//68 2551//2538 2552//2539
f 54//54 2551//2538 68//68 58//58
f 53//53 2553//2540 2551//2538 54//54
f 2552//2539 2551//2538 2553//2540 2554//2541
f 2470//2457 2469//2456 2555//2542 2556//2543
f 2555//2542 2469//2456 161//161 159//159
f 2557//2544 2555//2542 159//159 158//158
f 2556//2543 2555//2542 2557//2544 2558//2545
f 2559//2546 2560//2547 2561//2548 2562//2549
f 2563//2550 2564//2551 2560//2547 2559//2546
f 2565//2552 2560//2547 2564//2551 2558//2545
f 2560//2547 2565//2552 2566//2553 2561//2548
f 2567//2554 2568//2555 2569//2556 2570//2557
f 2556//2543 2569//2556 2568//2555 2470//2457
f 2558//2545 2564//2551 2569//2556 2556//2543
f 2570//2557 2569//2556 2564//2551 2563//2550
f 2563//2550 2571//2558 2572//2559 2570//2557
f 124//124 2572//2559 2571//2558 35//35
f 123//123 2573//2560 2572//2559 124//124
f 2570//2557 2572//2559 2573//2560 2567//2554
f 2566//2553 2565//2552 2574//2561 2575//2562
f 2558//2545 2557//2544 2574//2561 2565//2552
f 158//158 1780//1780 2574//2561 2557//2544
f 2574//2561 1780//1780 1779//1779 2575//2562
f 26//26 36//36 2576//2563 2577//2564
f 2571//2558 2576//2563 36//36 35//35
f 2559//2546 2576//2563 2571//2558 2563//2550
f 2562//2549 2577//2564 2576//2563 2559//2546
f 2578//2565 2579//2566 2580//2567 2581//2568
f 31//31 27//27 2578//2565 2581//2568
f 2577//2564 2578//2565 27//27 26//26
f 2579//2566 2578//2565 2577//2564 2562//2549
f 2585//2569 2586//2570 2587//2571 2588//2572
f 1769//1769 2587//2571 2586//2570 1773//1773
f 2587//2571 1769//1769 1768//1768 2589//2573
f 2588//2572 2587//2571 2589//2573 2590//2574
f 2591//2575 2592//2576 2593//2577 2594//2578
f 2588//2572 2593//2577 2592//2576 2585//2569
f 2590//2574 2595//2579 2593//2577 2588//2572
f 2594//2578 2593//2577 2595//2579 2596//2580
f 2596//2580 2597//2581 2598//2582 2594//2578
f 2552//2539 2598//2582 2597//2581 69//69
f 2554//2541 2599//2583 2598//2582 2552//2539
f 2594//2578 2598//2582 2599//2583 2591//2575
f 2596//2580 2595//2579 2600//2584 2601//2585
f 2602//2586 2600//2584 2595//2579 2590//2574
f 2603//2587 2604//2588 2600//2584 2602//2586
f 2601//2585 2600//2584 2604//2588 2605//2589
f 2605//2589 2606//2590 2607//2591 2601//2585
f 65//65 2607//2591 2606//2590 62//62
f 69//69 2597//2581 2607//2591 65//65
f 2601//2585 2607//2591 2597//2581 2596//2580
f 176//176 2608//2592 1808//1808 177//177
f 176//176 175//175 2609//2593
f 2603//2587 2610//2594 2608//2592 2609//2593
f 1809//1809 1808//1808 2608//2592 2610//2594
f 2603//2587 2609//2593 2611//2595 2604//2588
f 2611//2595 2609//2593 175//175 2612//2596
f 2611//2595 2612//2596 2613//2597
f 2604//2588 2611//2595 2614//2598 2605//2589
f 2590//2574 2589//2573 2615//2599 2602//2586
f 1768//1768 1810//1810 2615//2599 2589//2573
f 2610//2594 2615//2599 1810//1810 1809//1809
f 2602//2586 2615//2599 2610//2594 2603//2587
f 2488//2475 2487//2474 2616//2600 2617//2601
f 1915//1915 2616//2600 2487//2474 1916//1916
f 1075//1075 2618//2602 2616//2600 1915//1915
f 2617//2601 2616//2600 2618//2602 2619//2603
f 2478//2465 2620//2604 2621//2605 2475//2462
f 62//62 2606//2590 2620//2604 2478//2465
f 2620//2604 2606//2590 2605//2589 2614//2598
f 2621//2605 2620//2604 2614//2598 2613//2597
f 1078//1078 2622//2606 2618//2602 1075//1075
f 253//253 2623//2607 2622//2606 1078//1078
f 2624//2608 2625//2609 2622//2606 2623//2607
f 2618//2602 2622//2606 2625//2609 2619//2603
f 2619//2603 2625//2609 2626//2610 2627//2611
f 2628//2612 2626//2610 2625//2609 2624//2608
f 2629//2613 2630//2614 2626//2610 2628//2612
f 2627//2611 2626//2610 2630//2614 2631//2615
f 2493//2480 2632//2616 2633//2617 2494//2481
f 1059//1059 2632//2616 2493//2480 1060//1060
f 1055//1055 2634//2618 2632//2616 1059//1059
f 2632//2616 2634//2618 2635//2619 2633//2617
f 223//223 1082//1082 2636//2620 2637//2621
f 2638//2622 2636//2620 1082//1082 1081//1081
f 2631//2615 2630//2614 2636//2620 2638//2622
f 2637//2621 2636//2620 2630//2614 2629//2613
f 2635//2619 2634//2618 2639//2623 2640//2624
f 1054//1054 2639//2623 2634//2618 1055//1055
f 250//250 2641//2625 2639//2623 1054//1054
f 2640//2624 2639//2623 2641//2625 2642//2626
f 2635//2619 2640//2624 2643//2627 2644//2628
f 2645//2629 2643//2627 2640//2624 2642//2626
f 2646//2630 2647//2631 2643//2627 2645//2629
f 2644//2628 2643//2627 2647//2631 2648//2632
f 241//241 1064//1064 2649//2633 2650//2634
f 2651//2635 2649//2633 1064//1064 1068//1068
f 2648//2632 2647//2631 2649//2633 2651//2635
f 2650//2634 2649//2633 2647//2631 2646//2630
f 2624//2608 2623//2607 2652//2636 2653//2637
f 256//256 2652//2636 2623//2607 253//253
f 261//261 2654//2638 2652//2636 256//256
f 2652//2636 2654//2638 2655//2639 2653//2637
f 2656//2640 2657//2641 2629//2613 2628//2612
f 2656//2640 2628//2612 2624//2608 2653//2637
f 2658//2642 2656//2640 2653//2637 2655//2639
f 2659//2643 2657//2641 2656//2640 2658//2642
f 2660//2644 2661//2645 2657//2641 2659//2643
f 2661//2645 2660//2644 225//225 224//224
f 2637//2621 2661//2645 224//224 223//223
f 2629//2613 2657//2641 2661//2645 2637//2621
f 248//248 2662//2646 2641//2625 250//250
f 2663//2647 2662//2646 248//248 249//249
f 2664//2648 2665//2649 2662//2646 2663//2647
f 2641//2625 2662//2646 2665//2649 2642//2626
f 2666//2650 2667//2651 2668//2652 2669//2653
f 2645//2629 2668//2652 2667//2651 2646//2630
f 2642//2626 2665//2649 2668//2652 2645//2629
f 2669//2653 2668//2652 2665//2649 2664//2648
f 1841//1841 1945//1945 2670//2654 2671//2655
f 2479//2466 2670//2654 1945//1945 1944//1944
f 2482//2469 2672//2656 2670//2654 2479//2466
f 2671//2655 2670//2654 2672//2656 2673//2657
f 243//243 242//242 2674//2658 2675//2659
f 2650//2634 2674//2658 242//242 241//241
f 2646//2630 2667//2651 2674//2658 2650//2634
f 2675//2659 2674//2658 2667//2651 2666//2650
f 1124//1124 1842//1842 2676//2660 2677//2661
f 2671//2655 2676//2660 1842//1842 1841//1841
f 2673//2657 2678//2662 2676//2660 2671//2655
f 2678//2662 2679//2663 2677//2661
f 2680//2664 2681//2665 2682//2666 2683//2667
f 2684//2668 2682//2666 2681//2665 2685//2669
f 2682//2666 2684//2668 2679//2663
f 2683//2667 2682//2666 2678//2662 2673//2657
f 196//196 199//199 2686//2670 2497//2484
f 193//193 2687//2671 2686//2670 199//199
f 2688//2672 2689//2673 2686//2670 2687//2671
f 2497//2484 2686//2670 2689//2673 2498//2485
f 2690//2674 2691//2675 2681//2665 2680//2664
f 1247//1247 2691//2675 2690//2674 1248//1248
f 1119//1119 2692//2676 2691//2675 1247//1247
f 2691//2675 2692//2676 2685//2669
f 2567//2554 2573//2560 2693//2677 2694//2678
f 2693//2677 2573//2560 123//123 2695//2679
f 2696//2680 2693//2677 2695//2679 2697//2681
f 2694//2678 2693//2677 2696//2680 2698//2682
f 2688//2672 2687//2671 2699//2683 2700//2684
f 192//192 2699//2683 2687//2671 193//193
f 2699//2683 192//192 151//151
f 2700//2684 2699//2683 2476//2463 2475//2462
f 2698//2682 2701//2685 2702//2686 2694//2678
f 2701//2685 2467//2454 2466//2453
f 2470//2457 2568//2555 2702//2686 2466//2453
f 2694//2678 2702//2686 2568//2555 2567//2554
f 115//115 120//120 2703//2687 2704//2688
f 319//319 2703//2687 120//120 119//119
f 320//320 2705//2689 2703//2687 319//319
f 2704//2688 2703//2687 2705//2689 2697//2681
f 2697//2681 2705//2689 2706//2690 2696//2680
f 2707//2691 2706//2690 2705//2689 320//320
f 2708//2692 2706//2690 2707//2691 2709//2693
f 2698//2682 2696//2680 2706//2690 2708//2692
f 111//111 116//116 2710//2694 122//122
f 2704//2688 2710//2694 116//116 115//115
f 2710//2694 2704//2688 2697//2681
f 122//122 2710//2694 2695//2679 123//123
f 2711//2695 2712//2696 2713//2697 2714//2698
f 2658//2642 2713//2697 2712//2696 2659//2643
f 2655//2639 2715//2699 2713//2697 2658//2642
f 2714//2698 2713//2697 2715//2699 2716//2700
f 2709//2693 2717//2701 2718//2702 2708//2692
f 2472//2459 2718//2702 2717//2701 2473//2460
f 2718//2702 2472//2459 2467//2454
f 2701//2685 2698//2682 2708//2692
f 315//315 321//321 2719//2703 2720//2704
f 2660//2644 2719//2703 321//321 225//225
f 2659//2643 2712//2696 2719//2703 2660//2644
f 2720//2704 2719//2703 2712//2696 2711//2695
f 1870//1870 1871//1871 2721//2705 2722//2706
f 2474//2461 2721//2705 1871//1871 280//280
f 2473//2460 2723//2707 2721//2705 2474//2461
f 2722//2706 2721//2705 2723//2707 2716//2700
f 2716//2700 2723//2707 2724//2708 2714//2698
f 2723//2707 2473//2460 2717//2701
f 2724//2708 2717//2701 2709//2693
f 2714//2698 2724//2708 2725//2709 2711//2695
f 261//261 1866//1866 2726//2710 2654//2638
f 1866//1866 1870//1870 2722//2706
f 2716//2700 2715//2699 2726//2710 2722//2706
f 2654//2638 2726//2710 2715//2699 2655//2639
f 320//320 316//316 2727//2711 2707//2691
f 2720//2704 2727//2711 316//316 315//315
f 2711//2695 2725//2709 2727//2711 2720//2704
f 2707//2691 2727//2711 2725//2709 2709//2693
f 287//287 2496//2483 2728//2712 343//343
f 2500//2487 2729//2713 2728//2712 2496//2483
f 2728//2712 2729//2713 2730//2714 2731//2715
f 343//343 2728//2712 2731//2715 293//293
f 2663//2647 2732//2716 2733//2717 2664//2648
f 292//292 2732//2716 2663//2647 249//249
f 293//293 2731//2715 2732//2716 292//292
f 2730//2714 2733//2717 2732//2716 2731//2715
f 2734//2718 2735//2719 2736//2720 2737//2721
f 2738//2722 2736//2720 2735//2719 2739//2723
f 2501//2488 2740//2724 2736//2720 2738//2722
f 2737//2721 2736//2720 2740//2724 2741//2725
f 2742//2726 2743//2727 2744//2728 2745//2729
f 2743//2727 1334//1334 1337//1337
f 1339//1339 2746//2730 2744//2728 1337//1337
f 2745//2729 2744//2728 2746//2730 2734//2718
f 1355//1355 1351//1351 2747//2731 2748//2732
f 2749//2733 2747//2731 1351//1351 1350//1350
f 2750//2734 2751//2735 2747//2731 2749//2733
f 2748//2732 2747//2731 2751//2735 2741//2725
f 2752//2736 2753//2737 2751//2735 2750//2734
f 2745//2729 2753//2737 2752//2736 2742//2726
f 2734//2718 2737//2721 2753//2737 2745//2729
f 2741//2725 2751//2735 2753//2737 2737//2721
f 1467//1467 1466//1466 2754//2738 2504//2491
f 2748//2732 2754//2738 1466//1466 1355//1355
f 2741//2725 2740//2724 2754//2738 2748//2732
f 2504//2491 2754//2738 2740//2724 2501//2488
f 1472//1472 2755//2739 2746//2730 1339//1339
f 1472//1472 1473//1473 2756//2740
f 2739//2723 2735//2719 2755//2739 2756//2740
f 2746//2730 2755//2739 2735//2719 2734//2718
f 2757//2741 2758//2742 1880//1880
f 1453//1453 2759//2743 2757//2741 1889//1889
f 2760//2744 2761//2745 2757//2741 2759//2743
f 2758//2742 2757//2741 2761//2745 2762//2746
f 1885//1885 1881//1881 2763//2747 2526//2513
f 2758//2742 2763//2747 1881//1881 1880//1880
f 2762//2746 2764//2748 2763//2747 2758//2742
f 2526//2513 2763//2747 2764//2748 2523//2510
f 2765//2749 2766//2750 2767//2751 2768//2752
f 2769//2753 2767//2751 2766//2750 2770//2754
f 1383//1383 1380//1380 2767//2751 2769//2753
f 2768//2752 2767//2751 1380//1380 1149//1149
f 1145//1145 2771//2755 2772//2756 1146//1146
f 2773//2757 2772//2756 2771//2755 2774//2758
f 2765//2749 2768//2752 2772//2756 2773//2757
f 1146//1146 2772//2756 2768//2752 1149//1149
f 2775//2759 2776//2760 2777//2761 2778//2762
f 2776//2760 2529//2516 2532//2519
f 2534//2521 2779//2763 2777//2761 2532//2519
f 2778//2762 2777//2761 2779//2763 2780//2764
f 2780//2764 2781//2765 2782//2766 2783//2767
f 2784//2768 2782//2766 2781//2765 2785//2769
f 2770//2754 2766//2750 2782//2766 2784//2768
f 2783//2767 2782//2766 2766//2750 2765//2749
f 2786//2770 2773//2757 2774//2758
f 2787//2771 2775//2759 2778//2762
f 2780//2764 2783//2767 2786//2770 2778//2762
f 2773//2757 2786//2770 2783//2767 2765//2749
f 2788//2772 2789//2773 2790//2774 2791//2775
f 1066//1066 2790//2774 2789//2773 1068//1068
f 1067//1067 1824//1824 2790//2774 1066//1066
f 2791//2775 2790//2774 1824//1824 1705//1705
f 2550//2537 2792//2776 2779//2763 2534//2521
f 2792//2776 2550//2537 2545//2532 2793//2777
f 2785//2769 2781//2765 2792//2776 2793//2777
f 2779//2763 2792//2776 2781//2765 2780//2764
f 2494//2481 2633//2617 2794//2778 2795//2779
f 2644//2628 2794//2778 2633//2617 2635//2619
f 2648//2632 2796//2780 2794//2778 2644//2628
f 2795//2779 2794//2778 2796//2780 2797//2781
f 1705//1705 1703//1703 2798//2782 2791//2775
f 1132//1132 2798//2782 1703//1703 1129//1129
f 2798//2782 1132//1132 1137//1137
f 2791//2775 2798//2782 2799//2783 2788//2772
f 2788//2772 2799//2783 2800//2784 2801//2785
f 2802//2786 2800//2784 2799//2783 1137//1137
f 2803//2787 2804//2788 2800//2784 2802//2786
f 2801//2785 2800//2784 2804//2788 2797//2781
f 2797//2781 2796//2780 2805//2789 2801//2785
f 2651//2635 2805//2789 2796//2780 2648//2632
f 1068//1068 2789//2773 2805//2789 2651//2635
f 2801//2785 2805//2789 2789//2773 2788//2772
f 2806//2790 2807//2791 2808//2792 2809//2793
f 1084//1084 2808//2792 2807//2791 1081//1081
f 1086//1086 1094//1094 2808//2792 1084//1084
f 2809//2793 2808//2792 1094//1094 1093//1093
f 2491//2478 2490//2477 2810//2794 2811//2795
f 2795//2779 2810//2794 2490//2477 2494//2481
f 2797//2781 2804//2788 2810//2794 2795//2779
f 2804//2788 2803//2787 2811//2795
f 2488//2475 2617//2601 2812//2796 2813//2797
f 2627//2611 2812//2796 2617//2601 2619//2603
f 2631//2615 2814//2798 2812//2796 2627//2611
f 2813//2797 2812//2796 2814//2798 2815//2799
f 1093//1093 1250//1250 2816//2800 2809//2793
f 2817//2801 2816//2800 1250//1250 1249//1249
f 2818//2802 2819//2803 2816//2800 2817//2801
f 2809//2793 2816//2800 2819//2803 2806//2790
f 2820//2804 2821//2805 2819//2803 2818//2802
f 2822//2806 2821//2805 2820//2804 2823//2807
f 2824//2808 2821//2805 2822//2806 2815//2799
f 2806//2790 2819//2803 2821//2805 2824//2808
f 2815//2799 2814//2798 2825//2809 2824//2808
f 2638//2622 2825//2809 2814//2798 2631//2615
f 1081//1081 2807//2791 2825//2809 2638//2622
f 2824//2808 2825//2809 2807//2791 2806//2790
f 2826//2810 2827//2811 2828//2812 2829//2813
f 2830//2814 2831//2815 2828//2812 2827//2811
f 2832//2816 2833//2817 2828//2812 2831//2815
f 2829//2813 2828//2812 2833//2817 2834//2818
f 2823//2807 2835//2819 2836//2820 2822//2806
f 2835//2819 2484//2471 2486//2473
f 2488//2475 2813//2797 2836//2820 2486//2473
f 2822//2806 2836//2820 2813//2797 2815//2799
f 1114//1114 1342//1342 2837//2821 2838//2822
f 1343//1343 2839//2823 2837//2821 1342//1342
f 2827//2811 2837//2821 2839//2823 2830//2814
f 2838//2822 2837//2821 2827//2811 2826//2810
f 1127//1127 1125//1125 2840//2824 2841//2825
f 2677//2661 2840//2824 1125//1125 1124//1124
f 2679//2663 2842//2826 2840//2824 2677//2661
f 2841//2825 2840//2824 2842//2826 2834//2818
f 2834//2818 2842//2826 2843//2827 2829//2813
f 2684//2668 2843//2827 2842//2826 2679//2663
f 2685//2669 2844//2828 2843//2827 2684//2668
f 2829//2813 2843//2827 2844//2828 2826//2810
f 2834//2818 2833//2817 2845//2829 2841//2825
f 2846//2830 2845//2829 2833//2817 2832//2816
f 1762//1762 1759//1759 2845//2829 2846//2830
f 2841//2825 2845//2829 1759//1759 1127//1127
f 2774//2758 2771//2755 2847//2831 2848//2832
f 1161//1161 2847//2831 2771//2755 1145//1145
f 1156//1156 2849//2833 2847//2831 1161//1161
f 2848//2832 2847//2831 2849//2833 2850//2834
f 1115//1115 2851//2835 2692//2676 1119//1119
f 2838//2822 2851//2835 1115//1115 1114//1114
f 2826//2810 2844//2828 2851//2835 2838//2822
f 2692//2676 2851//2835 2844//2828 2685//2669
f 1137//1137 1136//1136 2852//2836 2802//2786
f 2853//2837 2852//2836 1136//1136 1135//1135
f 2854//2838 2855//2839 2852//2836 2853//2837
f 2802//2786 2852//2836 2855//2839 2803//2787
f 1155//1155 2856//2840 2849//2833 1156//1156
f 1141//1141 2492//2479 2856//2840 1155//1155
f 2491//2478 2857//2841 2856//2840 2492//2479
f 2856//2840 2857//2841 2850//2834 2849//2833
f 2850//2834 2857//2841 2858//2842 2859//2843
f 2811//2795 2858//2842 2857//2841 2491//2478
f 2803//2787 2855//2839 2858//2842 2811//2795
f 2859//2843 2858//2842 2855//2839 2854//2838
f 2775//2759 2787//2771 2860//2844 2861//2845
f 2848//2832 2860//2844 2787//2771 2774//2758
f 2850//2834 2859//2843 2860//2844 2848//2832
f 2860//2844 2859//2843 2854//2838
f 2862//2846 1269//1269 1243//1243
f 2863//2847 2862//2846 1246//1246 1248//1248
f 2864//2848 2862//2846 2863//2847 2865//2849
f 2864//2848 1270//1270 1269//1269
f 2853//2837 2866//2850 2861//2845 2854//2838
f 1135//1135 2536//2523 2866//2850 2853//2837
f 2866//2850 2536//2523 2529//2516
f 2861//2845 2866//2850 2776//2760 2775//2759
f 2673//2657 2672//2656 2867//2851 2683//2667
f 2868//2852 2867//2851 2672//2656 2482//2469
f 2869//2853 2870//2854 2867//2851 2868//2852
f 2683//2667 2867//2851 2870//2854 2680//2664
f 2865//2849 2871//2855 2872//2856 2864//2848
f 2871//2855 2818//2802 2817//2801
f 2872//2856 2817//2801 1249//1249
f 2864//2848 2872//2856 1283//1283 1270//1270
f 2869//2853 2873//2857 2874//2858 2875//2859
f 2820//2804 2874//2858 2873//2857 2823//2807
f 2874//2858 2820//2804 2818//2802
f 2875//2859 2874//2858 2871//2855 2865//2849
f 2865//2849 2863//2847 2876//2860 2875//2859
f 2690//2674 2876//2860 2863//2847 1248//1248
f 2680//2664 2870//2854 2876//2860 2690//2674
f 2875//2859 2876//2860 2870//2854 2869//2853
f 2877//2861 2878//2862 2742//2726 2752//2736
f 2750//2734 2879//2863 2877//2861 2752//2736
f 2880//2864 2881//2865 2877//2861 2879//2863
f 2878//2862 2877//2861 2881//2865 2882//2866
f 2482//2469 2481//2468 2883//2867 2868//2852
f 2835//2819 2883//2867 2481//2468 2484//2471
f 2823//2807 2873//2857 2883//2867 2835//2819
f 2868//2852 2883//2867 2873//2857 2869//2853
f 1349//1349 2884//2868 2885//2869 1347//1347
f 2884//2868 1349//1349 1334//1334 2743//2727
f 2878//2862 2884//2868 2743//2727 2742//2726
f 2882//2866 2885//2869 2884//2868 2878//2862
f 2886//2870 2887//2871 1364//1364 1765//1765
f 2846//2830 2886//2870 1765//1765 1762//1762
f 2832//2816 2888//2872 2886//2870 2846//2830
f 2880//2864 2887//2871 2886//2870 2888//2872
f 2832//2816 2831//2815 2889//2873 2888//2872
f 2890//2874 2889//2873 2831//2815 2830//2814
f 2882//2866 2881//2865 2889//2873 2890//2874
f 2888//2872 2889//2873 2881//2865 2880//2864
f 2749//2733 2891//2875 2879//2863 2750//2734
f 1360//1360 2891//2875 2749//2733 1350//1350
f 1364//1364 2887//2871 2891//2875 1360//1360
f 2879//2863 2891//2875 2887//2871 2880//2864
f 2892//2876 2893//2877 2894//2878 2895//2879
f 1366//1366 2894//2878 2893//2877 1367//1367
f 1373//1373 1387//1387 2894//2878 1366//1366
f 2895//2879 2894//2878 1387//1387 1386//1386
f 1386//1386 1394//1394 2896//2880 2895//2879
f 2769//2753 2896//2880 1394//1394 1383//1383
f 2770//2754 2897//2881 2896//2880 2769//2753
f 2895//2879 2896//2880 2897//2881 2892//2876
f 2830//2814 2839//2823 2898//2882 2890//2874
f 1345//1345 2898//2882 2839//2823 1343//1343
f 1347//1347 2885//2869 2898//2882 1345//1345
f 2890//2874 2898//2882 2885//2869 2882//2866
f 2545//2532 2548//2535 2899//2883 2793//2777
f 2900//2884 2899//2883 2548//2535 2528//2515
f 2901//2885 2902//2886 2899//2883 2900//2884
f 2793//2777 2899//2883 2902//2886 2785//2769
f 2901//2885 2903//2887 2904//2888 2905//2889
f 2906//2890 2904//2888 2903//2887 2907//2891
f 1367//1367 2893//2877 2904//2888 2906//2890
f 2905//2889 2904//2888 2893//2877 2892//2876
f 2892//2876 2897//2881 2908//2892 2905//2889
f 2784//2768 2908//2892 2897//2881 2770//2754
f 2785//2769 2902//2886 2908//2892 2784//2768
f 2905//2889 2908//2892 2902//2886 2901//2885
f 2909//2893 2910//2894 2911//2895 2912//2896
f 2913//2897 2911//2895 2910//2894 2914//2898
f 2915//2899 2916//2900 2911//2895 2913//2897
f 2912//2896 2911//2895 2916//2900 2917//2901
f 2528//2515 2524//2511 2918//2902 2900//2884
f 2919//2903 2918//2902 2524//2511 2523//2510
f 2907//2891 2903//2887 2918//2902 2919//2903
f 2900//2884 2918//2902 2903//2887 2901//2885
f 2914//2898 2920//2904 2921//2905 2913//2897
f 2544//2531 2921//2905 2920//2904 2542//2529
f 1451//1451 2922//2906 2921//2905 2544//2531
f 2913//2897 2921//2905 2922//2906 2915//2899
f 2760//2744 2759//2743 2923//2907 2924//2908
f 1456//1456 2923//2907 2759//2743 1453//1453
f 1461//1461 2925//2909 2923//2907 1456//1456
f 2924//2908 2923//2907 2925//2909 2917//2901
f 2329//2329 2926//2910 2927//2911 2328//2328
f 2912//2896 2927//2911 2926//2910 2909//2893
f 2917//2901 2925//2909 2927//2911 2912//2896
f 2328//2328 2927//2911 2925//2909 1461//1461
f 1473//1473 1469//1469 2928//2912 2929//2913
f 1469//1469 1468//1468 1491//1491
f 1490//1490 2930//2914 2928//2912 1491//1491
f 2929//2913 2928//2912 2930//2914 2931//2915
f 2932//2916 2933//2917 2934//2918 2935//2919
f 2417//2417 2934//2918 2933//2917 2414//2414
f 2419//2419 2936//2920 2934//2918 2417//2417
f 2935//2919 2934//2918 2936//2920 2937//2921
f 2938//2922 2939//2923 2739//2723 2756//2740
f 2756//2740 1473//1473 2929//2913
f 2931//2915 2940//2924 2938//2922 2929//2913
f 2939//2923 2938//2922 2940//2924 2937//2921
f 2435//2435 2941//2925 2942//2926 2438//2438
f 2943//2927 2942//2926 2941//2925 2944//2928
f 2931//2915 2930//2914 2942//2926 2943//2927
f 2438//2438 2942//2926 2930//2914 1490//1490
f 2944//2928 2945//2929 2946//2930 2943//2927
f 2935//2919 2946//2930 2945//2929 2932//2916
f 2937//2921 2940//2924 2946//2930 2935//2919
f 2943//2927 2946//2930 2940//2924 2931//2915
f 2419//2419 2502//2489 2947//2931 2936//2920
f 2502//2489 2501//2488 2738//2722
f 2947//2931 2738//2722 2739//2723
f 2937//2921 2936//2920 2947//2931 2939//2923
f 2948//2932 2949//2933 2950//2934 2951//2935
f 2401//2401 2950//2934 2949//2933 1684//1684
f 2403//2403 2952//2936 2950//2934 2401//2401
f 2951//2935 2950//2934 2952//2936 2953//2937
f 2954//2938 2955//2939 2956//2940 2957//2941
f 2951//2935 2956//2940 2955//2939 2948//2932
f 2956//2940 2951//2935 2953//2937
f 2957//2941 2956//2940 2958//2942 2959//2943
f 2953//2937 2952//2936 2960//2944 2961//2945
f 2413//2413 2960//2944 2952//2936 2403//2403
f 2410//2410 2423//2423 2960//2944 2413//2413
f 2961//2945 2960//2944 2423//2423 2422//2422
f 2962//2946 2963//2947 2964//2948 2965//2949
f 2966//2950 2964//2948 2963//2947 2967//2951
f 2964//2948 2966//2950 1555//1555
f 2313//2313 2965//2949 2964//2948 2310//2310
f 2959//2943 2968//2952 2969//2953 2957//2941
f 2968//2952 2427//2427 2426//2426
f 1656//1656 2970//2954 2969//2953 2426//2426
f 2957//2941 2969//2953 2970//2954 2954//2938
f 2971//2955 2972//2956 2973//2957 2974//2958
f 2975//2959 2973//2957 2972//2956 2976//2960
f 2967//2951 2963//2947 2973//2957 2975//2959
f 2974//2958 2973//2957 2963//2947 2962//2946
f 2965//2949 2977//2961 2978//2962 2962//2946
f 2322//2322 2977//2961 2965//2949 2313//2313
f 2538//2525 2977//2961 2322//2322 2320//2320
f 2978//2962 2977//2961 2538//2525 2537//2524
f 2979//2963 2980//2964 2981//2965 2982//2966
f 1652//1652 2981//2965 2980//2964 1653//1653
f 1560//1560 2981//2965 1652//1652 1561//1561
f 2982//2966 2981//2965 1560//1560 1557//1557
f 1557//1557 1556//1556 2983//2967 2982//2966
f 1556//1556 1555//1555 2966//2950
f 2983//2967 2966//2950 2967//2951
f 2984//2968 2979//2963 2982//2966
f 2985//2969 2986//2970 2972//2956 2971//2955
f 2522//2509 2519//2506 2986//2970 2985//2969
f 2519//2506 2518//2505 2987//2971
f 2976//2960 2972//2956 2986//2970 2987//2971
f 2988//2972 2989//2973 2990//2974 2991//2975
f 2992//2976 2990//2974 2989//2973 2508//2495
f 2993//2977 2994//2978 2990//2974 2992//2976
f 2991//2975 2990//2974 2994//2978 2995//2979
f 2995//2979 2996//2980 2997//2981 2991//2975
f 1663//1663 2997//2981 2996//2980 1661//1661
f 1655//1655 2998//2982 2997//2981 1663//1663
f 2991//2975 2997//2981 2998//2982 2988//2972
f 1684//1684 2949//2933 2999//2983 1683//1683
f 2949//2933 2948//2932 3000//2984
f 2993//2977 3001//2985 2999//2983 3000//2984
f 1683//1683 2999//2983 3001//2985 1676//1676
f 2948//2932 2955//2939 3002//2986 3000//2984
f 3003//2987 3002//2986 2955//2939 2954//2938
f 2995//2979 2994//2978 3002//2986 3003//2987
f 3000//2984 3002//2986 2994//2978 2993//2977
f 3004//2988 3001//2985 2993//2977 2992//2976
f 2508//2495 2505//2492 3004//2988 2992//2976
f 1669//1669 1673//1673 3004//2988 2505//2492
f 3001//2985 3004//2988 1673//1673 1676//1676
f 3005//2989 3006//2990 3007//2991 3008//2992
f 2985//2969 3006//2990 3005//2989 2522//2509
f 2971//2955 3009//2993 3006//2990 2985//2969
f 3010//2994 3007//2991 3006//2990 3009//2993
f 2954//2938 2970//2954 3011//2995 3003//2987
f 1659//1659 3011//2995 2970//2954 1656//1656
f 1661//1661 2996//2980 3011//2995 1659//1659
f 3003//2987 3011//2995 2996//2980 2995//2979
f 2974//2958 3012//2996 3009//2993 2971//2955
f 2962//2946 2978//2962 3012//2996 2974//2958
f 2537//2524 3013//2997 3012//2996 2978//2962
f 3009//2993 3012//2996 3013//2997 3010//2994
f 2909//2893 2926//2910 3014//2998 3015//2999
f 2337//2337 3014//2998 2926//2910 2329//2329
f 2341//2341 3016//3000 3014//2998 2337//2337
f 3015//2999 3014//2998 3016//3000 3008//2992
f 2914//2898 2910//2894 3017//3001 3018//3002
f 3015//2999 3017//3001 2910//2894 2909//2893
f 3008//2992 3007//2991 3017//3001 3015//2999
f 3018//3002 3017//3001 3007//2991 3010//2994
f 2335//2335 2521//2508 3019//3003 2344//2344
f 3019//3003 2521//2508 2522//2509 3005//2989
f 3008//2992 3016//3000 3019//3003 3005//2989
f 2344//2344 3019//3003 3016//3000 2341//2341
f 2427//2427 2968//2952 3020//3004 3021//3005
f 3022//3006 3020//3004 2968//2952 2959//2943
f 3023//3007 3024//3008 3020//3004 3022//3006
f 3021//3005 3020//3004 3024//3008 3025//3009
f 3010//2994 3013//2997 3026//3010 3018//3002
f 2540//2527 3026//3010 3013//2997 2537//2524
f 2542//2529 2920//2904 3026//3010 2540//2527
f 3018//3002 3026//3010 2920//2904 2914//2898
f 2959//2943 2958//2942 3027//3011 3022//3006
f 2961//2945 3027//3011 2958//2942 2953//2937
f 2422//2422 3028//3012 3027//3011 2961//2945
f 3022//3006 3027//3011 3028//3012 3023//3007
f 2944//2928 2941//2925 3029//3013 3030//3014
f 2433//2433 3029//3013 2941//2925 2435//2435
f 2434//2434 3031//3015 3029//3013 2433//2433
f 3030//3014 3029//3013 3031//3015 3025//3009
f 2932//2916 2945//2929 3032//3016 3033//3017
f 3030//3014 3032//3016 2945//2929 2944//2928
f 3025//3009 3024//3008 3032//3016 3030//3014
f 3033//3017 3032//3016 3024//3008 3023//3007
f 2434//2434 2430//2430 3034//3018 3031//3015
f 2428//2428 3034//3018 2430//2430 2429//2429
f 3021//3005 3034//3018 2428//2428 2427//2427
f 3025//3009 3031//3015 3034//3018 3021//3005
f 3023//3007 3028//3012 3035//3019 3033//3017
f 2421//2421 3035//3019 3028//3012 2422//2422
f 2414//2414 2933//2917 3035//3019 2421//2421
f 3033//3017 3035//3019 2933//2917 2932//2916
f 3041//3020 3042//3021 3043//3022 3044//3023
f 182//182 3043//3022 3042//3021 174//174
f 183//183 3045//3024 3043//3022 182//182
f 3044//3023 3043//3022 3045//3024 3046//3025
f 3046//3025 3047//3026 3048//3027 3044//3023
f 3048//3027 3047//3026 2498//2485 2689//2673
f 3049//3028 3048//3027 2689//2673 2688//2672
f 3044//3023 3048//3027 3049//3028 3041//3020
f 2613//2597 2612//2596 3050//3029 3051//3030
f 173//173 3050//3029 2612//2596 175//175
f 174//174 3042//3021 3050//3029 173//173
f 3051//3030 3050//3029 3042//3021 3041//3020
f 3052//3031 3049//3028 2688//2672 2700//2684
f 2475//2462 2621//2605 3052//3031 2700//2684
f 2621//2605 2613//2597 3051//3030
f 3041//3020 3049//3028 3052//3031 3051//3030
f 2498//2485 3047//3026 3053//3032 2499//2486
f 3054//3033 3053//3032 3047//3026 3046//3025
f 3055//3034 3056//3035 3053//3032 3054//3033
f 3056//3035 2500//2487 2499//2486
f 3057//3036 3058//3037 3059//3038 3060//3039
f 2669//2653 3059//3038 3058//3037 2666//2650
f 2664//2648 2733//2717 3059//3038 2669//2653
f 3060//3039 3059//3038 2733//2717 2730//2714
f 333//333 3061//3040 3062//3041 186//186
f 337//337 3063//3042 3061//3040 333//333
f 3057//3036 3064//3043 3061//3040 3063//3042
f 3062//3041 3061//3040 3064//3043 3055//3034
f 3046//3025 3045//3024 3065//3044 3054//3033
f 187//187 3065//3044 3045//3024 183//183
f 186//186 3062//3041 3065//3044 187//187
f 3054//3033 3065//3044 3062//3041 3055//3034
f 2730//2714 2729//2713 3066//3045 3060//3039
f 3056//3035 3066//3045 2729//2713 2500//2487
f 3066//3045 3056//3035 3055//3034
f 3060//3039 3066//3045 3064//3043 3057//3036
f 340//340 3067//3046 3063//3042 337//337
f 3067//3046 340//340 243//243 2675//2659
f 2666//2650 3058//3037 3067//3046 2675//2659
f 3063//3042 3067//3046 3058//3037 3057//3036
f 2917//2901 2916//2900 3068//3047 2924//2908
f 3069//3048 3068//3047 2916//2900 2915//2899
f 3070//3049 3068//3047 3069//3048 3071//3050
f 2760//2744 2924//2908 3068//3047 3070//3049
f 2907//2891 2919//2903 3072//3051 3073//3052
f 2523//2510 2764//2748 3072//3051 2919//2903
f 3074//3053 3072//3051 2764//2748 2762//2746
f 3075//3054 3073//3052 3072//3051 3074//3053
f 1446//1446 3076//3055 3077//3056 1447//1447
f 3078//3057 3076//3055 1446//1446 1369//1369
f 3075//3054 3079//3058 3076//3055 3078//3057
f 3077//3056 3076//3055 3079//3058 3071//3050
f 2915//2899 2922//2906 3080//3059 3069//3048
f 2922//2906 1451//1451 1450//1450
f 3080//3059 1450//1450 1447//1447
f 3071//3050 3069//3048 3080//3059 3077//3056
f 2762//2746 2761//2745 3081//3060 3074//3053
f 3070//3049 3081//3060 2761//2745 2760//2744
f 3071//3050 3079//3058 3081//3060 3070//3049
f 3074//3053 3081//3060 3079//3058 3075//3054
f 3075//3054 3078//3057 3082//3061 3073//3052
f 3082//3061 3078//3057 1369//1369 1368//1368
f 3082//3061 1368//1368 1367//1367
f 3073//3052 3082//3061 2906//2890 2907//2891
f 2508//2495 2989//2973 3083//3062 2507//2494
f 3084//3063 3083//3062 2989//2973 2988//2972
f 3085//3064 3086//3065 3083//3062 3084//3063
f 2507//2494 3083//3062 3086//3065 2509//2496
f 2988//2972 2998//2982 3087//3066 3084//3063
f 1654//1654 3087//3066 2998//2982 1655//1655
f 3088//3067 3087//3066 1654//1654 1653//1653
f 3084//3063 3087//3066 3088//3067 3085//3064
f 1653//1653 2980//2964 3089//3068 3088//3067
f 3090//3069 3089//3068 2980//2964 2979//2963
f 3091//3070 3092//3071 3089//3068 3090//3069
f 3088//3067 3089//3068 3092//3071 3085//3064
f 2514//2501 2511//2498 3093//3072 3094//3073
f 3086//3065 3093//3072 2511//2498 2509//2496
f 3085//3064 3092//3071 3093//3072 3086//3065
f 3094//3073 3093//3072 3092//3071 3091//3070
f 2518//2505 2517//2504 3095//3074 2987//2971
f 3094//3073 3095//3074 2517//2504 2514//2501
f 3091//3070 3096//3075 3095//3074 3094//3073
f 2987//2971 3095//3074 3096//3075 2976//2960
f 2979//2963 2984//2968 3097//3076 3090//3069
f 2975//2959 3097//3076 2984//2968 2967//2951
f 2976//2960 3096//3075 3097//3076 2975//2959
f 3090//3069 3097//3076 3096//3075 3091//3070
f 2374//2374 2380//2380 3098//3077 3099//3078
f 2399//2399 3098//3077 2380//2380 2379//2379
f 2388//2388 3100//3079 3098//3077 2399//2399
f 3100//3079 3101//3080 3099//3078
f 3102//3081 3103//3082 3104//3083 3105//3084
f 3101//3080 3100//3079 3104//3083 3103//3082
f 2387//2387 3104//3083 3100//3079 2388//2388
f 3105//3084 3104//3083 2387//2387 2184//2184
f 3106//3085 3107//3086 3108//3087 3109//3088
f 3105//3084 3108//3087 3107//3086 3102//3081
f 2184//2184 2183//2183 3108//3087 3105//3084
f 3109//3088 3108//3087 2183//2183 2182//2182
f 3110//3089 3111//3090 3106//3085 3109//3088
f 3110//3089 3109//3088 2182//2182 2186//2186
f 2188//2188 3112//3091 3110//3089 2186//2186
f 3111//3090 3110//3089 3112//3091 3113//3092
f 3113//3092 3112//3091 3114//3093 3115//3094
f 2190//2190 3114//3093 3112//3091 2188//2188
f 2192//2192 3116//3095 3114//3093 2190//2190
f 3115//3094 3114//3093 3116//3095 3117//3096
f 3118//3097 3119//3098 3120//3099 3121//3100
f 3116//3095 3120//3099 3119//3098 3117//3096
f 2192//2192 2196//2196 3120//3099 3116//3095
f 3121//3100 3120//3099 2196//2196 2195//2195
f 3121//3100 3122//3101 3123//3102 3118//3097
f 2195//2195 2200//2200 3122//3101 3121//3100
f 3122//3101 2200//2200 2199//2199 3124//3103
f 3123//3102 3122//3101 3124//3103 3125//3104
f 2349//2349 2354//2354 3126//3105 3127//3106
f 2364//2364 3126//3105 2354//2354 2353//2353
f 2366//2366 3128//3107 3126//3105 2364//2364
f 3127//3106 3126//3105 3128//3107 3129//3108
f 3125//3104 3124//3103 3130//3109 3131//3110
f 2350//2350 3130//3109 3124//3103 2199//2199
f 3127//3106 3130//3109 2350//2350 2349//2349
f 3131//3110 3130//3109 3127//3106 3129//3108
f 2374//2374 3099//3078 3132//3111 2372//2372
f 3099//3078 3101//3080 3133//3112
f 3132//3111 3133//3112 3129//3108
f 3128//3107 2366//2366 2372//2372
f 3134//3113 3135//3114 3136//3115 3137//3116
f 3138//3117 3139//3118 3136//3115 3135//3114
f 3139//3118 3101//3080 3103//3082
f 3137//3116 3136//3115 3103//3082 3102//3081
f 3134//3113 3137//3116 3140//3119 3141//3120
f 3102//3081 3107//3086 3140//3119 3137//3116
f 3106//3085 3142//3121 3140//3119 3107//3086
f 3141//3120 3140//3119 3142//3121 3143//3122
f 3143//3122 3142//3121 3144//3123 3145//3124
f 3111//3090 3144//3123 3142//3121 3106//3085
f 3113//3092 3146//3125 3144//3123 3111//3090
f 3145//3124 3144//3123 3146//3125 3147//3126
f 3147//3126 3146//3125 3148//3127 3149//3128
f 3115//3094 3148//3127 3146//3125 3113//3092
f 3150//3129 3148//3127 3115//3094 3117//3096
f 3148//3127 3150//3129 3151//3130 3149//3128
f 3152//3131 3153//3132 3154//3133 3155//3134
f 3150//3129 3154//3133 3153//3132 3151//3130
f 3117//3096 3119//3098 3154//3133 3150//3129
f 3155//3134 3154//3133 3119//3098 3118//3097
f 3134//3113 3141//3120 3156//3135 3157//3136
f 3156//3135 3141//3120 3143//3122 3158//3137
f 3159//3138 3160//3139 3156//3135 3158//3137
f 3157//3136 3156//3135 3160//3139 3161//3140
f 3159//3138 3158//3137 3162//3141 3163//3142
f 3145//3124 3162//3141 3158//3137 3143//3122
f 3147//3126 3164//3143 3162//3141 3145//3124
f 3165//3144 3163//3142 3162//3141 3164//3143
f 3166//3145 3167//3146 3168//3147 3169//3148
f 3155//3134 3168//3147 3167//3146 3152//3131
f 3118//3097 3123//3102 3168//3147 3155//3134
f 3169//3148 3168//3147 3123//3102 3125//3104
f 3165//3144 3164//3143 3170//3149 3171//3150
f 3149//3128 3170//3149 3164//3143 3147//3126
f 3151//3130 3172//3151 3170//3149 3149//3128
f 3173//3152 3171//3150 3170//3149 3172//3151
f 3161//3140 3160//3139 3174//3153 3175//3154
f 3163//3142 3174//3153 3160//3139 3159//3138
f 3165//3144 3171//3150 3174//3153 3163//3142
f 3175//3154 3174//3153 3171//3150 3173//3152
f 3176//3155 3177//3156 3178//3157 3179//3158
f 3175//3154 3178//3157 3177//3156 3161//3140
f 3173//3152 3180//3159 3178//3157 3175//3154
f 3179//3158 3178//3157 3180//3159 3181//3160
f 3151//3130 3153//3132 3182//3161 3172//3151
f 3183//3162 3182//3161 3153//3132 3152//3131
f 3181//3160 3180//3159 3182//3161 3183//3162
f 3172//3151 3182//3161 3180//3159 3173//3152
f 3184//3163 3185//3164 3186//3165 3187//3166
f 3133//3112 3186//3165 3185//3164 3129//3108
f 3186//3165 3133//3112 3101//3080
f 3139//3118 3138//3117 3187//3166
f 3135//3114 3188//3167 3189//3168 3138//3117
f 3157//3136 3188//3167 3135//3114 3134//3113
f 3161//3140 3177//3156 3188//3167 3157//3136
f 3189//3168 3188//3167 3177//3156 3176//3155
f 3185//3164 3184//3163 3190//3169
f 3190//3169 3166//3145 3169//3148
f 3169//3148 3125//3104 3131//3110
f 3131//3110 3129//3108 3185//3164
f 3191//3170 3192//3171 3193//3172 3194//3173
f 3190//3169 3193//3172 3192//3171 3166//3145
f 3184//3163 3195//3174 3193//3172 3190//3169
f 3194//3173 3193//3172 3195//3174 3176//3155
f 3189//3168 3176//3155 3195//3174
f 3187//3166 3196//3175 3195//3174 3184//3163
f 3138//3117 3189//3168 3196//3175 3187//3166
f 3181//3160 3197//3176 3198//3177 3179//3158
f 3194//3173 3198//3177 3197//3176 3191//3170
f 3179//3158 3198//3177 3194//3173 3176//3155
f 3152//3131 3167//3146 3199//3178 3183//3162
f 3192//3171 3199//3178 3167//3146 3166//3145
f 3191//3170 3197//3176 3199//3178 3192//3171
f 3183//3162 3199//3178 3197//3176 3181//3160
f 3201//3179 3202//3180 3203//3181 3204//3182
f 3205//3183 3202//3180 3201//3179 3206//3184
f 1//1 22//22 3202//3180 3205//3183
f 3202//3180 22//22 25//25
f 3204//3182 3203//3181 3207//3185 3208//3186
f 42//42 3207//3185 3203//3181 25//25
f 34//34 33//33 3207//3185 42//42
f 3208//3186 3207//3185 33//33 32//32
f 3209//3187 3212//3188 3213//3189 3211//3190
f 3210//3191 3214//3192 3212//3188 3209//3187
f 3215//3193 3212//3188 3214//3192 3216//3194
f 3217//3195 3213//3189 3212//3188 3215//3193
f 3216//3194 3218//3196 3219//3197 3215//3193
f 30//30 3219//3197 3218//3196 32//32
f 31//31 3220//3198 3219//3197 30//30
f 3215//3193 3219//3197 3220//3198 3217//3195
f 1779//1779 1778//1778 3221//3199 3222//3200
f 3223//3201 3221//3199 1778//1778 1782//1782
f 3224//3202 3225//3203 3221//3199 3223//3201
f 3226//3204 3222//3200 3221//3199 3225//3203
f 3228//3205 3227//3206 3229//3207 3230//3208
f 3231//3209 3229//3207 3227//3206 2584//3210
f 3232//3211 3229//3207 3231//3209 3233//3212
f 3234//3213 3230//3208 3229//3207 3232//3211
f 3223//3201 3235//3214 3236//3215 3224//3202
f 1782//1782 2258//2258 3235//3214 3223//3201
f 3237//3216 3235//3214 2258//2258 2256//2256
f 3238//3217 3236//3215 3235//3214 3237//3216
f 3233//3212 3239//3218 3240//3219 3232//3211
f 3225//3203 3240//3219 3239//3218 3226//3204
f 3224//3202 3241//3220 3240//3219 3225//3203
f 3232//3211 3240//3219 3241//3220 3234//3213
f 2256//2256 2255//2255 3242//3221 3237//3216
f 1788//1788 1784//1784 3242//3221 2255//2255
f 1783//1783 3243//3222 3242//3221 1784//1784
f 3237//3216 3242//3221 3243//3222 3238//3217
f 3245//3223 3246//3224 3247//3225 3248//3226
f 1786//1786 3246//3224 3245//3223 1783//1783
f 44//44 3249//3227 3246//3224 1786//1786
f 3247//3225 3246//3224 3249//3227 3250//3228
f 3251//3229 3253//3230 3254//3231 3252//3232
f 3255//3233 3253//3230 3251//3229 3244//3234
f 3248//3226 3247//3225 3253//3230 3255//3233
f 3250//3228 3254//3231 3253//3230 3247//3225
f 3250//3228 3249//3227 3256//3235 3257//3236
f 47//47 3256//3235 3249//3227 44//44
f 52//52 3258//3237 3256//3235 47//47
f 3258//3237 3259//3238 3257//3236
f 3260//3239 3262//3240 3263//3241 3261//3242
f 3252//3232 3254//3231 3262//3240 3260//3239
f 3257//3236 3262//3240 3254//3231 3250//3228
f 3262//3240 3257//3236 3259//3238
f 3259//3238 3258//3237 3264//3243 3265//3244
f 2243//2243 3264//3243 3258//3237 52//52
f 2246//2246 3266//3245 3264//3243 2243//2243
f 3265//3244 3264//3243 3266//3245 3267//3246
f 3268//3247 3270//3248 3271//3249 3269//3250
f 3261//3242 3263//3241 3270//3248 3268//3247
f 3265//3244 3270//3248 3263//3241 3259//3238
f 3267//3246 3271//3249 3270//3248 3265//3244
f 3267//3246 3266//3245 3272//3251 3273//3252
f 2251//2251 3272//3251 3266//3245 2246//2246
f 2252//2252 3274//3253 3272//3251 2251//2251
f 3273//3252 3272//3251 3274//3253 3275//3254
f 2252//2252 2249//2249 3276//3255 3277//3256
f 1772//1772 3276//3255 2249//2249 1774//1774
f 1773//1773 3278//3257 3276//3255 1772//1772
f 3279//3258 3277//3256 3276//3255 3278//3257
f 3280//3259 3282//3260 3283//3261 3281//3262
f 3269//3250 3271//3249 3282//3260 3280//3259
f 3273//3252 3282//3260 3271//3249 3267//3246
f 3275//3254 3283//3261 3282//3260 3273//3252
f 3285//3263 3286//3264 3287//3265 3288//3266
f 3275//3254 3274//3253 3287//3265 3286//3264
f 3277//3256 3287//3265 3274//3253 2252//2252
f 3288//3266 3287//3265 3277//3256 3279//3258
f 3289//3267 3290//3268 3286//3264 3285//3263
f 2440//3269 3284//3270 3290//3268 3289//3267
f 3281//3262 3283//3261 3290//3268 3284//3270
f 3286//3264 3290//3268 3283//3261 3275//3254
f 3278//3257 3291//3271 3292//3272 3279//3258
f 1773//1773 2586//2570 3291//3271 3278//3257
f 3293//3273 3291//3271 2586//2570 2585//2569
f 3294//3274 3292//3272 3291//3271 3293//3273
f 3295//3275 3296//3276 3297//3277 3298//3278
f 3288//3266 3297//3277 3296//3276 3285//3263
f 3279//3258 3292//3272 3297//3277 3288//3266
f 3298//3278 3297//3277 3292//3272 3294//3274
f 3299//3279 3300//3280 3296//3276 3295//3275
f 2442//3281 2441//3282 3300//3280 3299//3279
f 3289//3267 3300//3280 2441//3282 2440//3269
f 3285//3263 3296//3276 3300//3280 3289//3267
f 3301//3283 3302//3284 3303//3285 3304//3286
f 53//53 56//56 3302//3284 3301//3283
f 61//61 3305//3287 3302//3284 56//56
f 3303//3285 3302//3284 3305//3287 3306//3288
f 3307//3289 3308//3290 3309//3291 3310//3292
f 3311//3293 3309//3291 3308//3290 3312//3294
f 3304//3286 3303//3285 3309//3291 3311//3293
f 3310//3292 3309//3291 3303//3285 3306//3288
f 3313//3295 3314//3296 3308//3290 3307//3289
f 2445//3297 2444//3298 3314//3296 3313//3295
f 3315//3299 3314//3296 2444//3298 2443//3300
f 3312//3294 3308//3290 3314//3296 3315//3299
f 3306//3288 3305//3287 3316//3301 3317//3302
f 78//78 3316//3301 3305//3287 61//61
f 79//79 3318//3303 3316//3301 78//78
f 3317//3302 3316//3301 3318//3303 3319//3304
f 3320//3305 3321//3306 3322//3307 3323//3308
f 3310//3292 3322//3307 3321//3306 3307//3289
f 3306//3288 3317//3302 3322//3307 3310//3292
f 3317//3302 3319//3304 3323//3308
f 3324//3309 3325//3310 3326//3311 3327//3312
f 3325//3310 694//694 699//699
f 700//700 2460//2447 3326//3311 699//699
f 2464//2451 3327//3312 3326//3311 2460//2447
f 3328//3313 3329//3314 3321//3306 3320//3305
f 2447//3315 2446//3316 3329//3314 3328//3313
f 3313//3295 3329//3314 2446//3316 2445//3297
f 3307//3289 3321//3306 3329//3314 3313//3295
f 3324//3309 3330//3317 3331//3318 3325//3310
f 3331//3318 3330//3317 3319//3304 3318//3303
f 693//693 3331//3318 3318//3303 79//79
f 694//694 3325//3310 3331//3318 693//693
f 3332//3319 3333//3320 3334//3321 3335//3322
f 3323//3308 3334//3321 3333//3320 3320//3305
f 3334//3321 3323//3308 3319//3304
f 3335//3322 3334//3321 3330//3317 3324//3309
f 3336//3323 3337//3324 3333//3320 3332//3319
f 2449//3325 2448//3326 3337//3324 3336//3323
f 3328//3313 3337//3324 2448//3326 2447//3315
f 3320//3305 3333//3320 3337//3324 3328//3313
f 3339//3327 3338//3328 3340//3329
f 3336//3323 3340//3329 3338//3328 2449//3325
f 3332//3319 3341//3330 3340//3329 3336//3323
f 3342//3331 3343//3332 3340//3329 3341//3330
f 3335//3322 3344//3333 3341//3330 3332//3319
f 3324//3309 3327//3312 3344//3333 3335//3322
f 3345//3334 3344//3333 3327//3312 2464//2451
f 3344//3333 3345//3334 3342//3331 3341//3330
f 3348//3335 3350//3336 3351//3337 3349//3338
f 3211//3190 3213//3189 3350//3336 3348//3335
f 3352//3339 3350//3336 3213//3189 3217//3195
f 3353//3340 3351//3337 3350//3336 3352//3339
f 3355//3341 3356//3342 3357//3343 3358//3344
f 2579//2566 3355//3341 3358//3344 2580//2567
f 2562//2549 2561//2548 3355//3341 2579//2566
f 3356//3342 3355//3341 2561//2548 2566//2553
f 3217//3195 3220//3198 3359//3345 3352//3339
f 2581//2568 3359//3345 3220//3198 31//31
f 2580//2567 3360//3346 3359//3345 2581//2568
f 3352//3339 3359//3345 3360//3346 3353//3340
f 3361//3347 3356//3342 2566//2553 2575//2562
f 3222//3200 3361//3347 2575//2562 1779//1779
f 3361//3347 3222//3200 3226//3204 3362//3348
f 3357//3343 3356//3342 3361//3347 3362//3348
f 3362//3348 3363//3349 3364//3350 3357//3343
f 3226//3204 3239//3218 3363//3349 3362//3348
f 3365//3351 3363//3349 3239//3218 3233//3212
f 3366//3352 3364//3350 3363//3349 3365//3351
f 3367//3353 3368//3354 3364//3350 3366//3352
f 3353//3340 3360//3346 3368//3354 3367//3353
f 3358//3344 3368//3354 3360//3346 2580//2567
f 3357//3343 3364//3350 3368//3354 3358//3344
f 3369//3355 3370//3356 3371//3357 3372//3358
f 3293//3273 3371//3357 3370//3356 3294//3274
f 2585//2569 2592//2576 3371//3357 3293//3273
f 3372//3358 3371//3357 2592//2576 2591//2575
f 3233//3212 3231//3209 3373//3359 3365//3351
f 2584//3210 2583//3360 3373//3359 3231//3209
f 3374//3361 3373//3359 2583//3360 2582//3362
f 3373//3359 3374//3361 3366//3352 3365//3351
f 3375//3363 3367//3353 3366//3352 3374//3361
f 2582//3362 3354//3364 3375//3363 3374//3361
f 3375//3363 3354//3364 3349//3338 3351//3337
f 3367//3353 3375//3363 3351//3337 3353//3340
f 3376//3365 3377//3366 3378//3367 3379//3368
f 3298//3278 3378//3367 3377//3366 3295//3275
f 3294//3274 3370//3356 3378//3367 3298//3278
f 3379//3368 3378//3367 3370//3356 3369//3355
f 3380//3369 3381//3370 3382//3371 3383//3372
f 3036//3373 3039//3374 3381//3370 3380//3369
f 3039//3374 3038//3375 3384//3376
f 3376//3365 3382//3371 3381//3370 3384//3376
f 3384//3376 3385//3377 3377//3366 3376//3365
f 3385//3377 3384//3376 3038//3375
f 3299//3279 3385//3377 3040//3378 2442//3281
f 3295//3275 3377//3366 3385//3377 3299//3279
f 3386//3379 3387//3380 3388//3381 3389//3382
f 3372//3358 3388//3381 3387//3380 3369//3355
f 2591//2575 2599//2583 3388//3381 3372//3358
f 3389//3382 3388//3381 2599//2583 2554//2541
f 3383//3372 3382//3371 3390//3383 3391//3384
f 3379//3368 3390//3383 3382//3371 3376//3365
f 3369//3355 3387//3380 3390//3383 3379//3368
f 3391//3384 3390//3383 3387//3380 3386//3379
f 2554//2541 2553//2540 3392//3385 3389//3382
f 3301//3283 3392//3385 2553//2540 53//53
f 3304//3286 3393//3386 3392//3385 3301//3283
f 3389//3382 3392//3385 3393//3386 3386//3379
f 3386//3379 3393//3386 3394//3387 3391//3384
f 3311//3293 3394//3387 3393//3386 3304//3286
f 3312//3294 3395//3388 3394//3387 3311//3293
f 3391//3384 3394//3387 3395//3388 3383//3372
f 3315//3299 3396//3389 3395//3388 3312//3294
f 2443//3300 3037//3390 3396//3389 3315//3299
f 3380//3369 3396//3389 3037//3390 3036//3373
f 3383//3372 3395//3388 3396//3389 3380//3369
f 3208//3186 3399//3391 3400//3392 3204//3182
f 32//32 3218//3196 3399//3391 3208//3186
f 3401//3393 3399//3391 3218//3196 3216//3194
f 3402//3394 3400//3392 3399//3391 3401//3393
f 3401//3393 3404//3395 3405//3396 3402//3394
f 3216//3194 3214//3192 3404//3395 3401//3393
f 3398//3397 3404//3395 3214//3192 3210//3191
f 3397//3398 3405//3396 3404//3395 3398//3397
f 3406//3399 3407//3400 3408//3401
f 3402//3394 3405//3396 3406//3399 3409//3402
f 3403//3403 3406//3399 3405//3396 3397//3398
f 3403//3403 3200//3404 3407//3400
f 3410//3405 3411//3406 3412//3407 3413//3408
f 3412//3407 3411//3406 2452//2442
f 3414//3409 3412//3407 2455//2445 6//6
f 3413//3408 3412//3407 3414//3409 3415//3410
f 3409//3402 3408//3401 3416//3411
f 3417//3412 3416//3411 3206//3184
f 3204//3182 3400//3392 3417//3412 3201//3179
f 3409//3402 3417//3412 3400//3392 3402//3394
f 6//6 2//2 3421//3413 3414//3409
f 2//2 1//1 3205//3183
f 3421//3413 3205//3183 3206//3184
f 3415//3410 3414//3409 3421//3413 3422//3414
f 3423//3415 3424//3416 3425//3417 3426//3418
f 3408//3401 3407//3400 3424//3416 3423//3415
f 3407//3400 3200//3404 3420//3419
f 3418//3420 3425//3417 3424//3416 3420//3419
f 3426//3418 3425//3417 3427//3421 3428//3422
f 3419//3423 3427//3421 3425//3417 3418//3420
f 2456//3424 3429//3425 3427//3421 3419//3423
f 3428//3422 3427//3421 3429//3425 3430//3426
f 3430//3426 3431//3427 3432//3428 3428//3422
f 3413//3408 3432//3428 3431//3427 3410//3405
f 3415//3410 3433//3429 3432//3428 3413//3408
f 3428//3422 3432//3428 3433//3429 3426//3418
f 3422//3414 3434//3430 3433//3429 3415//3410
f 3206//3184 3416//3411 3434//3430 3422//3414
f 3423//3415 3434//3430 3416//3411 3408//3401
f 3426//3418 3433//3429 3434//3430 3423//3415
f 3238//3217 3243//3222 3437//3431 3438//3432
f 3245//3223 3437//3431 3243//3222 1783//1783
f 3248//3226 3439//3433 3437//3431 3245//3223
f 3438//3432 3437//3431 3439//3433 3440//3434
f 3436//3435 3441//3436 3442//3437 3443//3438
f 3230//3208 3442//3437 3441//3436 3228//3205
f 3234//3213 3444//3439 3442//3437 3230//3208
f 3443//3438 3442//3437 3444//3439 3440//3434
f 3440//3434 3439//3433 3445//3440 3443//3438
f 3255//3233 3445//3440 3439//3433 3248//3226
f 3244//3234 3435//3441 3445//3440 3255//3233
f 3443//3438 3445//3440 3435//3441 3436//3435
f 3440//3434 3444//3439 3446//3442 3438//3432
f 3234//3213 3241//3220 3446//3442 3444//3439
f 3224//3202 3236//3215 3446//3442 3241//3220
f 3438//3432 3446//3442 3236//3215 3238//3217
f 3345//3334 3449//3443 3450//3444 3342//3331
f 2464//2451 2463//2450 3449//3443 3345//3334
f 2462//2449 3451//3445 3449//3443 2463//2450
f 3450//3444 3449//3443 3451//3445 3452//3446
f 3430//3426 3429//3425 3453//3447 3454//3448
f 2457//3449 3453//3447 3429//3425 2456//3424
f 2458//3450 3455//3451 3453//3447 2457//3449
f 3454//3448 3453//3447 3455//3451 3456//3452
f 3457//3453 3458//3454 3459//3455
f 3410//3405 3431//3427 3460//3456 3459//3455
f 3454//3448 3460//3456 3431//3427 3430//3426
f 3456//3452 3457//3453 3460//3456 3454//3448
f 2462//2449 2461//2448 3461//3457 3462//3458
f 2461//2448 2452//2442 3411//3406
f 3461//3457 3411//3406 3410//3405
f 3462//3458 3461//3457 3459//3455 3458//3454
f 3347//3459 3463//3460 3464//3461 3346//3462
f 3347//3459 3339//3327 3343//3332
f 3450//3444 3463//3460 3343//3332 3342//3331
f 3452//3446 3464//3461 3463//3460 3450//3444
f 3466//3463 3467//3464 3468//3465 3469//3466
f 3456//3452 3455//3451 3467//3464 3466//3463
f 3447//3467 3467//3464 3455//3451 2458//3450
f 3448//3468 3468//3465 3467//3464 3447//3467
f 3448//3468 3465//3469 3470//3470 3468//3465
f 3464//3461 3470//3470 3465//3469 3346//3462
f 3470//3470 3464//3461 3452//3446 3471//3471
f 3469//3466 3468//3465 3470//3470 3471//3471
f 3457//3453 3472//3472 3473//3473 3458//3454
f 3466//3463 3472//3472 3457//3453 3456//3452
f 3469//3466 3473//3473 3472//3472 3466//3463
f 3452//3446 3451//3445 3474//3474 3471//3471
f 3462//3458 3474//3474 3451//3445 2462//2449
f 3458//3454 3473//3473 3474//3474 3462//3458
f 3471//3471 3474//3474 3473//3473 3469//3466
f 21//21 19//19 18//18
f 50//50 51//51 46//46
f 98//98 97//97 99//99
f 100//100 99//99 105//105
f 110//110 109//109 19//19
f 94//94 96//96 117//117
f 118//118 117//117 96//96
f 136//136 139//139 134//134
f 142//142 144//144 140//140
f 151//151 152//152 148//148
f 149//149 148//148 152//152
f 228//228 229//229 226//226
f 231//231 226//226 229//229
f 226//226 232//232 234//234
f 197//197 284//284 283//283
f 196//196 286//286 284//284
f 311//311 312//312 309//309
f 232//232 330//330 331//331
f 282//282 285//285 341//341
f 363//363 386//386 384//384
f 388//388 391//391 389//389
f 403//403 402//402 401//401
f 400//400 423//423 426//426
f 439//439 441//441 437//437
f 447//447 449//449 450//450
f 465//465 466//466 463//463
f 468//468 440//440 442//442
f 497//497 498//498 494//494
f 510//510 508//508 507//507
f 503//503 511//511 508//508
f 509//509 508//508 511//511
f 504//504 526//526 525//525
f 499//499 498//498 526//526
f 525//525 526//526 498//498
f 533//533 535//535 531//531
f 532//532 531//531 537//537
f 538//538 537//537 539//539
f 540//540 539//539 466//466
f 469//469 541//541 540//540
f 542//542 541//541 543//543
f 501//501 545//545 441//441
f 544//544 546//546 547//547
f 561//561 562//562 559//559
f 563//563 565//565 559//559
f 574//574 571//571 570//570
f 575//575 576//576 571//571
f 582//582 579//579 578//578
f 592//592 591//591 532//532
f 597//597 598//598 595//595
f 597//597 596//596 603//603
f 564//564 565//565 605//605
f 606//606 605//605 565//565
f 608//608 605//605 606//606
f 627//627 625//625 624//624
f 616//616 615//615 631//631
f 588//588 624//624 631//631
f 632//632 640//640 621//621
f 637//637 643//643 644//644
f 620//620 644//644 643//643
f 638//638 641//641 646//646
f 626//626 646//646 641//641
f 630//630 634//634 646//646
f 645//645 646//646 634//634
f 671//671 669//669 200//200
f 672//672 670//670 669//669
f 282//282 342//342 679//679
f 677//677 682//682 681//681
f 671//671 681//681 682//682
f 201//201 283//283 681//681
f 678//678 681//681 283//283
f 690//690 704//704 705//705
f 769//769 775//775 774//774
f 493//493 814//814 496//496
f 490//490 816//816 814//814
f 490//490 489//489 823//823
f 828//828 829//829 826//826
f 830//830 826//826 829//829
f 831//831 832//832 826//826
f 827//827 826//826 832//832
f 835//835 834//834 838//838
f 872//872 873//873 870//870
f 869//869 874//874 870//870
f 798//798 896//896 895//895
f 900//900 904//904 903//903
f 898//898 897//897 903//903
f 879//879 881//881 906//906
f 907//907 906//906 908//908
f 875//875 874//874 910//910
f 877//877 910//910 874//874
f 911//911 910//910 907//907
f 913//913 912//912 911//911
f 916//916 919//919 914//914
f 918//918 919//919 916//916
f 909//909 914//914 919//919
f 923//923 924//924 920//920
f 908//908 929//929 922//922
f 943//943 951//951 950//950
f 436//436 953//953 952//952
f 948//948 951//951 952//952
f 954//954 953//953 436//436
f 375//375 956//956 959//959
f 975//975 974//974 916//916
f 984//984 985//985 983//983
f 915//915 921//921 985//985
f 980//980 990//990 570//570
f 561//561 568//568 991//991
f 981//981 991//991 989//989
f 1007//1007 1006//1006 1008//1008
f 1009//1009 1011//1011 1010//1010
f 965//965 1010//1010 1011//1011
f 964//964 978//978 1010//1010
f 1007//1007 1010//1010 978//978
f 1014//1014 1012//1012 1008//1008
f 230//230 229//229 1069//1069
f 1071//1071 1069//1069 229//229
f 1070//1070 1069//1069 1073//1073
f 1100//1100 1099//1099 1101//1101
f 1110//1110 1107//1107 1106//1106
f 1111//1111 1112//1112 1107//1107
f 1108//1108 1107//1107 1112//1112
f 1141//1141 1142//1142 1138//1138
f 1146//1146 1148//1148 1144//1144
f 1150//1150 1151//1151 1148//1148
f 1143//1143 1142//1142 1153//1153
f 1156//1156 1158//1158 1153//1153
f 1157//1157 1158//1158 1159//1159
f 1161//1161 1159//1159 1158//1158
f 1152//1152 1160//1160 1159//1159
f 1164//1164 1167//1167 1166//1166
f 1165//1165 1166//1166 1170//1170
f 1154//1154 1170//1170 1166//1166
f 1171//1171 1170//1170 1154//1154
f 1157//1157 1160//1160 1172//1172
f 1173//1173 1172//1172 1160//1160
f 1171//1171 1172//1172 1175//1175
f 602//602 1182//1182 590//590
f 1198//1198 1197//1197 1196//1196
f 1198//1198 1199//1199 635//635
f 1184//1184 1199//1199 1198//1198
f 1168//1168 1175//1175 1200//1200
f 1213//1213 1211//1211 1206//1206
f 1254//1254 1253//1253 1255//1255
f 1257//1257 1244//1244 1243//1243
f 1258//1258 1257//1257 1259//1259
f 1263//1263 1264//1264 1261//1261
f 1258//1258 1261//1261 1264//1264
f 1260//1260 1265//1265 1261//1261
f 1274//1274 1276//1276 1272//1272
f 1256//1256 1274//1274 1273//1273
f 1275//1275 1274//1274 1256//1256
f 1276//1276 1274//1274 1275//1275
f 862//862 1277//1277 1101//1101
f 1275//1275 1277//1277 1278//1278
f 1270//1270 1283//1283 1282//1282
f 1252//1252 1282//1282 1283//1283
f 1263//1263 1280//1280 1290//1290
f 1291//1291 1294//1294 1264//1264
f 1297//1297 1296//1296 1293//1293
f 1315//1315 1313//1313 1312//1312
f 1309//1309 1320//1320 1318//1318
f 1315//1315 1330//1330 1328//1328
f 1314//1314 1332//1332 1330//1330
f 1350//1350 1353//1353 1359//1359
f 1366//1366 1365//1365 1372//1372
f 1375//1375 1388//1388 1387//1387
f 1389//1389 1388//1388 1390//1390
f 1152//1152 1151//1151 1406//1406
f 1150//1150 1385//1385 1408//1408
f 1174//1174 1405//1405 1413//1413
f 1415//1415 1416//1416 1413//1413
f 1419//1419 1420//1420 1417//1417
f 593//593 1422//1422 1421//1421
f 1424//1424 1422//1422 593//593
f 1415//1415 1423//1423 1422//1422
f 1425//1425 1426//1426 1420//1420
f 1403//1403 1423//1423 1426//1426
f 594//594 1183//1183 1427//1427
f 1194//1194 1416//1416 1427//1427
f 1395//1395 1425//1425 1428//1428
f 1409//1409 1430//1430 1418//1418
f 1384//1384 1392//1392 1430//1430
f 1429//1429 1430//1430 1392//1392
f 1399//1399 1433//1433 1432//1432
f 1371//1371 1437//1437 1435//1435
f 1438//1438 1443//1443 1441//1441
f 1445//1445 1370//1370 1369//1369
f 1483//1483 1484//1484 1480//1480
f 1481//1481 1480//1480 1484//1484
f 1485//1485 1489//1489 1488//1488
f 1491//1491 1488//1488 1489//1489
f 1505//1505 1504//1504 1506//1506
f 1401//1401 1432//1432 1508//1508
f 1497//1497 1508//1508 1432//1432
f 1521//1521 1523//1523 1519//1519
f 1518//1518 1517//1517 1541//1541
f 1542//1542 1541//1541 1535//1535
f 1580//1580 1581//1581 1579//1579
f 831//831 1582//1582 1581//1581
f 831//831 830//830 1584//1584
f 1582//1582 1584//1584 1585//1585
f 1578//1578 1588//1588 1586//1586
f 535//535 1586//1586 1588//1588
f 533//533 1421//1421 1586//1586
f 1587//1587 1586//1586 1421//1421
f 1402//1402 1589//1589 1587//1587
f 1591//1591 1590//1590 523//523
f 1593//1593 1590//1590 1591//1591
f 1569//1569 1565//1565 1594//1594
f 1595//1595 1594//1594 1565//1565
f 1577//1577 1594//1594 1597//1597
f 506//506 509//509 1601//1601
f 1583//1583 1593//1593 1603//1603
f 1602//1602 1605//1605 1597//1597
f 1608//1608 1607//1607 1580//1580
f 839//839 838//838 1607//1607
f 846//846 1615//1615 1612//1612
f 1613//1613 1612//1612 1615//1615
f 1619//1619 1620//1620 1618//1618
f 1616//1616 1622//1622 1621//1621
f 1610//1610 1623//1623 1621//1621
f 1626//1626 1627//1627 1624//1624
f 1483//1483 1611//1611 1627//1627
f 1624//1624 1627//1627 1611//1611
f 1690//1690 1694//1694 1691//1691
f 1697//1697 1698//1698 1695//1695
f 1720//1720 1719//1719 1721//1721
f 1722//1722 1721//1721 1725//1725
f 1732//1732 1731//1731 1238//1238
f 1734//1734 1731//1731 1732//1732
f 1528//1528 1743//1743 1741//1741
f 1738//1738 1737//1737 1741//1741
f 1747//1747 1748//1748 1745//1745
f 1733//1733 1758//1758 1757//1757
f 1794//1794 1797//1797 1798//1798
f 147//147 1800//1800 1798//1798
f 49//49 1790//1790 1802//1802
f 48//48 1802//1802 1803//1803
f 1814//1814 1813//1813 1816//1816
f 1817//1817 1816//1816 1827//1827
f 1071//1071 1827//1827 1816//1816
f 1833//1833 1834//1834 1831//1831
f 1830//1830 1829//1829 1835//1835
f 1120//1120 1843//1843 1842//1842
f 1877//1877 1879//1879 1878//1878
f 1743//1743 1878//1878 1879//1879
f 1927//1927 1928//1928 1925//1925
f 1930//1930 1925//1925 1928//1928
f 1758//1758 1935//1935 1934//1934
f 1926//1926 1935//1935 1936//1936
f 1942//1942 1940//1940 1134//1134
f 1702//1702 1943//1943 1942//1942
f 1947//1947 1951//1951 1952//1952
f 1930//1930 1955//1955 1953//1953
f 1955//1955 1930//1930 1929//1929
f 1959//1959 1960//1960 1957//1957
f 1884//1884 1969//1969 1968//1968
f 1973//1973 1974//1974 1971//1971
f 1972//1972 1971//1971 1975//1975
f 2003//2003 2004//2004 2001//2001
f 1693//1693 2005//2005 2001//2001
f 2002//2002 2001//2001 2005//2005
f 2045//2045 2047//2047 2043//2043
f 2051//2051 2050//2050 1964//1964
f 1694//1694 2074//2074 2005//2005
f 2000//2000 2071//2071 2074//2074
f 1859//1859 1864//1864 2079//2079
f 1923//1923 1950//1950 2124//2124
f 2028//2028 2124//2124 2125//2125
f 2122//2122 2127//2127 2126//2126
f 1123//1123 2141//2141 2139//2139
f 2140//2140 2139//2139 2141//2141
f 2142//2142 2141//2141 2143//2143
f 2140//2140 2151//2151 2150//2150
f 1358//1358 2156//2156 2154//2154
f 2155//2155 2154//2154 2156//2156
f 2156//2156 2158//2158 2161//2161
f 2168//2168 2167//2167 1463//1463
f 1976//1976 1975//1975 2175//2175
f 2198//2198 2197//2197 1990//1990
f 2207//2207 2206//2206 1891//1891
f 2052//2052 2214//2214 1968//1968
f 2211//2211 2214//2214 2215//2215
f 1896//1896 2222//2222 2221//2221
f 1938//1938 2225//2225 2224//2224
f 2017//2017 2225//2225 1938//1938
f 2223//2223 2227//2227 2226//2226
f 2053//2053 2049//2049 2231//2231
f 1898//1898 2221//2221 2232//2232
f 1929//1929 1928//1928 2237//2237
f 2234//2234 2237//2237 2238//2238
f 2144//2144 2239//2239 2238//2238
f 50//50 1803//1803 2247//2247
f 2059//2059 2055//2055 2247//2247
f 1814//1814 2267//2267 2126//2126
f 1715//1715 2020//2020 2270//2270
f 323//323 329//329 2271//2271
f 2082//2082 2271//2271 329//329
f 2085//2085 2272//2272 2271//2271
f 2080//2080 2273//2273 1860//1860
f 2137//2137 2150//2150 2274//2274
f 845//845 2279//2279 2277//2277
f 2278//2278 2277//2277 2279//2279
f 2294//2294 2298//2298 2297//2297
f 2297//2297 2298//2298 835//835
f 1622//1622 2300//2300 2297//2297
f 2278//2278 2300//2300 1622//1622
f 1576//1576 2308//2308 1568//1568
f 1553//1553 2311//2311 2310//2310
f 2310//2310 2311//2311 2312//2312
f 2368//2368 2371//2371 2365//2365
f 2370//2370 2369//2369 2375//2375
f 2373//2373 2381//2381 2380//2380
f 1495//1495 2437//2437 1489//1489
f 1494//1494 1626//1626 2439//2439
f 1625//1625 1643//1643 2439//2439
f 2452//2442 2453//2443 2450//2440
f 2467//2454 2468//2455 2465//2452
f 150//150 2477//2464 2476//2463
f 2484//2471 2483//2470 2485//2472
f 2609//2593 2608//2592 176//176
f 2613//2597 2614//2598 2611//2595
f 2677//2661 2676//2660 2678//2662
f 2679//2663 2678//2662 2682//2666
f 2685//2669 2681//2665 2691//2675
f 151//151 2476//2463 2699//2683
f 2466//2453 2702//2686 2701//2685
f 2697//2681 2695//2679 2710//2694
f 2467//2454 2701//2685 2718//2702
f 2708//2692 2718//2702 2701//2685
f 2717//2701 2724//2708 2723//2707
f 2709//2693 2725//2709 2724//2708
f 2722//2706 2726//2710 1866//1866
f 1337//1337 2744//2728 2743//2727
f 2756//2740 2755//2739 1472//1472
f 1880//1880 1889//1889 2757//2741
f 2532//2519 2777//2761 2776//2760
f 2774//2758 2787//2771 2786//2770
f 2778//2762 2786//2770 2787//2771
f 1137//1137 2799//2783 2798//2782
f 2811//2795 2810//2794 2804//2788
f 2486//2473 2836//2820 2835//2819
f 2854//2838 2861//2845 2860//2844
f 1243//1243 1246//1246 2862//2846
f 1269//1269 2862//2846 2864//2848
f 2529//2516 2776//2760 2866//2850
f 2817//2801 2872//2856 2871//2855
f 1249//1249 1283//1283 2872//2856
f 2818//2802 2871//2855 2874//2858
f 1491//1491 2928//2912 1469//1469
f 2929//2913 2938//2922 2756//2740
f 2738//2722 2947//2931 2502//2489
f 2739//2723 2939//2923 2947//2931
f 2953//2937 2958//2942 2956//2940
f 1555//1555 2310//2310 2964//2948
f 2426//2426 2969//2953 2968//2952
f 2966//2950 2983//2967 1556//1556
f 2967//2951 2984//2968 2983//2967
f 2982//2966 2983//2967 2984//2968
f 2987//2971 2986//2970 2519//2506
f 3000//2984 2999//2983 2949//2933
f 3051//3030 3052//3031 2621//2605
f 2499//2486 3053//3032 3056//3035
f 3055//3034 3064//3043 3066//3045
f 1450//1450 3080//3059 2922//2906
f 1447//1447 3077//3056 3080//3059
f 1367//1367 2906//2890 3082//3061
f 3099//3078 3098//3077 3100//3079
f 3133//3112 3132//3111 3099//3078
f 3129//3108 3128//3107 3132//3111
f 2372//2372 3132//3111 3128//3107
f 3103//3082 3136//3115 3139//3118
f 3101//3080 3139//3118 3186//3165
f 3187//3166 3186//3165 3139//3118
f 3190//3169 3475//3475 3185//3164
f 3169//3148 3475//3475 3190//3169
f 3131//3110 3475//3475 3169//3148
f 3185//3164 3475//3475 3131//3110
f 3195//3174 3196//3175 3189//3168
f 25//25 3203//3181 3202//3180
f 3257//3236 3256//3235 3258//3237
f 3259//3238 3263//3241 3262//3240
f 3323//3308 3322//3307 3317//3302
f 699//699 3326//3311 3325//3310
f 3319//3304 3330//3317 3334//3321
f 3340//3329 3343//3332 3339//3327
f 3384//3376 3381//3370 3039//3374
f 3038//3375 3040//3378 3385//3377
f 3408//3401 3409//3402 3406//3399
f 3407//3400 3406//3399 3403//3403
f 2452//2442 2455//2445 3412//3407
f 3416//3411 3417//3412 3409//3402
f 3206//3184 3201//3179 3417//3412
f 3205//3183 3421//3413 2//2
f 3206//3184 3422//3414 3421//3413
f 3420//3419 3424//3416 3407//3400
f 3459//3455 3460//3456 3457//3453
f 3411//3406 3461//3457 2461//2448
f 3410//3405 3459//3455 3461//3457
f 3343//3332 3463//3460 3347//3459
