# Blender 4.4.1
# www.blender.org
mtllib dragonSinAlas.mtl
o 17174_Tiamat_new
v 0.691723 -1.363251 0.397032
v 0.665823 -1.259690 0.332165
v 0.752323 -1.372066 0.505002
v 0.792823 -1.325691 0.575328
v 0.804523 -1.244876 0.594576
v 0.814123 -1.192798 0.618756
v 0.825923 -1.154635 0.649635
v 0.842223 -1.125459 0.688604
v 0.872123 -1.112894 0.747838
v 0.925323 -1.125145 0.837476
v 0.983723 -1.083239 0.922566
v 1.024423 -1.029959 0.987886
v 1.053523 -0.975627 1.042049
v 1.071323 -0.910429 1.085127
v 1.074923 -0.838298 1.108976
v 1.411723 -1.534739 0.408947
v 1.482823 -1.557410 0.395801
v 1.461423 -1.437139 0.482066
v 1.391123 -1.410123 0.491158
v 1.544223 -1.460567 0.454452
v 1.561323 -1.566872 0.360589
v 1.538523 -1.365765 0.536023
v 1.450723 -1.339825 0.558374
v 1.377623 -1.312625 0.560866
v 1.655723 -1.576043 0.316980
v 1.652523 -1.483643 0.412234
v 1.767523 -1.518019 0.364546
v 1.755723 -1.594007 0.266145
v 1.784823 -1.429736 0.446237
v 1.657323 -1.388321 0.488325
v 1.850023 -1.629004 0.206802
v 1.866723 -1.562271 0.304162
v 1.964123 -1.590136 0.223899
v 1.947023 -1.640574 0.125388
v 1.988023 -1.523991 0.317618
v 1.890523 -1.483885 0.394089
v 1.474423 -1.785168 0.085082
v 1.545123 -1.788169 0.067878
v 1.512023 -1.687932 0.253543
v 1.443523 -1.679316 0.272378
v 1.583223 -1.688411 0.227471
v 1.611923 -1.765105 0.048591
v 1.686823 -1.743321 0.027226
v 1.665023 -1.672079 0.186254
v 1.754723 -1.671789 0.143598
v 1.768823 -1.742074 0.000753
v 1.852823 -1.734913 -0.039497
v 1.845523 -1.693294 0.093357
v 1.943123 -1.686462 0.022736
v 1.952623 -1.716122 -0.086782
v 1.282823 -1.478129 0.398432
v 1.230923 -1.462437 0.385325
v 1.265523 -1.562092 0.313087
v 1.317023 -1.608538 0.290238
v 1.184923 -1.474697 0.358564
v 1.246023 -1.593578 0.267372
v 1.329523 -1.724010 0.145855
v 1.346323 -1.498575 0.400342
v 1.376323 -1.651990 0.281288
v 1.406423 -1.769874 0.107914
v 1.251823 -1.367679 0.476209
v 1.196123 -1.373553 0.455030
v 1.174023 -1.285828 0.503431
v 1.229623 -1.274443 0.531443
v 1.128923 -1.297762 0.465971
v 1.142823 -1.382900 0.426436
v 1.319623 -1.382220 0.486779
v 1.299323 -1.288798 0.554245
v 1.832423 -1.696982 -0.299427
v 1.912623 -1.709594 -0.296157
v 1.877623 -1.739183 -0.182390
v 1.795623 -1.752162 -0.169425
v 2.010223 -1.716575 -0.291557
v 1.977723 -1.717762 -0.199269
v 1.945223 -1.686389 -0.346990
v 2.040223 -1.704960 -0.339461
v 1.865023 -1.659002 -0.349396
v 1.879923 -1.645862 -0.370265
v 1.960623 -1.680660 -0.369594
v 2.055823 -1.697106 -0.364145
v 1.723423 -1.753726 -0.159800
v 1.652423 -1.761504 -0.153543
v 1.697923 -1.670232 -0.292655
v 1.766323 -1.684592 -0.298903
v 1.799823 -1.637045 -0.348013
v 1.729923 -1.616138 -0.342383
v 1.740923 -1.605136 -0.364379
v 1.814123 -1.619682 -0.367433
v 1.522323 -1.647020 -0.264753
v 1.610123 -1.661461 -0.283327
v 1.577823 -1.763385 -0.143636
v 1.496323 -1.768337 -0.130903
v 1.633323 -1.612473 -0.339965
v 1.538923 -1.607060 -0.329732
v 1.546423 -1.608722 -0.361283
v 1.641923 -1.609722 -0.364747
v 1.402423 -1.650697 -0.218989
v 1.455623 -1.650553 -0.243723
v 1.429423 -1.759354 -0.104635
v 1.368723 -1.742731 -0.077118
v 1.310923 -1.620146 -0.177837
v 1.353023 -1.641592 -0.196520
v 1.309123 -1.726841 -0.061063
v 1.266723 -1.687253 -0.051136
v 1.262823 -1.703403 0.117208
v 1.223323 -1.662043 0.107104
v 1.473223 -1.592795 -0.309866
v 1.424123 -1.583955 -0.288013
v 1.431723 -1.588479 -0.340867
v 1.480623 -1.597133 -0.352191
v 1.348123 -1.562268 -0.314592
v 1.388423 -1.577904 -0.328128
v 1.381223 -1.577424 -0.267797
v 1.341323 -1.570436 -0.251962
v 1.140723 -1.460444 0.328945
v 1.207323 -1.583077 0.240239
v 1.131023 -1.421777 0.292940
v 1.169723 -1.556999 0.224233
v 1.148723 -1.535468 0.202052
v 1.201623 -1.625132 0.087424
v 1.110623 -1.400542 0.263830
v 1.072123 -1.412175 0.281180
v 1.122523 -1.519825 0.200061
v 1.165323 -1.581310 0.096898
v 1.078323 -1.485559 0.220495
v 1.030823 -1.417218 0.300619
v 0.969823 -1.423869 0.306441
v 1.081623 -1.508027 0.169597
v 0.964323 -1.272122 0.472879
v 0.890923 -1.264793 0.536014
v 0.883923 -1.340549 0.493622
v 0.962023 -1.344924 0.412528
v 0.850623 -1.394648 0.416634
v 1.108023 -1.279573 0.411840
v 1.119223 -1.356841 0.376472
v 1.113023 -1.322347 0.331307
v 1.100823 -1.250376 0.364764
v 1.050723 -1.326803 0.347575
v 1.014823 -1.338111 0.369653
v 1.041923 -1.253536 0.394830
v 1.009323 -1.263214 0.425017
v 1.083123 -1.311131 0.314233
v 1.069323 -1.245162 0.364668
v 0.891723 -1.204774 0.564865
v 0.958923 -1.209667 0.513192
v 0.963323 -1.166123 0.551398
v 0.900223 -1.164202 0.599091
v 0.997423 -1.200736 0.466634
v 1.028123 -1.195896 0.436966
v 1.032023 -1.166516 0.489569
v 1.003423 -1.166494 0.516617
v 1.082723 -1.159176 0.441115
v 1.056923 -1.162744 0.462744
v 1.057823 -1.193386 0.412871
v 1.092823 -1.186990 0.401124
v 0.985423 -1.148584 0.592391
v 0.919323 -1.137252 0.636728
v 0.955923 -1.144840 0.697989
v 1.028223 -1.157608 0.645655
v 1.122123 -1.223739 0.493437
v 1.104623 -1.212277 0.443020
v 1.093223 -1.162876 0.471852
v 1.116223 -1.166536 0.513910
v 1.047223 -1.147581 0.528941
v 1.024423 -1.153524 0.558645
v 1.079423 -1.127341 0.569992
v 1.062823 -1.141704 0.603211
v 1.070023 -1.137305 0.497087
v 1.100823 -1.132457 0.537539
v 1.014823 -1.124981 0.774679
v 1.088923 -1.114564 0.709576
v 1.165923 -1.082585 0.784569
v 1.081323 -1.072971 0.851444
v 1.221223 -1.199821 0.572668
v 1.164123 -1.210963 0.535354
v 1.159323 -1.156958 0.560849
v 1.223923 -1.141882 0.599394
v 1.136523 -1.107954 0.625618
v 1.209923 -1.090298 0.683447
v 1.200423 -1.089065 0.730900
v 1.120823 -1.104834 0.663064
v 1.222623 -1.088398 0.630367
v 1.152023 -1.117388 0.586501
v 1.248823 -1.059140 0.858163
v 1.143723 -1.031593 0.921578
v 1.191123 -0.976408 0.978295
v 1.357323 -1.007593 0.922280
v 1.290423 -1.213494 0.612939
v 1.372723 -1.233199 0.633023
v 1.297723 -1.147351 0.641547
v 1.379223 -1.163075 0.677491
v 1.285423 -1.088036 0.797273
v 1.289123 -1.104054 0.738839
v 1.381623 -1.102807 0.775775
v 1.383723 -1.074207 0.845161
v 1.382923 -1.117163 0.716336
v 1.296323 -1.108819 0.683266
v 1.454823 -1.252583 0.635596
v 1.550323 -1.270764 0.615902
v 1.570923 -1.186809 0.680811
v 1.467723 -1.176633 0.693527
v 1.501623 -1.057789 0.859043
v 1.511223 -0.995426 0.923191
v 1.491823 -1.102183 0.794242
v 1.610623 -1.083403 0.765990
v 1.631023 -1.050609 0.837325
v 1.646923 -0.993674 0.896648
v 1.589923 -1.121533 0.713977
v 1.480523 -1.123834 0.732774
v 1.671923 -1.281584 0.561077
v 1.803423 -1.321423 0.522887
v 1.823923 -1.228922 0.592403
v 1.693423 -1.193515 0.632738
v 1.913523 -1.379788 0.474299
v 2.014023 -1.440366 0.410456
v 2.038523 -1.355741 0.475905
v 1.935723 -1.280380 0.528492
v 0.636723 -0.608713 0.510953
v 0.621223 -0.641485 0.480389
v 0.607923 -0.674376 0.448415
v 0.596623 -0.711283 0.414905
v 0.588223 -0.761799 0.374288
v 0.594223 -0.843873 0.332027
v 0.625823 -0.934121 0.323346
v 0.669823 -1.085989 0.333803
v 0.668023 -1.168185 0.326194
v 0.663023 -1.007094 0.341319
v 0.766123 -1.283477 0.242123
v 0.791123 -1.381536 0.307112
v 0.918623 -1.415581 0.200644
v 0.899923 -1.326769 0.139623
v 0.867523 -1.148985 0.163938
v 0.895123 -1.239159 0.147147
v 0.764923 -1.196541 0.235485
v 0.765023 -1.111222 0.256499
v 1.382723 -0.820220 1.008760
v 1.212223 -0.829054 1.048512
v 1.214823 -0.904522 1.023466
v 1.378223 -0.912574 0.988136
v 1.468423 -0.409330 0.914675
v 1.512223 -0.456891 0.940043
v 1.533123 -0.424521 0.962069
v 1.485823 -0.372866 0.940346
v 1.592823 -0.484076 0.980125
v 1.569523 -0.512241 0.959847
v 1.626223 -0.434915 0.978791
v 1.564123 -0.373560 0.969355
v 1.513523 -0.319052 0.957115
v 1.373023 -0.283228 0.873763
v 1.419723 -0.351556 0.891106
v 1.434623 -0.319496 0.916720
v 1.386323 -0.256659 0.897354
v 1.459023 -0.272463 0.939804
v 1.408023 -0.219020 0.923494
v 0.654323 -0.570668 0.540423
v 0.669923 -0.529428 0.568377
v 0.681523 -0.487942 0.597247
v 0.702523 -0.454334 0.634071
v 0.726623 -0.419854 0.674852
v 0.751123 -0.384857 0.720472
v 0.784723 -0.368682 0.774508
v 0.821923 -0.365966 0.829160
v 0.981423 -0.600356 1.031227
v 0.963623 -0.549616 1.011454
v 0.946523 -0.502935 0.987437
v 1.009223 -0.648967 1.060841
v 1.038823 -0.701894 1.090604
v 1.062423 -0.766863 1.108744
v 1.236523 -0.709234 1.012242
v 1.143423 -0.704653 1.045266
v 1.184523 -0.764288 1.054402
v 1.296823 -0.762029 1.017470
v 1.252023 -0.624357 0.917433
v 1.290823 -0.608510 0.929078
v 1.277423 -0.565039 0.894856
v 1.233123 -0.584488 0.877992
v 1.343923 -0.546809 0.901731
v 1.355523 -0.593793 0.932642
v 1.333423 -0.517625 0.853151
v 1.273823 -0.540297 0.838303
v 1.227323 -0.558988 0.823888
v 1.660723 -0.591291 0.963541
v 1.684523 -0.558100 0.983512
v 1.769123 -0.657717 0.934616
v 1.789923 -0.620084 0.943727
v 1.813123 -0.563550 0.934510
v 1.714623 -0.502324 0.971846
v 1.761223 -0.340535 0.889346
v 1.750523 -0.426643 0.941811
v 1.841923 -0.488594 0.896319
v 1.877423 -0.385215 0.829437
v 1.660623 -0.363359 0.954225
v 1.679123 -0.276229 0.918548
v 1.642023 -0.627569 0.932972
v 1.649423 -0.606596 0.944315
v 1.558523 -0.526899 0.943264
v 1.532123 -0.549092 0.920229
v 1.750823 -0.673278 0.918080
v 1.749423 -0.691170 0.905414
v 2.399523 -0.270193 0.649041
v 2.215023 -0.278945 0.707931
v 2.225723 -0.349644 0.681861
v 2.388223 -0.349461 0.653023
v 2.548023 -0.385028 0.623998
v 2.595323 -0.315832 0.713488
v 2.403623 -0.237410 0.739408
v 2.581423 -0.335455 0.639617
v 2.189023 -0.169831 0.729735
v 3.278223 -0.825296 0.514622
v 3.300023 -0.778732 0.556010
v 3.225623 -0.747451 0.555534
v 3.200823 -0.794914 0.496965
v 3.250223 -0.716162 0.638902
v 3.321023 -0.749719 0.628626
v 3.181323 -0.680790 0.648983
v 3.153323 -0.712598 0.557371
v 3.128123 -0.755257 0.471435
v 2.742223 -0.508088 0.600878
v 2.793323 -0.450221 0.608267
v 2.708123 -0.392898 0.619832
v 2.659723 -0.439972 0.612873
v 2.729623 -0.378261 0.693311
v 2.817923 -0.436546 0.684495
v 2.609323 -0.560150 0.620974
v 2.669223 -0.524671 0.617238
v 2.609923 -0.473981 0.622305
v 2.557123 -0.513852 0.624081
v 2.512523 -0.427206 0.629246
v 2.479323 -0.472514 0.633209
v 2.653523 -0.603213 0.613950
v 2.698323 -0.567435 0.610231
v 2.697123 -0.634865 0.612200
v 2.740723 -0.579992 0.603988
v 1.867223 -0.689253 0.881185
v 1.833023 -0.703144 0.889188
v 1.854023 -0.719845 0.871583
v 1.954423 -0.719463 0.841054
v 1.976523 -0.673128 0.833244
v 1.888823 -0.653827 0.878347
v 1.905623 -0.601775 0.865262
v 1.995623 -0.623145 0.829855
v 2.022123 -0.724894 0.748880
v 2.036523 -0.689606 0.751844
v 2.015823 -0.682710 0.789811
v 2.001823 -0.723123 0.788851
v 2.054323 -0.647812 0.756590
v 2.034423 -0.636648 0.791802
v 2.061923 -0.495929 0.799025
v 2.132323 -0.416246 0.762212
v 2.084823 -0.356274 0.774732
v 1.985323 -0.453929 0.805386
v 2.023723 -0.269837 0.785194
v 1.931323 -0.536433 0.837327
v 2.020323 -0.564802 0.820543
v 2.056023 -0.583170 0.790320
v 2.075223 -0.597128 0.760054
v 2.103823 -0.541004 0.752716
v 2.090823 -0.522192 0.777055
v 2.143923 -0.453173 0.739318
v 2.140323 -0.478729 0.722398
v 2.215823 -0.443230 0.678895
v 2.227223 -0.400045 0.682121
v 2.371123 -0.399108 0.657533
v 2.358423 -0.444432 0.653181
v 2.130423 -0.506619 0.697428
v 2.155623 -0.503572 0.665852
v 2.108823 -0.559131 0.706379
v 2.106823 -0.556610 0.649530
v 2.194423 -0.531836 0.662698
v 2.137223 -0.577787 0.645086
v 2.169923 -0.591059 0.657934
v 2.271123 -0.498658 0.662333
v 2.230623 -0.567240 0.660027
v 2.287623 -0.540161 0.652595
v 2.350423 -0.558575 0.638596
v 2.367723 -0.501942 0.643108
v 2.403823 -0.587845 0.630374
v 2.457123 -0.530240 0.628532
v 2.064423 -0.656459 0.702293
v 2.084523 -0.608646 0.705188
v 2.076523 -0.609748 0.646925
v 2.057623 -0.656150 0.647318
v 2.145323 -0.656244 0.648915
v 2.153023 -0.621855 0.651827
v 2.101323 -0.620917 0.632348
v 2.082623 -0.661906 0.629251
v 2.276023 -0.631059 0.644777
v 2.257623 -0.600434 0.650374
v 2.433423 -0.619651 0.626111
v 2.510823 -0.566614 0.623602
v 2.449823 -0.652477 0.623892
v 2.545223 -0.606182 0.620187
v 2.031023 -0.728435 0.699789
v 2.045123 -0.694993 0.700041
v 2.047423 -0.697160 0.651432
v 2.038323 -0.732164 0.652191
v 2.149223 -0.712117 0.651960
v 2.144223 -0.685252 0.649924
v 2.074123 -0.698166 0.630938
v 2.074323 -0.729798 0.635701
v 2.296023 -0.687439 0.644487
v 2.287423 -0.659869 0.644095
v 1.840923 -1.172324 0.628367
v 1.712723 -1.134983 0.675025
v 1.870123 -1.131577 0.661301
v 1.732723 -1.086454 0.710217
v 2.067623 -1.304169 0.512176
v 1.960323 -1.226051 0.560416
v 1.993223 -1.202375 0.590649
v 2.100523 -1.282362 0.553819
v 1.761023 -1.066373 0.783113
v 1.870323 -1.097783 0.736100
v 1.784223 -1.017642 0.840554
v 1.925023 -1.060806 0.782136
v 1.979923 -1.108532 0.729762
v 1.932523 -1.118567 0.714651
v 1.960023 -1.137311 0.666876
v 2.019023 -1.133347 0.684737
v 2.029323 -0.972547 0.814541
v 1.930823 -0.970862 0.845693
v 2.104923 -0.964770 0.787749
v 2.038023 -1.052962 0.779890
v 2.122423 -1.042685 0.765164
v 2.081923 -0.889502 0.799060
v 2.019923 -0.894706 0.828106
v 1.933423 -0.892822 0.857566
v 2.075023 -1.124945 0.696948
v 2.048323 -1.099023 0.735026
v 2.120023 -1.115163 0.709541
v 2.121623 -1.091056 0.730683
v 2.189623 -1.036238 0.747410
v 2.171023 -0.961097 0.764324
v 2.227223 -0.958532 0.746142
v 2.243923 -1.031183 0.731178
v 2.200023 -0.887628 0.753292
v 2.143623 -0.887991 0.773204
v 2.135423 -1.248724 0.590144
v 2.040423 -1.185257 0.623404
v 2.090023 -1.169285 0.653487
v 2.169823 -1.210888 0.626614
v 2.198923 -1.166091 0.651971
v 2.131123 -1.145290 0.671418
v 2.219323 -1.116312 0.667502
v 2.162323 -1.116891 0.689406
v 2.239423 -1.081165 0.703714
v 2.184323 -1.085552 0.718784
v 2.336323 -1.114129 0.616442
v 2.350623 -1.074302 0.683981
v 2.289723 -1.079560 0.693391
v 2.272923 -1.118189 0.643051
v 2.346523 -1.016518 0.704789
v 2.288323 -1.025215 0.718204
v 2.354023 -2.162019 0.738206
v 2.335723 -2.174923 0.840728
v 2.373523 -2.069174 0.848111
v 2.374323 -2.060225 0.753272
v 2.361423 -2.183508 0.936190
v 2.400523 -2.078845 0.927883
v 2.453123 -1.973544 0.915506
v 2.416123 -1.960743 0.850742
v 2.402123 -1.952649 0.761963
v 2.482923 -2.137920 1.006269
v 2.510823 -2.074390 1.002470
v 2.453623 -2.072197 0.976954
v 2.432523 -2.159039 0.983698
v 2.494023 -1.979475 0.962139
v 2.546223 -1.981847 0.994155
v 2.862823 -1.630165 1.045864
v 2.920823 -1.716000 1.074805
v 3.046123 -1.549674 1.062088
v 2.977523 -1.449763 1.033970
v 3.107523 -1.661103 1.052470
v 2.977523 -1.810301 1.077206
v 3.258623 -1.515322 1.029637
v 3.188223 -1.389670 1.025562
v 3.110623 -1.279887 0.986201
v 3.354623 -1.767121 0.955418
v 3.193323 -1.864408 0.995210
v 3.235123 -1.942427 0.946975
v 3.392623 -1.861582 0.890296
v 3.118223 -2.040547 1.006151
v 3.072223 -1.974805 1.045053
v 3.152123 -2.089584 0.947089
v 3.266723 -2.001590 0.881211
v 3.412823 -1.928098 0.806372
v 3.026123 -1.897137 1.065019
v 3.154323 -1.768560 1.033167
v 3.311623 -1.646923 1.001811
v 2.717223 -1.864444 1.055811
v 2.774023 -1.920225 1.086408
v 2.832623 -1.829011 1.088835
v 2.777723 -1.758915 1.054967
v 2.893723 -1.908883 1.092881
v 2.841123 -1.985582 1.087196
v 3.067923 -2.118817 1.023914
v 3.110223 -2.158879 0.970685
v 3.012723 -2.059305 1.061450
v 2.983923 -2.128196 1.050712
v 3.049723 -2.183415 1.013427
v 3.098523 -2.212013 0.962872
v 2.913023 -2.057264 1.071086
v 2.954123 -1.987146 1.081395
v 2.635523 -2.071167 1.048436
v 2.697523 -2.111977 1.050859
v 2.733223 -2.016740 1.071852
v 2.672323 -1.970044 1.056149
v 2.803423 -2.067409 1.061277
v 2.767223 -2.151821 1.033304
v 2.384923 -2.068485 0.647810
v 2.383623 -1.953377 0.651032
v 2.408023 -1.958665 0.534124
v 2.429023 -2.074526 0.543780
v 2.460123 -2.170919 0.540851
v 2.391223 -2.170297 0.634747
v 2.841823 -2.196261 1.003560
v 2.879023 -2.123622 1.034151
v 2.922123 -2.245391 0.978651
v 2.955123 -2.190205 1.023347
v 3.011623 -2.291818 0.960611
v 3.032223 -2.239337 0.993329
v 3.092623 -2.309385 0.935544
v 3.095523 -2.259717 0.954674
v 3.124823 -2.173902 0.903795
v 3.163023 -2.117617 0.871424
v 3.125323 -2.212772 0.914145
v 3.168523 -2.194128 0.848821
v 3.150523 -2.165234 0.810342
v 3.181923 -2.110653 0.807121
v 3.136423 -2.247878 0.925215
v 3.149623 -2.293734 0.923136
v 3.212123 -2.251079 0.906296
v 3.185023 -2.212246 0.876010
v 3.269223 -2.064939 0.741376
v 3.277823 -2.042167 0.802509
v 3.408423 -1.967193 0.717739
v 3.386623 -1.991137 0.647523
v 3.278923 -2.096459 0.763074
v 3.286623 -2.121257 0.810308
v 3.413223 -2.048533 0.755458
v 3.404223 -2.021871 0.696913
v 3.459523 -2.144938 0.862415
v 3.433523 -2.083068 0.815044
v 3.302523 -2.146390 0.858123
v 3.329023 -2.196550 0.907380
v 2.586423 -2.028718 1.028278
v 2.553123 -2.111860 1.019713
v 2.598323 -2.162013 1.022591
v 2.509823 -2.184232 1.010274
v 2.553523 -2.242973 0.992115
v 2.671923 -1.820854 1.010978
v 2.625123 -1.929880 1.020232
v 2.594723 -1.891124 0.986135
v 2.637123 -1.786129 0.972138
v 2.519823 -1.730559 0.910876
v 2.465223 -1.713232 0.859499
v 2.448223 -1.843234 0.850599
v 2.494123 -1.857987 0.907635
v 2.410923 -1.827348 0.762175
v 2.410023 -1.688831 0.771072
v 2.529823 -1.868238 0.945902
v 2.561223 -1.867656 0.963366
v 2.561623 -1.743834 0.932338
v 2.590923 -1.752597 0.943445
v 2.584823 -1.846937 0.967081
v 2.614523 -1.758337 0.952526
v 2.809323 -1.566968 0.999773
v 2.731923 -1.707840 1.005463
v 2.693023 -1.671472 0.962511
v 2.765223 -1.528212 0.950250
v 2.947023 -0.880423 0.580317
v 2.945723 -0.947424 0.614366
v 3.000023 -0.930447 0.615258
v 3.065123 -0.893073 0.577374
v 3.010123 -0.842056 0.544295
v 2.993723 -0.883513 0.578334
v 2.951823 -0.812834 0.548206
v 2.156323 -1.704331 -0.355351
v 2.146823 -1.711381 -0.330721
v 2.248023 -1.698110 -0.317824
v 2.251323 -1.696435 -0.344772
v 2.239323 -1.697474 -0.280724
v 2.127623 -1.719040 -0.288796
v 2.103123 -1.709342 -0.218210
v 2.222923 -1.688417 -0.226603
v 2.203823 -1.676601 -0.161403
v 2.079823 -1.688394 -0.134445
v 2.068823 -1.677056 -0.043929
v 2.188123 -1.661090 -0.090877
v 2.180323 -1.634131 -0.013973
v 2.068523 -1.647796 0.048436
v 2.081323 -1.607612 0.144143
v 2.184923 -1.596299 0.072281
v 2.194623 -1.551314 0.162960
v 2.098923 -1.553652 0.238953
v 2.115323 -1.488300 0.332526
v 2.201223 -1.506727 0.255319
v 2.208523 -1.459085 0.336538
v 2.131723 -1.426519 0.411766
v 2.153223 -1.380262 0.463553
v 2.222323 -1.419070 0.402585
v 2.240823 -1.379054 0.456612
v 2.179823 -1.345646 0.508850
v 2.207223 -1.306045 0.552836
v 2.261823 -1.336035 0.503802
v 2.286323 -1.280655 0.548610
v 2.233623 -1.253516 0.589864
v 2.258423 -1.190041 0.626430
v 2.315523 -1.204140 0.596857
v 2.359823 -1.362547 0.458679
v 2.311623 -1.349164 0.476490
v 2.293523 -1.390684 0.417366
v 2.344623 -1.413760 0.392277
v 2.388023 -1.294477 0.521157
v 2.339123 -1.288144 0.529340
v 3.176823 -1.976670 -0.114131
v 3.075423 -1.951501 -0.111157
v 3.084723 -1.965626 -0.210551
v 3.182423 -1.984347 -0.214149
v 2.981523 -1.945861 -0.212801
v 2.970523 -1.931174 -0.117883
v 2.985923 -1.949155 -0.308957
v 3.087223 -1.971324 -0.311856
v 3.182623 -1.991890 -0.316464
v 2.397023 -1.757572 -0.332218
v 2.392623 -1.759346 -0.286444
v 2.324523 -1.721241 -0.302548
v 2.326623 -1.718289 -0.337635
v 2.318023 -1.719939 -0.259699
v 2.383323 -1.753848 -0.234835
v 2.542023 -1.817430 -0.197582
v 2.461323 -1.781886 -0.216139
v 2.479623 -1.788890 -0.272845
v 2.565523 -1.827283 -0.260363
v 2.488823 -1.788010 -0.323880
v 2.577623 -1.827745 -0.317588
v 2.287823 -1.689462 -0.148732
v 2.304023 -1.709408 -0.206794
v 2.368423 -1.737466 -0.177482
v 2.349023 -1.719070 -0.116905
v 2.491623 -1.775380 -0.060094
v 2.415123 -1.748667 -0.088684
v 2.439223 -1.769925 -0.153435
v 2.520023 -1.799664 -0.129629
v 2.263523 -1.633114 -0.026235
v 2.275223 -1.657279 -0.092658
v 2.331223 -1.695183 -0.057710
v 2.317623 -1.663174 0.004764
v 2.389423 -1.718349 -0.026409
v 2.449523 -1.743304 0.008094
v 2.411523 -1.698274 0.077440
v 2.364523 -1.684459 0.039882
v 2.260223 -1.602624 0.055383
v 2.312323 -1.617832 0.073927
v 2.312423 -1.565991 0.141568
v 2.262523 -1.565021 0.142125
v 2.316623 -1.491934 0.273013
v 2.268423 -1.480091 0.300050
v 2.264323 -1.524425 0.225636
v 2.308323 -1.529850 0.212197
v 2.332923 -1.555322 0.217820
v 2.349123 -1.539657 0.260006
v 2.339523 -1.595121 0.177229
v 2.371423 -1.594564 0.220835
v 2.279023 -1.435334 0.362067
v 2.329823 -1.453603 0.330147
v 2.388123 -1.648978 0.154347
v 2.348523 -1.641459 0.113116
v 2.488723 -1.722572 0.158961
v 2.459023 -1.639380 0.238651
v 2.427323 -1.644557 0.196978
v 2.455023 -1.711894 0.118515
v 2.451223 -1.530143 0.323469
v 2.408923 -1.573261 0.264252
v 2.484923 -1.952139 0.350492
v 2.439823 -1.959541 0.420579
v 2.425323 -1.829874 0.380377
v 2.489723 -1.872806 0.302539
v 2.382123 -1.807528 0.496779
v 2.442823 -1.640079 0.475113
v 2.448823 -1.716208 0.344849
v 2.503923 -1.782880 0.268729
v 2.393723 -1.660043 0.635020
v 2.381023 -1.810354 0.635952
v 2.372823 -1.510219 0.308206
v 2.396923 -1.459838 0.363139
v 2.515123 -1.563854 0.389515
v 2.491223 -1.652393 0.301899
v 2.485823 -1.667317 0.325869
v 2.508323 -1.590542 0.426220
v 2.509523 -1.739673 0.251020
v 2.510023 -1.737461 0.228611
v 2.482623 -1.641963 0.272558
v 2.505423 -1.731419 0.197210
v 2.491723 -1.546045 0.355596
v 2.504323 -1.402612 0.648865
v 2.485123 -1.512825 0.577312
v 2.437723 -1.525418 0.679652
v 2.485323 -1.405161 0.726749
v 2.437423 -1.545892 0.796857
v 2.500723 -1.415707 0.807772
v 2.469023 -1.329946 0.517882
v 2.428323 -1.315902 0.510689
v 2.410723 -1.391969 0.437626
v 2.459123 -1.423712 0.427156
v 2.529823 -1.467569 0.479987
v 2.500023 -1.445022 0.443841
v 2.501523 -1.346752 0.534630
v 2.521423 -1.366883 0.562002
v 2.523423 -1.388726 0.598089
v 2.532523 -1.497266 0.523628
v 2.462223 -1.242193 0.562378
v 2.442623 -1.205800 0.570415
v 2.497223 -1.231513 0.590449
v 2.538023 -1.119634 0.640362
v 2.384223 -1.196727 0.571146
v 2.426523 -1.113517 0.619684
v 2.445423 -1.063470 0.678604
v 2.444823 -1.004972 0.692341
v 2.561823 -1.048542 0.680278
v 2.567723 -0.986036 0.685434
v 2.518323 -1.243455 0.609685
v 2.529423 -1.265382 0.624931
v 2.576823 -1.189953 0.659191
v 2.573023 -1.159397 0.648856
v 2.572123 -1.253748 0.691524
v 2.577023 -1.221380 0.675886
v 2.537523 -1.290113 0.647026
v 2.539623 -1.308257 0.683229
v 2.670723 -1.157288 0.700167
v 2.711323 -1.133709 0.690927
v 2.652323 -1.126757 0.671399
v 2.632823 -1.161586 0.684589
v 2.778623 -1.088608 0.664814
v 2.671223 -1.082929 0.667049
v 2.686623 -1.024100 0.669987
v 2.695423 -0.953924 0.662168
v 2.796723 -1.009977 0.640861
v 2.806223 -0.933362 0.624003
v 2.490923 -1.572677 0.871221
v 2.544723 -1.594846 0.912898
v 2.584723 -1.459058 0.894790
v 2.536923 -1.435616 0.863905
v 2.727223 -1.509191 0.921310
v 2.663123 -1.648779 0.937593
v 2.633823 -1.633118 0.921580
v 2.686323 -1.495777 0.911176
v 2.637523 -1.480419 0.902056
v 2.594923 -1.615444 0.919107
v 2.917323 -1.093544 0.655009
v 2.932723 -1.014634 0.639988
v 2.874023 -1.014864 0.619940
v 2.855823 -1.094281 0.633329
v 2.884123 -0.942266 0.604951
v 2.983423 -1.008333 0.669306
v 2.955423 -1.087037 0.721903
v 2.982323 -1.120392 0.828138
v 3.035923 -0.995109 0.684703
v 3.040323 -1.194164 0.924898
v 2.912523 -1.374359 0.984686
v 2.858223 -1.336095 0.924716
v 2.810423 -1.334983 0.881708
v 2.886223 -1.191462 0.815269
v 2.833923 -1.221419 0.777657
v 2.761023 -1.346815 0.854471
v 2.919723 -1.133353 0.748245
v 2.883123 -1.152460 0.701551
v 2.566823 -1.310016 0.785300
v 2.546323 -1.310111 0.733807
v 2.594223 -1.239175 0.718119
v 2.623023 -1.232517 0.748159
v 2.759523 -1.155907 0.717677
v 2.821023 -1.156790 0.696790
v 2.769823 -1.231644 0.772652
v 2.709423 -1.228475 0.783555
v 2.658923 -1.183594 0.720066
v 2.705523 -1.167949 0.724887
v 2.660123 -1.228696 0.771922
v 2.618423 -1.194964 0.700369
v 2.598523 -1.317523 0.826332
v 2.646223 -1.333399 0.846039
v 2.703123 -1.347012 0.844142
v 0.888623 3.823807 3.540382
v 5.281737 3.150507 8.255210
v 5.960124 1.434247 6.084087
v 5.878490 1.693797 6.249614
v 5.132857 2.803429 7.724507
v 3.250723 -0.870999 0.547612
v 3.170823 -0.848239 0.530110
v 3.139423 -0.907024 0.579564
v 3.220423 -0.941406 0.610811
v 3.096923 -0.823422 0.516835
v 3.094123 -0.971876 0.660818
v 3.116423 -1.023434 0.723717
v 3.384523 -0.811071 0.552316
v 3.365623 -0.859149 0.531676
v 3.441723 -0.884779 0.552015
v 3.403123 -0.784951 0.616149
v 3.462723 -0.837974 0.544734
v 3.486623 -0.814992 0.603976
v 3.518523 -0.852920 0.541656
v 3.486723 -0.895951 0.559776
v 3.522123 -0.906707 0.563856
v 3.560123 -0.880318 0.532242
v 3.634223 -0.832278 0.562096
v 3.562723 -0.834955 0.595897
v 3.595923 -0.679705 0.205390
v 3.459523 -0.648793 0.158113
v 3.302423 -0.556272 0.122752
v 3.442623 -0.368161 -0.046761
v 3.405723 -0.410985 0.020956
v 3.560123 -0.488316 0.020943
v 3.590623 -0.452694 -0.053805
v 3.508423 -0.560883 0.055969
v 3.350023 -0.480662 0.044230
v 3.641223 -0.611043 0.072671
v 3.686923 -0.543544 0.021522
v 3.714823 -0.510080 -0.060866
v 3.614223 -0.652225 0.136276
v 3.322423 -0.524202 0.081352
v 3.479823 -0.610874 0.102331
v 3.137123 -0.413664 0.111353
v 2.975523 -0.259289 0.114567
v 3.051423 -0.140517 -0.027145
v 3.042523 -0.152925 0.020613
v 3.227423 -0.286440 0.023828
v 3.251423 -0.257643 -0.038699
v 3.022023 -0.182424 0.060860
v 3.180523 -0.343933 0.044308
v 3.155523 -0.384640 0.074083
v 2.998723 -0.222328 0.085474
v 2.837223 -0.115536 0.133286
v 2.742623 0.010364 0.166088
v 2.883823 -0.034983 0.079896
v 2.854223 -0.079353 0.098639
v 2.750723 0.041873 0.129164
v 2.774123 0.080289 0.099154
v 3.165723 -1.096459 0.807699
v 3.235223 -1.180807 0.902038
v 3.341123 -1.127619 0.833525
v 3.273223 -1.033525 0.733545
v 3.341523 -0.957652 0.633402
v 3.345323 -0.901788 0.573960
v 3.430023 -0.924973 0.602155
v 3.430423 -0.980056 0.660240
v 3.492123 -0.997703 0.658808
v 3.481023 -0.936568 0.610292
v 3.525823 -0.937588 0.598613
v 3.548523 -0.999103 0.636488
v 3.616823 -0.987707 0.583763
v 3.681023 -0.951239 0.523689
v 3.642023 -0.896134 0.511483
v 3.590023 -0.925304 0.566675
v 3.696323 -0.903637 0.437620
v 3.705723 -0.845013 0.361811
v 3.743723 -0.782243 0.319602
v 3.764523 -0.717387 0.265694
v 3.693123 -0.679711 0.236343
v 3.788823 -0.712991 0.181908
v 3.801623 -0.721316 0.091268
v 3.734723 -0.660610 0.089507
v 3.711823 -0.674416 0.166332
v 3.783923 -0.601767 0.021925
v 3.859623 -0.670132 0.017629
v 3.814623 -0.568641 -0.070099
v 3.899023 -0.633538 -0.080603
v 3.395023 -1.435840 0.956851
v 3.317323 -1.302457 0.945614
v 3.426323 -1.254421 0.884714
v 3.509023 -1.395134 0.892817
v 3.367023 -1.024435 0.716847
v 3.420123 -1.121153 0.788025
v 3.485123 -1.135695 0.750613
v 3.447023 -1.049681 0.711765
v 3.510423 -1.068386 0.690738
v 3.570823 -1.073804 0.649752
v 3.541823 -1.152665 0.705045
v 3.600923 -1.156778 0.650312
v 3.671323 -1.137085 0.565316
v 3.643923 -1.057081 0.583014
v 3.713223 -1.014342 0.509883
v 3.743223 -1.090936 0.485272
v 3.820623 -0.965718 0.325807
v 3.757723 -0.898993 0.339323
v 3.742223 -0.957479 0.421350
v 3.790023 -1.026132 0.401411
v 3.828923 -0.803672 0.237211
v 3.795623 -0.842215 0.291655
v 3.858723 -0.921706 0.263469
v 3.889123 -0.893841 0.203192
v 3.911723 -0.877752 0.121592
v 3.845723 -0.789185 0.160726
v 3.951223 -0.851191 0.047615
v 3.863823 -0.789184 0.068169
v 4.036023 -0.791150 -0.007876
v 3.939123 -0.733487 0.003007
v 3.988423 -0.699200 -0.091753
v 4.090523 -0.755790 -0.091856
v 5.037523 -1.760584 0.706476
v 5.044423 -1.852759 0.833614
v 5.097424 -1.819031 0.846103
v 5.091124 -1.725377 0.714243
v 4.979923 -1.801743 0.704571
v 4.988923 -1.890532 0.826898
v 5.024823 -1.933344 0.959526
v 4.968823 -1.968915 0.949434
v 5.073923 -1.900218 0.975486
v 4.729623 -2.167120 1.435597
v 4.826223 -2.125668 1.326229
v 4.778523 -2.158637 1.305871
v 4.682923 -2.196930 1.412618
v 4.779023 -2.148443 1.460529
v 4.875323 -2.101414 1.348282
v 4.910123 -2.067896 1.204994
v 4.959023 -2.038187 1.224560
v 4.859823 -2.103317 1.187196
v 5.145423 -1.681004 0.738273
v 5.147523 -1.781094 0.867153
v 5.203424 -1.778191 0.856905
v 5.203623 -1.673246 0.723801
v 5.124223 -1.868314 0.993479
v 5.176723 -1.869944 0.985370
v 5.012223 -2.019143 1.241501
v 4.927923 -2.090837 1.367833
v 4.982224 -2.100211 1.377402
v 5.068423 -2.023593 1.243945
v 4.831023 -2.144876 1.483476
v 4.883323 -2.159774 1.498433
v 4.475023 -2.239897 1.601032
v 4.580623 -2.223049 1.509860
v 4.540023 -2.259676 1.486984
v 4.436624 -2.272110 1.574608
v 4.640523 -2.236522 1.392474
v 4.605824 -2.285873 1.374764
v 4.507223 -2.305646 1.466266
v 4.403923 -2.312473 1.550511
v 4.923923 -2.037588 1.066927
v 4.875223 -2.085810 1.052188
v 4.813923 -2.148376 1.169738
v 4.920123 -2.018358 0.938430
v 4.886323 -2.076099 0.923736
v 4.840723 -2.141708 1.035097
v 4.779623 -2.201092 1.151330
v 4.755523 -2.319208 1.110469
v 4.671323 -2.371847 1.234709
v 4.678924 -2.307822 1.251573
v 4.760523 -2.257425 1.131409
v 4.582923 -2.343186 1.357891
v 4.573023 -2.407816 1.341092
v 4.700523 -2.250955 1.269222
v 4.809823 -2.625325 1.177221
v 4.746324 -2.583724 1.183559
v 4.840023 -2.528334 1.051666
v 4.903223 -2.566773 1.037499
v 4.700023 -2.676248 1.304667
v 4.636724 -2.626124 1.302287
v 4.702923 -2.517703 1.198837
v 4.596523 -2.555953 1.313401
v 4.794823 -2.464977 1.071397
v 4.470423 -2.422293 1.429397
v 4.470223 -2.492642 1.414467
v 4.354523 -2.486389 1.490862
v 4.360223 -2.419040 1.507420
v 4.576623 -2.480290 1.326538
v 4.485623 -2.566695 1.402926
v 4.364223 -2.559561 1.479673
v 4.882823 -2.051414 0.650511
v 4.890823 -2.125078 0.767712
v 4.892323 -2.059124 0.791000
v 4.883924 -1.981590 0.676128
v 4.871023 -2.132831 0.905494
v 4.869123 -2.195848 0.883380
v 4.906923 -2.000173 0.807267
v 4.898423 -1.918675 0.691426
v 4.866723 -2.409004 0.943244
v 4.913623 -2.472781 0.915275
v 4.919724 -2.349272 0.815913
v 4.966623 -2.413476 0.776399
v 4.978024 -2.511094 0.892100
v 5.031424 -2.451576 0.742719
v 4.820323 -2.259784 0.993537
v 4.834723 -2.335227 0.969794
v 4.766423 -2.391890 1.090894
v 4.885223 -2.272979 0.852527
v 4.684023 -1.627524 0.303152
v 4.754323 -1.692489 0.379492
v 4.786623 -1.611189 0.378434
v 4.713523 -1.543286 0.304971
v 4.848623 -1.684501 0.477625
v 4.813024 -1.760459 0.476391
v 4.899523 -1.617609 0.466008
v 4.834124 -1.536976 0.361535
v 4.757423 -1.464295 0.285146
v 4.011423 -1.148045 0.276384
v 4.063724 -1.097081 0.209945
v 3.942423 -1.008932 0.230523
v 3.899323 -1.052831 0.297776
v 3.980823 -0.977688 0.162130
v 4.108823 -1.056695 0.141084
v 4.165723 -1.024546 0.074346
v 4.023623 -0.952388 0.089181
v 4.082723 -0.912586 0.028601
v 4.229823 -0.985328 0.020342
v 4.806323 -1.402387 0.262820
v 4.885623 -1.479194 0.344678
v 4.939223 -1.433541 0.334825
v 4.856023 -1.347919 0.254685
v 4.954023 -1.565480 0.455031
v 5.009624 -1.523166 0.450893
v 4.297423 -0.918512 -0.007106
v 4.159423 -0.851554 -0.013009
v 4.210723 -0.817172 -0.090535
v 4.340424 -0.886599 -0.076662
v 4.968723 -1.280812 0.222245
v 4.913323 -1.296995 0.257461
v 4.993423 -1.378306 0.352979
v 5.051223 -1.364436 0.323037
v 5.064123 -1.471454 0.471045
v 5.125723 -1.456712 0.446764
v 3.847523 -1.111647 0.375176
v 3.779423 -1.177565 0.447253
v 3.843523 -1.272615 0.393916
v 3.935123 -1.208740 0.337947
v 3.501023 -1.704066 0.889485
v 3.454623 -1.574586 0.931311
v 3.579323 -1.536814 0.874619
v 3.620023 -1.668653 0.820033
v 3.577823 -1.376867 0.827071
v 3.497423 -1.241731 0.823550
v 3.551323 -1.243807 0.768234
v 3.622123 -1.371285 0.757277
v 3.659123 -1.369741 0.676029
v 3.594423 -1.254761 0.700279
v 3.645423 -1.251863 0.628426
v 3.705923 -1.356902 0.590032
v 3.765023 -1.323364 0.485811
v 3.707523 -1.226095 0.535471
v 4.108723 -1.482150 0.244435
v 4.225023 -1.412251 0.232794
v 4.072923 -1.313977 0.287521
v 3.961723 -1.372681 0.321854
v 4.164323 -1.254682 0.251620
v 4.317423 -1.357567 0.224370
v 4.380023 -1.297376 0.195433
v 4.224623 -1.198251 0.199624
v 4.271323 -1.149969 0.139639
v 4.425723 -1.240056 0.152204
v 4.468623 -1.188545 0.105530
v 4.323623 -1.108827 0.081841
v 4.378123 -1.066724 0.031612
v 4.512923 -1.134863 0.067998
v 4.565323 -1.065102 0.050138
v 4.438223 -0.992035 0.016845
v 4.480124 -0.959921 -0.049294
v 4.610123 -1.031777 -0.011022
v 4.655423 -1.761896 0.242208
v 4.735223 -1.832761 0.325215
v 4.741623 -1.764160 0.361479
v 4.670023 -1.696660 0.279478
v 4.800123 -1.831613 0.458108
v 4.798223 -1.901981 0.422942
v 4.932723 -2.213503 0.544472
v 4.898223 -2.134646 0.604075
v 4.861323 -2.057297 0.478675
v 4.889323 -2.136393 0.409441
v 4.851123 -1.975395 0.532445
v 4.802623 -1.979153 0.361935
v 4.820724 -2.057481 0.286436
v 4.528823 -1.497300 0.213999
v 4.476123 -1.553194 0.191700
v 4.579123 -1.625280 0.225351
v 4.609023 -1.561704 0.251605
v 4.547423 -1.687645 0.188649
v 4.422023 -1.613149 0.161750
v 4.685423 -1.406368 0.231535
v 4.643723 -1.482575 0.253425
v 4.572124 -1.426528 0.214830
v 4.613123 -1.356023 0.192806
v 4.489323 -1.369638 0.197820
v 4.532623 -1.304832 0.168752
v 4.434123 -1.433970 0.208485
v 4.357323 -1.487105 0.198968
v 4.281424 -1.547620 0.178603
v 4.656123 -1.295421 0.161990
v 4.731223 -1.344086 0.204523
v 4.778123 -1.284775 0.194066
v 4.701023 -1.235948 0.143629
v 4.573623 -1.247163 0.131554
v 4.616123 -1.187541 0.105488
v 4.804823 -1.152973 0.083067
v 4.754823 -1.177718 0.131105
v 4.834824 -1.232909 0.185878
v 4.887323 -1.213452 0.144343
v 4.667423 -1.126366 0.085424
v 4.715023 -1.094217 0.032409
v 3.523123 -1.872739 0.731574
v 3.524623 -1.804789 0.820090
v 3.624723 -1.767939 0.744912
v 3.608623 -1.840316 0.661847
v 3.688623 -1.649349 0.746835
v 3.646823 -1.516224 0.801696
v 3.680623 -1.506027 0.714643
v 3.716123 -1.633572 0.649990
v 3.767523 -1.618678 0.559706
v 3.719423 -1.494852 0.621136
v 3.775923 -1.472234 0.522087
v 3.842623 -1.600396 0.425143
v 3.849123 -1.430166 0.395325
v 3.941123 -1.520536 0.323630
v 3.987323 -1.586407 0.269795
v 4.093123 -1.599026 0.209756
v 3.937423 -1.654308 0.283256
v 4.048023 -1.686650 0.180193
v 4.378324 -1.695967 0.123653
v 4.228623 -1.634983 0.142844
v 4.188923 -1.719972 0.093902
v 4.341023 -1.784647 0.081306
v 4.514524 -1.765094 0.139246
v 4.488423 -1.849159 0.081342
v 4.635223 -1.835069 0.183038
v 4.626023 -1.913672 0.110528
v 4.843523 -2.104726 -0.005518
v 4.772123 -2.066895 0.096163
v 4.642623 -1.996530 0.028553
v 4.682023 -2.036494 -0.122336
v 4.936923 -2.171300 0.117207
v 4.863723 -2.132782 0.203702
v 4.732123 -1.987504 0.186048
v 3.670123 -1.825209 0.591910
v 3.689923 -1.751589 0.672543
v 3.725623 -1.823744 0.522276
v 3.730223 -1.738748 0.589951
v 3.779123 -1.820183 0.449360
v 3.785923 -1.728555 0.506404
v 3.848923 -1.727376 0.409107
v 3.835223 -1.818411 0.352198
v 3.890923 -1.815692 0.226843
v 3.912423 -1.735221 0.269110
v 4.009323 -1.756653 0.147352
v 3.978923 -1.817173 0.096234
v 4.448524 -1.977038 -0.061563
v 4.479523 -1.928870 0.012374
v 4.302123 -1.861237 0.037763
v 4.265023 -1.917219 -0.017297
v 4.148523 -1.789894 0.056258
v 4.106323 -1.851940 0.024383
v 4.209423 -1.946913 -0.059401
v 4.361523 -1.992088 -0.122845
v 4.226223 -1.992126 -0.161614
v 4.163023 -1.965087 -0.104939
v 4.290323 -1.998471 -0.263858
v 4.459824 -2.004500 -0.212122
v 4.050823 -1.949537 -0.088204
v 4.076823 -1.980726 -0.188695
v 3.920623 -1.980459 -0.196693
v 3.895923 -1.941236 -0.062275
v 3.944623 -1.979206 -0.315823
v 4.110823 -1.981065 -0.294294
v 3.293223 -2.006748 -0.319336
v 3.294823 -1.996530 -0.223376
v 3.414023 -1.997625 -0.230352
v 3.414023 -2.006437 -0.321221
v 3.412623 -2.000386 -0.140259
v 3.291323 -1.999542 -0.127288
v 3.943823 -1.878267 0.036067
v 4.071123 -1.905402 -0.025822
v 3.288023 -2.001816 -0.038670
v 3.169823 -1.975485 -0.021304
v 3.409323 -2.007370 -0.051616
v 3.401823 -2.023043 0.028005
v 3.276923 -2.025329 0.039692
v 3.156823 -1.981242 0.065208
v 3.658623 -1.995539 -0.226624
v 3.535823 -2.001337 -0.233674
v 3.536823 -1.999073 -0.320390
v 3.665923 -1.993660 -0.322177
v 3.645623 -1.976265 -0.129634
v 3.528223 -1.982558 -0.140219
v 3.786123 -1.986056 -0.214049
v 3.796923 -1.988597 -0.319677
v 3.762323 -1.965667 -0.100165
v 2.535423 -2.012289 0.347878
v 2.613223 -2.084852 0.346842
v 2.531523 -2.144120 0.440544
v 2.481823 -2.058140 0.439959
v 2.848923 -2.085639 0.315743
v 2.865523 -2.023548 0.280005
v 2.968123 -2.057607 0.278315
v 2.884223 -1.971148 0.223266
v 2.988023 -1.991443 0.251730
v 3.106723 -2.036544 0.214435
v 3.086723 -2.091112 0.220862
v 3.067523 -2.148187 0.227343
v 2.949223 -2.120702 0.283242
v 2.572023 -1.821661 0.186726
v 2.654523 -1.903882 0.191537
v 2.569423 -1.856746 0.223141
v 2.554723 -1.804634 0.212464
v 2.640023 -1.983233 0.270642
v 2.565123 -1.935032 0.273759
v 2.717123 -1.939903 0.173705
v 2.693823 -1.998525 0.252919
v 2.741723 -2.009367 0.232752
v 2.762223 -1.961476 0.160624
v 2.731123 -2.046172 0.283191
v 2.690023 -2.061299 0.315763
v 2.794123 -2.013294 0.250253
v 2.771023 -2.067283 0.298184
v 2.813923 -1.964896 0.186568
v 3.049223 -1.935390 0.072496
v 3.065223 -1.941566 -0.018920
v 2.961623 -1.919109 -0.029528
v 2.947423 -1.911008 0.058094
v 2.574423 -1.813677 -0.023566
v 2.515023 -1.768670 0.046179
v 2.561223 -1.799112 0.090578
v 2.665723 -1.853561 0.022986
v 2.673023 -1.870317 0.112561
v 2.578123 -1.816874 0.142530
v 3.020723 -1.942693 0.170036
v 2.917223 -1.921326 0.150649
v 3.131023 -2.003926 0.144820
v 2.848523 -1.914068 -0.132910
v 2.854123 -1.924900 -0.221794
v 2.734323 -1.885684 -0.232924
v 2.722123 -1.879472 -0.140404
v 2.738823 -1.885531 -0.310948
v 2.857623 -1.928533 -0.310457
v 2.778023 -1.917461 0.089671
v 2.838123 -1.924922 0.112775
v 2.855523 -1.911113 0.029038
v 2.782523 -1.896867 0.011540
v 2.732723 -1.882666 0.017078
v 2.727623 -1.878208 -0.043766
v 2.769023 -1.886906 -0.061203
v 2.684723 -1.860272 -0.067860
v 2.625023 -1.849431 -0.174510
v 2.607623 -1.834716 -0.098922
v 2.853523 -1.910038 -0.051036
v 2.643623 -1.858736 -0.246675
v 2.652823 -1.858132 -0.313554
v 2.731523 -1.897077 0.095671
v 2.376023 -2.290726 0.926517
v 2.448623 -2.247334 0.981042
v 2.494123 -2.317085 0.964444
v 2.432623 -2.367772 0.906187
v 2.656723 -2.197439 1.010002
v 2.609523 -2.271911 0.961074
v 2.673823 -2.298766 0.940672
v 2.722823 -2.229908 0.991376
v 2.745723 -2.332265 0.915675
v 2.794623 -2.267635 0.963327
v 2.834923 -2.367337 0.888482
v 2.878723 -2.307225 0.934568
v 3.067823 -2.418245 0.839128
v 3.082223 -2.365375 0.892604
v 2.982423 -2.345461 0.911798
v 2.951523 -2.400191 0.862721
v 3.241723 -2.391176 0.818171
v 3.233923 -2.327308 0.885713
v 3.156323 -2.356763 0.885795
v 3.157023 -2.413798 0.826465
v 3.344423 -2.282558 0.879313
v 3.344623 -2.352178 0.803923
v 3.450623 -2.314964 0.777349
v 3.462023 -2.233822 0.840691
v 3.518223 -2.496687 0.661047
v 3.536023 -2.400053 0.697548
v 3.451123 -2.403661 0.721578
v 3.444023 -2.490477 0.671327
v 3.619923 -2.400695 0.675974
v 3.598123 -2.518126 0.649076
v 3.545423 -2.298021 0.734264
v 3.631123 -2.292534 0.693515
v 3.252623 -2.449739 0.754145
v 3.353823 -2.424641 0.739485
v 3.353223 -2.496932 0.682369
v 3.251723 -2.507984 0.696649
v 3.145523 -2.511870 0.715153
v 3.156223 -2.464732 0.768996
v 3.051123 -2.465799 0.788967
v 3.030523 -2.512987 0.744538
v 2.800223 -2.423549 0.849336
v 2.924723 -2.452885 0.821677
v 2.902023 -2.512917 0.789619
v 2.776023 -2.493443 0.828322
v 2.625323 -2.361768 0.896020
v 2.703423 -2.391238 0.872360
v 2.671423 -2.461412 0.852732
v 2.583123 -2.436752 0.876411
v 2.556723 -2.345689 0.929415
v 2.503423 -2.410808 0.891851
v 2.407423 -2.357858 0.721150
v 2.401623 -2.371705 0.815804
v 2.353323 -2.283571 0.826364
v 2.362223 -2.268405 0.724576
v 3.557223 -2.205521 0.769521
v 3.557323 -2.119630 0.779049
v 3.635623 -2.195086 0.705822
v 3.630923 -2.110209 0.705273
v 3.610323 -2.040310 0.681612
v 3.535123 -2.051865 0.747349
v 3.510523 -2.006240 0.695122
v 3.580923 -1.997272 0.634242
v 3.704823 -2.284660 0.661620
v 3.697023 -2.190669 0.662806
v 3.774123 -2.272202 0.621578
v 3.754723 -2.184995 0.618862
v 3.733923 -2.107394 0.602262
v 3.687423 -2.108872 0.654966
v 3.817723 -2.463134 0.597697
v 3.798123 -2.367734 0.612489
v 3.711823 -2.388606 0.655945
v 3.718823 -2.488080 0.642318
v 3.664023 -2.642306 0.600547
v 3.748123 -2.642717 0.614447
v 3.735923 -2.569845 0.625618
v 3.640023 -2.586083 0.620662
v 3.842723 -2.638581 0.603670
v 3.834823 -2.553449 0.595323
v 3.531823 -2.578413 0.593964
v 3.539723 -2.605608 0.510836
v 3.573223 -2.603728 0.578060
v 3.498223 -2.584765 0.517563
v 3.560623 -2.642539 0.510280
v 3.600223 -2.643623 0.563107
v 3.409223 -2.552069 0.611131
v 3.478923 -2.561555 0.603765
v 3.439923 -2.576511 0.527161
v 3.366023 -2.573577 0.536949
v 3.221223 -2.555936 0.634445
v 3.321023 -2.553005 0.620292
v 3.277923 -2.573428 0.544671
v 3.181023 -2.568836 0.558663
v 3.001723 -2.551176 0.691820
v 3.115223 -2.549985 0.657732
v 3.079423 -2.560363 0.588508
v 2.970523 -2.561232 0.622215
v 2.757023 -2.521671 0.761160
v 2.877923 -2.544920 0.728748
v 2.745523 -2.529523 0.682969
v 2.857023 -2.549863 0.653932
v 2.420223 -2.265840 0.629263
v 2.462323 -2.344438 0.632081
v 2.507023 -2.253774 0.546225
v 2.553123 -2.320871 0.559633
v 2.475923 -2.424550 0.811613
v 2.470923 -2.425469 0.724511
v 2.552323 -2.468542 0.724498
v 2.559123 -2.460708 0.804691
v 2.651523 -2.492430 0.787010
v 2.644123 -2.500287 0.708919
v 2.585023 -2.374218 0.579454
v 2.510823 -2.404677 0.641282
v 2.575423 -2.440859 0.648483
v 2.607223 -2.412903 0.596927
v 2.822023 -2.154169 0.341689
v 2.772723 -2.241846 0.393561
v 2.680723 -2.170952 0.373464
v 2.737523 -2.115432 0.338744
v 2.668923 -2.415750 0.570215
v 2.655423 -2.467049 0.633830
v 2.746923 -2.488880 0.606309
v 2.755223 -2.425946 0.533858
v 2.595523 -2.221031 0.450473
v 2.650123 -2.288969 0.476553
v 2.671723 -2.354404 0.519809
v 2.768423 -2.345017 0.465464
v 2.924323 -2.186303 0.308758
v 3.041923 -2.208599 0.261777
v 3.010623 -2.275881 0.316043
v 2.898023 -2.260016 0.358241
v 2.951323 -2.438646 0.473514
v 3.058123 -2.447010 0.436663
v 3.056723 -2.519316 0.511773
v 2.950623 -2.513830 0.546452
v 3.157923 -2.527049 0.481269
v 3.161823 -2.459154 0.404500
v 2.850323 -2.431858 0.504764
v 2.847123 -2.502197 0.578786
v 2.870823 -2.345900 0.429150
v 2.976523 -2.355350 0.393739
v 3.249323 -2.538764 0.465759
v 3.252123 -2.480031 0.384648
v 3.334723 -2.547669 0.458728
v 3.338523 -2.499430 0.375501
v 3.129523 -2.286208 0.273368
v 3.087423 -2.365001 0.353206
v 3.198123 -2.379983 0.316470
v 3.253123 -2.297295 0.241968
v 3.417123 -2.551395 0.450496
v 3.428323 -2.512921 0.369804
v 3.486023 -2.561803 0.445180
v 3.505023 -2.532616 0.370856
v 3.533723 -2.588244 0.448543
v 3.552223 -2.573342 0.382099
v 3.559923 -2.627169 0.391274
v 3.547423 -2.634849 0.455836
v 3.959023 -2.610382 0.450254
v 3.942623 -2.523251 0.447133
v 3.905123 -2.534725 0.526899
v 3.923123 -2.623896 0.539217
v 3.887023 -2.442672 0.526971
v 3.921623 -2.434434 0.446013
v 3.866123 -2.345424 0.539266
v 3.896123 -2.338639 0.450611
v 3.866623 -2.246428 0.451392
v 3.842623 -2.248611 0.548731
v 3.812223 -2.167996 0.538818
v 3.820423 -2.180459 0.438420
v 3.753223 -2.134334 0.418777
v 3.761823 -2.102166 0.512815
v 3.210323 -2.156251 0.193916
v 3.173523 -2.217687 0.220175
v 3.311223 -2.224072 0.200870
v 3.356223 -2.162587 0.194347
v 3.376023 -2.318259 0.227019
v 3.303623 -2.402545 0.296319
v 3.403823 -2.429155 0.288853
v 3.490123 -2.347801 0.226895
v 3.479223 -2.176049 0.217300
v 3.440023 -2.241017 0.206291
v 3.552323 -2.268950 0.224892
v 3.583123 -2.195616 0.247009
v 3.744923 -2.256485 0.297844
v 3.723223 -2.343335 0.268727
v 3.643523 -2.306976 0.248213
v 3.671323 -2.224467 0.274472
v 3.690623 -2.446192 0.237572
v 3.587123 -2.388378 0.228730
v 3.749323 -2.188952 0.352377
v 3.808923 -2.228218 0.372921
v 3.803323 -2.289307 0.324675
v 3.851623 -2.282689 0.386266
v 3.838923 -2.316234 0.348344
v 3.499923 -2.457106 0.290626
v 3.579923 -2.495253 0.302320
v 3.959423 -2.610443 0.379330
v 3.942023 -2.529501 0.379252
v 3.921823 -2.616430 0.325789
v 3.902423 -2.540960 0.325091
v 3.877923 -2.462037 0.327000
v 3.915223 -2.448206 0.379997
v 3.883423 -2.362029 0.386336
v 3.855323 -2.379505 0.337433
v 3.798623 -2.370225 0.296906
v 3.803123 -2.458517 0.285635
v 3.827523 -2.543731 0.279953
v 3.856823 -2.619017 0.284368
v 3.759023 -2.643448 0.261904
v 3.729523 -2.547354 0.263113
v 3.628723 -2.557912 0.313483
v 3.633123 -2.628588 0.316163
v 3.880923 -2.675017 0.291312
v 3.839123 -2.713987 0.272506
v 3.932923 -2.689254 0.317225
v 3.911123 -2.759699 0.297081
v 3.952423 -2.781437 0.362223
v 3.969623 -2.696491 0.372497
v 3.973023 -2.702633 0.451874
v 3.967023 -2.796478 0.448192
v 3.257823 -2.040317 0.112742
v 3.384623 -2.054799 0.093163
v 3.384323 -2.070107 0.173407
v 3.238423 -2.066311 0.165014
v 3.228423 -2.104793 0.192716
v 3.366823 -2.113068 0.204052
v 3.519723 -1.986522 -0.046691
v 3.622623 -1.962590 -0.024256
v 3.506723 -2.004817 0.038387
v 3.598923 -1.988940 0.068364
v 3.485123 -2.036338 0.104660
v 3.565923 -2.024559 0.134498
v 3.539023 -2.048396 0.178983
v 3.477023 -2.053659 0.174769
v 3.801123 -1.913979 0.074649
v 3.720323 -1.937971 0.017251
v 3.682323 -1.980469 0.123953
v 3.748523 -1.952477 0.217446
v 3.687423 -1.926939 0.404354
v 3.719723 -1.948034 0.336808
v 3.758923 -1.893247 0.379778
v 3.707323 -1.890725 0.451447
v 3.807123 -1.892414 0.283262
v 3.856923 -1.877736 0.152095
v 3.473723 -1.952668 0.570336
v 3.501123 -1.912223 0.639313
v 3.582623 -1.894995 0.575910
v 3.557323 -1.953437 0.492659
v 3.578323 -2.124622 0.290325
v 3.669823 -2.152395 0.328470
v 3.561523 -2.068980 0.359790
v 3.666523 -2.096109 0.395468
v 3.480323 -2.117213 0.240673
v 3.467623 -2.072825 0.269612
v 3.570923 -2.041269 0.236998
v 3.510923 -2.050257 0.257108
v 3.598923 -2.016874 0.318360
v 3.535723 -2.021524 0.353348
v 3.632823 -2.019281 0.195009
v 3.665423 -1.999774 0.274283
v 3.634223 -1.932172 0.432196
v 3.644723 -1.881666 0.508974
v 3.499623 -1.981582 0.634859
v 3.554523 -1.987338 0.567107
v 3.587023 -2.010310 0.504260
v 3.630423 -2.009763 0.587433
v 3.593123 -2.000535 0.547804
v 3.648223 -2.024018 0.531406
v 3.656723 -1.977516 0.357924
v 3.588823 -1.982580 0.398297
v 3.555523 -2.019624 0.439105
v 3.626123 -2.040965 0.452884
v 3.698223 -2.051685 0.567754
v 3.665623 -2.044764 0.627560
v 3.691323 -2.059946 0.479421
v 3.968923 -2.270273 1.824240
v 4.070523 -2.292560 1.771951
v 4.025723 -2.320740 1.743358
v 3.922823 -2.287589 1.796583
v 4.147423 -2.335622 1.674071
v 4.184824 -2.301582 1.703508
v 4.116023 -2.384558 1.650977
v 3.985723 -2.361425 1.719643
v 3.854823 -2.317053 1.772823
v 3.963623 -2.434307 1.700057
v 3.833423 -2.406695 1.733225
v 4.099323 -2.452928 1.634759
v 3.965523 -2.519398 1.692279
v 4.101423 -2.530709 1.625305
v 3.821323 -2.509298 1.738848
v 3.431123 -2.379738 2.276323
v 3.498123 -2.366600 2.252048
v 3.476823 -2.357159 2.215637
v 3.409023 -2.368563 2.230798
v 3.545423 -2.342180 2.195878
v 3.567123 -2.353755 2.225953
v 3.523723 -2.343974 2.158009
v 3.458923 -2.364726 2.173724
v 3.394423 -2.382921 2.181676
v 3.507223 -2.417385 2.371990
v 3.561323 -2.406265 2.318848
v 3.527323 -2.385619 2.286097
v 3.464423 -2.399264 2.322463
v 3.591023 -2.371181 2.249877
v 3.615423 -2.391080 2.269850
v 3.637123 -2.337658 2.197344
v 3.614523 -2.325536 2.169904
v 3.684023 -2.306917 2.134130
v 3.708023 -2.318387 2.162409
v 3.655623 -2.301380 2.101097
v 3.589323 -2.322801 2.135105
v 3.722623 -2.334416 2.183009
v 3.655223 -2.353770 2.217638
v 3.672123 -2.370864 2.232466
v 3.735123 -2.350348 2.196802
v 3.867023 -2.281033 2.102587
v 3.795123 -2.304195 2.144106
v 3.810523 -2.323596 2.160702
v 3.887723 -2.302365 2.123077
v 3.777823 -2.287187 2.118755
v 3.851423 -2.266199 2.057876
v 4.131223 -2.263821 1.993204
v 4.253823 -2.261022 1.940177
v 4.214823 -2.248334 1.904757
v 4.096724 -2.250757 1.958207
v 4.168023 -2.289831 2.020033
v 4.294323 -2.288095 1.968045
v 4.378324 -2.250508 1.868268
v 4.422223 -2.276142 1.895519
v 4.335223 -2.239505 1.834252
v 3.807723 -2.255653 2.024835
v 3.750623 -2.277205 2.085080
v 3.718723 -2.269660 2.051964
v 3.773123 -2.246663 1.992705
v 3.991823 -2.268701 2.040701
v 4.047723 -2.267926 2.024017
v 4.021523 -2.256346 1.992139
v 3.970423 -2.257197 2.010120
v 4.019623 -2.287301 2.064155
v 4.078424 -2.288328 2.049170
v 3.825423 -2.236806 1.873777
v 3.863723 -2.242999 1.897456
v 3.880023 -2.257147 1.846444
v 3.831923 -2.255746 1.822485
v 3.922123 -2.256719 1.873415
v 3.899523 -2.249620 1.919908
v 3.843123 -2.245307 1.959227
v 3.879223 -2.254466 1.980529
v 3.808123 -2.237472 1.931437
v 3.932323 -2.272156 2.067244
v 3.956923 -2.291784 2.089437
v 3.917223 -2.259884 2.032100
v 4.296023 -2.309766 1.629304
v 4.330223 -2.276325 1.657002
v 4.222023 -2.275738 1.734368
v 4.257923 -2.255697 1.765090
v 4.367323 -2.249701 1.686506
v 3.933723 -2.253203 1.933222
v 3.956623 -2.255342 1.896134
v 3.959323 -2.255038 1.940627
v 3.983923 -2.255944 1.921842
v 4.006824 -2.259299 1.854131
v 4.037223 -2.252804 1.885264
v 4.067123 -2.250336 1.920167
v 4.179623 -2.249440 1.867129
v 4.146223 -2.258173 1.833161
v 4.295123 -2.242525 1.798515
v 4.002523 -2.256571 1.954862
v 3.962323 -2.258891 1.970554
v 3.920723 -2.258587 1.982492
v 3.761023 -2.298116 1.769322
v 3.744923 -2.377759 1.743731
v 3.689223 -2.354957 1.758086
v 3.709023 -2.287198 1.774468
v 3.724923 -2.458529 1.749428
v 3.664523 -2.426263 1.759528
v 3.749123 -2.251150 1.848397
v 3.783723 -2.237581 1.857905
v 3.777123 -2.250888 1.809646
v 3.734923 -2.257718 1.809948
v 3.741923 -2.257681 1.893292
v 3.771823 -2.240757 1.910509
v 3.711923 -2.269172 1.942506
v 3.738323 -2.250131 1.966357
v 3.663823 -2.288174 1.989978
v 3.687423 -2.272901 2.020020
v 3.628523 -2.306750 2.064421
v 3.608323 -2.321467 2.028301
v 3.548323 -2.357906 2.053617
v 3.565023 -2.337127 2.093999
v 3.501323 -2.366904 2.113294
v 3.474323 -2.397510 2.064525
v 3.418923 -2.432780 2.076688
v 3.439223 -2.393918 2.124738
v 3.377423 -2.418920 2.129186
v 3.364423 -2.465357 2.082197
v 3.289323 -2.311669 1.754406
v 3.380723 -2.266275 1.790115
v 3.392023 -2.285471 1.760345
v 3.304523 -2.327133 1.732767
v 3.272723 -2.306503 1.780852
v 3.368823 -2.265323 1.823528
v 3.466323 -2.241468 1.860983
v 3.478023 -2.233402 1.824091
v 3.487723 -2.251518 1.789575
v 3.356323 -2.276527 1.855829
v 3.331923 -2.299025 1.884265
v 3.254523 -2.310004 1.809897
v 3.229723 -2.323288 1.838371
v 3.428623 -2.290050 1.919248
v 3.454723 -2.260829 1.892307
v 3.194723 -2.345892 1.863495
v 3.287723 -2.329281 1.906637
v 3.240223 -2.361049 1.925716
v 3.159023 -2.377336 1.883895
v 3.315023 -2.354929 1.959831
v 3.374123 -2.324389 1.941182
v 3.136323 -2.417199 1.894086
v 3.211523 -2.396266 1.936981
v 3.205523 -2.436877 1.923989
v 3.130523 -2.459793 1.885887
v 3.271423 -2.426182 1.946651
v 3.281623 -2.386796 1.963478
v 3.029923 -2.421532 1.801976
v 3.006923 -2.463171 1.803149
v 3.060123 -2.439540 1.853013
v 3.079823 -2.396613 1.841798
v 3.060723 -2.483737 1.846523
v 3.016723 -2.499118 1.809763
v 3.130523 -2.503477 1.851780
v 3.209723 -2.490957 1.884366
v 3.224823 -2.531726 1.827790
v 3.136123 -2.534014 1.800110
v 3.280823 -2.489034 1.909721
v 3.304923 -2.541100 1.854489
v 3.177123 -2.525589 1.717661
v 3.269823 -2.531241 1.740670
v 3.245723 -2.540705 1.779184
v 3.153823 -2.538184 1.753187
v 3.331323 -2.556704 1.802690
v 3.358523 -2.545568 1.759567
v 3.230923 -2.474940 1.690871
v 3.321923 -2.464926 1.709787
v 3.294823 -2.501490 1.718369
v 3.202023 -2.501797 1.697916
v 3.386323 -2.507068 1.733268
v 3.414423 -2.461501 1.714595
v 3.062223 -2.408764 1.742921
v 3.038123 -2.415190 1.770593
v 3.105623 -2.369781 1.816320
v 3.134923 -2.354247 1.788780
v 3.013023 -2.521946 1.771866
v 3.063623 -2.518466 1.813440
v 3.032723 -2.525307 1.735107
v 3.073123 -2.536786 1.768695
v 3.121523 -2.404487 1.702301
v 3.090623 -2.405825 1.720053
v 3.161923 -2.348579 1.762065
v 3.186523 -2.349580 1.738066
v 2.995423 -2.478323 1.752178
v 3.021823 -2.476134 1.718148
v 3.053423 -2.470762 1.696524
v 3.088323 -2.461989 1.681811
v 3.093423 -2.504431 1.688145
v 3.061523 -2.517759 1.708803
v 3.121523 -2.519564 1.701986
v 3.094623 -2.533917 1.729896
v 3.236323 -2.363444 1.706203
v 3.258423 -2.372766 1.701150
v 3.241723 -2.397222 1.687700
v 3.193523 -2.400043 1.682827
v 3.313423 -2.351861 1.717097
v 3.308623 -2.381673 1.702733
v 3.155023 -2.401914 1.689129
v 3.211423 -2.354772 1.718930
v 3.478223 -2.317671 1.737126
v 3.393823 -2.352523 1.719863
v 3.395423 -2.319338 1.738231
v 3.485023 -2.284008 1.761031
v 3.291823 -2.424984 1.693089
v 3.380623 -2.396235 1.705087
v 3.353923 -2.428755 1.706192
v 3.266623 -2.448644 1.691706
v 3.441623 -2.412592 1.712445
v 3.463423 -2.370400 1.713810
v 3.218423 -2.457604 1.677059
v 3.224623 -2.442067 1.675162
v 3.183123 -2.475868 1.674188
v 3.171223 -2.460162 1.667693
v 3.391323 -2.373350 1.707727
v 3.473323 -2.341612 1.720000
v 3.303123 -2.405177 1.695249
v 3.230523 -2.421684 1.677756
v 3.172723 -2.434283 1.668805
v 3.150723 -2.498984 1.682353
v 3.128723 -2.482909 1.672975
v 3.126823 -2.448475 1.671682
v 3.406223 -2.496506 1.996433
v 3.396223 -2.522041 2.004857
v 3.400223 -2.474235 2.037002
v 3.416523 -2.443332 2.030994
v 3.360623 -2.507920 2.047754
v 3.369323 -2.565656 2.014128
v 3.299323 -2.491511 2.085777
v 3.313123 -2.441833 2.128749
v 3.259223 -2.463636 2.131581
v 3.241723 -2.510041 2.090904
v 3.279623 -2.425493 2.186801
v 3.332123 -2.402498 2.184138
v 3.295623 -2.415656 2.251585
v 3.347423 -2.388641 2.243548
v 3.369223 -2.397651 2.301721
v 3.304523 -2.424436 2.328104
v 3.348923 -2.444977 2.389910
v 3.404323 -2.418412 2.357004
v 3.391323 -2.468692 2.444319
v 3.449723 -2.436447 2.415351
v 3.025423 -2.994878 2.221337
v 2.978723 -3.006103 2.276275
v 2.966923 -2.970639 2.262521
v 3.004323 -2.958360 2.218663
v 2.966923 -2.970072 2.336781
v 2.953123 -2.948514 2.322715
v 2.935023 -2.933645 2.308257
v 2.963723 -2.938474 2.255486
v 2.999423 -2.922927 2.217428
v 3.216923 -2.488331 2.422135
v 3.247123 -2.508723 2.459108
v 3.297523 -2.474784 2.423428
v 3.261723 -2.457982 2.379333
v 3.335823 -2.503476 2.468731
v 3.280523 -2.541167 2.491471
v 3.115523 -2.577603 2.509876
v 3.138123 -2.596274 2.531122
v 3.194823 -2.552746 2.494200
v 3.169023 -2.531528 2.467092
v 3.222023 -2.580178 2.517940
v 3.160723 -2.618036 2.550386
v 3.000223 -2.676792 2.553062
v 3.018923 -2.695024 2.571930
v 3.077523 -2.646197 2.555752
v 3.057023 -2.627036 2.538140
v 3.097523 -2.665809 2.572536
v 3.037723 -2.713785 2.589566
v 2.938223 -2.794336 2.552102
v 2.971523 -2.745144 2.570804
v 2.954123 -2.726994 2.551630
v 2.919523 -2.776685 2.534602
v 2.956923 -2.811941 2.567100
v 2.989523 -2.763682 2.588052
v 2.900723 -2.826359 2.500144
v 2.920123 -2.840927 2.518025
v 2.903923 -2.867796 2.444732
v 2.932223 -2.872472 2.457882
v 2.949923 -2.886829 2.473871
v 2.936323 -2.856694 2.534132
v 2.951123 -2.902828 2.387691
v 2.915323 -2.905885 2.376594
v 2.972023 -2.915559 2.401572
v 3.245623 -2.453389 2.194486
v 3.252623 -2.439415 2.251899
v 3.222623 -2.466775 2.248698
v 3.218623 -2.470381 2.199003
v 3.213123 -2.463634 2.294359
v 3.247023 -2.440839 2.307111
v 3.194423 -2.469849 2.333863
v 3.225323 -2.458034 2.351082
v 3.163923 -2.483616 2.375731
v 3.189223 -2.483456 2.393571
v 3.208823 -2.520308 2.102024
v 3.224823 -2.478888 2.140607
v 3.201423 -2.483467 2.145247
v 3.188623 -2.523863 2.109730
v 3.226923 -2.578838 2.049419
v 3.189723 -2.586553 2.068301
v 3.200723 -2.555595 2.081931
v 3.235723 -2.546094 2.066759
v 3.177023 -2.556615 2.087381
v 3.163223 -2.588554 2.071690
v 3.181923 -2.674807 2.049520
v 3.154423 -2.669360 2.076283
v 3.171023 -2.626504 2.061158
v 3.205423 -2.623929 2.039371
v 3.145123 -2.628535 2.063343
v 3.127623 -2.668978 2.074903
v 2.982723 -2.661498 2.529614
v 2.938223 -2.709145 2.529033
v 2.967123 -2.650958 2.510396
v 2.929723 -2.697885 2.506051
v 2.898323 -2.744575 2.490801
v 2.904623 -2.758196 2.513044
v 2.869823 -2.794720 2.466133
v 2.879123 -2.810956 2.485118
v 2.851623 -2.850269 2.425923
v 2.873423 -2.862274 2.435940
v 2.882223 -2.910739 2.368797
v 2.854423 -2.909503 2.361357
v 2.881923 -2.933860 2.282802
v 2.907523 -2.933833 2.294323
v 2.915423 -2.924804 2.223830
v 2.939723 -2.927206 2.239216
v 2.949223 -2.898847 2.180771
v 2.974323 -2.902557 2.201389
v 2.978123 -2.865212 2.148579
v 3.005923 -2.871838 2.172833
v 3.009623 -2.827075 2.123361
v 3.038723 -2.834758 2.150258
v 3.070823 -2.861098 2.157033
v 3.035523 -2.896308 2.187029
v 2.687923 -2.604679 2.340708
v 2.590323 -2.633657 2.312068
v 2.596523 -2.656404 2.331073
v 2.686323 -2.635633 2.366446
v 2.518123 -2.672897 2.306469
v 2.499823 -2.651997 2.291663
v 2.550823 -2.684530 2.320414
v 2.604623 -2.678231 2.348028
v 2.685623 -2.665184 2.392165
v 2.782823 -2.817472 2.130433
v 2.731223 -2.787610 2.119958
v 2.780223 -2.759996 2.094826
v 2.820123 -2.791373 2.105514
v 2.748123 -2.724929 2.091266
v 2.685623 -2.755625 2.114314
v 2.821123 -2.688872 2.079350
v 2.839323 -2.727941 2.075964
v 2.866323 -2.762154 2.087187
v 2.637623 -2.707645 2.110908
v 2.613923 -2.688244 2.109738
v 2.686223 -2.657110 2.108352
v 2.710323 -2.673612 2.104483
v 2.656723 -2.638803 2.117336
v 2.608523 -2.664875 2.119519
v 2.746523 -2.599286 2.125055
v 2.772323 -2.618874 2.113993
v 2.794123 -2.635795 2.105291
v 2.728023 -2.695571 2.097991
v 2.658023 -2.728972 2.112467
v 2.808623 -2.658766 2.093831
v 2.587023 -2.777364 2.179457
v 2.648123 -2.816116 2.191216
v 2.618123 -2.816803 2.254384
v 2.561623 -2.782070 2.235979
v 2.678223 -2.846465 2.282000
v 2.712723 -2.851254 2.209697
v 2.604323 -2.790567 2.314517
v 2.661023 -2.809996 2.352147
v 2.564323 -2.777201 2.284646
v 2.687223 -2.804892 2.150001
v 2.748023 -2.838300 2.162873
v 2.630523 -2.770067 2.142019
v 2.569923 -2.668312 2.145763
v 2.629823 -2.626013 2.150439
v 2.608023 -2.613349 2.190847
v 2.539123 -2.657458 2.182859
v 2.712623 -2.577664 2.205854
v 2.726523 -2.586736 2.160548
v 2.595323 -2.598000 2.235017
v 2.704523 -2.567111 2.254954
v 2.516323 -2.635170 2.221425
v 2.525923 -2.612308 2.257020
v 2.589523 -2.594467 2.277396
v 2.698423 -2.562907 2.299575
v 2.613823 -2.713957 2.349146
v 2.611023 -2.694642 2.352879
v 2.535423 -2.701292 2.314125
v 2.539723 -2.723615 2.307011
v 2.684123 -2.712429 2.398419
v 2.685723 -2.687312 2.403994
v 2.547323 -2.751541 2.296363
v 2.611123 -2.745830 2.337466
v 2.674223 -2.751715 2.379895
v 2.518323 -2.724501 2.181645
v 2.511523 -2.690146 2.173136
v 2.555323 -2.697824 2.134822
v 2.574323 -2.722957 2.134655
v 2.476723 -2.665430 2.221560
v 2.476423 -2.692940 2.239786
v 2.499123 -2.631681 2.273117
v 2.589623 -2.614642 2.298655
v 2.693623 -2.581619 2.323223
v 2.487223 -2.705950 2.277291
v 2.504323 -2.735111 2.248340
v 2.550823 -2.750323 2.176129
v 2.596523 -2.744160 2.137523
v 2.528123 -2.756427 2.234272
v 2.841723 -2.551509 2.173125
v 2.855123 -2.563087 2.132981
v 2.831023 -2.544686 2.220904
v 2.950023 -2.509681 2.237275
v 2.960023 -2.515437 2.188355
v 2.967623 -2.524327 2.141657
v 2.821023 -2.536676 2.268954
v 2.808923 -2.530840 2.313069
v 2.917523 -2.504028 2.325655
v 2.935723 -2.504326 2.282764
v 2.875423 -2.560407 2.390476
v 2.898823 -2.526600 2.360497
v 2.797323 -2.548810 2.342872
v 2.783723 -2.577633 2.366430
v 2.873923 -2.587509 2.117229
v 2.889423 -2.608572 2.103977
v 2.977023 -2.551620 2.113316
v 2.984123 -2.580465 2.094401
v 2.988423 -2.608587 2.078533
v 2.899523 -2.632959 2.089329
v 2.990023 -2.638253 2.063376
v 2.906123 -2.661556 2.073033
v 3.072223 -2.560466 2.466902
v 3.016823 -2.602705 2.498892
v 3.035323 -2.610754 2.518356
v 3.093223 -2.566695 2.486072
v 2.991623 -2.710002 2.058682
v 2.927223 -2.733809 2.071815
v 2.913623 -2.699031 2.062929
v 2.989723 -2.674683 2.052532
v 3.145123 -2.523575 2.440711
v 3.122523 -2.519196 2.422335
v 2.768323 -2.615498 2.395570
v 2.753123 -2.652389 2.423465
v 2.814223 -2.643124 2.450051
v 2.844923 -2.602317 2.421984
v 2.741523 -2.680569 2.439448
v 2.732723 -2.711980 2.437011
v 2.773823 -2.717077 2.471072
v 2.790323 -2.676987 2.470710
v 2.722723 -2.754480 2.415194
v 2.709323 -2.818304 2.386321
v 2.757723 -2.817580 2.406497
v 2.763623 -2.762601 2.446173
v 2.724623 -2.864246 2.312013
v 2.757423 -2.876379 2.231668
v 2.791423 -2.895996 2.251958
v 2.763823 -2.875899 2.336575
v 2.826523 -2.840956 2.141482
v 2.792423 -2.863451 2.178432
v 2.827223 -2.884826 2.192809
v 2.863923 -2.860683 2.151648
v 3.105423 -2.816040 2.126510
v 3.050423 -2.782088 2.109462
v 3.078623 -2.788196 2.136852
v 3.088923 -2.737150 2.103273
v 3.115123 -2.744886 2.112237
v 3.136023 -2.767400 2.096397
v 2.901523 -2.783808 2.096039
v 2.861923 -2.813273 2.115152
v 2.900723 -2.830176 2.123280
v 2.937323 -2.798368 2.103502
v 2.947923 -2.756625 2.079998
v 2.973723 -2.771380 2.085646
v 2.996923 -2.735537 2.067106
v 3.002123 -2.752587 2.074323
v 3.137423 -2.706760 2.090625
v 3.160223 -2.721401 2.070337
v 3.111723 -2.702333 2.088580
v 2.986423 -2.819082 2.111707
v 2.966023 -2.811121 2.107465
v 3.003023 -2.780046 2.088245
v 3.027323 -2.780972 2.095503
v 3.032623 -2.749392 2.076213
v 3.062423 -2.742611 2.087027
v 3.170523 -2.526618 2.108867
v 3.184123 -2.486704 2.142354
v 3.146723 -2.495010 2.133654
v 3.136523 -2.533426 2.101959
v 3.153423 -2.465280 2.178566
v 3.195223 -2.469796 2.194129
v 3.195523 -2.463018 2.242707
v 3.151623 -2.451908 2.229131
v 3.141823 -2.448637 2.277705
v 3.186223 -2.461833 2.287552
v 3.071823 -2.487977 2.159008
v 3.066723 -2.472498 2.207794
v 3.056923 -2.468086 2.257436
v 3.072423 -2.517910 2.120996
v 3.069523 -2.549186 2.090519
v 3.124323 -2.453987 2.321267
v 3.168723 -2.466446 2.327050
v 3.099423 -2.479558 2.361143
v 3.140923 -2.480283 2.368413
v 3.040723 -2.469321 2.302541
v 3.019623 -2.487292 2.344363
v 3.064923 -2.517406 2.402005
v 3.101823 -2.516633 2.412768
v 3.053823 -2.557845 2.456337
v 3.021523 -2.557486 2.443336
v 2.992923 -2.519727 2.381734
v 2.958723 -2.556820 2.418232
v 3.145623 -2.591667 2.068403
v 3.158623 -2.559786 2.086795
v 3.127423 -2.565286 2.078059
v 3.118023 -2.598911 2.060367
v 3.066423 -2.579172 2.067130
v 3.062723 -2.613771 2.050683
v 3.112723 -2.672503 2.070089
v 3.129823 -2.632588 2.060702
v 3.106023 -2.640418 2.054134
v 3.092523 -2.680381 2.062617
v 3.056623 -2.654543 2.047298
v 3.049823 -2.693027 2.054465
v 3.076523 -2.738187 2.093597
v 3.097823 -2.704496 2.082744
v 3.080723 -2.711493 2.075624
v 3.044923 -2.722219 2.065480
v 2.925023 -2.638769 2.507503
v 2.972223 -2.598203 2.478420
v 2.916723 -2.598459 2.451960
v 2.876023 -2.639173 2.480133
v 3.000423 -2.598328 2.490834
v 2.951923 -2.643718 2.509918
v 2.899223 -2.689591 2.496118
v 2.920223 -2.692444 2.500359
v 2.881223 -2.730849 2.465058
v 2.894023 -2.739052 2.482008
v 2.849123 -2.682494 2.489521
v 2.835823 -2.721379 2.459000
v 2.866123 -2.787830 2.457921
v 2.858023 -2.776144 2.443077
v 2.838923 -2.831630 2.412087
v 2.844823 -2.842391 2.419672
v 2.819823 -2.761437 2.434821
v 2.808623 -2.814240 2.404188
v 2.841623 -2.904918 2.356616
v 2.831623 -2.900092 2.354594
v 2.852723 -2.926982 2.273087
v 2.867623 -2.931725 2.277117
v 2.803323 -2.886072 2.347801
v 2.824923 -2.913996 2.265131
v 2.902023 -2.921695 2.216899
v 2.886923 -2.916975 2.211565
v 2.922523 -2.890432 2.167038
v 2.936323 -2.895051 2.172378
v 2.860123 -2.904183 2.203498
v 2.897223 -2.878009 2.160151
v 2.965223 -2.860405 2.140044
v 2.953623 -2.856308 2.135075
v 2.996923 -2.822486 2.115114
v 2.931623 -2.845371 2.129604
v 3.039023 -2.780359 2.100447
v 3.091023 -2.916067 2.144604
v 3.054623 -2.952866 2.179517
v 3.044223 -2.930275 2.182039
v 3.081523 -2.891890 2.147420
v 3.118423 -2.948459 2.155533
v 3.073923 -2.972913 2.183153
v 3.073723 -2.958524 2.171773
v 3.106523 -2.932854 2.145627
v 3.161323 -2.829122 2.082973
v 3.124123 -2.875701 2.113807
v 3.114923 -2.846585 2.116110
v 3.146923 -2.796566 2.084675
v 3.141823 -2.900620 2.120264
v 3.184723 -2.859471 2.094922
v 3.210923 -2.886511 2.113676
v 3.162023 -2.920821 2.133408
v 3.211023 -2.772467 2.051124
v 3.182623 -2.743359 2.051824
v 3.220723 -2.685457 2.026058
v 3.265723 -2.708017 2.028145
v 3.288923 -2.570234 2.037601
v 3.297023 -2.531323 2.057405
v 3.259123 -2.623882 2.021443
v 3.315423 -2.641570 2.019007
v 3.240623 -2.807647 2.068601
v 3.300723 -2.749138 2.047879
v 3.334923 -2.793046 2.075866
v 3.271223 -2.842601 2.092502
v 3.445323 -2.718300 2.041268
v 3.394123 -2.744504 2.066281
v 3.355923 -2.691825 2.033900
v 3.401623 -2.659947 2.012924
v 3.411623 -2.576246 1.975945
v 3.410623 -2.549409 1.964091
v 3.435923 -2.592830 1.927195
v 3.450823 -2.620598 1.948110
v 3.469723 -2.649569 1.969055
v 3.418223 -2.614365 1.985437
v 3.443323 -2.664461 2.001041
v 3.480423 -2.706174 2.024046
v 3.494123 -2.675729 1.986458
v 3.519223 -2.699289 2.002210
v 3.522723 -2.667273 1.939472
v 3.494223 -2.645058 1.910719
v 3.540023 -2.650012 1.866956
v 3.573223 -2.675945 1.895892
v 3.465923 -2.621239 1.881960
v 3.503923 -2.626460 1.834174
v 3.597823 -2.693133 1.912317
v 3.546223 -2.684314 1.956807
v 3.564723 -2.699689 1.967929
v 3.615223 -2.706917 1.921929
v 3.582623 -2.632651 1.813277
v 3.628623 -2.576054 1.782427
v 3.676623 -2.609210 1.794413
v 3.621923 -2.659966 1.836723
v 3.543523 -2.596407 1.798166
v 3.582823 -2.546038 1.774465
v 3.680323 -2.518584 1.764049
v 3.625923 -2.487536 1.767566
v 3.740223 -2.560921 1.768586
v 3.652823 -2.679008 1.855744
v 3.717723 -2.641001 1.813891
v 3.677423 -2.697018 1.870819
v 3.753423 -2.668368 1.838235
v 4.392923 -2.631901 1.478250
v 4.259123 -2.618514 1.552558
v 4.234523 -2.544788 1.552559
v 4.305223 -2.678163 1.570508
v 4.443923 -2.689131 1.494238
v 4.170523 -2.668229 1.643913
v 4.125823 -2.606754 1.625568
v 3.836423 -2.648699 1.815344
v 3.790723 -2.609495 1.785581
v 3.877423 -2.595980 1.748006
v 3.929423 -2.653724 1.771075
v 3.586123 -2.382373 1.745565
v 3.611923 -2.311097 1.744622
v 3.643223 -2.329750 1.753549
v 3.618823 -2.401231 1.756283
v 3.639923 -2.266037 1.782616
v 3.670623 -2.276848 1.782485
v 3.700323 -2.261428 1.813438
v 3.667123 -2.245004 1.811793
v 3.683923 -2.246684 1.840544
v 3.716823 -2.260454 1.843045
v 3.678123 -2.252145 1.872280
v 3.710623 -2.266283 1.879367
v 3.685223 -2.282522 1.918987
v 3.653723 -2.263718 1.907465
v 3.613723 -2.280216 1.946368
v 3.640423 -2.296324 1.961454
v 3.586323 -2.319382 1.997770
v 3.564423 -2.305889 1.979427
v 3.530023 -2.351277 2.020748
v 3.512423 -2.336810 2.001159
v 3.470223 -2.381245 2.031318
v 3.455923 -2.367646 2.014583
v 3.545223 -2.524783 1.755272
v 3.582923 -2.464776 1.750065
v 3.516323 -2.506473 1.740215
v 3.551923 -2.445602 1.739065
v 3.447023 -2.596332 1.795165
v 3.481223 -2.556189 1.764756
v 3.508723 -2.575252 1.777265
v 3.471923 -2.610332 1.810174
v 3.416723 -2.592367 1.845583
v 3.438923 -2.604165 1.860620
v 3.414723 -2.573946 1.907463
v 3.391723 -2.565508 1.893331
v 3.403723 -2.414111 2.002351
v 3.417623 -2.425450 2.016413
v 3.395523 -2.477627 1.980207
v 3.374723 -2.465382 1.967800
v 3.397223 -2.528898 1.945657
v 3.373423 -2.519284 1.933697
v 3.344823 -2.549620 1.870018
v 3.320823 -2.495894 1.920840
v 3.343023 -2.505435 1.924690
v 3.363923 -2.554914 1.878324
v 3.341923 -2.446295 1.958298
v 3.314823 -2.432379 1.955004
v 3.540423 -2.292978 1.753395
v 3.528823 -2.323346 1.729682
v 3.566223 -2.312616 1.732914
v 3.584823 -2.276631 1.766771
v 3.542423 -2.366930 1.729839
v 3.513023 -2.363626 1.723021
v 3.488923 -2.413559 1.718700
v 3.513123 -2.423305 1.724341
v 3.481323 -2.481463 1.725349
v 3.460723 -2.469181 1.719155
v 3.564023 -2.372047 1.736853
v 3.531423 -2.432698 1.730804
v 3.497323 -2.492494 1.732417
v 3.591723 -2.307013 1.736447
v 3.615223 -2.266550 1.775975
v 3.563323 -2.240816 1.813841
v 3.555223 -2.264968 1.783180
v 3.605823 -2.248093 1.794384
v 3.618323 -2.224482 1.824012
v 3.640123 -2.237955 1.802589
v 3.656423 -2.230861 1.833756
v 3.594723 -2.239123 1.896281
v 3.614223 -2.224480 1.859973
v 3.557223 -2.228297 1.846427
v 3.542123 -2.238853 1.881371
v 3.651723 -2.236222 1.867200
v 3.629123 -2.248358 1.903454
v 3.521623 -2.296372 1.957144
v 3.563423 -2.263810 1.929597
v 3.520523 -2.262248 1.913160
v 3.486223 -2.292908 1.940718
v 3.591923 -2.269573 1.939077
v 3.545323 -2.298558 1.968836
v 3.411823 -2.360430 1.995672
v 3.468323 -2.328914 1.979182
v 3.430623 -2.325796 1.963538
v 3.371723 -2.356565 1.980972
v 3.493723 -2.330554 1.990105
v 3.438423 -2.362693 2.005256
v 3.367723 -2.401023 1.984083
v 3.332823 -2.391207 1.975541
v 3.389423 -2.407737 1.992706
v 3.359123 -2.456446 1.962312
v 3.449623 -2.532049 1.749338
v 3.430923 -2.519373 1.741564
v 3.400623 -2.562876 1.769474
v 3.417223 -2.575081 1.777776
v 3.463923 -2.542974 1.756313
v 3.430623 -2.584949 1.785513
v 3.372123 -2.570204 1.817728
v 3.389323 -2.577799 1.827702
v 3.402023 -2.584273 1.835638
v 3.377123 -2.559709 1.884955
v 3.357723 -2.512756 1.928269
v 2.931623 -2.892849 0.458586
v 2.939323 -2.914135 0.493704
v 3.037723 -2.886739 0.480881
v 3.032923 -2.869395 0.442928
v 2.845223 -2.930126 0.472535
v 2.857323 -2.948783 0.502097
v 2.865423 -2.944037 0.537434
v 2.946523 -2.903339 0.530096
v 3.045623 -2.877530 0.516980
v 3.135823 -2.844890 0.458986
v 3.136723 -2.843636 0.422096
v 3.143023 -2.840483 0.498410
v 3.228023 -2.803784 0.477215
v 3.222823 -2.804746 0.433685
v 3.230623 -2.813644 0.397404
v 3.289523 -2.786467 0.415721
v 3.310223 -2.799609 0.383499
v 3.291323 -2.783209 0.457682
v 3.347423 -2.770844 0.438070
v 3.354423 -2.780602 0.395929
v 3.369223 -2.794392 0.373086
v 3.471723 -2.728326 0.397883
v 3.465323 -2.722253 0.480778
v 3.518023 -2.686279 0.466854
v 3.529323 -2.684357 0.394543
v 3.542123 -2.693879 0.528315
v 3.494523 -2.732990 0.553075
v 3.351123 -2.761487 0.507635
v 3.410523 -2.747734 0.493413
v 3.411023 -2.756647 0.416262
v 3.364423 -2.770699 0.576114
v 3.431223 -2.756280 0.565938
v 3.543823 -2.748007 0.595772
v 3.590823 -2.701507 0.573146
v 3.599423 -2.774109 0.627603
v 3.656923 -2.707833 0.602527
v 3.399923 -2.799997 0.633502
v 3.471923 -2.797490 0.631746
v 3.463823 -2.776847 0.605906
v 3.379723 -2.792687 0.614697
v 3.234723 -2.785438 0.543799
v 3.297123 -2.770718 0.525026
v 3.257423 -2.811630 0.601169
v 3.312723 -2.787265 0.588769
v 3.270823 -2.831102 0.634389
v 3.324323 -2.809167 0.624151
v 3.290223 -2.835048 0.664209
v 3.351123 -2.812522 0.650701
v 3.424223 -2.822125 0.660758
v 3.342723 -2.849243 0.692830
v 3.418023 -2.884826 0.698363
v 3.517723 -2.837382 0.659565
v 3.088523 -2.887802 0.622460
v 3.179223 -2.850242 0.610532
v 3.151423 -2.818187 0.560817
v 3.057823 -2.856820 0.575688
v 3.195923 -2.875987 0.639679
v 3.106823 -2.913088 0.654039
v 3.116623 -2.903220 0.692580
v 3.210123 -2.876850 0.671583
v 2.960923 -2.880186 0.591552
v 2.873823 -2.912607 0.606385
v 2.916323 -2.943234 0.659088
v 2.997123 -2.910738 0.641254
v 2.943523 -2.949679 0.728230
v 3.025423 -2.921263 0.713363
v 3.018223 -2.932182 0.675661
v 2.939623 -2.958306 0.694169
v 3.249023 -2.881702 0.713471
v 3.147523 -2.903719 0.740533
v 3.200023 -2.946592 0.771384
v 3.314023 -2.920460 0.727033
v 2.865823 -2.964005 0.371787
v 2.845623 -2.926130 0.417875
v 2.947223 -2.896664 0.400465
v 2.981123 -2.942090 0.358443
v 3.057523 -2.880761 0.388873
v 3.100923 -2.927094 0.353810
v 2.774223 -2.974116 0.438510
v 2.780523 -2.998385 0.392716
v 2.739123 -3.025396 0.412674
v 2.787523 -2.982173 0.483817
v 2.731523 -3.024084 0.451918
v 2.750523 -3.027445 0.490587
v 2.802623 -2.991976 0.509289
v 2.772623 -3.031512 0.513890
v 2.806923 -2.984216 0.547907
v 2.766523 -3.023756 0.557717
v 2.809223 -2.962063 0.619622
v 2.759223 -3.017100 0.628927
v 2.800123 -3.031873 0.681154
v 2.848323 -2.983089 0.674289
v 2.832023 -3.039784 0.741094
v 2.876423 -2.992290 0.737459
v 2.871223 -2.994257 0.707694
v 2.831623 -3.043524 0.710825
v 2.841823 -3.044032 0.779512
v 2.884423 -3.000721 0.775432
v 2.864123 -3.048603 0.804588
v 2.898623 -3.024350 0.807809
v 2.966423 -2.988971 0.805769
v 2.951923 -2.958261 0.770501
v 3.258923 -2.840944 0.365757
v 3.160223 -2.865766 0.382537
v 3.200123 -2.908825 0.353175
v 3.300023 -2.883481 0.337727
v 3.573623 -2.797538 0.267522
v 3.521023 -2.753144 0.332323
v 3.593023 -2.698037 0.321821
v 3.680723 -2.725720 0.269316
v 3.438023 -2.779615 0.365335
v 3.439023 -2.802173 0.341678
v 3.366023 -2.821208 0.348579
v 3.419223 -2.837012 0.298472
v 3.770123 -2.772347 0.266691
v 3.848323 -2.823084 0.293276
v 3.760323 -2.863591 0.307636
v 3.695323 -2.830006 0.266025
v 3.629823 -2.947844 0.249521
v 3.597423 -2.919132 0.226157
v 3.635323 -2.874388 0.252412
v 3.681123 -2.903894 0.287651
v 3.555723 -2.852242 0.240284
v 3.542123 -2.900038 0.218258
v 3.443923 -2.861426 0.255173
v 3.459923 -2.904610 0.224501
v 3.410923 -2.943937 0.270084
v 3.380423 -2.907566 0.312779
v 3.552423 -3.034004 0.179475
v 3.543823 -2.966110 0.193560
v 3.587823 -2.976624 0.200358
v 3.589323 -3.034990 0.194643
v 3.614723 -2.996604 0.225135
v 3.607723 -3.029926 0.217678
v 3.484623 -2.967677 0.194671
v 3.514223 -3.033893 0.193004
v 3.478823 -3.031031 0.214307
v 3.446123 -2.993776 0.233314
v 3.556623 -3.075979 0.206972
v 3.527423 -3.070129 0.213124
v 3.556523 -3.085289 0.249702
v 3.530023 -3.076908 0.251995
v 3.511123 -3.056699 0.260989
v 3.495923 -3.054448 0.234476
v 3.606023 -3.053360 0.238145
v 3.585623 -3.071965 0.217124
v 3.582223 -3.079180 0.254867
v 3.600223 -3.061190 0.262430
v 2.845523 -3.126996 0.728484
v 2.860023 -3.133831 0.776868
v 2.828823 -3.093364 0.782038
v 2.818523 -3.087890 0.738082
v 2.866323 -3.084039 0.812734
v 2.882223 -3.114236 0.808365
v 2.831123 -3.081843 0.701473
v 2.784023 -3.089964 0.672449
v 2.825123 -3.122180 0.651233
v 2.845823 -3.104760 0.690817
v 2.757723 -3.075661 0.556286
v 2.736323 -3.095720 0.621827
v 2.801723 -3.136806 0.594684
v 2.799923 -3.103078 0.542062
v 2.742123 -3.071863 0.491297
v 2.769323 -3.064057 0.511988
v 2.773823 -3.102618 0.482788
v 2.791723 -3.085909 0.507104
v 2.710423 -3.078014 0.450869
v 2.757623 -3.118559 0.441888
v 2.737723 -3.068572 0.404140
v 2.768123 -3.101003 0.405450
v 2.893923 -3.023432 0.356794
v 2.800823 -3.047395 0.376028
v 2.820123 -3.092559 0.389516
v 2.917723 -3.074125 0.375768
v 2.831223 -3.113355 0.429971
v 2.926023 -3.090799 0.417667
v 2.837323 -3.097625 0.471059
v 2.925923 -3.076643 0.459965
v 3.144123 -2.995453 0.333987
v 3.016623 -3.008380 0.344351
v 3.042723 -3.067014 0.360357
v 3.175223 -3.063203 0.344853
v 3.333523 -2.969384 0.326696
v 3.251723 -2.978960 0.329442
v 3.293523 -3.053946 0.335577
v 3.384123 -3.040267 0.341485
v 3.065623 -2.959578 0.796469
v 3.043623 -2.924558 0.761152
v 2.996823 -3.087812 0.819025
v 2.983823 -3.034074 0.825071
v 2.915423 -3.060803 0.826513
v 2.927023 -3.105254 0.817504
v 3.174823 -3.059911 0.778684
v 3.175923 -3.005595 0.788570
v 3.077723 -3.011581 0.813864
v 3.080823 -3.070817 0.807597
v 3.312323 -3.006325 0.735938
v 3.255523 -3.024304 0.757325
v 3.276223 -3.067506 0.740676
v 3.375723 -3.064806 0.708178
v 2.921723 -3.141959 0.773688
v 2.906023 -3.136783 0.717695
v 2.978823 -3.127327 0.706728
v 2.995023 -3.135712 0.771348
v 3.149123 -3.108000 0.679409
v 3.163323 -3.101220 0.736502
v 3.072423 -3.118305 0.759744
v 3.056423 -3.113673 0.694203
v 2.895423 -3.110256 0.678576
v 2.883723 -3.115292 0.636210
v 2.954823 -3.099559 0.624107
v 2.965923 -3.100037 0.666552
v 2.869923 -3.124509 0.579676
v 2.856523 -3.096940 0.531302
v 2.930723 -3.082885 0.522206
v 2.942423 -3.106979 0.569381
v 2.926323 -3.069362 0.489640
v 2.845323 -3.084632 0.498965
v 3.048323 -3.091386 0.402006
v 3.169623 -3.090809 0.436698
v 3.043023 -3.070516 0.447701
v 3.179923 -3.104769 0.384194
v 3.038923 -3.081160 0.612661
v 3.045923 -3.085402 0.654385
v 3.138423 -3.076144 0.600533
v 3.142323 -3.081684 0.640478
v 3.031723 -3.091879 0.559545
v 3.028123 -3.069606 0.512665
v 3.135623 -3.094848 0.550356
v 3.141123 -3.082480 0.505001
v 3.034423 -3.054497 0.478689
v 3.155623 -3.069856 0.470679
v 3.274823 -3.112608 0.465175
v 3.380223 -3.122750 0.462178
v 3.289523 -3.114478 0.426901
v 3.389023 -3.114467 0.423295
v 3.372123 -3.128133 0.499427
v 3.260023 -3.116293 0.502524
v 3.301223 -3.107257 0.373631
v 3.396923 -3.090238 0.378933
v 3.391623 -2.969407 0.327095
v 3.441723 -2.975323 0.318636
v 3.483423 -3.011395 0.354793
v 3.438523 -3.025853 0.353647
v 3.479323 -3.008687 0.277619
v 3.511023 -3.022815 0.294824
v 3.451523 -3.069787 0.387241
v 3.480123 -3.052091 0.396389
v 3.474223 -3.076986 0.421279
v 3.448423 -3.095705 0.424492
v 3.251323 -3.112561 0.544914
v 3.365123 -3.128506 0.538372
v 3.364423 -3.118639 0.575211
v 3.251923 -3.087628 0.589645
v 3.504723 -3.076868 0.468967
v 3.457423 -3.121806 0.490582
v 3.451323 -3.111266 0.457640
v 3.487623 -3.076108 0.443969
v 3.603623 -3.040210 0.290802
v 3.619823 -3.021031 0.260870
v 3.642123 -2.976608 0.290914
v 3.627123 -3.004247 0.340485
v 3.530623 -3.038652 0.296703
v 3.553423 -3.050890 0.295287
v 3.548923 -3.030184 0.359204
v 3.519723 -3.020526 0.355060
v 3.505423 -3.039731 0.409432
v 3.526923 -3.038028 0.426561
v 3.580223 -3.051130 0.297677
v 3.588023 -3.036720 0.344197
v 3.736523 -2.714880 0.615138
v 3.692823 -2.787884 0.630203
v 3.794523 -2.810760 0.620552
v 3.832023 -2.719397 0.613571
v 3.931423 -2.715779 0.553380
v 3.919523 -2.801936 0.551850
v 3.794423 -2.903193 0.417914
v 3.794823 -2.883756 0.356143
v 3.886623 -2.845104 0.358101
v 3.901623 -2.864561 0.432192
v 3.705423 -2.927114 0.330168
v 3.704723 -2.949172 0.373355
v 3.879823 -2.874698 0.521653
v 3.805123 -2.889479 0.582594
v 3.785023 -2.935278 0.546961
v 3.809323 -2.924675 0.494090
v 3.595923 -3.033566 0.377638
v 3.577523 -3.037965 0.404928
v 3.627723 -3.012632 0.389680
v 3.619323 -3.027587 0.441596
v 3.578423 -2.985838 0.656197
v 3.678823 -2.905097 0.635573
v 3.608923 -2.865728 0.654403
v 3.504823 -2.934370 0.682245
v 3.476023 -3.037599 0.678014
v 3.400123 -2.978948 0.707988
v 3.680623 -2.974900 0.400500
v 3.703923 -2.966911 0.438631
v 3.376723 -3.124693 0.606811
v 3.257223 -3.098748 0.625657
v 3.392823 -3.135208 0.642759
v 3.266023 -3.123544 0.662573
v 3.510623 -3.082314 0.652963
v 3.399723 -3.114159 0.683657
v 3.512623 -3.115534 0.618065
v 3.618823 -3.056716 0.576626
v 3.613123 -3.026948 0.626047
v 3.277923 -3.115938 0.714105
v 3.542823 -3.079666 0.525400
v 3.565123 -3.070283 0.553395
v 3.492823 -3.127398 0.581110
v 3.472223 -3.130227 0.554098
v 3.463023 -3.130367 0.523939
v 3.523123 -3.080681 0.496491
v 3.551423 -3.037782 0.454923
v 3.577123 -3.046626 0.486261
v 3.596623 -3.054941 0.517128
v 3.644223 -3.044216 0.506736
v 3.709823 -2.949114 0.605454
v 3.719823 -2.983202 0.559687
v 3.719523 -2.982885 0.495997
v 1.275923 -1.588038 -0.165041
v 1.239123 -1.499108 -0.130393
v 1.261523 -1.512351 -0.229435
v 1.267323 -1.496812 -0.287928
v 1.311123 -1.529272 -0.299842
v 1.297423 -1.553497 -0.241857
v 1.061323 -1.407458 0.017106
v 1.062023 -1.495320 0.073876
v 1.186323 -1.576246 -0.022310
v 1.236223 -1.641556 -0.053173
v 1.213923 -1.478839 -0.230381
v 1.213823 -1.473257 -0.283045
v 1.199623 -1.454086 -0.179149
v 1.152423 -1.446777 -0.232213
v 1.152123 -1.431127 -0.198342
v 1.152623 -1.445151 -0.280601
v 1.026123 -1.316841 0.024606
v 0.956123 -1.220641 0.046256
v 1.010023 -1.292027 -0.058888
v 1.110423 -1.390715 -0.089399
v 1.098223 -1.385512 -0.183556
v 1.078123 -1.404402 -0.227132
v 1.003323 -1.320032 -0.169311
v 0.975423 -1.367823 -0.210269
v 0.975423 -1.373145 -0.276893
v 1.079023 -1.404896 -0.276946
v 1.051423 -1.277835 -0.125173
v 1.135623 -1.382714 -0.144025
v 0.888323 -1.248288 -0.143981
v 0.849423 -1.321763 -0.180831
v 0.755523 -1.260412 -0.169632
v 0.805323 -1.166890 -0.136419
v 0.737223 -1.293476 -0.274040
v 0.842523 -1.339093 -0.278509
v 0.861523 -1.099333 -0.111434
v 0.944623 -1.182579 -0.114797
v 0.902823 -1.190618 -0.037234
v 0.828823 -1.093399 -0.026143
v 0.798723 -1.049252 0.164558
v 0.857323 -1.121861 0.056337
v 0.806323 -1.014735 0.069310
v 0.731023 -0.925481 0.185816
v 0.729223 -1.021783 0.255015
v 0.680023 -0.929405 0.259813
v 0.630323 -0.734621 0.315474
v 0.644923 -0.818501 0.250969
v 0.629223 -0.832834 0.283689
v 0.623023 -0.749832 0.342632
v 0.637723 -0.708070 0.385642
v 0.647623 -0.675087 0.414316
v 0.651523 -0.663807 0.380717
v 0.629923 -0.690419 0.352716
v 0.684523 -0.594847 0.467388
v 0.662923 -0.637365 0.442465
v 0.685323 -0.635874 0.410097
v 0.716623 -0.587948 0.433333
v 2.234723 0.255133 0.254321
v 2.255023 0.299624 0.199223
v 2.098423 0.342041 0.205308
v 2.076223 0.290062 0.256563
v 2.116523 0.384646 0.146494
v 2.268923 0.338116 0.137063
v 1.957523 0.404123 0.224564
v 1.957623 0.454490 0.163198
v 1.935023 0.351945 0.262083
v 1.993323 0.445705 0.006719
v 1.986123 0.441047 0.081274
v 2.122123 0.400916 0.078928
v 2.123123 0.405322 0.006963
v 2.269223 0.350605 0.070779
v 2.268623 0.356354 0.006705
v 1.733623 0.520990 0.233698
v 1.844823 0.509727 0.201887
v 1.784923 0.505396 0.162868
v 1.692323 0.522580 0.199633
v 1.851223 0.479081 0.126370
v 1.777023 0.489900 0.102360
v 1.723823 0.508457 0.136201
v 1.648023 0.526410 0.171809
v 1.894023 0.466998 0.005759
v 1.883623 0.466382 0.071135
v 1.819323 0.479587 0.004592
v 1.807323 0.479554 0.056579
v 1.676223 0.496443 0.122376
v 1.605823 0.514272 0.154972
v 1.723523 0.483388 0.088657
v 1.673523 0.451953 0.084916
v 1.629423 0.466734 0.118236
v 1.564423 0.480899 0.151819
v 1.760823 0.463273 0.002637
v 1.750223 0.468000 0.048591
v 1.701823 0.433142 0.000575
v 1.695323 0.435937 0.045314
v 1.117823 0.116617 0.104884
v 1.144423 0.119394 0.057365
v 1.125523 0.099430 0.061307
v 1.097023 0.091974 0.111758
v 1.142723 0.104269 0.014509
v 1.155623 0.128091 0.011394
v 1.112123 0.094059 0.019522
v 1.102023 0.077024 0.067610
v 1.080323 0.059628 0.121888
v 1.177023 0.149713 0.105917
v 1.201923 0.153065 0.057129
v 1.166623 0.134362 0.056637
v 1.140023 0.133822 0.103586
v 1.180723 0.140222 0.007796
v 1.219723 0.152529 0.004608
v 1.318423 0.188791 0.117717
v 1.334723 0.199668 0.060154
v 1.265523 0.171822 0.058426
v 1.246123 0.160461 0.112255
v 1.278323 0.179264 0.001363
v 1.342123 0.213280 -0.001357
v 1.568823 0.412863 0.119595
v 1.515423 0.428690 0.153877
v 1.600823 0.403365 0.081576
v 1.522223 0.356423 0.082639
v 1.504423 0.364200 0.117552
v 1.466123 0.373796 0.152171
v 1.465023 0.318013 0.097122
v 1.410323 0.280912 0.128611
v 1.429323 0.328537 0.146721
v 1.462523 0.331123 0.121328
v 1.618523 0.397439 -0.000410
v 1.614523 0.396110 0.041184
v 1.538923 0.355411 -0.001163
v 1.532723 0.353161 0.042480
v 1.437923 0.292684 -0.002526
v 1.430923 0.278051 0.062732
v 1.475823 0.315078 0.053076
v 1.481723 0.325298 -0.001822
v 1.387023 0.238244 0.063410
v 1.369723 0.227573 0.124291
v 1.394223 0.252125 -0.002693
v 0.969523 -0.268826 0.473121
v 0.931923 -0.311684 0.467711
v 0.953023 -0.303235 0.509976
v 0.992323 -0.263263 0.527038
v 0.917523 -0.324976 0.504899
v 0.881423 -0.345689 0.453102
v 0.947823 -0.317492 0.560230
v 0.989923 -0.307322 0.557619
v 1.017723 -0.265028 0.581227
v 0.914523 -0.321911 0.394189
v 0.889523 -0.334956 0.418569
v 0.920723 -0.311959 0.438145
v 0.938923 -0.295808 0.427469
v 0.857723 -0.379010 0.385643
v 0.839523 -0.399695 0.407072
v 0.883323 -0.356699 0.358699
v 0.833023 -0.374068 0.330237
v 0.820723 -0.428376 0.342489
v 0.810823 -0.463872 0.361951
v 0.932923 -0.309629 0.370866
v 0.952923 -0.291170 0.346401
v 0.938023 -0.319467 0.304379
v 0.920423 -0.354386 0.325978
v 0.887523 -0.294578 0.293312
v 0.858923 -0.337858 0.305407
v 0.942923 -0.272379 0.300820
v 0.920923 -0.249629 0.286924
v 0.955123 -0.248687 0.323942
v 0.971723 -0.205613 0.281082
v 1.010623 0.086124 0.031880
v 1.009323 0.070531 0.086163
v 1.054323 0.081972 0.077215
v 1.060323 0.103446 0.026882
v 1.048323 0.045301 0.127060
v 1.012523 0.039132 0.134914
v 0.770923 -0.228135 0.306511
v 0.742423 -0.283517 0.320003
v 0.803823 -0.307177 0.318620
v 0.835923 -0.258640 0.309136
v 0.776423 -0.364801 0.332782
v 0.718423 -0.356881 0.327535
v 0.873223 -0.213293 0.301068
v 0.908423 -0.172979 0.288299
v 0.848823 -0.149667 0.285354
v 0.809523 -0.184844 0.295919
v 0.978923 0.031807 0.143701
v 0.983223 0.004693 0.184288
v 1.015323 0.008679 0.181216
v 0.935623 0.018713 0.146642
v 0.938423 -0.004257 0.183164
v 0.981123 -0.021554 0.220318
v 0.937523 -0.026759 0.213403
v 1.009923 -0.018176 0.224222
v 0.871523 0.001124 0.140806
v 0.868823 -0.019011 0.175090
v 0.795423 -0.009571 0.135273
v 0.786823 -0.030570 0.168905
v 0.871023 -0.037057 0.202784
v 0.785023 -0.055278 0.206026
v 0.973323 0.057257 0.093902
v 0.972523 0.071986 0.037264
v 0.933623 0.056727 0.042984
v 0.933523 0.040082 0.098107
v 0.879223 0.040574 0.048551
v 0.875523 0.023757 0.098054
v 0.814123 0.026941 0.053864
v 0.806423 0.012388 0.097189
v 0.988423 -0.149810 0.279235
v 0.936023 -0.134490 0.277626
v 0.956223 -0.095650 0.267776
v 0.992623 -0.099928 0.274137
v 0.906823 -0.084578 0.258306
v 0.880423 -0.116676 0.272757
v 0.819323 -0.101860 0.257496
v 0.787823 -0.138814 0.272766
v 0.847623 -0.071890 0.238312
v 0.754123 -0.098096 0.242791
v 0.743423 -0.129758 0.261775
v 0.930523 -0.053380 0.240396
v 0.970523 -0.054967 0.250420
v 0.998323 -0.053497 0.256116
v 0.882023 -0.053238 0.225979
v 1.433723 -0.567225 0.937401
v 1.416923 -0.518662 0.906882
v 1.481923 -0.495463 0.899023
v 1.444223 -0.456465 0.853921
v 1.393523 -0.492910 0.865615
v 1.503523 -0.475256 0.918334
v 1.461923 -0.431266 0.890654
v 1.372723 -0.454938 0.793507
v 1.298123 -0.469301 0.763318
v 1.322623 -0.504099 0.796544
v 1.366923 -0.483789 0.822674
v 1.412523 -0.372064 0.870073
v 1.364123 -0.301567 0.856764
v 1.342123 -0.317698 0.825971
v 1.398423 -0.383213 0.827751
v 1.195223 -0.382467 0.736138
v 1.262323 -0.350586 0.800809
v 1.216123 -0.296629 0.792843
v 1.143823 -0.345265 0.725190
v 1.304823 -0.243654 0.815373
v 1.271823 -0.172177 0.814442
v 1.176823 -0.244221 0.806224
v 1.079923 -0.307662 0.717672
v 1.318423 -0.404268 0.805785
v 1.244723 -0.426724 0.756390
v 1.248623 -0.505465 0.723941
v 1.275523 -0.537234 0.770466
v 1.202623 -0.549404 0.699335
v 1.222023 -0.562130 0.759395
v 1.037323 -0.387522 0.659813
v 1.063323 -0.359346 0.662762
v 1.023623 -0.327595 0.616536
v 0.992823 -0.347496 0.615974
v 1.030123 -0.285719 0.649035
v 1.153823 -0.422417 0.684419
v 1.196523 -0.463019 0.710695
v 1.159523 -0.499889 0.683397
v 1.117123 -0.461539 0.664803
v 1.078623 -0.426378 0.661349
v 1.112023 -0.388540 0.668669
v 0.859823 -0.379243 0.876365
v 0.905623 -0.421818 0.905531
v 0.922823 -0.464380 0.951626
v 0.666623 0.018606 0.064496
v 0.656923 0.009594 0.100432
v 0.734023 0.001789 0.096870
v 0.743523 0.012750 0.058444
v 0.719323 -0.015579 0.133519
v 0.641523 -0.007398 0.135800
v 0.628123 -0.031948 0.173632
v 0.706523 -0.035279 0.170633
v 0.694223 -0.061436 0.210274
v 0.616923 -0.064229 0.215220
v 0.691223 -0.150571 0.269975
v 0.741623 -0.172171 0.281334
v 0.697623 -0.212473 0.293904
v 0.616423 -0.184309 0.281626
v 0.608923 -0.114147 0.251769
v 0.681823 -0.104806 0.247908
v 0.604123 -0.266014 0.298187
v 0.673823 -0.274460 0.309013
v 0.596923 -0.345920 0.307941
v 0.658223 -0.353885 0.317393
v 0.459923 -0.781723 0.123899
v 0.512723 -0.799302 0.131586
v 0.488123 -0.725719 0.206007
v 0.444523 -0.714243 0.193054
v 0.527723 -0.737600 0.217333
v 0.561923 -0.815161 0.137271
v 0.500623 -0.656332 0.271667
v 0.465523 -0.649266 0.260460
v 0.426423 -0.643715 0.247763
v 0.576523 0.031670 0.104927
v 0.562023 0.011798 0.136422
v 0.586223 0.040695 0.072198
v 0.495423 0.066817 0.079435
v 0.486523 0.058947 0.107824
v 0.474923 0.038205 0.135361
v 0.551823 -0.021197 0.169653
v 0.470123 -0.001951 0.162564
v 0.469823 -0.048188 0.196123
v 0.545323 -0.059181 0.209404
v 0.540923 -0.107624 0.248144
v 0.469623 -0.093043 0.235172
v 0.469023 -0.150568 0.263063
v 0.538823 -0.171722 0.273647
v 0.538523 -0.247767 0.287634
v 0.470123 -0.221063 0.279778
v 0.470923 -0.297368 0.291346
v 0.536123 -0.326322 0.298268
v 0.527623 -0.397098 0.318072
v 0.581323 -0.417311 0.331416
v 0.469923 -0.371834 0.307428
v 0.464923 -0.435701 0.320424
v 0.514723 -0.456677 0.333121
v 0.561723 -0.477989 0.346401
v 0.499323 -0.502042 0.329468
v 0.542023 -0.522397 0.340099
v 0.453423 -0.481822 0.319431
v 0.439423 -0.524769 0.308707
v 0.483323 -0.542248 0.316400
v 0.522623 -0.558892 0.325244
v 0.506523 -0.868131 0.049530
v 0.563523 -0.896004 0.056816
v 0.451923 -0.834704 0.039764
v 0.465623 -0.842589 -0.065275
v 0.520723 -0.883168 -0.054825
v 0.577223 -0.917100 -0.046691
v 0.513323 -0.955064 -0.092985
v 0.573023 -0.983677 -0.088447
v 0.450123 -0.920743 -0.099193
v 0.427323 -1.018963 -0.103431
v 0.494223 -1.049460 -0.095798
v 0.556723 -1.072068 -0.096318
v 0.467923 -1.143701 -0.168120
v 0.528423 -1.167588 -0.163906
v 0.403723 -1.113838 -0.175189
v 0.398323 -1.148820 -0.289626
v 0.455623 -1.187703 -0.284185
v 0.514023 -1.215906 -0.278120
v 0.468123 -0.589274 0.294919
v 0.504623 -0.599401 0.303643
v 0.427223 -0.579882 0.286754
v 0.380823 -0.637203 0.234019
v 0.379723 -0.569080 0.280173
v 0.388823 -0.504000 0.304712
v 0.351123 -0.978902 -0.117017
v 0.336123 -1.066472 -0.190351
v 0.337823 -1.096459 -0.294278
v 0.402923 -0.794664 -0.076297
v 0.376223 -0.879557 -0.104599
v 0.392423 -0.792652 0.028098
v 0.400423 -0.758867 0.113314
v 0.393823 -0.700884 0.178709
v 0.407223 -0.407939 0.315035
v 0.400223 -0.456661 0.313990
v 0.396523 -0.260049 0.295530
v 0.403823 -0.338215 0.308091
v 0.388423 -0.119798 0.262758
v 0.391423 -0.186100 0.281421
v 0.383223 -0.018450 0.198062
v 0.386623 -0.065726 0.233964
v 0.377723 0.081222 0.143184
v 0.377823 0.034423 0.167495
v 0.386423 0.102757 0.115794
v 0.394423 0.109787 0.088057
v 1.192023 0.175350 0.935526
v 1.151823 0.244992 0.945407
v 1.131423 0.213016 0.926909
v 1.176023 0.142403 0.909660
v 1.121423 0.188522 0.905544
v 1.169123 0.115011 0.884719
v 0.763523 0.161107 0.692481
v 0.807323 0.138736 0.699888
v 0.736123 0.191565 0.673526
v 0.777623 0.138839 0.629574
v 0.803323 0.102661 0.645290
v 0.845523 0.072250 0.649723
v 1.250223 0.588612 0.590051
v 1.236623 0.624624 0.536060
v 1.289923 0.588749 0.517435
v 1.303723 0.549578 0.572343
v 1.259823 0.614045 0.465122
v 1.204923 0.646754 0.484764
v 1.166523 0.661447 0.439044
v 1.223923 0.635261 0.417479
v 1.185123 0.646642 0.371865
v 1.126623 0.668178 0.395863
v 1.083923 0.648271 0.362845
v 1.041523 0.612478 0.342822
v 1.143523 0.620868 0.339807
v 1.103723 0.579932 0.320385
v 0.996723 0.576629 0.328907
v 0.952323 0.542467 0.320399
v 1.061023 0.538652 0.308556
v 1.018223 0.500867 0.300338
v 0.913023 0.509878 0.322701
v 0.875423 0.479822 0.334768
v 0.978723 0.468855 0.294460
v 0.938723 0.439073 0.298429
v 0.838423 0.449902 0.363371
v 0.896823 0.407918 0.322452
v 0.864123 0.379606 0.364672
v 0.810923 0.422788 0.405661
v 0.788523 0.400085 0.447908
v 0.836423 0.356410 0.408493
v 0.810923 0.335102 0.445713
v 0.767923 0.378524 0.484312
v 0.750723 0.356190 0.511656
v 0.735023 0.331617 0.532758
v 0.790423 0.313103 0.472475
v 0.772923 0.288482 0.492673
v 0.719623 0.303108 0.550925
v 0.708823 0.274665 0.571401
v 0.758323 0.258512 0.511857
v 0.752123 0.228854 0.534264
v 0.707323 0.251932 0.597018
v 0.712623 0.233233 0.623873
v 0.751423 0.205204 0.558426
v 0.755423 0.184719 0.583273
v 0.721523 0.214769 0.650140
v 0.763723 0.164628 0.608243
v 1.114823 0.171153 0.892508
v 1.163823 0.095761 0.864461
v 1.094923 0.156131 0.890728
v 1.141323 0.075784 0.866900
v 1.157523 -0.184667 0.832744
v 1.243923 -0.105616 0.815327
v 1.213723 -0.045798 0.825335
v 1.141523 -0.109017 0.859805
v 1.048023 -0.157985 0.844121
v 1.062123 -0.237218 0.782392
v 1.060023 0.136288 0.937150
v 0.995123 0.115757 0.947369
v 1.022023 0.028723 0.924852
v 1.095123 0.051219 0.910140
v 1.036423 -0.068285 0.898147
v 1.120923 -0.029891 0.885666
v 1.179823 0.010859 0.844874
v 1.259923 0.253016 0.938363
v 1.220523 0.319879 0.942672
v 1.186423 0.281562 0.955558
v 1.225623 0.213507 0.951079
v 0.884523 0.083263 0.876052
v 0.931023 0.094176 0.930982
v 0.951523 0.013164 0.899702
v 0.907723 0.010861 0.834556
v 0.966623 -0.073799 0.850243
v 0.983423 -0.158271 0.785604
v 0.934423 -0.062986 0.776649
v 0.962623 -0.136249 0.710461
v 0.975723 -0.201427 0.579635
v 0.955223 -0.130140 0.638495
v 0.987523 -0.208720 0.642717
v 0.960223 -0.119481 0.577814
v 0.977623 -0.191811 0.524803
v 1.005123 -0.234337 0.714244
v 0.895423 0.113448 0.724655
v 0.884023 0.091959 0.795822
v 0.917023 0.019102 0.746687
v 0.933823 0.036660 0.669080
v 0.941023 -0.055148 0.693965
v 0.938823 -0.047387 0.626303
v 0.892723 0.051373 0.645298
v 0.854323 0.124203 0.700041
v 1.242923 -0.001592 0.871092
v 1.272423 -0.060303 0.869564
v 1.280623 -0.033175 0.895591
v 1.249223 0.025729 0.897231
v 1.312723 -0.099168 0.893537
v 1.301723 -0.126283 0.869013
v 1.332023 -0.065851 0.919926
v 1.298223 -0.000287 0.922456
v 1.264923 0.058212 0.924172
v 1.209423 0.054518 0.874271
v 1.214923 0.082115 0.900827
v 1.229823 0.115221 0.927404
v 1.334823 -0.204167 0.868167
v 1.328223 -0.221720 0.849711
v 1.296323 -0.145111 0.850082
v 1.269323 -0.079460 0.849411
v 1.240223 -0.021548 0.850893
v 1.367723 -0.144240 0.917448
v 1.347223 -0.178285 0.891517
v 0.960923 -0.238985 0.454430
v 0.952223 -0.211415 0.438612
v 0.952023 -0.257642 0.389731
v 0.945623 -0.279619 0.410985
v 1.205923 0.034527 0.852969
v 0.975623 -0.168421 0.494816
v 0.937523 -0.144019 0.488630
v 0.941323 -0.097694 0.549537
v 0.903623 -0.072774 0.544783
v 0.916323 -0.025699 0.599723
v 0.877323 0.001482 0.597405
v 0.956323 -0.219428 0.366622
v 0.936323 -0.175724 0.420965
v 0.929323 -0.133888 0.397566
v 0.963423 -0.173874 0.344743
v 0.871123 -0.039406 0.534312
v 0.905323 -0.112689 0.477038
v 0.887623 -0.074493 0.454228
v 0.849723 -0.002101 0.514755
v 0.839023 0.030443 0.484102
v 0.802923 0.100887 0.550525
v 0.796723 0.125792 0.522030
v 0.839623 0.062951 0.450642
v 0.815623 0.072211 0.574994
v 0.839623 0.034905 0.591145
v 0.979323 -0.127737 0.324901
v 0.938623 -0.089946 0.367278
v 0.958823 -0.044142 0.337700
v 0.997623 -0.080404 0.303426
v 0.885323 -0.036213 0.419703
v 0.899523 0.004698 0.386433
v 1.039623 0.021406 0.186267
v 1.019323 0.003622 0.240321
v 0.989023 0.047788 0.261034
v 1.037923 0.056626 0.183517
v 0.970523 0.002525 0.307071
v 1.007623 -0.032826 0.276056
v 0.844723 0.097674 0.422119
v 0.905123 0.045539 0.354362
v 0.852123 0.133702 0.395276
v 0.915223 0.087902 0.325384
v 0.831223 0.244999 0.431131
v 0.812223 0.213954 0.449851
v 0.871623 0.170372 0.374580
v 0.895223 0.202544 0.355425
v 0.801223 0.181219 0.471778
v 0.797123 0.152448 0.496141
v 1.024523 0.129699 0.213532
v 1.072923 0.121051 0.152424
v 1.047523 0.091800 0.166140
v 0.999523 0.097345 0.234080
v 0.963523 0.160496 0.283048
v 0.938423 0.127408 0.304153
v 0.873023 0.291929 0.382286
v 0.850623 0.269561 0.410228
v 0.916723 0.227205 0.332825
v 0.941423 0.250800 0.302750
v 1.098023 0.169433 0.188408
v 1.146323 0.150140 0.148314
v 1.102523 0.139040 0.146263
v 1.053023 0.152900 0.195355
v 1.021923 0.208971 0.235195
v 0.988023 0.184998 0.259738
v 0.934123 0.342992 0.298723
v 0.901223 0.316020 0.342023
v 1.031023 0.306206 0.244284
v 0.980323 0.277652 0.266656
v 1.219323 0.152865 0.165102
v 1.168223 0.178993 0.204794
v 1.228423 0.217549 0.201538
v 1.296723 0.175643 0.181559
v 1.134323 0.263673 0.211045
v 1.077123 0.234145 0.219236
v 1.021223 0.407908 0.262649
v 0.976623 0.374210 0.271899
v 1.074523 0.340583 0.231969
v 1.113223 0.379175 0.231520
v 1.263623 0.265826 0.189635
v 1.328623 0.239070 0.167536
v 1.289423 0.314994 0.189904
v 1.354523 0.291062 0.167469
v 1.203523 0.348388 0.201272
v 1.173723 0.302280 0.203485
v 1.096823 0.473443 0.282808
v 1.060923 0.438693 0.272362
v 1.147223 0.417091 0.244354
v 1.179623 0.455971 0.261251
v 1.311523 0.369555 0.195597
v 1.378123 0.344061 0.172470
v 1.334923 0.423401 0.206658
v 1.407423 0.396468 0.182445
v 1.229223 0.398339 0.208699
v 1.258323 0.442348 0.232107
v 1.173823 0.556108 0.302965
v 1.135723 0.513542 0.292564
v 1.213323 0.497633 0.273403
v 1.246423 0.539048 0.284639
v 1.392823 0.511541 0.232545
v 1.480223 0.496340 0.192690
v 1.443323 0.449514 0.188350
v 1.363423 0.470478 0.220428
v 1.317323 0.524711 0.262565
v 1.288123 0.484828 0.249114
v 1.278623 0.576601 0.300256
v 1.209723 0.596767 0.320267
v 1.248723 0.626033 0.347421
v 1.314223 0.605013 0.323153
v 1.455423 0.569482 0.264380
v 1.551523 0.550785 0.217509
v 1.514423 0.530707 0.199407
v 1.422323 0.544131 0.245669
v 1.379823 0.586465 0.297728
v 1.346623 0.559299 0.277508
v 1.317423 0.587292 0.436112
v 1.285923 0.612655 0.391215
v 1.350723 0.594070 0.362983
v 1.379323 0.567472 0.403299
v 1.522223 0.540864 0.334129
v 1.621923 0.528730 0.282934
v 1.588823 0.541501 0.249522
v 1.491823 0.561826 0.299393
v 1.444723 0.553380 0.371924
v 1.416223 0.578481 0.334925
v 1.415623 0.513568 0.487498
v 1.401423 0.545032 0.442757
v 1.343223 0.562294 0.483334
v 1.358123 0.525829 0.534794
v 1.465923 0.534231 0.404762
v 1.479323 0.508824 0.441843
v 1.562423 0.510270 0.399956
v 1.545423 0.527180 0.364282
v 1.865823 0.480496 0.252968
v 1.766623 0.519732 0.277499
v 1.775823 0.484560 0.317115
v 1.853923 0.431764 0.288085
v 1.670423 0.507700 0.356532
v 1.648623 0.521379 0.316161
v 1.759223 0.424183 0.320097
v 1.834023 0.373116 0.295776
v 1.335123 0.130353 0.925584
v 1.298323 0.190398 0.931698
v 1.262623 0.153045 0.945241
v 1.297923 0.096334 0.938621
v 1.301623 0.316252 0.886464
v 1.258023 0.387706 0.889338
v 1.241323 0.353183 0.917872
v 1.282423 0.284987 0.914087
v 1.289723 0.366865 0.791756
v 1.248423 0.449505 0.795184
v 1.265823 0.424974 0.848143
v 1.312223 0.348534 0.846580
v 1.251823 0.507504 0.697502
v 1.252423 0.546710 0.643698
v 1.305323 0.501383 0.629128
v 1.307523 0.439390 0.692318
v 1.244623 0.475037 0.745689
v 1.287823 0.399173 0.744561
v 1.415123 0.405928 0.591294
v 1.417923 0.461254 0.539333
v 1.360223 0.473670 0.590846
v 1.360823 0.418543 0.641115
v 1.432723 0.370863 0.649647
v 1.657923 0.450574 0.370723
v 1.559923 0.465425 0.433697
v 1.478423 0.460547 0.484599
v 1.478823 -0.112604 0.940032
v 1.441123 -0.056292 0.934609
v 1.403623 -0.099244 0.941113
v 1.443523 -0.165850 0.947838
v 1.367423 -0.025144 0.938132
v 1.405323 0.009968 0.926962
v 1.370223 0.071266 0.923633
v 1.332523 0.038534 0.936945
v 1.368523 0.148459 0.900297
v 1.326223 0.215957 0.905745
v 1.353023 0.235963 0.875360
v 1.402623 0.157468 0.871273
v 1.494323 -0.050103 0.916138
v 1.478223 -0.018589 0.909966
v 1.461823 -0.032244 0.920788
v 1.491223 -0.075403 0.925678
v 1.433323 0.024102 0.911360
v 1.458123 0.028983 0.898122
v 1.403023 0.084283 0.903157
v 1.434923 0.088739 0.883484
v 1.429623 0.158610 0.831172
v 1.371023 0.251221 0.831977
v 1.348323 0.255360 0.768009
v 1.452823 0.123480 0.698696
v 1.494623 0.029239 0.878303
v 1.507823 0.054993 0.919276
v 1.495423 0.096368 0.855782
v 1.463623 0.091744 0.864627
v 1.357323 -0.688141 0.947863
v 1.364323 -0.644897 0.951793
v 1.313123 -0.644913 0.941775
v 1.295423 -0.660474 0.942368
v 1.804723 -0.872368 0.889815
v 1.797723 -0.941753 0.877245
v 1.656423 -0.916753 0.929392
v 1.662123 -0.849592 0.932016
v 1.503523 -0.714812 0.950011
v 1.525323 -0.639171 0.970359
v 1.434623 -0.634398 0.965830
v 1.423123 -0.701640 0.952584
v 1.607723 -0.737907 0.935538
v 1.630723 -0.680466 0.950215
v 1.722423 -0.763934 0.900961
v 1.739723 -0.726080 0.906279
v 1.521123 -0.913415 0.968253
v 1.530723 -0.838829 0.975818
v 1.671923 -0.820343 0.914893
v 1.541823 -0.806759 0.951548
v 1.560523 -0.792983 0.933521
v 1.687423 -0.807893 0.902398
v 1.454523 -0.771696 0.966920
v 1.432523 -0.787256 0.984642
v 1.581623 -0.773662 0.921729
v 1.478223 -0.754473 0.949896
v 1.703223 -0.790791 0.892579
v 0.730223 -0.487007 0.505846
v 0.710723 -0.542277 0.488291
v 0.750423 -0.521865 0.444107
v 0.773823 -0.453927 0.450582
v 0.771423 -0.413736 0.565022
v 0.747923 -0.444912 0.531145
v 0.794023 -0.406401 0.472092
v 0.820123 -0.375706 0.505640
v 0.885523 -0.335371 0.595346
v 0.852023 -0.350705 0.545767
v 0.800023 -0.385816 0.604919
v 0.830323 -0.366432 0.652031
v 0.911623 -0.322015 0.572487
v 0.877823 -0.337390 0.520201
v 0.889723 -0.335021 0.512225
v 0.923523 -0.320908 0.565539
v 0.855223 -0.359366 0.467729
v 0.844823 -0.361964 0.477895
v 0.900023 -0.333355 0.506012
v 0.863323 -0.357982 0.461198
v 0.932623 -0.319735 0.560900
v 0.863123 -0.366522 0.708421
v 0.900023 -0.369649 0.765336
v 0.960023 -0.377255 0.712101
v 0.922423 -0.357834 0.654036
v 0.952423 -0.349539 0.632082
v 0.991423 -0.380618 0.687363
v 0.966323 -0.348796 0.624513
v 1.007623 -0.383599 0.676671
v 0.977923 -0.348610 0.619615
v 1.021523 -0.387442 0.668733
v 1.166623 -0.535866 0.783067
v 1.186823 -0.546570 0.770822
v 1.165723 -0.527812 0.729246
v 1.145923 -0.515116 0.746816
v 1.198223 -0.568115 0.818947
v 1.176723 -0.559491 0.827364
v 1.014723 -0.489574 0.882238
v 1.034923 -0.515990 0.922865
v 1.113023 -0.531341 0.871883
v 1.094723 -0.517447 0.826116
v 1.005923 -0.462792 0.847341
v 1.081123 -0.491140 0.794196
v 1.121923 -0.507117 0.764213
v 1.153623 -0.548211 0.841747
v 1.142623 -0.526941 0.798314
v 1.100523 -0.647848 1.022842
v 1.177323 -0.655071 0.990465
v 1.131423 -0.608212 0.954839
v 1.062223 -0.602011 0.987556
v 1.119623 -0.561078 0.917926
v 1.047523 -0.552777 0.959281
v 1.946923 -0.791706 0.848250
v 1.953223 -0.759029 0.842748
v 1.850823 -0.750960 0.858946
v 1.842923 -0.783711 0.870856
v 1.941423 -0.832431 0.859493
v 1.943323 -0.814641 0.853321
v 1.834223 -0.805700 0.878586
v 1.825023 -0.821211 0.885192
v 1.937723 -0.853235 0.862384
v 1.814623 -0.837880 0.891029
v 3.047623 -0.698104 0.451636
v 3.020423 -0.784921 0.507666
v 2.956223 -0.748343 0.524529
v 2.949023 -0.669831 0.511188
v 2.899823 -0.535175 0.589578
v 2.852723 -0.495934 0.598583
v 2.805123 -0.543793 0.565634
v 2.850023 -0.579615 0.544408
v 2.879523 -0.481452 0.679867
v 2.928523 -0.518225 0.676615
v 2.059623 -0.789158 0.672700
v 2.101223 -0.778902 0.665186
v 2.082823 -0.756635 0.647555
v 2.030523 -0.771534 0.645382
v 2.178123 -0.766789 0.661887
v 2.159923 -0.740291 0.652417
v 2.813523 -0.848690 0.611522
v 2.696823 -0.871085 0.646775
v 2.690523 -0.799143 0.634452
v 2.828823 -0.758083 0.593478
v 2.547723 -0.838393 0.651291
v 2.563623 -0.905365 0.683137
v 2.912823 -0.737188 0.549623
v 2.899723 -0.786766 0.568362
v 2.888223 -0.703755 0.555183
v 2.816523 -0.639247 0.577485
v 2.854023 -0.671391 0.563586
v 2.895623 -0.616111 0.527850
v 2.789323 -0.716688 0.598202
v 2.760223 -0.690261 0.603653
v 2.890923 -0.861242 0.586347
v 2.577323 -0.644330 0.614752
v 2.463323 -0.684864 0.619295
v 2.477123 -0.716427 0.619453
v 2.606223 -0.678964 0.616033
v 2.731123 -0.663417 0.608828
v 2.779923 -0.606504 0.593122
v 2.629823 -0.707743 0.616555
v 2.494223 -0.743435 0.630796
v 2.512823 -0.768934 0.642028
v 2.651723 -0.732797 0.623605
v 2.305723 -0.715766 0.644134
v 2.319023 -0.746185 0.641855
v 2.023923 -0.782670 0.763934
v 2.034123 -0.805469 0.773520
v 2.058823 -0.809696 0.727595
v 2.041423 -0.781960 0.715793
v 2.049323 -0.825524 0.784168
v 2.091823 -0.806702 0.695215
v 2.086423 -0.830924 0.742883
v 2.128923 -0.826530 0.717396
v 2.674323 -0.757140 0.632199
v 2.531323 -0.796497 0.645726
v 2.112223 -0.853087 0.755311
v 2.163623 -0.852027 0.733736
v 2.060423 -0.851572 0.787654
v 2.014423 -0.757436 0.752086
v 1.994523 -0.760363 0.793586
v 2.000123 -0.788861 0.808148
v 2.001723 -0.812447 0.814082
v 2.008323 -0.831282 0.822698
v 2.029923 -0.758382 0.704851
v 2.362723 -0.805783 0.655501
v 2.386323 -0.834232 0.658947
v 2.237923 -0.820069 0.689124
v 2.271323 -0.846818 0.701184
v 2.305423 -0.880828 0.722636
v 2.413223 -0.864904 0.688407
v 2.011023 -0.854494 0.823945
v 2.339523 -0.772229 0.655559
v 2.205623 -0.791452 0.677675
v 2.271223 -0.954779 0.733340
v 2.330423 -0.946798 0.718480
v 2.243923 -0.887052 0.740003
v 2.206723 -0.851515 0.719842
v 2.169723 -0.823622 0.705345
v 2.434023 -0.931449 0.700946
v 2.132823 -0.794624 0.690812
v 2.822123 0.123910 -0.004477
v 2.810323 0.115290 0.059028
v 2.913023 -0.001555 0.042683
v 2.925123 0.011401 -0.014459
v 2.570923 0.189858 0.176580
v 2.564223 0.167769 0.228880
v 2.618323 0.125070 0.207051
v 2.580223 0.206626 0.121063
v 2.629123 0.154263 0.166886
v 2.641823 0.177852 0.119782
v 2.502423 0.237356 0.121457
v 2.495123 0.222880 0.184019
v 2.484923 0.198597 0.241300
v 2.682023 0.111231 0.150748
v 2.699523 0.142551 0.111909
v 2.676823 0.085039 0.190988
v 2.390023 0.264172 0.193945
v 2.373123 0.226592 0.249046
v 2.399423 0.288417 0.128749
v 2.405423 0.292645 0.064987
v 2.410323 0.296222 0.005494
v 2.519223 0.240457 0.061536
v 2.531223 0.242503 0.004258
v 2.603823 0.219482 0.063916
v 2.617823 0.222290 0.003878
v 2.672523 0.209437 0.069540
v 2.687423 0.218109 0.003433
v 2.733123 0.175389 0.065947
v 2.746823 0.184402 0.000862
v 0.723623 -0.883964 0.171314
v 0.788023 -0.958808 0.070475
v 0.717423 -0.858200 0.162402
v 0.765723 -0.933150 0.059954
v 0.780723 -1.004581 -0.037580
v 0.801723 -1.033681 -0.029865
v 0.575923 -1.237084 -0.272246
v 0.588023 -1.190829 -0.160457
v 0.627823 -1.252245 -0.268224
v 0.638623 -1.207582 -0.160033
v 0.668023 -1.107341 -0.108096
v 0.616623 -1.091725 -0.101073
v 0.650223 -0.840721 0.140985
v 0.609023 -0.830145 0.140001
v 0.622823 -0.916908 0.057999
v 0.677123 -0.921633 0.049709
v 0.646023 -0.937937 -0.051815
v 0.713523 -0.949545 -0.064014
v 0.720923 -0.924833 0.049622
v 0.692123 -0.841969 0.146923
v 0.755123 -0.977086 -0.050397
v 0.694723 -1.227548 -0.161200
v 0.712723 -1.235529 -0.163470
v 0.759123 -1.137056 -0.125860
v 0.732723 -1.127651 -0.118799
v 0.678023 -1.268834 -0.267190
v 0.693523 -1.275206 -0.269566
v 0.637523 -1.005929 -0.093354
v 0.696023 -1.023812 -0.101010
v 0.671123 -1.219009 -0.159900
v 0.658423 -1.261346 -0.266752
v 0.703623 -1.118489 -0.112754
v 0.743423 -1.036653 -0.110976
v 0.783223 -1.043615 -0.120399
v 0.819923 -1.050874 -0.124730
v 0.559823 -0.682105 0.287590
v 0.533323 -0.667873 0.280609
v 0.563923 -0.752078 0.225101
v 0.593223 -0.765272 0.228036
v 0.596923 -0.709519 0.297307
v 0.579923 -0.695926 0.292693
v 0.617723 -0.775024 0.232074
v 0.633423 -0.788721 0.238486
v 0.639423 -0.646919 0.365977
v 0.616523 -0.675450 0.339968
v 0.626423 -0.630591 0.357415
v 0.602023 -0.659251 0.331899
v 0.613223 -0.723029 0.302227
v 0.642723 -0.804781 0.240753
v 0.559223 -0.577462 0.334476
v 0.538123 -0.612704 0.311881
v 0.566023 -0.627781 0.319615
v 0.589823 -0.596221 0.343497
v 0.611023 -0.613752 0.350386
v 0.585923 -0.643275 0.325921
v 0.693823 -0.440778 0.357591
v 0.753023 -0.433855 0.357394
v 0.740023 -0.489249 0.384809
v 0.669323 -0.531588 0.384238
v 0.622123 -0.571837 0.365056
v 0.584723 -0.547554 0.352352
v 0.611423 -0.504278 0.362594
v 0.636523 -0.433812 0.346378
v 1.077923 -0.450587 0.712223
v 1.059623 -0.442265 0.732643
v 1.093823 -0.475285 0.745739
v 1.114123 -0.484911 0.725342
v 1.062023 -0.465175 0.773276
v 1.027123 -0.433879 0.765689
v 1.058623 -0.425041 0.686469
v 1.043623 -0.417361 0.700742
v 1.093023 -0.462187 0.691310
v 0.969923 -0.421948 0.823784
v 0.936123 -0.389481 0.806449
v 0.994923 -0.402968 0.747561
v 1.026623 -0.410807 0.717152
v 1.011623 -0.449903 0.815338
v 1.131623 -0.498102 0.704237
v 1.335923 -0.708263 0.954500
v 1.400623 -0.733688 0.959325
v 1.310323 -0.708532 0.972816
v 1.374723 -0.745097 0.976288
v 1.160123 -0.573003 0.892287
v 1.171723 -0.617164 0.933180
v 1.181423 -0.588488 0.876156
v 1.193423 -0.634036 0.915064
v 1.350623 -0.754597 0.994866
v 1.285223 -0.708696 0.991037
v 1.218223 -0.666026 0.965383
v 1.245623 -0.667969 0.952348
v 1.272823 -0.667444 0.943363
v 1.221823 -0.638790 0.905571
v 1.204323 -0.597129 0.868038
v 0.825223 -0.401004 0.426028
v 0.817123 -0.397017 0.440085
v 0.795723 -0.450697 0.417614
v 0.805423 -0.461967 0.399626
v 0.665323 -0.605879 0.380196
v 0.648223 -0.590842 0.373161
v 0.694623 -0.561199 0.390420
v 0.713223 -0.573782 0.393191
v 0.769023 -0.527117 0.390008
v 0.746923 -0.514368 0.389551
v 0.812323 -0.473055 0.380246
v 0.830323 -0.404776 0.418595
v 0.770023 -0.522111 0.412338
v 0.727123 -0.585047 0.404252
v 0.677723 -0.619781 0.388399
v 2.327523 5.456801 9.156369
v 2.391248 5.586220 9.331927
v 0.665323 -1.231834 -0.696262
v 0.584023 -1.222677 -0.736396
v 0.608323 -1.313383 -0.809213
v 0.689323 -1.325096 -0.773335
v 0.667423 -1.303623 -0.902502
v 0.753323 -1.319677 -0.871186
v 0.707223 -1.251818 -0.949059
v 0.719823 -1.173590 -0.936974
v 0.794423 -1.266346 -0.918154
v 0.806023 -1.187244 -0.909023
v 0.730923 -1.121920 -0.936658
v 0.744223 -1.081794 -0.947936
v 0.814823 -1.134747 -0.909160
v 0.825823 -1.093897 -0.919093
v 0.761623 -1.051480 -0.974713
v 0.790123 -1.024066 -1.016986
v 0.842323 -1.062513 -0.941901
v 0.871923 -1.042294 -0.986197
v 0.839223 -1.040681 -1.101198
v 0.925023 -1.043064 -1.065577
v 0.896123 -0.998704 -1.173272
v 0.985323 -0.990855 -1.132745
v 0.929423 -0.939070 -1.216666
v 0.951123 -0.881024 -1.250036
v 1.026423 -0.930758 -1.177214
v 1.055023 -0.870727 -1.210268
v 0.966023 -0.815605 -1.272457
v 1.071423 -0.801854 -1.230083
v 0.970623 -0.744388 -1.275807
v 1.073523 -0.728963 -1.231232
v 1.499723 -1.419325 -0.986396
v 1.476423 -1.290681 -1.012535
v 1.550123 -1.316077 -1.011615
v 1.574423 -1.441298 -0.984075
v 1.533423 -1.216839 -1.031659
v 1.456923 -1.191781 -1.028491
v 1.622323 -1.244466 -1.013139
v 1.633323 -1.341825 -0.989279
v 1.651723 -1.452907 -0.951697
v 1.739023 -1.370236 -0.947065
v 1.743123 -1.469457 -0.910192
v 1.738223 -1.272793 -0.963808
v 1.863123 -1.320219 -0.921904
v 1.849723 -1.411417 -0.898886
v 1.837623 -1.495433 -0.858219
v 1.942523 -1.465238 -0.840126
v 1.924123 -1.540187 -0.798629
v 1.964523 -1.381160 -0.871574
v 2.053823 -1.432760 -0.795956
v 2.029523 -1.506459 -0.756990
v 2.009723 -1.568094 -0.711909
v 1.539123 -1.710876 -0.771242
v 1.524723 -1.579260 -0.908195
v 1.595223 -1.588148 -0.900100
v 1.608623 -1.714438 -0.766842
v 1.667123 -1.590536 -0.879805
v 1.677623 -1.691043 -0.750649
v 1.744823 -1.580026 -0.836818
v 1.750723 -1.673248 -0.727772
v 1.829423 -1.587479 -0.791576
v 1.829223 -1.676226 -0.699097
v 1.912123 -1.617349 -0.738128
v 1.906723 -1.676807 -0.651450
v 1.998223 -1.624318 -0.656596
v 1.996423 -1.668481 -0.588256
v 1.357923 -1.371992 -0.947869
v 1.386023 -1.513829 -0.884537
v 1.332623 -1.468455 -0.886192
v 1.299423 -1.361712 -0.923227
v 1.307323 -1.507209 -0.846987
v 1.383123 -1.650307 -0.779221
v 1.247023 -1.380622 -0.894481
v 1.451023 -1.553813 -0.899696
v 1.427623 -1.388622 -0.963266
v 1.463023 -1.695374 -0.774242
v 1.263523 -1.268038 -0.952611
v 1.325923 -1.256075 -0.979058
v 1.202623 -1.284692 -0.921330
v 1.183223 -1.200988 -0.917239
v 1.236523 -1.180133 -0.956990
v 1.298223 -1.162410 -0.987708
v 1.399723 -1.266282 -0.998086
v 1.374123 -1.170989 -1.015756
v 1.845223 -1.683322 -0.438868
v 1.830223 -1.715659 -0.559159
v 1.910723 -1.704910 -0.537395
v 1.926023 -1.695718 -0.437589
v 2.005423 -1.688279 -0.503166
v 2.022923 -1.703114 -0.429306
v 2.044823 -1.699998 -0.388355
v 1.949423 -1.682201 -0.391221
v 1.868923 -1.654971 -0.390932
v 1.760023 -1.715105 -0.570346
v 1.778523 -1.671718 -0.436887
v 1.711323 -1.656286 -0.436987
v 1.690323 -1.722330 -0.575276
v 1.803623 -1.633190 -0.388256
v 1.734023 -1.610746 -0.386644
v 1.536723 -1.631322 -0.447648
v 1.534223 -1.730465 -0.581762
v 1.611123 -1.724251 -0.578393
v 1.623023 -1.645471 -0.440362
v 1.637223 -1.607551 -0.386457
v 1.543323 -1.602343 -0.388156
v 1.416423 -1.634872 -0.457172
v 1.399723 -1.703246 -0.593293
v 1.461623 -1.718994 -0.589506
v 1.470023 -1.634395 -0.453337
v 1.281923 -1.652746 -0.566100
v 1.337223 -1.691129 -0.586374
v 1.365923 -1.626163 -0.455361
v 1.318823 -1.606816 -0.445315
v 1.253023 -1.605359 -0.696457
v 1.304323 -1.640536 -0.733874
v 1.478623 -1.586947 -0.389360
v 1.430023 -1.577492 -0.388306
v 1.345023 -1.565232 -0.373566
v 1.386723 -1.570755 -0.383605
v 1.256023 -1.507166 -0.810021
v 1.191623 -1.375763 -0.854229
v 1.205723 -1.488631 -0.772376
v 1.171023 -1.348805 -0.796158
v 1.221023 -1.585400 -0.650615
v 1.176623 -1.479091 -0.731650
v 1.176023 -1.548720 -0.626934
v 1.140823 -1.471877 -0.707688
v 1.094623 -1.356635 -0.754744
v 1.138523 -1.340255 -0.748778
v 1.091923 -1.438856 -0.705357
v 1.047623 -1.363382 -0.755839
v 1.089723 -1.471865 -0.661609
v 0.981423 -1.376516 -0.748794
v 0.977023 -1.210758 -0.835770
v 0.975723 -1.289419 -0.811318
v 0.892223 -1.287526 -0.869407
v 0.899223 -1.204114 -0.875751
v 0.855423 -1.342241 -0.815908
v 1.168123 -1.270522 -0.856993
v 1.152823 -1.195022 -0.853081
v 1.151323 -1.250022 -0.794691
v 1.136423 -1.178034 -0.792387
v 1.033923 -1.281972 -0.791350
v 1.074423 -1.264527 -0.781315
v 1.026523 -1.201111 -0.807158
v 1.063823 -1.188087 -0.791772
v 1.097923 -1.178222 -0.777172
v 1.111023 -1.248014 -0.762219
v 0.899323 -1.143484 -0.877917
v 0.906923 -1.100234 -0.889513
v 0.975123 -1.100013 -0.862454
v 0.970523 -1.145540 -0.846182
v 1.014323 -1.135488 -0.819350
v 1.049923 -1.127409 -0.806757
v 1.020923 -1.096971 -0.847651
v 1.055923 -1.094226 -0.839777
v 1.086323 -1.122315 -0.797945
v 1.085923 -1.087968 -0.828593
v 1.114223 -1.083171 -0.814690
v 1.126423 -1.113869 -0.795047
v 0.925623 -1.069853 -0.908873
v 0.996723 -1.078700 -0.886050
v 0.961423 -1.071198 -0.957835
v 1.039523 -1.082879 -0.927665
v 1.145023 -1.129069 -0.848625
v 1.169723 -1.129507 -0.904546
v 1.129523 -1.080829 -0.847910
v 1.157023 -1.077262 -0.890073
v 1.041823 -1.080116 -0.873812
v 1.071423 -1.070100 -0.863510
v 1.081023 -1.063902 -0.904418
v 1.105823 -1.046393 -0.892076
v 1.100623 -1.058105 -0.851089
v 1.134423 -1.047529 -0.884629
v 1.022323 -1.041390 -1.018799
v 1.102823 -1.032218 -0.971784
v 1.090823 -0.981709 -1.075013
v 1.182423 -0.992490 -1.029364
v 1.218823 -1.108894 -0.947016
v 1.281923 -1.090733 -0.983518
v 1.205723 -1.059609 -0.933317
v 1.275223 -1.038411 -0.966937
v 1.142623 -1.022191 -0.947959
v 1.165923 -1.019890 -0.935904
v 1.224723 -0.996837 -1.001270
v 1.242623 -0.994722 -0.982615
v 1.189723 -1.026352 -0.924762
v 1.264623 -0.993157 -0.957981
v 1.154123 -0.932295 -1.125215
v 1.266623 -0.960121 -1.086172
v 1.201023 -0.871736 -1.158739
v 1.376123 -0.902299 -1.124263
v 1.357723 -1.096386 -1.025620
v 1.354123 -1.037111 -1.008031
v 1.440623 -1.046837 -1.043860
v 1.445023 -1.111333 -1.049232
v 1.312323 -0.987497 -1.056519
v 1.421323 -0.994599 -1.061842
v 1.325923 -1.000977 -1.031563
v 1.412823 -0.967070 -1.092388
v 1.342823 -1.003858 -1.009694
v 1.433123 -1.005871 -1.038661
v 1.530223 -1.128212 -1.053525
v 1.533023 -1.056291 -1.058637
v 1.637523 -1.066109 -1.043183
v 1.626923 -1.147765 -1.034333
v 1.535523 -0.885745 -1.121292
v 1.534923 -0.946431 -1.097593
v 1.671723 -0.884318 -1.090857
v 1.664523 -0.940342 -1.068087
v 1.653923 -0.973197 -1.035549
v 1.534723 -0.988056 -1.072679
v 1.533923 -1.009840 -1.053017
v 1.644223 -1.007375 -1.026628
v 1.745323 -1.165912 -0.975792
v 1.758423 -1.077975 -0.990987
v 1.887523 -1.117257 -0.949608
v 1.875323 -1.210045 -0.937101
v 1.982823 -1.274164 -0.892366
v 1.996123 -1.175821 -0.890224
v 2.096623 -1.257752 -0.847532
v 2.077223 -1.342764 -0.832667
v 0.574023 -0.589596 -0.661028
v 0.562123 -0.621106 -0.644639
v 0.631523 -0.603481 -0.605143
v 0.645423 -0.568563 -0.616425
v 0.551523 -0.654701 -0.630274
v 0.619623 -0.638029 -0.595042
v 0.542123 -0.695832 -0.618955
v 0.608923 -0.677405 -0.586324
v 0.536023 -0.750018 -0.610502
v 0.600223 -0.731965 -0.574888
v 0.537623 -0.826344 -0.608853
v 0.604623 -0.818595 -0.568332
v 0.553323 -0.905057 -0.629782
v 0.634123 -0.909012 -0.592950
v 0.674523 -1.059259 -0.654822
v 0.583623 -1.037421 -0.689106
v 0.585723 -1.125583 -0.711188
v 0.669323 -1.142584 -0.668808
v 0.579623 -0.964393 -0.670313
v 0.670123 -0.979449 -0.637235
v 0.794923 -1.343949 -0.719844
v 0.769823 -1.256912 -0.642534
v 0.921823 -1.382275 -0.651965
v 0.904123 -1.305875 -0.581186
v 0.878823 -1.123236 -0.559392
v 0.775423 -1.082050 -0.612780
v 0.771323 -1.170675 -0.616658
v 0.901523 -1.217481 -0.566504
v 1.390123 -0.714210 -1.132302
v 1.391123 -0.805528 -1.146655
v 1.221523 -0.797776 -1.174750
v 1.215823 -0.721953 -1.172923
v 1.461023 -0.309127 -0.957368
v 1.475623 -0.271424 -0.980307
v 1.526623 -0.317408 -1.007637
v 1.505023 -0.352675 -0.986959
v 1.555523 -0.267331 -1.010920
v 1.505623 -0.215784 -0.993082
v 1.620523 -0.324544 -1.026085
v 1.586323 -0.373373 -1.032144
v 1.564823 -0.403497 -1.013770
v 1.363923 -0.190694 -0.903065
v 1.372423 -0.164219 -0.925859
v 1.425523 -0.221365 -0.950736
v 1.407823 -0.256947 -0.928073
v 1.446223 -0.174371 -0.971529
v 1.397823 -0.123339 -0.950015
v 0.588823 -0.557829 -0.680107
v 0.603923 -0.524060 -0.700872
v 0.660623 -0.529517 -0.628066
v 0.674323 -0.487447 -0.640032
v 0.632623 -0.447398 -0.747679
v 0.617223 -0.485675 -0.721768
v 0.683323 -0.444357 -0.655744
v 0.702523 -0.407765 -0.681954
v 0.651623 -0.406768 -0.777859
v 0.667723 -0.356343 -0.809371
v 0.724523 -0.369808 -0.714394
v 0.747923 -0.330032 -0.752238
v 0.734523 -0.312550 -0.909085
v 0.698423 -0.324739 -0.856507
v 0.780323 -0.307578 -0.802213
v 0.816823 -0.297890 -0.854838
v 0.874323 -0.476342 -1.109384
v 0.893323 -0.524058 -1.136214
v 0.854823 -0.431010 -1.081190
v 0.961223 -0.458051 -1.064139
v 0.944823 -0.414338 -1.032234
v 0.978423 -0.506003 -1.093788
v 0.920523 -0.562296 -1.179519
v 0.943923 -0.612177 -1.218996
v 1.006023 -0.550141 -1.133832
v 1.035823 -0.598350 -1.176217
v 0.962223 -0.673784 -1.254952
v 1.059923 -0.659440 -1.210740
v 1.237923 -0.607353 -1.099311
v 1.299923 -0.658038 -1.119903
v 1.185523 -0.659027 -1.157826
v 1.143023 -0.602022 -1.132256
v 1.252523 -0.523917 -0.980941
v 1.233623 -0.489396 -0.935750
v 1.277223 -0.467110 -0.950274
v 1.290623 -0.505295 -0.991071
v 1.273223 -0.448584 -0.890191
v 1.227523 -0.470548 -0.877751
v 1.331523 -0.423051 -0.903724
v 1.342223 -0.446519 -0.956383
v 1.354323 -0.489922 -0.993579
v 1.680523 -0.445412 -1.043867
v 1.657223 -0.480046 -1.027160
v 1.711523 -0.391140 -1.026371
v 1.810423 -0.453815 -0.996076
v 1.786723 -0.511022 -1.011340
v 1.767523 -0.548573 -1.008126
v 1.648123 -0.496347 -1.012185
v 1.640723 -0.520819 -1.001395
v 1.530323 -0.445934 -0.978386
v 1.554423 -0.420086 -0.999013
v 1.750323 -0.565057 -0.993463
v 1.748723 -0.585805 -0.981252
v 2.610023 -0.484215 -0.681614
v 2.557623 -0.437865 -0.679406
v 2.610523 -0.398401 -0.672492
v 2.670023 -0.449367 -0.672866
v 2.513123 -0.351354 -0.675351
v 2.479723 -0.395892 -0.682863
v 2.548123 -0.310750 -0.663963
v 2.660623 -0.365611 -0.657653
v 2.743223 -0.434044 -0.652237
v 2.698923 -0.492914 -0.669902
v 2.654423 -0.527833 -0.679155
v 2.741023 -0.506171 -0.664166
v 2.698023 -0.559591 -0.680811
v 1.853923 -0.617416 -0.952848
v 1.832523 -0.597632 -0.967419
v 1.866223 -0.585391 -0.957488
v 1.954123 -0.619460 -0.921314
v 1.887523 -0.550354 -0.950231
v 1.975923 -0.574467 -0.907866
v 1.904323 -0.499670 -0.931342
v 1.995223 -0.523845 -0.898196
v 2.022623 -0.633812 -0.829996
v 2.002323 -0.628278 -0.869841
v 2.015823 -0.587682 -0.865164
v 2.036723 -0.598384 -0.827725
v 2.034523 -0.541308 -0.861652
v 2.054523 -0.556040 -0.827253
v 2.019723 -0.466715 -0.881634
v 2.056323 -0.488161 -0.854038
v 2.061423 -0.401364 -0.853172
v 2.090823 -0.429379 -0.833173
v 2.104123 -0.450322 -0.810757
v 2.075423 -0.505409 -0.824594
v 2.132223 -0.325589 -0.805970
v 2.144423 -0.365032 -0.787540
v 2.226823 -0.317055 -0.724033
v 2.225723 -0.270193 -0.718589
v 2.216023 -0.361438 -0.725625
v 2.141023 -0.392179 -0.773801
v 2.388623 -0.272778 -0.689791
v 2.371523 -0.320288 -0.699580
v 2.358823 -0.365715 -0.700432
v 2.155423 -0.422624 -0.719084
v 2.131223 -0.422795 -0.752151
v 2.106823 -0.477584 -0.709375
v 2.108823 -0.473183 -0.765814
v 2.194523 -0.450734 -0.719726
v 2.231023 -0.486831 -0.720834
v 2.170023 -0.510766 -0.720930
v 2.137623 -0.498929 -0.707517
v 2.271623 -0.418119 -0.715616
v 2.288123 -0.460673 -0.710790
v 2.368123 -0.424201 -0.697239
v 2.350923 -0.480658 -0.699637
v 2.457623 -0.453746 -0.685343
v 2.404223 -0.510656 -0.693678
v 2.084823 -0.523064 -0.771033
v 2.064923 -0.570565 -0.774110
v 2.076923 -0.530277 -0.712755
v 2.057423 -0.576893 -0.718986
v 2.145923 -0.576611 -0.720372
v 2.082423 -0.584578 -0.700603
v 2.102123 -0.543625 -0.700313
v 2.153523 -0.541865 -0.720144
v 2.258023 -0.520812 -0.715307
v 2.276423 -0.552115 -0.712729
v 2.511423 -0.490341 -0.684777
v 2.433923 -0.542742 -0.693149
v 2.545923 -0.529950 -0.685790
v 2.450523 -0.575580 -0.695168
v 2.045423 -0.609370 -0.776879
v 2.031923 -0.642561 -0.781424
v 2.047823 -0.616598 -0.728619
v 2.039123 -0.651522 -0.734366
v 2.150023 -0.632060 -0.729723
v 2.074723 -0.650770 -0.718095
v 2.074123 -0.619779 -0.708470
v 2.144823 -0.605451 -0.723960
v 2.287923 -0.580397 -0.715584
v 2.296823 -0.608315 -0.719520
v 1.766123 -1.024683 -0.984166
v 1.893123 -1.065635 -0.936474
v 1.774023 -0.982011 -0.972155
v 1.909223 -1.030143 -0.919875
v 2.010423 -1.125491 -0.875563
v 2.116923 -1.208352 -0.839236
v 2.034323 -1.104771 -0.866739
v 2.142123 -1.185921 -0.842532
v 1.793823 -0.961372 -1.009915
v 1.808823 -0.912206 -1.031884
v 1.901023 -0.995347 -0.958210
v 1.947923 -0.958668 -0.970490
v 1.991623 -1.038133 -0.898004
v 1.961523 -1.017194 -0.932340
v 2.004623 -1.007598 -0.930277
v 2.045623 -1.034591 -0.895192
v 1.949223 -0.867390 -1.001718
v 2.043723 -0.870653 -0.963042
v 2.056423 -0.950580 -0.949483
v 2.030623 -0.794476 -0.956987
v 1.946223 -0.791441 -0.990066
v 2.091323 -0.790711 -0.922008
v 2.117423 -0.864139 -0.928804
v 2.138123 -0.942197 -0.924952
v 2.069223 -0.998498 -0.919728
v 2.097623 -1.026726 -0.890926
v 2.139923 -0.991686 -0.904304
v 2.140623 -1.016504 -0.892733
v 2.182723 -0.862079 -0.900636
v 2.204023 -0.937091 -0.900913
v 2.152923 -0.790330 -0.894238
v 2.207923 -0.791755 -0.871583
v 2.237723 -0.861114 -0.879443
v 2.257323 -0.933314 -0.881559
v 2.073923 -1.088382 -0.867784
v 2.170523 -1.152904 -0.847014
v 2.118423 -1.071725 -0.873422
v 2.199123 -1.114661 -0.855196
v 2.154723 -1.048317 -0.871152
v 2.222923 -1.069751 -0.855776
v 2.182423 -1.019990 -0.872502
v 2.239023 -1.021379 -0.850445
v 2.201623 -0.987646 -0.887740
v 2.255723 -0.984386 -0.869819
v 2.353523 -1.023280 -0.799068
v 2.292023 -1.025751 -0.827060
v 2.305323 -0.983260 -0.858234
v 2.365923 -0.978740 -0.848153
v 2.300823 -0.928587 -0.866458
v 2.358323 -0.921194 -0.850700
v 2.138623 -2.046891 -1.060140
v 2.181523 -1.943154 -1.062892
v 2.173523 -1.942873 -1.144815
v 2.113623 -2.050531 -1.152109
v 2.241223 -1.835231 -1.132113
v 2.235723 -1.835320 -1.056890
v 2.193923 -1.944760 -1.213642
v 2.270923 -1.842204 -1.187614
v 2.134523 -2.049024 -1.236165
v 2.253623 -1.995389 -1.288324
v 2.203723 -2.019265 -1.272290
v 2.243523 -1.934024 -1.255087
v 2.295523 -1.934220 -1.275733
v 2.307023 -1.844023 -1.228490
v 2.356523 -1.843276 -1.256694
v 2.764723 -1.478009 -1.295147
v 2.917023 -1.297130 -1.268948
v 2.982523 -1.387616 -1.319814
v 2.817823 -1.556480 -1.342506
v 3.165223 -1.228179 -1.271229
v 3.087523 -1.129938 -1.209090
v 3.233623 -1.347566 -1.300645
v 3.038323 -1.496174 -1.332270
v 2.867423 -1.646779 -1.364012
v 3.323923 -1.701643 -1.223974
v 3.127223 -1.781702 -1.280141
v 3.102123 -1.699211 -1.315288
v 3.307023 -1.600683 -1.273468
v 3.317023 -1.779746 -1.150807
v 3.138023 -1.849047 -1.223074
v 2.995023 -1.933713 -1.287824
v 2.975623 -1.877682 -1.338140
v 2.942323 -1.808934 -1.364374
v 3.076123 -1.601611 -1.334726
v 2.907023 -1.731482 -1.369864
v 3.278223 -1.477441 -1.298018
v 2.551823 -1.715918 -1.315663
v 2.644523 -1.608237 -1.310472
v 2.693223 -1.670888 -1.359411
v 2.600623 -1.766058 -1.357561
v 2.746323 -1.747070 -1.379089
v 2.659523 -1.828673 -1.371137
v 2.923423 -2.004914 -1.303606
v 2.891423 -1.958769 -1.349291
v 2.843023 -2.028572 -1.332435
v 2.885423 -2.062109 -1.288217
v 2.786423 -1.971292 -1.359539
v 2.847423 -1.896499 -1.376103
v 2.797923 -1.823968 -1.383083
v 2.723023 -1.899807 -1.367482
v 2.419623 -1.924753 -1.322861
v 2.479623 -1.822001 -1.322465
v 2.531423 -1.865248 -1.346930
v 2.472023 -1.964077 -1.332172
v 2.593123 -1.915801 -1.345778
v 2.533823 -2.005067 -1.321545
v 2.256823 -1.976786 -0.895369
v 2.259423 -1.862175 -0.869938
v 2.225923 -1.845210 -0.964810
v 2.201623 -1.961666 -0.977527
v 2.184823 -2.064230 -0.977711
v 2.264523 -2.072635 -0.904177
v 2.660623 -1.973547 -1.327817
v 2.600823 -2.051925 -1.299642
v 2.730623 -2.040080 -1.329201
v 2.675323 -2.102778 -1.283081
v 2.800623 -2.090714 -1.307819
v 2.759623 -2.150174 -1.272529
v 2.860323 -2.114061 -1.273423
v 2.839023 -2.169739 -1.251434
v 2.987923 -1.970053 -1.216223
v 2.928923 -2.026859 -1.243484
v 2.946423 -2.027077 -1.150638
v 2.993623 -1.975412 -1.148520
v 2.949423 -2.056872 -1.180728
v 2.905623 -2.068423 -1.243609
v 2.896623 -2.104502 -1.245017
v 2.946723 -2.075000 -1.197915
v 2.957223 -2.114194 -1.221442
v 2.894623 -2.155300 -1.239672
v 3.125523 -1.900971 -1.148777
v 3.092823 -1.935417 -1.085579
v 3.280623 -1.832875 -1.066163
v 3.226623 -1.870131 -0.994314
v 3.082923 -1.964003 -1.102075
v 3.217723 -1.896552 -1.030718
v 3.203523 -1.919306 -1.076724
v 3.070423 -1.986037 -1.138122
v 3.211023 -2.008468 -1.165678
v 3.080123 -2.057996 -1.218057
v 3.067923 -2.008829 -1.174915
v 3.203223 -1.950212 -1.125510
v 2.328223 -1.969742 -1.296942
v 2.381523 -1.885717 -1.296639
v 2.363623 -2.018902 -1.305926
v 2.306423 -2.102509 -1.285970
v 2.272423 -2.041847 -1.297250
v 2.442423 -1.787656 -1.279388
v 2.514723 -1.679419 -1.261441
v 2.423323 -1.754076 -1.238659
v 2.488423 -1.650898 -1.214697
v 2.339123 -1.728792 -1.163956
v 2.300623 -1.719002 -1.115502
v 2.346023 -1.589164 -1.105509
v 2.393023 -1.602293 -1.149951
v 2.272223 -1.711493 -1.040036
v 2.300923 -1.573421 -1.028660
v 2.369423 -1.735757 -1.197319
v 2.398423 -1.733801 -1.211930
v 2.428023 -1.614062 -1.167969
v 2.452923 -1.621864 -1.178442
v 2.473123 -1.626354 -1.189022
v 2.425323 -1.712791 -1.213206
v 2.604723 -1.566104 -1.248107
v 2.715123 -1.424502 -1.232017
v 2.571723 -1.537170 -1.194728
v 2.674723 -1.395106 -1.169395
v 2.998323 -0.847188 -0.745803
v 2.943323 -0.865145 -0.743647
v 2.947223 -0.804039 -0.697403
v 2.952823 -0.742130 -0.654617
v 3.011723 -0.769949 -0.660250
v 3.065423 -0.814161 -0.709313
v 2.993623 -0.806846 -0.699069
v 2.151023 -1.706583 -0.378522
v 2.138323 -1.707282 -0.411118
v 2.247923 -1.686077 -0.391748
v 2.251723 -1.693143 -0.366818
v 2.124423 -1.685627 -0.461140
v 2.111823 -1.652422 -0.515094
v 2.226923 -1.648245 -0.463162
v 2.238423 -1.669095 -0.425214
v 2.110323 -1.628936 -0.570719
v 2.117023 -1.588390 -0.620037
v 2.216123 -1.587643 -0.538555
v 2.218023 -1.623408 -0.500777
v 2.134423 -1.538118 -0.667785
v 2.155123 -1.474874 -0.712972
v 2.239923 -1.487244 -0.628149
v 2.226323 -1.541039 -0.581809
v 2.171323 -1.402474 -0.757123
v 2.184723 -1.335760 -0.789685
v 2.255223 -1.379112 -0.718093
v 2.248723 -1.432968 -0.677566
v 2.200823 -1.288129 -0.800825
v 2.220623 -1.254121 -0.810257
v 2.278423 -1.290516 -0.761698
v 2.265523 -1.334699 -0.746149
v 2.242223 -1.212502 -0.819644
v 2.262623 -1.159496 -0.825061
v 2.313523 -1.191029 -0.791143
v 2.294323 -1.247708 -0.777727
v 2.282723 -1.095751 -0.834257
v 2.338123 -1.112741 -0.809206
v 2.328023 -1.308079 -0.728566
v 2.341623 -1.263484 -0.754608
v 2.386323 -1.278753 -0.741878
v 2.374823 -1.333887 -0.710341
v 2.364523 -1.200201 -0.774750
v 2.410723 -1.207269 -0.770355
v 3.162123 -1.937344 -0.492180
v 3.177023 -1.963797 -0.409784
v 3.078623 -1.945105 -0.405686
v 3.059423 -1.912967 -0.487650
v 2.974523 -1.926875 -0.398810
v 2.952823 -1.895476 -0.476711
v 2.328823 -1.714612 -0.367973
v 2.397523 -1.750769 -0.373191
v 2.327423 -1.706173 -0.397531
v 2.393123 -1.736667 -0.410532
v 2.544023 -1.795550 -0.417680
v 2.566223 -1.816549 -0.370325
v 2.482923 -1.779360 -0.370755
v 2.468423 -1.762740 -0.413458
v 2.369123 -1.685868 -0.477582
v 2.383423 -1.712104 -0.445158
v 2.319123 -1.688581 -0.429458
v 2.308223 -1.662273 -0.459675
v 2.498623 -1.735472 -0.497811
v 2.523923 -1.768548 -0.459776
v 2.450723 -1.741240 -0.453973
v 2.431023 -1.711710 -0.489610
v 2.345823 -1.617635 -0.530992
v 2.355523 -1.655372 -0.504048
v 2.299523 -1.625609 -0.481974
v 2.293623 -1.589570 -0.509017
v 2.429723 -1.643768 -0.567178
v 2.461523 -1.695642 -0.533147
v 2.409623 -1.674562 -0.518492
v 2.389623 -1.633844 -0.550170
v 2.344423 -1.566136 -0.562040
v 2.296023 -1.550964 -0.552538
v 2.302723 -1.503646 -0.599457
v 2.345323 -1.513916 -0.598555
v 2.354123 -1.420941 -0.660536
v 2.346923 -1.463280 -0.630254
v 2.306623 -1.453737 -0.644422
v 2.310523 -1.401623 -0.680843
v 2.383923 -1.468329 -0.658697
v 2.368923 -1.488845 -0.638460
v 2.402723 -1.525483 -0.642304
v 2.373923 -1.531400 -0.619911
v 2.317823 -1.352964 -0.706147
v 2.364223 -1.377848 -0.683160
v 2.378823 -1.583345 -0.588088
v 2.413623 -1.586553 -0.608610
v 2.441423 -1.579242 -0.624010
v 2.458023 -1.571853 -0.635599
v 2.477623 -1.662131 -0.599204
v 2.461223 -1.653705 -0.583987
v 2.430923 -1.502216 -0.654768
v 2.460523 -1.456771 -0.669642
v 2.347823 -1.873789 -0.726071
v 2.369223 -1.801036 -0.673436
v 2.309023 -1.751929 -0.726962
v 2.297523 -1.874836 -0.778421
v 2.404823 -1.717432 -0.636795
v 2.356823 -1.644499 -0.683219
v 2.358223 -1.556025 -0.769303
v 2.260223 -1.719506 -0.813818
v 2.251423 -1.707453 -0.930914
v 2.294423 -1.559388 -0.907134
v 2.402623 -1.435680 -0.675721
v 2.419923 -1.382267 -0.691532
v 2.451123 -1.581062 -0.654568
v 2.482623 -1.485997 -0.702603
v 2.457723 -1.510201 -0.728960
v 2.426023 -1.595976 -0.666759
v 2.435723 -1.674560 -0.624773
v 2.456823 -1.671856 -0.617904
v 2.473623 -1.668266 -0.610782
v 2.480723 -1.470405 -0.683160
v 2.463123 -1.572415 -0.644847
v 2.465923 -1.303602 -0.877158
v 2.435823 -1.299205 -0.945518
v 2.365723 -1.421175 -0.923898
v 2.427423 -1.419409 -0.834142
v 2.440823 -1.300383 -1.017910
v 2.354423 -1.428678 -1.030317
v 2.479323 -1.242567 -0.769714
v 2.469223 -1.342392 -0.717349
v 2.430723 -1.309652 -0.725653
v 2.446323 -1.229159 -0.764322
v 2.507823 -1.382055 -0.753425
v 2.495123 -1.363313 -0.727888
v 2.500423 -1.258062 -0.782239
v 2.508123 -1.275370 -0.803185
v 2.493023 -1.408411 -0.789224
v 2.497823 -1.294237 -0.833437
v 2.478123 -1.152613 -0.790300
v 2.507423 -1.139278 -0.809354
v 2.460423 -1.117143 -0.787025
v 2.548223 -1.025920 -0.822462
v 2.404523 -1.108580 -0.784421
v 2.441923 -1.022037 -0.803203
v 2.457723 -0.968520 -0.839642
v 2.571123 -0.955018 -0.835848
v 2.454923 -0.911188 -0.835089
v 2.575123 -0.892956 -0.823105
v 2.520323 -1.149501 -0.824677
v 2.575723 -1.064035 -0.835308
v 2.571823 -1.093842 -0.848069
v 2.522123 -1.170511 -0.837124
v 2.552123 -1.153623 -0.884419
v 2.514523 -1.208276 -0.888515
v 2.520323 -1.193049 -0.855971
v 2.564323 -1.123162 -0.865710
v 2.659923 -1.060242 -0.867642
v 2.625623 -1.064978 -0.858603
v 2.649723 -1.031839 -0.839437
v 2.701723 -1.038163 -0.852929
v 2.672623 -0.989249 -0.826029
v 2.769823 -0.997584 -0.817100
v 2.690723 -0.933871 -0.815479
v 2.794423 -0.923263 -0.779299
v 2.699823 -0.864623 -0.791999
v 2.807123 -0.850437 -0.748497
v 2.398423 -1.448944 -1.096612
v 2.468323 -1.314384 -1.069715
v 2.509823 -1.335118 -1.097172
v 2.445223 -1.467702 -1.133870
v 2.547023 -1.518807 -1.162702
v 2.638923 -1.381597 -1.131442
v 2.522323 -1.505851 -1.142712
v 2.600723 -1.370188 -1.115850
v 2.488223 -1.488239 -1.138978
v 2.557223 -1.356525 -1.104533
v 2.900023 -1.002131 -0.806146
v 2.842023 -1.006768 -0.783378
v 2.868623 -0.931183 -0.758626
v 2.924223 -0.927580 -0.780853
v 2.883523 -0.861347 -0.731505
v 2.974523 -0.916746 -0.813677
v 2.936423 -0.987813 -0.878033
v 3.027323 -0.899772 -0.835023
v 2.957523 -1.002733 -1.001514
v 2.853823 -1.232751 -1.199874
v 3.016223 -1.057778 -1.124035
v 2.801023 -1.206127 -1.124091
v 2.748723 -1.213025 -1.071203
v 2.699523 -1.229421 -1.040909
v 2.792523 -1.114432 -0.948241
v 2.847723 -1.079025 -0.986741
v 2.892023 -1.030579 -0.908982
v 2.855623 -1.055854 -0.862177
v 2.512623 -1.205245 -0.931812
v 2.525423 -1.199871 -0.975773
v 2.571123 -1.137510 -0.903011
v 2.595123 -1.128006 -0.926797
v 2.795523 -1.060350 -0.857230
v 2.737923 -1.057287 -0.878788
v 2.730223 -1.125340 -0.943269
v 2.673423 -1.121304 -0.954052
v 2.686523 -1.068636 -0.890270
v 2.641723 -1.083822 -0.890957
v 2.628823 -1.122787 -0.945825
v 2.604023 -1.095855 -0.878739
v 2.592423 -1.217490 -1.030795
v 2.551023 -1.203250 -1.013936
v 2.645023 -1.231160 -1.029992
v 0.237756 4.263085 -3.426222
v 3.144523 -0.823939 -0.727114
v 3.180423 -0.772089 -0.666486
v 3.268923 -0.789353 -0.698447
v 3.235823 -0.847689 -0.781793
v 3.102123 -0.752717 -0.638007
v 3.212423 -0.725041 -0.619661
v 3.134223 -0.691931 -0.581163
v 3.296123 -0.749621 -0.649846
v 3.114623 -0.916050 -0.897579
v 3.092723 -0.877363 -0.817385
v 3.566923 -0.477488 -0.138597
v 3.410823 -0.402177 -0.121172
v 3.697323 -0.530814 -0.153433
v 3.658523 -0.590434 -0.216520
v 3.519123 -0.544120 -0.184563
v 3.356123 -0.467565 -0.155847
v 3.494323 -0.587435 -0.235277
v 3.475823 -0.618249 -0.289066
v 3.637123 -0.621176 -0.281825
v 3.622923 -0.639915 -0.346829
v 3.311923 -0.532171 -0.234751
v 3.330823 -0.505561 -0.194730
v 3.230323 -0.278472 -0.102222
v 3.043923 -0.147300 -0.075623
v 3.183823 -0.334151 -0.129918
v 3.024823 -0.171751 -0.118322
v 3.161023 -0.369831 -0.162155
v 3.143923 -0.393785 -0.197914
v 2.979823 -0.241487 -0.176290
v 3.001923 -0.208632 -0.145421
v 2.840023 -0.097834 -0.173003
v 2.841923 -0.104441 -0.222773
v 2.757023 0.025678 -0.229592
v 2.745323 0.030258 -0.184548
v 2.990623 -0.212178 -0.283563
v 2.851323 -0.093843 -0.287565
v 2.988923 -0.228222 -0.223296
v 2.765223 0.026753 -0.290834
v 2.857223 -0.065276 -0.135339
v 2.886323 -0.023423 -0.112758
v 2.753423 0.058030 -0.145561
v 2.776223 0.092665 -0.112584
v 3.167923 -0.972851 -1.005478
v 3.299923 -0.915911 -0.934234
v 3.382323 -0.988873 -1.060406
v 3.245423 -1.037629 -1.122557
v 3.378623 -0.812587 -0.739673
v 3.382223 -0.854938 -0.820582
v 3.394323 -0.777754 -0.677535
v 3.481823 -0.797302 -0.709831
v 3.479823 -0.827036 -0.778683
v 3.495123 -0.868812 -0.860861
v 3.546523 -0.833578 -0.796996
v 3.576523 -0.881311 -0.869805
v 3.537323 -0.805130 -0.726716
v 3.582023 -0.812287 -0.737953
v 3.600223 -0.833764 -0.790395
v 3.647223 -0.882392 -0.854742
v 3.749023 -0.635615 -0.327846
v 3.762123 -0.633097 -0.250968
v 3.841923 -0.690203 -0.279949
v 3.733723 -0.632050 -0.387139
v 3.841723 -0.665711 -0.359656
v 3.827623 -0.659527 -0.438029
v 3.800123 -0.587406 -0.174071
v 3.881223 -0.651970 -0.188563
v 3.333023 -1.146139 -1.192407
v 3.411523 -1.271054 -1.228357
v 3.479523 -1.100080 -1.137226
v 3.569123 -1.231877 -1.171975
v 3.423723 -0.903389 -0.929094
v 3.496123 -0.980545 -1.026362
v 3.530923 -0.922871 -0.938547
v 3.593323 -0.994044 -1.007918
v 3.619423 -0.938777 -0.933767
v 3.677523 -1.010371 -0.980524
v 3.697023 -0.945295 -0.901092
v 3.760723 -1.017454 -0.938165
v 3.778423 -0.936462 -0.836266
v 3.837923 -1.007318 -0.856234
v 3.719923 -0.876452 -0.800403
v 3.784523 -0.848447 -0.734557
v 3.846523 -0.903929 -0.753627
v 3.911023 -0.973707 -0.768023
v 3.965023 -0.876774 -0.592668
v 3.946423 -0.922303 -0.675766
v 3.867323 -0.861198 -0.663781
v 3.867723 -0.816067 -0.575597
v 3.792423 -0.814918 -0.644948
v 3.792423 -0.768481 -0.567106
v 4.001924 -0.828318 -0.453404
v 3.986223 -0.843123 -0.520582
v 3.897523 -0.768680 -0.517433
v 3.916623 -0.739282 -0.449702
v 3.820023 -0.713389 -0.507089
v 3.918723 -0.739161 -0.378073
v 3.997223 -0.826596 -0.371463
v 3.912023 -0.755387 -0.287265
v 4.012123 -0.817415 -0.286884
v 3.968023 -0.714554 -0.199232
v 4.069223 -0.771220 -0.196334
v 5.258323 -1.736262 0.624555
v 5.258823 -1.838277 0.774358
v 5.286324 -1.880128 0.729439
v 5.279923 -1.773341 0.573405
v 5.261223 -1.976176 0.879992
v 5.239023 -1.932442 0.920112
v 5.292523 -2.025593 0.842845
v 5.314123 -1.925143 0.685538
v 5.311624 -1.820630 0.525564
v 5.150923 -2.095347 1.206795
v 5.066323 -2.175835 1.355051
v 5.089323 -2.226662 1.331746
v 5.169623 -2.146653 1.176249
v 4.990423 -2.291204 1.471117
v 4.966623 -2.239857 1.488944
v 5.006323 -2.344443 1.453080
v 5.109423 -2.280278 1.309880
v 5.195323 -2.199255 1.147331
v 5.249923 -1.790805 0.824213
v 5.250623 -1.684278 0.681185
v 5.221123 -1.886319 0.960472
v 5.030923 -2.130390 1.372733
v 5.117923 -2.050146 1.232075
v 4.930823 -2.193351 1.500477
v 4.769823 -2.476890 1.674529
v 4.894423 -2.445046 1.561595
v 4.891323 -2.390481 1.577506
v 4.770623 -2.424145 1.690734
v 4.886123 -2.499781 1.545173
v 4.757223 -2.528976 1.657361
v 5.011123 -2.459450 1.419011
v 5.014123 -2.401051 1.436148
v 5.271223 -2.176504 0.963745
v 5.250023 -2.114559 0.992208
v 5.211323 -2.262438 1.121199
v 5.277323 -2.239311 0.938037
v 5.212923 -2.325849 1.097259
v 5.323624 -2.147575 0.782424
v 5.314923 -2.083822 0.809090
v 5.171523 -2.433884 1.055283
v 5.201123 -2.380569 1.073726
v 5.110523 -2.458992 1.246644
v 5.074423 -2.507740 1.223761
v 5.124623 -2.403721 1.269308
v 4.995323 -2.515672 1.400599
v 4.961123 -2.566698 1.378985
v 4.978523 -2.565353 1.033776
v 4.885223 -2.626344 1.182671
v 4.958123 -2.598418 1.193318
v 5.053224 -2.534681 1.036871
v 4.848623 -2.653310 1.340666
v 4.777224 -2.680352 1.321756
v 4.693723 -2.627022 1.617572
v 4.642723 -2.669534 1.592549
v 4.783823 -2.650553 1.488880
v 4.832923 -2.605118 1.510167
v 4.723023 -2.687774 1.465869
v 4.580223 -2.700621 1.562283
v 4.910223 -2.612785 1.358562
v 5.323624 -2.073907 0.408085
v 5.343323 -2.005584 0.425101
v 5.342223 -2.106779 0.596889
v 5.321323 -2.170375 0.581251
v 5.348323 -2.047369 0.617290
v 5.347424 -1.942561 0.447116
v 5.316423 -2.204954 0.761541
v 5.294323 -2.264381 0.744845
v 5.110023 -2.437159 0.729137
v 5.055324 -2.504509 0.882268
v 5.131023 -2.467226 0.881943
v 5.183723 -2.391649 0.728591
v 5.119924 -2.488488 1.043477
v 5.197723 -2.414387 0.886233
v 5.244623 -2.352272 0.898077
v 5.248323 -2.331711 0.733096
v 5.050123 -1.574954 -0.133524
v 5.046923 -1.496021 -0.087240
v 5.145723 -1.577108 0.026723
v 5.157423 -1.653546 -0.019416
v 5.118623 -1.510596 0.085003
v 5.024424 -1.427076 -0.026012
v 5.209423 -1.603786 0.215789
v 5.238623 -1.666298 0.161048
v 5.252823 -1.739130 0.116622
v 4.225323 -1.049836 -0.582950
v 4.077523 -0.958000 -0.596314
v 4.099323 -0.927998 -0.516627
v 4.248523 -1.014870 -0.495661
v 4.111123 -0.912343 -0.438281
v 4.257823 -0.991942 -0.409777
v 4.122324 -0.903879 -0.353442
v 4.274923 -0.977627 -0.320489
v 4.149923 -0.879806 -0.268292
v 4.301723 -0.954471 -0.235093
v 4.993423 -1.329252 0.096404
v 5.074023 -1.422597 0.204141
v 5.092923 -1.460378 0.144435
v 5.001523 -1.375553 0.036801
v 5.181323 -1.555800 0.272285
v 5.159023 -1.518596 0.329854
v 4.199423 -0.831471 -0.186934
v 4.342223 -0.898881 -0.163026
v 5.084023 -1.370682 0.265375
v 4.997024 -1.286232 0.160724
v 5.163323 -1.467779 0.391023
v 4.044623 -1.001535 -0.687810
v 3.984023 -1.054459 -0.776349
v 4.169223 -1.095756 -0.674785
v 4.082923 -1.147787 -0.761469
v 3.465423 -1.407806 -1.229739
v 3.497823 -1.538966 -1.210259
v 3.637023 -1.369941 -1.178342
v 3.665423 -1.504216 -1.150129
v 3.590923 -1.087937 -1.091339
v 3.681923 -1.214370 -1.120165
v 3.683623 -1.089110 -1.057550
v 3.770923 -1.209050 -1.074076
v 3.758823 -1.103456 -1.010908
v 3.848223 -1.210933 -1.019593
v 3.838123 -1.104334 -0.956466
v 3.929423 -1.203615 -0.954556
v 3.912023 -1.089516 -0.870655
v 4.003623 -1.183638 -0.861031
v 4.388423 -1.373802 -0.620417
v 4.225023 -1.253277 -0.704728
v 4.333623 -1.205322 -0.618583
v 4.498923 -1.314553 -0.530406
v 4.406123 -1.159010 -0.531733
v 4.575723 -1.269713 -0.452657
v 4.433423 -1.117949 -0.445891
v 4.606123 -1.222648 -0.375279
v 4.438623 -1.086878 -0.362235
v 4.609623 -1.180463 -0.300090
v 4.446023 -1.063263 -0.277813
v 4.605923 -1.144421 -0.226061
v 4.455923 -1.038981 -0.196257
v 4.607323 -1.104288 -0.156901
v 4.490024 -0.972613 -0.132076
v 4.625123 -1.045818 -0.091278
v 5.031723 -1.643434 -0.159865
v 5.148423 -1.723776 -0.046660
v 5.120624 -1.793317 -0.068555
v 4.998723 -1.709799 -0.184679
v 5.245624 -1.809189 0.089889
v 5.220023 -1.880022 0.069521
v 5.174523 -2.134459 0.210115
v 5.241823 -2.055857 0.215811
v 5.277224 -2.153334 0.394227
v 5.209623 -2.226797 0.389733
v 5.102123 -2.040607 0.042305
v 5.169024 -1.958810 0.049891
v 5.288723 -1.974855 0.233567
v 4.822523 -1.427295 -0.298189
v 4.940423 -1.498468 -0.225318
v 4.909623 -1.560686 -0.261109
v 4.776423 -1.479594 -0.347725
v 4.866123 -1.623255 -0.294316
v 4.720324 -1.537416 -0.393577
v 4.946123 -1.425710 -0.174486
v 4.930923 -1.360781 -0.111390
v 4.840523 -1.363819 -0.242791
v 4.835123 -1.304703 -0.179634
v 4.734523 -1.248981 -0.240085
v 4.733823 -1.300834 -0.307526
v 4.707623 -1.355271 -0.373615
v 4.571523 -1.457734 -0.497204
v 4.645723 -1.401369 -0.440118
v 4.821223 -1.207518 -0.053148
v 4.909023 -1.261488 0.013316
v 4.912523 -1.310784 -0.046462
v 4.822223 -1.257367 -0.113760
v 4.725023 -1.157449 -0.109422
v 4.725523 -1.205484 -0.171931
v 4.913723 -1.217046 0.079022
v 4.826324 -1.162307 0.013103
v 4.733423 -1.107147 -0.042874
v 3.498823 -1.647320 -1.161098
v 3.464823 -1.727347 -1.085839
v 3.644923 -1.612268 -1.097544
v 3.594723 -1.696669 -1.033159
v 3.753723 -1.350289 -1.122100
v 3.783123 -1.485028 -1.094514
v 3.836023 -1.342562 -1.062347
v 3.862223 -1.473706 -1.029443
v 3.921623 -1.335850 -0.998947
v 3.969123 -1.462309 -0.969075
v 4.023023 -1.319597 -0.923971
v 4.095523 -1.455477 -0.868305
v 4.104023 -1.296399 -0.805015
v 4.211123 -1.393323 -0.752581
v 4.374423 -1.490611 -0.635658
v 4.261823 -1.466043 -0.716663
v 4.313223 -1.578885 -0.657546
v 4.202223 -1.527811 -0.758438
v 4.601624 -1.711326 -0.453326
v 4.438523 -1.634810 -0.542213
v 4.508723 -1.544726 -0.530737
v 4.663223 -1.620533 -0.428286
v 4.809423 -1.702682 -0.325304
v 4.942523 -1.786171 -0.211381
v 4.874824 -1.871687 -0.223892
v 4.744823 -1.791477 -0.345119
v 4.805723 -1.967589 -0.200949
v 4.925223 -2.047686 -0.076511
v 5.000623 -1.956631 -0.103944
v 5.024623 -2.122459 0.061361
v 3.759523 -1.596794 -1.046955
v 3.704723 -1.681959 -0.986621
v 3.850023 -1.585798 -0.991719
v 3.808923 -1.681515 -0.946227
v 3.958823 -1.578138 -0.937680
v 3.909523 -1.680077 -0.898862
v 4.066524 -1.583473 -0.868674
v 4.004423 -1.685262 -0.835857
v 4.148123 -1.609837 -0.767239
v 4.080923 -1.699185 -0.743312
v 4.242823 -1.653668 -0.658311
v 4.164923 -1.723504 -0.639153
v 4.529324 -1.792955 -0.465510
v 4.674223 -1.880649 -0.337910
v 4.578123 -1.941956 -0.324163
v 4.443423 -1.855552 -0.463960
v 4.293723 -1.775682 -0.551949
v 4.367723 -1.708004 -0.551299
v 4.445823 -1.962637 -0.338795
v 4.349223 -1.893014 -0.457134
v 4.296723 -1.964118 -0.371737
v 4.268423 -1.918166 -0.444981
v 4.131723 -1.951804 -0.404174
v 4.153523 -1.897142 -0.487627
v 3.961523 -1.951706 -0.424703
v 3.971923 -1.882278 -0.532837
v 3.289223 -1.976697 -0.406731
v 3.276623 -1.961905 -0.485001
v 3.398423 -1.963721 -0.472786
v 3.409323 -1.979044 -0.400858
v 4.215323 -1.837727 -0.534139
v 4.079723 -1.798219 -0.599946
v 3.139923 -1.918315 -0.560687
v 3.256723 -1.948023 -0.547698
v 3.106923 -1.904209 -0.620365
v 3.222823 -1.954743 -0.598978
v 3.347823 -1.958952 -0.581794
v 3.379523 -1.955710 -0.532721
v 3.533923 -1.982004 -0.401632
v 3.665423 -1.974355 -0.407396
v 3.520223 -1.945815 -0.468935
v 3.650623 -1.935666 -0.479761
v 3.806023 -1.960636 -0.419315
v 3.794623 -1.917806 -0.504261
v 2.321923 -1.970049 -0.811833
v 2.350923 -2.054614 -0.825190
v 2.454923 -2.003153 -0.756170
v 2.388823 -1.933795 -0.736289
v 2.734323 -1.938673 -0.748795
v 2.688023 -2.001394 -0.762278
v 2.777723 -2.039546 -0.733355
v 2.881823 -2.075720 -0.673163
v 2.935523 -2.013822 -0.691883
v 2.832423 -1.969833 -0.752119
v 3.003223 -1.935027 -0.734057
v 2.887623 -1.899287 -0.743989
v 2.782623 -1.889857 -0.715089
v 2.504923 -1.759952 -0.605122
v 2.472423 -1.743870 -0.611194
v 2.469423 -1.793466 -0.623008
v 2.566623 -1.838706 -0.625352
v 2.440823 -1.864283 -0.667616
v 2.516023 -1.910119 -0.690630
v 2.571123 -1.922125 -0.699446
v 2.622323 -1.872282 -0.637031
v 2.542523 -1.979087 -0.749755
v 2.590023 -1.966713 -0.731802
v 2.617623 -1.935429 -0.694614
v 2.661423 -1.893700 -0.642490
v 2.620723 -1.985697 -0.746335
v 2.666723 -1.938244 -0.715013
v 2.711923 -1.895420 -0.674745
v 3.033923 -1.887114 -0.556359
v 2.999023 -1.862868 -0.619852
v 2.928223 -1.869574 -0.541109
v 2.894423 -1.849255 -0.600826
v 2.513723 -1.717245 -0.547432
v 2.567723 -1.769754 -0.512837
v 2.541123 -1.743479 -0.568198
v 2.635723 -1.804401 -0.533594
v 2.616323 -1.811813 -0.581608
v 2.535223 -1.757321 -0.588440
v 2.842023 -1.848276 -0.667282
v 2.949723 -1.851692 -0.694527
v 3.060623 -1.896546 -0.684628
v 2.846723 -1.907911 -0.392493
v 2.829523 -1.882052 -0.461302
v 2.727423 -1.871106 -0.381226
v 2.703723 -1.849950 -0.448406
v 2.760723 -1.860780 -0.626442
v 2.702023 -1.857239 -0.594481
v 2.799923 -1.856472 -0.569894
v 2.727923 -1.846174 -0.543849
v 2.732523 -1.845794 -0.498950
v 2.691723 -1.836059 -0.502688
v 2.685423 -1.833165 -0.536778
v 2.662523 -1.821554 -0.486915
v 2.600823 -1.799763 -0.472419
v 2.618623 -1.825226 -0.427528
v 2.817623 -1.865590 -0.518438
v 2.640823 -1.846258 -0.374465
v 2.663323 -1.838250 -0.583454
v 2.205023 -2.107786 -1.279667
v 2.133423 -2.154684 -1.239936
v 2.239923 -2.180016 -1.270967
v 2.177423 -2.235128 -1.227809
v 2.412523 -2.055084 -1.298725
v 2.352523 -2.135131 -1.259128
v 2.471123 -2.089008 -1.285582
v 2.409423 -2.164028 -1.242886
v 2.536423 -2.129143 -1.263887
v 2.475423 -2.199753 -1.222937
v 2.615523 -2.171109 -1.241697
v 2.560323 -2.237291 -1.201090
v 2.788323 -2.292785 -1.158255
v 2.673823 -2.272505 -1.179608
v 2.715423 -2.210769 -1.224683
v 2.813923 -2.232186 -1.209607
v 2.961523 -2.267045 -1.135915
v 2.876423 -2.289298 -1.145931
v 2.886523 -2.223411 -1.203785
v 2.963723 -2.192757 -1.202093
v 3.077823 -2.147542 -1.190736
v 3.197723 -2.103414 -1.145383
v 3.172223 -2.194786 -1.085112
v 3.065223 -2.229280 -1.117079
v 3.163523 -2.291970 -1.035098
v 3.248223 -2.291191 -1.009008
v 3.223523 -2.394067 -0.979861
v 3.151023 -2.385715 -0.992495
v 3.267623 -2.182996 -1.040047
v 3.331823 -2.294829 -0.986181
v 3.354023 -2.182122 -0.998426
v 3.300923 -2.417005 -0.966176
v 3.066223 -2.310740 -1.056730
v 2.965223 -2.334083 -1.075524
v 3.061123 -2.390184 -1.006880
v 2.960823 -2.399063 -1.024629
v 2.765123 -2.346693 -1.113424
v 2.869123 -2.347496 -1.092836
v 2.855523 -2.400921 -1.045973
v 2.742223 -2.398584 -1.077391
v 2.640923 -2.330480 -1.145733
v 2.519423 -2.299026 -1.171442
v 2.616323 -2.392535 -1.124318
v 2.492923 -2.369677 -1.162349
v 2.426023 -2.263982 -1.190028
v 2.353823 -2.231910 -1.209190
v 2.391923 -2.336073 -1.183724
v 2.308223 -2.307248 -1.203877
v 2.292423 -2.211797 -1.239668
v 2.236723 -2.279924 -1.217205
v 2.156723 -2.244275 -1.062762
v 2.126923 -2.152531 -1.057400
v 2.112323 -2.157815 -1.150366
v 2.147023 -2.248106 -1.148031
v 3.293323 -2.083650 -1.072206
v 3.372823 -2.080396 -1.007906
v 3.310723 -1.992059 -1.081377
v 3.386323 -1.991732 -1.008133
v 3.309723 -1.926016 -1.056180
v 3.388723 -1.921476 -0.991605
v 3.308923 -1.882917 -1.015496
v 3.384923 -1.879219 -0.958784
v 3.435623 -2.080786 -0.965256
v 3.428623 -2.177953 -0.965226
v 3.444623 -1.996218 -0.960514
v 3.494723 -2.079383 -0.920698
v 3.494623 -2.000579 -0.908179
v 3.498523 -2.170479 -0.923418
v 3.521423 -2.368777 -0.905258
v 3.423623 -2.387586 -0.953638
v 3.425023 -2.285155 -0.963177
v 3.510423 -2.268965 -0.916253
v 3.433823 -2.472710 -0.940282
v 3.440923 -2.549016 -0.932121
v 3.356223 -2.550321 -0.918373
v 3.336923 -2.489557 -0.938262
v 3.532223 -2.460413 -0.907308
v 3.536023 -2.545994 -0.920424
v 3.230423 -2.484153 -0.917611
v 3.268123 -2.512114 -0.896807
v 3.291623 -2.556056 -0.881946
v 3.252423 -2.561404 -0.829869
v 3.239623 -2.518877 -0.829086
v 3.198523 -2.495023 -0.841315
v 3.181723 -2.467005 -0.931634
v 3.113723 -2.455476 -0.942080
v 3.142323 -2.486279 -0.857232
v 3.070523 -2.482004 -0.873811
v 3.027523 -2.451610 -0.953373
v 2.929723 -2.453338 -0.971805
v 2.985723 -2.480906 -0.887470
v 2.891723 -2.474706 -0.906140
v 2.825323 -2.444798 -0.997952
v 2.713923 -2.441846 -1.034742
v 2.792323 -2.462351 -0.939276
v 2.686323 -2.458889 -0.976237
v 2.592523 -2.430697 -1.072957
v 2.474223 -2.403837 -1.104042
v 2.575123 -2.442147 -1.009016
v 2.466423 -2.417571 -1.037030
v 2.189123 -2.160235 -0.978715
v 2.286623 -2.156117 -0.912061
v 2.213223 -2.243094 -0.985261
v 2.312023 -2.225601 -0.922934
v 2.209623 -2.301155 -1.147024
v 2.284523 -2.337884 -1.142460
v 2.207623 -2.310017 -1.070812
v 2.280323 -2.352961 -1.073021
v 2.372223 -2.371725 -1.127308
v 2.368123 -2.385970 -1.060125
v 2.250423 -2.299373 -0.997566
v 2.328423 -2.277001 -0.939862
v 2.307623 -2.333592 -1.005075
v 2.343123 -2.312235 -0.957448
v 2.568323 -2.031115 -0.767922
v 2.491123 -2.086201 -0.780057
v 2.555323 -2.157259 -0.791422
v 2.634023 -2.069912 -0.765682
v 2.384523 -2.361329 -0.993273
v 2.405423 -2.317976 -0.934644
v 2.474123 -2.385994 -0.968871
v 2.492823 -2.330443 -0.904720
v 2.389123 -2.130721 -0.835849
v 2.420923 -2.198312 -0.856829
v 2.421323 -2.261398 -0.889766
v 2.523123 -2.254887 -0.846913
v 2.723123 -2.106501 -0.732660
v 2.670723 -2.179050 -0.757937
v 2.773823 -2.200414 -0.712906
v 2.827823 -2.136166 -0.681003
v 2.683423 -2.349916 -0.844053
v 2.672923 -2.418457 -0.908763
v 2.775323 -2.428907 -0.870507
v 2.785523 -2.363254 -0.802661
v 2.872823 -2.442024 -0.834612
v 2.883723 -2.380545 -0.763904
v 2.572123 -2.402268 -0.942375
v 2.586023 -2.339065 -0.877177
v 2.622123 -2.259701 -0.812536
v 2.722223 -2.273622 -0.774884
v 2.959923 -2.457800 -0.813196
v 3.040923 -2.469651 -0.798963
v 2.968123 -2.405885 -0.736536
v 3.049123 -2.428516 -0.719527
v 2.826423 -2.289031 -0.728904
v 2.883323 -2.217101 -0.662194
v 2.929323 -2.310189 -0.683962
v 2.996523 -2.234325 -0.617723
v 3.119423 -2.474490 -0.783018
v 3.184323 -2.485812 -0.770958
v 3.133123 -2.444213 -0.704618
v 3.204023 -2.466501 -0.696905
v 3.229323 -2.512507 -0.770114
v 3.238523 -2.560122 -0.776403
v 3.250723 -2.559951 -0.712484
v 3.246323 -2.506569 -0.703755
v 3.651223 -2.536059 -0.764779
v 3.615923 -2.538523 -0.854576
v 3.602423 -2.450105 -0.836887
v 3.639023 -2.448513 -0.756157
v 3.590623 -2.356841 -0.831836
v 3.623423 -2.358390 -0.750488
v 3.578223 -2.255648 -0.839044
v 3.565923 -2.157972 -0.846057
v 3.586023 -2.167772 -0.750366
v 3.605223 -2.260594 -0.750983
v 3.549023 -2.072047 -0.837128
v 3.518723 -2.007475 -0.819330
v 3.502623 -2.050933 -0.733920
v 3.551523 -2.098888 -0.741231
v 2.947023 -2.153322 -0.627413
v 3.009323 -2.092671 -0.619661
v 3.071423 -2.165644 -0.587965
v 3.141123 -2.100372 -0.594167
v 3.026923 -2.337807 -0.653622
v 3.109323 -2.260146 -0.587278
v 3.120023 -2.367913 -0.635548
v 3.214223 -2.292355 -0.572632
v 3.188823 -2.185170 -0.572678
v 3.251423 -2.113249 -0.593216
v 3.290123 -2.212564 -0.573578
v 3.340623 -2.133041 -0.600784
v 3.471823 -2.193731 -0.618155
v 3.411523 -2.161800 -0.609177
v 3.370023 -2.249368 -0.583142
v 3.439523 -2.285392 -0.592359
v 3.302523 -2.334185 -0.563057
v 3.396023 -2.394609 -0.560979
v 3.521123 -2.225119 -0.636418
v 3.533323 -2.157076 -0.679721
v 3.487923 -2.117288 -0.669783
v 3.566423 -2.211709 -0.689325
v 3.551423 -2.250195 -0.656415
v 3.208223 -2.397828 -0.625877
v 3.281323 -2.436885 -0.627759
v 3.637423 -2.463057 -0.690694
v 3.651023 -2.544618 -0.695461
v 3.615723 -2.380375 -0.687965
v 3.578923 -2.400206 -0.640040
v 3.597723 -2.480890 -0.640949
v 3.613123 -2.556707 -0.644579
v 3.590423 -2.292235 -0.691227
v 3.562423 -2.315519 -0.647611
v 3.508423 -2.310139 -0.612838
v 3.505223 -2.401431 -0.603649
v 3.523123 -2.489271 -0.598666
v 3.425723 -2.494921 -0.584272
v 3.449023 -2.591889 -0.584229
v 3.547923 -2.564162 -0.604446
v 3.323623 -2.499391 -0.634618
v 3.323423 -2.570399 -0.638268
v 3.527223 -2.661139 -0.597392
v 3.570223 -2.619299 -0.613980
v 3.598023 -2.703012 -0.624783
v 3.621423 -2.629774 -0.640436
v 3.661923 -2.627698 -0.773642
v 3.658223 -2.630528 -0.694372
v 3.639423 -2.718498 -0.690598
v 3.653023 -2.725677 -0.776864
v 3.175723 -1.953157 -0.644963
v 3.125123 -1.966709 -0.690732
v 3.252323 -1.985611 -0.656978
v 3.297623 -1.981333 -0.617060
v 3.064223 -2.033613 -0.649766
v 3.189523 -2.043788 -0.629926
v 3.617323 -1.903458 -0.545795
v 3.498523 -1.933308 -0.532113
v 3.462823 -1.938360 -0.584497
v 3.572423 -1.916036 -0.606532
v 3.412123 -1.961382 -0.624208
v 3.376123 -1.972353 -0.661011
v 3.458123 -1.962645 -0.672865
v 3.510123 -1.944202 -0.647345
v 3.744823 -1.870258 -0.579114
v 3.866823 -1.832423 -0.624884
v 3.680823 -1.897114 -0.649201
v 3.783123 -1.852318 -0.719807
v 3.750323 -1.764304 -0.890562
v 3.836223 -1.768450 -0.843624
v 3.742223 -1.834826 -0.803128
v 3.696923 -1.808783 -0.849388
v 3.912723 -1.774874 -0.778288
v 3.985023 -1.778240 -0.689834
v 3.404723 -1.782766 -0.999726
v 3.342123 -1.840125 -0.935263
v 3.525923 -1.765116 -0.957223
v 3.450223 -1.837209 -0.878897
v 3.428323 -2.079093 -0.663443
v 3.363823 -2.051025 -0.651786
v 3.443423 -2.009727 -0.732814
v 3.382823 -1.978759 -0.738216
v 3.285923 -2.046731 -0.632703
v 3.323923 -1.994986 -0.679964
v 3.398123 -1.965342 -0.708983
v 3.491423 -1.951385 -0.712976
v 3.416723 -1.929480 -0.770696
v 3.518023 -1.918175 -0.767030
v 3.593823 -1.930337 -0.692613
v 3.637823 -1.899888 -0.750836
v 3.641523 -1.753810 -0.921002
v 3.599023 -1.815650 -0.857001
v 3.324623 -1.860574 -0.971017
v 3.391823 -1.872229 -0.919008
v 3.420923 -1.887571 -0.898168
v 3.435923 -1.896092 -0.916897
v 3.426823 -1.897573 -0.871005
v 3.461023 -1.915043 -0.872026
v 3.625323 -1.869451 -0.808858
v 3.504423 -1.875174 -0.817207
v 3.442423 -1.939149 -0.810929
v 3.413023 -1.905462 -0.831999
v 3.445523 -1.931570 -0.942310
v 3.483123 -1.944885 -0.885891
v 3.475123 -1.964040 -0.806674
v 4.274323 -2.527772 2.005224
v 4.251323 -2.567367 1.993694
v 4.358323 -2.605243 1.930476
v 4.388124 -2.559884 1.949655
v 4.202323 -2.621015 1.979239
v 4.309723 -2.648139 1.898318
v 4.430324 -2.655371 1.811248
v 4.478323 -2.613526 1.842543
v 4.511823 -2.569146 1.868176
v 4.143423 -2.681035 1.914426
v 4.246323 -2.685921 1.850632
v 4.168223 -2.701654 1.801030
v 4.036123 -2.698265 1.864736
v 4.298823 -2.706573 1.727517
v 4.369123 -2.689233 1.771905
v 3.576923 -2.521572 2.379022
v 3.606923 -2.561043 2.370504
v 3.642723 -2.518037 2.332249
v 3.618423 -2.483213 2.336288
v 3.653223 -2.553901 2.310019
v 3.618723 -2.601837 2.340072
v 3.692823 -2.509543 2.276049
v 3.679623 -2.473642 2.289066
v 3.659923 -2.444362 2.290276
v 3.541723 -2.474272 2.376978
v 3.591323 -2.447953 2.331136
v 3.637923 -2.417054 2.282356
v 3.728923 -2.439046 2.249016
v 3.709423 -2.409451 2.246539
v 3.740523 -2.471482 2.240108
v 3.800823 -2.442464 2.201235
v 3.788623 -2.408568 2.205721
v 3.772823 -2.381174 2.206620
v 3.692623 -2.391166 2.243901
v 3.753023 -2.363869 2.203625
v 3.835823 -2.344391 2.172008
v 3.914923 -2.325738 2.133931
v 3.855923 -2.362361 2.170958
v 3.953223 -2.360651 2.124578
v 4.234623 -2.370015 2.036281
v 4.364523 -2.372217 1.989974
v 4.332323 -2.326698 1.984120
v 4.203223 -2.327478 2.033458
v 4.463023 -2.314892 1.912387
v 4.496523 -2.362890 1.917795
v 3.872423 -2.394641 2.167969
v 3.954223 -2.394148 2.121819
v 3.880023 -2.424856 2.162196
v 3.959223 -2.423957 2.117673
v 4.075123 -2.352741 2.078361
v 4.136223 -2.360146 2.062803
v 4.107523 -2.322465 2.060798
v 4.046223 -2.318537 2.075852
v 4.094923 -2.485393 2.051375
v 4.152924 -2.545521 2.029529
v 4.173323 -2.515665 2.032877
v 4.104923 -2.461427 2.054379
v 4.183323 -2.484787 2.037587
v 4.110723 -2.439511 2.056461
v 4.037923 -2.399782 2.082824
v 4.031823 -2.419906 2.082649
v 4.029823 -2.445211 2.078566
v 3.984923 -2.319232 2.101456
v 4.018823 -2.352758 2.097493
v 4.648623 -2.502628 1.784114
v 4.632723 -2.553236 1.765630
v 4.651524 -2.450706 1.800672
v 4.528023 -2.518909 1.886138
v 4.530323 -2.467627 1.901657
v 4.187523 -2.457269 2.041499
v 4.121323 -2.422307 2.055162
v 4.283023 -2.491108 2.015480
v 4.278123 -2.453458 2.024292
v 4.182023 -2.430883 2.045946
v 4.131423 -2.412612 2.053826
v 4.401923 -2.468185 1.978054
v 4.388223 -2.420529 1.987050
v 4.259823 -2.413313 2.031547
v 4.519523 -2.415113 1.913240
v 4.160223 -2.398882 2.053727
v 4.102823 -2.388585 2.062643
v 4.063423 -2.389427 2.073613
v 4.079023 -2.629134 2.015326
v 4.036623 -2.674099 1.980844
v 4.083323 -2.682360 1.950811
v 4.133023 -2.630150 2.000141
v 3.967523 -2.704726 1.954713
v 3.996523 -2.703301 1.918334
v 4.068823 -2.570024 2.032304
v 4.115923 -2.560682 2.030146
v 4.071123 -2.506193 2.049057
v 4.036523 -2.523519 2.042135
v 4.014823 -2.470874 2.073761
v 3.989523 -2.494643 2.062254
v 3.952423 -2.455175 2.111941
v 3.934523 -2.483873 2.095639
v 3.880323 -2.459558 2.152655
v 3.872923 -2.491281 2.134974
v 3.806323 -2.479746 2.187837
v 3.806123 -2.514552 2.166370
v 3.744323 -2.512830 2.219160
v 3.745123 -2.550616 2.190406
v 3.693923 -2.554916 2.248554
v 3.686923 -2.605978 2.210410
v 3.652323 -2.601515 2.274580
v 3.644323 -2.652289 2.234950
v 3.615523 -2.651537 2.297500
v 3.602323 -2.697869 2.250417
v 3.909223 -2.807943 2.142209
v 3.903723 -2.796988 2.165588
v 3.879023 -2.906210 2.183346
v 3.882223 -2.909802 2.157392
v 3.940523 -2.711593 2.121897
v 3.931823 -2.698243 2.145416
v 3.909323 -2.691870 2.163218
v 3.889223 -2.789951 2.185733
v 3.868023 -2.903100 2.207268
v 3.868223 -2.782015 2.209337
v 3.851723 -2.897483 2.232839
v 3.880523 -2.687253 2.185325
v 3.843823 -2.695798 2.213274
v 3.837723 -2.786344 2.237131
v 3.826923 -2.900426 2.260915
v 3.795123 -2.817249 2.270585
v 3.789123 -2.924480 2.290262
v 3.796623 -2.730954 2.247481
v 3.745923 -2.773293 2.276059
v 3.745323 -2.854369 2.297265
v 3.739323 -2.951843 2.311100
v 3.701323 -2.878288 2.291759
v 3.692823 -2.966990 2.301200
v 3.705823 -2.805580 2.273170
v 3.681223 -2.832262 2.244665
v 3.673323 -2.899445 2.262976
v 3.663823 -2.984095 2.273354
v 3.724123 -3.116391 2.284855
v 3.730423 -3.056334 2.306195
v 3.683823 -3.063688 2.301759
v 3.685823 -3.142951 2.285105
v 3.654323 -3.073376 2.272143
v 3.658323 -3.128019 2.266144
v 3.654323 -2.931394 2.204612
v 3.647023 -3.015934 2.225114
v 3.657623 -2.861259 2.180363
v 3.660223 -2.961231 2.139260
v 3.656223 -2.885687 2.104709
v 3.655123 -3.047376 2.171789
v 3.720623 -3.061724 2.103635
v 3.683323 -3.061925 2.131071
v 3.686723 -2.975095 2.093673
v 3.722823 -2.976963 2.062211
v 3.680923 -2.898091 2.051294
v 3.720523 -2.899854 2.016332
v 3.789523 -3.023473 2.086739
v 3.757223 -3.048916 2.090160
v 3.765523 -2.963284 2.052693
v 3.805623 -2.938967 2.053112
v 3.772823 -2.885383 2.006960
v 3.826823 -2.864566 2.005572
v 3.766323 -3.123646 2.247869
v 3.807723 -3.027034 2.269342
v 3.773223 -3.041460 2.289936
v 3.739623 -3.128724 2.266203
v 3.646423 -3.094761 2.230123
v 3.662123 -3.157521 2.234469
v 3.660223 -3.114513 2.187598
v 3.682023 -3.163272 2.197470
v 3.811223 -3.110854 2.205543
v 3.846623 -3.018632 2.218145
v 3.830923 -3.021952 2.244096
v 3.789423 -3.119278 2.227989
v 3.705623 -3.179217 2.256040
v 3.730923 -3.180669 2.220895
v 3.751123 -3.168547 2.193455
v 3.707023 -3.155925 2.169451
v 3.736523 -3.140161 2.146532
v 3.771723 -3.149013 2.169454
v 3.688323 -3.119864 2.154029
v 3.722223 -3.113079 2.128782
v 3.850023 -3.004967 2.124883
v 3.861223 -2.978637 2.138844
v 3.862923 -2.994977 2.161329
v 3.845823 -3.054138 2.148655
v 3.865423 -2.935237 2.104117
v 3.875623 -2.916625 2.128444
v 3.859223 -3.009265 2.189843
v 3.833823 -3.090999 2.177753
v 3.935223 -2.767718 2.064123
v 3.939423 -2.738211 2.092293
v 3.903623 -2.827655 2.111006
v 3.897423 -2.849511 2.082181
v 3.839423 -2.962174 2.083410
v 3.816923 -2.988394 2.082979
v 3.843023 -2.907844 2.053629
v 3.874723 -2.880073 2.056655
v 3.872823 -2.833786 2.017088
v 3.910123 -2.806669 2.029592
v 3.822923 -3.029769 2.100194
v 3.807623 -3.036412 2.095599
v 3.802323 -3.082331 2.115153
v 3.787623 -3.070568 2.102417
v 3.930423 -2.788484 2.044077
v 3.891623 -2.864250 2.065293
v 3.854223 -2.947233 2.089993
v 3.837423 -3.020692 2.111142
v 3.822923 -3.080640 2.130778
v 3.770523 -3.118423 2.129371
v 3.757023 -3.096983 2.112193
v 3.797923 -3.122607 2.149561
v 3.638323 -2.725460 2.162056
v 3.661723 -2.681333 2.202299
v 3.630523 -2.698569 2.198988
v 3.612523 -2.733865 2.156756
v 3.587923 -2.729959 2.208172
v 3.564623 -2.756158 2.152549
v 3.581823 -2.704596 2.319241
v 3.563723 -2.750504 2.273484
v 3.585823 -2.650508 2.363873
v 3.551823 -2.692365 2.380759
v 3.548723 -2.748167 2.338031
v 3.531823 -2.795100 2.297824
v 3.566323 -2.602854 2.398613
v 3.525923 -2.641282 2.415099
v 3.530523 -2.554889 2.416041
v 3.476323 -2.592476 2.450707
v 3.489023 -2.501047 2.416885
v 3.433323 -2.528035 2.450166
v 3.051623 -3.004491 2.252128
v 3.008923 -3.011546 2.292285
v 3.038123 -3.010601 2.308668
v 3.079223 -3.000519 2.274999
v 3.006423 -3.001820 2.358966
v 2.989123 -2.983268 2.348330
v 3.350023 -2.618999 2.517173
v 3.408723 -2.602452 2.484282
v 3.377623 -2.553644 2.480424
v 3.318523 -2.579300 2.509777
v 3.207423 -2.667899 2.575719
v 3.279423 -2.640316 2.545978
v 3.252323 -2.609345 2.535367
v 3.184823 -2.642200 2.564500
v 3.080923 -2.756092 2.610733
v 3.140023 -2.708855 2.597767
v 3.118823 -2.686892 2.585327
v 3.059023 -2.734492 2.601077
v 3.032823 -2.804510 2.607903
v 3.010623 -2.783749 2.598899
v 2.976023 -2.831668 2.578969
v 2.995923 -2.852398 2.589177
v 2.956223 -2.875423 2.542654
v 2.974323 -2.896308 2.550349
v 2.968123 -2.906052 2.482264
v 2.975423 -2.933934 2.493156
v 2.990023 -2.936178 2.413289
v 2.990423 -2.970344 2.425416
v 3.495823 -2.678231 2.425160
v 3.516223 -2.719321 2.387799
v 3.461523 -2.651253 2.460594
v 3.442723 -2.689000 2.458589
v 3.468723 -2.708350 2.424602
v 3.493923 -2.740717 2.395664
v 3.416523 -2.646328 2.487728
v 3.412223 -2.681959 2.490654
v 3.364323 -2.655659 2.518836
v 3.368823 -2.685788 2.521884
v 3.522923 -2.771896 2.353272
v 3.508823 -2.815206 2.316182
v 3.510923 -2.787230 2.365398
v 3.497723 -2.827016 2.329716
v 3.497723 -2.844765 2.242632
v 3.516123 -2.821320 2.266541
v 3.491023 -2.840866 2.289039
v 3.472123 -2.864268 2.269540
v 3.479723 -2.854900 2.304646
v 3.461623 -2.882113 2.285225
v 3.410323 -2.899346 2.213297
v 3.462623 -2.876770 2.222931
v 3.438423 -2.889201 2.253958
v 3.394223 -2.905987 2.246366
v 3.430523 -2.909273 2.268312
v 3.389223 -2.926763 2.260778
v 3.056823 -2.825777 2.613572
v 3.103023 -2.779908 2.615452
v 3.020023 -2.872837 2.596096
v 3.043523 -2.887202 2.593354
v 3.079723 -2.843431 2.605428
v 3.119523 -2.800941 2.618830
v 2.991023 -2.919621 2.563611
v 3.012923 -2.934347 2.567058
v 2.978123 -2.963154 2.509779
v 2.990623 -2.982493 2.521871
v 2.983923 -3.004111 2.437566
v 2.988323 -3.025387 2.448543
v 3.009223 -3.032259 2.367304
v 3.014523 -3.052731 2.378228
v 3.051223 -3.037151 2.319036
v 3.109523 -3.056226 2.295784
v 3.057523 -3.062821 2.326351
v 3.099723 -3.025240 2.291785
v 3.146523 -3.010167 2.273834
v 3.160423 -3.043989 2.280071
v 3.124823 -2.982841 2.251891
v 3.176923 -2.964455 2.233833
v 3.211023 -3.024462 2.269893
v 3.195523 -2.987198 2.264759
v 3.199423 -3.108406 2.706939
v 3.159623 -3.101806 2.705422
v 3.146223 -3.197581 2.724466
v 3.174023 -3.208518 2.729937
v 3.120523 -3.186509 2.716699
v 3.121323 -3.094114 2.704069
v 3.121423 -3.245855 2.727755
v 3.133223 -3.276671 2.745988
v 3.151523 -3.294418 2.758273
v 3.170323 -3.200847 2.406734
v 3.213223 -3.179762 2.385328
v 3.236623 -3.210918 2.419669
v 3.190023 -3.241849 2.446710
v 3.285123 -3.167492 2.393057
v 3.256523 -3.147484 2.364376
v 3.309923 -3.169804 2.429184
v 3.260223 -3.229361 2.457557
v 3.210323 -3.273473 2.489037
v 3.240223 -3.302303 2.541845
v 3.285623 -3.240191 2.516025
v 3.292223 -3.253435 2.542096
v 3.252423 -3.317756 2.566285
v 3.335723 -3.173652 2.517310
v 3.331323 -3.164848 2.490077
v 3.338523 -3.182848 2.549528
v 3.294623 -3.267069 2.574857
v 3.264723 -3.311088 2.589313
v 3.275523 -3.234652 2.489803
v 3.227123 -3.290074 2.519420
v 3.322823 -3.164900 2.461826
v 3.133723 -3.307349 2.569898
v 3.098223 -3.294373 2.611826
v 3.081723 -3.248330 2.578156
v 3.112823 -3.261579 2.528899
v 3.077823 -3.269071 2.639951
v 3.065923 -3.225564 2.623962
v 3.064723 -3.196478 2.547930
v 3.051123 -3.169750 2.603083
v 3.092223 -3.212242 2.492015
v 3.128523 -3.213641 2.440545
v 3.150223 -3.259781 2.482725
v 3.171323 -3.300148 2.527246
v 3.281223 -3.267617 2.616796
v 3.238923 -3.327065 2.624440
v 3.325323 -3.176362 2.589374
v 3.303623 -3.159647 2.629017
v 3.263823 -3.259263 2.660658
v 3.220023 -3.327652 2.670485
v 3.282223 -3.135808 2.668475
v 3.247723 -3.240485 2.702726
v 3.224823 -3.220368 2.732150
v 3.259923 -3.114421 2.701880
v 3.212823 -3.286871 2.745692
v 3.211523 -3.318715 2.718087
v 3.108623 -3.265628 2.724997
v 3.105823 -3.181949 2.707249
v 3.093623 -3.186206 2.692676
v 3.094823 -3.271672 2.705010
v 3.079523 -3.105591 2.681060
v 3.097223 -3.092326 2.697462
v 3.073423 -3.204743 2.665348
v 3.083423 -3.274613 2.674787
v 3.058323 -3.136273 2.650718
v 3.163023 -3.360112 2.643144
v 3.202023 -3.342494 2.583370
v 3.218623 -3.351781 2.608571
v 3.196323 -3.364615 2.661913
v 3.182223 -3.356213 2.722106
v 3.181123 -3.302867 2.760584
v 3.144223 -3.351793 2.718458
v 3.196523 -3.212516 2.733210
v 3.228823 -3.108788 2.706617
v 3.115923 -3.326103 2.729676
v 3.113823 -3.335587 2.684546
v 3.188723 -3.327230 2.560422
v 3.151623 -3.341881 2.607147
v 3.109623 -3.330196 2.652305
v 3.384923 -3.084908 2.512279
v 3.368523 -3.070201 2.550302
v 3.411423 -2.959947 2.511469
v 3.433023 -2.982540 2.474688
v 3.385823 -2.938817 2.549266
v 3.344323 -3.050086 2.588340
v 3.320923 -3.028997 2.626837
v 3.361123 -2.923100 2.587148
v 3.333523 -2.913116 2.623693
v 3.298023 -3.012188 2.663179
v 3.242423 -2.921854 2.653233
v 3.224823 -3.011899 2.682229
v 3.263523 -3.008090 2.677042
v 3.290823 -2.913039 2.641227
v 3.378423 -3.084327 2.478355
v 3.429423 -2.996982 2.437282
v 3.372423 -3.084150 2.449617
v 3.418823 -3.008456 2.405658
v 3.363523 -3.089821 2.421538
v 3.406823 -3.020446 2.377711
v 3.351523 -3.100203 2.391781
v 3.392823 -3.034696 2.350734
v 3.236923 -2.722724 2.584836
v 3.225223 -2.696630 2.580551
v 3.160023 -2.733585 2.607841
v 3.173923 -2.757954 2.610023
v 3.338423 -3.051325 2.306188
v 3.369723 -3.048829 2.323463
v 3.329823 -3.109428 2.359388
v 3.299523 -3.101098 2.336835
v 3.296123 -2.672043 2.548932
v 3.305423 -2.699435 2.553141
v 3.174823 -3.015868 2.686705
v 3.185123 -2.937299 2.665553
v 3.130223 -2.954665 2.676459
v 3.126423 -3.020018 2.690870
v 3.092423 -3.026225 2.690807
v 3.087123 -2.969795 2.683387
v 3.052923 -2.991228 2.669613
v 3.067323 -3.041509 2.676391
v 3.045223 -3.077655 2.638417
v 3.034923 -3.026407 2.627088
v 3.026223 -3.068991 2.567302
v 3.035523 -3.115886 2.584695
v 3.046323 -3.148206 2.522403
v 3.032423 -3.106427 2.501705
v 3.071923 -3.168306 2.461827
v 3.055823 -3.130926 2.439270
v 3.110023 -3.172822 2.412279
v 3.153823 -3.164139 2.376825
v 3.093523 -3.139213 2.387398
v 3.139723 -3.132046 2.350453
v 3.236623 -2.943331 2.222045
v 3.249323 -2.958176 2.254935
v 3.299323 -2.927626 2.213848
v 3.309923 -2.954985 2.262034
v 3.262523 -2.990235 2.263579
v 3.303123 -2.929868 2.248777
v 3.198023 -3.145779 2.354058
v 3.240323 -3.118538 2.337018
v 3.187323 -3.113193 2.327815
v 3.231323 -3.088400 2.313236
v 3.270023 -3.063067 2.297988
v 3.280223 -3.084223 2.317187
v 3.313723 -3.047319 2.294201
v 3.296723 -3.042554 2.286366
v 3.356423 -2.914139 2.211030
v 3.351723 -2.917374 2.244098
v 3.350823 -2.937345 2.260160
v 3.219523 -3.047441 2.280871
v 3.267123 -3.016852 2.268234
v 3.267123 -3.039139 2.279353
v 3.224423 -3.064812 2.293579
v 3.303923 -3.016110 2.272685
v 3.309223 -2.985525 2.265257
v 3.505323 -2.803164 2.372380
v 3.489923 -2.841306 2.337696
v 3.491723 -2.761054 2.405995
v 3.495323 -2.801718 2.423051
v 3.496023 -2.838899 2.383915
v 3.482123 -2.873440 2.349340
v 3.468523 -2.731669 2.437964
v 3.442023 -2.713142 2.470600
v 3.448523 -2.750567 2.497362
v 3.475923 -2.771398 2.461285
v 3.455123 -2.854968 2.485751
v 3.472123 -2.882148 2.445196
v 3.428023 -2.833421 2.523272
v 3.470423 -2.909603 2.405927
v 3.462723 -2.936164 2.371919
v 3.411823 -2.705209 2.501115
v 3.415623 -2.740731 2.529591
v 3.371323 -2.706595 2.533390
v 3.367623 -2.743207 2.553087
v 3.355923 -2.817701 2.585095
v 3.398023 -2.820941 2.558260
v 3.308723 -2.720232 2.561041
v 3.306923 -2.755723 2.575294
v 3.241323 -2.742494 2.590592
v 3.242723 -2.775297 2.601697
v 3.245523 -2.839285 2.623601
v 3.302623 -2.824688 2.603518
v 3.474923 -2.870794 2.312632
v 3.457423 -2.898477 2.290980
v 3.468923 -2.901284 2.321869
v 3.451623 -2.926697 2.297344
v 3.452023 -2.958883 2.342443
v 3.433323 -2.978371 2.315961
v 3.426123 -2.924117 2.272052
v 3.385223 -2.940644 2.265176
v 3.418623 -2.948267 2.277352
v 3.378923 -2.962352 2.268114
v 3.401623 -2.994498 2.293682
v 3.365623 -3.003835 2.280314
v 3.349423 -2.952142 2.263101
v 3.311923 -2.969694 2.263478
v 3.344423 -2.970891 2.265110
v 3.334623 -3.007272 2.274003
v 3.121723 -2.832945 2.648813
v 3.127423 -2.887446 2.660954
v 3.184823 -2.862408 2.643886
v 3.180723 -2.803463 2.627698
v 3.178823 -2.773888 2.618708
v 3.122623 -2.811770 2.632722
v 3.085023 -2.853751 2.614040
v 3.083823 -2.871169 2.627547
v 3.053223 -2.894283 2.592839
v 3.065623 -2.912632 2.596575
v 3.067123 -2.949717 2.624358
v 3.080823 -2.911434 2.660053
v 3.021523 -2.940014 2.568028
v 2.997123 -2.989244 2.525985
v 3.013323 -3.000006 2.530164
v 3.044123 -2.953895 2.569020
v 3.047123 -2.984385 2.597089
v 3.022523 -3.029919 2.546646
v 2.995723 -3.035908 2.455441
v 3.020323 -3.065782 2.387282
v 3.028823 -3.079712 2.399390
v 3.007523 -3.048893 2.465100
v 3.020623 -3.072905 2.481728
v 3.041223 -3.101221 2.417766
v 3.062423 -3.076489 2.333966
v 3.114723 -3.070623 2.300452
v 3.118623 -3.083651 2.307403
v 3.068223 -3.090461 2.345070
v 3.079123 -3.111511 2.364174
v 3.127623 -3.104990 2.326290
v 3.166523 -3.058104 2.285056
v 3.217023 -3.038377 2.274889
v 3.170223 -3.068783 2.291243
v 3.177723 -3.087204 2.306494
v 3.267123 -3.004503 2.266051
v 3.144823 -2.967850 2.183950
v 3.160023 -2.967555 2.204602
v 3.102523 -2.987707 2.223759
v 3.088223 -2.986916 2.203371
v 3.134223 -2.958925 2.166641
v 3.091923 -2.975560 2.185603
v 3.263523 -2.927982 2.158232
v 3.285523 -2.931818 2.184453
v 3.220723 -2.948950 2.193068
v 3.201023 -2.949640 2.170590
v 3.181523 -2.938537 2.150303
v 3.237823 -2.911144 2.134074
v 3.423723 -2.884828 2.172275
v 3.354423 -2.911469 2.175625
v 3.338123 -2.896618 2.142636
v 3.414923 -2.854606 2.135074
v 3.547423 -2.776732 2.235489
v 3.526423 -2.803091 2.206602
v 3.485623 -2.845726 2.183675
v 3.486023 -2.807878 2.141111
v 3.306623 -2.872047 2.116425
v 3.378823 -2.825838 2.103900
v 3.501223 -2.753765 2.080766
v 3.446723 -2.780183 2.099156
v 3.595023 -2.756311 2.103756
v 3.593223 -2.759620 2.047267
v 3.619223 -2.773634 2.055664
v 3.621323 -2.755269 2.111631
v 3.561023 -2.755478 2.086075
v 3.565623 -2.742812 2.035628
v 3.521423 -2.739218 2.054670
v 3.541823 -2.722319 2.019196
v 3.641223 -2.739577 1.940855
v 3.663623 -2.767020 1.949368
v 3.617223 -2.763627 1.994143
v 3.594223 -2.736201 1.987632
v 3.640423 -2.789592 2.001340
v 3.684223 -2.798364 1.956051
v 3.578623 -2.715745 1.978710
v 3.627523 -2.721201 1.931512
v 3.731523 -2.770078 1.909122
v 3.711823 -2.742865 1.894284
v 3.803823 -2.726976 1.876080
v 3.750023 -2.789822 1.933311
v 3.816623 -2.749797 1.903195
v 3.823223 -2.769512 1.930291
v 3.904123 -2.723459 1.906738
v 3.894823 -2.736371 1.940842
v 3.904423 -2.709361 1.871199
v 3.695423 -2.717748 1.882730
v 3.781823 -2.699696 1.854936
v 4.436523 -2.706609 1.647579
v 4.367923 -2.707798 1.606240
v 4.511223 -2.711692 1.527177
v 4.230923 -2.701675 1.681425
v 3.983123 -2.686707 1.807513
v 3.876723 -2.686813 1.838460
v 4.008123 -2.687358 2.012324
v 3.947123 -2.724732 1.988503
v 3.953723 -2.714431 1.976784
v 4.018723 -2.681191 2.001065
v 4.042723 -2.627373 2.031456
v 4.024023 -2.632001 2.043808
v 4.032423 -2.576370 2.038044
v 4.006723 -2.539415 2.039903
v 4.000823 -2.552086 2.059597
v 4.023323 -2.585671 2.054930
v 3.971423 -2.517611 2.059309
v 3.970823 -2.535338 2.076403
v 3.922923 -2.512657 2.084240
v 3.930723 -2.533009 2.101682
v 3.871823 -2.521550 2.123288
v 3.882123 -2.543144 2.134547
v 3.816423 -2.544186 2.159228
v 3.830023 -2.564912 2.167633
v 3.763523 -2.579004 2.185942
v 3.719623 -2.625193 2.206682
v 3.780323 -2.597546 2.192972
v 3.735323 -2.640681 2.214592
v 3.894723 -2.756742 1.955178
v 3.828323 -2.790893 1.943065
v 3.891523 -2.767677 1.967461
v 3.830423 -2.805365 1.952436
v 3.694323 -2.823970 1.962267
v 3.759223 -2.812361 1.945316
v 3.763223 -2.825986 1.957341
v 3.700223 -2.840374 1.970424
v 3.642923 -2.811668 2.070570
v 3.637323 -2.790813 2.063375
v 3.653623 -2.811774 2.008959
v 3.661123 -2.829406 2.015842
v 3.681923 -2.684251 2.204232
v 3.694923 -2.699857 2.210733
v 3.659023 -2.735030 2.166405
v 3.670023 -2.754287 2.177100
v 3.641123 -2.768390 2.118477
v 3.648923 -2.788916 2.128596
v 3.656223 -2.826157 2.160778
v 3.650223 -2.848898 2.087126
v 3.681923 -2.795840 2.221350
v 3.677423 -2.777362 2.199992
v 3.653323 -2.810161 2.145886
v 3.647223 -2.832823 2.079451
v 3.958523 -2.740266 2.029766
v 3.965323 -2.708547 2.054359
v 3.925023 -2.764490 2.012323
v 3.932123 -2.743994 2.001000
v 3.978223 -2.711372 2.020437
v 3.988023 -2.668219 2.049905
v 3.882723 -2.796840 1.995106
v 3.831723 -2.830411 1.979921
v 3.829623 -2.818942 1.967069
v 3.884123 -2.782270 1.982335
v 3.887423 -2.774433 1.975080
v 3.939823 -2.732727 1.995047
v 3.829723 -2.812332 1.960243
v 3.996323 -2.696406 2.016303
v 4.007023 -2.644284 2.048299
v 3.969723 -2.672359 2.077911
v 3.970123 -2.642091 2.103321
v 3.996323 -2.628351 2.068763
v 3.998123 -2.594906 2.091253
v 4.015823 -2.601399 2.063527
v 4.002624 -2.566103 2.074906
v 3.934323 -2.571394 2.136302
v 3.925023 -2.620758 2.147941
v 3.957123 -2.625510 2.129833
v 3.973023 -2.575003 2.114053
v 3.934223 -2.546304 2.118335
v 3.972823 -2.548738 2.093150
v 3.837223 -2.603380 2.184818
v 3.841123 -2.639038 2.195055
v 3.885023 -2.623546 2.168213
v 3.886923 -2.581222 2.158767
v 3.835123 -2.581034 2.176107
v 3.886523 -2.557520 2.147430
v 3.738623 -2.680112 2.232823
v 3.741223 -2.717017 2.252403
v 3.792323 -2.673830 2.228181
v 3.787623 -2.637657 2.212565
v 3.739023 -2.656710 2.221469
v 3.786023 -2.614384 2.201705
v 3.705323 -2.759628 2.247908
v 3.702123 -2.731355 2.226923
v 3.673623 -2.765587 2.187057
v 3.699323 -2.712791 2.216087
v 3.771223 -2.851239 1.981509
v 3.766323 -2.839499 1.970876
v 3.713123 -2.868089 1.990441
v 3.706723 -2.856431 1.981206
v 3.703423 -2.848605 1.975853
v 3.764523 -2.833019 1.964543
v 3.673023 -2.862425 2.030640
v 3.667723 -2.848000 2.023770
v 3.664423 -2.838941 2.019592
v 3.645123 -2.822636 2.074837
v 3.651423 -2.800093 2.136457
v 2.719123 -2.811230 -0.812717
v 2.620423 -2.836175 -0.828099
v 2.613223 -2.820183 -0.791503
v 2.714523 -2.798807 -0.773325
v 2.627923 -2.821984 -0.863531
v 2.727223 -2.797778 -0.847492
v 2.547023 -2.861872 -0.875179
v 2.538423 -2.870116 -0.840400
v 2.527023 -2.855553 -0.810199
v 2.817123 -2.771301 -0.786342
v 2.818523 -2.775533 -0.749927
v 2.914523 -2.752693 -0.725954
v 2.904023 -2.733068 -0.756661
v 2.908423 -2.723695 -0.800489
v 2.824123 -2.761415 -0.825232
v 2.970823 -2.715779 -0.737119
v 3.037923 -2.717035 -0.720764
v 2.994923 -2.741613 -0.713286
v 3.054823 -2.738698 -0.704901
v 3.028823 -2.693144 -0.759336
v 2.971523 -2.703510 -0.779074
v 3.157323 -2.661913 -0.721249
v 3.217123 -2.617700 -0.716761
v 3.205723 -2.610604 -0.788469
v 3.150723 -2.645072 -0.802004
v 3.230123 -2.610820 -0.849887
v 3.180623 -2.647713 -0.875082
v 3.093523 -2.683470 -0.738035
v 3.093823 -2.667092 -0.814310
v 3.032923 -2.678513 -0.827999
v 3.115623 -2.669691 -0.888087
v 3.047623 -2.682931 -0.898076
v 3.278723 -2.612787 -0.895078
v 3.345623 -2.616561 -0.923046
v 3.285323 -2.680696 -0.951737
v 3.230023 -2.657994 -0.918556
v 3.083523 -2.706712 -0.957365
v 3.063523 -2.702853 -0.937706
v 3.148423 -2.685791 -0.929697
v 3.156023 -2.702590 -0.957625
v 2.978523 -2.686734 -0.845008
v 2.916623 -2.701727 -0.864416
v 2.995323 -2.698309 -0.910896
v 2.939523 -2.721533 -0.924875
v 3.007623 -2.718494 -0.947736
v 2.953423 -2.738523 -0.959825
v 3.034223 -2.718023 -0.974654
v 2.973123 -2.739609 -0.989239
v 3.107923 -2.724288 -0.989145
v 3.201923 -2.740225 -0.988974
v 3.101123 -2.782773 -1.030528
v 3.026123 -2.748975 -1.020939
v 2.770423 -2.796497 -0.953397
v 2.739923 -2.771321 -0.902542
v 2.832623 -2.733022 -0.884276
v 2.860723 -2.759038 -0.937885
v 2.878123 -2.782181 -0.970391
v 2.892223 -2.779474 -1.001286
v 2.798423 -2.803135 -1.024906
v 2.788523 -2.817409 -0.988076
v 2.642223 -2.791875 -0.921072
v 2.678823 -2.816893 -0.974623
v 2.597823 -2.846884 -0.996210
v 2.554723 -2.822224 -0.939976
v 2.624923 -2.845154 -1.065227
v 2.621623 -2.858701 -1.032261
v 2.699723 -2.833689 -1.011166
v 2.707023 -2.818770 -1.047056
v 2.931223 -2.779589 -1.043865
v 2.996123 -2.815505 -1.061791
v 2.881823 -2.836444 -1.107991
v 2.829023 -2.797639 -1.072667
v 2.547323 -2.902130 -0.712550
v 2.662623 -2.882129 -0.696556
v 2.628623 -2.830978 -0.733635
v 2.527023 -2.858486 -0.754876
v 2.739023 -2.816322 -0.720457
v 2.782623 -2.866853 -0.690555
v 2.454823 -2.902936 -0.781014
v 2.412823 -2.951313 -0.799969
v 2.422023 -2.956243 -0.760189
v 2.461823 -2.932017 -0.737637
v 2.469323 -2.906066 -0.826875
v 2.433823 -2.950981 -0.838215
v 2.484223 -2.912764 -0.852810
v 2.488323 -2.900464 -0.890156
v 2.453823 -2.951195 -0.861968
v 2.447523 -2.938251 -0.905186
v 2.490223 -2.870189 -0.959107
v 2.530323 -2.885314 -1.015686
v 2.482223 -2.931879 -1.027924
v 2.441523 -2.922399 -0.974179
v 2.513223 -2.933240 -1.088606
v 2.513223 -2.940382 -1.058973
v 2.552823 -2.891827 -1.049924
v 2.558023 -2.886300 -1.079352
v 2.566023 -2.889515 -1.118606
v 2.523223 -2.932603 -1.126935
v 2.633523 -2.848436 -1.108492
v 2.647923 -2.875174 -1.146317
v 2.580223 -2.909934 -1.153157
v 2.545823 -2.934421 -1.152384
v 2.842323 -2.802274 -0.714026
v 2.944823 -2.784401 -0.704467
v 2.882323 -2.848527 -0.692188
v 2.986823 -2.824637 -0.687887
v 3.257223 -2.746673 -0.595881
v 3.367323 -2.674203 -0.594951
v 3.280223 -2.639893 -0.645535
v 3.205923 -2.694656 -0.658052
v 3.123223 -2.720819 -0.693739
v 3.125923 -2.749581 -0.678091
v 3.054923 -2.772593 -0.692258
v 3.114523 -2.793840 -0.662947
v 3.455223 -2.720958 -0.595380
v 3.379023 -2.778689 -0.598253
v 3.444023 -2.807432 -0.642906
v 3.532323 -2.768112 -0.626684
v 3.312623 -2.898831 -0.590750
v 3.364023 -2.850216 -0.625573
v 3.318023 -2.824922 -0.587032
v 3.279223 -2.872573 -0.565275
v 3.238323 -2.803707 -0.572970
v 3.224623 -2.854036 -0.555076
v 3.131723 -2.816777 -0.602983
v 3.073523 -2.845659 -0.669282
v 3.108723 -2.884710 -0.626688
v 3.235023 -2.993104 -0.530549
v 3.271223 -2.991818 -0.545699
v 3.269923 -2.933272 -0.544782
v 3.226023 -2.924138 -0.536535
v 3.296323 -2.949736 -0.571588
v 3.288823 -2.984175 -0.566789
v 3.142523 -2.858409 -0.565950
v 3.163423 -2.926510 -0.537074
v 3.126823 -2.947707 -0.578882
v 3.160323 -2.986259 -0.565409
v 3.194923 -2.991307 -0.544167
v 3.207523 -3.026390 -0.566051
v 3.239023 -3.032413 -0.560694
v 3.174923 -3.008681 -0.586252
v 3.191323 -3.006900 -0.613294
v 3.210623 -3.028337 -0.606434
v 3.238423 -3.035630 -0.605057
v 3.268123 -3.026685 -0.571277
v 3.287723 -3.005335 -0.590364
v 3.263923 -3.028925 -0.610074
v 3.281923 -3.010471 -0.615607
v 2.527423 -3.020700 -1.085003
v 2.500623 -2.981105 -1.090603
v 2.509323 -2.980100 -1.135220
v 2.541323 -3.021986 -1.134964
v 2.548623 -2.968672 -1.164503
v 2.565623 -2.998650 -1.164052
v 2.512623 -2.979342 -1.053937
v 2.464923 -2.991087 -1.026075
v 2.526323 -3.005229 -1.046335
v 2.507723 -3.023842 -1.008957
v 2.416723 -3.002197 -0.976539
v 2.438923 -2.990563 -0.909947
v 2.484223 -3.046195 -0.953868
v 2.482023 -3.017811 -0.897916
v 2.451823 -2.983363 -0.863447
v 2.424023 -2.994519 -0.843965
v 2.473523 -3.004837 -0.861096
v 2.455723 -3.024166 -0.838886
v 2.440223 -3.047007 -0.801155
v 2.392923 -3.008833 -0.806436
v 2.419423 -3.000853 -0.757888
v 2.449823 -3.033874 -0.763625
v 2.481323 -2.981052 -0.726479
v 2.574823 -2.960585 -0.704748
v 2.501223 -3.026539 -0.745165
v 2.599023 -3.010302 -0.729892
v 2.512823 -3.042480 -0.787768
v 2.518623 -3.021948 -0.827137
v 2.607423 -3.021376 -0.773512
v 2.607323 -3.002500 -0.813679
v 2.697823 -2.947285 -0.690648
v 2.825523 -2.935548 -0.678943
v 2.724123 -3.004606 -0.714233
v 2.856623 -3.003408 -0.698736
v 2.932423 -2.919838 -0.673517
v 3.016623 -2.909220 -0.670092
v 2.974723 -2.996833 -0.687834
v 3.067023 -2.980768 -0.691904
v 2.725523 -2.815787 -1.094663
v 2.747623 -2.846742 -1.134037
v 2.677823 -2.971059 -1.171655
v 2.609123 -2.989486 -1.171730
v 2.597723 -2.945387 -1.175563
v 2.665323 -2.918185 -1.171369
v 2.856523 -2.947760 -1.128121
v 2.762623 -2.955216 -1.158207
v 2.759723 -2.897369 -1.157330
v 2.857723 -2.893854 -1.131782
v 2.957723 -2.960406 -1.091697
v 2.937023 -2.916169 -1.103035
v 2.994223 -2.900582 -1.080086
v 3.057523 -2.961398 -1.059299
v 2.602623 -3.030952 -1.132382
v 2.675823 -3.025632 -1.130870
v 2.660123 -3.024033 -1.063962
v 2.587423 -3.031694 -1.075128
v 2.830623 -3.008203 -1.034889
v 2.737923 -3.012413 -1.050261
v 2.754223 -3.009049 -1.116377
v 2.845023 -2.994999 -1.091114
v 2.576923 -3.009829 -1.034483
v 2.647323 -3.001585 -1.021280
v 2.636223 -3.006044 -0.979268
v 2.565123 -3.020242 -0.993421
v 2.551023 -3.036212 -0.937858
v 2.624023 -3.019806 -0.925480
v 2.612123 -3.001261 -0.876013
v 2.537723 -3.014254 -0.886790
v 2.526723 -3.004206 -0.853046
v 2.607523 -2.991436 -0.841882
v 2.729823 -3.024289 -0.757956
v 2.724323 -2.997927 -0.801091
v 2.851023 -3.018699 -0.791887
v 2.860823 -3.039086 -0.741291
v 2.727523 -2.988561 -1.007596
v 2.720423 -2.989215 -0.965563
v 2.823823 -2.985685 -0.993404
v 2.819823 -2.985758 -0.952739
v 2.713123 -3.006155 -0.913963
v 2.816923 -3.010761 -0.905418
v 2.709523 -2.989184 -0.864990
v 2.822523 -3.002963 -0.858883
v 2.715423 -2.978482 -0.828703
v 2.837323 -2.994464 -0.822626
v 2.956223 -3.037608 -0.823144
v 2.970923 -3.043876 -0.784444
v 2.941423 -3.036887 -0.859464
v 3.053423 -3.048883 -0.858161
v 3.061723 -3.047742 -0.821132
v 3.070623 -3.043758 -0.781331
v 2.982623 -3.042347 -0.730062
v 3.078823 -3.024403 -0.733721
v 3.071423 -2.913663 -0.666044
v 3.119723 -2.921870 -0.659312
v 3.118423 -2.965487 -0.701428
v 3.163923 -2.952432 -0.700265
v 3.159123 -2.957278 -0.624218
v 3.191223 -2.968906 -0.642928
v 3.131323 -3.003424 -0.739607
v 3.129823 -3.025683 -0.780375
v 3.156023 -3.007342 -0.775397
v 3.161723 -2.986291 -0.746519
v 2.932823 -3.028177 -0.902228
v 2.933423 -2.998520 -0.943468
v 3.045823 -3.030825 -0.932334
v 3.046323 -3.044383 -0.897466
v 3.186023 -3.001599 -0.822241
v 3.168923 -3.003557 -0.797313
v 3.133023 -3.036900 -0.814688
v 3.139423 -3.043031 -0.848604
v 3.324123 -2.922354 -0.635599
v 3.301423 -2.969922 -0.610132
v 3.284823 -2.985330 -0.641284
v 3.309523 -2.944671 -0.687390
v 3.212123 -2.984028 -0.646416
v 3.198923 -2.958071 -0.703199
v 3.230423 -2.967909 -0.707981
v 3.234723 -2.995643 -0.646494
v 3.185923 -2.972038 -0.759009
v 3.209923 -2.967376 -0.775365
v 3.261323 -2.994805 -0.648849
v 3.270723 -2.975654 -0.693708
v 3.425623 -2.621781 -0.936574
v 3.521623 -2.625979 -0.935016
v 3.480723 -2.718835 -0.948758
v 3.379023 -2.693769 -0.956008
v 3.620523 -2.628293 -0.874849
v 3.605023 -2.722115 -0.878930
v 3.477823 -2.834134 -0.755055
v 3.586723 -2.793073 -0.765177
v 3.571223 -2.782952 -0.693264
v 3.478323 -2.821744 -0.692826
v 3.388223 -2.868361 -0.669907
v 3.387423 -2.885272 -0.714771
v 3.489323 -2.801645 -0.918438
v 3.564423 -2.794832 -0.853330
v 3.493523 -2.846201 -0.833092
v 3.467723 -2.849751 -0.888895
v 3.278623 -2.968820 -0.726666
v 3.259123 -2.970504 -0.754411
v 3.301123 -2.955273 -0.790484
v 3.309823 -2.946961 -0.737309
v 3.261623 -2.888720 -1.000258
v 3.188023 -2.834356 -1.020320
v 3.293123 -2.768927 -0.986345
v 3.363223 -2.810456 -0.971643
v 3.082523 -2.876095 -1.050006
v 3.158523 -2.937850 -1.026870
v 3.386523 -2.895485 -0.781680
v 3.363023 -2.907791 -0.744235
v 2.938823 -3.005270 -0.980525
v 3.058323 -3.033333 -0.964836
v 2.947423 -3.025408 -1.019867
v 3.074623 -3.039372 -1.002052
v 3.081223 -3.012603 -1.040155
v 3.192923 -2.985325 -1.006405
v 3.295523 -2.933033 -0.973899
v 3.301723 -2.969124 -0.928828
v 3.194823 -3.021922 -0.976690
v 2.959323 -3.011704 -1.070955
v 3.224223 -2.998014 -0.878428
v 3.153523 -3.044904 -0.910819
v 3.175023 -3.038409 -0.941392
v 3.247023 -2.985182 -0.906026
v 3.145523 -3.047812 -0.883342
v 3.204923 -3.002167 -0.850222
v 3.234423 -2.966558 -0.803064
v 3.258823 -2.968920 -0.836358
v 3.278623 -2.974575 -0.868143
v 3.326423 -2.964312 -0.856925
v 3.393423 -2.857747 -0.945758
v 3.402523 -2.897016 -0.904579
v 3.402023 -2.904756 -0.840722
v 1.298723 -1.550733 -0.357693
v 1.260723 -1.512194 -0.341817
v 1.237323 -1.496569 -0.408619
v 1.278723 -1.579702 -0.424196
v 1.063323 -1.472490 -0.572093
v 1.063023 -1.395856 -0.505307
v 1.190123 -1.561106 -0.521277
v 1.245123 -1.619338 -0.530991
v 1.213823 -1.477432 -0.331571
v 1.153223 -1.444334 -0.325430
v 1.198823 -1.451625 -0.365223
v 1.152623 -1.427995 -0.349617
v 1.028923 -1.305229 -0.487689
v 1.110723 -1.385734 -0.416265
v 1.012423 -1.282802 -0.420667
v 0.959723 -1.206105 -0.483498
v 1.079123 -1.401102 -0.323003
v 1.099523 -1.380995 -0.353381
v 0.977823 -1.361868 -0.334433
v 1.005223 -1.313953 -0.355573
v 1.136023 -1.380094 -0.377370
v 1.053823 -1.271984 -0.369248
v 0.855623 -1.309727 -0.359333
v 0.895023 -1.235106 -0.367793
v 0.761923 -1.245568 -0.361894
v 0.813723 -1.151565 -0.359204
v 0.865023 -1.087823 -0.346063
v 0.839023 -1.073318 -0.407421
v 0.909223 -1.175299 -0.419291
v 0.949123 -1.174408 -0.360840
v 0.866723 -1.100682 -0.470525
v 0.811923 -1.021054 -0.530381
v 0.820423 -0.987525 -0.454495
v 0.748123 -0.890191 -0.512214
v 0.693123 -0.898522 -0.554773
v 0.740823 -0.992629 -0.583112
v 0.640523 -0.709855 -0.555565
v 0.645223 -0.799270 -0.539055
v 0.666123 -0.774401 -0.522375
v 0.652423 -0.684575 -0.539062
v 0.652623 -0.637463 -0.541317
v 0.671823 -0.610403 -0.539836
v 0.663023 -0.629910 -0.569424
v 0.655423 -0.663392 -0.567274
v 0.676923 -0.591489 -0.572087
v 0.697223 -0.548587 -0.574287
v 0.704223 -0.582675 -0.541220
v 0.733723 -0.535021 -0.539036
v 2.242523 0.281888 -0.246271
v 2.086623 0.316873 -0.250136
v 2.109023 0.362779 -0.195765
v 2.262023 0.319538 -0.189477
v 1.973523 0.427513 -0.215021
v 1.950123 0.375804 -0.257510
v 2.125123 0.398980 -0.134749
v 1.972423 0.471308 -0.151958
v 2.274623 0.351689 -0.124290
v 2.126323 0.407920 -0.064908
v 1.992423 0.448701 -0.068535
v 2.272023 0.356794 -0.057378
v 1.769223 0.550294 -0.231685
v 1.730623 0.550189 -0.199035
v 1.812823 0.526146 -0.157868
v 1.871223 0.532726 -0.196750
v 1.753823 0.527893 -0.132924
v 1.689023 0.553141 -0.172418
v 1.796023 0.502874 -0.095620
v 1.868323 0.493541 -0.117602
v 1.891223 0.473450 -0.060076
v 1.815923 0.485651 -0.047743
v 1.648623 0.541067 -0.157797
v 1.707523 0.515537 -0.122026
v 1.660723 0.486904 -0.120594
v 1.607223 0.508582 -0.157292
v 1.693823 0.465102 -0.085206
v 1.743723 0.495937 -0.084906
v 1.759323 0.473773 -0.043329
v 1.704623 0.442069 -0.044180
v 1.140923 0.144721 -0.082896
v 1.118223 0.120164 -0.082629
v 1.134923 0.112608 -0.032184
v 1.154623 0.132737 -0.035515
v 1.099123 0.088700 -0.085870
v 1.110523 0.090241 -0.029985
v 1.163923 0.161849 -0.088006
v 1.177023 0.147697 -0.041252
v 1.212923 0.165428 -0.048129
v 1.201423 0.177395 -0.096914
v 1.270223 0.187296 -0.112062
v 1.276223 0.184551 -0.056527
v 1.345323 0.211748 -0.064253
v 1.342123 0.214057 -0.124321
v 1.556823 0.457522 -0.161178
v 1.599123 0.434458 -0.124762
v 1.533923 0.386811 -0.123640
v 1.504923 0.403668 -0.160118
v 1.542523 0.372039 -0.086839
v 1.620923 0.417479 -0.084484
v 1.464323 0.357403 -0.155210
v 1.436823 0.305388 -0.137615
v 1.486423 0.336418 -0.102945
v 1.491023 0.354701 -0.127821
v 1.623923 0.402397 -0.042392
v 1.542923 0.359494 -0.045300
v 1.485923 0.323968 -0.057895
v 1.442223 0.289488 -0.069526
v 1.394823 0.252839 -0.134876
v 1.398023 0.250256 -0.070117
v 0.988123 -0.189602 -0.464153
v 1.005023 -0.182306 -0.520423
v 0.966823 -0.226397 -0.509878
v 0.949323 -0.235148 -0.466415
v 1.025123 -0.183238 -0.578176
v 1.000223 -0.230620 -0.561012
v 0.959423 -0.243166 -0.567455
v 0.932423 -0.252623 -0.511912
v 0.899323 -0.273374 -0.461938
v 0.934923 -0.246723 -0.391763
v 0.959123 -0.218412 -0.420260
v 0.940223 -0.236417 -0.436137
v 0.910223 -0.262120 -0.421412
v 0.860123 -0.330264 -0.429502
v 0.879423 -0.307632 -0.398528
v 0.835023 -0.398659 -0.402446
v 0.841223 -0.356866 -0.370253
v 0.857423 -0.304909 -0.338868
v 0.906123 -0.286819 -0.362152
v 0.956323 -0.235579 -0.363064
v 0.882623 -0.269908 -0.301863
v 0.959423 -0.254332 -0.292438
v 0.943923 -0.290631 -0.317498
v 0.912123 -0.228472 -0.279006
v 0.976923 -0.218157 -0.333797
v 0.970023 -0.205648 -0.283882
v 0.948123 -0.183485 -0.263755
v 1.001123 -0.139774 -0.254088
v 0.981623 -0.177839 -0.303794
v 1.061423 0.095011 -0.027603
v 1.016123 0.084036 -0.024938
v 1.026623 0.065748 -0.077094
v 1.064523 0.072288 -0.081019
v 0.800523 -0.155772 -0.275157
v 0.863023 -0.188490 -0.286085
v 0.831223 -0.235242 -0.310555
v 0.773723 -0.207541 -0.306331
v 0.750923 -0.278132 -0.339406
v 0.804423 -0.290923 -0.343359
v 0.900223 -0.146092 -0.267680
v 0.837623 -0.116585 -0.253233
v 0.876123 -0.084592 -0.235036
v 0.935923 -0.107715 -0.247306
v 1.034623 0.047226 -0.126960
v 1.001523 0.042150 -0.118943
v 0.991223 0.058468 -0.074214
v 1.003723 0.024847 -0.158820
v 1.033723 0.031666 -0.172646
v 0.958523 0.018306 -0.142875
v 0.955523 0.032459 -0.107388
v 0.947623 0.045182 -0.066276
v 0.885423 0.016687 -0.091181
v 0.883223 0.026772 -0.051224
v 0.891423 0.006662 -0.125324
v 0.806523 -0.008899 -0.124731
v 0.803523 0.004865 -0.077447
v 0.807023 0.015198 -0.036575
v 0.979023 0.070890 -0.021099
v 0.939223 0.053863 -0.014281
v 0.881223 0.037108 -0.003540
v 0.812123 0.025233 0.007686
v 0.963523 -0.072112 -0.230900
v 1.014523 -0.084688 -0.241953
v 0.906823 -0.055535 -0.216308
v 0.931823 -0.027688 -0.197451
v 0.982923 -0.036415 -0.216092
v 1.021423 -0.037953 -0.230907
v 0.815023 -0.075207 -0.215655
v 0.845123 -0.043300 -0.192554
v 0.779223 -0.041314 -0.171702
v 0.770423 -0.067655 -0.199186
v 0.871623 -0.018892 -0.167988
v 0.996023 -0.000774 -0.193474
v 0.954223 -0.001865 -0.174806
v 1.025823 0.003712 -0.208538
v 0.904723 -0.003625 -0.154975
v 1.413523 -0.417582 -0.959600
v 1.431523 -0.462424 -0.996179
v 1.388923 -0.397776 -0.914567
v 1.438623 -0.363124 -0.899019
v 1.477023 -0.396197 -0.950136
v 1.496423 -0.373984 -0.968571
v 1.453423 -0.334452 -0.935408
v 1.319423 -0.416958 -0.845168
v 1.295523 -0.385609 -0.805672
v 1.369023 -0.368016 -0.837600
v 1.362723 -0.393020 -0.870815
v 1.401823 -0.279131 -0.908434
v 1.389723 -0.294342 -0.867552
v 1.352023 -0.211746 -0.887366
v 1.333723 -0.229614 -0.854152
v 1.190723 -0.300112 -0.765415
v 1.139123 -0.262787 -0.745904
v 1.206123 -0.211219 -0.814111
v 1.253423 -0.263429 -0.830886
v 1.165323 -0.160679 -0.818469
v 1.075023 -0.223225 -0.726963
v 1.294223 -0.158531 -0.838077
v 1.260323 -0.088056 -0.830452
v 1.311823 -0.316342 -0.842493
v 1.240123 -0.342919 -0.793961
v 1.272523 -0.452523 -0.822806
v 1.245823 -0.425392 -0.771134
v 1.222823 -0.479942 -0.812989
v 1.204323 -0.472220 -0.749730
v 1.039923 -0.311472 -0.679030
v 0.999323 -0.271411 -0.629208
v 1.027723 -0.249483 -0.625622
v 1.067723 -0.279649 -0.676770
v 1.031123 -0.202267 -0.650209
v 1.194723 -0.384637 -0.750321
v 1.155323 -0.344405 -0.715414
v 1.161523 -0.424248 -0.727293
v 1.116923 -0.387913 -0.701128
v 1.109923 -0.312034 -0.691685
v 1.081723 -0.351442 -0.689280
v 0.805223 -0.347790 -1.005406
v 0.772423 -0.316099 -0.961482
v 0.856223 -0.304345 -0.903797
v 0.903023 -0.341106 -0.938101
v 0.830423 -0.390319 -1.043853
v 0.921123 -0.379535 -0.990132
v 0.739723 0.014055 0.017250
v 0.663423 0.022139 0.026337
v 0.731923 0.009125 -0.025210
v 0.654523 0.018089 -0.015771
v 0.724023 0.001339 -0.070241
v 0.647723 0.006744 -0.063314
v 0.718423 -0.012280 -0.120020
v 0.643223 -0.011404 -0.117866
v 0.770523 -0.104533 -0.231493
v 0.722123 -0.083567 -0.209733
v 0.731023 -0.138641 -0.254623
v 0.652123 -0.109048 -0.229653
v 0.709423 -0.044550 -0.172893
v 0.641023 -0.048825 -0.173444
v 0.708423 -0.194752 -0.292061
v 0.644123 -0.181851 -0.276281
v 0.696823 -0.269408 -0.329280
v 0.640423 -0.255199 -0.318733
v 0.520923 -0.681749 -0.458861
v 0.513623 -0.598484 -0.479838
v 0.551623 -0.617460 -0.489361
v 0.567923 -0.707483 -0.462468
v 0.533023 -0.531188 -0.496640
v 0.500523 -0.517109 -0.487302
v 0.561223 -0.546888 -0.505671
v 0.584423 -0.637341 -0.498838
v 0.610823 -0.730726 -0.464127
v 0.575323 0.037061 -0.002742
v 0.582823 0.043970 0.036729
v 0.487923 0.062229 0.012253
v 0.492823 0.070323 0.048587
v 0.571523 0.017519 -0.048860
v 0.573023 -0.005239 -0.103381
v 0.498023 0.004922 -0.081852
v 0.490223 0.035700 -0.030869
v 0.575123 -0.038497 -0.161621
v 0.579023 -0.091472 -0.213300
v 0.512823 -0.067429 -0.192762
v 0.506423 -0.023568 -0.139412
v 0.582623 -0.158925 -0.258914
v 0.585223 -0.229403 -0.304203
v 0.525823 -0.194017 -0.289213
v 0.519723 -0.127091 -0.241426
v 0.630223 -0.316538 -0.376410
v 0.582123 -0.289572 -0.359608
v 0.575523 -0.339781 -0.410625
v 0.615423 -0.369266 -0.427174
v 0.532823 -0.310696 -0.394100
v 0.531423 -0.257076 -0.343184
v 0.598723 -0.410834 -0.456349
v 0.563323 -0.381280 -0.442701
v 0.549823 -0.419946 -0.466698
v 0.581523 -0.446363 -0.477458
v 0.514023 -0.392278 -0.456767
v 0.525323 -0.351709 -0.429353
v 0.603623 -0.826965 -0.433691
v 0.552623 -0.793269 -0.429217
v 0.549523 -0.836736 -0.353925
v 0.603823 -0.873399 -0.360776
v 0.495623 -0.795087 -0.344980
v 0.501423 -0.754856 -0.421463
v 0.596523 -0.945796 -0.357795
v 0.539323 -0.913734 -0.357925
v 0.524823 -1.001593 -0.400624
v 0.583223 -1.029981 -0.391365
v 0.460523 -0.967265 -0.403526
v 0.478523 -0.876416 -0.357146
v 0.546823 -1.138843 -0.367777
v 0.487723 -1.113902 -0.378039
v 0.426123 -1.079063 -0.381111
v 0.565123 -0.487222 -0.494771
v 0.536023 -0.467377 -0.486399
v 0.503023 -0.447662 -0.479237
v 0.464423 -0.425298 -0.474524
v 0.462123 -0.501780 -0.478794
v 0.472423 -0.359726 -0.449856
v 0.359123 -1.031632 -0.376836
v 0.386323 -0.924954 -0.400752
v 0.407323 -0.831571 -0.358331
v 0.433923 -0.746150 -0.333906
v 0.444723 -0.709683 -0.411109
v 0.467123 -0.651517 -0.453387
v 0.469023 -0.577857 -0.471120
v 0.480623 -0.315744 -0.419137
v 0.483223 -0.272898 -0.382675
v 0.473723 -0.212767 -0.335185
v 0.459423 -0.146215 -0.282713
v 0.447523 -0.083968 -0.231994
v 0.437423 -0.030325 -0.181478
v 0.427023 0.007888 -0.127456
v 0.414123 0.037487 -0.071734
v 0.399723 0.073773 -0.020730
v 0.392023 0.106938 0.021978
v 0.393223 0.115037 0.058212
v 1.177723 0.250962 -0.947671
v 1.163023 0.218880 -0.919795
v 1.158023 0.192195 -0.893407
v 0.841323 0.218558 -0.588650
v 0.878623 0.183578 -0.600310
v 0.822323 0.257603 -0.569439
v 1.352423 0.687413 -0.505651
v 1.368723 0.658850 -0.556805
v 1.368323 0.618530 -0.607343
v 1.303123 0.728414 -0.410196
v 1.329423 0.712441 -0.457408
v 1.268023 0.707716 -0.373140
v 1.231523 0.671594 -0.348105
v 1.148523 0.602332 -0.313087
v 1.190523 0.635228 -0.329195
v 1.068023 0.549401 -0.295245
v 1.109723 0.575003 -0.299659
v 0.978023 0.495694 -0.342960
v 1.020323 0.522190 -0.309557
v 0.906523 0.453859 -0.408713
v 0.940723 0.473854 -0.378896
v 0.856123 0.409993 -0.443132
v 0.879323 0.433305 -0.428947
v 0.835423 0.381238 -0.456733
v 0.823023 0.351887 -0.475577
v 0.815623 0.327914 -0.497313
v 0.813223 0.306683 -0.521393
v 0.814923 0.285323 -0.546682
v 1.146723 0.170810 -0.873721
v 1.122723 0.152836 -0.871266
v 1.139923 -0.097678 -0.838928
v 1.231723 -0.024394 -0.827933
v 1.049223 -0.146941 -0.781004
v 1.027523 -0.066665 -0.834812
v 1.119823 -0.024078 -0.862474
v 1.200423 0.033891 -0.834544
v 1.068223 0.132199 -0.907231
v 0.992123 0.116350 -0.908558
v 1.097023 0.052628 -0.884335
v 1.008923 0.021529 -0.883549
v 1.163223 0.089417 -0.852234
v 1.244123 0.321775 -0.961262
v 1.205023 0.284243 -0.970367
v 0.925323 0.107174 -0.871531
v 0.894223 0.109467 -0.799374
v 0.946523 0.021616 -0.825044
v 0.926123 0.034134 -0.747882
v 0.970823 -0.064232 -0.766754
v 0.960823 -0.042828 -0.689072
v 0.986623 -0.113377 -0.563475
v 0.991023 -0.120079 -0.630480
v 0.995123 -0.105364 -0.508614
v 0.976123 -0.026464 -0.552585
v 0.962923 -0.036399 -0.613969
v 0.998923 -0.143677 -0.704884
v 0.918123 0.118707 -0.712387
v 0.949023 0.136222 -0.638439
v 0.945423 0.042164 -0.664171
v 0.954123 0.050751 -0.595152
v 0.914823 0.156106 -0.606724
v 1.225223 0.077638 -0.883775
v 1.230523 0.105597 -0.909688
v 1.262923 0.050005 -0.909732
v 1.255623 0.021963 -0.884124
v 1.279823 0.083361 -0.937132
v 1.245423 0.138360 -0.937223
v 1.315123 0.021433 -0.936745
v 1.296423 -0.012763 -0.910395
v 1.286323 -0.041005 -0.886502
v 1.195323 0.158957 -0.912579
v 1.191323 0.131239 -0.885651
v 1.209223 0.191643 -0.940520
v 1.314723 -0.134932 -0.873361
v 1.320323 -0.116253 -0.891301
v 1.282023 -0.060629 -0.867816
v 1.253223 0.001788 -0.864568
v 1.223823 0.057310 -0.863326
v 1.331623 -0.089267 -0.914266
v 1.352023 -0.053767 -0.938936
v 0.976523 -0.179057 -0.372081
v 0.976023 -0.126628 -0.415596
v 0.982123 -0.156015 -0.437248
v 0.968923 -0.201557 -0.398439
v 1.189323 0.111217 -0.863581
v 0.996423 -0.079472 -0.471740
v 0.962323 -0.002493 -0.518829
v 0.962423 -0.052279 -0.458832
v 0.928923 0.026197 -0.507536
v 0.903023 0.106394 -0.554837
v 0.937523 0.074798 -0.564397
v 0.983423 -0.142374 -0.343292
v 0.964723 -0.090124 -0.392326
v 0.993723 -0.098686 -0.314393
v 0.960523 -0.049319 -0.363797
v 0.934023 -0.018859 -0.441051
v 0.900523 0.062211 -0.491306
v 0.920523 0.019414 -0.413771
v 0.884223 0.100706 -0.467820
v 0.844823 0.212368 -0.496454
v 0.879723 0.133239 -0.434866
v 0.886023 0.164151 -0.401606
v 0.845023 0.237429 -0.467642
v 0.851223 0.182544 -0.522638
v 0.869323 0.143141 -0.542572
v 1.011323 -0.055439 -0.289928
v 0.972523 -0.008336 -0.329747
v 1.030523 -0.011923 -0.264946
v 0.996623 0.033268 -0.299468
v 0.923923 0.056124 -0.376867
v 0.942223 0.093571 -0.344026
v 1.064023 0.063628 -0.141929
v 1.066623 0.101044 -0.146253
v 1.027323 0.110845 -0.223112
v 1.049623 0.058358 -0.195728
v 1.040423 0.029434 -0.235583
v 1.009023 0.074415 -0.268214
v 0.951423 0.131153 -0.311778
v 0.896123 0.197098 -0.374036
v 0.964223 0.169433 -0.284598
v 0.908023 0.230714 -0.349332
v 0.877123 0.322606 -0.403062
v 0.901223 0.351790 -0.389937
v 0.860623 0.291395 -0.420914
v 0.932123 0.264955 -0.333608
v 0.960023 0.294838 -0.320442
v 0.851223 0.263640 -0.443071
v 1.071623 0.189358 -0.188472
v 1.042323 0.159087 -0.201861
v 1.080823 0.136498 -0.135866
v 1.109023 0.164353 -0.129129
v 0.991123 0.206069 -0.268733
v 1.020123 0.236751 -0.253818
v 0.925523 0.374639 -0.374678
v 0.953923 0.395000 -0.352853
v 0.986123 0.317493 -0.303591
v 1.016623 0.339523 -0.279465
v 1.149923 0.225012 -0.178073
v 1.103323 0.210719 -0.176905
v 1.140523 0.181058 -0.130457
v 1.184523 0.191402 -0.139469
v 1.048923 0.259184 -0.236579
v 1.087323 0.280800 -0.219088
v 0.990423 0.416792 -0.319524
v 1.032123 0.441246 -0.283736
v 1.062223 0.363216 -0.251234
v 1.117223 0.387068 -0.237719
v 1.256023 0.192684 -0.164837
v 1.331823 0.212905 -0.190301
v 1.280923 0.269013 -0.207656
v 1.217723 0.233241 -0.204038
v 1.145723 0.302512 -0.211809
v 1.204923 0.328268 -0.212006
v 1.080923 0.469333 -0.265567
v 1.128223 0.498530 -0.264661
v 1.165023 0.418733 -0.232763
v 1.205623 0.454005 -0.238114
v 1.368123 0.277028 -0.178539
v 1.319823 0.314719 -0.199576
v 1.397023 0.328333 -0.178846
v 1.348723 0.363311 -0.201444
v 1.247823 0.365205 -0.209847
v 1.280323 0.409152 -0.211085
v 1.167623 0.525519 -0.280814
v 1.203223 0.556706 -0.296822
v 1.239723 0.489866 -0.255251
v 1.271423 0.526319 -0.275659
v 1.425523 0.381892 -0.183429
v 1.373923 0.417750 -0.207377
v 1.458023 0.434920 -0.192650
v 1.399423 0.471377 -0.218267
v 1.308223 0.458081 -0.220446
v 1.336923 0.501021 -0.245584
v 1.241623 0.593032 -0.311627
v 1.279223 0.631859 -0.326387
v 1.304923 0.565469 -0.290800
v 1.337723 0.604321 -0.304256
v 1.458423 0.557794 -0.243467
v 1.428823 0.517850 -0.231878
v 1.496123 0.487304 -0.197702
v 1.534323 0.532954 -0.200644
v 1.366423 0.542149 -0.263715
v 1.395223 0.580519 -0.277499
v 1.347523 0.694614 -0.376911
v 1.313123 0.669105 -0.346648
v 1.368223 0.639560 -0.321028
v 1.400323 0.665294 -0.344867
v 1.517523 0.613764 -0.272150
v 1.486923 0.589629 -0.255130
v 1.568323 0.566382 -0.205301
v 1.603223 0.586036 -0.221081
v 1.423223 0.613439 -0.292304
v 1.453423 0.638923 -0.311850
v 1.374223 0.678096 -0.421651
v 1.394523 0.650545 -0.466135
v 1.428423 0.652425 -0.385187
v 1.447723 0.624987 -0.424755
v 1.573523 0.585933 -0.340992
v 1.549023 0.606393 -0.307140
v 1.636823 0.577475 -0.252835
v 1.665623 0.565924 -0.284863
v 1.483323 0.630294 -0.349317
v 1.504323 0.604954 -0.385357
v 1.465423 0.571362 -0.503018
v 1.412023 0.587760 -0.559056
v 1.409123 0.624250 -0.511546
v 1.461123 0.602430 -0.462135
v 1.518923 0.586316 -0.416097
v 1.591623 0.572945 -0.368997
v 1.603223 0.557448 -0.402058
v 1.525123 0.562257 -0.450059
v 1.889723 0.506647 -0.245856
v 1.877123 0.464466 -0.278272
v 1.805923 0.520652 -0.308946
v 1.798923 0.551447 -0.273689
v 1.688423 0.559711 -0.315678
v 1.705823 0.548052 -0.354425
v 2.095323 0.352392 -0.302553
v 2.236823 0.297811 -0.301035
v 2.238723 0.337633 -0.355104
v 2.103323 0.391670 -0.352446
v 1.958823 0.381382 -0.304966
v 1.938023 0.438688 -0.371936
v 1.832123 0.432833 -0.355750
v 1.756823 0.410700 -0.326692
v 1.785723 0.460507 -0.315066
v 1.857623 0.401183 -0.290686
v 1.319923 0.207914 -0.942974
v 1.279023 0.175496 -0.953884
v 1.242423 0.228207 -0.961121
v 1.282423 0.263591 -0.951240
v 1.298023 0.383404 -0.913685
v 1.272423 0.352753 -0.939417
v 1.302123 0.435281 -0.814088
v 1.315623 0.415105 -0.873366
v 1.350223 0.567118 -0.656627
v 1.337023 0.507036 -0.711827
v 1.309223 0.467932 -0.764298
v 1.444123 0.467818 -0.596118
v 1.390023 0.483517 -0.652198
v 1.401123 0.537393 -0.609081
v 1.456623 0.521519 -0.550006
v 1.726823 0.434306 -0.437503
v 1.677423 0.422336 -0.381807
v 1.780823 0.462493 -0.482736
v 1.646623 0.462396 -0.585617
v 1.610523 0.426180 -0.528132
v 1.580323 0.456029 -0.464682
v 1.536323 0.471216 -0.666239
v 1.516823 0.418608 -0.599095
v 1.454923 0.440710 -0.648189
v 1.462123 0.477097 -0.705163
v 1.503723 0.462944 -0.533296
v 1.689323 0.493289 -0.366941
v 1.594023 0.515145 -0.432378
v 1.515123 0.516210 -0.488311
v 1.513523 -0.048525 -0.960066
v 1.480523 -0.110198 -0.982904
v 1.429123 -0.071332 -0.972619
v 1.466323 -0.019248 -0.962262
v 1.567423 -0.052573 -0.979937
v 1.537123 -0.145608 -0.985475
v 1.537523 0.015937 -0.983245
v 1.521023 -0.000719 -0.941646
v 1.508923 0.043060 -0.938285
v 1.519623 0.062696 -0.970895
v 1.480223 0.016250 -0.945763
v 1.485023 0.041023 -0.934298
v 1.387523 -0.008249 -0.961919
v 1.427523 0.033576 -0.954266
v 1.350423 0.061974 -0.955110
v 1.391223 0.095696 -0.944224
v 1.314723 0.121607 -0.952226
v 1.355723 0.152869 -0.940382
v 1.315323 0.287741 -0.927390
v 1.357023 0.224271 -0.919480
v 1.347223 0.306578 -0.898341
v 1.400723 0.235262 -0.891591
v 1.449923 0.056260 -0.939618
v 1.467823 0.069306 -0.928037
v 1.421223 0.108638 -0.929143
v 1.451623 0.115883 -0.915998
v 1.391223 0.164562 -0.921067
v 1.425523 0.167957 -0.902036
v 1.357123 -0.584293 -1.022535
v 1.295123 -0.558510 -1.011211
v 1.312423 -0.540893 -1.009280
v 1.363223 -0.539664 -1.020026
v 1.815623 -0.837901 -1.036656
v 1.817423 -0.770114 -1.024180
v 1.673823 -0.809447 -1.089887
v 1.674323 -0.745178 -1.065195
v 1.504023 -0.609518 -1.031422
v 1.422823 -0.596834 -1.030780
v 1.434023 -0.527813 -1.034259
v 1.524623 -0.531961 -1.040411
v 1.629423 -0.573291 -1.027401
v 1.608423 -0.633250 -1.021289
v 1.740223 -0.622122 -0.990587
v 1.723923 -0.661583 -0.990690
v 1.538023 -0.804893 -1.128387
v 1.541323 -0.731811 -1.105383
v 1.548823 -0.704308 -1.065210
v 1.680023 -0.719698 -1.031551
v 1.437623 -0.683008 -1.092013
v 1.457623 -0.667894 -1.064384
v 1.564623 -0.691854 -1.036635
v 1.692423 -0.708039 -1.008231
v 1.583523 -0.672667 -1.015279
v 1.479323 -0.651342 -1.039075
v 1.705823 -0.691179 -0.989916
v 0.721223 -0.496929 -0.573772
v 0.739223 -0.442887 -0.572918
v 0.765623 -0.472794 -0.525682
v 0.786123 -0.406545 -0.510891
v 0.752723 -0.398956 -0.584173
v 0.774523 -0.365528 -0.607663
v 0.804223 -0.358671 -0.517609
v 0.828623 -0.326218 -0.541557
v 0.889823 -0.278248 -0.620192
v 0.829723 -0.311191 -0.682119
v 0.800723 -0.334353 -0.640600
v 0.858423 -0.298238 -0.574680
v 0.887723 -0.280980 -0.544322
v 0.921323 -0.260844 -0.592329
v 0.858023 -0.307638 -0.508115
v 0.872823 -0.299722 -0.492727
v 0.905123 -0.272760 -0.530719
v 0.936423 -0.255074 -0.581373
v 0.883723 -0.291431 -0.478620
v 0.914823 -0.266384 -0.519828
v 0.946723 -0.249674 -0.572643
v 0.860223 -0.304271 -0.737109
v 0.924623 -0.294660 -0.680452
v 0.961123 -0.307783 -0.740420
v 0.897323 -0.300510 -0.792885
v 0.957523 -0.283611 -0.655264
v 0.975823 -0.278768 -0.643862
v 1.014023 -0.309983 -0.701081
v 0.995923 -0.309230 -0.713959
v 0.985023 -0.275782 -0.636676
v 1.028023 -0.311576 -0.690957
v 1.148423 -0.440122 -0.793332
v 1.167323 -0.452594 -0.777032
v 1.187323 -0.466769 -0.822436
v 1.169123 -0.457641 -0.832922
v 1.199323 -0.482596 -0.873847
v 1.178723 -0.476257 -0.881190
v 1.014523 -0.408250 -0.925597
v 1.034923 -0.430364 -0.970564
v 1.005823 -0.383760 -0.887003
v 1.096223 -0.439423 -0.873828
v 1.082823 -0.415563 -0.838175
v 1.114823 -0.448614 -0.922247
v 1.124223 -0.433146 -0.809853
v 1.145123 -0.449590 -0.847276
v 1.156223 -0.465968 -0.894412
v 1.099723 -0.549035 -1.096203
v 1.061723 -0.507695 -1.051114
v 1.132523 -0.514472 -1.019155
v 1.178523 -0.556275 -1.064872
v 1.047523 -0.462401 -1.013707
v 1.121723 -0.472034 -0.974002
v 1.949023 -0.691718 -0.941264
v 1.844823 -0.683001 -0.963594
v 1.851523 -0.650638 -0.944873
v 1.954323 -0.659946 -0.929590
v 1.947523 -0.732552 -0.967592
v 1.830623 -0.721445 -0.993087
v 1.837323 -0.705555 -0.977033
v 1.946823 -0.714994 -0.952642
v 1.823123 -0.737071 -1.008525
v 1.946623 -0.752475 -0.979775
v 3.039123 -0.509917 -0.742317
v 3.112823 -0.554182 -0.742500
v 3.081123 -0.593135 -0.655325
v 3.006323 -0.544219 -0.654169
v 3.162523 -0.638141 -0.658256
v 3.191723 -0.596438 -0.741064
v 3.053623 -0.639795 -0.544258
v 2.951823 -0.603076 -0.589793
v 3.024923 -0.717957 -0.614038
v 2.957923 -0.680535 -0.620165
v 2.083623 -0.676854 -0.732842
v 2.102923 -0.696200 -0.754908
v 2.061923 -0.705088 -0.763942
v 2.030923 -0.692627 -0.732061
v 2.161123 -0.659808 -0.734851
v 2.179923 -0.683285 -0.751349
v 2.701223 -0.786587 -0.761193
v 2.815923 -0.769091 -0.721204
v 2.569923 -0.816105 -0.804589
v 2.552623 -0.754489 -0.758516
v 2.694523 -0.717139 -0.735998
v 2.831423 -0.682281 -0.687982
v 2.901123 -0.713855 -0.668792
v 2.914523 -0.667125 -0.642220
v 2.889823 -0.633477 -0.640353
v 2.854623 -0.601232 -0.638469
v 2.816023 -0.567886 -0.643431
v 2.851423 -0.508848 -0.599512
v 2.898023 -0.547459 -0.588446
v 2.791023 -0.642195 -0.681432
v 2.761323 -0.615506 -0.680473
v 2.891723 -0.784620 -0.698872
v 2.578323 -0.568571 -0.684842
v 2.607523 -0.602778 -0.690848
v 2.478623 -0.639407 -0.700001
v 2.464423 -0.608195 -0.695873
v 2.779423 -0.533667 -0.654754
v 2.732223 -0.588212 -0.681282
v 2.806723 -0.471136 -0.614036
v 2.631623 -0.631431 -0.695929
v 2.654023 -0.655065 -0.708028
v 2.515723 -0.688024 -0.733695
v 2.496323 -0.664564 -0.716898
v 2.306823 -0.636350 -0.723162
v 2.320523 -0.667391 -0.725076
v 2.025723 -0.689936 -0.855214
v 2.042323 -0.694886 -0.806520
v 2.062123 -0.719550 -0.824990
v 2.037223 -0.711575 -0.870602
v 2.094923 -0.719925 -0.791154
v 2.090923 -0.738326 -0.846522
v 2.133023 -0.737347 -0.818718
v 2.054423 -0.729997 -0.887907
v 2.677823 -0.677339 -0.724556
v 2.535123 -0.714171 -0.743938
v 2.169723 -0.758872 -0.842915
v 2.117823 -0.760207 -0.864630
v 2.067223 -0.755258 -0.899601
v 2.001723 -0.692103 -0.900417
v 1.995823 -0.664913 -0.880597
v 2.015523 -0.665672 -0.838469
v 2.013523 -0.733236 -0.928465
v 2.005023 -0.715420 -0.912799
v 2.030923 -0.671744 -0.791143
v 2.390523 -0.748929 -0.762798
v 2.365823 -0.723029 -0.751768
v 2.419123 -0.775897 -0.800136
v 2.312323 -0.787115 -0.837854
v 2.276223 -0.757343 -0.807365
v 2.241323 -0.733953 -0.787667
v 2.018823 -0.755549 -0.939185
v 2.341823 -0.690999 -0.744487
v 2.208123 -0.705954 -0.771405
v 2.281023 -0.858560 -0.864869
v 2.251623 -0.791608 -0.856949
v 2.339523 -0.852353 -0.847678
v 2.212523 -0.758790 -0.828886
v 2.173623 -0.734694 -0.805841
v 2.442023 -0.839344 -0.826883
v 2.135623 -0.708384 -0.784670
v 2.363623 0.249931 -0.295920
v 2.465323 0.200314 -0.285097
v 2.450123 0.199754 -0.354348
v 2.358323 0.274953 -0.357265
v 2.378923 0.253063 -0.241545
v 2.489123 0.224186 -0.234217
v 2.547223 0.168440 -0.269330
v 2.616923 0.137840 -0.253088
v 2.587723 0.089435 -0.317822
v 2.543823 0.178276 -0.333065
v 2.567823 0.193367 -0.222796
v 2.621523 0.148499 -0.205785
v 2.672523 0.083029 -0.237359
v 2.679923 0.107778 -0.196345
v 2.694223 0.109103 -0.297841
v 2.914523 0.005137 -0.071822
v 2.811123 0.122219 -0.068084
v 2.574623 0.209835 -0.170346
v 2.632023 0.173130 -0.164478
v 2.498623 0.242682 -0.175338
v 2.505323 0.250216 -0.112291
v 2.582823 0.220050 -0.113753
v 2.644023 0.191117 -0.115745
v 2.684823 0.129427 -0.155412
v 2.700823 0.154922 -0.113453
v 2.395623 0.284859 -0.183992
v 2.403723 0.301784 -0.117090
v 2.407823 0.299089 -0.053839
v 2.520923 0.246645 -0.052898
v 2.605023 0.225968 -0.055609
v 2.673923 0.216218 -0.061889
v 2.733523 0.182381 -0.063967
v 0.807023 -0.923700 -0.439345
v 0.748223 -0.836965 -0.493977
v 0.814223 -1.010842 -0.388042
v 0.797723 -0.977481 -0.369264
v 0.789523 -0.893564 -0.423660
v 0.747023 -0.803783 -0.482421
v 0.604423 -1.164038 -0.361736
v 0.639023 -1.055591 -0.379940
v 0.685823 -1.076604 -0.370049
v 0.652523 -1.184630 -0.357330
v 0.659223 -0.855639 -0.431560
v 0.652623 -0.753557 -0.464260
v 0.688223 -0.772735 -0.463477
v 0.668123 -0.900513 -0.349339
v 0.706323 -0.869768 -0.417761
v 0.730823 -0.921636 -0.335848
v 0.745523 -0.880548 -0.414986
v 0.724523 -0.782672 -0.466563
v 0.770423 -0.949106 -0.350877
v 0.769223 -1.117712 -0.360832
v 0.723323 -1.220587 -0.360834
v 0.705423 -1.210445 -0.357838
v 0.745323 -1.104612 -0.362170
v 0.656823 -0.973891 -0.348419
v 0.712123 -0.997969 -0.337505
v 0.683323 -1.199475 -0.356996
v 0.719623 -1.092381 -0.365762
v 0.753423 -1.015764 -0.327827
v 0.793623 -1.029819 -0.318732
v 0.830223 -1.042492 -0.321275
v 0.607923 -0.590261 -0.522831
v 0.637023 -0.683366 -0.511745
v 0.614323 -0.660575 -0.507508
v 0.587323 -0.567298 -0.514678
v 0.632223 -0.636767 -0.532662
v 0.667223 -0.722912 -0.518965
v 0.653623 -0.702205 -0.513347
v 0.621023 -0.613376 -0.528390
v 0.644723 -0.611880 -0.533411
v 0.666123 -0.583463 -0.527743
v 0.641423 -0.661354 -0.533598
v 0.636523 -0.585112 -0.526938
v 0.658823 -0.556823 -0.519074
v 0.668823 -0.750289 -0.520164
v 0.634723 -0.502833 -0.500191
v 0.612823 -0.534336 -0.513052
v 0.591523 -0.510016 -0.504117
v 0.610923 -0.474437 -0.489015
v 0.626723 -0.559343 -0.520523
v 0.649623 -0.530307 -0.510011
v 0.783623 -0.356997 -0.390295
v 0.730423 -0.355309 -0.400313
v 0.769323 -0.410488 -0.440001
v 0.707323 -0.441385 -0.466649
v 0.634123 -0.445198 -0.471680
v 0.664323 -0.479369 -0.486900
v 0.657923 -0.404048 -0.445634
v 0.679223 -0.340144 -0.392415
v 1.081423 -0.376679 -0.747652
v 1.117323 -0.410622 -0.766765
v 1.096523 -0.401551 -0.786570
v 1.062623 -0.368565 -0.768214
v 1.063723 -0.390468 -0.813369
v 1.028423 -0.359229 -0.801125
v 1.063523 -0.348486 -0.715853
v 1.096623 -0.387288 -0.727236
v 1.048823 -0.342003 -0.730800
v 0.934123 -0.315195 -0.836416
v 0.968923 -0.344810 -0.857580
v 0.995823 -0.329872 -0.778974
v 1.030423 -0.336883 -0.748131
v 1.011923 -0.372303 -0.853377
v 1.134323 -0.423198 -0.746965
v 1.401423 -0.630011 -1.044139
v 1.336423 -0.605584 -1.033596
v 1.376723 -0.641417 -1.066643
v 1.311723 -0.605751 -1.054741
v 1.162823 -0.484286 -0.949475
v 1.183423 -0.498450 -0.935077
v 1.173723 -0.522609 -0.998194
v 1.195223 -0.538604 -0.981599
v 1.353523 -0.650998 -1.091244
v 1.287323 -0.606099 -1.076198
v 1.219723 -0.567447 -1.039981
v 1.246723 -0.568798 -1.025435
v 1.273523 -0.566715 -1.014796
v 1.221723 -0.542764 -0.972125
v 1.204723 -0.508389 -0.926141
v 0.831923 -0.344805 -0.480637
v 0.843123 -0.342625 -0.463080
v 0.813223 -0.399443 -0.474715
v 0.826723 -0.404614 -0.453080
v 0.683923 -0.508511 -0.500724
v 0.695223 -0.533543 -0.511202
v 0.726923 -0.482281 -0.486769
v 0.739823 -0.505368 -0.496233
v 0.774323 -0.443732 -0.459073
v 0.790923 -0.464980 -0.467427
v 0.836223 -0.411317 -0.427528
v 0.851223 -0.339379 -0.448366
v 0.789223 -0.466940 -0.493886
v 0.749923 -0.526297 -0.511780
v 0.701723 -0.557282 -0.521505
v 4.862823 -1.836964 0.580504
v 4.897423 -1.767893 0.586445
v 4.930623 -1.855851 0.701408
v 4.947723 -1.707592 0.583057
v 5.003023 -1.660898 0.579376
v 5.060123 -1.623744 0.579544
v 5.112923 -1.572929 0.604752
v 5.175623 -1.562878 0.583602
v 4.849723 -1.904201 0.563753
v 4.722523 -1.907753 0.266339
v 5.045323 -2.310539 0.422302
v 4.977923 -2.276782 0.480571
v 4.931923 -2.205401 0.335589
v 5.003523 -2.242288 0.262312
v 5.332623 -1.876233 0.481144
v 5.297423 -1.767219 0.316123
v 5.270823 -1.707697 0.365481
v 5.310224 -1.835533 0.276670
v 5.218224 -1.624741 0.473204
v 5.243023 -1.661293 0.418178
v 5.217823 -1.574653 0.533129
v 5.305423 -1.902115 0.252143
v 5.062223 -1.869231 -0.092826
v 5.091923 -2.203236 0.221421
v 5.129223 -2.283573 0.394528
v 4.978823 -2.002156 1.081118
v 5.027823 -1.971273 1.097749
v 5.077623 -1.938822 1.118377
v 5.134023 -1.946082 1.112344
v 4.938823 -1.940924 0.820147
v 4.823423 -2.198136 1.015071
v 4.989023 -2.346306 0.629768
v 4.941823 -2.283119 0.681544
v 5.054223 -2.380629 0.584589
v 4.906323 -2.205700 0.729743
v 5.200723 -2.016650 1.060037
v 5.221823 -2.063130 1.025766
v 5.182723 -1.966888 1.094700
v 5.337624 -1.982793 0.647009
v 5.268423 -2.295411 0.915826
v 5.133623 -2.360100 0.565855
v 5.208723 -2.309888 0.563681
v 5.274223 -2.242925 0.567995
v 4.625923 -2.197213 1.535712
v 4.518323 -2.218253 1.630044
v 4.564923 -2.209199 1.660224
v 4.674323 -2.184084 1.563024
v 4.613423 -2.215125 1.687926
v 4.724623 -2.186125 1.587647
v 4.660923 -2.237144 1.708175
v 4.773823 -2.205150 1.604666
v 4.734923 -2.200718 1.287184
v 4.483523 -2.359713 1.446979
v 4.377723 -2.361033 1.527839
v 4.519823 -2.639242 1.398185
v 4.577724 -2.695787 1.409305
v 4.678224 -2.443800 1.216379
v 4.759624 -2.371490 1.705031
v 4.877723 -2.336886 1.592859
v 4.853323 -2.285423 1.605283
v 4.737023 -2.320198 1.715241
v 4.818123 -2.239647 1.610463
v 4.703523 -2.273642 1.717361
v 5.122823 -2.340587 1.289426
v 4.731823 -2.579267 1.638594
v 4.866223 -2.553682 1.528199
v 4.652623 -2.709881 1.437931
v 5.022324 -2.556304 1.206298
v 4.265323 -2.351198 1.602941
v 4.241423 -2.404162 1.580212
v 4.229723 -2.470472 1.563014
v 4.498223 -2.235396 1.782805
v 4.544323 -2.259551 1.807037
v 4.451923 -2.226658 1.751561
v 4.111323 -2.272683 1.802062
v 4.408023 -2.232320 1.718174
v 3.996523 -2.598519 1.693765
v 4.044223 -2.659830 1.712720
v 4.602823 -2.601437 1.743680
v 4.559123 -2.645976 1.717336
v 4.502723 -2.683376 1.685399
v 4.620023 -2.345497 1.822448
v 4.586423 -2.297609 1.820639
v 4.402323 -2.514610 1.965123
v 4.642023 -2.397927 1.814575
v 4.102823 -2.694021 1.750990
v 2.229123 0.265554 0.310825
v 2.358123 0.218163 0.304149
v 2.460923 0.168156 0.290808
v 1.596023 -0.301014 0.955264
v 1.546723 -0.247101 0.954909
v 1.619323 -0.213245 0.930944
v 1.573523 -0.154396 0.957523
v 1.492923 -0.208239 0.954977
v 1.524923 -0.143411 0.935827
v 1.418323 0.367795 0.734713
v 1.354423 0.346098 0.691173
v 1.382823 0.343374 0.660662
v 1.406123 0.327928 0.750113
v 1.340223 0.298098 0.720622
v 1.424223 0.258947 0.764913
v 1.505623 -0.006334 0.911083
v 1.516123 0.010997 0.947056
v 1.518723 -0.049292 0.919391
v 1.531123 -0.033899 0.954249
v 1.532523 -0.092417 0.920276
v 1.547923 -0.083152 0.963991
v 3.074323 -0.666498 0.565575
v 3.001823 -0.617568 0.575046
v 3.105223 -0.638247 0.659784
v 3.033623 -0.593780 0.668493
v 2.977323 -0.554704 0.673482
v 2.946623 -0.574410 0.582176
v 2.612623 0.107846 0.253225
v 2.543623 0.137931 0.273214
v 2.669223 0.055892 0.230354
v 1.930323 -0.437617 -0.896161
v 1.984923 -0.358903 -0.854697
v 1.840023 -0.383155 -0.950476
v 1.876923 -0.288824 -0.871136
v 2.709423 -0.318771 -0.662127
v 2.795123 -0.376927 -0.657713
v 2.581223 -0.259037 -0.674663
v 2.730523 -0.295250 -0.733777
v 2.595823 -0.230983 -0.746749
v 2.819223 -0.353848 -0.732093
v 3.239123 -0.671287 -0.667005
v 3.318723 -0.699659 -0.678580
v 3.264523 -0.631148 -0.740187
v 3.340123 -0.663756 -0.739289
v 3.667123 -0.825212 -0.755036
v 3.711623 -0.801306 -0.691032
v 3.614723 -0.792813 -0.700954
v 3.689123 -0.741669 -0.710486
v 3.688423 -0.760348 -0.615414
v 3.727623 -0.716851 -0.579815
v 3.743823 -0.704055 -0.671925
v 3.774823 -0.670895 -0.624009
v 3.762923 -0.670235 -0.523900
v 3.760723 -0.633128 -0.474951
v 3.792723 -0.627213 -0.565861
v 3.769123 -0.582601 -0.515071
v 3.715723 -0.615391 -0.437352
v 3.620323 -0.615449 -0.403798
v 3.716623 -0.571064 -0.489655
v 3.629723 -0.571905 -0.461556
v 3.290123 -0.539430 -0.283658
v 3.463423 -0.615230 -0.350996
v 3.472523 -0.570916 -0.408207
v 3.295223 -0.504206 -0.341301
v 3.130823 -0.371756 -0.302306
v 3.124623 -0.401018 -0.242111
v 1.401123 0.421276 -0.672163
v 1.372123 0.422895 -0.708431
v 1.434323 0.442465 -0.729625
v 1.417723 0.401351 -0.751161
v 1.376623 0.323953 -0.854553
v 1.431123 0.235524 -0.851507
v 1.361423 0.331124 -0.788722
v 1.472823 0.211608 -0.754237
v 1.435423 0.334876 -0.774078
v 1.357623 0.373857 -0.736640
v 2.854023 -0.422594 -0.654472
v 2.901923 -0.462101 -0.652074
v 2.881323 -0.398630 -0.733709
v 2.931223 -0.435244 -0.736250
v 2.981123 -0.471406 -0.739666
v 2.950023 -0.501557 -0.652276
v 2.215123 -0.195923 -0.736486
v 2.188423 -0.085353 -0.748154
v 2.404323 -0.150441 -0.763979
v 2.400623 -0.193452 -0.677642
v 2.085223 -0.265372 -0.813069
v 2.024023 -0.178182 -0.813783
v 1.679123 -0.175790 -0.950676
v 1.655823 -0.256039 -0.995034
v 1.590523 -0.195718 -0.990206
v 1.616223 -0.112585 -0.959203
v 1.748123 -0.319404 -0.988921
v 1.760623 -0.240487 -0.926911
v 3.604723 -0.742848 -0.736599
v 3.563723 -0.771039 -0.687861
v 3.497423 -0.754046 -0.688971
v 3.519223 -0.726692 -0.733651
v 3.410923 -0.729264 -0.686221
v 3.428423 -0.698084 -0.736387
v 1.499023 0.083851 -0.930091
v 1.509823 0.108204 -0.959420
v 1.503123 0.148427 -0.931225
v 1.487123 0.117211 -0.897589
v 1.461123 0.173731 -0.882566
v 1.495123 0.184264 -0.872534
v 2.472813 -3.206114 0.239733
v 1.482113 0.341504 -0.910161
v 1.504501 0.318785 -0.978262
v 1.522450 0.282010 -1.013162
v 1.543785 0.236150 -1.033765
v 1.575657 0.184411 -1.052192
v 1.617898 0.102462 -1.062278
v 1.677740 0.021481 -1.055314
v 1.751480 -0.057970 -1.064013
v 1.838658 -0.143382 -1.050590
v 1.958081 -0.224046 -0.991092
v 2.119162 -0.141571 -0.877524
v 2.294645 -0.084176 -0.756356
v 2.529616 -0.178261 -0.759622
v 1.488599 0.446904 -0.873782
v 1.524057 0.442860 -0.935247
v 1.552244 0.415927 -0.967755
v 1.585690 0.378722 -0.990788
v 1.630642 0.329719 -1.010596
v 1.684029 0.251307 -1.033486
v 1.753934 0.167490 -1.046142
v 1.836925 0.092384 -1.074955
v 1.925568 0.005318 -1.079448
v 2.041561 -0.095951 -1.034532
v 2.210830 -0.084629 -0.893101
v 2.388823 -0.100566 -0.748628
v 2.625398 -0.215413 -0.750058
v 1.510158 0.485313 -0.841372
v 1.549969 0.480012 -0.890435
v 1.584841 0.452730 -0.911792
v 1.629422 0.417245 -0.926958
v 1.685666 0.365829 -0.937790
v 1.748808 0.290589 -0.955547
v 1.827594 0.209574 -0.972525
v 1.915518 0.140227 -1.007431
v 2.003307 0.060008 -1.017185
v 2.117360 -0.040228 -0.982364
v 2.298200 -0.072376 -0.865278
v 2.481664 -0.128865 -0.744526
v 2.704088 -0.256461 -0.749043
v 1.546098 0.517893 -0.788564
v 1.593341 0.511361 -0.820827
v 1.637755 0.482316 -0.831645
v 1.696539 0.445292 -0.839810
v 1.766704 0.389851 -0.844177
v 1.843830 0.319117 -0.858709
v 1.934526 0.244676 -0.879627
v 2.030452 0.185797 -0.916208
v 2.118882 0.116104 -0.930899
v 2.228327 0.018524 -0.911108
v 2.401623 -0.064839 -0.825123
v 2.571960 -0.166633 -0.736876
v 2.774343 -0.298149 -0.744219
v 1.629372 0.514650 -0.712000
v 1.684165 0.504745 -0.728756
v 1.737323 0.469271 -0.733369
v 1.808984 0.425486 -0.737219
v 1.891407 0.361153 -0.740528
v 1.983016 0.289488 -0.756038
v 2.086837 0.220342 -0.780854
v 2.192738 0.172769 -0.815226
v 2.282142 0.113530 -0.833963
v 2.383361 0.020793 -0.830631
v 2.531524 -0.092517 -0.774204
v 2.672204 -0.219419 -0.719526
v 2.848593 -0.344330 -0.733380
v 1.747306 0.514772 -0.630930
v 1.806951 0.498895 -0.645400
v 1.865966 0.452973 -0.647491
v 1.947939 0.400589 -0.650033
v 2.038878 0.322108 -0.654020
v 2.140060 0.238322 -0.676118
v 2.252581 0.163725 -0.714752
v 2.364768 0.118898 -0.763550
v 2.452327 0.062886 -0.792612
v 2.543933 -0.026712 -0.798523
v 2.672796 -0.135902 -0.746724
v 2.788523 -0.260195 -0.698504
v 2.935122 -0.382478 -0.724842
v 1.886252 0.517625 -0.528548
v 1.949143 0.493479 -0.540693
v 2.013006 0.436163 -0.540465
v 2.104424 0.374205 -0.542805
v 2.202603 0.280719 -0.548636
v 2.311597 0.184490 -0.577901
v 2.430787 0.103903 -0.631558
v 2.547239 0.060625 -0.695528
v 2.632296 0.008080 -0.734740
v 2.715081 -0.077072 -0.750605
v 2.827253 -0.184276 -0.711896
v 2.920726 -0.306928 -0.677152
v 3.037083 -0.427674 -0.715652
v 2.038154 0.482572 -0.425555
v 2.102593 0.448405 -0.438282
v 2.172192 0.381508 -0.438901
v 2.272758 0.310023 -0.447134
v 2.378709 0.205025 -0.458121
v 2.493526 0.099904 -0.494326
v 2.613587 0.014722 -0.560230
v 2.726170 -0.029554 -0.636811
v 2.805088 -0.077880 -0.683319
v 2.879378 -0.154128 -0.707245
v 2.978777 -0.256224 -0.691087
v 3.055309 -0.370380 -0.674358
v 3.141401 -0.482046 -0.716071
v 2.189258 0.415625 -0.417272
v 2.254524 0.373196 -0.430077
v 2.330670 0.301521 -0.430192
v 2.438383 0.223433 -0.444109
v 2.552276 0.112937 -0.456053
v 2.671617 0.002168 -0.492828
v 2.788052 -0.089260 -0.562343
v 2.890078 -0.140465 -0.644926
v 2.959947 -0.186996 -0.693161
v 3.025291 -0.252890 -0.718084
v 3.110765 -0.342918 -0.714611
v 3.172250 -0.439729 -0.703356
v 3.232589 -0.536443 -0.732012
v 2.323492 0.355051 -0.414981
v 2.391105 0.306169 -0.424165
v 2.471703 0.227912 -0.422389
v 2.585908 0.142883 -0.436756
v 2.705685 0.024665 -0.448621
v 2.830978 -0.091579 -0.486219
v 2.950642 -0.184764 -0.558724
v 3.052888 -0.234735 -0.643311
v 3.119668 -0.276065 -0.692122
v 3.177727 -0.332770 -0.718669
v 3.246031 -0.415215 -0.721800
v 3.287966 -0.501286 -0.715525
v 3.326504 -0.584026 -0.737232
v 2.447537 0.289478 -0.404032
v 2.517205 0.233241 -0.409275
v 2.600463 0.146053 -0.406759
v 2.720783 0.052352 -0.420033
v 2.845391 -0.075622 -0.433114
v 2.978110 -0.197291 -0.471748
v 3.106500 -0.288683 -0.545039
v 3.216421 -0.332376 -0.626732
v 3.284553 -0.366120 -0.673660
v 3.337956 -0.413087 -0.701374
v 3.390376 -0.488268 -0.711899
v 3.413245 -0.564356 -0.714140
v 3.432582 -0.632466 -0.733808
v 2.542358 0.223741 -0.401585
v 2.618538 0.166930 -0.399617
v 2.711437 0.078101 -0.388418
v 2.845088 -0.012557 -0.396095
v 2.982522 -0.142696 -0.402473
v 3.127354 -0.264937 -0.440457
v 3.263400 -0.353971 -0.523463
v 3.376835 -0.390106 -0.617553
v 3.444520 -0.415778 -0.670508
v 3.493714 -0.453891 -0.701609
v 3.533825 -0.524094 -0.716199
v 3.540528 -0.597843 -0.721075
v 3.540448 -0.662743 -0.736715
v 2.648430 0.209446 -0.357002
v 2.724885 0.142137 -0.347201
v 2.816899 0.038325 -0.331402
v 2.956739 -0.063032 -0.330022
v 3.096440 -0.209609 -0.335416
v 3.249879 -0.340247 -0.374453
v 3.402044 -0.423667 -0.462093
v 3.534000 -0.444364 -0.554544
v 3.609419 -0.457812 -0.605879
v 3.657729 -0.485384 -0.639877
v 3.683222 -0.552335 -0.671022
v 3.669645 -0.623504 -0.698040
v 3.648178 -0.682388 -0.725794
v 1.513808 0.030980 0.913983
v 1.528667 -0.001130 0.912901
v 1.547426 -0.067673 0.893267
v 1.574584 -0.116047 0.859181
v 1.617737 -0.162212 0.831881
v 1.691738 -0.219719 0.794819
v 1.796438 -0.261927 0.730236
v 1.928136 -0.187580 0.668946
v 2.075548 -0.125127 0.602870
v 2.256411 -0.185262 0.603116
v 2.424870 -0.251967 0.568929
v 2.560976 -0.309423 0.548935
v 2.666371 -0.358677 0.534056
v 2.746478 -0.397406 0.522810
v 2.810485 -0.430437 0.514312
v 2.866307 -0.464509 0.508106
v 2.921371 -0.504062 0.502537
v 2.989339 -0.546306 0.494053
v 3.062274 -0.594374 0.487087
v 3.136649 -0.646939 0.485094
v 3.223783 -0.698849 0.484702
v 3.325901 -0.751301 0.484910
v 3.430600 -0.795515 0.485513
v 3.528564 -0.819809 0.486020
v 3.617782 -0.816103 0.459944
v 3.647638 -0.861560 0.421646
v 1.492836 0.091028 0.835738
v 1.505683 0.074661 0.821847
v 1.517285 0.011281 0.789120
v 1.526675 -0.028260 0.747953
v 1.554022 -0.060184 0.705298
v 1.620732 -0.111751 0.661488
v 1.716616 -0.152438 0.594597
v 1.837793 -0.122846 0.523929
v 1.971202 -0.100648 0.455368
v 2.115032 -0.153672 0.452143
v 2.259783 -0.209222 0.413633
v 2.397040 -0.260179 0.396285
v 2.519708 -0.299652 0.375052
v 2.618620 -0.331731 0.356527
v 2.697741 -0.360565 0.342416
v 2.760175 -0.391687 0.333544
v 2.812957 -0.430931 0.328997
v 2.876314 -0.470076 0.322496
v 2.944450 -0.521956 0.322419
v 3.021931 -0.588716 0.332680
v 3.123144 -0.655218 0.345965
v 3.242994 -0.720468 0.362663
v 3.366947 -0.774525 0.379360
v 3.485920 -0.799941 0.389955
v 3.594807 -0.793359 0.372017
v 3.649189 -0.817969 0.342850
v 1.444781 0.151228 0.668868
v 1.459027 0.159965 0.644806
v 1.472966 0.120252 0.578974
v 1.470900 0.111924 0.521387
v 1.488603 0.117388 0.463628
v 1.554166 0.088813 0.411587
v 1.645785 0.072517 0.353027
v 1.755239 0.079718 0.305515
v 1.872656 0.079920 0.266488
v 1.981389 0.024226 0.262939
v 2.106073 -0.014132 0.230888
v 2.246171 -0.065026 0.226921
v 2.388449 -0.096261 0.216777
v 2.508499 -0.121839 0.205686
v 2.604905 -0.146857 0.195914
v 2.676188 -0.176337 0.187191
v 2.729371 -0.217837 0.177865
v 2.790354 -0.256959 0.170454
v 2.856329 -0.320148 0.166557
v 2.939944 -0.415766 0.170301
v 3.057292 -0.516578 0.184750
v 3.195693 -0.619140 0.210362
v 3.338412 -0.708427 0.242445
v 3.475943 -0.756406 0.277903
v 3.600271 -0.754619 0.299738
v 3.679612 -0.754525 0.294550
v 1.289023 0.386754 0.847361
v 1.153723 0.177710 0.918284
v 0.783423 0.131884 0.668886
v 1.276973 0.569095 0.581197
v 1.139323 0.133457 0.878485
v 0.826423 0.105493 0.674806
v 1.263273 0.606686 0.526748
v 0.742623 0.189698 0.629191
v 1.240223 0.286448 0.940517
v 0.873523 0.087788 0.672669
v 1.279823 0.351979 0.887901
v 1.279673 0.473447 0.694910
v 0.756873 0.165202 0.651550
v 1.195223 0.648354 0.428261
v 1.113723 0.634569 0.351326
v 1.028873 0.557640 0.318732
v 0.945873 0.489366 0.308581
v 0.867623 0.428910 0.342912
v 0.812473 0.378247 0.428201
v 0.770573 0.334646 0.492065
v 0.738973 0.280810 0.531391
v 0.729373 0.228568 0.577722
v 1.118123 0.115958 0.878814
v 1.077573 0.093754 0.923645
v 1.278873 0.524047 0.636413
v 1.072623 0.596205 0.331604
v 0.985273 0.521667 0.310368
v 0.907073 0.459448 0.316599
v 0.753973 0.310050 0.512715
v 0.730473 0.251760 0.552833
v 0.734023 0.208976 0.603573
v 1.008573 0.072240 0.936111
v 1.206023 0.247534 0.953318
v 0.914623 0.075054 0.696867
v 1.261873 0.319085 0.915980
v 1.145273 0.151766 0.895131
v 1.232373 0.630399 0.474943
v 1.155873 0.657410 0.383864
v 0.837523 0.401197 0.385166
v 0.789423 0.356813 0.465013
v 0.900523 0.055530 0.771255
v 0.896123 0.047062 0.855304
v 1.269073 0.408185 0.793470
v 1.266223 0.437105 0.745125
v 1.171923 0.210171 0.940466
v 0.941273 0.053670 0.915342
v 0.734248 -1.366664 0.520118
v 0.807873 -1.149943 0.661479
v 0.964098 -1.084382 0.935697
v 0.838723 -0.381775 0.891393
v 0.581273 -0.713998 0.425364
v 0.649273 -1.079285 0.350623
v 0.649098 -1.163167 0.344443
v 0.674648 -1.359396 0.413761
v 0.785998 -1.240483 0.608106
v 0.853873 -1.107023 0.760077
v 1.029873 -0.977428 1.054014
v 0.619973 -0.612815 0.522859
v 0.900523 -0.466790 0.965434
v 0.605023 -0.644489 0.491508
v 0.906498 -1.123466 0.849870
v 1.046923 -0.913319 1.096853
v 0.579123 -0.844467 0.346893
v 0.642048 -1.002049 0.356564
v 0.665523 -0.497956 0.613040
v 0.763873 -0.372406 0.788515
v 0.648198 -1.256191 0.350275
v 0.773873 -1.320801 0.589362
v 0.795723 -1.188152 0.630948
v 0.824398 -1.121596 0.701351
v 0.592173 -0.676872 0.458988
v 0.573598 -0.764630 0.386293
v 0.607298 -0.931722 0.338437
v 0.637148 -0.576767 0.553515
v 0.653023 -0.537795 0.582989
v 0.685523 -0.463791 0.649771
v 0.708423 -0.428614 0.690192
v 0.731023 -0.391051 0.734760
v 0.800948 -0.369117 0.843225
v 0.942448 -0.553876 1.022650
v 0.960748 -0.604548 1.041676
v 0.988573 -0.651770 1.072373
v 1.016798 -0.705030 1.101414
v 1.039223 -0.770132 1.120122
v 0.881223 -0.423342 0.923047
v 0.924498 -0.506884 0.999728
v 1.050798 -0.841817 1.120766
v 1.002748 -1.031295 1.000455
v 1.225073 0.353093 -0.965792
v 1.285323 0.475256 -0.821067
v 1.291973 0.504845 -0.771156
v 1.185873 0.316427 -0.973445
v 1.295823 0.451728 -0.878688
v 0.801523 0.287280 -0.588740
v 0.978073 0.158194 -0.919235
v 1.277973 0.416997 -0.918583
v 1.157523 0.284046 -0.953300
v 1.253073 0.384690 -0.944262
v 1.140573 0.253165 -0.927958
v 1.314623 0.540589 -0.722037
v 1.328223 0.590197 -0.670154
v 1.346173 0.639221 -0.622011
v 0.894973 0.194709 -0.632215
v 0.928773 0.176338 -0.664092
v 0.858623 0.219014 -0.623031
v 0.899823 0.156079 -0.734794
v 0.880073 0.145624 -0.818146
v 0.913823 0.146439 -0.886064
v 1.049823 0.173118 -0.920066
v 1.099273 0.192463 -0.882573
v 1.121623 0.207988 -0.886824
v 1.133773 0.228071 -0.903080
v 0.793123 0.335172 -0.539211
v 0.794423 0.314142 -0.565032
v 0.803823 0.379780 -0.491777
v 0.795573 0.355995 -0.514153
v 0.840323 0.436549 -0.462164
v 0.819023 0.408446 -0.474926
v 0.863123 0.460046 -0.447719
v 0.889273 0.481088 -0.427256
v 0.921423 0.501455 -0.397818
v 0.956523 0.523383 -0.362528
v 0.996773 0.549474 -0.329049
v 1.042723 0.576419 -0.312749
v 1.084123 0.602165 -0.313648
v 1.123523 0.629514 -0.323970
v 1.207523 0.693087 -0.361925
v 1.166123 0.660063 -0.341066
v 1.279673 0.743079 -0.426318
v 1.244823 0.726020 -0.388098
v 1.306473 0.728819 -0.472829
v 1.330373 0.706125 -0.520735
v 1.347173 0.678563 -0.571880
v 0.820773 0.250486 -0.609622
v 0.759973 -0.361952 -1.032178
v 0.784773 -0.404739 -1.068786
v 0.808923 -0.445693 -1.105038
v 0.727523 -0.333611 -0.987498
v 0.691273 -0.328345 -0.936203
v 0.897823 -0.624456 -1.241150
v 0.915273 -0.685093 -1.274846
v 0.923073 -0.754260 -1.293714
v 0.848023 -0.537300 -1.160728
v 0.875873 -0.573475 -1.205064
v 0.827423 -0.492807 -1.131031
v 0.656573 -0.341735 -0.884496
v 0.628823 -0.376995 -0.839928
v 0.612073 -0.424293 -0.808784
v 0.592923 -0.463440 -0.778267
v 0.576873 -0.500784 -0.752051
v 0.561273 -0.535879 -0.728308
v 0.544223 -0.566819 -0.704523
v 0.528123 -0.596698 -0.682629
v 0.536123 -1.028720 -0.708582
v 0.532373 -0.955428 -0.692578
v 0.505473 -0.901568 -0.652617
v 0.539473 -1.122815 -0.728556
v 0.541873 -1.223929 -0.755251
v 0.492273 -0.829544 -0.632931
v 0.491123 -0.758957 -0.632361
v 0.495773 -0.705293 -0.637889
v 0.504223 -0.662621 -0.648167
v 0.515073 -0.627708 -0.663656
v 0.918123 -0.823430 -1.288541
v 0.903673 -0.886897 -1.266106
v 0.883073 -0.943563 -1.234058
v 0.850923 -1.000866 -1.191980
v 0.795523 -1.039731 -1.120877
v 0.747173 -1.020971 -1.039093
v 0.718123 -1.047128 -0.996897
v 0.700173 -1.077662 -0.970634
v 0.685523 -1.115397 -0.955710
v 0.674573 -1.167836 -0.954869
v 0.662423 -1.247752 -0.965500
v 0.623873 -1.298240 -0.915761
v 0.568123 -1.309772 -0.826432
v 0.309823 -0.951634 -0.122535
v 0.374223 -0.388548 0.317470
v 0.348323 -0.098833 0.266538
v 0.331523 0.104630 0.148859
v 0.322273 -0.999462 -0.373654
v 0.412073 -0.681081 -0.406032
v 0.299273 -1.034125 -0.197075
v 0.368323 -0.438962 0.315375
v 0.351373 -0.164004 0.284716
v 0.333773 0.055997 0.172863
v 0.346073 -0.896453 -0.399938
v 0.358023 -0.766149 0.023687
v 0.435123 -0.629537 -0.450700
v 0.442773 -0.184579 -0.332436
v 0.388823 0.030924 -0.123105
v 0.346623 0.140002 0.062977
v 0.365573 -0.740471 0.108780
v 0.424823 -0.117625 -0.279138
v 0.374023 0.059906 -0.067970
v 0.349373 -0.557635 0.279740
v 0.357623 -0.237128 0.299274
v 0.341273 0.001376 0.202476
v 0.339273 0.127023 0.121369
v 0.368523 -0.802354 -0.361181
v 0.367973 -0.316495 0.311815
v 0.345923 -0.045955 0.237624
v 0.347373 0.134675 0.093268
v 0.398623 -0.716747 -0.331386
v 0.357573 -0.488430 0.305672
v 0.366423 -0.766795 -0.078375
v 0.361823 -0.687926 0.173807
v 0.446623 -0.337030 -0.448279
v 0.453923 -0.291209 -0.416451
v 0.411173 -0.057072 -0.227717
v 0.357073 0.097393 -0.016945
v 0.335423 -0.853156 -0.104709
v 0.455273 -0.246869 -0.379851
v 0.400523 -0.005287 -0.177110
v 0.346873 0.131835 0.026188
v 0.440473 -0.560430 -0.468498
v 0.436473 -0.486308 -0.476136
v 0.303523 -1.061958 -0.295868
v 0.439373 -0.406889 -0.474149
v 0.351123 -0.626978 0.229608
v 1.130673 0.282833 0.947518
v 1.108923 0.253046 0.932705
v 1.088923 0.215429 0.901056
v 0.714673 0.214556 0.693201
v 1.081024 0.207480 0.906616
v 1.229273 0.482964 0.792582
v 1.222173 0.506652 0.743781
v 1.227173 0.537273 0.697188
v 1.227123 0.573676 0.645925
v 1.224223 0.612308 0.594241
v 1.236673 0.420699 0.887861
v 1.243273 0.456967 0.844904
v 1.199373 0.354120 0.942970
v 1.220323 0.386604 0.917622
v 0.835323 0.164366 0.724977
v 0.786173 0.171043 0.724716
v 0.872223 0.151470 0.753673
v 0.865773 0.128358 0.819186
v 0.871373 0.118508 0.892586
v 0.916723 0.130337 0.945567
v 0.978823 0.155871 0.959430
v 1.165323 0.317356 0.955847
v 1.039773 0.179533 0.949644
v 1.070973 0.200078 0.905768
v 1.097473 0.231212 0.912947
v 0.699623 0.236197 0.667420
v 0.690123 0.254381 0.639083
v 0.685623 0.273784 0.610466
v 0.691273 0.297704 0.585118
v 0.704223 0.325569 0.565110
v 0.718923 0.353199 0.545689
v 0.749223 0.400229 0.495999
v 0.733423 0.377581 0.523574
v 0.767573 0.422248 0.460323
v 0.787523 0.445416 0.419555
v 0.812823 0.472716 0.379229
v 0.848023 0.502671 0.351730
v 0.923773 0.564491 0.336061
v 0.884423 0.532896 0.338471
v 1.012773 0.629325 0.357931
v 0.968173 0.596081 0.344869
v 1.098773 0.679892 0.407967
v 1.055773 0.662254 0.376384
v 1.139623 0.676533 0.448290
v 1.178473 0.665061 0.492045
v 1.210073 0.645281 0.541675
v 0.742023 0.187722 0.715273
vn -0.3262 -0.6439 0.6921
vn -0.3349 -0.7253 0.6015
vn 0.2838 -0.8950 0.3441
vn 0.3263 -0.8029 0.4989
vn 0.3510 -0.6728 0.6513
vn -0.2847 -0.5590 0.7787
vn -0.2203 -0.1653 0.9613
vn -0.2357 -0.4011 0.8852
vn 0.4017 -0.4438 0.8011
vn 0.4291 -0.1091 0.8966
vn -0.2308 -0.6186 0.7511
vn 0.0836 -0.6551 0.7509
vn -0.0202 -0.6021 0.7982
vn -0.2218 -0.5950 0.7725
vn 0.1472 -0.6191 0.7714
vn 0.2298 -0.6739 0.7022
vn 0.1177 -0.6296 0.7679
vn -0.0919 -0.6308 0.7705
vn -0.2293 -0.6255 0.7458
vn 0.2073 -0.7358 0.6447
vn 0.1300 -0.6614 0.7386
vn 0.0680 -0.7363 0.6732
vn 0.1063 -0.8113 0.5749
vn 0.0596 -0.6292 0.7750
vn 0.1288 -0.6012 0.7887
vn 0.1385 -0.8513 0.5061
vn 0.1140 -0.8009 0.5879
vn 0.1917 -0.8539 0.4838
vn 0.2343 -0.8818 0.4093
vn 0.1707 -0.7922 0.5859
vn 0.1028 -0.7034 0.7034
vn -0.0722 -0.9763 0.2038
vn 0.1755 -0.9654 0.1930
vn 0.1372 -0.7936 0.5928
vn -0.0823 -0.7913 0.6059
vn 0.2983 -0.7823 0.5468
vn 0.3351 -0.9196 0.2052
vn 0.2212 -0.9409 0.2564
vn 0.3076 -0.8155 0.4903
vn 0.1317 -0.8685 0.4778
vn 0.1137 -0.9645 0.2383
vn 0.2144 -0.9596 0.1822
vn 0.1904 -0.8916 0.4108
vn 0.2597 -0.9101 0.3228
vn 0.2411 -0.9582 0.1540
vn -0.2911 -0.6254 0.7240
vn -0.2987 -0.6302 0.7167
vn -0.3309 -0.6676 0.6669
vn -0.3493 -0.6852 0.6391
vn -0.4185 -0.6587 0.6253
vn -0.4394 -0.7096 0.5509
vn -0.3692 -0.8633 0.3441
vn -0.3173 -0.6106 0.7256
vn -0.3162 -0.7246 0.6123
vn -0.2793 -0.9331 0.2265
vn -0.2658 -0.5855 0.7659
vn -0.2873 -0.5733 0.7674
vn -0.4223 -0.4518 0.7858
vn -0.3684 -0.5100 0.7773
vn -0.7499 -0.3524 0.5599
vn -0.6446 -0.4929 0.5844
vn -0.2578 -0.6016 0.7560
vn -0.3063 -0.6012 0.7381
vn -0.1321 -0.8326 -0.5379
vn -0.0855 -0.9255 -0.3689
vn 0.1370 -0.9835 -0.1183
vn 0.0467 -0.9824 -0.1808
vn -0.0452 -0.9869 -0.1552
vn 0.1347 -0.9908 0.0158
vn -0.2106 -0.8697 -0.4463
vn -0.0851 -0.9467 -0.3108
vn -0.2332 -0.7257 -0.6473
vn -0.3433 -0.9365 -0.0718
vn -0.2523 -0.9632 -0.0925
vn -0.0943 -0.9916 -0.0884
vn 0.0218 -0.9742 -0.2245
vn 0.0353 -0.9578 -0.2853
vn -0.1422 -0.7484 -0.6478
vn -0.1822 -0.7628 -0.6204
vn -0.2087 -0.6630 -0.7190
vn -0.1218 -0.7786 -0.6156
vn -0.1560 -0.9805 -0.1199
vn -0.2728 -0.9584 -0.0843
vn -0.2205 -0.7505 -0.6230
vn -0.1697 -0.7647 -0.6216
vn -0.0160 -0.9290 -0.3696
vn -0.1390 -0.9018 -0.4091
vn -0.0703 -0.9057 -0.4181
vn -0.1995 -0.9382 -0.2828
vn -0.1087 -0.9891 -0.0997
vn -0.0211 -0.9939 -0.1085
vn -0.3669 -0.6674 -0.6480
vn -0.2656 -0.6908 -0.6725
vn -0.3181 -0.8795 -0.3540
vn -0.3666 -0.8799 -0.3021
vn -0.6075 -0.5806 -0.5421
vn -0.4670 -0.6389 -0.6113
vn -0.4883 -0.8275 -0.2773
vn -0.7315 -0.6119 -0.3009
vn -0.5556 -0.8103 0.1866
vn -0.7847 -0.6170 0.0594
vn -0.2613 -0.9203 -0.2912
vn -0.3113 -0.8810 -0.3562
vn -0.2030 -0.9771 -0.0631
vn -0.1949 -0.9765 -0.0919
vn -0.4432 -0.8958 0.0320
vn -0.2656 -0.9637 -0.0267
vn -0.3505 -0.8358 -0.4226
vn -0.4362 -0.7563 -0.4876
vn -0.8327 -0.4775 0.2802
vn -0.5858 -0.6863 0.4311
vn -0.9380 -0.2976 0.1778
vn -0.7467 -0.5957 0.2960
vn -0.6924 -0.6282 0.3548
vn -0.8212 -0.5681 -0.0536
vn -0.2739 -0.4972 0.8233
vn 0.4429 -0.4533 0.7735
vn -0.3938 -0.7245 0.5657
vn -0.6960 -0.7177 0.0218
vn -0.1741 -0.7974 0.5778
vn 0.2805 -0.6122 0.7393
vn -0.0325 -0.9048 0.4245
vn -0.4959 -0.8503 0.1762
vn 0.6537 -0.4164 0.6319
vn 0.5335 -0.3971 0.7468
vn 0.4500 -0.6789 0.5802
vn 0.5199 -0.6302 0.5767
vn 0.3835 -0.6330 0.6725
vn 0.4815 -0.3775 0.7910
vn 0.0004 -0.9650 0.2622
vn 0.0615 -0.9611 0.2691
vn -0.9682 -0.1810 0.1724
vn -0.9613 -0.2346 0.1447
vn -0.8634 -0.3483 0.3649
vn -0.6968 -0.4455 0.5621
vn 0.6517 -0.3725 0.6607
vn 0.5423 -0.5181 0.6614
vn 0.6970 -0.3520 0.6248
vn 0.6861 -0.3733 0.6245
vn 0.1479 -0.5073 0.8490
vn 0.3941 -0.4943 0.7748
vn 0.4625 -0.5156 0.7213
vn 0.4082 -0.5342 0.7402
vn 0.5989 -0.5017 0.6242
vn 0.3421 -0.8123 0.4723
vn 0.3119 -0.7628 0.5664
vn 0.2572 -0.7506 0.6087
vn 0.6528 -0.5360 0.5353
vn 0.5931 -0.5665 0.5721
vn 0.4728 -0.8036 0.3615
vn 0.4113 -0.8347 0.3662
vn -0.2594 -0.9060 0.3346
vn 0.3487 -0.8492 0.3965
vn 0.4895 -0.6024 0.6304
vn -0.4533 -0.6749 0.5822
vn 0.0621 -0.9845 0.1640
vn 0.0203 -0.9665 0.2557
vn -0.1122 -0.9870 0.1150
vn 0.1625 -0.9861 0.0343
vn -0.2225 -0.9651 0.1379
vn 0.0268 -0.9227 0.3846
vn -0.7825 -0.3117 0.5391
vn -0.9452 -0.2620 0.1948
vn -0.6466 -0.6848 0.3360
vn -0.6645 -0.5002 0.5552
vn 0.3824 -0.9140 0.1357
vn 0.2535 -0.9549 0.1548
vn 0.3039 -0.9499 0.0734
vn 0.3642 -0.9300 -0.0491
vn 0.0468 -0.9471 0.3175
vn -0.1880 -0.8898 0.4159
vn 0.2416 -0.9356 0.2573
vn 0.3203 -0.9291 0.1847
vn 0.0643 -0.9605 0.2709
vn 0.2551 -0.9040 0.3431
vn 0.0568 -0.9838 0.1698
vn -0.4691 -0.4120 0.7812
vn -0.5188 -0.4000 0.7556
vn -0.4756 -0.4832 0.7351
vn -0.4236 -0.4191 0.8031
vn 0.2216 -0.9578 0.1830
vn -0.0086 -0.9999 0.0129
vn 0.0094 -0.9956 0.0930
vn 0.2939 -0.9507 0.0988
vn -0.2056 -0.8836 0.4206
vn -0.1350 -0.8226 0.5524
vn -0.0126 -0.8771 0.4801
vn 0.1788 -0.8554 0.4861
vn 0.2129 -0.6924 0.6894
vn 0.0556 -0.6931 0.7187
vn -0.4006 -0.4479 0.7993
vn -0.2541 -0.5594 0.7890
vn -0.4587 -0.4991 0.7351
vn -0.3050 -0.5682 0.7643
vn -0.0903 -0.9444 0.3160
vn -0.1463 -0.9761 0.1606
vn -0.0731 -0.9476 0.3109
vn -0.0182 -0.8469 0.5314
vn -0.1903 -0.8459 0.4983
vn -0.3344 -0.8810 0.3346
vn -0.0829 -0.6243 0.7768
vn 0.1438 -0.6428 0.7525
vn 0.1757 -0.5701 0.8026
vn -0.0892 -0.5943 0.7993
vn 0.1133 -0.7863 0.6074
vn 0.1167 -0.6164 0.7788
vn 0.0919 -0.8887 0.4491
vn 0.1548 -0.8667 0.4742
vn 0.1207 -0.8294 0.5454
vn 0.1973 -0.5796 0.7907
vn 0.1825 -0.7109 0.6792
vn -0.0168 -0.8125 0.5827
vn 0.1581 -0.6159 0.7718
vn 0.0844 -0.5810 0.8095
vn 0.1292 -0.5894 0.7974
vn 0.1663 -0.6135 0.7720
vn 0.0915 -0.5689 0.8173
vn 0.1166 -0.6940 0.7105
vn 0.0284 -0.5946 0.8035
vn 0.1025 -0.5381 0.8366
vn -0.9195 0.3922 -0.0251
vn -0.9110 0.4121 -0.0141
vn -0.5252 0.6926 -0.4944
vn -0.4904 0.6739 -0.5526
vn -0.9601 0.2632 -0.0949
vn -0.9349 0.3482 -0.0687
vn -0.5091 0.6456 -0.5692
vn -0.6360 0.4595 -0.6200
vn -0.9611 -0.2112 -0.1781
vn -0.9650 0.0090 -0.2621
vn -0.7340 0.0271 -0.6786
vn -0.6652 -0.3502 -0.6595
vn -0.9549 -0.2542 -0.1535
vn -0.9773 -0.0703 -0.1999
vn -0.6773 0.0276 -0.7351
vn -0.6899 -0.2802 -0.6675
vn -0.9786 -0.0492 -0.1998
vn -0.9177 -0.3241 -0.2298
vn -0.7013 -0.2146 -0.6798
vn -0.6722 0.0160 -0.7402
vn -0.6483 -0.2960 -0.7015
vn -0.4658 -0.8257 -0.3183
vn -0.4640 -0.8348 -0.2963
vn -0.5660 -0.7767 -0.2765
vn -0.6707 -0.2614 -0.6941
vn -0.7824 -0.3417 -0.5207
vn -0.6990 -0.0828 -0.7103
vn -0.6313 0.0447 -0.7743
vn -0.7007 -0.1020 -0.7061
vn 0.2329 0.0433 0.9715
vn 0.3281 -0.1058 0.9387
vn 0.2734 -0.4310 0.8599
vn 0.1487 -0.3961 0.9061
vn -0.6830 -0.3035 0.6644
vn -0.6280 -0.2864 0.7236
vn -0.4129 -0.0828 0.9070
vn -0.5143 -0.1411 0.8459
vn -0.2337 -0.1120 0.9658
vn -0.4710 -0.3551 0.8075
vn 0.0677 0.1325 0.9889
vn -0.1055 0.0910 0.9902
vn -0.2444 0.0104 0.9696
vn -0.6833 -0.2800 0.6743
vn -0.6775 -0.3150 0.6647
vn -0.5704 -0.2109 0.7938
vn -0.6118 -0.2535 0.7493
vn -0.3755 -0.1098 0.9203
vn -0.4695 -0.1933 0.8615
vn -0.7101 0.6381 0.2976
vn -0.1585 0.9866 -0.0389
vn -0.3655 0.8959 -0.2524
vn -0.8198 0.5283 0.2209
vn -0.3452 0.3702 0.8624
vn -0.3160 0.2352 0.9191
vn 0.3706 0.5325 0.7610
vn 0.3983 0.6752 0.6209
vn -0.2574 0.0837 0.9627
vn 0.3978 0.2337 0.8872
vn 0.3185 0.5712 0.7565
vn 0.3484 0.4807 0.8047
vn 0.3528 0.2282 0.9074
vn 0.2814 0.3218 0.9040
vn 0.3530 0.4778 0.8044
vn -0.4372 0.3831 0.8137
vn -0.2750 0.3797 0.8833
vn -0.3967 0.6771 0.6198
vn -0.4923 0.6476 0.5816
vn -0.2732 0.6438 0.7148
vn -0.1875 0.4127 0.8914
vn -0.4136 0.8093 0.4170
vn -0.4517 0.8556 0.2529
vn -0.3962 0.8899 0.2262
vn -0.2547 -0.5163 0.8177
vn 0.0343 -0.1934 0.9805
vn 0.0703 -0.5140 0.8549
vn 0.3331 -0.2051 0.9203
vn 0.5036 0.0804 0.8602
vn 0.2987 0.1282 0.9457
vn 0.5577 0.5129 0.6526
vn 0.4559 0.2795 0.8450
vn 0.5738 0.2298 0.7861
vn 0.3580 0.4236 0.8321
vn 0.2942 0.2612 0.9194
vn 0.5629 0.4728 0.6780
vn 0.0678 -0.0687 0.9953
vn -0.2915 -0.5139 0.8068
vn -0.5033 -0.3794 0.7764
vn -0.1888 0.1222 0.9744
vn -0.0821 -0.6118 0.7868
vn 0.1842 -0.3038 0.9348
vn 0.0303 -0.6174 0.7860
vn 0.2818 -0.2513 0.9260
vn 0.4026 -0.0842 0.9115
vn 0.1824 0.0216 0.9830
vn 0.0535 -0.1166 0.9917
vn 0.2060 0.1197 0.9712
vn 0.4985 0.1439 0.8549
vn -0.2135 -0.6729 0.7082
vn 0.1863 0.7025 0.6869
vn -0.1808 -0.0003 0.9835
vn -0.3035 -0.7078 0.6379
vn -0.3494 -0.7453 0.5679
vn -0.2679 -0.0541 0.9619
vn 0.2805 0.0703 0.9573
vn 0.2615 0.0994 0.9601
vn 0.2662 0.0437 0.9629
vn -0.4121 -0.7766 0.4765
vn -0.3061 -0.1140 0.9452
vn 0.2346 -0.1055 0.9664
vn -0.2803 -0.6300 0.7242
vn -0.2415 -0.6205 0.7461
vn 0.0865 -0.0724 0.9936
vn 0.1125 0.2039 0.9725
vn -0.0809 0.2598 0.9623
vn 0.0594 -0.0539 0.9968
vn 0.1507 0.0031 0.9886
vn 0.0976 0.0268 0.9949
vn 0.0577 -0.0378 0.9976
vn 0.1386 -0.0081 0.9903
vn 0.1228 -0.0706 0.9899
vn 0.0656 -0.0282 0.9974
vn 0.1505 -0.0029 0.9886
vn 0.0893 0.0156 0.9959
vn 0.2798 0.0647 0.9579
vn 0.3697 -0.3066 0.8771
vn 0.2037 -0.5520 0.8086
vn 0.2790 -0.4043 0.8710
vn 0.5180 -0.1071 0.8487
vn 0.5756 -0.1424 0.8052
vn 0.4825 -0.0769 0.8725
vn 0.5199 0.0912 0.8494
vn 0.5023 -0.0828 0.8607
vn 0.9019 -0.2589 0.3459
vn 0.8483 -0.3952 0.3524
vn 0.7414 -0.3027 0.5989
vn 0.8050 -0.1906 0.5619
vn 0.8402 -0.3798 0.3870
vn 0.6977 -0.2824 0.6584
vn 0.3978 0.0367 0.9167
vn 0.5572 0.0002 0.8304
vn 0.3587 0.1079 0.9272
vn 0.2374 0.1365 0.9618
vn 0.0759 0.4363 0.8966
vn 0.4207 0.1771 0.8897
vn 0.4160 0.0010 0.9094
vn 0.6598 -0.2238 0.7173
vn 0.8259 -0.3586 0.4351
vn 0.8413 -0.3189 0.4364
vn 0.6721 -0.1601 0.7229
vn 0.6753 -0.3155 0.6667
vn 0.7394 -0.5003 0.4506
vn 0.3658 -0.2634 0.8927
vn 0.4083 -0.0757 0.9097
vn 0.1716 -0.0458 0.9841
vn 0.1564 -0.1370 0.9781
vn 0.7887 -0.5452 0.2841
vn 0.3139 -0.5097 0.8010
vn 0.9090 -0.4036 0.1039
vn 0.5861 -0.4955 0.6411
vn -0.0399 -0.1324 0.9904
vn -0.1957 -0.1226 0.9730
vn -0.1502 -0.0812 0.9853
vn 0.1514 -0.1398 0.9785
vn 0.0814 -0.1370 0.9872
vn 0.1872 -0.1396 0.9724
vn 0.1386 -0.0961 0.9857
vn 0.1484 -0.1311 0.9802
vn 0.1136 -0.0509 0.9922
vn 0.0826 -0.0879 0.9927
vn 0.9087 -0.4143 0.0516
vn 0.9037 -0.4223 0.0704
vn 0.7936 -0.4095 0.4499
vn 0.8573 -0.2857 0.4283
vn -0.1537 0.0087 0.9881
vn -0.1736 -0.0608 0.9829
vn 0.0252 -0.1322 0.9909
vn 0.1560 -0.0514 0.9864
vn 0.0880 -0.0468 0.9950
vn 0.1158 -0.1440 0.9828
vn 0.0958 -0.0248 0.9951
vn 0.0548 -0.0534 0.9971
vn 0.1115 -0.0528 0.9924
vn 0.0547 -0.0677 0.9962
vn 0.9696 -0.1864 0.1586
vn 0.9130 -0.3958 0.0987
vn 0.8454 -0.1688 0.5068
vn 0.7644 -0.1280 0.6319
vn -0.0795 0.0583 0.9951
vn -0.1383 0.0519 0.9890
vn 0.2185 0.0680 0.9735
vn 0.1258 0.2540 0.9590
vn 0.0844 0.0272 0.9961
vn 0.0752 0.0236 0.9969
vn 0.1018 -0.6249 0.7740
vn 0.1550 -0.6381 0.7542
vn -0.0366 -0.7982 0.6013
vn 0.0840 -0.8349 0.5439
vn -0.1469 -0.6554 0.7409
vn 0.0177 -0.6528 0.7573
vn -0.1381 -0.7309 0.6683
vn -0.2257 -0.6978 0.6798
vn 0.0391 -0.8794 0.4745
vn -0.0768 -0.8533 0.5158
vn 0.1489 -0.6356 0.7575
vn 0.0700 -0.6710 0.7381
vn 0.0216 -0.8086 0.5880
vn -0.0459 -0.8739 0.4839
vn -0.0772 -0.8533 0.5157
vn -0.0541 -0.8165 0.5747
vn 0.2907 -0.2690 0.9182
vn 0.2245 -0.3688 0.9020
vn 0.3274 -0.1319 0.9356
vn 0.1453 -0.5200 0.8417
vn 0.2282 -0.3940 0.8903
vn 0.3996 0.2445 0.8835
vn 0.3956 0.0552 0.9168
vn 0.2866 -0.1304 0.9491
vn 0.0190 -0.7551 0.6554
vn 0.0896 -0.7415 0.6650
vn 0.1152 -0.7022 0.7026
vn 0.1504 -0.6439 0.7502
vn 0.2843 -0.3239 0.9024
vn 0.3171 -0.0712 0.9457
vn 0.2953 -0.0573 0.9537
vn 0.3012 -0.3123 0.9010
vn 0.2865 0.3504 0.8917
vn 0.3332 0.3412 0.8790
vn -0.1122 -0.6485 0.7529
vn -0.1760 -0.7268 0.6639
vn -0.0731 -0.6852 0.7246
vn 0.0189 -0.6046 0.7963
vn 0.1954 -0.4734 0.8589
vn 0.0752 -0.6467 0.7590
vn 0.3024 -0.6005 0.7402
vn 0.2214 -0.6604 0.7175
vn 0.2388 -0.6336 0.7359
vn 0.2372 -0.6396 0.7312
vn 0.1892 -0.6237 0.7584
vn 0.1194 -0.6284 0.7687
vn 0.2003 -0.6357 0.7455
vn 0.3130 -0.5704 0.7594
vn 0.1839 -0.2297 0.9557
vn 0.2671 -0.2822 0.9214
vn -0.9793 0.0675 -0.1908
vn -0.9952 0.0808 0.0546
vn -0.9211 0.3479 0.1750
vn -0.9785 0.2063 0.0076
vn -0.8208 0.0510 0.5689
vn -0.7678 0.3641 0.5272
vn -0.7431 0.3503 0.5702
vn -0.8896 0.2908 0.3522
vn -0.9647 0.1784 0.1936
vn -0.3376 0.0550 0.9397
vn -0.3694 0.2011 0.9073
vn -0.5468 0.2916 0.7848
vn -0.5113 0.0562 0.8576
vn -0.5805 0.3189 0.7492
vn -0.4671 0.2690 0.8423
vn -0.3009 0.2496 0.9204
vn -0.0495 0.1388 0.9891
vn 0.0105 0.1151 0.9933
vn -0.1968 0.2841 0.9384
vn 0.1885 -0.0328 0.9815
vn 0.1556 0.0305 0.9873
vn 0.2988 0.0601 0.9524
vn 0.1637 0.2897 0.9430
vn -0.0010 0.4634 0.8861
vn 0.4470 -0.2597 0.8560
vn 0.4277 -0.2100 0.8792
vn 0.5471 -0.3481 0.7613
vn 0.5364 -0.4594 0.7080
vn 0.5835 -0.2373 0.7767
vn 0.4092 -0.0930 0.9077
vn 0.7453 -0.4181 0.5193
vn 0.6175 -0.5639 0.5483
vn 0.5969 -0.6636 0.4510
vn 0.2872 -0.0351 0.9572
vn 0.3125 -0.1277 0.9413
vn 0.3847 -0.1152 0.9158
vn -0.4259 0.2285 0.8754
vn -0.2071 0.0420 0.9774
vn -0.1353 0.1462 0.9800
vn -0.3784 0.2838 0.8811
vn 0.0670 -0.0041 0.9977
vn -0.0355 -0.1556 0.9872
vn 0.5163 -0.2294 0.8251
vn 0.7852 -0.2860 0.5492
vn 0.2861 -0.1592 0.9449
vn 0.0899 -0.3252 0.9414
vn 0.3962 -0.3495 0.8491
vn 0.7162 -0.1607 0.6792
vn -0.0086 -0.2931 0.9560
vn 0.1613 -0.0922 0.9826
vn -0.2506 -0.0735 0.9653
vn -0.0635 -0.2897 0.9550
vn -0.1444 -0.1226 0.9819
vn -0.3618 0.1123 0.9255
vn -0.0057 -0.3135 0.9496
vn 0.0468 -0.4156 0.9083
vn -0.9674 -0.0029 -0.2532
vn -0.9989 0.0302 -0.0366
vn -0.9491 -0.1829 -0.2564
vn -0.8694 -0.1935 -0.4547
vn -0.7352 -0.3275 -0.5935
vn -0.8804 -0.1180 -0.4593
vn -0.0044 -0.4658 0.8849
vn -0.0589 -0.3927 0.9178
vn -0.0676 -0.5673 0.8207
vn -0.0499 -0.4623 0.8853
vn 0.0198 -0.5917 0.8059
vn 0.2088 -0.4773 0.8536
vn 0.1873 -0.5008 0.8451
vn 0.4223 -0.2632 0.8674
vn 0.9144 -0.1162 0.3878
vn 0.7837 -0.5667 0.2543
vn 0.7442 0.3336 0.5787
vn 0.1835 0.8091 0.5583
vn 0.6317 0.3028 0.7136
vn 0.6715 -0.5333 0.5144
vn 0.5276 0.2364 0.8160
vn 0.3237 -0.2417 0.9148
vn 0.1263 0.1975 0.9721
vn 0.0278 0.7171 0.6964
vn 0.5805 -0.1254 0.8046
vn 0.6039 -0.7370 0.3037
vn 0.5927 -0.7812 0.1959
vn 0.6517 0.0209 0.7582
vn -0.0361 0.7302 0.6823
vn -0.2669 0.8163 0.5123
vn -0.1395 0.8573 0.4955
vn -0.1131 0.8602 0.4973
vn 0.3809 0.2783 0.8817
vn 0.0547 0.7483 0.6611
vn -0.2056 0.7235 0.6590
vn 0.0666 0.2298 0.9709
vn -0.3964 0.1451 0.9065
vn -0.2489 -0.0072 0.9685
vn -0.1042 -0.2606 0.9598
vn -0.1802 -0.1848 0.9661
vn 0.0430 -0.4257 0.9038
vn -0.5272 0.3090 0.7916
vn -0.4826 0.2695 0.8334
vn -0.4582 0.3005 0.8365
vn -0.4769 0.3022 0.8254
vn -0.5430 0.1026 0.8334
vn -0.7698 0.0617 0.6353
vn -0.8446 0.1372 0.5176
vn -0.7040 0.2195 0.6754
vn -0.9462 0.0282 0.3225
vn -0.9356 0.0809 0.3436
vn -0.5789 0.2650 0.7712
vn -0.4245 0.2649 0.8658
vn -0.3638 0.1938 0.9111
vn -0.2892 0.2527 0.9233
vn -0.3840 0.2697 0.8831
vn -0.3546 0.2675 0.8959
vn -0.4756 0.3160 0.8209
vn -0.5114 0.3276 0.7945
vn -0.5003 0.3197 0.8047
vn -0.5103 0.3506 0.7853
vn 0.1061 0.4419 0.8908
vn -0.1802 0.4602 0.8694
vn -0.0805 0.6231 0.7780
vn 0.0828 0.6660 0.7413
vn 0.1783 0.5365 0.8249
vn 0.0824 0.6180 0.7819
vn 0.3578 0.3322 0.8727
vn 0.0542 -0.9952 -0.0819
vn 0.0670 -0.9792 -0.1915
vn -0.0903 -0.9948 -0.0472
vn -0.0954 -0.9893 -0.1105
vn -0.0684 -0.9955 0.0657
vn 0.0747 -0.9972 0.0003
vn 0.1070 -0.9753 0.1933
vn -0.0331 -0.9839 0.1759
vn 0.0299 -0.9697 0.2426
vn 0.1821 -0.9640 0.1935
vn 0.2391 -0.9407 0.2407
vn 0.1264 -0.9535 0.2736
vn 0.1722 -0.9206 0.3505
vn 0.2498 -0.9085 0.3350
vn 0.2576 -0.8814 0.3959
vn 0.1718 -0.9036 0.3923
vn 0.1519 -0.8913 0.4271
vn 0.2488 -0.8418 0.4790
vn 0.1916 -0.8053 0.5610
vn 0.1413 -0.8681 0.4759
vn 0.1335 -0.8429 0.5213
vn 0.0885 -0.7671 0.6354
vn -0.0301 -0.7478 0.6632
vn 0.1351 -0.8252 0.5485
vn 0.1370 -0.8031 0.5799
vn -0.0529 -0.7557 0.6528
vn 0.0549 -0.6806 0.7306
vn 0.1717 -0.7274 0.6644
vn 0.2271 -0.6271 0.7451
vn 0.1523 -0.5956 0.7887
vn 0.2692 -0.4226 0.8654
vn 0.3330 -0.4380 0.8350
vn -0.0560 -0.7347 0.6761
vn 0.1100 -0.7533 0.6484
vn 0.0854 -0.8072 0.5841
vn -0.1439 -0.7705 0.6209
vn -0.0347 -0.5634 0.8254
vn 0.1479 -0.5991 0.7869
vn -0.2132 -0.9765 0.0326
vn -0.2267 -0.9700 0.0879
vn -0.1977 -0.9774 0.0749
vn -0.1602 -0.9856 0.0539
vn -0.1793 -0.9806 0.0788
vn -0.1730 -0.9786 0.1113
vn -0.1808 -0.9789 -0.0957
vn -0.2086 -0.9730 -0.0984
vn -0.1643 -0.9809 -0.1044
vn -0.3893 -0.9140 -0.1143
vn -0.3961 -0.9177 -0.0304
vn -0.3818 -0.9219 -0.0654
vn -0.3733 -0.9200 -0.1195
vn -0.3875 -0.9214 0.0289
vn -0.4186 -0.9059 0.0641
vn -0.3957 -0.9171 0.0488
vn -0.3664 -0.9298 0.0344
vn -0.3606 -0.9318 -0.0402
vn -0.3843 -0.9226 -0.0349
vn -0.3587 -0.9280 -0.1008
vn -0.3826 -0.9195 -0.0903
vn -0.3721 -0.8863 0.2757
vn -0.3802 -0.9133 0.1458
vn -0.4541 -0.8809 0.1333
vn -0.4965 -0.8514 0.1691
vn -0.4220 -0.8933 0.1549
vn -0.4331 -0.8841 0.1753
vn -0.3938 -0.9129 0.1075
vn -0.4040 -0.9080 0.1108
vn -0.2722 -0.9101 0.3126
vn -0.3232 -0.8991 0.2953
vn -0.5430 -0.8110 0.2178
vn -0.5535 -0.7704 0.3165
vn -0.4846 -0.8409 0.2411
vn -0.4612 -0.8593 0.2212
vn -0.5091 -0.8067 0.3000
vn -0.5429 -0.7868 0.2936
vn -0.2084 -0.8935 0.3977
vn -0.5341 -0.7355 0.4170
vn -0.4559 -0.7579 0.4667
vn -0.0533 -0.8845 0.4635
vn -0.2705 -0.7754 0.5706
vn 0.0518 -0.8430 0.5354
vn 0.0075 -0.8801 0.4747
vn -0.3497 -0.8102 0.4703
vn -0.7016 -0.5800 0.4140
vn -0.5592 -0.6101 0.5613
vn -0.7300 -0.5783 0.3643
vn -0.5006 -0.6689 0.5495
vn 0.0770 -0.8204 0.5667
vn -0.1912 -0.7730 0.6049
vn -0.5114 -0.7453 0.4277
vn -0.6532 -0.6753 0.3425
vn -0.6782 -0.6948 0.2395
vn -0.6401 -0.5822 0.5013
vn -0.5023 -0.7023 0.5045
vn -0.5405 -0.7846 0.3036
vn -0.4973 -0.5700 0.6541
vn -0.3971 -0.6366 0.6611
vn -0.6960 -0.4104 -0.5892
vn -0.8463 -0.3441 -0.4066
vn -0.8865 -0.0983 -0.4522
vn -0.7211 -0.2562 -0.6437
vn -0.9819 0.0172 -0.1888
vn -0.8438 0.4534 -0.2871
vn -0.8651 0.2433 -0.4386
vn -0.7823 -0.1321 -0.6087
vn -0.9649 0.2592 -0.0435
vn -0.9973 -0.0011 0.0729
vn -0.4180 -0.6261 0.6583
vn -0.3249 -0.6636 0.6739
vn -0.9733 -0.0211 0.2287
vn -0.9963 -0.0686 0.0516
vn -0.9030 0.3188 -0.2879
vn -0.8808 0.4319 -0.1942
vn -0.9275 -0.1862 -0.3241
vn -0.9026 -0.4304 -0.0024
vn -0.8545 -0.3816 0.3525
vn -0.8198 -0.5585 0.1264
vn -0.7654 -0.3770 0.5215
vn -0.9054 0.3588 -0.2269
vn -0.8146 0.4335 -0.3853
vn -0.9302 0.3445 -0.1265
vn -0.8930 0.4489 0.0321
vn -0.9052 0.2322 0.3560
vn -0.7813 0.4502 0.4322
vn -0.4596 -0.5036 0.7316
vn -0.2099 -0.5794 0.7876
vn -0.2280 -0.6888 0.6882
vn -0.4339 -0.6084 0.6645
vn -0.9533 -0.1628 0.2543
vn -0.6969 -0.4550 0.5544
vn -0.7410 -0.3825 0.5519
vn -0.9577 -0.1563 0.2415
vn -0.9753 0.1654 -0.1462
vn -0.9289 0.2839 -0.2379
vn -0.3822 -0.4188 0.8237
vn -0.2331 -0.4122 0.8808
vn -0.5710 -0.2619 0.7781
vn -0.2064 -0.3751 0.9037
vn 0.1071 -0.4599 0.8815
vn -0.0692 -0.6487 0.7579
vn 0.0394 -0.4982 0.8662
vn 0.0951 -0.1537 0.9835
vn 0.0435 -0.2769 0.9599
vn 0.1170 -0.0252 0.9928
vn -0.7552 -0.0494 0.6536
vn -0.8669 0.0264 0.4978
vn -0.6626 0.2631 0.7012
vn -0.4680 0.0498 0.8823
vn -0.8269 0.4357 0.3554
vn -0.7611 0.3598 0.5396
vn -0.9347 0.2158 0.2826
vn -0.8895 0.4339 0.1432
vn -0.2879 0.6349 0.7169
vn -0.1237 0.5754 0.8085
vn -0.2985 0.3434 0.8905
vn -0.4482 0.5221 0.7256
vn 0.2179 0.3812 0.8985
vn -0.0573 0.0540 0.9969
vn 0.1419 0.0336 0.9893
vn 0.2316 0.1255 0.9647
vn 0.2785 0.1677 0.9457
vn 0.2784 0.1562 0.9477
vn -0.6757 0.1620 0.7191
vn -0.3504 0.1239 0.9284
vn -0.2268 0.3031 0.9256
vn -0.5443 0.3778 0.7490
vn -0.3263 0.3279 0.8865
vn -0.4009 0.2926 0.8681
vn -0.1856 0.1880 0.9645
vn -0.1170 0.2812 0.9525
vn -0.0512 0.2705 0.9613
vn -0.0800 0.0980 0.9920
vn -0.5187 0.5201 0.6786
vn -0.3924 0.2975 0.8703
vn -0.0369 0.1959 0.9799
vn 0.0260 0.4360 0.8996
vn 0.0788 0.2639 0.9613
vn -0.4429 0.5257 0.7263
vn -0.6543 0.6515 0.3840
vn -0.3625 0.7299 0.5796
vn -0.1946 0.7138 0.6728
vn -0.1818 0.6310 0.7542
vn -0.3887 0.4086 0.8258
vn -0.5285 0.4849 0.6969
vn -0.5485 0.5168 0.6573
vn -0.5979 0.6518 0.4666
vn -0.4205 0.7075 0.5681
vn -0.3216 0.5241 0.7886
vn -0.6510 0.6961 0.3027
vn -0.4237 0.7547 0.5009
vn -0.6714 0.5870 0.4524
vn -0.8073 0.5438 0.2292
vn -0.6980 0.5644 0.4407
vn -0.5292 0.6523 0.5427
vn 0.0980 0.6313 0.7693
vn 0.0883 0.6812 0.7268
vn 0.0173 0.6044 0.7965
vn 0.0069 0.5804 0.8143
vn -0.3793 0.6643 0.6441
vn -0.1679 0.6993 0.6948
vn -0.3009 0.6579 0.6904
vn -0.5644 0.5593 0.6072
vn -0.3932 0.5547 0.7333
vn -0.0472 0.4553 0.8891
vn -0.0035 0.4482 0.8939
vn 0.0165 0.6228 0.7822
vn 0.0187 0.5814 0.8134
vn 0.0674 0.6918 0.7189
vn 0.0145 0.7418 0.6704
vn 0.0944 0.5609 0.8225
vn 0.0259 0.7567 0.6533
vn -0.0075 0.7689 0.6393
vn -0.2289 -0.6087 0.7597
vn -0.1307 0.1961 0.9718
vn -0.0141 0.4640 0.8857
vn 0.2437 0.1230 0.9620
vn -0.1008 -0.4228 0.9006
vn 0.1430 0.1461 0.9789
vn -0.0599 -0.3927 0.9177
vn 0.0653 0.5595 0.8262
vn 0.1803 0.6298 0.7556
vn 0.2084 -0.0294 0.9776
vn 0.6201 0.3485 0.7029
vn 0.1359 0.1312 0.9820
vn 0.4677 0.8805 0.0771
vn 0.2645 0.4794 0.8368
vn 0.2663 0.5956 0.7579
vn 0.4392 0.8933 0.0953
vn 0.1254 0.5153 0.8478
vn 0.2083 0.3819 0.9004
vn 0.1985 0.6371 0.7447
vn 0.3305 0.6762 0.6584
vn 0.4649 0.8799 0.0987
vn 0.1436 0.8612 0.4875
vn 0.3345 0.5801 0.7427
vn 0.1642 0.7081 0.6867
vn 0.3382 0.6168 0.7108
vn 0.1235 0.7626 0.6350
vn -0.0283 0.8327 0.5531
vn 0.6711 0.7395 0.0521
vn 0.5991 0.6263 0.4989
vn 0.3766 0.4975 0.7815
vn 0.5260 0.8486 0.0570
vn 0.4465 0.4053 0.7977
vn 0.2984 0.2818 0.9119
vn 0.4348 0.4710 0.7675
vn 0.4281 0.3375 0.8384
vn 0.3771 0.3864 0.8417
vn 0.3689 0.4816 0.7950
vn 0.4678 0.2746 0.8401
vn 0.4961 0.2861 0.8198
vn 0.6155 0.3851 0.6877
vn 0.5027 0.3829 0.7750
vn 0.5223 0.2714 0.8084
vn 0.4729 0.3125 0.8238
vn 0.0077 0.7556 0.6550
vn 0.1382 0.6192 0.7730
vn 0.2170 0.6484 0.7297
vn 0.0241 0.7689 0.6389
vn -0.0103 0.7588 0.6513
vn 0.0039 0.7145 0.6996
vn 0.0247 0.7506 0.6602
vn 0.1107 0.6884 0.7168
vn 0.2775 0.5593 0.7812
vn 0.1420 0.7091 0.6906
vn 0.2623 0.6499 0.7133
vn 0.4422 0.4607 0.7695
vn 0.5379 0.3407 0.7711
vn 0.6518 0.4102 0.6378
vn 0.7033 0.4146 0.5776
vn 0.3402 0.5543 0.7596
vn 0.6654 0.7248 0.1786
vn 0.6922 0.5939 0.4101
vn 0.3856 0.7393 0.5520
vn 0.2461 0.9438 0.2207
vn 0.0914 0.8951 0.4364
vn 0.4759 0.6752 0.5637
vn 0.4839 0.6360 0.6011
vn 0.5608 0.5385 0.6289
vn 0.5640 0.8176 0.1156
vn 0.6127 0.7774 0.1425
vn 0.4185 0.1623 0.8936
vn 0.2997 0.3838 0.8734
vn 0.4173 0.4293 0.8010
vn 0.5200 0.2367 0.8207
vn 0.1298 0.7261 0.6752
vn 0.4129 0.5867 0.6966
vn 0.5577 0.4887 0.6710
vn 0.3271 0.5779 0.7477
vn 0.4844 0.4133 0.7710
vn 0.5944 0.2771 0.7549
vn 0.6610 0.3651 0.6555
vn 0.7020 0.2301 0.6740
vn 0.7425 0.1070 0.6612
vn 0.6692 0.1778 0.7215
vn 0.7525 0.2038 0.6263
vn 0.7550 0.0959 0.6487
vn 0.6614 0.4212 0.6206
vn 0.6627 0.3994 0.6335
vn 0.7508 0.4365 0.4958
vn 0.7375 0.3187 0.5954
vn 0.6714 0.5838 0.4565
vn 0.4370 0.5702 0.6956
vn 0.7858 0.4137 0.4597
vn 0.6556 0.2642 0.7074
vn 0.6811 0.3682 0.6329
vn 0.7654 0.4660 0.4439
vn 0.3677 0.4634 0.8062
vn 0.6948 0.5935 0.4063
vn 0.8152 0.5400 0.2095
vn 0.4565 0.5083 0.7302
vn 0.6628 0.5120 0.5464
vn 0.3633 0.5644 0.7412
vn 0.4830 0.5318 0.6956
vn 0.5434 0.8244 0.1584
vn 0.4564 0.8691 0.1907
vn -0.5014 0.6522 0.5686
vn -0.5465 0.7058 0.4506
vn -0.6010 0.6773 0.4243
vn -0.5919 0.5989 0.5394
vn -0.5655 0.6107 0.5543
vn -0.6070 0.6689 0.4291
vn -0.5733 0.7593 0.3080
vn -0.6348 0.7234 0.2715
vn -0.5896 0.7526 0.2933
vn -0.4128 0.9074 -0.0785
vn -0.4994 0.8663 -0.0086
vn -0.5917 0.7953 -0.1318
vn -0.5183 0.8209 -0.2397
vn -0.2633 0.9568 0.1232
vn -0.3684 0.9174 0.1509
vn -0.5605 0.8240 0.0827
vn -0.4665 0.8661 0.1797
vn -0.6398 0.7685 0.0016
vn -0.3150 0.7220 0.6161
vn -0.3004 0.7798 0.5492
vn 0.3326 0.7356 0.5901
vn 0.3392 0.7535 0.5631
vn -0.2424 0.8512 0.4655
vn 0.3397 0.7458 0.5730
vn -0.1895 0.8931 0.4080
vn -0.1097 0.9155 0.3872
vn 0.2657 0.7566 0.5974
vn 0.2815 0.7437 0.6063
vn -0.0296 0.9276 0.3723
vn 0.2689 0.7577 0.5946
vn -0.3663 0.8771 -0.3106
vn -0.4445 0.8461 -0.2941
vn -0.5313 0.7157 -0.4533
vn -0.4420 0.7629 -0.4719
vn -0.6068 0.6953 -0.3853
vn -0.6725 0.5336 -0.5128
vn -0.5829 0.5668 -0.5822
vn -0.4787 0.6388 -0.6024
vn -0.6440 0.7545 0.1267
vn -0.7810 0.6245 -0.0096
vn -0.7445 0.6556 -0.1259
vn -0.8004 0.5830 0.1392
vn -0.9179 0.3961 -0.0247
vn -0.8764 0.4529 -0.1639
vn -0.8275 0.4948 -0.2653
vn -0.8676 0.1129 -0.4843
vn -0.7989 0.1566 -0.5808
vn -0.7967 0.3384 -0.5008
vn -0.8679 0.3117 -0.3868
vn -0.7034 0.3622 -0.6116
vn -0.7037 0.1971 -0.6826
vn -0.7547 0.5254 -0.3929
vn -0.2338 -0.8266 -0.5120
vn -0.5841 -0.4730 -0.6596
vn -0.6304 -0.4942 -0.5986
vn -0.2678 -0.8290 -0.4909
vn -0.2295 -0.8458 -0.4816
vn -0.5544 -0.4511 -0.6994
vn -0.7187 -0.1997 -0.6660
vn -0.6543 -0.1542 -0.7403
vn -0.7650 -0.2449 -0.5957
vn -0.6016 0.2593 -0.7555
vn -0.5915 0.0840 -0.8019
vn -0.5117 0.1495 -0.8460
vn -0.5000 0.3422 -0.7956
vn -0.6862 0.0279 -0.7268
vn -0.5774 -0.1109 -0.8089
vn -0.5170 -0.0654 -0.8535
vn -0.9888 -0.1174 0.0924
vn -0.9951 -0.0441 -0.0889
vn -0.9915 0.1274 0.0261
vn -0.9759 0.0543 0.2115
vn -0.9642 0.2031 -0.1705
vn -0.9590 0.0246 -0.2823
vn -0.9310 0.3224 0.1710
vn -0.8986 0.2572 0.3555
vn -0.8133 -0.2661 -0.5175
vn -0.6838 -0.5053 -0.5264
vn -0.8690 -0.3003 -0.3932
vn -0.7337 -0.5290 -0.4264
vn -0.2790 -0.8445 -0.4571
vn -0.2599 -0.8627 -0.4339
vn -0.9094 0.0738 -0.4093
vn -0.8686 -0.1067 -0.4839
vn -0.8288 -0.0690 -0.5553
vn -0.9215 -0.1506 -0.3579
vn -0.6188 0.0435 0.7843
vn -0.7423 0.1336 0.6566
vn -0.5595 0.3692 0.7421
vn -0.4480 0.2989 0.8426
vn -0.6295 0.4259 0.6499
vn -0.8049 0.1827 0.5645
vn -0.4826 0.5578 0.6752
vn -0.4088 0.5064 0.7593
vn -0.3101 0.4616 0.8311
vn 0.4570 0.3730 0.8075
vn 0.4587 0.5448 0.7020
vn 0.6045 0.4811 0.6349
vn 0.6156 0.3816 0.6895
vn 0.5835 0.5978 0.5497
vn 0.4255 0.6328 0.6469
vn 0.3435 0.6099 0.7142
vn 0.4629 0.6204 0.6331
vn 0.3013 0.4649 0.8325
vn 0.2065 0.4430 0.8724
vn -0.2992 0.4795 0.8250
vn -0.3521 0.5557 0.7531
vn -0.4691 0.4613 0.7531
vn -0.3584 0.4206 0.8335
vn -0.4201 0.6010 0.6800
vn -0.5334 0.5156 0.6706
vn 0.2156 0.5630 0.7979
vn 0.2902 0.5660 0.7716
vn 0.4363 0.8768 0.2021
vn 0.4256 0.8751 0.2302
vn 0.3564 0.8493 0.3894
vn -0.1514 0.6536 0.7415
vn -0.2657 0.6531 0.7091
vn 0.3550 0.8386 0.4131
vn -0.3083 0.6715 0.6738
vn 0.3642 0.8141 0.4523
vn 0.6716 0.2040 0.7123
vn 0.7310 0.0555 0.6801
vn 0.6296 0.0546 0.7750
vn 0.4870 0.1528 0.8599
vn 0.5101 -0.2536 0.8219
vn 0.4508 -0.0424 0.8916
vn 0.5874 0.0271 0.8088
vn 0.6629 -0.2542 0.7042
vn 0.6993 0.3201 0.6391
vn 0.5829 0.4530 0.6746
vn 0.7204 0.4294 0.5446
vn 0.8262 0.3334 0.4541
vn 0.8463 0.2836 0.4509
vn 0.7856 0.3459 0.5130
vn 0.7822 0.2404 0.5748
vn 0.8239 0.2210 0.5219
vn 0.7882 0.1426 0.5987
vn 0.7768 0.1346 0.6152
vn 0.3237 -0.2361 0.9162
vn 0.1952 -0.1708 0.9658
vn 0.3333 -0.0021 0.9428
vn 0.4517 -0.0515 0.8907
vn 0.3350 0.2384 0.9116
vn 0.1907 0.0626 0.9797
vn 0.2288 0.3436 0.9108
vn 0.3551 0.4816 0.8013
vn 0.3267 0.5965 0.7331
vn 0.2111 0.5102 0.8337
vn 0.1316 0.5519 0.8234
vn 0.2651 0.6084 0.7481
vn 0.0795 0.4394 0.8948
vn -0.0441 0.4248 0.9042
vn 0.0833 0.5846 0.8070
vn 0.1241 0.5638 0.8165
vn 0.4130 0.8744 0.2546
vn 0.4012 0.8703 0.2858
vn -0.7052 -0.2855 0.6490
vn -0.8373 -0.2380 0.4923
vn -0.8330 -0.0900 0.5459
vn -0.6971 -0.1543 0.7002
vn -0.8951 -0.0631 0.4414
vn -0.9087 -0.2356 0.3446
vn -0.8932 -0.4436 -0.0730
vn -0.9559 -0.2937 -0.0054
vn -0.9292 -0.3389 0.1473
vn -0.8677 -0.4910 0.0780
vn -0.9540 -0.1886 0.2331
vn -0.8766 -0.3764 0.2997
vn -0.8136 -0.5382 0.2200
vn -0.2617 0.0045 0.9651
vn -0.2418 -0.1990 0.9497
vn -0.5274 -0.1524 0.8358
vn -0.4858 0.0326 0.8735
vn -0.4841 -0.2929 0.8246
vn -0.1888 -0.3125 0.9310
vn -0.2164 0.4481 0.8674
vn -0.3311 0.2834 0.9000
vn -0.1749 0.2462 0.9533
vn -0.0786 0.4271 0.9008
vn 0.0397 0.2512 0.9671
vn 0.0505 0.4536 0.8898
vn 0.0209 -0.0166 0.9996
vn 0.0076 -0.2481 0.9687
vn 0.0858 -0.3583 0.9296
vn -0.1283 0.4535 0.8819
vn -0.2408 0.4510 0.8594
vn -0.2906 0.4280 0.8558
vn -0.2153 0.4322 0.8757
vn -0.0198 0.4905 0.8712
vn -0.1222 0.4282 0.8954
vn 0.3671 0.8685 0.3332
vn -0.0420 0.6459 0.7623
vn -0.0743 0.6649 0.7433
vn 0.3535 0.8567 0.3755
vn 0.0231 0.6139 0.7891
vn 0.3773 0.8712 0.3142
vn 0.5957 -0.7188 0.3584
vn 0.5951 -0.5107 0.6206
vn 0.6616 -0.5287 0.5317
vn 0.5783 -0.7212 0.3813
vn 0.8705 -0.1284 0.4751
vn 0.8169 0.1413 0.5592
vn 0.9086 0.1813 0.3762
vn 0.9205 -0.0289 0.3896
vn 0.8666 -0.0179 0.4987
vn 0.8731 0.1445 0.4657
vn 0.8452 0.1312 0.5181
vn 0.8238 -0.0121 0.5668
vn 0.7103 0.0570 0.7016
vn 0.6001 -0.1254 0.7900
vn 0.5115 -0.3203 0.7974
vn 0.3407 -0.3985 0.8515
vn 0.7095 -0.2601 0.6549
vn 0.4389 -0.4997 0.7468
vn -0.1642 -0.3567 0.9197
vn 0.1296 -0.4791 0.8682
vn 0.1111 -0.5233 0.8449
vn -0.1618 -0.4135 0.8960
vn -0.3916 -0.3734 0.8410
vn -0.3127 -0.5370 0.7835
vn -0.6405 -0.4105 0.6490
vn -0.5519 -0.5770 0.6021
vn -0.1942 -0.9234 -0.3312
vn -0.5903 -0.7986 0.1170
vn -0.4451 -0.8246 0.3492
vn -0.0947 -0.9696 -0.2257
vn -0.2025 -0.9159 -0.3466
vn -0.6693 -0.7427 0.0227
vn -0.7360 -0.5679 0.3686
vn 0.6283 -0.6668 0.4008
vn 0.8007 -0.4257 0.4214
vn 0.6460 -0.5806 0.4956
vn 0.8314 -0.3103 0.4610
vn 0.7256 -0.5011 0.4717
vn 0.8234 -0.2355 0.5163
vn 0.8359 -0.2296 0.4986
vn 0.7796 -0.4924 0.3869
vn 0.7070 -0.5916 0.3875
vn 0.7520 -0.4087 0.5172
vn 0.4803 -0.6216 0.6188
vn 0.4106 -0.7220 0.5569
vn -0.1783 -0.8948 0.4093
vn -0.2873 -0.6928 0.6614
vn -0.1411 -0.5760 0.8052
vn -0.0842 -0.7236 0.6851
vn 0.1198 -0.5480 0.8278
vn 0.1115 -0.6336 0.7656
vn -0.0803 -0.8315 0.5497
vn -0.0636 -0.9601 0.2725
vn -0.0800 -0.9788 0.1885
vn -0.0921 -0.9122 0.3994
vn -0.0173 -0.9896 -0.1429
vn 0.0003 -0.9917 -0.1285
vn -0.0080 -0.9037 0.4281
vn -0.0507 -0.9895 0.1351
vn 0.0253 -0.9901 0.1384
vn 0.1036 -0.9293 0.3544
vn 0.0329 -0.9911 -0.1289
vn -0.0253 -0.9901 -0.1379
vn -0.0672 -0.9916 -0.1107
vn -0.0598 -0.9977 0.0333
vn 0.0106 -0.9981 0.0604
vn 0.0040 -0.9930 -0.1180
vn 0.0759 -0.9960 -0.0467
vn -0.0975 -0.9949 -0.0249
vn 0.2703 -0.8274 0.4923
vn 0.0477 -0.7754 0.6297
vn -0.1321 -0.9792 -0.1537
vn -0.2858 -0.9555 -0.0730
vn 0.0743 -0.9895 -0.1242
vn 0.0860 -0.9487 -0.3042
vn -0.1958 -0.9398 -0.2800
vn -0.3639 -0.9039 -0.2247
vn 0.0524 -0.9945 0.0908
vn 0.0220 -0.9951 0.0959
vn 0.0511 -0.9920 -0.1153
vn 0.0471 -0.9924 -0.1137
vn 0.0651 -0.9858 0.1547
vn 0.0717 -0.9955 0.0625
vn 0.0388 -0.9940 0.1023
vn 0.0548 -0.9915 -0.1184
vn 0.0721 -0.9719 0.2239
vn -0.5562 -0.4757 -0.6814
vn -0.3588 -0.5066 -0.7840
vn -0.5772 -0.4664 -0.6703
vn -0.7659 -0.3675 -0.5276
vn -0.1107 -0.3578 -0.9272
vn 0.0246 -0.6132 -0.7895
vn -0.3232 -0.1630 -0.9322
vn 0.1049 -0.8030 -0.5866
vn -0.2498 -0.5729 -0.7806
vn -0.3850 -0.4202 -0.8217
vn -0.3032 -0.0217 -0.9527
vn -0.3536 -0.1632 -0.9211
vn -0.3813 -0.0983 -0.9192
vn -0.7714 -0.5661 -0.2906
vn -0.5262 -0.6443 -0.5550
vn -0.6418 -0.4166 -0.6438
vn -0.8305 -0.3976 -0.3902
vn -0.3805 -0.5833 -0.7176
vn -0.5071 -0.4861 -0.7118
vn -0.4965 -0.6831 -0.5356
vn -0.4057 -0.6494 -0.6432
vn -0.1524 -0.7810 -0.6056
vn -0.1601 -0.8273 -0.5384
vn -0.1839 -0.7310 -0.6571
vn -0.2155 -0.5746 -0.7895
vn 0.1419 -0.7638 -0.6297
vn -0.0540 -0.5979 -0.7998
vn 0.1888 -0.8507 -0.4906
vn -0.3347 -0.9364 -0.1054
vn -0.2752 -0.9608 0.0328
vn -0.1532 -0.9851 0.0788
vn -0.1018 -0.9941 -0.0387
vn -0.4378 -0.8952 0.0831
vn -0.5329 -0.8317 0.1556
vn -0.5941 -0.8042 0.0157
vn -0.4309 -0.9006 -0.0570
vn -0.5098 -0.8088 -0.2933
vn -0.6663 -0.7322 -0.1411
vn -0.3162 -0.8649 -0.3897
vn 0.0236 -0.9426 -0.3330
vn -0.4153 -0.8070 -0.4199
vn -0.2191 -0.9727 0.0763
vn -0.2427 -0.9679 0.0648
vn -0.2943 -0.9556 0.0132
vn -0.2934 -0.9543 0.0568
vn -0.3073 -0.9478 -0.0848
vn -0.2434 -0.9658 -0.0898
vn -0.2003 -0.9088 -0.3661
vn 0.0934 -0.9502 -0.2973
vn -0.0705 -0.9938 -0.0862
vn -0.2292 -0.9620 -0.1482
vn -0.3564 -0.9263 -0.1220
vn -0.3117 -0.9449 -0.1004
vn -0.2673 -0.9635 -0.0136
vn -0.3477 -0.9369 0.0361
vn -0.3463 -0.9363 0.0589
vn -0.3699 -0.9240 0.0972
vn -0.1768 -0.9840 0.0237
vn -0.3308 -0.9437 -0.0063
vn -0.3282 -0.9404 -0.0894
vn -0.4432 -0.8322 -0.3332
vn -0.7439 -0.3752 0.5530
vn -0.3381 -0.2597 0.9046
vn -0.0706 -0.4906 0.8685
vn -0.4975 -0.6801 0.5385
vn -0.0041 -0.4732 0.8810
vn 0.1228 -0.5592 0.8199
vn 0.0061 -0.5839 0.8118
vn 0.0063 -0.5380 0.8429
vn 0.0056 -0.5927 0.8054
vn 0.0125 -0.5622 0.8269
vn 0.0131 -0.5965 0.8025
vn -0.0147 -0.5951 0.8035
vn 0.0769 -0.7252 0.6843
vn 0.0766 -0.6723 0.7363
vn -0.0237 -0.6497 0.7598
vn 0.0258 -0.6515 0.7582
vn 0.2818 -0.6798 0.6771
vn 0.2658 -0.4925 0.8287
vn 0.2059 -0.6229 0.7547
vn 0.1949 -0.7226 0.6632
vn 0.3226 -0.4638 0.8251
vn 0.3444 -0.6327 0.6936
vn 0.4169 -0.5546 0.7202
vn 0.5062 -0.3574 0.7849
vn 0.0745 -0.5162 0.8532
vn 0.2482 -0.3649 0.8974
vn 0.2867 -0.4765 0.8311
vn 0.1053 -0.6184 0.7788
vn 0.2223 -0.2403 0.9449
vn 0.0084 -0.3892 0.9211
vn 0.4241 -0.3830 0.8206
vn 0.4258 -0.1670 0.8893
vn 0.2280 -0.6821 0.6948
vn 0.2586 -0.6052 0.7529
vn 0.1566 -0.6952 0.7015
vn 0.1553 -0.7576 0.6340
vn 0.1269 -0.8015 0.5844
vn 0.1674 -0.7370 0.6548
vn 0.1176 -0.7211 0.6828
vn 0.1695 -0.7721 0.6125
vn 0.0883 -0.4748 0.8756
vn 0.1144 -0.5859 0.8023
vn 0.1240 -0.7248 0.6778
vn 0.0421 -0.6836 0.7287
vn 0.1665 -0.4767 0.8632
vn 0.0736 -0.4619 0.8839
vn -0.0185 -0.6592 0.7517
vn -0.0195 -0.7186 0.6952
vn 0.2054 -0.5206 0.8287
vn -0.2213 -0.7732 0.5943
vn -0.7768 -0.5409 -0.3225
vn -0.7514 -0.6567 0.0642
vn -0.9505 -0.3096 0.0259
vn -0.9233 -0.2490 -0.2923
vn 0.6159 -0.1965 0.7629
vn 0.5948 0.2566 0.7618
vn 0.5994 -0.0346 0.7997
vn 0.6343 0.2583 0.7286
vn 0.5061 0.6288 0.5903
vn 0.3429 0.6594 0.6691
vn 0.1052 0.8661 0.4887
vn 0.3231 0.9041 0.2795
vn 0.4625 -0.0114 0.8866
vn 0.5811 0.0917 0.8087
vn 0.6084 0.1013 0.7871
vn 0.6714 0.2382 0.7017
vn 0.7267 0.5003 0.4708
vn 0.6534 0.3291 0.6818
vn 0.5635 0.0222 0.8258
vn 0.5993 0.0288 0.8000
vn 0.3573 -0.0821 0.9304
vn 0.2664 -0.1612 0.9503
vn -0.2841 -0.1600 0.9453
vn 0.0034 -0.0196 0.9998
vn 0.1484 -0.1467 0.9780
vn -0.1343 -0.4228 0.8962
vn 0.3690 0.1129 0.9225
vn 0.4692 0.0913 0.8784
vn -0.2484 -0.8038 0.5405
vn -0.6961 -0.7032 0.1449
vn -0.4299 -0.7112 0.5563
vn -0.3088 -0.9511 0.0005
vn -0.9051 -0.0074 0.4252
vn -0.5923 -0.1760 0.7863
vn 0.0161 -0.8701 0.4927
vn -0.0944 -0.8476 0.5221
vn -0.1013 -0.9948 -0.0100
vn -0.0191 -0.9997 -0.0127
vn 0.0538 -0.9241 0.3784
vn 0.0794 -0.8950 0.4390
vn -0.0337 -0.9969 -0.0708
vn -0.1032 -0.9854 -0.1352
vn 0.0911 -0.9416 0.3241
vn 0.0589 -0.9398 0.3365
vn -0.0905 -0.9834 -0.1575
vn -0.0969 -0.9772 -0.1888
vn -0.1453 -0.9501 0.2760
vn -0.0417 -0.9563 0.2895
vn -0.2639 -0.9502 -0.1657
vn -0.1859 -0.9614 -0.2028
vn -0.7412 -0.3224 -0.5888
vn -0.6165 -0.4866 -0.6190
vn -0.5745 -0.4504 -0.6835
vn -0.4493 -0.5199 -0.7265
vn -0.4785 -0.8625 0.1645
vn -0.5762 -0.7848 -0.2281
vn -0.3919 -0.9082 -0.1470
vn -0.2945 -0.9227 0.2489
vn -0.2300 -0.9274 0.2949
vn -0.3231 -0.9349 -0.1467
vn -0.3940 -0.5578 -0.7305
vn -0.4765 -0.6590 -0.5820
vn -0.3715 -0.7653 -0.5257
vn -0.3977 -0.6258 -0.6710
vn -0.2327 -0.3780 -0.8961
vn -0.2689 -0.4952 -0.8261
vn -0.2663 -0.5029 -0.8223
vn -0.1627 -0.4832 -0.8603
vn -0.3534 -0.6359 -0.6861
vn -0.3454 -0.7770 -0.5263
vn -0.3072 -0.7741 -0.5535
vn -0.3138 -0.6419 -0.6996
vn -0.4379 -0.5301 -0.7261
vn -0.3613 -0.5805 -0.7297
vn -0.3732 -0.5791 -0.7248
vn -0.3092 -0.5665 -0.7639
vn -0.3855 -0.3219 -0.8647
vn -0.3721 -0.3901 -0.8422
vn -0.3526 -0.5226 -0.7762
vn -0.3403 -0.4804 -0.8083
vn -0.2795 -0.6419 -0.7140
vn -0.2906 -0.6579 -0.6948
vn -0.2308 -0.7975 -0.5575
vn -0.2370 -0.7782 -0.5816
vn -0.2189 -0.8062 -0.5497
vn -0.2887 -0.6835 -0.6704
vn -0.2677 -0.6435 -0.7171
vn -0.2568 -0.7730 -0.5800
vn -0.2908 -0.5733 -0.7660
vn -0.3179 -0.5913 -0.7411
vn -0.1661 -0.8513 -0.4977
vn -0.2571 -0.7257 -0.6382
vn -0.1073 -0.9003 -0.4218
vn -0.1934 -0.7762 -0.6001
vn -0.2958 -0.5246 -0.7983
vn -0.3173 -0.6055 -0.7298
vn -0.2900 -0.5968 -0.7482
vn -0.2083 -0.4729 -0.8562
vn -0.1289 -0.9189 -0.3729
vn -0.1770 -0.8047 -0.5666
vn -0.3180 -0.8894 -0.3284
vn -0.3164 -0.7522 -0.5781
vn -0.7408 -0.6336 -0.2229
vn -0.6523 -0.4776 -0.5886
vn -0.8680 0.0806 -0.4900
vn -0.9960 0.0889 -0.0059
vn 0.9635 0.1760 0.2018
vn 0.9571 0.2172 0.1916
vn 0.7925 0.1865 0.5806
vn 0.7834 0.1875 0.5925
vn 0.8169 0.1496 0.5571
vn 0.9595 0.2588 0.1112
vn 0.8449 0.1458 0.5146
vn 0.9591 0.2821 0.0231
vn 0.9105 0.4015 -0.0990
vn 0.8428 0.2465 0.4785
vn 0.8128 0.4981 0.3021
vn 0.7371 0.6071 -0.2968
vn 0.5445 0.7051 -0.4542
vn 0.6878 0.7252 -0.0299
vn -0.1356 -0.1275 -0.9825
vn -0.2298 -0.3767 -0.8974
vn -0.0652 -0.2471 -0.9668
vn 0.0912 0.0309 -0.9954
vn -0.1163 -0.3951 -0.9113
vn -0.2329 -0.5899 -0.7732
vn -0.1778 -0.6042 -0.7768
vn -0.0602 -0.3106 -0.9486
vn 0.2568 0.2051 -0.9445
vn 0.0899 -0.0894 -0.9919
vn 0.2101 0.0505 -0.9764
vn 0.3721 0.3346 -0.8658
vn 0.4763 0.3562 -0.8039
vn 0.3777 0.1918 -0.9058
vn 0.2948 0.1460 -0.9443
vn 0.4058 0.3728 -0.8345
vn 0.0868 -0.1420 -0.9861
vn -0.0212 -0.2394 -0.9707
vn 0.5208 0.5830 -0.6236
vn 0.6558 0.5007 -0.5650
vn 0.5971 0.3326 -0.7300
vn 0.7926 0.3834 -0.4741
vn 0.7078 0.3138 -0.6330
vn -0.1811 -0.6196 -0.7637
vn -0.3006 -0.5550 -0.7756
vn 0.9416 0.1677 -0.2919
vn 0.9131 0.2465 -0.3248
vn 0.6786 0.1589 -0.7171
vn 0.6489 0.1911 -0.7365
vn 0.6270 0.2401 -0.7411
vn 0.8778 0.2987 -0.3745
vn 0.8543 0.3203 -0.4094
vn 0.6713 0.2673 -0.6913
vn 0.5007 0.1958 -0.8432
vn 0.4157 0.1283 -0.9004
vn 0.3389 0.1213 -0.9330
vn 0.3855 0.0924 -0.9181
vn -0.0465 0.0351 -0.9983
vn -0.0825 -0.1020 -0.9914
vn -0.4900 -0.2676 -0.8297
vn -0.5427 0.0822 -0.8359
vn 0.4334 0.0959 -0.8961
vn 0.2382 -0.0241 -0.9709
vn 0.6987 0.0842 -0.7105
vn 0.5694 -0.2273 -0.7900
vn 0.8358 -0.3825 -0.3939
vn 0.9540 0.0004 -0.2999
vn 0.9869 0.0251 0.1591
vn 0.9131 -0.4005 0.0762
vn -0.2255 -0.9058 -0.3588
vn 0.0392 -0.9545 -0.2956
vn 0.1428 -0.8496 -0.5077
vn -0.1991 -0.7198 -0.6650
vn -0.1367 -0.2394 -0.9612
vn 0.1554 -0.2318 -0.9603
vn 0.1833 -0.9800 -0.0776
vn 0.2082 -0.9780 0.0117
vn 0.2256 -0.9376 -0.2648
vn 0.2768 -0.9207 -0.2752
vn 0.2090 -0.9283 -0.3076
vn 0.2911 -0.9026 -0.3171
vn 0.2071 -0.9668 -0.1494
vn 0.1671 -0.9726 -0.1616
vn 0.3501 -0.9298 0.1136
vn 0.2314 -0.9720 0.0407
vn 0.3946 -0.8980 -0.1948
vn 0.5561 -0.8293 0.0547
vn 0.4306 -0.7650 0.4789
vn 0.5545 -0.7691 0.3180
vn 0.6282 -0.6679 0.3990
vn 0.4822 -0.7340 0.4782
vn 0.6814 -0.6873 0.2517
vn 0.5513 -0.8053 0.2183
vn 0.7340 -0.0021 0.6791
vn 0.5235 -0.8134 0.2537
vn 0.4933 -0.7889 0.3664
vn 0.8741 -0.2948 0.3860
vn 0.4440 0.6259 -0.6412
vn 0.4434 0.6277 -0.6398
vn 0.6208 0.6261 -0.4719
vn 0.4185 0.7435 -0.5215
vn 0.4333 0.4167 -0.7991
vn 0.7027 -0.2332 -0.6722
vn 0.2668 -0.9602 0.0824
vn 0.3533 -0.9315 -0.0872
vn 0.3043 -0.9104 0.2804
vn 0.9083 -0.4175 -0.0276
vn 0.3962 -0.9128 -0.0994
vn 0.4622 -0.8743 0.1482
vn 0.4272 -0.7645 0.4827
vn 0.4824 -0.7634 0.4296
vn 0.1082 0.9356 0.3361
vn 0.3889 0.9087 0.1516
vn 0.5637 0.7935 -0.2292
vn 0.4361 0.8962 0.0811
vn 0.2842 0.9439 -0.1679
vn 0.4300 0.8859 -0.1741
vn 0.4173 -0.8092 0.4136
vn 0.5432 -0.7640 0.3482
vn 0.9176 0.3149 -0.2425
vn 0.3648 0.8449 -0.3913
vn 0.6307 0.7686 0.1071
vn 0.6066 0.6721 0.4246
vn 0.4925 0.8168 -0.3003
vn -0.0463 0.9203 -0.3886
vn -0.1454 0.8634 -0.4832
vn -0.1903 0.7340 -0.6519
vn -0.0566 0.8127 -0.5800
vn -0.3045 0.6840 -0.6629
vn -0.2525 0.8238 -0.5075
vn -0.3731 0.4528 -0.8098
vn -0.2439 0.5095 -0.8252
vn 0.0050 0.5815 -0.8135
vn -0.3162 0.1882 -0.9298
vn -0.1455 0.1829 -0.9723
vn -0.4293 0.1983 -0.8811
vn -0.3904 -0.0663 -0.9182
vn -0.4665 -0.0333 -0.8839
vn -0.2336 -0.1754 -0.9564
vn -0.0874 0.9319 0.3520
vn -0.0324 0.9227 0.3841
vn -0.1681 0.9766 0.1340
vn -0.2278 0.9718 0.0606
vn -0.1399 0.9587 0.2478
vn 0.0071 0.8856 0.4645
vn -0.3247 0.9429 -0.0742
vn -0.3119 0.9248 -0.2180
vn -0.3127 0.8987 -0.3075
vn 0.3042 0.7198 0.6240
vn 0.3226 0.7306 0.6019
vn 0.0700 0.8941 0.4424
vn -0.0279 0.9210 0.3885
vn 0.1105 0.8251 0.5541
vn 0.2630 0.7191 0.6433
vn 0.0174 0.8630 0.5049
vn -0.1001 0.9407 0.3240
vn -0.1064 0.9237 0.3679
vn -0.0211 0.8586 0.5123
vn -0.2472 0.9453 0.2126
vn -0.2839 0.9562 0.0717
vn 0.0805 0.7539 0.6520
vn 0.1081 0.7747 0.6230
vn 0.1907 0.6823 0.7058
vn 0.1566 0.6667 0.7287
vn 0.0912 0.8671 0.4897
vn 0.0717 0.7716 0.6320
vn 0.1465 0.6653 0.7320
vn 0.1952 0.7024 0.6845
vn -0.0415 0.8972 0.4396
vn 0.0191 0.9642 0.2643
vn 0.1377 0.9033 0.4062
vn 0.1480 0.9082 0.3915
vn 0.0241 0.9905 0.1352
vn 0.0255 0.9875 0.1553
vn 0.2443 0.6931 0.6781
vn 0.2640 0.7260 0.6350
vn 0.1360 0.9211 0.3649
vn 0.2827 0.7617 0.5829
vn -0.0098 0.9920 0.1261
vn 0.0258 0.9666 0.2550
vn -0.0944 0.9365 0.3377
vn -0.1917 0.9473 0.2567
vn -0.0783 0.9787 0.1896
vn 0.1153 0.9083 0.4022
vn 0.1070 0.9073 0.4066
vn 0.0103 0.9869 0.1610
vn 0.0277 0.9900 0.1380
vn 0.2097 0.7235 0.6577
vn 0.2067 0.6879 0.6957
vn 0.1081 0.9851 -0.1334
vn 0.1759 0.9836 -0.0409
vn 0.1784 0.9003 -0.3971
vn 0.2207 0.8099 -0.5435
vn 0.1011 0.9738 -0.2039
vn 0.1415 0.9896 0.0265
vn 0.1223 0.9803 0.1552
vn 0.0941 0.9863 0.1354
vn 0.0074 0.9966 0.0817
vn 0.1136 0.8959 0.4295
vn 0.2183 0.7331 0.6442
vn 0.0224 0.9811 0.1924
vn -0.3641 0.7338 -0.5735
vn -0.3418 0.8278 -0.4450
vn -0.2359 0.8912 -0.3875
vn -0.2048 0.9440 -0.2586
vn -0.2854 0.9121 -0.2944
vn 0.0621 0.9973 0.0399
vn 0.0262 0.9961 -0.0843
vn 0.0346 0.9977 0.0585
vn 0.0033 1.0000 -0.0074
vn -0.0413 0.9713 -0.2342
vn -0.0478 0.9933 -0.1054
vn -0.0396 0.9991 -0.0118
vn -0.0694 0.9948 -0.0752
vn -0.1122 0.9681 -0.2241
vn -0.1295 0.9875 -0.0895
vn -0.0438 0.9984 0.0344
vn -0.0021 0.9989 0.0466
vn 0.0458 0.9972 0.0592
vn 0.0511 0.4888 -0.8709
vn -0.0964 0.1635 -0.9818
vn -0.0199 0.1212 -0.9924
vn 0.0254 0.5713 -0.8204
vn -0.1629 -0.0916 -0.9824
vn -0.0860 -0.0575 -0.9946
vn -0.2949 0.9551 -0.0289
vn -0.1339 0.9826 -0.1288
vn 0.0178 0.8470 -0.5312
vn -0.1253 0.9105 -0.3940
vn -0.3812 0.9244 0.0100
vn -0.2708 0.9626 -0.0106
vn -0.4509 0.8903 -0.0636
vn -0.3391 0.9408 0.0020
vn -0.4467 0.8946 -0.0158
vn -0.3947 0.9168 0.0607
vn -0.4323 0.9016 0.0154
vn -0.4451 0.8920 0.0790
vn -0.4691 0.8813 0.0574
vn -0.4610 0.8746 -0.1500
vn -0.4389 0.8577 -0.2678
vn -0.5450 0.8383 0.0176
vn -0.5455 0.7509 -0.3723
vn -0.4066 0.8257 -0.3911
vn -0.3358 0.7854 -0.5201
vn -0.4021 0.6652 -0.6291
vn -0.2323 0.8301 -0.5070
vn -0.2199 0.9112 -0.3484
vn -0.0750 0.6970 -0.7131
vn -0.0698 0.6573 -0.7504
vn -0.3283 0.9195 -0.2160
vn -0.3133 0.9486 0.0447
vn -0.2298 0.9287 0.2911
vn -0.1415 0.9777 -0.1552
vn -0.0079 0.7896 -0.6135
vn -0.3313 0.8959 0.2961
vn -0.3221 0.8411 0.4345
vn -0.3477 0.9374 0.0178
vn -0.3589 0.9100 0.2077
vn -0.2454 0.7747 0.5828
vn -0.2413 0.8260 0.5094
vn -0.3914 0.8445 0.3655
vn -0.3225 0.8193 0.4740
vn -0.3823 0.6857 0.6194
vn -0.4772 0.6540 0.5870
vn -0.2881 0.5950 0.7503
vn -0.2414 0.7789 0.5788
vn -0.4997 0.1795 0.8474
vn -0.4336 0.1779 0.8834
vn -0.3121 -0.3896 0.8665
vn -0.3444 -0.3674 0.8639
vn -0.2453 -0.4057 0.8805
vn -0.3261 0.0965 0.9404
vn -0.7460 0.6331 0.2064
vn -0.8960 0.1881 0.4023
vn -0.6138 0.1681 0.7714
vn -0.5795 0.6531 0.4875
vn -0.4458 -0.4016 0.8000
vn -0.6871 -0.4278 0.5873
vn -0.1745 -0.7405 0.6490
vn -0.1925 -0.7103 0.6770
vn -0.1393 -0.9259 0.3513
vn -0.0717 -0.9581 0.2772
vn -0.2633 -0.6488 0.7139
vn -0.2848 -0.8795 0.3812
vn 0.0802 -0.8631 -0.4986
vn 0.0333 -0.8474 -0.5300
vn -0.0834 -0.9944 -0.0650
vn -0.0099 -0.9925 -0.1218
vn -0.2115 -0.9736 -0.0861
vn -0.0728 -0.7920 -0.6062
vn 0.2645 -0.4323 -0.8620
vn 0.1633 -0.3041 -0.9385
vn 0.1506 -0.5114 -0.8460
vn 0.1940 -0.6206 -0.7597
vn 0.0528 -0.4806 -0.8753
vn 0.0649 -0.2499 -0.9661
vn -0.5423 0.7257 -0.4234
vn -0.6681 0.7204 -0.1862
vn -0.4927 0.8554 0.1600
vn -0.4169 0.9057 -0.0770
vn -0.6776 -0.7284 0.1014
vn -0.2347 -0.8180 0.5251
vn -0.4954 -0.7558 -0.4281
vn -0.1201 -0.9881 0.0957
vn -0.3682 0.6478 -0.6669
vn -0.4476 0.6879 -0.5713
vn -0.3592 0.8920 -0.2745
vn -0.2978 0.8422 -0.4495
vn -0.9648 0.0685 -0.2540
vn -0.6999 0.1089 -0.7059
vn -0.5178 0.1375 -0.8444
vn -0.3848 0.1819 -0.9049
vn -0.2068 -0.5175 -0.8303
vn -0.3236 -0.6393 -0.6976
vn -0.0064 -0.8053 -0.5929
vn -0.0482 -0.9503 -0.3076
vn -0.0507 0.6167 -0.7856
vn 0.0560 0.4810 -0.8749
vn 0.0958 0.3906 -0.9156
vn -0.0542 0.5017 -0.8633
vn 0.0391 0.4881 -0.8719
vn 0.0732 0.3634 -0.9287
vn -0.2518 0.6003 -0.7591
vn -0.1945 0.7590 -0.6214
vn -0.0404 0.5830 -0.8114
vn -0.0161 0.4970 -0.8676
vn -0.0005 0.5221 -0.8529
vn 0.0034 0.6283 -0.7780
vn 0.2150 -0.0949 -0.9720
vn 0.1118 -0.0232 -0.9935
vn 0.1345 -0.1676 -0.9766
vn 0.2679 -0.2793 -0.9221
vn 0.1101 -0.0606 -0.9921
vn 0.1244 0.0783 -0.9891
vn 0.2749 -0.3197 -0.9068
vn 0.2288 -0.0794 -0.9702
vn 0.1818 -0.4147 -0.8916
vn 0.0503 -0.1389 -0.9890
vn 0.0359 0.2921 -0.9557
vn 0.0299 0.3822 -0.9236
vn 0.1340 0.1494 -0.9797
vn 0.1542 0.1972 -0.9682
vn -0.0368 0.2432 -0.9693
vn 0.0699 -0.5988 -0.7979
vn -0.1037 -0.3134 -0.9439
vn -0.2495 0.2373 -0.9389
vn -0.9990 0.0372 0.0229
vn -0.7948 0.2562 -0.5501
vn -0.7452 0.5038 -0.4369
vn -0.8805 0.4583 0.1210
vn -0.4666 0.5010 -0.7289
vn -0.4721 0.1640 -0.8661
vn -0.2924 0.6286 -0.7206
vn -0.3169 0.7600 -0.5674
vn -0.4125 0.7638 -0.4964
vn -0.3490 0.6290 -0.6947
vn -0.4962 0.8386 -0.2247
vn -0.3571 0.8891 -0.2864
vn -0.4222 0.9050 0.0519
vn -0.3699 0.9260 0.0760
vn -0.2174 0.9187 0.3297
vn -0.2746 0.9152 0.2951
vn -0.1653 0.8694 0.4656
vn -0.1313 0.8977 0.4206
vn 0.0462 0.6298 0.7754
vn 0.1480 0.6804 0.7177
vn -0.3288 -0.7528 -0.5702
vn -0.6060 -0.7845 -0.1315
vn -0.8246 -0.3756 -0.4231
vn -0.6374 -0.2646 -0.7237
vn -0.7556 -0.5981 0.2670
vn -0.7614 -0.6289 0.1571
vn -0.4235 -0.8987 0.1136
vn -0.5575 -0.6384 -0.5307
vn -0.4446 -0.4513 -0.7737
vn -0.2149 0.8513 0.4787
vn -0.1254 0.7456 0.6544
vn -0.1583 0.8287 0.5368
vn -0.2261 0.8940 0.3867
vn 0.0079 0.5931 0.8051
vn -0.0161 0.5738 0.8189
vn -0.1785 0.7234 0.6670
vn -0.0987 0.6407 0.7614
vn -0.0750 0.6843 0.7254
vn -0.1960 0.7856 0.5869
vn 0.0109 0.5956 0.8032
vn -0.0279 0.5691 0.8218
vn -0.4000 0.5014 0.7672
vn -0.3309 0.4700 0.8183
vn -0.1803 0.5453 0.8186
vn -0.2155 0.5802 0.7855
vn -0.1239 0.4989 0.8578
vn -0.2490 0.3978 0.8830
vn -0.6783 -0.0258 0.7343
vn -0.5408 0.2617 0.7994
vn -0.5799 0.3179 0.7501
vn -0.7350 0.0411 0.6768
vn -0.6263 -0.0746 0.7760
vn -0.4611 0.1672 0.8714
vn -0.7257 -0.4227 0.5429
vn -0.7881 -0.4310 0.4395
vn -0.3310 -0.8018 0.4975
vn -0.5508 -0.7859 0.2811
vn -0.7241 -0.6773 0.1299
vn -0.7587 -0.4513 0.4698
vn -0.4259 -0.7923 0.4368
vn -0.0886 -0.8707 0.4837
vn -0.7261 -0.6270 0.2822
vn -0.5967 0.7882 -0.1509
vn -0.5705 0.8184 -0.0695
vn -0.3095 0.9458 -0.0988
vn -0.2457 0.9590 -0.1415
vn -0.2831 0.9591 0.0025
vn -0.4422 0.8908 0.1046
vn -0.1649 0.9733 0.1596
vn -0.3345 0.9199 0.2045
vn -0.1185 0.9150 0.3856
vn -0.2697 0.8957 0.3535
vn -0.3955 0.6122 -0.6847
vn -0.3834 0.8227 -0.4197
vn -0.1662 0.8730 -0.4585
vn -0.2034 0.6251 -0.7536
vn -0.3528 0.4436 -0.8238
vn -0.3400 0.4197 -0.8416
vn -0.3588 0.5200 -0.7751
vn -0.3424 0.5270 -0.7779
vn -0.1317 0.5313 -0.8369
vn -0.0284 0.3555 -0.9342
vn -0.5990 0.0166 -0.8006
vn -0.3700 -0.1713 -0.9131
vn -0.3586 0.1208 -0.9256
vn -0.4358 0.2366 -0.8684
vn 0.0649 -0.0687 -0.9955
vn 0.1983 -0.3825 -0.9024
vn -0.4748 0.5415 0.6938
vn -0.6715 0.4040 0.6212
vn -0.2656 0.3844 0.8841
vn -0.6285 0.2778 0.7265
vn -0.8173 0.2772 0.5051
vn -0.7980 0.2055 0.5665
vn -0.8734 0.0380 0.4855
vn -0.8006 -0.2166 0.5586
vn -0.6827 -0.4350 0.5872
vn -0.4652 -0.6594 0.5905
vn -0.1100 -0.8793 0.4634
vn -0.3041 -0.8487 0.4327
vn -0.0937 -0.9950 0.0333
vn -0.0743 -0.9933 0.0884
vn 0.0268 -0.9481 -0.3169
vn -0.0517 -0.9376 -0.3439
vn 0.1849 -0.8364 -0.5160
vn 0.0578 -0.7965 -0.6019
vn 0.2615 -0.7256 -0.6365
vn 0.1131 -0.6800 -0.7244
vn 0.3382 -0.6375 -0.6923
vn 0.1277 -0.5454 -0.8284
vn -0.4517 -0.2382 -0.8598
vn -0.4160 -0.3430 -0.8422
vn -0.3787 0.6068 0.6989
vn -0.3458 0.5281 0.7756
vn -0.3998 0.4829 0.7791
vn -0.4181 0.5951 0.6863
vn -0.4784 0.1194 0.8700
vn -0.6726 0.3248 0.6649
vn -0.4036 0.1386 0.9044
vn -0.4633 0.2763 0.8420
vn -0.4854 0.5010 0.7166
vn -0.1834 -0.6331 -0.7520
vn -0.2178 -0.5371 -0.8149
vn -0.1637 -0.3530 -0.9212
vn -0.1143 -0.5019 -0.8573
vn -0.2050 -0.0941 -0.9742
vn -0.2343 -0.3839 -0.8931
vn -0.2139 0.1797 -0.9602
vn -0.1541 -0.1918 -0.9693
vn -0.0677 -0.4039 -0.9123
vn -0.1440 -0.2045 -0.9682
vn -0.2736 0.0134 -0.9618
vn -0.0832 0.2074 -0.9747
vn -0.1101 0.1428 -0.9836
vn -0.2378 0.5633 -0.7913
vn -0.4290 0.4583 -0.7784
vn -0.1940 0.6684 -0.7180
vn -0.0971 0.3666 -0.9253
vn -0.1289 0.3503 -0.9277
vn -0.1874 0.1029 -0.9769
vn -0.1970 -0.2586 -0.9457
vn -0.1822 0.3457 -0.9205
vn -0.4612 -0.7646 -0.4501
vn -0.3978 -0.8357 -0.3786
vn -0.4765 -0.8791 -0.0105
vn -0.5534 -0.8263 -0.1044
vn -0.4556 -0.8866 0.0801
vn -0.3681 -0.8729 -0.3203
vn -0.5564 -0.6290 0.5430
vn -0.5588 -0.5830 0.5897
vn -0.6084 -0.7321 0.3065
vn -0.2997 -0.7039 -0.6440
vn -0.2669 -0.7709 -0.5783
vn -0.3293 -0.6119 -0.7191
vn -0.4852 0.5895 -0.6458
vn -0.3636 0.7876 -0.4975
vn -0.3608 0.8263 -0.4325
vn -0.4368 0.6691 -0.6013
vn -0.2500 0.9293 -0.2717
vn -0.2797 0.8881 -0.3648
vn -0.2906 0.9112 -0.2920
vn -0.2376 0.9536 -0.1849
vn -0.4578 0.7464 -0.4830
vn -0.4405 0.8978 0.0002
vn -0.3408 0.8930 0.2941
vn -0.3167 0.9223 0.2214
vn -0.5023 -0.2493 0.8280
vn -0.4962 -0.0627 0.8659
vn -0.4892 -0.1834 0.8527
vn -0.5447 -0.4211 0.7252
vn -0.5787 -0.1913 0.7928
vn -0.5753 0.1492 0.8042
vn -0.6382 -0.5257 0.5624
vn -0.5205 -0.2891 0.8034
vn -0.5694 -0.2361 0.7874
vn -0.7117 -0.5004 -0.4930
vn -0.7181 0.1314 -0.6834
vn -0.5579 0.0556 -0.8280
vn -0.4197 -0.4292 -0.7998
vn -0.8982 0.3043 -0.3173
vn -0.9764 -0.2133 -0.0344
vn -0.6933 0.6563 0.2976
vn -0.3529 0.6213 0.6996
vn -0.3523 0.6973 0.6243
vn -0.8166 -0.3428 0.4643
vn -0.7273 -0.6822 0.0749
vn -0.5472 -0.6739 -0.4965
vn -0.3554 -0.5294 -0.7703
vn -0.6540 -0.7526 -0.0762
vn -0.2562 0.9270 -0.2741
vn -0.1960 0.7375 -0.6463
vn -0.2485 0.9470 -0.2036
vn -0.2883 0.9411 -0.1765
vn -0.2969 0.9310 -0.2122
vn -0.2575 0.8288 -0.4967
vn -0.2318 0.9530 -0.1952
vn -0.2640 0.9566 0.1230
vn -0.2205 0.9584 0.1809
vn -0.2450 0.9616 -0.1235
vn -0.2742 0.7224 0.6348
vn -0.2347 0.8133 0.5324
vn -0.3028 0.7851 0.5403
vn -0.3346 0.6735 0.6592
vn -0.1390 0.4674 -0.8730
vn -0.1795 0.4405 -0.8796
vn -0.2192 0.5930 -0.7748
vn -0.2416 0.4803 -0.8432
vn -0.2597 0.4371 -0.8611
vn -0.2036 0.4407 -0.8742
vn -0.2182 0.3426 -0.9138
vn -0.1956 0.3433 -0.9186
vn -0.2320 0.7987 0.5553
vn -0.2822 0.6754 0.6814
vn -0.3068 0.6651 0.6808
vn -0.2488 0.7947 0.5536
vn -0.0356 -0.2608 -0.9647
vn -0.0794 -0.3382 -0.9377
vn -0.1349 -0.0394 -0.9901
vn -0.1147 0.0512 -0.9921
vn -0.2592 0.8367 0.4825
vn -0.1880 0.8324 0.5213
vn -0.3676 0.6557 0.6595
vn -0.4139 0.6201 0.6664
vn -0.3398 0.6405 0.6887
vn -0.3206 0.6992 0.6390
vn -0.5302 0.3562 0.7694
vn -0.6111 -0.0847 0.7870
vn -0.2508 -0.1752 0.9520
vn -0.3004 0.3059 0.9034
vn -0.5731 -0.2820 0.7695
vn -0.4555 -0.5592 0.6927
vn -0.1930 -0.5975 0.7783
vn -0.2606 -0.4627 0.8473
vn -0.4308 -0.8799 0.2004
vn -0.3649 -0.8964 -0.2517
vn -0.3947 -0.9069 -0.1476
vn -0.3593 -0.8672 0.3447
vn -0.1676 -0.6724 -0.7210
vn -0.2674 -0.8029 -0.5328
vn -0.2964 -0.8101 -0.5059
vn -0.1660 -0.6782 -0.7159
vn -0.5695 -0.0750 -0.8186
vn 0.4794 -0.5701 -0.6672
vn -0.0052 -0.3668 -0.9303
vn 0.3644 -0.5477 -0.7532
vn -0.2988 -0.2826 -0.9115
vn -0.6577 -0.0230 -0.7529
vn -0.0417 -0.4688 -0.8823
vn -0.0825 -0.5478 -0.8325
vn -0.0790 -0.5506 -0.8310
vn -0.0558 -0.4829 -0.8739
vn -0.0623 -0.4216 -0.9047
vn -0.0657 -0.4554 -0.8878
vn -0.0123 -0.3574 -0.9339
vn 0.0171 -0.4152 -0.9096
vn -0.3725 -0.2379 -0.8970
vn -0.6715 -0.0338 -0.7402
vn 0.2081 -0.4894 -0.8469
vn 0.0506 -0.5373 -0.8419
vn -0.0547 -0.4917 -0.8690
vn 0.0858 -0.5097 -0.8561
vn 0.2949 -0.5538 -0.7787
vn 0.2435 -0.4725 -0.8470
vn 0.4375 -0.5251 -0.7300
vn -0.0076 0.6040 -0.7969
vn -0.0016 0.8045 -0.5939
vn -0.0471 0.7406 -0.6703
vn 0.0141 0.6126 -0.7903
vn 0.0086 0.9284 -0.3716
vn 0.1361 0.9634 -0.2310
vn 0.1986 0.9786 -0.0533
vn 0.0418 0.9886 -0.1448
vn 0.0321 0.9986 0.0423
vn 0.1607 0.9826 0.0928
vn -0.1976 0.8661 -0.4592
vn -0.2537 0.9406 -0.2258
vn -0.2647 0.9597 -0.0946
vn -0.1305 0.7269 -0.6742
vn -0.1189 0.6461 -0.7539
vn -0.0350 0.9603 0.2767
vn 0.1366 0.9504 0.2793
vn -0.1564 0.8480 0.5063
vn -0.0184 0.8689 0.4946
vn -0.2607 0.9594 0.1074
vn -0.2298 0.8899 0.3940
vn -0.1893 0.7999 0.5695
vn -0.1617 0.8092 0.5649
vn -0.2122 0.7904 0.5746
vn -0.2179 0.7893 0.5740
vn -0.2028 0.8007 0.5636
vn -0.2307 0.7654 0.6007
vn 0.1617 0.2907 -0.9430
vn 0.0402 0.5134 -0.8572
vn 0.0836 0.5207 -0.8497
vn 0.1538 0.2677 -0.9512
vn -0.1220 0.5206 -0.8450
vn -0.0787 0.2684 -0.9601
vn 0.4038 -0.4204 -0.8126
vn 0.2629 -0.1353 -0.9553
vn 0.2525 -0.1232 -0.9597
vn 0.3592 -0.3865 -0.8495
vn 0.0286 -0.0474 -0.9985
vn 0.1494 -0.2972 -0.9431
vn 0.5157 -0.5451 -0.6611
vn 0.4522 -0.5228 -0.7226
vn 0.4247 -0.4923 -0.7598
vn 0.2284 -0.4174 -0.8796
vn -0.2545 0.3544 0.8998
vn -0.2575 0.7260 0.6377
vn -0.2873 0.7411 0.6068
vn -0.3511 0.5168 0.7808
vn -0.2309 0.6637 0.7114
vn -0.0457 0.2381 0.9702
vn -0.2893 -0.1519 0.9451
vn -0.3575 -0.0343 0.9333
vn -0.5435 -0.2339 0.8061
vn -0.7875 0.1054 0.6072
vn -0.2788 -0.0590 0.9585
vn -0.1293 -0.4557 0.8807
vn -0.8498 0.1013 0.5173
vn -0.6241 -0.1639 0.7639
vn -0.6900 -0.2967 0.6602
vn -0.8395 -0.2215 0.4961
vn -0.0792 -0.4826 0.8722
vn -0.1640 -0.5344 0.8292
vn -0.4563 -0.7977 0.3943
vn -0.4851 -0.7557 0.4400
vn -0.3524 -0.9338 -0.0617
vn -0.2259 -0.9738 -0.0280
vn -0.3916 -0.7989 0.4566
vn -0.4272 -0.8998 -0.0883
vn -0.0808 -0.9172 -0.3902
vn -0.1993 -0.8712 -0.4486
vn -0.0833 -0.7381 -0.6696
vn 0.0558 -0.7962 -0.6025
vn -0.2843 -0.8249 -0.4886
vn -0.1598 -0.6865 -0.7094
vn 0.1394 -0.6776 -0.7221
vn 0.0043 -0.6146 -0.7888
vn 0.1818 -0.5798 -0.7942
vn -0.0883 -0.5538 -0.8279
vn 0.4019 -0.5546 -0.7286
vn -0.4685 -0.2670 -0.8421
vn -0.5071 -0.3448 -0.7899
vn -0.6108 -0.1230 -0.7822
vn -0.6250 -0.0750 -0.7770
vn -0.0423 -0.6543 -0.7551
vn -0.1918 -0.6993 -0.6886
vn -0.3291 -0.5158 -0.7909
vn -0.2196 -0.4863 -0.8458
vn -0.3005 -0.3059 -0.9034
vn -0.4052 -0.2722 -0.8728
vn -0.6293 -0.0551 -0.7752
vn -0.5865 -0.0848 -0.8055
vn -0.1284 -0.4786 -0.8686
vn -0.0299 -0.4789 -0.8774
vn 0.0747 -0.5550 -0.8285
vn 0.0326 -0.6003 -0.7991
vn -0.1332 -0.3478 -0.9281
vn -0.4813 -0.1591 -0.8620
vn -0.2684 -0.0708 -0.9607
vn 0.0210 -0.2485 -0.9684
vn -0.2194 0.3809 -0.8982
vn -0.2754 0.5187 -0.8094
vn -0.1405 0.1775 -0.9740
vn -0.0643 -0.0467 -0.9968
vn 0.0604 -0.4579 -0.8869
vn 0.1316 -0.3996 -0.9072
vn 0.1796 -0.4560 -0.8717
vn 0.1205 -0.5108 -0.8512
vn -0.0796 -0.6462 -0.7590
vn 0.0921 -0.5267 -0.8451
vn 0.0123 -0.3986 -0.9171
vn -0.2394 -0.3755 -0.8954
vn -0.8224 -0.2138 -0.5272
vn -0.9590 -0.2778 -0.0559
vn -0.7864 -0.6157 -0.0487
vn -0.7076 -0.6332 -0.3136
vn -0.5200 -0.7061 -0.4807
vn -0.6329 -0.3549 -0.6881
vn -0.3492 -0.5710 -0.7430
vn -0.2030 -0.7148 -0.6692
vn -0.3754 -0.7432 -0.5538
vn -0.3235 -0.7467 -0.5811
vn -0.4051 -0.8561 -0.3208
vn -0.4675 -0.8484 -0.2485
vn -0.3069 -0.8771 -0.3694
vn -0.3456 -0.8592 -0.3772
vn -0.5306 -0.8382 -0.1263
vn -0.2312 -0.8739 -0.4276
vn -0.3697 -0.8319 -0.4139
vn -0.3995 -0.8305 -0.3882
vn -0.4424 -0.7754 -0.4506
vn -0.4142 -0.7690 -0.4869
vn -0.1517 -0.6662 -0.7302
vn -0.0416 -0.3279 -0.9438
vn -0.0401 -0.4903 -0.8706
vn -0.1237 -0.7709 -0.6248
vn -0.0312 -0.5758 -0.8170
vn 0.1105 -0.3360 -0.9354
vn -0.1132 -0.1885 -0.9755
vn 0.0626 -0.1574 -0.9855
vn -0.1164 -0.3430 -0.9321
vn -0.1566 -0.7653 -0.6243
vn -0.0563 -0.6139 -0.7874
vn -0.2162 -0.7059 -0.6745
vn -0.0765 -0.6197 -0.7811
vn -0.4889 -0.3959 -0.7773
vn -0.4748 -0.3652 -0.8008
vn -0.4889 -0.0374 -0.8715
vn -0.3536 -0.7605 -0.5446
vn -0.3339 -0.8035 -0.4929
vn -0.3622 -0.7385 -0.5687
vn -0.4658 -0.3533 -0.8113
vn -0.1773 -0.6491 -0.7397
vn -0.1438 -0.5402 -0.8291
vn -0.3361 -0.4589 -0.8225
vn -0.2985 -0.7229 -0.6231
vn 0.2905 -0.0971 -0.9519
vn 0.3721 0.2156 -0.9028
vn 0.2086 0.1362 -0.9685
vn 0.1744 -0.0844 -0.9811
vn 0.2441 0.5411 -0.8048
vn 0.1388 0.6149 -0.7763
vn 0.1673 0.9035 -0.3946
vn 0.4042 0.7711 -0.4919
vn 0.4430 0.8965 0.0014
vn 0.0096 0.9995 0.0302
vn 0.3677 0.8542 0.3677
vn -0.0498 0.9764 0.2103
vn -0.1106 0.9568 0.2690
vn 0.3193 0.7790 0.5397
vn 0.1473 0.7658 0.6259
vn -0.1116 0.9325 0.3436
vn -0.1892 0.8581 0.4774
vn -0.0713 0.7467 0.6614
vn -0.2799 0.7959 0.5369
vn -0.1772 0.7001 0.6917
vn -0.4361 0.6754 0.5947
vn -0.3290 0.5348 0.7783
vn 0.2225 -0.3866 -0.8950
vn 0.2870 -0.1623 -0.9441
vn 0.1786 -0.3497 -0.9197
vn 0.2822 -0.1217 -0.9516
vn -0.2176 -0.8289 -0.5153
vn 0.0300 -0.5281 -0.8487
vn 0.0667 -0.5754 -0.8152
vn -0.1843 -0.8702 -0.4570
vn -0.4764 -0.8790 0.0186
vn -0.5139 -0.8578 -0.0060
vn -0.6570 -0.7086 0.2573
vn -0.5189 -0.7715 0.3680
vn -0.5872 0.0847 0.8050
vn -0.7469 0.2987 0.5941
vn -0.7835 -0.2336 0.5758
vn -0.5473 -0.3302 0.7690
vn -0.7464 -0.4915 0.4487
vn -0.5156 -0.5827 0.6282
vn -0.3743 -0.8458 0.3802
vn -0.3452 -0.6029 0.7193
vn -0.4198 -0.5963 0.6843
vn -0.4423 -0.8178 0.3683
vn -0.3582 -0.3877 0.8493
vn -0.2722 -0.4064 0.8722
vn -0.0387 0.6810 -0.7313
vn 0.0302 0.3648 -0.9306
vn 0.0413 0.3498 -0.9359
vn -0.0503 0.7148 -0.6975
vn 0.2460 -0.0236 -0.9690
vn 0.1925 0.0486 -0.9801
vn 0.1754 -0.0553 -0.9829
vn 0.2411 -0.0884 -0.9665
vn 0.1529 -0.2995 -0.9418
vn 0.0996 -0.2436 -0.9647
vn 0.2988 -0.0900 -0.9501
vn 0.2909 -0.1209 -0.9491
vn 0.1688 -0.3230 -0.9312
vn 0.2011 0.3309 -0.9220
vn 0.0986 0.6380 -0.7637
vn -0.0658 0.8643 -0.4986
vn -0.0192 0.7491 -0.6621
vn -0.0821 0.7550 -0.6506
vn 0.0117 0.9558 -0.2937
vn 0.2064 0.7636 -0.6118
vn 0.3673 0.9264 -0.0823
vn -0.0068 0.8889 0.4580
vn 0.0624 0.9744 0.2159
vn -0.0914 0.9956 -0.0187
vn -0.1274 0.9175 0.3768
vn 0.3400 0.8768 0.3401
vn 0.2460 0.8038 0.5416
vn -0.2145 0.7688 0.6025
vn -0.1176 0.8056 0.5807
vn -0.1780 0.8104 0.5582
vn -0.1984 0.7615 0.6170
vn 0.0517 0.7677 0.6387
vn -0.1476 0.7511 0.6435
vn -0.2772 0.4316 0.8584
vn -0.2136 0.7390 0.6390
vn -0.2067 0.7459 0.6332
vn -0.2707 0.4775 0.8359
vn -0.2026 0.7193 0.6645
vn -0.3003 0.4794 0.8246
vn -0.3371 -0.1044 0.9357
vn -0.2783 -0.0484 0.9593
vn -0.4619 -0.0300 0.8864
vn -0.4460 -0.3619 0.8186
vn 0.0303 -0.5023 -0.8642
vn 0.0245 -0.4797 -0.8771
vn -0.1802 -0.7373 -0.6511
vn -0.2135 -0.7595 -0.6145
vn 0.0269 -0.5135 -0.8576
vn -0.2253 -0.7874 -0.5738
vn -0.3496 -0.9337 -0.0774
vn -0.4193 -0.9074 -0.0286
vn -0.4636 -0.8860 -0.0126
vn -0.4958 -0.7911 0.3584
vn -0.4697 -0.5920 0.6549
vn -0.2636 0.9389 0.2213
vn -0.3161 0.9276 0.1994
vn -0.2876 0.9480 0.1362
vn -0.2289 0.9709 0.0709
vn -0.4431 0.8243 0.3525
vn -0.4591 0.8326 0.3098
vn -0.5131 0.8444 -0.1541
vn -0.3564 0.9031 -0.2395
vn -0.3337 0.9206 -0.2029
vn -0.3550 0.9347 0.0188
vn -0.3097 0.9076 -0.2834
vn -0.4017 0.9043 -0.1443
vn -0.3650 0.9259 -0.0973
vn -0.3557 0.9262 -0.1249
vn -0.3141 0.7767 -0.5460
vn -0.2488 0.9274 -0.2794
vn -0.2258 0.7412 -0.6322
vn -0.2765 0.9564 -0.0943
vn -0.2402 0.9566 -0.1649
vn -0.2144 0.8697 -0.4446
vn -0.2137 0.7228 -0.6572
vn -0.5214 0.7654 -0.3772
vn -0.4648 0.8813 0.0854
vn -0.7142 0.6914 0.1089
vn -0.7079 0.5849 -0.3959
vn -0.5981 0.6209 0.5067
vn -0.3157 0.8346 0.4513
vn -0.2004 0.9796 0.0124
vn -0.3112 0.9495 0.0393
vn -0.3453 0.8884 -0.3024
vn -0.1542 0.9182 0.3648
vn -0.1982 0.9023 0.3829
vn -0.2164 0.6998 0.6808
vn -0.4220 0.4491 0.7875
vn -0.0538 0.4467 0.8930
vn -0.2251 0.2544 0.9405
vn -0.0473 0.8364 0.5461
vn -0.0254 0.6976 0.7160
vn -0.1367 0.7986 0.5861
vn -0.1221 0.8691 0.4793
vn -0.3084 0.9410 0.1396
vn -0.2176 0.9753 0.0383
vn -0.2915 0.7871 0.5436
vn -0.1986 0.8698 0.4517
vn -0.3455 0.8204 0.4556
vn -0.2197 0.8613 0.4581
vn -0.2629 0.8377 0.4787
vn -0.1217 0.8485 0.5151
vn 0.0667 0.6564 0.7515
vn 0.0155 0.6076 0.7941
vn 0.1949 0.2801 0.9400
vn 0.0993 0.3864 0.9170
vn -0.1354 0.7650 0.6296
vn -0.2242 0.7257 0.6505
vn -0.3425 0.9157 0.2101
vn -0.2660 0.9436 0.1974
vn -0.3139 0.8402 0.4422
vn -0.2343 0.9307 0.2808
vn -0.2527 0.9675 0.0048
vn -0.3123 0.9146 0.2569
vn -0.2614 0.9484 0.1793
vn -0.4472 0.8768 0.1767
vn -0.2507 0.7806 0.5725
vn -0.1291 0.8062 0.5773
vn -0.4245 0.9043 0.0460
vn -0.2770 0.9607 -0.0155
vn -0.2211 0.9533 0.2059
vn -0.3680 0.9071 0.2043
vn -0.0676 0.7459 0.6626
vn -0.0677 0.8651 0.4970
vn 0.2111 0.3824 0.8996
vn 0.2097 0.2714 0.9393
vn -0.2837 0.4189 -0.8626
vn -0.4510 0.8298 -0.3287
vn -0.2463 0.8336 -0.4944
vn -0.1376 0.3841 -0.9130
vn -0.1825 0.7636 -0.6194
vn -0.0940 0.3729 -0.9231
vn -0.6731 0.7371 -0.0596
vn -0.5176 0.4297 -0.7399
vn -0.7936 0.3324 -0.5096
vn -0.5975 0.6592 0.4565
vn -0.8828 0.4542 0.1197
vn -0.7368 0.3684 0.5670
vn -0.6703 0.6901 0.2729
vn -0.8759 0.3878 0.2870
vn -0.6689 0.7288 -0.1464
vn -0.8825 0.4362 -0.1756
vn -0.6279 0.7494 0.2101
vn -0.8477 0.4525 0.2769
vn -0.6242 0.3168 0.7142
vn -0.4508 0.6633 0.5973
vn -0.8660 0.4832 0.1288
vn -0.6040 0.7808 0.1598
vn -0.5648 0.7649 0.3096
vn -0.8774 0.3466 0.3317
vn -0.7659 0.4410 0.4679
vn -0.5221 0.7115 0.4703
vn -0.5464 0.3375 0.7665
vn -0.3238 0.5109 0.7963
vn -0.1711 0.5334 0.8284
vn -0.3421 0.8063 0.4826
vn -0.2430 0.4989 -0.8319
vn -0.2252 0.6080 -0.7613
vn -0.1556 0.3264 -0.9323
vn -0.2404 0.2492 -0.9381
vn -0.1755 0.4512 -0.8750
vn -0.4720 0.5789 -0.6649
vn -0.5229 0.4109 -0.7468
vn -0.1948 0.1603 -0.9677
vn -0.3615 0.7061 -0.6088
vn -0.3231 0.7229 -0.6108
vn -0.2972 0.6414 -0.7073
vn -0.4518 0.6027 -0.6578
vn 0.1063 -0.1697 -0.9797
vn 0.3338 -0.5299 -0.7796
vn 0.3434 -0.5728 -0.7443
vn 0.2058 -0.1466 -0.9675
vn 0.7640 -0.0756 -0.6408
vn 0.4211 0.2458 -0.8731
vn 0.3507 0.0963 -0.9315
vn 0.5671 -0.3677 -0.7370
vn 0.0498 0.4259 -0.9034
vn 0.0715 0.3858 -0.9198
vn -0.4904 0.4807 -0.7269
vn -0.4516 0.3100 -0.8366
vn -0.8120 -0.2578 -0.5236
vn -0.5122 -0.0204 -0.8586
vn 0.0081 -0.1901 -0.9817
vn 0.0681 0.2543 -0.9647
vn 0.4718 0.2134 -0.8555
vn 0.5730 -0.2138 -0.7911
vn 0.8546 -0.0347 -0.5182
vn 0.8688 -0.2127 -0.4471
vn -0.3730 0.0942 -0.9231
vn -0.3957 -0.3283 -0.8577
vn -0.7114 -0.5488 -0.4389
vn -0.8221 -0.4496 -0.3494
vn 0.0207 -0.8086 -0.5880
vn -0.4232 -0.7707 -0.4763
vn -0.0382 -0.9824 0.1826
vn -0.4086 -0.8756 0.2575
vn -0.5906 -0.6619 0.4616
vn -0.7067 -0.7055 -0.0542
vn 0.8580 -0.4875 -0.1617
vn 0.5316 -0.7270 -0.4347
vn 0.3973 -0.8899 0.2240
vn 0.7311 -0.6424 0.2299
vn -0.5626 -0.8014 -0.2029
vn -0.4351 -0.8316 0.3452
vn -0.8424 -0.2051 0.4983
vn -0.9847 -0.1717 -0.0309
vn -0.4684 -0.1046 0.8773
vn -0.2597 -0.5483 0.7949
vn -0.8906 -0.3742 0.2584
vn -0.5809 -0.3969 0.7107
vn -0.1192 -0.9182 0.3778
vn -0.4740 -0.8796 0.0399
vn -0.8998 -0.2849 -0.3306
vn -0.9121 -0.3705 0.1754
vn -0.2386 -0.9647 -0.1112
vn -0.3102 -0.8433 -0.4388
vn -0.6805 -0.2613 0.6846
vn -0.8721 -0.3418 0.3501
vn -0.1956 -0.8266 0.5277
vn -0.3130 -0.9305 0.1904
vn -0.9668 -0.2464 0.0683
vn -0.3540 -0.9349 -0.0243
vn -0.6864 -0.1620 -0.7089
vn -0.3035 -0.6736 -0.6739
vn -0.1269 -0.0990 -0.9870
vn -0.2854 -0.0886 -0.9543
vn -0.0551 -0.6562 -0.7526
vn 0.0061 -0.6841 -0.7294
vn 0.1361 -0.9879 -0.0739
vn 0.1275 -0.9911 -0.0388
vn 0.1869 -0.9151 0.3574
vn 0.1769 -0.9402 0.2912
vn -0.0710 0.0167 -0.9973
vn -0.0833 -0.0661 -0.9943
vn -0.0663 -0.6195 -0.7822
vn -0.0703 -0.4653 -0.8823
vn -0.0467 -0.0795 -0.9957
vn -0.0761 0.0367 -0.9964
vn 0.0172 -0.3694 -0.9291
vn 0.1877 -0.3770 -0.9070
vn 0.0247 0.5168 0.8557
vn -0.1657 0.8717 0.4612
vn 0.1610 -0.4160 0.8950
vn 0.0175 0.1593 0.9871
vn -0.1454 0.0790 0.9862
vn 0.0083 -0.5043 0.8635
vn 0.2844 -0.4528 0.8451
vn 0.2761 0.0253 0.9608
vn 0.1655 0.1359 0.9768
vn 0.2570 -0.4118 0.8743
vn 0.3270 -0.0154 0.9449
vn 0.3532 -0.0718 0.9328
vn 0.2772 -0.3465 0.8962
vn 0.3020 -0.2244 0.9265
vn 0.0142 -0.9621 0.2722
vn -0.0634 -0.9445 -0.3225
vn 0.0813 -0.9257 -0.3694
vn 0.1775 -0.9361 0.3037
vn -0.0504 -0.9659 -0.2540
vn 0.1494 -0.8900 0.4307
vn 0.2309 -0.9145 0.3322
vn 0.0589 -0.9316 -0.3588
vn -0.0193 -0.9700 -0.2424
vn 0.1651 -0.9784 0.1243
vn 0.1983 -0.9796 0.0321
vn 0.1078 -0.9378 -0.3300
vn 0.1451 -0.9664 -0.2121
vn 0.0657 -0.8941 -0.4429
vn 0.1069 -0.8942 -0.4348
vn 0.1704 -0.9638 -0.2050
vn 0.1513 -0.9850 -0.0831
vn 0.1271 -0.9918 -0.0129
vn -0.0593 -0.9952 -0.0783
vn -0.1669 -0.9293 0.3294
vn -0.0153 -0.9015 0.4325
vn -0.1169 -0.9407 -0.3185
vn 0.1303 -0.9909 0.0347
vn 0.0515 -0.9331 -0.3559
vn -0.0313 -0.9943 0.1021
vn -0.0842 -0.9331 -0.3495
vn 0.0770 -0.9877 -0.1358
vn -0.0036 -0.9127 -0.4087
vn -0.0899 -0.9954 0.0337
vn -0.1737 -0.9278 -0.3302
vn -0.0060 -0.9997 0.0233
vn -0.2114 -0.9766 0.0400
vn -0.1844 -0.9802 -0.0716
vn 0.0234 -0.9852 -0.1696
vn -0.0807 -0.9949 -0.0599
vn 0.1491 -0.9389 -0.3103
vn -0.0425 -0.9944 -0.0965
vn -0.2194 -0.9716 -0.0891
vn 0.0260 -0.8392 -0.5432
vn 0.2530 -0.7210 -0.6451
vn -0.1805 -0.4334 -0.8830
vn -0.4286 -0.8108 -0.3987
vn -0.0907 -0.9036 -0.4188
vn 0.2389 -0.5168 -0.8221
vn -0.6234 -0.7550 0.2033
vn -0.5356 -0.7895 0.2996
vn 0.4421 -0.6156 -0.6523
vn 0.5282 -0.6140 -0.5865
vn 0.5647 -0.7199 -0.4035
vn 0.4134 -0.8011 -0.4329
vn -0.1763 -0.9548 0.2392
vn -0.0784 -0.9902 0.1154
vn -0.1503 -0.9855 0.0781
vn -0.1898 -0.9752 0.1143
vn 0.5222 -0.7445 -0.4159
vn 0.3162 -0.8975 -0.3075
vn 0.3713 -0.8560 -0.3596
vn 0.5650 -0.7276 -0.3890
vn 0.7098 -0.6630 0.2381
vn 0.9296 -0.3629 -0.0636
vn 0.8223 -0.4832 -0.3006
vn 0.6780 -0.7308 -0.0787
vn -0.4931 -0.7691 0.4067
vn -0.2058 -0.8620 0.4633
vn -0.1585 -0.9871 0.0218
vn -0.2975 -0.9484 -0.1096
vn 0.3456 -0.8433 -0.4115
vn 0.2682 -0.9274 -0.2609
vn 0.2156 -0.8925 0.3961
vn 0.2883 -0.9422 0.1708
vn -0.0369 0.0958 0.9947
vn 0.0661 0.1732 0.9827
vn 0.3270 -0.1472 0.9335
vn 0.3030 0.0019 0.9530
vn 0.7662 0.0122 0.6425
vn 0.7089 -0.3612 0.6058
vn 0.4475 -0.8464 -0.2887
vn 0.4190 -0.8094 -0.4114
vn 0.5185 -0.7444 -0.4206
vn 0.6109 -0.7828 -0.1182
vn 0.5901 -0.6420 -0.4895
vn 0.5839 -0.7686 -0.2615
vn 0.6495 -0.6719 0.3558
vn 0.5690 -0.4912 0.6595
vn 0.6455 -0.7028 0.2990
vn 0.5395 -0.8414 -0.0319
vn 0.3488 -0.9372 0.0024
vn 0.1441 -0.9883 -0.0503
vn 0.5531 -0.8246 -0.1189
vn 0.3656 -0.9024 -0.2279
vn 0.3364 -0.1916 0.9220
vn 0.3183 -0.1607 0.9343
vn 0.1865 0.1130 0.9759
vn 0.2517 0.0221 0.9676
vn 0.3092 -0.1900 0.9318
vn 0.2785 -0.0186 0.9603
vn 0.5954 -0.7837 -0.1769
vn 0.5418 -0.7911 -0.2840
vn -0.1407 -0.9724 -0.1860
vn -0.2258 -0.8971 -0.3797
vn 0.0516 -0.9877 0.1473
vn -0.1312 -0.9790 -0.1558
vn 0.3943 -0.5050 0.7678
vn 0.2585 -0.6720 0.6940
vn 0.4416 -0.8285 0.3443
vn 0.4933 -0.8503 0.1835
vn 0.4970 -0.5183 0.6960
vn 0.0996 -0.8134 0.5731
vn 0.4766 -0.8463 -0.2380
vn 0.4231 -0.8895 -0.1728
vn 0.3398 -0.9397 -0.0387
vn 0.2315 -0.9701 -0.0730
vn 0.2774 -0.9476 -0.1586
vn 0.4859 -0.7941 -0.3650
vn 0.2699 -0.9193 -0.2863
vn 0.2392 -0.8913 -0.3851
vn 0.2491 -0.9382 -0.2404
vn 0.4249 -0.8868 -0.1816
vn 0.4988 -0.4588 0.7353
vn 0.6145 -0.7313 0.2959
vn 0.5755 -0.7969 -0.1837
vn -0.7972 -0.4375 -0.4159
vn -0.8060 -0.4914 -0.3301
vn -0.7424 -0.6361 -0.2103
vn -0.5700 -0.8212 -0.0257
vn -0.6083 -0.7937 0.0006
vn -0.5983 -0.6585 -0.4565
vn -0.7426 -0.3757 -0.5545
vn -0.6975 -0.6324 -0.3370
vn -0.7667 -0.4959 -0.4077
vn -0.8051 -0.4729 -0.3580
vn -0.5082 -0.8594 0.0559
vn -0.4271 -0.9041 -0.0133
vn -0.6317 -0.7706 0.0844
vn -0.4728 -0.8684 0.1494
vn -0.4954 -0.7560 0.4278
vn -0.4542 -0.8903 -0.0312
vn -0.7974 -0.4236 -0.4298
vn -0.7824 -0.5976 -0.1750
vn -0.7142 -0.6519 -0.2549
vn -0.7279 -0.5696 -0.3818
vn -0.4678 -0.6792 0.5655
vn -0.4086 -0.8635 0.2956
vn -0.1824 -0.5529 0.8130
vn -0.1992 -0.8595 0.4707
vn -0.2852 -0.9568 -0.0572
vn -0.3934 -0.9185 -0.0396
vn -0.6741 -0.7195 0.1672
vn -0.7513 -0.6591 0.0318
vn -0.1098 -0.3469 0.9315
vn -0.2660 -0.7416 0.6158
vn -0.2988 -0.6249 0.7213
vn -0.0869 -0.2969 0.9509
vn -0.4413 -0.8892 -0.1204
vn -0.3472 -0.9330 -0.0944
vn -0.6658 -0.5658 0.4863
vn -0.6028 -0.7099 0.3643
vn -0.7254 -0.6786 -0.1157
vn -0.8522 -0.5222 -0.0345
vn -0.8251 -0.4363 -0.3589
vn -0.8102 -0.5861 0.0049
vn -0.9224 -0.3788 -0.0760
vn -0.8294 -0.3328 -0.4487
vn -0.7630 -0.3031 -0.5710
vn -0.7515 -0.3374 -0.5669
vn -0.9639 -0.2261 0.1407
vn -0.8943 -0.2318 -0.3828
vn -0.8542 -0.0426 -0.5182
vn -0.8906 0.2991 -0.3427
vn -0.8422 0.4995 -0.2030
vn -0.6892 0.6346 -0.3497
vn -0.8353 0.3269 0.4421
vn -0.8947 -0.0238 0.4460
vn -0.5797 0.6622 -0.4748
vn -0.6521 0.5859 -0.4811
vn -0.6076 0.6308 -0.4826
vn -0.7729 0.6330 0.0443
vn -0.7444 0.5557 -0.3703
vn 0.1943 0.7195 0.6667
vn 0.2263 0.7629 0.6056
vn 0.2869 0.6778 0.6770
vn 0.1310 0.2692 0.9541
vn 0.3171 0.8521 0.4163
vn 0.3112 0.8799 0.3591
vn 0.4688 0.5531 0.6887
vn 0.4311 0.8810 0.1951
vn 0.3221 0.2403 0.9157
vn 0.2555 0.9647 0.0633
vn 0.2892 0.9565 0.0379
vn 0.3000 0.9413 0.1546
vn 0.3074 0.9500 0.0552
vn 0.3545 0.9270 0.1224
vn 0.3581 0.9322 0.0537
vn 0.0766 0.9958 -0.0494
vn 0.3121 0.9497 -0.0271
vn 0.1379 0.9619 -0.2362
vn 0.1302 0.9882 -0.0811
vn 0.2337 0.9490 -0.2116
vn 0.0823 0.9542 -0.2877
vn 0.0526 0.9404 -0.3360
vn 0.0656 0.9448 -0.3209
vn 0.1926 0.9789 0.0684
vn 0.2140 0.9765 -0.0257
vn -0.0219 0.9977 0.0641
vn 0.0094 0.9940 -0.1094
vn -0.1837 0.7442 -0.6422
vn -0.1808 0.6880 -0.7028
vn -0.1902 0.8316 -0.5218
vn -0.3810 0.6934 -0.6115
vn -0.3454 0.5329 -0.7725
vn -0.3495 0.4142 -0.8404
vn -0.3556 0.9341 0.0307
vn -0.2752 0.9136 -0.2994
vn -0.4401 0.8979 0.0013
vn -0.4299 0.8432 -0.3228
vn -0.6471 0.6045 -0.4645
vn -0.6653 0.7157 -0.2125
vn -0.6872 0.7034 -0.1816
vn -0.7763 0.4015 -0.4860
vn -0.6843 0.7290 0.0152
vn -0.6580 0.7515 0.0490
vn -0.1441 0.9887 0.0401
vn -0.3597 0.9256 0.1176
vn -0.6703 0.7263 -0.1524
vn -0.2495 0.9624 -0.1075
vn -0.3288 0.9425 -0.0602
vn -0.4885 0.8648 -0.1160
vn -0.4526 0.8313 -0.3225
vn -0.3876 0.9208 0.0442
vn -0.3480 0.9337 0.0847
vn -0.5508 0.8286 -0.1007
vn -0.5071 0.8600 0.0574
vn -0.3507 0.9357 0.0379
vn -0.2727 0.9609 0.0478
vn -0.4046 0.9092 0.0979
vn -0.5232 0.8506 0.0518
vn -0.4455 0.5575 -0.7005
vn -0.3835 0.3866 -0.8387
vn -0.4840 0.7448 -0.4594
vn -0.5439 0.7719 -0.3291
vn -0.5203 0.6188 -0.5886
vn -0.4217 0.4296 -0.7985
vn -0.6060 0.7178 -0.3428
vn -0.6105 0.5628 -0.5573
vn -0.4417 0.4706 -0.7638
vn -0.5081 0.6699 -0.5414
vn -0.4409 0.8975 0.0096
vn -0.4646 0.8669 -0.1808
vn -0.4661 0.8847 0.0097
vn -0.5073 0.8556 -0.1029
vn -0.6394 0.7688 0.0122
vn -0.6573 0.7499 -0.0751
vn -0.6017 0.7970 -0.0535
vn -0.5515 0.8341 0.0121
vn -0.6553 0.7552 -0.0138
vn -0.6395 0.6586 -0.3967
vn -0.6403 0.7679 0.0187
vn -0.8963 0.2716 0.3504
vn -0.6402 0.7525 0.1545
vn -0.6154 0.7416 0.2670
vn -0.9176 0.0775 0.3898
vn -0.4842 0.8730 0.0576
vn -0.6396 0.7686 -0.0115
vn -0.1954 0.9209 0.3374
vn -0.5813 0.6207 0.5261
vn -0.9328 -0.1903 0.3061
vn -0.6648 0.7334 -0.1417
vn -0.6819 0.7291 -0.0592
vn -0.6118 0.7856 0.0924
vn -0.8099 0.5719 0.1305
vn -0.7530 0.6557 0.0554
vn -0.7917 0.5900 -0.1583
vn -0.4897 0.8717 0.0180
vn -0.2744 0.4772 0.8348
vn -0.4780 0.4530 0.7525
vn -0.4720 0.5992 0.6467
vn -0.7788 0.5813 -0.2356
vn -0.9398 0.3370 -0.0570
vn -0.6271 0.4496 0.6361
vn -0.4774 0.8473 0.2328
vn 0.0765 0.1644 0.9834
vn 0.0559 0.4715 0.8801
vn -0.7002 0.0719 0.7103
vn -0.1295 0.1626 0.9782
vn -0.9592 0.2100 0.1894
vn -0.6837 0.3267 0.6526
vn -0.3098 0.9442 0.1123
vn -0.1878 0.8918 0.4116
vn -0.0450 0.9050 0.4230
vn -0.0478 0.9905 0.1286
vn -0.3240 0.9040 0.2790
vn -0.1011 0.8644 0.4926
vn -0.0303 0.2650 0.9638
vn -0.0370 0.2017 0.9787
vn 0.1552 0.1680 0.9735
vn 0.1490 0.0907 0.9847
vn 0.0458 0.2334 0.9713
vn -0.1002 0.2447 0.9644
vn 0.1546 0.1096 0.9819
vn 0.1222 0.1690 0.9780
vn -0.0271 0.3528 0.9353
vn -0.0492 0.3025 0.9519
vn -0.1478 0.8508 0.5042
vn -0.1264 0.8221 0.5551
vn -0.3377 0.8356 0.4333
vn -0.2401 0.8457 0.4766
vn -0.2085 0.8093 0.5491
vn -0.1806 0.7467 0.6402
vn -0.1924 0.7549 0.6270
vn -0.6707 0.6341 0.3849
vn -0.2071 0.8585 0.4692
vn -0.1944 0.8340 0.5164
vn -0.1282 0.8696 0.4769
vn -0.1027 0.8467 0.5221
vn -0.1881 0.7855 0.5896
vn -0.0978 0.7638 0.6380
vn -0.2713 0.8848 0.3790
vn -0.3453 0.9340 0.0914
vn -0.3173 0.9433 0.0971
vn -0.2834 0.8917 0.3529
vn -0.2316 0.9655 0.1187
vn -0.2119 0.9058 0.3668
vn -0.1793 0.9737 0.1406
vn -0.1533 0.9157 0.3716
vn -0.8046 0.2181 0.5523
vn 0.0248 0.2273 0.9735
vn -0.0987 0.3408 0.9349
vn -0.7739 0.2922 0.5618
vn -0.1035 0.5064 0.8561
vn -0.0395 0.4160 0.9085
vn -0.1280 0.5608 0.8180
vn -0.1254 0.4473 0.8855
vn -0.1408 0.6656 0.7329
vn -0.0596 0.6033 0.7953
vn -0.0590 0.4723 0.8795
vn -0.1644 0.6336 0.7560
vn -0.1809 0.5608 0.8079
vn -0.7003 0.4924 0.5169
vn -0.1814 0.7150 0.6752
vn -0.0899 0.4471 0.8899
vn -0.2191 0.5973 0.7715
vn -0.3968 0.2178 0.8917
vn -0.6756 0.1770 0.7157
vn -0.3953 0.7304 0.5570
vn -0.6506 -0.2720 0.7090
vn -0.7446 -0.3230 0.5841
vn -0.4970 0.1311 0.8578
vn -0.5059 -0.0724 0.8596
vn -0.5534 0.6619 0.5056
vn -0.5508 0.6998 0.4548
vn -0.7621 -0.4014 0.5080
vn -0.6909 -0.3365 0.6399
vn -0.4649 -0.2381 0.8528
vn -0.6059 -0.3487 0.7150
vn -0.5424 -0.3508 0.7634
vn -0.3945 -0.2255 0.8908
vn -0.3183 -0.3252 0.8905
vn -0.4522 -0.4891 0.7458
vn -0.4504 -0.1844 0.8736
vn -0.3317 -0.1879 0.9245
vn -0.1425 -0.4181 0.8971
vn -0.5351 -0.5775 0.6166
vn -0.2851 -0.3293 0.9001
vn -0.4916 -0.3386 0.8023
vn -0.5826 0.1017 0.8064
vn -0.5870 0.7053 0.3975
vn -0.0776 0.7040 0.7060
vn -0.1323 0.9540 0.2689
vn 0.0788 0.5628 0.8228
vn -0.5391 -0.1605 0.8268
vn -0.7477 0.2769 0.6035
vn -0.1480 0.7792 0.6091
vn -0.8836 -0.3886 0.2613
vn -0.5388 -0.2147 0.8146
vn -0.5297 -0.2004 0.8242
vn -0.0236 0.4396 0.8979
vn 0.0858 0.3953 0.9145
vn 0.2828 0.3607 0.8888
vn -0.3885 -0.3095 0.8679
vn -0.2683 0.5267 0.8066
vn -0.3676 0.4568 0.8101
vn 0.4051 0.7395 0.5376
vn 0.4352 0.7580 0.4859
vn 0.1827 0.9667 0.1789
vn 0.1874 0.9004 0.3927
vn -0.0096 0.9341 0.3570
vn -0.0568 0.9859 0.1574
vn 0.0233 0.8863 0.4625
vn 0.1554 0.8315 0.5333
vn 0.0795 0.7922 0.6050
vn 0.0205 0.8514 0.5241
vn 0.0086 0.7446 0.6675
vn 0.0113 0.6921 0.7217
vn -0.0281 0.3970 0.9174
vn -0.0869 0.3858 0.9185
vn -0.0769 0.3106 0.9474
vn -0.0527 0.2979 0.9531
vn -0.0162 0.4872 0.8731
vn -0.0067 0.5468 0.8372
vn -0.1114 0.1773 0.9778
vn -0.1286 0.2073 0.9698
vn -0.1085 0.2291 0.9673
vn -0.1371 0.2503 0.9584
vn -0.3806 -0.7496 0.5416
vn -0.3394 -0.7316 0.5912
vn -0.3706 -0.6605 0.6530
vn -0.3628 -0.6660 0.6518
vn -0.3868 -0.6653 0.6385
vn -0.3035 -0.7286 0.6140
vn -0.3712 -0.5189 0.7701
vn -0.3410 -0.5371 0.7716
vn -0.3192 -0.5647 0.7611
vn 0.2549 0.8502 0.4606
vn 0.1674 0.7325 0.6598
vn 0.2783 0.9401 0.1970
vn 0.3383 0.9165 0.2135
vn 0.3179 0.8031 0.5039
vn 0.2505 0.6162 0.7467
vn 0.0512 0.7026 0.7098
vn 0.1736 0.5635 0.8076
vn 0.1088 0.6294 0.7694
vn -0.0162 0.6778 0.7351
vn -0.0219 0.5007 0.8654
vn 0.0644 0.5493 0.8331
vn 0.0360 0.3305 0.9431
vn -0.0463 0.2825 0.9582
vn -0.0738 0.1649 0.9835
vn 0.0314 0.1889 0.9815
vn 0.0463 0.1717 0.9841
vn -0.0664 0.1970 0.9782
vn -0.0982 0.2722 0.9572
vn -0.1354 0.3125 0.9402
vn 0.0029 0.2018 0.9794
vn -0.1139 0.1191 0.9863
vn -0.1910 0.1459 0.9707
vn -0.2195 0.1385 0.9657
vn -0.2632 -0.0961 0.9599
vn -0.3060 -0.1091 0.9458
vn -0.1938 -0.0763 0.9781
vn -0.2236 -0.2529 0.9413
vn -0.2872 -0.2598 0.9220
vn -0.3369 -0.2593 0.9051
vn -0.4898 -0.8014 0.3432
vn -0.3815 -0.8271 0.4128
vn -0.5499 -0.7912 0.2676
vn -0.5405 -0.6498 0.5345
vn -0.5113 -0.6823 0.5225
vn -0.3549 -0.7713 0.5284
vn -0.2158 -0.2323 0.9484
vn -0.1015 -0.2916 0.9511
vn -0.2233 -0.2009 0.9538
vn -0.2785 -0.2749 0.9203
vn -0.1794 -0.3026 0.9361
vn -0.0794 -0.3323 0.9398
vn -0.3701 -0.7076 0.6019
vn -0.3016 -0.7006 0.6467
vn -0.4862 -0.6852 0.5423
vn -0.5678 -0.8000 -0.1938
vn -0.4687 -0.8650 -0.1793
vn -0.3585 -0.9187 -0.1659
vn -0.2977 -0.3947 0.8693
vn -0.3411 -0.3805 0.8596
vn -0.2503 -0.4193 0.8726
vn -0.8167 -0.3861 0.4289
vn -0.3116 -0.5984 0.7381
vn -0.2152 -0.4522 0.8656
vn -0.7933 -0.2995 0.5300
vn -0.1431 -0.2534 0.9567
vn -0.7688 -0.1617 0.6188
vn -0.3344 -0.3148 0.8883
vn -0.5960 -0.6445 0.4790
vn -0.8659 -0.4232 0.2669
vn -0.8213 -0.2481 0.5138
vn -0.8619 -0.4582 -0.2171
vn -0.6476 -0.7306 -0.2164
vn -0.5254 -0.6306 0.5712
vn -0.1877 -0.1911 0.9635
vn -0.7875 -0.0877 0.6100
vn -0.8308 -0.5170 0.2059
vn -0.5758 -0.7992 0.1726
vn -0.4172 -0.7661 0.4890
vn -0.8491 -0.4757 0.2299
vn -0.8871 -0.4605 0.0306
vn -0.3709 -0.6818 0.6305
vn -0.8391 -0.4327 0.3296
vn 0.0256 0.0559 0.9981
vn -0.0773 -0.0899 0.9929
vn -0.6971 -0.0584 0.7146
vn -0.6491 0.0433 0.7595
vn 0.1643 0.1767 0.9704
vn 0.1348 0.1412 0.9808
vn -0.6381 0.1492 0.7554
vn -0.6649 0.2092 0.7171
vn 0.1978 0.3632 0.9105
vn 0.1606 0.2298 0.9599
vn -0.6484 0.2498 0.7191
vn -0.6029 0.3677 0.7080
vn 0.2844 0.5557 0.7812
vn 0.2576 0.5347 0.8048
vn -0.5596 0.5395 0.6291
vn -0.5576 0.5290 0.6397
vn 0.3437 0.5589 0.7547
vn 0.2899 0.4779 0.8292
vn -0.5954 0.4578 0.6603
vn -0.5650 0.5444 0.6200
vn 0.4160 0.7607 0.4983
vn 0.4390 0.8674 0.2342
vn -0.3838 0.9093 0.1612
vn -0.4924 0.7711 0.4037
vn -0.2484 -0.2950 0.9227
vn -0.2314 -0.2289 0.9456
vn -0.4170 -0.3865 0.8227
vn -0.4246 -0.4482 0.7867
vn -0.5125 0.1667 0.8423
vn -0.4080 0.2909 0.8654
vn -0.6190 0.1216 0.7759
vn -0.4509 -0.4457 0.7733
vn -0.4370 -0.5171 0.7360
vn -0.6794 -0.0044 0.7338
vn -0.8466 -0.2281 0.4809
vn -0.6321 -0.7124 0.3048
vn -0.3315 -0.6784 0.6556
vn -0.8056 -0.5916 -0.0332
vn -0.6726 -0.6856 0.2785
vn -0.7749 -0.6315 -0.0269
vn -0.3598 -0.7061 0.6099
vn -0.7065 -0.6463 0.2884
vn -0.3989 -0.6783 0.6171
vn 0.1398 0.8331 0.5351
vn 0.6409 0.6623 0.3882
vn 0.6089 0.7750 0.1692
vn 0.1360 0.9070 0.3986
vn 0.5919 0.7805 0.2010
vn 0.6254 0.6630 0.4115
vn 0.5055 0.8625 0.0226
vn 0.5225 0.8514 -0.0462
vn 0.0526 0.9705 0.2353
vn 0.4101 0.9002 -0.1467
vn -0.0725 0.9774 0.1987
vn 0.4007 0.9135 -0.0703
vn 0.2088 0.8910 -0.4031
vn 0.2128 0.8833 -0.4177
vn -0.1354 0.9898 0.0441
vn -0.2958 0.9343 -0.1988
vn 0.0138 0.6809 -0.7323
vn -0.0858 0.5055 -0.8585
vn -0.4239 0.8747 -0.2349
vn 0.0068 0.6536 -0.7568
vn -0.0755 0.4524 -0.8886
vn -0.4570 0.8476 -0.2698
vn -0.1123 0.4269 -0.8973
vn -0.1925 0.3244 -0.9261
vn -0.5127 0.7995 -0.3130
vn -0.0885 0.3639 -0.9272
vn -0.1290 0.2946 -0.9469
vn -0.6554 0.6669 -0.3545
vn -0.3376 0.1943 -0.9210
vn -0.5015 0.0312 -0.8646
vn -0.7783 0.5414 -0.3180
vn -0.2487 0.2413 -0.9381
vn -0.4607 0.0748 -0.8844
vn -0.6500 -0.1910 -0.7355
vn -0.9041 0.3669 -0.2193
vn -0.6341 -0.1533 -0.7579
vn -0.7159 -0.2925 -0.6340
vn -0.7197 -0.3269 -0.6125
vn -0.9644 0.2537 -0.0746
vn -0.7420 -0.3206 -0.5887
vn -0.9601 0.2765 -0.0410
vn -0.7474 -0.2776 -0.6036
vn -0.7514 -0.1924 -0.6311
vn -0.7453 -0.2500 -0.6181
vn -0.9429 0.3244 -0.0750
vn -0.8921 0.4367 -0.1164
vn -0.9322 0.3421 -0.1180
vn -0.7419 -0.1596 -0.6512
vn -0.7301 -0.0740 -0.6793
vn -0.7474 -0.0953 -0.6575
vn -0.7356 -0.0567 -0.6750
vn -0.9648 0.2571 -0.0550
vn -0.9079 0.4014 -0.1209
vn -0.7420 -0.0927 -0.6640
vn -0.7867 -0.3131 -0.5320
vn -0.7578 -0.1519 -0.6345
vn -0.8166 -0.3046 -0.4902
vn -0.7648 -0.1372 -0.6295
vn -0.8292 -0.3118 -0.4638
vn -0.9738 0.0498 0.2220
vn -0.9950 0.0699 0.0716
vn -0.7829 -0.5272 -0.3303
vn -0.7756 -0.5979 -0.2027
vn -0.8247 -0.4736 -0.3092
vn -0.8198 -0.5391 -0.1931
vn -0.8328 -0.4263 -0.3530
vn -0.8506 -0.4894 -0.1922
vn -0.9485 0.0524 0.3124
vn -0.9580 0.0088 0.2865
vn -0.7815 -0.6085 -0.1381
vn -0.8089 -0.5731 -0.1311
vn -0.8473 -0.5160 -0.1256
vn -0.8349 -0.5498 -0.0253
vn -0.1284 -0.3694 0.9203
vn -0.4293 0.1844 0.8841
vn -0.0652 0.3199 0.9452
vn -0.1448 -0.3956 0.9069
vn 0.4645 -0.0416 0.8846
vn 0.4603 -0.0533 0.8861
vn 0.0792 -0.3591 0.9299
vn -0.1925 -0.2018 0.9603
vn 0.0004 -0.2348 0.9720
vn 0.2903 -0.2561 0.9220
vn -0.2648 -0.5593 0.7856
vn -0.3893 -0.6381 0.6643
vn 0.0960 0.3363 0.9368
vn 0.0766 0.3699 0.9259
vn 0.5295 -0.0128 0.8482
vn 0.0144 -0.2743 0.9615
vn 0.5063 -0.0179 0.8622
vn 0.0698 -0.2751 0.9589
vn 0.4615 -0.0887 0.8827
vn 0.4091 -0.0545 0.9108
vn 0.0123 -0.2682 0.9633
vn -0.1077 -0.4092 0.9061
vn 0.4201 -0.1294 0.8982
vn 0.2235 -0.1349 0.9653
vn 0.3947 0.1778 0.9014
vn 0.3827 0.1993 0.9021
vn 0.0572 -0.0118 0.9983
vn 0.0518 -0.0524 0.9973
vn -0.2031 0.3570 0.9118
vn -0.0434 0.5003 0.8648
vn -0.8177 0.0155 0.5754
vn -0.8300 -0.4525 0.3260
vn -0.3829 -0.4339 0.8156
vn -0.5121 0.0928 0.8539
vn -0.4464 -0.4349 0.7820
vn -0.8789 -0.4045 0.2529
vn -0.2602 0.2319 0.9373
vn -0.6668 -0.5018 0.5510
vn -0.5034 -0.4334 0.7475
vn -0.9042 -0.3841 0.1867
vn -0.7555 -0.5240 0.3933
vn -0.9266 -0.3681 0.0776
vn -0.9323 -0.3550 0.0698
vn -0.9371 -0.3459 0.0469
vn -0.9636 -0.2673 0.0008
vn -0.8950 -0.4395 0.0763
vn -0.9460 -0.3228 0.0311
vn -0.9910 -0.1248 0.0477
vn -0.7901 -0.5518 0.2670
vn -0.9150 -0.1103 0.3882
vn -0.8063 -0.5656 0.1733
vn -0.9294 -0.3393 -0.1455
vn -0.9495 0.1659 0.2664
vn -0.9391 -0.2951 -0.1762
vn -0.8260 -0.5434 0.1499
vn -0.9791 -0.1956 -0.0553
vn -0.9527 -0.2504 -0.1723
vn -0.8842 -0.4113 0.2214
vn -0.9431 -0.2803 0.1789
vn -0.3649 -0.6800 0.6360
vn -0.3629 -0.6682 0.6495
vn -0.4336 -0.6310 0.6433
vn -0.4862 -0.1527 0.8604
vn -0.7114 -0.4196 0.5638
vn -0.7447 -0.3734 0.5532
vn -0.6378 -0.3458 0.6882
vn -0.6201 -0.3879 0.6819
vn -0.6292 -0.3040 0.7153
vn -0.7348 -0.3199 0.5981
vn -0.4450 -0.2314 0.8651
vn -0.4152 -0.2430 0.8767
vn -0.3910 -0.2725 0.8791
vn -0.5385 -0.4920 0.6841
vn -0.6397 -0.4812 0.5994
vn -0.5625 -0.4346 0.7034
vn -0.4765 -0.4415 0.7603
vn -0.3590 -0.3233 0.8755
vn -0.2937 -0.3179 0.9015
vn -0.7178 -0.3052 0.6258
vn -0.7220 -0.2990 0.6239
vn -0.7239 -0.3054 0.6186
vn -0.7043 -0.3498 0.6177
vn -0.5951 -0.3930 0.7010
vn -0.4836 -0.2161 0.8482
vn -0.6253 -0.2728 0.7311
vn -0.9556 -0.0038 0.2947
vn -0.9426 -0.2423 0.2300
vn -0.9839 0.1761 -0.0301
vn -0.9139 0.4051 0.0275
vn -0.3986 -0.3753 0.8368
vn -0.2047 -0.3619 0.9095
vn -0.8696 -0.3440 0.3543
vn -0.6409 -0.6220 0.4499
vn -0.6994 -0.5877 0.4068
vn -0.6139 -0.6174 0.4918
vn -0.6456 -0.5228 0.5567
vn -0.5291 -0.6097 0.5902
vn -0.9934 0.0277 -0.1117
vn -0.9381 -0.3396 -0.0689
vn -0.8904 -0.2405 -0.3864
vn -0.9404 0.0722 -0.3324
vn -0.8114 -0.5351 0.2352
vn -0.8341 -0.5380 0.1220
vn -0.9003 -0.3877 -0.1980
vn -0.9010 -0.4330 -0.0277
vn -0.9100 -0.3631 -0.2001
vn -0.9037 -0.4177 -0.0938
vn -0.9057 -0.3526 -0.2354
vn -0.8764 -0.2706 -0.3983
vn -0.8795 -0.4754 0.0210
vn -0.7571 -0.5819 0.2970
vn -0.8948 0.0606 -0.4423
vn -0.7894 -0.1804 -0.5868
vn -0.7221 -0.1849 -0.6666
vn -0.9278 0.0694 -0.3667
vn -0.8507 -0.2955 -0.4347
vn -0.7811 -0.2521 -0.5712
vn -0.8718 0.4899 0.0061
vn -0.9518 0.0518 -0.3023
vn -0.7732 -0.2236 -0.5934
vn -0.8901 -0.0245 -0.4551
vn -0.7240 -0.2807 -0.6301
vn -0.9504 0.0138 -0.3108
vn -0.8471 -0.2302 -0.4790
vn -0.7566 -0.2797 -0.5910
vn -0.8076 -0.0932 -0.5823
vn -0.7261 -0.1286 -0.6754
vn -0.7354 -0.0242 -0.6772
vn -0.7381 0.0312 -0.6740
vn -0.7832 -0.0228 -0.6213
vn -0.7334 0.0680 -0.6764
vn -0.7248 0.0650 -0.6859
vn -0.8500 -0.1756 -0.4966
vn -0.8816 -0.2756 -0.3832
vn -0.7167 0.2250 -0.6601
vn -0.6264 0.4514 -0.6355
vn -0.7797 0.1427 -0.6097
vn -0.7874 0.0034 -0.6164
vn -0.7159 0.0750 -0.6942
vn -0.7085 0.0359 -0.7048
vn -0.7546 -0.1582 -0.6368
vn -0.7628 -0.1008 -0.6387
vn -0.7473 -0.0258 -0.6640
vn -0.7406 -0.0791 -0.6672
vn -0.7445 -0.0105 -0.6675
vn -0.7135 -0.0339 -0.6999
vn -0.1628 0.6498 -0.7424
vn -0.1163 0.9275 -0.3554
vn -0.3791 0.7429 -0.5517
vn -0.5314 0.4299 -0.7299
vn -0.5107 0.1866 -0.8393
vn -0.6802 0.0813 -0.7285
vn -0.7239 -0.2296 -0.6506
vn -0.6308 -0.0929 -0.7704
vn -0.7474 -0.1502 -0.6472
vn -0.7506 -0.2292 -0.6197
vn -0.3768 0.0710 -0.9236
vn -0.5601 0.0274 -0.8280
vn -0.1483 0.9032 -0.4029
vn -0.0792 0.5293 -0.8447
vn -0.1855 0.1456 -0.9718
vn -0.4931 0.6176 -0.6127
vn -0.1854 0.0399 -0.9819
vn -0.2520 0.2111 -0.9444
vn -0.3687 0.1893 -0.9101
vn -0.2347 0.2967 -0.9257
vn -0.4312 0.0698 -0.8996
vn -0.6082 -0.0614 -0.7914
vn -0.2734 0.1349 -0.9524
vn -0.1961 0.3255 -0.9250
vn -0.2261 0.0189 -0.9739
vn -0.5339 0.2875 -0.7952
vn -0.1837 0.1423 -0.9726
vn -0.4097 0.2629 -0.8735
vn -0.1824 0.1772 -0.9671
vn -0.1957 0.0402 -0.9798
vn -0.1216 0.3206 -0.9394
vn -0.1249 0.3830 -0.9153
vn -0.1299 0.4167 -0.8997
vn -0.1970 0.3102 -0.9300
vn -0.1841 0.4590 -0.8691
vn -0.1840 0.4657 -0.8656
vn -0.1791 0.2510 -0.9513
vn -0.3049 0.3037 -0.9027
vn -0.2110 0.3496 -0.9128
vn -0.2757 0.3251 -0.9046
vn -0.1502 0.3779 -0.9136
vn -0.1642 0.4714 -0.8665
vn -0.0821 0.4229 -0.9024
vn -0.1156 0.4091 -0.9051
vn -0.1273 0.3536 -0.9267
vn -0.0959 0.3453 -0.9336
vn -0.1853 0.4074 -0.8942
vn -0.1589 0.4400 -0.8838
vn -0.2570 0.4832 -0.8370
vn -0.3296 0.4164 -0.8474
vn -0.3142 0.3361 -0.8879
vn -0.2414 0.4065 -0.8812
vn -0.2047 0.4822 -0.8518
vn -0.2070 0.4506 -0.8684
vn -0.0983 0.5862 -0.8042
vn -0.0547 0.5916 -0.8043
vn 0.1575 0.9040 -0.3975
vn 0.1201 0.9079 -0.4015
vn -0.0215 0.6177 -0.7861
vn 0.2075 0.8960 -0.3925
vn 0.0182 0.9356 -0.3527
vn 0.0527 0.9511 -0.3044
vn -0.2401 0.6468 -0.7239
vn -0.2187 0.6338 -0.7419
vn 0.0596 0.9180 -0.3921
vn -0.1567 0.6082 -0.7781
vn 0.4856 0.8690 0.0945
vn 0.4439 0.8725 0.2043
vn 0.3640 0.9263 0.0973
vn 0.3951 0.9186 0.0102
vn 0.3262 0.9334 0.1495
vn 0.3830 0.8766 0.2914
vn 0.2670 0.9270 0.2632
vn 0.1668 0.9773 0.1306
vn 0.2285 0.9701 0.0819
vn 0.2647 0.9524 0.1512
vn 0.3287 0.8888 0.3194
vn 0.2898 0.9427 0.1655
vn 0.5050 0.6948 0.5120
vn 0.4126 0.8411 0.3497
vn 0.5086 0.8092 0.2940
vn 0.5796 0.6684 0.4662
vn 0.5638 0.7883 0.2466
vn 0.6134 0.6578 0.4370
vn 0.3072 0.8757 0.3724
vn 0.3811 0.7183 0.5821
vn 0.3449 0.7359 0.5827
vn 0.2204 0.9338 0.2820
vn 0.5335 0.6584 0.5309
vn 0.2471 0.9268 0.2828
vn 0.4194 0.3868 0.8213
vn 0.4559 0.2104 0.8648
vn 0.3220 0.6346 0.7025
vn 0.1146 0.9754 0.1881
vn 0.3351 -0.0159 0.9421
vn 0.2233 -0.0296 0.9743
vn 0.3861 0.1679 0.9071
vn 0.4079 0.1624 0.8985
vn 0.0345 -0.0899 0.9954
vn 0.0199 -0.0527 0.9984
vn 0.0404 -0.0727 0.9965
vn 0.4051 0.1666 0.8990
vn 0.6584 0.3769 0.6515
vn 0.6434 0.3994 0.6531
vn 0.5404 0.3130 0.7810
vn 0.5560 0.2879 0.7797
vn 0.0471 0.6061 0.7940
vn 0.1199 0.6751 0.7279
vn 0.8758 0.4780 0.0669
vn 0.8620 0.4994 0.0867
vn 0.8178 0.5138 0.2593
vn 0.8493 0.4844 0.2100
vn 0.3670 0.7718 0.5193
vn 0.2187 0.8583 0.4641
vn 0.1542 0.7718 0.6169
vn 0.6949 0.5622 0.4484
vn 0.6609 0.6043 0.4451
vn 0.1114 0.7864 0.6075
vn 0.6550 0.5912 0.4707
vn 0.6921 0.5067 0.5141
vn 0.7891 0.5175 0.3311
vn 0.7970 0.4630 0.3879
vn 0.1766 0.7434 0.6451
vn 0.8463 0.4238 0.3226
vn 0.6954 0.4049 0.5936
vn 0.6314 0.5527 0.5439
vn 0.6136 0.5091 0.6036
vn 0.6487 0.5669 0.5077
vn 0.7073 0.4295 0.5615
vn 0.4296 0.0360 0.9023
vn 0.5657 0.2832 0.7745
vn 0.4920 0.2620 0.8302
vn 0.1547 0.1692 0.9734
vn 0.1758 0.1963 0.9647
vn -0.1714 -0.0335 0.9846
vn -0.1748 -0.0293 0.9842
vn -0.0795 -0.0060 0.9968
vn 0.2575 0.2288 0.9388
vn 0.3341 0.2097 0.9189
vn -0.0125 -0.0057 0.9999
vn 0.5312 0.2903 0.7960
vn 0.5670 0.2792 0.7750
vn 0.6928 0.3799 0.6129
vn 0.6588 0.4003 0.6369
vn 0.5579 0.2800 0.7812
vn 0.6843 0.3610 0.6335
vn 0.0474 0.2795 0.9590
vn 0.1528 0.3498 0.9243
vn 0.3049 0.3017 0.9033
vn 0.2032 0.2557 0.9452
vn 0.3651 0.3308 0.8702
vn 0.4130 0.3769 0.8291
vn 0.4465 0.3152 0.8374
vn 0.4795 0.4123 0.7746
vn 0.7486 0.6137 0.2507
vn 0.8485 0.5177 0.1095
vn 0.7285 0.6063 0.3188
vn 0.0224 0.8643 0.5024
vn 0.8508 0.4919 0.1847
vn 0.8853 0.4650 0.0048
vn -0.3902 0.3627 0.8463
vn 0.0274 0.7263 0.6869
vn 0.6001 0.5822 0.5486
vn 0.3211 0.4530 0.8317
vn -0.0412 0.1210 0.9918
vn -0.1846 0.1023 0.9775
vn -0.1327 0.1800 0.9747
vn -0.1018 0.2479 0.9634
vn 0.2306 -0.1164 0.9661
vn 0.2255 -0.3207 0.9199
vn 0.2740 -0.2442 0.9302
vn 0.3068 0.1875 0.9331
vn 0.0726 -0.1954 0.9780
vn 0.0863 0.1189 0.9891
vn -0.1063 0.1091 0.9883
vn -0.0030 -0.0176 0.9998
vn 0.1227 -0.3582 0.9255
vn 0.2410 -0.0434 0.9696
vn 0.1748 -0.2950 0.9394
vn 0.2866 -0.1523 0.9459
vn 0.1824 -0.3019 0.9357
vn 0.2795 0.1738 0.9443
vn 0.2718 0.4487 0.8513
vn 0.3237 0.5191 0.7910
vn 0.2969 0.4321 0.8515
vn 0.2244 0.4250 0.8770
vn 0.2946 0.4827 0.8248
vn 0.2735 0.4201 0.8653
vn 0.2033 -0.0536 0.9776
vn 0.2312 0.1882 0.9545
vn 0.1705 -0.0157 0.9852
vn -0.7004 0.5376 -0.4695
vn -0.7825 0.4638 -0.4154
vn -0.7375 0.4796 -0.4755
vn -0.6582 0.5831 -0.4763
vn -0.7823 0.4201 -0.4599
vn -0.7967 0.4294 -0.4253
vn -0.6379 0.7288 -0.2489
vn -0.6530 0.7430 -0.1470
vn -0.7396 0.6194 -0.2631
vn -0.7179 0.6209 -0.3149
vn -0.7324 0.6251 -0.2700
vn -0.6242 0.7737 -0.1081
vn -0.2852 0.9309 0.2281
vn -0.5167 0.8561 -0.0085
vn -0.5419 0.8377 -0.0673
vn -0.3139 0.9488 0.0363
vn -0.5773 0.7704 -0.2706
vn -0.1586 0.9739 0.1623
vn -0.3969 0.9116 -0.1069
vn -0.2819 0.9421 -0.1814
vn -0.0479 0.9922 0.1147
vn -0.4374 0.8445 -0.3091
vn -0.5305 0.8218 -0.2079
vn -0.3626 0.9268 -0.0979
vn -0.5128 0.8179 -0.2610
vn -0.1070 0.9830 0.1492
vn -0.0334 0.9980 0.0531
vn 0.1641 0.9802 0.1109
vn 0.2624 0.9428 0.2056
vn 0.0293 0.9494 0.3126
vn 0.0501 0.9917 0.1186
vn 0.0889 0.9162 0.3906
vn 0.3315 0.8915 0.3087
vn 0.1589 0.9119 0.3784
vn 0.4118 0.8439 0.3438
vn 0.1122 0.8854 0.4511
vn 0.3923 0.8000 0.4540
vn 0.5151 0.8273 0.2241
vn 0.4945 0.8470 0.1949
vn 0.5658 0.8035 0.1853
vn 0.5598 0.8088 0.1802
vn 0.1534 0.9287 0.3377
vn 0.5100 0.7870 0.3472
vn 0.4840 0.7873 0.3820
vn 0.4254 0.7887 0.4438
vn 0.4595 0.8453 0.2726
vn 0.4620 0.8448 0.2701
vn 0.5494 0.7282 0.4098
vn 0.5588 0.7355 0.3832
vn 0.5048 0.8032 0.3162
vn 0.5307 0.7997 0.2807
vn 0.4298 0.8558 0.2879
vn 0.3240 0.6565 0.6812
vn 0.3146 0.6261 0.7134
vn 0.3950 0.7040 0.5902
vn 0.4041 0.6970 0.5924
vn 0.3729 0.6352 0.6764
vn 0.3309 0.5750 0.7483
vn 0.4741 0.6864 0.5515
vn 0.4522 0.6082 0.6524
vn 0.3952 0.1283 0.9096
vn 0.4704 0.0829 0.8786
vn 0.3019 -0.0378 0.9526
vn 0.2834 0.2150 0.9346
vn 0.3530 0.1683 0.9204
vn 0.3719 0.2262 0.9003
vn 0.2212 0.2358 0.9463
vn 0.1903 0.2511 0.9491
vn 0.3376 -0.0408 0.9404
vn 0.1901 0.0725 0.9791
vn -0.0377 -0.3726 0.9272
vn 0.2767 0.4490 0.8496
vn 0.4840 0.2523 0.8379
vn 0.2111 -0.2682 0.9399
vn -0.4177 -0.6834 0.5987
vn -0.4028 -0.6467 0.6477
vn 0.2294 -0.2047 0.9516
vn 0.1966 -0.2479 0.9486
vn -0.0825 0.2335 0.9689
vn -0.0206 0.1864 0.9823
vn 0.2988 0.8364 0.4595
vn -0.0947 0.6511 0.7530
vn -0.0769 0.4221 0.9033
vn 0.6312 0.4123 0.6570
vn 0.0281 0.4855 0.8738
vn -0.0158 0.1891 0.9818
vn 0.2944 0.1377 0.9457
vn 0.2075 0.1936 0.9589
vn 0.1699 0.1449 0.9748
vn 0.3295 0.1629 0.9300
vn 0.1184 0.2777 0.9533
vn 0.1234 0.2530 0.9596
vn 0.4996 0.1956 0.8439
vn 0.4213 0.1881 0.8872
vn 0.4447 0.2111 0.8704
vn 0.4500 0.1291 0.8836
vn 0.4281 0.1887 0.8838
vn 0.0902 -0.2282 0.9694
vn 0.2969 0.1409 0.9444
vn 0.2563 0.0874 0.9626
vn 0.2850 0.2155 0.9340
vn 0.0334 -0.0231 0.9992
vn 0.1040 -0.0207 0.9944
vn 0.0393 0.2263 0.9733
vn 0.0293 0.0608 0.9977
vn 0.1691 0.0360 0.9849
vn 0.3990 0.1155 0.9097
vn 0.0320 0.1760 0.9839
vn -0.0018 0.3653 0.9309
vn 0.0276 0.2824 0.9589
vn 0.0188 0.2893 0.9570
vn 0.1186 0.0136 0.9928
vn 0.1038 0.2627 0.9593
vn 0.7783 0.4934 0.3884
vn 0.6894 0.5777 0.4371
vn 0.5720 0.7447 0.3438
vn 0.7952 0.5469 0.2618
vn 0.6217 0.5345 0.5726
vn 0.0828 0.8217 0.5639
vn 0.3875 0.7723 0.5033
vn 0.1651 0.7241 0.6697
vn 0.1024 0.2197 0.9702
vn 0.0866 0.2116 0.9735
vn 0.3240 0.6695 0.6685
vn 0.2331 0.6679 0.7068
vn 0.5251 0.4329 0.7327
vn 0.9095 0.1606 0.3835
vn 0.8102 0.1939 0.5531
vn 0.7041 0.3112 0.6383
vn 0.5871 0.3847 0.7123
vn 0.5582 0.2917 0.7767
vn 0.9492 0.2598 0.1777
vn 0.1811 0.2289 0.9565
vn 0.0876 0.4781 0.8739
vn 0.1481 0.5185 0.8422
vn 0.1761 0.5952 0.7841
vn 0.2345 0.3633 0.9017
vn 0.1149 0.4403 0.8905
vn 0.5127 0.1421 0.8467
vn 0.1217 0.3324 0.9352
vn 0.0989 0.5460 0.8320
vn 0.2708 -0.0586 0.9608
vn 0.2321 -0.0339 0.9721
vn 0.2454 0.3343 0.9100
vn 0.1943 0.6269 0.7545
vn 0.1657 0.6142 0.7715
vn 0.1374 0.0896 0.9865
vn -0.0165 0.6931 0.7206
vn 0.6955 0.7172 0.0442
vn 0.6146 0.5885 0.5253
vn 0.6677 0.5103 0.5420
vn 0.7547 0.6545 0.0454
vn 0.4794 0.7945 0.3727
vn 0.5230 0.7575 0.3907
vn 0.5862 0.6280 0.5118
vn 0.3719 0.8684 0.3280
vn 0.5507 0.6544 0.5182
vn 0.4084 0.7288 0.5496
vn 0.4074 0.8897 0.2061
vn 0.3976 0.8505 0.3443
vn 0.3507 0.8146 0.4620
vn 0.5965 0.5579 0.5770
vn 0.4796 0.5490 0.6845
vn 0.6767 0.5358 0.5050
vn 0.2995 0.8210 0.4860
vn 0.2375 0.7905 0.5646
vn 0.3971 0.8881 0.2315
vn 0.4102 0.9067 0.0981
vn 0.4032 0.9133 0.0570
vn 0.3444 0.9276 0.1445
vn 0.3113 0.9487 0.0556
vn 0.2161 0.9451 0.2450
vn 0.1565 0.9862 0.0542
vn 0.2926 0.8594 0.4192
vn 0.3089 0.9497 0.0514
vn 0.5155 0.7000 0.4942
vn 0.5642 0.8244 0.0466
vn -0.8593 -0.3357 -0.3859
vn -0.8883 -0.4579 -0.0338
vn -0.8012 -0.5925 -0.0840
vn -0.5971 -0.7559 0.2685
vn -0.7540 -0.5583 0.3460
vn -0.8578 -0.4979 0.1275
vn -0.2967 -0.9442 -0.1433
vn -0.2609 -0.6942 0.6709
vn -0.2829 -0.9509 -0.1257
vn -0.2301 -0.6836 0.6926
vn 0.0257 -0.2986 0.9540
vn -0.0116 -0.3206 0.9471
vn -0.1448 -0.7733 0.6172
vn -0.2435 -0.7429 0.6236
vn -0.1669 -0.8810 0.4426
vn -0.0538 -0.9025 0.4274
vn -0.1138 -0.8222 0.5577
vn -0.3119 -0.7246 0.6146
vn -0.2184 -0.8820 0.4176
vn -0.4093 -0.8127 0.4147
vn -0.6093 -0.6064 0.5109
vn -0.1928 -0.6606 0.7256
vn -0.2193 -0.6392 0.7371
vn 0.0557 -0.2550 0.9653
vn 0.1322 -0.2680 0.9543
vn -0.3764 -0.9213 -0.0979
vn -0.4054 -0.9057 -0.1241
vn 0.0157 -0.3044 0.9524
vn 0.0072 -0.3309 0.9436
vn -0.2130 -0.6729 0.7084
vn -0.3164 -0.9421 -0.1110
vn 0.0730 -0.2784 0.9577
vn 0.0256 -0.4896 0.8716
vn -0.0364 -0.6237 0.7808
vn -0.4626 -0.5923 0.6597
vn -0.4898 -0.5149 0.7035
vn -0.4224 -0.5111 0.7486
vn -0.3857 -0.6889 0.6137
vn -0.3821 -0.7275 0.5698
vn -0.6222 -0.5458 0.5612
vn -0.5569 -0.5324 0.6375
vn -0.5344 -0.7380 0.4120
vn -0.7749 -0.6227 0.1083
vn -0.6489 0.0154 0.7607
vn -0.7220 -0.2394 0.6491
vn -0.5594 -0.1061 0.8221
vn -0.6197 -0.2830 0.7320
vn -0.6846 -0.5344 0.4957
vn -0.8849 -0.4152 -0.2113
vn -0.3898 -0.2600 0.8835
vn -0.3934 -0.3694 0.8419
vn -0.4635 -0.3458 0.8158
vn -0.4438 -0.2420 0.8628
vn -0.4934 -0.1928 0.8482
vn -0.5350 -0.3163 0.7834
vn -0.1228 0.3554 0.9266
vn 0.0572 0.3805 0.9230
vn -0.0545 0.3197 0.9459
vn -0.2384 0.1223 0.9634
vn -0.3863 -0.1163 0.9150
vn -0.3598 -0.1122 0.9262
vn -0.2594 0.1350 0.9563
vn -0.1487 0.3216 0.9351
vn 0.6572 0.7277 0.1964
vn 0.5897 0.7423 0.3183
vn 0.5960 0.7348 0.3238
vn 0.6368 0.7496 0.1803
vn 0.5630 0.7288 0.3898
vn 0.5515 0.7433 0.3785
vn 0.6216 0.6992 0.3532
vn 0.5943 0.7546 0.2783
vn 0.6283 0.7143 0.3083
vn 0.5401 0.7416 0.3978
vn 0.4097 0.8619 0.2987
vn 0.2610 0.8945 0.3631
vn 0.4798 0.8201 0.3118
vn 0.5318 0.7879 0.3104
vn 0.5605 0.7253 0.3998
vn 0.5457 0.7793 0.3080
vn 0.2195 0.5467 0.8081
vn 0.1616 0.4002 0.9021
vn 0.3813 0.7216 0.5778
vn 0.2861 0.6149 0.7349
vn 0.6102 0.6775 0.4107
vn 0.5779 0.6919 0.4328
vn 0.5940 0.6809 0.4285
vn 0.5388 0.7373 0.4076
vn 0.3163 0.4896 0.8126
vn 0.3427 0.6660 0.6626
vn 0.3976 0.7929 0.4617
vn 0.2447 0.8263 0.5073
vn 0.0458 0.6070 0.7934
vn -0.0486 0.7214 0.6908
vn 0.0180 0.7780 0.6280
vn -0.5090 0.6407 -0.5748
vn -0.6247 0.6600 -0.4173
vn -0.7236 0.4213 -0.5466
vn -0.7148 0.4394 -0.5441
vn -0.4251 0.0343 0.9045
vn -0.3937 -0.0800 0.9158
vn -0.1867 0.0175 0.9823
vn -0.2692 0.1919 0.9438
vn -0.5947 0.4828 0.6428
vn -0.0201 0.1293 0.9914
vn -0.7361 0.6716 0.0845
vn -0.6395 0.5864 -0.4971
vn -0.8223 0.4785 -0.3079
vn -0.7507 0.5754 0.3246
vn -0.5773 0.2958 0.7611
vn -0.4673 -0.4405 0.7665
vn -0.3918 -0.4380 0.8091
vn -0.2371 -0.9252 0.2961
vn -0.2912 -0.9162 0.2752
vn -0.8977 -0.3477 0.2706
vn -0.6765 -0.7346 -0.0523
vn -0.4443 -0.6596 -0.6062
vn 0.0232 -0.8984 -0.4385
vn 0.0196 -0.8977 -0.4401
vn -0.2248 -0.2833 -0.9323
vn 0.2812 -0.3414 -0.8969
vn -0.2678 0.0202 -0.9633
vn 0.3462 0.0070 -0.9381
vn 0.2842 -0.3704 -0.8843
vn 0.3259 0.0034 -0.9454
vn -0.2403 -0.1525 -0.9587
vn 0.3307 -0.2093 -0.9202
vn -0.2919 -0.3818 -0.8770
vn 0.2750 -0.5299 -0.8022
vn 0.3069 -0.1809 -0.9344
vn 0.2536 -0.4837 -0.8377
vn -0.3847 -0.5454 -0.7447
vn 0.1697 -0.7933 -0.5847
vn -0.4610 -0.7454 -0.4816
vn -0.0310 -0.9787 -0.2029
vn 0.1302 -0.7925 -0.5958
vn -0.1165 -0.9698 -0.2145
vn 0.0280 -0.9862 -0.1630
vn 0.0897 -0.9520 -0.2928
vn -0.5158 -0.7451 -0.4228
vn -0.3351 -0.5956 -0.7300
vn 0.2748 -0.7932 -0.5435
vn 0.3198 -0.7765 -0.5430
vn -0.3016 -0.4163 -0.8578
vn 0.3367 -0.6191 -0.7095
vn -0.2886 -0.3088 -0.9063
vn 0.3485 -0.4718 -0.8099
vn 0.3262 -0.6513 -0.6852
vn 0.3344 -0.4616 -0.8216
vn 0.3676 -0.2186 -0.9039
vn 0.3653 -0.1784 -0.9136
vn -0.2623 -0.1485 -0.9535
vn -0.2619 0.0810 -0.9617
vn 0.3524 0.1284 -0.9270
vn 0.3692 0.1651 -0.9146
vn -0.2260 -0.3288 -0.9170
vn -0.1791 -0.2334 -0.9557
vn 0.0638 -0.2002 -0.9777
vn 0.1197 -0.3465 -0.9304
vn 0.0183 -0.2093 -0.9777
vn -0.1634 -0.2334 -0.9586
vn 0.2597 -0.1929 -0.9462
vn 0.2779 -0.2051 -0.9385
vn 0.3101 -0.3525 -0.8830
vn 0.2995 -0.2420 -0.9229
vn 0.3297 -0.4106 -0.8501
vn 0.3021 -0.1500 -0.9414
vn 0.2861 -0.2118 -0.9345
vn 0.2975 -0.3572 -0.8854
vn 0.2959 -0.5099 -0.8077
vn 0.3684 -0.4698 -0.8022
vn 0.3576 -0.5720 -0.7382
vn 0.3642 -0.3331 -0.8697
vn 0.4119 -0.4811 -0.7739
vn 0.4225 -0.5728 -0.7024
vn 0.4338 -0.6435 -0.6306
vn -0.0879 -0.9042 -0.4181
vn -0.1290 -0.5930 -0.7948
vn 0.1164 -0.5968 -0.7939
vn 0.1700 -0.9060 -0.3876
vn 0.3226 -0.5872 -0.7424
vn 0.3412 -0.8582 -0.3836
vn 0.3752 -0.6172 -0.6916
vn 0.2465 -0.8525 -0.4609
vn 0.2613 -0.6508 -0.7128
vn 0.1748 -0.8662 -0.4681
vn 0.3479 -0.6928 -0.6316
vn 0.2915 -0.8751 -0.3862
vn 0.4120 -0.7327 -0.5416
vn 0.3220 -0.8748 -0.3621
vn -0.3429 -0.3769 -0.8604
vn -0.4117 -0.4763 -0.7770
vn -0.3888 -0.4637 -0.7961
vn -0.3619 -0.3872 -0.8480
vn -0.4501 -0.5291 -0.7193
vn -0.4046 -0.7444 -0.5311
vn -0.4430 -0.4461 -0.7777
vn -0.3676 -0.5151 -0.7743
vn -0.3454 -0.3473 -0.8718
vn -0.2861 -0.8541 -0.4343
vn -0.3753 -0.2715 -0.8862
vn -0.3215 -0.2719 -0.9070
vn -0.6367 -0.2525 -0.7286
vn -0.7486 -0.1050 -0.6546
vn -0.5056 -0.0908 -0.8580
vn -0.4154 -0.1249 -0.9010
vn -0.2593 -0.2710 -0.9270
vn -0.2880 -0.2186 -0.9323
vn -0.1370 -0.9005 0.4127
vn 0.0482 -0.9988 0.0036
vn 0.1407 -0.9889 -0.0486
vn -0.1120 -0.9687 0.2216
vn 0.1643 -0.9640 -0.2089
vn -0.0509 -0.9982 -0.0320
vn -0.1202 -0.9815 0.1492
vn -0.2466 -0.9231 0.2951
vn -0.2458 -0.8118 0.5297
vn 0.0270 -0.9986 0.0449
vn -0.1652 -0.8492 0.5016
vn -0.1186 -0.8295 0.5458
vn 0.0580 -0.9905 0.1248
vn -0.1912 -0.7707 0.6078
vn -0.1130 -0.8742 0.4722
vn -0.1050 -0.8424 0.5285
vn -0.0520 -0.9646 0.2585
vn 0.0424 -0.9719 0.2315
vn -0.1224 -0.8451 0.5205
vn -0.0510 -0.9617 0.2693
vn -0.1643 -0.9765 0.1396
vn -0.0876 -0.8224 0.5622
vn -0.2416 -0.9629 0.1198
vn -0.2045 -0.9590 0.1962
vn -0.0457 -0.8085 0.5867
vn -0.5446 -0.8256 0.1477
vn -0.3496 -0.9305 0.1097
vn -0.1851 -0.8238 0.5358
vn -0.2533 -0.8312 0.4949
vn -0.6939 -0.6578 -0.2929
vn -0.5116 -0.7572 -0.4061
vn -0.1822 -0.9671 0.1777
vn -0.1464 -0.9601 0.2383
vn -0.1746 -0.9485 0.2641
vn -0.1349 -0.9571 0.2566
vn -0.5657 -0.5407 -0.6225
vn -0.7907 -0.3717 -0.4865
vn -0.7265 -0.4791 -0.4926
vn -0.9000 -0.2343 -0.3677
vn -0.7097 -0.6782 -0.1905
vn -0.7010 -0.4732 -0.5335
vn -0.6238 -0.7542 -0.2050
vn -0.4683 -0.5853 -0.6619
vn 0.1411 -0.3539 -0.9246
vn -0.3570 -0.2753 -0.8926
vn -0.2780 -0.6445 -0.7123
vn 0.0392 -0.4644 -0.8848
vn -0.4823 -0.7961 -0.3656
vn -0.0877 -0.7776 -0.6226
vn 0.4834 -0.1406 -0.8640
vn 0.3822 -0.4529 -0.8055
vn 0.3844 -0.4894 -0.7827
vn 0.4021 -0.0604 -0.9136
vn 0.0410 -0.9023 -0.4292
vn -0.9280 -0.1917 -0.3195
vn -0.9392 -0.1380 -0.3144
vn -0.8534 -0.1972 -0.4825
vn -0.7550 -0.1705 -0.6332
vn 0.2949 -0.2966 -0.9083
vn 0.3783 -0.1114 -0.9190
vn 0.4491 -0.0943 -0.8885
vn 0.4034 -0.1232 -0.9067
vn 0.0819 -0.2094 -0.9744
vn -0.0492 -0.1459 -0.9881
vn 0.3546 -0.1719 -0.9191
vn 0.2995 -0.4705 -0.8300
vn 0.3036 -0.6001 -0.7401
vn 0.4769 -0.2021 -0.8554
vn 0.4415 -0.3178 -0.8391
vn 0.3238 -0.4235 -0.8460
vn 0.2272 -0.7567 -0.6130
vn 0.3077 -0.7577 -0.5756
vn 0.2584 -0.4256 -0.8672
vn 0.4017 -0.6705 -0.6238
vn -0.1910 -0.7283 -0.6581
vn -0.5085 -0.3996 -0.7627
vn 0.0575 -0.8773 -0.4764
vn 0.0281 -0.9526 -0.3029
vn -0.0923 -0.9742 -0.2059
vn 0.1954 -0.9629 -0.1859
vn -0.9225 -0.1645 -0.3492
vn -0.7940 -0.0421 -0.6065
vn -0.7241 -0.5113 -0.4629
vn -0.7250 -0.1897 -0.6621
vn 0.2292 -0.9426 -0.2430
vn 0.4444 -0.8390 -0.3140
vn 0.4904 -0.8678 -0.0797
vn 0.3567 -0.9197 -0.1640
vn 0.1007 -0.8651 -0.4913
vn -0.2904 -0.7519 -0.5919
vn 0.2493 -0.8718 -0.4217
vn 0.3417 -0.8747 -0.3438
vn 0.2536 -0.8206 -0.5121
vn 0.1165 -0.9056 -0.4078
vn -0.5678 0.0295 -0.8226
vn -0.4938 0.0877 -0.8652
vn -0.5499 0.0276 -0.8348
vn -0.4907 0.1005 -0.8655
vn 0.2886 -0.9326 -0.2168
vn 0.1066 -0.9346 -0.3394
vn 0.1193 -0.9692 -0.2156
vn 0.1354 -0.9858 -0.0991
vn -0.2884 -0.5715 -0.7683
vn -0.2551 -0.7208 -0.6445
vn 0.1796 -0.7138 -0.6769
vn 0.0077 -0.7533 -0.6576
vn 0.2093 -0.4399 -0.8733
vn 0.0379 -0.4052 -0.9134
vn -0.3770 0.0271 -0.9258
vn -0.4000 0.0399 -0.9156
vn -0.2321 0.0945 -0.9681
vn -0.1815 -0.1042 -0.9779
vn -0.1142 -0.8247 -0.5539
vn -0.0568 -0.8477 -0.5274
vn -0.1219 -0.9630 -0.2405
vn -0.0486 -0.5896 -0.8063
vn -0.2941 -0.7290 -0.6181
vn -0.1970 -0.5224 -0.8296
vn 0.0267 -0.1648 -0.9860
vn 0.0145 0.0381 -0.9992
vn 0.2897 0.0402 -0.9563
vn 0.2731 -0.1878 -0.9435
vn 0.1400 -0.2412 -0.9603
vn 0.1418 -0.4470 -0.8832
vn 0.2888 -0.1967 -0.9370
vn 0.2301 -0.5577 -0.7975
vn 0.2623 -0.5309 -0.8058
vn 0.1204 -0.5982 -0.7923
vn 0.0273 -0.3003 -0.9535
vn 0.3128 -0.0878 -0.9458
vn 0.3195 -0.1744 -0.9314
vn 0.3489 -0.0389 -0.9363
vn 0.3842 0.0056 -0.9232
vn 0.2996 -0.1436 -0.9432
vn 0.3568 -0.1451 -0.9228
vn 0.4234 0.0266 -0.9055
vn 0.3849 -0.1194 -0.9152
vn 0.3892 -0.3352 -0.8580
vn -0.4926 0.5598 0.6664
vn -0.4578 0.4971 0.7371
vn -0.5607 0.4186 0.7144
vn -0.6191 0.4458 0.6465
vn -0.9066 0.3970 0.1430
vn -0.8736 0.4362 0.2158
vn -0.5027 0.3482 0.7912
vn -0.4323 0.3870 0.8145
vn -0.4470 0.2718 0.8522
vn -0.4784 0.2989 0.8257
vn -0.9231 0.3090 0.2289
vn -0.9452 0.1989 0.2591
vn -0.5107 0.1516 0.8463
vn -0.4681 0.0973 0.8783
vn -0.4712 -0.1576 0.8678
vn -0.4971 -0.1787 0.8491
vn -0.9543 0.0606 0.2927
vn -0.9448 -0.1014 0.3115
vn -0.9005 -0.3584 0.2464
vn -0.4095 -0.4894 0.7699
vn -0.3920 -0.5092 0.7662
vn -0.4455 -0.2145 0.8692
vn -0.3880 -0.2381 0.8904
vn -0.4010 -0.2194 0.8894
vn -0.4673 -0.1671 0.8682
vn -0.9388 -0.1578 0.3061
vn -0.9529 -0.1793 0.2446
vn -0.4013 -0.4441 0.8011
vn -0.4802 -0.4001 0.7806
vn -0.8790 -0.3924 0.2708
vn -0.3521 -0.9008 0.2541
vn -0.4816 -0.4472 0.7537
vn -0.4970 -0.8451 0.1968
vn -0.5603 -0.4167 0.7159
vn -0.7080 -0.4311 0.5594
vn -0.5086 -0.2757 0.8157
vn -0.4580 -0.1456 0.8770
vn -0.5903 -0.2312 0.7733
vn 0.2151 0.3944 -0.8934
vn 0.1391 -0.0237 -0.9900
vn 0.2625 -0.1053 -0.9592
vn 0.3004 0.2207 -0.9279
vn -0.6701 -0.2597 -0.6953
vn -0.5239 -0.0843 -0.8476
vn -0.4223 -0.0097 -0.9064
vn -0.6233 -0.2176 -0.7511
vn -0.1217 0.1770 -0.9767
vn -0.2519 0.0936 -0.9632
vn 0.0585 0.2308 -0.9713
vn -0.2473 -0.0277 -0.9685
vn -0.4757 -0.2905 -0.8303
vn -0.6772 -0.2422 -0.6948
vn -0.6283 -0.2485 -0.7372
vn -0.5735 -0.1489 -0.8056
vn -0.6765 -0.2585 -0.6896
vn -0.3913 -0.0654 -0.9179
vn -0.4690 -0.1395 -0.8721
vn -0.9194 0.3878 0.0649
vn -0.8654 0.4946 0.0808
vn -0.5487 0.5827 0.5995
vn -0.6267 0.5389 0.5629
vn -0.6846 0.4210 0.5951
vn -0.7448 0.3745 0.5523
vn -0.6724 0.6021 0.4304
vn -0.6806 0.5306 0.5052
vn -0.7523 0.4879 0.4427
vn -0.6926 0.6398 0.3331
vn -0.9227 0.3852 -0.0140
vn -0.8989 0.4361 0.0417
vn -0.8715 0.4879 -0.0486
vn -0.9078 0.4192 -0.0121
vn -0.6738 0.5810 0.4566
vn -0.5914 0.7147 0.3734
vn -0.6397 0.6809 0.3566
vn -0.4381 0.8536 0.2817
vn -0.2188 0.9721 -0.0850
vn -0.3745 0.9191 0.1222
vn -0.2137 0.9656 0.1482
vn -0.0603 0.9981 -0.0127
vn -0.6752 0.6299 -0.3838
vn -0.7808 0.5815 -0.2285
vn -0.3658 0.3955 -0.8425
vn 0.2415 0.5599 -0.7926
vn 0.2010 0.6640 -0.7202
vn -0.4061 0.4882 -0.7725
vn -0.3761 0.4367 -0.8172
vn 0.2111 0.6653 -0.7161
vn 0.3402 0.6119 -0.7140
vn 0.3429 0.7373 -0.5820
vn 0.2922 0.6534 -0.6984
vn -0.3697 0.5132 -0.7745
vn 0.1922 0.7422 -0.6420
vn 0.2425 0.6093 -0.7550
vn -0.3775 0.3984 -0.8359
vn 0.2406 0.7413 -0.6265
vn 0.2796 0.6380 -0.7174
vn 0.2924 0.4323 -0.8530
vn 0.3324 0.4512 -0.8282
vn -0.3112 0.2916 -0.9045
vn 0.2811 0.7111 -0.6444
vn 0.2562 0.5703 -0.7805
vn 0.3105 0.4731 -0.8245
vn 0.3040 0.6404 -0.7054
vn -0.4530 0.4834 -0.7491
vn -0.5470 0.6892 -0.4752
vn -0.4245 0.7390 -0.5232
vn -0.3034 0.4860 -0.8196
vn -0.4787 0.8630 -0.1615
vn -0.4569 0.8793 -0.1342
vn -0.4385 0.8394 -0.3212
vn -0.3039 0.7208 -0.6229
vn -0.2067 0.5137 -0.8327
vn 0.0252 -0.0921 -0.9954
vn -0.2572 -0.4174 -0.8716
vn 0.2741 0.2241 -0.9352
vn 0.5005 0.1544 -0.8519
vn 0.3331 -0.0874 -0.9388
vn 0.0763 -0.4062 -0.9106
vn -0.3058 -0.4284 -0.8503
vn 0.0525 0.0485 -0.9974
vn -0.2039 0.2149 -0.9551
vn -0.5009 -0.3097 -0.8082
vn -0.0891 -0.5405 -0.8366
vn 0.1943 -0.1487 -0.9696
vn 0.0648 0.0619 -0.9960
vn 0.0570 0.0760 -0.9955
vn 0.1124 0.1504 -0.9822
vn 0.1726 0.1229 -0.9773
vn 0.1416 0.1072 -0.9841
vn 0.1168 0.0342 -0.9926
vn 0.0639 -0.0011 -0.9980
vn 0.0867 0.0280 -0.9958
vn 0.2595 -0.0281 -0.9653
vn 0.1781 0.1168 -0.9771
vn 0.0781 0.0927 -0.9926
vn 0.3203 0.1876 -0.9286
vn 0.1007 0.1529 -0.9831
vn 0.2943 -0.2522 -0.9218
vn 0.2158 -0.4171 -0.8829
vn 0.3757 -0.1766 -0.9097
vn 0.5187 0.0255 -0.8546
vn 0.4795 0.0306 -0.8770
vn 0.5769 -0.0390 -0.8159
vn 0.5168 0.1855 -0.8358
vn 0.5048 0.0226 -0.8629
vn 0.9091 -0.1934 -0.3689
vn 0.8118 -0.0939 -0.5763
vn 0.7493 -0.2194 -0.6248
vn 0.8546 -0.3420 -0.3908
vn 0.7012 -0.2031 -0.6834
vn 0.8432 -0.3307 -0.4237
vn 0.4136 0.1073 -0.9041
vn 0.6610 -0.1415 -0.7369
vn 0.4012 0.1377 -0.9056
vn 0.6785 -0.0794 -0.7303
vn 0.8423 -0.2730 -0.4648
vn 0.8309 -0.3077 -0.4636
vn 0.5652 0.0945 -0.8196
vn 0.6795 -0.2288 -0.6971
vn 0.4118 0.0274 -0.9109
vn 0.4043 0.0168 -0.9145
vn 0.3672 -0.1584 -0.9165
vn 0.7435 -0.4443 -0.4998
vn 0.1828 0.1266 -0.9750
vn 0.1706 0.0629 -0.9833
vn 0.1586 -0.0229 -0.9871
vn 0.3247 -0.4200 -0.8475
vn 0.7962 -0.5081 -0.3285
vn 0.5883 -0.4158 -0.6935
vn 0.9071 -0.3949 -0.1459
vn -0.0423 -0.0216 -0.9989
vn 0.0760 -0.0268 -0.9967
vn -0.1422 0.0512 -0.9885
vn -0.1900 -0.0025 -0.9818
vn 0.1488 -0.0266 -0.9885
vn 0.1803 -0.0256 -0.9833
vn 0.1524 -0.0150 -0.9882
vn 0.1438 0.0113 -0.9895
vn 0.0857 0.0292 -0.9959
vn 0.1169 0.0593 -0.9914
vn 0.9061 -0.4066 -0.1171
vn 0.9168 -0.3822 -0.1159
vn 0.7866 -0.3589 -0.5024
vn 0.8829 -0.2093 -0.4203
vn -0.1553 0.0987 -0.9829
vn 0.1707 0.0757 -0.9824
vn 0.0020 -0.0228 -0.9997
vn -0.1689 0.0550 -0.9841
vn 0.1151 -0.0342 -0.9928
vn 0.0900 0.0644 -0.9939
vn 0.0532 0.0627 -0.9966
vn 0.0916 0.0960 -0.9912
vn 0.0561 0.0516 -0.9971
vn 0.1016 0.0881 -0.9909
vn 0.9077 -0.3768 -0.1847
vn 0.9667 -0.1642 -0.1961
vn 0.8681 -0.1110 -0.4838
vn 0.7730 -0.0643 -0.6311
vn -0.0745 0.2055 -0.9758
vn 0.1369 0.3725 -0.9179
vn 0.2367 0.2169 -0.9471
vn -0.1338 0.1704 -0.9763
vn 0.0733 0.1465 -0.9865
vn 0.0812 0.1603 -0.9837
vn 0.3900 0.1011 -0.9152
vn 0.4468 0.1769 -0.8770
vn 0.2956 -0.4657 -0.8341
vn 0.2836 -0.3348 -0.8986
vn 0.4208 0.0601 -0.9052
vn 0.2577 -0.1188 -0.9589
vn 0.2222 -0.1690 -0.9602
vn 0.1062 -0.2444 -0.9639
vn 0.1845 -0.6904 -0.6995
vn 0.2974 -0.2960 -0.9077
vn 0.0991 -0.6445 -0.7582
vn 0.2319 -0.4069 -0.8835
vn 0.1561 -0.5501 -0.8204
vn 0.1236 -0.6884 -0.7147
vn 0.1780 -0.6048 -0.7762
vn 0.1208 -0.5377 -0.8344
vn 0.3279 -0.0752 -0.9417
vn 0.3797 -0.0014 -0.9251
vn 0.2696 -0.2756 -0.9227
vn 0.4268 0.3335 -0.8406
vn 0.3368 0.2194 -0.9156
vn 0.4068 0.4822 -0.7759
vn 0.3841 0.1216 -0.9153
vn 0.3226 -0.1615 -0.9327
vn 0.2228 -0.5304 -0.8179
vn 0.1598 -0.4569 -0.8750
vn 0.2527 -0.4077 -0.8775
vn 0.2116 -0.4428 -0.8713
vn 0.3650 0.1661 -0.9161
vn 0.3337 -0.0818 -0.9391
vn 0.3281 0.5517 -0.7668
vn 0.2953 0.5345 -0.7919
vn 0.3254 0.1769 -0.9289
vn 0.3378 -0.0561 -0.9395
vn 0.0596 -0.3257 -0.9436
vn 0.1235 -0.2566 -0.9586
vn 0.1028 -0.2858 -0.9528
vn 0.1860 -0.2277 -0.9558
vn 0.2054 -0.2665 -0.9417
vn 0.2867 -0.0837 -0.9544
vn 0.2867 -0.3683 -0.8844
vn 0.3534 -0.3021 -0.8854
vn 0.2884 -0.4004 -0.8698
vn 0.2928 -0.3926 -0.8719
vn 0.2035 -0.3948 -0.8960
vn 0.3689 -0.2973 -0.8806
vn 0.2383 -0.4051 -0.8827
vn 0.1223 -0.4072 -0.9051
vn 0.2856 -0.0213 -0.9581
vn 0.1879 0.0412 -0.9813
vn -0.9117 0.2375 0.3353
vn -0.9104 0.3916 0.1338
vn -0.8613 0.5037 -0.0663
vn -0.9660 0.2583 -0.0097
vn -0.8271 0.5100 -0.2363
vn -0.9110 0.4025 -0.0899
vn -0.7133 0.5284 -0.4605
vn -0.6563 0.5465 -0.5202
vn -0.7932 0.2424 -0.5586
vn -0.3115 0.2360 -0.9205
vn -0.4762 0.2498 -0.8431
vn -0.4942 0.4844 -0.7219
vn -0.3346 0.3838 -0.8607
vn -0.5217 0.5091 -0.6846
vn -0.4576 0.4641 -0.7584
vn -0.3631 0.4221 -0.8307
vn -0.2708 0.4500 -0.8510
vn -0.0823 0.2711 -0.9590
vn -0.1468 0.2891 -0.9460
vn 0.0589 0.4251 -0.9032
vn -0.1007 0.6028 -0.7915
vn 0.1830 0.1944 -0.9637
vn 0.0780 0.1042 -0.9915
vn 0.0257 0.1569 -0.9873
vn 0.4251 -0.4987 -0.7554
vn 0.4659 -0.3779 -0.8001
vn 0.3313 -0.1818 -0.9259
vn 0.3396 -0.2350 -0.9108
vn 0.4742 -0.7373 -0.4812
vn 0.5530 -0.6238 -0.5523
vn 0.6046 -0.5776 -0.5485
vn 0.4534 -0.3032 -0.8381
vn 0.2782 -0.0791 -0.9573
vn 0.1965 -0.0191 -0.9803
vn 0.1424 0.0516 -0.9885
vn 0.2622 -0.0163 -0.9649
vn -0.4659 0.4122 -0.7830
vn -0.4253 0.4601 -0.7794
vn -0.2241 0.2934 -0.9294
vn -0.2847 0.1940 -0.9388
vn -0.0631 0.1035 -0.9926
vn -0.1387 -0.0530 -0.9889
vn 0.6139 -0.5361 -0.5794
vn 0.3391 -0.3475 -0.8742
vn 0.2293 -0.4435 -0.8665
vn 0.5892 -0.4851 -0.6461
vn -0.0404 -0.2942 -0.9549
vn 0.1199 -0.1651 -0.9790
vn 0.0081 -0.0291 -0.9995
vn -0.1223 -0.2148 -0.9690
vn -0.2917 0.0924 -0.9520
vn -0.4112 0.2927 -0.8633
vn -0.2110 0.0123 -0.9774
vn -0.1108 -0.1711 -0.9790
vn -0.0723 -0.2299 -0.9705
vn 0.0026 -0.3326 -0.9431
vn -0.7854 -0.0726 0.6147
vn -0.9315 -0.0929 0.3516
vn -0.9648 0.1890 0.1829
vn -0.8752 0.1761 0.4505
vn -0.7870 0.0362 0.6158
vn -0.6419 -0.1569 0.7506
vn -0.1242 -0.2967 -0.9469
vn -0.0399 -0.3962 -0.9173
vn -0.1308 -0.3643 -0.9220
vn -0.1315 -0.4839 -0.8652
vn 0.1144 -0.4689 -0.8758
vn -0.0521 -0.5422 -0.8386
vn 0.4266 -0.4020 -0.8102
vn 0.1906 -0.5227 -0.8309
vn 0.6431 -0.7336 -0.2196
vn 0.7926 -0.5207 -0.3171
vn 0.6656 0.1140 -0.7375
vn 0.5984 -0.6628 -0.4502
vn 0.4251 0.5968 -0.6805
vn 0.8111 -0.2740 -0.5168
vn 0.6304 -0.1341 -0.7646
vn 0.2867 0.5303 -0.7979
vn 0.2166 0.1115 -0.9699
vn 0.3553 -0.3254 -0.8763
vn 0.5342 -0.7944 -0.2890
vn 0.5634 -0.2896 -0.7737
vn 0.4557 -0.8514 -0.2599
vn 0.5309 -0.1316 -0.8372
vn 0.0763 0.6696 -0.7388
vn -0.0366 0.8553 -0.5168
vn -0.0766 0.8722 -0.4830
vn -0.2247 0.8432 -0.4884
vn 0.4271 0.2133 -0.8787
vn 0.1350 0.2053 -0.9693
vn -0.1567 0.7421 -0.6517
vn 0.1378 0.7139 -0.6865
vn -0.2480 0.1612 -0.9553
vn -0.4222 0.3402 -0.8402
vn -0.1165 -0.1212 -0.9858
vn 0.0621 -0.3119 -0.9481
vn -0.1596 -0.0367 -0.9865
vn -0.5182 0.4624 -0.7195
vn -0.5538 0.5008 -0.6652
vn -0.4971 0.4947 -0.7129
vn -0.5246 0.4977 -0.6908
vn -0.6421 0.4221 -0.6400
vn -0.8007 0.3793 -0.4637
vn -0.7217 0.3059 -0.6210
vn -0.4721 0.3398 -0.8134
vn -0.9211 0.2681 -0.2824
vn -0.9006 0.2905 -0.3235
vn -0.5120 0.4458 -0.7343
vn -0.4167 0.4539 -0.7876
vn -0.3017 0.3643 -0.8810
vn -0.2887 0.3982 -0.8707
vn -0.4110 0.4622 -0.7858
vn -0.4269 0.4590 -0.7792
vn -0.5395 0.5162 -0.6652
vn -0.5170 0.4966 -0.6972
vn -0.5415 0.5155 -0.6641
vn -0.5541 0.5320 -0.6403
vn -0.1668 0.7526 -0.6370
vn -0.2263 0.6137 -0.7564
vn 0.0634 0.5888 -0.8058
vn 0.3095 0.4767 -0.8228
vn 0.0907 0.6708 -0.7361
vn -0.0385 0.7929 -0.6082
vn 0.0030 0.7411 -0.6714
vn 0.0530 -0.9982 0.0294
vn 0.1015 -0.9718 -0.2131
vn -0.0308 -0.9373 -0.3471
vn -0.0786 -0.9770 -0.1981
vn 0.1893 -0.8641 -0.4663
vn 0.2821 -0.8491 -0.4465
vn 0.1406 -0.8092 -0.5705
vn 0.0373 -0.8732 -0.4859
vn 0.3803 -0.7924 -0.4769
vn 0.4276 -0.7053 -0.5654
vn 0.3506 -0.6849 -0.6387
vn 0.2666 -0.7418 -0.6154
vn 0.4469 -0.6511 -0.6134
vn 0.4519 -0.5771 -0.6803
vn 0.3397 -0.6589 -0.6711
vn 0.3481 -0.6777 -0.6478
vn 0.4299 -0.5003 -0.7516
vn 0.3963 -0.3959 -0.8284
vn 0.3950 -0.5459 -0.7389
vn 0.3636 -0.6081 -0.7057
vn 0.3324 -0.3406 -0.8795
vn 0.2663 -0.3738 -0.8885
vn 0.3721 -0.4402 -0.8172
vn 0.4045 -0.4782 -0.7795
vn 0.3003 -0.2930 -0.9077
vn 0.3175 -0.2508 -0.9145
vn 0.3283 -0.3051 -0.8939
vn 0.3460 -0.3930 -0.8519
vn 0.3523 -0.0933 -0.9312
vn 0.3632 -0.1332 -0.9221
vn 0.2298 -0.4980 -0.8362
vn 0.2101 -0.4412 -0.8725
vn 0.0381 -0.4443 -0.8951
vn 0.0009 -0.4851 -0.8745
vn 0.1809 -0.2896 -0.9399
vn -0.0174 -0.2690 -0.9630
vn -0.2117 -0.9497 -0.2306
vn -0.1638 -0.9520 -0.2586
vn -0.1984 -0.9417 -0.2717
vn -0.2197 -0.9340 -0.2817
vn -0.1696 -0.9471 -0.2723
vn -0.1688 -0.9338 -0.3154
vn -0.3702 -0.9087 -0.1929
vn -0.3883 -0.8955 -0.2176
vn -0.3526 -0.8797 -0.3190
vn -0.4036 -0.8446 -0.3517
vn -0.3945 -0.8751 -0.2804
vn -0.3881 -0.9075 -0.1605
vn -0.3561 -0.9170 -0.1795
vn -0.3463 -0.8926 -0.2886
vn -0.4172 -0.7388 -0.5292
vn -0.4150 -0.7957 -0.4412
vn -0.3302 -0.8244 -0.4598
vn -0.3208 -0.6982 -0.6399
vn -0.4077 -0.7944 -0.4502
vn -0.4011 -0.8383 -0.3693
vn -0.3567 -0.8399 -0.4091
vn -0.3927 -0.7644 -0.5114
vn -0.5436 -0.5322 -0.6490
vn -0.4691 -0.6367 -0.6120
vn -0.2467 -0.6103 -0.7528
vn -0.1362 -0.6624 -0.7367
vn -0.4696 -0.6360 -0.6124
vn -0.4281 -0.7215 -0.5442
vn -0.4207 -0.6840 -0.5959
vn -0.4512 -0.6256 -0.6365
vn -0.5399 -0.4927 -0.6824
vn -0.0461 -0.7042 -0.7085
vn 0.0398 -0.6629 -0.7477
vn -0.4512 -0.5063 -0.7349
vn -0.1475 -0.4733 -0.8685
vn -0.2855 -0.5305 -0.7981
vn 0.1556 -0.6295 -0.7612
vn 0.2262 -0.5326 -0.8156
vn -0.3945 -0.3485 -0.8503
vn -0.5987 -0.3584 -0.7163
vn -0.3140 -0.4121 -0.8553
vn -0.5891 -0.4258 -0.6868
vn 0.2617 -0.4987 -0.8263
vn -0.0352 -0.4528 -0.8909
vn -0.5519 -0.5066 -0.6624
vn -0.4020 -0.5350 -0.7431
vn -0.3531 -0.4537 -0.8182
vn -0.6461 -0.2982 -0.7026
vn -0.8708 -0.4916 0.0038
vn -0.5826 -0.6140 -0.5325
vn -0.0993 -0.3216 -0.9416
vn -0.3483 -0.2796 -0.8947
vn -0.6010 -0.3931 0.6959
vn -0.5832 -0.2434 0.7750
vn -0.7997 -0.0348 0.5994
vn -0.8022 -0.2897 0.5220
vn -0.5246 -0.0230 0.8510
vn -0.6866 0.3196 0.6531
vn -0.7045 0.5116 0.4918
vn -0.9421 0.1259 0.3109
vn -0.9824 0.1867 -0.0075
vn -0.9117 0.3835 0.1474
vn -0.1733 -0.2995 -0.9382
vn -0.1351 -0.3574 -0.9241
vn -0.6675 0.3987 0.6289
vn -0.9483 0.3061 0.0842
vn -0.6719 0.5433 0.5033
vn -0.5404 0.4836 0.6885
vn -0.4013 0.2091 0.8918
vn -0.3701 0.1695 0.9134
vn -0.6846 -0.0773 0.7248
vn -0.8609 -0.0557 -0.5057
vn -0.9901 0.1338 0.0418
vn -0.7680 0.4521 0.4537
vn -0.8125 0.5679 0.1319
vn -0.8256 0.5083 0.2450
vn -0.6320 0.5134 0.5805
vn -0.7393 0.6086 -0.2882
vn -0.8416 0.4516 -0.2962
vn -0.4599 -0.2779 -0.8434
vn -0.3773 -0.3739 -0.8473
vn -0.1037 -0.4373 -0.8933
vn -0.1437 -0.3267 -0.9341
vn -0.9950 0.0692 -0.0727
vn -0.7769 -0.2145 -0.5919
vn -0.8212 -0.1522 -0.5499
vn -0.9960 0.0701 -0.0551
vn -0.7957 0.3881 0.4650
vn -0.8968 0.2610 0.3573
vn -0.3705 -0.1582 -0.9153
vn -0.5742 0.0255 -0.8183
vn -0.2316 -0.1122 -0.9663
vn -0.1481 -0.0917 -0.9847
vn 0.0954 -0.1493 -0.9842
vn -0.0690 -0.4086 -0.9101
vn 0.0428 -0.2240 -0.9737
vn 0.0736 0.0123 -0.9972
vn 0.1009 0.1170 -0.9880
vn 0.1268 0.2170 -0.9679
vn -0.7440 0.1978 -0.6382
vn -0.3638 0.2773 -0.8893
vn -0.6057 0.4617 -0.6481
vn -0.8972 0.2499 -0.3641
vn -0.7953 0.5725 -0.1993
vn -0.8857 0.4586 0.0727
vn -0.9364 0.3355 -0.1028
vn -0.7270 0.5389 -0.4256
vn -0.2255 0.7349 -0.6396
vn -0.3462 0.6574 -0.6693
vn -0.1844 0.4849 -0.8549
vn -0.0650 0.6676 -0.7416
vn 0.0349 0.2497 -0.9677
vn 0.2821 0.4742 -0.8340
vn 0.1881 0.2394 -0.9525
vn 0.3130 0.3035 -0.8999
vn 0.2520 0.3123 -0.9160
vn 0.2792 0.3058 -0.9102
vn -0.6145 0.3619 -0.7010
vn -0.4841 0.5402 -0.6884
vn -0.1535 0.4249 -0.8921
vn -0.2756 0.2877 -0.9172
vn -0.4606 0.4747 -0.7501
vn -0.3859 0.5158 -0.7648
vn -0.2061 0.3594 -0.9101
vn -0.1707 0.4456 -0.8788
vn -0.0209 0.2421 -0.9700
vn -0.0333 0.3822 -0.9235
vn -0.5300 0.6477 -0.5473
vn 0.0327 0.5627 -0.8260
vn -0.0597 0.3597 -0.9311
vn -0.4394 0.4647 -0.7688
vn 0.0690 0.4194 -0.9052
vn -0.5022 0.6551 -0.5645
vn -0.6395 0.7351 -0.2250
vn -0.3019 0.8176 -0.4902
vn -0.4121 0.8167 -0.4039
vn -0.4417 0.5680 -0.6945
vn -0.2558 0.7525 -0.6069
vn -0.5562 0.6302 -0.5418
vn -0.5713 0.6536 -0.4965
vn -0.3557 0.6643 -0.6574
vn -0.4222 0.8066 -0.4138
vn -0.5964 0.7462 -0.2959
vn -0.6274 0.7637 -0.1519
vn -0.4194 0.8378 -0.3496
vn -0.7908 0.6117 -0.0195
vn -0.6415 0.7089 -0.2930
vn -0.6656 0.6863 -0.2932
vn -0.4884 0.7703 -0.4101
vn 0.1055 0.7615 -0.6395
vn 0.1296 0.7043 -0.6980
vn 0.0128 0.7019 -0.7121
vn 0.0293 0.6718 -0.7402
vn -0.1353 0.7889 -0.5994
vn -0.3214 0.7783 -0.5394
vn -0.2579 0.7663 -0.5884
vn -0.4931 0.7053 -0.5093
vn 0.0098 0.5596 -0.8287
vn -0.3356 0.6952 -0.6356
vn -0.0071 0.5612 -0.8277
vn -0.0533 0.8275 -0.5590
vn -0.0700 0.7537 -0.6534
vn -0.0379 0.8018 -0.5964
vn -0.0762 0.8701 -0.4870
vn -0.0009 0.7154 -0.6987
vn -0.3226 0.1566 -0.9335
vn -0.3599 0.0618 -0.9309
vn -0.2035 0.2421 -0.9487
vn -0.1231 0.8718 -0.4741
vn -0.1072 0.8675 -0.4858
vn 0.2448 0.7329 -0.6348
vn 0.2524 0.6176 -0.7449
vn 0.3200 0.7945 -0.5161
vn 0.1435 0.7745 -0.6161
vn 0.1000 0.6242 -0.7748
vn 0.1774 0.5125 -0.8402
vn 0.1394 0.7932 -0.5927
vn 0.2130 0.9382 -0.2728
vn 0.0727 0.9347 -0.3479
vn 0.0643 0.9960 0.0623
vn 0.3893 0.7870 -0.4786
vn 0.2840 0.6688 -0.6870
vn 0.3561 0.6098 -0.7080
vn 0.5878 0.6963 -0.4119
vn 0.2650 0.4111 -0.8722
vn 0.4155 0.5087 -0.7541
vn 0.3915 0.5689 -0.7232
vn 0.5109 0.6922 -0.5098
vn 0.6636 0.6727 -0.3274
vn 0.3876 0.4377 -0.8113
vn 0.7092 0.5897 -0.3863
vn 0.7551 0.6491 0.0924
vn 0.6977 0.7089 0.1035
vn 0.7257 0.6329 -0.2697
vn 0.5901 0.5266 0.6119
vn 0.5758 0.5678 0.5883
vn 0.6951 0.6668 0.2687
vn 0.6342 0.5931 0.4961
vn 0.4622 0.3880 -0.7974
vn 0.4432 0.3936 -0.8054
vn 0.5899 0.4701 -0.6565
vn 0.4847 0.4943 -0.7216
vn -0.0962 0.8553 -0.5091
vn -0.0768 0.8716 -0.4841
vn 0.0570 0.7564 -0.6516
vn 0.0191 0.7364 -0.6763
vn -0.0301 0.8769 -0.4798
vn -0.0630 0.8925 -0.4466
vn -0.1565 0.4373 -0.8856
vn -0.0669 0.7006 -0.7104
vn -0.0306 0.9038 -0.4269
vn 0.0217 0.8692 -0.4939
vn 0.0284 0.8943 -0.4467
vn 0.1111 0.8209 -0.5602
vn 0.0100 0.8235 -0.5672
vn 0.0586 0.8809 -0.4696
vn 0.0951 0.8855 -0.4547
vn 0.2480 0.7822 -0.5716
vn 0.2281 0.9735 -0.0144
vn 0.3170 0.8698 -0.3781
vn 0.5658 0.8074 -0.1674
vn 0.1921 0.9736 0.1236
vn 0.5309 0.8415 0.1004
vn 0.5161 0.8252 -0.2295
vn 0.4205 0.7954 -0.4364
vn 0.5132 0.7597 -0.3994
vn 0.1595 0.5034 -0.8492
vn 0.2621 0.2692 -0.9267
vn 0.2072 0.5332 -0.8202
vn 0.2998 0.3019 -0.9050
vn 0.0095 0.8636 -0.5042
vn 0.1744 0.7357 -0.6545
vn 0.1367 0.8039 -0.5789
vn 0.2633 0.6964 -0.6676
vn 0.2484 0.7397 -0.6255
vn 0.3776 0.6580 -0.6515
vn 0.3671 0.6970 -0.6160
vn 0.4578 0.6197 -0.6375
vn 0.4371 0.6610 -0.6099
vn 0.5228 0.5955 -0.6100
vn 0.3272 0.7467 -0.5791
vn 0.3776 0.7825 -0.4951
vn 0.4902 0.6663 -0.5619
vn 0.5173 0.5965 -0.6137
vn 0.4732 0.7418 -0.4752
vn 0.4965 0.6960 -0.5188
vn 0.4567 0.7757 -0.4356
vn 0.4077 0.7301 -0.5483
vn 0.3778 0.8317 -0.4070
vn 0.4136 0.6402 -0.6473
vn 0.6440 0.7481 -0.1599
vn 0.5397 0.7289 -0.4213
vn 0.4796 0.6630 -0.5748
vn 0.6499 0.7146 -0.2589
vn 0.5021 0.6125 -0.6105
vn 0.7122 0.6986 0.0686
vn 0.6243 0.7790 -0.0581
vn 0.6104 0.7563 -0.2356
vn 0.4709 0.7819 -0.4085
vn 0.4766 0.7703 -0.4237
vn 0.4315 0.7942 -0.4278
vn 0.9630 0.2621 0.0621
vn 0.9632 0.1843 0.1957
vn 0.9133 0.3105 0.2636
vn 0.9055 0.3973 0.1495
vn 0.9088 0.2389 0.3420
vn 0.9440 0.1419 0.2980
vn 0.9134 0.2289 0.3366
vn 0.9306 0.2824 0.2330
vn 0.9248 0.3607 0.1209
vn 0.8573 0.1608 0.4891
vn 0.7677 0.2005 0.6086
vn 0.8248 0.0899 0.5583
vn 0.8860 0.1229 0.4471
vn 0.7593 0.0603 0.6479
vn 0.6954 0.2132 0.6863
vn 0.7797 -0.0328 0.6253
vn 0.8391 0.0451 0.5420
vn 0.8866 0.1128 0.4486
vn 0.8530 0.3809 0.3568
vn 0.8637 0.4419 0.2424
vn 0.8033 0.3861 0.4534
vn 0.5916 0.4643 0.6591
vn 0.6524 0.4493 0.6104
vn 0.5376 0.4743 0.6972
vn 0.6770 -0.2939 0.6748
vn 0.7146 -0.2233 0.6630
vn 0.7197 -0.0919 0.6882
vn 0.6925 -0.1392 0.7079
vn 0.6890 -0.3710 0.6226
vn 0.6353 -0.4511 0.6268
vn 0.7741 -0.3050 0.5548
vn 0.7839 -0.1415 0.6046
vn 0.9394 0.0526 0.3387
vn 0.9027 0.1839 0.3889
vn 0.9156 -0.0320 0.4008
vn 0.9572 -0.1354 0.2559
vn 0.9222 -0.2138 0.3223
vn 0.9822 -0.0668 0.1757
vn 0.9572 0.1101 0.2676
vn 0.7838 -0.6107 0.1129
vn 0.8826 -0.4170 0.2171
vn 0.8035 -0.5103 0.3066
vn 0.6975 -0.6936 0.1801
vn 0.8635 -0.2559 0.4345
vn 0.7303 -0.5126 0.4516
vn 0.6462 -0.6944 0.3166
vn 0.2017 -0.9439 -0.2614
vn 0.2008 -0.9510 -0.2353
vn 0.4613 -0.8866 -0.0326
vn 0.4837 -0.8704 -0.0922
vn 0.4348 -0.8970 0.0803
vn 0.1912 -0.9712 -0.1420
vn 0.4838 -0.7260 0.4887
vn 0.3676 -0.8481 0.3816
vn 0.4731 -0.8105 0.3452
vn 0.5743 -0.6781 0.4586
vn 0.3372 -0.9171 0.2125
vn 0.2007 -0.9542 0.2216
vn 0.5544 -0.8072 0.2026
vn 0.9050 -0.3295 -0.2692
vn 0.9778 -0.1189 -0.1727
vn 0.9794 -0.1984 -0.0380
vn 0.9054 -0.3996 -0.1438
vn 0.9975 -0.0007 0.0700
vn 0.9938 0.0934 -0.0603
vn 0.9630 -0.2608 0.0686
vn 0.8902 -0.4534 -0.0453
vn 0.3177 -0.8894 -0.3287
vn 0.2474 -0.9281 -0.2781
vn 0.5355 -0.8305 -0.1534
vn 0.5925 -0.7694 -0.2387
vn 0.6491 -0.7605 0.0169
vn 0.7168 -0.6947 -0.0594
vn 0.8570 -0.5130 0.0500
vn 0.7595 -0.6318 -0.1548
vn 0.7538 0.2163 -0.6205
vn 0.7785 0.4494 -0.4381
vn 0.8239 0.4574 -0.3346
vn 0.8213 0.2508 -0.5124
vn 0.7994 0.5641 -0.2068
vn 0.7584 0.5831 -0.2913
vn 0.8453 0.5259 -0.0947
vn 0.8851 0.4211 -0.1982
vn 0.9124 0.2052 -0.3541
vn 0.5242 0.6594 -0.5389
vn 0.5119 0.7133 -0.4787
vn 0.5398 0.7664 -0.3482
vn 0.5212 0.7738 -0.3600
vn 0.5462 0.8165 -0.1870
vn 0.4973 0.8313 -0.2484
vn 0.4884 0.8359 -0.2506
vn 0.4817 0.8227 -0.3019
vn 0.4329 0.7470 -0.5045
vn 0.4729 0.7044 -0.5294
vn 0.8071 0.4981 -0.3169
vn 0.8496 0.4639 -0.2508
vn 0.7981 0.5842 -0.1476
vn 0.7676 0.5782 -0.2766
vn 0.8302 0.5552 -0.0502
vn 0.8929 0.4193 -0.1640
vn 0.4372 0.7853 -0.4384
vn 0.4746 0.7619 -0.4407
vn 0.7893 0.6061 -0.0979
vn 0.7376 0.6675 -0.1018
vn 0.8386 0.5446 -0.0126
vn 0.5180 0.6123 -0.5973
vn 0.5521 0.5206 -0.6513
vn 0.5189 0.5020 -0.6919
vn 0.5705 0.4060 -0.7139
vn 0.3146 0.0415 -0.9483
vn 0.3785 -0.2340 -0.8955
vn 0.3616 0.0547 -0.9307
vn 0.4112 -0.2794 -0.8677
vn 0.2807 0.5422 -0.7920
vn 0.3801 0.3273 -0.8651
vn 0.3989 0.5461 -0.7367
vn 0.4990 0.3421 -0.7962
vn 0.4916 0.5340 -0.6879
vn 0.5535 0.3431 -0.7589
vn 0.5321 0.5395 -0.6526
vn 0.6026 0.3944 -0.6938
vn 0.5682 0.5502 -0.6120
vn 0.6514 0.4319 -0.6238
vn 0.5796 0.1078 -0.8077
vn 0.5473 0.2654 -0.7938
vn 0.5525 0.3505 -0.7562
vn 0.5853 0.2229 -0.7796
vn 0.5789 0.5400 -0.6109
vn 0.6181 0.4170 -0.6663
vn 0.5649 0.7126 -0.4160
vn 0.6116 0.6150 -0.4977
vn 0.5276 0.7939 -0.3022
vn 0.5661 0.7291 -0.3846
vn 0.5093 0.8074 -0.2978
vn 0.5264 0.7575 -0.3862
vn 0.4819 0.6856 -0.5457
vn 0.5020 0.6561 -0.5635
vn 0.4907 0.7490 -0.4452
vn 0.5414 0.7550 -0.3701
vn 0.6840 0.0249 -0.7291
vn 0.7694 0.0256 -0.6383
vn 0.6885 -0.1663 -0.7059
vn 0.6240 -0.1054 -0.7743
vn 0.8751 -0.0377 -0.4824
vn 0.7904 -0.2301 -0.5677
vn 0.5983 -0.6154 -0.5132
vn 0.7466 -0.4515 -0.4886
vn 0.7751 -0.5270 -0.3486
vn 0.6105 -0.6870 -0.3942
vn 0.5683 -0.5285 -0.6306
vn 0.6802 -0.3845 -0.6241
vn 0.8751 -0.2480 -0.4156
vn 0.6330 0.2928 -0.7166
vn 0.6731 0.2519 -0.6953
vn 0.6178 0.0706 -0.7832
vn 0.6060 0.1244 -0.7857
vn 0.5842 -0.0379 -0.8108
vn 0.5752 0.0087 -0.8180
vn 0.7039 0.4800 -0.5236
vn 0.6937 0.6153 -0.3744
vn 0.6510 0.4962 -0.5744
vn 0.6415 0.6352 -0.4302
vn 0.6019 0.6708 -0.4333
vn 0.6369 0.5348 -0.5553
vn 0.6443 0.3369 -0.6865
vn 0.5589 0.0148 -0.8291
vn 0.6043 0.1508 -0.7824
vn 0.6533 0.5925 -0.4713
vn 0.7272 0.5497 -0.4110
vn 0.7031 0.6099 -0.3657
vn 0.6384 0.6445 -0.4208
vn 0.5778 0.6234 -0.5268
vn 0.5791 0.6909 -0.4328
vn 0.6705 0.7270 -0.1478
vn 0.6211 0.7505 -0.2259
vn 0.5863 0.7560 -0.2910
vn 0.4288 -0.5445 -0.7209
vn 0.3968 -0.7889 -0.4692
vn 0.4025 -0.5709 -0.7156
vn 0.3562 -0.7577 -0.5468
vn 0.4935 0.0798 -0.8661
vn 0.5353 -0.2314 -0.8124
vn 0.5912 0.0727 -0.8032
vn 0.5722 -0.1817 -0.7998
vn 0.5737 0.0992 -0.8130
vn 0.5532 -0.1139 -0.8252
vn 0.6800 0.2048 -0.7040
vn 0.6747 0.0054 -0.7381
vn 0.6605 0.2751 -0.6986
vn 0.6130 0.1262 -0.7799
vn 0.5909 -0.0918 -0.8015
vn 0.5968 -0.0389 -0.8014
vn 0.5421 -0.3121 -0.7802
vn 0.6462 -0.1938 -0.7382
vn 0.4764 -0.2153 -0.8524
vn 0.4569 -0.2708 -0.8473
vn 0.5122 -0.1331 -0.8485
vn 0.5392 -0.0877 -0.8376
vn 0.5529 -0.1507 -0.8195
vn 0.5669 -0.2286 -0.7914
vn 0.4872 -0.3863 -0.7832
vn 0.4931 -0.3059 -0.8144
vn 0.2915 -0.6738 -0.6790
vn 0.2717 -0.7118 -0.6477
vn 0.5243 -0.4476 -0.7244
vn 0.3309 -0.7428 -0.5821
vn 0.4267 -0.5383 -0.7267
vn 0.2902 -0.7063 -0.6457
vn 0.4713 -0.4395 -0.7646
vn 0.3395 -0.6231 -0.7046
vn 0.4677 -0.3891 -0.7937
vn 0.3941 -0.6061 -0.6909
vn 0.5856 -0.3671 -0.7227
vn 0.4726 -0.6457 -0.5998
vn 0.6006 -0.4805 -0.6390
vn 0.4872 -0.6815 -0.5461
vn 0.4489 -0.5072 -0.7357
vn 0.3641 -0.6413 -0.6754
vn 0.3869 -0.3869 -0.8370
vn 0.3773 -0.5230 -0.7643
vn 0.2184 -0.7719 -0.5971
vn 0.2751 -0.5711 -0.7734
vn 0.3114 -0.5038 -0.8058
vn 0.4071 -0.3773 -0.8318
vn 0.1524 -0.8685 -0.4717
vn 0.1792 -0.6967 -0.6946
vn 0.0649 -0.8978 -0.4355
vn 0.1045 -0.7812 -0.6154
vn 0.0308 -0.9132 -0.4064
vn 0.0960 -0.7720 -0.6283
vn 0.0520 -0.9178 -0.3935
vn 0.1119 -0.8186 -0.5633
vn -0.0563 -0.9671 -0.2482
vn -0.0854 -0.9787 -0.1868
vn 0.0841 -0.9771 -0.1952
vn 0.0161 -0.9548 -0.2969
vn 0.1925 -0.6355 -0.7478
vn 0.2552 -0.7357 -0.6274
vn -0.2978 -0.9510 -0.0834
vn -0.1358 -0.9907 0.0100
vn -0.4007 -0.9107 0.1004
vn -0.2624 -0.9237 0.2791
vn 0.0640 -0.9706 0.2320
vn 0.0843 -0.9927 -0.0863
vn 0.0204 -0.9351 -0.3538
vn 0.0449 -0.9339 -0.3548
vn 0.0890 -0.9263 -0.3661
vn 0.0438 -0.8776 -0.4773
vn 0.0506 -0.9309 -0.3618
vn 0.0437 -0.8592 -0.5098
vn -0.6651 -0.3489 0.6602
vn -0.5172 -0.3003 0.8014
vn -0.2068 -0.4425 0.8726
vn -0.4145 -0.5183 0.7481
vn 0.1245 -0.4384 0.8901
vn -0.0361 -0.1562 0.9871
vn -0.2511 0.2646 0.9311
vn -0.3413 0.3566 0.8697
vn -0.2123 0.4842 0.8488
vn -0.1336 0.1100 0.9849
vn -0.2223 0.0139 0.9749
vn -0.0377 -0.3529 0.9349
vn 0.1988 -0.7289 0.6551
vn -0.3215 -0.2416 0.9156
vn -0.2859 -0.0738 0.9554
vn -0.2935 -0.3237 0.8995
vn -0.2435 -0.5769 0.7796
vn -0.2874 -0.5077 0.8122
vn -0.0766 -0.6215 0.7796
vn -0.1409 -0.6509 0.7460
vn -0.2684 -0.6614 0.7004
vn -0.0403 -0.5021 0.8639
vn -0.1180 -0.6063 0.7864
vn -0.0596 -0.7189 0.6926
vn 0.0010 -0.7892 0.6142
vn 0.0505 -0.4933 0.8684
vn 0.2442 -0.7121 0.6582
vn 0.2808 -0.8343 0.4744
vn -0.2565 -0.9406 -0.2225
vn -0.2728 -0.9596 -0.0697
vn -0.1503 -0.9489 -0.2776
vn -0.0635 -0.9891 -0.1330
vn -0.6040 -0.7356 -0.3066
vn -0.4899 -0.8346 -0.2517
vn -0.6951 -0.6786 0.2373
vn -0.4942 -0.8660 0.0762
vn -0.4488 -0.7053 0.5488
vn -0.5285 -0.4711 0.7062
vn 0.1209 -0.9544 0.2728
vn -0.1741 -0.8820 0.4380
vn -0.4187 -0.7419 0.5238
vn -0.2310 -0.9406 -0.2486
vn -0.2039 -0.9420 -0.2666
vn -0.2886 -0.9409 -0.1772
vn -0.2999 -0.9295 -0.2149
vn 0.1554 -0.9568 0.2458
vn -0.0476 -0.9104 0.4111
vn -0.0299 -0.9980 -0.0555
vn -0.1787 -0.9779 0.1087
vn -0.2391 -0.9653 -0.1046
vn -0.3604 -0.9307 -0.0619
vn -0.3832 -0.9130 0.1401
vn -0.4165 -0.8943 -0.1638
vn -0.4095 -0.8670 -0.2838
vn -0.3638 -0.8914 -0.2702
vn -0.1417 -0.9709 -0.1929
vn -0.3317 -0.9289 -0.1645
vn -0.3539 -0.7982 0.4874
vn -0.3047 -0.0890 -0.9483
vn -0.7588 -0.2317 -0.6087
vn -0.0331 -0.3517 -0.9355
vn -0.5477 -0.5374 -0.6413
vn -0.0262 -0.3614 -0.9320
vn 0.1287 -0.4574 -0.8799
vn -0.0157 -0.4388 -0.8984
vn 0.0076 -0.4676 -0.8839
vn 0.0054 -0.4691 -0.8832
vn 0.0062 -0.4781 -0.8783
vn -0.0347 -0.4936 -0.8690
vn 0.0168 -0.4885 -0.8724
vn 0.0745 -0.6554 -0.7516
vn 0.0275 -0.5614 -0.8271
vn -0.0481 -0.5742 -0.8173
vn 0.0697 -0.6296 -0.7738
vn 0.2940 -0.6300 -0.7188
vn 0.1876 -0.6668 -0.7212
vn 0.2100 -0.5954 -0.7755
vn 0.2897 -0.4761 -0.8303
vn 0.3389 -0.4567 -0.8225
vn 0.5114 -0.3827 -0.7694
vn 0.4045 -0.5146 -0.7560
vn 0.3547 -0.5926 -0.7232
vn 0.2759 -0.4427 -0.8532
vn 0.2658 -0.3184 -0.9099
vn 0.0855 -0.4538 -0.8870
vn 0.1320 -0.5277 -0.8391
vn 0.4346 -0.3592 -0.8259
vn 0.2537 -0.1937 -0.9477
vn 0.4255 -0.1798 -0.8869
vn 0.0582 -0.3512 -0.9345
vn 0.2726 -0.5416 -0.7952
vn 0.2426 -0.6175 -0.7482
vn 0.1704 -0.6124 -0.7720
vn 0.1738 -0.6768 -0.7153
vn 0.1290 -0.6312 -0.7648
vn 0.1699 -0.6665 -0.7259
vn 0.1460 -0.7158 -0.6829
vn 0.1894 -0.6749 -0.7132
vn 0.1321 -0.4726 -0.8713
vn 0.1070 -0.3393 -0.9346
vn 0.1444 -0.6182 -0.7726
vn 0.0609 -0.5759 -0.8152
vn 0.0916 -0.3160 -0.9443
vn 0.1877 -0.3438 -0.9201
vn -0.0049 -0.5433 -0.8396
vn -0.0133 -0.6046 -0.7964
vn 0.2443 -0.4016 -0.8827
vn -0.2264 -0.6663 -0.7105
vn -0.8180 -0.4792 0.3183
vn -0.9147 -0.1204 0.3858
vn -0.9794 -0.1928 -0.0593
vn -0.8121 -0.5695 -0.1270
vn 0.6023 -0.2656 -0.7528
vn 0.5876 -0.1286 -0.7989
vn 0.6265 0.0970 -0.7734
vn 0.6458 0.0549 -0.7616
vn 0.4452 0.4991 -0.7434
vn 0.5944 0.3797 -0.7089
vn 0.2090 0.7863 -0.5815
vn 0.4775 0.7517 -0.4550
vn 0.5796 -0.0277 -0.8144
vn 0.4751 -0.0505 -0.8785
vn 0.6690 0.0960 -0.7371
vn 0.7213 0.0756 -0.6885
vn 0.8387 0.2319 -0.4928
vn 0.6437 0.0221 -0.7649
vn 0.5994 0.0358 -0.7997
vn 0.2749 -0.1218 -0.9537
vn 0.3816 -0.0766 -0.9212
vn 0.6294 -0.0019 -0.7771
vn 0.1207 -0.1102 -0.9865
vn -0.0224 -0.0035 -0.9997
vn -0.2663 -0.1142 -0.9571
vn -0.0967 -0.3697 -0.9241
vn 0.5252 0.1139 -0.8433
vn 0.4062 0.1220 -0.9056
vn -0.2174 -0.7688 -0.6014
vn -0.4464 -0.6862 -0.5743
vn -0.6493 -0.1153 -0.7517
vn -0.8693 0.1467 -0.4721
vn -0.7315 -0.6299 -0.2611
vn -0.3179 -0.9409 -0.1166
vn -0.0546 -0.7994 -0.5983
vn 0.0234 -0.8115 -0.5839
vn -0.0954 -0.9898 -0.1056
vn -0.0194 -0.9924 -0.1212
vn 0.0885 -0.8330 -0.5462
vn 0.0773 -0.8640 -0.4975
vn -0.0345 -0.9972 -0.0658
vn -0.1210 -0.9923 0.0261
vn 0.0780 -0.8831 -0.4626
vn 0.1072 -0.8845 -0.4541
vn -0.1102 -0.9915 0.0688
vn -0.1199 -0.9868 0.1092
vn -0.0380 -0.9104 -0.4119
vn -0.1440 -0.9121 -0.3838
vn -0.2131 -0.9673 0.1374
vn -0.2819 -0.9538 0.1036
vn -0.6961 -0.1706 0.6974
vn -0.5337 -0.2741 0.8000
vn -0.6189 -0.3974 0.6775
vn -0.4434 -0.3738 0.8147
vn -0.5465 -0.8068 -0.2247
vn -0.3288 -0.8773 -0.3495
vn -0.6459 -0.7471 0.1567
vn -0.4324 -0.8985 0.0755
vn -0.2354 -0.8863 -0.3988
vn -0.3387 -0.9369 0.0864
vn -0.4938 -0.6364 0.5926
vn -0.4055 -0.4847 0.7750
vn -0.3855 -0.7662 0.5142
vn -0.4002 -0.6159 0.6786
vn -0.0757 -0.2815 0.9566
vn -0.1829 -0.3180 0.9303
vn -0.2553 -0.2921 0.9217
vn -0.1901 -0.0758 0.9788
vn -0.3533 -0.7820 0.5135
vn -0.3347 -0.6096 0.7186
vn -0.3209 -0.7675 0.5550
vn -0.3057 -0.5917 0.7460
vn -0.3925 -0.3685 0.8427
vn -0.3412 -0.4222 0.8398
vn -0.3461 -0.4709 0.8114
vn -0.3073 -0.4519 0.8374
vn -0.3531 0.0880 0.9314
vn -0.3698 -0.2110 0.9048
vn -0.4380 -0.2325 0.8684
vn -0.4176 0.0847 0.9047
vn -0.3445 -0.5712 0.7450
vn -0.2898 -0.7592 0.5827
vn -0.2970 -0.7858 0.5425
vn -0.3757 -0.5881 0.7162
vn -0.2952 -0.8029 0.5179
vn -0.3844 -0.6235 0.6808
vn -0.2902 -0.7549 0.5882
vn -0.3054 -0.5793 0.7557
vn -0.3359 -0.4447 0.8303
vn -0.3974 -0.4487 0.8005
vn -0.2375 -0.8669 0.4383
vn -0.1599 -0.9292 0.3332
vn -0.3553 -0.6847 0.6364
vn -0.2838 -0.7573 0.5881
vn -0.4206 -0.4669 0.7779
vn -0.4195 -0.2468 0.8736
vn -0.4035 -0.4747 0.7822
vn -0.3426 -0.2436 0.9074
vn -0.1730 -0.9477 0.2684
vn -0.3560 -0.9088 0.2175
vn -0.2722 -0.7953 0.5417
vn -0.4084 -0.7410 0.5330
vn -0.8104 -0.5734 0.1203
vn -0.9832 0.1822 -0.0103
vn -0.8611 0.1263 0.4924
vn -0.7282 -0.4195 0.5421
vn 0.9720 0.1529 -0.1785
vn 0.7993 0.1907 -0.5698
vn 0.8138 0.1723 -0.5550
vn 0.9721 0.1744 -0.1571
vn 0.8403 0.1181 -0.5290
vn 0.9776 0.1993 -0.0683
vn 0.8747 0.0838 -0.4774
vn 0.9024 0.1595 -0.4004
vn 0.9389 0.3128 0.1437
vn 0.9804 0.1947 0.0308
vn 0.9324 0.3220 -0.1642
vn 0.8399 0.5073 0.1928
vn 0.5959 0.6098 0.5226
vn 0.7990 0.4987 0.3360
vn -0.3570 0.0587 0.9323
vn -0.2338 0.3795 0.8952
vn -0.2089 0.0768 0.9749
vn -0.0641 0.3960 0.9160
vn -0.3441 -0.4971 0.7965
vn -0.2385 -0.2338 0.9426
vn -0.2865 -0.5374 0.7932
vn -0.1692 -0.1961 0.9659
vn -0.0409 0.1051 0.9936
vn 0.0869 0.3615 0.9283
vn 0.0967 0.1427 0.9850
vn 0.2184 0.3441 0.9132
vn 0.3893 0.2929 0.8733
vn 0.2805 0.3362 0.8990
vn 0.1935 0.1436 0.9705
vn 0.2734 0.1547 0.9494
vn -0.1019 -0.1580 0.9822
vn 0.0273 -0.1075 0.9938
vn 0.5544 0.2434 0.7959
vn 0.6467 0.3944 0.6528
vn 0.4799 0.4870 0.7298
vn 0.7933 0.2783 0.5415
vn 0.6891 0.2163 0.6916
vn -0.2839 -0.5561 0.7811
vn -0.3758 -0.4900 0.7865
vn 0.9132 0.1714 0.3697
vn 0.9367 0.1185 0.3296
vn 0.8796 0.2197 0.4219
vn 0.6006 0.1645 0.7824
vn 0.6343 0.1136 0.7647
vn 0.6685 0.0949 0.7376
vn 0.8556 0.2301 0.4638
vn 0.6437 0.1877 0.7419
vn 0.4401 0.1282 0.8888
vn 0.3743 0.0841 0.9235
vn 0.3121 0.0756 0.9470
vn -0.1049 -0.1005 0.9894
vn -0.0560 0.0039 0.9984
vn 0.3703 0.0376 0.9281
vn -0.5134 -0.2227 0.8287
vn -0.5354 0.0922 0.8395
vn 0.2336 -0.0908 0.9681
vn 0.4288 0.0317 0.9028
vn 0.5643 -0.2968 0.7704
vn 0.6909 0.0186 0.7227
vn 0.9871 0.0039 -0.1599
vn 0.9488 -0.0472 0.3123
vn 0.8301 -0.4266 0.3591
vn 0.9130 -0.3956 -0.1000
vn -0.3715 -0.8049 0.4627
vn -0.3367 0.0273 0.9412
vn -0.0822 -0.3566 0.9306
vn -0.0214 -0.9422 0.3344
vn -0.1295 0.5722 0.8098
vn -0.0347 0.5201 0.8534
vn 0.1661 -0.9647 -0.2043
vn 0.1915 -0.9720 -0.1362
vn 0.2041 -0.9725 0.1126
vn 0.2382 -0.9632 0.1244
vn 0.1791 -0.9549 0.2368
vn 0.2093 -0.9728 0.0996
vn 0.2022 -0.9787 0.0342
vn 0.2463 -0.9531 0.1758
vn 0.1879 -0.9407 -0.2824
vn 0.2065 -0.9049 -0.3722
vn 0.3229 -0.9463 0.0129
vn 0.3699 -0.9025 -0.2207
vn 0.2266 -0.7240 -0.6515
vn 0.3496 -0.7531 -0.5573
vn 0.3195 -0.8118 -0.4887
vn 0.1601 -0.7365 -0.6573
vn 0.3893 -0.8190 -0.4215
vn 0.3197 -0.8332 -0.4512
vn 0.3668 -0.8552 -0.3663
vn 0.6163 -0.2462 -0.7480
vn 0.2700 -0.8278 -0.4917
vn 0.4318 -0.6644 -0.6100
vn 0.3829 0.5290 0.7573
vn 0.3201 0.5445 0.7753
vn 0.4151 0.6594 0.6268
vn 0.7920 0.0267 0.6099
vn 0.1704 0.4768 0.8624
vn 0.4151 -0.1371 0.8994
vn 0.3494 -0.9305 -0.1100
vn 0.2008 -0.9450 -0.2581
vn 0.7273 -0.6820 -0.0769
vn 0.1518 -0.8313 -0.5346
vn 0.2787 -0.9578 -0.0703
vn 0.2897 -0.8953 -0.3384
vn 0.1984 -0.7694 -0.6072
vn 0.1508 -0.7236 -0.6736
vn 0.2103 0.8329 -0.5119
vn 0.5309 0.6013 -0.5972
vn 0.8245 0.4718 -0.3124
vn 0.6696 0.7060 -0.2305
vn 0.8988 0.3978 0.1841
vn 0.6779 0.7264 0.1130
vn 0.1719 -0.7548 -0.6330
vn 0.1833 -0.7394 -0.6478
vn 0.5661 0.6694 0.4811
vn 0.9991 -0.0368 -0.0214
vn 0.7277 0.3905 -0.5640
vn 0.8464 0.5060 -0.1662
vn 0.6166 0.6344 0.4662
vn 0.2628 -0.3683 0.8918
vn 0.2828 -0.4703 0.8360
vn 0.3120 -0.6566 0.6867
vn 0.3795 -0.4909 0.7842
vn 0.2926 -0.6408 0.7098
vn 0.2400 -0.8082 0.5379
vn 0.3136 -0.8412 0.4405
vn 0.4103 -0.7270 0.5506
vn 0.5023 -0.5568 0.6615
vn 0.1899 -0.9167 0.3517
vn 0.1485 -0.9317 0.3314
vn 0.0028 -0.9972 0.0748
vn 0.0527 -0.9985 -0.0167
vn 0.0297 -0.9952 0.0934
vn 0.1871 -0.9364 0.2968
vn 0.4889 0.2805 0.8260
vn 0.6541 -0.0108 0.7563
vn 0.6809 0.0851 0.7274
vn 0.5016 0.3697 0.7822
vn 0.7927 -0.2577 0.5525
vn 0.8003 -0.2973 0.5207
vn 0.7234 -0.1793 0.6668
vn 0.6034 0.1627 0.7806
vn 0.4452 0.4181 0.7918
vn 0.4696 0.3898 0.7922
vn 0.4326 0.4953 0.7534
vn 0.3545 0.5688 0.7422
vn 0.5199 0.1764 0.8358
vn 0.3912 0.4072 0.8253
vn 0.6188 -0.1448 0.7721
vn 0.5121 -0.0846 0.8548
vn 0.4503 0.1374 0.8822
vn 0.3394 0.3425 0.8761
vn 0.2888 0.5526 0.7818
vn 0.2266 0.5484 0.8050
vn 0.2546 0.4794 0.8398
vn 0.3325 0.4431 0.8326
vn 0.3737 0.2249 0.8999
vn 0.4220 0.0789 0.9031
vn 0.2922 0.1636 0.9422
vn 0.3859 0.2515 0.8876
vn 0.3424 0.4881 0.8028
vn 0.2966 0.4187 0.8583
vn 0.4098 0.5350 0.7388
vn 0.5024 0.2854 0.8161
vn 0.4418 0.0369 0.8964
vn 0.4592 -0.0554 0.8866
vn 0.4763 -0.1340 0.8690
vn 0.4617 -0.1553 0.8733
vn 0.2801 0.0406 0.9591
vn 0.2348 0.0514 0.9707
vn 0.2650 0.3870 0.8832
vn 0.2824 0.4141 0.8653
vn 0.1744 -0.2385 0.9553
vn 0.1974 -0.3023 0.9325
vn 0.2025 -0.2407 0.9492
vn 0.2112 -0.1778 0.9611
vn 0.1849 -0.1929 0.9636
vn 0.2297 -0.1066 0.9674
vn 0.3671 -0.1021 0.9246
vn 0.3600 -0.1393 0.9225
vn 0.3121 -0.2555 0.9150
vn 0.3288 0.4294 0.8411
vn 0.3678 0.0734 0.9270
vn 0.6501 -0.3446 0.6772
vn 0.5992 -0.5183 0.6102
vn 0.6694 -0.1680 0.7237
vn 0.5662 -0.3506 0.7460
vn 0.5794 -0.1638 0.7984
vn 0.1745 -0.1470 0.9736
vn 0.2085 -0.0669 0.9757
vn 0.2640 -0.2511 0.9312
vn 0.2679 -0.1187 0.9561
vn 0.1649 -0.1199 0.9790
vn 0.1455 -0.1219 0.9818
vn 0.4251 -0.1464 0.8932
vn 0.4117 0.0444 0.9102
vn 0.2721 0.0019 0.9623
vn 0.5584 0.0488 0.8282
vn 0.1684 -0.1228 0.9781
vn 0.2188 -0.1588 0.9628
vn 0.3188 -0.1148 0.9408
vn 0.2584 -0.5295 0.8080
vn 0.3560 -0.8384 0.4127
vn 0.1995 -0.8988 0.3903
vn 0.2638 -0.6040 0.7520
vn 0.3632 -0.9316 0.0166
vn 0.1887 -0.9782 0.0864
vn 0.1354 -0.1966 0.9711
vn 0.1373 -0.2887 0.9475
vn 0.0991 -0.3134 0.9444
vn 0.0464 -0.3141 0.9482
vn 0.2400 -0.4409 0.8649
vn 0.2500 -0.4946 0.8324
vn 0.4271 -0.4368 0.7917
vn 0.4126 -0.5450 0.7299
vn 0.4839 -0.3768 0.7898
vn 0.5184 -0.4308 0.7387
vn 0.5372 -0.3419 0.7711
vn 0.5205 -0.2900 0.8031
vn 0.6344 -0.3854 0.6701
vn 0.5350 -0.2317 0.8125
vn 0.7314 -0.4086 0.5460
vn 0.5329 -0.2787 0.7989
vn 0.7968 -0.4126 0.4414
vn 0.7208 -0.4794 0.5007
vn 0.8258 -0.4384 0.3547
vn 0.7781 -0.5654 0.2738
vn 0.9497 -0.2562 0.1799
vn 0.8690 -0.1258 0.4786
vn 0.9385 -0.1652 0.3033
vn 0.9674 -0.2531 0.0093
vn 0.8999 -0.2590 0.3508
vn 0.7571 -0.0986 0.6458
vn 0.6121 0.0534 0.7889
vn 0.7748 -0.0144 0.6320
vn 0.8660 -0.0857 0.4926
vn 0.7069 0.0693 0.7039
vn 0.7916 -0.0218 0.6107
vn 0.5853 0.1549 0.7959
vn 0.4982 0.2349 0.8346
vn 0.5946 0.1403 0.7917
vn 0.6694 0.0308 0.7423
vn 0.4418 0.1812 0.8786
vn 0.4877 0.0352 0.8723
vn 0.3399 0.2831 0.8968
vn -0.0480 0.3285 0.9433
vn 0.0632 0.2000 0.9778
vn 0.0853 0.0342 0.9958
vn -0.5268 0.1995 0.8262
vn -0.4861 0.0847 0.8698
vn -0.5968 0.2926 0.7472
vn -0.8887 0.2209 0.4018
vn -0.8763 0.1713 0.4503
vn -0.8635 0.1184 0.4902
vn 0.3797 -0.3816 0.8428
vn 0.1782 -0.2088 0.9616
vn -0.3931 -0.0932 0.9148
vn -0.2257 -0.4921 0.8408
vn -0.8744 -0.0258 0.4845
vn -0.8306 -0.3054 0.4657
vn -0.9934 0.0871 0.0743
vn -0.9963 0.0602 0.0611
vn -0.9860 0.0751 0.1489
vn -0.9569 -0.0951 -0.2743
vn -0.9719 -0.1765 -0.1555
vn -0.9342 -0.0953 -0.3438
vn -0.3897 -0.3903 -0.8342
vn -0.7077 -0.2701 -0.6528
vn -0.7620 -0.2931 -0.5775
vn -0.3606 -0.4322 -0.8266
vn -0.7667 -0.3924 -0.5082
vn -0.3106 -0.5601 -0.7680
vn 0.2392 -0.3532 -0.9045
vn -0.0120 -0.4001 -0.9164
vn 0.1153 -0.4577 -0.8816
vn 0.3360 -0.4741 -0.8139
vn 0.1249 -0.5681 -0.8134
vn 0.3705 -0.5759 -0.7288
vn 0.5909 -0.5428 0.5968
vn 0.6560 -0.2276 0.7196
vn 0.4983 -0.2417 0.8326
vn 0.5236 -0.4914 0.6960
vn -0.9931 -0.1165 -0.0110
vn -0.7773 -0.6278 0.0406
vn -0.8679 -0.2924 -0.4015
vn -0.5289 -0.7568 -0.3841
vn 0.7288 -0.6136 0.3040
vn 0.8763 -0.2402 0.4176
vn 0.7900 -0.2335 0.5669
vn 0.6480 -0.5991 0.4703
vn 0.0324 -0.8860 0.4626
vn 0.3062 -0.9496 0.0675
vn 0.4291 -0.8898 -0.1555
vn -0.2622 -0.7497 -0.6076
vn -0.0572 -0.7178 -0.6939
vn 0.4817 -0.8279 -0.2872
vn -0.5912 -0.4384 -0.6769
vn -0.3151 -0.5209 -0.7933
vn 0.8946 -0.2766 -0.3510
vn 0.9395 -0.2527 -0.2314
vn 0.9677 -0.2292 -0.1052
vn 0.9032 -0.3489 -0.2500
vn 0.9029 -0.3555 -0.2415
vn 0.9432 -0.3034 -0.1353
vn 0.9542 -0.2327 0.1882
vn 0.8496 -0.5251 0.0484
vn 0.8955 -0.3853 0.2229
vn 0.9106 -0.3345 0.2425
vn 0.9431 -0.3292 0.0462
vn 0.9262 -0.3742 0.0463
vn 0.5830 -0.3991 -0.7077
vn 0.3891 -0.3615 -0.8473
vn 0.4774 -0.5000 -0.7225
vn 0.6269 -0.5057 -0.5927
vn 0.5579 -0.5297 -0.6389
vn 0.6822 -0.4996 -0.5338
vn 0.5511 -0.3549 -0.7552
vn 0.3311 -0.3421 -0.8794
vn 0.4232 -0.5156 -0.7450
vn 0.2332 -0.4314 -0.8715
vn 0.8648 -0.4786 -0.1521
vn 0.8496 -0.4657 -0.2476
vn 0.7807 -0.4091 -0.4724
vn 0.7692 -0.3304 -0.5469
vn 0.6944 -0.5034 -0.5143
vn 0.1939 -0.6589 -0.7268
vn -0.0088 -0.5182 -0.8552
vn 0.5775 -0.7200 -0.3850
vn -0.1280 -0.7403 0.6600
vn 0.1456 -0.4974 0.8552
vn 0.4868 -0.7056 0.5149
vn 0.3062 -0.8681 0.3906
vn 0.6831 -0.7044 0.1925
vn 0.4665 -0.8841 -0.0285
vn 0.8279 -0.4589 0.3225
vn 0.8230 -0.5498 0.1428
vn 0.7550 -0.3149 0.5752
vn 0.6434 -0.3841 0.6622
vn 0.7654 -0.4830 0.4252
vn 0.7950 -0.5732 0.1986
vn 0.5764 -0.1038 0.8105
vn 0.5629 -0.1635 0.8102
vn 0.4730 0.1747 0.8636
vn 0.4730 0.1185 0.8731
vn 0.4276 0.3009 0.8524
vn 0.3622 0.2876 0.8866
vn 0.0912 -0.9778 -0.1885
vn -0.1795 -0.9830 0.0391
vn -0.3164 -0.8829 -0.3470
vn 0.0163 -0.8937 -0.4484
vn -0.8655 -0.4757 -0.1567
vn -0.7181 -0.6612 0.2171
vn 0.3507 0.2800 0.8936
vn 0.4246 0.2138 0.8798
vn 0.3025 0.3481 0.8873
vn 0.1853 0.4307 0.8833
vn 0.1550 0.3934 0.9062
vn 0.2441 0.3480 0.9052
vn 0.1123 0.5000 0.8587
vn 0.0481 0.4950 0.8675
vn -0.1169 0.2210 0.9682
vn -0.0373 0.4024 0.9147
vn -0.0744 0.4422 0.8938
vn -0.1638 0.3043 0.9384
vn -0.2896 0.0279 0.9567
vn -0.3601 0.0796 0.9295
vn -0.5758 -0.1340 0.8065
vn -0.5102 -0.1977 0.8370
vn -0.7270 -0.4994 0.4712
vn -0.7881 -0.3827 0.4821
vn -0.8670 -0.4958 0.0496
vn -0.9831 -0.1826 0.0086
vn -0.9326 -0.3488 0.0927
vn -0.9906 -0.0169 -0.1359
vn 0.5418 -0.3552 0.7618
vn 0.5512 -0.4179 0.7221
vn 0.5290 -0.1362 0.8376
vn 0.7005 -0.0400 0.7125
vn 0.7272 -0.1303 0.6740
vn 0.7706 -0.0991 0.6296
vn 0.5338 0.0526 0.8440
vn 0.6415 0.1542 0.7515
vn 0.4436 0.1669 0.8805
vn 0.4627 0.3144 0.8289
vn 0.7726 -0.4062 0.4879
vn 0.7761 -0.5923 0.2163
vn 0.8948 -0.2502 0.3699
vn 0.8539 -0.5120 0.0932
vn 0.7298 -0.6837 0.0014
vn 0.7685 -0.6347 0.0812
vn 0.7460 -0.6570 0.1091
vn 0.7154 -0.6987 -0.0036
vn 0.8637 -0.4985 -0.0739
vn 0.8048 -0.4994 -0.3208
vn 0.3498 -0.9300 -0.1128
vn 0.5663 -0.8188 -0.0945
vn 0.5464 -0.8014 -0.2434
vn 0.3309 -0.8460 -0.4181
vn 0.5458 -0.4921 -0.6782
vn 0.2520 -0.4775 -0.8417
vn -0.1121 -0.1414 0.9836
vn -0.0546 0.1254 0.9906
vn -0.3137 -0.2973 0.9018
vn -0.1838 -0.3344 0.9243
vn -0.3180 -0.0279 0.9477
vn -0.2803 0.3687 0.8863
vn -0.6505 -0.3626 0.6673
vn -0.4201 -0.4138 0.8076
vn -0.9506 -0.2112 0.2276
vn -0.8145 -0.3497 0.4629
vn -0.9863 -0.1006 -0.1306
vn -0.9259 -0.3768 0.0293
vn -0.8606 -0.3260 -0.3912
vn -0.8164 -0.4758 -0.3272
vn -0.5624 -0.4503 -0.6935
vn -0.3302 -0.3256 -0.8860
vn -0.5801 -0.4554 -0.6753
vn -0.2720 -0.4581 -0.8463
vn -0.0923 -0.4631 -0.8815
vn -0.1399 -0.3109 -0.9401
vn 0.1407 -0.8820 -0.4498
vn 0.2310 -0.8963 -0.3786
vn -0.0319 -0.2549 -0.9665
vn 0.0801 -0.4956 -0.8649
vn 0.0030 0.2285 0.9735
vn -0.0067 0.1858 0.9826
vn -0.1585 0.2308 0.9600
vn -0.0949 0.2798 0.9553
vn -0.3484 0.1679 0.9222
vn -0.1258 0.1276 0.9838
vn -0.4669 0.2327 0.8531
vn -0.4793 0.1671 0.8616
vn -0.2691 -0.0690 0.9606
vn -0.1708 -0.6981 -0.6953
vn 0.0608 -0.6861 -0.7249
vn 0.2339 -0.7348 -0.6367
vn -0.0331 -0.7644 -0.6439
vn 0.3977 -0.7194 -0.5695
vn 0.1940 -0.6582 -0.7274
vn 0.6689 -0.6722 -0.3174
vn 0.4676 -0.7359 -0.4898
vn 0.1528 -0.7909 -0.5926
vn 0.3678 -0.7075 -0.6035
vn 0.6621 -0.6119 -0.4327
vn 0.7247 -0.5706 -0.3863
vn 0.5199 -0.7558 -0.3982
vn 0.8113 -0.5218 -0.2635
vn 0.7878 -0.5526 -0.2721
vn 0.9067 -0.4147 0.0768
vn 0.8648 -0.5020 0.0007
vn 0.7367 -0.6741 0.0538
vn 0.6170 -0.6765 -0.4019
vn 0.2975 -0.7540 -0.5856
vn 0.7727 -0.5905 -0.2329
vn -0.5559 -0.7045 -0.4413
vn -0.7780 -0.5638 -0.2770
vn -0.8427 -0.4670 -0.2678
vn -0.6624 -0.6281 -0.4083
vn -0.9142 -0.4052 0.0066
vn -0.9664 -0.2496 0.0610
vn -0.8846 -0.4255 -0.1910
vn -0.9649 -0.2424 0.1007
vn -0.7351 -0.5795 -0.3519
vn -0.4788 -0.6768 -0.5592
vn -0.3765 -0.7456 -0.5499
vn -0.2300 -0.7922 -0.5653
vn 0.8459 -0.3948 0.3586
vn 0.7411 -0.6262 0.2422
vn 0.8654 -0.2404 0.4397
vn 0.8452 -0.1493 0.5132
vn 0.8346 -0.3501 0.4253
vn 0.8080 -0.5193 0.2784
vn 0.8243 -0.0933 0.5584
vn 0.8347 -0.1888 0.5174
vn 0.4644 0.0941 0.8806
vn 0.5387 0.0724 0.8394
vn 0.6432 -0.1706 0.7464
vn 0.7871 -0.4702 0.3992
vn -0.7089 0.0792 0.7008
vn -0.6346 0.0843 0.7682
vn -0.7907 0.0162 0.6120
vn -0.8859 -0.1200 0.4480
vn -0.7422 -0.0466 0.6685
vn -0.4646 0.0309 0.8850
vn -0.9088 -0.0746 0.4105
vn -0.9360 -0.2884 0.2019
vn -0.8886 -0.1082 0.4458
vn -0.2702 -0.9474 -0.1718
vn 0.0190 -0.8797 -0.4751
vn 0.4121 -0.9004 -0.1394
vn 0.3698 -0.9250 0.0871
vn 0.2811 -0.8160 0.5051
vn 0.1954 -0.2431 0.9501
vn -0.3283 -0.8432 0.4258
vn 0.0226 0.2486 0.9683
vn 0.1006 0.2310 0.9677
vn -0.6748 -0.4664 0.5719
vn -0.7325 -0.6774 0.0679
vn -0.1022 -0.8214 -0.5611
vn -0.4200 -0.8157 -0.3979
vn -0.7357 -0.6603 -0.1510
vn 0.9181 -0.3646 0.1552
vn 0.8440 -0.1606 0.5117
vn 0.8022 -0.1529 0.5771
vn 0.8929 -0.3067 0.3296
vn 0.7923 -0.1242 0.5974
vn 0.8196 -0.1063 0.5630
vn 0.8246 -0.0898 0.5585
vn 0.7905 -0.0587 0.6096
vn 0.6101 0.1360 0.7806
vn 0.6362 0.0721 0.7682
vn 0.1554 0.3014 0.9408
vn 0.0876 0.2566 0.9625
vn 0.2448 0.2452 0.9381
vn 0.2821 0.2959 0.9126
vn 0.8468 -0.5057 -0.1649
vn 0.8736 -0.4865 0.0080
vn 0.8216 -0.5469 -0.1608
vn 0.8209 -0.5661 -0.0753
vn 0.8140 -0.5635 -0.1408
vn 0.7970 -0.5967 -0.0934
vn 0.7705 -0.6001 -0.2149
vn 0.7584 -0.6171 -0.2097
vn 0.2659 0.2985 0.9166
vn 0.2649 0.2852 0.9211
vn 0.0851 0.2644 0.9607
vn 0.0790 0.3188 0.9445
vn 0.3292 -0.6194 -0.7128
vn 0.5869 -0.6423 -0.4929
vn 0.5319 -0.6726 -0.5145
vn 0.2574 -0.6554 -0.7101
vn 0.3340 0.2407 0.9113
vn 0.3232 0.3259 0.8884
vn 0.0680 0.2263 0.9717
vn 0.1237 0.2614 0.9573
vn 0.0570 0.2519 0.9661
vn 0.0265 0.1852 0.9823
vn -0.2738 0.0902 0.9575
vn -0.3445 0.3160 0.8840
vn -0.7749 0.2631 0.5747
vn -0.6922 -0.0557 0.7195
vn -0.9013 -0.1062 0.4200
vn -0.9557 0.0823 0.2827
vn -0.9854 -0.1128 0.1277
vn -0.9709 -0.1996 0.1321
vn -0.9111 -0.3917 -0.1285
vn -0.9328 -0.3532 -0.0717
vn -0.7732 -0.5440 -0.3260
vn -0.7944 -0.5427 -0.2729
vn -0.5303 -0.6437 -0.5518
vn -0.2382 -0.6798 -0.6937
vn -0.5411 -0.6704 -0.5077
vn -0.2414 -0.6889 -0.6835
vn 0.2626 -0.9331 -0.2457
vn 0.1970 -0.6232 -0.7569
vn 0.2794 -0.9569 -0.0796
vn 0.0898 -0.2634 -0.9605
vn 0.0347 -0.1877 -0.9816
vn 0.2742 -0.8006 -0.5328
vn -0.0003 -0.6544 -0.7562
vn 0.1237 -0.6205 -0.7744
vn -0.0021 -0.6341 -0.7732
vn 0.0954 -0.6130 -0.7843
vn 0.1240 -0.6186 -0.7759
vn 0.1692 -0.6314 -0.7568
vn 0.2303 -0.5912 -0.7729
vn 0.1769 -0.5575 -0.8111
vn 0.2468 -0.9662 -0.0743
vn 0.2149 -0.8709 -0.4420
vn 0.1179 -0.4224 -0.8987
vn 0.0713 -0.5458 -0.8349
vn 0.0438 -0.3047 -0.9514
vn 0.0966 -0.5196 -0.8490
vn 0.0850 -0.6004 -0.7951
vn 0.1496 -0.3881 -0.9094
vn 0.0732 -0.1845 -0.9801
vn 0.9691 -0.1964 0.1494
vn 0.9231 -0.3763 -0.0797
vn 0.9194 0.1644 0.3572
vn 0.9498 -0.0111 0.3127
vn 0.9627 -0.2640 0.0592
vn 0.9459 -0.3046 -0.1115
vn 0.8453 0.3162 0.4306
vn 0.7670 0.3640 0.5284
vn 0.7731 0.2596 0.5788
vn 0.8724 0.1610 0.4616
vn 0.8254 -0.1270 0.5501
vn 0.9118 -0.2319 0.3388
vn 0.7641 -0.0555 0.6427
vn 0.9390 -0.3300 0.0966
vn 0.9238 -0.3829 0.0017
vn 0.6181 0.4316 0.6570
vn 0.5959 0.3324 0.7310
vn 0.3954 0.4678 0.7905
vn 0.3521 0.3460 0.8696
vn 0.4347 0.2364 0.8690
vn 0.6520 0.0626 0.7556
vn 0.2808 0.3704 0.8854
vn 0.2660 0.3461 0.8997
vn 0.2478 0.3296 0.9110
vn 0.2535 0.3246 0.9112
vn 0.2166 0.3244 0.9208
vn 0.2638 0.3352 0.9044
vn 0.9151 -0.3249 -0.2387
vn 0.8018 -0.3304 -0.4980
vn 0.9233 -0.3032 -0.2358
vn 0.7915 -0.3571 -0.4960
vn 0.8754 -0.4685 -0.1190
vn 0.7490 -0.5560 -0.3604
vn 0.4865 -0.3341 -0.8073
vn 0.2017 -0.2685 -0.9419
vn 0.4883 -0.3793 -0.7860
vn 0.2402 -0.2814 -0.9291
vn 0.5417 -0.5497 -0.6359
vn 0.3176 -0.4734 -0.8216
vn 0.0821 -0.1647 -0.9829
vn 0.0398 -0.1073 -0.9934
vn 0.1132 -0.2069 -0.9718
vn 0.1882 -0.4036 -0.8954
vn -0.3164 0.3918 0.8639
vn -0.0955 0.2921 0.9516
vn 0.1818 0.2783 0.9431
vn 0.1618 0.3127 0.9360
vn 0.0511 0.4016 0.9144
vn -0.4127 0.5693 0.7111
vn -0.6982 0.3419 0.6290
vn -0.7481 0.3454 0.5666
vn -0.4131 -0.2496 0.8758
vn -0.7948 -0.0170 0.6066
vn -0.9177 0.2749 0.2868
vn -0.6528 0.3209 0.6862
vn -0.3617 -0.4071 0.8387
vn -0.6505 -0.4794 0.5890
vn -0.7868 -0.3231 0.5258
vn -0.7123 -0.1008 0.6946
vn -0.9210 0.3012 0.2472
vn -0.9742 -0.0373 0.2227
vn -0.8199 -0.5447 0.1762
vn -0.7695 -0.5905 -0.2433
vn -0.7589 -0.6226 -0.1909
vn -0.8599 -0.4827 0.1662
vn -0.9258 -0.3765 0.0332
vn -0.7842 -0.5843 -0.2088
vn -0.5515 -0.5978 -0.5818
vn -0.2865 -0.4628 -0.8389
vn -0.2433 -0.6127 -0.7520
vn -0.5316 -0.6798 -0.5053
vn -0.5307 -0.6974 -0.4817
vn -0.2203 -0.6987 -0.6807
vn -0.0754 -0.4475 -0.8911
vn 0.0375 -0.4347 -0.8998
vn -0.0164 -0.5723 -0.8199
vn 0.0121 -0.6363 -0.7714
vn 0.0240 -0.1734 -0.9846
vn 0.2020 -0.9072 -0.3690
vn 0.2807 -0.9509 -0.1302
vn 0.2653 -0.9527 -0.1482
vn 0.1005 -0.9184 -0.3828
vn 0.0833 -0.7784 -0.6223
vn 0.0208 -0.8077 -0.5892
vn 0.2102 -0.8298 -0.5169
vn 0.2598 -0.9488 -0.1797
vn 0.2800 -0.9534 -0.1123
vn 0.2163 -0.8843 -0.4137
vn 0.1168 -0.7229 -0.6810
vn 0.1320 -0.6531 -0.7457
vn 0.4250 -0.7931 -0.4362
vn 0.2646 -0.9139 -0.3078
vn 0.2233 -0.7237 -0.6529
vn 0.3578 -0.6053 -0.7111
vn 0.7951 -0.6061 0.0230
vn 0.7485 -0.6461 -0.1492
vn 0.6542 -0.6576 -0.3737
vn 0.4985 -0.6674 -0.5532
vn 0.1583 -0.5715 -0.8052
vn 0.2305 -0.5054 -0.8316
vn 0.1015 -0.8273 -0.5526
vn 0.2023 -0.6177 -0.7599
vn -0.0257 -0.9818 0.1884
vn -0.4287 -0.8914 -0.1469
vn -0.5840 -0.8102 0.0507
vn -0.3295 -0.8435 0.4242
vn -0.0961 -0.9896 -0.1068
vn -0.3576 -0.8629 -0.3572
vn -0.1724 -0.8507 -0.4966
vn -0.3531 -0.7746 -0.5247
vn -0.5077 -0.6315 -0.5861
vn -0.5332 -0.5779 -0.6178
vn -0.6356 -0.6812 -0.3633
vn -0.5619 -0.6869 -0.4609
vn -0.7128 -0.6267 -0.3149
vn -0.5198 -0.4942 -0.6968
vn -0.5061 -0.6948 -0.5110
vn -0.4695 -0.6923 -0.5479
vn -0.1320 -0.6770 -0.7241
vn -0.2828 -0.5852 -0.7599
vn 0.0307 -0.6855 -0.7274
vn -0.0028 -0.6305 -0.7762
vn 0.2047 -0.7651 -0.6106
vn 0.2794 -0.6074 -0.7436
vn 0.2989 -0.9142 -0.2737
vn 0.4402 -0.7506 -0.4927
vn 0.1011 -0.9000 -0.4240
vn -0.2903 -0.6028 -0.7432
vn -0.0864 -0.5865 -0.8053
vn 0.0988 -0.9852 0.1401
vn -0.1225 -0.9800 -0.1567
vn -0.0465 -0.9965 -0.0699
vn -0.1619 -0.9659 -0.2019
vn -0.1223 -0.9322 -0.3407
vn -0.1089 -0.7605 -0.6401
vn 0.6404 -0.7059 0.3027
vn 0.6091 -0.7431 -0.2771
vn 0.5323 -0.8136 -0.2339
vn 0.6123 -0.7512 0.2464
vn 0.4875 -0.4017 0.7752
vn 0.5755 -0.3977 0.7146
vn 0.4734 0.0886 0.8764
vn 0.4060 0.0868 0.9097
vn 0.6867 0.5301 0.4975
vn 0.7808 0.1466 0.6073
vn 0.4990 0.0461 0.8654
vn 0.5137 0.6445 0.5664
vn 0.5216 0.0881 0.8486
vn 0.3626 0.7164 0.5960
vn 0.5063 0.1406 0.8508
vn 0.2771 0.6268 0.7282
vn 0.3712 0.2328 0.8989
vn 0.1999 0.5040 0.8402
vn 0.2464 0.2545 0.9352
vn 0.0160 0.1728 0.9848
vn 0.0790 0.4532 0.8879
vn -0.1496 0.3366 0.9297
vn 0.5256 -0.6024 -0.6007
vn 0.2806 -0.4809 -0.8306
vn 0.5867 -0.7029 -0.4021
vn 0.3515 -0.6111 -0.7093
vn -0.4580 -0.4772 -0.7500
vn 0.0111 -0.5667 -0.8239
vn 0.0653 -0.6733 -0.7365
vn -0.3939 -0.5656 -0.7245
vn -0.9675 -0.2519 -0.0220
vn -0.8647 -0.4991 0.0575
vn -0.8020 -0.5023 -0.3234
vn -0.8232 -0.4524 -0.3429
vn -0.2925 -0.1491 0.9446
vn -0.5581 0.0454 0.8285
vn -0.6334 -0.3754 0.6767
vn -0.8660 -0.0123 0.4999
vn -0.7898 -0.4511 0.4156
vn -0.9501 -0.1103 0.2916
vn -0.9758 0.0489 0.2129
vn -0.9706 -0.2212 -0.0948
vn -0.9015 0.2198 0.3729
vn -0.9057 0.1770 0.3853
vn -0.9743 0.0236 0.2240
vn -0.9715 -0.2273 -0.0674
vn 0.8292 -0.5455 -0.1217
vn 0.8509 -0.3952 0.3460
vn 0.6584 -0.5175 -0.5465
vn 0.6540 -0.5990 -0.4620
vn 0.7444 -0.6648 0.0617
vn 0.7308 -0.4443 0.5182
vn 0.5868 -0.5380 -0.6051
vn 0.3917 -0.6176 -0.6820
vn 0.3717 -0.6637 -0.6491
vn 0.6051 -0.6105 -0.5110
vn 0.6118 -0.6938 -0.3799
vn 0.6379 -0.7079 -0.3032
vn 0.3762 -0.6890 -0.6194
vn 0.6448 -0.7252 0.2415
vn 0.5913 -0.4575 0.6641
vn 0.8457 -0.3558 0.3977
vn 0.8237 -0.3005 0.4809
vn 0.7391 -0.3877 0.5508
vn 0.7956 -0.0550 0.6033
vn 0.7772 -0.1586 0.6089
vn 0.7560 0.4018 0.5168
vn 0.4319 0.3405 0.8352
vn 0.4719 0.0951 0.8765
vn 0.6599 -0.0574 0.7492
vn 0.6065 0.2921 0.7395
vn 0.3599 0.6661 0.6533
vn 0.5356 0.6223 0.5709
vn 0.3064 0.3261 0.8943
vn 0.3982 0.2878 0.8710
vn 0.4473 0.1776 0.8766
vn 0.3545 0.2985 0.8861
vn 0.2143 0.4422 0.8709
vn 0.2600 0.5670 0.7816
vn -0.3164 0.4205 0.8503
vn -0.2303 0.4014 0.8865
vn 0.2166 0.3726 0.9024
vn 0.1370 0.4093 0.9020
vn -0.2392 0.3712 0.8972
vn 0.0914 0.4440 0.8913
vn -0.6997 0.3274 0.6350
vn -0.7519 0.2880 0.5930
vn -0.9010 0.1237 0.4158
vn -0.7011 0.1865 0.6882
vn 0.1346 -0.6145 -0.7774
vn 0.1158 -0.6575 -0.7445
vn -0.2859 -0.6597 -0.6951
vn -0.3360 -0.6541 -0.6777
vn -0.3604 -0.6193 -0.6975
vn 0.0988 -0.6892 -0.7178
vn -0.7700 -0.4673 -0.4344
vn -0.7938 -0.4749 -0.3800
vn -0.8174 -0.4482 -0.3620
vn -0.9734 -0.2231 -0.0514
vn -0.9714 -0.0097 0.2374
vn -0.2907 0.9566 -0.0219
vn -0.3130 0.9450 -0.0948
vn -0.2646 0.9590 -0.1016
vn -0.2318 0.9717 0.0455
vn -0.3554 0.8721 0.3363
vn -0.3374 0.8906 0.3049
vn -0.5139 0.8226 0.2435
vn -0.4611 0.8595 -0.2207
vn -0.4425 0.8600 -0.2542
vn -0.3745 0.9199 0.1165
vn -0.2997 0.8585 0.4162
vn -0.2651 0.6001 0.7547
vn -0.3778 0.8528 0.3606
vn -0.3877 0.8981 0.2076
vn -0.4250 0.8711 0.2459
vn -0.2516 0.7877 0.5623
vn -0.1988 0.6554 0.7286
vn -0.1699 0.4647 0.8690
vn -0.2183 0.4051 0.8878
vn -0.2248 0.9104 0.3473
vn -0.2924 0.9303 0.2217
vn -0.4830 0.7284 0.4859
vn -0.6775 0.5780 0.4549
vn -0.6978 0.7157 -0.0291
vn -0.4334 0.9011 0.0141
vn -0.5739 0.6889 -0.4428
vn -0.3236 0.8740 -0.3624
vn -0.3055 0.8243 0.4767
vn -0.2766 0.9600 0.0440
vn -0.1864 0.9808 0.0578
vn -0.2016 0.9316 -0.3025
vn -0.1522 0.9392 -0.3079
vn -0.4364 0.5308 -0.7265
vn -0.2250 0.3121 -0.9230
vn -0.0575 0.5137 -0.8560
vn -0.2275 0.7526 -0.6179
vn -0.0864 0.9031 -0.4206
vn -0.1419 0.9097 -0.3904
vn -0.1590 0.8552 -0.4934
vn -0.0388 0.7729 -0.6334
vn -0.2276 0.9734 0.0256
vn -0.3150 0.9468 -0.0656
vn -0.1967 0.8983 -0.3928
vn -0.2873 0.8356 -0.4683
vn -0.2190 0.9000 -0.3769
vn -0.3299 0.8629 -0.3829
vn -0.1513 0.9059 -0.3956
vn -0.2666 0.8885 -0.3736
vn 0.0457 0.7355 -0.6760
vn 0.0993 0.4651 -0.8797
vn 0.1840 0.3667 -0.9119
vn -0.0079 0.6950 -0.7190
vn -0.1473 0.8350 -0.5301
vn -0.2715 0.9583 -0.0896
vn -0.3566 0.9272 -0.1148
vn -0.2317 0.7911 -0.5662
vn -0.3108 0.8841 -0.3490
vn -0.3074 0.9398 -0.1492
vn -0.2527 0.9609 0.1134
vn -0.2382 0.9569 -0.1663
vn -0.2577 0.9640 -0.0659
vn -0.1295 0.8687 -0.4780
vn -0.2455 0.8382 -0.4870
vn -0.4497 0.8902 -0.0733
vn -0.4291 0.9002 0.0738
vn -0.3690 0.9247 -0.0938
vn -0.2250 0.9701 -0.0912
vn -0.2769 0.9519 0.1309
vn -0.0706 0.8202 -0.5677
vn 0.1998 0.3718 -0.9065
vn 0.2079 0.4817 -0.8513
vn -0.0689 0.9181 -0.3903
vn -0.2828 0.3175 0.9051
vn -0.1370 0.2733 0.9521
vn -0.2474 0.7700 0.5882
vn -0.4477 0.7878 0.4231
vn -0.1791 0.6896 0.7017
vn -0.0787 0.2705 0.9595
vn -0.6805 0.7220 0.1250
vn -0.8818 0.4640 -0.0844
vn -0.7859 0.2730 0.5548
vn -0.5211 0.3479 0.7794
vn -0.6112 0.6944 -0.3798
vn -0.7373 0.4360 -0.5161
vn -0.6709 0.7172 -0.1886
vn -0.6671 0.7080 0.2317
vn -0.8922 0.3955 -0.2181
vn -0.8850 0.4080 0.2242
vn -0.6264 0.7692 -0.1263
vn -0.4516 0.7276 -0.5164
vn -0.6208 0.4034 -0.6722
vn -0.8431 0.4891 -0.2236
vn -0.8714 0.4856 -0.0688
vn -0.8810 0.3808 -0.2808
vn -0.5634 0.7983 -0.2130
vn -0.6023 0.7963 -0.0562
vn -0.5205 0.7621 -0.3851
vn -0.7653 0.4921 -0.4149
vn -0.3384 0.8573 -0.3881
vn -0.1655 0.6247 -0.7631
vn -0.3197 0.5868 -0.7439
vn -0.5444 0.4121 -0.7306
vn -0.1715 0.5246 0.8339
vn -0.1485 0.3502 0.9248
vn -0.0851 0.2623 0.9612
vn -0.1354 0.2236 0.9652
vn -0.2137 0.3744 0.9023
vn -0.1842 0.1162 0.9760
vn -0.5004 0.3873 0.7743
vn -0.4848 0.4975 0.7194
vn -0.3609 0.5112 0.7800
vn -0.3947 0.4008 0.8268
vn -0.2332 0.3676 0.9003
vn -0.4849 0.4833 0.7289
vn 0.1119 -0.2382 0.9648
vn 0.2171 -0.2182 0.9515
vn 0.3562 -0.6365 0.6841
vn 0.3393 -0.5997 0.7247
vn 0.7660 -0.1588 0.6230
vn 0.5763 -0.4350 0.6919
vn 0.3566 0.0173 0.9341
vn 0.4162 0.1630 0.8945
vn -0.0297 0.3600 0.9325
vn 0.0246 0.3406 0.9399
vn -0.6007 0.5030 0.6214
vn -0.4421 0.1297 0.8876
vn -0.8466 -0.1062 0.5215
vn 0.0210 -0.2824 0.9591
vn 0.5803 -0.2838 0.7633
vn 0.4742 0.1201 0.8722
vn 0.0755 0.1487 0.9860
vn 0.8652 -0.0935 0.4927
vn 0.8693 -0.2469 0.4282
vn -0.5504 0.3599 0.7533
vn -0.3988 0.0043 0.9170
vn -0.8692 -0.4119 0.2736
vn -0.7204 -0.5808 0.3791
vn -0.3921 -0.4014 0.8278
vn -0.4055 -0.8182 0.4077
vn 0.0493 -0.8652 0.4990
vn -0.7183 -0.6957 -0.0093
vn -0.5690 -0.6019 -0.5603
vn -0.3735 -0.8504 -0.3705
vn -0.0164 -0.9518 -0.3063
vn 0.5513 -0.7624 0.3388
vn 0.8659 -0.4899 0.1007
vn 0.3912 -0.8536 -0.3439
vn 0.7240 -0.6119 -0.3185
vn -0.5602 -0.8218 0.1041
vn -0.9835 -0.1799 0.0174
vn -0.8494 -0.1281 -0.5119
vn -0.4395 -0.7824 -0.4413
vn -0.4614 -0.0031 -0.8872
vn -0.2469 -0.4519 -0.8572
vn -0.8946 -0.3258 -0.3058
vn -0.5748 -0.3165 -0.7546
vn -0.4995 -0.8545 -0.1426
vn -0.1222 -0.8735 -0.4713
vn -0.9150 -0.3422 -0.2138
vn -0.8918 -0.3299 0.3095
vn -0.2288 -0.9735 0.0013
vn -0.3051 -0.8865 0.3479
vn -0.8713 -0.3119 -0.3789
vn -0.6619 -0.1735 -0.7292
vn -0.3140 -0.8991 -0.3050
vn -0.1814 -0.7495 -0.6366
vn -0.3292 -0.9389 -0.1008
vn -0.9502 -0.2886 -0.1179
vn -0.6919 -0.2431 0.6799
vn -0.3101 -0.7497 0.5846
vn -0.2964 -0.1891 0.9362
vn -0.1271 -0.2098 0.9694
vn -0.0639 -0.7328 0.6775
vn 0.0092 -0.7663 0.6424
vn 0.1359 -0.9897 -0.0449
vn 0.1813 -0.8587 -0.4794
vn 0.1289 -0.9882 -0.0829
vn 0.1737 -0.8962 -0.4083
vn -0.0808 -0.1843 0.9795
vn -0.0610 -0.0906 0.9940
vn -0.0668 -0.7052 0.7058
vn -0.0736 -0.5639 0.8225
vn -0.0585 -0.0143 0.9982
vn -0.0579 -0.0506 0.9970
vn 0.0166 -0.4732 0.8808
vn 0.1819 -0.4901 0.8525
vn -0.1686 0.9205 -0.3526
vn 0.0219 0.6083 -0.7934
vn 0.1607 -0.2983 -0.9408
vn 0.0061 -0.4030 -0.9152
vn -0.1435 0.1791 -0.9733
vn 0.0174 0.2754 -0.9612
vn 0.2830 -0.3459 -0.8946
vn 0.2576 -0.3001 -0.9185
vn 0.1649 0.2461 -0.9551
vn 0.2747 0.1322 -0.9524
vn 0.2741 -0.2400 -0.9313
vn 0.3487 0.0334 -0.9366
vn 0.3208 0.0882 -0.9430
vn 0.2988 -0.1251 -0.9461
vn 0.0020 -0.9270 -0.3751
vn 0.1757 -0.8911 -0.4184
vn 0.0767 -0.9613 0.2648
vn -0.0692 -0.9729 0.2205
vn -0.0520 -0.9874 0.1496
vn 0.0598 -0.9658 0.2523
vn 0.2349 -0.8652 -0.4429
vn 0.1494 -0.8317 -0.5347
vn -0.0052 -0.9920 0.1260
vn 0.1045 -0.9698 0.2205
vn 0.1969 -0.9693 -0.1475
vn 0.1626 -0.9582 -0.2355
vn 0.1394 -0.9854 0.0977
vn 0.1696 -0.9811 0.0930
vn 0.1062 -0.9374 0.3316
vn 0.0496 -0.9349 0.3514
vn 0.1212 -0.9865 -0.1101
vn 0.1464 -0.9885 -0.0377
vn -0.0601 -0.9975 -0.0370
vn -0.0136 -0.8392 -0.5436
vn -0.1659 -0.8837 -0.4376
vn -0.1187 -0.9720 0.2029
vn 0.0520 -0.9674 0.2478
vn 0.1294 -0.9801 -0.1505
vn -0.0830 -0.9681 0.2364
vn -0.0298 -0.9722 -0.2321
vn 0.0746 -0.9970 0.0219
vn -0.0901 -0.9850 -0.1470
vn -0.0064 -0.9549 0.2969
vn -0.1717 -0.9595 0.2233
vn -0.0054 -0.9876 -0.1571
vn -0.2102 -0.9650 -0.1567
vn -0.1844 -0.9820 -0.0398
vn -0.0788 -0.9956 -0.0507
vn -0.2191 -0.9754 -0.0229
vn -0.0396 -0.9990 -0.0215
vn 0.0262 -0.9981 0.0565
vn 0.1480 -0.9681 0.2024
vn 0.0299 -0.8964 0.4423
vn 0.2559 -0.7907 0.5562
vn -0.2072 -0.3142 0.9265
vn -0.4926 -0.7704 0.4048
vn 0.2285 -0.6318 0.7407
vn -0.1068 -0.9293 0.3535
vn -0.6119 -0.7400 -0.2792
vn -0.5085 -0.7641 -0.3970
vn 0.4257 -0.6952 0.5792
vn 0.4115 -0.8446 0.3426
vn 0.5645 -0.7649 0.3102
vn 0.4657 -0.7617 0.4505
vn -0.1730 -0.9219 -0.3468
vn -0.1894 -0.9547 -0.2297
vn -0.1496 -0.9709 -0.1870
vn -0.0763 -0.9702 -0.2299
vn 0.5077 -0.7969 0.3275
vn 0.5652 -0.7678 0.3017
vn 0.3711 -0.8933 0.2535
vn 0.3173 -0.9268 0.2011
vn 0.8145 -0.5216 0.2540
vn 0.9353 -0.3531 0.0222
vn 0.6987 -0.6392 -0.3213
vn 0.6753 -0.7375 0.0002
vn -0.4650 -0.7262 -0.5064
vn -0.1979 -0.9785 0.0577
vn -0.1508 -0.9792 -0.1355
vn -0.1873 -0.8022 -0.5670
vn 0.4079 -0.8853 0.2232
vn 0.2394 -0.9571 0.1635
vn 0.2134 -0.8394 -0.4998
vn 0.2910 -0.9184 -0.2679
vn -0.0401 0.1540 -0.9873
vn 0.3051 0.0505 -0.9510
vn 0.3025 -0.0600 -0.9513
vn 0.0590 0.2473 -0.9671
vn 0.7676 0.0300 -0.6403
vn 0.7093 -0.2945 -0.6404
vn 0.4501 -0.8722 0.1916
vn 0.5842 -0.8086 0.0702
vn 0.5151 -0.7862 0.3414
vn 0.4250 -0.8459 0.3222
vn 0.5941 -0.6888 0.4155
vn 0.5861 -0.7917 0.1724
vn 0.5181 -0.4753 -0.7111
vn 0.6111 -0.6973 -0.3747
vn 0.5332 -0.8433 -0.0668
vn 0.6314 -0.6730 -0.3852
vn 0.3515 -0.9299 -0.1086
vn 0.1431 -0.9883 -0.0526
vn 0.3743 -0.9198 0.1181
vn 0.5535 -0.8328 0.0126
vn 0.3352 -0.1025 -0.9366
vn 0.2447 0.1180 -0.9624
vn 0.1822 0.2021 -0.9623
vn 0.3140 -0.0774 -0.9463
vn 0.2707 0.0830 -0.9591
vn 0.3044 -0.0951 -0.9478
vn 0.5417 -0.8185 0.1912
vn 0.5955 -0.7992 0.0813
vn -0.2279 -0.9350 0.2718
vn -0.1388 -0.9879 0.0694
vn -0.1291 -0.9908 0.0406
vn 0.0523 -0.9608 -0.2722
vn 0.2547 -0.5843 -0.7705
vn 0.3892 -0.4165 -0.8216
vn 0.4939 -0.4388 -0.7507
vn 0.4945 -0.8206 -0.2864
vn 0.4391 -0.7792 -0.4472
vn 0.1017 -0.7422 -0.6624
vn 0.4771 -0.8674 0.1417
vn 0.2354 -0.9713 -0.0339
vn 0.3406 -0.9368 -0.0804
vn 0.4191 -0.9057 0.0633
vn 0.2793 -0.9586 0.0548
vn 0.4829 -0.8350 0.2637
vn 0.2686 -0.9476 0.1729
vn 0.2592 -0.9293 0.2632
vn 0.2518 -0.9571 0.1437
vn 0.4274 -0.9000 0.0856
vn 0.4913 -0.3893 -0.7791
vn 0.6121 -0.6943 -0.3786
vn 0.5770 -0.8123 0.0852
vn -0.4998 -0.7999 0.3322
vn -0.5988 -0.7767 0.1953
vn -0.7084 -0.6249 0.3282
vn -0.5070 -0.7003 0.5026
vn -0.6355 -0.7254 0.2644
vn -0.6616 -0.5000 0.5589
vn -0.6738 -0.6724 0.3065
vn -0.5946 -0.7693 0.2337
vn -0.5623 -0.8269 -0.0099
vn -0.4907 -0.8391 -0.2347
vn -0.6707 -0.7313 -0.1243
vn -0.4910 -0.6470 -0.5833
vn -0.7446 -0.5077 0.4334
vn -0.6797 -0.5937 0.4307
vn -0.7087 -0.6497 0.2749
vn -0.7884 -0.5976 0.1461
vn -0.4149 -0.8049 -0.4241
vn -0.4391 -0.4844 -0.7567
vn -0.1780 -0.7511 -0.6357
vn -0.0770 -0.2527 -0.9645
vn -0.7510 -0.6525 -0.1009
vn -0.6773 -0.6568 -0.3314
vn -0.2196 -0.5672 -0.7937
vn 0.0210 -0.0075 -0.9998
vn -0.2829 -0.3948 -0.8741
vn 0.0296 0.0812 -0.9963
vn -0.6813 -0.3339 -0.6515
vn -0.8816 -0.4702 -0.0412
vn -0.7455 -0.6624 0.0734
vn -0.6022 -0.5900 -0.5378
vn -0.8383 -0.5430 -0.0489
vn -0.7598 -0.4777 0.4410
vn -0.9376 -0.3353 0.0925
vn -0.6759 -0.3354 0.6563
vn -0.4871 -0.4321 0.7589
vn -0.5836 -0.4205 0.6947
vn -0.6791 0.1782 0.7121
vn -0.4965 -0.1511 0.8548
vn -0.5351 -0.0748 0.8415
vn -0.9928 -0.0547 -0.1068
vn -0.7761 0.1980 -0.5987
vn -0.6513 0.5339 -0.5392
vn -0.8500 0.3657 0.3791
vn -0.8568 0.2462 0.4531
vn -0.7270 0.4367 0.5299
vn -0.7084 0.3669 0.6029
vn -0.7428 0.6507 -0.1574
vn -0.7736 0.5346 0.3402
vn 0.2595 0.9401 -0.2210
vn 0.3612 0.9263 -0.1071
vn 0.3161 0.7256 -0.6112
vn 0.2414 0.8128 -0.5301
vn 0.5176 0.5776 -0.6313
vn 0.4145 0.8041 -0.4262
vn 0.3397 0.8863 -0.3147
vn 0.4650 0.8820 -0.0771
vn 0.3218 0.9116 -0.2558
vn 0.3066 0.9511 -0.0380
vn 0.2987 0.9506 0.0842
vn 0.3564 0.9343 -0.0111
vn 0.1123 0.9847 0.1336
vn 0.1720 0.9689 0.1779
vn 0.1641 0.9251 0.3424
vn 0.3639 0.9259 0.1018
vn 0.0677 0.8969 0.4371
vn 0.0959 0.9094 0.4048
vn 0.0931 0.9095 0.4051
vn 0.2481 0.9098 0.3328
vn 0.2169 0.9636 0.1564
vn 0.0225 0.9756 0.2184
vn -0.1899 0.6582 0.7285
vn -0.1995 0.7118 0.6735
vn -0.3748 0.5342 0.7577
vn -0.3828 0.4191 0.8233
vn -0.4125 0.6649 0.6227
vn -0.2071 0.7931 0.5729
vn -0.3133 0.8829 0.3497
vn -0.4548 0.8250 0.3353
vn -0.5389 0.6952 0.4757
vn -0.7096 0.5430 0.4490
vn -0.6778 0.6893 0.2558
vn -0.5772 0.7817 0.2361
vn -0.6930 0.6994 0.1751
vn -0.3153 0.9456 0.0796
vn -0.3577 0.8311 0.4259
vn -0.4220 0.8617 0.2818
vn -0.3245 0.9070 0.2685
vn -0.1875 0.9424 0.2769
vn -0.2331 0.9659 0.1131
vn -0.3112 0.9459 0.0922
vn -0.4812 0.8766 0.0087
vn -0.5009 0.8535 0.1435
vn -0.4077 0.4096 0.8161
vn -0.4663 0.5736 0.6735
vn -0.5223 0.6449 0.5579
vn -0.4448 0.4612 0.7677
vn -0.5245 0.7781 0.3457
vn -0.4670 0.7448 0.4767
vn -0.5015 0.4944 0.7100
vn -0.6462 0.5758 0.5009
vn -0.6004 0.7284 0.3302
vn -0.5127 0.6849 0.5177
vn -0.4434 0.8753 0.1930
vn -0.4960 0.8583 0.1314
vn -0.5881 0.8054 0.0735
vn -0.6616 0.7477 0.0572
vn -0.5982 0.7029 0.3848
vn -0.6298 0.7767 0.0017
vn -0.9110 0.3240 -0.2553
vn -0.9484 0.1437 -0.2826
vn -0.6500 0.7277 -0.2191
vn -0.6655 0.7370 -0.1179
vn -0.9684 -0.1281 -0.2141
vn -0.6139 0.6536 -0.4426
vn -0.3181 0.8915 -0.3225
vn -0.5911 0.8011 -0.0936
vn -0.7193 0.6944 -0.0203
vn -0.7074 0.6812 0.1885
vn -0.8132 0.5781 -0.0666
vn -0.6446 0.7628 -0.0507
vn -0.7185 0.6890 0.0950
vn -0.8437 0.5320 0.0718
vn -0.7603 0.6494 -0.0169
vn -0.4478 0.6836 -0.5763
vn -0.3840 0.6203 -0.6840
vn -0.1835 0.6835 -0.7065
vn -0.5114 0.8573 0.0594
vn -0.7983 0.5295 0.2868
vn 0.1783 0.6127 -0.7699
vn -0.6273 0.4942 -0.6019
vn -0.4557 0.8712 -0.1825
vn 0.1047 0.3155 -0.9431
vn -0.9340 0.3412 0.1064
vn -0.7335 0.2123 -0.6457
vn -0.1754 0.3576 -0.9172
vn -0.7243 0.4312 -0.5380
vn -0.9570 0.2619 -0.1246
vn -0.1118 0.9714 -0.2097
vn -0.2940 0.9308 -0.2171
vn -0.2121 0.9034 -0.3726
vn -0.3542 0.8870 -0.2964
vn -0.0211 0.5199 -0.8540
vn 0.1707 0.3277 -0.9292
vn 0.2111 0.4006 -0.8916
vn 0.0170 0.4723 -0.8813
vn 0.0220 0.5326 -0.8461
vn 0.1361 0.4930 -0.8593
vn 0.1272 0.3305 -0.9352
vn -0.0635 0.5351 -0.8424
vn -0.0639 0.5690 -0.8198
vn 0.0450 0.3869 -0.9210
vn -0.3783 0.8773 -0.2953
vn -0.2506 0.8882 -0.3852
vn -0.2790 0.8970 -0.3428
vn -0.3122 0.8464 -0.4314
vn -0.6474 0.7267 -0.2296
vn -0.2651 0.8635 -0.4291
vn -0.2824 0.8898 -0.3584
vn -0.3259 0.9035 -0.2784
vn -0.2346 0.9291 -0.2859
vn -0.2497 0.9407 -0.2295
vn -0.2249 0.9005 -0.3722
vn -0.1268 0.9040 -0.4083
vn -0.1276 0.9598 -0.2501
vn -0.1606 0.9650 -0.2072
vn -0.3685 0.9147 -0.1659
vn -0.3528 0.9247 -0.1433
vn -0.2435 0.9593 -0.1430
vn -0.1823 0.9762 -0.1172
vn -0.0842 0.4307 -0.8986
vn -0.8008 0.3227 -0.5045
vn -0.1008 0.6141 -0.7827
vn -0.1761 0.6816 -0.7102
vn -0.2396 0.5144 -0.8234
vn -0.8074 0.3588 -0.4684
vn -0.1533 0.6599 -0.7356
vn -0.1615 0.7417 -0.6509
vn -0.0903 0.7949 -0.5999
vn -0.0882 0.6953 -0.7133
vn -0.1845 0.8151 -0.5491
vn -0.3496 0.6779 -0.6467
vn -0.2495 0.7694 -0.5880
vn -0.7585 0.5090 -0.4070
vn -0.2280 0.8443 -0.4850
vn -0.2305 0.6884 -0.6877
vn -0.0991 0.5486 -0.8302
vn -0.4066 0.7875 -0.4632
vn -0.7025 0.2216 -0.6763
vn -0.4269 0.2914 -0.8561
vn -0.6458 -0.2175 -0.7319
vn -0.7428 -0.2909 -0.6030
vn -0.5715 0.7087 -0.4137
vn -0.5238 0.0213 -0.8516
vn -0.5338 0.2052 -0.8203
vn -0.5565 0.7478 -0.3622
vn -0.7562 -0.3920 -0.5239
vn -0.6298 -0.3133 -0.7108
vn -0.7079 -0.2889 -0.6445
vn -0.5198 -0.1943 -0.8319
vn -0.6040 -0.2764 -0.7475
vn -0.5348 -0.4115 -0.7380
vn -0.3848 -0.2474 -0.8892
vn -0.4300 -0.1488 -0.8905
vn -0.2402 -0.3500 -0.9054
vn -0.6223 -0.5164 -0.5883
vn -0.5074 -0.1402 -0.8502
vn -0.4071 -0.1611 -0.8991
vn -0.3213 -0.2491 -0.9136
vn -0.5218 -0.2609 -0.8122
vn -0.6047 0.7311 -0.3160
vn -0.6138 0.1724 -0.7704
vn -0.1932 0.9630 -0.1877
vn -0.1349 0.7569 -0.6395
vn 0.0862 0.6923 -0.7164
vn -0.2032 0.7942 -0.5727
vn -0.7718 0.3357 -0.5400
vn -0.6079 -0.0251 -0.7936
vn -0.9159 -0.3492 -0.1979
vn -0.5853 -0.1019 -0.8044
vn -0.5871 -0.1120 -0.8017
vn -0.0840 0.5215 -0.8491
vn 0.0851 0.5276 -0.8452
vn -0.4485 -0.1522 -0.8807
vn 0.2504 0.4781 -0.8419
vn 0.1805 0.7975 -0.5757
vn -0.0164 0.9298 -0.3676
vn 0.1957 0.9393 -0.2817
vn 0.3974 0.8132 -0.4253
vn -0.5248 0.6347 -0.5672
vn -0.4287 0.5381 -0.7257
vn 0.2046 0.7310 -0.6510
vn 0.3628 0.8058 -0.4680
vn -0.4073 0.4836 -0.7748
vn -0.0351 0.9981 -0.0510
vn 0.1798 0.9833 -0.0293
vn 0.0037 0.9888 -0.1490
vn 0.1271 0.9711 -0.2020
vn -0.0000 0.9747 -0.2237
vn 0.0470 0.9578 -0.2837
vn -0.0208 0.9142 -0.4048
vn -0.0018 0.9005 -0.4349
vn -0.1063 0.6281 -0.7708
vn -0.0456 0.6575 -0.7521
vn -0.0679 0.5918 -0.8032
vn -0.0334 0.6119 -0.7903
vn -0.0342 0.7742 -0.6321
vn -0.0167 0.7557 -0.6547
vn -0.0855 0.5233 -0.8478
vn -0.0564 0.5330 -0.8442
vn -0.0329 0.5697 -0.8212
vn 0.0235 0.5905 -0.8067
vn -0.2981 -0.3401 -0.8919
vn -0.2953 -0.1905 -0.9362
vn -0.3564 -0.2244 -0.9070
vn -0.2702 -0.3504 -0.8968
vn -0.2713 0.0198 -0.9623
vn -0.2324 0.0066 -0.9726
vn -0.2929 0.0213 -0.9559
vn -0.4211 -0.2722 -0.8652
vn -0.2521 -0.3839 -0.8883
vn 0.1786 0.9320 -0.3152
vn 0.2525 0.9651 -0.0695
vn 0.2798 0.8817 -0.3800
vn 0.3369 0.9382 -0.0794
vn 0.0855 0.9163 -0.3912
vn 0.0135 0.9037 -0.4279
vn 0.1586 0.8829 -0.4419
vn 0.2039 0.8490 -0.4874
vn 0.0009 0.7909 -0.6119
vn -0.0006 0.6381 -0.7700
vn 0.1339 0.7045 -0.6970
vn 0.1354 0.8424 -0.5216
vn 0.0183 0.5559 -0.8311
vn 0.1003 0.5972 -0.7958
vn 0.2477 0.6015 -0.7595
vn 0.1714 0.6065 -0.7764
vn 0.1059 0.6735 -0.7315
vn 0.1618 0.6767 -0.7183
vn 0.1547 0.6392 -0.7534
vn 0.1258 0.6005 -0.7897
vn 0.2434 0.6442 -0.7251
vn 0.2803 0.6470 -0.7091
vn 0.0978 0.5060 -0.8570
vn 0.1231 0.5376 -0.8342
vn 0.0652 0.4345 -0.8983
vn 0.0487 0.4300 -0.9015
vn 0.1267 0.4326 -0.8926
vn 0.2009 0.5605 -0.8034
vn -0.3478 -0.5589 -0.7528
vn -0.4524 -0.5320 -0.7157
vn -0.3569 -0.3606 -0.8617
vn -0.2261 -0.4629 -0.8571
vn -0.3615 -0.3139 -0.8780
vn -0.5079 -0.5321 -0.6774
vn 0.1818 0.1616 -0.9700
vn 0.1099 0.2187 -0.9696
vn 0.1315 0.0843 -0.9877
vn 0.1931 0.0367 -0.9805
vn 0.0614 0.1182 -0.9911
vn 0.1328 0.2541 -0.9580
vn -0.0891 -0.4882 -0.8682
vn -0.1494 -0.4885 -0.8597
vn -0.2815 -0.4392 -0.8532
vn -0.0841 0.2888 -0.9537
vn -0.0747 0.2683 -0.9604
vn -0.0346 0.2343 -0.9716
vn -0.6848 0.0750 -0.7249
vn -0.5239 0.1486 -0.8387
vn 0.0463 0.1903 -0.9806
vn -0.1583 -0.0177 -0.9872
vn 0.2406 0.4180 -0.8760
vn -0.3754 -0.4056 -0.8334
vn 0.0246 0.0967 -0.9950
vn -0.7125 -0.2690 -0.6481
vn 0.1931 0.2679 -0.9439
vn -0.3085 -0.2814 -0.9086
vn -0.5579 0.2479 -0.7920
vn -0.5655 0.2349 -0.7906
vn -0.5376 -0.5488 -0.6401
vn -0.6132 -0.1755 -0.7702
vn -0.8334 -0.3296 -0.4436
vn -0.3185 -0.3237 -0.8910
vn -0.7243 -0.1611 -0.6704
vn -0.6937 -0.0863 -0.7150
vn -0.2367 -0.1747 -0.9557
vn 0.3382 0.5464 -0.7662
vn 0.3957 0.6009 -0.6945
vn -0.5057 0.4349 -0.7450
vn -0.4326 0.5013 -0.7494
vn 0.4304 0.6056 -0.6693
vn 0.3979 0.6127 -0.6829
vn -0.3881 0.5960 -0.7030
vn -0.4391 0.5879 -0.6793
vn 0.3445 0.6474 -0.6798
vn 0.3414 0.7327 -0.5887
vn -0.4595 0.5800 -0.6727
vn -0.5045 0.5990 -0.6219
vn 0.3649 0.8259 -0.4298
vn 0.3603 0.8343 -0.4172
vn -0.4630 0.7206 -0.5161
vn -0.4544 0.7834 -0.4241
vn 0.3470 0.7932 -0.5004
vn 0.3897 0.8375 -0.3831
vn -0.4232 0.7865 -0.4498
vn -0.5000 0.6903 -0.5229
vn 0.4414 0.8965 -0.0383
vn -0.4775 0.8149 -0.3285
vn -0.4426 0.8882 -0.1234
vn -0.6242 -0.0130 -0.7812
vn -0.6251 0.1072 -0.7731
vn -0.5434 -0.4576 -0.7037
vn -0.5524 -0.4805 -0.6812
vn 0.1766 0.7299 -0.6603
vn 0.1883 0.8485 -0.4946
vn 0.7585 0.5909 -0.2748
vn 0.7605 0.4091 -0.5043
vn 0.1220 0.9184 -0.3764
vn 0.0610 0.9469 -0.3158
vn 0.6140 0.7890 -0.0206
vn 0.6892 0.7135 -0.1261
vn -0.3813 0.8552 0.3509
vn -0.4283 0.8211 0.3773
vn -0.0404 0.3909 0.9195
vn 0.0233 0.4224 0.9061
vn -0.6345 0.6743 0.3779
vn -0.7939 0.5326 0.2933
vn -0.5073 0.1903 0.8405
vn -0.2318 0.3122 0.9213
vn -0.8569 0.4723 0.2063
vn -0.8443 0.5031 0.1847
vn -0.6972 0.0561 0.7147
vn -0.6762 0.0639 0.7339
vn -0.8414 0.5054 0.1915
vn -0.8088 0.5566 0.1898
vn -0.6485 0.1439 0.7475
vn -0.6780 0.1136 0.7262
vn -0.0442 0.3221 -0.9457
vn -0.4734 0.0161 -0.8807
vn -0.3135 -0.3638 -0.8771
vn 0.2850 -0.1011 -0.9532
vn -0.0381 -0.3250 -0.9449
vn -0.2829 -0.2013 -0.9378
vn -0.4988 -0.5829 -0.6414
vn -0.3987 -0.5333 -0.7461
vn 0.1551 -0.2524 -0.9551
vn -0.1093 -0.2512 -0.9617
vn -0.1690 -0.3033 -0.9378
vn 0.3007 -0.1062 -0.9478
vn 0.2760 -0.1511 -0.9492
vn -0.2719 -0.4078 -0.8716
vn 0.1112 -0.1713 -0.9789
vn -0.5434 0.1690 -0.8223
vn -0.2881 0.2533 -0.9235
vn -0.0402 -0.1644 -0.9856
vn -0.4063 -0.3506 -0.8438
vn -0.8931 0.1344 -0.4294
vn -0.7134 0.1070 -0.6925
vn -0.6733 -0.4306 -0.6011
vn -0.9298 -0.3677 -0.0157
vn -0.7678 -0.4753 -0.4296
vn -0.9427 -0.3279 0.0617
vn -0.8246 -0.4847 -0.2919
vn -0.9478 -0.3151 0.0492
vn -0.9582 -0.2814 0.0512
vn -0.9194 -0.3931 0.0155
vn -0.9963 -0.0749 0.0423
vn -0.9641 -0.2534 0.0789
vn -0.9701 -0.2111 0.1198
vn -0.8411 -0.5064 -0.1901
vn -0.9754 -0.0369 -0.2173
vn -0.9672 0.2454 -0.0652
vn -0.9241 -0.1864 0.3335
vn -0.9424 -0.3305 -0.0506
vn -0.9703 -0.1384 0.1986
vn -0.9783 -0.2028 -0.0414
vn -0.7148 -0.4331 -0.5491
vn -0.6188 -0.4018 -0.6750
vn -0.6370 -0.3530 -0.6853
vn -0.7407 -0.3775 -0.5557
vn -0.4264 -0.2465 -0.8703
vn -0.4023 -0.2952 -0.8666
vn -0.4611 -0.2195 -0.8598
vn -0.6386 -0.2923 -0.7119
vn -0.7448 -0.3160 -0.5877
vn -0.6180 -0.4295 -0.6585
vn -0.6613 -0.4826 -0.5743
vn -0.4163 -0.3368 -0.8446
vn -0.7424 -0.2892 -0.6043
vn -0.7335 -0.2996 -0.6100
vn -0.7549 -0.3066 -0.5797
vn -0.7280 -0.3597 -0.5837
vn -0.6348 -0.4110 -0.6543
vn -0.6322 -0.2484 -0.7339
vn -0.4938 -0.1924 -0.8480
vn -0.9804 0.1804 0.0795
vn -0.9752 -0.1516 -0.1610
vn -0.9775 0.0764 -0.1968
vn -0.9103 0.4103 0.0551
vn -0.4620 -0.3979 -0.7926
vn -0.9215 -0.2676 -0.2816
vn -0.8083 -0.4957 -0.3176
vn -0.7494 -0.5259 -0.4023
vn -0.7359 -0.5289 -0.4227
vn -0.6834 -0.5202 -0.5122
vn -0.7829 -0.4387 -0.4411
vn -0.6541 -0.5468 -0.5226
vn -0.6385 -0.5840 -0.5013
vn -0.9872 0.0599 0.1478
vn -0.9567 -0.2754 0.0943
vn -0.9410 0.0719 0.3307
vn -0.8961 -0.2262 0.3819
vn -0.8839 -0.4596 -0.0871
vn -0.8770 -0.4485 -0.1726
vn -0.9184 -0.3238 0.2273
vn -0.9332 -0.3464 0.0953
vn -0.9433 -0.2793 0.1794
vn -0.9281 -0.2575 0.2689
vn -0.8818 -0.1809 0.4356
vn -0.9286 -0.2084 0.3072
vn -0.9055 -0.3606 0.2237
vn -0.8999 -0.2990 0.3173
vn -0.9008 -0.4201 0.1096
vn -0.9364 -0.3498 0.0286
vn -0.8421 -0.4714 -0.2620
vn -0.8141 -0.5394 -0.2151
vn -0.9105 0.0972 0.4019
vn -0.7945 -0.1516 0.5881
vn -0.9455 0.1027 0.3089
vn -0.7599 -0.1442 0.6338
vn -0.8562 -0.2268 0.4642
vn -0.7825 -0.2018 0.5890
vn -0.8277 0.5498 0.1124
vn -0.8829 0.1027 0.4582
vn -0.8447 -0.1086 0.5241
vn -0.9621 0.1455 0.2305
vn -0.9701 0.0733 0.2313
vn -0.7943 -0.2302 0.5622
vn -0.7784 -0.2266 0.5854
vn -0.8451 -0.1298 0.5186
vn -0.7264 -0.0269 0.6867
vn -0.7770 0.0222 0.6291
vn -0.7273 0.1360 0.6727
vn -0.6466 0.2046 0.7349
vn -0.6435 0.1662 0.7472
vn -0.7068 0.0981 0.7006
vn -0.8339 -0.0866 0.5451
vn -0.8395 -0.0117 0.5432
vn -0.6531 0.2008 0.7302
vn -0.6329 0.2217 0.7418
vn -0.8943 -0.1196 0.4312
vn -0.8709 -0.2072 0.4456
vn -0.6211 0.4053 0.6708
vn -0.7729 0.1922 0.6048
vn -0.7424 0.3498 0.5714
vn -0.5124 0.5940 0.6202
vn -0.6546 0.1835 0.7334
vn -0.6347 0.2455 0.7328
vn -0.6593 0.1809 0.7298
vn -0.6885 0.1423 0.7111
vn -0.6609 0.1762 0.7295
vn -0.6291 0.1632 0.7600
vn -0.0066 0.6236 0.7817
vn -0.3856 0.5439 0.7453
vn -0.2319 0.7634 0.6029
vn 0.0134 0.8635 0.5042
vn -0.5827 0.2619 0.7693
vn -0.3834 0.3184 0.8670
vn -0.6878 0.1109 0.7174
vn -0.5579 0.1363 0.8186
vn -0.4542 0.1947 0.8694
vn -0.2650 0.1950 0.9443
vn -0.0630 0.8692 0.4905
vn -0.4327 0.6404 0.6346
vn -0.1252 0.1720 0.9771
vn 0.0383 0.4843 0.8740
vn -0.1140 0.2712 0.9557
vn -0.0878 0.1119 0.9898
vn -0.3259 0.2295 0.9171
vn -0.1016 0.3771 0.9206
vn -0.1706 0.2267 0.9589
vn -0.0932 0.3776 0.9213
vn -0.5032 0.3410 0.7941
vn -0.2209 0.0924 0.9709
vn -0.4063 0.2932 0.8654
vn -0.1790 0.1662 0.9697
vn -0.1315 0.1057 0.9857
vn -0.1407 0.2127 0.9669
vn 0.0122 0.4614 0.8871
vn -0.0111 0.4386 0.8986
vn -0.0976 0.4977 0.8618
vn -0.1181 0.5069 0.8539
vn -0.3216 0.3040 0.8967
vn -0.1515 0.2312 0.9610
vn -0.2987 0.3375 0.8927
vn -0.1704 0.3735 0.9118
vn -0.1483 0.3933 0.9074
vn -0.1470 0.5276 0.8367
vn 0.0019 0.5186 0.8550
vn 0.0111 0.4441 0.8959
vn -0.0532 0.4212 0.9054
vn -0.0676 0.4612 0.8847
vn -0.1554 0.4598 0.8743
vn -0.1523 0.4881 0.8594
vn -0.2775 0.4854 0.8291
vn -0.2565 0.4194 0.8708
vn -0.3372 0.3525 0.8730
vn -0.3540 0.4148 0.8382
vn -0.2066 0.4779 0.8538
vn -0.2182 0.5065 0.8341
vn 0.3400 0.8541 0.3936
vn 0.0269 0.6093 0.7925
vn -0.0818 0.6209 0.7796
vn 0.2203 0.8899 0.3995
vn 0.0880 0.6784 0.7294
vn 0.3948 0.8439 0.3633
vn 0.0657 0.9119 0.4051
vn -0.2319 0.6208 0.7489
vn -0.2505 0.6201 0.7435
vn 0.0941 0.9231 0.3729
vn -0.1636 0.6211 0.7665
vn 0.1255 0.8986 0.4204
vn 0.5763 0.8136 -0.0768
vn 0.6448 0.7386 -0.1966
vn 0.4841 0.8653 -0.1303
vn 0.5346 0.7968 -0.2817
vn 0.3668 0.9029 -0.2242
vn 0.3641 0.9267 -0.0936
vn 0.2991 0.9542 -0.0103
vn 0.2302 0.9707 -0.0686
vn 0.4231 0.8980 -0.1211
vn 0.4668 0.8362 -0.2878
vn 0.6522 0.5435 -0.5284
vn 0.7496 0.4597 -0.4763
vn 0.6985 0.6495 -0.3003
vn 0.5624 0.7413 -0.3663
vn 0.4415 0.8200 -0.3644
vn 0.2998 0.9203 -0.2513
vn 0.4410 0.6753 -0.5912
vn 0.5197 0.6148 -0.5932
vn 0.6035 0.6325 -0.4856
vn 0.5055 0.2210 -0.8340
vn 0.4874 0.3808 -0.7858
vn 0.3102 0.9229 -0.2282
vn 0.1771 0.9765 -0.1230
vn 0.4030 0.6110 -0.6814
vn 0.2581 0.7749 0.5770
vn 0.3107 0.8552 0.4149
vn 0.3243 0.7120 0.6227
vn 0.2194 0.7268 0.6509
vn 0.2005 0.8933 0.4023
vn 0.0336 0.8446 0.5343
vn 0.0349 0.9839 0.1750
vn 0.1085 0.7705 -0.6281
vn 0.3285 0.2150 -0.9197
vn 0.4833 0.7856 -0.3864
vn 0.3413 0.1367 -0.9300
vn -0.0132 -0.0857 -0.9962
vn -0.0213 -0.1514 -0.9882
vn 0.3642 0.0950 -0.9264
vn 0.3551 0.0839 -0.9311
vn -0.0593 0.4864 -0.8717
vn 0.0097 0.5418 -0.8405
vn 0.5260 0.1897 -0.8291
vn 0.1288 0.6464 -0.7521
vn 0.4049 0.7391 -0.5383
vn 0.8407 0.4433 -0.3108
vn 0.6502 0.2773 -0.7074
vn 0.1404 0.6972 -0.7030
vn 0.7427 0.3337 -0.5805
vn 0.2296 0.6584 -0.7168
vn 0.7586 0.3047 -0.5759
vn 0.3512 0.8144 -0.4619
vn 0.2360 0.6696 -0.7043
vn 0.8355 0.3082 -0.4548
vn 0.8822 0.4475 -0.1467
vn 0.6391 0.5974 -0.4845
vn 0.6856 0.3950 -0.6115
vn 0.7406 0.3414 -0.5787
vn 0.7025 0.3904 -0.5951
vn -0.1121 0.9646 0.2387
vn 0.4698 0.7855 -0.4028
vn -0.2137 0.9104 0.3544
vn -0.2786 0.8771 0.3912
vn -0.0371 0.9993 -0.0017
vn 0.4948 0.6823 -0.5382
vn -0.2302 0.8639 0.4480
vn 0.1022 0.9933 0.0537
vn 0.0557 0.9978 -0.0359
vn -0.5326 0.8190 0.2133
vn 0.5500 0.6294 -0.5489
vn 0.5180 0.0822 -0.8514
vn 0.5734 0.3332 -0.7485
vn 0.6203 0.4106 -0.6683
vn -0.1622 0.1800 -0.9702
vn -0.0822 0.1013 -0.9915
vn -0.1952 0.0070 -0.9807
vn 0.1431 0.2254 -0.9637
vn -0.2691 -0.1836 -0.9455
vn 0.0260 0.1319 -0.9909
vn -0.7134 -0.1563 -0.6831
vn -0.5150 0.1865 -0.8366
vn -0.5765 0.0118 -0.8170
vn -0.8271 -0.1529 -0.5409
vn 0.1925 0.3108 -0.9308
vn 0.0098 0.3242 -0.9460
vn -0.1932 0.0052 -0.9811
vn 0.1544 0.2405 -0.9583
vn -0.1056 0.0159 -0.9943
vn 0.2248 0.2481 -0.9423
vn -0.0409 -0.0094 -0.9991
vn 0.2940 0.2011 -0.9344
vn 0.5251 0.2173 -0.8228
vn 0.4630 0.2520 -0.8498
vn 0.6245 0.3182 -0.7132
vn 0.6170 0.3545 -0.7026
vn 0.2878 0.3416 -0.8947
vn 0.0994 0.2777 -0.9555
vn 0.3180 0.3400 -0.8850
vn 0.2906 0.4206 -0.8595
vn 0.4108 0.2964 -0.8622
vn 0.4298 0.3948 -0.8120
vn -0.0614 0.2798 -0.9581
vn -0.1147 0.3927 -0.9125
vn -0.1717 0.2954 -0.9398
vn -0.2033 0.2353 -0.9504
vn 0.3188 0.0447 -0.9468
vn 0.2889 0.3041 -0.9078
vn 0.3150 0.1633 -0.9349
vn 0.2980 0.5655 -0.7690
vn 0.0656 -0.0235 -0.9976
vn -0.0202 0.1515 -0.9882
vn -0.1215 0.2409 -0.9629
vn 0.0747 0.2501 -0.9653
vn 0.2401 0.1057 -0.9650
vn 0.1300 -0.1804 -0.9750
vn 0.2994 0.0302 -0.9537
vn 0.1919 -0.0922 -0.9771
vn 0.1880 0.1082 -0.9762
vn 0.2477 0.5307 -0.8106
vn 0.2751 0.7871 -0.5520
vn 0.2407 0.7778 -0.5806
vn 0.2479 0.6987 -0.6710
vn 0.2753 0.7218 -0.6350
vn 0.2708 0.7194 -0.6396
vn 0.2065 0.7346 -0.6463
vn 0.2100 0.2341 -0.9493
vn 0.2234 0.4298 -0.8748
vn 0.1887 0.2834 -0.9403
vn -0.7531 0.2898 0.5907
vn -0.7970 0.2914 0.5290
vn -0.8031 0.2433 0.5439
vn -0.8190 0.2597 0.5116
vn -0.7786 0.5137 0.3605
vn -0.6883 0.6909 0.2213
vn -0.7719 0.5344 0.3444
vn -0.6660 0.7272 0.1663
vn -0.3462 0.9230 -0.1678
vn -0.3366 0.9408 0.0398
vn -0.5745 0.8005 0.1707
vn -0.5652 0.8228 0.0597
vn -0.5232 0.8483 0.0814
vn -0.2938 0.9394 -0.1768
vn -0.6387 0.7429 0.2003
vn -0.6568 0.7355 0.1664
vn -0.5207 0.8522 0.0501
vn -0.2689 0.9429 -0.1963
vn -0.7286 0.6827 0.0563
vn -0.5841 0.8107 -0.0408
vn -0.3413 0.9083 -0.2418
vn -0.1085 0.9938 0.0257
vn -0.0472 0.9653 -0.2570
vn 0.1887 0.9682 -0.1640
vn 0.0957 0.9952 -0.0222
vn -0.0150 0.9250 -0.3796
vn 0.0348 0.9094 -0.4144
vn 0.3154 0.8854 -0.3413
vn 0.2410 0.9266 -0.2886
vn 0.0252 0.8890 -0.4572
vn 0.3842 0.8433 -0.3758
vn 0.5223 0.8388 -0.1534
vn 0.5372 0.8307 -0.1462
vn 0.4448 0.8856 -0.1336
vn 0.4584 0.8709 -0.1773
vn 0.0584 0.9617 -0.2678
vn 0.4487 0.8496 -0.2772
vn 0.4626 0.8347 -0.2987
vn 0.4057 0.8404 -0.3594
vn 0.5218 0.7703 -0.3664
vn 0.4330 0.8792 -0.1989
vn 0.5426 0.7696 -0.3367
vn 0.4172 0.8905 -0.1816
vn 0.4686 0.8368 -0.2830
vn 0.3791 0.8990 -0.2192
vn 0.4793 0.8551 -0.1979
vn 0.2763 0.7621 -0.5855
vn 0.3301 0.7231 -0.6068
vn 0.3635 0.7697 -0.5248
vn 0.3558 0.7911 -0.4976
vn 0.3996 0.7212 -0.5658
vn 0.4257 0.7849 -0.4502
vn 0.3895 0.3397 -0.8561
vn 0.2837 0.4020 -0.8706
vn 0.3155 0.1268 -0.9404
vn 0.4684 0.2477 -0.8481
vn 0.3341 0.5478 -0.7670
vn 0.1923 0.6449 -0.7397
vn 0.2179 0.5350 -0.8163
vn 0.3477 0.5236 -0.7778
vn 0.2194 0.5182 -0.8267
vn 0.3567 0.3573 -0.8632
vn -0.2029 -0.2909 -0.9350
vn -0.1859 -0.3036 -0.9345
vn -0.4203 -0.7350 -0.5322
vn -0.4514 -0.6278 -0.6341
vn -0.4164 -0.6900 -0.5921
vn -0.2262 -0.3536 -0.9076
vn -0.0998 -0.2093 -0.9727
vn 0.1316 -0.0980 -0.9865
vn 0.1979 0.5995 -0.7755
vn 0.4349 0.4081 -0.8027
vn -0.0780 0.5475 -0.8332
vn -0.1024 0.7695 -0.6304
vn 0.2672 0.9234 -0.2757
vn 0.6232 0.5060 -0.5964
vn -0.0325 0.3815 -0.9238
vn 0.0118 0.6482 -0.7613
vn 0.2127 0.3669 -0.9056
vn 0.2889 0.3067 -0.9069
vn 0.1217 0.4400 -0.8897
vn 0.1077 0.4654 -0.8785
vn 0.1630 0.3382 -0.9269
vn 0.3117 0.3519 -0.8826
vn 0.4063 0.3358 -0.8498
vn 0.4792 0.3669 -0.7973
vn 0.4080 0.4015 -0.8199
vn 0.3807 0.3946 -0.8363
vn 0.4335 0.2964 -0.8510
vn 0.1352 -0.1293 -0.9823
vn 0.0042 -0.0851 -0.9964
vn 0.2733 0.3678 -0.8888
vn 0.2568 0.2889 -0.9223
vn 0.2831 0.3773 -0.8818
vn 0.0357 0.1043 -0.9939
vn 0.0300 0.2076 -0.9778
vn 0.0320 0.3763 -0.9259
vn 0.0992 0.1186 -0.9880
vn 0.4292 0.2508 -0.8677
vn 0.1828 0.1949 -0.9636
vn 0.2327 -0.1451 -0.9617
vn 0.0290 0.3455 -0.9380
vn -0.0025 0.4987 -0.8668
vn 0.0143 0.4812 -0.8765
vn -0.0146 0.5356 -0.8443
vn 0.1200 0.1587 -0.9800
vn 0.1045 0.4202 -0.9014
vn 0.7510 0.5808 -0.3142
vn 0.7137 0.6653 -0.2190
vn 0.5241 0.7954 -0.3045
vn 0.6343 0.6921 -0.3444
vn 0.1313 0.8942 -0.4279
vn 0.3738 0.8500 -0.3711
vn 0.1439 0.8366 -0.5286
vn 0.5648 0.6979 -0.4403
vn 0.0811 0.4463 -0.8912
vn 0.0715 0.4234 -0.9031
vn 0.1919 0.8093 -0.5551
vn 0.2931 0.8053 -0.5154
vn 0.5109 0.6252 -0.5900
vn 0.6743 0.4626 -0.5756
vn 0.7987 0.2961 -0.5238
vn 0.9076 0.2291 -0.3518
vn 0.4814 0.5864 -0.6514
vn 0.5305 0.5918 -0.6069
vn 0.9456 0.2892 -0.1489
vn 0.0672 0.6552 -0.7525
vn 0.1557 0.4513 -0.8787
vn 0.1101 0.6077 -0.7865
vn 0.2249 0.5515 -0.8033
vn 0.1603 0.7620 -0.6274
vn 0.1498 0.6876 -0.7104
vn 0.4868 0.4570 -0.7444
vn 0.1077 0.5164 -0.8496
vn 0.1071 0.6764 -0.7287
vn 0.2856 0.1725 -0.9427
vn 0.2494 0.5247 -0.8140
vn 0.2365 0.1950 -0.9519
vn 0.1822 0.7814 -0.5968
vn 0.1438 0.7635 -0.6296
vn 0.1355 0.3061 -0.9423
vn -0.0334 0.7990 -0.6004
vn 0.4075 0.9106 0.0687
vn 0.3530 0.9010 -0.2520
vn 0.3792 0.8200 0.4288
vn 0.4095 0.7157 0.5658
vn 0.2829 0.8816 -0.3778
vn 0.3483 0.8213 -0.4518
vn 0.5315 0.7651 -0.3635
vn 0.5048 0.7798 -0.3703
vn 0.3205 0.9102 0.2625
vn 0.2525 0.8393 0.4815
vn 0.4973 0.7640 -0.4111
vn 0.6254 0.6847 -0.3742
vn 0.6825 0.7307 0.0166
vn 0.6310 0.6258 -0.4585
vn 0.4305 0.6756 0.5986
vn 0.6563 0.5911 -0.4690
vn 0.6033 0.6622 -0.4445
vn 0.4819 0.8286 -0.2850
vn 0.5448 0.7093 -0.4473
vn 0.4023 0.8801 -0.2523
vn 0.4097 0.9066 -0.1009
vn 0.3765 0.9001 -0.2194
vn 0.4085 0.7916 -0.4545
vn 0.5796 0.6328 -0.5134
vn 0.4676 0.6464 -0.6029
vn 0.3119 0.8624 -0.3988
vn 0.4036 0.9064 -0.1245
vn 0.4117 0.9112 0.0140
vn 0.3468 0.9374 -0.0331
vn 0.2210 0.9664 -0.1312
vn 0.2933 0.9030 -0.3140
vn 0.5025 0.7639 -0.4049
vn -0.9380 -0.3377 0.0783
vn -0.7245 -0.2515 0.6417
vn -0.9127 -0.3511 -0.2090
vn -0.7915 -0.3202 -0.5206
vn -0.7223 -0.5882 -0.3637
vn -0.8554 -0.4839 0.1849
vn -0.1004 -0.4637 -0.8803
vn 0.2089 0.0346 -0.9773
vn 0.1886 0.0655 -0.9799
vn -0.1429 -0.4439 -0.8846
vn -0.1328 -0.6433 -0.7540
vn -0.2365 -0.4362 -0.8682
vn -0.1967 -0.4986 -0.8442
vn -0.0220 -0.5234 -0.8518
vn -0.0961 -0.7007 -0.7070
vn -0.2516 -0.4356 -0.8643
vn -0.3074 -0.6870 -0.6584
vn -0.5505 -0.6388 -0.5375
vn -0.5516 -0.3396 -0.7619
vn 0.0865 0.1573 -0.9838
vn -0.2890 -0.3634 -0.8857
vn -0.2847 -0.3858 -0.8776
vn 0.1671 0.1399 -0.9760
vn 0.2390 0.1347 -0.9616
vn 0.1858 0.0883 -0.9786
vn -0.2029 -0.4278 -0.8808
vn 0.1779 0.0991 -0.9790
vn 0.1145 -0.0774 -0.9904
vn -0.1058 -0.2396 -0.9651
vn -0.5460 -0.2842 -0.7881
vn -0.3734 -0.0230 -0.9274
vn -0.5396 -0.4269 -0.7257
vn -0.4728 -0.3387 -0.8134
vn -0.3236 0.0091 -0.9461
vn -0.5929 -0.1924 -0.7820
vn -0.7706 -0.3383 0.5402
vn -0.7518 -0.5186 -0.4072
vn -0.5057 -0.0982 -0.8571
vn -0.2593 0.1848 -0.9479
vn -0.1571 0.3398 -0.9273
vn -0.8702 -0.2336 -0.4339
vn -0.1133 0.2048 -0.9722
vn -0.0149 0.3122 -0.9499
vn -0.5983 -0.0454 0.8000
vn 0.0414 0.3885 -0.9205
vn -0.0680 0.2724 -0.9598
vn -0.0791 0.2904 -0.9536
vn 0.0479 0.4184 -0.9070
vn -0.0721 0.2382 -0.9685
vn 0.0228 0.3417 -0.9395
vn 0.2198 0.5813 -0.7834
vn 0.1033 0.6120 -0.7841
vn 0.1425 0.5925 -0.7929
vn 0.0677 0.5130 -0.8557
vn 0.0711 0.4749 -0.8772
vn 0.0446 0.4431 -0.8953
vn 0.0911 0.5612 -0.8226
vn 0.0707 0.6396 -0.7654
vn 0.6471 0.7305 -0.2183
vn 0.6190 0.7630 -0.1861
vn 0.5744 0.7572 -0.3111
vn 0.5734 0.7553 -0.3174
vn 0.5445 0.7600 -0.3549
vn 0.5250 0.7762 -0.3491
vn 0.6232 0.7167 -0.3130
vn 0.6287 0.7281 -0.2732
vn 0.5631 0.7685 -0.3039
vn 0.3703 0.8972 -0.2409
vn 0.5013 0.7904 -0.3522
vn 0.4312 0.8557 -0.2860
vn 0.4825 0.8140 -0.3234
vn 0.5343 0.7655 -0.3585
vn 0.5217 0.8043 -0.2846
vn 0.1498 0.5801 -0.8007
vn 0.2023 0.6770 -0.7076
vn 0.2683 0.7642 -0.5865
vn 0.3586 0.8114 -0.4616
vn 0.5717 0.7552 -0.3207
vn 0.5945 0.7352 -0.3257
vn 0.5459 0.7514 -0.3706
vn 0.5130 0.7929 -0.3289
vn 0.2967 0.6982 -0.6516
vn 0.3129 0.7805 -0.5412
vn 0.3625 0.8500 -0.3821
vn 0.2074 0.8819 -0.4233
vn 0.0293 0.7110 -0.7026
vn -0.0776 0.8023 -0.5918
vn -0.0159 0.8573 -0.5146
vn -0.7532 0.5326 0.3861
vn -0.7798 0.5003 0.3763
vn -0.8044 0.2966 0.5147
vn -0.7833 0.4554 0.4231
vn 0.0301 0.4106 -0.9113
vn -0.0190 0.3993 -0.9166
vn 0.0835 0.4443 -0.8920
vn -0.1024 0.5088 -0.8548
vn 0.0410 0.4867 -0.8726
vn -0.5486 0.6163 -0.5649
vn -0.6563 0.7438 -0.1265
vn -0.8463 0.4833 0.2240
vn -0.8561 0.4523 0.2500
vn -0.6684 0.6784 -0.3049
vn -0.3146 0.5009 -0.8063
vn -0.8491 0.2079 0.4856
vn -0.6809 0.4386 0.5864
vn -0.7403 0.4673 0.4833
vn -0.5273 0.5729 0.6275
vn -0.4515 0.6294 0.6325
vn -0.5726 0.5580 0.6006
vn -0.3307 0.6962 0.6371
vn 0.3680 0.7840 0.5000
vn -0.9374 -0.0281 0.3471
vn -0.8073 -0.3796 0.4519
vn -0.2198 -0.9090 -0.3542
vn -0.7342 -0.6558 -0.1756
vn -0.7136 -0.6974 -0.0660
vn -0.2082 -0.9146 -0.3466
vn 0.9651 0.2588 0.0400
vn 0.9409 0.3329 -0.0626
vn 0.8963 0.4433 0.0155
vn 0.9707 0.1408 -0.1949
vn 0.9366 0.3469 -0.0497
vn 0.8743 0.4821 0.0569
vn 0.8664 0.4890 0.1012
vn 0.9471 -0.0503 -0.3171
vn 0.6161 -0.2940 -0.7307
vn 0.3498 -0.7936 -0.4978
vn 0.3483 -0.8388 -0.4185
vn -0.5647 0.8047 0.1832
vn -0.5717 0.7952 0.2020
vn -0.2276 0.8767 0.4238
vn 0.3351 0.7433 0.5790
vn -0.7858 0.5277 0.3226
vn -0.9159 0.2663 -0.3003
vn -0.7479 -0.5897 -0.3048
vn -0.8992 -0.3712 -0.2317
vn -0.2402 -0.8843 -0.4004
vn -0.9598 -0.2181 -0.1766
vn 0.9267 0.1187 0.3566
vn 0.9038 0.1844 0.3862
vn 0.7636 0.4024 0.5050
vn 0.9701 0.1756 0.1678
vn 0.9325 -0.3253 0.1570
vn 0.3430 -0.8618 -0.3738
vn 0.6108 -0.7289 -0.3092
vn 0.7739 -0.5860 -0.2401
vn -0.3270 0.9389 -0.1076
vn -0.2509 0.9610 -0.1164
vn -0.0964 0.9896 0.1065
vn -0.1682 0.9792 0.1137
vn 0.0999 0.9329 0.3461
vn 0.0465 0.9308 0.3626
vn 0.3156 0.7671 0.5585
vn 0.2910 0.7587 0.5828
vn -0.6817 0.6825 -0.2636
vn -0.6038 0.4124 -0.6822
vn -0.4935 0.4978 -0.7132
vn -0.5236 -0.4271 -0.7372
vn -0.2916 -0.8427 -0.4525
vn -0.7736 -0.0107 -0.6335
vn 0.6772 0.0427 0.7345
vn 0.6961 0.0552 0.7158
vn 0.6302 0.2468 0.7362
vn 0.6207 0.2609 0.7394
vn 0.4989 0.4992 0.7085
vn 0.5016 0.5188 0.6923
vn 0.8591 -0.0640 0.5078
vn 0.5699 -0.5943 0.5675
vn 0.6465 -0.5202 0.5581
vn 0.0845 -0.9956 -0.0404
vn 0.5999 -0.7954 0.0862
vn -0.3848 0.5983 -0.7029
vn -0.4232 0.4103 -0.8078
vn -0.4666 0.1921 -0.8634
vn 0.1259 0.9301 0.3450
vn 0.3097 0.7727 0.5542
vn -0.0453 0.9927 0.1114
vn -0.1292 0.9265 -0.3534
vn -0.1848 0.9769 -0.1076
vn -0.4254 -0.3751 -0.8236
vn -0.3459 -0.7356 -0.5825
vn 0.5138 -0.6763 0.5278
vn 0.4059 -0.8001 0.4417
vn 0.2714 -0.9070 0.3220
vn 0.5899 0.2785 0.7579
vn 0.4738 0.5387 0.6967
vn 0.4152 -0.3258 0.8494
vn 0.6524 0.0370 0.7570
vn -0.1697 -0.9582 -0.2304
vn 0.2752 0.9487 -0.1557
vn 0.2647 0.9590 -0.1015
vn 0.2161 0.9637 -0.1566
vn 0.3321 0.7664 0.5499
vn 0.3103 0.7250 0.6148
vn 0.3275 0.8915 0.3129
vn 0.3285 0.9272 0.1802
vn 0.1734 0.1720 0.9697
vn 0.0519 0.0157 0.9985
vn 0.6349 0.3644 0.6812
vn 0.4746 0.2637 0.8398
vn -0.1403 0.0123 0.9900
vn -0.2220 0.1876 0.9568
vn 0.7526 0.5902 0.2921
vn 0.3442 0.6763 0.6512
vn 0.0907 0.8575 0.5064
vn 0.1706 0.2831 0.9438
vn 0.3080 0.7539 0.5804
vn 0.3595 0.5607 0.7459
vn 0.6291 0.1169 0.7685
vn 0.8043 0.4147 0.4255
vn -0.7123 0.1408 0.6876
vn -0.0252 0.3597 0.9327
vn -0.5663 -0.0333 0.8235
vn 0.0143 0.2076 0.9781
vn -0.5272 0.1094 0.8427
vn 0.1458 0.2893 0.9461
vn -0.4031 -0.8066 0.4324
vn -0.4277 -0.6996 0.5724
vn 0.1684 0.0611 0.9838
vn 0.1010 0.0886 0.9909
vn 0.0694 0.1216 0.9902
vn -0.4643 -0.6786 0.5692
vn 0.6448 0.6508 0.4009
vn 0.6641 0.6458 0.3768
vn 0.4720 0.6693 0.5738
vn 0.3854 0.6775 0.6265
vn 0.6742 0.5581 0.4836
vn 0.6284 0.5587 0.5413
vn 0.4233 0.2757 -0.8630
vn 0.2379 0.2432 -0.9403
vn 0.5836 0.3171 -0.7476
vn 0.4436 -0.2044 -0.8726
vn -0.2517 -0.5461 -0.7990
vn -0.2942 -0.5780 -0.7612
vn -0.2119 -0.5949 -0.7754
vn -0.3053 -0.6312 -0.7130
vn -0.2046 -0.6249 -0.7534
vn -0.4346 -0.6517 -0.6216
vn -0.3605 -0.6325 -0.6856
vn -0.3100 -0.5740 -0.7579
vn -0.2096 -0.3984 -0.8929
vn -0.1617 -0.4191 -0.8934
vn 0.1785 0.7796 -0.6003
vn 0.6087 0.6858 -0.3989
vn -0.1047 0.3373 -0.9356
vn 0.6192 -0.0179 -0.7850
vn 0.8889 0.1569 -0.4304
vn 0.8385 -0.2258 -0.4959
vn 0.7828 -0.2999 -0.5453
vn 0.8959 -0.2306 -0.3797
vn 0.9568 0.1481 -0.2502
vn 0.7432 0.6606 0.1062
vn 0.9944 0.0128 -0.1050
vn 0.8245 0.5002 0.2646
vn 0.3529 0.8459 0.3999
vn 0.1594 0.8530 0.4970
vn 0.4278 0.7391 0.5202
vn 0.2856 0.7330 0.6174
vn 0.5613 0.8250 0.0662
vn 0.3302 0.8871 0.3224
vn 0.3897 0.6604 0.6419
vn 0.5543 0.5491 0.6255
vn 0.6111 0.4849 0.6256
vn 0.6887 0.7249 0.0139
vn 0.2091 0.8721 -0.4423
vn 0.3799 0.6171 -0.6891
vn -0.6404 0.7476 -0.1761
vn -0.6450 0.4081 -0.6460
vn 0.8272 0.5097 -0.2367
vn 0.6977 0.6096 -0.3762
vn 0.7107 0.6083 -0.3534
vn -0.2775 0.5619 -0.7793
vn -0.6048 0.0778 -0.7926
vn 0.3871 0.5347 -0.7512
vn -0.4415 -0.6234 -0.6454
vn -0.4820 -0.6279 -0.6111
vn -0.3901 -0.5452 -0.7420
vn -0.2513 -0.3432 -0.9050
vn -0.2491 -0.3102 -0.9174
vn -0.5063 -0.6136 -0.6059
vn 0.2841 -0.1524 -0.9466
vn 0.3175 -0.7450 -0.5867
vn -0.0534 -0.3961 -0.9167
vn 0.0303 -0.5301 -0.8474
vn 0.3653 0.2100 -0.9069
vn 0.5707 -0.5481 -0.6114
vn 0.0064 -0.0726 -0.9973
vn 0.2839 0.3497 -0.8928
vn 0.1624 0.2582 -0.9523
vn -0.0426 -0.1313 -0.9904
vn 0.4386 0.3858 -0.8117
vn 0.2115 -0.1362 -0.9678
vn 0.0439 -0.3461 -0.9372
vn -0.1122 -0.0243 -0.9934
vn -0.1212 -0.1864 -0.9750
vn -0.1065 -0.4545 -0.8844
vn -0.2485 -0.4399 -0.8630
vn -0.1408 -0.4410 -0.8864
vn -0.6369 0.1444 -0.7573
vn -0.8999 -0.0595 -0.4320
vn -0.9230 0.0122 -0.3847
vn -0.3594 0.3602 -0.8609
vn 0.1022 0.5371 -0.8373
vn -0.6559 0.4715 -0.5895
vn 0.7088 0.4925 0.5051
vn -0.9401 0.0372 -0.3387
vn -0.7894 0.4624 -0.4039
vn -0.5317 0.7862 -0.3151
vn -0.2516 0.9658 -0.0626
vn -0.0565 0.9871 0.1499
vn -0.0491 0.9957 0.0790
vn 0.0279 0.9949 0.0968
vn 0.2247 0.9289 0.2943
vn 0.3999 0.9044 0.1486
vn 0.4416 0.8969 -0.0216
vn 0.5400 0.8338 0.1149
vn 0.3868 0.9127 -0.1319
vn 0.4240 0.8976 0.1206
vn -0.8470 0.1664 -0.5048
vn -0.4648 0.6241 -0.6280
vn -0.0872 0.8532 -0.5143
vn 0.1624 0.9258 -0.3414
vn 0.3080 0.9019 -0.3027
vn 0.3530 0.8187 -0.4528
vn 0.4368 0.7932 -0.4242
vn 0.4637 0.7430 -0.4826
vn 0.2350 0.4111 -0.8808
vn 0.2781 0.3944 -0.8758
vn 0.3487 0.4118 -0.8419
vn 0.3489 0.3127 -0.8835
vn 0.7227 0.6883 -0.0624
vn -0.6617 0.1755 -0.7289
vn -0.1221 0.5953 -0.7942
vn 0.2875 0.7515 -0.5938
vn 0.4190 0.7821 -0.4612
vn 0.4620 0.7527 -0.4691
vn 0.4689 0.6826 -0.5606
vn 0.5141 0.6689 -0.5369
vn 0.3715 0.5056 -0.7787
vn 0.2114 0.3319 -0.9193
vn 0.3178 0.4336 -0.8432
vn 0.4302 0.5184 -0.7390
vn 0.5161 0.5965 -0.6147
vn 0.6320 0.7349 0.2460
vn -0.5116 0.1106 -0.8521
vn 0.1119 0.5238 -0.8444
vn 0.4070 0.6829 -0.6067
vn 0.4708 0.7402 -0.4800
vn 0.4881 0.7299 -0.4785
vn 0.4834 0.6796 -0.5518
vn 0.5186 0.6939 -0.4994
vn 0.4247 0.5938 -0.6834
vn 0.2678 0.4514 -0.8512
vn 0.4221 0.5968 -0.6824
vn 0.4777 0.6320 -0.6103
vn 0.4937 0.6369 -0.5922
vn 0.6334 0.7120 0.3029
vn -0.3487 0.0513 -0.9358
vn 0.2322 0.4643 -0.8547
vn 0.4747 0.6140 -0.6306
vn 0.5131 0.6751 -0.5300
vn 0.5116 0.6865 -0.5167
vn 0.5044 0.6707 -0.5438
vn 0.5293 0.6678 -0.5233
vn 0.3770 0.5349 -0.7562
vn 0.2878 0.4757 -0.8312
vn 0.4287 0.5834 -0.6898
vn 0.4959 0.6257 -0.6021
vn 0.5343 0.6697 -0.5158
vn 0.6415 0.6542 0.4006
vn -0.2323 -0.0901 -0.9685
vn 0.2662 0.3734 -0.8887
vn 0.4695 0.5806 -0.6651
vn 0.4801 0.6780 -0.5566
vn 0.4753 0.7479 -0.4633
vn 0.4684 0.7774 -0.4199
vn 0.4927 0.7884 -0.3685
vn 0.4418 0.7569 -0.4816
vn 0.4523 0.7609 -0.4653
vn 0.5342 0.7844 -0.3153
vn 0.5201 0.7891 -0.3268
vn 0.5088 0.8236 -0.2506
vn 0.5787 0.6564 0.4840
vn -0.2353 -0.1852 -0.9541
vn 0.1848 0.3574 -0.9155
vn 0.3609 0.6351 -0.6829
vn 0.3787 0.7507 -0.5414
vn 0.3963 0.8477 -0.3527
vn 0.3933 0.8934 -0.2170
vn 0.4214 0.8980 -0.1265
vn 0.4699 0.8791 -0.0793
vn 0.5218 0.8525 -0.0295
vn 0.5352 0.8446 0.0110
vn 0.4741 0.8793 -0.0459
vn 0.4142 0.9102 -0.0036
vn 0.4723 0.7437 0.4730
vn -0.2595 -0.2701 -0.9272
vn 0.1119 0.3022 -0.9466
vn 0.3170 0.6006 -0.7340
vn 0.3408 0.7335 -0.5880
vn 0.3754 0.8496 -0.3706
vn 0.3660 0.8868 -0.2822
vn 0.4086 0.9046 -0.1213
vn 0.5007 0.8631 0.0653
vn 0.5331 0.8421 0.0809
vn 0.5052 0.8619 0.0441
vn 0.4286 0.9031 0.0273
vn 0.3229 0.9464 0.0084
vn 0.3502 0.8621 0.3661
vn -0.1023 -0.4819 -0.8703
vn 0.2360 0.0713 -0.9691
vn 0.4175 0.3798 -0.8255
vn 0.4200 0.5070 -0.7527
vn 0.4102 0.6145 -0.6739
vn 0.3728 0.6317 -0.6797
vn 0.4584 0.7412 -0.4904
vn 0.5481 0.7864 -0.2849
vn 0.4637 0.7805 -0.4193
vn 0.4561 0.8115 -0.3652
vn 0.3923 0.8605 -0.3251
vn 0.2792 0.8940 -0.3505
vn 0.3869 0.9172 0.0952
vn 0.2855 -0.7821 -0.5539
vn 0.4585 -0.3044 -0.8350
vn 0.5163 -0.0303 -0.8559
vn 0.4683 0.1807 -0.8649
vn 0.3617 0.1854 -0.9137
vn 0.2524 0.0625 -0.9656
vn 0.3628 0.2440 -0.8994
vn 0.2827 0.2889 -0.9147
vn -0.0367 0.1084 -0.9934
vn 0.2331 0.4055 -0.8839
vn 0.2190 0.4895 -0.8441
vn 0.2361 0.5820 -0.7782
vn 0.5533 0.7605 -0.3399
vn 0.4483 -0.8860 -0.1183
vn 0.4283 -0.7469 -0.5086
vn 0.2859 -0.6491 -0.7050
vn 0.2844 -0.3596 -0.8887
vn 0.1257 -0.3430 -0.9309
vn 0.1277 -0.2575 -0.9578
vn 0.1242 -0.1726 -0.9771
vn -0.2301 -0.3597 -0.9042
vn -0.2398 -0.2281 -0.9437
vn 0.0195 0.0237 -0.9995
vn 0.0389 0.0969 -0.9945
vn 0.1852 0.2429 -0.9522
vn 0.5904 0.4121 -0.6939
vn 0.1808 -0.6464 -0.7413
vn 0.1876 -0.4278 -0.8842
vn 0.1217 -0.3041 -0.9448
vn 0.3016 0.1180 -0.9461
vn 0.3740 0.3045 -0.8760
vn 0.2387 0.1703 -0.9561
vn 0.1622 0.1571 -0.9742
vn -0.0820 0.0614 -0.9947
vn -0.1172 0.0444 -0.9921
vn 0.0498 0.1379 -0.9892
vn 0.0639 0.1760 -0.9823
vn 0.1255 0.2092 -0.9698
vn 0.4615 0.2747 -0.8435
vn 0.0986 0.1335 -0.9861
vn 0.0160 -0.0092 -0.9998
vn 0.0380 0.0866 -0.9955
vn 0.2392 0.3495 -0.9059
vn 0.2703 0.3949 -0.8780
vn 0.2509 0.4102 -0.8768
vn 0.2344 0.4155 -0.8789
vn 0.0704 0.3015 -0.9509
vn 0.0303 0.2197 -0.9751
vn 0.0852 0.1859 -0.9789
vn 0.0499 0.1449 -0.9882
vn 0.0723 0.1465 -0.9866
vn 0.3263 0.1722 -0.9294
vn 0.9335 0.3446 0.0988
vn 0.2206 0.8919 0.3949
vn 0.8316 0.4822 0.2755
vn 0.9341 0.3406 0.1070
vn 0.8643 0.4989 0.0640
vn 0.9561 0.2323 0.1785
vn 0.9351 0.3520 0.0398
vn 0.9493 0.3096 -0.0543
vn 0.9691 0.2400 -0.0561
vn 0.8404 0.5233 0.1413
vn 0.8823 0.4681 0.0502
vn 0.9249 0.3589 0.1251
vn 0.7225 0.6444 0.2506
vn 0.7316 0.6446 0.2220
vn 0.8079 0.3092 0.5016
vn 0.6097 0.7111 0.3501
vn 0.6061 0.7210 0.3359
vn 0.6398 0.3727 0.6721
vn 0.2386 0.7866 0.5694
vn 0.3194 0.8021 0.5046
vn 0.4701 0.3954 0.7891
vn -0.1286 0.8144 0.5659
vn 0.0642 0.8313 0.5522
vn 0.3451 0.3808 0.8578
vn 0.0830 0.9681 0.2365
vn 0.1971 0.8791 0.4340
vn 0.2482 0.3200 0.9143
vn 0.3297 0.9433 -0.0369
vn 0.3732 0.9089 0.1863
vn 0.3472 0.4747 0.8088
vn 0.3634 0.9289 -0.0714
vn 0.3660 0.8993 0.2396
vn 0.2562 0.4025 0.8788
vn 0.3882 0.9200 -0.0539
vn 0.3445 0.8951 0.2829
vn 0.1916 0.3987 0.8968
vn 0.4281 0.9034 -0.0223
vn 0.3400 0.8706 0.3557
vn 0.1712 0.3430 0.9236
vn 0.0285 -0.0884 0.9957
vn 0.4555 0.8896 0.0332
vn 0.3579 0.8404 0.4070
vn 0.1810 0.3038 0.9354
vn 0.0469 -0.1001 0.9939
vn 0.4999 0.8645 0.0526
vn 0.4146 0.8099 0.4150
vn 0.2191 0.2809 0.9344
vn 0.0697 -0.1017 0.9924
vn 0.5619 0.8267 0.0275
vn 0.5342 0.7708 0.3470
vn 0.3451 0.2952 0.8909
vn 0.1386 -0.0740 0.9876
vn 0.5574 0.8294 0.0379
vn 0.5595 0.7666 0.3150
vn 0.3980 0.3376 0.8530
vn 0.2531 -0.0112 0.9674
vn 0.5475 0.8360 0.0374
vn 0.5634 0.7665 0.3082
vn 0.3944 0.3473 0.8508
vn 0.2002 0.0011 0.9798
vn 0.5690 0.8222 -0.0184
vn 0.6205 0.7535 0.2175
vn 0.4907 0.4174 0.7649
vn 0.5368 0.8427 -0.0418
vn 0.5890 0.7885 0.1770
vn 0.4722 0.4998 0.7261
vn 0.4774 0.8779 -0.0371
vn 0.5063 0.8425 0.1840
vn 0.3989 0.5877 0.7039
vn 0.4154 0.9092 -0.0269
vn 0.4388 0.8824 0.1698
vn 0.3735 0.6820 0.6288
vn 0.3018 0.9529 0.0295
vn 0.3125 0.9321 0.1833
vn 0.2685 0.7801 0.5651
vn 0.1186 0.9848 0.1270
vn 0.1071 0.9609 0.2555
vn 0.0567 0.8457 0.5307
vn 0.5253 0.8358 0.1597
vn 0.2542 0.8881 0.3828
vn 0.0252 0.7859 0.6178
vn 0.6562 0.6794 0.3283
vn 0.3240 0.7201 0.6136
vn 0.0182 0.6617 0.7495
vn -0.7846 -0.6169 0.0619
vn -0.5078 -0.7224 0.4693
vn -0.2490 -0.5331 0.8086
vn -0.2513 -0.3449 0.9044
vn -0.3053 -0.4721 0.8270
vn -0.3997 -0.5858 0.7051
vn -0.5050 -0.6821 0.5289
vn -0.6267 -0.6757 0.3881
vn -0.5182 -0.7543 0.4030
vn -0.9248 0.3801 0.0177
vn -0.9356 0.3521 0.0250
vn -0.9486 0.3160 -0.0170
vn -0.9491 0.3121 0.0421
vn -0.9181 0.3702 0.1416
vn -0.9059 0.4025 0.1318
vn -0.6097 0.6513 0.4518
vn -0.3572 0.2628 0.8963
vn -0.3673 0.3251 0.8714
vn -0.2967 0.2723 0.9153
vn -0.4278 0.6052 0.6714
vn -0.7714 -0.0733 -0.6321
vn -0.7718 -0.0300 -0.6352
vn -0.4397 0.1823 -0.8795
vn -0.0812 0.2455 -0.9660
vn -0.9777 0.1832 -0.1029
vn -0.9750 0.1761 -0.1357
vn -0.9793 0.1135 -0.1677
vn -0.9301 0.3443 0.1277
vn -0.9703 0.2387 0.0389
vn -0.8102 0.5580 0.1796
vn -0.8766 0.4585 0.1461
vn -0.3890 0.8730 0.2943
vn -0.3925 0.8531 0.3438
vn -0.0836 0.9955 -0.0454
vn -0.2700 0.9391 0.2128
vn -0.9608 -0.0865 -0.2635
s 1
usemtl _17174_Tiamat_v1default
f 7463//1 7424//2 11//3 12//4
f 7463//1 12//4 13//5 7432//6
f 7462//7 7437//8 14//9 15//10
f 16//11 17//12 18//13 19//14
f 20//15 18//13 17//12 21//16
f 22//17 23//18 18//13 20//15
f 19//14 18//13 23//18 24//19
f 21//16 25//20 26//21 20//15
f 27//22 26//21 25//20 28//23
f 29//24 30//25 26//21 27//22
f 20//15 26//21 30//25 22//17
f 28//23 31//26 32//27 27//22
f 33//28 32//27 31//26 34//29
f 35//30 36//31 32//27 33//28
f 27//22 32//27 36//31 29//24
f 37//32 38//33 39//34 40//35
f 41//36 39//34 38//33 42//37
f 21//16 17//12 39//34 41//36
f 40//35 39//34 17//12 16//11
f 42//37 43//38 44//39 41//36
f 45//40 44//39 43//38 46//41
f 28//23 25//20 44//39 45//40
f 41//36 44//39 25//20 21//16
f 46//41 47//42 48//43 45//40
f 49//44 48//43 47//42 50//45
f 34//29 31//26 48//43 49//44
f 45//40 48//43 31//26 28//23
f 51//46 52//47 53//48 54//49
f 55//50 56//51 53//48 52//47
f 54//49 53//48 56//51 57//52
f 16//11 58//53 59//54 40//35
f 54//49 59//54 58//53 51//46
f 57//52 60//55 59//54 54//49
f 40//35 59//54 60//55 37//32
f 61//56 62//57 52//47 51//46
f 63//58 62//57 61//56 64//59
f 65//60 66//61 62//57 63//58
f 52//47 62//57 66//61 55//50
f 51//46 58//53 67//62 61//56
f 19//14 67//62 58//53 16//11
f 24//19 68//63 67//62 19//14
f 61//56 67//62 68//63 64//59
f 69//64 70//65 71//66 72//67
f 70//65 73//68 74//69
f 50//45 47//42 71//66 74//69
f 72//67 71//66 47//42 46//41
f 73//68 70//65 75//70 76//71
f 77//72 75//70 70//65 69//64
f 78//73 79//74 75//70 77//72
f 76//71 75//70 79//74 80//75
f 81//76 82//77 83//78
f 72//67 81//76 84//79 69//64
f 46//41 43//38 81//76 72//67
f 82//77 81//76 43//38 42//37
f 69//64 84//79 85//80 77//72
f 86//81 85//80 84//79 83//78
f 87//82 88//83 85//80 86//81
f 77//72 85//80 88//83 78//73
f 89//84 90//85 91//86 92//87
f 82//77 91//86 90//85 83//78
f 91//86 82//77 42//37
f 92//87 91//86 38//33 37//32
f 83//78 90//85 93//88 86//81
f 94//89 93//88 90//85 89//84
f 95//90 96//91 93//88 94//89
f 96//91 87//82 86//81
f 97//92 98//93 99//94 100//95
f 92//87 99//94 98//93 89//84
f 37//32 60//55 99//94 92//87
f 100//95 99//94 60//55 57//52
f 101//96 102//97 103//98 104//99
f 100//95 103//98 102//97 97//92
f 57//52 105//100 103//98 100//95
f 104//99 103//98 105//100 106//101
f 89//84 98//93 107//102 94//89
f 108//103 107//102 98//93 97//92
f 109//104 110//105 107//102 108//103
f 94//89 107//102 110//105 95//90
f 111//106 112//107 113//108 114//109
f 108//103 113//108 112//107 109//104
f 97//92 102//97 113//108 108//103
f 114//109 113//108 102//97 101//96
f 55//50 115//110 116//111 56//51
f 115//110 117//112 118//113
f 106//101 105//100 116//111 118//113
f 56//51 116//111 105//100 57//52
f 118//113 119//114 120//115 106//101
f 117//112 121//116 119//114 118//113
f 121//116 122//117 123//118
f 119//114 123//118 124//119
f 125//120 123//118 122//117
f 125//120 126//121 127//122
f 123//118 125//120 128//123 124//119
f 129//124 130//125 131//126 132//127
f 4//128 131//126 130//125 5//129
f 3//130 133//131 131//126 4//128
f 132//127 131//126 133//131 127//122
f 65//60 134//132 135//133 66//61
f 136//134 135//133 134//132 137//135
f 117//112 115//110 135//133 136//134
f 115//110 55//50 66//61
f 138//136 139//137 126//121 122//117
f 140//138 141//139 139//137 138//136
f 132//127 139//137 141//139 129//124
f 139//137 132//127 127//122
f 121//116 117//112 136//134
f 142//140 136//134 137//135
f 138//136 142//140 143//141 140//138
f 142//140 138//136 122//117
f 5//129 130//125 144//142 6//143
f 145//144 144//142 130//125 129//124
f 146//145 147//146 144//142 145//144
f 6//143 144//142 147//146 7//147
f 129//124 141//139 148//148 145//144
f 149//149 148//148 141//139 140//138
f 150//150 151//151 148//148 149//149
f 145//144 148//148 151//151 146//145
f 152//152 153//153 154//154 155//155
f 149//149 154//154 153//153 150//150
f 140//138 143//141 154//154 149//149
f 143//141 137//135 155//155
f 156//156 157//157 147//146 146//145
f 158//158 157//157 156//156 159//159
f 158//158 9//160 8//161
f 7//147 147//146 157//157 8//161
f 65//60 160//162 161//163 134//132
f 162//164 161//163 160//162 163//165
f 152//152 155//155 161//163 162//164
f 137//135 134//132 161//163 155//155
f 164//166 165//167 151//151 150//150
f 165//167 164//166 166//168
f 167//169 159//159 156//156
f 146//145 151//151 165//167 156//156
f 153//153 152//152 162//164
f 168//170 162//164 163//165
f 169//171 166//168 164//166
f 150//150 153//153 168//170 164//166
f 170//172 158//158 159//159
f 171//173 172//174 173//175
f 11//3 10//176 170//172 173//175
f 10//176 9//160 158//158
f 64//59 174//177 175//178 63//58
f 176//179 175//178 174//177 177//180
f 163//165 160//162 175//178 176//179
f 63//58 175//178 160//162 65//60
f 167//169 166//168 178//181
f 179//182 180//183 181//184 178//181
f 180//183 172//174 171//173
f 159//159 167//169 181//184 171//173
f 177//180 182//185 183//186 176//179
f 182//185 179//182 178//181
f 166//168 169//171 183//186 178//181
f 176//179 183//186 169//171 163//165
f 172//174 184//187 185//188 173//175
f 186//189 185//188 184//187 187//190
f 13//5 12//4 185//188 186//189
f 173//175 185//188 12//4 11//3
f 64//59 68//63 188//191 174//177
f 189//192 188//191 68//63 24//19
f 190//193 188//191 189//192 191//194
f 177//180 174//177 188//191 190//193
f 192//195 184//187 172//174
f 193//196 192//195 180//183 179//182
f 194//197 195//198 192//195 193//196
f 195//198 187//190 184//187
f 191//194 196//199 197//200 190//193
f 193//196 197//200 196//199 194//197
f 179//182 182//185 197//200 193//196
f 182//185 177//180 190//193
f 24//19 23//18 198//201 189//192
f 199//202 198//201 23//18 22//17
f 200//203 201//204 198//201 199//202
f 191//194 189//192 198//201 201//204
f 187//190 195//198 202//205 203//206
f 204//207 202//205 195//198 194//197
f 205//208 206//209 202//205 204//207
f 203//206 202//205 206//209 207//210
f 200//203 208//211 209//212 201//204
f 208//211 205//208 204//207
f 194//197 196//199 209//212 204//207
f 201//204 209//212 196//199 191//194
f 22//17 30//25 210//213 199//202
f 211//214 210//213 30//25 29//24
f 212//215 213//216 210//213 211//214
f 199//202 210//213 213//216 200//203
f 29//24 36//31 214//217 211//214
f 215//218 214//217 36//31 35//30
f 216//219 217//220 214//217 215//218
f 211//214 214//217 217//220 212//215
f 7446//221 7435//222 219//223 220//224
f 7447//225 7426//226 221//227 222//228
f 7448//229 7438//230 223//231 224//232
f 7442//233 7428//234 226//235 2//236
f 7427//237 7439//238 227//239 225//240
f 2//236 228//241 229//242 1//243
f 230//244 229//242 228//241 231//245
f 127//122 133//131 229//242 230//244
f 1//243 229//242 133//131 3//130
f 232//246 233//247 234//248 235//249
f 228//241 234//248 233//247 231//245
f 2//236 226//235 234//248 228//241
f 235//249 234//248 226//235 225//240
f 236//250 237//251 238//252 239//253
f 14//9 238//252 237//251 15//10
f 186//189 238//252 14//9 13//5
f 239//253 238//252 186//189 187//190
f 240//254 241//255 242//256 243//257
f 244//258 242//256 241//255 245//259
f 246//260 247//261 242//256 244//258
f 243//257 242//256 247//261 248//262
f 249//263 250//264 251//265 252//266
f 243//257 251//265 250//264 240//254
f 248//262 253//267 251//265 243//257
f 252//266 251//265 253//267 254//268
f 7441//269 261//270 260//271 7453//272
f 7461//273 7455//274 264//275 265//276
f 7459//277 7462//7 15//10 268//278
f 269//279 270//280 271//281 272//282
f 268//278 271//281 270//280 267//283
f 15//10 237//251 271//281 268//278
f 272//282 271//281 237//251 236//250
f 273//284 274//285 275//286 276//287
f 277//288 275//286 274//285 278//289
f 279//290 280//291 275//286 277//288
f 276//287 275//286 280//291 281//292
f 245//259 282//293 283//294 244//258
f 282//293 284//295 285//296
f 286//297 287//298 283//294 285//296
f 244//258 283//294 287//298 246//260
f 288//299 289//300 290//301 291//302
f 292//303 289//300 288//299 293//304
f 246//260 287//298 289//300 292//303
f 290//301 289//300 287//298 286//297
f 294//305 295//306 296//307 297//308
f 298//309 295//306 294//305 299//310
f 295//306 298//309 284//295 282//293
f 296//307 295//306 282//293 245//259
f 300//311 301//312 302//313
f 300//311 303//314 304//315
f 305//316 306//317 300//311 307//318
f 306//317 308//319 301//312
f 309//320 310//321 311//322 312//323
f 313//324 311//322 310//321 314//325
f 315//326 316//327 311//322 313//324
f 316//327 317//328 312//323
f 318//329 319//330 320//331 321//332
f 322//333 320//331 319//330 323//334
f 307//318 320//331 322//333 305//316
f 321//332 320//331 307//318 304//315
f 324//335 325//336 326//337 327//338
f 321//332 326//337 325//336 318//329
f 304//315 328//339 326//337 321//332
f 327//338 326//337 328//339 329//340
f 330//341 331//342 325//336 324//335
f 332//343 333//344 331//342 330//341
f 318//329 325//336 331//342 333//344
f 334//345 335//346 336//347 337//348
f 335//346 334//345 284//295
f 299//310 336//347 335//346 298//309
f 337//348 338//349 339//350 334//345
f 340//351 339//350 338//349 341//352
f 286//297 285//296 339//350 340//351
f 334//345 339//350 285//296 284//295
f 342//353 343//354 344//355 345//356
f 346//357 347//358 344//355 343//354
f 341//352 338//349 344//355 347//358
f 345//356 344//355 338//349 337//348
f 348//359 349//360 350//361 351//362
f 302//313 301//312 350//361
f 352//363 350//361 301//312 308//319
f 351//362 350//361 352//363 291//302
f 353//364 340//351 341//352
f 351//362 353//364 354//365 348//359
f 353//364 351//362 291//302
f 340//351 353//364 290//301 286//297
f 347//358 355//366 354//365 341//352
f 356//367 355//366 347//358 346//357
f 357//368 358//369 355//366 356//367
f 348//359 354//365 355//366 358//369
f 348//359 358//369 359//370 349//360
f 360//371 359//370 358//369 357//368
f 359//370 360//371 361//372
f 362//373 302//313 349//360
f 302//313 362//373 363//374 303//314
f 364//375 363//374 362//373 361//372
f 329//340 328//339 363//374 364//375
f 303//314 363//374 328//339 304//315
f 360//371 365//376 366//377 361//372
f 357//368 367//378 365//376 360//371
f 365//376 367//378 368//379
f 369//380 370//381 371//382
f 372//383 369//380 373//384 374//385
f 361//372 366//377 369//380 372//383
f 370//381 369//380 366//377 368//379
f 374//385 375//386 376//387 372//383
f 377//388 378//389 376//387 375//386
f 329//340 364//375 376//387 378//389
f 372//383 376//387 364//375 361//372
f 346//357 379//390 380//391 356//367
f 381//392 380//391 379//390 382//393
f 368//379 367//378 380//391 381//392
f 356//367 380//391 367//378 357//368
f 383//394 384//395 385//396 386//397
f 370//381 385//396 384//395 371//382
f 385//396 370//381 368//379
f 386//397 385//396 381//392 382//393
f 387//398 388//399 384//395 383//394
f 375//386 388//399 387//398 377//388
f 374//385 373//384 388//399 375//386
f 371//382 384//395 388//399 373//384
f 389//400 390//401 378//389 377//388
f 391//402 392//403 390//401 389//400
f 327//338 390//401 392//403 324//335
f 329//340 378//389 390//401 327//338
f 342//353 393//404 394//405 343//354
f 395//406 394//405 393//404 396//407
f 394//405 395//406 382//393
f 343//354 394//405 379//390 346//357
f 397//408 398//409 399//410 400//411
f 386//397 399//410 398//409 383//394
f 382//393 395//406 399//410 386//397
f 395//406 396//407 400//411
f 397//408 401//412 402//413 398//409
f 389//400 402//413 401//412 391//402
f 377//388 387//398 402//413 389//400
f 402//413 387//398 383//394 398//409
f 403//414 404//415 213//216 212//215
f 405//416 406//417 404//415 403//414
f 404//415 406//417 205//208
f 213//216 404//415 208//211 200//203
f 407//418 408//419 217//220 216//219
f 409//420 408//419 407//418 410//421
f 403//414 408//419 409//420 405//416
f 212//215 217//220 408//419 403//414
f 205//208 406//417 411//422 206//209
f 412//423 411//422 406//417 405//416
f 413//424 411//422 412//423 414//425
f 206//209 411//422 413//424 207//210
f 415//426 416//427 417//428 418//429
f 414//425 412//423 416//427 415//426
f 405//416 417//428 416//427 412//423
f 419//430 420//431 414//425
f 421//432 419//430 422//433 423//434
f 424//435 425//436 419//430 421//432
f 420//431 419//430 425//436 426//437
f 418//429 427//438 428//439 415//426
f 427//438 429//440 430//441
f 423//434 422//433 428//439 430//441
f 415//426 428//439 422//433 414//425
f 423//434 431//442 432//443 421//432
f 433//444 432//443 431//442 434//445
f 435//446 436//447 432//443 433//444
f 421//432 432//443 436//447 424//435
f 410//421 437//448 438//449 409//420
f 439//450 438//449 437//448 440//451
f 418//429 417//428 438//449 439//450
f 409//420 438//449 417//428 405//416
f 440//451 441//452 442//453 439//450
f 441//452 443//454 444//455
f 442//453 444//455 429//440
f 439//450 442//453 427//438 418//429
f 443//454 445//456 446//457 444//455
f 431//442 446//457 445//456 434//445
f 446//457 431//442 423//434 430//441
f 444//455 446//457 430//441 429//440
f 447//458 448//459 449//460 450//461
f 451//462 452//463 449//460 448//459
f 445//456 449//460 452//463 434//445
f 450//461 449//460 445//456 443//454
f 453//464 454//465 455//466 456//467
f 455//466 454//465 457//468 458//469
f 455//466 458//469 459//470 460//471
f 456//467 455//466 460//471 461//472
f 462//473 463//474 464//475 465//476
f 466//477 464//475 463//474 467//478
f 459//470 458//469 464//475 466//477
f 465//476 464//475 458//469 457//468
f 468//479 469//480 470//481 471//482
f 472//483 470//481 469//480 473//484
f 474//485 475//486 470//481 472//483
f 471//482 470//481 475//486 476//487
f 477//488 478//489 479//490 480//491
f 481//492 479//490 478//489 482//493
f 483//494 484//495 479//490 481//492
f 480//491 479//490 484//495 485//496
f 473//484 486//497 487//498 472//483
f 478//489 487//498 486//497 482//493
f 477//488 488//499 487//498 478//489
f 472//483 487//498 488//499 474//485
f 489//500 490//501 491//502 492//503
f 493//504 491//502 490//501 494//505
f 473//484 469//480 491//502 493//504
f 492//503 491//502 469//480 468//479
f 483//494 481//492 495//506 496//507
f 497//508 495//506 481//492 482//493
f 498//509 499//510 495//506 497//508
f 496//507 495//506 499//510 500//511
f 494//505 501//512 502//513 493//504
f 497//508 502//513 501//512 498//509
f 482//493 486//497 502//513 497//508
f 493//504 502//513 486//497 473//484
f 503//514 504//515 505//516 506//517
f 507//518 505//516 504//515 508//519
f 494//505 490//501 505//516 507//518
f 506//517 505//516 490//501 489//500
f 509//520 510//521 511//522
f 512//523 513//524 514//525
f 509//520 514//525 453//464
f 456//467 461//472 510//521
f 508//519 515//526 516//527 507//518
f 515//526 517//528 518//529
f 498//509 501//512 516//527 518//529
f 507//518 516//527 501//512 494//505
f 517//528 519//530 520//531 518//529
f 519//530 521//532 522//533
f 520//531 522//533 500//511
f 518//529 520//531 499//510 498//509
f 483//494 496//507 523//534 524//535
f 523//534 496//507 500//511
f 523//534 525//536 526//537
f 524//535 523//534 527//538 528//539
f 529//540 530//541 531//542
f 532//543 526//537 525//536
f 529//540 525//536 500//511
f 522//533 521//532 530//541
f 528//539 533//544 534//545 524//535
f 535//546 534//545 533//544 536//547
f 485//496 484//495 534//545 535//546
f 524//535 534//545 484//495 483//494
f 537//548 533//544 528//539
f 538//549 537//548 527//538 526//537
f 539//550 540//551 537//548 538//549
f 540//551 536//547 533//544
f 541//552 542//553 543//554 544//555
f 538//549 543//554 542//553 539//550
f 526//537 532//543 543//554 538//549
f 531//542 544//555 543//554 532//543
f 503//514 545//556 546//557 547//558
f 463//474 546//557 545//556 467//478
f 462//473 548//559 546//557 463//474
f 548//559 549//560 547//558
f 489//500 550//561 551//562 506//517
f 552//563 551//562 550//561 553//564
f 467//478 545//556 551//562 552//563
f 506//517 551//562 545//556 503//514
f 554//565 555//566 556//567 557//568
f 558//569 556//567 555//566 559//570
f 556//567 558//569 461//472
f 557//568 556//567 460//471 459//470
f 560//571 557//568 459//470 466//477
f 467//478 561//572 560//571 466//477
f 562//573 560//571 561//572 563//574
f 562//573 554//565 557//568
f 563//574 561//572 564//575 565//576
f 552//563 564//575 561//572 467//478
f 553//564 565//576 564//575 552//563
f 468//479 566//577 567//578 492//503
f 568//579 567//578 566//577 569//580
f 553//564 550//561 567//578 568//579
f 492//503 567//578 550//561 489//500
f 570//581 571//582 572//583
f 573//584 574//585 575//586 572//583
f 574//585 576//587 570//581
f 80//75 577//588 578//589 76//71
f 579//590 578//589 577//588 580//591
f 581//592 582//593 578//589 579//590
f 76//71 578//589 582//593 73//68
f 73//68 582//593 583//594 74//69
f 584//595 583//594 582//593 581//592
f 585//596 586//597 583//594 584//595
f 74//69 583//594 586//597 50//45
f 50//45 586//597 587//598 49//44
f 588//599 587//598 586//597 585//596
f 589//600 590//601 587//598 588//599
f 49//44 587//598 590//601 34//29
f 34//29 590//601 591//602 33//28
f 592//603 591//602 590//601 589//600
f 593//604 594//605 591//602 592//603
f 33//28 591//602 594//605 35//30
f 35//30 594//605 595//606 215//218
f 596//607 595//606 594//605 593//604
f 597//608 598//609 595//606 596//607
f 215//218 595//606 598//609 216//219
f 216//219 598//609 599//610 407//418
f 600//611 599//610 598//609 597//608
f 601//612 602//613 599//610 600//611
f 407//418 599//610 602//613 410//421
f 410//421 602//613 603//614 437//448
f 604//615 603//614 602//613 601//612
f 605//616 606//617 603//614 604//615
f 437//448 603//614 606//617 440//451
f 440//451 606//617 607//618 441//452
f 608//619 607//618 606//617 605//616
f 450//461 607//618 608//619 447//458
f 441//452 607//618 450//461 443//454
f 609//620 610//621 611//622 612//623
f 613//624 614//625 610//621 609//620
f 604//615 610//621 614//625 605//616
f 601//612 611//622 610//621 604//615
f 615//626 616//627 617//628 618//629
f 619//630 617//628 616//627 620//631
f 621//632 622//633 617//628 619//630
f 618//629 617//628 622//633 623//634
f 624//635 625//636 626//637 627//638
f 628//639 626//637 625//636 629//640
f 581//592 579//590 626//637 628//639
f 627//638 626//637 579//590 580//591
f 630//641 631//642 632//643 633//644
f 625//636 632//643 631//642 629//640
f 624//635 634//645 632//643 625//636
f 633//644 632//643 634//645 635//646
f 636//647 637//648 638//649 639//650
f 584//595 637//648 636//647 585//596
f 581//592 628//639 637//648 584//595
f 629//640 638//649 637//648 628//639
f 640//651 641//652 642//653 643//654
f 638//649 642//653 641//652 639//650
f 629//640 631//642 642//653 638//649
f 643//654 642//653 631//642 630//641
f 644//655 645//656 646//657 647//658
f 588//599 645//656 644//655 589//600
f 645//656 588//599 585//596
f 639//650 646//657 645//656 636//647
f 648//659 649//660 650//661 651//662
f 647//658 646//657 648//659 651//662
f 639//650 641//652 648//659 646//657
f 649//660 648//659 641//652 640//651
f 652//663 644//655 647//658
f 653//664 654//665 655//666
f 592//603 652//663 655//666 593//604
f 589//600 644//655 652//663 592//603
f 656//667 657//668 658//669 659//670
f 596//607 658//669 657//668 597//608
f 593//604 655//666 658//669 596//607
f 659//670 658//669 655//666 654//665
f 659//670 660//671 661//672 656//667
f 654//665 662//673 660//671 659//670
f 663//674 661//672 660//671 662//673
f 597//608 657//668 664//675 600//611
f 665//676 664//675 657//668 656//667
f 612//623 611//622 664//675 665//676
f 600//611 664//675 611//622 601//612
f 650//661 666//677 667//678 651//662
f 662//673 667//678 666//677 663//674
f 654//665 653//664 667//678 662//673
f 651//662 667//678 653//664 647//658
f 668//679 669//680 670//681 671//682
f 669//680 672//683 673//684
f 663//674 666//677 670//681 673//684
f 671//682 670//681 666//677 650//661
f 674//685 675//686 676//687 677//688
f 678//689 676//687 675//686 511//522
f 678//689 679//690 680//691
f 681//692 677//688 676//687 680//691
f 559//570 682//693 683//694 558//569
f 682//693 679//690 678//689
f 511//522 510//521 683//694 678//689
f 558//569 683//694 510//521 461//472
f 656//667 661//672 684//695 665//676
f 673//684 684//695 661//672 663//674
f 672//683 685//696 684//695 673//684
f 665//676 684//695 685//696 612//623
f 686//697 687//698 688//699 689//700
f 690//701 688//699 687//698 691//702
f 690//701 681//692 680//691
f 679//690 689//700 688//699 680//691
f 691//702 687//698 692//703 693//704
f 687//698 686//697 694//705
f 672//683 669//680 692//703 694//705
f 693//704 692//703 669//680 668//679
f 695//706 696//707 697//708 698//709
f 682//693 697//708 696//707 679//690
f 559//570 699//710 697//708 682//693
f 698//709 697//708 699//710 700//711
f 701//712 702//713 703//714 704//715
f 609//620 703//714 702//713 613//624
f 612//623 685//696 703//714 609//620
f 704//715 703//714 685//696 672//683
f 686//697 705//716 706//717 694//705
f 707//718 706//717 705//716 708//719
f 704//715 706//717 707//718 701//712
f 694//705 706//717 704//715 672//683
f 696//707 695//706 709//720
f 708//719 705//716 710//721 709//720
f 689//700 710//721 705//716 686//697
f 696//707 710//721 689//700 679//690
f 711//722 712//723 613//624
f 701//712 713//724 711//722 702//713
f 712//723 711//722 713//724 714//725
f 613//624 712//723 715//726 614//625
f 716//727 715//726 712//723 714//725
f 715//726 716//727 447//458
f 614//625 715//726 608//619 605//616
f 717//728 716//727 714//725
f 718//729 717//728 719//730 720//731
f 451//462 448//459 717//728 718//729
f 716//727 717//728 448//459 447//458
f 707//718 721//732 713//724 701//712
f 722//733 721//732 707//718 708//719
f 723//734 724//735 721//732 722//733
f 724//735 714//725 713//724
f 725//736 726//737 727//738 728//739
f 722//733 727//738 726//737 723//734
f 708//719 709//720 727//738 722//733
f 727//738 709//720 695//706
f 729//740 730//741 731//742 732//743
f 730//741 733//744 734//745
f 714//725 724//735 731//742 734//745
f 724//735 723//734 732//743
f 735//746 734//745 733//744
f 736//747 735//746 737//748 738//749
f 720//731 719//730 735//746 736//747
f 719//730 714//725 734//745
f 559//570 555//566 739//750 699//710
f 740//751 739//750 555//566 554//565
f 741//752 742//753 739//750 740//751
f 699//710 739//750 742//753 700//711
f 569//580 743//754 744//755 568//579
f 745//756 744//755 743//754 746//757
f 563//574 565//576 744//755 745//756
f 568//579 744//755 565//576 553//564
f 746//757 747//758 748//759 745//756
f 740//751 748//759 747//758 741//752
f 748//759 740//751 554//565
f 562//573 563//574 745//756
f 749//760 750//761 751//762 752//763
f 753//764 751//762 750//761 571//582
f 738//749 737//748 751//762 753//764
f 752//763 751//762 737//748 733//744
f 754//765 750//761 749//760
f 755//766 756//767 757//768
f 757//768 573//584 572//583
f 754//765 572//583 571//582
f 476//487 758//769 759//770 471//482
f 760//771 759//770 758//769 756//767
f 569//580 566//577 759//770 760//771
f 471//482 759//770 566//577 468//479
f 569//580 760//771 761//772 743//754
f 762//773 761//772 760//771 756//767
f 763//774 764//775 761//772 762//773
f 764//775 746//757 743//754
f 756//767 755//766 765//776 762//773
f 766//777 765//776 755//766 749//760
f 762//773 765//776 766//777 763//774
f 700//711 767//778 768//779 698//709
f 769//780 768//779 767//778 770//781
f 725//736 728//739 768//779 769//780
f 728//739 695//706 698//709
f 733//744 771//782 772//783 752//763
f 773//784 772//783 771//782 774//785
f 763//774 766//777 772//783 773//784
f 752//763 772//783 766//777 749//760
f 729//740 775//786 776//787 730//741
f 777//788 776//787 775//786 770//781
f 774//785 771//782 776//787 777//788
f 730//741 776//787 771//782 733//744
f 770//781 775//786 778//789 769//780
f 732//743 778//789 775//786 729//740
f 723//734 726//737 778//789 732//743
f 769//780 778//789 726//737 725//736
f 777//788 779//790 780//791 774//785
f 770//781 767//778 779//790 777//788
f 700//711 742//753 779//790 767//778
f 780//791 779//790 742//753 741//752
f 746//757 764//775 781//792 747//758
f 773//784 781//792 764//775 763//774
f 774//785 780//791 781//792 773//784
f 747//758 781//792 780//791 741//752
f 787//793 788//794 789//795 790//796
f 312//323 788//794 787//793 309//320
f 791//797 788//794 312//323 317//328
f 789//795 788//794 791//797 573//584
f 790//796 789//795 792//798 793//799
f 573//584 757//768 792//798 789//795
f 793//799 792//798 757//768 756//767
f 794//800 795//801 796//802
f 797//803 794//800 798//804 799//805
f 314//325 310//321 794//800 797//803
f 310//321 309//320 795//801
f 800//806 801//807 802//808
f 803//809 804//810 805//811
f 799//805 798//804 800//806 805//811
f 798//804 796//802 801//807
f 809//812 810//813 811//814 812//815
f 813//816 811//814 810//813 814//817
f 815//818 816//819 811//814 813//816
f 812//815 811//814 816//819 817//820
f 818//821 815//818 813//816
f 819//822 820//823 813//816 814//817
f 808//824 807//825 820//823 819//822
f 818//821 820//823 807//825 806//826
f 823//827 824//828 825//829 826//830
f 825//829 824//828 827//831
f 814//817 810//813 825//829 828//832
f 826//830 825//829 810//813 809//812
f 814//817 828//832 829//833 819//822
f 830//834 829//833 828//832 827//831
f 822//835 821//836 829//833 830//834
f 819//822 829//833 821//836 808//824
f 827//831 833//837 834//838 830//834
f 835//839 834//838 833//837 836//840
f 832//841 831//842 834//838 835//839
f 830//834 834//838 831//842 822//835
f 756//767 758//769 837//843 793//799
f 838//844 837//843 758//769 476//487
f 839//845 840//846 837//843 838//844
f 793//799 837//843 840//846 790//796
f 790//796 841//847 842//848 787//793
f 843//849 842//848 841//847 844//850
f 796//802 795//801 842//848 843//849
f 787//793 842//848 795//801 309//320
f 844//850 845//851 846//852 843//849
f 847//853 846//852 845//851 848//854
f 846//852 847//853 802//808 801//807
f 843//849 846//852 801//807 796//802
f 847//853 848//854 849//855
f 850//856 851//857 852//858 849//855
f 851//857 804//810 803//809
f 802//808 847//853 852//858 803//809
f 858//859 859//860 860//861
f 860//861 815//818 818//821
f 861//862 818//821 806//826
f 858//859 861//862 857//863 856//864
f 860//861 862//865 816//819 815//818
f 859//860 863//866 862//865 860//861
f 864//867 862//865 863//866 865//868
f 817//820 816//819 862//865 864//867
f 866//869 867//870 475//486 474//485
f 868//871 867//870 866//869 869//872
f 838//844 867//870 868//871 839//845
f 476//487 475//486 867//870 838//844
f 870//873 840//846 839//845
f 871//874 872//875 873//876
f 870//873 873//876 844//850
f 840//846 870//873 841//847 790//796
f 874//877 873//876 872//875
f 875//878 874//877 876//879 877//880
f 874//877 875//878 848//854
f 873//876 874//877 845//851 844//850
f 877//880 878//881 879//882 875//878
f 880//883 879//882 878//881 881//884
f 849//855 879//882 880//883 850//856
f 875//878 879//882 849//855 848//854
f 882//885 883//886 884//887 885//888
f 853//889 884//887 883//886 854//890
f 850//856 880//883 884//887 853//889
f 880//883 881//884 885//888
f 886//891 887//892 888//893 889//894
f 855//895 887//892 886//891 856//864
f 854//890 883//886 887//892 855//895
f 888//893 887//892 883//886 882//885
f 889//894 890//896 891//897 886//891
f 890//896 892//898 893//899
f 859//860 858//859 891//897 893//899
f 886//891 891//897 858//859 856//864
f 892//898 894//900 895//901 893//899
f 896//902 895//901 894//900 897//903
f 865//868 863//866 895//901 896//902
f 893//899 895//901 863//866 859//860
f 898//904 899//905 900//906 901//907
f 902//908 903//909 899//905 898//904
f 904//910 899//905 903//909 905//911
f 906//912 900//906 899//905 904//910
f 907//913 908//914 909//915 910//916
f 911//917 912//918 908//914 907//913
f 913//919 908//914 912//918 914//920
f 915//921 909//915 908//914 913//919
f 916//922 917//923 918//924 919//925
f 901//907 900//906 917//923 916//922
f 920//926 917//923 900//906 906//912
f 921//927 918//924 917//923 920//926
f 922//928 923//929 924//930 925//931
f 914//920 912//918 923//929 922//928
f 926//932 923//929 912//918 911//917
f 927//933 924//930 923//929 926//932
f 928//934 929//935 930//936 931//937
f 932//938 930//936 929//935 910//916
f 933//939 934//940 930//936 932//938
f 931//937 930//936 934//940 935//941
f 915//921 936//942 937//943 938//944
f 939//945 937//943 936//942 905//911
f 940//946 941//947 937//943 939//945
f 938//944 937//943 941//947 942//948
f 943//949 944//950 945//951 946//952
f 947//953 945//951 944//950 948//954
f 933//939 949//955 945//951 947//953
f 946//952 945//951 949//955 942//948
f 950//956 951//957 952//958 953//959
f 954//960 955//961 951//957 950//956
f 956//962 951//957 955//961 957//963
f 958//964 952//958 951//957 956//962
f 959//965 960//966 961//967 962//968
f 948//954 963//969 960//966 959//965
f 964//970 960//966 963//969 957//963
f 965//971 961//967 960//966 964//970
f 966//972 967//973 968//974 969//975
f 970//976 968//974 967//973 971//977
f 940//946 972//978 968//974 970//976
f 969//975 968//974 972//978 973//979
f 974//980 975//981 952//958 958//964
f 976//982 977//983 975//981 974//980
f 978//984 975//981 977//983 979//985
f 953//959 952//958 975//981 978//984
f 943//949 980//986 981//987 982//988
f 983//989 981//987 980//986 971//977
f 974//980 981//987 983//989 976//982
f 958//964 982//988 981//987 974//980
f 984//990 985//991 986//992 987//993
f 988//994 986//992 985//991 989//995
f 990//996 991//997 986//992 988//994
f 987//993 986//992 991//997 992//998
f 993//999 994//1000 995//1001 996//1002
f 997//1003 995//1001 994//1000 998//1004
f 889//894 888//893 995//1001 997//1003
f 996//1002 995//1001 888//893 882//885
f 998//1004 999//1005 1000//1006 997//1003
f 1001//1007 1000//1006 999//1005 1002//1008
f 1000//1006 1001//1007 892//898
f 890//896 889//894 997//1003
f 1003//1009 1004//1010 1005//1011 1006//1012
f 992//998 991//997 1004//1010 1003//1009
f 1007//1013 1004//1010 991//997 990//996
f 1008//1014 1005//1011 1004//1010 1007//1013
f 1002//1008 1009//1015 1010//1016 1001//1007
f 1011//1017 1010//1016 1009//1015 1012//1018
f 897//903 894//900 1010//1016 1011//1017
f 1001//1007 1010//1016 894//900 892//898
f 1013//1019 1014//1020 1015//1021 1016//1022
f 1005//1011 1015//1021 1014//1020 1006//1012
f 1008//1014 1017//1023 1015//1021 1005//1011
f 1018//1024 1016//1022 1015//1021 1017//1023
f 1019//1025 885//888 881//884
f 1019//1025 1020//1026 1021//1027
f 1022//1028 993//999 996//1002
f 885//888 1019//1025 996//1002 882//885
f 477//488 1023//1029 1024//1030 488//499
f 1025//1031 1024//1030 1023//1029 1026//1032
f 869//872 866//869 1024//1030 1025//1031
f 474//485 488//499 1024//1030 866//869
f 869//872 1027//1033 1028//1034 868//871
f 1029//1035 1028//1034 1027//1033 1030//1036
f 872//875 871//874 1028//1034 1029//1035
f 868//871 1028//1034 871//874 839//845
f 1030//1036 1031//1037 1032//1038 1029//1035
f 1033//1039 1032//1038 1031//1037 1034//1040
f 877//880 876//879 1032//1038 1033//1039
f 1029//1035 1032//1038 876//879 872//875
f 1034//1040 1035//1041 1036//1042 1033//1039
f 1020//1026 1036//1042 1035//1041 1021//1027
f 881//884 878//881 1036//1042 1020//1026
f 1033//1039 1036//1042 878//881 877//880
f 1037//1043 1038//1044 1039//1045 1040//1046
f 1041//1047 1039//1045 1038//1044 1042//1048
f 993//999 1022//1028 1039//1045 1041//1047
f 1040//1046 1039//1045 1022//1028 1021//1027
f 1042//1048 1043//1049 1044//1050 1041//1047
f 1045//1051 1044//1050 1043//1049 1046//1052
f 998//1004 994//1000 1044//1050 1045//1051
f 1041//1047 1044//1050 994//1000 993//999
f 1046//1052 1047//1053 1048//1054 1045//1051
f 1049//1055 1048//1054 1047//1053 1050//1056
f 1002//1008 999//1005 1048//1054 1049//1055
f 1045//1051 1048//1054 999//1005 998//1004
f 1050//1056 1051//1057 1052//1058 1049//1055
f 1053//1059 1052//1058 1051//1057 1054//1060
f 1012//1018 1009//1015 1052//1058 1053//1059
f 1049//1055 1052//1058 1009//1015 1002//1008
f 1055//1061 1056//1062 1057//1063 1058//1064
f 1059//1065 1057//1063 1056//1062 1060//1066
f 989//995 985//991 1057//1063 1059//1065
f 1058//1064 1057//1063 985//991 984//990
f 1061//1067 1062//1068 1063//1069 1064//1070
f 966//972 1065//1071 1063//1069 1062//1068
f 1063//1069 1065//1071 1060//1066 1066//1072
f 1064//1070 1063//1069 1066//1072 1067//1073
f 1068//1074 1069//1075 1070//1076 1071//1077
f 1072//1078 1070//1076 1069//1075 1073//1079
f 1058//1064 1070//1076 1072//1078 1055//1061
f 984//990 1071//1077 1070//1076 1058//1064
f 992//998 1074//1080 1075//1081 987//993
f 1076//1082 1075//1081 1074//1080 1077//1083
f 1068//1074 1071//1077 1075//1081 1076//1082
f 987//993 1075//1081 1071//1077 984//990
f 1046//1052 1043//1049 1078//1084 1079//1085
f 1080//1086 1078//1084 1043//1049 1042//1048
f 1068//1074 1076//1082 1078//1084 1080//1086
f 1077//1083 1079//1085 1078//1084 1076//1082
f 1073//1079 1069//1075 1081//1087 1082//1088
f 1080//1086 1081//1087 1069//1075 1068//1074
f 1042//1048 1038//1044 1081//1087 1080//1086
f 1082//1088 1081//1087 1038//1044 1037//1043
f 1083//1089 1084//1090 1085//1091 1086//1092
f 1077//1083 1074//1080 1084//1090 1083//1089
f 1003//1009 1084//1090 1074//1080 992//998
f 1006//1012 1085//1091 1084//1090 1003//1009
f 1050//1056 1047//1053 1087//1093 1088//1094
f 1079//1085 1087//1093 1047//1053 1046//1052
f 1083//1089 1087//1093 1079//1085 1077//1083
f 1087//1093 1083//1089 1086//1092 1088//1094
f 1089//1095 1090//1096 1091//1097 1092//1098
f 1085//1091 1091//1097 1090//1096 1086//1092
f 1006//1012 1014//1020 1091//1097 1085//1091
f 1092//1098 1091//1097 1014//1020 1013//1019
f 1054//1060 1051//1057 1093//1099 1094//1100
f 1088//1094 1093//1099 1051//1057 1050//1056
f 1086//1092 1090//1096 1093//1099 1088//1094
f 1094//1100 1093//1099 1090//1096 1089//1095
f 485//496 1095//1101 1096//1102 480//491
f 1097//1103 1096//1102 1095//1101 1098//1104
f 1026//1032 1023//1029 1096//1102 1097//1103
f 480//491 1096//1102 1023//1029 477//488
f 1026//1032 1099//1105 1100//1106 1025//1031
f 1101//1107 1100//1106 1099//1105 1102//1108
f 1030//1036 1027//1033 1100//1106 1101//1107
f 1025//1031 1100//1106 1027//1033 869//872
f 1102//1108 1103//1109 1104//1110 1101//1107
f 1105//1111 1104//1110 1103//1109 1106//1112
f 1034//1040 1031//1037 1104//1110 1105//1111
f 1101//1107 1104//1110 1031//1037 1030//1036
f 1107//1113 1105//1111 1106//1112
f 1040//1046 1107//1113 1108//1114 1037//1043
f 1107//1113 1040//1046 1021//1027
f 1105//1111 1107//1113 1035//1041 1034//1040
f 1037//1043 1108//1114 1109//1115 1110//1116
f 1108//1114 1106//1112 1111//1117
f 1109//1115 1111//1117 1112//1118
f 1113//1119 1114//1120 1115//1121 1116//1122
f 1082//1088 1114//1120 1113//1119 1073//1079
f 1110//1116 1114//1120 1082//1088 1037//1043
f 1112//1118 1115//1121 1114//1120 1110//1116
f 1073//1079 1113//1119 1117//1123 1072//1078
f 1116//1122 1118//1124 1117//1123 1113//1119
f 1119//1125 1117//1123 1118//1124 1120//1126
f 1072//1078 1117//1123 1119//1125 1055//1061
f 1121//1127 1122//1128 1123//1129 1124//1130
f 1125//1131 1126//1132 1122//1128 1121//1127
f 1122//1128 1126//1132 1067//1073 1127//1133
f 1123//1129 1122//1128 1127//1133 1120//1126
f 1098//1104 1128//1134 1129//1135 1097//1103
f 1128//1134 1130//1136 1131//1137
f 1102//1108 1099//1105 1129//1135 1131//1137
f 1097//1103 1129//1135 1099//1105 1026//1032
f 1130//1136 1132//1138 1133//1139 1131//1137
f 1134//1140 1133//1139 1132//1138 1135//1141
f 1106//1112 1103//1109 1133//1139 1134//1140
f 1131//1137 1133//1139 1103//1109 1102//1108
f 1135//1141 1136//1142 1137//1143 1134//1140
f 1138//1144 1137//1143 1136//1142 1139//1145
f 1137//1143 1138//1144 1112//1118
f 1111//1117 1106//1112 1134//1140
f 1140//1146 1141//1147 1142//1148 1143//1149
f 1140//1146 1124//1130 1123//1129
f 1120//1126 1118//1124 1141//1147 1123//1129
f 1118//1124 1116//1122 1142//1148
f 1144//1150 1145//1151 1143//1149
f 1115//1121 1144//1150 1142//1148 1116//1122
f 1144//1150 1115//1121 1112//1118 1138//1144
f 1139//1145 1145//1151 1144//1150 1138//1144
f 1143//1149 1146//1152 1147//1153 1140//1146
f 1148//1154 1147//1153 1146//1152 1149//1155
f 1150//1156 1151//1157 1147//1153 1148//1154
f 1140//1146 1147//1153 1151//1157 1124//1130
f 1149//1155 1152//1158 1153//1159 1148//1154
f 1154//1160 1153//1159 1152//1158 1155//1161
f 1156//1162 1157//1163 1153//1159 1154//1160
f 1148//1154 1153//1159 1157//1163 1150//1156
f 623//634 1158//1164 1159//1165 618//629
f 1160//1166 1159//1165 1158//1164 1161//1167
f 1162//1168 1163//1169 1159//1165 1160//1166
f 618//629 1159//1165 1163//1169 615//626
f 1164//1170 1165//1171 1145//1151 1139//1145
f 1152//1158 1165//1171 1164//1170 1155//1161
f 1149//1155 1146//1152 1165//1171 1152//1158
f 1145//1151 1165//1171 1146//1152 1143//1149
f 615//626 1163//1169 1166//1172 1167//1173
f 1168//1174 1166//1172 1163//1169 1162//1168
f 1169//1175 1170//1176 1166//1172 1168//1174
f 1167//1173 1166//1172 1170//1176 1171//1177
f 1172//1178 1173//1179 1174//1180 1175//1181
f 1176//1182 1177//1183 1173//1179 1172//1178
f 1177//1183 1162//1168 1160//1166
f 1161//1167 1174//1180 1173//1179 1160//1166
f 1154//1160 1178//1184 1179//1185 1156//1162
f 1180//1186 1178//1184 1154//1160 1155//1161
f 1176//1182 1172//1178 1178//1184 1180//1186
f 1175//1181 1179//1185 1178//1184 1172//1178
f 1181//1187 1182//1188 1183//1189
f 513//524 512//523 1184//1190 1183//1189
f 1184//1190 512//523 511//522
f 1181//1187 1184//1190 675//686 674//685
f 1185//1191 1186//1192 1187//1193
f 1186//1192 1188//1194 1189//1195
f 1189//1195 1190//1196 1191//1197
f 1192//1198 1193//1199 1187//1193 1191//1197
f 1194//1200 1195//1201 1196//1202
f 681//692 690//701 1197//1203 1196//1202
f 691//702 1194//1200 1197//1203 690//701
f 1195//1201 1198//1204 1199//1205 1196//1202
f 1181//1187 1199//1205 1198//1204 1182//1188
f 674//685 677//688 1199//1205 1181//1187
f 677//688 681//692 1196//1202
f 1195//1201 1200//1206 1201//1207 1198//1204
f 1202//1208 1201//1207 1200//1206 1203//1209
f 1204//1210 1205//1211 1201//1207 1202//1208
f 1205//1211 1182//1188 1198//1204
f 1206//1212 1207//1213 1204//1210
f 1208//1214 1206//1212 1202//1208 1203//1209
f 1188//1194 1186//1192 1206//1212 1208//1214
f 1186//1192 1185//1191 1207//1213
f 1171//1177 1209//1215 1210//1216 1167//1173
f 1211//1217 1210//1216 1209//1215 1212//1218
f 620//631 616//627 1210//1216 1211//1217
f 1167//1173 1210//1216 616//627 615//626
f 640//651 1213//1219 1214//1220 649//660
f 1215//1221 1214//1220 1213//1219 1216//1222
f 668//679 671//682 1214//1220 1215//1221
f 649//660 1214//1220 671//682 650//661
f 1217//1223 1218//1224 1215//1221 1216//1222
f 1218//1224 1217//1223 1195//1201
f 693//704 1218//1224 1194//1200 691//702
f 668//679 1215//1221 1218//1224 693//704
f 1212//1218 1209//1215 1219//1225 1220//1226
f 1221//1227 1219//1225 1209//1215 1171//1177
f 1190//1196 1189//1195 1219//1225 1221//1227
f 1220//1226 1219//1225 1189//1195 1188//1194
f 620//631 1222//1228 1223//1229 619//630
f 1224//1230 1223//1229 1222//1228 1225//1231
f 1226//1232 1227//1233 1223//1229 1224//1230
f 619//630 1223//1229 1227//1233 621//632
f 1203//1209 1228//1234 1229//1235 1208//1214
f 1230//1236 1229//1235 1228//1234 1231//1237
f 1212//1218 1220//1226 1229//1235 1230//1236
f 1208//1214 1229//1235 1220//1226 1188//1194
f 1231//1237 1232//1238 1233//1239 1234//1240
f 1216//1222 1235//1241 1233//1239 1232//1238
f 1235//1241 1225//1231 1234//1240
f 630//641 1236//1242 1237//1243 643//654
f 1235//1241 1237//1243 1236//1242 1225//1231
f 1213//1219 1237//1243 1235//1241 1216//1222
f 643//654 1237//1243 1213//1219 640//651
f 1231//1237 1234//1240 1238//1244 1230//1236
f 1222//1228 1238//1244 1234//1240 1225//1231
f 620//631 1211//1217 1238//1244 1222//1228
f 1230//1236 1238//1244 1211//1217 1212//1218
f 1236//1242 1239//1245 1224//1230 1225//1231
f 633//644 1239//1245 1236//1242 630//641
f 635//646 1240//1246 1239//1245 633//644
f 1239//1245 1240//1246 1226//1232 1224//1230
f 1216//1222 1232//1238 1241//1247 1217//1223
f 1228//1234 1241//1247 1232//1238 1231//1237
f 1203//1209 1200//1206 1241//1247 1228//1234
f 1217//1223 1241//1247 1200//1206 1195//1201
f 457//468 1242//1248 1243//1249 465//476
f 1244//1250 1243//1249 1242//1248 1245//1251
f 549//560 548//559 1243//1249 1244//1250
f 465//476 1243//1249 548//559 462//473
f 1246//1252 547//558 549//560
f 1246//1252 1247//1253 1248//1254 1249//1255
f 508//519 504//515 1246//1252 1249//1255
f 547//558 1246//1252 504//515 503//514
f 1248//1254 1250//1256 1251//1257 1249//1255
f 1252//1258 1253//1259 1251//1257 1250//1256
f 517//528 515//526 1251//1257 1253//1259
f 1249//1255 1251//1257 515//526 508//519
f 1254//1260 1255//1261 1256//1262 1257//1263
f 521//532 519//530 1256//1262 1255//1261
f 517//528 1253//1259 1256//1262 519//530
f 1257//1263 1256//1262 1253//1259 1252//1258
f 1258//1264 1259//1265 1260//1266 1261//1267
f 1259//1265 531//542 530//541
f 521//532 1255//1261 1260//1266 530//541
f 1261//1267 1260//1266 1255//1261 1254//1260
f 531//542 1259//1265 1262//1268 544//555
f 1263//1269 1262//1268 1259//1265 1258//1264
f 1264//1270 1265//1271 1262//1268 1263//1269
f 544//555 1262//1268 1265//1271 541//552
f 1266//1272 1267//1273 1268//1274 1269//1275
f 1270//1276 1267//1273 1266//1272 1271//1277
f 1272//1278 1267//1273 1270//1276 1273//1279
f 1268//1274 1267//1273 1272//1278 1264//1270
f 1258//1264 1274//1280 1275//1281 1263//1269
f 1276//1282 1275//1281 1274//1280 1277//1283
f 1269//1275 1268//1274 1275//1281 1276//1282
f 1263//1269 1275//1281 1268//1274 1264//1270
f 1278//1284 1279//1285 1280//1286 1281//1287
f 1277//1283 1274//1280 1279//1285 1278//1284
f 1258//1264 1261//1267 1279//1285 1274//1280
f 1254//1260 1280//1286 1279//1285 1261//1267
f 1252//1258 1282//1288 1283//1289 1257//1263
f 1284//1290 1283//1289 1282//1288 1285//1291
f 1283//1289 1284//1290 1281//1287
f 1257//1263 1283//1289 1280//1286 1254//1260
f 1248//1254 1286//1292 1287//1293 1250//1256
f 1288//1294 1287//1293 1286//1292 1289//1295
f 1285//1291 1282//1288 1287//1293 1288//1294
f 1250//1256 1287//1293 1282//1288 1252//1258
f 1290//1296 1291//1297 1289//1295
f 1247//1253 1290//1296 1286//1292 1248//1254
f 549//560 1244//1250 1290//1296 1247//1253
f 1244//1250 1245//1251 1291//1297
f 1292//1298 1293//1299 1294//1300 1295//1301
f 1242//1248 1294//1300 1293//1299 1245//1251
f 457//468 454//465 1294//1300 1242//1248
f 453//464 1295//1301 1294//1300 454//465
f 1296//1302 1272//1278 1273//1279
f 1297//1303 1296//1302 1298//1304 1299//1305
f 541//552 1265//1271 1296//1302 1297//1303
f 1265//1271 1264//1270 1272//1278
f 1299//1305 1300//1306 1301//1307 1297//1303
f 1302//1308 1301//1307 1300//1306 1303//1309
f 539//550 542//553 1301//1307 1302//1308
f 1297//1303 1301//1307 542//553 541//552
f 1304//1310 1305//1311 1298//1304 1273//1279
f 1305//1311 1304//1310 1306//1312 1307//1313
f 1307//1313 1308//1314 1309//1315
f 1305//1311 1309//1315 1299//1305 1298//1304
f 1310//1316 1311//1317 1312//1318 1313//1319
f 1304//1310 1312//1318 1311//1317 1306//1312
f 1273//1279 1270//1276 1312//1318 1304//1310
f 1313//1319 1312//1318 1270//1276 1271//1277
f 1314//1320 1315//1321 1316//1322 1317//1323
f 1315//1321 1318//1324 1319//1325
f 1310//1316 1313//1319 1316//1322 1319//1325
f 1317//1323 1316//1322 1313//1319 1271//1277
f 1317//1323 1271//1277 1320//1326
f 1321//1327 1322//1328 1320//1326 1323//1329
f 1324//1330 1325//1331 1322//1328 1321//1327
f 1317//1323 1322//1328 1325//1331 1314//1320
f 1269//1275 1326//1332 1327//1333 1266//1272
f 1328//1334 1327//1333 1326//1332 1329//1335
f 1323//1329 1320//1326 1327//1333 1328//1334
f 1266//1272 1327//1333 1320//1326 1271//1277
f 1277//1283 1330//1336 1331//1337 1276//1282
f 1332//1338 1331//1337 1330//1336 1333//1339
f 1329//1335 1326//1332 1331//1337 1332//1338
f 1276//1282 1331//1337 1326//1332 1269//1275
f 1281//1287 1334//1340 1335//1341 1278//1284
f 1336//1342 1335//1341 1334//1340 1337//1343
f 1333//1339 1330//1336 1335//1341 1336//1342
f 1278//1284 1335//1341 1330//1336 1277//1283
f 1338//1344 1339//1345 1284//1290 1285//1291
f 1340//1346 1341//1347 1339//1345 1338//1344
f 1337//1343 1334//1340 1339//1345 1341//1347
f 1284//1290 1339//1345 1334//1340 1281//1287
f 1342//1348 514//525 513//524
f 1343//1349 1342//1348 1344//1350 1345//1351
f 1292//1298 1295//1301 1342//1348 1343//1349
f 1295//1301 453//464 514//525
f 1245//1251 1293//1299 1346//1352 1291//1297
f 1293//1299 1292//1298 1347//1353
f 1346//1352 1347//1353 1348//1354 1349//1355
f 1291//1297 1346//1352 1349//1355 1289//1295
f 1285//1291 1288//1294 1350//1356 1338//1344
f 1349//1355 1350//1356 1288//1294 1289//1295
f 1348//1354 1351//1357 1350//1356 1349//1355
f 1338//1344 1350//1356 1351//1357 1340//1346
f 1345//1351 1352//1358 1353//1359 1343//1349
f 1354//1360 1353//1359 1352//1358 1355//1361
f 1348//1354 1347//1353 1353//1359 1354//1360
f 1343//1349 1353//1359 1347//1353 1292//1298
f 1205//1211 1204//1210 1207//1213
f 1207//1213 1185//1191 1356//1362
f 1357//1363 1358//1364 1359//1365 1356//1362
f 1205//1211 1359//1365 1358//1364 1182//1188
f 1355//1361 1360//1366 1361//1367 1354//1360
f 1362//1368 1361//1367 1360//1366 1363//1369
f 1340//1346 1351//1357 1361//1367 1362//1368
f 1354//1360 1361//1367 1351//1357 1348//1354
f 1358//1364 1364//1370 1183//1189 1182//1188
f 1365//1371 1364//1370 1358//1364 1357//1363
f 1345//1351 1344//1350 1364//1370 1365//1371
f 1183//1189 1364//1370 1344//1350 513//524
f 1345//1351 1365//1371 1366//1372 1352//1358
f 1367//1373 1366//1372 1365//1371 1357//1363
f 1363//1369 1360//1366 1366//1372 1367//1373
f 1352//1358 1366//1372 1360//1366 1355//1361
f 1185//1191 1193//1199 1368//1374 1356//1362
f 1369//1375 1368//1374 1193//1199 1192//1198
f 1370//1376 1371//1377 1368//1374 1369//1375
f 1356//1362 1368//1374 1371//1377 1357//1363
f 1372//1378 1373//1379 1374//1380 1375//1381
f 1376//1382 1374//1380 1373//1379 1377//1383
f 1336//1342 1374//1380 1376//1382 1333//1339
f 1375//1381 1374//1380 1336//1342 1337//1343
f 1363//1369 1378//1384 1379//1385 1362//1368
f 1375//1381 1379//1385 1378//1384 1372//1378
f 1337//1343 1341//1347 1379//1385 1375//1381
f 1362//1368 1379//1385 1341//1347 1340//1346
f 1357//1363 1371//1377 1380//1386 1367//1373
f 1381//1387 1380//1386 1371//1377 1370//1376
f 1372//1378 1378//1384 1380//1386 1381//1387
f 1367//1373 1380//1386 1378//1384 1363//1369
f 1333//1339 1376//1382 1382//1388 1332//1338
f 1377//1383 1383//1389 1382//1388 1376//1382
f 1384//1390 1382//1388 1383//1389 1385//1391
f 1332//1338 1382//1388 1384//1390 1329//1335
f 1370//1376 1386//1392 1387//1393 1381//1387
f 1388//1394 1387//1393 1386//1392 1389//1395
f 1377//1383 1373//1379 1387//1393 1388//1394
f 1381//1387 1387//1393 1373//1379 1372//1378
f 1329//1335 1384//1390 1390//1396 1328//1334
f 1385//1391 1391//1397 1390//1396 1384//1390
f 1392//1398 1390//1396 1391//1397 1393//1399
f 1328//1334 1390//1396 1392//1398 1323//1329
f 1323//1329 1392//1398 1394//1400 1321//1327
f 1395//1401 1394//1400 1392//1398 1393//1399
f 1396//1402 1397//1403 1394//1400 1395//1401
f 1397//1403 1324//1330 1321//1327
f 1398//1404 1399//1405 1400//1406 1401//1407
f 1402//1408 1400//1406 1399//1405 1403//1409
f 1310//1316 1319//1325 1400//1406 1402//1408
f 1401//1407 1400//1406 1319//1325 1318//1324
f 1310//1316 1402//1408 1404//1410 1311//1317
f 1405//1411 1404//1410 1402//1408 1403//1409
f 1406//1412 1407//1413 1404//1410 1405//1411
f 1311//1317 1404//1410 1407//1413 1306//1312
f 1407//1413 1408//1414 1307//1313 1306//1312
f 1408//1414 1407//1413 1406//1412
f 1409//1415 1410//1416 1411//1417
f 1408//1414 1411//1417 1308//1314
f 1192//1198 1412//1418 1413//1419 1369//1375
f 1414//1420 1413//1419 1412//1418 1415//1421
f 1389//1395 1386//1392 1413//1419 1414//1420
f 1369//1375 1413//1419 1386//1392 1370//1376
f 1389//1395 1416//1422 1417//1423 1388//1394
f 1418//1424 1417//1423 1416//1422 1419//1425
f 1385//1391 1383//1389 1417//1423 1418//1424
f 1388//1394 1417//1423 1383//1389 1377//1383
f 1415//1421 1420//1426 1421//1427 1414//1420
f 1422//1428 1421//1427 1420//1426 1423//1429
f 1419//1425 1416//1422 1421//1427 1422//1428
f 1414//1420 1421//1427 1416//1422 1389//1395
f 1424//1430 1425//1431 1426//1432 1427//1433
f 1428//1434 1429//1435 1426//1432 1425//1431
f 1429//1435 1419//1425 1422//1428
f 1423//1429 1427//1433 1426//1432 1422//1428
f 1424//1430 1430//1436 1431//1437 1432//1438
f 1409//1415 1431//1437 1430//1436 1410//1416
f 1406//1412 1433//1439 1431//1437 1409//1415
f 1432//1438 1431//1437 1433//1439 1434//1440
f 1419//1425 1429//1435 1435//1441 1418//1424
f 1436//1442 1435//1441 1429//1435 1428//1434
f 1393//1399 1391//1397 1435//1441 1436//1442
f 1418//1424 1435//1441 1391//1397 1385//1391
f 1398//1404 1437//1443 1438//1444 1399//1405
f 1439//1445 1440//1446 1438//1444 1437//1443
f 1441//1447 1442//1448 1438//1444 1440//1446
f 1399//1405 1438//1444 1442//1448 1403//1409
f 1403//1409 1442//1448 1443//1449 1405//1411
f 1444//1450 1443//1449 1442//1448 1441//1447
f 1434//1440 1433//1439 1443//1449 1444//1450
f 1405//1411 1443//1449 1433//1439 1406//1412
f 1434//1440 1444//1450 1445//1451 1432//1438
f 1446//1452 1445//1451 1444//1450 1441//1447
f 1425//1431 1445//1451 1446//1452 1428//1434
f 1432//1438 1445//1451 1425//1431 1424//1430
f 1441//1447 1440//1446 1447//1453 1446//1452
f 1448//1454 1447//1453 1440//1446 1439//1445
f 1449//1455 1450//1456 1447//1453 1448//1454
f 1450//1456 1428//1434 1446//1452
f 1428//1434 1450//1456 1451//1457 1436//1442
f 1452//1458 1451//1457 1450//1456 1449//1455
f 1395//1401 1451//1457 1452//1458 1396//1402
f 1436//1442 1451//1457 1395//1401 1393//1399
f 1448//1454 1453//1459 1454//1460 1449//1455
f 1439//1445 1455//1461 1453//1459 1448//1454
f 1456//1462 1454//1460 1453//1459 1455//1461
f 1457//1463 1458//1464 1459//1465 1460//1466
f 1455//1461 1458//1464 1457//1463 1456//1462
f 1458//1464 1455//1461 1439//1445 1437//1443
f 1398//1404 1459//1465 1458//1464 1437//1443
f 1171//1177 1170//1176 1461//1467 1221//1227
f 1462//1468 1461//1467 1170//1176 1169//1175
f 1461//1467 1462//1468 1463//1469
f 1221//1227 1461//1467 1464//1470 1190//1196
f 1465//1471 1191//1197 1190//1196
f 1466//1472 1465//1471 1464//1470 1463//1469
f 1415//1421 1412//1418 1465//1471 1466//1472
f 1191//1197 1465//1471 1412//1418 1192//1198
f 1467//1473 1177//1183 1176//1182 1468//1474
f 1469//1475 1467//1473 1468//1474 1470//1476
f 1168//1174 1467//1473 1469//1475 1169//1175
f 1162//1168 1177//1183 1467//1473 1168//1174
f 1169//1175 1469//1475 1471//1477 1462//1468
f 1472//1478 1471//1477 1469//1475 1470//1476
f 1473//1479 1474//1480 1471//1477 1472//1478
f 1462//1468 1471//1477 1474//1480 1463//1469
f 1475//1481 1476//1482 1180//1186 1155//1161
f 1477//1483 1476//1482 1475//1481 1478//1484
f 1470//1476 1468//1474 1476//1482 1477//1483
f 1180//1186 1476//1482 1468//1474 1176//1182
f 1479//1485 1480//1486 1481//1487 1482//1488
f 1483//1489 1481//1487 1480//1486 1478//1484
f 1135//1141 1132//1138 1481//1487 1483//1489
f 1482//1488 1481//1487 1132//1138 1130//1136
f 1478//1484 1475//1481 1484//1490 1483//1489
f 1164//1170 1484//1490 1475//1481 1155//1161
f 1139//1145 1136//1142 1484//1490 1164//1170
f 1483//1489 1484//1490 1136//1142 1135//1141
f 536//547 1485//1491 1486//1492 535//546
f 1487//1493 1486//1492 1485//1491 1488//1494
f 1098//1104 1095//1101 1486//1492 1487//1493
f 535//546 1486//1492 1095//1101 485//496
f 1423//1429 1489//1495 1490//1496 1427//1433
f 1490//1496 1489//1495 1491//1497 1492//1498
f 1410//1416 1430//1436 1490//1496 1492//1498
f 1427//1433 1490//1496 1430//1436 1424//1430
f 1466//1472 1493//1499 1420//1426 1415//1421
f 1463//1469 1494//1500 1493//1499
f 1494//1500 1491//1497 1489//1495
f 1423//1429 1420//1426 1493//1499 1489//1495
f 1473//1479 1495//1501 1496//1502 1474//1480
f 1497//1503 1498//1504 1496//1502 1495//1501
f 1496//1502 1498//1504 1491//1497
f 1494//1500 1463//1469 1474//1480
f 1477//1483 1499//1505 1472//1478 1470//1476
f 1478//1484 1500//1506 1499//1505 1477//1483
f 1495//1501 1499//1505 1500//1506 1497//1503
f 1473//1479 1472//1478 1499//1505 1495//1501
f 1488//1494 1501//1507 1502//1508 1487//1493
f 1482//1488 1502//1508 1501//1507 1479//1485
f 1130//1136 1128//1134 1502//1508 1482//1488
f 1487//1493 1502//1508 1128//1134 1098//1104
f 1503//1509 1302//1308 1303//1309
f 1485//1491 1503//1509 1504//1510 1488//1494
f 536//547 540//551 1503//1509 1485//1491
f 1302//1308 1503//1509 540//551 539//550
f 1505//1511 1488//1494 1504//1510
f 1506//1512 1507//1513 1504//1510 1303//1309
f 1508//1514 1505//1511 1507//1513 1506//1512
f 1479//1485 1501//1507 1509//1515 1480//1486
f 1510//1516 1509//1515 1501//1507 1488//1494
f 1497//1503 1500//1506 1509//1515 1510//1516
f 1480//1486 1509//1515 1500//1506 1478//1484
f 1498//1504 1497//1503 1510//1516
f 1511//1517 1510//1516 1488//1494
f 1512//1518 1511//1517 1505//1511 1508//1514
f 1511//1517 1512//1518 1491//1497
f 1513//1519 1508//1514 1506//1512
f 1303//1309 1300//1306 1514//1520 1506//1512
f 1309//1315 1514//1520 1300//1306 1299//1305
f 1514//1520 1309//1315 1308//1314
f 1410//1416 1492//1498 1515//1521 1411//1417
f 1512//1518 1515//1521 1492//1498 1491//1497
f 1508//1514 1513//1519 1515//1521 1512//1518
f 1513//1519 1308//1314 1411//1417
f 1516//1522 1517//1523 1518//1524 1519//1525
f 1520//1526 1518//1524 1517//1523 1521//1527
f 1522//1528 1523//1529 1518//1524 1520//1526
f 1519//1525 1518//1524 1523//1529 1524//1530
f 1523//1529 1525//1531 1526//1532 1524//1530
f 1522//1528 1527//1533 1525//1531 1523//1529
f 1528//1534 1525//1531 1527//1533 1529//1535
f 1530//1536 1526//1532 1525//1531 1528//1534
f 1531//1537 1532//1538 1533//1539 1534//1540
f 1535//1541 1533//1539 1532//1538 1536//1542
f 1537//1543 1538//1544 1533//1539 1535//1541
f 1534//1540 1533//1539 1538//1544 1539//1545
f 1540//1546 1541//1547 1542//1548 1543//1549
f 1544//1550 1542//1548 1541//1547 1545//1551
f 1536//1542 1532//1538 1542//1548 1544//1550
f 1543//1549 1542//1548 1532//1538 1531//1537
f 1536//1542 1546//1552 1547//1553 1535//1541
f 1548//1554 1547//1553 1546//1552 1549//1555
f 1550//1556 1551//1557 1547//1553 1548//1554
f 1535//1541 1547//1553 1551//1557 1537//1543
f 1552//1558 1553//1559 1554//1560 1555//1561
f 1549//1555 1546//1552 1553//1559 1552//1558
f 1544//1550 1553//1559 1546//1552 1536//1542
f 1545//1551 1554//1560 1553//1559 1544//1550
f 1556//1562 1557//1563 1558//1564 1559//1565
f 1560//1566 1557//1563 1556//1562 1561//1567
f 1549//1555 1552//1558 1557//1563 1560//1566
f 1558//1564 1557//1563 1552//1558 1555//1561
f 1562//1568 1563//1569 1564//1570 1565//1571
f 1566//1572 1567//1573 1563//1569 1562//1568
f 1568//1574 1563//1569 1567//1573 1569//1575
f 1570//1576 1564//1570 1563//1569 1568//1574
f 1571//1577 1572//1578 1560//1566 1561//1567
f 1573//1579 1572//1578 1571//1577 1574//1580
f 1548//1554 1572//1578 1573//1579 1550//1556
f 1572//1578 1548//1554 1549//1555 1560//1566
f 1575//1581 1576//1582 1577//1583 1578//1584
f 1579//1585 1580//1586 1576//1582 1575//1581
f 1562//1568 1576//1582 1580//1586 1566//1572
f 1565//1571 1577//1583 1576//1582 1562//1568
f 1581//1587 1582//1588 1583//1589 1584//1590
f 1585//1591 1583//1589 1582//1588 1586//1592
f 1585//1591 1516//1522 1519//1525
f 1583//1589 1519//1525 1524//1530
f 1586//1592 1582//1588 1587//1593 1588//1594
f 1589//1595 1587//1593 1582//1588 1581//1587
f 1574//1580 1571//1577 1587//1593 1589//1595
f 1588//1594 1587//1593 1571//1577 1561//1567
f 1575//1581 1590//1596 1591//1597 1579//1585
f 1578//1584 1592//1598 1590//1596 1575//1581
f 1561//1567 1556//1562 1590//1596 1592//1598
f 1559//1565 1591//1597 1590//1596 1556//1562
f 935//941 1593//1599 1594//1600 931//937
f 1595//1601 1594//1600 1593//1599 1521//1527
f 1596//1602 1597//1603 1594//1600 1595//1601
f 931//937 1594//1600 1597//1603 928//934
f 1598//1604 1599//1605 1585//1591 1586//1592
f 1600//1606 1601//1607 1599//1605 1598//1604
f 1602//1608 1599//1605 1601//1607 1603//1609
f 1516//1522 1585//1591 1599//1605 1602//1608
f 1604//1610 1605//1611 1606//1612 1603//1609
f 1565//1571 1564//1570 1605//1611 1604//1610
f 1607//1613 1605//1611 1564//1570 1570//1576
f 1596//1602 1606//1612 1605//1611 1607//1613
f 1604//1610 1608//1614 1577//1583 1565//1571
f 1603//1609 1601//1607 1608//1614 1604//1610
f 1600//1606 1609//1615 1608//1614 1601//1607
f 1577//1583 1608//1614 1609//1615 1578//1584
f 1578//1584 1609//1615 1610//1616 1592//1598
f 1598//1604 1610//1616 1609//1615 1600//1606
f 1586//1592 1588//1594 1610//1616 1598//1604
f 1592//1598 1610//1616 1588//1594 1561//1567
f 1611//1617 1612//1618 1613//1619 1614//1620
f 1524//1530 1526//1532 1612//1618 1611//1617
f 1615//1621 1612//1618 1526//1532 1530//1536
f 1616//1622 1613//1619 1612//1618 1615//1621
f 1617//1623 1618//1624 1619//1625 1620//1626
f 1584//1590 1619//1625 1618//1624 1581//1587
f 1611//1617 1619//1625 1584//1590 1524//1530
f 1620//1626 1619//1625 1611//1617 1614//1620
f 1621//1627 1622//1628 1618//1624 1617//1623
f 1622//1628 1621//1627 1623//1629 1624//1630
f 1589//1595 1622//1628 1624//1630 1574//1580
f 1581//1587 1618//1624 1622//1628 1589//1595
f 1623//1629 1625//1631 1626//1632 1624//1630
f 1627//1633 1626//1632 1625//1631 1628//1634
f 1550//1556 1573//1579 1626//1632 1627//1633
f 1624//1630 1626//1632 1573//1579 1574//1580
f 1628//1634 1629//1635 1630//1636 1627//1633
f 1631//1637 1630//1636 1629//1635 1632//1638
f 1537//1543 1551//1557 1630//1636 1631//1637
f 1627//1633 1630//1636 1551//1557 1550//1556
f 1632//1638 1633//1639 1634//1640 1631//1637
f 1635//1641 1634//1640 1633//1639 1636//1642
f 1539//1545 1538//1544 1634//1640 1635//1641
f 1631//1637 1634//1640 1538//1544 1537//1543
f 1637//1643 1638//1644 1639//1645 1640//1646
f 1638//1644 1637//1643 1641//1647 1642//1648
f 1638//1644 1642//1648 1643//1649 1644//1650
f 1645//1651 1639//1645 1638//1644 1644//1650
f 1646//1652 1642//1648 1641//1647
f 1647//1653 1646//1652 1648//1654 1649//1655
f 1650//1656 1651//1657 1646//1652 1647//1653
f 1642//1648 1646//1652 1651//1657 1643//1649
f 1649//1655 1652//1658 1653//1659 1647//1653
f 1654//1660 1653//1659 1652//1658 1655//1661
f 1656//1662 1657//1663 1653//1659 1654//1660
f 1647//1653 1653//1659 1657//1663 1650//1656
f 1655//1661 1658//1664 1659//1665 1654//1660
f 1660//1666 1659//1665 1658//1664 1661//1667
f 1662//1668 1663//1669 1659//1665 1660//1666
f 1654//1660 1659//1665 1663//1669 1656//1662
f 1664//1670 1665//1671 1666//1672 1667//1673
f 1668//1674 1666//1672 1665//1671 1669//1675
f 1661//1667 1658//1664 1666//1672 1668//1674
f 1667//1673 1666//1672 1658//1664 1655//1661
f 1661//1667 1670//1676 1671//1677 1660//1666
f 1672//1678 1671//1677 1670//1676 1673//1679
f 1674//1680 1671//1677 1672//1678 1675//1681
f 1660//1666 1671//1677 1674//1680 1662//1668
f 1676//1682 1677//1683 1678//1684 1679//1685
f 1680//1686 1678//1684 1677//1683 1681//1687
f 1675//1681 1672//1678 1678//1684 1680//1686
f 1679//1685 1678//1684 1672//1678 1673//1679
f 1682//1688 1683//1689 1684//1690 1685//1691
f 1686//1692 1684//1690 1683//1689 1687//1693
f 1681//1687 1677//1683 1684//1690 1686//1692
f 1685//1691 1684//1690 1677//1683 1676//1682
f 1688//1694 1689//1695 1690//1696 1691//1697
f 1667//1673 1690//1696 1689//1695 1664//1670
f 1655//1661 1652//1658 1690//1696 1667//1673
f 1691//1697 1690//1696 1652//1658 1649//1655
f 1669//1675 1692//1698 1693//1699 1668//1674
f 1692//1698 1694//1700 1695//1701
f 1673//1679 1670//1676 1693//1699 1695//1701
f 1668//1674 1693//1699 1670//1676 1661//1667
f 1696//1702 1697//1703 1698//1704 1699//1705
f 1691//1697 1698//1704 1697//1703 1688//1694
f 1649//1655 1648//1654 1698//1704 1691//1697
f 1699//1705 1698//1704 1648//1654 1641//1647
f 1689//1695 1700//1706 1665//1671 1664//1670
f 1701//1707 1700//1706 1689//1695 1688//1694
f 1694//1700 1692//1698 1700//1706 1701//1707
f 1669//1675 1665//1671 1700//1706 1692//1698
f 1688//1694 1697//1703 1702//1708 1701//1707
f 1703//1709 1702//1708 1697//1703 1696//1702
f 1704//1710 1705//1711 1702//1708 1703//1709
f 1701//1707 1702//1708 1705//1711 1694//1700
f 1704//1710 1706//1712 1707//1713 1705//1711
f 1679//1685 1707//1713 1706//1712 1676//1682
f 1673//1679 1695//1701 1707//1713 1679//1685
f 1707//1713 1695//1701 1694//1700
f 1708//1714 1709//1715 1710//1716 1711//1717
f 1640//1646 1712//1718 1709//1715 1708//1714
f 1713//1719 1710//1716 1709//1715 1712//1718
f 1711//1717 1714//1720 1715//1721 1708//1714
f 1699//1705 1715//1721 1714//1720 1696//1702
f 1641//1647 1637//1643 1715//1721 1699//1705
f 1708//1714 1715//1721 1637//1643 1640//1646
f 1716//1722 1717//1723 1718//1724 1719//1725
f 1712//1718 1718//1724 1717//1723 1713//1719
f 1640//1646 1639//1645 1718//1724 1712//1718
f 1719//1725 1718//1724 1639//1645 1645//1651
f 1720//1726 1721//1727 1722//1728 1723//1729
f 1724//1730 1722//1728 1721//1727 1725//1731
f 1687//1693 1683//1689 1722//1728 1724//1730
f 1723//1729 1722//1728 1683//1689 1682//1688
f 1723//1729 1726//1732 1727//1733 1720//1726
f 1682//1688 1728//1734 1726//1732 1723//1729
f 1729//1735 1727//1733 1726//1732 1728//1734
f 1725//1731 1721//1727 1730//1736 1731//1737
f 1732//1738 1730//1736 1721//1727 1720//1726
f 1713//1719 1717//1723 1730//1736 1732//1738
f 1731//1737 1730//1736 1717//1723 1716//1722
f 1720//1726 1727//1733 1733//1739 1732//1738
f 1734//1740 1733//1739 1727//1733 1729//1735
f 1711//1717 1710//1716 1733//1739 1734//1740
f 1732//1738 1733//1739 1710//1716 1713//1719
f 1729//1735 1728//1734 1735//1741 1736//1742
f 1685//1691 1735//1741 1728//1734 1682//1688
f 1676//1682 1706//1712 1735//1741 1685//1691
f 1736//1742 1735//1741 1706//1712 1704//1710
f 1696//1702 1714//1720 1737//1743 1703//1709
f 1734//1740 1737//1743 1714//1720 1711//1717
f 1729//1735 1736//1742 1737//1743 1734//1740
f 1703//1709 1737//1743 1736//1742 1704//1710
f 1738//1744 1739//1745 1740//1746 1741//1747
f 1742//1748 1740//1746 1739//1745 1743//1749
f 1636//1642 1633//1639 1740//1746 1742//1748
f 1633//1639 1632//1638 1741//1747
f 1636//1642 1744//1750 1745//1751 1635//1641
f 1746//1752 1745//1751 1744//1750 1747//1753
f 1748//1754 1749//1755 1745//1751 1746//1752
f 1635//1641 1745//1751 1749//1755 1539//1545
f 1750//1756 1751//1757 1749//1755 1748//1754
f 1752//1758 1751//1757 1750//1756 1753//1759
f 1534//1540 1751//1757 1752//1758 1531//1537
f 1539//1545 1749//1755 1751//1757 1534//1540
f 1754//1760 1755//1761 1752//1758 1753//1759
f 1756//1762 1757//1763 1755//1761 1754//1760
f 1543//1549 1755//1761 1757//1763 1540//1546
f 1531//1537 1752//1758 1755//1761 1543//1549
f 1758//1764 1759//1765 1760//1766 1761//1767
f 1762//1768 1763//1769 1760//1766 1759//1765
f 1760//1766 1763//1769 1764//1770
f 1761//1767 1760//1766 1765//1771 1766//1772
f 1767//1773 1768//1774 1769//1775 1770//1776
f 1771//1777 1769//1775 1768//1774 1772//1778
f 1756//1762 1754//1760 1769//1775 1771//1777
f 1770//1776 1769//1775 1754//1760 1753//1759
f 1773//1779 1774//1780 1775//1781 1776//1782
f 1777//1783 1775//1781 1774//1780 1778//1784
f 1772//1778 1768//1774 1775//1781 1777//1783
f 1776//1782 1775//1781 1768//1774 1767//1773
f 1779//1785 1780//1786 1781//1787 1782//1788
f 1783//1789 1781//1787 1780//1786 1784//1790
f 1778//1784 1774//1780 1781//1787 1783//1789
f 1782//1788 1781//1787 1774//1780 1773//1779
f 1785//1791 1786//1792 1787//1793 1788//1794
f 1789//1795 1790//1796 1786//1792 1785//1791
f 1784//1790 1780//1786 1786//1792 1790//1796
f 1787//1793 1786//1792 1780//1786 1779//1785
f 1788//1794 1791//1797 1792//1798 1785//1791
f 1791//1797 1793//1799 1794//1800
f 1795//1801 1796//1802 1792//1798 1794//1800
f 1785//1791 1792//1798 1796//1802 1789//1795
f 1797//1803 1794//1800 1793//1799
f 1798//1804 1764//1770 1763//1769
f 1797//1803 1763//1769 1762//1768
f 1794//1800 1797//1803 1799//1805 1795//1801
f 1748//1754 1800//1806 1801//1807 1750//1756
f 1802//1808 1801//1807 1800//1806 1803//1809
f 1804//1810 1805//1811 1801//1807 1802//1808
f 1750//1756 1801//1807 1805//1811 1753//1759
f 1804//1810 1806//1812 1807//1813 1805//1811
f 1806//1812 1808//1814 1809//1815
f 1767//1773 1770//1776 1807//1813 1809//1815
f 1805//1811 1807//1813 1770//1776 1753//1759
f 1747//1753 1810//1816 1811//1817 1746//1752
f 1812//1818 1811//1817 1810//1816 1813//1819
f 1811//1817 1812//1818 1803//1809
f 1746//1752 1811//1817 1800//1806 1748//1754
f 1814//1820 1815//1821 1816//1822 1817//1823
f 1818//1824 1816//1822 1815//1821 1819//1825
f 1813//1819 1810//1816 1816//1822 1818//1824
f 1817//1823 1816//1822 1810//1816 1747//1753
f 1820//1826 1821//1827 1822//1828 1823//1829
f 1824//1830 1822//1828 1821//1827 1825//1831
f 1819//1825 1815//1821 1822//1828 1824//1830
f 1823//1829 1822//1828 1815//1821 1814//1820
f 1779//1785 1826//1832 1827//1833 1787//1793
f 1828//1834 1829//1835 1827//1833 1826//1832
f 1827//1833 1829//1835 1830//1836 1831//1837
f 1827//1833 1831//1837 1788//1794 1787//1793
f 1832//1838 1833//1839 1831//1837 1830//1836
f 1832//1838 1834//1840 1835//1841
f 1833//1839 1835//1841 1793//1799
f 1791//1797 1788//1794 1831//1837
f 1836//1842 1835//1841 1834//1840
f 1836//1842 1837//1843 1838//1844 1839//1845
f 1764//1770 1798//1804 1836//1842 1839//1845
f 1798//1804 1793//1799 1835//1841
f 1765//1771 1764//1770 1839//1845
f 1840//1846 1841//1847 1839//1845 1838//1844
f 1842//1848 1843//1849 1841//1847 1840//1846
f 1766//1772 1765//1771 1841//1847 1843//1849
f 1842//1848 1844//1850 1845//1851 1843//1849
f 1846//1852 1847//1853 1845//1851 1844//1850
f 1848//1854 1849//1855 1845//1851 1847//1853
f 1843//1849 1845//1851 1849//1855 1766//1772
f 1850//1856 1851//1857 1852//1858 1853//1859
f 1854//1860 1852//1858 1851//1857 1855//1861
f 1852//1858 1854//1860 1856//1862
f 1853//1859 1852//1858 1857//1863 1858//1864
f 1859//1865 1860//1866 1861//1867 1862//1868
f 1863//1869 1861//1867 1860//1866 1864//1870
f 1865//1871 1866//1872 1861//1867 1863//1869
f 1862//1868 1861//1867 1866//1872 1867//1873
f 1868//1874 1869//1875 1870//1876 1871//1877
f 1872//1878 1870//1876 1869//1875 1873//1879
f 1874//1880 1875//1881 1870//1876 1872//1878
f 1871//1877 1870//1876 1875//1881 1876//1882
f 1877//1883 1863//1869 1864//1870
f 1878//1884 1868//1874 1871//1877
f 1876//1882 1879//1885 1877//1883 1871//1877
f 1863//1869 1877//1883 1879//1885 1865//1871
f 1880//1886 1881//1887 1882//1888 1883//1889
f 1884//1890 1882//1888 1881//1887 1885//1891
f 1886//1892 1882//1888 1884//1890 1887//1893
f 1888//1894 1883//1889 1882//1888 1886//1892
f 1885//1891 1881//1887 1889//1895 1890//1896
f 1891//1897 1889//1895 1881//1887 1880//1886
f 1864//1870 1860//1866 1889//1895 1891//1897
f 1890//1896 1889//1895 1860//1866 1859//1865
f 1873//1879 1892//1898 1893//1899 1872//1878
f 1894//1900 1893//1899 1892//1898 1895//1901
f 1896//1902 1897//1903 1893//1899 1894//1900
f 1872//1878 1893//1899 1897//1903 1874//1880
f 1896//1902 1894//1900 1898//1904 1899//1905
f 1898//1904 1894//1900 1895//1901
f 1898//1904 1900//1906 1901//1907
f 1899//1905 1898//1904 1902//1908 1903//1909
f 1904//1910 1905//1911 1906//1912 1907//1913
f 1908//1914 1909//1915 1905//1911 1904//1910
f 1905//1911 1909//1915 1858//1864
f 1856//1862 1906//1912 1905//1911 1857//1863
f 1907//1913 1910//1916 1911//1917 1904//1910
f 1910//1916 1888//1894 1886//1892
f 1887//1893 1912//1918 1911//1917 1886//1892
f 1904//1910 1911//1917 1912//1918 1908//1914
f 1913//1919 1914//1920 1915//1921 1916//1922
f 1895//1901 1892//1898 1915//1921 1914//1920
f 1892//1898 1873//1879 1869//1875
f 1916//1922 1915//1921 1869//1875 1868//1874
f 1914//1920 1917//1923 1900//1906 1895//1901
f 1918//1924 1917//1923 1914//1920 1913//1919
f 1919//1925 1917//1923 1918//1924 1855//1861
f 1900//1906 1917//1923 1919//1925 1901//1907
f 1901//1907 1919//1925 1920//1926 1902//1908
f 1855//1861 1851//1857 1920//1926 1919//1925
f 1850//1856 1921//1927 1920//1926 1851//1857
f 1902//1908 1920//1926 1921//1927 1903//1909
f 1922//1928 1854//1860 1855//1861
f 1918//1924 1913//1919 1923//1929
f 1922//1928 1923//1929 1907//1913
f 1906//1912 1856//1862 1854//1860
f 1880//1886 1924//1930 1925//1931 1891//1897
f 1916//1922 1925//1931 1924//1930 1913//1919
f 1868//1874 1878//1884 1925//1931 1916//1922
f 1891//1897 1925//1931 1878//1884 1864//1870
f 1926//1932 1883//1889 1888//1894
f 1910//1916 1907//1913 1923//1929
f 1913//1919 1924//1930 1926//1932 1923//1929
f 1883//1889 1926//1932 1924//1930 1880//1886
f 1874//1880 1897//1903 1927//1933 1928//1934
f 1929//1935 1927//1933 1897//1903 1896//1902
f 1930//1936 1931//1937 1927//1933 1929//1935
f 1928//1934 1927//1933 1931//1937 1932//1938
f 1896//1902 1899//1905 1933//1939 1929//1935
f 1934//1940 1933//1939 1899//1905 1903//1909
f 1935//1941 1936//1942 1933//1939 1934//1940
f 1929//1935 1933//1939 1936//1942 1930//1936
f 1937//1943 1938//1944 1939//1945 1940//1946
f 1934//1940 1939//1945 1938//1944 1935//1941
f 1903//1909 1921//1927 1939//1945 1934//1940
f 1940//1946 1939//1945 1921//1927 1850//1856
f 1941//1947 1928//1934 1932//1938
f 1942//1948 1941//1947 1943//1949 1944//1950
f 1876//1882 1875//1881 1941//1947 1942//1948
f 1928//1934 1941//1947 1875//1881 1874//1880
f 1944//1950 1945//1951 1946//1952 1942//1948
f 1947//1953 1948//1954 1946//1952 1945//1951
f 1865//1871 1879//1885 1946//1952 1948//1954
f 1942//1948 1946//1952 1879//1885 1876//1882
f 1949//1955 1950//1956 1951//1957 1952//1958
f 1826//1832 1951//1957 1950//1956 1828//1834
f 1951//1957 1826//1832 1779//1785 1782//1788
f 1951//1957 1782//1788 1773//1779 1952//1958
f 1953//1959 1954//1960 1955//1961 1956//1962
f 1867//1873 1866//1872 1955//1961 1954//1960
f 1955//1961 1866//1872 1865//1871 1948//1954
f 1956//1962 1955//1961 1948//1954 1947//1953
f 1767//1773 1809//1815 1957//1963 1776//1782
f 1808//1814 1958//1964 1957//1963 1809//1815
f 1952//1958 1957//1963 1958//1964 1949//1955
f 1776//1782 1957//1963 1952//1958 1773//1779
f 1850//1856 1853//1859 1959//1965 1940//1946
f 1960//1966 1959//1965 1853//1859 1858//1864
f 1961//1967 1962//1968 1959//1965 1960//1966
f 1940//1946 1959//1965 1962//1968 1937//1943
f 1858//1864 1909//1915 1963//1969 1960//1966
f 1964//1970 1963//1969 1909//1915 1908//1914
f 1965//1971 1966//1972 1963//1969 1964//1970
f 1960//1966 1963//1969 1966//1972 1961//1967
f 1908//1914 1912//1918 1967//1973 1964//1970
f 1968//1974 1967//1973 1912//1918 1887//1893
f 1967//1973 1968//1974 1969//1975
f 1964//1970 1967//1973 1970//1976 1965//1971
f 1887//1893 1884//1890 1971//1977 1968//1974
f 1972//1978 1971//1977 1884//1890 1885//1891
f 1973//1979 1974//1980 1971//1977 1972//1978
f 1974//1980 1969//1975 1968//1974
f 1859//1865 1975//1981 1976//1982 1890//1896
f 1977//1983 1976//1982 1975//1981 1978//1984
f 1976//1982 1977//1983 1973//1979 1972//1978
f 1890//1896 1976//1982 1972//1978 1885//1891
f 1979//1985 1848//1854 1847//1853
f 1980//1986 1981//1987 1847//1853 1846//1852
f 1981//1987 1980//1986 1982//1988
f 1981//1987 1983//1989 1984//1990 1979//1985
f 1867//1873 1985//1991 1986//1992 1862//1868
f 1987//1993 1986//1992 1985//1991 1988//1994
f 1978//1984 1975//1981 1986//1992 1987//1993
f 1862//1868 1986//1992 1975//1981 1859//1865
f 1988//1994 1985//1991 1989//1995 1990//1996
f 1954//1960 1989//1995 1985//1991 1867//1873
f 1953//1959 1991//1997 1989//1995 1954//1960
f 1990//1996 1989//1995 1991//1997 1992//1998
f 1984//1990 1983//1989 1993//1999 1994//2000
f 1995//2001 1993//1999 1983//1989 1982//1988
f 1825//1831 1821//1827 1993//1999 1995//2001
f 1994//2000 1993//1999 1821//1827 1820//1826
f 1996//2002 1997//2003 1998//2004 1999//2005
f 1990//1996 1998//2004 1997//2003 1988//1994
f 1992//1998 2000//2006 1998//2004 1990//1996
f 1999//2005 1998//2004 2000//2006 2001//2007
f 1813//1819 2002//2008 2003//2009 1812//1818
f 2004//2010 2003//2009 2002//2008 2005//2011
f 2003//2009 2004//2010 2006//2012
f 1812//1818 2003//2009 2007//2013 1803//1809
f 1803//1809 2007//2013 2008//2014 1802//1808
f 2009//2015 2008//2014 2007//2013 2006//2012
f 2010//2016 2011//2017 2008//2014 2009//2015
f 1802//1808 2008//2014 2011//2017 1804//1810
f 2006//2012 2012//2018 2013//2019 2009//2015
f 1931//1937 2013//2019 2012//2018 1932//1938
f 1930//1936 2014//2020 2013//2019 1931//1937
f 2009//2015 2013//2019 2014//2020 2010//2016
f 1932//1938 2012//2018 2015//2021 1943//1949
f 2004//2010 2015//2021 2012//2018 2006//2012
f 2005//2011 2016//2022 2015//2021 2004//2010
f 1943//1949 2015//2021 2016//2022 1944//1950
f 2010//2016 2017//2023 2018//2024 2011//2017
f 2017//2023 2019//2025 2020//2026
f 1808//1814 1806//1812 2018//2024 2020//2026
f 2011//2017 2018//2024 1806//1812 1804//1810
f 2019//2025 2017//2023 2021//2027 2022//2028
f 2014//2020 2021//2027 2017//2023 2010//2016
f 1930//1936 1936//1942 2021//2027 2014//2020
f 1936//1942 1935//1941 2022//2028
f 2019//2025 2023//2029 2024//2030 2020//2026
f 2025//2031 2024//2030 2023//2029 2026//2032
f 1949//1955 1958//1964 2024//2030 2025//2031
f 2020//2026 2024//2030 1958//1964 1808//1814
f 2026//2032 2023//2029 2027//2033 2028//2034
f 2022//2028 2027//2033 2023//2029 2019//2025
f 1935//1941 1938//1944 2027//2033 2022//2028
f 2028//2034 2027//2033 1938//1944 1937//1943
f 1819//1825 2029//2035 2030//2036 1818//1824
f 2031//2037 2030//2036 2029//2035 2032//2038
f 2005//2011 2002//2008 2030//2036 2031//2037
f 1818//1824 2030//2036 2002//2008 1813//1819
f 1944//1950 2016//2022 2033//2039 1945//1951
f 2031//2037 2033//2039 2016//2022 2005//2011
f 2032//2038 2034//2040 2033//2039 2031//2037
f 1945//1951 2033//2039 2034//2040 1947//1953
f 1825//1831 2035//2041 2036//2042 1824//1830
f 2037//2043 2036//2042 2035//2041 2038//2044
f 2032//2038 2029//2035 2036//2042 2037//2043
f 1824//1830 2036//2042 2029//2035 1819//1825
f 1947//1953 2034//2040 2039//2045 1956//1962
f 2037//2043 2039//2045 2034//2040 2032//2038
f 2038//2044 2040//2046 2039//2045 2037//2043
f 1956//1962 2039//2045 2040//2046 1953//1959
f 1982//1988 2041//2047 2042//2048 1995//2001
f 2043//2049 2042//2048 2041//2047 2001//2007
f 2038//2044 2035//2041 2042//2048 2043//2049
f 1995//2001 2042//2048 2035//2041 1825//1831
f 1953//1959 2040//2046 2044//2050 1991//1997
f 2043//2049 2044//2050 2040//2046 2038//2044
f 2001//2007 2000//2006 2044//2050 2043//2049
f 1991//1997 2044//2050 2000//2006 1992//1998
f 2045//2051 2046//2052 2047//2053 2048//2054
f 2028//2034 2047//2053 2046//2052 2026//2032
f 1937//1943 1962//1968 2047//2053 2028//2034
f 2048//2054 2047//2053 1962//1968 1961//1967
f 2049//2055 2050//2056 1828//1834
f 2025//2031 2049//2055 1950//1956 1949//1955
f 2026//2032 2046//2052 2049//2055 2025//2031
f 2046//2052 2045//2051 2050//2056
f 2045//2051 2051//2057 2052//2058 2050//2056
f 2051//2057 2053//2059 2054//2060
f 2052//2058 2054//2060 1830//1836
f 1829//1835 1828//1834 2050//2056
f 2053//2059 2051//2057 2055//2061 2056//2062
f 2051//2057 2045//2051 2048//2054
f 2055//2061 2048//2054 1961//1967
f 1966//1972 1965//1971 2056//2062
f 2054//2060 2057//2063 1832//1838 1830//1836
f 2053//2059 2058//2064 2057//2063 2054//2060
f 2059//2065 2060//2066 2057//2063 2058//2064
f 2060//2066 1834//1840 1832//1838
f 2058//2064 2061//2067 2062//2068 2059//2065
f 2056//2062 2061//2067 2058//2064 2053//2059
f 1965//1971 1970//1976 2061//2067 2056//2062
f 2062//2068 2061//2067 1970//1976 1969//1975
f 2063//2069 1837//1843 1834//1840
f 2060//2066 2059//2065 2064//2070
f 2065//2071 2066//2072 2063//2069 2064//2070
f 1837//1843 2063//2069 2066//2072 1838//1844
f 2059//2065 2062//2068 2067//2073 2064//2070
f 2067//2073 2062//2068 1969//1975
f 1973//1979 2068//2074 2067//2073 1974//1980
f 2064//2070 2067//2073 2068//2074 2065//2071
f 1838//1844 2066//2072 2069//2075 1840//1846
f 2070//2076 2069//2075 2066//2072 2065//2071
f 2071//2077 2072//2078 2069//2075 2070//2076
f 1840//1846 2069//2075 2072//2078 1842//1848
f 2065//2071 2068//2074 2073//2079 2070//2076
f 1977//1983 2073//2079 2068//2074 1973//1979
f 1978//1984 2074//2080 2073//2079 1977//1983
f 2070//2076 2073//2079 2074//2080 2071//2077
f 2072//2078 2075//2081 1844//1850 1842//1848
f 2076//2082 2075//2081 2072//2078 2071//2077
f 1996//2002 2077//2083 2075//2081 2076//2082
f 1844//1850 2075//2081 2077//2083 1846//1852
f 2071//2077 2074//2080 2078//2084 2076//2082
f 1987//1993 2078//2084 2074//2080 1978//1984
f 1988//1994 1997//2003 2078//2084 1987//1993
f 2076//2082 2078//2084 1997//2003 1996//2002
f 1846//1852 2077//2083 2079//2085 1980//1986
f 2077//2083 1996//2002 1999//2005
f 2001//2007 2041//2047 2079//2085 1999//2005
f 1980//1986 2079//2085 2041//2047 1982//1988
f 2080//2086 2081//2087 2082//2088 2083//2089
f 1761//1767 2082//2088 2081//2087 1758//1764
f 1766//1772 1849//1855 2082//2088 1761//1767
f 2083//2089 2082//2088 1849//1855 1848//1854
f 2084//2090 2085//2091 2086//2092 2087//2093
f 2081//2087 2086//2092 2085//2091 1758//1764
f 2080//2086 2087//2093 2086//2092 2081//2087
f 2088//2094 2089//2095 2090//2096 2091//2097
f 2083//2089 2090//2096 2089//2095 2080//2086
f 1848//1854 1979//1985 2090//2096 2083//2089
f 2091//2097 2090//2096 1979//1985 1984//1990
f 2080//2086 2089//2095 2092//2098 2087//2093
f 2093//2099 2092//2098 2089//2095 2088//2094
f 2094//2100 2095//2101 2092//2098 2093//2099
f 2087//2093 2092//2098 2095//2101 2084//2090
f 2096//2102 2097//2103 2098//2104 2099//2105
f 2091//2097 2097//2103 2096//2102 2088//2094
f 1984//1990 1994//2000 2097//2103 2091//2097
f 1820//1826 2098//2104 2097//2103 1994//2000
f 1743//1749 2100//2106 2101//2107 1742//1748
f 1817//1823 2101//2107 2100//2106 1814//1820
f 1747//1753 1744//1750 2101//2107 1817//1823
f 1742//1748 2101//2107 1744//1750 1636//1642
f 1814//1820 2100//2106 2102//2108 1823//1829
f 2100//2106 1743//1749 2103//2109
f 2099//2105 2098//2104 2102//2108 2103//2109
f 1823//1829 2102//2108 2098//2104 1820//1826
f 2088//2094 2096//2102 2104//2110 2093//2099
f 2105//2111 2104//2110 2096//2102 2099//2105
f 2106//2112 2107//2113 2104//2110 2105//2111
f 2093//2099 2104//2110 2107//2113 2094//2100
f 2108//2114 2109//2115 2110//2116 2111//2117
f 2105//2111 2110//2116 2109//2115 2106//2112
f 2099//2105 2103//2109 2110//2116 2105//2111
f 2103//2109 1743//1749 2111//2117
f 2112//2118 2113//2119 2114//2120
f 2115//2121 2116//2122 2117//2123
f 2112//2118 2117//2123 1743//1749
f 1739//1745 1738//1744 2113//2119
f 2118//2124 2117//2123 2116//2122
f 2119//2125 2118//2124 2120//2126 2121//2127
f 2108//2114 2111//2117 2118//2124 2119//2125
f 2111//2117 1743//1749 2117//2123
f 2122//2128 2123//2129 2124//2130 2125//2131
f 2123//2129 2122//2128 2116//2122
f 2115//2121 2114//2120 2126//2132
f 2127//2133 2124//2130 2123//2129 2126//2132
f 2125//2131 2128//2134 2129//2135 2122//2128
f 2130//2136 2129//2135 2128//2134 2131//2137
f 2121//2127 2120//2126 2129//2135 2130//2136
f 2122//2128 2129//2135 2120//2126 2116//2122
f 2132//2138 2133//2139 2134//2140
f 2124//2130 2132//2138 2135//2141 2125//2131
f 2132//2138 2124//2130 2127//2133
f 2133//2139 2132//2138 2136//2142 2137//2143
f 1616//1622 1615//1621 2138//2144 2139//2145
f 2140//2146 2138//2144 1615//1621 1530//1536
f 2134//2140 2133//2139 2138//2144 2140//2146
f 2139//2145 2138//2144 2133//2139 2137//2143
f 2135//2141 2141//2147 2128//2134 2125//2131
f 2134//2140 2142//2148 2141//2147 2135//2141
f 2143//2149 2141//2147 2142//2148 2144//2150
f 2131//2137 2128//2134 2141//2147 2143//2149
f 965//971 2145//2151 2146//2152 2147//2153
f 2148//2154 2146//2152 2145//2151 2149//2155
f 2150//2156 2151//2157 2146//2152 2148//2154
f 2147//2153 2146//2152 2151//2157 1529//1535
f 2152//2158 2153//2159 2154//2160 2155//2161
f 2144//2150 2142//2148 2153//2159 2152//2158
f 2140//2146 2153//2159 2142//2148 2134//2140
f 2153//2159 2140//2146 1530//1536
f 2156//2162 2157//2163 2158//2164 2159//2165
f 2158//2164 2157//2163 2160//2166
f 2158//2164 2161//2167 1614//1620
f 2159//2165 2158//2164 1613//1619 1616//1622
f 2162//2168 1620//1626 1614//1620
f 2163//2169 2162//2168 2161//2167 2160//2166
f 2164//2170 2165//2171 2162//2168 2163//2169
f 1620//1626 2162//2168 2165//2171 1617//1623
f 2166//2172 2167//2173 2165//2171 2164//2170
f 2168//2174 2167//2173 2166//2172 2169//2175
f 1623//1629 1621//1627 2167//2173 2168//2174
f 1617//1623 2165//2171 2167//2173 1621//1627
f 2169//2175 2170//2176 2171//2177 2168//2174
f 2172//2178 2171//2177 2170//2176 2173//2179
f 1628//1634 1625//1631 2171//2177 2172//2178
f 2168//2174 2171//2177 1625//1631 1623//1629
f 2172//2178 2174//2180 1629//1635 1628//1634
f 2173//2179 2175//2181 2174//2180 2172//2178
f 2176//2182 2174//2180 2175//2181 2177//2183
f 2174//2180 2176//2182 1632//1638 1629//1635
f 2137//2143 2178//2184 2179//2185 2139//2145
f 2180//2186 2181//2187 2179//2185 2178//2184
f 2159//2165 2179//2185 2181//2187 2156//2162
f 2159//2165 1616//1622 2139//2145
f 2182//2188 2183//2189 2184//2190 2185//2191
f 2178//2184 2184//2190 2183//2189 2180//2186
f 2137//2143 2136//2142 2184//2190 2178//2184
f 2185//2191 2184//2190 2136//2142 2127//2133
f 2186//2192 2187//2193 2188//2194 2189//2195
f 2182//2188 2185//2191 2187//2193 2186//2192
f 2126//2132 2187//2193 2185//2191 2127//2133
f 2114//2120 2188//2194 2187//2193 2126//2132
f 2177//2183 2190//2196 2191//2197 2176//2182
f 2192//2198 2191//2197 2190//2196 2193//2199
f 2192//2198 1738//1744 1741//1747
f 1632//1638 2176//2182 2191//2197 1741//1747
f 1738//1744 2192//2198 2194//2200 2113//2119
f 2195//2201 2194//2200 2192//2198 2193//2199
f 2189//2195 2188//2194 2194//2200 2195//2201
f 2113//2119 2194//2200 2188//2194 2114//2120
f 1675//1681 2196//2202 2197//2203 1674//1680
f 2198//2204 2197//2203 2196//2202 2199//2205
f 2200//2206 2201//2207 2197//2203 2198//2204
f 1674//1680 2197//2203 2201//2207 1662//1668
f 1716//1722 2202//2208 2203//2209 1731//1737
f 2204//2210 2203//2209 2202//2208 2205//2211
f 2206//2212 2207//2213 2203//2209 2204//2210
f 1731//1737 2203//2209 2207//2213 1725//1731
f 1725//1731 2207//2213 2208//2214 1724//1730
f 2209//2215 2208//2214 2207//2213 2206//2212
f 2210//2216 2211//2217 2208//2214 2209//2215
f 1724//1730 2208//2214 2211//2217 1687//1693
f 2206//2212 2212//2218 2213//2219 2209//2215
f 2181//2187 2213//2219 2212//2218 2156//2162
f 2214//2220 2213//2219 2181//2187 2180//2186
f 2210//2216 2209//2215 2213//2219 2214//2220
f 2156//2162 2212//2218 2215//2221 2157//2163
f 2204//2210 2215//2221 2212//2218 2206//2212
f 2205//2211 2216//2222 2215//2221 2204//2210
f 2157//2163 2215//2221 2216//2222 2160//2166
f 1645//1651 2217//2223 2218//2224 1719//1725
f 2219//2225 2218//2224 2217//2223 2220//2226
f 2205//2211 2202//2208 2218//2224 2219//2225
f 1719//1725 2218//2224 2202//2208 1716//1722
f 2160//2166 2216//2222 2221//2227 2163//2169
f 2219//2225 2221//2227 2216//2222 2205//2211
f 2221//2227 2219//2225 2220//2226
f 2163//2169 2221//2227 2222//2228 2164//2170
f 2223//2229 2224//2230 2225//2231 2226//2232
f 2225//2231 2224//2230 2220//2226
f 1644//1650 2225//2231 2217//2223 1645//1651
f 2226//2232 2225//2231 1644//1650 1643//1649
f 2169//2175 2166//2172 2227//2233 2228//2234
f 2164//2170 2222//2228 2227//2233 2166//2172
f 2224//2230 2227//2233 2222//2228 2220//2226
f 2228//2234 2227//2233 2224//2230 2223//2229
f 2229//2235 2230//2236 2231//2237 2232//2238
f 2226//2232 2231//2237 2230//2236 2223//2229
f 1643//1649 1651//1657 2231//2237 2226//2232
f 2232//2238 2231//2237 1651//1657 1650//1656
f 2173//2179 2170//2176 2233//2239 2234//2240
f 2228//2234 2233//2239 2170//2176 2169//2175
f 2223//2229 2230//2236 2233//2239 2228//2234
f 2234//2240 2233//2239 2230//2236 2229//2235
f 2235//2241 2236//2242 2237//2243 2238//2244
f 2232//2238 2237//2243 2236//2242 2229//2235
f 1650//1656 1657//1663 2237//2243 2232//2238
f 2238//2244 2237//2243 1657//1663 1656//1662
f 2177//2183 2175//2181 2239//2245 2240//2246
f 2234//2240 2239//2245 2175//2181 2173//2179
f 2229//2235 2236//2242 2239//2245 2234//2240
f 2240//2246 2239//2245 2236//2242 2235//2241
f 2200//2206 2241//2247 2242//2248 2201//2207
f 2238//2244 2242//2248 2241//2247 2235//2241
f 1656//1662 1663//1669 2242//2248 2238//2244
f 2201//2207 2242//2248 1663//1669 1662//1668
f 2193//2199 2190//2196 2243//2249 2244//2250
f 2240//2246 2243//2249 2190//2196 2177//2183
f 2235//2241 2241//2247 2243//2249 2240//2246
f 2244//2250 2243//2249 2241//2247 2200//2206
f 2210//2216 2245//2251 2246//2252 2211//2217
f 2247//2253 2246//2252 2245//2251 2248//2254
f 1686//1692 2246//2252 2247//2253 1681//1687
f 1687//1693 2211//2217 2246//2252 1686//1692
f 2248//2254 2245//2251 2249//2255 2250//2256
f 2214//2220 2249//2255 2245//2251 2210//2216
f 2180//2186 2183//2189 2249//2255 2214//2220
f 2250//2256 2249//2255 2183//2189 2182//2188
f 1681//1687 2247//2253 2251//2257 1680//1686
f 2248//2254 2252//2258 2251//2257 2247//2253
f 2199//2205 2196//2202 2251//2257 2252//2258
f 1680//1686 2251//2257 2196//2202 1675//1681
f 2250//2256 2253//2259 2252//2258 2248//2254
f 2182//2188 2186//2192 2253//2259 2250//2256
f 2189//2195 2254//2260 2253//2259 2186//2192
f 2252//2258 2253//2259 2254//2260 2199//2205
f 2199//2205 2254//2260 2255//2261 2198//2204
f 2195//2201 2255//2261 2254//2260 2189//2195
f 2193//2199 2244//2250 2255//2261 2195//2201
f 2198//2204 2255//2261 2244//2250 2200//2206
f 2256//2262 2257//2263 2258//2264 2259//2265
f 2260//2266 2261//2267 2257//2263 2256//2262
f 2262//2268 2263//2269 2257//2263 2261//2267
f 2258//2264 2257//2263 2263//2269 2264//2270
f 2265//2271 2266//2272 2259//2265
f 2264//2270 2267//2273 2265//2271 2258//2264
f 2268//2274 2269//2275 2265//2271 2267//2273
f 2269//2275 2270//2276 2266//2272
f 2270//2276 2269//2275 2271//2277 2272//2278
f 2273//2279 2271//2277 2269//2275 2268//2274
f 2274//2280 2275//2281 2271//2277 2273//2279
f 2272//2278 2271//2277 2275//2281 2276//2282
f 2277//2283 2278//2284 2279//2285 2280//2286
f 2281//2287 2279//2285 2278//2284 2282//2288
f 1324//1330 1397//1403 2279//2285 2281//2287
f 2280//2286 2279//2285 1397//1403 1396//1402
f 2274//2280 2283//2289 2284//2290 2285//2291
f 2286//2292 2287//2293 2284//2290 2283//2289
f 2278//2284 2284//2290 2287//2293 2282//2288
f 2285//2291 2284//2290 2278//2284 2277//2283
f 1325//1331 1324//1330 2281//2287
f 2288//2294 2289//2295 2281//2287 2282//2288
f 2290//2296 2291//2297 2289//2295 2288//2294
f 1325//1331 2289//2295 2291//2297 1314//1320
f 2292//2298 2293//2299 2294//2300 2295//2301
f 2288//2294 2294//2300 2293//2299 2290//2296
f 2282//2288 2287//2293 2294//2300 2288//2294
f 2295//2301 2294//2300 2287//2293 2286//2292
f 2268//2274 2296//2302 2297//2303 2273//2279
f 2296//2302 2298//2304 2299//2305
f 2286//2292 2283//2289 2297//2303 2299//2305
f 2273//2279 2297//2303 2283//2289 2274//2280
f 2298//2304 2300//2306 2301//2307 2299//2305
f 2302//2308 2303//2309 2301//2307 2300//2306
f 2295//2301 2301//2307 2303//2309 2292//2298
f 2299//2305 2301//2307 2295//2301 2286//2292
f 2292//2298 2303//2309 2304//2310 2293//2299
f 2305//2311 2304//2310 2303//2309 2302//2308
f 2306//2312 2307//2313 2304//2310 2305//2311
f 2293//2299 2304//2310 2307//2313 2290//2296
f 2308//2314 2309//2315 2310//2316 2311//2317
f 2296//2302 2310//2316 2309//2315 2298//2304
f 2268//2274 2267//2273 2310//2316 2296//2302
f 2311//2317 2310//2316 2267//2273 2264//2270
f 2312//2318 2313//2319 2314//2320
f 2300//2306 2312//2318 2315//2321 2302//2308
f 2312//2318 2300//2306 2298//2304 2309//2315
f 2313//2319 2312//2318 2309//2315 2308//2314
f 2264//2270 2263//2269 2316//2322 2311//2317
f 2317//2323 2316//2322 2263//2269 2262//2268
f 2318//2324 2319//2325 2316//2322 2317//2323
f 2311//2317 2316//2322 2319//2325 2308//2314
f 2320//2326 2321//2327 2322//2328 2323//2329
f 2313//2319 2322//2328 2321//2327 2314//2320
f 2308//2314 2319//2325 2322//2328 2313//2319
f 2323//2329 2322//2328 2319//2325 2318//2324
f 2324//2330 2305//2311 2302//2308
f 2325//2331 2324//2330 2315//2321 2314//2320
f 2326//2332 2327//2333 2324//2330 2325//2331
f 2305//2311 2324//2330 2327//2333 2306//2312
f 2328//2334 2329//2335 2330//2336 2331//2337
f 2256//2262 2330//2336 2329//2335 2260//2266
f 2259//2265 2332//2338 2330//2336 2256//2262
f 2331//2337 2330//2336 2332//2338 2333//2339
f 2334//2340 2335//2341 2336//2342
f 2337//2343 2334//2340 2338//2344 2339//2345
f 2334//2340 2337//2343 2260//2266
f 2329//2335 2328//2334 2335//2341
f 2337//2343 2340//2346 2261//2267 2260//2266
f 2341//2347 2340//2346 2337//2343 2339//2345
f 2342//2348 2340//2346 2341//2347 2343//2349
f 2261//2267 2340//2346 2342//2348 2262//2268
f 2262//2268 2342//2348 2344//2350 2317//2323
f 2343//2349 2345//2351 2344//2350 2342//2348
f 2346//2352 2347//2353 2344//2350 2345//2351
f 2317//2323 2344//2350 2347//2353 2318//2324
f 2348//2354 2349//2355 2350//2356 2351//2357
f 2323//2329 2350//2356 2349//2355 2320//2326
f 2318//2324 2347//2353 2350//2356 2323//2329
f 2351//2357 2350//2356 2347//2353 2346//2352
f 2348//2354 2352//2358 2353//2359 2349//2355
f 2354//2360 2355//2361 2353//2359 2352//2358
f 2356//2362 2357//2363 2353//2359 2355//2361
f 2349//2355 2353//2359 2357//2363 2320//2326
f 2270//2276 2358//2364 2359//2365 2266//2272
f 2360//2366 2359//2365 2358//2364 2361//2367
f 2333//2339 2332//2338 2359//2365 2360//2366
f 2332//2338 2259//2265 2266//2272
f 2362//2368 2363//2369 2364//2370 2365//2371
f 2280//2286 2364//2370 2363//2369 2277//2283
f 1396//1402 1452//1458 2364//2370 2280//2286
f 2365//2371 2364//2370 1452//1458 1449//1455
f 2277//2283 2363//2369 2366//2372 2285//2291
f 2367//2373 2366//2372 2363//2369 2362//2368
f 2276//2282 2275//2281 2366//2372 2367//2373
f 2285//2291 2366//2372 2275//2281 2274//2280
f 2276//2282 2367//2373 2368//2374 2272//2278
f 2369//2375 2368//2374 2367//2373 2362//2368
f 2368//2374 2369//2375 2361//2367
f 2272//2278 2368//2374 2358//2364 2270//2276
f 2370//2376 2371//2377 2372//2378
f 2365//2371 2370//2376 2373//2379 2362//2368
f 1449//1455 1454//1460 2370//2376 2365//2371
f 2371//2377 2370//2376 1454//1460 1456//1462
f 2374//2380 2375//2381 2376//2382 2377//2383
f 2378//2384 2376//2382 2375//2381 2379//2385
f 2362//2368 2373//2379 2376//2382 2378//2384
f 2377//2383 2376//2382 2373//2379 2372//2378
f 2380//2386 2369//2375 2362//2368
f 2381//2387 2380//2386 2378//2384 2379//2385
f 2382//2388 2383//2389 2380//2386 2381//2387
f 2383//2389 2361//2367 2369//2375
f 2384//2390 2385//2391 2386//2392 2387//2393
f 2375//2381 2386//2392 2385//2391 2379//2385
f 2374//2380 2388//2394 2386//2392 2375//2381
f 2387//2393 2386//2392 2388//2394 2389//2395
f 2379//2385 2385//2391 2390//2396 2381//2387
f 2385//2391 2384//2390 2391//2397
f 2392//2398 2393//2399 2390//2396 2391//2397
f 2381//2387 2390//2396 2393//2399 2382//2388
f 2384//2390 2394//2400 2395//2401 2391//2397
f 2396//2402 2397//2403 2395//2401 2394//2400
f 2397//2403 2398//2404 2399//2405
f 2399//2405 2392//2398 2391//2397
f 2389//2395 2400//2406 2401//2407 2387//2393
f 2402//2408 2401//2407 2400//2406 2403//2409
f 2396//2402 2394//2400 2401//2407 2402//2408
f 2387//2393 2401//2407 2394//2400 2384//2390
f 2404//2410 2405//2411 2406//2412 2407//2413
f 2408//2414 2406//2412 2405//2411 2409//2415
f 2352//2358 2406//2412 2408//2414 2354//2360
f 2407//2413 2406//2412 2352//2358 2348//2354
f 2410//2416 2351//2357 2346//2352
f 2410//2416 2411//2417 2412//2418
f 2404//2410 2407//2413 2410//2416 2413//2419
f 2407//2413 2348//2354 2351//2357
f 2414//2420 2415//2421 2345//2351 2343//2349
f 2416//2422 2415//2421 2414//2420 2417//2423
f 2411//2417 2415//2421 2416//2422 2412//2418
f 2345//2351 2415//2421 2411//2417 2346//2352
f 2339//2345 2418//2424 2419//2425 2341//2347
f 2420//2426 2421//2427 2419//2425 2418//2424
f 2417//2423 2414//2420 2419//2425 2421//2427
f 2343//2349 2341//2347 2419//2425 2414//2420
f 2418//2424 2422//2428 2423//2429 2420//2426
f 2338//2344 2422//2428 2418//2424 2339//2345
f 2338//2344 2336//2342 2424//2430
f 2423//2429 2422//2428 2424//2430 2425//2431
f 2328//2334 2426//2432 2427//2433 2335//2341
f 2428//2434 2427//2433 2426//2432 2429//2435
f 2425//2431 2424//2430 2427//2433 2428//2434
f 2336//2342 2335//2341 2427//2433 2424//2430
f 2425//2431 2428//2434 2430//2436 2423//2429
f 2430//2436 2428//2434 2429//2435 2431//2437
f 2432//2438 2430//2436 2431//2437 2433//2439
f 2420//2426 2423//2429 2430//2436 2432//2438
f 2333//2339 2434//2440 2435//2441 2331//2337
f 2436//2442 2435//2441 2434//2440 2437//2443
f 2429//2435 2426//2432 2435//2441 2436//2442
f 2331//2337 2435//2441 2426//2432 2328//2334
f 2361//2367 2438//2444 2439//2445 2360//2366
f 2440//2446 2439//2445 2438//2444 2441//2447
f 2437//2443 2434//2440 2439//2445 2440//2446
f 2360//2366 2439//2445 2434//2440 2333//2339
f 2356//2362 2442//2448 2443//2449 2357//2363
f 2325//2331 2443//2449 2442//2448 2326//2332
f 2314//2320 2321//2327 2443//2449 2325//2331
f 2357//2363 2443//2449 2321//2327 2320//2326
f 2444//2450 2445//2451 2446//2452 2447//2453
f 2355//2361 2446//2452 2445//2451 2356//2362
f 2354//2360 2408//2414 2446//2452 2355//2361
f 2447//2453 2446//2452 2408//2414 2409//2415
f 2448//2454 2449//2455 2450//2456 2451//2457
f 2442//2448 2450//2456 2449//2455 2326//2332
f 2450//2456 2442//2448 2356//2362 2445//2451
f 2451//2457 2450//2456 2445//2451 2444//2450
f 2452//2458 2453//2459 2454//2460 2455//2461
f 2326//2332 2449//2455 2453//2459 2452//2458
f 2448//2454 2454//2460 2453//2459 2449//2455
f 2409//2415 2405//2411 2456//2462 2447//2453
f 2457//2463 2456//2462 2405//2411 2404//2410
f 2458//2464 2459//2465 2456//2462 2457//2463
f 2447//2453 2456//2462 2459//2465 2444//2450
f 2460//2466 2461//2467 2462//2468 2463//2469
f 2451//2457 2462//2468 2461//2467 2448//2454
f 2444//2450 2459//2465 2462//2468 2451//2457
f 2463//2469 2462//2468 2459//2465 2458//2464
f 2404//2410 2413//2419 2464//2470 2457//2463
f 2413//2419 2412//2418 2465//2471
f 2466//2472 2467//2473 2464//2470 2465//2471
f 2457//2463 2464//2470 2467//2473 2458//2464
f 2412//2418 2416//2422 2468//2474 2465//2471
f 2417//2423 2469//2475 2468//2474 2416//2422
f 2470//2476 2471//2477 2468//2474 2469//2475
f 2465//2471 2468//2474 2471//2477 2466//2472
f 2433//2439 2472//2478 2473//2479 2432//2438
f 2469//2475 2473//2479 2472//2478 2470//2476
f 2417//2423 2421//2427 2473//2479 2469//2475
f 2432//2438 2473//2479 2421//2427 2420//2426
f 2436//2442 2474//2480 2431//2437 2429//2435
f 2474//2480 2436//2442 2437//2443
f 2475//2481 2476//2482 2474//2480 2477//2483
f 2431//2437 2474//2480 2476//2482 2433//2439
f 2478//2484 2479//2485 2467//2473 2466//2472
f 2479//2485 2478//2484 2480//2486 2481//2487
f 2463//2469 2479//2485 2481//2487 2460//2466
f 2458//2464 2467//2473 2479//2485 2463//2469
f 2466//2472 2471//2477 2482//2488 2478//2484
f 2470//2476 2483//2489 2482//2488 2471//2477
f 2484//2490 2482//2488 2483//2489 2485//2491
f 2482//2488 2484//2490 2480//2486 2478//2484
f 2486//2492 2472//2478 2433//2439
f 2487//2493 2486//2492 2476//2482 2475//2481
f 2485//2491 2483//2489 2486//2492 2487//2493
f 2472//2478 2486//2492 2483//2489 2470//2476
f 2488//2494 2487//2493 2475//2481
f 2489//2495 2488//2494 2490//2496 2491//2497
f 2492//2498 2493//2499 2488//2494 2489//2495
f 2487//2493 2488//2494 2493//2499 2485//2491
f 2440//2446 2494//2500 2477//2483 2437//2443
f 2441//2447 2495//2501 2494//2500 2440//2446
f 2494//2500 2495//2501 2491//2497
f 2490//2496 2475//2481 2477//2483
f 2496//2502 2383//2389 2382//2388
f 2497//2503 2498//2504 2499//2505
f 2496//2502 2499//2505 2441//2447
f 2438//2444 2361//2367 2383//2389
f 2500//2506 2393//2399 2392//2398
f 2500//2506 2399//2405 2398//2404
f 2500//2506 2501//2507 2498//2504
f 2497//2503 2382//2388 2393//2399
f 2499//2505 2502//2508 2495//2501 2441//2447
f 2499//2505 2498//2504 2503//2509
f 2504//2510 2505//2511 2502//2508 2503//2509
f 2495//2501 2502//2508 2505//2511 2491//2497
f 2506//2512 2484//2490 2485//2491
f 2507//2513 2506//2512 2493//2499 2492//2498
f 2508//2514 2509//2515 2506//2512 2507//2513
f 2484//2490 2506//2512 2509//2515 2480//2486
f 2510//2516 2511//2517 2512//2518 2513//2519
f 2489//2495 2512//2518 2511//2517 2492//2498
f 2512//2518 2489//2495 2491//2497
f 2513//2519 2512//2518 2505//2511 2504//2510
f 2514//2520 2515//2521 2516//2522 2517//2523
f 2403//2409 2400//2406 2515//2521 2514//2520
f 2389//2395 2388//2394 2515//2521 2400//2406
f 2516//2522 2515//2521 2388//2394 2374//2380
f 2398//2404 2397//2403 2518//2524 2501//2507
f 2519//2525 2518//2524 2397//2403 2396//2402
f 2520//2526 2521//2527 2518//2524 2519//2525
f 2521//2527 2498//2504 2501//2507
f 2522//2528 2521//2527 2520//2526
f 2513//2519 2522//2528 2523//2529 2510//2516
f 2504//2510 2503//2509 2522//2528 2513//2519
f 2498//2504 2521//2527 2522//2528
f 2403//2409 2514//2520 2524//2530 2402//2408
f 2525//2531 2524//2530 2514//2520 2517//2523
f 2519//2525 2524//2530 2525//2531 2520//2526
f 2402//2408 2524//2530 2519//2525 2396//2402
f 1314//1320 2291//2297 2526//2532 1315//1321
f 2527//2533 2526//2532 2291//2297 2290//2296
f 2528//2534 2529//2535 2526//2532 2527//2533
f 1315//1321 2526//2532 2529//2535 1318//1324
f 1318//1324 2529//2535 2530//2536 1401//1407
f 2531//2537 2530//2536 2529//2535 2528//2534
f 1460//1466 1459//1465 2530//2536 2531//2537
f 1401//1407 2530//2536 1459//1465 1398//1404
f 2532//2538 2533//2539 2534//2540 2535//2541
f 2371//2377 2534//2540 2533//2539 2372//2378
f 1456//1462 1457//1463 2534//2540 2371//2377
f 2535//2541 2534//2540 1457//1463 1460//1466
f 2372//2378 2533//2539 2536//2542 2377//2383
f 2537//2543 2536//2542 2533//2539 2532//2538
f 2516//2522 2536//2542 2537//2543 2517//2523
f 2377//2383 2536//2542 2516//2522 2374//2380
f 2538//2544 2531//2537 2528//2534
f 2539//2545 2540//2546 2541//2547
f 2541//2547 2532//2538 2535//2541
f 2535//2541 1460//1466 2531//2537
f 2542//2548 2543//2549 2520//2526
f 2517//2523 2544//2550 2542//2548 2525//2531
f 2544//2550 2545//2551 2543//2549
f 2546//2552 2547//2553 2548//2554 2549//2555
f 2527//2533 2548//2554 2547//2553 2528//2534
f 2290//2296 2307//2313 2548//2554 2527//2533
f 2549//2555 2548//2554 2307//2313 2306//2312
f 2455//2461 2550//2556 2551//2557 2452//2458
f 2549//2555 2551//2557 2550//2556 2546//2552
f 2306//2312 2327//2333 2551//2557 2549//2555
f 2452//2458 2551//2557 2327//2333 2326//2332
f 2545//2551 2544//2550 2552//2558 2553//2559
f 2517//2523 2537//2543 2552//2558 2544//2550
f 2553//2559 2552//2558 2537//2543 2532//2538
f 2508//2514 2554//2560 2555//2561 2509//2515
f 2554//2560 2556//2562 2557//2563
f 2460//2466 2481//2487 2555//2561 2557//2563
f 2509//2515 2555//2561 2481//2487 2480//2486
f 2558//2564 2559//2565 2556//2562
f 2558//2564 2560//2566 2561//2567 2562//2568
f 2546//2552 2550//2556 2558//2564 2562//2568
f 2559//2565 2558//2564 2550//2556 2455//2461
f 2557//2563 2563//2569 2461//2467 2460//2466
f 2557//2563 2556//2562 2559//2565
f 2455//2461 2454//2460 2563//2569 2559//2565
f 2454//2460 2448//2454 2461//2467
f 2564//2570 2565//2571 2566//2572 2567//2573
f 2565//2571 2561//2567 2560//2566
f 2566//2572 2560//2566 2556//2562
f 2554//2560 2508//2514 2567//2573
f 2492//2498 2511//2517 2568//2574 2507//2513
f 2569//2575 2568//2574 2511//2517 2510//2516
f 2567//2573 2568//2574 2569//2575 2564//2570
f 2507//2513 2568//2574 2567//2573 2508//2514
f 2570//2576 2543//2549 2545//2551
f 2571//2577 2564//2570 2569//2575
f 2510//2516 2523//2529 2570//2576 2569//2575
f 2543//2549 2570//2576 2523//2529 2520//2526
f 2572//2578 2565//2571 2564//2570
f 2573//2579 2572//2578 2571//2577 2545//2551
f 2561//2567 2565//2571 2572//2578 2573//2579
f 2562//2568 2574//2580 2547//2553 2546//2552
f 2575//2581 2574//2580 2562//2568 2561//2567
f 2540//2546 2539//2545 2574//2580 2575//2581
f 2547//2553 2574//2580 2539//2545 2528//2534
f 2540//2546 2575//2581 2576//2582 2541//2547
f 2573//2579 2576//2582 2575//2581 2561//2567
f 2553//2559 2576//2582 2573//2579 2545//2551
f 2541//2547 2576//2582 2553//2559 2532//2538
f 2577//2583 2578//2584 2579//2585
f 2580//2586 2581//2587 2582//2588 2579//2585
f 2581//2587 111//106 114//109
f 2582//2588 114//109 101//96
f 2583//2589 2584//2590 230//244 231//245
f 2585//2591 2584//2590 2583//2589 2578//2584
f 124//119 128//123 2584//2590 2585//2591
f 230//244 2584//2590 128//123 127//122
f 2585//2591 2586//2592 120//115 124//119
f 2578//2584 2577//2583 2586//2592 2585//2591
f 101//96 104//99 2586//2592 2577//2583
f 106//101 120//115 2586//2592 104//99
f 2580//2586 2579//2585 2587//2593 2588//2594
f 2579//2585 2578//2584 2589//2595
f 2590//2596 2587//2593 2589//2595 2591//2597
f 2588//2594 2587//2593 2590//2596 2592//2598
f 231//245 233//247 2593//2599 2583//2589
f 233//247 232//246 2594//2600
f 2595//2601 2596//2602 2593//2599 2594//2600
f 2596//2602 2578//2584 2583//2589
f 2591//2597 2597//2603 2598//2604 2590//2596
f 2599//2605 2600//2606 2598//2604
f 2601//2607 2602//2608 2598//2604 2600//2606
f 2590//2596 2598//2604 2602//2608 2592//2598
f 2603//2609 2604//2610 2596//2602 2595//2601
f 2603//2609 2599//2605 2597//2603
f 2591//2597 2589//2595 2604//2610 2597//2603
f 2589//2595 2578//2584 2596//2602
f 2599//2605 2605//2611 2606//2612 2600//2606
f 2607//2613 2606//2612 2605//2611 2608//2614
f 2609//2615 2610//2616 2606//2612 2607//2613
f 2600//2606 2606//2612 2610//2616 2601//2607
f 2611//2617 2612//2618 2613//2619 2614//2620
f 2608//2614 2605//2611 2612//2618 2611//2617
f 2612//2618 2605//2611 2599//2605
f 2595//2601 2613//2619 2612//2618 2603//2609
f 232//246 2615//2621 2616//2622 2594//2600
f 2617//2623 2616//2622 2615//2621 2618//2624
f 2614//2620 2613//2619 2616//2622 2617//2623
f 2594//2600 2616//2622 2613//2619 2595//2601
f 2618//2624 2615//2621 2619//2625 2620//2626
f 235//249 2619//2625 2615//2621 232//246
f 2619//2625 235//249 225//240
f 2620//2626 2619//2625 227//239 224//232
f 2621//2627 2622//2628 2623//2629 2624//2630
f 2620//2626 2623//2629 2622//2628 2618//2624
f 224//232 223//231 2623//2629 2620//2626
f 2624//2630 2623//2629 223//231 222//228
f 2625//2631 2626//2632 2627//2633
f 2628//2634 2621//2627 2624//2630
f 222//228 221//227 2625//2631 2624//2630
f 2626//2632 2625//2631 221//227 220//224
f 218//2635 2629//2636 2630//2637 219//223
f 2631//2638 2630//2637 2629//2636 2632//2639
f 2631//2638 2627//2633 2626//2632
f 220//224 219//223 2630//2637 2626//2632
f 2633//2640 2634//2641 2635//2642 2636//2643
f 2637//2644 2635//2642 2634//2641 2638//2645
f 2639//2646 2635//2642 2637//2644 2640//2647
f 2636//2643 2635//2642 2639//2646 2641//2648
f 2642//2649 2643//2650 2644//2651 2645//2652
f 2643//2650 2640//2647 2637//2644
f 2638//2645 2646//2653 2644//2651 2637//2644
f 2644//2651 2646//2653 2647//2654 2645//2652
f 2648//2655 2649//2656 2650//2657 2651//2658
f 2652//2659 2650//2657 2649//2656 2640//2647
f 2653//2660 2654//2661 2650//2657 2652//2659
f 2651//2658 2650//2657 2654//2661 2655//2662
f 2656//2663 2657//2664 2643//2650 2642//2649
f 2658//2665 2659//2666 2657//2664 2656//2663
f 2652//2659 2657//2664 2659//2666 2653//2660
f 2640//2647 2643//2650 2657//2664 2652//2659
f 2655//2662 2654//2661 2660//2667 2661//2668
f 2662//2669 2660//2667 2654//2661 2653//2660
f 2663//2670 2664//2671 2660//2667 2662//2669
f 2661//2668 2660//2667 2664//2671 2665//2672
f 2666//2673 2667//2674 2659//2666 2658//2665
f 2668//2675 2669//2676 2667//2674 2666//2673
f 2662//2669 2667//2674 2669//2676 2663//2670
f 2653//2660 2659//2666 2667//2674 2662//2669
f 2670//2677 2671//2678 2672//2679 2673//2680
f 2674//2681 2672//2679 2671//2678 2675//2682
f 2672//2679 2674//2681 2676//2683
f 2677//2684 2678//2685 2673//2680
f 2679//2686 2680//2687 2681//2688 2682//2689
f 2683//2690 2681//2688 2680//2687 2684//2691
f 2675//2682 2671//2678 2681//2688 2683//2690
f 2682//2689 2681//2688 2671//2678 2670//2677
f 2685//2692 2686//2693 2687//2694 2688//2695
f 2689//2696 2687//2694 2686//2693 2690//2697
f 2684//2691 2680//2687 2687//2694 2689//2696
f 2688//2695 2687//2694 2680//2687 2679//2686
f 2665//2672 2664//2671 2691//2698 2692//2699
f 2693//2700 2691//2698 2664//2671 2663//2670
f 2694//2701 2695//2702 2691//2698 2693//2700
f 2692//2699 2691//2698 2695//2702 2696//2703
f 2697//2704 2698//2705 2699//2706
f 2696//2703 2695//2702 2700//2707 2699//2706
f 2697//2704 2700//2707 2695//2702 2694//2701
f 2701//2708 2702//2709 2669//2676 2668//2675
f 2703//2710 2704//2711 2702//2709 2701//2708
f 2693//2700 2702//2709 2704//2711 2694//2701
f 2663//2670 2669//2676 2702//2709 2693//2700
f 2705//2712 2706//2713 2707//2714 2708//2715
f 2697//2704 2707//2714 2706//2713 2698//2705
f 2694//2701 2704//2711 2707//2714 2697//2704
f 2708//2715 2707//2714 2704//2711 2703//2710
f 2698//2705 2706//2713 2709//2716 2710//2717
f 2711//2718 2709//2716 2706//2713 2705//2712
f 2690//2697 2686//2693 2709//2716 2711//2718
f 2710//2717 2709//2716 2686//2693 2685//2692
f 2712//2719 2713//2720 2714//2721 2715//2722
f 2716//2723 2714//2721 2713//2720 2717//2724
f 2714//2721 2716//2723 2718//2725
f 2715//2722 2714//2721 2719//2726 2720//2727
f 2721//2728 2722//2729 2723//2730 2724//2731
f 2717//2724 2713//2720 2723//2730 2722//2729
f 2724//2731 2723//2730 2713//2720 2712//2719
f 2717//2724 2722//2729 2725//2732 2726//2733
f 2727//2734 2725//2732 2722//2729 2721//2728
f 2725//2732 2727//2734 2728//2735
f 2729//2736 2730//2737 2726//2733
f 2727//2734 2721//2728 2731//2738
f 2731//2738 2732//2739 2733//2740
f 2734//2741 2733//2740 2735//2742
f 2736//2743 2728//2735 2727//2734
f 2735//2742 2733//2740 2737//2744 2738//2745
f 2732//2739 2739//2746 2737//2744 2733//2740
f 2739//2746 2740//2747 2738//2745
f 2741//2748 2742//2749 2743//2750 2744//2751
f 2745//2752 2743//2750 2742//2749 2746//2753
f 2743//2750 2745//2752 2678//2685
f 2744//2751 2743//2750 2677//2684 2676//2683
f 2747//2754 2748//2755 2749//2756 2750//2757
f 2751//2758 2749//2756 2748//2755 2752//2759
f 2749//2756 2751//2758 2728//2735
f 2750//2757 2749//2756 2736//2743 2735//2742
f 2735//2742 2738//2745 2753//2760 2750//2757
f 2754//2761 2753//2760 2738//2745 2740//2747
f 2755//2762 2756//2763 2753//2760 2754//2761
f 2750//2757 2753//2760 2756//2763 2747//2754
f 2757//2764 2758//2765 2759//2766 2746//2753
f 2760//2767 2761//2768 2758//2765 2757//2764
f 2762//2769 2758//2765 2761//2768 2763//2770
f 2764//2771 2759//2766 2758//2765 2762//2769
f 2765//2772 2766//2773 2761//2768 2760//2767
f 2767//2774 2768//2775 2766//2773 2765//2772
f 2769//2776 2766//2773 2768//2775 2770//2777
f 2761//2768 2766//2773 2769//2776 2763//2770
f 2746//2753 2742//2749 2771//2778 2757//2764
f 2772//2779 2771//2778 2742//2749 2741//2748
f 2773//2780 2774//2781 2771//2778 2772//2779
f 2757//2764 2771//2778 2774//2781 2760//2767
f 2775//2782 2776//2783 2774//2781 2773//2780
f 2777//2784 2778//2785 2776//2783 2775//2782
f 2765//2772 2776//2783 2778//2785 2767//2774
f 2760//2767 2774//2781 2776//2783 2765//2772
f 2740//2747 2779//2786 2780//2787 2754//2761
f 2781//2788 2780//2787 2779//2786 2782//2789
f 2783//2790 2784//2791 2780//2787 2781//2788
f 2754//2761 2780//2787 2784//2791 2755//2762
f 2755//2762 2784//2791 2785//2792 2786//2793
f 2787//2794 2785//2792 2784//2791 2783//2790
f 2770//2777 2788//2795 2785//2792 2787//2794
f 2786//2793 2785//2792 2788//2795 2789//2796
f 2763//2770 2790//2797 2791//2798 2762//2769
f 2781//2788 2791//2798 2790//2797 2783//2790
f 2782//2789 2792//2799 2791//2798 2781//2788
f 2762//2769 2791//2798 2792//2799 2764//2771
f 2783//2790 2790//2797 2793//2800 2787//2794
f 2763//2770 2769//2776 2793//2800 2790//2797
f 2787//2794 2793//2800 2769//2776 2770//2777
f 2794//2801 2795//2802 277//288 278//289
f 2796//2803 2795//2802 2794//2801 297//308
f 2797//2804 2798//2805 2795//2802 2796//2803
f 277//288 2795//2802 2798//2805 279//290
f 2799//2806 241//255 240//254 2800//2807
f 2800//2807 2797//2804 2796//2803
f 297//308 296//307 2799//2806 2796//2803
f 241//255 2799//2806 296//307 245//259
f 2801//2808 2802//2809 2803//2810
f 279//290 2798//2805 2804//2811 2803//2810
f 2801//2808 2804//2811 2798//2805 2797//2804
f 240//254 250//264 2805//2812 2800//2807
f 2806//2813 2805//2812 250//264 249//263
f 2806//2813 2807//2814 2808//2815
f 2797//2804 2800//2807 2805//2812 2808//2815
f 2809//2816 2810//2817 2811//2818 2812//2819
f 2813//2820 2811//2818 2810//2817 2807//2814
f 2813//2820 2814//2821 2815//2822
f 2812//2819 2811//2818 2815//2822 2816//2823
f 2807//2814 2810//2817 2817//2824 2808//2815
f 2818//2825 2817//2824 2810//2817 2809//2816
f 2802//2809 2801//2808 2817//2824 2818//2825
f 2801//2808 2797//2804 2808//2815
f 2802//2809 2819//2826 2820//2827 2803//2810
f 2819//2826 2821//2828 2822//2829
f 281//292 280//291 2820//2827 2822//2829
f 280//291 279//290 2803//2810
f 2823//2830 2824//2831 2825//2832 2826//2833
f 2827//2834 2825//2832 2824//2831 2816//2823
f 2825//2832 2827//2834 2720//2727
f 2719//2726 2718//2725 2826//2833
f 2809//2816 2828//2835 2829//2836 2818//2825
f 2830//2837 2829//2836 2828//2835 2831//2838
f 2821//2828 2819//2826 2829//2836 2830//2837
f 2818//2825 2829//2836 2819//2826 2802//2809
f 2832//2839 2833//2840 2824//2831 2823//2830
f 2833//2840 2832//2839 2831//2838
f 2812//2819 2833//2840 2828//2835 2809//2816
f 2816//2823 2824//2831 2833//2840 2812//2819
f 7460//2841 7434//2842 2836//2843 2835//2844
f 2837//2845 2838//2846 2839//2847 2840//2848
f 2841//2849 2839//2847 2838//2846 2842//2850
f 2767//2774 2778//2785 2839//2847 2841//2849
f 2840//2848 2839//2847 2778//2785 2777//2784
f 2842//2850 2843//2851 2844//2852 2841//2849
f 2845//2853 2844//2852 2843//2851 2846//2854
f 2770//2777 2768//2775 2844//2852 2845//2853
f 2841//2849 2844//2852 2768//2775 2767//2774
f 2789//2796 2847//2855 2848//2856 2786//2793
f 2849//2857 2848//2856 2847//2855 2850//2858
f 2747//2754 2756//2763 2848//2856 2849//2857
f 2786//2793 2848//2856 2756//2763 2755//2762
f 2846//2854 2851//2859 2852//2860 2845//2853
f 2847//2855 2852//2860 2851//2859 2850//2858
f 2789//2796 2788//2795 2852//2860 2847//2855
f 2845//2853 2852//2860 2788//2795 2770//2777
f 2853//2861 2854//2862 2849//2857 2850//2858
f 2854//2862 2853//2861 2855//2863 2856//2864
f 2752//2759 2748//2755 2854//2862 2856//2864
f 2849//2857 2854//2862 2748//2755 2747//2754
f 2857//2865 2858//2866 2859//2867 2860//2868
f 2861//2869 2859//2867 2858//2866 2862//2870
f 2863//2871 2864//2872 2859//2867 2861//2869
f 2860//2868 2859//2867 2864//2872 2865//2873
f 2842//2850 2838//2846 2866//2874 2867//2875
f 2868//2876 2866//2874 2838//2846 2837//2845
f 2869//2877 2870//2878 2866//2874 2868//2876
f 2867//2875 2866//2874 2870//2878 2871//2879
f 2867//2875 2872//2880 2843//2851 2842//2850
f 2873//2881 2872//2880 2867//2875 2871//2879
f 2874//2882 2875//2883 2872//2880 2873//2881
f 2846//2854 2843//2851 2872//2880 2875//2883
f 2846//2854 2875//2883 2876//2884 2851//2859
f 2877//2885 2876//2884 2875//2883 2874//2882
f 2878//2886 2879//2887 2876//2884 2877//2885
f 2851//2859 2876//2884 2879//2887 2850//2858
f 2850//2858 2879//2887 2880//2888 2853//2861
f 2881//2889 2880//2888 2879//2887 2878//2886
f 2882//2890 2883//2891 2880//2888 2881//2889
f 2853//2861 2880//2888 2883//2891 2855//2863
f 2855//2863 2883//2891 2884//2892 2885//2893
f 2886//2894 2884//2892 2883//2891 2882//2890
f 2887//2895 2888//2896 2884//2892 2886//2894
f 2885//2893 2884//2892 2888//2896 2889//2897
f 2889//2897 2888//2896 2890//2898 2891//2899
f 2892//2900 2890//2898 2888//2896 2887//2895
f 2890//2898 2892//2900 2893//2901 2894//2902
f 2895//2903 2891//2899 2890//2898 2894//2902
f 2862//2870 2858//2866 2896//2904 2897//2905
f 2898//2906 2896//2904 2858//2866 2857//2865
f 2899//2907 2900//2908 2896//2904 2898//2906
f 2897//2905 2896//2904 2900//2908 2901//2909
f 2901//2909 2900//2908 2902//2910 2903//2911
f 2904//2912 2902//2910 2900//2908 2899//2907
f 2905//2913 2906//2914 2902//2910 2904//2912
f 2903//2911 2902//2910 2906//2914 2907//2915
f 2907//2915 2906//2914 2908//2916 2909//2917
f 2910//2918 2908//2916 2906//2914 2905//2913
f 2911//2919 2912//2920 2908//2916 2910//2918
f 2913//2921 2909//2917 2908//2916 2912//2920
f 2894//2902 2914//2922 2915//2923 2895//2903
f 2893//2901 2916//2924 2914//2922 2894//2902
f 2914//2922 2916//2924 2865//2873 2864//2872
f 2915//2923 2914//2922 2864//2872 2863//2871
f 7595//2925 2917//2926 2918//2927 7571//2928
f 2916//2924 2918//2927 2917//2926 2865//2873
f 2893//2901 2919//2929 2918//2927 2916//2924
f 7571//2928 2918//2927 2919//2929 7580//2930
f 2905//2913 2920//2931 2921//2932 2910//2918
f 7558//2933 2921//2932 2920//2931 7552//2934
f 7593//2935 2922//2936 2921//2932 7558//2933
f 2910//2918 2921//2932 2922//2936 2911//2919
f 2899//2907 2923//2937 2924//2938 2904//2912
f 7587//2939 2924//2938 2923//2937 7581//2940
f 7552//2934 2920//2931 2924//2938 7587//2939
f 2904//2912 2924//2938 2920//2931 2905//2913
f 2899//2907 2898//2906 2925//2941 2923//2937
f 2857//2865 2926//2942 2925//2941
f 7568//2943 7563//2944 2925//2941 2926//2942
f 7568//2943 2926//2942 2927//2945 7582//2946
f 2860//2868 2927//2945 2926//2942 2857//2865
f 2865//2873 2917//2926 2927//2945 2860//2868
f 7582//2946 2927//2945 2917//2926 7595//2925
f 2887//2895 2928//2947 2929//2948 2892//2900
f 7559//2949 2929//2948 2928//2947 7553//2950
f 7580//2930 2919//2929 2929//2948 7559//2949
f 2892//2900 2929//2948 2919//2929 2893//2901
f 2882//2890 2930//2951 2931//2952 2886//2894
f 7576//2953 2931//2952 2930//2951 7572//2954
f 7553//2950 2928//2947 2931//2952 7576//2953
f 2886//2894 2931//2952 2928//2947 2887//2895
f 2878//2886 2932//2955 2933//2956 2881//2889
f 7560//2957 2933//2956 2932//2955 7554//2958
f 7572//2954 2930//2951 2933//2956 7560//2957
f 2881//2889 2933//2956 2930//2951 2882//2890
f 2874//2882 2934//2959 2935//2960 2877//2885
f 7577//2961 2935//2960 2934//2959 7573//2962
f 7554//2958 2932//2955 2935//2960 7577//2961
f 2877//2885 2935//2960 2932//2955 2878//2886
f 2871//2879 2936//2963 2937//2964 2873//2881
f 7561//2965 2937//2964 2936//2963 7555//2966
f 7573//2962 2934//2959 2937//2964 7561//2965
f 2873//2881 2937//2964 2934//2959 2874//2882
f 2871//2879 2870//2878 2938//2967 2936//2963
f 2939//2968 2938//2967 2870//2878 2869//2877
f 7578//2969 7574//2970 2938//2967 2939//2968
f 7555//2966 2936//2963 2938//2967 7574//2970
f 7420//2971 2941//2972 2942//2973 7377//2974
f 7597//2975 2942//2973 2941//2972 7596//2976
f 7620//2977 2944//2978 2942//2973 7597//2975
f 7377//2974 2942//2973 2944//2978 7411//2979
f 7611//2980 7642//2981 2946//2982 2947//2983
f 7388//2984 7378//2985 2946//2982 2948//2986
f 7381//2987 7378//2985 2950//2988 2951//2989
f 7605//2990 2952//2991 2953//2992 7641//2993
f 7382//2994 2953//2992 2952//2991 7379//2995
f 7412//2996 2957//2997 2953//2992 7382//2994
f 7641//2993 2953//2992 2957//2997 7640//2998
f 7640//2998 2957//2997 2958//2999 7639//3000
f 7389//3001 2958//2999 2957//2997 7412//2996
f 7413//3002 2961//3003 2958//2999 7389//3001
f 7639//3000 2958//2999 2961//3003 7637//3004
f 7638//3005 2962//3006 2963//3007 7635//3008
f 7637//3004 2961//3003 2962//3006 7638//3005
f 7390//3009 2962//3006 2961//3003 7413//3002
f 7401//3010 2963//3007 2962//3006 7390//3009
f 7636//3011 2966//3012 2967//3013 7633//3014
f 7635//3008 2963//3007 2966//3012 7636//3011
f 7391//3015 2966//3012 2963//3007 7401//3010
f 7402//3016 2967//3013 2966//3012 7391//3015
f 7634//3017 2970//3018 2971//3019 7632//3020
f 7633//3014 2967//3013 2970//3018 7634//3017
f 7392//3021 2970//3018 2967//3013 7402//3016
f 7403//3022 2971//3019 2970//3018 7392//3021
f 7632//3020 2971//3019 2974//3023 7631//3024
f 7393//3025 2974//3023 2971//3019 7403//3022
f 7414//3026 2977//3027 2974//3023 7393//3025
f 7631//3024 2974//3023 2977//3027 7630//3028
f 7630//3028 2977//3027 2978//3029 7629//3030
f 7394//3031 2978//3029 2977//3027 7414//3026
f 7415//3032 2981//3033 2978//3029 7394//3031
f 7629//3030 2978//3029 2981//3033 7627//3034
f 7626//3035 7628//3036 2982//3037 2983//3038
f 7627//3034 2981//3033 2982//3037 7628//3036
f 7395//3039 2982//3037 2981//3033 7415//3032
f 7404//3040 2983//3038 2982//3037 7395//3039
f 7624//3041 7625//3042 2986//3043 2987//3044
f 7396//3045 2986//3043 2983//3038 7404//3040
f 7405//3046 7396//3045 2988//3047 2989//3048
f 7622//3049 7623//3050 2990//3051 2991//3052
f 7405//3046 7397//3053 2990//3051 2987//3044
f 7406//3054 7397//3053 2992//3055 2993//3056
f 7599//3057 7621//3058 2994//3059 2948//2986
f 7406//3054 7383//3060 2994//3059 2991//3052
f 7388//2984 7383//3060 2995//3061 2949//3062
f 2996//3063 7598//3064 7600//3065
f 7380//3066 2996//3063 2998//3067 7398//3068
f 7411//2979 2944//2978 2996//3063 7380//3066
f 7598//3064 2996//3063 2944//2978 7620//2977
f 3000//3069 2815//2822 2814//2821
f 3001//3070 3002//3071 3003//3072
f 3000//3069 3003//3072 3004//3073
f 3005//3074 2816//2823 2815//2822
f 7619//3075 7618//3076 3006//3077 2998//3067
f 7407//3078 7399//3079 3006//3077 3007//3080
f 7398//3068 7399//3079 3009//3081 2999//3082
f 3008//3083 3010//3084 3011//3085 3009//3081
f 3010//3084 3004//3073 3003//3072
f 3002//3071 3012//3086 3011//3085 3003//3072
f 2999//3082 3009//3081 3011//3085 3012//3086
f 7384//3087 3014//3088 3015//3089 7408//3090
f 7617//3091 3015//3089 3014//3088 7608//3092
f 7596//2976 2941//2972 3015//3089 7617//3091
f 7408//3090 3015//3089 2941//2972 7420//2971
f 7614//3093 3017//3094 3018//3095 7615//3096
f 7421//3097 3018//3095 3017//3094 7417//3098
f 7407//3078 3007//3080 3018//3095 7421//3097
f 7615//3096 3018//3095 3007//3080 7616//3099
f 3021//3100 3019//3101 3020//3102
f 3022//3103 3021//3100 3023//3104 3024//3105
f 3004//3073 3010//3084 3021//3100 3022//3103
f 3010//3084 3008//3083 3019//3101
f 3025//3106 2715//2722 2720//2727
f 3026//3107 3025//3106 3027//3108 3024//3105
f 3028//3109 3029//3110 3025//3106 3026//3107
f 3029//3110 2712//2719 2715//2722
f 2816//2823 3005//3074 3030//3111 2827//2834
f 3022//3103 3030//3111 3005//3074 3004//3073
f 3024//3105 3027//3108 3030//3111 3022//3103
f 2827//2834 3030//3111 3027//3108 2720//2727
f 7612//3112 3031//3113 3032//3114 7613//3115
f 7416//3116 3032//3114 3031//3113 7409//3117
f 7417//3098 3017//3094 3032//3114 7416//3116
f 7613//3115 3032//3114 3017//3094 7614//3093
f 3035//3118 3033//3119 3034//3120
f 3026//3107 3035//3118 3036//3121 3028//3109
f 3024//3105 3023//3104 3035//3118 3026//3107
f 3033//3119 3035//3118 3023//3104 3020//3102
f 7381//2987 7385//3122 3038//3123 2947//2983
f 7409//3117 7385//3122 3037//3124 3034//3120
f 7612//3112 7610//3125 3038//3123 3031//3113
f 3039//3126 3040//3127 3041//3128 3042//3129
f 3043//3130 3041//3128 3040//3127 3044//3131
f 3045//3132 3046//3133 3041//3128 3043//3130
f 3042//3129 3041//3128 3046//3133 3047//3134
f 2945//3135 3048//3136 3049//3137 2943//3138
f 3042//3129 3049//3137 3048//3136 3039//3126
f 3047//3134 3050//3139 3049//3137 3042//3129
f 2943//3138 3049//3137 3050//3139 2940//3140
f 249//263 3051//3141 3052//3142 2806//2813
f 3053//3143 3052//3142 3051//3141 3044//3131
f 2814//2821 2813//2820 3052//3142 3053//3143
f 2806//2813 3052//3142 2813//2820 2807//2814
f 3044//3131 3040//3127 3054//3144 3053//3143
f 3055//3145 3054//3144 3040//3127 3039//3126
f 3002//3071 3001//3070 3054//3144 3055//3145
f 3053//3143 3054//3144 3001//3070 2814//2821
f 254//268 3056//3146 3057//3147 252//266
f 3043//3130 3057//3147 3056//3146 3045//3132
f 3044//3131 3051//3141 3057//3147 3043//3130
f 252//266 3057//3147 3051//3141 249//263
f 3058//3148 3059//3149 3060//3150
f 3060//3150 2732//2739 2731//2738
f 3061//3151 2731//2738 2721//2728
f 2724//2731 2712//2719 3058//3148
f 3062//3152 2997//3153 2999//3082
f 3012//3086 3002//3071 3055//3145
f 3039//3126 3048//3136 3062//3152 3055//3145
f 2997//3153 3062//3152 3048//3136 2945//3135
f 3063//3154 3029//3110 3028//3109
f 3064//3155 3063//3154 3065//3156 3066//3157
f 3063//3154 3064//3155 3059//3149
f 3029//3110 3063//3154 3058//3148 2712//2719
f 3066//3157 3065//3156 3067//3158 3068//3159
f 3036//3121 3067//3158 3065//3156 3028//3109
f 3067//3158 3036//3121 3034//3120
f 3068//3159 3067//3158 3037//3124 2951//2989
f 3069//3160 3060//3150 3059//3149
f 3070//3161 3071//3162 3072//3163
f 2739//2746 3069//3160 3072//3163 2740//2747
f 3060//3150 3069//3160 2739//2746 2732//2739
f 3066//3157 3073//3164 3074//3165 3064//3155
f 3075//3166 3074//3165 3073//3164 3076//3167
f 3071//3162 3070//3161 3074//3165 3075//3166
f 3070//3161 3059//3149 3064//3155
f 3077//3168 3078//3169 3079//3170 3080//3171
f 3081//3172 3078//3169 3077//3168 3076//3167
f 2949//3062 2995//3061 3078//3169 3081//3172
f 3079//3170 3078//3169 2995//3061 2993//3056
f 3076//3167 3073//3164 3082//3173 3081//3172
f 3068//3159 3082//3173 3073//3164 3066//3157
f 2951//2989 2950//2988 3082//3173 3068//3159
f 3081//3172 3082//3173 2950//2988 2949//3062
f 3083//3174 3072//3163 3071//3162
f 3083//3174 3084//3175 3085//3176 3086//3177
f 3083//3174 3086//3177 2782//2789
f 3072//3163 3083//3174 2779//2786 2740//2747
f 3076//3167 3077//3168 3087//3178 3075//3166
f 3087//3178 3077//3168 3080//3171
f 3084//3175 3087//3178 3088//3179 3085//3176
f 3084//3175 3071//3162 3075//3166
f 3089//3180 2745//2752 2746//2753
f 2759//2766 2764//2771 3090//3181
f 3090//3181 3091//3182 3092//3183
f 3092//3183 2678//2685 2745//2752
f 3085//3176 3093//3184 3094//3185 3086//3177
f 3090//3181 3094//3185 3093//3184 3091//3182
f 2764//2771 2792//2799 3094//3185 3090//3181
f 3086//3177 3094//3185 2792//2799 2782//2789
f 3095//3186 3096//3187 3088//3179 3080//3171
f 3097//3188 3098//3189 3096//3187 3095//3186
f 3093//3184 3096//3187 3098//3189 3091//3182
f 3085//3176 3088//3179 3096//3187 3093//3184
f 2985//3190 3099//3191 3100//3192 2988//3047
f 3101//3193 3100//3192 3099//3191 3102//3194
f 3097//3188 3103//3195 3100//3192 3101//3193
f 2988//3047 3100//3192 3103//3195 2989//3048
f 3095//3186 3104//3196 3103//3195 3097//3188
f 3080//3171 3079//3170 3104//3196 3095//3186
f 2992//3055 3104//3196 3079//3170 2993//3056
f 2989//3048 3103//3195 3104//3196 2992//3055
f 3105//3197 3106//3198 3107//3199 3108//3200
f 2673//2680 3107//3199 3106//3198 2670//2677
f 3107//3199 2673//2680 2678//2685
f 3108//3200 3107//3199 3092//3183 3091//3182
f 3102//3194 3109//3201 3110//3202 3101//3193
f 3108//3200 3110//3202 3109//3201 3105//3197
f 3091//3182 3098//3189 3110//3202 3108//3200
f 3101//3193 3110//3202 3098//3189 3097//3188
f 2980//3203 3111//3204 3112//3205 2984//3206
f 3113//3207 3112//3205 3111//3204 3114//3208
f 3102//3194 3099//3191 3112//3205 3113//3207
f 2984//3206 3112//3205 3099//3191 2985//3190
f 3115//3209 3116//3210 3117//3211 3118//3212
f 2682//2689 3117//3211 3116//3210 2679//2686
f 2670//2677 3106//3198 3117//3211 2682//2689
f 3106//3198 3105//3197 3118//3212
f 3114//3208 3119//3213 3120//3214 3113//3207
f 3119//3213 3115//3209 3118//3212
f 3105//3197 3109//3201 3120//3214 3118//3212
f 3113//3207 3120//3214 3109//3201 3102//3194
f 2976//3215 3121//3216 3122//3217 2979//3218
f 3121//3216 3123//3219 3124//3220
f 3114//3208 3111//3204 3122//3217 3124//3220
f 2979//3218 3122//3217 3111//3204 2980//3203
f 3125//3221 3126//3222 3127//3223
f 2688//2695 3125//3221 3128//3224 2685//2692
f 2679//2686 3116//3210 3125//3221 2688//2695
f 3126//3222 3125//3221 3116//3210 3115//3209
f 3123//3219 3129//3225 3130//3226 3124//3220
f 3126//3222 3130//3226 3129//3225 3127//3223
f 3130//3226 3126//3222 3115//3209
f 3119//3213 3114//3208 3124//3220
f 2973//3227 3131//3228 3132//3229 2975//3230
f 3133//3231 3132//3229 3131//3228 3134//3232
f 3123//3219 3121//3216 3132//3229 3133//3231
f 3121//3216 2976//3215 2975//3230
f 3135//3233 3136//3234 3128//3224 3127//3223
f 3137//3235 3138//3236 3136//3234 3135//3233
f 2710//2717 3136//3234 3138//3236 2698//2705
f 3136//3234 2710//2717 2685//2692
f 3134//3232 3139//3237 3140//3238 3133//3231
f 3135//3233 3140//3238 3139//3237 3137//3235
f 3127//3223 3129//3225 3140//3238 3135//3233
f 3133//3231 3140//3238 3129//3225 3123//3219
f 2969//3239 3141//3240 3142//3241 2972//3242
f 3143//3243 3142//3241 3141//3240 3144//3244
f 3134//3232 3131//3228 3142//3241 3143//3243
f 2972//3242 3142//3241 3131//3228 2973//3227
f 3145//3245 3146//3246 3138//3236 3137//3235
f 3147//3247 3148//3248 3146//3246 3145//3245
f 2699//2706 3146//3246 3148//3248 2696//2703
f 2698//2705 3138//3236 3146//3246 2699//2706
f 3143//3243 3149//3249 3139//3237 3134//3232
f 3144//3244 3150//3250 3149//3249 3143//3243
f 3150//3250 3147//3247 3145//3245
f 3137//3235 3139//3237 3149//3249 3145//3245
f 2965//3251 3151//3252 3152//3253 2968//3254
f 3153//3255 3152//3253 3151//3252 3154//3256
f 3144//3244 3141//3240 3152//3253 3153//3255
f 2968//3254 3152//3253 3141//3240 2969//3239
f 3155//3257 3156//3258 3157//3259 3158//3260
f 2692//2699 3157//3259 3156//3258 2665//2672
f 2696//2703 3148//3248 3157//3259 2692//2699
f 3158//3260 3157//3259 3148//3248 3147//3247
f 3154//3256 3159//3261 3160//3262 3153//3255
f 3158//3260 3160//3262 3159//3261 3155//3257
f 3147//3247 3150//3250 3160//3262 3158//3260
f 3153//3255 3160//3262 3150//3250 3144//3244
f 3161//3263 3162//3264 3163//3265 3164//3266
f 3154//3256 3151//3252 3162//3264 3161//3263
f 2964//3267 3162//3264 3151//3252 2965//3251
f 2960//3268 3163//3265 3162//3264 2964//3267
f 3165//3269 3166//3270 3167//3271 3168//3272
f 2661//2668 3167//3271 3166//3270 2655//2662
f 2665//2672 3156//3258 3167//3271 2661//2668
f 3168//3272 3167//3271 3156//3258 3155//3257
f 3164//3266 3169//3273 3170//3274 3161//3263
f 3168//3272 3170//3274 3169//3273 3165//3269
f 3155//3257 3159//3261 3170//3274 3168//3272
f 3161//3263 3170//3274 3159//3261 3154//3256
f 2956//3275 3171//3276 3172//3277 2959//3278
f 3173//3279 3172//3277 3171//3276 3174//3280
f 3164//3266 3163//3265 3172//3277 3173//3279
f 2959//3278 3172//3277 3163//3265 2960//3268
f 3175//3281 3176//3282 3177//3283 3178//3284
f 2651//2658 3177//3283 3176//3282 2648//2655
f 2655//2662 3166//3270 3177//3283 2651//2658
f 3178//3284 3177//3283 3166//3270 3165//3269
f 3174//3280 3179//3285 3180//3286 3173//3279
f 3178//3284 3180//3286 3179//3285 3175//3281
f 3165//3269 3169//3273 3180//3286 3178//3284
f 3173//3279 3180//3286 3169//3273 3164//3266
f 3181//3287 3182//3288 3183//3289 3184//3290
f 3174//3280 3171//3276 3183//3289 3182//3288
f 2954//3291 3183//3289 3171//3276 2956//3275
f 3184//3290 3183//3289 2954//3291 2955//3292
f 3182//3288 3185//3293 3179//3285 3174//3280
f 3186//3294 3185//3293 3182//3288 3181//3287
f 3187//3295 3188//3296 3185//3293 3186//3294
f 3175//3281 3179//3285 3185//3293 3188//3296
f 3189//3297 3190//3298 3191//3299
f 2639//2646 3189//3297 3192//3300 2641//2648
f 3189//3297 2639//2646 2640//2647
f 2649//2656 2648//2655 3190//3298
f 3187//3295 3193//3301 3194//3302 3188//3296
f 3193//3301 3191//3299 3190//3298
f 2648//2655 3176//3282 3194//3302 3190//3298
f 3188//3296 3194//3302 3176//3282 3175//3281
f 3195//3303 3196//3304 3192//3300 3191//3299
f 3197//3305 3198//3306 3199//3307 3200//3308
f 3016//3309 3199//3307 3198//3306 3013//3310
f 2940//3140 3050//3139 3199//3307 3016//3309
f 3200//3308 3199//3307 3050//3139 3047//3134
f 7386//3311 3202//3312 3203//3313 7410//3314
f 7609//3315 3203//3313 3202//3312 7606//3316
f 7608//3092 3014//3088 3203//3313 7609//3315
f 7410//3314 3203//3313 3014//3088 7384//3087
f 7418//3317 3206//3318 3207//3319 7376//3320
f 7607//3321 3207//3319 3206//3318 7601//3322
f 7606//3316 3202//3312 3207//3319 7607//3321
f 7376//3320 3207//3319 3202//3312 7386//3311
f 7603//3323 3209//3324 3210//3325 7604//3326
f 7400//3327 3210//3325 3209//3324 7387//3328
f 7379//2995 2952//2991 3210//3325 7400//3327
f 7604//3326 3210//3325 2952//2991 7605//2990
f 7387//3328 3209//3324 3213//3329 7419//3330
f 7602//3331 3213//3329 3209//3324 7603//3323
f 7601//3322 3206//3318 3213//3329 7602//3331
f 7419//3330 3213//3329 3206//3318 7418//3317
f 3215//3332 3216//3333 3217//3334 3218//3335
f 3184//3290 3217//3334 3216//3333 3181//3287
f 2955//3292 3211//3336 3217//3334 3184//3290
f 3218//3335 3217//3334 3211//3336 3212//3337
f 3220//3338 3193//3301 3187//3295
f 3193//3301 3220//3338 3195//3303 3191//3299
f 3181//3287 3216//3333 3222//3339 3186//3294
f 3186//3294 3222//3339 3221//3340 3187//3295
f 3223//3341 3224//3342 3225//3343 3226//3344
f 3227//3345 3225//3343 3224//3342 3228//3346
f 3045//3132 3056//3146 3225//3343 3227//3345
f 3226//3344 3225//3343 3056//3146 254//268
f 3228//3346 3229//3347 3230//3348 3227//3345
f 3200//3308 3230//3348 3229//3347 3197//3305
f 3047//3134 3046//3133 3230//3348 3200//3308
f 3227//3345 3230//3348 3046//3133 3045//3132
f 3231//3349 3232//3350 3198//3306 3197//3305
f 3233//3351 3232//3350 3231//3349 3234//3352
f 3204//3353 3232//3350 3233//3351 3201//3354
f 3013//3310 3198//3306 3232//3350 3204//3353
f 3235//3355 3236//3356 3237//3357 3238//3358
f 3239//3359 3237//3357 3236//3356 3240//3360
f 3228//3346 3224//3342 3237//3357 3239//3359
f 3238//3358 3237//3357 3224//3342 3223//3341
f 3228//3346 3239//3359 3241//3361 3229//3347
f 3242//3362 3241//3361 3239//3359 3240//3360
f 3234//3352 3231//3349 3241//3361 3242//3362
f 3229//3347 3241//3361 3231//3349 3197//3305
f 3234//3352 3243//3363 3244//3364 3233//3351
f 3245//3365 3244//3364 3243//3363 3246//3366
f 3208//3367 3244//3364 3245//3365 3205//3368
f 3201//3354 3233//3351 3244//3364 3208//3367
f 3247//3369 3248//3370 3249//3371
f 3249//3371 3246//3366 3243//3363
f 3243//3363 3234//3352 3242//3362
f 3240//3360 3247//3369 3250//3372 3242//3362
f 3251//3373 3252//3374 3253//3375 3254//3376
f 278//289 274//285 3253//3375 3252//3374
f 3254//3376 3253//3375 274//285 273//284
f 426//437 3255//3377 3256//3378 420//431
f 3257//3379 3256//3378 3255//3377 3258//3380
f 207//210 413//424 3256//3378 3257//3379
f 420//431 3256//3378 413//424 414//425
f 3259//3381 3260//3382 3261//3383 3262//3384
f 2794//2801 3261//3383 3260//3382 297//308
f 278//289 3252//3374 3261//3383 2794//2801
f 3262//3384 3261//3383 3252//3374 3251//3373
f 3259//3381 3263//3385 3264//3386 3260//3382
f 3265//3387 3266//3388 3264//3386 3263//3385
f 3264//3386 3266//3388 299//310
f 3260//3382 3264//3386 294//305 297//308
f 3267//3389 203//206 207//210 3257//3379
f 3268//3390 3267//3389 3257//3379 3258//3380
f 239//253 3267//3389 3268//3390 236//250
f 203//206 3267//3389 239//253 187//190
f 3258//3380 3269//3391 3270//3392 3268//3390
f 3271//3393 3270//3392 3269//3391 3272//3394
f 3273//3395 3274//3396 3270//3392 3271//3393
f 3268//3390 3270//3392 3274//3396 236//250
f 3275//3397 3263//3385 3259//3381
f 3271//3393 3275//3397 3276//3398 3273//3395
f 3272//3394 3277//3399 3275//3397 3271//3393
f 3263//3385 3275//3397 3277//3399 3265//3387
f 256//3400 3278//3401 3279//3402 255//3403
f 3280//3404 3279//3402 3278//3401 3281//3405
f 2632//2639 2629//2636 3279//3402 3280//3404
f 255//3403 3279//3402 2629//2636 218//2635
f 258//3406 3282//3407 3283//3408 257//3409
f 3284//3410 3283//3408 3282//3407 3285//3411
f 3281//3405 3278//3401 3283//3408 3284//3410
f 257//3409 3283//3408 3278//3401 256//3400
f 3286//3412 3287//3413 3288//3414 3289//3415
f 3285//3411 3282//3407 3288//3414 3287//3413
f 259//3416 3288//3414 3282//3407 258//3406
f 259//3416 260//271 3289//3415
f 3290//3417 3291//3418 3287//3413 3286//3412
f 3292//3419 3291//3418 3290//3417 3293//3420
f 3294//3421 3295//3422 3291//3418 3292//3419
f 3287//3413 3291//3418 3295//3422 3285//3411
f 3292//3419 3296//3423 3297//3424 3294//3421
f 3293//3420 3298//3425 3296//3423 3292//3419
f 3298//3425 2718//2725 2716//2723
f 2717//2724 3297//3424 3296//3423 2716//2723
f 3299//3426 3300//3427 3301//3428
f 3302//3429 3286//3412 3289//3415
f 3299//3426 3289//3415 260//271
f 3300//3427 3299//3426 261//270 262//3430
f 3286//3412 3302//3429 3303//3431 3290//3417
f 3302//3429 3301//3428 3304//3432
f 3305//3433 3303//3431 3304//3432 3306//3434
f 3293//3420 3290//3417 3303//3431 3305//3433
f 3305//3433 3307//3435 3298//3425 3293//3420
f 3307//3435 3305//3433 3306//3434
f 2826//2833 3307//3435 3308//3436 2823//2830
f 2718//2725 3298//3425 3307//3435 2826//2833
f 3309//3437 3310//3438 3311//3439 3312//3440
f 3313//3441 3310//3438 3309//3437 3314//3442
f 3313//3441 281//292 2822//2829
f 3311//3439 3310//3438 2822//2829 2821//2828
f 3315//3443 2836//2843 265//276 3316//3444
f 3317//3445 3318//3446 3315//3443 3316//3444
f 3319//3447 3315//3443 3318//3446 3320//3448
f 2835//2844 2836//2843 3315//3443 3319//3447
f 3321//3449 3320//3448 3318//3446
f 3322//3450 3323//3451 3318//3446 3317//3445
f 3314//3442 3309//3437 3323//3451 3322//3450
f 3312//3440 3321//3449 3323//3451 3309//3437
f 267//283 270//280 3324//3452 266//3453
f 3325//3454 3324//3452 270//280 269//279
f 3326//3455 3327//3456 3324//3452 3325//3454
f 266//3453 3324//3452 3327//3456 263//3457
f 3328//3458 3329//3459 3327//3456 3326//3455
f 3316//3444 3329//3459 3328//3458 3317//3445
f 265//276 264//275 3329//3459 3316//3444
f 263//3457 3327//3456 3329//3459 264//275
f 3330//3460 3331//3461 3332//3462 3333//3463
f 3332//3462 3331//3461 337//348
f 336//347 299//310 3266//3388
f 3266//3388 3265//3387 3333//3463
f 3334//3464 3335//3465 3336//3466 3337//3467
f 3333//3463 3336//3466 3335//3465 3330//3460
f 3336//3466 3333//3463 3265//3387
f 3337//3467 3336//3466 3277//3399 3272//3394
f 426//437 3338//3468 3339//3469 3255//3377
f 3337//3467 3339//3469 3338//3468 3334//3464
f 3339//3469 3337//3467 3272//3394
f 3269//3391 3258//3380 3255//3377
f 317//328 3340//3470 3341//3471 791//797
f 3342//3472 3341//3471 3340//3470 3343//3473
f 576//587 574//585 3341//3471 3342//3472
f 791//797 3341//3471 574//585 573//584
f 3344//3474 3345//3475 3346//3476 3347//3477
f 3348//3478 3345//3475 3344//3474 3349//3479
f 323//334 319//330 3345//3475 3348//3478
f 319//330 318//329 3346//3476
f 3350//3480 3351//3481 3352//3482 3353//3483
f 3351//3481 3354//3484 3355//3485
f 3352//3482 3355//3485 397//408
f 3352//3482 400//411 396//407
f 738//749 3356//3486 3357//3487 736//747
f 3358//3488 3357//3487 3356//3486 3359//3489
f 3357//3487 3358//3488 3360//3490
f 736//747 3357//3487 3361//3491 720//731
f 3342//3472 3362//3492 3363//3493 576//587
f 3343//3473 3364//3494 3362//3492 3342//3472
f 3363//3493 3362//3492 3364//3494 3359//3489
f 3347//3477 3365//3495 3366//3496 3367//3497
f 3368//3498 3366//3496 3365//3495 3369//3499
f 3359//3489 3364//3494 3366//3496 3368//3498
f 3367//3497 3366//3496 3364//3494 3343//3473
f 3370//3500 570//581 576//587
f 3356//3486 3370//3500 3363//3493 3359//3489
f 3370//3500 3356//3486 738//749 753//764
f 753//764 571//582 570//581
f 324//335 392//403 3371//3501 330//341
f 3372//3502 3371//3501 392//403 391//402
f 3373//3503 3374//3504 3371//3501 3372//3502
f 330//341 3371//3501 3374//3504 332//343
f 3375//3505 3376//3506 333//344 332//343
f 3369//3499 3365//3495 3376//3506 3375//3505
f 3347//3477 3346//3476 3376//3506 3365//3495
f 333//344 3376//3506 3346//3476 318//329
f 332//343 3374//3504 3377//3507 3375//3505
f 3374//3504 3373//3503 3378//3508
f 3379//3509 3380//3510 3377//3507 3378//3508
f 3380//3510 3369//3499 3375//3505
f 3381//3511 3355//3485 3354//3484
f 3372//3502 3381//3511 3382//3512 3373//3503
f 391//402 401//412 3381//3511 3372//3502
f 3355//3485 3381//3511 401//412 397//408
f 3383//3513 3384//3514 3385//3515 3386//3516
f 3385//3515 3384//3514 3387//3517
f 3388//3518 3385//3515 3389//3519 3390//3520
f 3385//3515 3388//3518 3350//3480
f 3391//3521 3368//3498 3369//3499
f 3392//3522 3391//3521 3380//3510 3379//3509
f 3360//3490 3358//3488 3391//3521 3392//3522
f 3368//3498 3391//3521 3358//3488 3359//3489
f 3390//3520 3389//3519 3393//3523 3394//3524
f 3389//3519 3387//3517 3395//3525
f 424//435 436//447 3393//3523 3395//3525
f 3394//3524 3393//3523 436//447 435//446
f 3383//3513 3396//3526 3397//3527 3398//3528
f 345//356 3397//3527 3396//3526 342//353
f 337//348 3331//3461 3397//3527 345//356
f 3331//3461 3330//3460 3398//3528
f 3387//3517 3384//3514 3399//3529 3400//3530
f 3384//3514 3383//3513 3398//3528
f 3330//3460 3335//3465 3399//3529 3398//3528
f 3335//3465 3334//3464 3400//3530
f 342//353 3396//3526 3401//3531 393//404
f 3386//3516 3401//3531 3396//3526 3383//3513
f 3401//3531 3386//3516 3350//3480
f 396//407 393//404 3401//3531 3353//3483
f 3379//3509 3402//3532 3403//3533 3392//3522
f 3402//3532 3404//3534 3405//3535
f 3406//3536 3407//3537 3403//3533 3405//3535
f 3407//3537 3360//3490 3392//3522
f 425//436 424//435 3395//3525
f 3387//3517 3400//3530 3408//3538 3395//3525
f 3334//3464 3338//3468 3408//3538 3400//3530
f 3408//3538 3338//3468 426//437
f 3409//3539 3410//3540 3404//3534
f 3402//3532 3379//3509 3378//3508
f 3373//3503 3382//3512 3409//3539 3378//3508
f 3410//3540 3409//3539 3382//3512 3354//3484
f 434//445 452//463 3411//3541 433//444
f 3412//3542 3411//3541 452//463 451//462
f 3406//3536 3413//3543 3411//3541 3412//3542
f 433//444 3411//3541 3413//3543 435//446
f 435//446 3413//3543 3414//3544 3394//3524
f 3405//3535 3414//3544 3413//3543 3406//3536
f 3404//3534 3415//3545 3414//3544 3405//3535
f 3394//3524 3414//3544 3415//3545 3390//3520
f 3360//3490 3407//3537 3416//3546
f 3412//3542 3416//3546 3407//3537 3406//3536
f 451//462 718//729 3416//3546 3412//3542
f 720//731 3361//3491 3416//3546 718//729
f 3417//3547 3388//3518 3390//3520
f 3410//3540 3417//3547 3415//3545 3404//3534
f 3417//3547 3410//3540 3354//3484
f 3388//3518 3417//3547 3351//3481 3350//3480
f 3418//3548 3419//3549 3420//3550 3421//3551
f 833//837 3420//3550 3419//3549 836//840
f 824//828 3420//3550 833//837 827//831
f 3421//3551 3420//3550 824//828 823//827
f 3422//3552 3423//3553 3424//3554
f 3425//3555 3422//3552 3426//3556 3427//3557
f 3428//3558 3429//3559 3422//3552 3425//3555
f 3423//3553 3422//3552 3429//3559 3430//3560
f 3431//3561 835//839 836//840
f 3431//3561 3432//3562 3427//3557
f 3424//3554 3433//3563 3431//3561 3426//3556
f 835//839 3431//3561 3433//3563 832//841
f 3430//3560 3429//3559 3434//3564 3435//3565
f 3436//3566 3434//3564 3429//3559 3428//3558
f 2638//2645 2634//2641 3434//3564 3436//3566
f 3435//3565 3434//3564 2634//2641 2633//2640
f 2647//2654 2646//2653 3437//3567 3438//3568
f 3436//3566 3437//3567 2646//2653 2638//2645
f 3428//3558 3439//3569 3437//3567 3436//3566
f 3438//3568 3437//3567 3439//3569 3440//3570
f 3440//3570 3439//3569 3441//3571 3442//3572
f 3425//3555 3441//3571 3439//3569 3428//3558
f 3441//3571 3425//3555 3427//3557
f 3442//3572 3441//3571 3443//3573 3444//3574
f 3444//3574 3443//3573 3445//3575 3446//3576
f 3432//3562 3445//3575 3443//3573 3427//3557
f 836//840 3419//3549 3445//3575 3432//3562
f 3446//3576 3445//3575 3419//3549 3418//3548
f 2618//2624 3447//3577 3448//3578 2617//2623
f 3447//3577 3449//3579 3450//3580
f 3451//3581 3452//3582 3448//3578 3450//3580
f 2617//2623 3448//3578 3452//3582 2614//2620
f 3453//3583 3454//3584 2909//2917 2913//2921
f 3455//3585 3456//3586 3454//3584 3453//3583
f 3457//3587 3458//3588 3454//3584 3456//3586
f 2909//2917 3454//3584 3458//3588 2907//2915
f 3459//3589 3460//3590 3461//3591 3462//3592
f 2897//2905 3461//3591 3460//3590 2862//2870
f 2901//2909 3463//3593 3461//3591 2897//2905
f 3462//3592 3461//3591 3463//3593 3464//3594
f 3465//3595 3450//3580 3449//3579
f 3462//3592 3465//3595 3466//3596 3459//3589
f 3465//3595 3462//3592 3464//3594
f 3467//3597 3451//3581 3450//3580
f 3468//3598 3469//3599 3470//3600 3471//3601
f 3472//3602 3473//3603 3469//3599 3468//3598
f 2607//2613 3469//3599 3473//3603 2609//2615
f 2608//2614 3470//3600 3469//3599 2607//2613
f 2907//2915 3458//3588 3474//3604 2903//2911
f 3475//3605 3474//3604 3458//3588 3457//3587
f 3464//3594 3463//3593 3474//3604 3475//3605
f 2903//2911 3474//3604 3463//3593 2901//2909
f 3468//3598 3476//3606 3477//3607 3472//3602
f 3471//3601 3478//3608 3476//3606 3468//3598
f 3456//3586 3476//3606 3478//3608 3457//3587
f 3476//3606 3456//3586 3455//3585 3477//3607
f 3478//3608 3479//3609 3475//3605 3457//3587
f 3471//3601 3480//3610 3479//3609 3478//3608
f 3479//3609 3480//3610 3451//3581
f 3467//3597 3464//3594 3475//3605
f 3481//3611 2611//2617 2614//2620
f 3452//3582 3451//3581 3480//3610
f 3470//3600 3481//3611 3480//3610 3471//3601
f 3470//3600 2608//2614 2611//2617
f 3482//3612 3483//3613 3484//3614 3485//3615
f 2861//2869 3484//3614 3483//3613 2863//2871
f 2862//2870 3460//3590 3484//3614 2861//2869
f 3485//3615 3484//3614 3460//3590 3459//3589
f 3486//3616 3487//3617 3488//3618 3489//3619
f 3485//3615 3488//3618 3487//3617 3482//3612
f 3488//3618 3485//3615 3459//3589
f 3489//3619 3488//3618 3466//3596 3449//3579
f 3490//3620 3491//3621 2628//2634 2627//2633
f 3492//3622 3493//3623 3491//3621 3490//3620
f 3486//3616 3494//3624 3491//3621 3493//3623
f 2628//2634 3491//3621 3494//3624 2621//2627
f 3495//3625 2622//2628 2621//2627
f 3494//3624 3486//3616 3489//3619
f 3449//3579 3447//3577 3495//3625 3489//3619
f 2622//2628 3495//3625 3447//3577 2618//2624
f 3496//3626 3497//3627 3498//3628 3499//3629
f 2895//2903 2915//2923 3497//3627 3496//3626
f 2863//2871 3483//3613 3497//3627 2915//2923
f 3498//3628 3497//3627 3483//3613 3482//3612
f 3500//3630 3501//3631 3493//3623 3492//3622
f 3499//3629 3498//3628 3501//3631 3500//3630
f 3482//3612 3487//3617 3501//3631 3498//3628
f 3493//3623 3501//3631 3487//3617 3486//3616
f 2752//2759 3502//3632 3503//3633 2751//2758
f 3504//3634 3503//3633 3502//3632 3505//3635
f 2730//2737 2729//2736 3503//3633 3504//3634
f 2751//2758 3503//3633 2729//2736 2728//2735
f 3499//3629 3506//3636 3507//3637 3496//3626
f 3508//3638 3507//3637 3506//3636 3505//3635
f 2889//2897 2891//2899 3507//3637 3508//3638
f 3496//3626 3507//3637 2891//2899 2895//2903
f 2889//2897 3508//3638 3509//3639 2885//2893
f 3502//3632 3509//3639 3508//3638 3505//3635
f 2856//2864 3509//3639 3502//3632 2752//2759
f 2885//2893 3509//3639 2856//2864 2855//2863
f 3510//3640 3511//3641 3512//3642 3513//3643
f 3514//3644 3512//3642 3511//3641 3515//3645
f 3320//3448 3321//3449 3512//3642 3514//3644
f 3513//3643 3512//3642 3321//3449 3312//3440
f 3516//3646 2832//2839 2823//2830
f 3517//3647 3516//3646 3308//3436 3306//3434
f 3510//3640 3518//3648 3516//3646 3517//3647
f 2832//2839 3516//3646 3518//3648 2831//2838
f 2835//2844 3519//3649 3520//3650 2834//3651
f 3521//3652 3520//3650 3519//3649 3515//3645
f 3301//3428 3300//3427 3520//3650 3521//3652
f 3520//3650 3300//3427 262//3430 2834//3651
f 3515//3645 3511//3641 3522//3653 3521//3652
f 3517//3647 3522//3653 3511//3641 3510//3640
f 3306//3434 3304//3432 3522//3653 3517//3647
f 3521//3652 3522//3653 3304//3432 3301//3428
f 3319//3447 3523//3654 3519//3649 2835//2844
f 3320//3448 3514//3644 3523//3654 3319//3447
f 3515//3645 3519//3649 3523//3654 3514//3644
f 2831//2838 3518//3648 3524//3655 2830//2837
f 3513//3643 3524//3655 3518//3648 3510//3640
f 3312//3440 3311//3439 3524//3655 3513//3643
f 3311//3439 2821//2828 2830//2837
f 3251//3373 3525//3656 3526//3657 3262//3384
f 3525//3656 3527//3658 3528//3659
f 3273//3395 3276//3398 3526//3657 3528//3659
f 3262//3384 3526//3657 3276//3398 3259//3381
f 3317//3445 3328//3458 3529//3660 3322//3450
f 3326//3455 3530//3661 3529//3660 3328//3458
f 3531//3662 3529//3660 3530//3661 3532//3663
f 3322//3450 3529//3660 3531//3662 3314//3442
f 236//250 3274//3396 3533//3664 272//282
f 3528//3659 3533//3664 3274//3396 3273//3395
f 3527//3658 3534//3665 3533//3664 3528//3659
f 272//282 3533//3664 3534//3665 269//279
f 3535//3666 3325//3454 269//279
f 3536//3667 3535//3666 3534//3665 3527//3658
f 3535//3666 3536//3667 3532//3663
f 3325//3454 3535//3666 3530//3661 3326//3455
f 3537//3668 3254//3376 273//284
f 3536//3667 3537//3668 3538//3669 3532//3663
f 3527//3658 3525//3656 3537//3668 3536//3667
f 3254//3376 3537//3668 3525//3656 3251//3373
f 281//292 3313//3441 3539//3670 276//287
f 3314//3442 3531//3662 3539//3670 3313//3441
f 3532//3663 3538//3669 3539//3670 3531//3662
f 276//287 3539//3670 3538//3669 273//284
f 3294//3421 3540//3671 3541//3672 3295//3422
f 3542//3673 3541//3672 3540//3671 3543//3674
f 3284//3410 3541//3672 3542//3673 3281//3405
f 3295//3422 3541//3672 3284//3410 3285//3411
f 3492//3622 3544//3675 3545//3676 3500//3630
f 3546//3677 3545//3676 3544//3675 3547//3678
f 3505//3635 3506//3636 3545//3676 3546//3677
f 3500//3630 3545//3676 3506//3636 3499//3629
f 3547//3678 3548//3679 3549//3680 3546//3677
f 3548//3679 3543//3674 3550//3681
f 3550//3681 2730//2737 3504//3634
f 3505//3635 3546//3677 3549//3680 3504//3634
f 3543//3674 3540//3671 3551//3682 3550//3681
f 3297//3424 3551//3682 3540//3671 3294//3421
f 2726//2733 3551//3682 3297//3424 2717//2724
f 2726//2733 2730//2737 3550//3681
f 3281//3405 3542//3673 3552//3683 3280//3404
f 3552//3683 3542//3673 3543//3674
f 3548//3679 3547//3678 3553//3684
f 3280//3404 3552//3683 3553//3684 2632//2639
f 3547//3678 3544//3675 3554//3685 3553//3684
f 3490//3620 3554//3685 3544//3675 3492//3622
f 3554//3685 3490//3620 2627//2633
f 2631//2638 2632//2639 3553//3684
f 3557//3686 3558//3687 3559//3688 3560//3689
f 7533//3690 7551//3691 3559//3688 3558//3687
f 7550//3692 3561//3693 3559//3688 7551//3691
f 3560//3689 3559//3688 3561//3693 3562//3694
f 7549//3695 3563//3696 3561//3693 7550//3692
f 7548//3697 3564//3698 3563//3696 7549//3695
f 3565//3699 3563//3696 3564//3698 3566//3700
f 3562//3694 3561//3693 3563//3696 3565//3699
f 7547//3701 3567//3702 3564//3698 7548//3697
f 7546//3703 3568//3704 3567//3702 7547//3701
f 3569//3705 3567//3702 3568//3704 3570//3706
f 3566//3700 3564//3698 3567//3702 3569//3705
f 7545//3707 3571//3708 3568//3704 7546//3703
f 7544//3709 3572//3710 3571//3708 7545//3707
f 3573//3711 3571//3708 3572//3710 3574//3712
f 3570//3706 3568//3704 3571//3708 3573//3711
f 3574//3712 3572//3710 3575//3713 3576//3714
f 7543//3715 3575//3713 3572//3710 7544//3709
f 7542//3716 3577//3717 3575//3713 7543//3715
f 3576//3714 3575//3713 3577//3717 3578//3718
f 7541//3719 3579//3720 3577//3717 7542//3716
f 7540//3721 3580//3722 3579//3720 7541//3719
f 3581//3723 3579//3720 3580//3722 3582//3724
f 3578//3718 3577//3717 3579//3720 3581//3723
f 3582//3724 3580//3722 3583//3725 3584//3726
f 7539//3727 3583//3725 3580//3722 7540//3721
f 7517//3728 3585//3729 3583//3725 7539//3727
f 3584//3726 3583//3725 3585//3729 3586//3730
f 3587//3731 3588//3732 3589//3733 3590//3734
f 3591//3735 3589//3733 3588//3732 3592//3736
f 3593//3737 3594//3738 3589//3733 3591//3735
f 3590//3734 3589//3733 3594//3738 3595//3739
f 3595//3739 3594//3738 3596//3740 3597//3741
f 3598//3742 3596//3740 3594//3738 3593//3737
f 3599//3743 3600//3744 3596//3740 3598//3742
f 3597//3741 3596//3740 3600//3744 3601//3745
f 3601//3745 3600//3744 3602//3746 3603//3747
f 3604//3748 3602//3746 3600//3744 3599//3743
f 3605//3749 3606//3750 3602//3746 3604//3748
f 3603//3747 3602//3746 3606//3750 3607//3751
f 3608//3752 3609//3753 3610//3754 3611//3755
f 3590//3734 3610//3754 3609//3753 3587//3731
f 3595//3739 3612//3756 3610//3754 3590//3734
f 3611//3755 3610//3754 3612//3756 3613//3757
f 3613//3757 3612//3756 3614//3758 3615//3759
f 3597//3741 3614//3758 3612//3756 3595//3739
f 3601//3745 3616//3760 3614//3758 3597//3741
f 3615//3759 3614//3758 3616//3760 3617//3761
f 3617//3761 3616//3760 3618//3762 3619//3763
f 3603//3747 3618//3762 3616//3760 3601//3745
f 3607//3751 3620//3764 3618//3762 3603//3747
f 3619//3763 3618//3762 3620//3764 3621//3765
f 3622//3766 3623//3767 3624//3768 3625//3769
f 3626//3770 3624//3768 3623//3767 3627//3771
f 3628//3772 3625//3769 3624//3768 3626//3770
f 3587//3731 3609//3753 3629//3773 3630//3774
f 3631//3775 3629//3773 3609//3753 3608//3752
f 3627//3771 3623//3767 3629//3773 3631//3775
f 3630//3774 3629//3773 3623//3767 3622//3766
f 3625//3769 3632//3776 3633//3777 3622//3766
f 3634//3778 3632//3776 3625//3769 3628//3772
f 3635//3779 3636//3780 3632//3776 3634//3778
f 3637//3781 3633//3777 3632//3776 3636//3780
f 3622//3766 3633//3777 3638//3782 3630//3774
f 3639//3783 3638//3782 3633//3777 3637//3781
f 3592//3736 3588//3732 3638//3782 3639//3783
f 3630//3774 3638//3782 3588//3732 3587//3731
f 3640//3784 3641//3785 3642//3786 3643//3787
f 3619//3763 3642//3786 3641//3785 3617//3761
f 3621//3765 3644//3788 3642//3786 3619//3763
f 3644//3788 3645//3789 3643//3787
f 3645//3789 3646//3790 3647//3791 3643//3787
f 79//74 3647//3791 3646//3790 80//75
f 3647//3791 79//74 78//73
f 3643//3787 3647//3791 3648//3792 3640//3784
f 3649//3793 3650//3794 3651//3795
f 3615//3759 3649//3793 3652//3796 3613//3757
f 3617//3761 3641//3785 3649//3793 3615//3759
f 3650//3794 3649//3793 3641//3785 3640//3784
f 3640//3784 3648//3792 3653//3797 3650//3794
f 88//83 3653//3797 3648//3792 78//73
f 3653//3797 88//83 87//82
f 3650//3794 3653//3797 3654//3798 3651//3795
f 3655//3799 3656//3800 3657//3801 3658//3802
f 3611//3755 3657//3801 3656//3800 3608//3752
f 3657//3801 3611//3755 3613//3757
f 3658//3802 3657//3801 3652//3796 3651//3795
f 3651//3795 3654//3798 3659//3803 3658//3802
f 3654//3798 87//82 96//91
f 95//90 3660//3804 3659//3803 96//91
f 3658//3802 3659//3803 3660//3804 3655//3799
f 3661//3805 3662//3806 3663//3807 3664//3808
f 3662//3806 3627//3771 3631//3775
f 3608//3752 3656//3800 3663//3807 3631//3775
f 3664//3808 3663//3807 3656//3800 3655//3799
f 3665//3809 3666//3810 3667//3811 3668//3812
f 3669//3813 3670//3814 3666//3810 3665//3809
f 3662//3806 3666//3810 3670//3814 3627//3771
f 3666//3810 3662//3806 3661//3805 3667//3811
f 3655//3799 3660//3804 3671//3815 3664//3808
f 110//105 3671//3815 3660//3804 95//90
f 3672//3816 3671//3815 110//105 109//104
f 3664//3808 3671//3815 3672//3816 3661//3805
f 112//107 111//106 3673//3817
f 3668//3812 3667//3811 3674//3818 3673//3817
f 3661//3805 3672//3816 3674//3818 3667//3811
f 109//104 112//107 3674//3818 3672//3816
f 3628//3772 3626//3770 3675//3819 3676//3820
f 3670//3814 3675//3819 3626//3770 3627//3771
f 3669//3813 3677//3821 3675//3819 3670//3814
f 3677//3821 3678//3822 3676//3820
f 3669//3813 3679//3823 3680//3824 3677//3821
f 3680//3824 3679//3823 3681//3825
f 3682//3826 3683//3827 3684//3828
f 3678//3822 3677//3821 3680//3824 3684//3828
f 3685//3829 3686//3830 3683//3827
f 3687//3831 3685//3829 3682//3826 3681//3825
f 3685//3829 3687//3831 3688//3832
f 3689//3833 3690//3834 3691//3835 3692//3836
f 3690//3834 3688//3832 3693//3837
f 3565//3699 3691//3835 3693//3837 3562//3694
f 3692//3836 3691//3835 3565//3699 3566//3700
f 3635//3779 3634//3778 3694//3838 3695//3839
f 3634//3778 3628//3772 3676//3820
f 3678//3822 3696//3840 3694//3838 3676//3820
f 3695//3839 3694//3838 3696//3840 3697//3841
f 3698//3842 3699//3843 3683//3827
f 3698//3842 3686//3830 3688//3832
f 3689//3833 3700//3844 3698//3842 3690//3834
f 3699//3843 3698//3842 3700//3844 3701//3845
f 3696//3840 3678//3822 3684//3828
f 3684//3828 3683//3827 3699//3843
f 3701//3845 3702//3846 3703//3847 3699//3843
f 3703//3847 3702//3846 3697//3841
f 3566//3700 3569//3705 3704//3848 3692//3836
f 3570//3706 3705//3849 3704//3848 3569//3705
f 3706//3850 3707//3851 3704//3848 3705//3849
f 3692//3836 3704//3848 3707//3851 3689//3833
f 3689//3833 3707//3851 3708//3852 3700//3844
f 3708//3852 3707//3851 3706//3850
f 3709//3853 3708//3852 3710//3854 3711//3855
f 3708//3852 3709//3853 3701//3845 3700//3844
f 3712//3856 3713//3857 3714//3858
f 3715//3859 3697//3841 3702//3846
f 3701//3845 3709//3853 3712//3856 3702//3846
f 3713//3857 3712//3856 3709//3853 3711//3855
f 3706//3850 3705//3849 3716//3860 3717//3861
f 3573//3711 3716//3860 3705//3849 3570//3706
f 3716//3860 3573//3711 3574//3712
f 3717//3861 3716//3860 3718//3862 3719//3863
f 3695//3839 3720//3864 3721//3865 3635//3779
f 3697//3841 3715//3859 3720//3864 3695//3839
f 3715//3859 3714//3858 3722//3866
f 3723//3867 3721//3865 3720//3864 3722//3866
f 3724//3868 3725//3869 3711//3855
f 3717//3861 3724//3868 3710//3854 3706//3850
f 3724//3868 3717//3861 3719//3863
f 3726//3870 3727//3871 3725//3869
f 3728//3872 3722//3866 3714//3858
f 3725//3869 3728//3872 3713//3857 3711//3855
f 3728//3872 3725//3869 3727//3871
f 3729//3873 3723//3867 3722//3866
f 3730//3874 3731//3875 3719//3863
f 3718//3862 3574//3712 3576//3714
f 3578//3718 3732//3876 3730//3874 3576//3714
f 3731//3875 3730//3874 3732//3876 3733//3877
f 3734//3878 3735//3879 3637//3781 3636//3780
f 3721//3865 3734//3878 3636//3780 3635//3779
f 3736//3880 3734//3878 3721//3865 3723//3867
f 3737//3881 3735//3879 3734//3878 3736//3880
f 3738//3882 3739//3883 3727//3871
f 3731//3875 3738//3882 3726//3870 3719//3863
f 3738//3882 3731//3875 3733//3877
f 3739//3883 3738//3882 3740//3884 3741//3885
f 3736//3880 3742//3886 3743//3887 3737//3881
f 3723//3867 3729//3873 3742//3886 3736//3880
f 3739//3883 3742//3886 3729//3873 3727//3871
f 3742//3886 3739//3883 3741//3885
f 3733//3877 3732//3876 3744//3888 3745//3889
f 3581//3723 3744//3888 3732//3876 3578//3718
f 3582//3724 3746//3890 3744//3888 3581//3723
f 3745//3889 3744//3888 3746//3890 3747//3891
f 3637//3781 3735//3879 3748//3892 3639//3783
f 3749//3893 3748//3892 3735//3879 3737//3881
f 3750//3894 3751//3895 3748//3892 3749//3893
f 3639//3783 3748//3892 3751//3895 3592//3736
f 3740//3884 3733//3877 3745//3889
f 3752//3896 3745//3889 3747//3891
f 3753//3897 3754//3898 3752//3896 3755//3899
f 3752//3896 3754//3898 3741//3885
f 3749//3893 3756//3900 3757//3901 3750//3894
f 3737//3881 3743//3887 3756//3900 3749//3893
f 3754//3898 3756//3900 3743//3887 3741//3885
f 3756//3900 3754//3898 3753//3897
f 3592//3736 3751//3895 3758//3902 3591//3735
f 3759//3903 3758//3902 3751//3895 3750//3894
f 3760//3904 3761//3905 3758//3902 3759//3903
f 3591//3735 3758//3902 3761//3905 3593//3737
f 3762//3906 3763//3907 3755//3899 3747//3891
f 3763//3907 3762//3906 3764//3908 3765//3909
f 3763//3907 3765//3909 3766//3910
f 3767//3911 3753//3897 3755//3899
f 3760//3904 3759//3903 3768//3912 3769//3913
f 3750//3894 3757//3901 3768//3912 3759//3903
f 3757//3901 3753//3897 3767//3911
f 3767//3911 3766//3910 3769//3913
f 3593//3737 3761//3905 3770//3914 3598//3742
f 3771//3915 3770//3914 3761//3905 3760//3904
f 3772//3916 3773//3917 3770//3914 3771//3915
f 3598//3742 3770//3914 3773//3917 3599//3743
f 3599//3743 3773//3917 3774//3918 3604//3748
f 3775//3919 3774//3918 3773//3917 3772//3916
f 3776//3920 3777//3921 3774//3918 3775//3919
f 3604//3748 3774//3918 3777//3921 3605//3749
f 3778//3922 3779//3923 3780//3924 3781//3925
f 7528//3926 7538//3927 3779//3923 3778//3922
f 3783//3928 3780//3924 3779//3923 3782//3929
f 3782//3929 3784//3930 3785//3931 3783//3928
f 7537//3932 7536//3933 3784//3930 3782//3929
f 3787//3934 3785//3931 3784//3930 3786//3935
f 3786//3935 3788//3936 3789//3937 3787//3934
f 7535//3938 7534//3939 3788//3936 3786//3935
f 7531//3940 3790//3941 3788//3936 7534//3939
f 3789//3937 3788//3936 3790//3941 3791//3942
f 3792//3943 3793//3944 3794//3945 3795//3946
f 7532//3947 3794//3945 3793//3944 7529//3948
f 3557//3686 3795//3946 3794//3945 3558//3687
f 3791//3942 3790//3941 3796//3949 3797//3950
f 7530//3951 3796//3949 3790//3941 7531//3940
f 7529//3948 3793//3944 3796//3949 7530//3951
f 3797//3950 3796//3949 3793//3944 3792//3943
f 3560//3689 3798//3952 3799//3953 3557//3686
f 3562//3694 3693//3837 3798//3952 3560//3689
f 3800//3954 3798//3952 3693//3837 3688//3832
f 3801//3955 3799//3953 3798//3952 3800//3954
f 3802//3956 3803//3957 3804//3958 3805//3959
f 3795//3946 3804//3958 3803//3957 3792//3943
f 3557//3686 3799//3953 3804//3958 3795//3946
f 3805//3959 3804//3958 3799//3953 3801//3955
f 3806//3960 3807//3961 3808//3962 3809//3963
f 3747//3891 3746//3890 3808//3962 3807//3961
f 3584//3726 3808//3962 3746//3890 3582//3724
f 3586//3730 3809//3963 3808//3962 3584//3726
f 3810//3964 3811//3965 3812//3966 3813//3967
f 3814//3968 3812//3966 3811//3965 3815//3969
f 3816//3970 3817//3971 3812//3966 3814//3968
f 3818//3972 3813//3967 3812//3966 3817//3971
f 3819//3973 3820//3974 3821//3975 3822//3976
f 3823//3977 3821//3975 3820//3974 3824//3978
f 3815//3969 3811//3965 3821//3975 3823//3977
f 3822//3976 3821//3975 3811//3965 3810//3964
f 7526//3979 7527//3980 3825//3981 3826//3982
f 3781//3925 3827//3983 3825//3981 3778//3922
f 3826//3982 3825//3981 3827//3983 3828//3984
f 3829//3985 3830//3986 3831//3987 3832//3988
f 7524//3989 7525//3990 3830//3986 3829//3985
f 3828//3984 3831//3987 3830//3986 3826//3982
f 7522//3991 7523//3992 3833//3993 3834//3994
f 3832//3988 3835//3995 3833//3993 3829//3985
f 3834//3994 3833//3993 3835//3995 3836//3996
f 3837//3997 3838//3998 3839//3999 3840//4000
f 7514//4001 7521//4002 3838//3998 3837//3997
f 3836//3996 3839//3999 3838//3998 3834//3994
f 7520//4003 3841//4004 3842//4005 7518//4006
f 7512//4007 3843//4008 3841//4004 7520//4003
f 3844//4009 3841//4004 3843//4008 3845//4010
f 3846//4011 3842//4005 3841//4004 3844//4009
f 7519//4012 3847//4013 3848//4014 7515//4015
f 7518//4006 3842//4005 3847//4013 7519//4012
f 3849//4016 3847//4013 3842//4005 3846//4011
f 3850//4017 3848//4014 3847//4013 3849//4016
f 3586//3730 3585//3729 3851//4018 3852//4019
f 7516//4020 3851//4018 3585//3729 7517//3728
f 7515//4015 3848//4014 3851//4018 7516//4020
f 3852//4019 3851//4018 3848//4014 3850//4017
f 3853//4021 3854//4022 3855//4023 3856//4024
f 3809//3963 3855//4023 3854//4022 3806//3960
f 3586//3730 3852//4019 3855//4023 3809//3963
f 3856//4024 3855//4023 3852//4019 3850//4017
f 3857//4025 3858//4026 3859//4027 3860//4028
f 3861//4029 3859//4027 3858//4026 3862//4030
f 3863//4031 3864//4032 3859//4027 3861//4029
f 3860//4028 3859//4027 3864//4032 3865//4033
f 3818//3972 3817//3971 3866//4034 3867//4035
f 3868//4036 3866//4034 3817//3971 3816//3970
f 3869//4037 3870//4038 3866//4034 3868//4036
f 3870//4038 3871//4039 3867//4035
f 3872//4040 3873//4041 3874//4042 3875//4043
f 3867//4035 3872//4040 3875//4043 3818//3972
f 3872//4040 3867//4035 3871//4039 3876//4044
f 3873//4041 3872//4040 3876//4044 3877//4045
f 3878//4046 3879//4047 3880//4048 3881//4049
f 3882//4050 3880//4048 3879//4047 3883//4051
f 3884//4052 3885//4053 3880//4048 3882//4050
f 3881//4049 3880//4048 3885//4053 3886//4054
f 3881//4049 3887//4055 3888//4056 3878//4046
f 3886//4054 3889//4057 3887//4055 3881//4049
f 3890//4058 3888//4056 3887//4055 3889//4057
f 3891//4059 3892//4060 3893//4061 3894//4062
f 3877//4045 3876//4044 3892//4060 3891//4059
f 3892//4060 3876//4044 3871//4039
f 3894//4062 3893//4061 3895//4063 3896//4064
f 3870//4038 3895//4063 3893//4061 3871//4039
f 3869//4037 3897//4065 3895//4063 3870//4038
f 3896//4064 3895//4063 3897//4065 3898//4066
f 3899//4067 3900//4068 3901//4069 3902//4070
f 3896//4064 3901//4069 3900//4068 3894//4062
f 3898//4066 3903//4071 3901//4069 3896//4064
f 3904//4072 3902//4070 3901//4069 3903//4071
f 3905//4073 3906//4074 3903//4071 3898//4066
f 3907//4075 3908//4076 3906//4074 3905//4073
f 3909//4077 3910//4078 3906//4074 3908//4076
f 3903//4071 3906//4074 3910//4078 3904//4072
f 3907//4075 3911//4079 3912//4080 3908//4076
f 3913//4081 3912//4080 3911//4079 3914//4082
f 3912//4080 3913//4081 3915//4083
f 3908//4076 3912//4080 3916//4084 3909//4077
f 3914//4082 3917//4085 3918//4086 3913//4081
f 3882//4050 3918//4086 3917//4085 3884//4052
f 3883//4051 3919//4087 3918//4086 3882//4050
f 3913//4081 3918//4086 3919//4087 3915//4083
f 3920//4088 3921//4089 3916//4084 3915//4083
f 3921//4089 3920//4088 3922//4090
f 3909//4077 3916//4084 3921//4089 3923//4091
f 3924//4092 3925//4093 3926//4094
f 3920//4088 3924//4092 3927//4095 3922//4090
f 3915//4083 3928//4096 3924//4092 3920//4088
f 3925//4093 3924//4092 3928//4096 3929//4097
f 3929//4097 3928//4096 3930//4098 3931//4099
f 3919//4087 3930//4098 3928//4096 3915//4083
f 3883//4051 3932//4100 3930//4098 3919//4087
f 3933//4101 3931//4099 3930//4098 3932//4100
f 3904//4072 3910//4078 3934//4102 3935//4103
f 3923//4091 3934//4102 3910//4078 3909//4077
f 3922//4090 3936//4104 3934//4102 3923//4091
f 3935//4103 3934//4102 3936//4104 3937//4105
f 3938//4106 3939//4107 3940//4108 3941//4109
f 3936//4104 3940//4108 3939//4107 3937//4105
f 3940//4108 3936//4104 3922//4090
f 3941//4109 3940//4108 3927//4095 3926//4094
f 3941//4109 3942//4110 3943//4111 3938//4106
f 3926//4094 3925//4093 3942//4110 3941//4109
f 3929//4097 3931//4099 3942//4110 3925//4093
f 3943//4111 3942//4110 3931//4099 3933//4101
f 3932//4100 3944//4112 3945//4113 3933//4101
f 3883//4051 3879//4047 3944//4112 3932//4100
f 3946//4114 3944//4112 3879//4047 3878//4046
f 3947//4115 3945//4113 3944//4112 3946//4114
f 3899//4067 3902//4070 3948//4116 3949//4117
f 3935//4103 3948//4116 3902//4070 3904//4072
f 3935//4103 3937//4105 3950//4118
f 3951//4119 3949//4117 3948//4116 3950//4118
f 3952//4120 3953//4121 3954//4122 3955//4123
f 3953//4121 3951//4119 3950//4118
f 3937//4105 3939//4107 3954//4122 3950//4118
f 3955//4123 3954//4122 3939//4107 3938//4106
f 3952//4120 3955//4123 3956//4124 3957//4125
f 3956//4124 3955//4123 3938//4106 3943//4111
f 3933//4101 3945//4113 3956//4124 3943//4111
f 3957//4125 3956//4124 3945//4113 3947//4115
f 3771//3915 3958//4126 3959//4127 3772//3916
f 3769//3913 3958//4126 3771//3915 3760//3904
f 3958//4126 3769//3913 3766//3910
f 3959//4127 3958//4126 3960//4128 3961//4129
f 3775//3919 3962//4130 3963//4131 3776//3920
f 3772//3916 3959//4127 3962//4130 3775//3919
f 3961//4129 3964//4132 3962//4130 3959//4127
f 3964//4132 3965//4133 3963//4131
f 3966//4134 3960//4128 3766//3910
f 3967//4135 3966//4134 3765//3909 3764//3908
f 3968//4136 3966//4134 3967//4135 3969//4137
f 3960//4128 3966//4134 3968//4136 3961//4129
f 3970//4138 3971//4139 3972//4140 3973//4141
f 3961//4129 3968//4136 3971//4139 3970//4138
f 3969//4137 3972//4140 3971//4139 3968//4136
f 3969//4137 3974//4142 3975//4143 3976//4144
f 3977//4145 3975//4143 3974//4142 3978//4146
f 3979//4147 3980//4148 3975//4143 3977//4145
f 3976//4144 3975//4143 3980//4148 3981//4149
f 3973//4141 3972//4140 3982//4150 3983//4151
f 3976//4144 3982//4150 3972//4140 3969//4137
f 3981//4149 3984//4152 3982//4150 3976//4144
f 3983//4151 3982//4150 3984//4152 3985//4153
f 3981//4149 3980//4148 3986//4154 3987//4155
f 3988//4156 3986//4154 3980//4148 3979//4147
f 3989//4157 3990//4158 3986//4154 3988//4156
f 3987//4155 3986//4154 3990//4158 3991//4159
f 3965//4133 3964//4132 3992//4160 3993//4161
f 3970//4138 3992//4160 3964//4132 3961//4129
f 3973//4141 3994//4162 3992//4160 3970//4138
f 3993//4161 3992//4160 3994//4162 3995//4163
f 3995//4163 3994//4162 3996//4164 3997//4165
f 3983//4151 3996//4164 3994//4162 3973//4141
f 3996//4164 3983//4151 3985//4153
f 3998//4166 3999//4167 3997//4165
f 3999//4167 3998//4166 4000//4168 4001//4169
f 3984//4152 4000//4168 3998//4166 3985//4153
f 3987//4155 4000//4168 3984//4152 3981//4149
f 4001//4169 4000//4168 3987//4155 3991//4159
f 4002//4170 4003//4171 4004//4172 4005//4173
f 4001//4169 4004//4172 4003//4171 3999//4167
f 4006//4174 4004//4172 4001//4169 3991//4159
f 4007//4175 4005//4173 4004//4172 4006//4174
f 4008//4176 4009//4177 4010//4178 4011//4179
f 4012//4180 4010//4178 4009//4177 4013//4181
f 4014//4182 4010//4178 4012//4180 4015//4183
f 4016//4184 4011//4179 4010//4178 4014//4182
f 4017//4185 4018//4186 4019//4187 4020//4188
f 4014//4182 4019//4187 4018//4186 4016//4184
f 4015//4183 4021//4189 4019//4187 4014//4182
f 4020//4188 4019//4187 4021//4189 4022//4190
f 4023//4191 4024//4192 4025//4193 4026//4194
f 4027//4195 4025//4193 4024//4192 4028//4196
f 4029//4197 4030//4198 4025//4193 4027//4195
f 4026//4194 4025//4193 4030//4198 4031//4199
f 4032//4200 4033//4201 4034//4202 4035//4203
f 4036//4204 4037//4205 4033//4201 4032//4200
f 4033//4201 4037//4205 4038//4206 4039//4207
f 4040//4208 4034//4202 4033//4201 4039//4207
f 4031//4199 4030//4198 4041//4209 4042//4210
f 4043//4211 4041//4209 4030//4198 4029//4197
f 4035//4203 4034//4202 4041//4209 4043//4211
f 4042//4210 4041//4209 4034//4202 4040//4208
f 4044//4212 4045//4213 4046//4214 4047//4215
f 4026//4194 4046//4214 4045//4213 4023//4191
f 4031//4199 4048//4216 4046//4214 4026//4194
f 4047//4215 4046//4214 4048//4216 4049//4217
f 4038//4206 4050//4218 4051//4219 4039//4207
f 4052//4220 4051//4219 4050//4218 4053//4221
f 4054//4222 4055//4223 4051//4219 4052//4220
f 4039//4207 4051//4219 4055//4223 4040//4208
f 4049//4217 4048//4216 4056//4224 4057//4225
f 4042//4210 4056//4224 4048//4216 4031//4199
f 4040//4208 4055//4223 4056//4224 4042//4210
f 4057//4225 4056//4224 4055//4223 4054//4222
f 4058//4226 4059//4227 4060//4228 4061//4229
f 4047//4215 4060//4228 4059//4227 4044//4212
f 4049//4217 4062//4230 4060//4228 4047//4215
f 4061//4229 4060//4228 4062//4230 4063//4231
f 4064//4232 4065//4233 4066//4234
f 4066//4234 4013//4181 4009//4177
f 4067//4235 4009//4177 4008//4176
f 4068//4236 4069//4237 4064//4232
f 4063//4231 4062//4230 4070//4238 4071//4239
f 4057//4225 4070//4238 4062//4230 4049//4217
f 4054//4222 4072//4240 4070//4238 4057//4225
f 4072//4240 4073//4241 4071//4239
f 4072//4240 4074//4242 4075//4243 4073//4241
f 4052//4220 4074//4242 4072//4240 4054//4222
f 4053//4221 4076//4244 4074//4242 4052//4220
f 4077//4245 4075//4243 4074//4242 4076//4244
f 4078//4246 4079//4247 4050//4218 4038//4206
f 4080//4248 4079//4247 4078//4246 4081//4249
f 4079//4247 4080//4248 4082//4250
f 4053//4221 4050//4218 4079//4247 4083//4251
f 4084//4252 4085//4253 4086//4254
f 4087//4255 4077//4245 4076//4244
f 4084//4252 4076//4244 4053//4221
f 4083//4251 4082//4250 4085//4253
f 4081//4249 4078//4246 4088//4256 4089//4257
f 4088//4256 4078//4246 4038//4206 4037//4205
f 4090//4258 4088//4256 4037//4205 4036//4204
f 4091//4259 4089//4257 4088//4256 4090//4258
f 4092//4260 4080//4248 4081//4249
f 4089//4257 4091//4259 4093//4261
f 4094//4262 4095//4263 4092//4260 4093//4261
f 4095//4263 4082//4250 4080//4248
f 4096//4264 4097//4265 4098//4266 4099//4267
f 4085//4253 4098//4266 4097//4265 4086//4254
f 4082//4250 4095//4263 4098//4266 4085//4253
f 4099//4267 4098//4266 4095//4263 4094//4262
f 4100//4268 4101//4269 4058//4226
f 4102//4270 4103//4271 4104//4272
f 4017//4185 4020//4188 4100//4268 4104//4272
f 4020//4188 4022//4190 4101//4269
f 4044//4212 4059//4227 4105//4273 4106//4274
f 4059//4227 4058//4226 4101//4269
f 4022//4190 4107//4275 4105//4273 4101//4269
f 4106//4274 4105//4273 4107//4275 4108//4276
f 4109//4277 4110//4278 4111//4279 4112//4280
f 4015//4183 4012//4180 4110//4278 4109//4277
f 4110//4278 4012//4180 4013//4181
f 4111//4279 4110//4278 4113//4281 4114//4282
f 4109//4277 4115//4283 4021//4189 4015//4183
f 4115//4283 4109//4277 4112//4280
f 4116//4284 4115//4283 4117//4285 4118//4286
f 4022//4190 4021//4189 4115//4283 4116//4284
f 4118//4286 4119//4287 4120//4288 4116//4284
f 4108//4276 4107//4275 4120//4288 4119//4287
f 4116//4284 4120//4288 4107//4275 4022//4190
f 4023//4191 4045//4213 4121//4289 4122//4290
f 4106//4274 4121//4289 4045//4213 4044//4212
f 4108//4276 4123//4291 4121//4289 4106//4274
f 4122//4290 4121//4289 4123//4291 4124//4292
f 4125//4293 4126//4294 4127//4295
f 4127//4295 4128//4296 4129//4297
f 4130//4298 4125//4293 4131//4299 4129//4297
f 80//75 3646//3790 4132//4300 577//588
f 4133//4301 4132//4300 3646//3790 3645//3789
f 4134//4302 4135//4303 4132//4300 4133//4301
f 577//588 4132//4300 4135//4303 580//591
f 3645//3789 3644//3788 4136//4304 4133//4301
f 3644//3788 3621//3765 4137//4305
f 4138//4306 4139//4307 4136//4304 4137//4305
f 4133//4301 4136//4304 4139//4307 4134//4302
f 3621//3765 3620//3764 4140//4308 4137//4305
f 4141//4309 4140//4308 3620//3764 3607//3751
f 4142//4310 4143//4311 4140//4308 4141//4309
f 4137//4305 4140//4308 4143//4311 4138//4306
f 3607//3751 3606//3750 4144//4312 4141//4309
f 4145//4313 4144//4312 3606//3750 3605//3749
f 4146//4314 4147//4315 4144//4312 4145//4313
f 4141//4309 4144//4312 4147//4315 4142//4310
f 3605//3749 3777//3921 4148//4316 4145//4313
f 4149//4317 4148//4316 3777//3921 3776//3920
f 4150//4318 4151//4319 4148//4316 4149//4317
f 4145//4313 4148//4316 4151//4319 4146//4314
f 4152//4320 4149//4317 3776//3920
f 4153//4321 4152//4320 3963//4131 3965//4133
f 4154//4322 4155//4323 4152//4320 4153//4321
f 4149//4317 4152//4320 4155//4323 4150//4318
f 3965//4133 3993//4161 4156//4324 4153//4321
f 4157//4325 4156//4324 3993//4161 3995//4163
f 4158//4326 4159//4327 4156//4324 4157//4325
f 4153//4321 4156//4324 4159//4327 4154//4322
f 3995//4163 3997//4165 4160//4328 4157//4325
f 4003//4171 4160//4328 3997//4165 3999//4167
f 4161//4329 4160//4328 4003//4171 4002//4170
f 4157//4325 4160//4328 4161//4329 4158//4326
f 4162//4330 4163//4331 4164//4332 4165//4333
f 4154//4322 4159//4327 4163//4331 4162//4330
f 4166//4334 4163//4331 4159//4327 4158//4326
f 4164//4332 4163//4331 4166//4334 4167//4335
f 4168//4336 4169//4337 4170//4338 4171//4339
f 622//633 4170//4338 4169//4337 623//634
f 621//632 4172//4340 4170//4338 622//633
f 4171//4339 4170//4338 4172//4340 4173//4341
f 627//638 4174//4342 4175//4343 624//635
f 580//591 4135//4303 4174//4342 627//638
f 4176//4344 4174//4342 4135//4303 4134//4302
f 4177//4345 4175//4343 4174//4342 4176//4344
f 4178//4346 4179//4347 4180//4348 4181//4349
f 634//645 4180//4348 4179//4347 635//646
f 624//635 4175//4343 4180//4348 634//645
f 4181//4349 4180//4348 4175//4343 4177//4345
f 4182//4350 4183//4351 4184//4352 4185//4353
f 4176//4344 4184//4352 4183//4351 4177//4345
f 4134//4302 4139//4307 4184//4352 4176//4344
f 4185//4353 4184//4352 4139//4307 4138//4306
f 4186//4354 4187//4355 4188//4356 4189//4357
f 4181//4349 4188//4356 4187//4355 4178//4346
f 4177//4345 4183//4351 4188//4356 4181//4349
f 4189//4357 4188//4356 4183//4351 4182//4350
f 4190//4358 4191//4359 4192//4360 4193//4361
f 4185//4353 4192//4360 4191//4359 4182//4350
f 4192//4360 4185//4353 4138//4306
f 4193//4361 4192//4360 4143//4311 4142//4310
f 4194//4362 4195//4363 4196//4364 4197//4365
f 4189//4357 4196//4364 4195//4363 4186//4354
f 4182//4350 4191//4359 4196//4364 4189//4357
f 4197//4365 4196//4364 4191//4359 4190//4358
f 4198//4366 4190//4358 4193//4361
f 4142//4310 4147//4315 4199//4367 4193//4361
f 4200//4368 4199//4367 4147//4315 4146//4314
f 4201//4369 4198//4366 4199//4367 4200//4368
f 4202//4370 4203//4371 4204//4372 4205//4373
f 4203//4371 4201//4369 4200//4368
f 4146//4314 4151//4319 4204//4372 4200//4368
f 4205//4373 4204//4372 4151//4319 4150//4318
f 4206//4374 4207//4375 4203//4371 4202//4370
f 4208//4376 4209//4377 4207//4375 4206//4374
f 4201//4369 4203//4371 4207//4375 4209//4377
f 4150//4318 4155//4323 4210//4378 4205//4373
f 4162//4330 4210//4378 4155//4323 4154//4322
f 4165//4333 4211//4379 4210//4378 4162//4330
f 4205//4373 4210//4378 4211//4379 4202//4370
f 4197//4365 4212//4380 4213//4381 4194//4362
f 4190//4358 4198//4366 4212//4380 4197//4365
f 4209//4377 4212//4380 4198//4366 4201//4369
f 4213//4381 4212//4380 4209//4377 4208//4376
f 4214//4382 4215//4383 4216//4384
f 4217//4385 4194//4362 4213//4381
f 4214//4382 4213//4381 4208//4376
f 4218//4386 4219//4387 4215//4383
f 4220//4388 4221//4389 4222//4390 4223//4391
f 4224//4392 4225//4393 4222//4390 4221//4389
f 4225//4393 4226//4394 4227//4395
f 4223//4391 4222//4390 4227//4395 4065//4233
f 4114//4282 4113//4281 4228//4396 4229//4397
f 4066//4234 4228//4396 4113//4281 4013//4181
f 4228//4396 4066//4234 4065//4233
f 4227//4395 4226//4394 4229//4397
f 4202//4370 4211//4379 4230//4398 4206//4374
f 4211//4379 4165//4333 4231//4399
f 4219//4387 4218//4386 4230//4398 4231//4399
f 4206//4374 4230//4398 4218//4386 4208//4376
f 4232//4400 4233//4401 4234//4402
f 4226//4394 4225//4393 4235//4403 4234//4402
f 4236//4404 4235//4403 4225//4393 4224//4392
f 4235//4403 4236//4404 4237//4405
f 4232//4400 4237//4405 4238//4406
f 4238//4406 4216//4384 4215//4383
f 4215//4383 4219//4387 4239//4407
f 4240//4408 4239//4407 4233//4401
f 4241//4409 4242//4410 4243//4411 4244//4412
f 4245//4413 4246//4414 4243//4411 4242//4410
f 4229//4397 4243//4411 4246//4414 4114//4282
f 4226//4394 4244//4412 4243//4411 4229//4397
f 4247//4415 4248//4416 4249//4417 4250//4418
f 4231//4399 4249//4417 4248//4416 4219//4387
f 4165//4333 4164//4332 4249//4417 4231//4399
f 4250//4418 4249//4417 4164//4332 4167//4335
f 4251//4419 4233//4401 4239//4407
f 4219//4387 4248//4416 4252//4420 4239//4407
f 4253//4421 4252//4420 4248//4416 4247//4415
f 4254//4422 4251//4419 4252//4420 4253//4421
f 4255//4423 4256//4424 4241//4409
f 4234//4402 4255//4423 4244//4412 4226//4394
f 4255//4423 4234//4402 4233//4401
f 4256//4424 4255//4423 4251//4419 4254//4422
f 4257//4425 4250//4418 4167//4335
f 4258//4426 4257//4425 4259//4427 4260//4428
f 4247//4415 4250//4418 4257//4425 4258//4426
f 4167//4335 4166//4334 4261//4429 4259//4427
f 4161//4329 4261//4429 4166//4334 4158//4326
f 4261//4429 4161//4329 4002//4170
f 4259//4427 4261//4429 4262//4430 4260//4428
f 4263//4431 4264//4432 4260//4428
f 4005//4173 4263//4431 4262//4430 4002//4170
f 4007//4175 4265//4433 4263//4431 4005//4173
f 4264//4432 4263//4431 4265//4433 4266//4434
f 4267//4435 4253//4421 4247//4415
f 4258//4426 4260//4428 4268//4436
f 4269//4437 4270//4438 4267//4435 4268//4436
f 4253//4421 4267//4435 4270//4438 4254//4422
f 4271//4439 4272//4440 4273//4441 4274//4442
f 4272//4440 4241//4409 4256//4424
f 4254//4422 4270//4438 4273//4441 4256//4424
f 4274//4442 4273//4441 4270//4438 4269//4437
f 4275//4443 4276//4444 4277//4445 4278//4446
f 4276//4444 4269//4437 4268//4436
f 4260//4428 4279//4447 4277//4445 4268//4436
f 4279//4447 4280//4448 4278//4446
f 4281//4449 4282//4450 4280//4448
f 4279//4447 4260//4428 4264//4432
f 4266//4434 4283//4451 4281//4449 4264//4432
f 4282//4450 4281//4449 4283//4451 4284//4452
f 4114//4282 4246//4414 4285//4453 4111//4279
f 4286//4454 4285//4453 4246//4414 4245//4413
f 4287//4455 4288//4456 4285//4453 4286//4454
f 4111//4279 4285//4453 4288//4456 4112//4280
f 4124//4292 4123//4291 4289//4457 4290//4458
f 4119//4287 4289//4457 4123//4291 4108//4276
f 4291//4459 4289//4457 4119//4287 4118//4286
f 4292//4460 4290//4458 4289//4457 4291//4459
f 4291//4459 4293//4461 4294//4462 4292//4460
f 4293//4461 4291//4459 4118//4286
f 4293//4461 4117//4285 4112//4280
f 4293//4461 4288//4456 4287//4455 4294//4462
f 4295//4463 4296//4464 4297//4465 4298//4466
f 4282//4450 4297//4465 4296//4464 4280//4448
f 4284//4452 4299//4467 4297//4465 4282//4450
f 4299//4467 4126//4294 4298//4466
f 4300//4468 4301//4469 4295//4463
f 4300//4468 4298//4466 4126//4294
f 4125//4293 4130//4298 4302//4470
f 4302//4470 4303//4471 4301//4469
f 4028//4196 4024//4192 4304//4472 4305//4473
f 4122//4290 4304//4472 4024//4192 4023//4191
f 4124//4292 4306//4474 4304//4472 4122//4290
f 4305//4473 4304//4472 4306//4474 4303//4471
f 4124//4292 4290//4458 4307//4475 4306//4474
f 4290//4458 4292//4460 4308//4476
f 4309//4477 4310//4478 4307//4475 4308//4476
f 4306//4474 4307//4475 4310//4478 4303//4471
f 4303//4471 4310//4478 4311//4479 4301//4469
f 4312//4480 4311//4479 4310//4478 4309//4477
f 4311//4479 4312//4480 4295//4463 4301//4469
f 4242//4410 4313//4481 4314//4482 4245//4413
f 4313//4481 4242//4410 4241//4409
f 4313//4481 4272//4440 4271//4439
f 4314//4482 4313//4481 4315//4483 4316//4484
f 4280//4448 4296//4464 4317//4485 4318//4486
f 4312//4480 4317//4485 4296//4464 4295//4463
f 4309//4477 4319//4487 4317//4485 4312//4480
f 4318//4486 4317//4485 4319//4487 4320//4488
f 4275//4443 4278//4446 4321//4489 4322//4490
f 4318//4486 4321//4489 4278//4446 4280//4448
f 4320//4488 4323//4491 4321//4489 4318//4486
f 4322//4490 4321//4489 4323//4491 4316//4484
f 4324//4492 4322//4490 4316//4484
f 4274//4442 4324//4492 4315//4483 4271//4439
f 4269//4437 4276//4444 4324//4492 4274//4442
f 4322//4490 4324//4492 4276//4444 4275//4443
f 4325//4493 4326//4494 4323//4491 4320//4488
f 4326//4494 4325//4493 4287//4455 4286//4454
f 4245//4413 4314//4482 4326//4494 4286//4454
f 4316//4484 4323//4491 4326//4494 4314//4482
f 4292//4460 4294//4462 4327//4495 4308//4476
f 4325//4493 4327//4495 4294//4462 4287//4455
f 4320//4488 4319//4487 4327//4495 4325//4493
f 4308//4476 4327//4495 4319//4487 4309//4477
f 4329//4496 4330//4497 4331//4498 4332//4499
f 4333//4500 4330//4497 4329//4496 4130//4298
f 4334//4501 4330//4497 4333//4500 4335//4502
f 4331//4498 4330//4497 4334//4501 4336//4503
f 4332//4499 4337//4504 4338//4505 4329//4496
f 4302//4470 4338//4505 4337//4504 4303//4471
f 4130//4298 4329//4496 4338//4505 4302//4470
f 809//812 812//815 4339//4506 4340//4507
f 4341//4508 4339//4506 812//815 817//820
f 4342//4509 4343//4510 4339//4506 4341//4508
f 4340//4507 4339//4506 4343//4510 4344//4511
f 4345//4512 4343//4510 4342//4509
f 4346//4513 4345//4512 4347//4514 4348//4515
f 4349//4516 4350//4517 4345//4512 4346//4513
f 4343//4510 4345//4512 4350//4517 4344//4511
f 4351//4518 4352//4519 823//827 826//830
f 4340//4507 4351//4518 826//830 809//812
f 4344//4511 4353//4520 4351//4518 4340//4507
f 4351//4518 4353//4520 4354//4521
f 4344//4511 4350//4517 4355//4522 4353//4520
f 4356//4523 4355//4522 4350//4517 4349//4516
f 4357//4524 4358//4525 4355//4522 4356//4523
f 4353//4520 4355//4522 4358//4525 4354//4521
f 4359//4526 4360//4527 4361//4528 4362//4529
f 4360//4527 4359//4526 4357//4524
f 4363//4530 4364//4531 4360//4527 4365//4532
f 4361//4528 4360//4527 4364//4531 4366//4533
f 4354//4521 4358//4525 4367//4534 4368//4535
f 4359//4526 4367//4534 4358//4525 4357//4524
f 4362//4529 4369//4536 4367//4534 4359//4526
f 4368//4535 4367//4534 4369//4536 4370//4537
f 4303//4471 4337//4504 4371//4538 4305//4473
f 4372//4539 4371//4538 4337//4504 4332//4499
f 4373//4540 4374//4541 4371//4538 4372//4539
f 4305//4473 4371//4538 4374//4541 4028//4196
f 4332//4499 4331//4498 4375//4542 4376//4543
f 4377//4544 4375//4542 4331//4498 4336//4503
f 4378//4545 4379//4546 4375//4542 4377//4544
f 4376//4543 4375//4542 4379//4546 4380//4547
f 4380//4547 4379//4546 4381//4548 4382//4549
f 4383//4550 4381//4548 4379//4546 4378//4545
f 4384//4551 4385//4552 4381//4548 4383//4550
f 4382//4549 4381//4548 4385//4552 4386//4553
f 4387//4554 4388//4555 4389//4556
f 4390//4557 4387//4554 4391//4558 4392//4559
f 4387//4554 4390//4557 4348//4515
f 4347//4514 4342//4509 4388//4555
f 4342//4509 4341//4508 4393//4560 4388//4555
f 864//867 4393//4560 4341//4508 817//820
f 865//868 4394//4561 4393//4560 864//867
f 4388//4555 4393//4560 4394//4561 4389//4556
f 4029//4197 4027//4195 4395//4562 4396//4563
f 4028//4196 4374//4541 4395//4562 4027//4195
f 4373//4540 4397//4564 4395//4562 4374//4541
f 4396//4563 4395//4562 4397//4564 4398//4565
f 4373//4540 4372//4539 4399//4566 4400//4567
f 4376//4543 4399//4566 4372//4539 4332//4499
f 4380//4547 4401//4568 4399//4566 4376//4543
f 4400//4567 4399//4566 4401//4568 4402//4569
f 4402//4569 4401//4568 4403//4570 4404//4571
f 4382//4549 4403//4570 4401//4568 4380//4547
f 4386//4553 4405//4572 4403//4570 4382//4549
f 4404//4571 4403//4570 4405//4572 4406//4573
f 4406//4573 4405//4572 4407//4574 4408//4575
f 4409//4576 4407//4574 4405//4572 4386//4553
f 4410//4577 4411//4578 4407//4574 4409//4576
f 4408//4575 4407//4574 4411//4578 4412//4579
f 4413//4580 4414//4581 4415//4582 4416//4583
f 4411//4578 4415//4582 4414//4581 4412//4579
f 4410//4577 4417//4584 4415//4582 4411//4578
f 4416//4583 4415//4582 4417//4584 4418//4585
f 4419//4586 4420//4587 4421//4588 4422//4589
f 4420//4587 4413//4580 4416//4583
f 4418//4585 4423//4590 4421//4588 4416//4583
f 4422//4589 4421//4588 4423//4590 4392//4559
f 4422//4589 4424//4591 4425//4592 4419//4586
f 4392//4559 4391//4558 4424//4591 4422//4589
f 4389//4556 4426//4593 4424//4591 4391//4558
f 4426//4593 4427//4594 4425//4592
f 4427//4594 4426//4593 4428//4595 4429//4596
f 4394//4561 4428//4595 4426//4593 4389//4556
f 896//902 4428//4595 4394//4561 865//868
f 4429//4596 4428//4595 896//902 897//903
f 4430//4597 4431//4598 4432//4599 4433//4600
f 4434//4601 4432//4599 4431//4598 4435//4602
f 4436//4603 4437//4604 4432//4599 4434//4601
f 4433//4600 4432//4599 4437//4604 4438//4605
f 4439//4606 4440//4607 4441//4608 4442//4609
f 4443//4610 4441//4608 4440//4607 4444//4611
f 4445//4612 4446//4613 4441//4608 4443//4610
f 4442//4609 4441//4608 4446//4613 4447//4614
f 919//925 918//924 4448//4615 4449//4616
f 4450//4617 4448//4615 918//924 921//927
f 4435//4602 4431//4598 4448//4615 4450//4617
f 4449//4616 4448//4615 4431//4598 4430//4597
f 925//931 924//930 4451//4618 4452//4619
f 4453//4620 4451//4618 924//930 927//933
f 4444//4611 4440//4607 4451//4618 4453//4620
f 4452//4619 4451//4618 4440//4607 4439//4606
f 4454//4621 4455//4622 4456//4623 4457//4624
f 4458//4625 4455//4622 4454//4621 4459//4626
f 4460//4627 4461//4628 4455//4622 4458//4625
f 4445//4612 4456//4623 4455//4622 4461//4628
f 4462//4629 4463//4630 4447//4614 4464//4631
f 4465//4632 4462//4629 4464//4631 4466//4633
f 4467//4634 4468//4635 4462//4629 4465//4632
f 4436//4603 4463//4630 4462//4629 4468//4635
f 4469//4636 4470//4637 4471//4638 4472//4639
f 4473//4640 4471//4638 4470//4637 4466//4633
f 4460//4627 4474//4641 4471//4638 4473//4640
f 4472//4639 4471//4638 4474//4641 4475//4642
f 953//959 4476//4643 4477//4644 950//956
f 4478//4645 4477//4644 4476//4643 4479//4646
f 4480//4647 4481//4648 4477//4644 4478//4645
f 950//956 4477//4644 4481//4648 954//960
f 4482//4649 4483//4650 4484//4651 4485//4652
f 4486//4653 4484//4651 4483//4650 4487//4654
f 4480//4647 4488//4655 4484//4651 4486//4653
f 4485//4652 4484//4651 4488//4655 4475//4642
f 4489//4656 4490//4657 4491//4658 4492//4659
f 4493//4660 4491//4658 4490//4657 4494//4661
f 4467//4634 4495//4662 4491//4658 4493//4660
f 4492//4659 4491//4658 4495//4662 4496//4663
f 979//985 4497//4664 4498//4665 978//984
f 4499//4666 4498//4665 4497//4664 4500//4667
f 4479//4646 4476//4643 4498//4665 4499//4666
f 978//984 4498//4665 4476//4643 953//959
f 4469//4636 4501//4668 4502//4669 4503//4670
f 4499//4666 4502//4669 4501//4668 4479//4646
f 4500//4667 4504//4671 4502//4669 4499//4666
f 4503//4670 4502//4669 4504//4671 4496//4663
f 4505//4672 4506//4673 4507//4674 4508//4675
f 4509//4676 4507//4674 4506//4673 4510//4677
f 4511//4678 4512//4679 4507//4674 4509//4676
f 4508//4675 4507//4674 4512//4679 4513//4680
f 4514//4681 4515//4682 4516//4683 4517//4684
f 4413//4580 4420//4587 4516//4683 4515//4682
f 4419//4586 4518//4685 4516//4683 4420//4587
f 4517//4684 4516//4683 4518//4685 4519//4686
f 4519//4686 4518//4685 4520//4687 4521//4688
f 4425//4592 4520//4687 4518//4685 4419//4586
f 4427//4594 4522//4689 4520//4687 4425//4592
f 4521//4688 4520//4687 4522//4689 4523//4690
f 4524//4691 4525//4692 4526//4693 4527//4694
f 4528//4695 4526//4693 4525//4692 4529//4696
f 4511//4678 4509//4676 4526//4693 4528//4695
f 4527//4694 4526//4693 4509//4676 4510//4677
f 4523//4690 4522//4689 4530//4697 4531//4698
f 4429//4596 4530//4697 4522//4689 4427//4594
f 897//903 1011//1017 4530//4697 4429//4596
f 4531//4698 4530//4697 1011//1017 1012//1018
f 1013//1019 1016//1022 4532//4699 4533//4700
f 4534//4701 4532//4699 1016//1022 1018//1024
f 4529//4696 4525//4692 4532//4699 4534//4701
f 4533//4700 4532//4699 4525//4692 4524//4691
f 4412//4579 4414//4581 4535//4702 4536//4703
f 4515//4682 4535//4702 4414//4581 4413//4580
f 4537//4704 4535//4702 4515//4682 4514//4681
f 4538//4705 4536//4703 4535//4702 4537//4704
f 4043//4211 4539//4706 4540//4707 4035//4203
f 4029//4197 4396//4563 4539//4706 4043//4211
f 4398//4565 4541//4708 4539//4706 4396//4563
f 4540//4707 4539//4706 4541//4708 4542//4709
f 4398//4565 4397//4564 4543//4710 4544//4711
f 4400//4567 4543//4710 4397//4564 4373//4540
f 4402//4569 4545//4712 4543//4710 4400//4567
f 4544//4711 4543//4710 4545//4712 4546//4713
f 4546//4713 4545//4712 4547//4714 4548//4715
f 4404//4571 4547//4714 4545//4712 4402//4569
f 4406//4573 4549//4716 4547//4714 4404//4571
f 4548//4715 4547//4714 4549//4716 4550//4717
f 4550//4717 4549//4716 4551//4718 4552//4719
f 4408//4575 4551//4718 4549//4716 4406//4573
f 4412//4579 4536//4703 4551//4718 4408//4575
f 4552//4719 4551//4718 4536//4703 4538//4705
f 4553//4720 4554//4721 4555//4722 4556//4723
f 4537//4704 4555//4722 4554//4721 4538//4705
f 4514//4681 4557//4724 4555//4722 4537//4704
f 4556//4723 4555//4722 4557//4724 4558//4725
f 4558//4725 4557//4724 4559//4726 4560//4727
f 4517//4684 4559//4726 4557//4724 4514//4681
f 4519//4686 4561//4728 4559//4726 4517//4684
f 4560//4727 4559//4726 4561//4728 4562//4729
f 4562//4729 4561//4728 4563//4730 4564//4731
f 4521//4688 4563//4730 4561//4728 4519//4686
f 4523//4690 4565//4732 4563//4730 4521//4688
f 4564//4731 4563//4730 4565//4732 4566//4733
f 4566//4733 4565//4732 4567//4734 4568//4735
f 4531//4698 4567//4734 4565//4732 4523//4690
f 1012//1018 1053//1059 4567//4734 4531//4698
f 4568//4735 4567//4734 1053//1059 1054//1060
f 4569//4736 4570//4737 4571//4738 4572//4739
f 4508//4675 4570//4737 4569//4736 4505//4672
f 4513//4680 4573//4740 4570//4737 4508//4675
f 4571//4738 4570//4737 4573//4740 4574//4741
f 4575//4742 4576//4743 4577//4744 4578//4745
f 4579//4746 4580//4747 4576//4743 4575//4742
f 4581//4748 4576//4743 4580//4747 4574//4741
f 4489//4656 4577//4744 4576//4743 4581//4748
f 4582//4749 4583//4750 4584//4751 4585//4752
f 4569//4736 4584//4751 4583//4750 4505//4672
f 4572//4739 4586//4753 4584//4751 4569//4736
f 4585//4752 4584//4751 4586//4753 4587//4754
f 4510//4677 4506//4673 4588//4755 4589//4756
f 4583//4750 4588//4755 4506//4673 4505//4672
f 4590//4757 4588//4755 4583//4750 4582//4749
f 4589//4756 4588//4755 4590//4757 4591//4758
f 4562//4729 4592//4759 4593//4760 4560//4727
f 4590//4757 4593//4760 4592//4759 4591//4758
f 4582//4749 4594//4761 4593//4760 4590//4757
f 4560//4727 4593//4760 4594//4761 4558//4725
f 4587//4754 4595//4762 4596//4763 4585//4752
f 4556//4723 4596//4763 4595//4762 4553//4720
f 4558//4725 4594//4761 4596//4763 4556//4723
f 4585//4752 4596//4763 4594//4761 4582//4749
f 4597//4764 4598//4765 4599//4766 4600//4767
f 4527//4694 4599//4766 4598//4765 4524//4691
f 4510//4677 4589//4756 4599//4766 4527//4694
f 4600//4767 4599//4766 4589//4756 4591//4758
f 4566//4733 4601//4768 4602//4769 4564//4731
f 4600//4767 4602//4769 4601//4768 4597//4764
f 4591//4758 4592//4759 4602//4769 4600//4767
f 4564//4731 4602//4769 4592//4759 4562//4729
f 1089//1095 1092//1098 4603//4770 4604//4771
f 4533//4700 4603//4770 1092//1098 1013//1019
f 4524//4691 4598//4765 4603//4770 4533//4700
f 4604//4771 4603//4770 4598//4765 4597//4764
f 1054//1060 1094//1100 4605//4772 4568//4735
f 4604//4771 4605//4772 1094//1100 1089//1095
f 4597//4764 4601//4768 4605//4772 4604//4771
f 4568//4735 4605//4772 4601//4768 4566//4733
f 4032//4200 4606//4773 4607//4774 4036//4204
f 4035//4203 4540//4707 4606//4773 4032//4200
f 4608//4775 4606//4773 4540//4707 4542//4709
f 4609//4776 4607//4774 4606//4773 4608//4775
f 4542//4709 4541//4708 4610//4777 4611//4778
f 4544//4711 4610//4777 4541//4708 4398//4565
f 4546//4713 4612//4779 4610//4777 4544//4711
f 4611//4778 4610//4777 4612//4779 4613//4780
f 4613//4780 4612//4779 4614//4781 4615//4782
f 4548//4715 4614//4781 4612//4779 4546//4713
f 4550//4717 4616//4783 4614//4781 4548//4715
f 4615//4782 4614//4781 4616//4783 4617//4784
f 4618//4785 4619//4786 4617//4784
f 4552//4719 4618//4785 4616//4783 4550//4717
f 4538//4705 4554//4721 4618//4785 4552//4719
f 4619//4786 4618//4785 4554//4721 4553//4720
f 4553//4720 4620//4787 4621//4788 4619//4786
f 4622//4789 4623//4790 4621//4788 4620//4787
f 4619//4786 4621//4788 4623//4790 4617//4784
f 4624//4791 4625//4792 4626//4793 4627//4794
f 4620//4787 4626//4793 4625//4792 4622//4789
f 4553//4720 4595//4762 4626//4793 4620//4787
f 4627//4794 4626//4793 4595//4762 4587//4754
f 4587//4754 4586//4753 4628//4795 4627//4794
f 4629//4796 4628//4795 4586//4753 4572//4739
f 4630//4797 4631//4798 4628//4795 4629//4796
f 4627//4794 4628//4795 4631//4798 4624//4791
f 4632//4799 4633//4800 1121//1127 1124//1130
f 4634//4801 4633//4800 4632//4799 4630//4797
f 4579//4746 4635//4802 4633//4800 4634//4801
f 1121//1127 4633//4800 4635//4802 1125//1131
f 4608//4775 4636//4803 4637//4804 4609//4776
f 4542//4709 4611//4778 4636//4803 4608//4775
f 4638//4805 4636//4803 4611//4778 4613//4780
f 4639//4806 4637//4804 4636//4803 4638//4805
f 4638//4805 4640//4807 4641//4808 4639//4806
f 4613//4780 4615//4782 4640//4807 4638//4805
f 4642//4809 4640//4807 4615//4782 4617//4784
f 4643//4810 4641//4808 4640//4807 4642//4809
f 4642//4809 4644//4811 4645//4812 4643//4810
f 4623//4790 4644//4811 4642//4809 4617//4784
f 4646//4813 4644//4811 4623//4790 4622//4789
f 4647//4814 4645//4812 4644//4811 4646//4813
f 4648//4815 4649//4816 4650//4817 4651//4818
f 4624//4791 4631//4798 4649//4816 4648//4815
f 4630//4797 4632//4799 4649//4816 4631//4798
f 4632//4799 1124//1130 4650//4817
f 4651//4818 4652//4819 4653//4820 4648//4815
f 4646//4813 4653//4820 4652//4819 4647//4814
f 4622//4789 4625//4792 4653//4820 4646//4813
f 4648//4815 4653//4820 4625//4792 4624//4791
f 4651//4818 4650//4817 4654//4821 4655//4822
f 1151//1157 4654//4821 4650//4817 1124//1130
f 1150//1156 4656//4823 4654//4821 1151//1157
f 4655//4822 4654//4821 4656//4823 4657//4824
f 4657//4824 4656//4823 4658//4825 4659//4826
f 1157//1163 4658//4825 4656//4823 1150//1156
f 4660//4827 4658//4825 1157//1163 1156//1162
f 4659//4826 4658//4825 4660//4827 4661//4828
f 623//634 4169//4337 4662//4829 1158//1164
f 4663//4830 4662//4829 4169//4337 4168//4336
f 4664//4831 4665//4832 4662//4829 4663//4830
f 1158//1164 4662//4829 4665//4832 1161//1167
f 4647//4814 4652//4819 4666//4833 4667//4834
f 4655//4822 4666//4833 4652//4819 4651//4818
f 4657//4824 4659//4826 4666//4833 4655//4822
f 4667//4834 4666//4833 4659//4826 4661//4828
f 4168//4336 4668//4835 4669//4836 4663//4830
f 4668//4835 4670//4837 4671//4838
f 4672//4839 4673//4840 4669//4836 4671//4838
f 4663//4830 4669//4836 4673//4840 4664//4831
f 1175//1181 1174//1180 4674//4841 4675//4842
f 1161//1167 4665//4832 4674//4841 1174//1180
f 4665//4832 4664//4831 4676//4843
f 4677//4844 4675//4842 4674//4841 4676//4843
f 1156//1162 1179//1185 4678//4845 4660//4827
f 4675//4842 4678//4845 1179//1185 1175//1181
f 4677//4844 4679//4846 4678//4845 4675//4842
f 4660//4827 4678//4845 4679//4846 4661//4828
f 4680//4847 4681//4848 4682//4849
f 4223//4391 4680//4847 4683//4850 4220//4388
f 4680//4847 4223//4391 4065//4233
f 4064//4232 4069//4237 4681//4848
f 4684//4851 4685//4852 4686//4853
f 4687//4854 4688//4855 4689//4856 4686//4853
f 4688//4855 4690//4857 4691//4858
f 4689//4856 4691//4858 4692//4859
f 4693//4860 4694//4861 4695//4862 4696//4863
f 4237//4405 4236//4404 4694//4861 4693//4860
f 4224//4392 4695//4862 4694//4861 4236//4404
f 4696//4863 4695//4862 4697//4864 4698//4865
f 4221//4389 4697//4864 4695//4862 4224//4392
f 4220//4388 4683//4850 4697//4864 4221//4389
f 4698//4865 4697//4864 4683//4850 4682//4849
f 4696//4863 4698//4865 4699//4866 4700//4867
f 4701//4868 4699//4866 4698//4865 4682//4849
f 4702//4869 4703//4870 4699//4866 4701//4868
f 4700//4867 4699//4866 4703//4870 4704//4871
f 4703//4870 4702//4869 4705//4872
f 4706//4873 4705//4872 4685//4852
f 4707//4874 4706//4873 4684//4851 4692//4859
f 4704//4871 4703//4870 4706//4873 4707//4874
f 4670//4837 4668//4835 4708//4875 4709//4876
f 4171//4339 4708//4875 4668//4835 4168//4336
f 4173//4341 4710//4877 4708//4875 4171//4339
f 4709//4876 4708//4875 4710//4877 4711//4878
f 4186//4354 4195//4363 4712//4879 4713//4880
f 4217//4385 4712//4879 4195//4363 4194//4362
f 4216//4384 4714//4881 4712//4879 4217//4385
f 4714//4881 4715//4882 4713//4880
f 4716//4883 4715//4882 4714//4881
f 4238//4406 4717//4884 4714//4881 4216//4384
f 4693//4860 4717//4884 4238//4406 4237//4405
f 4696//4863 4716//4883 4717//4884 4693//4860
f 4711//4878 4718//4885 4719//4886 4709//4876
f 4691//4858 4719//4886 4718//4885 4692//4859
f 4690//4857 4720//4887 4719//4886 4691//4858
f 4709//4876 4719//4886 4720//4887 4670//4837
f 4173//4341 4172//4340 4721//4888 4722//4889
f 1227//1233 4721//4888 4172//4340 621//632
f 1226//1232 4723//4890 4721//4888 1227//1233
f 4722//4889 4721//4888 4723//4890 4724//4891
f 4707//4874 4725//4892 4726//4893 4704//4871
f 4692//4859 4718//4885 4725//4892 4707//4874
f 4727//4894 4725//4892 4718//4885 4711//4878
f 4728//4895 4726//4893 4725//4892 4727//4894
f 4728//4895 4729//4896 4730//4897 4731//4898
f 4730//4897 4729//4896 4724//4891
f 4731//4898 4730//4897 4732//4899 4715//4882
f 4178//4346 4187//4355 4733//4900 4734//4901
f 4713//4880 4733//4900 4187//4355 4186//4354
f 4715//4882 4732//4899 4733//4900 4713//4880
f 4734//4901 4733//4900 4732//4899 4724//4891
f 4728//4895 4727//4894 4735//4902 4729//4896
f 4711//4878 4710//4877 4735//4902 4727//4894
f 4722//4889 4735//4902 4710//4877 4173//4341
f 4729//4896 4735//4902 4722//4889 4724//4891
f 4724//4891 4723//4890 4736//4903 4734//4901
f 1240//1246 4736//4903 4723//4890 1226//1232
f 635//646 4179//4347 4736//4903 1240//1246
f 4734//4901 4736//4903 4179//4347 4178//4346
f 4715//4882 4716//4883 4737//4904 4731//4898
f 4700//4867 4737//4904 4716//4883 4696//4863
f 4704//4871 4726//4893 4737//4904 4700//4867
f 4731//4898 4737//4904 4726//4893 4728//4895
f 4016//4184 4018//4186 4738//4905 4739//4906
f 4104//4272 4738//4905 4018//4186 4017//4185
f 4103//4271 4740//4907 4738//4905 4104//4272
f 4739//4906 4738//4905 4740//4907 4741//4908
f 4742//4909 4743//4910 4103//4271
f 4102//4270 4058//4226 4061//4229
f 4742//4909 4061//4229 4063//4231 4744//4911
f 4745//4912 4743//4910 4742//4909 4744//4911
f 4744//4911 4746//4913 4747//4914 4745//4912
f 4071//4239 4746//4913 4744//4911 4063//4231
f 4748//4915 4746//4913 4071//4239 4073//4241
f 4749//4916 4747//4914 4746//4913 4748//4915
f 4750//4917 4751//4918 4752//4919 4753//4920
f 4748//4915 4752//4919 4751//4918 4749//4916
f 4073//4241 4075//4243 4752//4919 4748//4915
f 4753//4920 4752//4919 4075//4243 4077//4245
f 4754//4921 4755//4922 4756//4923 4757//4924
f 4753//4920 4756//4923 4755//4922 4750//4917
f 4077//4245 4087//4255 4756//4923 4753//4920
f 4087//4255 4086//4254 4757//4924
f 4086//4254 4097//4265 4758//4925 4757//4924
f 4759//4926 4758//4925 4097//4265 4096//4264
f 4760//4927 4761//4928 4758//4925 4759//4926
f 4757//4924 4758//4925 4761//4928 4754//4921
f 4762//4929 4763//4930 4764//4931 4765//4932
f 4760//4927 4766//4933 4763//4930 4762//4929
f 4767//4934 4763//4930 4766//4933 4768//4935
f 4769//4936 4764//4931 4763//4930 4767//4934
f 4754//4921 4761//4928 4770//4937 4771//4938
f 4762//4929 4770//4937 4761//4928 4760//4927
f 4765//4932 4772//4939 4770//4937 4762//4929
f 4771//4938 4770//4937 4772//4939 4773//4940
f 4774//4941 4775//4942 4776//4943 4777//4944
f 4750//4917 4755//4922 4775//4942 4774//4941
f 4771//4938 4775//4942 4755//4922 4754//4921
f 4773//4940 4776//4943 4775//4942 4771//4938
f 4749//4916 4751//4918 4778//4945 4779//4946
f 4774//4941 4778//4945 4751//4918 4750//4917
f 4778//4945 4774//4941 4777//4944
f 4779//4946 4778//4945 4780//4947 4781//4948
f 4745//4912 4747//4914 4782//4949 4783//4950
f 4779//4946 4782//4949 4747//4914 4749//4916
f 4781//4948 4784//4951 4782//4949 4779//4946
f 4783//4950 4782//4949 4784//4951 4785//4952
f 4786//4953 4783//4950 4785//4952
f 4787//4954 4741//4908 4740//4907
f 4103//4271 4743//4910 4786//4953 4740//4907
f 4743//4910 4745//4912 4783//4950
f 4788//4955 4789//4956 4790//4957 4791//4958
f 4011//4179 4790//4957 4789//4956 4008//4176
f 4739//4906 4790//4957 4011//4179 4016//4184
f 4741//4908 4791//4958 4790//4957 4739//4906
f 4792//4959 4793//4960 4768//4935
f 4766//4933 4760//4927 4759//4926
f 4096//4264 4794//4961 4792//4959 4759//4926
f 4793//4960 4792//4959 4794//4961 4795//4962
f 4795//4962 4794//4961 4796//4963 4797//4964
f 4099//4267 4796//4963 4794//4961 4096//4264
f 4094//4262 4798//4965 4796//4963 4099//4267
f 4797//4964 4796//4963 4798//4965 4799//4966
f 4793//4960 4800//4967 4801//4968 4768//4935
f 4795//4962 4802//4969 4800//4967 4793//4960
f 4803//4970 4800//4967 4802//4969 4804//4971
f 4805//4972 4801//4968 4800//4967 4803//4970
f 4806//4973 4807//4974 4808//4975 4809//4976
f 4767//4934 4808//4975 4807//4974 4769//4936
f 4768//4935 4801//4968 4808//4975 4767//4934
f 4809//4976 4808//4975 4801//4968 4805//4972
f 4810//4977 4811//4978 4812//4979
f 4807//4974 4810//4977 4813//4980 4769//4936
f 4814//4981 4810//4977 4807//4974 4806//4973
f 4810//4977 4814//4981 4815//4982
f 4816//4983 4769//4936 4813//4980
f 4817//4984 4813//4980 4812//4979 4818//4985
f 4818//4985 4819//4986 4820//4987
f 4821//4988 4816//4983 4817//4984 4820//4987
f 4765//4932 4764//4931 4822//4989 4823//4990
f 4816//4983 4822//4989 4764//4931 4769//4936
f 4821//4988 4824//4991 4822//4989 4816//4983
f 4823//4990 4822//4989 4824//4991 4825//4992
f 4773//4940 4772//4939 4826//4993 4827//4994
f 4823//4990 4826//4993 4772//4939 4765//4932
f 4825//4992 4828//4995 4826//4993 4823//4990
f 4827//4994 4826//4993 4828//4995 4829//4996
f 4777//4944 4776//4943 4830//4997 4831//4998
f 4827//4994 4830//4997 4776//4943 4773//4940
f 4829//4996 4832//4999 4830//4997 4827//4994
f 4831//4998 4830//4997 4832//4999 4833//5000
f 4780//4947 4834//5001 4835//5002 4781//4948
f 4831//4998 4834//5001 4780//4947 4777//4944
f 4833//5000 4836//5003 4834//5001 4831//4998
f 4837//5004 4835//5002 4834//5001 4836//5003
f 4069//4237 4068//4236 4838//5005 4839//5006
f 4789//4956 4838//5005 4068//4236 4008//4176
f 4788//4955 4840//5007 4838//5005 4789//4956
f 4839//5006 4838//5005 4840//5007 4841//5008
f 4741//4908 4787//4954 4842//5009 4791//4958
f 4843//5010 4842//5009 4787//4954 4785//4952
f 4844//5011 4842//5009 4843//5010 4845//5012
f 4842//5009 4844//5011 4788//4955
f 4781//4948 4835//5002 4846//5013 4784//4951
f 4847//5014 4846//5013 4835//5002 4837//5004
f 4845//5012 4843//5010 4846//5013 4847//5014
f 4784//4951 4846//5013 4843//5010 4785//4952
f 4841//5008 4840//5007 4848//5015 4849//5016
f 4844//5011 4848//5015 4840//5007 4788//4955
f 4845//5012 4850//5017 4848//5015 4844//5011
f 4849//5016 4848//5015 4850//5017 4851//5018
f 4852//5019 4705//4872 4702//4869
f 4682//4849 4853//5020 4852//5019 4701//4868
f 4854//5021 4855//5022 4852//5019 4853//5020
f 4855//5022 4685//4852 4705//4872
f 4851//5018 4850//5017 4856//5023 4857//5024
f 4847//5014 4856//5023 4850//5017 4845//5012
f 4837//5004 4858//5025 4856//5023 4847//5014
f 4857//5024 4856//5023 4858//5025 4859//5026
f 4681//4848 4860//5027 4853//5020 4682//4849
f 4839//5006 4860//5027 4681//4848 4069//4237
f 4841//5008 4861//5028 4860//5027 4839//5006
f 4853//5020 4860//5027 4861//5028 4854//5021
f 4841//5008 4849//5016 4862//5029 4861//5028
f 4857//5024 4862//5029 4849//5016 4851//5018
f 4859//5026 4863//5030 4862//5029 4857//5024
f 4861//5028 4862//5029 4863//5030 4854//5021
f 4685//4852 4855//5022 4864//5031 4686//4853
f 4865//5032 4864//5031 4855//5022 4854//5021
f 4866//5033 4867//5034 4864//5031 4865//5032
f 4686//4853 4864//5031 4867//5034 4687//4854
f 4868//5035 4869//5036 4870//5037 4871//5038
f 4832//4999 4870//5037 4869//5036 4833//5000
f 4829//4996 4872//5039 4870//5037 4832//4999
f 4871//5038 4870//5037 4872//5039 4873//5040
f 4859//5026 4858//5025 4874//5041 4875//5042
f 4836//5003 4874//5041 4858//5025 4837//5004
f 4833//5000 4869//5036 4874//5041 4836//5003
f 4875//5042 4874//5041 4869//5036 4868//5035
f 4854//5021 4863//5030 4876//5043 4865//5032
f 4875//5042 4876//5043 4863//5030 4859//5026
f 4868//5035 4877//5044 4876//5043 4875//5042
f 4865//5032 4876//5043 4877//5044 4866//5033
f 4829//4996 4828//4995 4878//5045 4872//5039
f 4879//5046 4878//5045 4828//4995 4825//4992
f 4880//5047 4878//5045 4879//5046 4881//5048
f 4873//5040 4872//5039 4878//5045 4880//5047
f 4866//5033 4877//5044 4882//5049 4883//5050
f 4871//5038 4882//5049 4877//5044 4868//5035
f 4873//5040 4884//5051 4882//5049 4871//5038
f 4883//5050 4882//5049 4884//5051 4885//5052
f 4825//4992 4824//4991 4886//5053 4879//5046
f 4887//5054 4886//5053 4824//4991 4821//4988
f 4888//5055 4886//5053 4887//5054 4889//5056
f 4881//5048 4879//5046 4886//5053 4888//5055
f 4821//4988 4820//4987 4890//5057 4887//5054
f 4891//5058 4890//5057 4820//4987 4819//4986
f 4892//5059 4893//5060 4890//5057 4891//5058
f 4889//5056 4887//5054 4890//5057 4893//5060
f 4894//5061 4895//5062 4896//5063 4897//5064
f 4814//4981 4896//5063 4895//5062 4815//4982
f 4806//4973 4898//5065 4896//5063 4814//4981
f 4897//5064 4896//5063 4898//5065 4899//5066
f 4806//4973 4809//4976 4900//5067 4898//5065
f 4901//5068 4900//5067 4809//4976 4805//4972
f 4902//5069 4903//5070 4900//5067 4901//5068
f 4898//5065 4900//5067 4903//5070 4899//5066
f 4803//4970 4904//5071 4901//5068 4805//4972
f 4904//5071 4803//4970 4804//4971
f 4904//5071 4905//5072 4906//5073
f 4907//5074 4902//5069 4901//5068
f 4687//4854 4867//5034 4908//5075 4909//5076
f 4883//5050 4908//5075 4867//5034 4866//5033
f 4885//5052 4910//5077 4908//5075 4883//5050
f 4909//5076 4908//5075 4910//5077 4911//5078
f 4885//5052 4884//5051 4912//5079 4913//5080
f 4880//5047 4912//5079 4884//5051 4873//5040
f 4881//5048 4914//5081 4912//5079 4880//5047
f 4913//5080 4912//5079 4914//5081 4915//5082
f 4911//5078 4910//5077 4916//5083 4917//5084
f 4913//5080 4916//5083 4910//5077 4885//5052
f 4915//5082 4918//5085 4916//5083 4913//5080
f 4917//5084 4916//5083 4918//5085 4919//5086
f 4920//5087 4921//5088 4922//5089 4923//5090
f 4919//5086 4918//5085 4922//5089 4921//5088
f 4924//5091 4922//5089 4918//5085 4915//5082
f 4923//5090 4922//5089 4924//5091 4925//5092
f 4920//5087 4926//5093 4927//5094 4928//5095
f 4929//5096 4927//5094 4926//5093 4930//5097
f 4902//5069 4907//5074 4927//5094 4929//5096
f 4928//5095 4927//5094 4907//5074 4906//5073
f 4915//5082 4914//5081 4931//5098 4924//5091
f 4888//5055 4931//5098 4914//5081 4881//5048
f 4889//5056 4932//5099 4931//5098 4888//5055
f 4924//5091 4931//5098 4932//5099 4925//5092
f 4894//5061 4897//5064 4933//5100 4934//5101
f 4935//5102 4933//5100 4897//5064 4899//5066
f 4936//5103 4937//5104 4933//5100 4935//5102
f 4934//5101 4933//5100 4937//5104 4938//5105
f 4899//5066 4903//5070 4939//5106 4935//5102
f 4929//5096 4939//5106 4903//5070 4902//5069
f 4930//5097 4940//5107 4939//5106 4929//5096
f 4935//5102 4939//5106 4940//5107 4936//5103
f 4930//5097 4926//5093 4941//5108 4940//5107
f 4923//5090 4941//5108 4926//5093 4920//5087
f 4942//5109 4941//5108 4923//5090 4925//5092
f 4940//5107 4941//5108 4942//5109 4936//5103
f 4936//5103 4942//5109 4943//5110 4937//5104
f 4942//5109 4925//5092 4944//5111
f 4945//5112 4946//5113 4943//5110 4944//5111
f 4937//5104 4943//5110 4946//5113 4938//5105
f 4925//5092 4932//5099 4947//5114 4944//5111
f 4893//5060 4947//5114 4932//5099 4889//5056
f 4948//5115 4947//5114 4893//5060 4892//5059
f 4944//5111 4947//5114 4948//5115 4945//5112
f 4949//5116 4950//5117 4946//5113 4945//5112
f 4951//5118 4952//5119 4950//5117 4949//5116
f 4938//5105 4946//5113 4950//5117 4952//5119
f 4953//5120 4954//5121 4955//5122 4956//5123
f 4934//5101 4954//5121 4953//5120 4894//5061
f 4938//5105 4952//5119 4954//5121 4934//5101
f 4955//5122 4954//5121 4952//5119 4951//5118
f 4670//4837 4720//4887 4957//5124 4671//4838
f 4958//5125 4957//5124 4720//4887 4690//4857
f 4959//5126 4960//5127 4957//5124 4958//5125
f 4960//5127 4672//4839 4671//4838
f 4690//4857 4688//4855 4961//5128 4958//5125
f 4909//5076 4961//5128 4688//4855 4687//4854
f 4911//5078 4962//5129 4961//5128 4909//5076
f 4958//5125 4961//5128 4962//5129 4959//5126
f 4963//5130 4677//4844 4676//4843
f 4664//4831 4673//4840 4964//5131 4676//4843
f 4965//5132 4964//5131 4673//4840 4672//4839
f 4966//5133 4963//5130 4964//5131 4965//5132
f 4672//4839 4960//5127 4967//5134 4965//5132
f 4968//5135 4967//5134 4960//5127 4959//5126
f 4969//5136 4970//5137 4967//5134 4968//5135
f 4965//5132 4967//5134 4970//5137 4966//5133
f 4679//4846 4971//5138 4972//5139 4661//4828
f 4677//4844 4963//5130 4971//5138 4679//4846
f 4973//5140 4971//5138 4963//5130 4966//5133
f 4974//5141 4972//5139 4971//5138 4973//5140
f 4975//5142 4976//5143 4977//5144 4978//5145
f 4639//4806 4641//4808 4976//5143 4975//5142
f 4979//5146 4976//5143 4641//4808 4643//4810
f 4974//5141 4977//5144 4976//5143 4979//5146
f 4979//5146 4980//5147 4972//5139 4974//5141
f 4643//4810 4645//4812 4980//5147 4979//5146
f 4667//4834 4980//5147 4645//4812 4647//4814
f 4661//4828 4972//5139 4980//5147 4667//4834
f 4090//4258 4981//5148 4982//5149 4091//4259
f 4036//4204 4607//4774 4981//5148 4090//4258
f 4983//5150 4981//5148 4607//4774 4609//4776
f 4984//5151 4982//5149 4981//5148 4983//5150
f 4919//5086 4921//5088 4985//5152 4986//5153
f 4928//5095 4985//5152 4921//5088 4920//5087
f 4906//5073 4987//5154 4985//5152 4928//5095
f 4986//5153 4985//5152 4987//5154 4988//5155
f 4917//5084 4989//5156 4962//5129 4911//5078
f 4919//5086 4986//5153 4989//5156 4917//5084
f 4986//5153 4988//5155 4990//5157
f 4989//5156 4990//5157 4959//5126
f 4969//5136 4968//5135 4991//5158 4992//5159
f 4968//5135 4959//5126 4990//5157
f 4991//5158 4990//5157 4988//5155
f 4992//5159 4991//5158 4993//5160 4994//5161
f 4966//5133 4970//5137 4995//5162 4973//5140
f 4992//5159 4995//5162 4970//5137 4969//5136
f 4994//5161 4996//5163 4995//5162 4992//5159
f 4973//5140 4995//5162 4996//5163 4974//5141
f 4983//5150 4997//5164 4998//5165 4984//5151
f 4609//4776 4637//4804 4997//5164 4983//5150
f 4975//5142 4997//5164 4637//4804 4639//4806
f 4978//5145 4998//5165 4997//5164 4975//5142
f 4999//5166 5000//5167 4799//4966
f 4093//4261 4999//5166 4798//4965 4094//4262
f 4091//4259 4982//5149 4999//5166 4093//4261
f 4982//5149 4984//5151 5000//5167
f 5001//5168 5000//5167 4984//5151
f 5002//5169 5001//5168 5003//5170 5004//5171
f 5000//5167 5001//5168 5002//5169 4799//4966
f 4978//5145 4977//5144 5005//5172 4998//5165
f 4996//5163 5005//5172 4977//5144 4974//5141
f 4994//5161 5006//5173 5005//5172 4996//5163
f 4998//5165 5005//5172 5006//5173 4984//5151
f 5006//5173 4994//5161 4993//5160
f 4993//5160 4988//5155 5007//5174
f 5004//5171 5003//5170 5008//5175 5007//5174
f 5008//5175 5003//5170 4984//5151
f 5009//5176 5002//5169 5004//5171
f 5009//5176 5010//5177 4804//4971
f 4797//4964 5009//5176 4802//4969 4795//4962
f 4799//4966 5002//5169 5009//5176 4797//4964
f 4987//5154 4906//5073 4905//5072
f 4905//5072 4804//4971 5010//5177
f 5011//5178 5010//5177 5004//5171
f 4987//5154 5011//5178 5007//5174 4988//5155
f 5012//5179 5013//5180 5014//5181 5015//5182
f 5013//5180 5016//5183 5017//5184
f 5018//5185 5019//5186 5014//5181 5017//5184
f 5015//5182 5014//5181 5019//5186 5020//5187
f 5016//5183 5021//5188 5022//5189 5017//5184
f 5023//5190 5022//5189 5021//5188 5024//5191
f 5025//5192 5026//5193 5022//5189 5023//5190
f 5017//5184 5022//5189 5026//5193 5018//5185
f 5027//5194 5028//5195 5029//5196 5030//5197
f 5031//5198 5029//5196 5028//5195 5032//5199
f 5033//5200 5034//5201 5029//5196 5031//5198
f 5030//5197 5029//5196 5034//5201 5035//5202
f 5036//5203 5037//5204 1541//1547 1540//1546
f 5030//5197 5037//5204 5036//5203 5027//5194
f 5035//5202 5038//5205 5037//5204 5030//5197
f 1541//1547 5037//5204 5038//5205 1545//1551
f 5035//5202 5034//5201 5039//5206 5040//5207
f 5041//5208 5039//5206 5034//5201 5033//5200
f 5039//5206 5041//5208 5042//5209 5043//5210
f 5044//5211 5040//5207 5039//5206 5043//5210
f 1555//1561 1554//1560 5045//5212 5046//5213
f 5038//5205 5045//5212 1554//1560 1545//1551
f 5035//5202 5040//5207 5045//5212 5038//5205
f 5046//5213 5045//5212 5040//5207 5044//5211
f 1559//1565 1558//1564 5047//5214 5048//5215
f 5046//5213 5047//5214 1558//1564 1555//1561
f 5044//5211 5049//5216 5047//5214 5046//5213
f 5048//5215 5047//5214 5049//5216 5050//5217
f 5051//5218 5052//5219 5053//5220 5054//5221
f 5055//5222 5053//5220 5052//5219 5056//5223
f 1569//1575 1567//1573 5053//5220 5055//5222
f 5054//5221 5053//5220 1567//1573 1566//1572
f 5050//5217 5049//5216 5057//5224 5058//5225
f 5043//5210 5057//5224 5049//5216 5044//5211
f 5042//5209 5059//5226 5057//5224 5043//5210
f 5058//5225 5057//5224 5059//5226 5060//5227
f 5061//5228 5062//5229 5063//5230 5064//5231
f 5054//5221 5063//5230 5062//5229 5051//5218
f 1566//1572 1580//1586 5063//5230 5054//5221
f 5064//5231 5063//5230 1580//1586 1579//1585
f 5065//5232 5066//5233 5067//5234 5068//5235
f 5013//5180 5067//5234 5066//5233 5016//5183
f 5012//5179 5069//5236 5067//5234 5013//5180
f 5068//5235 5067//5234 5069//5236 5070//5237
f 5070//5237 5071//5238 5072//5239 5068//5235
f 5058//5225 5072//5239 5071//5238 5050//5217
f 5060//5227 5073//5240 5072//5239 5058//5225
f 5068//5235 5072//5239 5073//5240 5065//5232
f 1579//1585 1591//1597 5074//5241 5064//5231
f 5048//5215 5074//5241 1591//1597 1559//1565
f 5050//5217 5075//5242 5074//5241 5048//5215
f 5064//5231 5074//5241 5075//5242 5061//5228
f 4459//4626 4454//4621 5076//5243 5077//5244
f 4457//4624 5078//5245 5076//5243 4454//4621
f 5079//5246 5076//5243 5078//5245 5080//5247
f 5077//5244 5076//5243 5079//5246 5020//5187
f 5070//5237 5069//5236 5081//5248 5082//5249
f 5083//5250 5081//5248 5069//5236 5012//5179
f 5084//5251 5085//5252 5081//5248 5083//5250
f 5082//5249 5081//5248 5085//5252 5086//5253
f 5084//5251 5087//5254 5088//5255 5089//5256
f 5090//5257 5088//5255 5087//5254 5080//5247
f 5056//5223 5052//5219 5088//5255 5090//5257
f 5089//5256 5088//5255 5052//5219 5051//5218
f 5051//5218 5062//5229 5091//5258 5089//5256
f 5092//5259 5091//5258 5062//5229 5061//5228
f 5086//5253 5085//5252 5091//5258 5092//5259
f 5089//5256 5091//5258 5085//5252 5084//5251
f 5061//5228 5075//5242 5093//5260 5092//5259
f 5071//5238 5093//5260 5075//5242 5050//5217
f 5070//5237 5082//5249 5093//5260 5071//5238
f 5092//5259 5093//5260 5082//5249 5086//5253
f 5094//5261 5095//5262 5096//5263 5097//5264
f 5095//5262 5098//5265 5099//5266
f 5024//5191 5021//5188 5096//5263 5099//5266
f 5097//5264 5096//5263 5021//5188 5016//5183
f 5100//5267 5101//5268 5102//5269 5103//5270
f 5094//5261 5097//5264 5101//5268 5100//5267
f 5066//5233 5101//5268 5097//5264 5016//5183
f 5065//5232 5102//5269 5101//5268 5066//5233
f 5103//5270 5102//5269 5104//5271 5105//5272
f 5073//5240 5104//5271 5102//5269 5065//5232
f 5104//5271 5073//5240 5060//5227 5106//5273
f 5105//5272 5104//5271 5106//5273 5107//5274
f 5107//5274 5106//5273 5108//5275 5109//5276
f 5108//5275 5106//5273 5060//5227 5059//5226
f 5042//5209 5110//5277 5108//5275 5059//5226
f 5109//5276 5108//5275 5110//5277 5111//5278
f 5111//5278 5110//5277 5112//5279 5113//5280
f 5041//5208 5112//5279 5110//5277 5042//5209
f 5033//5200 5114//5281 5112//5279 5041//5208
f 5113//5280 5112//5279 5114//5281 5115//5282
f 5115//5282 5114//5281 5116//5283 5117//5284
f 5031//5198 5116//5283 5114//5281 5033//5200
f 5032//5199 5118//5285 5116//5283 5031//5198
f 5117//5284 5116//5283 5118//5285 5119//5286
f 5120//5287 5121//5288 5122//5289 5123//5290
f 5124//5291 5125//5292 5121//5288 5120//5287
f 5121//5288 5125//5292 5126//5293
f 5122//5289 5121//5288 5127//5294 5128//5295
f 5128//5295 5127//5294 5129//5296 5130//5297
f 5131//5298 5129//5296 5127//5294 5126//5293
f 5132//5299 5133//5300 5129//5296 5131//5298
f 5130//5297 5129//5296 5133//5300 5134//5301
f 5134//5301 5133//5300 5135//5302 5136//5303
f 5137//5304 5135//5302 5133//5300 5132//5299
f 5138//5305 5139//5306 5135//5302 5137//5304
f 5136//5303 5135//5302 5139//5306 5140//5307
f 5140//5307 5139//5306 5141//5308 5142//5309
f 5143//5310 5141//5308 5139//5306 5138//5305
f 5144//5311 5145//5312 5141//5308 5143//5310
f 5142//5309 5141//5308 5145//5312 5146//5313
f 5147//5314 5148//5315 5149//5316 5150//5317
f 5142//5309 5149//5316 5148//5315 5140//5307
f 5146//5313 5151//5318 5149//5316 5142//5309
f 5149//5316 5151//5318 5152//5319 5150//5317
f 5146//5313 5145//5312 5153//5320 5154//5321
f 5155//5322 5153//5320 5145//5312 5144//5311
f 5156//5323 5153//5320 5155//5322 5157//5324
f 5154//5321 5153//5320 5156//5323 5158//5325
f 5159//5326 5160//5327 5161//5328 5162//5329
f 5156//5323 5161//5328 5160//5327 5158//5325
f 5157//5324 5163//5330 5161//5328 5156//5323
f 5162//5329 5161//5328 5163//5330 5164//5331
f 5165//5332 5166//5333 5167//5334 5168//5335
f 5162//5329 5167//5334 5166//5333 5159//5326
f 5164//5331 5169//5336 5167//5334 5162//5329
f 5168//5335 5167//5334 5169//5336 5170//5337
f 5171//5338 5172//5339 5173//5340 5174//5341
f 5136//5303 5173//5340 5172//5339 5134//5301
f 5140//5307 5148//5315 5173//5340 5136//5303
f 5174//5341 5173//5340 5148//5315 5147//5314
f 5152//5319 5151//5318 5175//5342 5176//5343
f 5154//5321 5175//5342 5151//5318 5146//5313
f 5158//5325 5177//5344 5175//5342 5154//5321
f 5177//5344 5178//5345 5176//5343
f 5179//5346 5180//5347 5181//5348 5182//5349
f 5130//5297 5181//5348 5180//5347 5128//5295
f 5134//5301 5172//5339 5181//5348 5130//5297
f 5182//5349 5181//5348 5172//5339 5171//5338
f 5150//5317 5183//5350 5174//5341 5147//5314
f 5176//5343 5183//5350 5150//5317 5152//5319
f 5178//5345 5184//5351 5183//5350 5176//5343
f 5174//5341 5183//5350 5184//5351 5171//5338
f 5185//5352 5182//5349 5171//5338
f 5186//5353 5185//5352 5184//5351 5178//5345
f 5187//5354 5188//5355 5185//5352 5186//5353
f 5188//5355 5179//5346 5182//5349
f 5187//5354 5186//5353 5189//5356 5190//5357
f 5178//5345 5177//5344 5189//5356 5186//5353
f 5160//5327 5189//5356 5177//5344 5158//5325
f 5190//5357 5189//5356 5160//5327 5159//5326
f 5191//5358 5192//5359 5193//5360 5194//5361
f 5195//5362 5196//5363 5192//5359 5191//5358
f 5123//5290 5193//5360 5192//5359 5196//5363
f 5194//5361 5193//5360 5197//5364 5198//5365
f 5122//5289 5197//5364 5193//5360 5123//5290
f 5128//5295 5180//5347 5197//5364 5122//5289
f 5198//5365 5197//5364 5180//5347 5179//5346
f 5199//5366 5200//5367 5201//5368 5202//5369
f 5120//5287 5201//5368 5200//5367 5124//5291
f 5123//5290 5196//5363 5201//5368 5120//5287
f 5202//5369 5201//5368 5196//5363 5195//5362
f 5203//5370 5204//5371 5205//5372 5206//5373
f 5168//5335 5205//5372 5204//5371 5165//5332
f 5170//5337 5207//5374 5205//5372 5168//5335
f 5206//5373 5205//5372 5207//5374 5208//5375
f 5209//5376 5210//5377 5204//5371 5203//5370
f 5211//5378 5212//5379 5210//5377 5209//5376
f 5165//5332 5204//5371 5210//5377 5212//5379
f 5208//5375 5213//5380 5214//5381 5206//5373
f 5202//5369 5214//5381 5213//5380 5199//5366
f 5214//5381 5202//5369 5195//5362
f 5206//5373 5214//5381 5215//5382 5203//5370
f 5203//5370 5215//5382 5216//5383 5209//5376
f 5191//5358 5216//5383 5215//5382 5195//5362
f 5194//5361 5217//5384 5216//5383 5191//5358
f 5209//5376 5216//5383 5217//5384 5211//5378
f 5211//5378 5218//5385 5219//5386 5212//5379
f 5190//5357 5219//5386 5218//5385 5187//5354
f 5159//5326 5166//5333 5219//5386 5190//5357
f 5212//5379 5219//5386 5166//5333 5165//5332
f 5179//5346 5188//5355 5220//5387 5198//5365
f 5218//5385 5220//5387 5188//5355 5187//5354
f 5211//5378 5217//5384 5220//5387 5218//5385
f 5198//5365 5220//5387 5217//5384 5194//5361
f 5221//5388 5222//5389 5223//5390 5224//5391
f 5222//5389 5115//5282 5117//5284
f 5119//5286 5225//5392 5223//5390 5117//5284
f 5225//5392 5226//5393 5224//5391
f 5119//5286 5118//5285 5227//5394 5228//5395
f 5229//5396 5227//5394 5118//5285 5032//5199
f 5230//5397 5231//5398 5227//5394 5229//5396
f 5228//5395 5227//5394 5231//5398 5232//5399
f 5229//5396 5233//5400 5234//5401 5230//5397
f 5032//5199 5028//5195 5233//5400 5229//5396
f 5027//5194 5235//5402 5233//5400 5028//5195
f 5234//5401 5233//5400 5235//5402 5236//5403
f 5236//5403 5235//5402 5237//5404 5238//5405
f 5036//5203 5237//5404 5235//5402 5027//5194
f 1540//1546 1757//1763 5237//5404 5036//5203
f 5238//5405 5237//5404 1757//1763 1756//1762
f 1758//1764 5239//5406 5240//5407 1759//1765
f 5241//5408 5240//5407 5239//5406 5242//5409
f 5240//5407 5241//5408 5243//5410
f 5240//5407 5244//5411 1762//1768
f 5245//5412 5246//5413 5247//5414 5248//5415
f 5238//5405 5247//5414 5246//5413 5236//5403
f 1756//1762 1771//1777 5247//5414 5238//5405
f 5248//5415 5247//5414 1771//1777 1772//1778
f 5249//5416 5250//5417 5251//5418 5252//5419
f 5248//5415 5251//5418 5250//5417 5245//5412
f 1772//1778 1777//1783 5251//5418 5248//5415
f 5252//5419 5251//5418 1777//1783 1778//1784
f 5253//5420 5254//5421 5255//5422 5256//5423
f 5252//5419 5255//5422 5254//5421 5249//5416
f 1778//1784 1783//1789 5255//5422 5252//5419
f 5256//5423 5255//5422 1783//1789 1784//1790
f 5257//5424 5258//5425 5259//5426 5260//5427
f 5256//5423 5258//5425 5257//5424 5253//5420
f 1784//1790 1790//1796 5258//5425 5256//5423
f 1789//1795 5259//5426 5258//5425 1790//1796
f 5260//5427 5259//5426 5261//5428 5262//5429
f 1796//1802 5261//5428 5259//5426 1789//1795
f 1795//1801 5263//5430 5261//5428 1796//1802
f 5263//5430 5264//5431 5262//5429
f 5264//5431 5263//5430 5265//5432 5266//5433
f 1799//1805 5265//5432 5263//5430 1795//1801
f 1762//1768 5244//5411 5265//5432 1799//1805
f 5244//5411 5243//5410 5266//5433
f 5230//5397 5234//5401 5267//5434 5268//5435
f 5234//5401 5236//5403 5269//5436
f 5270//5437 5271//5438 5267//5434 5269//5436
f 5268//5435 5267//5434 5271//5438 5272//5439
f 5273//5440 5274//5441 5270//5437
f 5246//5413 5273//5440 5269//5436 5236//5403
f 5273//5440 5246//5413 5245//5412 5275//5442
f 5274//5441 5273//5440 5275//5442 5276//5443
f 5232//5399 5231//5398 5277//5444 5278//5445
f 5268//5435 5277//5444 5231//5398 5230//5397
f 5277//5444 5268//5435 5272//5439
f 5278//5445 5277//5444 5279//5446 5280//5447
f 5281//5448 5282//5449 5283//5450 5284//5451
f 5278//5445 5283//5450 5282//5449 5232//5399
f 5280//5447 5285//5452 5283//5450 5278//5445
f 5284//5451 5283//5450 5285//5452 5286//5453
f 5287//5454 5288//5455 5289//5456 5290//5457
f 5284//5451 5289//5456 5288//5455 5281//5448
f 5286//5453 5291//5458 5289//5456 5284//5451
f 5290//5457 5289//5456 5291//5458 5292//5459
f 5253//5420 5257//5424 5293//5460 5294//5461
f 5293//5460 5257//5424 5260//5427 5295//5462
f 5296//5463 5297//5464 5293//5460 5295//5462
f 5293//5460 5297//5464 5298//5465
f 5299//5466 5300//5467 5296//5463 5295//5462
f 5295//5462 5260//5427 5262//5429
f 5299//5466 5262//5429 5264//5431
f 5301//5468 5302//5469 5300//5467
f 5303//5470 5304//5471 5302//5469
f 5301//5468 5264//5431 5266//5433
f 5243//5410 5305//5472 5303//5470 5266//5433
f 5306//5473 5304//5471 5303//5470 5305//5472
f 5305//5472 5243//5410 5241//5408
f 5307//5474 5241//5408 5242//5409
f 5308//5475 5309//5476 5307//5474 5310//5477
f 5305//5472 5307//5474 5309//5476 5306//5473
f 5308//5475 5310//5477 5311//5478 5312//5479
f 5313//5480 5311//5478 5310//5477 5242//5409
f 5311//5478 5313//5480 5314//5481
f 5315//5482 5312//5479 5311//5478 5316//5483
f 5317//5484 5318//5485 5319//5486 5320//5487
f 5321//5488 5319//5486 5318//5485 5322//5489
f 5319//5486 5321//5488 5323//5490
f 5320//5487 5319//5486 5324//5491 5325//5492
f 5326//5493 5327//5494 5328//5495 5329//5496
f 5330//5497 5328//5495 5327//5494 5331//5498
f 5332//5499 5333//5500 5328//5495 5330//5497
f 5329//5496 5328//5495 5333//5500 5334//5501
f 5335//5502 5336//5503 5337//5504 5338//5505
f 5339//5506 5337//5504 5336//5503 5340//5507
f 5341//5508 5342//5509 5337//5504 5339//5506
f 5338//5505 5337//5504 5342//5509 5343//5510
f 5344//5511 5345//5512 5334//5501
f 5346//5513 5344//5511 5333//5500 5332//5499
f 5340//5507 5336//5503 5344//5511 5346//5513
f 5336//5503 5335//5502 5345//5512
f 5347//5514 5348//5515 5349//5516 5350//5517
f 5351//5518 5352//5519 5349//5516 5348//5515
f 5353//5520 5349//5516 5352//5519 5354//5521
f 5350//5517 5349//5516 5353//5520 5355//5522
f 5355//5522 5356//5523 5357//5524 5350//5517
f 5329//5496 5357//5524 5356//5523 5326//5493
f 5334//5501 5358//5525 5357//5524 5329//5496
f 5350//5517 5357//5524 5358//5525 5347//5514
f 5343//5510 5342//5509 5359//5526 5360//5527
f 5361//5528 5359//5526 5342//5509 5341//5508
f 5362//5529 5363//5530 5359//5526 5361//5528
f 5360//5527 5359//5526 5363//5530 5364//5531
f 5362//5529 5365//5532 5366//5533 5363//5530
f 5367//5534 5366//5533 5365//5532 5368//5535
f 5366//5533 5367//5534 5369//5536
f 5366//5533 5370//5537 5364//5531
f 5371//5538 5372//5539 5373//5540 5374//5541
f 5323//5490 5321//5488 5372//5539 5371//5538
f 5372//5539 5321//5488 5322//5489
f 5375//5542 5373//5540 5372//5539 5376//5543
f 5377//5544 5378//5545 5374//5541
f 5379//5546 5377//5544 5373//5540 5375//5542
f 5354//5521 5352//5519 5377//5544 5379//5546
f 5351//5518 5378//5545 5377//5544 5352//5519
f 5380//5547 5381//5548 5382//5549 5383//5550
f 5338//5505 5382//5549 5381//5548 5335//5502
f 5338//5505 5343//5510 5360//5527
f 5364//5531 5383//5550 5382//5549 5360//5527
f 5364//5531 5370//5537 5384//5551 5383//5550
f 5385//5552 5384//5551 5370//5537 5369//5536
f 5386//5553 5384//5551 5385//5552 5325//5492
f 5383//5550 5384//5551 5386//5553 5380//5547
f 5369//5536 5367//5534 5387//5554 5385//5552
f 5388//5555 5387//5554 5367//5534 5368//5535
f 5317//5484 5320//5487 5387//5554 5388//5555
f 5325//5492 5385//5552 5387//5554 5320//5487
f 5389//5556 5386//5553 5325//5492
f 5324//5491 5323//5490 5371//5538
f 5389//5556 5371//5538 5374//5541
f 5390//5557 5380//5547 5386//5553
f 5347//5514 5358//5525 5391//5558 5392//5559
f 5345//5512 5391//5558 5358//5525 5334//5501
f 5335//5502 5381//5548 5391//5558 5345//5512
f 5392//5559 5391//5558 5381//5548 5380//5547
f 5378//5545 5351//5518 5348//5515
f 5392//5559 5393//5560 5348//5515 5347//5514
f 5380//5547 5390//5557 5393//5560 5392//5559
f 5390//5557 5374//5541 5378//5545
f 5341//5508 5394//5561 5395//5562 5361//5528
f 5396//5563 5395//5562 5394//5561 5397//5564
f 5398//5565 5399//5566 5395//5562 5396//5563
f 5361//5528 5395//5562 5399//5566 5362//5529
f 5362//5529 5399//5566 5400//5567 5365//5532
f 5401//5568 5400//5567 5399//5566 5398//5565
f 5402//5569 5403//5570 5400//5567 5401//5568
f 5365//5532 5400//5567 5403//5570 5368//5535
f 5404//5571 5405//5572 5406//5573 5407//5574
f 5388//5555 5406//5573 5405//5572 5317//5484
f 5368//5535 5403//5570 5406//5573 5388//5555
f 5407//5574 5406//5573 5403//5570 5402//5569
f 5408//5575 5409//5576 5397//5564
f 5339//5506 5408//5575 5394//5561 5341//5508
f 5340//5507 5410//5577 5408//5575 5339//5506
f 5409//5576 5408//5575 5410//5577 5411//5578
f 5411//5578 5410//5577 5412//5579 5413//5580
f 5346//5513 5412//5579 5410//5577 5340//5507
f 5332//5499 5414//5581 5412//5579 5346//5513
f 5415//5582 5413//5580 5412//5579 5414//5581
f 5416//5583 5417//5584 5418//5585 5419//5586
f 5249//5416 5254//5421 5418//5585 5417//5584
f 5418//5585 5254//5421 5253//5420 5294//5461
f 5419//5586 5418//5585 5294//5461 5298//5465
f 5420//5587 5421//5588 5422//5589 5423//5590
f 5414//5581 5422//5589 5421//5588 5415//5582
f 5422//5589 5414//5581 5332//5499 5330//5497
f 5331//5498 5423//5590 5422//5589 5330//5497
f 5245//5412 5250//5417 5424//5591 5275//5442
f 5417//5584 5424//5591 5250//5417 5249//5416
f 5425//5592 5424//5591 5417//5584 5416//5583
f 5276//5443 5275//5442 5424//5591 5425//5592
f 5317//5484 5405//5572 5426//5593 5318//5485
f 5427//5594 5426//5593 5405//5572 5404//5571
f 5428//5595 5429//5596 5426//5593 5427//5594
f 5318//5485 5426//5593 5429//5596 5322//5489
f 5322//5489 5429//5596 5430//5597 5376//5543
f 5431//5598 5430//5597 5429//5596 5428//5595
f 5432//5599 5433//5600 5430//5597 5431//5598
f 5376//5543 5430//5597 5433//5600 5375//5542
f 5375//5542 5433//5600 5434//5601 5379//5546
f 5435//5602 5434//5601 5433//5600 5432//5599
f 5436//5603 5437//5604 5434//5601 5435//5602
f 5379//5546 5434//5601 5437//5604 5354//5521
f 5354//5521 5437//5604 5438//5605 5353//5520
f 5439//5606 5438//5605 5437//5604 5436//5603
f 5440//5607 5438//5605 5439//5606 5441//5608
f 5355//5522 5353//5520 5438//5605 5440//5607
f 5326//5493 5356//5523 5442//5609 5443//5610
f 5440//5607 5442//5609 5356//5523 5355//5522
f 5441//5608 5444//5611 5442//5609 5440//5607
f 5443//5610 5442//5609 5444//5611 5445//5612
f 5446//5613 5447//5614 5316//5483 5314//5481
f 5447//5614 5446//5613 5448//5615
f 5449//5616 5450//5617 5447//5614 5451//5618
f 5316//5483 5447//5614 5450//5617 5315//5482
f 5331//5498 5327//5494 5452//5619 5453//5620
f 5443//5610 5452//5619 5327//5494 5326//5493
f 5445//5612 5454//5621 5452//5619 5443//5610
f 5453//5620 5452//5619 5454//5621 5455//5622
f 5455//5622 5456//5623 5457//5624 5453//5620
f 5458//5625 5457//5624 5456//5623 5459//5626
f 5420//5587 5423//5590 5457//5624 5458//5625
f 5453//5620 5457//5624 5423//5590 5331//5498
f 5448//5615 5460//5627 5461//5628 5451//5618
f 5290//5457 5461//5628 5460//5627 5287//5454
f 5292//5459 5462//5629 5461//5628 5290//5457
f 5451//5618 5461//5628 5462//5629 5449//5616
f 5463//5630 5464//5631 5465//5632 5466//5633
f 5467//5634 5465//5632 5464//5631 5468//5635
f 5459//5626 5456//5623 5465//5632 5467//5634
f 5466//5633 5465//5632 5456//5623 5455//5622
f 5280//5447 5279//5446 5469//5636 5470//5637
f 5471//5638 5469//5636 5279//5446 5272//5439
f 5469//5636 5471//5638 5472//5639
f 5470//5637 5469//5636 5473//5640 5474//5641
f 5272//5439 5271//5438 5475//5642 5471//5638
f 5476//5643 5475//5642 5271//5438 5270//5437
f 5477//5644 5478//5645 5475//5642 5476//5643
f 5471//5638 5475//5642 5478//5645 5472//5639
f 5472//5639 5478//5645 5479//5646 5480//5647
f 5481//5648 5479//5646 5478//5645 5477//5644
f 5398//5565 5396//5563 5479//5646 5481//5648
f 5480//5647 5479//5646 5396//5563 5397//5564
f 5397//5564 5409//5576 5482//5649 5480//5647
f 5483//5650 5482//5649 5409//5576 5411//5578
f 5474//5641 5473//5640 5482//5649 5483//5650
f 5480//5647 5482//5649 5473//5640 5472//5639
f 5477//5644 5476//5643 5484//5651 5485//5652
f 5274//5441 5484//5651 5476//5643 5270//5437
f 5276//5443 5486//5653 5484//5651 5274//5441
f 5486//5653 5487//5654 5485//5652
f 5487//5654 5488//5655 5489//5656 5485//5652
f 5488//5655 5402//5569 5401//5568
f 5398//5565 5481//5648 5489//5656 5401//5568
f 5485//5652 5489//5656 5481//5648 5477//5644
f 5487//5654 5486//5653 5490//5657 5491//5658
f 5425//5592 5490//5657 5486//5653 5276//5443
f 5416//5583 5492//5659 5490//5657 5425//5592
f 5491//5658 5490//5657 5492//5659 5493//5660
f 5493//5660 5494//5661 5495//5662 5491//5658
f 5407//5574 5495//5662 5494//5661 5404//5571
f 5402//5569 5488//5655 5495//5662 5407//5574
f 5491//5658 5495//5662 5488//5655 5487//5654
f 5286//5453 5285//5452 5496//5663 5497//5664
f 5470//5637 5496//5663 5285//5452 5280//5447
f 5474//5641 5498//5665 5496//5663 5470//5637
f 5497//5664 5496//5663 5498//5665 5499//5666
f 5411//5578 5413//5580 5500//5667 5483//5650
f 5501//5668 5500//5667 5413//5580 5415//5582
f 5499//5666 5498//5665 5500//5667 5501//5668
f 5483//5650 5500//5667 5498//5665 5474//5641
f 5292//5459 5291//5458 5502//5669 5503//5670
f 5497//5664 5502//5669 5291//5458 5286//5453
f 5499//5666 5504//5671 5502//5669 5497//5664
f 5503//5670 5502//5669 5504//5671 5505//5672
f 5415//5582 5421//5588 5506//5673 5501//5668
f 5507//5674 5506//5673 5421//5588 5420//5587
f 5505//5672 5504//5671 5506//5673 5507//5674
f 5501//5668 5506//5673 5504//5671 5499//5666
f 5449//5616 5462//5629 5508//5675 5509//5676
f 5503//5670 5508//5675 5462//5629 5292//5459
f 5505//5672 5510//5677 5508//5675 5503//5670
f 5509//5676 5508//5675 5510//5677 5468//5635
f 5420//5587 5458//5625 5511//5678 5507//5674
f 5467//5634 5511//5678 5458//5625 5459//5626
f 5468//5635 5510//5677 5511//5678 5467//5634
f 5507//5674 5511//5678 5510//5677 5505//5672
f 5512//5679 5513//5680 5514//5681 5515//5682
f 5427//5594 5514//5681 5513//5680 5428//5595
f 5404//5571 5494//5661 5514//5681 5427//5594
f 5515//5682 5514//5681 5494//5661 5493//5660
f 5516//5683 5419//5586 5298//5465
f 5517//5684 5512//5679 5515//5682
f 5493//5660 5492//5659 5516//5683 5515//5682
f 5419//5586 5516//5683 5492//5659 5416//5583
f 5512//5679 5517//5684 5518//5685 5519//5686
f 5517//5684 5298//5465 5297//5464
f 5518//5685 5297//5464 5296//5463
f 5520//5687 5521//5688 5519//5686
f 5521//5688 5522//5689 5523//5690 5519//5686
f 5522//5689 5432//5599 5431//5598
f 5428//5595 5513//5680 5523//5690 5431//5598
f 5513//5680 5512//5679 5519//5686
f 5524//5691 5520//5687 5296//5463 5300//5467
f 5302//5469 5525//5692 5524//5691
f 5526//5693 5527//5694 5524//5691 5525//5692
f 5524//5691 5527//5694 5521//5688
f 5528//5695 5527//5694 5526//5693
f 5529//5696 5436//5603 5435//5602
f 5432//5599 5522//5689 5528//5695 5435//5602
f 5527//5694 5528//5695 5522//5689 5521//5688
f 5302//5469 5304//5471 5530//5697 5525//5692
f 5531//5698 5530//5697 5304//5471 5306//5473
f 5532//5699 5533//5700 5530//5697 5531//5698
f 5530//5697 5533//5700 5526//5693
f 5533//5700 5534//5701 5529//5696 5526//5693
f 5535//5702 5534//5701 5533//5700 5532//5699
f 5441//5608 5439//5606 5534//5701 5535//5702
f 5436//5603 5529//5696 5534//5701 5439//5606
f 5306//5473 5309//5476 5536//5703 5531//5698
f 5537//5704 5536//5703 5309//5476 5308//5475
f 5538//5705 5539//5706 5536//5703 5537//5704
f 5531//5698 5536//5703 5539//5706 5532//5699
f 5532//5699 5539//5706 5540//5707 5535//5702
f 5541//5708 5540//5707 5539//5706 5538//5705
f 5445//5612 5444//5611 5540//5707 5541//5708
f 5535//5702 5540//5707 5444//5611 5441//5608
f 5312//5479 5542//5709 5537//5704 5308//5475
f 5543//5710 5542//5709 5312//5479 5315//5482
f 5463//5630 5544//5711 5542//5709 5543//5710
f 5537//5704 5542//5709 5544//5711 5538//5705
f 5538//5705 5544//5711 5545//5712 5541//5708
f 5466//5633 5545//5712 5544//5711 5463//5630
f 5455//5622 5454//5621 5545//5712 5466//5633
f 5541//5708 5545//5712 5454//5621 5445//5612
f 5315//5482 5450//5617 5546//5713 5543//5710
f 5509//5676 5546//5713 5450//5617 5449//5616
f 5468//5635 5464//5631 5546//5713 5509//5676
f 5464//5631 5463//5630 5543//5710
f 5547//5714 5548//5715 5549//5716 5550//5717
f 5313//5480 5549//5716 5548//5715 5314//5481
f 5242//5409 5239//5406 5549//5716 5313//5480
f 5550//5717 5549//5716 5239//5406 1758//1764
f 2084//2090 5551//5718 5552//5719 2085//2091
f 5547//5714 5550//5717 5552//5719 5551//5718
f 2085//2091 5552//5719 5550//5717 1758//1764
f 5553//5720 5554//5721 5555//5722 5556//5723
f 5446//5613 5555//5722 5554//5721 5448//5615
f 5314//5481 5548//5715 5555//5722 5446//5613
f 5556//5723 5555//5722 5548//5715 5547//5714
f 5547//5714 5551//5718 5557//5724 5556//5723
f 2095//2101 5557//5724 5551//5718 2084//2090
f 2094//2100 5558//5725 5557//5724 2095//2101
f 5556//5723 5557//5724 5558//5725 5553//5720
f 5559//5726 5560//5727 5561//5728 5562//5729
f 5287//5454 5460//5627 5560//5727 5559//5726
f 5448//5615 5554//5721 5560//5727 5460//5627
f 5561//5728 5560//5727 5554//5721 5553//5720
f 5226//5393 5225//5392 5563//5730 5564//5731
f 5228//5395 5563//5730 5225//5392 5119//5286
f 5232//5399 5282//5449 5563//5730 5228//5395
f 5564//5731 5563//5730 5282//5449 5281//5448
f 5281//5448 5288//5455 5565//5732 5564//5731
f 5559//5726 5565//5732 5288//5455 5287//5454
f 5562//5729 5566//5733 5565//5732 5559//5726
f 5566//5733 5226//5393 5564//5731
f 5553//5720 5558//5725 5567//5734 5561//5728
f 2107//2113 5567//5734 5558//5725 2094//2100
f 2106//2112 5568//5735 5567//5734 2107//2113
f 5561//5728 5567//5734 5568//5735 5562//5729
f 2108//2114 5569//5736 5570//5737 2109//2115
f 5569//5736 5226//5393 5566//5733
f 5562//5729 5568//5735 5570//5737 5566//5733
f 2109//2115 5570//5737 5568//5735 2106//2112
f 5571//5738 5572//5739 5573//5740
f 5574//5741 5221//5388 5224//5391
f 5571//5738 5224//5391 5226//5393
f 5575//5742 5576//5743 5572//5739
f 5577//5744 5578//5745 5576//5743
f 5575//5742 5226//5393 5569//5736
f 2119//2125 5577//5744 5569//5736 2108//2114
f 5578//5745 5577//5744 2119//2125 2121//2127
f 5579//5746 5580//5747 5581//5748 5582//5749
f 5583//5750 5581//5748 5580//5747 5584//5751
f 5581//5748 5583//5750 5573//5740
f 5572//5739 5576//5743 5582//5749
f 5582//5749 5585//5752 5586//5753 5579//5746
f 5582//5749 5576//5743 5578//5745
f 2130//2136 5585//5752 5578//5745 2121//2127
f 2131//2137 5586//5753 5585//5752 2130//2136
f 5587//5754 5588//5755 5589//5756
f 5590//5757 5587//5754 5591//5758 5592//5759
f 5587//5754 5590//5757 5584//5751
f 5588//5755 5587//5754 5580//5747 5579//5746
f 5593//5760 5099//5266 5098//5265
f 5594//5761 5592//5759 5591//5758
f 5591//5758 5589//5756 5595//5762
f 5595//5762 5024//5191 5099//5266
f 5579//5746 5586//5753 5596//5763 5588//5755
f 2143//2149 5596//5763 5586//5753 2131//2137
f 2144//2150 5597//5764 5596//5763 2143//2149
f 5588//5755 5596//5763 5597//5764 5589//5756
f 5598//5765 5599//5766 5600//5767 4487//4654
f 5025//5192 5601//5768 5599//5766 5598//5765
f 2148//2154 5599//5766 5601//5768 2150//2156
f 2149//2155 5600//5767 5599//5766 2148//2154
f 2155//2161 5602//5769 5603//5770 2152//2158
f 5602//5769 5024//5191 5595//5762
f 5589//5756 5597//5764 5603//5770 5595//5762
f 2152//2158 5603//5770 5597//5764 2144//2150
f 5604//5771 5605//5772 5606//5773
f 5098//5265 5095//5262 5607//5774 5606//5773
f 5095//5262 5094//5261 5608//5775
f 5607//5774 5608//5775 5609//5776
f 5100//5267 5610//5777 5608//5775 5094//5261
f 5103//5270 5611//5778 5610//5777 5100//5267
f 5612//5779 5613//5780 5610//5777 5611//5778
f 5613//5780 5609//5776 5608//5775
f 5612//5779 5611//5778 5614//5781 5615//5782
f 5105//5272 5614//5781 5611//5778 5103//5270
f 5107//5274 5616//5783 5614//5781 5105//5272
f 5615//5782 5614//5781 5616//5783 5617//5784
f 5617//5784 5616//5783 5618//5785 5619//5786
f 5109//5276 5618//5785 5616//5783 5107//5274
f 5618//5785 5109//5276 5111//5278
f 5619//5786 5618//5785 5620//5787 5621//5788
f 5113//5280 5622//5789 5620//5787 5111//5278
f 5623//5790 5622//5789 5113//5280 5115//5282
f 5624//5791 5622//5789 5623//5790 5625//5792
f 5621//5788 5620//5787 5622//5789 5624//5791
f 5592//5759 5594//5761 5626//5793 5627//5794
f 5594//5761 5098//5265 5606//5773
f 5605//5772 5628//5795 5626//5793 5606//5773
f 5628//5795 5629//5796 5627//5794
f 5630//5797 5631//5798 5632//5799 5633//5800
f 5590//5757 5631//5798 5630//5797 5584//5751
f 5592//5759 5627//5794 5631//5798 5590//5757
f 5629//5796 5632//5799 5631//5798 5627//5794
f 5634//5801 5635//5802 5636//5803 5637//5804
f 5635//5802 5573//5740 5583//5750
f 5584//5751 5630//5797 5636//5803 5583//5750
f 5637//5804 5636//5803 5630//5797 5633//5800
f 5625//5792 5623//5790 5638//5805 5639//5806
f 5115//5282 5222//5389 5638//5805 5623//5790
f 5640//5807 5638//5805 5222//5389 5221//5388
f 5639//5806 5638//5805 5640//5807 5641//5808
f 5221//5388 5574//5741 5642//5809 5640//5807
f 5635//5802 5642//5809 5574//5741 5573//5740
f 5634//5801 5643//5810 5642//5809 5635//5802
f 5642//5809 5643//5810 5641//5808 5640//5807
f 5157//5324 5155//5322 5644//5811 5645//5812
f 5646//5813 5644//5811 5155//5322 5144//5311
f 5647//5814 5648//5815 5644//5811 5646//5813
f 5645//5812 5644//5811 5648//5815 5649//5816
f 5199//5366 5213//5380 5650//5817 5651//5818
f 5652//5819 5650//5817 5213//5380 5208//5375
f 5653//5820 5654//5821 5650//5817 5652//5819
f 5651//5818 5650//5817 5654//5821 5655//5822
f 5208//5375 5207//5374 5656//5823 5652//5819
f 5657//5824 5656//5823 5207//5374 5170//5337
f 5658//5825 5659//5826 5656//5823 5657//5824
f 5652//5819 5656//5823 5659//5826 5653//5820
f 5653//5820 5659//5826 5660//5827 5661//5828
f 5662//5829 5660//5827 5659//5826 5658//5825
f 5629//5796 5628//5795 5660//5827 5662//5829
f 5661//5828 5660//5827 5628//5795 5605//5772
f 5605//5772 5604//5771 5663//5830 5661//5828
f 5664//5831 5663//5830 5604//5771 5609//5776
f 5655//5822 5654//5821 5663//5830 5664//5831
f 5661//5828 5663//5830 5654//5821 5653//5820
f 5124//5291 5200//5367 5665//5832 5666//5833
f 5651//5818 5665//5832 5200//5367 5199//5366
f 5655//5822 5667//5834 5665//5832 5651//5818
f 5666//5833 5665//5832 5667//5834 5668//5835
f 5669//5836 5664//5831 5609//5776
f 5613//5780 5612//5779 5670//5837
f 5669//5836 5670//5837 5668//5835
f 5664//5831 5669//5836 5667//5834 5655//5822
f 5671//5838 5672//5839 5673//5840 5674//5841
f 5125//5292 5673//5840 5672//5839 5126//5293
f 5666//5833 5673//5840 5125//5292 5124//5291
f 5673//5840 5666//5833 5668//5835
f 5617//5784 5675//5842 5676//5843 5615//5782
f 5674//5841 5676//5843 5675//5842 5671//5838
f 5674//5841 5668//5835 5670//5837
f 5612//5779 5615//5782 5676//5843 5670//5837
f 5677//5844 5678//5845 5679//5846 5680//5847
f 5131//5298 5679//5846 5678//5845 5132//5299
f 5126//5293 5672//5839 5679//5846 5131//5298
f 5680//5847 5679//5846 5672//5839 5671//5838
f 5621//5788 5681//5848 5682//5849 5619//5786
f 5680//5847 5682//5849 5681//5848 5677//5844
f 5671//5838 5675//5842 5682//5849 5680//5847
f 5619//5786 5682//5849 5675//5842 5617//5784
f 5683//5850 5684//5851 5685//5852 5686//5853
f 5137//5304 5685//5852 5684//5851 5138//5305
f 5132//5299 5678//5845 5685//5852 5137//5304
f 5686//5853 5685//5852 5678//5845 5677//5844
f 5625//5792 5687//5854 5688//5855 5624//5791
f 5686//5853 5688//5855 5687//5854 5683//5850
f 5677//5844 5681//5848 5688//5855 5686//5853
f 5624//5791 5688//5855 5681//5848 5621//5788
f 5647//5814 5646//5813 5689//5856 5690//5857
f 5143//5310 5689//5856 5646//5813 5144//5311
f 5138//5305 5684//5851 5689//5856 5143//5310
f 5690//5857 5689//5856 5684//5851 5683//5850
f 5641//5808 5691//5858 5692//5859 5639//5806
f 5690//5857 5692//5859 5691//5858 5647//5814
f 5683//5850 5687//5854 5692//5859 5690//5857
f 5639//5806 5692//5859 5687//5854 5625//5792
f 5657//5824 5693//5860 5694//5861 5658//5825
f 5170//5337 5169//5336 5693//5860 5657//5824
f 5695//5862 5693//5860 5169//5336 5164//5331
f 5694//5861 5693//5860 5695//5862 5696//5863
f 5697//5864 5698//5865 5694//5861 5696//5863
f 5633//5800 5632//5799 5698//5865 5697//5864
f 5662//5829 5698//5865 5632//5799 5629//5796
f 5658//5825 5694//5861 5698//5865 5662//5829
f 5164//5331 5163//5330 5699//5866 5695//5862
f 5645//5812 5699//5866 5163//5330 5157//5324
f 5649//5816 5700//5867 5699//5866 5645//5812
f 5695//5862 5699//5866 5700//5867 5696//5863
f 5701//5868 5697//5864 5696//5863 5700//5867
f 5702//5869 5701//5868 5700//5867 5649//5816
f 5701//5868 5702//5869 5634//5801 5637//5804
f 5633//5800 5697//5864 5701//5868 5637//5804
f 5649//5816 5648//5815 5703//5870 5702//5869
f 5691//5858 5703//5870 5648//5815 5647//5814
f 5641//5808 5643//5810 5703//5870 5691//5858
f 5702//5869 5703//5870 5643//5810 5634//5801
f 5704//5871 5705//5872 5706//5873 5707//5874
f 5708//5875 5705//5872 5704//5871 5709//5876
f 5710//5877 5711//5878 5705//5872 5708//5875
f 5712//5879 5706//5873 5705//5872 5711//5878
f 5713//5880 5704//5871 5707//5874
f 5714//5881 5715//5882 5716//5883
f 5717//5884 5718//5885 5713//5880 5716//5883
f 5709//5876 5704//5871 5713//5880 5718//5885
f 5719//5886 5716//5883 5715//5882
f 5720//5887 5719//5886 5721//5888 5722//5889
f 5719//5886 5720//5887 5723//5890
f 5716//5883 5719//5886 5724//5891 5717//5884
f 5725//5892 5726//5893 5727//5894 5728//5895
f 4891//5058 5727//5894 5726//5893 4892//5059
f 4819//4986 5729//5896 5727//5894 4891//5058
f 5730//5897 5728//5895 5727//5894 5729//5896
f 5723//5890 5731//5898 5732//5899 5733//5900
f 5728//5895 5732//5899 5731//5898 5725//5892
f 5734//5901 5732//5899 5728//5895 5730//5897
f 5735//5902 5733//5900 5732//5899 5734//5901
f 5736//5903 5729//5896 4819//4986
f 5737//5904 5736//5903 4818//4985 4812//4979
f 5738//5905 5739//5906 5736//5903 5737//5904
f 5729//5896 5736//5903 5739//5906 5730//5897
f 5740//5907 5741//5908 5742//5909 5743//5910
f 5734//5901 5742//5909 5741//5908 5735//5902
f 5730//5897 5739//5906 5742//5909 5734//5901
f 5743//5910 5742//5909 5739//5906 5738//5905
f 5717//5884 5724//5891 5744//5911 5745//5912
f 5733//5900 5744//5911 5724//5891 5723//5890
f 5735//5902 5746//5913 5744//5911 5733//5900
f 5745//5912 5744//5911 5746//5913 5747//5914
f 5747//5914 5746//5913 5748//5915 5749//5916
f 5735//5902 5741//5908 5748//5915 5746//5913
f 5750//5917 5748//5915 5741//5908 5740//5907
f 5751//5918 5749//5916 5748//5915 5750//5917
f 5740//5907 5743//5910 5752//5919 5750//5917
f 5753//5920 5752//5919 5743//5910 5738//5905
f 5754//5921 5755//5922 5752//5919 5753//5920
f 5750//5917 5752//5919 5755//5922 5751//5918
f 5756//5923 5757//5924 5758//5925 5759//5926
f 5718//5885 5758//5925 5757//5924 5709//5876
f 5717//5884 5745//5912 5758//5925 5718//5885
f 5759//5926 5758//5925 5745//5912 5747//5914
f 5760//5927 5761//5928 5762//5929
f 5759//5926 5760//5927 5763//5930 5756//5923
f 5760//5927 5759//5926 5747//5914 5749//5916
f 5761//5928 5760//5927 5749//5916 5751//5918
f 5709//5876 5757//5924 5764//5931 5708//5875
f 5765//5932 5764//5931 5757//5924 5756//5923
f 5766//5933 5767//5934 5764//5931 5765//5932
f 5708//5875 5764//5931 5767//5934 5710//5877
f 5768//5935 5769//5936 5770//5937 5771//5938
f 5765//5932 5770//5937 5769//5936 5766//5933
f 5756//5923 5763//5930 5770//5937 5765//5932
f 5771//5938 5770//5937 5763//5930 5762//5929
f 5772//5939 5761//5928 5751//5918
f 5773//5940 5772//5939 5755//5922 5754//5921
f 5774//5941 5775//5942 5772//5939 5773//5940
f 5761//5928 5772//5939 5775//5942 5762//5929
f 5776//5943 5777//5944 5778//5945 5779//5946
f 5780//5947 5778//5945 5777//5944 5781//5948
f 5707//5874 5706//5873 5778//5945 5780//5947
f 5779//5946 5778//5945 5706//5873 5712//5879
f 5782//5949 5783//5950 5784//5951
f 5785//5952 5776//5943 5779//5946
f 5782//5949 5779//5946 5712//5879
f 5782//5949 5786//5953 5787//5954 5783//5950
f 5711//5878 5788//5955 5786//5953 5712//5879
f 5789//5956 5788//5955 5711//5878 5710//5877
f 5790//5957 5788//5955 5789//5956 5791//5958
f 5786//5953 5788//5955 5790//5957 5787//5954
f 5710//5877 5767//5934 5792//5959 5789//5956
f 5793//5960 5792//5959 5767//5934 5766//5933
f 5794//5961 5795//5962 5792//5959 5793//5960
f 5791//5958 5789//5956 5792//5959 5795//5962
f 5796//5963 5797//5964 5798//5965 5799//5966
f 5793//5960 5798//5965 5797//5964 5794//5961
f 5766//5933 5769//5936 5798//5965 5793//5960
f 5799//5966 5798//5965 5769//5936 5768//5935
f 5800//5967 5801//5968 5796//5963 5799//5966
f 5802//5969 5800//5967 5799//5966 5768//5935
f 5803//5970 5804//5971 5800//5967 5802//5969
f 5805//5972 5801//5968 5800//5967 5804//5971
f 5806//5973 5807//5974 5715//5882
f 5714//5881 5707//5874 5780//5947
f 5781//5948 5808//5975 5806//5973 5780//5947
f 5807//5974 5806//5973 5808//5975 5809//5976
f 5810//5977 5811//5978 5812//5979 5813//5980
f 4948//5115 5812//5979 5811//5978 4945//5112
f 4892//5059 5726//5893 5812//5979 4948//5115
f 5813//5980 5812//5979 5726//5893 5725//5892
f 5725//5892 5731//5898 5814//5981 5813//5980
f 5720//5887 5814//5981 5731//5898 5723//5890
f 5722//5889 5815//5982 5814//5981 5720//5887
f 5813//5980 5814//5981 5815//5982 5810//5977
f 5722//5889 5721//5888 5816//5983 5815//5982
f 5807//5974 5816//5983 5721//5888 5715//5882
f 5809//5976 5817//5984 5816//5983 5807//5974
f 5815//5982 5816//5983 5817//5984 5810//5977
f 5818//5985 5819//5986 5820//5987
f 4949//5116 5818//5985 5821//5988 4951//5118
f 4945//5112 5811//5978 5818//5985 4949//5116
f 5819//5986 5818//5985 5811//5978 5810//5977
f 5822//5989 5823//5990 5824//5991 5825//5992
f 5819//5986 5824//5991 5823//5990 5820//5987
f 5810//5977 5826//5993 5824//5991 5819//5986
f 5825//5992 5824//5991 5826//5993 5827//5994
f 5828//5995 5826//5993 5810//5977
f 5817//5984 5809//5976 5829//5996
f 5828//5995 5829//5996 5830//5997
f 5827//5994 5826//5993 5828//5995
f 5831//5998 5832//5999 5833//6000 5834//6001
f 5835//6002 5833//6000 5832//5999 5836//6003
f 5822//5989 5825//5992 5833//6000 5835//6002
f 5834//6001 5833//6000 5825//5992 5827//5994
f 5827//5994 5837//6004 5838//6005 5834//6001
f 5839//6006 5838//6005 5837//6004 5830//5997
f 5840//6007 5841//6008 5838//6005 5839//6006
f 5841//6008 5831//5998 5834//6001
f 5831//5998 5841//6008 5842//6009 5843//6010
f 5841//6008 5840//6007 5844//6011
f 5844//6011 5845//6012 5846//6013
f 5847//6014 5843//6010 5842//6009 5846//6013
f 5836//6003 5832//5999 5848//6015 5849//6016
f 5843//6010 5848//6015 5832//5999 5831//5998
f 5847//6014 5850//6017 5848//6015 5843//6010
f 5849//6016 5848//6015 5850//6017 5851//6018
f 5852//6019 5853//6020 5854//6021 5855//6022
f 5801//5968 5854//6021 5853//6020 5796//5963
f 5856//6023 5854//6021 5801//5968 5805//5972
f 5855//6022 5854//6021 5856//6023 5857//6024
f 5858//6025 5859//6026 5794//5961
f 5797//5964 5796//5963 5853//6020
f 5852//6019 5860//6027 5858//6025 5853//6020
f 5858//6025 5860//6027 5861//6028
f 5795//5962 5862//6029 5863//6030 5791//5958
f 5859//6026 5862//6029 5795//5962 5794//5961
f 5864//6031 5862//6029 5859//6026 5861//6028
f 5863//6030 5862//6029 5864//6031 5865//6032
f 5787//5954 5790//5957 5866//6033 5867//6034
f 5791//5958 5863//6030 5866//6033 5790//5957
f 5865//6032 5868//6035 5866//6033 5863//6030
f 5869//6036 5867//6034 5866//6033 5868//6035
f 5870//6037 5871//6038 5867//6034 5869//6036
f 5872//6039 5871//6038 5870//6037 5873//6040
f 5872//6039 5784//5951 5783//5950
f 5867//6034 5871//6038 5783//5950 5787//5954
f 5776//5943 5785//5952 5874//6041 5875//6042
f 5784//5951 5872//6039 5874//6041 5785//5952
f 5873//6040 5876//6043 5874//6041 5872//6039
f 5875//6042 5874//6041 5876//6043 5877//6044
f 5873//6040 5870//6037 5878//6045 5876//6043
f 5869//6036 5879//6046 5878//6045 5870//6037
f 5880//6047 5878//6045 5879//6046 5881//6048
f 5877//6044 5876//6043 5878//6045 5880//6047
f 5781//5948 5777//5944 5882//6049 5883//6050
f 5875//6042 5882//6049 5777//5944 5776//5943
f 5877//6044 5884//6051 5882//6049 5875//6042
f 5883//6050 5882//6049 5884//6051 5885//6052
f 5809//5976 5808//5975 5886//6053 5887//6054
f 5883//6050 5886//6053 5808//5975 5781//5948
f 5885//6052 5888//6055 5886//6053 5883//6050
f 5887//6054 5886//6053 5888//6055 5889//6056
f 5803//5970 5802//5969 5890//6057 5891//6058
f 5771//5938 5890//6057 5802//5969 5768//5935
f 5762//5929 5775//5942 5890//6057 5771//5938
f 5891//6058 5890//6057 5775//5942 5774//5941
f 5892//6059 5893//6060 5894//6061 5895//6062
f 5857//6024 5856//6023 5894//6061 5893//6060
f 5805//5972 5804//5971 5894//6061 5856//6023
f 5895//6062 5894//6061 5804//5971 5803//5970
f 5896//6063 5897//6064 5898//6065 5899//6066
f 5895//6062 5898//6065 5897//6064 5892//6059
f 5803//5970 5891//6058 5898//6065 5895//6062
f 5899//6066 5898//6065 5891//6058 5774//5941
f 5900//6067 5901//6068 5902//6069 5903//6070
f 5896//6063 5899//6066 5901//6068 5900//6067
f 5774//5941 5902//6069 5901//6068 5899//6066
f 5857//6024 5893//6060 5904//6071 5855//6022
f 5905//6072 5904//6071 5893//6060 5892//6059
f 5906//6073 5907//6074 5904//6071 5905//6072
f 5855//6022 5904//6071 5907//6074 5852//6019
f 5908//6075 5909//6076 5910//6077 5911//6078
f 5905//6072 5910//6077 5909//6076 5906//6073
f 5892//6059 5897//6064 5910//6077 5905//6072
f 5911//6078 5910//6077 5897//6064 5896//6063
f 5852//6019 5907//6074 5912//6079 5860//6027
f 5913//6080 5912//6079 5907//6074 5906//6073
f 5914//6081 5915//6082 5912//6079 5913//6080
f 5860//6027 5912//6079 5915//6082 5861//6028
f 5861//6028 5915//6082 5916//6083 5864//6031
f 5917//6084 5916//6083 5915//6082 5914//6081
f 5918//6085 5919//6086 5916//6083 5917//6084
f 5865//6032 5864//6031 5916//6083 5919//6086
f 5881//6048 5879//6046 5920//6087 5921//6088
f 5868//6035 5920//6087 5879//6046 5869//6036
f 5865//6032 5919//6086 5920//6087 5868//6035
f 5921//6088 5920//6087 5919//6086 5918//6085
f 5880//6047 5922//6089 5884//6051 5877//6044
f 5923//6090 5922//6089 5880//6047 5881//6048
f 5924//6091 5925//6092 5922//6089 5923//6090
f 5922//6089 5925//6092 5885//6052
f 5913//6080 5926//6093 5927//6094 5914//6081
f 5906//6073 5909//6076 5926//6093 5913//6080
f 5928//6095 5926//6093 5909//6076 5908//6075
f 5926//6093 5928//6095 5929//6096 5927//6094
f 5914//6081 5927//6094 5930//6097 5917//6084
f 5930//6097 5927//6094 5929//6096 5931//6098
f 5932//6099 5930//6097 5931//6098 5933//6100
f 5918//6085 5917//6084 5930//6097 5932//6099
f 5934//6101 5923//6090 5881//6048
f 5932//6099 5934//6101 5921//6088 5918//6085
f 5933//6100 5935//6102 5934//6101 5932//6099
f 5923//6090 5934//6101 5935//6102 5924//6091
f 5936//6103 5937//6104 5924//6091
f 5938//6105 5936//6103 5935//6102 5933//6100
f 5939//6106 5940//6107 5936//6103 5938//6105
f 5937//6104 5936//6103 5940//6107 5941//6108
f 5925//6092 5942//6109 5888//6055 5885//6052
f 5925//6092 5924//6091 5937//6104
f 5942//6109 5937//6104 5941//6108
f 5889//6056 5888//6055 5942//6109 5943//6110
f 5944//6111 5945//6112 5830//5997
f 5887//6054 5944//6111 5829//5996 5809//5976
f 5944//6111 5887//6054 5889//6056
f 5946//6113 5947//6114 5945//6112
f 5948//6115 5844//6011 5840//6007
f 5839//6006 5830//5997 5945//6112
f 5948//6115 5945//6112 5947//6114
f 5845//6012 5844//6011 5948//6115 5949//6116
f 5943//6110 5950//6117 5946//6113 5889//6056
f 5951//6118 5950//6117 5943//6110 5941//6108
f 5952//6119 5953//6120 5950//6117 5951//6118
f 5953//6120 5947//6114 5946//6113
f 5954//6121 5938//6105 5933//6100
f 5955//6122 5954//6121 5931//6098 5929//6096
f 5956//6123 5957//6124 5954//6121 5955//6122
f 5938//6105 5954//6121 5957//6124 5939//6106
f 5958//6125 5959//6126 5960//6127 5961//6128
f 5951//6118 5960//6127 5959//6126 5952//6119
f 5960//6127 5951//6118 5941//6108
f 5961//6128 5960//6127 5940//6107 5939//6106
f 5962//6129 5963//6130 5964//6131 5965//6132
f 5822//5989 5835//6002 5963//6130 5962//6129
f 5836//6003 5849//6016 5963//6130 5835//6002
f 5851//6018 5964//6131 5963//6130 5849//6016
f 5845//6012 5949//6116 5966//6133 5846//6013
f 5949//6116 5947//6114 5967//6134
f 5968//6135 5969//6136 5966//6133 5967//6134
f 5846//6013 5966//6133 5969//6136 5847//6014
f 5970//6137 5971//6138 5968//6135
f 5967//6134 5947//6114 5953//6120
f 5952//6119 5959//6126 5970//6137 5953//6120
f 5971//6138 5970//6137 5959//6126 5958//6125
f 5851//6018 5850//6017 5972//6139 5964//6131
f 5969//6136 5972//6139 5850//6017 5847//6014
f 5973//6140 5972//6139 5969//6136 5968//6135
f 5964//6131 5972//6139 5973//6140 5965//6132
f 4812//4979 4811//4978 5974//6141 5737//5904
f 5975//6142 5974//6141 4811//4978 4815//4982
f 5976//6143 5977//6144 5974//6141 5975//6142
f 5737//5904 5974//6141 5977//6144 5738//5905
f 4815//4982 4895//5062 5978//6145 5975//6142
f 4953//5120 5978//6145 4895//5062 4894//5061
f 4956//5123 5979//6146 5978//6145 4953//5120
f 5975//6142 5978//6145 5979//6146 5976//6143
f 5980//6147 5981//6148 5982//6149 5983//6150
f 4955//5122 5982//6149 5981//6148 4956//5123
f 4951//5118 5821//5988 5982//6149 4955//5122
f 5983//6150 5982//6149 5821//5988 5820//5987
f 5820//5987 5823//5990 5984//6151 5983//6150
f 5962//6129 5984//6151 5823//5990 5822//5989
f 5985//6152 5984//6151 5962//6129 5965//6132
f 5983//6150 5984//6151 5985//6152 5980//6147
f 5986//6153 5976//6143 5979//6146
f 4956//5123 5981//6148 5987//6154
f 5981//6148 5980//6147 5988//6155
f 5988//6155 5989//6156 5986//6153
f 5990//6157 5973//6140 5968//6135
f 5991//6158 5992//6159 5993//6160
f 5965//6132 5973//6140 5990//6157 5993//6160
f 5994//6161 5995//6162 5996//6163 5997//6164
f 5753//5920 5996//6163 5995//6162 5754//5921
f 5738//5905 5977//6144 5996//6163 5753//5920
f 5997//6164 5996//6163 5977//6144 5976//6143
f 5903//6070 5902//6069 5998//6165 5999//6166
f 5773//5940 5998//6165 5902//6069 5774//5941
f 5754//5921 5995//6162 5998//6165 5773//5940
f 5999//6166 5998//6165 5995//6162 5994//6161
f 5992//6159 6000//6167 6001//6168 5993//6160
f 5985//6152 6001//6168 6000//6167 5980//6147
f 5965//6132 5993//6160 6001//6168 5985//6152
f 5956//6123 5955//6122 6002//6169 6003//6170
f 5928//6095 6002//6169 5955//6122 5929//6096
f 5908//6075 6004//6171 6002//6169 5928//6095
f 6004//6171 6005//6172 6003//6170
f 6005//6172 6006//6173 6007//6174
f 5999//6166 6007//6174 6006//6173 5903//6070
f 5994//6161 6008//6175 6007//6174 5999//6166
f 6007//6174 6008//6175 6009//6176 6010//6177
f 5911//6078 6011//6178 6004//6171 5908//6075
f 5911//6078 5896//6063 5900//6067
f 5903//6070 6006//6173 6011//6178 5900//6067
f 6006//6173 6005//6172 6004//6171
f 6012//6179 6013//6180 6014//6181 6015//6182
f 6013//6180 5956//6123 6003//6170
f 6014//6181 6003//6170 6005//6172
f 6010//6177 6009//6176 6015//6182
f 6016//6183 5961//6128 5939//6106
f 6013//6180 6016//6183 5957//6124 5956//6123
f 6017//6184 6016//6183 6013//6180 6012//6179
f 5961//6128 6016//6183 6017//6184 5958//6125
f 6018//6185 6019//6186 5992//6159
f 5971//6138 6018//6185 5991//6158 5968//6135
f 5958//6125 6017//6184 6018//6185 5971//6138
f 6019//6186 6018//6185 6017//6184 6012//6179
f 6020//6187 6019//6186 6012//6179
f 6009//6176 6021//6188 6020//6187 6015//6182
f 6019//6186 6020//6187 6021//6188 5992//6159
f 5997//6164 6022//6189 6008//6175 5994//6161
f 5986//6153 6022//6189 5997//6164 5976//6143
f 5989//6156 6023//6190 6022//6189 5986//6153
f 6008//6175 6022//6189 6023//6190 6009//6176
f 5989//6156 5988//6155 6024//6191 6023//6190
f 6000//6167 6024//6191 5988//6155 5980//6147
f 6021//6188 6024//6191 6000//6167 5992//6159
f 6023//6190 6024//6191 6021//6188 6009//6176
f 6025//6192 6026//6193 6027//6194
f 3673//3817 6025//6192 6028//6195 3668//3812
f 6025//6192 3673//3817 111//106
f 6026//6193 6025//6192 2581//2587 2580//2586
f 3800//3954 6029//6196 6030//6197 3801//3955
f 3687//3831 6029//6196 3800//3954 3688//3832
f 3681//3825 6031//6198 6029//6196 3687//3831
f 6030//6197 6029//6196 6031//6198 6027//6194
f 3679//3823 6032//6199 6031//6198 3681//3825
f 3665//3809 6032//6199 3679//3823 3669//3813
f 3668//3812 6028//6195 6032//6199 3665//3809
f 6031//6198 6032//6199 6028//6195 6027//6194
f 6033//6200 6026//6193 2580//2586
f 6034//6201 6033//6200 2588//2594 2592//2598
f 6035//6202 6033//6200 6034//6201 6036//6203
f 6033//6200 6035//6202 6027//6194
f 3801//3955 6030//6197 6037//6204 3805//3959
f 6030//6197 6027//6194 6038//6205
f 6039//6206 6040//6207 6037//6204 6038//6205
f 6040//6207 3802//3956 3805//3959
f 6036//6203 6034//6201 6041//6208 6042//6209
f 2592//2598 2602//2608 6041//6208 6034//6201
f 2601//2607 6043//6210 6041//6208 2602//2608
f 6041//6208 6043//6210 6044//6211
f 6038//6205 6045//6212 6046//6213 6039//6206
f 6038//6205 6027//6194 6035//6202
f 6036//6203 6042//6209 6045//6212 6035//6202
f 6042//6209 6044//6211 6046//6213
f 6047//6214 6048//6215 6044//6211
f 2610//2616 6047//6214 6043//6210 2601//2607
f 2609//2615 6049//6216 6047//6214 2610//2616
f 6048//6215 6047//6214 6049//6216 6050//6217
f 6051//6218 6052//6219 6053//6220
f 6039//6206 6046//6213 6054//6221 6053//6220
f 6054//6221 6046//6213 6044//6211
f 6050//6217 6051//6218 6054//6221 6048//6215
f 3802//3956 6040//6207 6055//6222 6056//6223
f 6053//6220 6055//6222 6040//6207 6039//6206
f 6055//6222 6053//6220 6052//6219
f 6056//6223 6055//6222 6057//6224 6058//6225
f 6058//6225 6059//6226 6060//6227 6056//6223
f 6059//6226 3791//3942 3797//3950
f 6060//6227 3797//3950 3792//3943
f 6056//6223 6060//6227 3803//3957 3802//3956
f 6061//6228 6062//6229 6063//6230 6064//6231
f 3787//3934 3789//3937 6062//6229 6061//6228
f 6059//6226 6062//6229 3789//3937 3791//3942
f 6063//6230 6062//6229 6059//6226 6058//6225
f 6065//6232 6066//6233 6067//6234
f 3783//3928 3785//3931 6068//6235 6067//6234
f 6061//6228 6068//6235 3785//3931 3787//3934
f 6068//6235 6061//6228 6064//6231
f 3781//3925 3780//3924 6069//6236 6070//6237
f 6067//6234 6069//6236 3780//3924 3783//3928
f 6069//6236 6067//6234 6066//6233
f 6070//6237 6069//6236 6071//6238 6072//6239
f 6073//6240 6074//6241 6075//6242 6076//6243
f 6077//6244 6075//6242 6074//6241 6078//6245
f 6079//6246 6075//6242 6077//6244 6080//6247
f 6076//6243 6075//6242 6079//6246 6081//6248
f 2642//2649 2645//2652 6082//6249 6083//6250
f 2647//2654 6084//6251 6082//6249 2645//2652
f 6081//6248 6079//6246 6082//6249 6084//6251
f 6079//6246 6080//6247 6083//6250
f 6085//6252 6086//6253 6087//6254 6088//6255
f 6089//6256 6087//6254 6086//6253 6090//6257
f 6091//6258 6092//6259 6087//6254 6089//6256
f 6088//6255 6087//6254 6092//6259 6080//6247
f 6093//6260 2656//2663 2642//2649 6083//6250
f 6080//6247 6092//6259 6093//6260 6083//6250
f 6094//6261 6093//6260 6092//6259 6091//6258
f 6093//6260 6094//6261 2658//2665 2656//2663
f 6090//6257 6095//6262 6096//6263 6089//6256
f 6097//6264 6096//6263 6095//6262 6098//6265
f 6099//6266 6100//6267 6096//6263 6097//6264
f 6089//6256 6096//6263 6100//6267 6091//6258
f 2658//2665 6094//6261 6101//6268 2666//2673
f 6091//6258 6100//6267 6101//6268 6094//6261
f 6101//6268 6100//6267 6099//6266 6102//6269
f 2666//2673 6101//6268 6102//6269 2668//2675
f 6103//6270 6104//6271 6105//6272 6106//6273
f 6104//6271 6107//6274 6108//6275
f 6108//6275 2676//2683 2674//2681
f 6105//6272 2674//2681 2675//2682
f 6109//6276 6110//6277 6111//6278 6112//6279
f 6103//6270 6106//6273 6110//6277 6109//6276
f 2683//2690 6110//6277 6106//6273 2675//2682
f 2684//2691 6111//6278 6110//6277 2683//2690
f 6113//6280 6114//6281 6115//6282 6116//6283
f 6112//6279 6111//6278 6114//6281 6113//6280
f 2689//2696 6114//6281 6111//6278 2684//2691
f 2690//2697 6115//6282 6114//6281 2689//2696
f 6098//6265 6117//6284 6118//6285 6097//6264
f 6119//6286 6118//6285 6117//6284 6120//6287
f 6121//6288 6122//6289 6118//6285 6119//6286
f 6097//6264 6118//6285 6122//6289 6099//6266
f 6123//6290 6124//6291 6125//6292
f 6121//6288 6119//6286 6126//6293 6125//6292
f 6120//6287 6123//6290 6126//6293 6119//6286
f 2668//2675 6102//6269 6127//6294 2701//2708
f 6122//6289 6127//6294 6102//6269 6099//6266
f 6121//6288 6128//6295 6127//6294 6122//6289
f 2701//2708 6127//6294 6128//6295 2703//2710
f 2705//2712 2708//2715 6129//6296 6130//6297
f 6128//6295 6129//6296 2708//2715 2703//2710
f 6121//6288 6125//6292 6129//6296 6128//6295
f 6130//6297 6129//6296 6125//6292 6124//6291
f 6131//6298 6132//6299 6130//6297 6124//6291
f 6116//6283 6115//6282 6132//6299 6131//6298
f 2711//2718 6132//6299 6115//6282 2690//2697
f 2705//2712 6130//6297 6132//6299 2711//2718
f 6133//6300 6134//6301 6135//6302 6136//6303
f 6134//6301 6137//6304 6138//6305
f 6135//6302 6138//6305 6139//6306
f 6136//6303 6135//6302 6140//6307 6141//6308
f 6142//6309 6143//6310 6144//6311 6145//6312
f 6136//6303 6144//6311 6143//6310 6133//6300
f 6141//6308 6145//6312 6144//6311 6136//6303
f 6141//6308 6146//6313 6147//6314 6145//6312
f 6146//6313 6148//6315 6149//6316
f 6147//6314 6149//6316 6150//6317
f 6145//6312 6147//6314 6151//6318 6142//6309
f 6152//6319 6142//6309 6151//6318
f 6151//6318 6150//6317 6153//6320
f 6154//6321 6155//6322 6153//6320 6156//6323
f 6154//6321 6157//6324 6152//6319
f 6158//6325 6154//6321 6156//6323
f 6159//6326 6160//6327 6161//6328
f 6157//6324 6154//6321 6158//6325 6161//6328
f 2744//2751 6162//6329 6163//6330 2741//2748
f 2676//2683 6108//6275 6162//6329 2744//2751
f 6162//6329 6108//6275 6107//6274
f 6164//6331 6163//6330 6162//6329 6165//6332
f 6166//6333 6167//6334 6168//6335 6169//6336
f 6153//6320 6168//6335 6167//6334 6156//6323
f 6168//6335 6153//6320 6150//6317
f 6170//6337 6169//6336 6168//6335 6171//6338
f 6156//6323 6167//6334 6172//6339 6159//6326
f 6173//6340 6172//6339 6167//6334 6166//6333
f 6174//6341 6175//6342 6172//6339 6173//6340
f 6175//6342 6160//6327 6159//6326
f 6164//6331 6176//6343 6177//6344 6178//6345
f 6179//6346 6177//6344 6176//6343 6180//6347
f 6181//6348 6182//6349 6177//6344 6179//6346
f 6178//6345 6177//6344 6182//6349 6183//6350
f 6183//6350 6182//6349 6184//6351 6185//6352
f 6186//6353 6184//6351 6182//6349 6181//6348
f 6187//6354 6188//6355 6184//6351 6186//6353
f 6185//6352 6184//6351 6188//6355 6189//6356
f 6178//6345 6190//6357 6163//6330 6164//6331
f 6183//6350 6191//6358 6190//6357 6178//6345
f 2772//2779 6190//6357 6191//6358 2773//2780
f 2741//2748 6163//6330 6190//6357 2772//2779
f 2773//2780 6191//6358 6192//6359 2775//2782
f 6185//6352 6192//6359 6191//6358 6183//6350
f 6189//6356 6193//6360 6192//6359 6185//6352
f 2775//2782 6192//6359 6193//6360 2777//2784
f 6160//6327 6175//6342 6194//6361 6195//6362
f 6196//6363 6194//6361 6175//6342 6174//6341
f 6197//6364 6198//6365 6194//6361 6196//6363
f 6198//6365 6199//6366 6195//6362
f 6174//6341 6200//6367 6201//6368 6196//6363
f 6202//6369 6201//6368 6200//6367 6203//6370
f 6187//6354 6204//6371 6201//6368 6202//6369
f 6196//6363 6201//6368 6204//6371 6197//6364
f 6179//6346 6205//6372 6206//6373 6181//6348
f 6180//6347 6207//6374 6205//6372 6179//6346
f 6199//6366 6198//6365 6205//6372 6207//6374
f 6206//6373 6205//6372 6198//6365 6197//6364
f 6197//6364 6204//6371 6208//6375 6206//6373
f 6186//6353 6208//6375 6204//6371 6187//6354
f 6181//6348 6206//6373 6208//6375 6186//6353
f 6209//6376 6210//6377 3865//4033 3864//4032
f 6211//6378 6209//6376 3864//4032 3863//4031
f 6212//6379 6213//6380 6209//6376 6211//6378
f 6210//6377 6209//6376 6213//6380 3874//4042
f 3810//3964 3813//3967 6214//6381 6215//6382
f 3875//4043 6214//6381 3813//3967 3818//3972
f 3874//4042 6213//6380 6214//6381 3875//4043
f 6213//6380 6212//6379 6215//6382
f 6216//6383 6217//6384 6218//6385
f 6211//6378 6219//6386 6218//6385 6212//6379
f 3863//4031 6216//6383 6219//6386 6211//6378
f 3810//3964 6215//6382 6220//6387 3822//3976
f 6212//6379 6221//6388 6220//6387 6215//6382
f 6222//6389 6220//6387 6221//6388 6223//6390
f 3822//3976 6220//6387 6222//6389 3819//3973
f 6224//6391 6225//6392 6226//6393 6227//6394
f 6228//6395 6226//6393 6225//6392 6229//6396
f 6230//6397 6226//6393 6228//6395 6231//6398
f 6227//6394 6226//6393 6230//6397 6223//6390
f 6223//6390 6221//6388 6232//6399 6227//6394
f 6221//6388 6212//6379 6218//6385
f 6217//6384 6233//6400 6232//6399 6218//6385
f 6227//6394 6232//6399 6233//6400 6224//6391
f 6217//6384 6216//6383 6234//6401 6235//6402
f 6216//6383 3863//4031 3861//4029
f 3862//4030 6236//6403 6234//6401 3861//4029
f 6236//6403 6237//6404 6235//6402
f 6238//6405 6239//6406 6240//6407 6241//6408
f 6239//6406 6139//6306 6138//6305
f 6240//6407 6138//6305 6137//6304
f 6241//6408 6240//6407 6242//6409 6229//6396
f 6224//6391 6233//6400 6243//6410 6244//6411
f 6235//6402 6243//6410 6233//6400 6217//6384
f 6237//6404 6245//6412 6243//6410 6235//6402
f 6244//6411 6243//6410 6245//6412 6246//6413
f 6238//6405 6241//6408 6247//6414 6248//6415
f 6225//6392 6247//6414 6241//6408 6229//6396
f 6244//6411 6247//6414 6225//6392 6224//6391
f 6246//6413 6248//6415 6247//6414 6244//6411
f 6249//6416 6250//6417 6251//6418 6252//6419
f 7513//6420 6250//6417 6249//6416 7510//6421
f 3840//4000 6251//6418 6250//6417 3837//3997
f 3845//4010 3843//4008 6253//6422 6254//6423
f 7511//6424 6253//6422 3843//4008 7512//4007
f 7510//6421 6249//6416 6253//6422 7511//6424
f 6254//6423 6253//6422 6249//6416 6252//6419
f 6255//6425 6256//6426 2837//2845 2840//2848
f 2777//2784 6193//6360 6255//6425 2840//2848
f 6189//6356 6257//6427 6255//6425 6193//6360
f 6256//6426 6255//6425 6257//6427 6258//6428
f 6258//6428 6257//6427 6259//6429 6260//6430
f 6188//6355 6259//6429 6257//6427 6189//6356
f 6261//6431 6259//6429 6188//6355 6187//6354
f 6260//6430 6259//6429 6261//6431 6262//6432
f 6203//6370 6200//6367 6263//6433 6264//6434
f 6173//6340 6263//6433 6200//6367 6174//6341
f 6166//6333 6265//6435 6263//6433 6173//6340
f 6264//6434 6263//6433 6265//6435 6266//6436
f 6262//6432 6261//6431 6267//6437 6268//6438
f 6202//6369 6267//6437 6261//6431 6187//6354
f 6203//6370 6264//6434 6267//6437 6202//6369
f 6268//6438 6267//6437 6264//6434 6266//6436
f 6265//6435 6269//6439 6270//6440 6266//6436
f 6169//6336 6269//6439 6265//6435 6166//6333
f 6271//6441 6269//6439 6169//6336 6170//6337
f 6272//6442 6270//6440 6269//6439 6271//6441
f 6273//6443 6274//6444 6275//6445 6276//6446
f 6277//6447 6275//6445 6274//6444 6278//6448
f 6279//6449 6280//6450 6275//6445 6277//6447
f 6276//6446 6275//6445 6280//6450 6281//6451
f 6258//6428 6282//6452 6283//6453 6256//6426
f 6284//6454 6285//6455 6283//6453 6282//6452
f 2869//2877 2868//2876 6283//6453 6285//6455
f 6283//6453 2868//2876 2837//2845 6256//6426
f 6258//6428 6260//6430 6286//6456 6282//6452
f 6287//6457 6286//6456 6260//6430 6262//6432
f 6288//6458 6289//6459 6286//6456 6287//6457
f 6282//6452 6286//6456 6289//6459 6284//6454
f 6262//6432 6268//6438 6290//6460 6287//6457
f 6291//6461 6290//6460 6268//6438 6266//6436
f 6292//6462 6293//6463 6290//6460 6291//6461
f 6287//6457 6290//6460 6293//6463 6288//6458
f 6266//6436 6270//6440 6294//6464 6291//6461
f 6295//6465 6294//6464 6270//6440 6272//6442
f 6296//6466 6297//6467 6294//6464 6295//6465
f 6291//6461 6294//6464 6297//6467 6292//6462
f 6272//6442 6298//6468 6299//6469 6295//6465
f 6300//6470 6299//6469 6298//6468 6301//6471
f 6302//6472 6303//6473 6299//6469 6300//6470
f 6295//6465 6299//6469 6303//6473 6296//6466
f 6301//6471 6304//6474 6305//6475 6300//6470
f 6306//6476 6305//6475 6304//6474 6307//6477
f 6308//6478 6309//6479 6305//6475 6306//6476
f 6300//6470 6305//6475 6309//6479 6302//6472
f 6281//6451 6310//6480 6311//6481 6276//6446
f 6312//6482 6311//6481 6310//6480 6313//6483
f 6314//6484 6315//6485 6311//6481 6312//6482
f 6276//6446 6311//6481 6315//6485 6273//6443
f 6313//6483 6316//6486 6317//6487 6312//6482
f 6318//6488 6317//6487 6316//6486 6319//6489
f 6320//6490 6321//6491 6317//6487 6318//6488
f 6312//6482 6317//6487 6321//6491 6314//6484
f 6319//6489 6322//6492 6323//6493 6318//6488
f 2912//2920 6323//6493 6322//6492 2913//2921
f 2911//2919 6324//6494 6323//6493 2912//2920
f 6318//6488 6323//6493 6324//6494 6320//6490
f 6307//6477 6325//6495 6326//6496 6306//6476
f 6277//6447 6326//6496 6325//6495 6279//6449
f 6278//6448 6327//6497 6326//6496 6277//6447
f 6306//6476 6326//6496 6327//6497 6308//6478
f 7592//6498 7594//6499 6328//6500 6329//6501
f 6308//6478 6327//6497 6328//6500 6330//6502
f 6329//6501 6328//6500 6327//6497 6278//6448
f 6320//6490 6324//6494 6331//6503 6332//6504
f 2922//2936 6331//6503 6324//6494 2911//2919
f 7593//2935 7556//6505 6331//6503 2922//2936
f 6314//6484 6321//6491 6333//6506 6334//6507
f 6332//6504 6333//6506 6321//6491 6320//6490
f 7562//6508 7575//6509 6333//6506 6332//6504
f 6334//6507 6335//6510 6315//6485 6314//6484
f 7579//6511 7557//6512 6335//6510 6334//6507
f 6273//6443 6315//6485 6335//6510 6336//6513
f 7564//6514 7591//6515 6337//6516 6336//6513
f 6278//6448 6274//6444 6337//6516 6329//6501
f 6336//6513 6337//6516 6274//6444 6273//6443
f 6302//6472 6309//6479 6338//6517 6339//6518
f 6330//6502 6338//6517 6309//6479 6308//6478
f 7583//6519 7584//6520 6338//6517 6330//6502
f 6296//6466 6303//6473 6340//6521 6341//6522
f 6339//6518 6340//6521 6303//6473 6302//6472
f 7588//6523 7565//6524 6340//6521 6339//6518
f 6292//6462 6297//6467 6342//6525 6343//6526
f 6341//6522 6342//6525 6297//6467 6296//6466
f 7569//6527 7585//6528 6342//6525 6341//6522
f 6288//6458 6293//6463 6344//6529 6345//6530
f 6343//6526 6344//6529 6293//6463 6292//6462
f 7589//6531 7566//6532 6344//6529 6343//6526
f 6284//6454 6289//6459 6346//6533 6347//6534
f 6345//6530 6346//6533 6289//6459 6288//6458
f 7570//6535 7586//6536 6346//6533 6345//6530
f 6347//6534 6348//6537 6285//6455 6284//6454
f 7590//6538 7567//6539 6348//6537 6347//6534
f 7578//2969 2939//2968 6348//6537 7567//6539
f 6285//6455 6348//6537 2939//2968 2869//2877
f 7487//6540 7474//6541 6350//6542 6351//6543
f 7477//6544 7508//6545 6356//6546 6357//6547
f 7507//6548 7506//6549 6359//6550 6355//6551
f 7501//6552 7500//6553 6365//6554 6362//6555
f 7499//6556 7498//6557 6367//6558 6364//6559
f 7497//6560 7496//6561 6369//6562 6366//6563
f 7495//6564 7494//6565 6371//6566 6368//6567
f 7485//6568 7486//6569 6377//6570 6378//6571
f 6379//6572 6380//6573 6231//6398
f 6381//6574 6379//6572 6228//6395 6229//6396
f 6379//6572 6381//6574 6382//6575
f 6383//6576 6384//6577 6380//6573
f 6386//6578 6385//6579 6387//6580 6388//6581
f 6378//6571 6389//6582 6387//6580 6385//6579
f 6384//6577 6383//6576 6387//6580 6389//6582
f 6383//6576 6382//6575 6388//6581
f 7472//6583 7467//6584 6391//6585 6349//6586
f 7482//6587 7483//6588 6392//6589 6393//6590
f 6393//6590 6392//6589 6394//6591 6395//6592
f 6392//6589 6386//6578 6388//6581
f 6382//6575 6396//6593 6394//6591 6388//6581
f 6395//6592 6394//6591 6396//6593 6397//6594
f 6398//6595 6399//6596 6137//6304
f 6134//6301 6133//6300 6400//6597
f 6401//6598 6402//6599 6398//6595 6400//6597
f 6399//6596 6398//6595 6402//6599 6397//6594
f 6229//6396 6242//6409 6403//6600 6381//6574
f 6399//6596 6403//6600 6242//6409 6137//6304
f 6397//6594 6396//6593 6403//6600 6399//6596
f 6381//6574 6403//6600 6396//6593 6382//6575
f 7479//6601 7481//6602 6404//6603 6405//6604
f 6406//6605 6407//6606 6405//6604
f 6395//6592 6406//6605 6404//6603 6393//6590
f 6397//6594 6402//6599 6406//6605 6395//6592
f 6407//6606 6406//6605 6402//6599 6401//6598
f 6409//6607 6410//6608 6411//6609 6412//6610
f 6413//6611 6411//6609 6410//6608 6414//6612
f 6415//6613 6416//6614 6411//6609 6413//6611
f 6412//6610 6411//6609 6416//6614 6417//6615
f 6351//6543 6350//6542 6418//6616 6419//6617
f 6420//6618 6418//6616 6350//6542 6349//6586
f 6414//6612 6410//6608 6418//6616 6420//6618
f 6419//6617 6418//6616 6410//6608 6409//6607
f 3819//3973 6222//6389 6421//6619 6422//6620
f 6230//6397 6421//6619 6222//6389 6223//6390
f 6231//6398 6423//6621 6421//6619 6230//6397
f 6422//6620 6421//6619 6423//6621 6417//6615
f 6417//6615 6423//6621 6424//6622 6412//6610
f 6380//6573 6424//6622 6423//6621 6231//6398
f 6384//6577 6425//6623 6424//6622 6380//6573
f 6412//6610 6424//6622 6425//6623 6409//6607
f 3824//3978 3820//3974 6426//6624 6427//6625
f 6422//6620 6426//6624 3820//3974 3819//3973
f 6417//6615 6416//6614 6426//6624 6422//6620
f 6427//6625 6426//6624 6416//6614 6415//6613
f 6428//6626 6429//6627 6430//6628
f 6430//6628 6133//6300 6143//6310
f 6431//6629 6143//6310 6142//6309
f 6152//6319 6157//6324 6428//6626
f 6378//6571 6377//6570 6432//6630 6389//6582
f 6419//6617 6432//6630 6377//6570 6351//6543
f 6409//6607 6425//6623 6432//6630 6419//6617
f 6425//6623 6384//6577 6389//6582
f 6433//6631 6434//6632 6401//6598
f 6430//6628 6433//6631 6400//6597 6133//6300
f 6433//6631 6430//6628 6429//6627
f 6434//6632 6433//6631 6435//6633 6436//6634
f 6436//6634 6437//6635 6438//6636 6434//6632
f 6408//6637 6438//6636 6437//6635 6353//6638
f 6438//6636 6408//6637 6405//6604
f 6434//6632 6438//6636 6407//6606 6401//6598
f 6439//6639 6440//6640 6429//6627
f 6161//6328 6439//6639 6428//6626 6157//6324
f 6441//6641 6439//6639 6161//6328 6160//6327
f 6441//6641 6442//6642 6440//6640
f 6436//6634 6435//6633 6443//6643 6444//6644
f 6435//6633 6429//6627 6440//6640
f 6442//6642 6445//6645 6443//6643 6440//6640
f 6444//6644 6443//6643 6445//6645 6446//6646
f 6447//6647 6448//6648 6449//6649 6450//6650
f 6376//6651 6447//6647 6450//6650 6375//6652
f 6354//6653 6451//6654 6447//6647 6376//6651
f 6448//6648 6447//6647 6451//6654 6446//6646
f 6446//6646 6451//6654 6452//6655 6444//6644
f 6352//6656 6452//6655 6451//6654 6354//6653
f 6353//6638 6437//6635 6452//6655 6352//6656
f 6444//6644 6452//6655 6437//6635 6436//6634
f 6442//6642 6441//6641 6453//6657 6454//6658
f 6195//6362 6453//6657 6441//6641 6160//6327
f 6453//6657 6195//6362 6199//6366
f 6454//6658 6453//6657 6455//6659 6456//6660
f 6446//6646 6445//6645 6457//6661 6448//6648
f 6454//6658 6457//6661 6445//6645 6442//6642
f 6458//6662 6457//6661 6454//6658 6456//6660
f 6457//6661 6458//6662 6449//6649 6448//6648
f 6176//6343 6164//6331 6165//6332
f 6459//6663 6165//6332 6107//6274
f 6460//6664 6461//6665 6462//6666
f 6459//6663 6462//6666 6180//6347
f 6456//6660 6455//6659 6463//6667 6464//6668
f 6207//6374 6463//6667 6455//6659 6199//6366
f 6462//6666 6463//6667 6207//6374 6180//6347
f 6461//6665 6464//6668 6463//6667 6462//6666
f 6449//6649 6458//6662 6465//6669 6466//6670
f 6464//6668 6465//6669 6458//6662 6456//6660
f 6467//6671 6465//6669 6464//6668 6461//6665
f 6468//6672 6466//6670 6465//6669 6467//6671
f 6469//6673 6470//6674 6370//6675 6372//6676
f 6373//6677 6471//6678 6469//6673 6372//6676
f 6468//6672 6472//6679 6469//6673 6471//6678
f 6470//6674 6469//6673 6472//6679 6473//6680
f 6471//6678 6474//6681 6466//6670 6468//6672
f 6374//6682 6474//6681 6471//6678 6373//6677
f 6375//6652 6450//6650 6474//6681 6374//6682
f 6449//6649 6466//6670 6474//6681 6450//6650
f 6475//6683 6476//6684 6477//6685 6478//6686
f 6460//6664 6477//6685 6476//6684 6461//6665
f 6107//6274 6104//6271 6477//6685 6460//6664
f 6478//6686 6477//6685 6104//6271 6103//6270
f 6473//6680 6472//6679 6479//6687 6480//6688
f 6467//6671 6479//6687 6472//6679 6468//6672
f 6479//6687 6467//6671 6461//6665
f 6480//6688 6479//6687 6476//6684 6475//6683
f 6368//6567 6371//6566 6481//6689 6482//6690
f 6470//6674 6481//6689 6371//6566 6370//6675
f 6473//6680 6483//6691 6481//6689 6470//6674
f 6482//6690 6481//6689 6483//6691 6484//6692
f 6485//6693 6486//6694 6487//6695 6488//6696
f 6486//6694 6475//6683 6478//6686
f 6103//6270 6109//6276 6487//6695 6478//6686
f 6488//6696 6487//6695 6109//6276 6112//6279
f 6484//6692 6483//6691 6489//6697 6490//6698
f 6480//6688 6489//6697 6483//6691 6473//6680
f 6475//6683 6486//6694 6489//6697 6480//6688
f 6486//6694 6485//6693 6490//6698
f 6366//6563 6369//6562 6491//6699 6492//6700
f 6482//6690 6491//6699 6369//6562 6368//6567
f 6484//6692 6493//6701 6491//6699 6482//6690
f 6493//6701 6494//6702 6492//6700
f 6495//6703 6496//6704 6497//6705
f 6488//6696 6495//6703 6498//6706 6485//6693
f 6112//6279 6113//6280 6495//6703 6488//6696
f 6116//6283 6496//6704 6495//6703 6113//6280
f 6494//6702 6493//6701 6499//6707 6500//6708
f 6493//6701 6484//6692 6490//6698
f 6499//6707 6490//6698 6485//6693
f 6500//6708 6499//6707 6498//6706 6497//6705
f 6364//6559 6367//6558 6501//6709 6502//6710
f 6367//6558 6366//6563 6492//6700
f 6494//6702 6503//6711 6501//6709 6492//6700
f 6502//6710 6501//6709 6503//6711 6504//6712
f 6497//6705 6496//6704 6505//6713 6506//6714
f 6505//6713 6496//6704 6116//6283
f 6124//6291 6507//6715 6505//6713 6131//6298
f 6506//6714 6505//6713 6507//6715 6508//6716
f 6504//6712 6503//6711 6509//6717 6510//6718
f 6500//6708 6509//6717 6503//6711 6494//6702
f 6497//6705 6506//6714 6509//6717 6500//6708
f 6508//6716 6510//6718 6509//6717 6506//6714
f 6362//6555 6365//6554 6511//6719 6512//6720
f 6502//6710 6511//6719 6365//6554 6364//6559
f 6504//6712 6513//6721 6511//6719 6502//6710
f 6512//6720 6511//6719 6513//6721 6514//6722
f 6508//6716 6507//6715 6515//6723 6516//6724
f 6123//6290 6515//6723 6507//6715 6124//6291
f 6120//6287 6517//6725 6515//6723 6123//6290
f 6516//6724 6515//6723 6517//6725 6518//6726
f 6513//6721 6504//6712 6510//6718
f 6516//6724 6519//6727 6510//6718 6508//6716
f 6519//6727 6516//6724 6518//6726
f 6514//6722 6513//6721 6519//6727 6520//6728
f 6361//6729 6363//6730 6521//6731 6522//6732
f 6512//6720 6521//6731 6363//6730 6362//6555
f 6514//6722 6523//6733 6521//6731 6512//6720
f 6522//6732 6521//6731 6523//6733 6524//6734
f 6525//6735 6526//6736 6527//6737 6528//6738
f 6517//6725 6527//6737 6526//6736 6518//6726
f 6120//6287 6117//6284 6527//6737 6517//6725
f 6528//6738 6527//6737 6117//6284 6098//6265
f 6524//6734 6523//6733 6529//6739 6530//6740
f 6520//6728 6529//6739 6523//6733 6514//6722
f 6518//6726 6526//6736 6529//6739 6520//6728
f 6530//6740 6529//6739 6526//6736 6525//6735
f 6531//6741 6532//6742 6533//6743 6534//6744
f 6360//6745 6532//6742 6531//6741 6358//6746
f 6361//6729 6522//6732 6532//6742 6360//6745
f 6524//6734 6533//6743 6532//6742 6522//6732
f 6535//6747 6536//6748 6537//6749 6538//6750
f 6528//6738 6537//6749 6536//6748 6525//6735
f 6098//6265 6095//6262 6537//6749 6528//6738
f 6538//6750 6537//6749 6095//6262 6090//6257
f 6534//6744 6533//6743 6539//6751 6540//6752
f 6530//6740 6539//6751 6533//6743 6524//6734
f 6525//6735 6536//6748 6539//6751 6530//6740
f 6540//6752 6539//6751 6536//6748 6535//6747
f 6355//6551 6359//6550 6541//6753 6542//6754
f 6531//6741 6541//6753 6359//6550 6358//6746
f 6534//6744 6543//6755 6541//6753 6531//6741
f 6542//6754 6541//6753 6543//6755 6544//6756
f 6545//6757 6546//6758 6547//6759 6548//6760
f 6538//6750 6547//6759 6546//6758 6535//6747
f 6090//6257 6086//6253 6547//6759 6538//6750
f 6086//6253 6085//6252 6548//6760
f 6544//6756 6543//6755 6549//6761 6550//6762
f 6540//6752 6549//6761 6543//6755 6534//6744
f 6535//6747 6546//6758 6549//6761 6540//6752
f 6550//6762 6549//6761 6546//6758 6545//6757
f 6551//6763 6552//6764 6553//6765 6554//6766
f 6356//6546 6553//6765 6552//6764 6357//6547
f 6355//6551 6542//6754 6553//6765 6356//6546
f 6554//6766 6553//6765 6542//6754 6544//6756
f 6544//6756 6550//6762 6555//6767 6554//6766
f 6545//6757 6556//6768 6555//6767 6550//6762
f 6557//6769 6558//6770 6555//6767 6556//6768
f 6554//6766 6555//6767 6558//6770 6551//6763
f 6559//6771 6560//6772 6561//6773
f 6562//6774 6085//6252 6088//6255
f 6559//6771 6088//6255 6080//6247
f 6560//6772 6559//6771 6077//6244 6078//6245
f 6556//6768 6563//6775 6564//6776 6557//6769
f 6548//6760 6563//6775 6556//6768 6545//6757
f 6085//6252 6562//6774 6563//6775 6548//6760
f 6562//6774 6561//6773 6564//6776
f 6078//6245 6074//6241 6565//6777
f 6074//6241 6073//6240 6566//6778
f 6567//6779 6568//6780 6565//6777 6566//6778
f 6569//6781 6565//6777 6568//6780 6570//6782
f 6571//6783 6572//6784 6573//6785
f 6560//6772 6574//6786 6573//6785 6561//6773
f 6574//6786 6560//6772 6078//6245
f 6574//6786 6569//6781 6570//6782
f 6575//6787 6576//6788 6577//6789 6578//6790
f 6420//6618 6577//6789 6576//6788 6414//6612
f 6349//6586 6391//6585 6577//6789 6420//6618
f 6578//6790 6577//6789 6391//6585 6390//6791
f 7464//6792 7473//6793 6580//6794 6390//6791
f 7471//6795 7468//6796 6582//6797 6579//6798
f 7476//6799 7477//6544 6357//6547 6583//6800
f 7475//6801 7476//6799 6583//6800 6584//6802
f 7465//6803 7466//6804 6585//6805 6581//6806
f 6586//6807 6587//6808 6588//6809 6589//6810
f 6583//6800 6588//6809 6587//6808 6584//6802
f 6357//6547 6552//6764 6588//6809 6583//6800
f 6589//6810 6588//6809 6552//6764 6551//6763
f 6572//6784 6571//6783 6590//6811 6591//6812
f 6592//6813 6590//6811 6571//6783 6570//6782
f 6593//6814 6594//6815 6590//6811 6592//6813
f 6590//6811 6594//6815 6595//6816
f 6593//6814 6596//6817 6597//6818 6594//6815
f 6598//6819 6597//6818 6596//6817 6599//6820
f 6586//6807 6600//6821 6597//6818 6598//6819
f 6594//6815 6597//6818 6600//6821 6595//6816
f 6601//6822 6602//6823 6557//6769
f 6573//6785 6601//6822 6564//6776 6561//6773
f 6572//6784 6591//6812 6601//6822 6573//6785
f 6602//6823 6601//6822 6591//6812 6595//6816
f 6551//6763 6558//6770 6603//6824 6589//6810
f 6602//6823 6603//6824 6558//6770 6557//6769
f 6595//6816 6600//6821 6603//6824 6602//6823
f 6589//6810 6603//6824 6600//6821 6586//6807
f 6604//6825 6605//6826 6606//6827 6607//6828
f 6604//6825 6608//6829 6609//6830
f 6609//6830 3815//3969 3823//3977
f 3824//3978 6606//6827 6605//6826 3823//3977
f 6610//6831 6611//6832 6612//6833 6613//6834
f 6610//6831 6608//6829 6604//6825
f 6607//6828 6614//6835 6611//6832 6604//6825
f 6614//6835 6615//6836 6612//6833
f 6607//6828 6606//6827 6616//6837 6617//6838
f 6427//6625 6616//6837 6606//6827 3824//3978
f 6415//6613 6618//6839 6616//6837 6427//6625
f 6617//6838 6616//6837 6618//6839 6619//6840
f 6619//6840 6618//6839 6620//6841 6621//6842
f 6413//6611 6620//6841 6618//6839 6415//6613
f 6414//6612 6576//6788 6620//6841 6413//6611
f 6621//6842 6620//6841 6576//6788 6575//6787
f 6575//6787 6578//6790 6622//6843 6623//6844
f 6390//6791 6580//6794 6622//6843 6578//6790
f 6624//6845 6622//6843 6580//6794 6579//6798
f 6623//6844 6622//6843 6624//6845 6625//6846
f 6615//6836 6614//6835 6626//6847 6627//6848
f 6617//6838 6626//6847 6614//6835 6607//6828
f 6619//6840 6628//6849 6626//6847 6617//6838
f 6627//6848 6626//6847 6628//6849 6629//6850
f 6619//6840 6621//6842 6630//6851 6628//6849
f 6623//6844 6630//6851 6621//6842 6575//6787
f 6625//6846 6631//6852 6630//6851 6623//6844
f 6628//6849 6630//6851 6631//6852 6629//6850
f 6632//6853 6633//6854 6634//6855 6635//6856
f 3860//4028 6634//6855 6633//6854 3857//4025
f 3865//4033 6635//6856 6634//6855 3860//4028
f 3978//4146 3974//4142 6636//6857 6637//6858
f 3967//4135 6636//6857 3974//4142 3969//4137
f 3764//3908 6638//6859 6636//6857 3967//4135
f 6637//6858 6636//6857 6638//6859 6639//6860
f 6640//6861 6641//6862 6642//6863 6643//6864
f 6635//6856 6642//6863 6641//6862 6632//6853
f 3865//4033 6210//6377 6642//6863 6635//6856
f 6643//6864 6642//6863 6210//6377 3874//4042
f 6640//6861 6643//6864 6644//6865 6645//6866
f 3873//4041 6644//6865 6643//6864 3874//4042
f 3877//4045 6646//6867 6644//6865 3873//4041
f 6647//6868 6645//6866 6644//6865 6646//6867
f 3764//3908 3762//3906 6648//6869 6638//6859
f 3807//3961 6648//6869 3762//3906 3747//3891
f 6649//6870 6648//6869 3807//3961 3806//3960
f 6638//6859 6648//6869 6649//6870 6639//6860
f 6639//6860 6649//6870 6650//6871 6651//6872
f 6652//6873 6650//6871 6649//6870 3806//3960
f 6653//6874 6654//6875 6650//6871 6652//6873
f 6651//6872 6650//6871 6654//6875 6655//6876
f 6656//6877 6657//6878 6640//6861
f 6658//6879 6656//6877 6645//6866 6647//6868
f 6655//6876 6654//6875 6656//6877 6658//6879
f 6657//6878 6656//6877 6654//6875 6653//6874
f 3828//3984 3827//3983 6659//6880 6660//6881
f 6070//6237 6659//6880 3827//3983 3781//3925
f 6072//6239 6661//6882 6659//6880 6070//6237
f 6660//6881 6659//6880 6661//6882 6662//6883
f 3832//3988 3831//3987 6663//6884 6664//6885
f 6660//6881 6663//6884 3831//3987 3828//3984
f 6662//6883 6665//6886 6663//6884 6660//6881
f 6664//6885 6663//6884 6665//6886 6666//6887
f 6667//6888 6668//6889 6669//6890 6670//6891
f 6669//6890 6668//6889 3836//3996
f 6664//6885 6669//6890 3835//3995 3832//3988
f 6666//6887 6670//6891 6669//6890 6664//6885
f 6670//6891 6671//6892 6672//6893 6667//6888
f 6673//6894 6671//6892 6670//6891 6666//6887
f 6674//6895 6675//6896 6671//6892 6673//6894
f 6672//6893 6671//6892 6675//6896 6676//6897
f 6677//6898 6678//6899 6675//6896 6674//6895
f 6141//6308 6140//6307 6678//6899 6677//6898
f 6679//6900 6678//6899 6140//6307 6139//6306
f 6675//6896 6678//6899 6679//6900 6676//6897
f 6680//6901 6681//6902 6682//6903
f 3839//3999 6680//6901 6683//6904 3840//4000
f 6680//6901 3839//3999 3836//3996
f 6668//6889 6667//6888 6681//6902
f 6667//6888 6672//6893 6684//6905 6681//6902
f 6685//6906 6684//6905 6672//6893 6676//6897
f 6684//6905 6685//6906 6686//6907
f 6687//6908 6682//6903 6681//6902
f 6676//6897 6679//6900 6688//6909 6685//6906
f 6239//6406 6688//6909 6679//6900 6139//6306
f 6688//6909 6239//6406 6238//6405
f 6689//6910 6686//6907 6685//6906
f 6690//6911 6691//6912 6692//6913 6693//6914
f 6236//6403 6692//6913 6691//6912 6237//6404
f 6236//6403 3862//4030 6694//6915
f 6693//6914 6692//6913 6694//6915 6695//6916
f 6254//6423 6696//6917 6697//6918 3845//4010
f 6252//6419 6698//6919 6696//6917 6254//6423
f 6699//6920 6696//6917 6698//6919 6700//6921
f 6701//6922 6697//6918 6696//6917 6699//6920
f 6699//6920 6700//6921 6702//6923
f 6690//6911 6693//6914 6703//6924 6702//6923
f 6695//6916 6704//6925 6703//6924 6693//6914
f 6699//6920 6703//6924 6704//6925 6701//6922
f 3850//4017 3849//4016 6705//6926 3856//4024
f 6706//6927 6705//6926 3849//4016 3846//4011
f 6707//6928 6708//6929 6705//6926 6706//6927
f 3856//4024 6705//6926 6708//6929 3853//4021
f 6707//6928 6706//6927 6709//6930 6710//6931
f 3844//4009 6709//6930 6706//6927 3846//4011
f 3845//4010 6697//6918 6709//6930 3844//4009
f 6710//6931 6709//6930 6697//6918 6701//6922
f 6711//6932 6712//6933 6713//6934 6714//6935
f 6712//6933 6647//6868 6646//6867
f 6646//6867 3877//4045 3891//4059
f 6713//6934 3891//4059 3894//4062
f 6715//6936 6716//6937 6717//6938 6718//6939
f 6658//6879 6717//6938 6716//6937 6655//6876
f 6717//6938 6658//6879 6647//6868
f 6718//6939 6717//6938 6712//6933 6711//6932
f 3978//4146 6637//6858 6719//6940 6720//6941
f 6637//6858 6639//6860 6651//6872
f 6719//6940 6651//6872 6655//6876
f 6720//6941 6719//6940 6716//6937 6715//6936
f 6721//6942 6722//6943 6723//6944 6724//6945
f 6725//6946 6723//6944 6722//6943 6726//6947
f 6723//6944 6725//6946 4335//4502
f 6723//6944 6727//6948 6728//6949
f 4335//4502 4333//4500 6729//6950 6727//6948
f 4129//4297 6729//6950 4333//4500 4130//4298
f 4128//4296 6730//6951 6729//6950 4129//4297
f 6727//6948 6729//6950 6730//6951 6728//6949
f 6731//6952 6732//6953 6733//6954
f 6731//6952 6734//6955 3951//4119
f 6731//6952 3953//4121 3952//4120
f 6732//6953 6731//6952 6735//6956 6736//6957
f 4284//4452 4283//4451 6737//6958 6738//6959
f 6739//6960 6737//6958 4283//4451 4266//4434
f 6737//6958 6739//6960 6740//6961
f 6738//6959 6737//6958 6741//6962 6742//6963
f 6743//6964 6744//6965 6730//6951 4128//4296
f 6745//6966 6744//6965 6743//6964 6742//6963
f 6730//6951 6744//6965 6745//6966 6728//6949
f 6746//6967 6747//6968 6748//6969 6749//6970
f 6745//6966 6746//6967 6749//6970 6728//6949
f 6742//6963 6750//6971 6746//6967 6745//6966
f 6747//6968 6746//6967 6750//6971 6751//6972
f 6752//6973 6743//6964 4128//4296
f 4127//4295 4126//4294 4299//4467
f 6738//6959 6752//6973 4299//4467 4284//4452
f 6743//6964 6752//6973 6738//6959 6742//6963
f 3878//4046 3888//4056 6753//6974 3946//4114
f 6754//6975 6753//6974 3888//4056 3890//4058
f 6755//6976 6756//6977 6753//6974 6754//6975
f 3946//4114 6753//6974 6756//6977 3947//4115
f 3889//4057 6757//6978 6758//6979 3890//4058
f 6759//6980 6757//6978 3889//4057 3886//4054
f 6748//6969 6747//6968 6757//6978 6759//6980
f 6751//6972 6758//6979 6757//6978 6747//6968
f 3890//4058 6758//6979 6760//6981 6754//6975
f 6758//6979 6751//6972 6761//6982
f 6762//6983 6763//6984 6760//6981 6761//6982
f 6763//6984 6755//6976 6754//6975
f 6764//6985 6765//6986 6736//6957
f 3957//4125 6764//6985 6735//6956 3952//4120
f 3947//4115 6756//6977 6764//6985 3957//4125
f 6765//6986 6764//6985 6756//6977 6755//6976
f 6766//6987 6767//6988 6768//6989 6769//6990
f 6767//6988 6733//6954 6770//6991
f 6771//6992 6768//6989 6770//6991 6772//6993
f 6773//6994 6769//6990 6768//6989 6771//6992
f 6774//6995 6761//6982 6751//6972
f 6741//6962 6774//6995 6750//6971 6742//6963
f 6740//6961 6775//6996 6774//6995 6741//6962
f 6761//6982 6774//6995 6775//6996 6762//6983
f 6772//6993 6776//6997 6777//6998 6771//6992
f 3988//4156 6777//6998 6776//6997 3989//4157
f 6777//6998 3988//4156 3979//4147
f 6778//6999 6773//6994 6771//6992
f 6766//6987 6779//7000 6780//7001 6781//7002
f 6779//7000 6711//6932 6714//6935
f 3894//4062 3900//4068 6780//7001 6714//6935
f 6781//7002 6780//7001 3900//4068 3899//4067
f 6773//6994 6782//7003 6783//7004 6769//6990
f 6718//6939 6783//7004 6782//7003 6715//6936
f 6711//6932 6779//7000 6783//7004 6718//6939
f 6779//7000 6766//6987 6769//6990
f 3899//4067 3949//4117 6784//7005 6781//7002
f 3951//4119 6734//6955 6784//7005 3949//4117
f 6784//7005 6734//6955 6733//6954
f 6781//7002 6784//7005 6767//6988 6766//6987
f 6762//6983 6775//6996 6785//7006 6786//7007
f 6775//6996 6740//6961 6787//7008
f 6788//7009 6789//7010 6785//7006 6787//7008
f 6786//7007 6785//7006 6789//7010 6790//7011
f 6778//6999 3979//4147 3977//4145
f 6791//7012 3977//4145 3978//4146
f 6715//6936 6782//7003 6791//7012 6720//6941
f 6778//6999 6791//7012 6782//7003 6773//6994
f 6792//7013 6786//7007 6790//7011
f 6765//6986 6792//7013 6793//7014 6736//6957
f 6755//6976 6763//6984 6792//7013 6765//6986
f 6763//6984 6762//6983 6786//7007
f 3991//4159 3990//4158 6794//7015 4006//4174
f 6795//7016 6794//7015 3990//4158 3989//4157
f 6788//7009 6796//7017 6794//7015 6795//7016
f 4006//4174 6794//7015 6796//7017 4007//4175
f 3989//4157 6776//6997 6797//7018 6795//7016
f 6798//7019 6797//7018 6776//6997 6772//6993
f 6790//7011 6789//7010 6797//7018 6798//7019
f 6795//7016 6797//7018 6789//7010 6788//7009
f 6799//7020 6787//7008 6740//6961 6739//6960
f 4266//4434 4265//4433 6799//7020 6739//6960
f 4007//4175 6796//7017 6799//7020 4265//4433
f 6787//7008 6799//7020 6796//7017 6788//7009
f 6800//7021 6798//7019 6772//6993
f 6732//6953 6800//7021 6770//6991 6733//6954
f 6800//7021 6732//6953 6736//6957
f 6798//7019 6800//7021 6793//7014 6790//7011
f 6801//7022 6802//7023 6803//7024
f 6804//7025 6567//6779 6566//6778
f 6801//7022 6566//6778 6073//6240
f 6805//7026 6806//7027 6802//7023
f 6807//7028 6808//7029 6809//7030
f 6802//7023 6807//7028 6810//7031 6803//7024
f 6806//7027 6811//7032 6807//7028 6802//7023
f 6811//7032 6812//7033 6808//7029
f 6813//7034 6814//7035 4362//4529
f 6813//7034 4361//4528 4366//4533
f 6815//7036 6809//7030 6808//7029
f 6813//7034 6808//7029 6812//7033
f 3418//3548 3421//3551 6816//7037 6817//7038
f 823//827 4352//4519 6816//7037 3421//3551
f 4368//4535 6816//7037 4352//4519 4354//4521
f 4370//4537 6817//7038 6816//7037 4368//4535
f 6818//7039 6819//7040 6812//7033
f 6820//7041 6818//7039 6811//7032 6806//7027
f 6821//7042 6822//7043 6818//7039 6820//7041
f 6819//7040 6818//7039 6822//7043 6823//7044
f 6824//7045 6825//7046 4370//4537
f 6814//7035 6824//7045 4369//4536 4362//4529
f 6812//7033 6819//7040 6824//7045 6814//7035
f 6823//7044 6825//7046 6824//7045 6819//7040
f 6806//7027 6805//7026 6826//7047 6820//7041
f 6076//6243 6826//7047 6805//7026 6073//6240
f 6081//6248 6827//7048 6826//7047 6076//6243
f 6820//7041 6826//7047 6827//7048 6821//7042
f 2647//2654 3438//3568 6828//7049 6084//6251
f 6829//7050 6828//7049 3438//3568 3440//3570
f 6821//7042 6827//7048 6828//7049 6829//7050
f 6084//6251 6828//7049 6827//7048 6081//6248
f 3440//3570 3442//3572 6830//7051 6829//7050
f 6831//7052 6830//7051 3442//3572 3444//3574
f 6830//7051 6831//7052 6823//7044
f 6829//7050 6830//7051 6822//7043 6821//7042
f 3444//3574 3446//3576 6832//7053 6831//7052
f 6817//7038 6832//7053 3446//3576 3418//3548
f 4370//4537 6825//7046 6832//7053 6817//7038
f 6831//7052 6832//7053 6825//7046 6823//7044
f 6058//6225 6057//6224 6833//7054 6834//7055
f 6835//7056 6833//7054 6057//6224 6052//6219
f 6836//7057 6837//7058 6833//7054 6835//7056
f 6837//7058 6838//7059 6834//7055
f 2913//2921 6322//6492 6839//7060 3453//3583
f 6840//7061 6839//7060 6322//6492 6319//6489
f 6841//7062 6842//7063 6839//7060 6840//7061
f 3453//3583 6839//7060 6842//7063 3455//3585
f 6843//7064 6844//7065 6845//7066
f 6846//7067 6843//7064 6847//7068 6848//7069
f 6313//6483 6310//6480 6843//7064 6846//7067
f 6844//7065 6843//7064 6310//6480 6281//6451
f 6849//7070 6850//7071 6838//7059
f 6837//7058 6836//7057 6851//7072
f 6849//7070 6851//7072 6848//7069
f 6850//7071 6849//7070 6847//7068 6845//7066
f 6852//7073 6853//7074 6854//7075 6855//7076
f 6050//6217 6049//6216 6853//7074 6852//7073
f 2609//2615 3473//3603 6853//7074 6049//6216
f 6854//7075 6853//7074 3473//3603 3472//3602
f 6319//6489 6316//6486 6856//7077 6840//7061
f 6846//7067 6856//7077 6316//6486 6313//6483
f 6848//7069 6857//7078 6856//7077 6846//7067
f 6840//7061 6856//7077 6857//7078 6841//7062
f 3472//3602 3477//3607 6858//7079 6854//7075
f 3455//3585 6842//7063 6858//7079 3477//3607
f 6859//7080 6858//7079 6842//7063 6841//7062
f 6855//7076 6854//7075 6858//7079 6859//7080
f 6857//7078 6860//7081 6859//7080 6841//7062
f 6857//7078 6848//7069 6851//7072
f 6860//7081 6851//7072 6836//7057
f 6855//7076 6859//7080 6860//7081 6861//7082
f 6862//7083 6835//7056 6052//6219
f 6051//6218 6050//6217 6852//7073
f 6861//7082 6862//7083 6852//7073 6855//7076
f 6861//7082 6836//7057 6835//7056
f 6863//7084 6864//7085 6865//7086 6866//7087
f 6864//7085 6845//7066 6844//7065
f 6865//7086 6844//7065 6281//6451
f 6866//7087 6865//7086 6280//6450 6279//6449
f 6867//7088 6868//7089 6869//7090 6870//7091
f 6868//7089 6838//7059 6850//7071
f 6869//7090 6850//7071 6845//7066
f 6864//7085 6863//7084 6870//7091
f 6066//6233 6065//6232 6871//7092 6872//7093
f 6873//7094 6871//7092 6065//6232 6064//6231
f 6871//7092 6873//7094 6867//7088
f 6872//7093 6871//7092 6874//7095 6875//7096
f 6876//7097 6873//7094 6064//6231
f 6063//6230 6058//6225 6834//7055
f 6876//7097 6834//7055 6838//7059
f 6868//7089 6867//7088 6873//7094
f 6877//7098 6878//7099 6879//7100 6880//7101
f 6866//7087 6879//7100 6878//7099 6863//7084
f 6279//6449 6325//6495 6879//7100 6866//7087
f 6880//7101 6879//7100 6325//6495 6307//6477
f 6875//7096 6874//7095 6881//7102 6882//7103
f 6870//7091 6881//7102 6874//7095 6867//7088
f 6863//7084 6878//7099 6881//7102 6870//7091
f 6882//7103 6881//7102 6878//7099 6877//7098
f 6170//6337 6171//6338 6883//7104 6884//7105
f 6149//6316 6883//7104 6171//6338 6150//6317
f 6148//6315 6885//7106 6883//7104 6149//6316
f 6884//7105 6883//7104 6885//7106 6886//7107
f 6880//7101 6887//7108 6888//7109 6877//7098
f 6307//6477 6304//6474 6887//7108 6880//7101
f 6889//7110 6887//7108 6304//6474 6301//6471
f 6886//7107 6888//7109 6887//7108 6889//7110
f 6301//6471 6298//6468 6890//7111 6889//7110
f 6271//6441 6890//7111 6298//6468 6272//6442
f 6170//6337 6884//7105 6890//7111 6271//6441
f 6889//7110 6890//7111 6884//7105 6886//7107
f 6891//7112 6892//7113 6893//7114 6894//7115
f 6702//6923 6893//7114 6892//7113 6690//6911
f 6700//6921 6895//7116 6893//7114 6702//6923
f 6894//7115 6893//7114 6895//7116 6896//7117
f 6238//6405 6248//6415 6897//7118 6689//6910
f 6898//7119 6897//7118 6248//6415 6246//6413
f 6891//7112 6899//7120 6897//7118 6898//7119
f 6899//7120 6686//6907 6689//6910
f 6252//6419 6251//6418 6900//7121 6901//7122
f 6683//6904 6900//7121 6251//6418 3840//4000
f 6682//6903 6902//7123 6900//7121 6683//6904
f 6901//7122 6900//7121 6902//7123 6896//7117
f 6896//7117 6902//7123 6903//7124 6894//7115
f 6687//6908 6903//7124 6902//7123 6682//6903
f 6686//6907 6899//7120 6903//7124 6687//6908
f 6894//7115 6903//7124 6899//7120 6891//7112
f 6901//7122 6904//7125 6698//6919 6252//6419
f 6896//7117 6895//7116 6904//7125 6901//7122
f 6700//6921 6698//6919 6904//7125 6895//7116
f 6246//6413 6245//6412 6905//7126 6898//7119
f 6245//6412 6237//6404 6691//6912
f 6690//6911 6892//7113 6905//7126 6691//6912
f 6898//7119 6905//7126 6892//7113 6891//7112
f 6632//6853 6641//6862 6906//7127 6907//7128
f 6657//6878 6906//7127 6641//6862 6640//6861
f 6653//6874 6908//7129 6906//7127 6657//6878
f 6907//7128 6906//7127 6908//7129 6909//7130
f 6701//6922 6704//6925 6910//7131 6710//6931
f 6911//7132 6910//7131 6704//6925 6695//6916
f 6912//7133 6910//7131 6911//7132 6913//7134
f 6710//6931 6910//7131 6912//7133 6707//6928
f 3806//3960 3854//4022 6914//7135 6652//6873
f 6915//7136 6914//7135 3854//4022 3853//4021
f 6909//7130 6908//7129 6914//7135 6915//7136
f 6652//6873 6914//7135 6908//7129 6653//6874
f 6916//7137 6915//7136 3853//4021
f 6912//7133 6916//7137 6708//6929 6707//6928
f 6916//7137 6912//7133 6913//7134
f 6915//7136 6916//7137 6917//7138 6909//7130
f 6918//7139 6919//7140 3857//4025
f 6907//7128 6918//7139 6633//6854 6632//6853
f 6909//7130 6917//7138 6918//7139 6907//7128
f 6919//7140 6918//7139 6917//7138 6913//7134
f 3862//4030 3858//4026 6920//7141 6694//6915
f 6919//7140 6920//7141 3858//4026 3857//4025
f 6913//7134 6911//7132 6920//7141 6919//7140
f 6695//6916 6694//6915 6920//7141 6911//7132
f 6673//6894 6921//7142 6922//7143 6674//6895
f 6666//6887 6665//6886 6921//7142 6673//6894
f 6923//7144 6921//7142 6665//6886 6662//6883
f 6922//7143 6921//7142 6923//7144 6924//7145
f 6882//7103 6925//7146 6926//7147 6875//7096
f 6877//7098 6888//7109 6925//7146 6882//7103
f 6927//7148 6925//7146 6888//7109 6886//7107
f 6928//7149 6926//7147 6925//7146 6927//7148
f 6927//7148 6929//7150 6930//7151 6928//7149
f 6886//7107 6885//7106 6929//7150 6927//7148
f 6885//7106 6148//6315 6931//7152
f 6929//7150 6931//7152 6924//7145
f 6924//7145 6931//7152 6932//7153 6922//7143
f 6932//7153 6931//7152 6148//6315
f 6677//6898 6932//7153 6146//6313 6141//6308
f 6674//6895 6922//7143 6932//7153 6677//6898
f 6662//6883 6661//6882 6933//7154 6923//7144
f 6934//7155 6933//7154 6661//6882 6072//6239
f 6933//7154 6934//7155 6928//7149
f 6930//7151 6924//7145 6923//7144
f 6934//7155 6935//7156 6926//7147 6928//7149
f 6935//7156 6934//7155 6072//6239
f 6071//6238 6066//6233 6872//7093
f 6875//7096 6926//7147 6935//7156 6872//7093
f 989//995 6936//7157 6937//7158 988//994
f 6938//7159 6937//7158 6936//7157 973//979
f 902//908 6939//7160 6937//7158 6938//7159
f 988//994 6937//7158 6939//7160 990//996
f 898//904 6940//7161 6939//7160 902//908
f 901//907 6941//7162 6940//7161 898//904
f 1007//1013 6940//7161 6941//7162 1008//1014
f 990//996 6939//7160 6940//7161 1007//1013
f 6942//7163 6941//7162 901//907 916//922
f 919//925 6943//7164 6942//7163 916//922
f 1017//1023 6942//7163 6943//7164 1018//1024
f 6941//7162 6942//7163 1017//1023 1008//1014
f 1060//1066 1065//1071 6944//7165 1059//1065
f 969//975 6944//7165 1065//1071 966//972
f 973//979 6936//7157 6944//7165 969//975
f 1059//1065 6944//7165 6936//7157 989//995
f 1055//1061 1119//1125 6945//7166 1056//1062
f 1127//1133 6945//7166 1119//1125 1120//1126
f 1067//1073 1066//1072 6945//7166 1127//1133
f 1056//1062 6945//7166 1066//1072 1060//1066
f 6946//7167 6947//7168 6948//7169 6949//7170
f 1064//1070 6948//7169 6947//7168 1061//1067
f 1067//1073 1126//1132 6948//7169 1064//1070
f 6949//7170 6948//7169 1126//1132 1125//1131
f 6950//7171 6951//7172 6952//7173 4438//4605
f 6953//7174 6951//7172 6950//7171 4494//4661
f 4513//4680 4512//4679 6951//7172 6953//7174
f 6951//7172 4512//4679 4511//4678 6952//7173
f 4529//4696 6954//7175 6955//7176 4528//4695
f 4433//4600 6955//7176 6954//7175 4430//4597
f 4438//4605 6952//7173 6955//7176 4433//4600
f 4528//4695 6955//7176 6952//7173 4511//4678
f 1018//1024 6943//7164 6956//7177 4534//4701
f 4449//4616 6956//7177 6943//7164 919//925
f 4430//4597 6954//7175 6956//7177 4449//4616
f 4534//4701 6956//7177 6954//7175 4529//4696
f 4494//4661 4490//4657 6957//7178 6953//7174
f 4581//4748 6957//7178 4490//4657 4489//4656
f 4574//4741 4573//4740 6957//7178 4581//4748
f 6953//7174 6957//7178 4573//4740 4513//4680
f 4579//4746 4634//4801 6958//7179 4580//4747
f 4629//4796 6958//7179 4634//4801 4630//4797
f 4572//4739 4571//4738 6958//7179 4629//4796
f 4580//4747 6958//7179 4571//4738 4574//4741
f 4575//4742 6959//7180 4635//4802 4579//4746
f 4578//4745 6960//7181 6959//7180 4575//4742
f 6949//7170 6959//7180 6960//7181 6946//7167
f 1125//1131 4635//4802 6959//7180 6949//7170
f 913//919 6961//7182 936//942 915//921
f 914//920 6962//7183 6961//7182 913//919
f 904//910 6961//7182 6962//7183 906//912
f 905//911 936//942 6961//7182 904//910
f 922//928 6963//7184 6962//7183 914//920
f 925//931 6964//7185 6963//7184 922//928
f 920//926 6963//7184 6964//7185 921//927
f 906//912 6962//7183 6963//7184 920//926
f 905//911 903//909 6965//7186 939//945
f 6938//7159 6965//7186 903//909 902//908
f 973//979 972//978 6965//7186 6938//7159
f 939//945 6965//7186 972//978 940//946
f 971//977 980//986 6966//7187 970//976
f 946//952 6966//7187 980//986 943//949
f 942//948 941//947 6966//7187 946//952
f 970//976 6966//7187 941//947 940//946
f 1061//1067 6947//7168 6967//7188 6968//7189
f 6969//7190 6967//7188 6947//7168 6946//7167
f 979//985 977//983 6967//7188 6969//7190
f 6968//7189 6967//7188 977//983 976//982
f 971//977 967//973 6970//7191 983//989
f 1062//1068 6970//7191 967//973 966//972
f 6968//7189 6970//7191 1062//1068 1061//1067
f 976//982 983//989 6970//7191 6968//7189
f 4435//4602 6971//7192 6972//7193 4434//4601
f 4442//4609 6972//7193 6971//7192 4439//4606
f 4447//4614 4463//4630 6972//7193 4442//4609
f 4434//4601 6972//7193 4463//4630 4436//4603
f 921//927 6964//7185 6973//7194 4450//4617
f 4452//4619 6973//7194 6964//7185 925//931
f 6973//7194 4452//4619 4439//4606
f 4450//4617 6973//7194 6971//7192 4435//4602
f 4494//4661 6950//7171 6974//7195 4493//4660
f 4438//4605 4437//4604 6974//7195 6950//7171
f 4468//4635 6974//7195 4437//4604 4436//4603
f 4493//4660 6974//7195 4468//4635 4467//4634
f 4466//4633 4470//4637 6975//7196 4465//4632
f 4503//4670 6975//7196 4470//4637 4469//4636
f 4496//4663 4495//4662 6975//7196 4503//4670
f 4465//4632 6975//7196 4495//4662 4467//4634
f 6969//7190 6976//7197 4497//4664 979//985
f 6946//7167 6960//7181 6976//7197 6969//7190
f 6977//7198 6976//7197 6960//7181 4578//4745
f 4500//4667 4497//4664 6976//7197 6977//7198
f 4578//4745 4577//4744 6978//7199 6977//7198
f 4492//4659 6978//7199 4577//4744 4489//4656
f 4496//4663 4504//4671 6978//7199 4492//4659
f 6977//7198 6978//7199 4504//4671 4500//4667
f 910//916 929//935 6979//7200 907//913
f 6980//7201 6979//7200 929//935 928//934
f 6981//7202 6982//7203 6979//7200 6980//7201
f 907//913 6979//7200 6982//7203 911//917
f 6983//7204 6984//7205 6982//7203 6981//7202
f 6985//7206 6986//7207 6984//7205 6983//7204
f 926//932 6984//7205 6986//7207 927//933
f 911//917 6982//7203 6984//7205 926//932
f 910//916 909//915 6987//7208 932//938
f 938//944 6987//7208 909//915 915//921
f 942//948 949//955 6987//7208 938//944
f 932//938 6987//7208 949//955 933//939
f 948//954 959//965 6988//7209 947//953
f 6989//7210 6988//7209 959//965 962//968
f 935//941 934//940 6988//7209 6989//7210
f 947//953 6988//7209 934//940 933//939
f 2149//2155 2145//2151 6990//7211 6991//7212
f 964//970 6990//7211 2145//2151 965//971
f 957//963 955//961 6990//7211 964//970
f 6991//7212 6990//7211 955//961 954//960
f 948//954 944//950 6992//7213 963//969
f 982//988 6992//7213 944//950 943//949
f 956//962 6992//7213 982//988 958//964
f 957//963 963//969 6992//7213 956//962
f 6993//7214 6994//7215 6995//7216 6996//7217
f 4457//4624 4456//4623 6994//7215 6993//7214
f 4443//4610 6994//7215 4456//4623 4445//4612
f 4444//4611 6995//7216 6994//7215 4443//4610
f 927//933 6986//7207 6997//7218 4453//4620
f 6998//7219 6997//7218 6986//7207 6985//7206
f 6996//7217 6995//7216 6997//7218 6998//7219
f 4453//4620 6997//7218 6995//7216 4444//4611
f 4466//4633 4464//4631 6999//7220 4473//4640
f 4447//4614 4446//4613 6999//7220 4464//4631
f 4461//4628 6999//7220 4446//4613 4445//4612
f 4473//4640 6999//7220 4461//4628 4460//4627
f 4459//4626 7000//7221 7001//7222 4458//4625
f 4485//4652 7001//7222 7000//7221 4482//4649
f 4475//4642 4474//4641 7001//7222 4485//4652
f 4458//4625 7001//7222 4474//4641 4460//4627
f 4486//4653 7002//7223 4481//4648 4480//4647
f 4487//4654 5600//5767 7002//7223 4486//4653
f 6991//7212 7002//7223 5600//5767 2149//2155
f 954//960 4481//4648 7002//7223 6991//7212
f 4479//4646 4501//4668 7003//7224 4478//4645
f 4472//4639 7003//7224 4501//4668 4469//4636
f 4475//4642 4488//4655 7003//7224 4472//4639
f 4478//4645 7003//7224 4488//4655 4480//4647
f 1521//1527 1593//1599 7004//7225 1520//1526
f 6989//7210 7004//7225 1593//1599 935//941
f 962//968 7005//7226 7004//7225 6989//7210
f 1520//1526 7004//7225 7005//7226 1522//1528
f 7005//7226 7006//7227 1527//1533 1522//1528
f 962//968 961//967 7006//7227 7005//7226
f 2147//2153 7006//7227 961//967 965//971
f 1529//1535 1527//1533 7006//7227 2147//2153
f 6983//7204 7007//7228 7008//7229 6985//7206
f 6981//7202 7009//7230 7007//7228 6983//7204
f 1568//1574 7007//7228 7009//7230 1570//1576
f 1569//1575 7008//7229 7007//7228 1568//1574
f 1602//1608 7010//7231 1517//1523 1516//1522
f 1603//1609 1606//1612 7010//7231 1602//1608
f 1595//1601 7010//7231 1606//1612 1596//1602
f 1521//1527 1517//1523 7010//7231 1595//1601
f 6980//7201 7011//7232 7009//7230 6981//7202
f 928//934 1597//1603 7011//7232 6980//7201
f 1607//1613 7011//7232 1597//1603 1596//1602
f 1570//1576 7009//7230 7011//7232 1607//1613
f 2155//2161 2154//2160 7012//7233 7013//7234
f 1528//1534 7012//7233 2154//2160 1530//1536
f 1529//1535 2151//2157 7012//7233 1528//1534
f 7013//7234 7012//7233 2151//2157 2150//2156
f 4482//4649 7000//7221 7014//7235 7015//7236
f 5077//5244 7014//7235 7000//7221 4459//4626
f 5020//5187 5019//5186 7014//7235 5077//5244
f 7015//7236 7014//7235 5019//5186 5018//5185
f 4487//4654 4483//4650 7016//7237 5598//5765
f 7015//7236 7016//7237 4483//4650 4482//4649
f 5018//5185 5026//5193 7016//7237 7015//7236
f 5598//5765 7016//7237 5026//5193 5025//5192
f 5056//5223 7017//7238 7018//7239 5055//5222
f 6998//7219 7018//7239 7017//7238 6996//7217
f 6985//7206 7008//7229 7018//7239 6998//7219
f 5055//5222 7018//7239 7008//7229 1569//1575
f 5080//5247 5087//5254 7019//7240 5079//5246
f 5083//5250 7019//7240 5087//5254 5084//5251
f 5012//5179 5015//5182 7019//7240 5083//5250
f 5020//5187 5079//5246 7019//7240 5015//5182
f 5080//5247 5078//5245 7020//7241 5090//5257
f 6993//7214 7020//7241 5078//5245 4457//4624
f 6996//7217 7017//7238 7020//7241 6993//7214
f 5090//5257 7020//7241 7017//7238 5056//5223
f 5023//5190 7021//7242 5601//5768 5025//5192
f 5024//5191 5602//5769 7021//7242 5023//5190
f 7013//7234 7021//7242 5602//5769 2155//2161
f 2150//2156 5601//5768 7021//7242 7013//7234
f 7022//7243 2633//7244 2636//7245
f 7024//7246 3430//7247 3435//7248
f 7023//7249 3435//7248 2633//7244
f 248//262 247//261 7025//7250 7026//7251
f 292//303 7025//7250 247//261 246//260
f 293//304 7027//7252 7025//7250 292//303
f 7027//7252 7028//7253 7026//7251
f 3226//3344 7029//7254 7030//7255 3223//3341
f 254//268 253//267 7029//7254 3226//3344
f 253//267 248//262 7026//7251
f 7029//7254 7026//7251 7028//7253
f 3219//7256 3215//3332 3218//3335
f 7032//7257 7033//7258 3218//3335 3212//3337
f 7032//7257 7034//7259 7031//7260
f 7035//7261 7036//7262 7034//7259
f 3214//7263 7035//7261 7032//7257 3212//3337
f 3205//3368 3245//3365 7035//7261 3214//7263
f 3245//3365 3246//3366 7036//7262
f 3248//3370 3247//3369 7037//7264 7038//7265
f 3247//3369 3240//3360 3236//3356
f 3235//3355 7039//7266 7037//7264 3236//3356
f 7040//7267 7038//7265 7037//7264 7039//7266
f 7039//7266 7041//7268 7042//7269 7040//7267
f 7039//7266 3235//3355 3238//3358
f 3223//3341 7030//7255 7041//7268 3238//3358
f 7030//7255 7028//7253 7042//7269
f 7043//7270 7044//7271 3343//3473
f 317//328 316//327 7043//7270 3340//3470
f 7045//7272 7043//7270 316//327 315//326
f 7046//7273 7044//7271 7043//7270 7045//7272
f 7047//7274 7048//7275 7044//7271 7046//7273
f 3349//3479 3344//3474 7048//7275 7047//7274
f 3367//3497 7048//7275 3344//3474 3347//3477
f 7044//7271 7048//7275 3367//3497 3343//3473
f 7049//7276 3424//7277 3423//7278
f 3430//7247 7024//7246 7050//7279 3423//7278
f 7051//7280 3433//7281 3424//7277
f 3905//4073 7052//7282 7053//7283 3907//4075
f 3898//4066 3897//4065 7052//7282 3905//4073
f 7054//7284 7052//7282 3897//4065 3869//4037
f 7052//7282 7054//7284 7055//7285
f 3886//4054 3885//4053 7056//7286 7057//7287
f 7058//7288 7056//7286 3885//4053 3884//4052
f 7059//7289 7056//7286 7058//7288 7060//7290
f 7057//7287 7056//7286 7059//7289 7061//7291
f 4336//4503 4334//4501 7062//7292 7063//7293
f 4334//4501 4335//4502 6725//6946
f 6726//6947 7064//7294 7062//7292 6725//6946
f 7063//7293 7062//7292 7064//7294 7065//7295
f 4410//4577 4409//4576 7066//7296 7067//7297
f 4386//4553 4385//4552 7066//7296 4409//4576
f 4384//4551 7068//7298 7066//7296 4385//4552
f 7066//7296 7068//7298 7069//7299
f 7070//7300 7071//7301 4418//4585
f 7067//7297 7070//7300 4417//4584 4410//4577
f 7070//7300 7067//7297 7069//7299
f 7071//7301 7070//7300 7072//7302 7073//7303
f 4423//4590 7074//7304 7075//7305 4392//4559
f 4418//4585 7071//7301 7074//7304 4423//4590
f 7073//7303 7076//7306 7074//7304 7071//7301
f 7074//7304 7076//7306 7077//7307
f 4390//4557 7078//7308 7079//7309 4348//4515
f 7075//7305 7078//7308 4390//4557 4392//4559
f 7075//7305 7077//7307 7080//7310
f 7081//7311 7079//7309 7078//7308 7080//7310
f 7082//7312 4349//4516 4346//4513
f 7083//7313 4346//4513 4348//4515
f 7084//7314 7083//7313 7079//7309 7081//7311
f 7085//7315 7082//7312 7083//7313 7084//7314
f 7085//7315 7086//7316 7087//7317 7082//7312
f 4365//4532 7087//7317 7086//7316 4363//4530
f 7087//7317 4365//4532 4357//4524
f 7082//7312 7087//7317 4356//4523 4349//4516
f 6587//6808 7088//7318 7089//7319 6584//6802
f 6587//6808 6586//6807 6598//6819
f 6598//6819 6599//6820 7090//7320
f 7090//7320 7091//7321 7089//7319
f 6625//6846 6624//6845 7092//7322 7093//7323
f 6579//6798 6582//6797 7092//7322 6624//6845
f 7094//7324 7092//7322 6582//6797 6581//6806
f 7094//7324 7095//7325 7093//7323
f 7096//7326 7095//7325 7094//7324
f 6581//6806 6585//6805 7097//7327 7094//7324
f 7089//7319 7097//7327 6585//6805 6584//6802
f 7097//7327 7089//7319 7091//7321
f 6748//6969 6759//6980 7098//7328 7099//7329
f 6759//6980 3886//4054 7057//7287
f 7061//7291 7100//7330 7098//7328 7057//7287
f 7099//7329 7098//7328 7100//7330 7101//7331
f 7101//7331 7102//7332 7103//7333 7099//7329
f 6724//6945 7103//7333 7102//7332 6721//6942
f 6728//6949 6749//6970 7103//7333 6724//6945
f 7099//7329 7103//7333 6749//6970 6748//6969
f 7104//7334 7105//7335 7106//7336
f 7060//7290 7058//7288 7107//7337 7106//7336
f 7107//7337 7058//7288 3884//4052
f 3914//4082 7104//7334 7107//7337
f 3914//4082 3911//4079 7108//7338
f 3907//4075 7053//7283 7108//7338 3911//4079
f 7109//7339 7108//7338 7053//7283 7055//7285
f 7109//7339 7105//7335 7104//7334
f 7110//7340 7111//7341 7112//7342 7113//7343
f 3814//3968 7112//7342 7111//7341 3816//3970
f 3815//3969 6609//6830 7112//7342 3814//3968
f 6609//6830 6608//6829 7113//7343
f 7054//7284 7114//7344 7115//7345 7055//7285
f 3869//4037 3868//4036 7114//7344 7054//7284
f 3816//3970 7111//7341 7114//7344 3868//4036
f 7115//7345 7114//7344 7111//7341 7110//7340
f 7116//7346 7069//7299 7068//7298
f 4384//4551 4383//4550 7117//7347 7068//7298
f 4383//4550 4378//4545 7118//7348
f 7119//7349 7116//7346 7117//7347 7118//7348
f 7120//7350 7118//7348 4378//4545
f 4377//4544 4336//4503 7063//7293
f 7065//7295 7121//7351 7120//7350 7063//7293
f 7118//7348 7120//7350 7121//7351 7119//7349
f 6613//6834 6612//6833 7122//7352 7123//7353
f 6615//6836 6627//6848 7122//7352 6612//6833
f 7122//7352 6627//6848 6629//6850
f 7124//7354 7123//7353 7122//7352 7125//7355
f 7126//7356 7127//7357 7124//7354
f 6629//6850 6631//6852 7126//7356 7125//7355
f 6631//6852 6625//6846 7093//7323
f 7093//7323 7095//7325 7127//7357
f 74//69 71//66 70//65
f 83//78 84//79 81//76
f 42//37 38//33 91//86
f 86//81 93//88 96//91
f 118//113 116//111 115//110
f 123//118 119//114 121//116
f 124//119 120//115 119//114
f 122//117 126//121 125//120
f 127//122 128//123 125//120
f 66//61 135//133 115//110
f 127//122 126//121 139//137
f 136//134 142//140 121//116
f 137//135 143//141 142//140
f 122//117 121//116 142//140
f 155//155 154//154 143//141
f 8//161 157//157 158//158
f 166//168 167//169 165//167
f 156//156 165//167 167//169
f 162//164 168//170 153//153
f 163//165 169//171 168//170
f 164//166 168//170 169//171
f 159//159 171//173 170//172
f 173//175 170//172 171//173
f 158//158 170//172 10//176
f 178//181 181//184 167//169
f 171//173 181//184 180//183
f 178//181 183//186 182//185
f 172//174 180//183 192//195
f 184//187 192//195 195//198
f 190//193 197//200 182//185
f 204//207 209//212 208//211
f 285//296 283//294 282//293
f 302//313 303//314 300//311
f 304//315 307//318 300//311
f 301//312 300//311 306//317
f 312//323 311//322 316//327
f 284//295 298//309 335//346
f 350//361 349//360 302//313
f 341//352 354//365 353//364
f 291//302 290//301 353//364
f 361//372 362//373 359//370
f 349//360 359//370 362//373
f 368//379 366//377 365//376
f 371//382 373//384 369//380
f 368//379 381//392 385//396
f 382//393 379//390 394//405
f 400//411 399//410 395//406
f 205//208 208//211 404//415
f 414//425 422//433 419//430
f 430//441 428//439 427//438
f 444//455 442//453 441//452
f 429//440 427//438 442//453
f 511//522 512//523 509//520
f 514//525 509//520 512//523
f 453//464 456//467 509//520
f 510//521 509//520 456//467
f 518//529 516//527 515//526
f 522//533 520//531 519//530
f 500//511 499//510 520//531
f 500//511 525//536 523//534
f 526//537 527//538 523//534
f 531//542 532//543 529//540
f 525//536 529//540 532//543
f 500//511 522//533 529//540
f 530//541 529//540 522//533
f 528//539 527//538 537//548
f 533//544 537//548 540//551
f 547//558 546//557 548//559
f 461//472 460//471 556//567
f 557//568 560//571 562//573
f 572//583 575//586 570//581
f 570//581 575//586 574//585
f 585//596 636//647 645//656
f 647//658 653//664 652//663
f 655//666 652//663 653//664
f 673//684 670//681 669//680
f 680//691 676//687 678//689
f 678//689 683//694 682//693
f 680//691 688//699 690//701
f 694//705 692//703 687//698
f 709//720 710//721 696//707
f 613//624 702//713 711//722
f 447//458 608//619 715//726
f 714//725 719//730 717//728
f 713//724 721//732 724//735
f 695//706 728//739 727//738
f 734//745 731//742 730//741
f 732//743 731//742 724//735
f 733//744 737//748 735//746
f 734//745 735//746 719//730
f 554//565 562//573 748//759
f 745//756 748//759 562//573
f 749//760 755//766 754//765
f 757//768 754//765 755//766
f 572//583 754//765 757//768
f 571//582 750//761 754//765
f 743//754 761//772 764//775
f 698//709 768//779 728//739
f 796//802 798//804 794//800
f 795//801 794//800 310//321
f 802//808 803//809 800//806
f 805//811 800//806 803//809
f 801//807 800//806 798//804
f 813//816 820//823 818//821
f 827//831 828//832 825//829
f 849//855 852//858 847//853
f 803//809 852//858 851//857
f 860//861 861//862 858//859
f 818//821 861//862 860//861
f 806//826 857//863 861//862
f 839//845 871//874 870//873
f 873//876 870//873 871//874
f 844//850 841//847 870//873
f 872//875 876//879 874//877
f 848//854 845//851 874//877
f 885//888 884//887 880//883
f 893//899 891//897 890//896
f 892//898 890//896 1000//1006
f 997//1003 1000//1006 890//896
f 881//884 1020//1026 1019//1025
f 1021//1027 1022//1028 1019//1025
f 996//1002 1019//1025 1022//1028
f 1106//1112 1108//1114 1107//1113
f 1021//1027 1035//1041 1107//1113
f 1111//1117 1109//1115 1108//1114
f 1112//1118 1110//1116 1109//1115
f 1131//1137 1129//1135 1128//1134
f 1112//1118 1111//1117 1137//1143
f 1134//1140 1137//1143 1111//1117
f 1123//1129 1141//1147 1140//1146
f 1142//1148 1141//1147 1118//1124
f 1143//1149 1142//1148 1144//1150
f 1160//1166 1173//1179 1177//1183
f 1183//1189 1184//1190 1181//1187
f 511//522 675//686 1184//1190
f 1187//1193 1193//1199 1185//1191
f 1189//1195 1187//1193 1186//1192
f 1191//1197 1187//1193 1189//1195
f 1196//1202 1197//1203 1194//1200
f 1196//1202 1199//1205 677//688
f 1198//1204 1201//1207 1205//1211
f 1204//1210 1202//1208 1206//1212
f 1207//1213 1206//1212 1186//1192
f 1195//1201 1194//1200 1218//1224
f 1234//1240 1233//1239 1235//1241
f 549//560 1247//1253 1246//1252
f 530//541 1260//1266 1259//1265
f 1281//1287 1280//1286 1283//1289
f 1289//1295 1286//1292 1290//1296
f 1291//1297 1290//1296 1244//1250
f 1273//1279 1298//1304 1296//1302
f 1272//1278 1296//1302 1265//1271
f 1309//1315 1305//1311 1307//1313
f 1319//1325 1316//1322 1315//1321
f 1320//1326 1322//1328 1317//1323
f 513//524 1344//1350 1342//1348
f 514//525 1342//1348 1295//1301
f 1347//1353 1346//1352 1293//1299
f 1207//1213 1359//1365 1205//1211
f 1356//1362 1359//1365 1207//1213
f 1321//1327 1394//1400 1397//1403
f 1406//1412 1409//1415 1408//1414
f 1411//1417 1408//1414 1409//1415
f 1308//1314 1307//1313 1408//1414
f 1422//1428 1426//1432 1429//1435
f 1446//1452 1447//1453 1450//1456
f 1463//1469 1464//1470 1461//1467
f 1190//1196 1464//1470 1465//1471
f 1493//1499 1466//1472 1463//1469
f 1489//1495 1493//1499 1494//1500
f 1491//1497 1494//1500 1496//1502
f 1474//1480 1496//1502 1494//1500
f 1303//1309 1504//1510 1503//1509
f 1504//1510 1507//1513 1505//1511
f 1510//1516 1511//1517 1498//1504
f 1488//1494 1505//1511 1511//1517
f 1491//1497 1498//1504 1511//1517
f 1506//1512 1514//1520 1513//1519
f 1308//1314 1513//1519 1514//1520
f 1411//1417 1515//1521 1513//1519
f 1519//1525 1583//1589 1585//1591
f 1524//1530 1584//1590 1583//1589
f 1641//1647 1648//1654 1646//1652
f 1695//1701 1693//1699 1692//1698
f 1694//1700 1705//1711 1707//1713
f 1741//1747 1740//1746 1633//1639
f 1764//1770 1765//1771 1760//1766
f 1794//1800 1792//1798 1791//1797
f 1793//1799 1798//1804 1797//1803
f 1763//1769 1797//1803 1798//1804
f 1762//1768 1799//1805 1797//1803
f 1809//1815 1807//1813 1806//1812
f 1803//1809 1800//1806 1811//1817
f 1835//1841 1833//1839 1832//1838
f 1793//1799 1791//1797 1833//1839
f 1831//1837 1833//1839 1791//1797
f 1834//1840 1837//1843 1836//1842
f 1835//1841 1836//1842 1798//1804
f 1839//1845 1841//1847 1765//1771
f 1856//1862 1857//1863 1852//1858
f 1864//1870 1878//1884 1877//1883
f 1871//1877 1877//1883 1878//1884
f 1895//1901 1900//1906 1898//1904
f 1901//1907 1902//1908 1898//1904
f 1858//1864 1857//1863 1905//1911
f 1886//1892 1911//1917 1910//1916
f 1869//1875 1915//1921 1892//1898
f 1855//1861 1918//1924 1922//1928
f 1923//1929 1922//1928 1918//1924
f 1907//1913 1906//1912 1922//1928
f 1854//1860 1922//1928 1906//1912
f 1888//1894 1910//1916 1926//1932
f 1923//1929 1926//1932 1910//1916
f 1932//1938 1943//1949 1941//1947
f 1969//1975 1970//1976 1967//1973
f 1968//1974 1971//1977 1974//1980
f 1847//1853 1981//1987 1979//1985
f 1982//1988 1983//1989 1981//1987
f 2006//2012 2007//2013 2003//2009
f 2020//2026 2018//2024 2017//2023
f 2022//2028 2021//2027 1936//1942
f 1828//1834 1950//1956 2049//2055
f 2050//2056 2049//2055 2046//2052
f 2054//2060 2052//2058 2051//2057
f 1830//1836 1829//1835 2052//2058
f 2050//2056 2052//2058 1829//1835
f 2048//2054 2055//2061 2051//2057
f 1961//1967 1966//1972 2055//2061
f 2056//2062 2055//2061 1966//1972
f 1832//1838 2057//2063 2060//2066
f 1834//1840 2060//2066 2063//2069
f 2064//2070 2063//2069 2060//2066
f 1969//1975 1974//1980 2067//2073
f 1999//2005 2079//2085 2077//2083
f 2103//2109 2102//2108 2100//2106
f 2111//2117 2110//2116 2103//2109
f 2114//2120 2115//2121 2112//2118
f 2117//2123 2112//2118 2115//2121
f 1743//1749 1739//1745 2112//2118
f 2113//2119 2112//2118 1739//1745
f 2116//2122 2120//2126 2118//2124
f 2117//2123 2118//2124 2111//2117
f 2116//2122 2115//2121 2123//2129
f 2126//2132 2123//2129 2115//2121
f 2134//2140 2135//2141 2132//2138
f 2127//2133 2136//2142 2132//2138
f 1530//1536 2154//2160 2153//2159
f 2160//2166 2161//2167 2158//2164
f 1614//1620 1613//1619 2158//2164
f 1614//1620 2161//2167 2162//2168
f 2139//2145 2179//2185 2159//2165
f 1741//1747 2191//2197 2192//2198
f 2220//2226 2222//2228 2221//2227
f 2220//2226 2217//2223 2225//2231
f 2259//2265 2258//2264 2265//2271
f 2266//2272 2265//2271 2269//2275
f 2281//2287 2289//2295 1325//1331
f 2299//2305 2297//2303 2296//2302
f 2314//2320 2315//2321 2312//2318
f 2302//2308 2315//2321 2324//2330
f 2336//2342 2338//2344 2334//2340
f 2260//2266 2329//2335 2334//2340
f 2335//2341 2334//2340 2329//2335
f 2266//2272 2359//2365 2332//2338
f 2361//2367 2358//2364 2368//2374
f 2372//2378 2373//2379 2370//2376
f 2362//2368 2378//2384 2380//2386
f 2369//2375 2380//2386 2383//2389
f 2391//2397 2390//2396 2385//2391
f 2399//2405 2395//2401 2397//2403
f 2391//2397 2395//2401 2399//2405
f 2346//2352 2411//2417 2410//2416
f 2412//2418 2413//2419 2410//2416
f 2351//2357 2410//2416 2407//2413
f 2424//2430 2422//2428 2338//2344
f 2465//2471 2464//2470 2413//2419
f 2437//2443 2477//2483 2474//2480
f 2433//2439 2476//2482 2486//2492
f 2475//2481 2490//2496 2488//2494
f 2491//2497 2490//2496 2494//2500
f 2477//2483 2494//2500 2490//2496
f 2382//2388 2497//2503 2496//2502
f 2499//2505 2496//2502 2497//2503
f 2441//2447 2438//2444 2496//2502
f 2383//2389 2496//2502 2438//2444
f 2392//2398 2399//2405 2500//2506
f 2398//2404 2501//2507 2500//2506
f 2498//2504 2497//2503 2500//2506
f 2393//2399 2500//2506 2497//2503
f 2503//2509 2502//2508 2499//2505
f 2485//2491 2493//2499 2506//2512
f 2491//2497 2505//2511 2512//2518
f 2501//2507 2518//2524 2521//2527
f 2520//2526 2523//2529 2522//2528
f 2522//2528 2503//2509 2498//2504
f 2528//2534 2539//2545 2538//2544
f 2541//2547 2538//2544 2539//2545
f 2535//2541 2538//2544 2541//2547
f 2531//2537 2538//2544 2535//2541
f 2520//2526 2525//2531 2542//2548
f 2543//2549 2542//2548 2544//2550
f 2557//2563 2555//2561 2554//2560
f 2556//2562 2560//2566 2558//2564
f 2559//2565 2563//2569 2557//2563
f 2461//2467 2563//2569 2454//2460
f 2560//2566 2566//2572 2565//2571
f 2556//2562 2554//2560 2566//2572
f 2567//2573 2566//2572 2554//2560
f 2545//2551 2571//2577 2570//2576
f 2569//2575 2570//2576 2571//2577
f 2564//2570 2571//2577 2572//2578
f 2579//2585 2582//2588 2577//2583
f 114//109 2582//2588 2581//2587
f 101//96 2577//2583 2582//2588
f 2589//2595 2587//2593 2579//2585
f 2594//2600 2593//2599 233//247
f 2583//2589 2593//2599 2596//2602
f 2598//2604 2597//2603 2599//2605
f 2597//2603 2604//2610 2603//2609
f 2596//2602 2604//2610 2589//2595
f 2599//2605 2603//2609 2612//2618
f 225//240 227//239 2619//2625
f 2627//2633 2628//2634 2625//2631
f 2624//2630 2625//2631 2628//2634
f 2626//2632 2630//2637 2631//2638
f 2637//2644 2644//2651 2643//2650
f 2676//2683 2677//2684 2672//2679
f 2673//2680 2672//2679 2677//2684
f 2699//2706 2700//2707 2697//2704
f 2718//2725 2719//2726 2714//2721
f 2728//2735 2729//2736 2725//2732
f 2726//2733 2725//2732 2729//2736
f 2731//2738 2734//2741 2727//2734
f 2733//2740 2734//2741 2731//2738
f 2735//2742 2736//2743 2734//2741
f 2727//2734 2734//2741 2736//2743
f 2738//2745 2737//2744 2739//2746
f 2678//2685 2677//2684 2743//2750
f 2728//2735 2736//2743 2749//2756
f 2796//2803 2799//2806 2800//2807
f 2803//2810 2804//2811 2801//2808
f 2808//2815 2805//2812 2806//2813
f 2815//2822 2811//2818 2813//2820
f 2808//2815 2817//2824 2801//2808
f 2822//2829 2820//2827 2819//2826
f 2803//2810 2820//2827 280//291
f 2720//2727 2719//2726 2825//2832
f 2826//2833 2825//2832 2719//2726
f 2831//2838 2828//2835 2833//2840
f 2925//2941 2898//2906 2857//2865
f 2814//2821 3001//3070 3000//3069
f 3003//3072 3000//3069 3001//3070
f 3004//3073 3005//3074 3000//3069
f 2815//2822 3000//3069 3005//3074
f 3003//3072 3011//3085 3010//3084
f 3020//3102 3023//3104 3021//3100
f 3019//3101 3021//3100 3010//3084
f 2720//2727 3027//3108 3025//3106
f 2715//2722 3025//3106 3029//3110
f 3034//3120 3036//3121 3035//3118
f 3060//3150 3061//3151 3058//3148
f 2731//2738 3061//3151 3060//3150
f 2721//2728 2724//2731 3061//3151
f 3058//3148 3061//3151 2724//2731
f 2999//3082 3012//3086 3062//3152
f 3055//3145 3062//3152 3012//3086
f 3028//3109 3065//3156 3063//3154
f 3059//3149 3058//3148 3063//3154
f 3034//3120 3037//3124 3067//3158
f 3059//3149 3070//3161 3069//3160
f 3072//3163 3069//3160 3070//3161
f 3064//3155 3074//3165 3070//3161
f 3071//3162 3084//3175 3083//3174
f 2782//2789 2779//2786 3083//3174
f 3080//3171 3088//3179 3087//3178
f 3075//3166 3087//3178 3084//3175
f 2746//2753 2759//2766 3089//3180
f 3090//3181 3089//3180 2759//2766
f 3092//3183 3089//3180 3090//3181
f 2745//2752 3089//3180 3092//3183
f 2678//2685 3092//3183 3107//3199
f 3118//3212 3117//3211 3106//3198
f 3118//3212 3120//3214 3119//3213
f 3124//3220 3122//3217 3121//3216
f 3127//3223 3128//3224 3125//3221
f 3115//3209 3119//3213 3130//3226
f 3124//3220 3130//3226 3119//3213
f 2975//3230 3132//3229 3121//3216
f 2685//2692 3128//3224 3136//3234
f 3145//3245 3149//3249 3150//3250
f 3191//3299 3192//3300 3189//3297
f 2640//2647 2649//2656 3189//3297
f 3190//3298 3189//3297 2649//2656
f 3190//3298 3194//3302 3193//3301
f 2641//2648 3192//3300 3196//3304
f 3187//3295 3221//3340 3220//3338
f 3249//3371 3250//3372 3247//3369
f 3243//3363 3250//3372 3249//3371
f 3242//3362 3250//3372 3243//3363
f 299//310 294//305 3264//3386
f 3259//3381 3276//3398 3275//3397
f 3289//3415 3288//3414 259//3416
f 2716//2723 3296//3423 3298//3425
f 3301//3428 3302//3429 3299//3426
f 3289//3415 3299//3426 3302//3429
f 260//271 261//270 3299//3426
f 3304//3432 3303//3431 3302//3429
f 3306//3434 3308//3436 3307//3435
f 2822//2829 3310//3438 3313//3441
f 3318//3446 3323//3451 3321//3449
f 337//348 336//347 3332//3462
f 3266//3388 3332//3462 336//347
f 3333//3463 3332//3462 3266//3388
f 3265//3387 3277//3399 3336//3466
f 3272//3394 3269//3391 3339//3469
f 3255//3377 3339//3469 3269//3391
f 3346//3476 3345//3475 319//330
f 3355//3485 3352//3482 3351//3481
f 397//408 400//411 3352//3482
f 396//407 3353//3483 3352//3482
f 3360//3490 3361//3491 3357//3487
f 576//587 3363//3493 3370//3500
f 570//581 3370//3500 753//764
f 3378//3508 3377//3507 3374//3504
f 3375//3505 3377//3507 3380//3510
f 3354//3484 3382//3512 3381//3511
f 3387//3517 3389//3519 3385//3515
f 3350//3480 3386//3516 3385//3515
f 3369//3499 3380//3510 3391//3521
f 3395//3525 3393//3523 3389//3519
f 3398//3528 3397//3527 3331//3461
f 3398//3528 3399//3529 3384//3514
f 3400//3530 3399//3529 3335//3465
f 3350//3480 3353//3483 3401//3531
f 3405//3535 3403//3533 3402//3532
f 3392//3522 3403//3533 3407//3537
f 3395//3525 3408//3538 425//436
f 426//437 425//436 3408//3538
f 3404//3534 3402//3532 3409//3539
f 3378//3508 3409//3539 3402//3532
f 3416//3546 3361//3491 3360//3490
f 3390//3520 3415//3545 3417//3547
f 3354//3484 3351//3481 3417//3547
f 3424//3554 3426//3556 3422//3552
f 836//840 3432//3562 3431//3561
f 3427//3557 3426//3556 3431//3561
f 3427//3557 3443//3573 3441//3571
f 3450//3580 3448//3578 3447//3577
f 3449//3579 3466//3596 3465//3595
f 3464//3594 3467//3597 3465//3595
f 3450//3580 3465//3595 3467//3597
f 3451//3581 3467//3597 3479//3609
f 3475//3605 3479//3609 3467//3597
f 2614//2620 3452//3582 3481//3611
f 3480//3610 3481//3611 3452//3582
f 2611//2617 3481//3611 3470//3600
f 3459//3589 3466//3596 3488//3618
f 2621//2627 3494//3624 3495//3625
f 3489//3619 3495//3625 3494//3624
f 2823//2830 3308//3436 3516//3646
f 2830//2837 3524//3655 3311//3439
f 3528//3659 3526//3657 3525//3656
f 269//279 3534//3665 3535//3666
f 3532//3663 3530//3661 3535//3666
f 273//284 3538//3669 3537//3668
f 3550//3681 3549//3680 3548//3679
f 3504//3634 3549//3680 3550//3681
f 3550//3681 3551//3682 2726//2733
f 3543//3674 3548//3679 3552//3683
f 3553//3684 3552//3683 3548//3679
f 2627//2633 2631//2638 3554//3685
f 3553//3684 3554//3685 2631//2638
f 3643//3787 3642//3786 3644//3788
f 78//73 3648//3792 3647//3791
f 3651//3795 3652//3796 3649//3793
f 87//82 3654//3798 3653//3797
f 3613//3757 3652//3796 3657//3801
f 96//91 3659//3803 3654//3798
f 3631//3775 3663//3807 3662//3806
f 3673//3817 3674//3818 112//107
f 3676//3820 3675//3819 3677//3821
f 3681//3825 3682//3826 3680//3824
f 3684//3828 3680//3824 3682//3826
f 3683//3827 3682//3826 3685//3829
f 3688//3832 3686//3830 3685//3829
f 3693//3837 3691//3835 3690//3834
f 3676//3820 3694//3838 3634//3778
f 3683//3827 3686//3830 3698//3842
f 3688//3832 3690//3834 3698//3842
f 3684//3828 3703//3847 3696//3840
f 3699//3843 3703//3847 3684//3828
f 3697//3841 3696//3840 3703//3847
f 3706//3850 3710//3854 3708//3852
f 3714//3858 3715//3859 3712//3856
f 3702//3846 3712//3856 3715//3859
f 3574//3712 3718//3862 3716//3860
f 3722//3866 3720//3864 3715//3859
f 3711//3855 3710//3854 3724//3868
f 3719//3863 3726//3870 3724//3868
f 3725//3869 3724//3868 3726//3870
f 3714//3858 3713//3857 3728//3872
f 3727//3871 3729//3873 3728//3872
f 3722//3866 3728//3872 3729//3873
f 3719//3863 3718//3862 3730//3874
f 3576//3714 3730//3874 3718//3862
f 3727//3871 3726//3870 3738//3882
f 3733//3877 3740//3884 3738//3882
f 3741//3885 3743//3887 3742//3886
f 3745//3889 3752//3896 3740//3884
f 3747//3891 3755//3899 3752//3896
f 3741//3885 3740//3884 3752//3896
f 3753//3897 3757//3901 3756//3900
f 3766//3910 3767//3911 3763//3907
f 3755//3899 3763//3907 3767//3911
f 3767//3911 3768//3912 3757//3901
f 3769//3913 3768//3912 3767//3911
f 3867//4035 3866//4034 3870//4038
f 3871//4039 3893//4061 3892//4060
f 3915//4083 3916//4084 3912//4080
f 3922//4090 3923//4091 3921//4089
f 3926//4094 3927//4095 3924//4092
f 3922//4090 3927//4095 3940//4108
f 3950//4118 3948//4116 3935//4103
f 3950//4118 3954//4122 3953//4121
f 3766//3910 3960//4128 3958//4126
f 3963//4131 3962//4130 3964//4132
f 3766//3910 3765//3909 3966//4134
f 3985//4153 3998//4166 3996//4164
f 3997//4165 3996//4164 3998//4166
f 4066//4234 4067//4235 4064//4232
f 4009//4177 4067//4235 4066//4234
f 4008//4176 4068//4236 4067//4235
f 4064//4232 4067//4235 4068//4236
f 4071//4239 4070//4238 4072//4240
f 4082//4250 4083//4251 4079//4247
f 4086//4254 4087//4255 4084//4252
f 4076//4244 4084//4252 4087//4255
f 4053//4221 4083//4251 4084//4252
f 4085//4253 4084//4252 4083//4251
f 4081//4249 4089//4257 4092//4260
f 4093//4261 4092//4260 4089//4257
f 4080//4248 4092//4260 4095//4263
f 4058//4226 4102//4270 4100//4268
f 4104//4272 4100//4268 4102//4270
f 4101//4269 4100//4268 4020//4188
f 4101//4269 4105//4273 4059//4227
f 4013//4181 4113//4281 4110//4278
f 4112//4280 4117//4285 4115//4283
f 4127//4295 4131//4299 4125//4293
f 4129//4297 4131//4299 4127//4295
f 4137//4305 4136//4304 3644//3788
f 3776//3920 3963//4131 4152//4320
f 4138//4306 4143//4311 4192//4360
f 4193//4361 4199//4367 4198//4366
f 4200//4368 4204//4372 4203//4371
f 4216//4384 4217//4385 4214//4382
f 4213//4381 4214//4382 4217//4385
f 4208//4376 4218//4386 4214//4382
f 4215//4383 4214//4382 4218//4386
f 4227//4395 4222//4390 4225//4393
f 4065//4233 4227//4395 4228//4396
f 4229//4397 4228//4396 4227//4395
f 4231//4399 4230//4398 4211//4379
f 4234//4402 4235//4403 4232//4400
f 4237//4405 4232//4400 4235//4403
f 4238//4406 4240//4408 4232//4400
f 4215//4383 4240//4408 4238//4406
f 4239//4407 4240//4408 4215//4383
f 4233//4401 4232//4400 4240//4408
f 4239//4407 4252//4420 4251//4419
f 4241//4409 4244//4412 4255//4423
f 4233//4401 4251//4419 4255//4423
f 4167//4335 4259//4427 4257//4425
f 4002//4170 4262//4430 4261//4429
f 4260//4428 4262//4430 4263//4431
f 4247//4415 4258//4426 4267//4435
f 4268//4436 4267//4435 4258//4426
f 4256//4424 4273//4441 4272//4440
f 4268//4436 4277//4445 4276//4444
f 4278//4446 4277//4445 4279//4447
f 4280//4448 4279//4447 4281//4449
f 4264//4432 4281//4449 4279//4447
f 4118//4286 4117//4285 4293//4461
f 4112//4280 4288//4456 4293//4461
f 4298//4466 4297//4465 4299//4467
f 4295//4463 4298//4466 4300//4468
f 4126//4294 4125//4293 4300//4468
f 4302//4470 4300//4468 4125//4293
f 4301//4469 4300//4468 4302//4470
f 4308//4476 4307//4475 4290//4458
f 4241//4409 4272//4440 4313//4481
f 4271//4439 4315//4483 4313//4481
f 4316//4484 4315//4483 4324//4492
f 4342//4509 4347//4514 4345//4512
f 4354//4521 4352//4519 4351//4518
f 4357//4524 4365//4532 4360//4527
f 4389//4556 4391//4558 4387//4554
f 4348//4515 4347//4514 4387//4554
f 4388//4555 4387//4554 4347//4514
f 4416//4583 4421//4588 4420//4587
f 4425//4592 4424//4591 4426//4593
f 4617//4784 4616//4783 4618//4785
f 4650//4817 4649//4816 4632//4799
f 4671//4838 4669//4836 4668//4835
f 4676//4843 4674//4841 4665//4832
f 4682//4849 4683//4850 4680//4847
f 4065//4233 4064//4232 4680//4847
f 4681//4848 4680//4847 4064//4232
f 4686//4853 4689//4856 4684//4851
f 4691//4858 4689//4856 4688//4855
f 4692//4859 4684//4851 4689//4856
f 4705//4872 4706//4873 4703//4870
f 4685//4852 4684//4851 4706//4873
f 4713//4880 4712//4879 4714//4881
f 4714//4881 4717//4884 4716//4883
f 4724//4891 4732//4899 4730//4897
f 4103//4271 4102//4270 4742//4909
f 4061//4229 4742//4909 4102//4270
f 4757//4924 4756//4923 4087//4255
f 4777//4944 4780//4947 4778//4945
f 4785//4952 4787//4954 4786//4953
f 4740//4907 4786//4953 4787//4954
f 4783//4950 4786//4953 4743//4910
f 4768//4935 4766//4933 4792//4959
f 4759//4926 4792//4959 4766//4933
f 4812//4979 4813//4980 4810//4977
f 4815//4982 4811//4978 4810//4977
f 4813//4980 4817//4984 4816//4983
f 4820//4987 4817//4984 4818//4985
f 4788//4955 4791//4958 4842//5009
f 4702//4869 4701//4868 4852//5019
f 4705//4872 4852//5019 4855//5022
f 4804//4971 4905//5072 4904//5071
f 4906//5073 4907//5074 4904//5071
f 4901//5068 4904//5071 4907//5074
f 4944//5111 4943//5110 4942//5109
f 4671//4838 4957//5124 4960//5127
f 4676//4843 4964//5131 4963//5130
f 4990//5157 4989//5156 4986//5153
f 4959//5126 4962//5129 4989//5156
f 4990//5157 4991//5158 4968//5135
f 4988//5155 4993//5160 4991//5158
f 4799//4966 4798//4965 4999//5166
f 5000//5167 4999//5166 4982//5149
f 4984//5151 5003//5170 5001//5168
f 4993//5160 5008//5175 5006//5173
f 5007//5174 5008//5175 4993//5160
f 4984//5151 5006//5173 5008//5175
f 5004//5171 5010//5177 5009//5176
f 4804//4971 4802//4969 5009//5176
f 4905//5072 5011//5178 4987//5154
f 5010//5177 5011//5178 4905//5072
f 5004//5171 5007//5174 5011//5178
f 5017//5184 5014//5181 5013//5180
f 5099//5266 5096//5263 5095//5262
f 5126//5293 5127//5294 5121//5288
f 5176//5343 5175//5342 5177//5344
f 5171//5338 5184//5351 5185//5352
f 5182//5349 5185//5352 5188//5355
f 5195//5362 5215//5382 5214//5381
f 5117//5284 5223//5390 5222//5389
f 5224//5391 5223//5390 5225//5392
f 5243//5410 5244//5411 5240//5407
f 1762//1768 1759//1765 5240//5407
f 5262//5429 5261//5428 5263//5430
f 5266//5433 5265//5432 5244//5411
f 5269//5436 5267//5434 5234//5401
f 5270//5437 5269//5436 5273//5440
f 5272//5439 5279//5446 5277//5444
f 5298//5465 5294//5461 5293//5460
f 5262//5429 5299//5466 5295//5462
f 5264//5431 5301//5468 5299//5466
f 5300//5467 5299//5466 5301//5468
f 5302//5469 5301//5468 5303//5470
f 5266//5433 5303//5470 5301//5468
f 5241//5408 5307//5474 5305//5472
f 5242//5409 5310//5477 5307//5474
f 5314//5481 5316//5483 5311//5478
f 5323//5490 5324//5491 5319//5486
f 5334//5501 5333//5500 5344//5511
f 5345//5512 5344//5511 5336//5503
f 5369//5536 5370//5537 5366//5533
f 5364//5531 5363//5530 5366//5533
f 5322//5489 5376//5543 5372//5539
f 5374//5541 5373//5540 5377//5544
f 5360//5527 5382//5549 5338//5505
f 5325//5492 5324//5491 5389//5556
f 5371//5538 5389//5556 5324//5491
f 5374//5541 5390//5557 5389//5556
f 5386//5553 5389//5556 5390//5557
f 5348//5515 5393//5560 5378//5545
f 5378//5545 5393//5560 5390//5557
f 5397//5564 5394//5561 5408//5575
f 5448//5615 5451//5618 5447//5614
f 5472//5639 5473//5640 5469//5636
f 5485//5652 5484//5651 5486//5653
f 5401//5568 5489//5656 5488//5655
f 5298//5465 5517//5684 5516//5683
f 5515//5682 5516//5683 5517//5684
f 5297//5464 5518//5685 5517//5684
f 5296//5463 5520//5687 5518//5685
f 5519//5686 5518//5685 5520//5687
f 5431//5598 5523//5690 5522//5689
f 5519//5686 5523//5690 5513//5680
f 5524//5691 5300//5467 5302//5469
f 5521//5688 5520//5687 5524//5691
f 5526//5693 5529//5696 5528//5695
f 5435//5602 5528//5695 5529//5696
f 5526//5693 5525//5692 5530//5697
f 5543//5710 5546//5713 5464//5631
f 5564//5731 5565//5732 5566//5733
f 5566//5733 5570//5737 5569//5736
f 5573//5740 5574//5741 5571//5738
f 5224//5391 5571//5738 5574//5741
f 5226//5393 5575//5742 5571//5738
f 5572//5739 5571//5738 5575//5742
f 5576//5743 5575//5742 5577//5744
f 5569//5736 5577//5744 5575//5742
f 5573//5740 5572//5739 5581//5748
f 5582//5749 5581//5748 5572//5739
f 5578//5745 5585//5752 5582//5749
f 5589//5756 5591//5758 5587//5754
f 5584//5751 5580//5747 5587//5754
f 5098//5265 5594//5761 5593//5760
f 5591//5758 5593//5760 5594//5761
f 5595//5762 5593//5760 5591//5758
f 5099//5266 5593//5760 5595//5762
f 5595//5762 5603//5770 5602//5769
f 5606//5773 5607//5774 5604//5771
f 5608//5775 5607//5774 5095//5262
f 5609//5776 5604//5771 5607//5774
f 5608//5775 5610//5777 5613//5780
f 5111//5278 5620//5787 5618//5785
f 5606//5773 5626//5793 5594//5761
f 5627//5794 5626//5793 5628//5795
f 5583//5750 5636//5803 5635//5802
f 5609//5776 5613//5780 5669//5836
f 5670//5837 5669//5836 5613//5780
f 5668//5835 5667//5834 5669//5836
f 5668//5835 5674//5841 5673//5840
f 5670//5837 5676//5843 5674//5841
f 5707//5874 5714//5881 5713//5880
f 5716//5883 5713//5880 5714//5881
f 5715//5882 5721//5888 5719//5886
f 5723//5890 5724//5891 5719//5886
f 4819//4986 4818//4985 5736//5903
f 5762//5929 5763//5930 5760//5927
f 5751//5918 5755//5922 5772//5939
f 5784//5951 5785//5952 5782//5949
f 5779//5946 5782//5949 5785//5952
f 5712//5879 5786//5953 5782//5949
f 5715//5882 5714//5881 5806//5973
f 5780//5947 5806//5973 5714//5881
f 5820//5987 5821//5988 5818//5985
f 5810//5977 5817//5984 5828//5995
f 5829//5996 5828//5995 5817//5984
f 5830//5997 5837//6004 5828//5995
f 5828//5995 5837//6004 5827//5994
f 5834//6001 5838//6005 5841//6008
f 5844//6011 5842//6009 5841//6008
f 5846//6013 5842//6009 5844//6011
f 5794//5961 5797//5964 5858//6025
f 5853//6020 5858//6025 5797//5964
f 5861//6028 5859//6026 5858//6025
f 5783//5950 5871//6038 5872//6039
f 5885//6052 5884//6051 5922//6089
f 5881//6048 5921//6088 5934//6101
f 5924//6091 5935//6102 5936//6103
f 5937//6104 5942//6109 5925//6092
f 5941//6108 5943//6110 5942//6109
f 5830//5997 5829//5996 5944//6111
f 5889//6056 5946//6113 5944//6111
f 5945//6112 5944//6111 5946//6113
f 5840//6007 5839//6006 5948//6115
f 5945//6112 5948//6115 5839//6006
f 5947//6114 5949//6116 5948//6115
f 5946//6113 5950//6117 5953//6120
f 5933//6100 5931//6098 5954//6121
f 5941//6108 5940//6107 5960//6127
f 5967//6134 5966//6133 5949//6116
f 5968//6135 5967//6134 5970//6137
f 5953//6120 5970//6137 5967//6134
f 5979//6146 5987//6154 5986//6153
f 5987//6154 5979//6146 4956//5123
f 5988//6155 5987//6154 5981//6148
f 5986//6153 5987//6154 5988//6155
f 5968//6135 5991//6158 5990//6157
f 5993//6160 5990//6157 5991//6158
f 6003//6170 6002//6169 6004//6171
f 6007//6174 6010//6177 6005//6172
f 5900//6067 6011//6178 5911//6078
f 6004//6171 6011//6178 6006//6173
f 6003//6170 6014//6181 6013//6180
f 6005//6172 6010//6177 6014//6181
f 6015//6182 6014//6181 6010//6177
f 5939//6106 5957//6124 6016//6183
f 5992//6159 5991//6158 6018//6185
f 6012//6179 6015//6182 6020//6187
f 6027//6194 6028//6195 6025//6192
f 111//106 2581//2587 6025//6192
f 2580//2586 2588//2594 6033//6200
f 6027//6194 6026//6193 6033//6200
f 6038//6205 6037//6204 6030//6197
f 3805//3959 6037//6204 6040//6207
f 6044//6211 6042//6209 6041//6208
f 6035//6202 6045//6212 6038//6205
f 6046//6213 6045//6212 6042//6209
f 6044//6211 6043//6210 6047//6214
f 6053//6220 6054//6221 6051//6218
f 6044//6211 6048//6215 6054//6221
f 6052//6219 6057//6224 6055//6222
f 3797//3950 6060//6227 6059//6226
f 3792//3943 3803//3957 6060//6227
f 6067//6234 6068//6235 6065//6232
f 6064//6231 6065//6232 6068//6235
f 6066//6233 6071//6238 6069//6236
f 6083//6250 6082//6249 6079//6246
f 6108//6275 6105//6272 6104//6271
f 2674//2681 6105//6272 6108//6275
f 2675//2682 6106//6273 6105//6272
f 6125//6292 6126//6293 6123//6290
f 6138//6305 6135//6302 6134//6301
f 6139//6306 6140//6307 6135//6302
f 6149//6316 6147//6314 6146//6313
f 6150//6317 6151//6318 6147//6314
f 6151//6318 6155//6322 6152//6319
f 6153//6320 6155//6322 6151//6318
f 6152//6319 6155//6322 6154//6321
f 6156//6323 6159//6326 6158//6325
f 6161//6328 6158//6325 6159//6326
f 6107//6274 6165//6332 6162//6329
f 6150//6317 6171//6338 6168//6335
f 6159//6326 6172//6339 6175//6342
f 6195//6362 6194//6361 6198//6365
f 6215//6382 6214//6381 6213//6380
f 6218//6385 6219//6386 6216//6383
f 6218//6385 6232//6399 6221//6388
f 3861//4029 6234//6401 6216//6383
f 6235//6402 6234//6401 6236//6403
f 6138//6305 6240//6407 6239//6406
f 6137//6304 6242//6409 6240//6407
f 6231//6398 6228//6395 6379//6572
f 6382//6575 6383//6576 6379//6572
f 6380//6573 6379//6572 6383//6576
f 6388//6581 6387//6580 6383//6576
f 6388//6581 6394//6591 6392//6589
f 6137//6304 6134//6301 6398//6595
f 6400//6597 6398//6595 6134//6301
f 6405//6604 6404//6603 6406//6605
f 6430//6628 6431//6629 6428//6626
f 6143//6310 6431//6629 6430//6628
f 6142//6309 6152//6319 6431//6629
f 6428//6626 6431//6629 6152//6319
f 6389//6582 6432//6630 6425//6623
f 6401//6598 6400//6597 6433//6631
f 6429//6627 6435//6633 6433//6631
f 6405//6604 6407//6606 6438//6636
f 6429//6627 6428//6626 6439//6639
f 6440//6640 6439//6639 6441//6641
f 6440//6640 6443//6643 6435//6633
f 6199//6366 6455//6659 6453//6657
f 6165//6332 6459//6663 6176//6343
f 6107//6274 6460//6664 6459//6663
f 6462//6666 6459//6663 6460//6664
f 6180//6347 6176//6343 6459//6663
f 6461//6665 6476//6684 6479//6687
f 6478//6686 6487//6695 6486//6694
f 6490//6698 6489//6697 6486//6694
f 6492//6700 6491//6699 6493//6701
f 6497//6705 6498//6706 6495//6703
f 6490//6698 6499//6707 6493//6701
f 6485//6693 6498//6706 6499//6707
f 6492//6700 6501//6709 6367//6558
f 6116//6283 6131//6298 6505//6713
f 6510//6718 6519//6727 6513//6721
f 6518//6726 6520//6728 6519//6727
f 6548//6760 6547//6759 6086//6253
f 6561//6773 6562//6774 6559//6771
f 6088//6255 6559//6771 6562//6774
f 6080//6247 6077//6244 6559//6771
f 6564//6776 6563//6775 6562//6774
f 6565//6777 6569//6781 6078//6245
f 6566//6778 6565//6777 6074//6241
f 6573//6785 6574//6786 6571//6783
f 6078//6245 6569//6781 6574//6786
f 6570//6782 6571//6783 6574//6786
f 6595//6816 6591//6812 6590//6811
f 6557//6769 6564//6776 6601//6822
f 6609//6830 6605//6826 6604//6825
f 3823//3977 6605//6826 6609//6830
f 6604//6825 6611//6832 6610//6831
f 6612//6833 6611//6832 6614//6835
f 6640//6861 6645//6866 6656//6877
f 3836//3996 3835//3995 6669//6890
f 6682//6903 6683//6904 6680//6901
f 3836//3996 6668//6889 6680//6901
f 6681//6902 6680//6901 6668//6889
f 6686//6907 6687//6908 6684//6905
f 6681//6902 6684//6905 6687//6908
f 6238//6405 6689//6910 6688//6909
f 6685//6906 6688//6909 6689//6910
f 6694//6915 6692//6913 6236//6403
f 6702//6923 6703//6924 6699//6920
f 6646//6867 6713//6934 6712//6933
f 3891//4059 6713//6934 6646//6867
f 3894//4062 6714//6935 6713//6934
f 6647//6868 6712//6933 6717//6938
f 6651//6872 6719//6940 6637//6858
f 6655//6876 6716//6937 6719//6940
f 4335//4502 6727//6948 6723//6944
f 6728//6949 6724//6945 6723//6944
f 6733//6954 6734//6955 6731//6952
f 3951//4119 3953//4121 6731//6952
f 3952//4120 6735//6956 6731//6952
f 6740//6961 6741//6962 6737//6958
f 4128//4296 4127//4295 6752//6973
f 4299//4467 6752//6973 4127//4295
f 6761//6982 6760//6981 6758//6979
f 6754//6975 6760//6981 6763//6984
f 6736//6957 6735//6956 6764//6985
f 6770//6991 6768//6989 6767//6988
f 6751//6972 6750//6971 6774//6995
f 3979//4147 6778//6999 6777//6998
f 6771//6992 6777//6998 6778//6999
f 6714//6935 6780//7001 6779//7000
f 6769//6990 6783//7004 6779//7000
f 6733//6954 6767//6988 6784//7005
f 6787//7008 6785//7006 6775//6996
f 3977//4145 6791//7012 6778//6999
f 3978//4146 6720//6941 6791//7012
f 6790//7011 6793//7014 6792//7013
f 6786//7007 6792//7013 6763//6984
f 6772//6993 6770//6991 6800//7021
f 6736//6957 6793//7014 6800//7021
f 6803//7024 6804//7025 6801//7022
f 6566//6778 6801//7022 6804//7025
f 6073//6240 6805//7026 6801//7022
f 6802//7023 6801//7022 6805//7026
f 6809//7030 6810//7031 6807//7028
f 6808//7029 6807//7028 6811//7032
f 4362//4529 4361//4528 6813//7034
f 4366//4533 6815//7036 6813//7034
f 6808//7029 6813//7034 6815//7036
f 6812//7033 6814//7035 6813//7034
f 6812//7033 6811//7032 6818//7039
f 4370//4537 4369//4536 6824//7045
f 6823//7044 6822//7043 6830//7051
f 6834//7055 6833//7054 6837//7058
f 6845//7066 6847//7068 6843//7064
f 6838//7059 6837//7058 6849//7070
f 6851//7072 6849//7070 6837//7058
f 6848//7069 6847//7068 6849//7070
f 6851//7072 6860//7081 6857//7078
f 6836//7057 6861//7082 6860//7081
f 6052//6219 6051//6218 6862//7083
f 6852//7073 6862//7083 6051//6218
f 6835//7056 6862//7083 6861//7082
f 6844//7065 6865//7086 6864//7085
f 6281//6451 6280//6450 6865//7086
f 6850//7071 6869//7090 6868//7089
f 6845//7066 6864//7085 6869//7090
f 6870//7091 6869//7090 6864//7085
f 6867//7088 6874//7095 6871//7092
f 6064//6231 6063//6230 6876//7097
f 6834//7055 6876//7097 6063//6230
f 6838//7059 6868//7089 6876//7097
f 6873//7094 6876//7097 6868//7089
f 6689//6910 6897//7118 6899//7120
f 6691//6912 6905//7126 6245//6412
f 3853//4021 6708//6929 6916//7137
f 6913//7134 6917//7138 6916//7137
f 3857//4025 6633//6854 6918//7139
f 6931//7152 6929//7150 6885//7106
f 6924//7145 6930//7151 6929//7150
f 6148//6315 6146//6313 6932//7153
f 6928//7149 6930//7151 6933//7154
f 6923//7144 6933//7154 6930//7151
f 6072//6239 6071//6238 6935//7156
f 6872//7093 6935//7156 6071//6238
f 4439//4606 6971//7192 6973//7194
f 3435//7248 7023//7249 7024//7246
f 2633//7244 7022//7243 7023//7249
f 7026//7251 7025//7250 7027//7252
f 7026//7251 7029//7254 253//267
f 7028//7253 7030//7255 7029//7254
f 3219//7256 7033//7258 7031//7260
f 3218//3335 7033//7258 3219//7256
f 7031//7260 7033//7258 7032//7257
f 7034//7259 7032//7257 7035//7261
f 7036//7262 7035//7261 3245//3365
f 3236//3356 7037//7264 3247//3369
f 3238//3358 7041//7268 7039//7266
f 7042//7269 7041//7268 7030//7255
f 3343//3473 3340//3470 7043//7270
f 3423//7278 7050//7279 7049//7276
f 832//7358 3433//7281 7051//7280
f 3424//7277 7049//7276 7051//7280
f 7055//7285 7053//7283 7052//7282
f 6725//6946 7062//7292 4334//4501
f 7069//7299 7067//7297 7066//7296
f 4418//4585 4417//4584 7070//7300
f 7069//7299 7072//7302 7070//7300
f 7077//7307 7075//7305 7074//7304
f 7080//7310 7078//7308 7075//7305
f 4346//4513 7083//7313 7082//7312
f 4348//4515 7079//7309 7083//7313
f 4357//4524 4356//4523 7087//7317
f 6598//6819 7088//7318 6587//6808
f 7090//7320 7088//7318 6598//6819
f 7089//7319 7088//7318 7090//7320
f 7093//7323 7092//7322 7094//7324
f 7094//7324 7097//7327 7096//7326
f 7091//7321 7096//7326 7097//7327
f 7057//7287 7098//7328 6759//6980
f 7106//7336 7107//7337 7104//7334
f 3884//4052 3917//4085 7107//7337
f 7107//7337 3917//4085 3914//4082
f 7108//7338 7104//7334 3914//4082
f 7104//7334 7108//7338 7109//7339
f 7113//7343 7112//7342 6609//6830
f 7068//7298 7117//7347 7116//7346
f 7118//7348 7117//7347 4383//4550
f 4378//4545 4377//4544 7120//7350
f 7063//7293 7120//7350 4377//4544
f 6629//6850 7125//7355 7122//7352
f 7124//7354 7125//7355 7126//7356
f 7093//7323 7126//7356 6631//6852
f 7127//7357 7126//7356 7093//7323
f 7095//7325 7096//7326 7129//7359 7127//7357
f 7096//7326 7091//7321 7142//7360 7129//7359
f 7091//7321 7090//7320 7155//7361 7142//7360
f 7090//7320 6599//6820 7168//7362 7155//7361
f 6599//6820 6596//6817 7181//7363 7168//7362
f 6596//6817 6593//6814 7194//7364 7181//7363
f 6593//6814 6592//6813 7207//7365 7194//7364
f 6592//6813 6570//6782 7220//7366 7207//7365
f 6570//6782 6568//6780 7233//7367 7220//7366
f 6568//6780 6567//6779 7246//7368 7233//7367
f 6567//6779 6804//7025 7259//7369 7246//7368
f 6804//7025 6803//7024 7272//7370 7259//7369
f 6803//7024 6810//7031 7285//7371 7272//7370
f 6810//7031 6809//7030 6815//7036 7285//7371
f 7127//7357 7129//7359 7130//7372 7124//7354
f 7129//7359 7142//7360 7143//7373 7130//7372
f 7142//7360 7155//7361 7156//7374 7143//7373
f 7155//7361 7168//7362 7169//7375 7156//7374
f 7168//7362 7181//7363 7182//7376 7169//7375
f 7181//7363 7194//7364 7195//7377 7182//7376
f 7194//7364 7207//7365 7208//7378 7195//7377
f 7207//7365 7220//7366 7221//7379 7208//7378
f 7220//7366 7233//7367 7234//7380 7221//7379
f 7233//7367 7246//7368 7247//7381 7234//7380
f 7246//7368 7259//7369 7260//7382 7247//7381
f 7259//7369 7272//7370 7273//7383 7260//7382
f 7272//7370 7285//7371 7286//7384 7273//7383
f 7285//7371 6815//7036 4366//4533 7286//7384
f 7124//7354 7130//7372 7131//7385 7123//7353
f 7130//7372 7143//7373 7144//7386 7131//7385
f 7143//7373 7156//7374 7157//7387 7144//7386
f 7156//7374 7169//7375 7170//7388 7157//7387
f 7169//7375 7182//7376 7183//7389 7170//7388
f 7182//7376 7195//7377 7196//7390 7183//7389
f 7195//7377 7208//7378 7209//7391 7196//7390
f 7208//7378 7221//7379 7222//7392 7209//7391
f 7221//7379 7234//7380 7235//7393 7222//7392
f 7234//7380 7247//7381 7248//7394 7235//7393
f 7247//7381 7260//7382 7261//7395 7248//7394
f 7260//7382 7273//7383 7274//7396 7261//7395
f 7273//7383 7286//7384 7287//7397 7274//7396
f 7286//7384 4366//4533 4364//4531 7287//7397
f 7123//7353 7131//7385 7132//7398 6613//6834
f 7131//7385 7144//7386 7145//7399 7132//7398
f 7144//7386 7157//7387 7158//7400 7145//7399
f 7157//7387 7170//7388 7171//7401 7158//7400
f 7170//7388 7183//7389 7184//7402 7171//7401
f 7183//7389 7196//7390 7197//7403 7184//7402
f 7196//7390 7209//7391 7210//7404 7197//7403
f 7209//7391 7222//7392 7223//7405 7210//7404
f 7222//7392 7235//7393 7236//7406 7223//7405
f 7235//7393 7248//7394 7249//7407 7236//7406
f 7248//7394 7261//7395 7262//7408 7249//7407
f 7261//7395 7274//7396 7275//7409 7262//7408
f 7274//7396 7287//7397 7288//7410 7275//7409
f 7287//7397 4364//4531 4363//4530 7288//7410
f 6613//6834 7132//7398 7133//7411 6610//6831
f 7132//7398 7145//7399 7146//7412 7133//7411
f 7145//7399 7158//7400 7159//7413 7146//7412
f 7158//7400 7171//7401 7172//7414 7159//7413
f 7171//7401 7184//7402 7185//7415 7172//7414
f 7184//7402 7197//7403 7198//7416 7185//7415
f 7197//7403 7210//7404 7211//7417 7198//7416
f 7210//7404 7223//7405 7224//7418 7211//7417
f 7223//7405 7236//7406 7237//7419 7224//7418
f 7236//7406 7249//7407 7250//7420 7237//7419
f 7249//7407 7262//7408 7263//7421 7250//7420
f 7262//7408 7275//7409 7276//7422 7263//7421
f 7275//7409 7288//7410 7289//7423 7276//7422
f 7288//7410 4363//4530 7086//7316 7289//7423
f 6610//6831 7133//7411 7134//7424 6608//6829
f 7133//7411 7146//7412 7147//7425 7134//7424
f 7146//7412 7159//7413 7160//7426 7147//7425
f 7159//7413 7172//7414 7173//7427 7160//7426
f 7172//7414 7185//7415 7186//7428 7173//7427
f 7185//7415 7198//7416 7199//7429 7186//7428
f 7198//7416 7211//7417 7212//7430 7199//7429
f 7211//7417 7224//7418 7225//7431 7212//7430
f 7224//7418 7237//7419 7238//7432 7225//7431
f 7237//7419 7250//7420 7251//7433 7238//7432
f 7250//7420 7263//7421 7264//7434 7251//7433
f 7263//7421 7276//7422 7277//7435 7264//7434
f 7276//7422 7289//7423 7290//7436 7277//7435
f 7289//7423 7086//7316 7085//7315 7290//7436
f 6608//6829 7134//7424 7135//7437 7113//7343
f 7134//7424 7147//7425 7148//7438 7135//7437
f 7147//7425 7160//7426 7161//7439 7148//7438
f 7160//7426 7173//7427 7174//7440 7161//7439
f 7173//7427 7186//7428 7187//7441 7174//7440
f 7186//7428 7199//7429 7200//7442 7187//7441
f 7199//7429 7212//7430 7213//7443 7200//7442
f 7212//7430 7225//7431 7226//7444 7213//7443
f 7225//7431 7238//7432 7239//7445 7226//7444
f 7238//7432 7251//7433 7252//7446 7239//7445
f 7251//7433 7264//7434 7265//7447 7252//7446
f 7264//7434 7277//7435 7278//7448 7265//7447
f 7277//7435 7290//7436 7291//7449 7278//7448
f 7290//7436 7085//7315 7084//7314 7291//7449
f 7113//7343 7135//7437 7136//7450 7110//7340
f 7135//7437 7148//7438 7149//7451 7136//7450
f 7148//7438 7161//7439 7162//7452 7149//7451
f 7161//7439 7174//7440 7175//7453 7162//7452
f 7174//7440 7187//7441 7188//7454 7175//7453
f 7187//7441 7200//7442 7201//7455 7188//7454
f 7200//7442 7213//7443 7214//7456 7201//7455
f 7213//7443 7226//7444 7227//7457 7214//7456
f 7226//7444 7239//7445 7240//7458 7227//7457
f 7239//7445 7252//7446 7253//7459 7240//7458
f 7252//7446 7265//7447 7266//7460 7253//7459
f 7265//7447 7278//7448 7279//7461 7266//7460
f 7278//7448 7291//7449 7292//7462 7279//7461
f 7291//7449 7084//7314 7081//7311 7292//7462
f 7110//7340 7136//7450 7137//7463 7115//7345
f 7136//7450 7149//7451 7150//7464 7137//7463
f 7149//7451 7162//7452 7163//7465 7150//7464
f 7162//7452 7175//7453 7176//7466 7163//7465
f 7175//7453 7188//7454 7189//7467 7176//7466
f 7188//7454 7201//7455 7202//7468 7189//7467
f 7201//7455 7214//7456 7215//7469 7202//7468
f 7214//7456 7227//7457 7228//7470 7215//7469
f 7227//7457 7240//7458 7241//7471 7228//7470
f 7240//7458 7253//7459 7254//7472 7241//7471
f 7253//7459 7266//7460 7267//7473 7254//7472
f 7266//7460 7279//7461 7280//7474 7267//7473
f 7279//7461 7292//7462 7293//7475 7280//7474
f 7292//7462 7081//7311 7080//7310 7293//7475
f 7115//7345 7137//7463 7138//7476 7055//7285
f 7137//7463 7150//7464 7151//7477 7138//7476
f 7150//7464 7163//7465 7164//7478 7151//7477
f 7163//7465 7176//7466 7177//7479 7164//7478
f 7176//7466 7189//7467 7190//7480 7177//7479
f 7189//7467 7202//7468 7203//7481 7190//7480
f 7202//7468 7215//7469 7216//7482 7203//7481
f 7215//7469 7228//7470 7229//7483 7216//7482
f 7228//7470 7241//7471 7242//7484 7229//7483
f 7241//7471 7254//7472 7255//7485 7242//7484
f 7254//7472 7267//7473 7268//7486 7255//7485
f 7267//7473 7280//7474 7281//7487 7268//7486
f 7280//7474 7293//7475 7294//7488 7281//7487
f 7293//7475 7080//7310 7077//7307 7294//7488
f 7055//7285 7138//7476 7139//7489 7109//7339
f 7138//7476 7151//7477 7152//7490 7139//7489
f 7151//7477 7164//7478 7165//7491 7152//7490
f 7164//7478 7177//7479 7178//7492 7165//7491
f 7177//7479 7190//7480 7191//7493 7178//7492
f 7190//7480 7203//7481 7204//7494 7191//7493
f 7203//7481 7216//7482 7217//7495 7204//7494
f 7216//7482 7229//7483 7230//7496 7217//7495
f 7229//7483 7242//7484 7243//7497 7230//7496
f 7242//7484 7255//7485 7256//7498 7243//7497
f 7255//7485 7268//7486 7269//7499 7256//7498
f 7268//7486 7281//7487 7282//7500 7269//7499
f 7281//7487 7294//7488 7295//7501 7282//7500
f 7294//7488 7077//7307 7076//7306 7295//7501
f 7109//7339 7139//7489 7140//7502 7105//7335
f 7139//7489 7152//7490 7153//7503 7140//7502
f 7152//7490 7165//7491 7166//7504 7153//7503
f 7165//7491 7178//7492 7179//7505 7166//7504
f 7178//7492 7191//7493 7192//7506 7179//7505
f 7191//7493 7204//7494 7205//7507 7192//7506
f 7204//7494 7217//7495 7218//7508 7205//7507
f 7217//7495 7230//7496 7231//7509 7218//7508
f 7230//7496 7243//7497 7244//7510 7231//7509
f 7243//7497 7256//7498 7257//7511 7244//7510
f 7256//7498 7269//7499 7270//7512 7257//7511
f 7269//7499 7282//7500 7283//7513 7270//7512
f 7282//7500 7295//7501 7296//7514 7283//7513
f 7295//7501 7076//7306 7073//7303 7296//7514
f 7105//7335 7140//7502 7141//7515 7106//7336
f 7140//7502 7153//7503 7154//7516 7141//7515
f 7153//7503 7166//7504 7167//7517 7154//7516
f 7166//7504 7179//7505 7180//7518 7167//7517
f 7179//7505 7192//7506 7193//7519 7180//7518
f 7192//7506 7205//7507 7206//7520 7193//7519
f 7205//7507 7218//7508 7219//7521 7206//7520
f 7218//7508 7231//7509 7232//7522 7219//7521
f 7231//7509 7244//7510 7245//7523 7232//7522
f 7244//7510 7257//7511 7258//7524 7245//7523
f 7257//7511 7270//7512 7271//7525 7258//7524
f 7270//7512 7283//7513 7284//7526 7271//7525
f 7283//7513 7296//7514 7297//7527 7284//7526
f 7296//7514 7073//7303 7072//7302 7297//7527
f 7106//7336 7141//7515 7059//7289 7060//7290
f 7141//7515 7154//7516 7061//7291 7059//7289
f 7154//7516 7167//7517 7100//7330 7061//7291
f 7167//7517 7180//7518 7101//7331 7100//7330
f 7180//7518 7193//7519 7102//7332 7101//7331
f 7193//7519 7206//7520 6721//6942 7102//7332
f 7206//7520 7219//7521 6722//6943 6721//6942
f 7219//7521 7232//7522 6726//6947 6722//6943
f 7232//7522 7245//7523 7064//7294 6726//6947
f 7245//7523 7258//7524 7065//7295 7064//7294
f 7258//7524 7271//7525 7121//7351 7065//7295
f 7271//7525 7284//7526 7119//7349 7121//7351
f 7284//7526 7297//7527 7116//7346 7119//7349
f 7297//7527 7072//7302 7069//7299 7116//7346
f 7040//7267 7298//7528 3248//3370 7038//7265
f 7298//7528 7324//7529 3249//3371 3248//3370
f 7324//7529 7350//7530 3246//3366 3249//3371
f 7350//7530 7034//7259 7036//7262 3246//3366
f 7042//7269 7299//7531 7298//7528 7040//7267
f 7299//7531 7325//7532 7324//7529 7298//7528
f 7325//7532 7351//7533 7350//7530 7324//7529
f 7351//7533 7031//7260 7034//7259 7350//7530
f 7028//7253 7300//7534 7299//7531 7042//7269
f 7300//7534 7326//7535 7325//7532 7299//7531
f 7326//7535 7352//7536 7351//7533 7325//7532
f 7352//7536 3219//7256 7031//7260 7351//7533
f 7027//7252 7301//7537 7300//7534 7028//7253
f 7301//7537 7327//7538 7326//7535 7300//7534
f 7327//7538 7353//7539 7352//7536 7326//7535
f 7353//7539 3215//3332 3219//7256 7352//7536
f 293//304 7302//7540 7301//7537 7027//7252
f 7302//7540 7328//7541 7327//7538 7301//7537
f 7328//7541 7354//7542 7353//7539 7327//7538
f 7354//7542 3216//3333 3215//3332 7353//7539
f 288//299 7303//7543 7302//7540 293//304
f 7303//7543 7329//7544 7328//7541 7302//7540
f 7329//7544 7355//7545 7354//7542 7328//7541
f 7355//7545 3222//3339 3216//3333 7354//7542
f 291//302 7304//7546 7303//7543 288//299
f 7304//7546 7330//7547 7329//7544 7303//7543
f 7330//7547 7356//7548 7355//7545 7329//7544
f 7356//7548 3221//3340 3222//3339 7355//7545
f 352//363 7305//7549 7304//7546 291//302
f 7305//7549 7331//7550 7330//7547 7304//7546
f 7331//7550 7357//7551 7356//7548 7330//7547
f 7357//7551 3220//3338 3221//3340 7356//7548
f 308//319 7306//7552 7305//7549 352//363
f 7306//7552 7332//7553 7331//7550 7305//7549
f 7332//7553 7358//7554 7357//7551 7331//7550
f 7358//7554 3195//3303 3220//3338 7357//7551
f 306//317 7307//7555 7306//7552 308//319
f 7307//7555 7333//7556 7332//7553 7306//7552
f 7333//7556 7359//7557 7358//7554 7332//7553
f 7359//7557 3196//3304 3195//3303 7358//7554
f 305//316 7308//7558 7307//7555 306//317
f 7308//7558 7334//7559 7333//7556 7307//7555
f 7334//7559 7360//7560 7359//7557 7333//7556
f 7360//7560 2641//2648 3196//3304 7359//7557
f 322//333 7309//7561 7308//7558 305//316
f 7309//7561 7335//7562 7334//7559 7308//7558
f 7335//7562 7361//7563 7360//7560 7334//7559
f 7361//7563 2636//2643 2641//2648 7360//7560
f 323//334 7310//7564 7309//7561 322//333
f 7310//7564 7336//7565 7335//7562 7309//7561
f 7336//7565 7362//7566 7361//7563 7335//7562
f 7362//7566 2633//7567 2636//2643 7361//7563
f 3348//3478 7311//7568 7310//7564 323//334
f 7311//7568 7337//7569 7336//7565 7310//7564
f 7337//7569 7363//7570 7362//7566 7336//7565
f 7363//7570 3435//7571 2633//7567 7362//7566
f 3349//3479 7312//7572 7311//7568 3348//3478
f 7312//7572 7338//7573 7337//7569 7311//7568
f 7338//7573 7364//7574 7363//7570 7337//7569
f 7364//7574 3430//7575 3435//7571 7363//7570
f 7047//7274 7313//7576 7312//7572 3349//3479
f 7313//7576 7339//7577 7338//7573 7312//7572
f 7339//7577 7365//7578 7364//7574 7338//7573
f 7365//7578 3423//7579 3430//7575 7364//7574
f 7046//7273 7314//7580 7313//7576 7047//7274
f 7314//7580 7340//7581 7339//7577 7313//7576
f 7340//7581 7366//7582 7365//7578 7339//7577
f 7366//7582 3424//7583 3423//7579 7365//7578
f 7045//7272 7315//7584 7314//7580 7046//7273
f 7315//7584 7341//7585 7340//7581 7314//7580
f 7341//7585 7367//7586 7366//7582 7340//7581
f 7367//7586 3433//7587 3424//7583 7366//7582
f 315//326 7316//7588 7315//7584 7045//7272
f 7316//7588 7342//7589 7341//7585 7315//7584
f 7342//7589 7368//7590 7367//7586 7341//7585
f 7368//7590 832//841 3433//7587 7367//7586
f 313//324 7317//7591 7316//7588 315//326
f 7317//7591 7343//7592 7342//7589 7316//7588
f 7343//7592 7369//7593 7368//7590 7342//7589
f 7369//7593 831//842 832//841 7368//7590
f 314//325 7318//7594 7317//7591 313//324
f 7318//7594 7344//7595 7343//7592 7317//7591
f 7344//7595 7370//7596 7369//7593 7343//7592
f 7370//7596 822//835 831//842 7369//7593
f 797//803 7319//7597 7318//7594 314//325
f 7319//7597 7345//7598 7344//7595 7318//7594
f 7345//7598 7371//7599 7370//7596 7344//7595
f 7371//7599 821//836 822//835 7370//7596
f 799//805 7320//7600 7319//7597 797//803
f 7320//7600 7346//7601 7345//7598 7319//7597
f 7346//7601 7372//7602 7371//7599 7345//7598
f 7372//7602 808//824 821//836 7371//7599
f 805//811 7321//7603 7320//7600 799//805
f 7321//7603 7347//7604 7346//7601 7320//7600
f 7347//7604 7373//7605 7372//7602 7346//7601
f 7373//7605 807//825 808//824 7372//7602
f 804//810 7322//7606 7321//7603 805//811
f 7322//7606 7348//7607 7347//7604 7321//7603
f 7348//7607 7374//7608 7373//7605 7347//7604
f 7374//7608 806//826 807//825 7373//7605
f 851//857 7323//7609 7322//7606 804//810
f 7323//7609 7349//7610 7348//7607 7322//7606
f 7349//7610 7375//7611 7374//7608 7348//7607
f 7375//7611 857//863 806//826 7374//7608
f 850//856 853//889 7323//7609 851//857
f 853//889 854//890 7349//7610 7323//7609
f 854//890 855//895 7375//7611 7349//7610
f 855//895 856//864 857//863 7375//7611
f 3214//7263 7419//3330 7418//3317 3205//3368
f 3212//3337 7387//3328 7419//3330 3214//7263
f 2955//3292 7379//2995 7400//3327 3211//3336
f 3211//3336 7400//3327 7387//3328 3212//3337
f 3208//3367 7376//3320 7386//3311 3201//3354
f 3205//3368 7418//3317 7376//3320 3208//3367
f 3204//3353 7410//3314 7384//3087 3013//3310
f 3201//3354 7386//3311 7410//3314 3204//3353
f 3031//3113 3038//3123 7385//3122 7409//3117
f 2951//2989 3037//3124 7385//3122 7381//2987
f 3020//3102 7417//3098 7416//3116 3033//3119
f 3033//3119 7416//3116 7409//3117 3034//3120
f 3008//3083 7407//3078 7421//3097 3019//3101
f 3019//3101 7421//3097 7417//3098 3020//3102
f 3016//3309 7408//3090 7420//2971 2940//3140
f 3013//3310 7384//3087 7408//3090 3016//3309
f 2998//3067 3006//3077 7399//3079 7398//3068
f 3008//3083 3009//3081 7399//3079 7407//3078
f 2945//3135 7411//2979 7380//3066 2997//3153
f 2997//3153 7380//3066 7398//3068 2999//3082
f 2948//2986 2994//3059 7383//3060 7388//2984
f 2993//3056 2995//3061 7383//3060 7406//3054
f 2991//3052 2990//3051 7397//3053 7406//3054
f 2989//3048 2992//3055 7397//3053 7405//3046
f 2987//3044 2986//3043 7396//3045 7405//3046
f 2988//3047 7396//3045 7404//3040 2985//3190
f 2985//3190 7404//3040 7395//3039 2984//3206
f 2984//3206 7395//3039 7415//3032 2980//3203
f 2980//3203 7415//3032 7394//3031 2979//3218
f 2979//3218 7394//3031 7414//3026 2976//3215
f 2976//3215 7414//3026 7393//3025 2975//3230
f 2975//3230 7393//3025 7403//3022 2973//3227
f 2973//3227 7403//3022 7392//3021 2972//3242
f 2972//3242 7392//3021 7402//3016 2969//3239
f 2969//3239 7402//3016 7391//3015 2968//3254
f 2968//3254 7391//3015 7401//3010 2965//3251
f 2965//3251 7401//3010 7390//3009 2964//3267
f 2964//3267 7390//3009 7413//3002 2960//3268
f 2960//3268 7413//3002 7389//3001 2959//3278
f 2959//3278 7389//3001 7412//2996 2956//3275
f 2956//3275 7412//2996 7382//2994 2954//3291
f 2954//3291 7382//2994 7379//2995 2955//3292
f 2947//2983 2946//2982 7378//2985 7381//2987
f 2949//3062 2950//2988 7378//2985 7388//2984
f 2943//3138 7377//2974 7411//2979 2945//3135
f 2940//3140 7420//2971 7377//2974 2943//3138
f 1//243 7429//7612 7442//233 2//236
f 3//130 7422//7613 7429//7612 1//243
f 4//128 7443//7614 7422//7613 3//130
f 5//129 7430//7615 7443//7614 4//128
f 6//143 7444//7616 7430//7615 5//129
f 7//147 7423//7617 7444//7616 6//143
f 8//161 7445//7618 7423//7617 7//147
f 9//160 7431//7619 7445//7618 8//161
f 10//176 7436//7620 7431//7619 9//160
f 11//3 7424//2 7436//7620 10//176
f 13//5 14//9 7437//8 7432//6
f 218//2635 219//223 7435//222 7433//7621
f 220//224 221//227 7426//226 7446//221
f 222//228 223//231 7438//230 7447//225
f 225//240 226//235 7428//234 7427//237
f 224//232 227//239 7439//238 7448//229
f 255//3403 7449//7622 7450//7623 256//3400
f 218//2635 7433//7621 7449//7622 255//3403
f 257//3409 7440//7624 7451//7625 258//3406
f 256//3400 7450//7623 7440//7624 257//3409
f 259//3416 7452//7626 7453//272 260//271
f 258//3406 7451//7625 7452//7626 259//3416
f 261//270 7441//269 7454//7627 262//3430
f 263//3457 264//275 7455//274 7456//7628
f 266//3453 7457//7629 7458//7630 267//283
f 263//3457 7456//7628 7457//7629 266//3453
f 267//283 7458//7630 7459//277 268//278
f 2834//3651 7425//7631 7460//2841 2835//2844
f 262//3430 7454//7627 7425//7631 2834//3651
f 265//276 2836//2843 7434//2842 7461//273
f 7460//2841 7425//7631 7454//7627 7441//269 7453//272 7452//7626 7451//7625 7440//7624 7450//7623 7449//7622 7433//7621 7435//222 7446//221 7426//226 7447//225 7438//230 7448//229 7439//238 7427//237 7428//234 7442//233 7429//7612 7422//7613 7443//7614 7430//7615 7444//7616 7423//7617 7445//7618 7431//7619 7436//7620 7424//2 7463//1 7432//6 7437//8 7462//7 7459//277 7458//7630 7457//7629 7456//7628 7455//274 7461//273 7434//2842
f 6584//6802 6585//6805 7466//6804 7475//6801
f 6581//6806 6582//6797 7468//6796 7465//6803
f 6579//6798 6580//6794 7473//6793 7471//6795
f 6408//6637 7478//7632 7479//6601 6405//6604
f 6353//6638 7480//7633 7478//7632 6408//6637
f 6393//6590 6404//6603 7481//6602 7482//6587
f 6386//6578 6392//6589 7483//6588 7470//7634
f 6390//6791 6391//6585 7467//6584 7464//6792
f 6386//6578 7470//7634 7484//7635 6385//6579
f 6385//6579 7484//7635 7485//6568 6378//6571
f 6351//6543 6377//6570 7486//6569 7487//6540
f 6375//6652 7488//7636 7489//7637 6376//6651
f 6376//6651 7489//7637 7469//7638 6354//6653
f 6373//6677 7490//7639 7491//7640 6374//6682
f 6374//6682 7491//7640 7488//7636 6375//6652
f 6370//6675 7492//7641 7493//7642 6372//6676
f 6372//6676 7493//7642 7490//7639 6373//6677
f 6370//6675 6371//6566 7494//6565 7492//7641
f 6368//6567 6369//6562 7496//6561 7495//6564
f 6366//6563 6367//6558 7498//6557 7497//6560
f 6364//6559 6365//6554 7500//6553 7499//6556
f 6361//6729 7502//7643 7503//7644 6363//6730
f 6362//6555 6363//6730 7503//7644 7501//6552
f 6358//6746 7504//7645 7505//7646 6360//6745
f 6360//6745 7505//7646 7502//7643 6361//6729
f 6358//6746 6359//6550 7506//6549 7504//7645
f 6355//6551 6356//6546 7508//6545 7507//6548
f 6354//6653 7469//7638 7509//7647 6352//6656
f 6352//6656 7509//7647 7480//7633 6353//6638
f 6349//6586 6350//6542 7474//6541 7472//6583
f 7465//6803 7468//6796 7471//6795 7473//6793 7464//6792 7467//6584 7472//6583 7474//6541 7487//6540 7486//6569 7485//6568 7484//7635 7470//7634 7483//6588 7482//6587 7481//6602 7479//6601 7478//7632 7480//7633 7509//7647 7469//7638 7489//7637 7488//7636 7491//7640 7490//7639 7493//7642 7492//7641 7494//6565 7495//6564 7496//6561 7497//6560 7498//6557 7499//6556 7500//6553 7501//6552 7503//7644 7502//7643 7505//7646 7504//7645 7506//6549 7507//6548 7508//6545 7477//6544 7476//6799 7475//6801 7466//6804
f 3837//3997 6250//6417 7513//6420 7514//4001
f 3834//3994 3838//3998 7521//4002 7522//3991
f 3829//3985 3833//3993 7523//3992 7524//3989
f 3826//3982 3830//3986 7525//3990 7526//3979
f 3778//3922 3825//3981 7527//3980 7528//3926
f 3558//3687 3794//3945 7532//3947 7533//3690
f 3786//3935 3784//3930 7536//3933 7535//3938
f 3782//3929 3779//3923 7538//3927 7537//3932
f 7510//6421 7511//6424 7512//4007 7520//4003 7518//4006 7519//4012 7515//4015 7516//4020 7517//3728 7539//3727 7540//3721 7541//3719 7542//3716 7543//3715 7544//3709 7545//3707 7546//3703 7547//3701 7548//3697 7549//3695 7550//3692 7551//3691 7533//3690 7532//3947 7529//3948 7530//3951 7531//3940 7534//3939 7535//3938 7536//3933 7537//3932 7538//3927 7528//3926 7527//3980 7526//3979 7525//3990 7524//3989 7523//3992 7522//3991 7521//4002 7514//4001 7513//6420
f 6347//6534 6346//6533 7586//6536 7590//6538
f 6345//6530 6344//6529 7566//6532 7570//6535
f 6343//6526 6342//6525 7585//6528 7589//6531
f 6341//6522 6340//6521 7565//6524 7569//6527
f 6339//6518 6338//6517 7584//6520 7588//6523
f 6329//6501 6337//6516 7591//6515 7592//6498
f 6336//6513 6335//6510 7557//6512 7564//6514
f 6334//6507 6333//6506 7575//6509 7579//6511
f 6332//6504 6331//6503 7556//6505 7562//6508
f 6330//6502 6328//6500 7594//6499 7583//6519
f 2925//2941 7563//2944 7581//2940 2923//2937
f 7578//2969 7567//6539 7590//6538 7586//6536 7570//6535 7566//6532 7589//6531 7585//6528 7569//6527 7565//6524 7588//6523 7584//6520 7583//6519 7594//6499 7592//6498 7591//6515 7564//6514 7557//6512 7579//6511 7575//6509 7562//6508 7556//6505 7593//2935 7558//2933 7552//2934 7587//2939 7581//2940 7563//2944 7568//2943 7582//2946 7595//2925 7571//2928 7580//2930 7559//2949 7553//2950 7576//2953 7572//2954 7560//2957 7554//2958 7577//2961 7573//2962 7561//2965 7555//2966 7574//2970
f 2947//2983 3038//3123 7610//3125 7611//2980
f 3007//3080 3006//3077 7618//3076 7616//3099
f 2991//3052 2994//3059 7621//3058 7622//3049
f 2987//3044 2990//3051 7623//3050 7624//3041
f 2983//3038 2986//3043 7625//3042 7626//3035
f 2948//2986 2946//2982 7642//2981 7599//3057
f 7600//3065 7619//3075 2998//3067 2996//3063
f 7602//3331 7603//3323 7604//3326 7605//2990 7641//2993 7640//2998 7639//3000 7637//3004 7638//3005 7635//3008 7636//3011 7633//3014 7634//3017 7632//3020 7631//3024 7630//3028 7629//3030 7627//3034 7628//3036 7626//3035 7625//3042 7624//3041 7623//3050 7622//3049 7621//3058 7599//3057 7642//2981 7611//2980 7610//3125 7612//3112 7613//3115 7614//3093 7615//3096 7616//3099 7618//3076 7619//3075 7600//3065 7598//3064 7620//2977 7597//2975 7596//2976 7617//3091 7608//3092 7609//3315 7606//3316 7607//3321 7601//3322
