# 3ds Max Wavefront OBJ Exporter v0.99 - (c)2007 guruware
# File Created: 05.04.2025 16:36:02

mtllib Lampara.mtl

#
# object Cylinder_002
#

v  1.6787 95.6264 -1.3387
v  0.9297 95.6264 -1.9305
v  0.9932 95.8562 -2.0623
v  1.7933 95.8563 -1.4301
v  0.0000 95.6264 -2.1471
v  0.0000 95.8563 -2.2937
v  0.0000 96.1225 -2.4498
v  1.0607 96.1225 -2.2027
v  1.9153 96.1225 -1.5274
v  -2.0933 95.6264 0.4778
v  -1.6752 95.6264 1.3359
v  -1.7896 95.8562 1.4272
v  -2.2362 95.8562 0.5104
v  -0.9316 95.6264 1.9344
v  -0.9952 95.8562 2.0666
v  -1.0629 96.1225 2.2072
v  -1.9114 96.1225 1.5243
v  -2.3884 96.1225 0.5451
v  -0.9297 95.6264 -1.9305
v  -0.9932 95.8562 -2.0623
v  -1.6787 95.6264 -1.3387
v  -1.7933 95.8562 -1.4301
v  -1.9153 96.1225 -1.5274
v  -1.0607 96.1225 -2.2027
v  0.7396 99.8874 -0.5898
v  0.4096 99.8874 -0.8505
v  0.4123 100.0133 -0.8561
v  0.7444 100.0133 -0.5937
v  -0.0000 99.8874 -0.9459
v  -0.0000 100.0133 -0.9521
v  -0.0000 100.1460 -0.9404
v  0.4072 100.1460 -0.8455
v  0.7352 100.1460 -0.5863
v  0.9316 95.6264 1.9344
v  1.6752 95.6264 1.3359
v  1.7896 95.8562 1.4272
v  0.9952 95.8562 2.0666
v  2.0933 95.6264 0.4778
v  2.2362 95.8562 0.5104
v  2.3884 96.1225 0.5451
v  1.9114 96.1225 1.5243
v  1.0629 96.1225 2.2072
v  -2.0890 95.6264 -0.4768
v  -2.2316 95.8562 -0.5094
v  -2.3835 96.1225 -0.5440
v  2.0890 95.6264 -0.4768
v  2.2316 95.8562 -0.5094
v  2.3835 96.1225 -0.5440
v  0.0000 96.1225 2.4447
v  0.0000 96.4485 2.6110
v  -1.1352 96.4485 2.3572
v  1.1352 96.4485 2.3572
v  1.1979 96.8047 2.4874
v  0.0000 96.8047 2.7552
v  -1.1979 96.8047 2.4874
v  0.0000 97.1545 2.8431
v  -1.2361 97.1545 2.5668
v  1.2361 97.1545 2.5668
v  1.2466 97.4858 2.5886
v  0.0000 97.4858 2.8672
v  -1.2466 97.4858 2.5886
v  0.0000 97.7929 2.8268
v  -1.2290 97.7929 2.5521
v  1.2290 97.7929 2.5521
v  1.1838 98.0706 2.4583
v  0.0000 98.0706 2.7229
v  -1.1838 98.0706 2.4583
v  0.0000 98.3141 2.5569
v  -1.1117 98.3141 2.3084
v  1.1117 98.3141 2.3084
v  1.0139 98.5193 2.1054
v  0.0000 98.5193 2.3320
v  -1.0139 98.5193 2.1054
v  0.0000 98.6827 2.0518
v  -0.8921 98.6827 1.8524
v  0.8921 98.6827 1.8524
v  0.7483 98.8014 1.5539
v  0.0000 98.8014 1.7212
v  -0.7483 98.8014 1.5539
v  0.0000 98.8755 1.3617
v  -0.5920 98.8755 1.2293
v  0.5920 98.8755 1.2293
v  0.4604 98.9139 0.9559
v  0.0000 98.9139 1.0588
v  -0.4604 98.9139 0.9559
v  1.1329 96.4485 -2.3524
v  2.0456 96.4485 -1.6313
v  0.0000 96.4485 -2.6164
v  0.0000 96.8047 -2.7609
v  1.1954 96.8047 -2.4824
v  2.1585 96.8047 -1.7214
v  1.2336 97.1545 -2.5616
v  2.2274 97.1545 -1.7763
v  0.0000 97.1545 -2.8490
v  0.0000 97.4858 -2.8731
v  1.2440 97.4858 -2.5833
v  2.2463 97.4858 -1.7914
v  1.2265 97.7929 -2.5469
v  2.2147 97.7929 -1.7662
v  0.0000 97.7929 -2.8327
v  0.0000 98.0706 -2.7285
v  1.1814 98.0706 -2.4532
v  2.1332 98.0706 -1.7012
v  1.1094 98.3141 -2.3037
v  2.0032 98.3141 -1.5975
v  0.0000 98.3141 -2.5622
v  0.0000 98.5193 -2.3368
v  1.0118 98.5193 -2.1011
v  1.8270 98.5193 -1.4570
v  0.8902 98.6827 -1.8486
v  1.6075 98.6827 -1.2819
v  0.0000 98.6827 -2.0560
v  0.0000 98.8014 -1.7248
v  0.7468 98.8014 -1.5508
v  1.3485 98.8014 -1.0754
v  0.5908 98.8755 -1.2268
v  1.0668 98.8755 -0.8508
v  0.0000 98.8755 -1.3645
v  0.0000 98.9139 -1.0610
v  0.4594 98.9139 -0.9540
v  0.8295 98.9139 -0.6616
v  -2.5455 96.4486 -0.5810
v  -2.0456 96.4485 -1.6313
v  -2.5508 96.4485 0.5822
v  -2.6916 96.8047 0.6143
v  -2.6861 96.8047 -0.6131
v  -2.1585 96.8047 -1.7214
v  -2.7719 97.1545 -0.6327
v  -2.2274 97.1545 -1.7763
v  -2.7776 97.1545 0.6339
v  -2.8011 97.4858 0.6393
v  -2.7953 97.4858 -0.6380
v  -2.2463 97.4858 -1.7914
v  -2.7560 97.7929 -0.6290
v  -2.2147 97.7929 -1.7662
v  -2.7616 97.7929 0.6303
v  -2.6601 98.0706 0.6071
v  -2.6546 98.0706 -0.6059
v  -2.1332 98.0706 -1.7012
v  -2.4928 98.3141 -0.5690
v  -2.0032 98.3141 -1.5975
v  -2.4980 98.3141 0.5701
v  -2.2782 98.5193 0.5200
v  -2.2735 98.5193 -0.5189
v  -1.8270 98.5193 -1.4570
v  -2.0003 98.6827 -0.4566
v  -1.6075 98.6827 -1.2819
v  -2.0045 98.6827 0.4575
v  -1.6815 98.8014 0.3838
v  -1.6781 98.8014 -0.3830
v  -1.3485 98.8014 -1.0754
v  -1.3275 98.8755 -0.3030
v  -1.0668 98.8755 -0.8508
v  -1.3303 98.8755 0.3036
v  -1.0344 98.9139 0.2361
v  -1.0323 98.9139 -0.2356
v  -0.8295 98.9139 -0.6616
v  -1.1329 96.4485 -2.3524
v  -1.1954 96.8047 -2.4824
v  -1.2336 97.1545 -2.5616
v  -1.2440 97.4858 -2.5833
v  -1.2265 97.7929 -2.5469
v  -1.1814 98.0706 -2.4532
v  -1.1094 98.3141 -2.3037
v  -1.0118 98.5193 -2.1011
v  -0.8902 98.6827 -1.8486
v  -0.7468 98.8014 -1.5508
v  -0.5908 98.8755 -1.2268
v  -0.4594 98.9139 -0.9540
v  2.5455 96.4485 -0.5810
v  2.5508 96.4485 0.5822
v  2.6861 96.8047 -0.6131
v  2.6916 96.8047 0.6143
v  2.7719 97.1545 -0.6327
v  2.7776 97.1545 0.6339
v  2.7953 97.4858 -0.6380
v  2.8011 97.4858 0.6393
v  2.7560 97.7929 -0.6290
v  2.7616 97.7929 0.6303
v  2.6546 98.0706 -0.6059
v  2.6601 98.0706 0.6071
v  2.4928 98.3141 -0.5690
v  2.4980 98.3141 0.5701
v  2.2735 98.5193 -0.5189
v  2.2782 98.5193 0.5200
v  2.0003 98.6827 -0.4566
v  2.0045 98.6827 0.4575
v  1.6781 98.8014 -0.3830
v  1.6815 98.8014 0.3838
v  1.3275 98.8755 -0.3030
v  1.3303 98.8755 0.3036
v  1.0323 98.9139 -0.2356
v  1.0344 98.9139 0.2361
v  -2.0414 96.4485 1.6279
v  -2.1541 96.8047 1.7178
v  -2.2229 97.1545 1.7726
v  -2.2417 97.4858 1.7877
v  -2.2101 97.7929 1.7625
v  -2.1288 98.0706 1.6977
v  -1.9991 98.3141 1.5942
v  -1.8232 98.5193 1.4540
v  -1.6041 98.6827 1.2793
v  -1.3457 98.8014 1.0731
v  -1.0646 98.8755 0.8490
v  -0.8278 98.9139 0.6602
v  2.0414 96.4485 1.6279
v  2.1541 96.8047 1.7178
v  2.2229 97.1545 1.7726
v  2.2417 97.4858 1.7877
v  2.2101 97.7929 1.7625
v  2.1288 98.0706 1.6977
v  1.9991 98.3141 1.5942
v  1.8232 98.5193 1.4540
v  1.6042 98.6827 1.2793
v  1.3457 98.8014 1.0731
v  1.0646 98.8755 0.8490
v  0.8278 98.9139 0.6602
v  0.0000 95.6264 2.1427
v  0.0000 95.8562 2.2890
v  0.4104 99.8874 0.8522
v  0.7380 99.8874 0.5885
v  0.7429 100.0133 0.5924
v  0.4131 100.0133 0.8578
v  0.9222 99.8874 0.2105
v  0.9283 100.0133 0.2119
v  0.9168 100.1460 0.2092
v  0.7337 100.1461 0.5851
v  0.4080 100.1460 0.8472
v  -0.2712 99.1590 -0.2163
v  -0.1502 99.1590 -0.3119
v  -0.1946 99.1498 -0.4042
v  -0.3514 99.1498 -0.2803
v  0.0000 99.1590 -0.3469
v  0.0000 99.1498 -0.4495
v  0.0000 99.1426 -0.5990
v  -0.2593 99.1426 -0.5385
v  -0.4683 99.1426 -0.3735
v  -0.4096 99.8874 -0.8505
v  -0.4123 100.0133 -0.8561
v  -0.7396 99.8874 -0.5898
v  -0.7444 100.0133 -0.5937
v  -0.7352 100.1460 -0.5863
v  -0.4072 100.1460 -0.8455
v  -0.6397 98.9431 -0.5101
v  -0.7960 98.9431 -0.1817
v  -0.7719 98.9711 -0.1762
v  -0.6203 98.9711 -0.4947
v  -0.7976 98.9431 0.1820
v  -0.7735 98.9711 0.1765
v  -0.7644 99.0116 0.1745
v  -0.7628 99.0116 -0.1741
v  -0.6130 99.0116 -0.4889
v  0.3382 99.1590 0.0772
v  0.2706 99.1590 0.2158
v  0.3507 99.1498 0.2797
v  0.4382 99.1498 0.1000
v  0.1505 99.1590 0.3125
v  0.1950 99.1498 0.4050
v  0.2599 99.1426 0.5396
v  0.4673 99.1426 0.3727
v  0.5839 99.1426 0.1333
v  -0.1505 99.1590 0.3125
v  -0.2706 99.1590 0.2158
v  -0.3507 99.1498 0.2797
v  -0.1950 99.1498 0.4050
v  -0.3382 99.1590 0.0772
v  -0.4382 99.1498 0.1000
v  -0.5839 99.1426 0.1333
v  -0.4673 99.1426 0.3727
v  -0.2599 99.1426 0.5396
v  0.3852 98.9297 -0.7999
v  0.6955 98.9297 -0.5547
v  0.0000 98.9297 -0.8896
v  0.0000 98.9431 -0.8182
v  0.3543 98.9431 -0.7356
v  0.6397 98.9431 -0.5101
v  0.3435 98.9711 -0.7133
v  0.6203 98.9711 -0.4947
v  0.0000 98.9711 -0.7934
v  0.0000 99.0116 -0.7841
v  0.3395 99.0116 -0.7050
v  0.6130 99.0116 -0.4889
v  0.7977 98.9431 0.1820
v  0.7960 98.9431 -0.1817
v  0.7719 98.9711 -0.1762
v  0.7735 98.9711 0.1765
v  0.7628 99.0116 -0.1741
v  0.7644 99.0116 0.1745
v  -0.8655 98.9297 -0.1976
v  -0.6955 98.9297 -0.5547
v  -0.8673 98.9297 0.1979
v  -0.3852 98.9297 -0.7999
v  -0.3543 98.9431 -0.7356
v  0.9203 99.8874 -0.2101
v  0.9263 100.0133 -0.2115
v  0.9149 100.1461 -0.2088
v  0.2712 99.1590 -0.2163
v  0.3375 99.1590 -0.0770
v  0.4373 99.1498 -0.0998
v  0.3514 99.1498 -0.2803
v  0.5827 99.1426 -0.1330
v  0.4683 99.1426 -0.3735
v  0.1502 99.1590 -0.3119
v  0.1946 99.1498 -0.4042
v  0.2593 99.1426 -0.5385
v  0.0000 99.1590 0.3461
v  0.0000 99.1498 0.4486
v  0.0000 99.1426 0.5977
v  -0.3375 99.1590 -0.0770
v  -0.4373 99.1498 -0.0998
v  -0.5827 99.1426 -0.1330
v  0.3550 98.9431 0.7371
v  0.6384 98.9431 0.5091
v  0.6190 98.9711 0.4936
v  0.3442 98.9711 0.7148
v  0.6117 99.0116 0.4878
v  0.3402 99.0116 0.7064
v  -0.3435 98.9711 -0.7133
v  -0.3395 99.0116 -0.7050
v  -0.6384 98.9431 0.5091
v  -0.6190 98.9711 0.4936
v  -0.3550 98.9431 0.7371
v  -0.3442 98.9711 0.7148
v  -0.3402 99.0116 0.7064
v  -0.6117 99.0116 0.4878
v  -0.3029 100.8635 0.0691
v  -0.2451 100.8584 0.1954
v  -0.1608 100.9780 0.1282
v  -0.1712 101.0142 0.0391
v  -0.1348 100.8635 0.2799
v  -0.0762 101.0142 0.1582
v  -0.0000 101.1396 -0.0000
v  0.6941 98.9297 0.5535
v  0.3860 98.9297 0.8015
v  0.8673 98.9297 0.1979
v  -0.6941 98.9297 0.5535
v  -0.3860 98.9297 0.8015
v  -0.9203 99.8874 -0.2101
v  -0.9264 100.0133 -0.2115
v  -0.9222 99.8874 0.2105
v  -0.9283 100.0133 0.2119
v  -0.9168 100.1460 0.2092
v  -0.9149 100.1460 -0.2088
v  0.8655 98.9297 -0.1976
v  0.0000 98.9297 0.8878
v  0.0000 98.9431 0.8165
v  0.7211 99.7534 0.5751
v  0.9011 99.7534 0.2056
v  0.4010 99.7534 0.8327
v  0.3831 99.6179 0.7955
v  0.6889 99.6179 0.5494
v  0.8608 99.6179 0.1965
v  0.6379 99.4921 0.5087
v  0.7971 99.4921 0.1819
v  0.3547 99.4921 0.7366
v  0.3166 99.3817 0.6575
v  0.5694 99.3817 0.4540
v  0.7115 99.3817 0.1624
v  0.4858 99.2912 0.3874
v  0.6070 99.2912 0.1385
v  0.2702 99.2912 0.5610
v  0.2172 99.2239 0.4509
v  0.3905 99.2239 0.3114
v  0.4880 99.2239 0.1114
v  0.2985 99.1813 0.2380
v  0.3730 99.1813 0.0851
v  0.1660 99.1813 0.3446
v  0.4002 99.7533 -0.8310
v  -0.0000 99.7533 -0.9243
v  0.7226 99.7533 -0.5763
v  0.6903 99.6179 -0.5505
v  0.3823 99.6179 -0.7939
v  -0.0000 99.6179 -0.8830
v  0.3540 99.4921 -0.7351
v  -0.0000 99.4921 -0.8176
v  0.6392 99.4921 -0.5098
v  0.5705 99.3817 -0.4550
v  0.3160 99.3817 -0.6562
v  0.0000 99.3817 -0.7298
v  0.2696 99.2912 -0.5599
v  0.0000 99.2912 -0.6227
v  0.4868 99.2912 -0.3882
v  0.3913 99.2239 -0.3121
v  0.2167 99.2239 -0.4500
v  0.0000 99.2239 -0.5005
v  0.1656 99.1814 -0.3440
v  0.0000 99.1814 -0.3826
v  0.2991 99.1814 -0.2385
v  -0.4104 99.8874 0.8522
v  -0.7380 99.8874 0.5885
v  -0.7211 99.7534 0.5751
v  -0.4010 99.7534 0.8327
v  -0.9011 99.7534 0.2056
v  -0.8608 99.6179 0.1965
v  -0.6889 99.6179 0.5494
v  -0.3831 99.6179 0.7955
v  -0.6379 99.4921 0.5087
v  -0.3547 99.4921 0.7366
v  -0.7971 99.4921 0.1819
v  -0.7115 99.3817 0.1624
v  -0.5694 99.3817 0.4540
v  -0.3166 99.3817 0.6575
v  -0.4858 99.2912 0.3874
v  -0.2702 99.2912 0.5610
v  -0.6070 99.2912 0.1385
v  -0.4880 99.2239 0.1114
v  -0.3905 99.2239 0.3114
v  -0.2172 99.2239 0.4509
v  -0.2985 99.1814 0.2380
v  -0.1660 99.1814 0.3446
v  -0.3730 99.1814 0.0851
v  -0.4002 99.7533 -0.8310
v  -0.7226 99.7533 -0.5763
v  -0.3823 99.6179 -0.7939
v  -0.6903 99.6179 -0.5505
v  -0.3540 99.4921 -0.7351
v  -0.6392 99.4921 -0.5098
v  -0.3160 99.3817 -0.6562
v  -0.5705 99.3817 -0.4550
v  -0.2696 99.2912 -0.5599
v  -0.4868 99.2912 -0.3882
v  -0.2167 99.2239 -0.4500
v  -0.3913 99.2239 -0.3121
v  -0.1656 99.1814 -0.3440
v  -0.2991 99.1814 -0.2385
v  0.8992 99.7534 -0.2053
v  0.8590 99.6179 -0.1961
v  0.7955 99.4921 -0.1816
v  0.7100 99.3817 -0.1621
v  0.6058 99.2912 -0.1383
v  0.4870 99.2239 -0.1112
v  0.3722 99.1813 -0.0850
v  -0.8992 99.7533 -0.2053
v  -0.8590 99.6179 -0.1961
v  -0.7955 99.4921 -0.1816
v  -0.7100 99.3817 -0.1621
v  -0.6058 99.2912 -0.1383
v  -0.4870 99.2239 -0.1112
v  -0.3722 99.1814 -0.0850
v  -0.0000 99.8874 0.9440
v  -0.0000 99.7534 0.9223
v  -0.0000 99.6179 0.8811
v  -0.0000 99.4921 0.8159
v  -0.0000 99.3817 0.7282
v  0.0000 99.2912 0.6214
v  0.0000 99.2239 0.4995
v  0.0000 99.1814 0.3817
v  -0.7429 100.0133 0.5924
v  -0.4131 100.0133 0.8578
v  -0.4080 100.1460 0.8472
v  -0.7337 100.1461 0.5851
v  0.5414 99.1267 0.4317
v  0.6765 99.1267 0.1544
v  0.3011 99.1267 0.6252
v  0.3215 99.0983 0.6676
v  0.5782 99.0983 0.4610
v  0.7224 99.0983 0.1649
v  0.5997 99.0572 0.4782
v  0.7493 99.0572 0.1710
v  0.3335 99.0572 0.6925
v  0.3005 99.1267 -0.6239
v  0.0000 99.1267 -0.6939
v  0.5425 99.1267 -0.4327
v  0.5793 99.0983 -0.4620
v  0.3209 99.0983 -0.6663
v  0.0000 99.0983 -0.7410
v  0.3328 99.0572 -0.6911
v  0.0000 99.0572 -0.7686
v  0.6009 99.0572 -0.4792
v  -0.5414 99.1267 0.4317
v  -0.3011 99.1267 0.6252
v  -0.6765 99.1267 0.1544
v  -0.7224 99.0983 0.1649
v  -0.5782 99.0983 0.4610
v  -0.3215 99.0983 0.6676
v  -0.5997 99.0572 0.4782
v  -0.3335 99.0572 0.6925
v  -0.7493 99.0572 0.1710
v  -0.3005 99.1267 -0.6239
v  -0.5425 99.1267 -0.4327
v  -0.3208 99.0983 -0.6663
v  -0.5793 99.0983 -0.4620
v  -0.3328 99.0572 -0.6911
v  -0.6009 99.0572 -0.4792
v  0.6751 99.1267 -0.1541
v  0.7209 99.0983 -0.1646
v  0.7478 99.0572 -0.1707
v  -0.6751 99.1267 -0.1541
v  -0.7209 99.0983 -0.1646
v  -0.7478 99.0572 -0.1707
v  0.0000 99.1267 0.6925
v  0.0000 99.0983 0.7395
v  0.0000 99.0572 0.7670
v  0.0000 99.0116 0.7824
v  0.0000 98.9711 0.7917
v  0.1348 100.8635 0.2799
v  -0.0000 100.8584 0.3134
v  -0.0000 100.7658 0.4594
v  0.1995 100.7664 0.4143
v  -0.1995 100.7664 0.4143
v  -0.2647 100.6909 0.5497
v  -0.0000 100.6909 0.6088
v  0.2647 100.6909 0.5497
v  -0.0000 100.5875 0.7392
v  0.3214 100.5875 0.6673
v  -0.3214 100.5875 0.6673
v  -0.3649 100.4529 0.7578
v  -0.0000 100.4530 0.8393
v  0.3649 100.4529 0.7578
v  -0.0000 100.2984 0.9040
v  0.3930 100.2984 0.8161
v  -0.3930 100.2984 0.8161
v  -0.0000 100.1461 0.9384
v  -0.0000 100.8635 -0.3107
v  0.1360 100.8584 -0.2824
v  0.1993 100.7658 -0.4139
v  -0.0000 100.7664 -0.4599
v  0.2429 100.8635 -0.1937
v  0.3596 100.7664 -0.2868
v  0.4770 100.6909 -0.3804
v  0.2642 100.6909 -0.5486
v  -0.0000 100.6909 -0.6101
v  0.3207 100.5875 -0.6660
v  -0.0000 100.5875 -0.7407
v  0.5791 100.5875 -0.4618
v  0.6576 100.4529 -0.5244
v  0.3642 100.4530 -0.7563
v  -0.0000 100.4529 -0.8411
v  0.3922 100.2984 -0.8145
v  -0.0000 100.2984 -0.9059
v  0.7082 100.2984 -0.5648
v  -0.3056 100.8584 -0.0698
v  -0.4479 100.7658 -0.1022
v  -0.4484 100.7664 0.1023
v  -0.2429 100.8635 -0.1937
v  -0.3596 100.7664 -0.2868
v  -0.4770 100.6909 -0.3804
v  -0.5936 100.6909 -0.1355
v  -0.5948 100.6909 0.1357
v  -0.7207 100.5875 -0.1645
v  -0.7221 100.5875 0.1648
v  -0.5791 100.5875 -0.4618
v  -0.6576 100.4529 -0.5244
v  -0.8183 100.4529 -0.1868
v  -0.8200 100.4529 0.1871
v  -0.8813 100.2984 -0.2012
v  -0.8831 100.2984 0.2016
v  -0.7082 100.2984 -0.5648
v  -0.1360 100.8584 -0.2824
v  -0.1993 100.7658 -0.4139
v  -0.2642 100.6909 -0.5486
v  -0.3207 100.5875 -0.6660
v  -0.3642 100.4530 -0.7563
v  -0.3922 100.2984 -0.8145
v  0.3056 100.8584 -0.0698
v  0.4479 100.7658 -0.1022
v  0.3029 100.8635 0.0691
v  0.4484 100.7664 0.1023
v  0.5948 100.6909 0.1357
v  0.5936 100.6909 -0.1355
v  0.7207 100.5875 -0.1645
v  0.7221 100.5875 0.1648
v  0.8200 100.4529 0.1871
v  0.8183 100.4530 -0.1868
v  0.8813 100.2984 -0.2012
v  0.8831 100.2984 0.2016
v  -0.3592 100.7658 0.2864
v  -0.4760 100.6909 0.3796
v  -0.5779 100.5875 0.4609
v  -0.6562 100.4530 0.5233
v  -0.7068 100.2984 0.5636
v  0.2451 100.8584 0.1954
v  0.3592 100.7658 0.2864
v  0.4760 100.6909 0.3796
v  0.5779 100.5875 0.4609
v  0.6562 100.4529 0.5233
v  0.7068 100.2984 0.5636
v  -0.0000 100.0133 0.9502
v  -0.0893 100.9780 -0.1853
v  -0.0000 101.0142 -0.1757
v  -0.1373 101.0142 -0.1095
v  0.0892 100.9780 -0.1853
v  0.1373 101.0142 -0.1095
v  0.1608 100.9780 0.1282
v  0.0762 101.0142 0.1582
v  0.1712 101.0142 0.0391
v  0.2005 100.9780 -0.0458
v  -0.0000 100.9780 0.2057
v  -0.2005 100.9780 -0.0458
v  0.0000 -57.1912 -9.2303
v  0.0000 -51.4885 -8.4251
v  0.8258 -51.4885 -8.3845
v  0.9047 -57.1912 -9.1859
v  0.0000 -43.4986 -7.6299
v  0.7479 -43.4986 -7.5931
v  1.4885 -43.4986 -7.4833
v  1.6437 -51.4885 -8.2632
v  1.8008 -57.1912 -9.0530
v  2.4457 -51.4885 -8.0623
v  2.6794 -57.1912 -8.8328
v  2.2148 -43.4986 -7.3013
v  2.9198 -43.4986 -7.0491
v  3.2241 -51.4885 -7.7838
v  3.5323 -57.1912 -8.5277
v  3.9716 -51.4885 -7.4302
v  4.3511 -57.1912 -8.1404
v  3.5967 -43.4986 -6.7289
v  4.2389 -43.4986 -6.3440
v  4.6807 -51.4885 -7.0052
v  5.1281 -57.1912 -7.6747
v  5.3448 -51.4885 -6.5127
v  5.8556 -57.1912 -7.1351
v  4.8403 -43.4986 -5.8980
v  5.3952 -43.4986 -5.3951
v  5.9575 -51.4885 -5.9574
v  6.5268 -57.1912 -6.5268
v  6.5127 -51.4885 -5.3448
v  7.1351 -57.1912 -5.8556
v  5.8980 -43.4986 -4.8403
v  6.3440 -43.4986 -4.2389
v  7.0052 -51.4885 -4.6807
v  7.6748 -57.1912 -5.1281
v  7.4303 -51.4885 -3.9715
v  8.1404 -57.1912 -4.3511
v  6.7289 -43.4986 -3.5967
v  7.0491 -43.4986 -2.9198
v  7.7838 -51.4885 -3.2241
v  8.5277 -57.1912 -3.5323
v  8.0623 -51.4885 -2.4457
v  8.8329 -57.1912 -2.6794
v  7.3013 -43.4986 -2.2148
v  7.4833 -43.4986 -1.4885
v  8.2632 -51.4885 -1.6436
v  9.0530 -57.1912 -1.8007
v  8.3845 -51.4885 -0.8258
v  9.1859 -57.1912 -0.9047
v  7.5931 -43.4986 -0.7479
v  7.6299 -43.4986 0.0000
v  8.4251 -51.4885 0.0000
v  9.2304 -57.1912 0.0000
v  8.3845 -51.4885 0.8258
v  9.1859 -57.1912 0.9047
v  7.5931 -43.4986 0.7479
v  7.4833 -43.4986 1.4885
v  8.2632 -51.4885 1.6437
v  9.0530 -57.1912 1.8008
v  8.0623 -51.4885 2.4457
v  8.8329 -57.1912 2.6794
v  7.3013 -43.4986 2.2148
v  7.0491 -43.4986 2.9198
v  7.7838 -51.4885 3.2242
v  8.5277 -57.1912 3.5323
v  7.4303 -51.4885 3.9716
v  8.1404 -57.1912 4.3511
v  6.7289 -43.4986 3.5967
v  6.3440 -43.4986 4.2390
v  7.0052 -51.4885 4.6807
v  7.6748 -57.1912 5.1281
v  6.5127 -51.4885 5.3448
v  7.1351 -57.1912 5.8557
v  5.8980 -43.4986 4.8403
v  5.3952 -43.4986 5.3952
v  5.9574 -51.4885 5.9575
v  6.5268 -57.1912 6.5269
v  5.3448 -51.4885 6.5127
v  5.8557 -57.1912 7.1351
v  4.8403 -43.4986 5.8980
v  4.2389 -43.4986 6.3440
v  4.6807 -51.4885 7.0052
v  5.1281 -57.1912 7.6748
v  3.9716 -51.4885 7.4303
v  4.3511 -57.1912 8.1404
v  3.5967 -43.4986 6.7289
v  2.9198 -43.4986 7.0491
v  3.2241 -51.4885 7.7838
v  3.5323 -57.1912 8.5277
v  2.4457 -51.4885 8.0623
v  2.6794 -57.1912 8.8329
v  2.2148 -43.4986 7.3013
v  1.4885 -43.4986 7.4833
v  1.6437 -51.4885 8.2632
v  1.8008 -57.1912 9.0530
v  0.8258 -51.4885 8.3845
v  0.9047 -57.1912 9.1859
v  0.7479 -43.4986 7.5931
v  0.0000 -43.4986 7.6299
v  0.0000 -51.4885 8.4251
v  0.0000 -57.1912 9.2304
v  -0.8258 -51.4885 8.3845
v  -0.9047 -57.1912 9.1859
v  -0.7479 -43.4986 7.5931
v  -1.4885 -43.4986 7.4833
v  -1.6437 -51.4885 8.2632
v  -1.8008 -57.1912 9.0530
v  -2.4457 -51.4885 8.0623
v  -2.6794 -57.1912 8.8329
v  -2.2148 -43.4986 7.3013
v  -2.9198 -43.4986 7.0491
v  -3.2241 -51.4885 7.7838
v  -3.5323 -57.1912 8.5277
v  -3.9716 -51.4885 7.4303
v  -4.3511 -57.1912 8.1404
v  -3.5967 -43.4986 6.7289
v  -4.2389 -43.4986 6.3440
v  -4.6807 -51.4885 7.0052
v  -5.1281 -57.1912 7.6748
v  -5.3448 -51.4885 6.5127
v  -5.8556 -57.1912 7.1351
v  -4.8403 -43.4986 5.8980
v  -5.3951 -43.4986 5.3952
v  -5.9574 -51.4885 5.9575
v  -6.5268 -57.1912 6.5269
v  -6.5127 -51.4885 5.3448
v  -7.1351 -57.1912 5.8557
v  -5.8980 -43.4986 4.8403
v  -6.3440 -43.4986 4.2390
v  -7.0052 -51.4885 4.6807
v  -7.6748 -57.1912 5.1281
v  -7.4302 -51.4885 3.9716
v  -8.1404 -57.1912 4.3511
v  -6.7289 -43.4986 3.5967
v  -7.0491 -43.4986 2.9198
v  -7.7838 -51.4885 3.2242
v  -8.5277 -57.1912 3.5323
v  -8.0623 -51.4885 2.4457
v  -8.8329 -57.1912 2.6794
v  -7.3013 -43.4986 2.2148
v  -7.4833 -43.4986 1.4885
v  -8.2632 -51.4885 1.6437
v  -9.0530 -57.1912 1.8008
v  -8.3845 -51.4885 0.8258
v  -9.1859 -57.1912 0.9047
v  -7.5931 -43.4986 0.7479
v  -7.6299 -43.4986 0.0000
v  -8.4251 -51.4885 0.0000
v  -9.2303 -57.1912 0.0000
v  -8.3845 -51.4885 -0.8258
v  -9.1859 -57.1912 -0.9047
v  -7.5931 -43.4986 -0.7479
v  -7.4833 -43.4986 -1.4885
v  -8.2632 -51.4885 -1.6436
v  -9.0530 -57.1912 -1.8007
v  -8.0623 -51.4885 -2.4457
v  -8.8329 -57.1912 -2.6794
v  -7.3013 -43.4986 -2.2148
v  -7.0491 -43.4986 -2.9198
v  -7.7838 -51.4885 -3.2241
v  -8.5277 -57.1912 -3.5323
v  -7.4303 -51.4885 -3.9715
v  -8.1404 -57.1912 -4.3511
v  -6.7289 -43.4986 -3.5967
v  -6.3440 -43.4986 -4.2389
v  -7.0052 -51.4885 -4.6807
v  -7.6748 -57.1912 -5.1281
v  -6.5127 -51.4885 -5.3448
v  -7.1351 -57.1912 -5.8556
v  -5.8980 -43.4986 -4.8403
v  -5.3951 -43.4986 -5.3951
v  -5.9574 -51.4885 -5.9574
v  -6.5268 -57.1912 -6.5268
v  -5.3448 -51.4885 -6.5127
v  -5.8556 -57.1912 -7.1351
v  -4.8403 -43.4986 -5.8980
v  -4.2389 -43.4986 -6.3440
v  -4.6807 -51.4885 -7.0052
v  -5.1281 -57.1912 -7.6747
v  -3.9716 -51.4885 -7.4302
v  -4.3511 -57.1912 -8.1404
v  -3.5967 -43.4986 -6.7289
v  -2.9198 -43.4986 -7.0491
v  -3.2241 -51.4885 -7.7838
v  -3.5323 -57.1912 -8.5277
v  1.1438 -20.7840 5.7503
v  0.5747 -20.7840 5.8347
v  0.6400 -23.9604 6.4982
v  1.2739 -23.9604 6.4042
v  0.0000 -20.7840 5.8629
v  0.0000 -23.9604 6.5296
v  0.0000 -24.3781 7.0460
v  0.6906 -24.3781 7.0121
v  1.3746 -24.3781 6.9106
v  -2.4457 -51.4885 -8.0623
v  -2.6794 -57.1912 -8.8328
v  -2.2148 -43.4986 -7.3013
v  -1.4885 -43.4986 -7.4833
v  -1.6437 -51.4885 -8.2632
v  -1.8008 -57.1912 -9.0530
v  -0.8258 -51.4885 -8.3845
v  -0.9047 -57.1912 -9.1859
v  -0.7479 -43.4986 -7.5931
v  -0.9827 -60.5840 -9.9780
v  -1.9560 -60.5840 -9.8336
v  0.0000 -60.5840 -10.0263
v  0.0000 -60.6902 -10.7372
v  -1.0524 -60.6902 -10.6854
v  -2.0947 -60.6902 -10.5308
v  -4.7263 -60.5840 8.8424
v  -3.8369 -60.5840 9.2631
v  -5.5703 -60.5840 8.3366
v  -5.9652 -60.6902 8.9276
v  -5.0614 -60.6902 9.4693
v  -4.1089 -60.6902 9.9199
v  8.8424 -60.5840 -4.7263
v  8.3366 -60.5840 -5.5703
v  9.2631 -60.5840 -3.8369
v  9.9198 -60.6902 -4.1089
v  9.4693 -60.6902 -5.0614
v  8.9276 -60.6902 -5.9652
v  -6.3606 -60.5840 7.7504
v  -7.0897 -60.5840 7.0897
v  -7.5923 -60.6902 7.5923
v  -6.8116 -60.6902 8.2999
v  9.5945 -60.5840 -2.9105
v  9.8337 -60.5840 -1.9560
v  10.5309 -60.6902 -2.0947
v  10.2748 -60.6902 -3.1168
v  -7.7504 -60.5840 6.3606
v  -8.3366 -60.5840 5.5703
v  -8.9276 -60.6902 5.9653
v  -8.2999 -60.6902 6.8116
v  9.9780 -60.5840 -0.9827
v  10.0263 -60.5840 0.0000
v  10.7372 -60.6902 0.0000
v  10.6854 -60.6902 -1.0524
v  -8.8424 -60.5840 4.7264
v  -9.2631 -60.5840 3.8369
v  -9.9198 -60.6902 4.1089
v  -9.4693 -60.6902 5.0615
v  9.9780 -60.5840 0.9828
v  9.8337 -60.5840 1.9560
v  10.5309 -60.6902 2.0947
v  10.6854 -60.6902 1.0524
v  -9.5945 -60.5840 2.9105
v  -9.8337 -60.5840 1.9560
v  -10.5309 -60.6902 2.0947
v  -10.2748 -60.6902 3.1168
v  9.5945 -60.5840 2.9105
v  9.2631 -60.5840 3.8369
v  9.9198 -60.6902 4.1089
v  10.2748 -60.6902 3.1168
v  -9.9780 -60.5840 0.9828
v  -10.0263 -60.5840 0.0000
v  -10.7372 -60.6902 0.0000
v  -10.6854 -60.6902 1.0524
v  8.8424 -60.5840 4.7264
v  8.3366 -60.5840 5.5703
v  8.9276 -60.6902 5.9653
v  9.4693 -60.6902 5.0615
v  -9.9780 -60.5840 -0.9827
v  -9.8336 -60.5840 -1.9560
v  -10.5309 -60.6902 -2.0947
v  -10.6854 -60.6902 -1.0524
v  7.7504 -60.5840 6.3606
v  7.0897 -60.5840 7.0897
v  7.5923 -60.6902 7.5923
v  8.2999 -60.6902 6.8116
v  -9.5945 -60.5840 -2.9105
v  -9.2631 -60.5840 -3.8369
v  -9.9198 -60.6902 -4.1089
v  -10.2748 -60.6902 -3.1168
v  6.3606 -60.5840 7.7504
v  5.5703 -60.5840 8.3366
v  5.9653 -60.6902 8.9276
v  6.8116 -60.6902 8.2999
v  -8.8424 -60.5840 -4.7263
v  -8.3366 -60.5840 -5.5703
v  -8.9276 -60.6902 -5.9652
v  -9.4693 -60.6902 -5.0614
v  4.7263 -60.5840 8.8424
v  3.8369 -60.5840 9.2631
v  4.1089 -60.6902 9.9199
v  5.0614 -60.6902 9.4693
v  0.9827 -60.5840 -9.9780
v  1.9560 -60.5840 -9.8336
v  2.0947 -60.6902 -10.5308
v  1.0524 -60.6902 -10.6854
v  -7.7504 -60.5840 -6.3606
v  -7.0897 -60.5840 -7.0897
v  -7.5923 -60.6902 -7.5923
v  -8.2999 -60.6902 -6.8115
v  2.9105 -60.5840 9.5945
v  1.9560 -60.5840 9.8337
v  2.0947 -60.6902 10.5309
v  3.1168 -60.6902 10.2748
v  2.9105 -60.5840 -9.5945
v  3.8369 -60.5840 -9.2631
v  4.1089 -60.6902 -9.9198
v  3.1168 -60.6902 -10.2748
v  -6.3606 -60.5840 -7.7504
v  -5.5703 -60.5840 -8.3366
v  -5.9652 -60.6902 -8.9276
v  -6.8116 -60.6902 -8.2999
v  0.9827 -60.5840 9.9780
v  0.0000 -60.5840 10.0263
v  0.0000 -60.6902 10.7372
v  1.0524 -60.6902 10.6854
v  4.7263 -60.5840 -8.8424
v  5.5703 -60.5840 -8.3366
v  5.9653 -60.6902 -8.9276
v  5.0614 -60.6902 -9.4693
v  -4.7263 -60.5840 -8.8424
v  -3.8369 -60.5840 -9.2631
v  -4.1089 -60.6902 -9.9198
v  -5.0614 -60.6902 -9.4693
v  -0.9827 -60.5840 9.9780
v  -1.9560 -60.5840 9.8337
v  -2.0947 -60.6902 10.5309
v  -1.0524 -60.6902 10.6854
v  6.3606 -60.5840 -7.7504
v  7.0897 -60.5840 -7.0897
v  7.5923 -60.6902 -7.5923
v  6.8116 -60.6902 -8.2999
v  -2.9105 -60.5840 -9.5945
v  -3.1168 -60.6902 -10.2748
v  -2.9105 -60.5840 9.5945
v  -3.1168 -60.6902 10.2748
v  7.7504 -60.5840 -6.3606
v  8.2999 -60.6902 -6.8115
v  -1.0661 -62.3395 -10.8242
v  0.0000 -62.3124 -10.9617
v  1.0661 -62.3396 -10.8242
v  2.1385 -62.3124 -10.7510
v  3.1573 -62.3396 -10.4082
v  4.1949 -62.3124 -10.1273
v  5.1272 -62.3396 -9.5923
v  6.0900 -62.3124 -9.1143
v  6.9000 -62.3396 -8.4077
v  7.7511 -62.3124 -7.7511
v  8.4077 -62.3396 -6.9000
v  9.1143 -62.3124 -6.0900
v  9.5923 -62.3396 -5.1272
v  10.1273 -62.3124 -4.1948
v  10.4083 -62.3396 -3.1573
v  10.7511 -62.3124 -2.1385
v  10.8242 -62.3396 -1.0661
v  10.9617 -62.3124 0.0000
v  10.8242 -62.3396 1.0661
v  10.7511 -62.3124 2.1385
v  10.4083 -62.3396 3.1573
v  10.1273 -62.3124 4.1949
v  9.5923 -62.3396 5.1272
v  9.1143 -62.3124 6.0900
v  8.4077 -62.3396 6.9001
v  7.7511 -62.3124 7.7511
v  6.9000 -62.3396 8.4077
v  6.0900 -62.3124 9.1143
v  5.1272 -62.3396 9.5923
v  4.1949 -62.3124 10.1273
v  3.1573 -62.3396 10.4083
v  2.1385 -62.3124 10.7511
v  1.0661 -62.3396 10.8242
v  0.0000 -62.3124 10.9617
v  -1.0661 -62.3396 10.8242
v  -2.1385 -62.3124 10.7511
v  -3.1573 -62.3396 10.4083
v  -4.1949 -62.3124 10.1273
v  -5.1272 -62.3396 9.5923
v  -6.0900 -62.3124 9.1143
v  -6.9000 -62.3396 8.4077
v  -7.7511 -62.3124 7.7511
v  -8.4077 -62.3396 6.9001
v  -9.1143 -62.3124 6.0900
v  -9.5923 -62.3396 5.1272
v  -10.1273 -62.3124 4.1949
v  -10.4083 -62.3396 3.1573
v  -10.7511 -62.3124 2.1385
v  -10.8242 -62.3396 1.0661
v  -10.9617 -62.3124 0.0000
v  -10.8242 -62.3396 -1.0661
v  -10.7511 -62.3124 -2.1385
v  -10.4083 -62.3396 -3.1573
v  -10.1273 -62.3124 -4.1948
v  -9.5923 -62.3396 -5.1272
v  -9.1143 -62.3124 -6.0900
v  -8.4077 -62.3396 -6.9000
v  -7.7511 -62.3124 -7.7511
v  -6.9000 -62.3396 -8.4077
v  -6.0900 -62.3124 -9.1143
v  -5.1272 -62.3396 -9.5923
v  -4.1949 -62.3124 -10.1273
v  -3.1573 -62.3396 -10.4082
v  -2.1385 -62.3124 -10.7510
v  -3.2573 -20.7840 4.8748
v  -2.7638 -20.7840 5.1706
v  -2.4013 -13.4604 4.4925
v  -2.8300 -13.4604 4.2355
v  -2.2436 -20.7840 5.4166
v  -1.9494 -13.4604 4.7062
v  -1.7434 -6.1245 4.2090
v  -2.1476 -6.1245 4.0178
v  -2.5310 -6.1245 3.7880
v  6.5231 -28.6232 0.0000
v  6.4916 -28.6232 -0.6394
v  6.6628 -25.9209 -0.6562
v  6.6950 -25.9209 0.0000
v  6.3977 -28.6232 -1.2726
v  6.5664 -25.9209 -1.3061
v  7.0035 -25.4988 -1.3931
v  7.1063 -25.4988 -0.6999
v  7.1408 -25.4988 0.0000
v  2.2436 -20.7840 5.4166
v  1.7019 -20.7840 5.6105
v  1.8955 -23.9604 6.2485
v  2.4988 -23.9604 6.0326
v  2.0453 -24.3781 6.7426
v  2.6964 -24.3781 6.5097
v  6.3977 -28.6232 1.2726
v  6.4916 -28.6232 0.6394
v  6.6628 -25.9209 0.6562
v  6.5664 -25.9209 1.3061
v  7.1063 -25.4988 0.6999
v  7.0035 -25.4988 1.3931
v  3.2573 -20.7840 4.8748
v  2.7638 -20.7840 5.1706
v  3.0780 -23.9604 5.7586
v  3.6277 -23.9604 5.4292
v  3.3215 -24.3781 6.2140
v  3.9146 -24.3781 5.8586
v  -6.3977 -28.6232 1.2726
v  -6.2422 -28.6232 1.8935
v  -6.4067 -25.9209 1.9435
v  -6.5664 -25.9209 1.3061
v  -6.0265 -28.6232 2.4963
v  -6.1854 -25.9209 2.5621
v  -6.5972 -25.4988 2.7327
v  -6.8332 -25.4988 2.0728
v  -7.0035 -25.4988 1.3931
v  4.1457 -20.7840 4.1457
v  3.7194 -20.7840 4.5321
v  4.1423 -23.9604 5.0475
v  4.6172 -23.9604 4.6172
v  4.4699 -24.3781 5.4466
v  4.9823 -24.3781 4.9823
v  0.0000 -28.6232 -6.5231
v  -0.6394 -28.6232 -6.4916
v  -0.6562 -25.9209 -6.6628
v  0.0000 -25.9209 -6.6950
v  -1.2726 -28.6232 -6.3977
v  -1.3061 -25.9209 -6.5664
v  -1.3931 -25.4988 -7.0035
v  -0.6999 -25.4988 -7.1063
v  0.0000 -25.4988 -7.1407
v  4.8748 -20.7840 3.2573
v  4.5321 -20.7840 3.7194
v  5.0475 -23.9604 4.1423
v  5.4292 -23.9604 3.6277
v  5.4466 -24.3781 4.4699
v  5.8586 -24.3781 3.9146
v  6.0265 -28.6232 2.4963
v  6.2422 -28.6232 1.8935
v  6.4067 -25.9209 1.9435
v  6.1854 -25.9209 2.5621
v  6.8332 -25.4988 2.0728
v  6.5972 -25.4988 2.7327
v  5.4166 -20.7840 2.2436
v  5.1706 -20.7840 2.7638
v  5.7586 -23.9604 3.0780
v  6.0326 -23.9604 2.4988
v  6.2140 -24.3781 3.3215
v  6.5097 -24.3781 2.6964
v  -3.6240 -28.6232 5.4237
v  -3.0749 -28.6232 5.7528
v  -3.1560 -25.9209 5.9045
v  -3.7196 -25.9209 5.5667
v  -2.4963 -28.6232 6.0265
v  -2.5621 -25.9209 6.1854
v  -2.7326 -25.4988 6.5972
v  -3.3661 -25.4988 6.2976
v  -3.9672 -25.4988 5.9373
v  5.7503 -20.7840 1.1438
v  5.6105 -20.7840 1.7019
v  6.2485 -23.9604 1.8955
v  6.4042 -23.9604 1.2739
v  6.7426 -24.3781 2.0454
v  6.9106 -24.3781 1.3746
v  -4.6125 -28.6232 -4.6125
v  -5.0424 -28.6232 -4.1382
v  -5.1753 -25.9209 -4.2473
v  -4.7341 -25.9209 -4.7341
v  -5.4237 -28.6232 -3.6240
v  -5.5667 -25.9209 -3.7196
v  -5.9373 -25.4988 -3.9672
v  -5.5199 -25.4988 -4.5300
v  -5.0493 -25.4988 -5.0493
v  5.8629 -20.7840 0.0000
v  5.8347 -20.7840 0.5747
v  6.4982 -23.9604 0.6400
v  6.5296 -23.9604 0.0000
v  7.0121 -24.3781 0.6906
v  7.0460 -24.3781 0.0000
v  5.4237 -28.6232 3.6240
v  5.7528 -28.6232 3.0750
v  5.9045 -25.9209 3.1560
v  5.5667 -25.9209 3.7196
v  6.2976 -25.4988 3.3661
v  5.9373 -25.4988 3.9672
v  5.7503 -20.7840 -1.1438
v  5.8347 -20.7840 -0.5747
v  6.4982 -23.9604 -0.6400
v  6.4042 -23.9604 -1.2739
v  7.0121 -24.3781 -0.6906
v  6.9106 -24.3781 -1.3746
v  4.6125 -28.6232 4.6125
v  5.0424 -28.6232 4.1382
v  5.1753 -25.9209 4.2473
v  4.7341 -25.9209 4.7341
v  5.5199 -25.4988 4.5300
v  5.0493 -25.4988 5.0493
v  5.4166 -20.7840 -2.2436
v  5.6105 -20.7840 -1.7019
v  6.2485 -23.9604 -1.8954
v  6.0326 -23.9604 -2.4988
v  6.7426 -24.3781 -2.0453
v  6.5097 -24.3781 -2.6964
v  -6.5231 -28.6232 0.0000
v  -6.4916 -28.6232 0.6394
v  -6.6628 -25.9209 0.6562
v  -6.6950 -25.9209 0.0000
v  -7.1063 -25.4988 0.6999
v  -7.1407 -25.4988 0.0000
v  4.8748 -20.7840 -3.2573
v  5.1706 -20.7840 -2.7638
v  5.7586 -23.9604 -3.0780
v  5.4292 -23.9604 -3.6277
v  6.2140 -24.3781 -3.3215
v  5.8586 -24.3781 -3.9146
v  -1.1438 -20.7840 -5.7503
v  -0.5747 -20.7840 -5.8347
v  -0.6400 -23.9604 -6.4982
v  -1.2739 -23.9604 -6.4042
v  0.0000 -20.7840 -5.8629
v  0.0000 -23.9604 -6.5296
v  0.0000 -24.3781 -7.0460
v  -0.6906 -24.3781 -7.0121
v  -1.3746 -24.3781 -6.9106
v  3.6240 -28.6232 5.4237
v  4.1382 -28.6232 5.0424
v  4.2473 -25.9209 5.1753
v  3.7196 -25.9209 5.5667
v  4.5300 -25.4988 5.5199
v  3.9672 -25.4987 5.9373
v  4.1457 -20.7840 -4.1457
v  4.5321 -20.7840 -3.7194
v  5.0475 -23.9604 -4.1423
v  4.6172 -23.9604 -4.6172
v  5.4466 -24.3781 -4.4699
v  4.9823 -24.3781 -4.9823
v  -2.2436 -20.7840 -5.4166
v  -1.7019 -20.7840 -5.6104
v  -1.8954 -23.9604 -6.2485
v  -2.4988 -23.9604 -6.0326
v  -2.0453 -24.3781 -6.7426
v  -2.6964 -24.3781 -6.5097
v  1.2726 -28.6232 -6.3977
v  0.6394 -28.6232 -6.4916
v  0.6562 -25.9209 -6.6628
v  1.3061 -25.9209 -6.5664
v  0.6999 -25.4988 -7.1063
v  1.3931 -25.4988 -7.0035
v  3.2573 -20.7840 -4.8748
v  3.7194 -20.7840 -4.5321
v  4.1423 -23.9604 -5.0475
v  3.6277 -23.9604 -5.4292
v  4.4699 -24.3781 -5.4466
v  3.9146 -24.3781 -5.8586
v  -3.2573 -20.7840 -4.8748
v  -2.7638 -20.7840 -5.1706
v  -3.0780 -23.9604 -5.7586
v  -3.6277 -23.9604 -5.4292
v  -3.3215 -24.3781 -6.2140
v  -3.9146 -24.3781 -5.8586
v  -4.6125 -28.6232 4.6125
v  -4.1382 -28.6232 5.0424
v  -4.2473 -25.9209 5.1753
v  -4.7341 -25.9209 4.7341
v  -4.5300 -25.4988 5.5199
v  -5.0493 -25.4988 5.0493
v  2.2436 -20.7840 -5.4166
v  2.7638 -20.7840 -5.1706
v  3.0780 -23.9604 -5.7586
v  2.4988 -23.9604 -6.0326
v  3.3215 -24.3781 -6.2140
v  2.6964 -24.3781 -6.5097
v  -4.1457 -20.7840 -4.1457
v  -3.7194 -20.7840 -4.5321
v  -4.1423 -23.9604 -5.0475
v  -4.6172 -23.9604 -4.6172
v  -4.4699 -24.3781 -5.4466
v  -4.9823 -24.3781 -4.9823
v  -3.6240 -28.6232 -5.4237
v  -4.1382 -28.6232 -5.0424
v  -4.2473 -25.9209 -5.1753
v  -3.7196 -25.9209 -5.5667
v  -4.5300 -25.4988 -5.5198
v  -3.9672 -25.4988 -5.9373
v  -0.6767 -35.0693 6.8707
v  -1.3469 -35.0693 6.7714
v  0.0000 -35.0693 6.9040
v  0.0000 -28.6232 6.5231
v  -0.6394 -28.6232 6.4917
v  -1.2726 -28.6232 6.3977
v  4.3798 -35.0693 -5.3368
v  4.8819 -35.0693 -4.8819
v  3.8357 -35.0693 -5.7405
v  3.6240 -28.6232 -5.4237
v  4.1382 -28.6232 -5.0424
v  4.6125 -28.6232 -4.6125
v  -3.2545 -35.0693 -6.0888
v  -2.6421 -35.0693 -6.3785
v  -3.8357 -35.0693 -5.7405
v  -3.0749 -28.6232 -5.7528
v  -2.4963 -28.6232 -6.0265
v  -5.3369 -35.0693 4.3798
v  -5.7405 -35.0693 3.8357
v  -4.8819 -35.0693 4.8819
v  -5.0424 -28.6232 4.1382
v  -5.4237 -28.6232 3.6240
v  3.2545 -35.0693 -6.0888
v  2.6421 -35.0693 -6.3785
v  2.4963 -28.6232 -6.0265
v  3.0749 -28.6232 -5.7528
v  0.6767 -35.0693 6.8707
v  1.3469 -35.0693 6.7714
v  1.2726 -28.6232 6.3977
v  0.6394 -28.6232 6.4916
v  2.0041 -35.0693 -6.6067
v  1.3469 -35.0693 -6.7713
v  1.8935 -28.6232 -6.2422
v  -6.8707 -35.0693 -0.6767
v  -6.7714 -35.0693 -1.3469
v  -6.9040 -35.0693 0.0000
v  -6.4916 -28.6232 -0.6394
v  -6.3977 -28.6232 -1.2726
v  2.0041 -35.0693 6.6067
v  2.6421 -35.0693 6.3785
v  2.4963 -28.6232 6.0265
v  1.8935 -28.6232 6.2422
v  3.2545 -35.0693 6.0888
v  3.8357 -35.0693 5.7405
v  3.0749 -28.6232 5.7528
v  -4.3798 -35.0693 -5.3368
v  -4.8819 -35.0693 -4.8819
v  -4.3798 -35.0693 5.3369
v  -3.8357 -35.0693 5.7405
v  0.6767 -35.0693 -6.8707
v  0.0000 -35.0693 -6.9040
v  4.3798 -35.0693 5.3369
v  4.8819 -35.0693 4.8819
v  -6.8707 -35.0693 0.6767
v  -6.7714 -35.0693 1.3469
v  5.3369 -35.0693 4.3798
v  5.7405 -35.0693 3.8357
v  6.0888 -35.0693 3.2545
v  6.3785 -35.0693 2.6421
v  -5.3369 -35.0693 -4.3798
v  -5.7405 -35.0693 -3.8357
v  -3.2545 -35.0693 6.0888
v  -2.6421 -35.0693 6.3785
v  6.6067 -35.0693 2.0041
v  6.7714 -35.0693 1.3469
v  -0.6767 -35.0693 -6.8707
v  -1.3469 -35.0693 -6.7713
v  -6.6067 -35.0693 2.0041
v  -6.3785 -35.0693 2.6421
v  6.8707 -35.0693 0.6767
v  6.9040 -35.0693 0.0000
v  6.8707 -35.0693 -0.6767
v  6.7714 -35.0693 -1.3469
v  -6.0888 -35.0693 -3.2545
v  -6.3785 -35.0693 -2.6420
v  -6.0265 -28.6232 -2.4963
v  -5.7528 -28.6232 -3.0749
v  -2.0041 -35.0693 6.6067
v  -1.8935 -28.6232 6.2422
v  6.6067 -35.0693 -2.0041
v  6.3785 -35.0693 -2.6420
v  6.0265 -28.6232 -2.4963
v  6.2422 -28.6232 -1.8935
v  -2.0041 -35.0693 -6.6067
v  -1.8935 -28.6232 -6.2422
v  -6.0888 -35.0693 3.2545
v  -5.7528 -28.6232 3.0750
v  6.0888 -35.0693 -3.2545
v  5.7405 -35.0693 -3.8357
v  5.4237 -28.6232 -3.6240
v  5.7528 -28.6232 -3.0749
v  5.3369 -35.0693 -4.3798
v  5.0424 -28.6232 -4.1382
v  -6.6067 -35.0693 -2.0041
v  -6.2422 -28.6232 -1.8935
v  0.6906 -24.3781 -7.0121
v  0.7283 -24.3687 -7.3947
v  0.0000 -24.3687 -7.4306
v  1.3746 -24.3781 -6.9106
v  1.4496 -24.3687 -7.2878
v  1.4989 -24.5117 -7.5353
v  0.7531 -24.5117 -7.6459
v  0.0000 -24.5117 -7.6829
v  -6.5097 -24.3781 -2.6964
v  -6.2140 -24.3781 -3.3215
v  -6.5531 -24.3687 -3.5027
v  -6.8649 -24.3687 -2.8435
v  -5.8586 -24.3781 -3.9146
v  -6.1783 -24.3687 -4.1282
v  -6.3881 -24.5117 -4.2684
v  -6.7757 -24.5117 -3.6217
v  -7.0981 -24.5117 -2.9401
v  -7.4851 -25.4427 0.7372
v  -7.5213 -25.4427 0.0000
v  -7.3768 -25.4427 1.4673
v  -7.5972 -25.2588 1.5112
v  -7.7087 -25.2588 0.7592
v  -7.7460 -25.2588 0.0000
v  -6.9106 -24.3781 -1.3746
v  -6.7426 -24.3781 -2.0453
v  -7.1106 -24.3687 -2.1570
v  -7.2878 -24.3687 -1.4496
v  -7.3520 -24.5117 -2.2302
v  -7.5353 -24.5117 -1.4989
v  4.7715 -25.4427 5.8141
v  4.1786 -25.4427 6.2538
v  5.3184 -25.4427 5.3184
v  5.4773 -25.2588 5.4773
v  4.9140 -25.2588 5.9878
v  4.3035 -25.2588 6.4406
v  -7.0460 -24.3781 0.0000
v  -7.0121 -24.3781 -0.6906
v  -7.3947 -24.3687 -0.7283
v  -7.4306 -24.3687 0.0000
v  -7.6459 -24.5117 -0.7530
v  -7.6829 -24.5117 0.0000
v  0.7372 -25.4427 -7.4851
v  1.4673 -25.4427 -7.3768
v  0.0000 -25.4427 -7.5213
v  0.0000 -25.2588 -7.7460
v  0.7592 -25.2588 -7.7087
v  1.5112 -25.2588 -7.5972
v  -6.9106 -24.3781 1.3746
v  -7.0121 -24.3781 0.6906
v  -7.3947 -24.3687 0.7283
v  -7.2878 -24.3687 1.4496
v  -7.6459 -24.5117 0.7531
v  -7.5353 -24.5117 1.4989
v  -4.7715 -25.4427 5.8140
v  -5.3184 -25.4427 5.3184
v  -4.1786 -25.4427 6.2538
v  -4.3035 -25.2588 6.4406
v  -4.9140 -25.2588 5.9878
v  -5.4773 -25.2588 5.4773
v  -6.5097 -24.3781 2.6964
v  -6.7426 -24.3781 2.0454
v  -7.1106 -24.3687 2.1570
v  -6.8649 -24.3687 2.8436
v  -7.3520 -24.5117 2.2302
v  -7.0981 -24.5117 2.9401
v  -4.7715 -25.4427 -5.8140
v  -4.1786 -25.4427 -6.2538
v  -5.3184 -25.4427 -5.3184
v  -5.4773 -25.2588 -5.4773
v  -4.9140 -25.2588 -5.9877
v  -4.3035 -25.2588 -6.4406
v  -5.8586 -24.3781 3.9146
v  -6.2140 -24.3781 3.3215
v  -6.5531 -24.3687 3.5027
v  -6.1783 -24.3687 4.1282
v  -6.7757 -24.5117 3.6217
v  -6.3881 -24.5117 4.2684
v  2.7326 -25.4988 6.5972
v  3.3661 -25.4988 6.2976
v  3.5455 -25.4427 6.6332
v  2.8783 -25.4427 6.9488
v  3.6514 -25.2588 6.8314
v  2.9643 -25.2588 7.1564
v  -4.9823 -24.3781 4.9823
v  -5.4466 -24.3781 4.4699
v  -5.7439 -24.3687 4.7139
v  -5.2542 -24.3687 5.2542
v  -5.9389 -24.5117 4.8740
v  -5.4326 -24.5117 5.4326
v  1.3931 -25.4988 7.0035
v  2.0728 -25.4988 6.8332
v  2.1833 -25.4427 7.1974
v  1.4673 -25.4427 7.3768
v  2.2486 -25.2588 7.4125
v  1.5112 -25.2588 7.5972
v  -3.9146 -24.3781 5.8586
v  -4.4699 -24.3781 5.4466
v  -4.7139 -24.3687 5.7439
v  -4.1282 -24.3687 6.1783
v  -4.8740 -24.5117 5.9389
v  -4.2684 -24.5117 6.3881
v  -7.0035 -25.4988 -1.3931
v  -7.1063 -25.4988 -0.6999
v  -7.4851 -25.4427 -0.7372
v  -7.3768 -25.4427 -1.4673
v  -7.7087 -25.2588 -0.7592
v  -7.5972 -25.2588 -1.5112
v  -2.6964 -24.3781 6.5097
v  -3.3215 -24.3781 6.2140
v  -3.5027 -24.3687 6.5531
v  -2.8436 -24.3687 6.8649
v  -3.6217 -24.5117 6.7757
v  -2.9401 -24.5117 7.0981
v  2.7326 -25.4988 -6.5972
v  2.0728 -25.4988 -6.8332
v  2.1833 -25.4427 -7.1974
v  2.8783 -25.4427 -6.9488
v  2.2486 -25.2588 -7.4125
v  2.9643 -25.2588 -7.1564
v  -1.3746 -24.3781 6.9106
v  -2.0453 -24.3781 6.7426
v  -2.1570 -24.3687 7.1106
v  -1.4496 -24.3687 7.2878
v  -2.2302 -24.5117 7.3521
v  -1.4989 -24.5117 7.5353
v  0.0000 -25.4988 7.1408
v  0.6999 -25.4988 7.1063
v  0.7372 -25.4427 7.4851
v  0.0000 -25.4427 7.5213
v  0.7592 -25.2588 7.7087
v  0.0000 -25.2588 7.7461
v  -6.5972 -25.4988 -2.7326
v  -6.8332 -25.4988 -2.0728
v  -7.1974 -25.4427 -2.1833
v  -6.9488 -25.4427 -2.8783
v  -7.4125 -25.2588 -2.2485
v  -7.1564 -25.2588 -2.9643
v  -0.6906 -24.3781 7.0121
v  -0.7283 -24.3687 7.3948
v  0.0000 -24.3687 7.4306
v  -0.7531 -24.5117 7.6459
v  0.0000 -24.5117 7.6829
v  3.9672 -25.4988 -5.9373
v  3.3661 -25.4988 -6.2975
v  3.5455 -25.4427 -6.6332
v  4.1786 -25.4427 -6.2538
v  3.6514 -25.2588 -6.8314
v  4.3035 -25.2588 -6.4406
v  5.9373 -25.4988 -3.9672
v  5.5199 -25.4988 -4.5300
v  5.8140 -25.4427 -4.7715
v  6.2538 -25.4427 -4.1786
v  5.0493 -25.4988 -5.0493
v  5.3184 -25.4427 -5.3184
v  5.4773 -25.2588 -5.4773
v  5.9878 -25.2588 -4.9140
v  6.4406 -25.2588 -4.3035
v  0.7283 -24.3687 7.3948
v  1.4496 -24.3687 7.2878
v  0.7531 -24.5117 7.6459
v  1.4989 -24.5117 7.5353
v  -5.9373 -25.4988 3.9672
v  -5.5199 -25.4988 4.5300
v  -5.8140 -25.4427 4.7715
v  -6.2538 -25.4427 4.1786
v  -5.9878 -25.2588 4.9140
v  -6.4406 -25.2588 4.3035
v  6.5972 -25.4988 -2.7326
v  6.2976 -25.4988 -3.3661
v  6.6332 -25.4427 -3.5455
v  6.9488 -25.4427 -2.8783
v  6.8314 -25.2588 -3.6514
v  7.1564 -25.2588 -2.9643
v  2.1570 -24.3687 7.1106
v  2.8436 -24.3687 6.8649
v  2.2302 -24.5117 7.3521
v  2.9401 -24.5117 7.0981
v  -2.7326 -25.4988 -6.5972
v  -3.3661 -25.4988 -6.2975
v  -3.5455 -25.4427 -6.6332
v  -2.8783 -25.4427 -6.9488
v  -3.6514 -25.2588 -6.8314
v  -2.9643 -25.2588 -7.1564
v  -6.2976 -25.4988 3.3661
v  -6.6332 -25.4427 3.5455
v  -6.9488 -25.4427 2.8783
v  -6.8314 -25.2588 3.6515
v  -7.1564 -25.2588 2.9643
v  3.5027 -24.3687 6.5531
v  4.1282 -24.3687 6.1783
v  3.6217 -24.5117 6.7757
v  4.2684 -24.5117 6.3881
v  -5.9045 -25.9209 -3.1560
v  -6.1854 -25.9209 -2.5621
v  -6.2976 -25.4988 -3.3661
v  -0.5747 -20.7840 5.8347
v  -0.6400 -23.9604 6.4982
v  -1.1438 -20.7840 5.7503
v  -1.2739 -23.9604 6.4042
v  -1.9435 -25.9209 6.4067
v  -1.3061 -25.9209 6.5664
v  -1.3931 -25.4988 7.0035
v  -2.0728 -25.4988 6.8332
v  -1.7019 -20.7840 5.6105
v  -1.8954 -23.9604 6.2485
v  -2.4988 -23.9604 6.0326
v  6.4067 -25.9209 -1.9435
v  6.1854 -25.9209 -2.5621
v  6.8332 -25.4988 -2.0728
v  -0.6562 -25.9209 6.6628
v  0.0000 -25.9209 6.6950
v  -0.6999 -25.4988 7.1063
v  -3.0780 -23.9604 5.7586
v  -3.6277 -23.9604 5.4292
v  -1.9435 -25.9209 -6.4067
v  -2.5621 -25.9209 -6.1854
v  -2.0728 -25.4988 -6.8332
v  4.2473 -25.9209 -5.1753
v  4.7341 -25.9209 -4.7341
v  3.7196 -25.9209 -5.5667
v  4.5300 -25.4988 -5.5198
v  -3.7194 -20.7840 4.5321
v  -4.1423 -23.9604 5.0475
v  -4.1457 -20.7840 4.1457
v  -4.6172 -23.9604 4.6172
v  -5.9045 -25.9209 3.1560
v  -5.5667 -25.9209 3.7196
v  -3.1560 -25.9209 -5.9045
v  -4.5321 -20.7840 3.7194
v  -5.0475 -23.9604 4.1423
v  -4.8748 -20.7840 3.2573
v  -5.4292 -23.9604 3.6277
v  5.9045 -25.9209 -3.1560
v  5.5667 -25.9209 -3.7196
v  -5.1753 -25.9209 4.2473
v  -5.1706 -20.7840 2.7638
v  -5.7586 -23.9604 3.0780
v  -5.4166 -20.7840 2.2436
v  -6.0326 -23.9604 2.4988
v  5.1753 -25.9209 -4.2473
v  3.1560 -25.9209 -5.9045
v  2.5621 -25.9209 -6.1854
v  -5.6104 -20.7840 1.7019
v  -6.2485 -23.9604 1.8955
v  -5.7503 -20.7840 1.1438
v  -6.4042 -23.9604 1.2739
v  -6.4067 -25.9209 -1.9435
v  -6.5664 -25.9209 -1.3061
v  0.6562 -25.9209 6.6628
v  1.3061 -25.9209 6.5664
v  -5.8347 -20.7840 0.5747
v  -6.4982 -23.9604 0.6400
v  -5.8629 -20.7840 0.0000
v  -6.5296 -23.9604 0.0000
v  1.9435 -25.9209 -6.4067
v  -5.8347 -20.7840 -0.5747
v  -6.4982 -23.9604 -0.6400
v  -5.7503 -20.7840 -1.1438
v  -6.4042 -23.9604 -1.2739
v  -6.6628 -25.9209 -0.6562
v  -5.6104 -20.7840 -1.7019
v  -6.2485 -23.9604 -1.8954
v  -5.4166 -20.7840 -2.2436
v  -6.0326 -23.9604 -2.4988
v  1.9435 -25.9209 6.4067
v  2.5621 -25.9209 6.1854
v  -5.1706 -20.7840 -2.7638
v  -5.7586 -23.9604 -3.0780
v  -4.8748 -20.7840 -3.2573
v  -5.4292 -23.9604 -3.6277
v  0.5747 -20.7840 -5.8347
v  0.6400 -23.9604 -6.4982
v  1.1438 -20.7840 -5.7503
v  1.2739 -23.9604 -6.4042
v  3.1560 -25.9209 5.9045
v  -4.5321 -20.7840 -3.7194
v  -5.0475 -23.9604 -4.1423
v  -5.4466 -24.3781 -4.4699
v  1.7019 -20.7840 -5.6104
v  1.8955 -23.9604 -6.2485
v  2.0453 -24.3781 -6.7426
v  -4.2090 -6.1245 -1.7434
v  -4.3596 -6.1245 -1.3225
v  -4.3390 -2.9109 -1.3162
v  -4.1891 -2.9109 -1.7352
v  -4.4682 -6.1245 -0.8888
v  -4.4471 -2.9109 -0.8846
v  -4.7492 -2.4293 -0.9447
v  -4.6337 -2.4293 -1.4056
v  -4.4737 -2.4293 -1.8531
v  4.4925 -13.4604 -2.4013
v  4.7062 -13.4604 -1.9494
v  4.2355 -13.4604 -2.8300
v  3.7880 -6.1245 -2.5310
v  4.0178 -6.1245 -2.1476
v  4.2090 -6.1245 -1.7434
v  -3.2316 -13.4604 3.9377
v  -3.6020 -13.4604 3.6020
v  -2.8901 -6.1245 3.5216
v  -3.2214 -6.1245 3.2214
v  4.8746 -13.4604 -1.4787
v  4.9961 -13.4604 -0.9938
v  4.3596 -6.1245 -1.3225
v  4.4682 -6.1245 -0.8888
v  -3.9377 -13.4604 3.2316
v  -4.2355 -13.4604 2.8301
v  -3.5216 -6.1245 2.8901
v  -3.7880 -6.1245 2.5310
v  5.0694 -13.4604 -0.4993
v  5.0940 -13.4604 0.0000
v  4.5338 -6.1245 -0.4465
v  4.5557 -6.1245 0.0000
v  -4.4924 -13.4604 2.4013
v  -4.7062 -13.4604 1.9494
v  -4.0178 -6.1245 2.1476
v  -4.2090 -6.1245 1.7434
v  5.0694 -13.4604 0.4993
v  4.9961 -13.4604 0.9938
v  4.5338 -6.1245 0.4465
v  4.4682 -6.1245 0.8888
v  -4.8746 -13.4604 1.4787
v  -4.9961 -13.4604 0.9938
v  -4.3596 -6.1245 1.3225
v  -4.4682 -6.1245 0.8888
v  4.8746 -13.4604 1.4787
v  4.7062 -13.4604 1.9494
v  4.3596 -6.1245 1.3225
v  4.2090 -6.1245 1.7434
v  -5.0694 -13.4604 0.4993
v  -5.0940 -13.4604 0.0000
v  -4.5338 -6.1245 0.4465
v  -4.5557 -6.1245 0.0000
v  4.4925 -13.4604 2.4013
v  4.2355 -13.4604 2.8301
v  4.0178 -6.1245 2.1476
v  3.7880 -6.1245 2.5310
v  -5.0694 -13.4604 -0.4993
v  -4.9961 -13.4604 -0.9938
v  -4.5338 -6.1245 -0.4465
v  3.9377 -13.4604 3.2316
v  3.6020 -13.4604 3.6020
v  3.5216 -6.1245 2.8901
v  3.2214 -6.1245 3.2214
v  -4.8746 -13.4604 -1.4787
v  -4.7062 -13.4604 -1.9494
v  3.2316 -13.4604 3.9377
v  2.8301 -13.4604 4.2355
v  2.8901 -6.1245 3.5216
v  2.5310 -6.1245 3.7880
v  -4.4924 -13.4604 -2.4013
v  -4.2355 -13.4604 -2.8300
v  -4.0178 -6.1245 -2.1476
v  -3.7880 -6.1245 -2.5310
v  2.4013 -13.4604 4.4925
v  1.9494 -13.4604 4.7062
v  2.1476 -6.1245 4.0178
v  1.7434 -6.1245 4.2090
v  0.4993 -13.4604 -5.0694
v  0.9938 -13.4604 -4.9961
v  0.0000 -13.4604 -5.0940
v  0.0000 -6.1245 -4.5557
v  0.4465 -6.1245 -4.5338
v  0.8888 -6.1245 -4.4682
v  -3.9377 -13.4604 -3.2316
v  -3.6020 -13.4604 -3.6020
v  -3.5216 -6.1245 -2.8901
v  -3.2214 -6.1245 -3.2214
v  1.4787 -13.4604 4.8746
v  0.9938 -13.4604 4.9961
v  1.3225 -6.1245 4.3596
v  0.8888 -6.1245 4.4682
v  1.4787 -13.4604 -4.8746
v  1.9494 -13.4604 -4.7062
v  1.3225 -6.1245 -4.3596
v  1.7434 -6.1245 -4.2090
v  -3.2316 -13.4604 -3.9377
v  -2.8300 -13.4604 -4.2355
v  -2.8901 -6.1245 -3.5216
v  -2.5310 -6.1245 -3.7880
v  0.4993 -13.4604 5.0694
v  0.0000 -13.4604 5.0940
v  0.4465 -6.1245 4.5338
v  0.0000 -6.1245 4.5557
v  2.4013 -13.4604 -4.4924
v  2.8301 -13.4604 -4.2355
v  2.1476 -6.1245 -4.0178
v  2.5310 -6.1245 -3.7880
v  -2.4013 -13.4604 -4.4924
v  -1.9494 -13.4604 -4.7062
v  -2.1476 -6.1245 -4.0178
v  -1.7434 -6.1245 -4.2090
v  -0.4993 -13.4604 5.0694
v  -0.9938 -13.4604 4.9961
v  -0.4465 -6.1245 4.5338
v  -0.8888 -6.1245 4.4682
v  3.2316 -13.4604 -3.9377
v  3.6020 -13.4604 -3.6020
v  2.8901 -6.1245 -3.5216
v  3.2214 -6.1245 -3.2214
v  -1.4787 -13.4604 -4.8746
v  -0.9938 -13.4604 -4.9961
v  -1.3225 -6.1245 -4.3596
v  -0.8888 -6.1245 -4.4682
v  -1.4787 -13.4604 4.8746
v  -1.3225 -6.1245 4.3596
v  3.9377 -13.4604 -3.2316
v  3.5216 -6.1245 -2.8901
v  -0.4993 -13.4604 -5.0694
v  -0.4465 -6.1245 -4.5338
v  6.3416 -0.3146 2.6268
v  6.5685 -0.3146 1.9925
v  6.5868 0.2495 1.9981
v  6.3592 0.2495 2.6341
v  6.7322 -0.3146 1.3391
v  6.7509 0.2495 1.3428
v  6.7281 0.9419 1.3383
v  6.5645 0.9419 1.9913
v  6.3378 0.9419 2.6252
v  -4.5124 -2.9109 -0.4444
v  -4.5342 -2.9109 0.0000
v  -4.8423 -2.4293 0.0000
v  -4.8189 -2.4293 -0.4746
v  6.8310 -0.3146 0.6728
v  6.8500 0.2495 0.6747
v  6.8641 -0.3146 0.0000
v  6.8832 0.2495 -0.0000
v  6.8600 0.9419 -0.0000
v  6.8269 0.9419 0.6724
v  -4.5124 -2.9109 0.4444
v  -4.4471 -2.9109 0.8846
v  -4.7492 -2.4293 0.9447
v  -4.8189 -2.4293 0.4746
v  6.8310 -0.3146 -0.6728
v  6.8500 0.2495 -0.6747
v  6.7322 -0.3146 -1.3391
v  6.7509 0.2495 -1.3428
v  6.7281 0.9419 -1.3383
v  6.8269 0.9419 -0.6724
v  -4.3390 -2.9109 1.3162
v  -4.1891 -2.9109 1.7352
v  -4.4737 -2.4293 1.8531
v  -4.6337 -2.4293 1.4056
v  6.5685 -0.3146 -1.9925
v  6.5868 0.2495 -1.9981
v  6.3416 -0.3146 -2.6268
v  6.3592 0.2495 -2.6341
v  6.3378 0.9419 -2.6252
v  6.5645 0.9419 -1.9913
v  -3.9988 -2.9109 2.1374
v  -3.7701 -2.9109 2.5191
v  -4.0262 -2.4293 2.6902
v  -4.2705 -2.4293 2.2826
v  6.0535 -0.3146 -3.2357
v  6.0704 0.2495 -3.2447
v  5.7073 -0.3146 -3.8135
v  5.7232 0.2495 -3.8241
v  5.7038 0.9419 -3.8112
v  6.0499 0.9419 -3.2337
v  0.0000 -0.3146 -6.8641
v  -0.6728 -0.3146 -6.8310
v  -0.6747 0.2495 -6.8500
v  0.0000 0.2495 -6.8832
v  -1.3391 -0.3146 -6.7322
v  -1.3428 0.2495 -6.7509
v  -1.3383 0.9419 -6.7281
v  -0.6724 0.9419 -6.8269
v  0.0000 0.9419 -6.8599
v  -3.5050 -2.9109 2.8765
v  -3.2062 -2.9109 3.2062
v  -3.4240 -2.4293 3.4240
v  -3.7431 -2.4293 3.0719
v  5.3060 -0.3146 -4.3545
v  5.3208 0.2495 -4.3666
v  4.8536 -0.3146 -4.8536
v  4.8671 0.2495 -4.8671
v  4.8507 0.9419 -4.8507
v  5.3028 0.9419 -4.3519
v  -1.9925 -0.3146 -6.5685
v  -1.9981 0.2495 -6.5868
v  -2.6268 -0.3146 -6.3416
v  -2.6341 0.2495 -6.3592
v  -2.6252 0.9419 -6.3378
v  -1.9913 0.9419 -6.5645
v  -2.8765 -2.9109 3.5050
v  -2.5191 -2.9109 3.7701
v  -2.6902 -2.4293 4.0262
v  -3.0719 -2.4293 3.7431
v  4.3545 -0.3146 -5.3060
v  4.3666 0.2495 -5.3208
v  3.8135 -0.3146 -5.7073
v  3.8241 0.2495 -5.7232
v  3.8112 0.9419 -5.7038
v  4.3519 0.9419 -5.3028
v  -3.2357 -0.3146 -6.0535
v  -3.2447 0.2495 -6.0704
v  -3.8135 -0.3146 -5.7073
v  -3.8241 0.2495 -5.7232
v  -3.8112 0.9419 -5.7038
v  -3.2337 0.9419 -6.0499
v  -2.1374 -2.9109 3.9988
v  -1.7352 -2.9109 4.1891
v  -1.8531 -2.4293 4.4737
v  -2.2826 -2.4293 4.2705
v  3.2357 -0.3146 -6.0535
v  3.2447 0.2495 -6.0704
v  2.6268 -0.3146 -6.3416
v  2.6341 0.2495 -6.3592
v  2.6252 0.9419 -6.3378
v  3.2337 0.9419 -6.0499
v  -4.3545 -0.3146 -5.3060
v  -4.3666 0.2495 -5.3208
v  -4.8536 -0.3146 -4.8536
v  -4.8671 0.2495 -4.8671
v  -4.8507 0.9419 -4.8507
v  -4.3519 0.9419 -5.3028
v  -1.3162 -2.9109 4.3390
v  -0.8846 -2.9109 4.4471
v  -0.9447 -2.4293 4.7492
v  -1.4056 -2.4293 4.6337
v  1.9925 -0.3146 -6.5685
v  1.9981 0.2495 -6.5868
v  1.3391 -0.3146 -6.7322
v  1.3428 0.2495 -6.7509
v  1.3383 0.9419 -6.7281
v  1.9913 0.9419 -6.5645
v  -5.3060 -0.3146 -4.3545
v  -5.3208 0.2495 -4.3666
v  -5.7073 -0.3146 -3.8135
v  -5.7232 0.2495 -3.8241
v  -5.7038 0.9419 -3.8112
v  -5.3028 0.9419 -4.3519
v  -0.4444 -2.9109 4.5124
v  0.0000 -2.9109 4.5342
v  0.0000 -2.4293 4.8423
v  -0.4746 -2.4293 4.8189
v  0.6728 -0.3146 -6.8310
v  0.6747 0.2495 -6.8500
v  0.6724 0.9419 -6.8269
v  -6.0535 -0.3146 -3.2357
v  -6.0704 0.2495 -3.2447
v  -6.3416 -0.3146 -2.6268
v  -6.3592 0.2495 -2.6341
v  -6.3378 0.9419 -2.6252
v  -6.0499 0.9419 -3.2337
v  0.4444 -2.9109 4.5124
v  0.8846 -2.9109 4.4471
v  0.9447 -2.4293 4.7492
v  0.4746 -2.4293 4.8189
v  -6.5685 -0.3146 -1.9925
v  -6.5868 0.2495 -1.9981
v  -6.7322 -0.3146 -1.3391
v  -6.7509 0.2495 -1.3428
v  -6.7281 0.9419 -1.3383
v  -6.5645 0.9419 -1.9913
v  1.3162 -2.9109 4.3390
v  1.7352 -2.9109 4.1891
v  1.8531 -2.4293 4.4737
v  1.4056 -2.4293 4.6337
v  -6.8310 -0.3146 -0.6728
v  -6.8500 0.2495 -0.6747
v  -6.8641 -0.3146 0.0000
v  -6.8832 0.2495 -0.0000
v  -6.8599 0.9419 -0.0000
v  -6.8269 0.9419 -0.6724
v  2.1374 -2.9109 3.9988
v  2.5191 -2.9109 3.7701
v  2.6902 -2.4293 4.0262
v  2.2826 -2.4293 4.2705
v  -6.8310 -0.3146 0.6728
v  -6.8500 0.2495 0.6747
v  -6.7322 -0.3146 1.3391
v  -6.7509 0.2495 1.3428
v  -6.7281 0.9419 1.3383
v  -6.8269 0.9419 0.6724
v  1.3162 -2.9109 -4.3390
v  1.7352 -2.9109 -4.1891
v  0.8846 -2.9109 -4.4471
v  0.9447 -2.4293 -4.7492
v  1.4056 -2.4293 -4.6337
v  1.8531 -2.4293 -4.4737
v  4.8536 -0.3146 4.8536
v  5.3060 -0.3146 4.3545
v  5.3208 0.2495 4.3666
v  4.8671 0.2495 4.8671
v  5.7073 -0.3146 3.8135
v  5.7232 0.2495 3.8241
v  5.7038 0.9419 3.8112
v  5.3028 0.9419 4.3519
v  4.8507 0.9419 4.8507
v  -3.9988 -2.9109 -2.1374
v  -3.7701 -2.9109 -2.5191
v  -4.2705 -2.4293 -2.2826
v  -4.0262 -2.4293 -2.6902
v  2.8765 -2.9109 3.5050
v  3.2062 -2.9109 3.2062
v  3.4240 -2.4293 3.4240
v  3.0719 -2.4293 3.7431
v  -3.5050 -2.9109 -2.8765
v  -3.2062 -2.9109 -3.2062
v  -3.7431 -2.4293 -3.0719
v  -3.4240 -2.4293 -3.4240
v  -0.4444 -2.9109 -4.5124
v  0.0000 -2.9109 -4.5342
v  -0.8846 -2.9109 -4.4471
v  -0.9447 -2.4293 -4.7492
v  -0.4746 -2.4293 -4.8189
v  0.0000 -2.4293 -4.8423
v  3.8135 -0.3146 5.7073
v  4.3545 -0.3146 5.3060
v  4.3666 0.2495 5.3208
v  3.8241 0.2495 5.7232
v  4.3519 0.9419 5.3028
v  3.8112 0.9419 5.7038
v  -2.8765 -2.9109 -3.5050
v  -2.5191 -2.9109 -3.7701
v  -3.0719 -2.4293 -3.7431
v  -2.6902 -2.4293 -4.0262
v  2.6268 -0.3146 6.3416
v  3.2357 -0.3146 6.0535
v  3.2447 0.2495 6.0704
v  2.6341 0.2495 6.3592
v  3.2337 0.9419 6.0499
v  2.6252 0.9419 6.3378
v  -2.1374 -2.9109 -3.9988
v  -1.7352 -2.9109 -4.1891
v  -2.2826 -2.4293 -4.2705
v  -1.8531 -2.4293 -4.4737
v  2.8765 -2.9109 -3.5050
v  3.2062 -2.9109 -3.2062
v  2.5191 -2.9109 -3.7701
v  2.6902 -2.4293 -4.0262
v  3.0719 -2.4293 -3.7431
v  3.4240 -2.4293 -3.4240
v  1.3391 -0.3146 6.7322
v  1.9925 -0.3146 6.5685
v  1.9981 0.2495 6.5868
v  1.3428 0.2495 6.7509
v  1.9913 0.9419 6.5645
v  1.3383 0.9419 6.7281
v  -1.3162 -2.9109 -4.3390
v  -1.4056 -2.4293 -4.6337
v  3.5050 -2.9109 -2.8765
v  3.7701 -2.9109 -2.5191
v  3.7431 -2.4293 -3.0719
v  4.0262 -2.4293 -2.6902
v  0.0000 -0.3146 6.8641
v  0.6728 -0.3146 6.8310
v  0.6747 0.2495 6.8500
v  0.0000 0.2495 6.8832
v  0.6724 0.9419 6.8269
v  0.0000 0.9419 6.8599
v  1.3576 4.2408 -6.8249
v  0.6821 4.2408 -6.9251
v  0.6937 4.5639 -7.0430
v  1.3807 4.5639 -6.9411
v  0.0000 4.2408 -6.9586
v  0.0000 4.5639 -7.0771
v  0.0000 4.8682 -7.0246
v  0.6885 4.8682 -6.9908
v  1.3704 4.8682 -6.8897
v  3.9988 -2.9109 -2.1374
v  4.1891 -2.9109 -1.7352
v  4.2705 -2.4293 -2.2826
v  4.4737 -2.4293 -1.8531
v  -1.3391 -0.3146 6.7322
v  -0.6728 -0.3146 6.8310
v  -0.6747 0.2495 6.8500
v  -1.3428 0.2495 6.7509
v  -0.6724 0.9419 6.8269
v  -1.3383 0.9419 6.7281
v  2.1374 -2.9109 -3.9988
v  2.2826 -2.4293 -4.2705
v  4.3390 -2.9109 -1.3162
v  4.4471 -2.9109 -0.8846
v  4.6337 -2.4293 -1.4056
v  4.7492 -2.4293 -0.9447
v  -2.6268 -0.3146 6.3416
v  -1.9925 -0.3146 6.5685
v  -1.9981 0.2495 6.5868
v  -2.6341 0.2495 6.3592
v  -1.9913 0.9419 6.5645
v  -2.6252 0.9419 6.3378
v  4.5124 -2.9109 -0.4444
v  4.5342 -2.9109 0.0000
v  4.8189 -2.4293 -0.4746
v  4.8423 -2.4293 0.0000
v  -3.8135 -0.3146 5.7073
v  -3.2357 -0.3146 6.0535
v  -3.2447 0.2495 6.0704
v  -3.8241 0.2495 5.7232
v  -3.2337 0.9419 6.0499
v  -3.8112 0.9419 5.7038
v  4.5124 -2.9109 0.4444
v  4.4471 -2.9109 0.8846
v  4.8189 -2.4293 0.4746
v  4.7492 -2.4293 0.9447
v  -4.8536 -0.3146 4.8536
v  -4.3545 -0.3146 5.3060
v  -4.3666 0.2495 5.3208
v  -4.8671 0.2495 4.8671
v  -4.3519 0.9419 5.3028
v  -4.8507 0.9419 4.8507
v  4.3390 -2.9109 1.3162
v  4.1891 -2.9109 1.7352
v  4.6337 -2.4293 1.4056
v  4.4737 -2.4293 1.8531
v  -5.7073 -0.3146 3.8135
v  -5.3060 -0.3146 4.3545
v  -5.3208 0.2495 4.3666
v  -5.7232 0.2495 3.8241
v  -5.3028 0.9419 4.3519
v  -5.7038 0.9419 3.8112
v  6.0535 -0.3146 3.2357
v  6.0704 0.2495 3.2447
v  6.0499 0.9419 3.2337
v  -6.3416 -0.3146 2.6268
v  -6.0535 -0.3146 3.2357
v  -6.0704 0.2495 3.2447
v  -6.3592 0.2495 2.6341
v  -6.0499 0.9419 3.2337
v  -6.3378 0.9419 2.6252
v  3.9988 -2.9109 2.1374
v  3.7701 -2.9109 2.5191
v  4.2705 -2.4293 2.2826
v  4.0262 -2.4293 2.6902
v  -6.5685 -0.3146 1.9925
v  -6.5868 0.2495 1.9981
v  -6.5645 0.9419 1.9913
v  3.5050 -2.9109 2.8765
v  3.7431 -2.4293 3.0719
v  0.6654 1.7549 -6.7559
v  1.3244 1.7549 -6.6581
v  0.0000 1.7549 -6.7886
v  0.0000 2.5796 -6.6525
v  0.6521 2.5796 -6.6204
v  1.2978 2.5796 -6.5247
v  0.6344 3.2893 -6.4415
v  1.2628 3.2893 -6.3483
v  0.0000 3.2893 -6.4727
v  0.0000 3.7869 -6.4314
v  0.6304 3.7869 -6.4004
v  1.2547 3.7869 -6.3078
v  -5.4359 6.7533 -0.0000
v  -5.4097 6.7533 0.5328
v  -5.3741 8.2792 0.5293
v  -5.4001 8.2792 -0.0000
v  -5.3315 6.7533 1.0605
v  -5.2964 8.2792 1.0535
v  -5.2509 9.8849 1.0445
v  -5.3279 9.8849 0.5248
v  -5.3537 9.8849 -0.0000
v  0.2655 63.5665 -1.3347
v  0.1334 63.5665 -1.3543
v  0.1389 63.5923 -1.4106
v  0.2765 63.5923 -1.3902
v  0.0000 63.5665 -1.3608
v  0.0000 63.5923 -1.4175
v  0.0000 63.6528 -1.5302
v  0.1500 63.6528 -1.5228
v  0.2985 63.6528 -1.5008
v  1.9706 1.7549 -6.4962
v  2.5979 1.7549 -6.2718
v  1.9311 2.5796 -6.3660
v  2.5458 2.5796 -6.1461
v  1.8789 3.2893 -6.1940
v  2.4770 3.2893 -5.9800
v  1.8669 3.7869 -6.1544
v  2.4612 3.7869 -5.9418
v  -2.4612 3.7869 -5.9418
v  -3.0317 3.7869 -5.6720
v  -3.1414 4.0393 -5.8771
v  -2.5502 4.0393 -6.1568
v  -3.5731 3.7869 -5.3475
v  -3.7023 4.0393 -5.5410
v  -3.8660 4.2408 -5.7859
v  -3.2803 4.2408 -6.1370
v  -2.6630 4.2408 -6.4290
v  1.2922 5.0208 -6.4962
v  1.9227 5.0208 -6.3383
v  1.9917 4.9943 -6.5659
v  1.3386 4.9943 -6.7295
v  2.5347 5.0208 -6.1193
v  2.6257 4.9943 -6.3391
v  2.6882 4.8682 -6.4899
v  2.0391 4.8682 -6.7221
v  3.2001 1.7549 -5.9870
v  3.7715 1.7549 -5.6445
v  3.1360 2.5796 -5.8669
v  3.6959 2.5796 -5.5313
v  3.0512 3.2893 -5.7084
v  3.5961 3.2893 -5.3819
v  3.0317 3.7869 -5.6720
v  3.5731 3.7869 -5.3475
v  -4.5198 6.7533 3.0200
v  -4.2020 6.7533 3.4485
v  -4.1743 8.2792 3.4258
v  -4.4900 8.2792 3.0001
v  -3.8438 6.7533 3.8438
v  -3.8185 8.2792 3.8185
v  -3.7857 9.8849 3.7857
v  -4.1385 9.8849 3.3964
v  -4.4515 9.8849 2.9744
v  4.6835 5.0208 -4.6835
v  5.1200 5.0208 -4.2019
v  5.3039 4.9943 -4.3528
v  4.8517 4.9943 -4.8517
v  5.5072 5.0208 -3.6798
v  5.7050 4.9943 -3.8120
v  5.8408 4.8682 -3.9027
v  5.4301 4.8682 -4.4564
v  4.9672 4.8682 -4.9672
v  4.3066 1.7549 -5.2476
v  4.8002 1.7549 -4.8002
v  4.2203 2.5796 -5.1424
v  4.7040 2.5796 -4.7040
v  4.1062 3.2893 -5.0035
v  4.5769 3.2893 -4.5769
v  4.0800 3.7869 -4.9715
v  4.5477 3.7869 -4.5477
v  -5.3475 3.7869 -3.5731
v  -5.6720 3.7869 -3.0317
v  -5.8771 4.0393 -3.1414
v  -5.5410 4.0393 -3.7024
v  -5.9418 3.7869 -2.4612
v  -6.1568 4.0393 -2.5502
v  -6.4290 4.2408 -2.6630
v  -6.1370 4.2408 -3.2803
v  -5.7859 4.2408 -3.8660
v  5.8414 5.0208 -3.1223
v  6.0512 4.9943 -3.2344
v  6.1193 5.0208 -2.5347
v  6.3391 4.9943 -2.6257
v  6.4899 4.8682 -2.6882
v  6.1951 4.8682 -3.3114
v  5.2476 1.7549 -4.3066
v  5.6445 1.7549 -3.7715
v  5.1424 2.5796 -4.2203
v  5.5313 2.5796 -3.6959
v  5.0035 3.2893 -4.1062
v  5.3819 3.2893 -3.5961
v  4.9715 3.7869 -4.0800
v  5.3475 3.7869 -3.5731
v  0.6532 4.0393 -6.6319
v  1.3001 4.0393 -6.5360
v  0.0000 4.0393 -6.6641
v  6.3383 5.0208 -1.9227
v  6.5659 4.9943 -1.9918
v  6.4962 5.0208 -1.2922
v  6.7296 4.9943 -1.3386
v  6.8897 4.8682 -1.3704
v  6.7221 4.8682 -2.0391
v  5.9870 1.7549 -3.2001
v  6.2718 1.7549 -2.5979
v  5.8670 2.5796 -3.1360
v  6.1461 2.5796 -2.5458
v  5.7084 3.2893 -3.0512
v  5.9800 3.2893 -2.4770
v  5.6720 3.7869 -3.0317
v  5.9418 3.7869 -2.4612
v  -2.5347 5.0208 6.1193
v  -3.1223 5.0208 5.8414
v  -3.2344 4.9943 6.0512
v  -2.6257 4.9943 6.3391
v  -3.6798 5.0208 5.5072
v  -3.8120 4.9943 5.7050
v  -3.9027 4.8682 5.8408
v  -3.3114 4.8682 6.1951
v  -2.6882 4.8682 6.4899
v  6.5916 5.0208 -0.6492
v  6.8283 4.9943 -0.6725
v  6.6235 5.0208 -0.0000
v  6.8614 4.9943 -0.0000
v  7.0246 4.8682 -0.0000
v  6.9908 4.8682 -0.6885
v  6.4962 1.7549 -1.9706
v  6.6581 1.7549 -1.3244
v  6.3660 2.5796 -1.9311
v  6.5247 2.5796 -1.2978
v  6.1940 3.2893 -1.8789
v  6.3483 3.2893 -1.2628
v  6.1544 3.7869 -1.8669
v  6.3078 3.7869 -1.2547
v  -6.4314 3.7869 -0.0000
v  -6.4004 3.7869 0.6304
v  -6.6319 4.0393 0.6532
v  -6.6641 4.0393 -0.0000
v  -6.3078 3.7869 1.2547
v  -6.5360 4.0393 1.3001
v  -6.8249 4.2408 1.3576
v  -6.9251 4.2408 0.6821
v  -6.9586 4.2408 -0.0000
v  6.5916 5.0208 0.6492
v  6.8283 4.9943 0.6725
v  6.4962 5.0208 1.2922
v  6.7296 4.9943 1.3386
v  6.8897 4.8682 1.3704
v  6.9908 4.8682 0.6885
v  6.7559 1.7549 -0.6654
v  6.7886 1.7549 -0.0000
v  6.6204 2.5796 -0.6521
v  6.6525 2.5796 -0.0000
v  6.4415 3.2893 -0.6344
v  6.4727 3.2893 -0.0000
v  6.4004 3.7869 -0.6304
v  6.4314 3.7869 -0.0000
v  1.2922 5.0208 6.4962
v  0.6492 5.0208 6.5916
v  0.6725 4.9943 6.8283
v  1.3386 4.9943 6.7295
v  0.0000 5.0208 6.6235
v  0.0000 4.9943 6.8614
v  0.0000 4.8682 7.0246
v  0.6885 4.8682 6.9908
v  1.3704 4.8682 6.8897
v  6.3383 5.0208 1.9227
v  6.5659 4.9943 1.9917
v  6.1193 5.0208 2.5347
v  6.3391 4.9943 2.6257
v  6.4899 4.8682 2.6882
v  6.7221 4.8682 2.0391
v  6.7559 1.7549 0.6654
v  6.6581 1.7549 1.3244
v  6.6204 2.5796 0.6521
v  6.5247 2.5796 1.2978
v  6.4415 3.2893 0.6344
v  6.3483 3.2893 1.2628
v  6.4004 3.7869 0.6304
v  6.3078 3.7869 1.2547
v  -5.3475 3.7869 3.5731
v  -4.9715 3.7869 4.0800
v  -5.1514 4.0393 4.2276
v  -5.5410 4.0393 3.7023
v  -4.5477 3.7869 4.5477
v  -4.7122 4.0393 4.7122
v  -4.9205 4.2408 4.9205
v  -5.3791 4.2408 4.4145
v  -5.7859 4.2408 3.8660
v  5.8414 5.0208 3.1223
v  6.0512 4.9943 3.2344
v  5.5072 5.0208 3.6798
v  5.7050 4.9943 3.8120
v  5.8408 4.8682 3.9027
v  6.1951 4.8682 3.3114
v  6.4962 1.7549 1.9706
v  6.2718 1.7549 2.5979
v  6.3660 2.5796 1.9311
v  6.1461 2.5796 2.5458
v  6.1940 3.2893 1.8789
v  5.9800 3.2893 2.4770
v  6.1544 3.7869 1.8669
v  5.9418 3.7869 2.4612
v  4.6835 5.0208 4.6835
v  4.2019 5.0208 5.1200
v  4.3528 4.9943 5.3039
v  4.8517 4.9943 4.8517
v  3.6798 5.0208 5.5072
v  3.8120 4.9943 5.7050
v  3.9027 4.8682 5.8408
v  4.4564 4.8682 5.4301
v  4.9672 4.8682 4.9672
v  3.8438 6.7533 3.8438
v  4.2020 6.7533 3.4485
v  4.1743 8.2792 3.4258
v  3.8185 8.2792 3.8185
v  4.5198 6.7533 3.0200
v  4.4900 8.2792 3.0001
v  4.4515 9.8849 2.9744
v  4.1385 9.8849 3.3964
v  3.7857 9.8849 3.7857
v  5.9870 1.7549 3.2001
v  5.6445 1.7549 3.7715
v  5.8670 2.5796 3.1360
v  5.5313 2.5796 3.6959
v  5.7084 3.2893 3.0512
v  5.3819 3.2893 3.5960
v  5.6720 3.7869 3.0317
v  5.3475 3.7869 3.5731
v  -2.4612 3.7869 5.9418
v  -1.8669 3.7869 6.1544
v  -1.9345 4.0393 6.3771
v  -2.5502 4.0393 6.1568
v  -1.2547 3.7869 6.3078
v  -1.3001 4.0393 6.5360
v  -1.3576 4.2408 6.8249
v  -2.0200 4.2408 6.6590
v  -2.6630 4.2408 6.4290
v  5.1200 5.0208 4.2019
v  5.3039 4.9943 4.3528
v  5.4301 4.8682 4.4564
v  5.2476 1.7549 4.3066
v  4.8002 1.7549 4.8002
v  5.1424 2.5796 4.2203
v  4.7040 2.5796 4.7040
v  5.0035 3.2893 4.1062
v  4.5769 3.2893 4.5769
v  4.9715 3.7869 4.0800
v  4.5477 3.7869 4.5477
v  5.3315 6.7533 1.0605
v  5.4097 6.7533 0.5328
v  5.3741 8.2792 0.5293
v  5.2964 8.2792 1.0535
v  5.4359 6.7533 -0.0000
v  5.4001 8.2792 -0.0000
v  5.3537 9.8849 -0.0000
v  5.3279 9.8849 0.5248
v  5.2509 9.8849 1.0445
v  3.1223 5.0208 5.8414
v  3.2344 4.9943 6.0512
v  2.5347 5.0208 6.1193
v  2.6257 4.9943 6.3391
v  2.6882 4.8682 6.4899
v  3.3114 4.8682 6.1951
v  4.3066 1.7549 5.2476
v  3.7715 1.7549 5.6445
v  4.2203 2.5796 5.1424
v  3.6959 2.5796 5.5313
v  4.1062 3.2893 5.0035
v  3.5961 3.2893 5.3819
v  4.0800 3.7869 4.9715
v  3.5731 3.7869 5.3475
v  1.2547 3.7869 6.3078
v  1.8669 3.7869 6.1544
v  1.9345 4.0393 6.3771
v  1.3001 4.0393 6.5360
v  2.4612 3.7869 5.9418
v  2.5502 4.0393 6.1568
v  2.6630 4.2408 6.4290
v  2.0200 4.2408 6.6590
v  1.3576 4.2408 6.8249
v  1.0605 6.7533 5.3315
v  1.5780 6.7533 5.2018
v  1.5676 8.2792 5.1676
v  1.0535 8.2792 5.2964
v  2.0802 6.7533 5.0221
v  2.0665 8.2792 4.9891
v  2.0488 9.8849 4.9462
v  1.5541 9.8849 5.1232
v  1.0445 9.8849 5.2509
v  3.2001 1.7549 5.9870
v  2.5979 1.7549 6.2718
v  3.1360 2.5796 5.8669
v  2.5458 2.5796 6.1461
v  3.0512 3.2893 5.7084
v  2.4770 3.2893 5.9800
v  3.0317 3.7869 5.6720
v  5.0221 6.7533 -2.0802
v  4.7940 6.7533 -2.5625
v  4.7625 8.2792 -2.5456
v  4.9891 8.2792 -2.0665
v  4.5198 6.7533 -3.0200
v  4.4900 8.2792 -3.0001
v  4.4515 9.8849 -2.9744
v  4.7216 9.8849 -2.5237
v  4.9462 9.8849 -2.0488
v  1.9227 5.0208 6.3383
v  1.9917 4.9943 6.5659
v  2.0391 4.8682 6.7221
v  1.9706 1.7549 6.4962
v  1.3244 1.7549 6.6581
v  1.9311 2.5796 6.3660
v  1.2978 2.5796 6.5247
v  1.8789 3.2893 6.1940
v  1.2628 3.2893 6.3483
v  5.1514 4.0393 4.2276
v  4.7122 4.0393 4.7122
v  5.5410 4.0393 3.7023
v  5.7859 4.2408 3.8660
v  5.3791 4.2408 4.4145
v  4.9205 4.2408 4.9205
v  -0.6492 5.0208 6.5916
v  -0.6725 4.9943 6.8283
v  -1.2922 5.0208 6.4962
v  -1.3386 4.9943 6.7295
v  -1.3704 4.8682 6.8897
v  -0.6885 4.8682 6.9908
v  0.6654 1.7549 6.7559
v  0.0000 1.7549 6.7886
v  0.6521 2.5796 6.6204
v  0.0000 2.5796 6.6525
v  0.6344 3.2893 6.4415
v  0.0000 3.2893 6.4727
v  0.6304 3.7869 6.4004
v  0.0000 3.7869 6.4314
v  3.6798 5.0208 -5.5072
v  4.2019 5.0208 -5.1200
v  4.3528 4.9943 -5.3039
v  3.8120 4.9943 -5.7050
v  4.4564 4.8682 -5.4301
v  3.9027 4.8682 -5.8408
v  -2.0802 6.7533 5.0221
v  -1.5780 6.7533 5.2018
v  -1.5676 8.2792 5.1676
v  -2.0665 8.2792 4.9891
v  -1.0605 6.7533 5.3315
v  -1.0535 8.2792 5.2964
v  -1.0445 9.8849 5.2509
v  -1.5541 9.8849 5.1232
v  -2.0488 9.8849 4.9462
v  -0.6654 1.7549 6.7559
v  -1.3244 1.7549 6.6581
v  -0.6521 2.5796 6.6204
v  -1.2978 2.5796 6.5247
v  -0.6344 3.2893 6.4415
v  -1.2628 3.2893 6.3483
v  -0.6304 3.7869 6.4004
v  6.6319 4.0393 0.6532
v  6.5360 4.0393 1.3001
v  6.6641 4.0393 -0.0000
v  6.9587 4.2408 -0.0000
v  6.9251 4.2408 0.6821
v  6.8249 4.2408 1.3576
v  -1.9227 5.0208 6.3383
v  -1.9917 4.9943 6.5659
v  -2.0391 4.8682 6.7221
v  -1.9706 1.7549 6.4962
v  -2.5979 1.7549 6.2718
v  -1.9311 2.5796 6.3660
v  -2.5458 2.5796 6.1461
v  -1.8789 3.2893 6.1940
v  -2.4770 3.2893 5.9800
v  5.8771 4.0393 -3.1414
v  6.1568 4.0393 -2.5502
v  5.5410 4.0393 -3.7023
v  5.7859 4.2408 -3.8660
v  6.1370 4.2408 -3.2803
v  6.4290 4.2408 -2.6630
v  -4.2019 5.0208 5.1200
v  -4.3528 4.9943 5.3039
v  -4.6835 5.0208 4.6835
v  -4.8517 4.9943 4.8517
v  -4.9672 4.8682 4.9672
v  -4.4564 4.8682 5.4301
v  -3.2001 1.7549 5.9870
v  -3.7715 1.7549 5.6445
v  -3.1360 2.5796 5.8669
v  -3.6959 2.5796 5.5313
v  -3.0512 3.2893 5.7084
v  -3.5960 3.2893 5.3819
v  -3.0317 3.7869 5.6720
v  -3.5731 3.7869 5.3475
v  -3.0200 6.7533 -4.5198
v  -3.4485 6.7533 -4.2020
v  -3.4258 8.2792 -4.1743
v  -3.0001 8.2792 -4.4900
v  -3.8438 6.7533 -3.8438
v  -3.8185 8.2792 -3.8185
v  -3.7857 9.8849 -3.7857
v  -3.3964 9.8849 -4.1385
v  -2.9744 9.8849 -4.4515
v  -5.1200 5.0208 4.2019
v  -5.3039 4.9943 4.3528
v  -5.5072 5.0208 3.6798
v  -5.7050 4.9943 3.8120
v  -5.8408 4.8682 3.9027
v  -5.4301 4.8682 4.4564
v  -4.3066 1.7549 5.2476
v  -4.8002 1.7549 4.8002
v  -4.2203 2.5796 5.1424
v  -4.7040 2.5796 4.7040
v  -4.1062 3.2893 5.0035
v  -4.5769 3.2893 4.5769
v  -4.0800 3.7869 4.9715
v  3.1414 4.0393 -5.8771
v  3.7023 4.0393 -5.5410
v  2.5502 4.0393 -6.1568
v  2.6630 4.2408 -6.4290
v  3.2803 4.2408 -6.1370
v  3.8660 4.2408 -5.7859
v  -5.8414 5.0208 3.1223
v  -6.0512 4.9943 3.2344
v  -6.1193 5.0208 2.5347
v  -6.3391 4.9943 2.6257
v  -6.4899 4.8682 2.6882
v  -6.1951 4.8682 3.3114
v  -5.2476 1.7549 4.3066
v  -5.6445 1.7549 3.7715
v  -5.1424 2.5796 4.2203
v  -5.5313 2.5796 3.6959
v  -5.0035 3.2893 4.1062
v  -5.3819 3.2893 3.5961
v  -5.0221 6.7533 -2.0802
v  -5.2018 6.7533 -1.5780
v  -5.1676 8.2792 -1.5676
v  -4.9891 8.2792 -2.0665
v  -5.3315 6.7533 -1.0605
v  -5.2964 8.2792 -1.0535
v  -5.2509 9.8849 -1.0445
v  -5.1232 9.8849 -1.5541
v  -4.9462 9.8849 -2.0488
v  -6.3383 5.0208 1.9227
v  -6.5659 4.9943 1.9917
v  -6.4962 5.0208 1.2922
v  -6.7295 4.9943 1.3386
v  -6.8897 4.8682 1.3704
v  -6.7221 4.8682 2.0391
v  -5.9870 1.7549 3.2001
v  -6.2718 1.7549 2.5979
v  -5.8669 2.5796 3.1360
v  -6.1461 2.5796 2.5458
v  -5.7084 3.2893 3.0512
v  -5.9800 3.2893 2.4770
v  -5.6720 3.7869 3.0317
v  -5.9418 3.7869 2.4612
v  -5.2018 6.7533 1.5780
v  -5.1676 8.2792 1.5676
v  -5.0221 6.7533 2.0802
v  -4.9891 8.2792 2.0665
v  -4.9462 9.8849 2.0488
v  -5.1232 9.8849 1.5541
v  -6.5916 5.0208 0.6492
v  -6.8283 4.9943 0.6725
v  -6.6235 5.0208 -0.0000
v  -6.8614 4.9943 -0.0000
v  -7.0246 4.8682 -0.0000
v  -6.9908 4.8682 0.6885
v  -6.4962 1.7549 1.9706
v  -6.6581 1.7549 1.3244
v  -6.3660 2.5796 1.9311
v  -6.5247 2.5796 1.2978
v  -6.1940 3.2893 1.8789
v  -6.3483 3.2893 1.2628
v  -6.1544 3.7869 1.8669
v  -4.0800 3.7869 -4.9715
v  -4.2276 4.0393 -5.1514
v  -4.5477 3.7869 -4.5477
v  -4.7122 4.0393 -4.7122
v  -4.9205 4.2408 -4.9205
v  -4.4145 4.2408 -5.3791
v  -6.5916 5.0208 -0.6492
v  -6.8283 4.9943 -0.6725
v  -6.4962 5.0208 -1.2922
v  -6.7295 4.9943 -1.3386
v  -6.8897 4.8682 -1.3704
v  -6.9908 4.8682 -0.6885
v  -6.7559 1.7549 0.6654
v  -6.7886 1.7549 -0.0000
v  -6.6204 2.5796 0.6521
v  -6.6525 2.5796 -0.0000
v  -6.4415 3.2893 0.6344
v  -6.4727 3.2893 -0.0000
v  0.0000 6.7533 -5.4359
v  -0.5328 6.7533 -5.4097
v  -0.5293 8.2792 -5.3741
v  0.0000 8.2792 -5.4001
v  -1.0605 6.7533 -5.3315
v  -1.0535 8.2792 -5.2964
v  -1.0445 9.8849 -5.2509
v  -0.5248 9.8849 -5.3279
v  0.0000 9.8849 -5.3537
v  -6.3383 5.0208 -1.9227
v  -6.5659 4.9943 -1.9917
v  -6.1193 5.0208 -2.5347
v  -6.3391 4.9943 -2.6257
v  -6.4899 4.8682 -2.6882
v  -6.7221 4.8682 -2.0391
v  -6.7559 1.7549 -0.6654
v  -6.6581 1.7549 -1.3244
v  -6.6204 2.5796 -0.6521
v  -6.5247 2.5796 -1.2978
v  -6.4415 3.2893 -0.6344
v  -6.3483 3.2893 -1.2628
v  -6.4004 3.7869 -0.6304
v  -6.3078 3.7869 -1.2547
v  -3.4485 6.7533 4.2020
v  -3.4258 8.2792 4.1743
v  -3.0200 6.7533 4.5198
v  -3.0001 8.2792 4.4900
v  -2.9744 9.8849 4.4515
v  -3.3964 9.8849 4.1385
v  -5.8414 5.0208 -3.1223
v  -6.0512 4.9943 -3.2344
v  -5.5072 5.0208 -3.6798
v  -5.7050 4.9943 -3.8120
v  -5.8408 4.8682 -3.9027
v  -6.1951 4.8682 -3.3114
v  -6.4962 1.7549 -1.9706
v  -6.2718 1.7549 -2.5979
v  -6.3660 2.5796 -1.9311
v  -6.1461 2.5796 -2.5458
v  -6.1940 3.2893 -1.8789
v  -5.9800 3.2893 -2.4770
v  -6.1544 3.7869 -1.8669
v  -6.3771 4.0393 -1.9345
v  -6.5360 4.0393 -1.3001
v  -6.8249 4.2408 -1.3576
v  -6.6590 4.2408 -2.0200
v  -5.1200 5.0208 -4.2019
v  -5.3039 4.9943 -4.3528
v  -4.6835 5.0208 -4.6835
v  -4.8517 4.9943 -4.8517
v  -4.9672 4.8682 -4.9672
v  -5.4301 4.8682 -4.4564
v  -5.9870 1.7549 -3.2001
v  -5.6445 1.7549 -3.7715
v  -5.8669 2.5796 -3.1360
v  -5.5313 2.5796 -3.6959
v  -5.7084 3.2893 -3.0512
v  -5.3819 3.2893 -3.5961
v  -0.5328 6.7533 5.4097
v  -0.5293 8.2792 5.3741
v  0.0000 6.7533 5.4359
v  0.0000 8.2792 5.4001
v  0.0000 9.8849 5.3537
v  -0.5248 9.8849 5.3279
v  -4.2019 5.0208 -5.1200
v  -4.3528 4.9943 -5.3039
v  -3.6798 5.0208 -5.5072
v  -3.8120 4.9943 -5.7050
v  -3.9027 4.8682 -5.8408
v  -4.4564 4.8682 -5.4301
v  -5.2476 1.7549 -4.3066
v  -4.8002 1.7549 -4.8002
v  -5.1424 2.5796 -4.2203
v  -4.7040 2.5796 -4.7040
v  -5.0035 3.2893 -4.1062
v  -4.5769 3.2893 -4.5769
v  -4.9715 3.7869 -4.0800
v  -0.6304 3.7869 -6.4004
v  -0.6532 4.0393 -6.6319
v  -1.2547 3.7869 -6.3078
v  -1.3001 4.0393 -6.5360
v  -1.3576 4.2408 -6.8249
v  -0.6821 4.2408 -6.9251
v  -3.1223 5.0208 -5.8414
v  -3.2344 4.9943 -6.0512
v  -2.5347 5.0208 -6.1193
v  -2.6257 4.9943 -6.3391
v  -2.6882 4.8682 -6.4899
v  -3.3114 4.8682 -6.1951
v  -4.3066 1.7549 -5.2476
v  -3.7715 1.7549 -5.6445
v  -4.2203 2.5796 -5.1424
v  -3.6959 2.5796 -5.5313
v  -4.1062 3.2893 -5.0035
v  -3.5960 3.2893 -5.3819
v  -6.3771 4.0393 1.9345
v  -6.1568 4.0393 2.5502
v  -6.4290 4.2408 2.6630
v  -6.6590 4.2408 2.0200
v  -1.9227 5.0208 -6.3383
v  -1.9917 4.9943 -6.5659
v  -1.2922 5.0208 -6.4962
v  -1.3386 4.9943 -6.7296
v  -1.3704 4.8682 -6.8897
v  -2.0391 4.8682 -6.7221
v  -3.2001 1.7549 -5.9870
v  -2.5979 1.7549 -6.2718
v  -3.1360 2.5796 -5.8669
v  -2.5458 2.5796 -6.1461
v  -3.0512 3.2893 -5.7084
v  -2.4770 3.2893 -5.9800
v  2.5625 6.7533 4.7940
v  2.5456 8.2792 4.7625
v  3.0200 6.7533 4.5198
v  3.0001 8.2792 4.4900
v  2.9744 9.8849 4.4515
v  2.5237 9.8849 4.7215
v  -2.1532 21.7765 0.8919
v  -2.0554 21.7765 1.0986
v  -1.8928 38.1699 1.0117
v  -1.9828 38.1699 0.8213
v  -1.9378 21.7765 1.2948
v  -1.7845 38.1699 1.1924
v  -1.7483 54.5884 1.1682
v  -1.8544 54.5884 0.9912
v  -1.9426 54.5884 0.8046
v  -1.9706 1.7549 -6.4962
v  -1.3244 1.7549 -6.6581
v  -1.9311 2.5796 -6.3660
v  -1.2978 2.5796 -6.5247
v  -1.8789 3.2893 -6.1940
v  -1.2628 3.2893 -6.3483
v  -1.8669 3.7869 -6.1544
v  -4.2276 4.0393 5.1514
v  -3.7023 4.0393 5.5410
v  -3.8660 4.2408 5.7859
v  -4.4145 4.2408 5.3791
v  -0.6654 1.7549 -6.7559
v  -0.6521 2.5796 -6.6204
v  -0.6344 3.2893 -6.4415
v  4.7940 6.7533 2.5625
v  4.7625 8.2792 2.5456
v  5.0221 6.7533 2.0802
v  4.9891 8.2792 2.0665
v  4.9462 9.8849 2.0488
v  4.7216 9.8849 2.5237
v  3.1223 5.0208 -5.8414
v  3.2344 4.9943 -6.0512
v  3.3114 4.8682 -6.1951
v  3.0200 6.7533 -4.5198
v  2.5625 6.7533 -4.7940
v  2.5456 8.2792 -4.7625
v  3.0001 8.2792 -4.4900
v  2.0802 6.7533 -5.0221
v  2.0665 8.2792 -4.9891
v  2.0488 9.8849 -4.9462
v  2.5237 9.8849 -4.7215
v  2.9744 9.8849 -4.4515
v  0.4746 -2.4293 -4.8189
v  0.5117 -2.3675 -5.1955
v  1.0185 -2.3675 -5.1204
v  0.0000 -2.3675 -5.2207
v  0.0000 -2.2497 -5.5961
v  0.5485 -2.2497 -5.5691
v  1.0917 -2.2497 -5.4885
v  0.5826 -2.0634 -5.9151
v  1.1596 -2.0634 -5.8296
v  0.0000 -2.0634 -5.9438
v  0.0000 -1.8130 -6.2487
v  0.6125 -1.8130 -6.2186
v  1.2191 -1.8130 -6.1286
v  0.6370 -1.5076 -6.4674
v  1.2678 -1.5076 -6.3739
v  0.0000 -1.5076 -6.4987
v  0.0000 -1.1593 -6.6847
v  0.6552 -1.1593 -6.6525
v  1.3041 -1.1593 -6.5563
v  0.6667 -0.7721 -6.7696
v  1.3271 -0.7721 -6.6717
v  0.0000 -0.7721 -6.8024
v  1.5155 -2.3675 -4.9959
v  1.9979 -2.3675 -4.8233
v  1.6244 -2.2497 -5.3551
v  2.1415 -2.2497 -5.1701
v  1.7254 -2.0634 -5.6878
v  2.2746 -2.0634 -5.4913
v  1.8139 -1.8130 -5.9796
v  2.3913 -1.8130 -5.7730
v  1.8865 -1.5076 -6.2189
v  2.4870 -1.5076 -6.0041
v  1.9405 -1.1593 -6.3969
v  2.5581 -1.1593 -6.1759
v  1.9746 -0.7721 -6.5094
v  2.6032 -0.7721 -6.2846
v  2.4610 -2.3675 -4.6042
v  2.9005 -2.3675 -4.3408
v  2.6380 -2.2497 -4.9353
v  3.1090 -2.2497 -4.6530
v  2.8019 -2.0634 -5.2419
v  3.3022 -2.0634 -4.9421
v  2.9456 -1.8130 -5.5108
v  3.4716 -1.8130 -5.1956
v  3.0635 -1.5076 -5.7314
v  3.6105 -1.5076 -5.4035
v  3.1512 -1.1593 -5.8954
v  3.7138 -1.1593 -5.5582
v  3.2066 -0.7721 -5.9991
v  3.7792 -0.7721 -5.6560
v  3.3120 -2.3675 -4.0356
v  3.6916 -2.3675 -3.6916
v  3.5501 -2.2497 -4.3258
v  3.9570 -2.2497 -3.9570
v  3.7707 -2.0634 -4.5946
v  4.2029 -2.0634 -4.2029
v  3.9641 -1.8130 -4.8303
v  4.4185 -1.8130 -4.4185
v  4.1227 -1.5076 -5.0236
v  4.5953 -1.5076 -4.5953
v  4.2407 -1.1593 -5.1674
v  4.7268 -1.1593 -4.7268
v  4.3154 -0.7721 -5.2583
v  4.8100 -0.7721 -4.8100
v  4.0356 -2.3675 -3.3120
v  4.3408 -2.3675 -2.9005
v  4.3258 -2.2497 -3.5501
v  4.6530 -2.2497 -3.1090
v  4.5946 -2.0634 -3.7707
v  4.9421 -2.0634 -3.3022
v  4.8303 -1.8130 -3.9641
v  5.1956 -1.8130 -3.4716
v  5.0236 -1.5076 -4.1227
v  5.4035 -1.5076 -3.6105
v  5.1674 -1.1593 -4.2407
v  5.5582 -1.1593 -3.7138
v  5.2583 -0.7721 -4.3154
v  5.6560 -0.7721 -3.7792
v  4.6042 -2.3675 -2.4610
v  4.8233 -2.3675 -1.9979
v  4.9353 -2.2497 -2.6380
v  5.1701 -2.2497 -2.1415
v  5.2419 -2.0634 -2.8019
v  5.4913 -2.0634 -2.2746
v  5.5108 -1.8130 -2.9456
v  5.7730 -1.8130 -2.3913
v  5.7314 -1.5076 -3.0635
v  6.0041 -1.5076 -2.4870
v  5.8954 -1.1593 -3.1512
v  6.1759 -1.1593 -2.5581
v  5.9991 -0.7721 -3.2066
v  6.2846 -0.7721 -2.6032
v  4.9959 -2.3675 -1.5155
v  5.1204 -2.3675 -1.0185
v  5.3551 -2.2497 -1.6244
v  5.4885 -2.2497 -1.0917
v  5.6878 -2.0634 -1.7254
v  5.8296 -2.0634 -1.1596
v  5.9796 -1.8130 -1.8139
v  6.1286 -1.8130 -1.2191
v  6.2189 -1.5076 -1.8865
v  6.3739 -1.5076 -1.2678
v  6.3969 -1.1593 -1.9405
v  6.5563 -1.1593 -1.3041
v  6.5094 -0.7721 -1.9746
v  6.6717 -0.7721 -1.3271
v  5.1955 -2.3675 -0.5117
v  5.2207 -2.3675 0.0000
v  5.5691 -2.2497 -0.5485
v  5.5961 -2.2497 0.0000
v  5.9151 -2.0634 -0.5826
v  5.9438 -2.0634 0.0000
v  6.2186 -1.8130 -0.6125
v  6.2487 -1.8130 0.0000
v  6.4674 -1.5076 -0.6370
v  6.4988 -1.5076 0.0000
v  6.6525 -1.1593 -0.6552
v  6.6848 -1.1593 0.0000
v  6.7696 -0.7721 -0.6667
v  6.8024 -0.7721 0.0000
v  5.1955 -2.3675 0.5117
v  5.1204 -2.3675 1.0185
v  5.5691 -2.2497 0.5485
v  5.4885 -2.2497 1.0917
v  5.9151 -2.0634 0.5826
v  5.8296 -2.0634 1.1596
v  6.2186 -1.8130 0.6125
v  6.1286 -1.8130 1.2191
v  6.4674 -1.5076 0.6370
v  6.3739 -1.5076 1.2678
v  6.6525 -1.1593 0.6552
v  6.5563 -1.1593 1.3041
v  6.7696 -0.7721 0.6667
v  6.6717 -0.7721 1.3271
v  4.9959 -2.3675 1.5155
v  4.8233 -2.3675 1.9979
v  5.3551 -2.2497 1.6244
v  5.1701 -2.2497 2.1415
v  5.6878 -2.0634 1.7254
v  5.4913 -2.0634 2.2746
v  5.9796 -1.8130 1.8139
v  5.7730 -1.8130 2.3913
v  6.2189 -1.5076 1.8865
v  6.0041 -1.5076 2.4870
v  6.3969 -1.1593 1.9405
v  6.1759 -1.1593 2.5581
v  6.5094 -0.7721 1.9746
v  6.2846 -0.7721 2.6032
v  4.6042 -2.3675 2.4610
v  4.3408 -2.3675 2.9005
v  4.9353 -2.2497 2.6380
v  4.6530 -2.2497 3.1090
v  5.2419 -2.0634 2.8019
v  4.9421 -2.0634 3.3022
v  5.5108 -1.8130 2.9456
v  5.1956 -1.8130 3.4716
v  5.7314 -1.5076 3.0635
v  5.4035 -1.5076 3.6105
v  5.8954 -1.1593 3.1512
v  5.5582 -1.1593 3.7138
v  5.9991 -0.7721 3.2066
v  5.6560 -0.7721 3.7792
v  4.0356 -2.3675 3.3120
v  3.6916 -2.3675 3.6916
v  4.3258 -2.2497 3.5501
v  3.9570 -2.2497 3.9570
v  4.5946 -2.0634 3.7707
v  4.2029 -2.0634 4.2029
v  4.8303 -1.8130 3.9641
v  4.4185 -1.8130 4.4185
v  5.0236 -1.5076 4.1227
v  4.5953 -1.5076 4.5953
v  5.1674 -1.1593 4.2407
v  4.7268 -1.1593 4.7268
v  5.2583 -0.7721 4.3154
v  4.8100 -0.7721 4.8100
v  3.3120 -2.3675 4.0356
v  2.9005 -2.3675 4.3408
v  3.5501 -2.2497 4.3258
v  3.1090 -2.2497 4.6530
v  3.7707 -2.0634 4.5946
v  3.3022 -2.0634 4.9421
v  3.9641 -1.8130 4.8303
v  3.4716 -1.8130 5.1956
v  4.1227 -1.5076 5.0236
v  3.6105 -1.5076 5.4035
v  4.2407 -1.1593 5.1674
v  3.7138 -1.1593 5.5582
v  4.3154 -0.7721 5.2583
v  3.7792 -0.7721 5.6560
v  2.4610 -2.3675 4.6042
v  1.9979 -2.3675 4.8233
v  2.6380 -2.2497 4.9353
v  2.1415 -2.2497 5.1701
v  2.8019 -2.0634 5.2419
v  2.2746 -2.0634 5.4913
v  2.9456 -1.8130 5.5108
v  2.3913 -1.8130 5.7730
v  3.0635 -1.5076 5.7314
v  2.4870 -1.5076 6.0041
v  3.1512 -1.1593 5.8954
v  2.5581 -1.1593 6.1759
v  3.2066 -0.7721 5.9991
v  2.6032 -0.7721 6.2846
v  1.5155 -2.3675 4.9959
v  1.0185 -2.3675 5.1204
v  1.6244 -2.2497 5.3551
v  1.0917 -2.2497 5.4885
v  1.7254 -2.0634 5.6878
v  1.1596 -2.0634 5.8296
v  1.8139 -1.8130 5.9796
v  1.2191 -1.8130 6.1286
v  1.8865 -1.5076 6.2189
v  1.2678 -1.5076 6.3739
v  1.9405 -1.1593 6.3969
v  1.3041 -1.1593 6.5563
v  1.9746 -0.7721 6.5094
v  1.3271 -0.7721 6.6717
v  0.5117 -2.3675 5.1955
v  0.0000 -2.3675 5.2207
v  0.5485 -2.2497 5.5691
v  0.0000 -2.2497 5.5961
v  0.5826 -2.0634 5.9151
v  0.0000 -2.0634 5.9438
v  0.6125 -1.8130 6.2186
v  0.0000 -1.8130 6.2487
v  0.6370 -1.5076 6.4674
v  0.0000 -1.5076 6.4987
v  0.6552 -1.1593 6.6525
v  0.0000 -1.1593 6.6847
v  0.6667 -0.7721 6.7696
v  0.0000 -0.7721 6.8024
v  -0.5117 -2.3675 5.1955
v  -1.0185 -2.3675 5.1204
v  -0.5485 -2.2497 5.5691
v  -1.0917 -2.2497 5.4885
v  -0.5826 -2.0634 5.9151
v  -1.1596 -2.0634 5.8296
v  -0.6125 -1.8130 6.2186
v  -1.2191 -1.8130 6.1286
v  -0.6370 -1.5076 6.4674
v  -1.2678 -1.5076 6.3739
v  -0.6552 -1.1593 6.6525
v  -1.3041 -1.1593 6.5563
v  -0.6667 -0.7721 6.7696
v  -1.3271 -0.7721 6.6717
v  -1.5155 -2.3675 4.9959
v  -1.9979 -2.3675 4.8233
v  -1.6244 -2.2497 5.3551
v  -2.1415 -2.2497 5.1701
v  -1.7254 -2.0634 5.6878
v  -2.2746 -2.0634 5.4913
v  -1.8139 -1.8130 5.9796
v  -2.3913 -1.8130 5.7730
v  -1.8865 -1.5076 6.2189
v  -2.4870 -1.5076 6.0041
v  -1.9405 -1.1593 6.3969
v  -2.5581 -1.1593 6.1759
v  -1.9746 -0.7721 6.5094
v  -2.6032 -0.7721 6.2846
v  -2.4610 -2.3675 4.6042
v  -2.9005 -2.3675 4.3408
v  -2.6380 -2.2497 4.9353
v  -3.1090 -2.2497 4.6530
v  -2.8019 -2.0634 5.2419
v  -3.3022 -2.0634 4.9421
v  -2.9456 -1.8130 5.5108
v  -3.4716 -1.8130 5.1956
v  -3.0635 -1.5076 5.7314
v  -3.6105 -1.5076 5.4035
v  -3.1512 -1.1593 5.8954
v  -3.7138 -1.1593 5.5582
v  -3.2066 -0.7721 5.9991
v  -3.7792 -0.7721 5.6560
v  -3.3119 -2.3675 4.0356
v  -3.6916 -2.3675 3.6916
v  -3.5501 -2.2497 4.3258
v  -3.9570 -2.2497 3.9570
v  -3.7707 -2.0634 4.5946
v  -4.2029 -2.0634 4.2029
v  -3.9641 -1.8130 4.8303
v  -4.4185 -1.8130 4.4185
v  -4.1227 -1.5076 5.0236
v  -4.5953 -1.5076 4.5953
v  -4.2407 -1.1593 5.1674
v  -4.7268 -1.1593 4.7268
v  -4.3154 -0.7721 5.2583
v  -4.8100 -0.7721 4.8100
v  -4.0356 -2.3675 3.3120
v  -4.3408 -2.3675 2.9005
v  -4.3258 -2.2497 3.5501
v  -4.6530 -2.2497 3.1090
v  -4.5946 -2.0634 3.7707
v  -4.9421 -2.0634 3.3022
v  -4.8303 -1.8130 3.9641
v  -5.1956 -1.8130 3.4716
v  -5.0236 -1.5076 4.1227
v  -5.4035 -1.5076 3.6105
v  -5.1674 -1.1593 4.2407
v  -5.5582 -1.1593 3.7138
v  -5.2583 -0.7721 4.3154
v  -5.6560 -0.7721 3.7792
v  -4.6042 -2.3675 2.4610
v  -4.8233 -2.3675 1.9979
v  -4.9353 -2.2497 2.6380
v  -5.1701 -2.2497 2.1415
v  -5.2419 -2.0634 2.8019
v  -5.4913 -2.0634 2.2746
v  -5.5108 -1.8130 2.9456
v  -5.7730 -1.8130 2.3913
v  -5.7314 -1.5076 3.0635
v  -6.0041 -1.5076 2.4870
v  -5.8954 -1.1593 3.1512
v  -6.1759 -1.1593 2.5581
v  -5.9991 -0.7721 3.2066
v  -6.2846 -0.7721 2.6032
v  -4.9959 -2.3675 1.5155
v  -5.1204 -2.3675 1.0185
v  -5.3551 -2.2497 1.6244
v  -5.4885 -2.2497 1.0917
v  -5.6878 -2.0634 1.7254
v  -5.8296 -2.0634 1.1596
v  -5.9796 -1.8130 1.8139
v  -6.1286 -1.8130 1.2191
v  -6.2189 -1.5076 1.8865
v  -6.3739 -1.5076 1.2678
v  -6.3969 -1.1593 1.9405
v  -6.5563 -1.1593 1.3041
v  -6.5094 -0.7721 1.9746
v  -6.6717 -0.7721 1.3271
v  -5.1955 -2.3675 0.5117
v  -5.2207 -2.3675 0.0000
v  -5.5691 -2.2497 0.5485
v  -5.5961 -2.2497 0.0000
v  -5.9151 -2.0634 0.5826
v  -5.9438 -2.0634 0.0000
v  -6.2186 -1.8130 0.6125
v  -6.2487 -1.8130 0.0000
v  -6.4674 -1.5076 0.6370
v  -6.4987 -1.5076 0.0000
v  -6.6525 -1.1593 0.6552
v  -6.6847 -1.1593 0.0000
v  -6.7696 -0.7721 0.6667
v  -6.8024 -0.7721 0.0000
v  -5.1955 -2.3675 -0.5117
v  -5.1204 -2.3675 -1.0185
v  -5.5691 -2.2497 -0.5485
v  -5.4885 -2.2497 -1.0917
v  -5.9151 -2.0634 -0.5826
v  -5.8296 -2.0634 -1.1596
v  -6.2186 -1.8130 -0.6125
v  -6.1286 -1.8130 -1.2191
v  -6.4674 -1.5076 -0.6370
v  -6.3739 -1.5076 -1.2678
v  -6.6525 -1.1593 -0.6552
v  -6.5563 -1.1593 -1.3041
v  -6.7696 -0.7721 -0.6667
v  -6.6717 -0.7721 -1.3271
v  -4.9959 -2.3675 -1.5155
v  -4.8233 -2.3675 -1.9979
v  -5.3551 -2.2497 -1.6244
v  -5.1701 -2.2497 -2.1415
v  -5.6878 -2.0634 -1.7254
v  -5.4913 -2.0634 -2.2746
v  -5.9796 -1.8130 -1.8139
v  -5.7730 -1.8130 -2.3913
v  -6.2189 -1.5076 -1.8865
v  -6.0041 -1.5076 -2.4870
v  -6.3969 -1.1593 -1.9405
v  -6.1759 -1.1593 -2.5581
v  -6.5094 -0.7721 -1.9746
v  -6.2846 -0.7721 -2.6032
v  -4.6042 -2.3675 -2.4610
v  -4.3408 -2.3675 -2.9005
v  -4.9353 -2.2497 -2.6380
v  -4.6530 -2.2497 -3.1090
v  -5.2419 -2.0634 -2.8019
v  -4.9421 -2.0634 -3.3022
v  -5.5108 -1.8130 -2.9456
v  -5.1956 -1.8130 -3.4716
v  -5.7314 -1.5076 -3.0635
v  -5.4035 -1.5076 -3.6105
v  -5.8954 -1.1593 -3.1512
v  -5.5582 -1.1593 -3.7138
v  -5.9991 -0.7721 -3.2066
v  -5.6560 -0.7721 -3.7792
v  -4.0356 -2.3675 -3.3119
v  -3.6916 -2.3675 -3.6916
v  -4.3258 -2.2497 -3.5501
v  -3.9570 -2.2497 -3.9570
v  -4.5946 -2.0634 -3.7707
v  -4.2029 -2.0634 -4.2029
v  -4.8303 -1.8130 -3.9641
v  -4.4185 -1.8130 -4.4185
v  -5.0236 -1.5076 -4.1227
v  -4.5953 -1.5076 -4.5953
v  -5.1674 -1.1593 -4.2407
v  -4.7268 -1.1593 -4.7268
v  -5.2583 -0.7721 -4.3154
v  -4.8100 -0.7721 -4.8100
v  -3.3119 -2.3675 -4.0356
v  -2.9005 -2.3675 -4.3408
v  -3.5501 -2.2497 -4.3258
v  -3.1090 -2.2497 -4.6530
v  -3.7707 -2.0634 -4.5946
v  -3.3022 -2.0634 -4.9421
v  -3.9641 -1.8130 -4.8303
v  -3.4716 -1.8130 -5.1956
v  -4.1227 -1.5076 -5.0236
v  -3.6105 -1.5076 -5.4035
v  -4.2407 -1.1593 -5.1674
v  -3.7138 -1.1593 -5.5582
v  -4.3154 -0.7721 -5.2583
v  -3.7792 -0.7721 -5.6560
v  -2.4610 -2.3675 -4.6042
v  -1.9979 -2.3675 -4.8233
v  -2.6380 -2.2497 -4.9353
v  -2.1415 -2.2497 -5.1701
v  -2.8019 -2.0634 -5.2419
v  -2.2746 -2.0634 -5.4913
v  -2.9456 -1.8130 -5.5108
v  -2.3913 -1.8130 -5.7730
v  -3.0635 -1.5076 -5.7314
v  -2.4870 -1.5076 -6.0041
v  -3.1512 -1.1593 -5.8954
v  -2.5581 -1.1593 -6.1759
v  -3.2066 -0.7721 -5.9991
v  -2.6032 -0.7721 -6.2846
v  -1.5155 -2.3675 -4.9959
v  -1.0185 -2.3675 -5.1204
v  -1.6244 -2.2497 -5.3551
v  -1.0917 -2.2497 -5.4885
v  -1.7254 -2.0634 -5.6878
v  -1.1596 -2.0634 -5.8296
v  -1.8139 -1.8130 -5.9796
v  -1.2191 -1.8130 -6.1286
v  -1.8865 -1.5076 -6.2189
v  -1.2678 -1.5076 -6.3739
v  -1.9405 -1.1593 -6.3969
v  -1.3041 -1.1593 -6.5563
v  -1.9746 -0.7721 -6.5094
v  -1.3271 -0.7721 -6.6717
v  -0.5117 -2.3675 -5.1955
v  -0.5485 -2.2497 -5.5691
v  -0.5826 -2.0634 -5.9151
v  -0.6125 -1.8130 -6.2186
v  -0.6370 -1.5076 -6.4674
v  -0.6552 -1.1593 -6.6525
v  -0.6667 -0.7721 -6.7696
v  0.4444 -2.9109 -4.5124
v  2.0200 4.2408 -6.6590
v  2.0544 4.5639 -6.7723
v  2.7083 4.5639 -6.5384
v  3.3361 4.5639 -6.2414
v  3.9318 4.5639 -5.8844
v  4.9205 4.2408 -4.9205
v  4.4145 4.2408 -5.3791
v  4.4896 4.5639 -5.4706
v  5.0043 4.5639 -5.0043
v  5.3791 4.2408 -4.4145
v  5.4706 4.5639 -4.4896
v  5.8844 4.5639 -3.9318
v  6.2414 4.5639 -3.3361
v  6.5384 4.5639 -2.7083
v  6.8249 4.2408 -1.3576
v  6.6590 4.2408 -2.0200
v  6.7723 4.5639 -2.0544
v  6.9411 4.5639 -1.3807
v  6.9251 4.2408 -0.6821
v  7.0430 4.5639 -0.6937
v  7.0771 4.5639 -0.0000
v  7.0430 4.5639 0.6937
v  6.9411 4.5639 1.3807
v  6.4290 4.2408 2.6630
v  6.6590 4.2408 2.0200
v  6.7723 4.5639 2.0544
v  6.5384 4.5639 2.7083
v  6.1370 4.2408 3.2803
v  6.2414 4.5639 3.3361
v  5.8844 4.5639 3.9318
v  5.4706 4.5639 4.4896
v  5.0043 4.5639 5.0043
v  3.8660 4.2408 5.7859
v  4.4145 4.2408 5.3791
v  4.4896 4.5639 5.4706
v  3.9318 4.5639 5.8844
v  3.2803 4.2408 6.1370
v  3.3361 4.5639 6.2414
v  2.7083 4.5639 6.5384
v  2.0544 4.5639 6.7723
v  1.3807 4.5639 6.9411
v  0.0000 4.2408 6.9586
v  0.6821 4.2408 6.9251
v  0.6937 4.5639 7.0430
v  0.0000 4.5639 7.0771
v  -0.6821 4.2408 6.9251
v  -0.6937 4.5639 7.0430
v  -1.3807 4.5639 6.9411
v  -2.0544 4.5639 6.7723
v  -2.7083 4.5639 6.5384
v  -3.2803 4.2408 6.1370
v  -3.3361 4.5639 6.2414
v  -3.9318 4.5639 5.8844
v  -4.4896 4.5639 5.4706
v  -5.0043 4.5639 5.0043
v  -5.4706 4.5639 4.4896
v  -5.8844 4.5639 3.9318
v  -6.1370 4.2408 3.2803
v  -6.2414 4.5639 3.3361
v  -6.5384 4.5639 2.7083
v  -6.7723 4.5639 2.0544
v  -6.9411 4.5639 1.3807
v  -7.0430 4.5639 0.6937
v  -7.0771 4.5639 -0.0000
v  -6.9251 4.2408 -0.6821
v  -7.0430 4.5639 -0.6937
v  -6.9411 4.5639 -1.3807
v  -6.7723 4.5639 -2.0544
v  -6.5384 4.5639 -2.7083
v  -6.2414 4.5639 -3.3361
v  -5.8844 4.5639 -3.9318
v  -5.3791 4.2408 -4.4145
v  -5.4706 4.5639 -4.4896
v  -5.0043 4.5639 -5.0043
v  -4.4896 4.5639 -5.4706
v  -3.9318 4.5639 -5.8844
v  -3.3361 4.5639 -6.2414
v  -2.7083 4.5639 -6.5384
v  -2.0200 4.2408 -6.6590
v  -2.0544 4.5639 -6.7723
v  -1.3807 4.5639 -6.9411
v  -0.6937 4.5639 -7.0430
v  -0.6885 4.8682 -6.9908
v  -4.5198 6.7533 -3.0200
v  -4.7940 6.7533 -2.5625
v  -4.7625 8.2792 -2.5456
v  -4.4900 8.2792 -3.0001
v  -4.7215 9.8849 -2.5237
v  -4.4515 9.8849 -2.9744
v  4.2276 4.0393 -5.1514
v  4.7122 4.0393 -4.7122
v  -2.0802 6.7533 -5.0221
v  -2.5625 6.7533 -4.7940
v  -2.5456 8.2792 -4.7625
v  -2.0665 8.2792 -4.9891
v  -2.5237 9.8849 -4.7216
v  -2.0488 9.8849 -4.9462
v  1.5780 6.7533 -5.2018
v  1.5676 8.2792 -5.1676
v  1.0605 6.7533 -5.3315
v  1.0535 8.2792 -5.2964
v  1.0445 9.8849 -5.2509
v  1.5541 9.8849 -5.1232
v  6.3771 4.0393 -1.9345
v  6.5360 4.0393 -1.3001
v  6.3771 4.0393 1.9345
v  6.1568 4.0393 2.5502
v  3.8438 6.7533 -3.8438
v  3.4485 6.7533 -4.2020
v  3.4258 8.2792 -4.1743
v  3.8185 8.2792 -3.8185
v  3.3964 9.8849 -4.1385
v  3.7857 9.8849 -3.7857
v  4.2276 4.0393 5.1514
v  3.7024 4.0393 5.5410
v  5.3315 6.7533 -1.0605
v  5.2018 6.7533 -1.5780
v  5.1676 8.2792 -1.5676
v  5.2964 8.2792 -1.0535
v  5.1232 9.8849 -1.5541
v  5.2509 9.8849 -1.0445
v  0.6532 4.0393 6.6319
v  0.0000 4.0393 6.6641
v  5.2018 6.7533 1.5780
v  5.1676 8.2792 1.5676
v  5.1232 9.8849 1.5541
v  -3.1414 4.0393 5.8771
v  3.4485 6.7533 4.2020
v  3.4258 8.2792 4.1743
v  3.3964 9.8849 4.1385
v  -5.8771 4.0393 3.1414
v  0.5328 6.7533 5.4097
v  0.5293 8.2792 5.3741
v  0.5248 9.8849 5.3279
v  -6.6319 4.0393 -0.6532
v  -2.5625 6.7533 4.7940
v  -2.5456 8.2792 4.7625
v  -2.5237 9.8849 4.7215
v  -5.1514 4.0393 -4.2276
v  -4.7940 6.7533 2.5625
v  -4.7625 8.2792 2.5456
v  -4.7215 9.8849 2.5237
v  -1.9345 4.0393 -6.3771
v  -5.4097 6.7533 -0.5328
v  -5.3741 8.2792 -0.5293
v  -5.3279 9.8849 -0.5248
v  1.9345 4.0393 -6.3771
v  -4.2020 6.7533 -3.4485
v  -4.1743 8.2792 -3.4258
v  -4.1385 9.8849 -3.3964
v  5.1514 4.0393 -4.2276
v  -1.5780 6.7533 -5.2018
v  -1.5676 8.2792 -5.1676
v  -1.5541 9.8849 -5.1232
v  6.6319 4.0393 -0.6532
v  -0.6492 5.0208 -6.5916
v  -0.6725 4.9943 -6.8283
v  0.0000 5.0208 -6.6235
v  0.0000 4.9943 -6.8614
v  5.8771 4.0393 3.1414
v  4.2020 6.7533 -3.4485
v  4.1743 8.2792 -3.4258
v  4.1385 9.8849 -3.3964
v  3.1414 4.0393 5.8771
v  5.4097 6.7533 -0.5328
v  5.3741 8.2792 -0.5293
v  5.3279 9.8849 -0.5248
v  -0.6532 4.0393 6.6319
v  0.0000 21.7765 -2.3306
v  0.2284 21.7765 -2.3194
v  0.2713 14.5269 -2.7551
v  0.0000 14.5269 -2.7684
v  0.4547 21.7765 -2.2858
v  0.5401 14.5269 -2.7152
v  0.6513 13.3193 -3.2745
v  0.3272 13.3193 -3.3226
v  0.0000 13.3193 -3.3386
v  0.3811 13.0254 -3.8697
v  0.0000 13.0254 -3.8885
v  0.7586 13.0254 -3.8138
v  0.8528 12.6302 -4.2872
v  0.4285 12.6302 -4.3502
v  0.0000 12.6302 -4.3712
v  0.4673 12.1484 -4.7448
v  0.0000 12.1484 -4.7678
v  0.9302 12.1484 -4.6762
v  0.9879 11.5989 -4.9663
v  0.4963 11.5989 -5.0392
v  0.0000 11.5989 -5.0636
v  0.5148 10.9403 -5.2266
v  0.0000 10.9403 -5.2519
v  1.0246 10.9403 -5.1510
v  0.5248 9.8849 -5.3279
v  0.6765 21.7765 -2.2302
v  0.8036 14.5269 -2.6492
v  0.8919 21.7765 -2.1532
v  1.0594 14.5269 -2.5577
v  1.2776 13.3193 -3.0845
v  0.9692 13.3193 -3.1949
v  1.1288 13.0254 -3.7210
v  1.4881 13.0254 -3.5925
v  1.6728 12.6302 -4.0385
v  1.2689 12.6302 -4.1830
v  1.3840 12.1484 -4.5625
v  1.8246 12.1484 -4.4049
v  1.9377 11.5989 -4.6781
v  1.4699 11.5989 -4.8455
v  1.5246 10.9403 -5.0258
v  2.0098 10.9403 -4.8522
v  1.0986 21.7765 -2.0554
v  1.3050 14.5269 -2.4415
v  1.2948 21.7765 -1.9378
v  1.5380 14.5269 -2.3018
v  1.8549 13.3193 -2.7760
v  1.5738 13.3193 -2.9444
v  1.8330 13.0254 -3.4293
v  2.1603 13.0254 -3.2332
v  2.4285 12.6302 -3.6345
v  2.0606 12.6302 -3.8551
v  2.2475 12.1484 -4.2048
v  2.6488 12.1484 -3.9643
v  2.8132 11.5989 -4.2102
v  2.3869 11.5989 -4.4657
v  2.4757 10.9403 -4.6318
v  2.9178 10.9403 -4.3668
v  1.4785 21.7765 -1.8016
v  1.7562 14.5269 -2.1400
v  1.6480 21.7765 -1.6480
v  1.9576 14.5269 -1.9576
v  2.3608 13.3193 -2.3608
v  2.1180 13.3193 -2.5808
v  2.4668 13.0254 -3.0058
v  2.7496 13.0254 -2.7496
v  3.0909 12.6302 -3.0909
v  2.7731 12.6302 -3.3790
v  3.0246 12.1484 -3.6855
v  3.3713 12.1484 -3.3713
v  3.5805 11.5989 -3.5805
v  3.2123 11.5989 -3.9142
v  3.3318 10.9403 -4.0598
v  3.7137 10.9403 -3.7137
v  1.8016 21.7765 -1.4785
v  2.1400 14.5269 -1.7562
v  1.9378 21.7765 -1.2948
v  2.3018 14.5269 -1.5380
v  2.7760 13.3193 -1.8549
v  2.5808 13.3193 -2.1180
v  3.0058 13.0254 -2.4668
v  3.2332 13.0254 -2.1603
v  3.6345 12.6302 -2.4285
v  3.3790 12.6302 -2.7731
v  3.6855 12.1484 -3.0246
v  3.9643 12.1484 -2.6488
v  4.2102 11.5989 -2.8132
v  3.9142 11.5989 -3.2123
v  4.0598 10.9403 -3.3318
v  4.3668 10.9403 -2.9178
v  2.0554 21.7765 -1.0986
v  2.4415 14.5269 -1.3050
v  2.1532 21.7765 -0.8919
v  2.5577 14.5269 -1.0594
v  3.0845 13.3193 -1.2776
v  2.9444 13.3193 -1.5738
v  3.4293 13.0254 -1.8330
v  3.5925 13.0254 -1.4881
v  4.0385 12.6302 -1.6728
v  3.8551 12.6302 -2.0606
v  4.2048 12.1484 -2.2475
v  4.4049 12.1484 -1.8246
v  4.6781 11.5989 -1.9377
v  4.4657 11.5989 -2.3869
v  4.6318 10.9403 -2.4757
v  4.8522 10.9403 -2.0098
v  2.2302 21.7765 -0.6765
v  2.6492 14.5269 -0.8036
v  2.2858 21.7765 -0.4547
v  2.7152 14.5269 -0.5401
v  3.2745 13.3193 -0.6513
v  3.1949 13.3193 -0.9692
v  3.7210 13.0254 -1.1288
v  3.8138 13.0254 -0.7586
v  4.2872 12.6302 -0.8528
v  4.1830 12.6302 -1.2689
v  4.5625 12.1484 -1.3840
v  4.6762 12.1484 -0.9302
v  4.9663 11.5989 -0.9879
v  4.8455 11.5989 -1.4699
v  5.0258 10.9403 -1.5246
v  5.1510 10.9403 -1.0246
v  2.3194 21.7765 -0.2284
v  2.7551 14.5269 -0.2714
v  2.3306 21.7765 -0.0000
v  2.7684 14.5269 -0.0000
v  3.3386 13.3193 -0.0000
v  3.3226 13.3193 -0.3272
v  3.8697 13.0254 -0.3811
v  3.8885 13.0254 -0.0000
v  4.3712 12.6302 -0.0000
v  4.3502 12.6302 -0.4285
v  4.7448 12.1484 -0.4673
v  4.7678 12.1484 -0.0000
v  5.0636 11.5989 -0.0000
v  5.0392 11.5989 -0.4963
v  5.2266 10.9403 -0.5148
v  5.2519 10.9403 -0.0000
v  2.3194 21.7765 0.2284
v  2.7551 14.5269 0.2713
v  2.2858 21.7765 0.4547
v  2.7152 14.5269 0.5401
v  3.2745 13.3193 0.6513
v  3.3226 13.3193 0.3272
v  3.8697 13.0254 0.3811
v  3.8138 13.0254 0.7586
v  4.2872 12.6302 0.8528
v  4.3502 12.6302 0.4285
v  4.7448 12.1484 0.4673
v  4.6762 12.1484 0.9301
v  4.9663 11.5989 0.9879
v  5.0392 11.5989 0.4963
v  5.2266 10.9403 0.5148
v  5.1510 10.9403 1.0246
v  2.2302 21.7765 0.6765
v  2.6492 14.5269 0.8036
v  2.1532 21.7765 0.8919
v  2.5577 14.5269 1.0594
v  3.0845 13.3193 1.2776
v  3.1949 13.3193 0.9692
v  3.7210 13.0254 1.1288
v  3.5925 13.0254 1.4881
v  4.0385 12.6302 1.6728
v  4.1830 12.6302 1.2689
v  4.5625 12.1484 1.3840
v  4.4049 12.1484 1.8246
v  4.6781 11.5989 1.9377
v  4.8455 11.5989 1.4699
v  5.0258 10.9403 1.5245
v  4.8522 10.9403 2.0098
v  2.0554 21.7765 1.0986
v  2.4415 14.5269 1.3050
v  1.9378 21.7765 1.2948
v  2.3018 14.5269 1.5380
v  2.7760 13.3193 1.8548
v  2.9444 13.3193 1.5738
v  3.4293 13.0254 1.8330
v  3.2332 13.0254 2.1603
v  3.6345 12.6302 2.4285
v  3.8551 12.6302 2.0606
v  4.2048 12.1484 2.2475
v  3.9643 12.1484 2.6488
v  4.2102 11.5989 2.8132
v  4.4657 11.5989 2.3869
v  4.6318 10.9403 2.4757
v  4.3668 10.9403 2.9178
v  1.8016 21.7765 1.4785
v  2.1400 14.5269 1.7562
v  1.6480 21.7765 1.6480
v  1.9576 14.5269 1.9575
v  2.3608 13.3193 2.3608
v  2.5808 13.3193 2.1180
v  3.0058 13.0254 2.4668
v  2.7496 13.0254 2.7496
v  3.0909 12.6302 3.0909
v  3.3790 12.6302 2.7731
v  3.6855 12.1484 3.0246
v  3.3713 12.1484 3.3713
v  3.5805 11.5989 3.5805
v  3.9142 11.5989 3.2123
v  4.0598 10.9404 3.3318
v  3.7137 10.9404 3.7137
v  1.4785 21.7765 1.8016
v  1.7562 14.5269 2.1400
v  1.2948 21.7765 1.9378
v  1.5380 14.5269 2.3018
v  1.8549 13.3193 2.7760
v  2.1180 13.3193 2.5808
v  2.4668 13.0254 3.0058
v  2.1603 13.0254 3.2332
v  2.4285 12.6302 3.6345
v  2.7731 12.6302 3.3790
v  3.0246 12.1484 3.6855
v  2.6488 12.1484 3.9643
v  2.8132 11.5989 4.2102
v  3.2123 11.5989 3.9142
v  3.3318 10.9404 4.0598
v  2.9178 10.9404 4.3668
v  1.0986 21.7765 2.0554
v  1.3050 14.5269 2.4415
v  0.8919 21.7765 2.1532
v  1.0594 14.5269 2.5577
v  1.2776 13.3193 3.0845
v  1.5738 13.3193 2.9444
v  1.8330 13.0254 3.4293
v  1.4881 13.0254 3.5925
v  1.6728 12.6302 4.0385
v  2.0606 12.6302 3.8551
v  2.2475 12.1484 4.2048
v  1.8246 12.1484 4.4049
v  1.9377 11.5989 4.6781
v  2.3869 11.5989 4.4657
v  2.4757 10.9404 4.6318
v  2.0098 10.9404 4.8522
v  0.6765 21.7765 2.2302
v  0.8036 14.5269 2.6492
v  0.4547 21.7765 2.2858
v  0.5401 14.5269 2.7152
v  0.6513 13.3193 3.2745
v  0.9692 13.3193 3.1949
v  1.1288 13.0254 3.7210
v  0.7586 13.0254 3.8138
v  0.8528 12.6302 4.2872
v  1.2689 12.6302 4.1830
v  1.3840 12.1484 4.5625
v  0.9302 12.1484 4.6762
v  0.9879 11.5989 4.9663
v  1.4699 11.5989 4.8455
v  1.5246 10.9404 5.0258
v  1.0246 10.9404 5.1510
v  0.2284 21.7765 2.3193
v  0.2714 14.5269 2.7551
v  0.0000 21.7765 2.3306
v  0.0000 14.5269 2.7684
v  0.0000 13.3193 3.3386
v  0.3272 13.3193 3.3226
v  0.3811 13.0254 3.8697
v  0.0000 13.0254 3.8885
v  0.0000 12.6302 4.3712
v  0.4285 12.6302 4.3502
v  0.4673 12.1484 4.7448
v  0.0000 12.1484 4.7678
v  0.0000 11.5989 5.0636
v  0.4963 11.5989 5.0392
v  0.5148 10.9404 5.2266
v  0.0000 10.9404 5.2519
v  -0.2284 21.7765 2.3193
v  -0.2713 14.5269 2.7551
v  -0.4547 21.7765 2.2858
v  -0.5401 14.5269 2.7152
v  -0.6513 13.3193 3.2745
v  -0.3272 13.3193 3.3226
v  -0.3811 13.0254 3.8697
v  -0.7586 13.0254 3.8138
v  -0.8528 12.6302 4.2872
v  -0.4285 12.6302 4.3502
v  -0.4673 12.1484 4.7448
v  -0.9301 12.1484 4.6762
v  -0.9879 11.5989 4.9663
v  -0.4963 11.5989 5.0392
v  -0.5148 10.9404 5.2266
v  -1.0246 10.9404 5.1510
v  -0.6765 21.7765 2.2302
v  -0.8036 14.5269 2.6492
v  -0.8919 21.7765 2.1532
v  -1.0594 14.5269 2.5577
v  -1.2776 13.3193 3.0845
v  -0.9692 13.3193 3.1949
v  -1.1288 13.0254 3.7210
v  -1.4881 13.0254 3.5925
v  -1.6728 12.6302 4.0385
v  -1.2689 12.6302 4.1830
v  -1.3840 12.1484 4.5625
v  -1.8246 12.1484 4.4049
v  -1.9377 11.5989 4.6781
v  -1.4699 11.5989 4.8455
v  -1.5245 10.9404 5.0258
v  -2.0098 10.9404 4.8522
v  -1.0986 21.7765 2.0554
v  -1.3050 14.5269 2.4415
v  -1.2948 21.7765 1.9378
v  -1.5380 14.5269 2.3018
v  -1.8549 13.3193 2.7760
v  -1.5738 13.3193 2.9444
v  -1.8330 13.0254 3.4293
v  -2.1603 13.0254 3.2332
v  -2.4285 12.6302 3.6345
v  -2.0606 12.6302 3.8551
v  -2.2475 12.1484 4.2048
v  -2.6488 12.1484 3.9643
v  -2.8132 11.5989 4.2102
v  -2.3869 11.5989 4.4657
v  -2.4757 10.9404 4.6318
v  -2.9178 10.9404 4.3668
v  -1.4785 21.7765 1.8016
v  -1.7562 14.5269 2.1400
v  -1.6480 21.7765 1.6480
v  -1.9576 14.5269 1.9575
v  -2.3608 13.3193 2.3608
v  -2.1180 13.3193 2.5808
v  -2.4668 13.0254 3.0058
v  -2.7496 13.0254 2.7496
v  -3.0909 12.6302 3.0909
v  -2.7731 12.6302 3.3790
v  -3.0246 12.1484 3.6855
v  -3.3713 12.1484 3.3713
v  -3.5805 11.5989 3.5805
v  -3.2123 11.5989 3.9142
v  -3.3318 10.9404 4.0598
v  -3.7137 10.9404 3.7137
v  -1.8016 21.7765 1.4785
v  -2.1400 14.5269 1.7562
v  -2.3018 14.5269 1.5380
v  -2.7760 13.3193 1.8548
v  -2.5808 13.3193 2.1180
v  -3.0058 13.0254 2.4668
v  -3.2332 13.0254 2.1603
v  -3.6345 12.6302 2.4285
v  -3.3790 12.6302 2.7731
v  -3.6855 12.1484 3.0246
v  -3.9643 12.1484 2.6488
v  -4.2102 11.5989 2.8132
v  -3.9142 11.5989 3.2123
v  -4.0598 10.9404 3.3318
v  -4.3668 10.9403 2.9178
v  -2.4415 14.5269 1.3050
v  -2.5577 14.5269 1.0594
v  -3.0845 13.3193 1.2776
v  -2.9444 13.3193 1.5738
v  -3.4293 13.0254 1.8330
v  -3.5925 13.0254 1.4881
v  -4.0385 12.6302 1.6728
v  -3.8551 12.6302 2.0606
v  -4.2048 12.1484 2.2475
v  -4.4049 12.1484 1.8246
v  -4.6781 11.5989 1.9377
v  -4.4657 11.5989 2.3869
v  -4.6318 10.9403 2.4757
v  -4.8522 10.9403 2.0098
v  -2.2302 21.7765 0.6765
v  -2.6492 14.5269 0.8036
v  -2.2858 21.7765 0.4547
v  -2.7152 14.5269 0.5401
v  -3.2745 13.3193 0.6513
v  -3.1949 13.3193 0.9692
v  -3.7210 13.0254 1.1288
v  -3.8138 13.0254 0.7586
v  -4.2872 12.6302 0.8528
v  -4.1830 12.6302 1.2689
v  -4.5625 12.1484 1.3840
v  -4.6762 12.1484 0.9301
v  -4.9663 11.5989 0.9879
v  -4.8455 11.5989 1.4699
v  -5.0258 10.9403 1.5245
v  -5.1510 10.9403 1.0246
v  -2.3193 21.7765 0.2284
v  -2.7551 14.5269 0.2713
v  -2.3306 21.7765 -0.0000
v  -2.7684 14.5269 -0.0000
v  -3.3386 13.3193 -0.0000
v  -3.3226 13.3193 0.3272
v  -3.8697 13.0254 0.3811
v  -3.8885 13.0254 -0.0000
v  -4.3712 12.6302 -0.0000
v  -4.3502 12.6302 0.4285
v  -4.7448 12.1484 0.4673
v  -4.7678 12.1484 -0.0000
v  -5.0636 11.5989 -0.0000
v  -5.0392 11.5989 0.4963
v  -5.2266 10.9403 0.5148
v  -5.2519 10.9403 -0.0000
v  -2.3193 21.7765 -0.2284
v  -2.7551 14.5269 -0.2714
v  -2.2858 21.7765 -0.4547
v  -2.7152 14.5269 -0.5401
v  -3.2745 13.3193 -0.6513
v  -3.3226 13.3193 -0.3272
v  -3.8697 13.0254 -0.3811
v  -3.8138 13.0254 -0.7586
v  -4.2872 12.6302 -0.8528
v  -4.3502 12.6302 -0.4285
v  -4.7448 12.1484 -0.4673
v  -4.6762 12.1484 -0.9302
v  -4.9663 11.5989 -0.9879
v  -5.0392 11.5989 -0.4963
v  -5.2266 10.9403 -0.5148
v  -5.1510 10.9403 -1.0246
v  -2.2302 21.7765 -0.6765
v  -2.6492 14.5269 -0.8036
v  -2.1532 21.7765 -0.8919
v  -2.5577 14.5269 -1.0594
v  -3.0845 13.3193 -1.2776
v  -3.1949 13.3193 -0.9692
v  -3.7210 13.0254 -1.1288
v  -3.5925 13.0254 -1.4881
v  -4.0385 12.6302 -1.6728
v  -4.1830 12.6302 -1.2689
v  -4.5625 12.1484 -1.3840
v  -4.4049 12.1484 -1.8246
v  -4.6781 11.5989 -1.9377
v  -4.8455 11.5989 -1.4699
v  -5.0258 10.9403 -1.5246
v  -4.8522 10.9403 -2.0098
v  -2.0554 21.7765 -1.0986
v  -2.4415 14.5269 -1.3050
v  -1.9378 21.7765 -1.2948
v  -2.3018 14.5269 -1.5380
v  -2.7760 13.3193 -1.8549
v  -2.9444 13.3193 -1.5738
v  -3.4293 13.0254 -1.8330
v  -3.2332 13.0254 -2.1603
v  -3.6345 12.6302 -2.4285
v  -3.8551 12.6302 -2.0606
v  -4.2048 12.1484 -2.2475
v  -3.9643 12.1484 -2.6488
v  -4.2102 11.5989 -2.8132
v  -4.4657 11.5989 -2.3869
v  -4.6318 10.9403 -2.4757
v  -4.3668 10.9403 -2.9178
v  -1.8016 21.7765 -1.4785
v  -2.1400 14.5269 -1.7562
v  -1.6480 21.7765 -1.6480
v  -1.9576 14.5269 -1.9576
v  -2.3608 13.3193 -2.3608
v  -2.5808 13.3193 -2.1180
v  -3.0058 13.0254 -2.4668
v  -2.7496 13.0254 -2.7496
v  -3.0909 12.6302 -3.0909
v  -3.3790 12.6302 -2.7731
v  -3.6855 12.1484 -3.0246
v  -3.3713 12.1484 -3.3713
v  -3.5805 11.5989 -3.5805
v  -3.9142 11.5989 -3.2123
v  -4.0598 10.9403 -3.3318
v  -3.7137 10.9403 -3.7137
v  -1.4785 21.7765 -1.8016
v  -1.7562 14.5269 -2.1400
v  -1.2948 21.7765 -1.9378
v  -1.5380 14.5269 -2.3018
v  -1.8549 13.3193 -2.7760
v  -2.1180 13.3193 -2.5808
v  -2.4668 13.0254 -3.0058
v  -2.1603 13.0254 -3.2332
v  -2.4285 12.6302 -3.6345
v  -2.7731 12.6302 -3.3790
v  -3.0246 12.1484 -3.6855
v  -2.6488 12.1484 -3.9643
v  -2.8132 11.5989 -4.2102
v  -3.2123 11.5989 -3.9142
v  -3.3318 10.9403 -4.0598
v  -2.9178 10.9403 -4.3668
v  -1.0986 21.7765 -2.0554
v  -1.3050 14.5269 -2.4415
v  -0.8919 21.7765 -2.1532
v  -1.0594 14.5269 -2.5577
v  -1.2776 13.3193 -3.0845
v  -1.5738 13.3193 -2.9444
v  -1.8330 13.0254 -3.4293
v  -1.4881 13.0254 -3.5925
v  -1.6728 12.6302 -4.0385
v  -2.0606 12.6302 -3.8551
v  -2.2475 12.1484 -4.2048
v  -1.8246 12.1484 -4.4049
v  -1.9377 11.5989 -4.6781
v  -2.3869 11.5989 -4.4657
v  -2.4757 10.9403 -4.6318
v  -2.0098 10.9403 -4.8522
v  -0.6765 21.7765 -2.2302
v  -0.8036 14.5269 -2.6492
v  -0.4547 21.7765 -2.2858
v  -0.5401 14.5269 -2.7152
v  -0.6513 13.3193 -3.2745
v  -0.9692 13.3193 -3.1949
v  -1.1288 13.0254 -3.7210
v  -0.7586 13.0254 -3.8138
v  -0.8528 12.6302 -4.2872
v  -1.2689 12.6302 -4.1830
v  -1.3840 12.1484 -4.5625
v  -0.9301 12.1484 -4.6762
v  -0.9879 11.5989 -4.9663
v  -1.4699 11.5989 -4.8455
v  -1.5245 10.9403 -5.0258
v  -1.0246 10.9403 -5.1510
v  -0.2284 21.7765 -2.3194
v  -0.2713 14.5269 -2.7551
v  -0.3272 13.3193 -3.3226
v  -0.3811 13.0254 -3.8697
v  -0.4285 12.6302 -4.3502
v  -0.4673 12.1484 -4.7448
v  -0.4963 11.5989 -5.0392
v  -0.5148 10.9403 -5.2266
v  0.5328 6.7533 -5.4097
v  0.5293 8.2792 -5.3741
v  0.5395 5.9241 -5.4776
v  0.0000 5.9241 -5.5041
v  1.0738 5.9241 -5.3984
v  1.0978 5.5712 -5.5188
v  0.5515 5.5712 -5.5998
v  0.0000 5.5712 -5.6269
v  0.5701 5.3390 -5.7879
v  0.0000 5.3390 -5.8160
v  1.1346 5.3390 -5.7042
v  1.1825 5.1676 -5.9449
v  0.5941 5.1676 -6.0321
v  0.0000 5.1676 -6.0613
v  0.6217 5.0659 -6.3127
v  0.0000 5.0659 -6.3433
v  1.2375 5.0659 -6.2214
v  0.6492 5.0208 -6.5916
v  1.5978 5.9241 -5.2671
v  2.1063 5.9241 -5.0851
v  2.1533 5.5712 -5.1986
v  1.6334 5.5712 -5.3846
v  1.6883 5.3390 -5.5655
v  2.2257 5.3390 -5.3732
v  2.3196 5.1676 -5.6000
v  1.7595 5.1676 -5.8003
v  1.8413 5.0659 -6.0701
v  2.4275 5.0659 -5.8604
v  2.5946 5.9241 -4.8542
v  3.0579 5.9241 -4.5765
v  3.1262 5.5712 -4.6786
v  2.6525 5.5712 -4.9625
v  2.7416 5.3390 -5.1292
v  3.2312 5.3390 -4.8358
v  3.3675 5.1676 -5.0398
v  2.8573 5.1676 -5.3456
v  2.9902 5.0659 -5.5942
v  3.5241 5.0659 -5.2742
v  3.4918 5.9241 -4.2547
v  3.8920 5.9241 -3.8920
v  3.9788 5.5712 -3.9788
v  3.5697 5.5712 -4.3497
v  3.6896 5.3390 -4.4958
v  4.1125 5.3390 -4.1125
v  4.2860 5.1676 -4.2860
v  3.8453 5.1676 -4.6855
v  4.0241 5.0659 -4.9034
v  4.4854 5.0659 -4.4854
v  4.2547 5.9241 -3.4918
v  4.5765 5.9241 -3.0579
v  4.6786 5.5712 -3.1262
v  4.3497 5.5712 -3.5697
v  4.4958 5.3390 -3.6896
v  4.8358 5.3390 -3.2312
v  5.0398 5.1676 -3.3675
v  4.6855 5.1676 -3.8453
v  4.9034 5.0659 -4.0241
v  5.2742 5.0659 -3.5241
v  4.8542 5.9241 -2.5946
v  5.0851 5.9241 -2.1063
v  5.1986 5.5712 -2.1533
v  4.9625 5.5712 -2.6525
v  5.1292 5.3390 -2.7416
v  5.3732 5.3390 -2.2257
v  5.6000 5.1676 -2.3196
v  5.3456 5.1676 -2.8573
v  5.5942 5.0659 -2.9902
v  5.8604 5.0659 -2.4275
v  5.2671 5.9241 -1.5978
v  5.3984 5.9241 -1.0738
v  5.5188 5.5712 -1.0978
v  5.3846 5.5712 -1.6334
v  5.5655 5.3390 -1.6883
v  5.7042 5.3390 -1.1346
v  5.9449 5.1676 -1.1825
v  5.8003 5.1676 -1.7595
v  6.0701 5.0659 -1.8413
v  6.2214 5.0659 -1.2375
v  5.4776 5.9241 -0.5395
v  5.5041 5.9241 -0.0000
v  5.6269 5.5712 -0.0000
v  5.5998 5.5712 -0.5515
v  5.7879 5.3390 -0.5701
v  5.8160 5.3390 -0.0000
v  6.0613 5.1676 -0.0000
v  6.0321 5.1676 -0.5941
v  6.3127 5.0659 -0.6217
v  6.3433 5.0659 -0.0000
v  5.4776 5.9241 0.5395
v  5.3984 5.9241 1.0738
v  5.5188 5.5712 1.0978
v  5.5998 5.5712 0.5515
v  5.7879 5.3390 0.5701
v  5.7042 5.3390 1.1346
v  5.9449 5.1676 1.1825
v  6.0321 5.1676 0.5941
v  6.3127 5.0659 0.6217
v  6.2214 5.0659 1.2375
v  5.2671 5.9241 1.5978
v  5.0851 5.9241 2.1063
v  5.1986 5.5712 2.1533
v  5.3846 5.5712 1.6334
v  5.5655 5.3390 1.6883
v  5.3732 5.3390 2.2257
v  5.6000 5.1676 2.3196
v  5.8003 5.1676 1.7595
v  6.0701 5.0659 1.8413
v  5.8604 5.0659 2.4275
v  4.8542 5.9241 2.5946
v  4.5765 5.9241 3.0579
v  4.6786 5.5712 3.1262
v  4.9625 5.5712 2.6525
v  5.1292 5.3390 2.7416
v  4.8358 5.3390 3.2312
v  5.0398 5.1676 3.3675
v  5.3456 5.1676 2.8573
v  5.5942 5.0659 2.9902
v  5.2742 5.0659 3.5241
v  4.2547 5.9241 3.4918
v  3.8920 5.9241 3.8920
v  3.9788 5.5712 3.9788
v  4.3497 5.5712 3.5697
v  4.4958 5.3390 3.6896
v  4.1125 5.3390 4.1125
v  4.2860 5.1676 4.2860
v  4.6855 5.1676 3.8453
v  4.9034 5.0659 4.0241
v  4.4854 5.0659 4.4854
v  3.4918 5.9241 4.2547
v  3.0579 5.9241 4.5765
v  3.1262 5.5712 4.6786
v  3.5697 5.5712 4.3497
v  3.6896 5.3390 4.4958
v  3.2312 5.3390 4.8358
v  3.3675 5.1676 5.0398
v  3.8453 5.1676 4.6855
v  4.0241 5.0659 4.9034
v  3.5241 5.0659 5.2742
v  2.5946 5.9241 4.8542
v  2.1063 5.9241 5.0851
v  2.1533 5.5712 5.1986
v  2.6525 5.5712 4.9625
v  2.7416 5.3390 5.1292
v  2.2257 5.3390 5.3732
v  2.3196 5.1676 5.5999
v  2.8573 5.1676 5.3456
v  2.9902 5.0659 5.5942
v  2.4275 5.0659 5.8604
v  1.5978 5.9241 5.2671
v  1.0738 5.9241 5.3984
v  1.0978 5.5712 5.5188
v  1.6334 5.5712 5.3846
v  1.6883 5.3390 5.5655
v  1.1346 5.3390 5.7042
v  1.1825 5.1676 5.9449
v  1.7595 5.1676 5.8003
v  1.8413 5.0659 6.0701
v  1.2375 5.0659 6.2214
v  0.5395 5.9241 5.4776
v  0.0000 5.9241 5.5041
v  0.0000 5.5712 5.6269
v  0.5515 5.5712 5.5998
v  0.5701 5.3390 5.7879
v  0.0000 5.3390 5.8160
v  0.0000 5.1676 6.0613
v  0.5941 5.1676 6.0321
v  0.6217 5.0659 6.3127
v  0.0000 5.0659 6.3433
v  -0.5395 5.9241 5.4776
v  -1.0738 5.9241 5.3984
v  -1.0978 5.5712 5.5188
v  -0.5515 5.5712 5.5998
v  -0.5701 5.3390 5.7879
v  -1.1346 5.3390 5.7042
v  -1.1825 5.1676 5.9449
v  -0.5941 5.1676 6.0321
v  -0.6217 5.0659 6.3127
v  -1.2375 5.0659 6.2214
v  -1.5978 5.9241 5.2671
v  -2.1063 5.9241 5.0851
v  -2.1533 5.5712 5.1986
v  -1.6334 5.5712 5.3846
v  -1.6883 5.3390 5.5655
v  -2.2257 5.3390 5.3732
v  -2.3196 5.1676 5.5999
v  -1.7595 5.1676 5.8003
v  -1.8413 5.0659 6.0701
v  -2.4275 5.0659 5.8604
v  -2.5946 5.9241 4.8542
v  -3.0579 5.9241 4.5765
v  -3.1262 5.5712 4.6786
v  -2.6525 5.5712 4.9625
v  -2.7416 5.3390 5.1292
v  -3.2312 5.3390 4.8358
v  -3.3675 5.1676 5.0398
v  -2.8573 5.1676 5.3456
v  -2.9902 5.0659 5.5942
v  -3.5241 5.0659 5.2742
v  -3.4918 5.9241 4.2547
v  -3.8920 5.9241 3.8920
v  -3.9788 5.5712 3.9788
v  -3.5697 5.5712 4.3497
v  -3.6896 5.3390 4.4958
v  -4.1125 5.3390 4.1125
v  -4.2860 5.1676 4.2860
v  -3.8453 5.1676 4.6855
v  -4.0241 5.0659 4.9034
v  -4.4854 5.0659 4.4854
v  -4.2547 5.9241 3.4918
v  -4.5765 5.9241 3.0579
v  -4.6786 5.5712 3.1262
v  -4.3497 5.5712 3.5697
v  -4.4958 5.3390 3.6896
v  -4.8358 5.3390 3.2312
v  -5.0398 5.1676 3.3675
v  -4.6855 5.1676 3.8453
v  -4.9034 5.0659 4.0241
v  -5.2742 5.0659 3.5241
v  -4.8542 5.9241 2.5946
v  -5.0851 5.9241 2.1063
v  -5.1986 5.5712 2.1533
v  -4.9625 5.5712 2.6525
v  -5.1292 5.3390 2.7416
v  -5.3732 5.3390 2.2257
v  -5.5999 5.1676 2.3196
v  -5.3456 5.1676 2.8573
v  -5.5942 5.0659 2.9902
v  -5.8604 5.0659 2.4275
v  -5.2671 5.9241 1.5978
v  -5.3984 5.9241 1.0738
v  -5.5188 5.5712 1.0978
v  -5.3846 5.5712 1.6334
v  -5.5655 5.3390 1.6883
v  -5.7042 5.3390 1.1346
v  -5.9449 5.1676 1.1825
v  -5.8003 5.1676 1.7595
v  -6.0701 5.0659 1.8413
v  -6.2214 5.0659 1.2375
v  -5.4776 5.9241 0.5395
v  -5.5041 5.9241 -0.0000
v  -5.6269 5.5712 -0.0000
v  -5.5998 5.5712 0.5515
v  -5.7879 5.3390 0.5701
v  -5.8160 5.3390 -0.0000
v  -6.0613 5.1676 -0.0000
v  -6.0321 5.1676 0.5941
v  -6.3127 5.0659 0.6217
v  -6.3433 5.0659 -0.0000
v  -5.4776 5.9241 -0.5395
v  -5.3984 5.9241 -1.0738
v  -5.5188 5.5712 -1.0978
v  -5.5998 5.5712 -0.5515
v  -5.7879 5.3390 -0.5701
v  -5.7042 5.3390 -1.1346
v  -5.9449 5.1676 -1.1825
v  -6.0321 5.1676 -0.5941
v  -6.3127 5.0659 -0.6217
v  -6.2214 5.0659 -1.2375
v  -5.2671 5.9241 -1.5978
v  -5.0851 5.9241 -2.1063
v  -5.1986 5.5712 -2.1533
v  -5.3846 5.5712 -1.6334
v  -5.5655 5.3390 -1.6883
v  -5.3732 5.3390 -2.2257
v  -5.5999 5.1676 -2.3196
v  -5.8003 5.1676 -1.7595
v  -6.0701 5.0659 -1.8413
v  -5.8604 5.0659 -2.4275
v  -4.8542 5.9241 -2.5946
v  -4.5765 5.9241 -3.0579
v  -4.6786 5.5712 -3.1262
v  -4.9625 5.5712 -2.6525
v  -5.1292 5.3390 -2.7416
v  -4.8358 5.3390 -3.2312
v  -5.0398 5.1676 -3.3675
v  -5.3456 5.1676 -2.8573
v  -5.5942 5.0659 -2.9902
v  -5.2742 5.0659 -3.5241
v  -4.2547 5.9241 -3.4918
v  -3.8920 5.9241 -3.8920
v  -3.9788 5.5712 -3.9788
v  -4.3497 5.5712 -3.5697
v  -4.4958 5.3390 -3.6896
v  -4.1125 5.3390 -4.1125
v  -4.2860 5.1676 -4.2860
v  -4.6855 5.1676 -3.8453
v  -4.9034 5.0659 -4.0241
v  -4.4854 5.0659 -4.4854
v  -3.4918 5.9241 -4.2547
v  -3.0579 5.9241 -4.5765
v  -3.1262 5.5712 -4.6786
v  -3.5697 5.5712 -4.3497
v  -3.6896 5.3390 -4.4958
v  -3.2312 5.3390 -4.8358
v  -3.3675 5.1676 -5.0398
v  -3.8453 5.1676 -4.6855
v  -4.0241 5.0659 -4.9034
v  -3.5241 5.0659 -5.2742
v  -2.5946 5.9241 -4.8542
v  -2.1063 5.9241 -5.0851
v  -2.1533 5.5712 -5.1986
v  -2.6525 5.5712 -4.9625
v  -2.7416 5.3390 -5.1292
v  -2.2257 5.3390 -5.3732
v  -2.3196 5.1676 -5.6000
v  -2.8573 5.1676 -5.3456
v  -2.9902 5.0659 -5.5942
v  -2.4275 5.0659 -5.8604
v  -1.5978 5.9241 -5.2671
v  -1.0738 5.9241 -5.3984
v  -1.0978 5.5712 -5.5188
v  -1.6334 5.5712 -5.3846
v  -1.6883 5.3390 -5.5655
v  -1.1346 5.3390 -5.7042
v  -1.1825 5.1676 -5.9449
v  -1.7595 5.1676 -5.8003
v  -1.8413 5.0659 -6.0701
v  -1.2375 5.0659 -6.2214
v  -0.5395 5.9241 -5.4776
v  -0.5515 5.5712 -5.5998
v  -0.5701 5.3390 -5.7879
v  -0.5941 5.1676 -6.0321
v  -0.6217 5.0659 -6.3127
v  0.6725 4.9943 -6.8283
v  1.3615 38.1699 -1.6590
v  1.5176 38.1699 -1.5176
v  1.1924 38.1699 -1.7845
v  1.1682 54.5884 -1.7483
v  1.3339 54.5884 -1.6254
v  1.4868 54.5884 -1.4868
v  2.0538 38.1699 -0.6230
v  2.1049 38.1699 -0.4187
v  1.9828 38.1699 -0.8213
v  1.9426 54.5884 -0.8047
v  2.0121 54.5884 -0.6104
v  2.0623 54.5884 -0.4102
v  1.2572 63.5665 0.5208
v  1.3022 63.5665 0.3950
v  1.3564 63.5923 0.4115
v  1.3096 63.5923 0.5424
v  1.3347 63.5665 0.2655
v  1.3902 63.5923 0.2765
v  1.5008 63.6528 0.2985
v  1.4643 63.6528 0.4442
v  1.4137 63.6528 0.5856
v  1.3615 38.1699 1.6590
v  1.1924 38.1699 1.7845
v  1.5176 38.1699 1.5176
v  1.4868 54.5884 1.4868
v  1.3339 54.5884 1.6254
v  1.1682 54.5884 1.7483
v  0.2104 38.1699 2.1358
v  0.0000 38.1699 2.1462
v  0.4187 38.1699 2.1049
v  0.4102 54.5884 2.0622
v  0.2061 54.5884 2.0925
v  0.0000 54.5884 2.1027
v  -0.7560 63.5665 1.1315
v  -0.6415 63.5665 1.2001
v  -0.6682 63.5923 1.2501
v  -0.7875 63.5923 1.1786
v  -0.5208 63.5665 1.2572
v  -0.5424 63.5923 1.3096
v  -0.5856 63.6528 1.4137
v  -0.7213 63.6528 1.3495
v  -0.8501 63.6528 1.2723
v  -1.3347 63.5665 0.2655
v  -1.3022 63.5665 0.3950
v  -1.3564 63.5923 0.4115
v  -1.3902 63.5923 0.2765
v  -1.2572 63.5665 0.5208
v  -1.3096 63.5923 0.5424
v  -1.4137 63.6528 0.5856
v  -1.4643 63.6528 0.4442
v  -1.5008 63.6528 0.2985
v  -0.6007 65.6648 -0.8990
v  -0.6859 65.6648 -0.8358
v  -0.6625 65.7059 -0.8073
v  -0.5848 65.7059 -0.8753
v  -0.7646 65.6648 -0.7646
v  -0.7443 65.7059 -0.7444
v  -0.6363 65.7118 -0.6363
v  -0.5061 65.7118 -0.6168
v  -0.4999 65.7118 -0.7482
v  -2.1358 38.1699 -0.2104
v  -2.1049 38.1699 -0.4187
v  -2.1462 38.1699 -0.0000
v  -2.1027 54.5884 -0.0000
v  -2.0925 54.5884 -0.2061
v  -2.0623 54.5884 -0.4102
v  -0.9622 63.5665 -0.9623
v  -1.0519 63.5665 -0.8633
v  -1.0957 63.5923 -0.8992
v  -1.0023 63.5923 -1.0023
v  -1.1315 63.5665 -0.7560
v  -1.1786 63.5923 -0.7875
v  -1.2723 63.6528 -0.8502
v  -1.1829 63.6528 -0.9708
v  -1.0820 63.6528 -1.0820
v  -0.2655 63.5665 -1.3347
v  -0.3950 63.5665 -1.3022
v  -0.4115 63.5923 -1.3564
v  -0.2765 63.5923 -1.3902
v  -0.5208 63.5665 -1.2572
v  -0.5424 63.5923 -1.3096
v  -0.5856 63.6528 -1.4137
v  -0.4442 63.6528 -1.4643
v  -0.2985 63.6528 -1.5008
v  0.9622 63.5665 -0.9622
v  0.8633 63.5665 -1.0519
v  0.8992 63.5923 -1.0957
v  1.0023 63.5923 -1.0023
v  0.7560 63.5665 -1.1315
v  0.7875 63.5923 -1.1786
v  0.8501 63.6528 -1.2723
v  0.9708 63.6528 -1.1829
v  1.0820 63.6528 -1.0820
v  1.3347 63.5665 -0.2655
v  1.3022 63.5665 -0.3950
v  1.3564 63.5923 -0.4115
v  1.3902 63.5923 -0.2765
v  1.2572 63.5665 -0.5208
v  1.3096 63.5923 -0.5424
v  1.4137 63.6528 -0.5856
v  1.4643 63.6528 -0.4442
v  1.5008 63.6528 -0.2985
v  2.1358 38.1699 0.2104
v  2.1049 38.1699 0.4187
v  2.1462 38.1699 -0.0000
v  2.1027 54.5884 -0.0000
v  2.0925 54.5884 0.2061
v  2.0623 54.5884 0.4102
v  0.7560 63.5665 1.1315
v  0.8633 63.5665 1.0519
v  0.8992 63.5923 1.0957
v  0.7875 63.5923 1.1786
v  0.9622 63.5665 0.9622
v  1.0023 63.5923 1.0023
v  1.0820 63.6528 1.0820
v  0.9708 63.6528 1.1829
v  0.8501 63.6528 1.2723
v  0.0000 63.5665 1.3608
v  0.1334 63.5665 1.3542
v  0.1389 63.5923 1.4106
v  0.0000 63.5923 1.4174
v  0.2655 63.5665 1.3347
v  0.2765 63.5923 1.3902
v  0.2985 63.6528 1.5008
v  0.1500 63.6528 1.5228
v  0.0000 63.6528 1.5302
v  -0.6230 38.1699 2.0538
v  -0.8213 38.1699 1.9828
v  -0.4187 38.1699 2.1049
v  -0.4102 54.5884 2.0622
v  -0.6104 54.5884 2.0121
v  -0.8047 54.5884 1.9426
v  -1.2001 63.5665 0.6415
v  -1.2501 63.5923 0.6682
v  -1.1315 63.5665 0.7560
v  -1.1786 63.5923 0.7875
v  -1.2723 63.6528 0.8501
v  -1.3495 63.6528 0.7213
v  -1.3347 63.5665 -0.2655
v  -1.3543 63.5665 -0.1334
v  -1.4106 63.5923 -0.1389
v  -1.3902 63.5923 -0.2765
v  -1.3608 63.5665 -0.0000
v  -1.4175 63.5923 -0.0000
v  -1.5302 63.6528 -0.0000
v  -1.5228 63.6528 -0.1500
v  -1.5008 63.6528 -0.2985
v  -1.8928 38.1699 -1.0117
v  -1.7845 38.1699 -1.1924
v  -1.9828 38.1699 -0.8213
v  -1.9426 54.5884 -0.8047
v  -1.8544 54.5884 -0.9912
v  -1.7483 54.5884 -1.1682
v  -1.0117 38.1699 -1.8928
v  -0.8213 38.1699 -1.9828
v  -1.1924 38.1699 -1.7845
v  -1.1682 54.5884 -1.7483
v  -0.9912 54.5884 -1.8544
v  -0.8047 54.5884 -1.9426
v  0.6415 63.5665 -1.2001
v  0.6682 63.5923 -1.2501
v  0.5208 63.5665 -1.2572
v  0.5424 63.5923 -1.3096
v  0.5856 63.6528 -1.4137
v  0.7213 63.6528 -1.3495
v  1.2001 63.5665 -0.6415
v  1.2501 63.5923 -0.6682
v  1.1315 63.5665 -0.7560
v  1.1786 63.5923 -0.7875
v  1.2723 63.6528 -0.8501
v  1.3495 63.6528 -0.7213
v  1.3543 63.5665 0.1334
v  1.4106 63.5923 0.1389
v  1.3608 63.5665 -0.0000
v  1.4175 63.5923 -0.0000
v  1.5302 63.6528 -0.0000
v  1.5228 63.6528 0.1500
v  1.0519 63.5665 0.8633
v  1.0957 63.5923 0.8992
v  1.1315 63.5665 0.7560
v  1.1786 63.5923 0.7875
v  1.2723 63.6528 0.8501
v  1.1829 63.6528 0.9707
v  0.3950 63.5665 1.3022
v  0.4115 63.5923 1.3564
v  0.5208 63.5665 1.2572
v  0.5424 63.5923 1.3096
v  0.5856 63.6528 1.4137
v  0.4442 63.6528 1.4643
v  -0.3950 63.5665 1.3022
v  -0.4115 63.5923 1.3564
v  -0.2655 63.5665 1.3347
v  -0.2765 63.5923 1.3902
v  -0.2985 63.6528 1.5008
v  -0.4442 63.6528 1.4643
v  -1.0519 63.5665 0.8633
v  -1.0957 63.5923 0.8992
v  -0.9622 63.5665 0.9622
v  -1.0023 63.5923 1.0023
v  -1.0820 63.6528 1.0820
v  -1.1829 63.6528 0.9707
v  -1.3543 63.5665 0.1334
v  -1.4106 63.5923 0.1389
v  -1.5228 63.6528 0.1500
v  -1.2001 63.5665 -0.6415
v  -1.2501 63.5923 -0.6682
v  -1.2572 63.5665 -0.5208
v  -1.3096 63.5923 -0.5424
v  -1.4137 63.6528 -0.5856
v  -1.3495 63.6528 -0.7213
v  -0.6415 63.5665 -1.2001
v  -0.6682 63.5923 -1.2501
v  -0.7560 63.5665 -1.1315
v  -0.7875 63.5923 -1.1786
v  -0.8501 63.6528 -1.2723
v  -0.7213 63.6528 -1.3495
v  0.9144 64.6856 -2.2075
v  1.1263 64.6856 -2.1072
v  1.1758 64.5229 -2.1997
v  0.9545 64.5229 -2.3043
v  1.3275 64.6856 -1.9867
v  1.3857 64.5229 -2.0739
v  1.4027 64.3968 -2.0994
v  1.1902 64.3968 -2.2267
v  0.9662 64.3968 -2.3327
v  -1.6590 38.1699 1.3615
v  -1.5176 38.1699 1.5176
v  -1.4868 54.5884 1.4868
v  -1.6254 54.5884 1.3339
v  1.2001 63.5665 0.6415
v  1.2501 63.5923 0.6682
v  1.3495 63.6528 0.7213
v  0.4661 64.6856 2.3434
v  0.2342 64.6856 2.3778
v  0.2445 64.5229 2.4822
v  0.4866 64.5229 2.4463
v  0.0000 64.6856 2.3893
v  0.0000 64.5229 2.4942
v  0.0000 64.3968 2.5249
v  0.2475 64.3968 2.5127
v  0.4926 64.3968 2.4764
v  0.6415 63.5665 1.2001
v  0.6682 63.5923 1.2501
v  0.7213 63.6528 1.3495
v  2.1358 38.1699 -0.2104
v  2.0925 54.5884 -0.2061
v  1.3275 64.6856 1.9867
v  1.1263 64.6856 2.1072
v  1.1758 64.5229 2.1997
v  1.3857 64.5229 2.0738
v  0.9144 64.6856 2.2075
v  0.9545 64.5229 2.3043
v  0.9662 64.3968 2.3327
v  1.1902 64.3968 2.2267
v  1.4027 64.3968 2.0993
v  -0.6230 38.1699 -2.0538
v  -0.4187 38.1699 -2.1050
v  -0.6104 54.5884 -2.0121
v  -0.4102 54.5884 -2.0623
v  -2.3434 64.6856 -0.4661
v  -2.2865 64.6856 -0.6936
v  -2.3868 64.5229 -0.7240
v  -2.4463 64.5229 -0.4866
v  -2.2075 64.6856 -0.9144
v  -2.3043 64.5229 -0.9545
v  -2.3327 64.3968 -0.9662
v  -2.4161 64.3968 -0.7329
v  -2.4764 64.3968 -0.4926
v  -0.1334 63.5665 1.3542
v  -0.1389 63.5923 1.4106
v  -0.1500 63.6528 1.5228
v  -0.9144 64.6856 -2.2075
v  -0.6936 64.6856 -2.2865
v  -0.7240 64.5229 -2.3868
v  -0.9545 64.5229 -2.3043
v  -0.4661 64.6856 -2.3435
v  -0.4866 64.5229 -2.4463
v  -0.4926 64.3968 -2.4764
v  -0.7329 64.3968 -2.4162
v  -0.9662 64.3968 -2.3327
v  -0.8633 63.5665 1.0519
v  -0.8992 63.5923 1.0957
v  -0.9708 63.6528 1.1829
v  -0.4661 64.6856 2.3434
v  -0.6936 64.6856 2.2864
v  -0.7240 64.5229 2.3868
v  -0.4866 64.5229 2.4463
v  -0.9144 64.6856 2.2075
v  -0.9545 64.5229 2.3043
v  -0.9662 64.3968 2.3327
v  -0.7329 64.3968 2.4161
v  -0.4926 64.3968 2.4764
v  -0.2104 38.1699 2.1358
v  -0.2061 54.5884 2.0925
v  -0.2342 64.6856 2.3778
v  -0.2445 64.5229 2.4822
v  -0.2475 64.3968 2.5127
v  -2.0538 38.1699 0.6230
v  -2.1049 38.1699 0.4187
v  -2.0121 54.5884 0.6104
v  -2.0623 54.5884 0.4102
v  1.0117 38.1699 1.8928
v  0.8213 38.1699 1.9828
v  0.9912 54.5884 1.8544
v  0.8047 54.5884 1.9426
v  -1.9867 64.6856 1.3274
v  -2.1072 64.6856 1.1263
v  -2.1997 64.5229 1.1757
v  -2.0738 64.5229 1.3857
v  -2.2075 64.6856 0.9144
v  -2.3043 64.5229 0.9545
v  -2.3327 64.3968 0.9662
v  -2.2267 64.3968 1.1902
v  -2.0994 64.3968 1.4027
v  -1.3022 63.5665 -0.3950
v  -1.3564 63.5923 -0.4115
v  -1.4643 63.6528 -0.4442
v  2.3434 64.6856 -0.4661
v  2.3778 64.6856 -0.2342
v  2.4822 64.5229 -0.2445
v  2.4463 64.5229 -0.4866
v  2.3894 64.6856 -0.0000
v  2.4942 64.5229 -0.0000
v  2.5249 64.3968 -0.0000
v  2.5127 64.3968 -0.2475
v  2.4764 64.3968 -0.4926
v  -0.8633 63.5665 -1.0519
v  -0.8992 63.5923 -1.0957
v  -0.9708 63.6528 -1.1829
v  -2.1358 38.1699 0.2104
v  -2.0925 54.5884 0.2061
v  1.5158 64.6856 -1.8470
v  1.5823 64.5229 -1.9280
v  1.6895 64.6856 -1.6895
v  1.7637 64.5229 -1.7637
v  1.7854 64.3968 -1.7854
v  1.6018 64.3968 -1.9518
v  1.9867 64.6856 1.3274
v  1.8470 64.6856 1.5158
v  1.9280 64.5229 1.5823
v  2.0739 64.5229 1.3857
v  1.6895 64.6856 1.6895
v  1.7637 64.5229 1.7637
v  1.7854 64.3968 1.7853
v  1.9518 64.3968 1.6017
v  2.0994 64.3968 1.4027
v  1.8928 38.1699 1.0117
v  1.7845 38.1699 1.1923
v  1.9828 38.1699 0.8213
v  1.9426 54.5884 0.8046
v  1.8544 54.5884 0.9912
v  1.7483 54.5884 1.1682
v  -2.2865 64.6856 0.6936
v  -2.3868 64.5229 0.7240
v  -2.3434 64.6856 0.4661
v  -2.4463 64.5229 0.4866
v  -2.4764 64.3968 0.4926
v  -2.4161 64.3968 0.7329
v  -0.4652 65.4409 -1.1232
v  -0.5731 65.4409 -1.0722
v  -0.5176 65.5664 -0.9684
v  -0.4202 65.5664 -1.0145
v  -0.6754 65.4409 -1.0108
v  -0.6100 65.5664 -0.9130
v  -0.5097 65.6648 -0.9536
v  -0.4138 65.6648 -0.9990
v  0.0000 64.6856 -2.3894
v  0.2342 64.6856 -2.3778
v  0.2445 64.5229 -2.4822
v  0.0000 64.5229 -2.4942
v  0.4661 64.6856 -2.3435
v  0.4866 64.5229 -2.4463
v  0.4926 64.3968 -2.4764
v  0.2475 64.3968 -2.5127
v  0.0000 64.3968 -2.5249
v  -1.6895 64.6856 -1.6895
v  -1.5158 64.6856 -1.8470
v  -1.5823 64.5229 -1.9280
v  -1.7637 64.5229 -1.7637
v  -1.3275 64.6856 -1.9867
v  -1.3857 64.5229 -2.0739
v  -1.4027 64.3968 -2.0994
v  -1.6018 64.3968 -1.9518
v  -1.7854 64.3968 -1.7854
v  -2.1072 64.6856 -1.1263
v  -2.1997 64.5229 -1.1758
v  -1.9867 64.6856 -1.3275
v  -2.0738 64.5229 -1.3857
v  -2.0994 64.3968 -1.4028
v  -2.2267 64.3968 -1.1902
v  -1.3615 38.1699 1.6590
v  -1.1924 38.1699 1.7845
v  -1.1682 54.5884 1.7483
v  -1.3339 54.5884 1.6254
v  1.1232 65.4409 0.4652
v  1.0721 65.4409 0.5731
v  1.3201 65.3154 0.7056
v  1.3829 65.3153 0.5728
v  1.0108 65.4409 0.6754
v  1.2446 65.3153 0.8316
v  1.5398 65.1511 1.0288
v  1.6332 65.1511 0.8729
v  1.7109 65.1511 0.7087
v  1.9116 64.9180 1.0217
v  2.0025 64.9180 0.8295
v  1.8022 64.9180 1.2042
v  2.1072 64.6856 1.1263
v  2.2075 64.6856 0.9144
v  1.6170 63.9690 0.6698
v  1.5436 63.9690 0.8250
v  1.4367 63.9738 0.7679
v  1.5050 63.9738 0.6234
v  1.4553 63.9690 0.9724
v  1.3545 63.9738 0.9050
v  1.3293 63.9177 0.8882
v  1.4100 63.9177 0.7537
v  1.4771 63.9177 0.6118
v  1.1923 65.4409 -0.2372
v  1.2098 65.4409 -0.1192
v  1.4897 65.3154 -0.1467
v  1.4681 65.3153 -0.2920
v  1.2157 65.4409 -0.0000
v  1.4969 65.3153 -0.0000
v  1.8519 65.1511 -0.0000
v  1.8429 65.1511 -0.1815
v  1.8163 65.1511 -0.3613
v  2.1571 64.9180 -0.2125
v  2.1259 64.9180 -0.4229
v  2.1675 64.9180 -0.0000
v  1.7166 63.9690 -0.3415
v  1.7418 63.9690 -0.1716
v  1.6212 63.9738 -0.1597
v  1.5977 63.9738 -0.3178
v  1.7502 63.9690 -0.0000
v  1.6290 63.9738 -0.0000
v  1.5988 63.9177 -0.0000
v  1.5911 63.9177 -0.1567
v  1.5681 63.9177 -0.3119
v  -0.6754 65.4409 1.0108
v  -0.7712 65.4409 0.9397
v  -0.9496 65.3154 1.1571
v  -0.8316 65.3153 1.2446
v  -0.8596 65.4409 0.8596
v  -1.0584 65.3153 1.0584
v  -1.3095 65.1511 1.3094
v  -1.1748 65.1511 1.4315
v  -1.0288 65.1511 1.5398
v  -1.3750 64.9180 1.6755
v  -1.2042 64.9180 1.8022
v  -1.5327 64.9180 1.5326
v  -1.6895 64.6856 1.6895
v  -1.5158 64.6856 1.8470
v  -1.3275 64.6856 1.9867
v  -0.9724 63.9690 1.4553
v  -1.1103 63.9690 1.3529
v  -1.0334 63.9738 1.2592
v  -0.9050 63.9738 1.3545
v  -1.2376 63.9690 1.2376
v  -1.1519 63.9738 1.1519
v  -1.1305 63.9177 1.1305
v  -1.0143 63.9177 1.2359
v  -0.8882 63.9177 1.3293
v  0.0000 65.4409 1.2157
v  -0.1192 65.4409 1.2098
v  -0.1467 65.3154 1.4896
v  0.0000 65.3153 1.4969
v  -0.2372 65.4409 1.1923
v  -0.2920 65.3153 1.4681
v  -0.3613 65.1511 1.8163
v  -0.1815 65.1511 1.8429
v  0.0000 65.1511 1.8518
v  -0.2125 64.9180 2.1570
v  0.0000 64.9180 2.1675
v  -0.4229 64.9180 2.1258
v  0.0000 63.9690 1.7502
v  -0.1716 63.9690 1.7418
v  -0.1597 63.9738 1.6212
v  0.0000 63.9738 1.6290
v  -0.3415 63.9690 1.7166
v  -0.3178 63.9738 1.5977
v  -0.3119 63.9177 1.5681
v  -0.1567 63.9177 1.5911
v  0.0000 63.9177 1.5988
v  -0.8596 65.4409 -0.8596
v  -0.7712 65.4409 -0.9398
v  -0.9496 65.3154 -1.1571
v  -1.0584 65.3153 -1.0585
v  -0.8316 65.3153 -1.2446
v  -1.0288 65.1511 -1.5398
v  -1.1748 65.1511 -1.4315
v  -1.3095 65.1511 -1.3095
v  -1.3750 64.9180 -1.6755
v  -1.5326 64.9180 -1.5327
v  -1.2042 64.9180 -1.8022
v  -1.2376 63.9690 -1.2376
v  -1.1103 63.9690 -1.3530
v  -1.0334 63.9738 -1.2592
v  -1.1519 63.9738 -1.1519
v  -0.9724 63.9690 -1.4553
v  -0.9050 63.9738 -1.3545
v  -0.8882 63.9177 -1.3294
v  -1.0143 63.9177 -1.2359
v  -1.1305 63.9177 -1.1305
v  -1.1923 65.4409 -0.2372
v  -1.1633 65.4409 -0.3529
v  -1.4324 65.3154 -0.4345
v  -1.4681 65.3153 -0.2920
v  -1.1232 65.4409 -0.4652
v  -1.3829 65.3153 -0.5728
v  -1.7109 65.1511 -0.7087
v  -1.7721 65.1511 -0.5376
v  -1.8163 65.1511 -0.3613
v  -2.0742 64.9180 -0.6292
v  -2.1258 64.9180 -0.4229
v  -2.0025 64.9180 -0.8295
v  -1.7166 63.9690 -0.3415
v  -1.6749 63.9690 -0.5081
v  -1.5589 63.9738 -0.4729
v  -1.5977 63.9738 -0.3178
v  -1.6170 63.9690 -0.6698
v  -1.5050 63.9738 -0.6234
v  -1.4771 63.9177 -0.6118
v  -1.5299 63.9177 -0.4641
v  -1.5681 63.9177 -0.3119
v  0.2372 65.4409 -1.1923
v  0.3529 65.4409 -1.1634
v  0.4345 65.3154 -1.4324
v  0.2920 65.3153 -1.4681
v  0.4652 65.4409 -1.1232
v  0.5728 65.3153 -1.3829
v  0.7087 65.1511 -1.7109
v  0.5376 65.1511 -1.7721
v  0.3613 65.1511 -1.8163
v  0.6292 64.9180 -2.0742
v  0.4229 64.9180 -2.1259
v  0.8295 64.9180 -2.0025
v  0.6936 64.6856 -2.2865
v  0.3415 63.9690 -1.7166
v  0.5081 63.9690 -1.6749
v  0.4729 63.9738 -1.5589
v  0.3178 63.9738 -1.5977
v  0.6698 63.9690 -1.6170
v  0.6234 63.9738 -1.5050
v  0.6118 63.9177 -1.4771
v  0.4641 63.9177 -1.5300
v  0.3119 63.9177 -1.5681
v  -0.2372 65.4409 -1.1923
v  -0.1192 65.4409 -1.2098
v  -0.1467 65.3154 -1.4897
v  -0.2920 65.3153 -1.4681
v  0.0000 65.4409 -1.2157
v  0.0000 65.3153 -1.4969
v  0.0000 65.1511 -1.8519
v  -0.1815 65.1511 -1.8429
v  -0.3613 65.1511 -1.8163
v  -0.2125 64.9180 -2.1571
v  -0.4229 64.9180 -2.1259
v  0.0000 64.9180 -2.1675
v  -0.2342 64.6856 -2.3778
v  -0.3415 63.9690 -1.7166
v  -0.1716 63.9690 -1.7418
v  -0.1597 63.9738 -1.6212
v  -0.3178 63.9738 -1.5977
v  0.0000 63.9690 -1.7502
v  0.0000 63.9738 -1.6290
v  0.0000 63.9177 -1.5988
v  -0.1567 63.9177 -1.5911
v  -0.3119 63.9177 -1.5681
v  -1.0108 65.4409 -0.6754
v  -0.9397 65.4409 -0.7712
v  -1.1571 65.3154 -0.9496
v  -1.2446 65.3153 -0.8316
v  -1.4315 65.1511 -1.1748
v  -1.5398 65.1511 -1.0288
v  -1.6755 64.9180 -1.3751
v  -1.8022 64.9180 -1.2042
v  -1.8470 64.6856 -1.5158
v  -1.4553 63.9690 -0.9724
v  -1.3529 63.9690 -1.1103
v  -1.2592 63.9738 -1.0334
v  -1.3545 63.9738 -0.9050
v  -1.2359 63.9177 -1.0143
v  -1.3293 63.9177 -0.8883
v  -1.2157 65.4409 -0.0000
v  -1.2098 65.4409 -0.1192
v  -1.4897 65.3154 -0.1467
v  -1.4969 65.3153 -0.0000
v  -1.8429 65.1511 -0.1815
v  -1.8519 65.1511 -0.0000
v  -2.1570 64.9180 -0.2125
v  -2.1675 64.9180 -0.0000
v  -2.3778 64.6856 -0.2342
v  -2.3894 64.6856 -0.0000
v  -1.7502 63.9690 -0.0000
v  -1.7418 63.9690 -0.1716
v  -1.6212 63.9738 -0.1597
v  -1.6290 63.9738 -0.0000
v  -1.5911 63.9177 -0.1567
v  -1.5988 63.9177 -0.0000
v  -1.1232 65.4409 0.4652
v  -1.1633 65.4409 0.3529
v  -1.4324 65.3154 0.4345
v  -1.3829 65.3153 0.5728
v  -1.1923 65.4409 0.2372
v  -1.4681 65.3153 0.2920
v  -1.8163 65.1511 0.3613
v  -1.7721 65.1511 0.5376
v  -1.7109 65.1511 0.7087
v  -2.0742 64.9180 0.6292
v  -2.0025 64.9180 0.8295
v  -2.1258 64.9180 0.4228
v  -1.6170 63.9690 0.6698
v  -1.6749 63.9690 0.5081
v  -1.5589 63.9738 0.4729
v  -1.5050 63.9738 0.6234
v  -1.7166 63.9690 0.3414
v  -1.5977 63.9738 0.3178
v  -1.5681 63.9177 0.3119
v  -1.5299 63.9177 0.4641
v  -1.4771 63.9177 0.6118
v  -0.4652 65.4409 1.1231
v  -0.5731 65.4409 1.0721
v  -0.7056 65.3154 1.3201
v  -0.5728 65.3153 1.3829
v  -0.8730 65.1511 1.6332
v  -0.7087 65.1511 1.7109
v  -1.0217 64.9180 1.9115
v  -0.8295 64.9180 2.0025
v  -1.1263 64.6856 2.1072
v  -0.6698 63.9690 1.6170
v  -0.8251 63.9690 1.5436
v  -0.7679 63.9738 1.4366
v  -0.6234 63.9738 1.5050
v  -0.7537 63.9177 1.4100
v  -0.6118 63.9177 1.4771
v  0.2372 65.4409 1.1923
v  0.1192 65.4409 1.2098
v  0.1467 65.3154 1.4896
v  0.2920 65.3153 1.4681
v  0.1815 65.1511 1.8429
v  0.3613 65.1511 1.8163
v  0.2125 64.9180 2.1570
v  0.4229 64.9180 2.1258
v  0.3415 63.9690 1.7166
v  0.1716 63.9690 1.7418
v  0.1597 63.9738 1.6212
v  0.3178 63.9738 1.5977
v  0.1567 63.9177 1.5911
v  0.3119 63.9177 1.5681
v  0.6754 65.4409 1.0108
v  0.5731 65.4409 1.0721
v  0.7056 65.3154 1.3201
v  0.8316 65.3153 1.2446
v  0.4652 65.4409 1.1231
v  0.5728 65.3153 1.3829
v  0.7087 65.1511 1.7109
v  0.8730 65.1511 1.6332
v  1.0288 65.1511 1.5398
v  1.0217 64.9180 1.9115
v  1.2042 64.9180 1.8022
v  0.8295 64.9180 2.0025
v  0.9724 63.9690 1.4553
v  0.8251 63.9690 1.5436
v  0.7679 63.9738 1.4366
v  0.9050 63.9738 1.3545
v  0.6698 63.9690 1.6170
v  0.6234 63.9738 1.5050
v  0.6118 63.9177 1.4771
v  0.7537 63.9177 1.4100
v  0.8882 63.9177 1.3293
v  1.1923 65.4409 0.2372
v  1.1633 65.4409 0.3529
v  1.4324 65.3154 0.4345
v  1.4681 65.3153 0.2920
v  1.7721 65.1511 0.5376
v  1.8163 65.1511 0.3613
v  2.0742 64.9180 0.6292
v  2.1259 64.9180 0.4228
v  2.2865 64.6856 0.6936
v  2.3434 64.6856 0.4661
v  1.7166 63.9690 0.3414
v  1.6749 63.9690 0.5081
v  1.5589 63.9738 0.4729
v  1.5977 63.9738 0.3178
v  1.5299 63.9177 0.4641
v  1.5681 63.9177 0.3119
v  1.1232 65.4409 -0.4652
v  1.1633 65.4409 -0.3529
v  1.4324 65.3154 -0.4345
v  1.3829 65.3153 -0.5728
v  1.7721 65.1511 -0.5376
v  1.7109 65.1511 -0.7087
v  2.0742 64.9180 -0.6292
v  2.0025 64.9180 -0.8295
v  2.2865 64.6856 -0.6936
v  2.2075 64.6856 -0.9144
v  1.6170 63.9690 -0.6698
v  1.6749 63.9690 -0.5081
v  1.5589 63.9738 -0.4729
v  1.5050 63.9738 -0.6234
v  1.5299 63.9177 -0.4641
v  1.4771 63.9177 -0.6118
v  0.8596 65.4409 -0.8596
v  0.9397 65.4409 -0.7712
v  1.1571 65.3154 -0.9496
v  1.0585 65.3153 -1.0585
v  1.0108 65.4409 -0.6754
v  1.2446 65.3153 -0.8316
v  1.5398 65.1511 -1.0288
v  1.4315 65.1511 -1.1748
v  1.3095 65.1511 -1.3095
v  1.6755 64.9180 -1.3750
v  1.5327 64.9180 -1.5327
v  1.8022 64.9180 -1.2042
v  1.9867 64.6856 -1.3275
v  1.8470 64.6856 -1.5158
v  1.2376 63.9690 -1.2376
v  1.3530 63.9690 -1.1103
v  1.2592 63.9738 -1.0334
v  1.1519 63.9738 -1.1519
v  1.4553 63.9690 -0.9724
v  1.3545 63.9738 -0.9050
v  1.3293 63.9177 -0.8882
v  1.2359 63.9177 -1.0143
v  1.1305 63.9177 -1.1305
v  -0.3529 65.4409 -1.1634
v  -0.4345 65.3154 -1.4324
v  -0.5728 65.3153 -1.3829
v  -0.5376 65.1511 -1.7721
v  -0.7087 65.1511 -1.7109
v  -0.6292 64.9180 -2.0742
v  -0.8295 64.9180 -2.0025
v  -0.6698 63.9690 -1.6170
v  -0.5081 63.9690 -1.6749
v  -0.4729 63.9738 -1.5589
v  -0.6234 63.9738 -1.5050
v  -0.4641 63.9177 -1.5300
v  -0.6118 63.9177 -1.4771
v  -1.0108 65.4409 0.6754
v  -1.0721 65.4409 0.5731
v  -1.3201 65.3154 0.7056
v  -1.2446 65.3153 0.8316
v  -1.6332 65.1511 0.8729
v  -1.5398 65.1511 1.0288
v  -1.9116 64.9180 1.0217
v  -1.8022 64.9180 1.2042
v  -1.4553 63.9690 0.9724
v  -1.5436 63.9690 0.8250
v  -1.4367 63.9738 0.7679
v  -1.3545 63.9738 0.9050
v  -1.4100 63.9177 0.7537
v  -1.3293 63.9177 0.8882
v  0.8596 65.4409 0.8596
v  0.7712 65.4409 0.9397
v  0.9496 65.3154 1.1571
v  1.0585 65.3153 1.0584
v  1.1748 65.1511 1.4315
v  1.3095 65.1511 1.3094
v  1.3750 64.9180 1.6755
v  1.5327 64.9180 1.5326
v  1.5158 64.6856 1.8470
v  1.2376 63.9690 1.2376
v  1.1103 63.9690 1.3529
v  1.0334 63.9738 1.2592
v  1.1519 63.9738 1.1519
v  1.0143 63.9177 1.2359
v  1.1305 63.9177 1.1305
v  0.6754 65.4409 -1.0108
v  0.7712 65.4409 -0.9397
v  0.9496 65.3154 -1.1571
v  0.8316 65.3153 -1.2446
v  1.1748 65.1511 -1.4315
v  1.0288 65.1511 -1.5398
v  1.3750 64.9180 -1.6755
v  1.2042 64.9180 -1.8022
v  0.9724 63.9690 -1.4553
v  1.1103 63.9690 -1.3530
v  1.0334 63.9738 -1.2592
v  0.9050 63.9738 -1.3545
v  1.0143 63.9177 -1.2359
v  0.8882 63.9177 -1.3294
v  0.1192 65.4409 -1.2098
v  0.1467 65.3154 -1.4897
v  0.1815 65.1511 -1.8429
v  0.2125 64.9180 -2.1571
v  0.1716 63.9690 -1.7418
v  0.1597 63.9738 -1.6212
v  0.1567 63.9177 -1.5911
v  -0.7056 65.3154 -1.3201
v  -0.8730 65.1511 -1.6332
v  -1.0217 64.9180 -1.9116
v  -1.1263 64.6856 -2.1072
v  -0.8251 63.9690 -1.5436
v  -0.7679 63.9738 -1.4367
v  -0.7537 63.9177 -1.4100
v  -1.0721 65.4409 -0.5731
v  -1.3201 65.3154 -0.7056
v  -1.6332 65.1511 -0.8730
v  -1.9116 64.9180 -1.0218
v  -1.5436 63.9690 -0.8251
v  -1.4367 63.9738 -0.7679
v  -1.4100 63.9177 -0.7537
v  -1.2098 65.4409 0.1191
v  -1.4897 65.3154 0.1467
v  -1.8429 65.1511 0.1815
v  -2.1570 64.9180 0.2124
v  -2.3778 64.6856 0.2342
v  -1.7418 63.9690 0.1715
v  -1.6212 63.9738 0.1597
v  -1.5911 63.9177 0.1567
v  -0.9397 65.4409 0.7712
v  -1.1571 65.3154 0.9496
v  -1.4315 65.1511 1.1748
v  -1.6755 64.9180 1.3750
v  -1.8470 64.6856 1.5158
v  -1.3529 63.9690 1.1103
v  -1.2592 63.9738 1.0334
v  -1.2359 63.9177 1.0142
v  -0.3529 65.4409 1.1633
v  -0.4345 65.3154 1.4324
v  -0.5376 65.1511 1.7721
v  -0.6292 64.9180 2.0741
v  -0.5081 63.9690 1.6749
v  -0.4729 63.9738 1.5589
v  -0.4641 63.9177 1.5299
v  0.3529 65.4409 1.1633
v  0.4345 65.3154 1.4324
v  0.5376 65.1511 1.7721
v  0.6292 64.9180 2.0741
v  0.6936 64.6856 2.2864
v  0.5081 63.9690 1.6749
v  0.4729 63.9738 1.5589
v  0.4641 63.9177 1.5299
v  0.9397 65.4409 0.7712
v  1.1571 65.3154 0.9496
v  1.4315 65.1511 1.1748
v  1.6755 64.9180 1.3750
v  1.3530 63.9690 1.1103
v  1.2592 63.9738 1.0334
v  1.2359 63.9177 1.0142
v  1.2098 65.4409 0.1191
v  1.4897 65.3154 0.1467
v  1.8429 65.1511 0.1815
v  2.1571 64.9180 0.2124
v  2.3778 64.6856 0.2342
v  1.7418 63.9690 0.1715
v  1.6212 63.9738 0.1597
v  1.5911 63.9177 0.1567
v  1.0721 65.4409 -0.5731
v  1.3201 65.3154 -0.7056
v  1.6332 65.1511 -0.8730
v  1.9116 64.9180 -1.0218
v  2.1072 64.6856 -1.1263
v  1.5436 63.9690 -0.8251
v  1.4367 63.9738 -0.7679
v  1.4100 63.9177 -0.7537
v  0.5731 65.4409 -1.0722
v  0.7056 65.3154 -1.3201
v  0.8730 65.1511 -1.6332
v  1.0217 64.9180 -1.9116
v  0.8251 63.9690 -1.5436
v  0.7679 63.9738 -1.4367
v  0.7537 63.9177 -1.4100
v  1.6590 38.1699 -1.3615
v  1.7845 38.1699 -1.1924
v  1.6254 54.5884 -1.3339
v  1.7483 54.5884 -1.1682
v  -0.1500 63.6528 -1.5228
v  -0.1553 63.7852 -1.5769
v  0.0000 63.7852 -1.5846
v  -0.3091 63.7852 -1.5541
v  1.5163 63.7852 0.4600
v  1.4640 63.7852 0.6064
v  1.5541 63.7852 0.3091
v  0.1553 63.7852 1.5769
v  0.0000 63.7852 1.5846
v  0.3091 63.7852 1.5541
v  -0.7470 63.7852 -1.3975
v  -0.6064 63.7852 -1.4640
v  -0.8803 63.7852 -1.3175
v  -1.3975 63.7852 0.7469
v  -1.4640 63.7852 0.6064
v  -1.3175 63.7852 0.8803
v  -0.4600 63.7852 1.5163
v  -0.6064 63.7852 1.4639
v  -0.3091 63.7852 1.5541
v  -1.5769 63.7852 0.1553
v  -1.5846 63.7852 -0.0000
v  -1.5541 63.7852 0.3091
v  1.5163 63.7852 -0.4600
v  1.5541 63.7852 -0.3091
v  1.4640 63.7852 -0.6064
v  1.2249 63.7852 1.0052
v  1.1205 63.7852 1.1205
v  1.3175 63.7852 0.8803
v  1.0052 63.7852 -1.2249
v  1.1205 63.7852 -1.1205
v  0.8803 63.7852 -1.3175
v  -1.5163 63.7852 -0.4600
v  -1.4640 63.7852 -0.6064
v  -1.5541 63.7852 -0.3091
v  0.4600 63.7852 1.5163
v  0.6064 63.7852 1.4639
v  0.1553 63.7852 -1.5769
v  0.3091 63.7852 -1.5541
v  0.4442 63.6528 -1.4643
v  0.4600 63.7852 -1.5163
v  0.6064 63.7852 -1.4640
v  1.3975 63.7852 -0.7470
v  1.3175 63.7852 -0.8804
v  0.7470 63.7852 -1.3975
v  -1.2249 63.7852 -1.0052
v  -1.1205 63.7852 -1.1205
v  -1.3175 63.7852 -0.8804
v  -1.5163 63.7852 0.4600
v  -0.1553 63.7852 1.5769
v  -0.7470 63.7852 1.3975
v  -0.8803 63.7852 1.3175
v  -0.4600 63.7852 -1.5163
v  -1.3975 63.7852 -0.7470
v  -1.0052 63.7852 -1.2249
v  -1.2249 63.7852 1.0052
v  -1.1205 63.7852 1.1205
v  1.0052 63.7852 1.2249
v  0.8803 63.7852 1.3175
v  0.7470 63.7852 1.3975
v  1.5769 63.7852 0.1553
v  1.5846 63.7852 -0.0000
v  1.5228 63.6528 -0.1500
v  1.5769 63.7852 -0.1553
v  -1.0052 63.7852 1.2249
v  -1.5769 63.7852 -0.1553
v  1.1829 63.6528 -0.9708
v  1.2249 63.7852 -1.0052
v  1.3975 63.7852 0.7469
v  1.3543 63.5665 -0.1334
v  1.4106 63.5923 -0.1389
v  1.6590 38.1699 1.3615
v  1.6254 54.5884 1.3339
v  1.0519 63.5665 -0.8633
v  1.0957 63.5923 -0.8992
v  0.6230 38.1699 -2.0538
v  0.8213 38.1699 -1.9828
v  0.4187 38.1699 -2.1050
v  0.4102 54.5884 -2.0623
v  0.6104 54.5884 -2.0121
v  0.8047 54.5884 -1.9426
v  -1.3615 38.1699 -1.6590
v  -1.5176 38.1699 -1.5176
v  -1.4868 54.5884 -1.4868
v  -1.3339 54.5884 -1.6254
v  2.0538 38.1699 0.6230
v  2.0121 54.5884 0.6104
v  0.3950 63.5665 -1.3022
v  0.4115 63.5923 -1.3564
v  2.4822 64.5229 0.2445
v  2.4463 64.5229 0.4866
v  2.4764 64.3968 0.4926
v  2.5127 64.3968 0.2475
v  1.0117 38.1699 -1.8928
v  0.9912 54.5884 -1.8544
v  -1.9280 64.5229 -1.5823
v  -1.9517 64.3968 -1.6018
v  1.9280 64.5229 -1.5823
v  2.0739 64.5229 -1.3857
v  2.0994 64.3968 -1.4028
v  1.9518 64.3968 -1.6018
v  -0.2104 38.1699 -2.1358
v  0.0000 38.1699 -2.1462
v  -0.2061 54.5884 -2.0925
v  0.0000 54.5884 -2.1027
v  2.1997 64.5229 -1.1758
v  2.3043 64.5229 -0.9545
v  2.3327 64.3968 -0.9662
v  2.2267 64.3968 -1.1902
v  -1.1758 64.5229 -2.1997
v  -1.1902 64.3968 -2.2267
v  1.5823 64.5229 1.9280
v  1.6018 64.3968 1.9517
v  -1.0117 38.1699 1.8928
v  -0.9912 54.5884 1.8544
v  0.2104 38.1699 -2.1358
v  0.2061 54.5884 -2.0925
v  0.7240 64.5229 2.3868
v  0.7329 64.3968 2.4161
v  -2.0538 38.1699 -0.6230
v  -2.0121 54.5884 -0.6104
v  1.8928 38.1699 -1.0117
v  1.8544 54.5884 -0.9912
v  0.7240 64.5229 -2.3868
v  0.7329 64.3968 -2.4162
v  -2.4822 64.5229 0.2445
v  -2.4942 64.5229 -0.0000
v  -2.5249 64.3968 -0.0000
v  -2.5127 64.3968 0.2475
v  -0.2445 64.5229 -2.4822
v  -0.2475 64.3968 -2.5127
v  2.3868 64.5229 -0.7240
v  2.4162 64.3968 -0.7329
v  -1.9280 64.5229 1.5823
v  -1.7637 64.5229 1.7637
v  -1.9518 64.3968 1.6017
v  -1.7854 64.3968 1.7853
v  -1.6590 38.1699 -1.3615
v  -1.6254 54.5884 -1.3339
v  2.1997 64.5229 1.1757
v  2.3043 64.5229 0.9545
v  2.2267 64.3968 1.1902
v  2.3327 64.3968 0.9662
v  -2.4822 64.5229 -0.2445
v  -2.5127 64.3968 -0.2475
v  0.6230 38.1699 2.0538
v  0.6104 54.5884 2.0121
v  -1.5823 64.5229 1.9280
v  -1.3857 64.5229 2.0738
v  -1.6018 64.3968 1.9517
v  -1.4027 64.3968 2.0993
v  -1.1758 64.5229 2.1997
v  -1.1902 64.3968 2.2267
v  1.7665 63.9436 0.9442
v  1.6654 63.9436 1.1128
v  1.8505 63.9436 0.7665
v  2.0982 63.9456 0.8691
v  2.0029 63.9456 1.0705
v  1.8883 63.9456 1.2617
v  2.1458 64.0116 1.1469
v  2.0230 64.0116 1.3517
v  2.2479 64.0116 0.9311
v  2.3138 64.1261 0.9584
v  2.2088 64.1261 1.1806
v  2.0824 64.1261 1.3914
v  2.2301 64.2619 1.1920
v  2.1025 64.2619 1.4048
v  2.3362 64.2619 0.9677
v  1.9933 63.9436 -0.1963
v  2.0030 63.9436 -0.0000
v  1.9645 63.9436 -0.3908
v  2.2274 63.9456 -0.4431
v  2.2601 63.9456 -0.2226
v  2.2710 63.9456 -0.0000
v  2.4214 64.0116 -0.2385
v  2.4331 64.0116 -0.0000
v  2.3863 64.0116 -0.4747
v  2.4564 64.1261 -0.4886
v  2.4924 64.1261 -0.2455
v  2.5045 64.1261 -0.0000
v  2.5165 64.2619 -0.2479
v  2.5287 64.2619 -0.0000
v  2.4801 64.2619 -0.4933
v  -1.2707 63.9436 1.5483
v  -1.4163 63.9436 1.4163
v  -1.1128 63.9436 1.6654
v  -1.2617 63.9456 1.8883
v  -1.4407 63.9456 1.7555
v  -1.6059 63.9456 1.6059
v  -1.5435 64.0116 1.8808
v  -1.7205 64.0116 1.7204
v  -1.3517 64.0116 2.0230
v  -1.3914 64.1261 2.0824
v  -1.5888 64.1261 1.9360
v  -1.7709 64.1261 1.7709
v  -1.6042 64.2619 1.9547
v  -1.7880 64.2619 1.7880
v  -1.4049 64.2619 2.1025
v  -0.1963 63.9436 1.9933
v  -0.3908 63.9436 1.9645
v  0.0000 63.9436 2.0030
v  0.0000 63.9456 2.2710
v  -0.2226 63.9456 2.2601
v  -0.4431 63.9456 2.2274
v  -0.2385 64.0116 2.4214
v  -0.4747 64.0116 2.3863
v  0.0000 64.0116 2.4331
v  0.0000 64.1261 2.5045
v  -0.2455 64.1261 2.4924
v  -0.4886 64.1261 2.4564
v  -0.2479 64.2619 2.5165
v  -0.4933 64.2619 2.4801
v  0.0000 64.2619 2.5287
v  -1.2707 63.9436 -1.5483
v  -1.1128 63.9436 -1.6654
v  -1.4163 63.9436 -1.4163
v  -1.6059 63.9456 -1.6059
v  -1.4407 63.9456 -1.7555
v  -1.2617 63.9456 -1.8883
v  -1.5435 64.0116 -1.8808
v  -1.3517 64.0116 -2.0230
v  -1.7205 64.0116 -1.7205
v  -1.7709 64.1261 -1.7709
v  -1.5888 64.1261 -1.9360
v  -1.3914 64.1261 -2.0824
v  -1.6042 64.2619 -1.9547
v  -1.4049 64.2619 -2.1025
v  -1.7880 64.2619 -1.7881
v  -1.9167 63.9436 -0.5814
v  -1.8505 63.9436 -0.7665
v  -1.9645 63.9436 -0.3908
v  -2.2274 63.9456 -0.4431
v  -2.1732 63.9456 -0.6593
v  -2.0982 63.9456 -0.8691
v  -2.3283 64.0116 -0.7063
v  -2.2479 64.0116 -0.9311
v  -2.3863 64.0116 -0.4747
v  -2.4564 64.1261 -0.4886
v  -2.3966 64.1261 -0.7270
v  -2.3138 64.1261 -0.9584
v  -2.4198 64.2619 -0.7340
v  -2.3362 64.2619 -0.9677
v  -2.4801 64.2619 -0.4933
v  0.5814 63.9436 -1.9167
v  0.7665 63.9436 -1.8505
v  0.3908 63.9436 -1.9645
v  0.4431 63.9456 -2.2274
v  0.6592 63.9456 -2.1732
v  0.8691 63.9456 -2.0982
v  0.7063 64.0116 -2.3283
v  0.9311 64.0116 -2.2479
v  0.4747 64.0116 -2.3863
v  0.4886 64.1261 -2.4564
v  0.7270 64.1261 -2.3966
v  0.9584 64.1261 -2.3139
v  0.7340 64.2619 -2.4198
v  0.9677 64.2619 -2.3362
v  0.4933 64.2619 -2.4801
v  -0.1963 63.9436 -1.9934
v  0.0000 63.9436 -2.0030
v  -0.3908 63.9436 -1.9645
v  -0.4431 63.9456 -2.2274
v  -0.2226 63.9456 -2.2601
v  0.0000 63.9456 -2.2710
v  -0.2385 64.0116 -2.4214
v  0.0000 64.0116 -2.4331
v  -0.4747 64.0116 -2.3863
v  -0.4886 64.1261 -2.4564
v  -0.2455 64.1261 -2.4924
v  0.0000 64.1261 -2.5045
v  -0.2479 64.2619 -2.5165
v  0.0000 64.2619 -2.5287
v  -0.4933 64.2619 -2.4801
v  -1.5483 63.9436 -1.2707
v  -1.6654 63.9436 -1.1128
v  -1.8883 63.9456 -1.2617
v  -1.7555 63.9456 -1.4407
v  -1.8808 64.0116 -1.5435
v  -2.0230 64.0116 -1.3518
v  -2.0824 64.1261 -1.3914
v  -1.9360 64.1261 -1.5888
v  -1.9547 64.2619 -1.6042
v  -2.1025 64.2619 -1.4049
v  -1.9933 63.9436 -0.1963
v  -2.0030 63.9436 -0.0000
v  -2.2710 63.9456 -0.0000
v  -2.2601 63.9456 -0.2226
v  -2.4214 64.0116 -0.2385
v  -2.4331 64.0116 -0.0000
v  -2.5045 64.1261 -0.0000
v  -2.4924 64.1261 -0.2455
v  -2.5165 64.2619 -0.2479
v  -2.5287 64.2619 -0.0000
v  -1.9167 63.9436 0.5814
v  -1.9645 63.9436 0.3908
v  -1.8505 63.9436 0.7665
v  -2.0982 63.9456 0.8691
v  -2.1732 63.9456 0.6592
v  -2.2274 63.9456 0.4430
v  -2.3283 64.0116 0.7063
v  -2.3863 64.0116 0.4747
v  -2.2479 64.0116 0.9311
v  -2.3138 64.1261 0.9584
v  -2.3966 64.1261 0.7270
v  -2.4564 64.1261 0.4886
v  -2.4198 64.2619 0.7340
v  -2.4801 64.2619 0.4933
v  -2.3362 64.2619 0.9677
v  -0.9442 63.9436 1.7665
v  -0.7665 63.9436 1.8505
v  -0.8691 63.9456 2.0982
v  -1.0706 63.9456 2.0029
v  -1.1469 64.0116 2.1458
v  -0.9311 64.0116 2.2479
v  -0.9584 64.1261 2.3138
v  -1.1806 64.1261 2.2087
v  -1.1920 64.2619 2.2301
v  -0.9677 64.2619 2.3362
v  0.1963 63.9436 1.9933
v  0.3908 63.9436 1.9645
v  0.4431 63.9456 2.2274
v  0.2226 63.9456 2.2601
v  0.2385 64.0116 2.4214
v  0.4747 64.0116 2.3863
v  0.4886 64.1261 2.4564
v  0.2455 64.1261 2.4924
v  0.2479 64.2619 2.5165
v  0.4933 64.2619 2.4801
v  0.9442 63.9436 1.7665
v  0.7665 63.9436 1.8505
v  1.1128 63.9436 1.6654
v  1.2617 63.9456 1.8883
v  1.0706 63.9456 2.0029
v  0.8691 63.9456 2.0982
v  1.1469 64.0116 2.1458
v  0.9311 64.0116 2.2479
v  1.3518 64.0116 2.0230
v  1.3914 64.1261 2.0824
v  1.1806 64.1261 2.2087
v  0.9584 64.1261 2.3138
v  1.1920 64.2619 2.2301
v  0.9677 64.2619 2.3362
v  1.4049 64.2619 2.1025
v  1.9167 63.9436 0.5814
v  1.9645 63.9436 0.3908
v  2.2274 63.9456 0.4430
v  2.1732 63.9456 0.6592
v  2.3283 64.0116 0.7063
v  2.3863 64.0116 0.4747
v  2.4564 64.1261 0.4886
v  2.3966 64.1261 0.7270
v  2.4198 64.2619 0.7340
v  2.4801 64.2619 0.4933
v  2.4162 64.3968 0.7329
v  1.9167 63.9436 -0.5814
v  1.8505 63.9436 -0.7665
v  2.0982 63.9456 -0.8691
v  2.1732 63.9456 -0.6593
v  2.3283 64.0116 -0.7063
v  2.2479 64.0116 -0.9311
v  2.3138 64.1261 -0.9584
v  2.3966 64.1261 -0.7270
v  2.4198 64.2619 -0.7340
v  2.3362 64.2619 -0.9677
v  1.5483 63.9436 -1.2707
v  1.6654 63.9436 -1.1128
v  1.4163 63.9436 -1.4163
v  1.6059 63.9456 -1.6059
v  1.7555 63.9456 -1.4407
v  1.8883 63.9456 -1.2617
v  1.8808 64.0116 -1.5435
v  2.0230 64.0116 -1.3518
v  1.7205 64.0116 -1.7205
v  1.7709 64.1261 -1.7709
v  1.9360 64.1261 -1.5888
v  2.0824 64.1261 -1.3914
v  1.9547 64.2619 -1.6042
v  2.1025 64.2619 -1.4049
v  1.7880 64.2619 -1.7880
v  -0.5814 63.9436 -1.9167
v  -0.7665 63.9436 -1.8505
v  -0.8691 63.9456 -2.0982
v  -0.6592 63.9456 -2.1732
v  -0.7063 64.0116 -2.3283
v  -0.9311 64.0116 -2.2479
v  -0.9584 64.1261 -2.3139
v  -0.7270 64.1261 -2.3966
v  -0.7340 64.2619 -2.4198
v  -0.9677 64.2619 -2.3362
v  -1.7665 63.9436 0.9442
v  -1.6654 63.9436 1.1128
v  -1.8883 63.9456 1.2617
v  -2.0029 63.9456 1.0705
v  -2.1458 64.0116 1.1469
v  -2.0230 64.0116 1.3517
v  -2.0824 64.1261 1.3914
v  -2.2087 64.1261 1.1806
v  -2.2301 64.2619 1.1920
v  -2.1025 64.2619 1.4048
v  1.2707 63.9436 1.5483
v  1.4163 63.9436 1.4163
v  1.6059 63.9456 1.6059
v  1.4407 63.9456 1.7555
v  1.5435 64.0116 1.8808
v  1.7205 64.0116 1.7204
v  1.7709 64.1261 1.7709
v  1.5888 64.1261 1.9360
v  1.6042 64.2619 1.9547
v  1.7880 64.2619 1.7880
v  1.2707 63.9436 -1.5483
v  1.1128 63.9436 -1.6654
v  1.2617 63.9456 -1.8883
v  1.4407 63.9456 -1.7555
v  1.5435 64.0116 -1.8808
v  1.3518 64.0116 -2.0230
v  1.3914 64.1261 -2.0824
v  1.5888 64.1261 -1.9360
v  1.6042 64.2619 -1.9547
v  1.4049 64.2619 -2.1025
v  0.1963 63.9436 -1.9934
v  0.2226 63.9456 -2.2601
v  0.2385 64.0116 -2.4214
v  0.2455 64.1261 -2.4924
v  0.2479 64.2619 -2.5165
v  -0.9442 63.9436 -1.7665
v  -1.0706 63.9456 -2.0029
v  -1.1469 64.0116 -2.1458
v  -1.1806 64.1261 -2.2088
v  -1.1920 64.2619 -2.2301
v  -1.7665 63.9436 -0.9442
v  -2.0029 63.9456 -1.0706
v  -2.1458 64.0116 -1.1470
v  -2.2087 64.1261 -1.1806
v  -2.2301 64.2619 -1.1920
v  -1.9933 63.9436 0.1963
v  -2.2601 63.9456 0.2226
v  -2.4214 64.0116 0.2385
v  -2.4924 64.1261 0.2455
v  -2.5165 64.2619 0.2478
v  -1.5483 63.9436 1.2707
v  -1.7555 63.9456 1.4407
v  -1.8808 64.0116 1.5435
v  -1.9360 64.1261 1.5888
v  -1.9547 64.2619 1.6042
v  -0.5814 63.9436 1.9167
v  -0.6592 63.9456 2.1732
v  -0.7063 64.0116 2.3283
v  -0.7270 64.1261 2.3966
v  -0.7340 64.2619 2.4198
v  0.5814 63.9436 1.9167
v  0.6592 63.9456 2.1732
v  0.7063 64.0116 2.3283
v  0.7270 64.1261 2.3966
v  0.7340 64.2619 2.4198
v  1.5483 63.9436 1.2707
v  1.7555 63.9456 1.4407
v  1.8808 64.0116 1.5435
v  1.9360 64.1261 1.5888
v  1.9547 64.2619 1.6042
v  1.9933 63.9436 0.1963
v  2.2601 63.9456 0.2226
v  2.4214 64.0116 0.2385
v  2.4924 64.1261 0.2455
v  2.5165 64.2619 0.2478
v  1.7665 63.9436 -0.9442
v  2.0029 63.9456 -1.0706
v  2.1458 64.0116 -1.1470
v  2.2088 64.1261 -1.1806
v  2.2301 64.2619 -1.1920
v  0.9442 63.9436 -1.7665
v  1.0706 63.9456 -2.0029
v  1.1469 64.0116 -2.1458
v  1.1806 64.1261 -2.2088
v  1.1920 64.2619 -2.2301
v  2.3868 64.5229 0.7240
v  1.2910 63.5194 0.6900
v  1.3524 63.5195 0.5602
v  1.2172 63.5195 0.8133
v  1.3751 63.4313 0.9188
v  1.4585 63.4313 0.7796
v  1.5279 63.4313 0.6329
v  1.6150 63.2947 0.8632
v  1.6919 63.2947 0.7008
v  1.5227 63.2947 1.0174
v  1.6361 63.1169 1.0932
v  1.7354 63.1169 0.9276
v  1.8179 63.1169 0.7530
v  1.8130 61.8973 0.9690
v  1.8992 61.8973 0.7867
v  1.7093 61.8973 1.1421
v  1.4568 63.5194 -0.1435
v  1.4357 63.5195 -0.2856
v  1.4639 63.5195 -0.0000
v  1.6538 63.4313 -0.0000
v  1.6458 63.4313 -0.1621
v  1.6220 63.4313 -0.3226
v  1.8225 63.2947 -0.1795
v  1.7961 63.2947 -0.3573
v  1.8313 63.2947 -0.0000
v  1.9677 63.1169 -0.0000
v  1.9582 63.1169 -0.1929
v  1.9299 63.1169 -0.3839
v  2.0458 61.8973 -0.2015
v  2.0162 61.8973 -0.4011
v  2.0557 61.8973 -0.0000
v  -0.9287 63.5194 1.1316
v  -0.8133 63.5195 1.2171
v  -1.0351 63.5195 1.0351
v  -1.1694 63.4313 1.1694
v  -1.0491 63.4313 1.2784
v  -0.9188 63.4313 1.3751
v  -1.1617 63.2947 1.4156
v  -1.0174 63.2947 1.5226
v  -1.2949 63.2947 1.2949
v  -1.3914 63.1169 1.3914
v  -1.2483 63.1169 1.5210
v  -1.0932 63.1169 1.6361
v  -1.3041 61.8973 1.5891
v  -1.1421 61.8973 1.7093
v  -1.4536 61.8973 1.4536
v  -0.1435 63.5194 1.4568
v  0.0000 63.5195 1.4639
v  -0.2856 63.5195 1.4357
v  -0.3226 63.4313 1.6220
v  -0.1621 63.4313 1.6458
v  0.0000 63.4313 1.6538
v  -0.1795 63.2947 1.8224
v  0.0000 63.2947 1.8313
v  -0.3573 63.2947 1.7961
v  -0.3839 63.1169 1.9299
v  -0.1929 63.1169 1.9582
v  0.0000 63.1169 1.9677
v  -0.2015 61.8973 2.0458
v  0.0000 61.8973 2.0557
v  -0.4011 61.8973 2.0162
v  -0.9287 63.5194 -1.1316
v  -1.0351 63.5195 -1.0351
v  -0.8133 63.5195 -1.2172
v  -0.9188 63.4313 -1.3751
v  -1.0491 63.4313 -1.2784
v  -1.1694 63.4313 -1.1694
v  -1.1617 63.2947 -1.4156
v  -1.2949 63.2947 -1.2949
v  -1.0174 63.2947 -1.5227
v  -1.0932 63.1169 -1.6361
v  -1.2483 63.1169 -1.5211
v  -1.3914 63.1169 -1.3914
v  -1.3041 61.8973 -1.5891
v  -1.4536 61.8973 -1.4536
v  -1.1421 61.8973 -1.7093
v  -1.4008 63.5194 -0.4249
v  -1.4357 63.5195 -0.2856
v  -1.3524 63.5195 -0.5602
v  -1.5279 63.4313 -0.6329
v  -1.5826 63.4313 -0.4801
v  -1.6220 63.4313 -0.3226
v  -1.7524 63.2947 -0.5316
v  -1.7961 63.2947 -0.3573
v  -1.6919 63.2947 -0.7008
v  -1.8179 63.1169 -0.7530
v  -1.8830 63.1169 -0.5712
v  -1.9299 63.1169 -0.3839
v  -1.9672 61.8973 -0.5968
v  -2.0162 61.8973 -0.4011
v  -1.8992 61.8973 -0.7867
v  0.4249 63.5194 -1.4008
v  0.2856 63.5195 -1.4357
v  0.5602 63.5195 -1.3524
v  0.6329 63.4313 -1.5279
v  0.4801 63.4313 -1.5826
v  0.3226 63.4313 -1.6220
v  0.5316 63.2947 -1.7524
v  0.3573 63.2947 -1.7961
v  0.7008 63.2947 -1.6919
v  0.7530 63.1169 -1.8179
v  0.5712 63.1169 -1.8830
v  0.3839 63.1169 -1.9299
v  0.5967 61.8973 -1.9672
v  0.4011 61.8973 -2.0162
v  0.7867 61.8973 -1.8992
v  -0.1334 63.5665 -1.3543
v  -0.1435 63.5194 -1.4568
v  -0.2856 63.5195 -1.4357
v  0.0000 63.5195 -1.4639
v  0.0000 63.4313 -1.6538
v  -0.1621 63.4313 -1.6458
v  -0.3226 63.4313 -1.6220
v  -0.1795 63.2947 -1.8225
v  -0.3573 63.2947 -1.7961
v  0.0000 63.2947 -1.8313
v  0.0000 63.1169 -1.9677
v  -0.1929 63.1169 -1.9582
v  -0.3839 63.1169 -1.9299
v  -0.2015 61.8973 -2.0458
v  -0.4011 61.8973 -2.0162
v  0.0000 61.8973 -2.0557
v  -1.1316 63.5194 -0.9287
v  -1.2172 63.5195 -0.8133
v  -1.2784 63.4313 -1.0492
v  -1.3751 63.4313 -0.9188
v  -1.4156 63.2947 -1.1618
v  -1.5227 63.2947 -1.0174
v  -1.5211 63.1169 -1.2483
v  -1.6361 63.1169 -1.0932
v  -1.5891 61.8973 -1.3041
v  -1.7093 61.8973 -1.1421
v  -1.4568 63.5194 -0.1435
v  -1.4639 63.5195 -0.0000
v  -1.6458 63.4313 -0.1621
v  -1.6538 63.4313 -0.0000
v  -1.8225 63.2947 -0.1795
v  -1.8313 63.2947 -0.0000
v  -1.9582 63.1169 -0.1929
v  -1.9677 63.1169 -0.0000
v  -2.0458 61.8973 -0.2015
v  -2.0557 61.8973 -0.0000
v  -1.4008 63.5194 0.4249
v  -1.3524 63.5195 0.5602
v  -1.4357 63.5195 0.2856
v  -1.6220 63.4313 0.3226
v  -1.5826 63.4313 0.4801
v  -1.5279 63.4313 0.6329
v  -1.7524 63.2947 0.5316
v  -1.6919 63.2947 0.7008
v  -1.7961 63.2947 0.3573
v  -1.9299 63.1169 0.3839
v  -1.8830 63.1169 0.5712
v  -1.8179 63.1169 0.7530
v  -1.9672 61.8973 0.5967
v  -1.8992 61.8973 0.7867
v  -2.0162 61.8973 0.4010
v  -0.6901 63.5194 1.2910
v  -0.5602 63.5195 1.3524
v  -0.7796 63.4313 1.4585
v  -0.6329 63.4313 1.5279
v  -0.8633 63.2947 1.6150
v  -0.7008 63.2947 1.6919
v  -0.9276 63.1169 1.7353
v  -0.7530 63.1169 1.8179
v  -0.9691 61.8973 1.8130
v  -0.7867 61.8973 1.8992
v  0.1435 63.5194 1.4568
v  0.2856 63.5195 1.4357
v  0.1621 63.4313 1.6458
v  0.3226 63.4313 1.6220
v  0.1795 63.2947 1.8224
v  0.3573 63.2947 1.7961
v  0.1929 63.1169 1.9582
v  0.3839 63.1169 1.9299
v  0.2015 61.8973 2.0458
v  0.4011 61.8973 2.0162
v  0.6901 63.5194 1.2910
v  0.8133 63.5195 1.2171
v  0.5602 63.5195 1.3524
v  0.6329 63.4313 1.5279
v  0.7796 63.4313 1.4585
v  0.9188 63.4313 1.3751
v  0.8633 63.2947 1.6150
v  1.0174 63.2947 1.5226
v  0.7008 63.2947 1.6919
v  0.7530 63.1169 1.8179
v  0.9276 63.1169 1.7353
v  1.0932 63.1169 1.6361
v  0.9691 61.8973 1.8130
v  1.1421 61.8973 1.7093
v  0.7867 61.8973 1.8992
v  1.4008 63.5194 0.4249
v  1.4357 63.5195 0.2856
v  1.5826 63.4313 0.4801
v  1.6220 63.4313 0.3226
v  1.7524 63.2947 0.5316
v  1.7961 63.2947 0.3573
v  1.8830 63.1169 0.5712
v  1.9299 63.1169 0.3839
v  1.9672 61.8973 0.5967
v  2.0162 61.8973 0.4010
v  1.4008 63.5194 -0.4249
v  1.3524 63.5195 -0.5602
v  1.5826 63.4313 -0.4801
v  1.5279 63.4313 -0.6329
v  1.7524 63.2947 -0.5316
v  1.6919 63.2947 -0.7008
v  1.8830 63.1169 -0.5712
v  1.8179 63.1169 -0.7530
v  1.9672 61.8973 -0.5968
v  1.8992 61.8973 -0.7867
v  1.1316 63.5194 -0.9287
v  1.0351 63.5195 -1.0351
v  1.2172 63.5195 -0.8133
v  1.3751 63.4313 -0.9188
v  1.2784 63.4313 -1.0492
v  1.1694 63.4313 -1.1694
v  1.4156 63.2947 -1.1618
v  1.2949 63.2947 -1.2949
v  1.5227 63.2947 -1.0174
v  1.6361 63.1169 -1.0932
v  1.5211 63.1169 -1.2483
v  1.3914 63.1169 -1.3914
v  1.5891 61.8973 -1.3041
v  1.4536 61.8973 -1.4536
v  1.7093 61.8973 -1.1421
v  -0.4249 63.5194 -1.4008
v  -0.5602 63.5195 -1.3524
v  -0.4801 63.4313 -1.5826
v  -0.6329 63.4313 -1.5279
v  -0.5316 63.2947 -1.7524
v  -0.7008 63.2947 -1.6919
v  -0.5712 63.1169 -1.8830
v  -0.7530 63.1169 -1.8179
v  -0.5967 61.8973 -1.9672
v  -0.7867 61.8973 -1.8993
v  -1.2910 63.5194 0.6900
v  -1.2172 63.5195 0.8133
v  -1.4585 63.4313 0.7796
v  -1.3751 63.4313 0.9188
v  -1.6150 63.2947 0.8632
v  -1.5227 63.2947 1.0174
v  -1.7354 63.1169 0.9276
v  -1.6361 63.1169 1.0932
v  -1.8130 61.8973 0.9690
v  -1.7093 61.8973 1.1421
v  0.9287 63.5194 1.1316
v  1.0351 63.5195 1.0351
v  1.0491 63.4313 1.2784
v  1.1694 63.4313 1.1694
v  1.1618 63.2947 1.4156
v  1.2949 63.2947 1.2949
v  1.2483 63.1169 1.5210
v  1.3914 63.1169 1.3914
v  1.3041 61.8973 1.5891
v  1.4536 61.8973 1.4536
v  0.9287 63.5194 -1.1316
v  0.8133 63.5195 -1.2172
v  1.0491 63.4313 -1.2784
v  0.9188 63.4313 -1.3751
v  1.1618 63.2947 -1.4156
v  1.0174 63.2947 -1.5227
v  1.2483 63.1169 -1.5211
v  1.0932 63.1169 -1.6361
v  1.3041 61.8973 -1.5891
v  1.1421 61.8973 -1.7093
v  0.1435 63.5194 -1.4568
v  0.1621 63.4313 -1.6458
v  0.1795 63.2947 -1.8225
v  0.1929 63.1169 -1.9582
v  0.2015 61.8973 -2.0458
v  -0.6901 63.5194 -1.2910
v  -0.7796 63.4313 -1.4585
v  -0.8633 63.2947 -1.6151
v  -0.9276 63.1169 -1.7354
v  -0.9691 61.8973 -1.8130
v  -1.2910 63.5194 -0.6901
v  -1.4585 63.4313 -0.7796
v  -1.6150 63.2947 -0.8633
v  -1.7354 63.1169 -0.9276
v  -1.8130 61.8973 -0.9691
v  -1.4568 63.5194 0.1435
v  -1.6458 63.4313 0.1621
v  -1.8225 63.2947 0.1795
v  -1.9582 63.1169 0.1929
v  -2.0458 61.8973 0.2015
v  -1.1316 63.5194 0.9287
v  -1.2784 63.4313 1.0491
v  -1.4156 63.2947 1.1617
v  -1.5211 63.1169 1.2483
v  -1.5891 61.8973 1.3041
v  -0.4249 63.5194 1.4008
v  -0.4801 63.4313 1.5826
v  -0.5316 63.2947 1.7524
v  -0.5712 63.1169 1.8830
v  -0.5967 61.8973 1.9672
v  0.4249 63.5194 1.4008
v  0.4801 63.4313 1.5826
v  0.5316 63.2947 1.7524
v  0.5712 63.1169 1.8830
v  0.5967 61.8973 1.9672
v  1.1316 63.5194 0.9287
v  1.2784 63.4313 1.0491
v  1.4156 63.2947 1.1617
v  1.5211 63.1169 1.2483
v  1.5891 61.8973 1.3041
v  1.4568 63.5194 0.1435
v  1.6458 63.4313 0.1621
v  1.8225 63.2947 0.1795
v  1.9582 63.1169 0.1929
v  2.0458 61.8973 0.2015
v  1.2910 63.5194 -0.6901
v  1.4585 63.4313 -0.7796
v  1.6150 63.2947 -0.8633
v  1.7354 63.1169 -0.9276
v  1.8130 61.8973 -0.9691
v  0.6901 63.5194 -1.2910
v  0.7796 63.4313 -1.4585
v  0.8633 63.2947 -1.6151
v  0.9276 63.1169 -1.7354
v  0.9691 61.8973 -1.8130
v  -0.1389 63.5923 -1.4106
v  0.5176 65.5664 -0.9684
v  0.6101 65.5664 -0.9130
v  0.4202 65.5664 -1.0145
v  0.4138 65.6648 -0.9990
v  0.5097 65.6648 -0.9536
v  0.6007 65.6648 -0.8990
v  -0.1076 65.5664 -1.0928
v  0.0000 65.5664 -1.0981
v  -0.2142 65.5664 -1.0770
v  -0.2109 65.6648 -1.0605
v  -0.1060 65.6648 -1.0761
v  0.0000 65.6648 -1.0813
v  1.0508 65.5664 0.3187
v  1.0145 65.5664 0.4202
v  1.0770 65.5664 0.2142
v  1.0605 65.6648 0.2109
v  1.0347 65.6648 0.3139
v  0.9990 65.6648 0.4138
v  0.6966 65.5664 0.8488
v  0.6101 65.5664 0.9130
v  0.7765 65.5664 0.7764
v  0.7646 65.6648 0.7646
v  0.6859 65.6648 0.8358
v  0.6007 65.6648 0.8990
v  0.3187 65.5664 1.0508
v  0.2142 65.5664 1.0770
v  0.4202 65.5664 1.0145
v  0.4138 65.6648 0.9989
v  0.3139 65.6648 1.0347
v  0.2109 65.6648 1.0605
v  0.1076 65.5664 1.0928
v  0.0000 65.5664 1.0980
v  0.1060 65.6648 1.0760
v  0.0000 65.6648 1.0812
v  -0.9684 65.5664 -0.5176
v  -0.9130 65.5664 -0.6101
v  -1.0145 65.5664 -0.4202
v  -0.9989 65.6648 -0.4138
v  -0.9536 65.6648 -0.5097
v  -0.8990 65.6648 -0.6007
v  -1.0508 65.5664 0.3187
v  -1.0770 65.5664 0.2142
v  -1.0145 65.5664 0.4202
v  -0.9989 65.6648 0.4138
v  -1.0347 65.6648 0.3139
v  -1.0605 65.6648 0.2109
v  0.8488 65.5664 0.6966
v  0.9130 65.5664 0.6100
v  0.8990 65.6648 0.6007
v  0.8358 65.6648 0.6859
v  -0.3188 65.5664 -1.0508
v  -0.3139 65.6648 -1.0347
v  0.9684 65.5664 0.5176
v  0.9536 65.6648 0.5097
v  -0.6966 65.5664 0.8488
v  -0.7764 65.5664 0.7764
v  -0.6100 65.5664 0.9130
v  -0.6007 65.6648 0.8990
v  -0.6859 65.6648 0.8358
v  -0.7646 65.6648 0.7646
v  -1.0928 65.5664 0.1076
v  -1.0981 65.5664 -0.0000
v  -1.0760 65.6648 0.1060
v  -1.0813 65.6648 -0.0000
v  1.0508 65.5664 -0.3188
v  1.0770 65.5664 -0.2142
v  1.0145 65.5664 -0.4202
v  0.9990 65.6648 -0.4138
v  1.0347 65.6648 -0.3139
v  1.0605 65.6648 -0.2110
v  -0.6966 65.5664 -0.8488
v  -0.7764 65.5664 -0.7765
v  0.6966 65.5664 -0.8488
v  0.7765 65.5664 -0.7765
v  0.6859 65.6648 -0.8358
v  0.7646 65.6648 -0.7646
v  0.3187 65.5664 -1.0508
v  0.2142 65.5664 -1.0770
v  0.2109 65.6648 -1.0605
v  0.3139 65.6648 -1.0347
v  -0.8488 65.5664 -0.6966
v  -0.8358 65.6648 -0.6859
v  1.0928 65.5664 0.1076
v  1.0981 65.5664 -0.0000
v  1.0813 65.6648 -0.0000
v  1.0760 65.6648 0.1060
v  0.5176 65.5664 0.9684
v  0.5097 65.6648 0.9536
v  -0.8488 65.5664 0.6966
v  -0.9130 65.5664 0.6100
v  -0.8358 65.6648 0.6859
v  -0.8990 65.6648 0.6007
v  -0.9684 65.5664 0.5176
v  -0.9536 65.6648 0.5097
v  0.1076 65.5664 -1.0928
v  0.1060 65.6648 -1.0761
v  0.9684 65.5664 -0.5176
v  0.9130 65.5664 -0.6101
v  0.8990 65.6648 -0.6007
v  0.9536 65.6648 -0.5097
v  -0.5176 65.5664 0.9684
v  -0.4202 65.5664 1.0145
v  -0.4138 65.6648 0.9989
v  -0.5097 65.6648 0.9536
v  0.8488 65.5664 -0.6966
v  0.8358 65.6648 -0.6859
v  -0.3187 65.5664 1.0508
v  -0.2142 65.5664 1.0770
v  -0.2109 65.6648 1.0605
v  -0.3139 65.6648 1.0347
v  1.0928 65.5664 -0.1076
v  1.0760 65.6648 -0.1060
v  -1.0928 65.5664 -0.1076
v  -1.0770 65.5664 -0.2142
v  -1.0760 65.6648 -0.1060
v  -1.0605 65.6648 -0.2110
v  -0.1076 65.5664 1.0928
v  -0.1060 65.6648 1.0760
v  -1.0508 65.5664 -0.3188
v  -1.0347 65.6648 -0.3139
v  0.0000 65.7118 -0.8999
v  -0.0782 65.7118 -0.7940
v  0.0000 65.7118 -0.0000
v  0.0782 65.7118 -0.7940
v  -0.1756 65.7118 -0.8826
v  -0.2316 65.7118 -0.7635
v  -0.3444 65.7118 -0.8314
v  -0.3761 65.7118 -0.7036
v  -0.6167 65.7118 -0.5062
v  -0.7482 65.7118 -0.5000
v  -0.7036 65.7118 -0.3761
v  -0.8314 65.7118 -0.3444
v  -0.7635 65.7118 -0.2316
v  -0.8826 65.7118 -0.1756
v  -0.7940 65.7118 -0.0782
v  -0.8999 65.7118 -0.0000
v  -0.7940 65.7118 0.0782
v  -0.8826 65.7118 0.1755
v  -0.7635 65.7118 0.2316
v  -0.8314 65.7118 0.3444
v  -0.7036 65.7118 0.3761
v  -0.7482 65.7118 0.4999
v  -0.6167 65.7118 0.5061
v  -0.6363 65.7118 0.6363
v  -0.5061 65.7118 0.6167
v  -0.4999 65.7118 0.7482
v  -0.3761 65.7118 0.7036
v  -0.3444 65.7118 0.8314
v  -0.2316 65.7118 0.7635
v  -0.1756 65.7118 0.8826
v  -0.0782 65.7118 0.7940
v  0.0000 65.7118 0.8999
v  0.0782 65.7118 0.7940
v  0.1756 65.7118 0.8826
v  0.2316 65.7118 0.7635
v  0.3444 65.7118 0.8314
v  0.3761 65.7118 0.7036
v  0.5000 65.7118 0.7482
v  0.5062 65.7118 0.6167
v  0.6363 65.7118 0.6363
v  0.6167 65.7118 0.5061
v  0.7482 65.7118 0.4999
v  0.7036 65.7118 0.3761
v  0.8314 65.7118 0.3444
v  0.7635 65.7118 0.2316
v  0.8826 65.7118 0.1755
v  0.7940 65.7118 0.0782
v  0.8999 65.7118 -0.0000
v  0.7940 65.7118 -0.0782
v  0.8826 65.7118 -0.1756
v  0.7635 65.7118 -0.2316
v  0.8314 65.7118 -0.3444
v  0.7036 65.7118 -0.3761
v  0.7482 65.7118 -0.5000
v  0.6167 65.7118 -0.5062
v  0.6363 65.7118 -0.6363
v  0.5061 65.7118 -0.6167
v  0.5000 65.7118 -0.7482
v  0.3761 65.7118 -0.7036
v  0.3444 65.7118 -0.8314
v  0.2316 65.7118 -0.7635
v  0.1756 65.7118 -0.8826
v  0.6626 65.7059 0.8073
v  0.5848 65.7059 0.8752
v  0.7443 65.7059 0.7443
v  -0.4923 65.7059 -0.9211
v  -0.4028 65.7059 -0.9725
v  1.0394 65.7059 0.1024
v  1.0324 65.7059 0.2054
v  1.0527 65.7059 -0.0000
v  0.1024 65.7059 1.0393
v  0.0000 65.7059 1.0526
v  0.2054 65.7059 1.0324
v  -0.9994 65.7059 0.3032
v  -1.0324 65.7059 0.2054
v  -0.9725 65.7059 0.4028
v  0.8073 65.7059 0.6625
v  0.8753 65.7059 0.5848
v  -0.3032 65.7059 0.9994
v  -0.4028 65.7059 0.9725
v  -0.2054 65.7059 1.0324
v  0.1024 65.7059 -1.0394
v  0.2054 65.7059 -1.0324
v  0.0000 65.7059 -1.0527
v  -0.3032 65.7059 -0.9994
v  -0.2054 65.7059 -1.0324
v  0.9994 65.7059 0.3032
v  0.9725 65.7059 0.4028
v  1.0394 65.7059 -0.1024
v  1.0324 65.7059 -0.2054
v  -0.6626 65.7059 0.8073
v  -0.7443 65.7059 0.7443
v  -0.5848 65.7059 0.8752
v  0.3032 65.7059 0.9994
v  0.4028 65.7059 0.9725
v  -0.4923 65.7059 0.9211
v  0.4923 65.7059 0.9211
v  -0.9994 65.7059 -0.3032
v  -0.9725 65.7059 -0.4028
v  -1.0324 65.7059 -0.2054
v  -0.9211 65.7059 0.4923
v  -0.8753 65.7059 0.5848
v  -1.0394 65.7059 -0.1024
v  -1.0527 65.7059 -0.0000
v  0.3032 65.7059 -0.9994
v  0.4028 65.7059 -0.9725
v  -0.8073 65.7059 -0.6626
v  -0.8753 65.7059 -0.5848
v  0.9211 65.7059 -0.4923
v  0.9725 65.7059 -0.4028
v  0.8753 65.7059 -0.5848
v  0.9211 65.7059 0.4923
v  0.9994 65.7059 -0.3032
v  -0.8073 65.7059 0.6625
v  0.4923 65.7059 -0.9211
v  0.5848 65.7059 -0.8753
v  -0.1024 65.7059 1.0393
v  0.8073 65.7059 -0.6626
v  0.7443 65.7059 -0.7443
v  0.6626 65.7059 -0.8073
v  -1.0394 65.7059 0.1024
v  -0.9211 65.7059 -0.4923
v  -0.1024 65.7059 -1.0394
v  -7.4592 -24.8783 -2.2627
v  -7.2016 -24.8784 -2.9830
v  -7.6451 -24.8784 -1.5207
v  6.0255 -24.8783 -4.9450
v  6.4812 -24.8784 -4.3306
v  5.5118 -24.8784 -5.5118
v  5.4326 -24.5117 -5.4326
v  5.9389 -24.5117 -4.8740
v  6.3881 -24.5117 -4.2684
v  6.8745 -24.8783 -3.6745
v  7.2016 -24.8784 -2.9830
v  6.7757 -24.5117 -3.6217
v  7.0981 -24.5117 -2.9401
v  -6.8745 -24.8783 3.6745
v  -7.2016 -24.8784 2.9830
v  -6.4812 -24.8784 4.3306
v  -1.5112 -25.2588 -7.5972
v  -2.2485 -25.2588 -7.4125
v  -2.2627 -24.8784 -7.4592
v  -1.5207 -24.8784 -7.6451
v  -2.9830 -24.8784 -7.2016
v  -2.9401 -24.5117 -7.0981
v  -2.2302 -24.5117 -7.3520
v  -1.4989 -24.5117 -7.5353
v  7.5972 -25.2588 -1.5112
v  7.4125 -25.2588 -2.2485
v  7.4592 -24.8783 -2.2627
v  7.6451 -24.8784 -1.5207
v  7.3521 -24.5117 -2.2302
v  7.5353 -24.5117 -1.4989
v  -2.9643 -25.2588 7.1564
v  -2.2485 -25.2588 7.4125
v  -2.2627 -24.8783 7.4592
v  -2.9830 -24.8784 7.2016
v  -1.5112 -25.2588 7.5972
v  -1.5207 -24.8784 7.6451
v  -6.4406 -25.2588 -4.3035
v  -6.8314 -25.2588 -3.6514
v  -6.8745 -24.8783 -3.6745
v  -6.4812 -24.8784 -4.3306
v  7.7461 -25.2588 0.0000
v  7.7087 -25.2588 -0.7592
v  7.7574 -24.8783 -0.7640
v  7.7949 -24.8784 0.0000
v  7.6459 -24.5117 -0.7530
v  7.6829 -24.5117 0.0000
v  7.5972 -25.2588 1.5112
v  7.7087 -25.2588 0.7592
v  7.7574 -24.8783 0.7640
v  7.6451 -24.8784 1.5207
v  7.6459 -24.5117 0.7531
v  7.5353 -24.5117 1.4989
v  -7.4125 -25.2588 2.2486
v  -7.4592 -24.8783 2.2627
v  -7.6451 -24.8784 1.5207
v  -0.7592 -25.2588 -7.7087
v  -0.7640 -24.8784 -7.7574
v  0.0000 -24.8784 -7.7949
v  -0.7531 -24.5117 -7.6459
v  7.1564 -25.2588 2.9643
v  7.4125 -25.2588 2.2486
v  7.4592 -24.8783 2.2627
v  7.2016 -24.8784 2.9830
v  7.3521 -24.5117 2.2302
v  7.0981 -24.5117 2.9401
v  -3.6514 -25.2588 6.8314
v  -3.6745 -24.8783 6.8745
v  -4.3306 -24.8784 6.4812
v  -5.9877 -25.2588 -4.9140
v  -6.0255 -24.8783 -4.9450
v  -5.5118 -24.8784 -5.5118
v  -5.9389 -24.5117 -4.8740
v  -5.4326 -24.5117 -5.4326
v  6.4406 -25.2588 4.3035
v  6.8314 -25.2588 3.6515
v  6.8745 -24.8783 3.6745
v  6.4812 -24.8784 4.3306
v  6.7757 -24.5117 3.6217
v  6.3881 -24.5117 4.2684
v  5.9878 -25.2588 4.9140
v  6.0255 -24.8783 4.9450
v  5.5118 -24.8784 5.5118
v  5.9389 -24.5117 4.8740
v  5.4326 -24.5117 5.4326
v  -7.7574 -24.8783 0.7640
v  -7.7949 -24.8784 0.0000
v  4.9450 -24.8783 6.0255
v  4.3306 -24.8784 6.4812
v  4.8740 -24.5117 5.9389
v  0.7640 -24.8784 -7.7574
v  1.5207 -24.8784 -7.6451
v  -4.9450 -24.8783 6.0255
v  -5.5118 -24.8784 5.5118
v  -4.9450 -24.8784 -6.0255
v  -4.3306 -24.8784 -6.4812
v  -4.8740 -24.5117 -5.9389
v  -4.2684 -24.5117 -6.3881
v  3.6745 -24.8783 6.8745
v  2.9830 -24.8784 7.2016
v  2.2627 -24.8783 7.4592
v  1.5207 -24.8784 7.6451
v  -7.7574 -24.8783 -0.7640
v  2.2627 -24.8784 -7.4592
v  2.9830 -24.8784 -7.2016
v  2.2302 -24.5117 -7.3520
v  2.9401 -24.5117 -7.0981
v  0.7640 -24.8783 7.7574
v  0.0000 -24.8784 7.7949
v  3.6745 -24.8784 -6.8745
v  4.3306 -24.8784 -6.4812
v  3.6217 -24.5117 -6.7757
v  4.2684 -24.5117 -6.3881
v  -6.0255 -24.8783 4.9450
v  -3.6745 -24.8784 -6.8745
v  -3.6217 -24.5117 -6.7757
v  4.9140 -25.2588 -5.9877
v  4.9450 -24.8784 -6.0255
v  4.8740 -24.5117 -5.9389
v  -0.7592 -25.2588 7.7087
v  -0.7640 -24.8783 7.7574
v  5.8140 -25.4427 4.7715
v  6.2538 -25.4427 4.1786
v  -5.7439 -24.3687 -4.7139
v  -5.2542 -24.3687 -5.2542
v  2.1570 -24.3687 -7.1106
v  2.8436 -24.3687 -6.8649
v  6.6332 -25.4427 3.5455
v  6.9488 -25.4427 2.8783
v  -4.7139 -24.3687 -5.7439
v  -4.1282 -24.3687 -6.1783
v  3.5027 -24.3687 -6.5531
v  4.1282 -24.3687 -6.1783
v  -5.8140 -25.4427 -4.7715
v  -6.2538 -25.4427 -4.1786
v  -3.5027 -24.3687 -6.5531
v  -2.8436 -24.3687 -6.8649
v  4.7139 -24.3687 -5.7439
v  5.2542 -24.3687 -5.2542
v  -3.5455 -25.4427 6.6332
v  -2.8783 -25.4427 6.9488
v  -2.1570 -24.3687 -7.1106
v  -1.4496 -24.3687 -7.2878
v  5.7439 -24.3687 -4.7139
v  6.1783 -24.3687 -4.1282
v  7.1974 -25.4427 2.1833
v  7.3768 -25.4427 1.4673
v  -0.7283 -24.3687 -7.3947
v  6.5531 -24.3687 -3.5027
v  6.8649 -24.3687 -2.8435
v  -0.7372 -25.4427 -7.4851
v  -1.4673 -25.4427 -7.3768
v  7.1106 -24.3687 -2.1570
v  7.2878 -24.3687 -1.4496
v  -7.1974 -25.4427 2.1833
v  7.3948 -24.3687 -0.7283
v  7.4306 -24.3687 0.0000
v  7.4851 -25.4427 0.7372
v  7.5213 -25.4427 0.0000
v  7.3948 -24.3687 0.7283
v  7.2878 -24.3687 1.4496
v  7.4851 -25.4427 -0.7372
v  7.3768 -25.4427 -1.4673
v  7.1106 -24.3687 2.1570
v  6.8649 -24.3687 2.8436
v  -6.6332 -25.4427 -3.5455
v  6.5531 -24.3687 3.5027
v  6.1783 -24.3687 4.1282
v  -2.1833 -25.4427 7.1974
v  -1.4673 -25.4427 7.3768
v  5.7439 -24.3687 4.7139
v  5.2542 -24.3687 5.2542
v  7.1974 -25.4427 -2.1833
v  -0.7372 -25.4427 7.4851
v  4.7139 -24.3687 5.7439
v  -2.1833 -25.4427 -7.1974
v  4.7715 -25.4427 -5.8140
v  10.4245 90.4921 2.3793
v  8.3598 90.4921 -6.6667
v  9.1262 90.4921 -7.2779
v  11.3801 90.4921 2.5974
v  4.6393 90.4921 9.6337
v  5.0646 90.4921 10.5168
v  -4.6393 90.4921 9.6337
v  -5.0646 90.4921 10.5168
v  -10.4245 90.4921 2.3793
v  -11.3801 90.4921 2.5974
v  9.8124 91.2830 -7.8252
v  0.0000 91.2830 -12.5506
v  0.0000 91.5924 -12.5506
v  9.8124 91.5924 -7.8252
v  -8.3598 90.4921 -6.6667
v  -9.1262 90.4921 -7.2779
v  0.0000 90.4921 -10.6926
v  0.0000 90.4921 -11.6728
v  5.4455 91.2830 11.3077
v  12.2359 91.2830 2.7927
v  12.2359 91.5924 2.7927
v  5.4455 91.5924 11.3077
v  -12.2359 91.2830 2.7927
v  -5.4455 91.2830 11.3077
v  -5.4455 91.5924 11.3077
v  -12.2359 91.5924 2.7927
v  -9.8124 91.2830 -7.8252
v  -9.8124 91.5924 -7.8252
v  0.0000 90.5981 -12.1117
v  9.4693 90.5981 -7.5515
v  0.0000 90.8875 -12.4330
v  9.7205 90.8875 -7.7518
v  -11.8080 90.5981 2.6951
v  -9.4693 90.5981 -7.5515
v  -12.1213 90.8875 2.7666
v  -9.7205 90.8875 -7.7518
v  5.2551 90.5981 10.9122
v  -5.2551 90.5981 10.9122
v  5.3945 90.8875 11.2017
v  -5.3945 90.8875 11.2017
v  11.8080 90.5981 2.6951
v  12.1213 90.8875 2.7666
v  0.0000 91.5924 -10.1822
v  7.9608 91.5924 -6.3485
v  -9.9269 91.5924 2.2657
v  -4.4179 91.5924 9.1738
v  -1.0653 95.6264 2.2121
v  -2.3937 95.6264 0.5463
v  9.9269 91.5924 2.2657
v  4.4179 91.5924 9.1738
v  -7.9608 91.5924 -6.3485
v  -1.9196 95.6264 -1.5308
v  0.0000 95.6264 -2.4552
v  1.9196 95.6264 -1.5308
v  2.3937 95.6264 0.5463
v  1.0653 95.6264 2.2121
v  8.5448 90.1272 -6.8143
v  0.0000 90.1272 -10.9293
v  4.6551 90.0593 8.7374
v  9.5542 90.0593 2.5941
v  9.8439 89.7603 2.7200
v  4.8423 89.7603 8.9918
v  -10.6552 90.1272 2.4320
v  -4.7420 90.1272 9.8469
v  7.4825 90.0593 -6.4826
v  0.4030 90.0593 -9.8919
v  0.4614 89.7603 -10.2024
v  7.6889 89.7603 -6.7218
v  1.4005 65.7004 2.9081
v  3.1468 65.7004 0.7182
v  3.4136 65.3622 0.7791
v  1.5192 65.3622 3.1546
v  -9.5542 90.0593 2.5941
v  -4.6551 90.0593 8.7374
v  -4.8423 89.7603 8.9918
v  -9.8439 89.7603 2.7200
v  2.5236 65.7004 -2.0125
v  0.0000 65.7004 -3.2278
v  0.0000 65.3622 -3.5014
v  2.7375 65.3622 -2.1831
v  -8.5448 90.1272 -6.8143
v  3.4593 66.1332 1.2030
v  1.9426 66.1332 3.1049
v  2.1377 65.8695 3.3906
v  3.7813 65.8695 1.3296
v  -3.1468 65.7004 0.7182
v  -1.4005 65.7004 2.9081
v  -1.5192 65.3622 3.1546
v  -3.4136 65.3622 0.7791
v  0.4030 66.1332 -3.6403
v  2.5948 66.1332 -2.5848
v  2.8299 65.8695 -2.8386
v  0.4549 65.8695 -3.9823
v  -7.9851 90.0593 -5.8524
v  -9.7336 90.0593 1.8082
v  -10.0492 89.7603 1.8204
v  -8.2642 89.7603 -6.0004
v  3.6387 66.1332 0.4171
v  9.7336 90.0593 1.8082
v  10.0492 89.7603 1.8204
v  3.9837 65.8695 0.4427
v  -1.9426 66.1332 3.1049
v  -3.4593 66.1332 1.2030
v  -3.7813 65.8695 1.3296
v  -2.1377 65.8695 3.3906
v  -1.2163 66.1332 3.4546
v  -3.9288 90.0593 9.0872
v  -4.0110 89.7603 9.3922
v  -1.3180 65.8695 3.7853
v  -0.4030 90.0593 -9.8919
v  -7.4825 90.0593 -6.4826
v  -7.6889 89.7603 -6.7218
v  -0.4614 89.7603 -10.2024
v  10.6552 90.1272 2.4320
v  -2.5236 65.7004 -2.0125
v  -2.7375 65.3622 -2.1831
v  7.9851 90.0593 -5.8524
v  8.2642 89.7603 -6.0004
v  4.7420 90.1272 9.8469
v  -2.5948 66.1332 -2.5848
v  -0.4030 66.1332 -3.6403
v  -0.4549 65.8695 -3.9823
v  -2.8299 65.8695 -2.8386
v  3.9288 90.0593 9.0872
v  4.0110 89.7603 9.3922
v  -3.0974 66.1332 -1.9546
v  -3.3971 65.8695 -2.1273
v  3.0974 66.1332 -1.9546
v  3.3971 65.8695 -2.1273
v  1.2163 66.1332 3.4546
v  1.3180 65.8695 3.7853
v  -3.9837 65.8695 0.4427
v  -3.6387 66.1332 0.4171
# 6355 vertices

vn 0.6591 -0.5379 -0.5256
vn 0.3660 -0.5371 -0.7600
vn 0.3706 -0.5199 -0.7696
vn 0.6675 -0.5207 -0.5323
vn 0.0000 -0.5379 -0.8430
vn -0.0000 -0.5207 -0.8538
vn -0.0000 -0.4788 -0.8779
vn 0.3811 -0.4781 -0.7913
vn 0.6864 -0.4788 -0.5474
vn -0.8219 -0.5379 0.1876
vn -0.6595 -0.5371 0.5259
vn -0.6679 -0.5199 0.5326
vn -0.8324 -0.5206 0.1900
vn -0.3658 -0.5379 0.7595
vn -0.3704 -0.5206 0.7692
vn -0.3809 -0.4788 0.7910
vn -0.6867 -0.4781 0.5476
vn -0.8559 -0.4788 0.1954
vn -0.3660 -0.5371 -0.7600
vn -0.3706 -0.5199 -0.7696
vn -0.6591 -0.5379 -0.5256
vn -0.6675 -0.5206 -0.5323
vn -0.6864 -0.4788 -0.5474
vn -0.3811 -0.4781 -0.7913
vn 0.7776 -0.1037 -0.6201
vn 0.4316 -0.1036 -0.8961
vn 0.4338 0.0193 -0.9008
vn 0.7817 0.0194 -0.6234
vn 0.0000 -0.1037 -0.9946
vn 0.0000 0.0194 -0.9998
vn -0.0000 0.1535 -0.9881
vn 0.4288 0.1533 -0.8903
vn 0.7726 0.1535 -0.6161
vn 0.3658 -0.5379 0.7595
vn 0.6595 -0.5371 0.5259
vn 0.6679 -0.5199 0.5326
vn 0.3704 -0.5206 0.7692
vn 0.8219 -0.5379 0.1876
vn 0.8324 -0.5206 0.1900
vn 0.8559 -0.4788 0.1954
vn 0.6867 -0.4781 0.5476
vn 0.3809 -0.4788 0.7910
vn -0.8224 -0.5371 -0.1877
vn -0.8328 -0.5199 -0.1901
vn -0.8563 -0.4781 -0.1954
vn 0.8224 -0.5371 -0.1877
vn 0.8328 -0.5199 -0.1901
vn 0.8563 -0.4781 -0.1954
vn -0.0000 -0.4781 0.8783
vn 0.0000 -0.4129 0.9108
vn -0.3951 -0.4135 0.8203
vn 0.3951 -0.4135 0.8203
vn 0.4128 -0.3080 0.8572
vn -0.0000 -0.3075 0.9515
vn -0.4128 -0.3080 0.8572
vn -0.0000 -0.1569 0.9876
vn -0.4285 -0.1572 0.8898
vn 0.4285 -0.1572 0.8898
vn 0.4337 0.0287 0.9006
vn -0.0000 0.0287 0.9996
vn -0.4337 0.0287 0.9006
vn 0.0000 0.2384 0.9712
vn -0.4213 0.2387 0.8749
vn 0.4213 0.2387 0.8749
vn 0.3866 0.4539 0.8028
vn -0.0000 0.4535 0.8913
vn -0.3866 0.4539 0.8028
vn -0.0000 0.6475 0.7621
vn -0.3305 0.6479 0.6863
vn 0.3305 0.6479 0.6863
vn 0.2608 0.7991 0.5416
vn 0.0000 0.7988 0.6016
vn -0.2608 0.7991 0.5416
vn 0.0000 0.9014 0.4330
vn -0.1877 0.9015 0.3898
vn 0.1877 0.9015 0.3898
vn 0.1213 0.9601 0.2519
vn -0.0000 0.9601 0.2797
vn -0.1213 0.9601 0.2519
vn 0.0000 0.9856 0.1691
vn -0.0733 0.9856 0.1522
vn 0.0733 0.9856 0.1523
vn 0.0482 0.9938 0.1001
vn 0.0000 0.9938 0.1112
vn -0.0482 0.9938 0.1001
vn 0.3952 -0.4129 -0.8206
vn 0.7119 -0.4135 -0.5677
vn -0.0000 -0.4135 -0.9105
vn -0.0000 -0.3080 -0.9514
vn 0.4129 -0.3075 -0.8573
vn 0.7438 -0.3080 -0.5932
vn 0.4285 -0.1569 -0.8898
vn 0.7721 -0.1572 -0.6157
vn -0.0000 -0.1572 -0.9876
vn -0.0000 0.0287 -0.9996
vn 0.4337 0.0287 -0.9006
vn 0.7815 0.0287 -0.6232
vn 0.4214 0.2384 -0.8750
vn 0.7592 0.2387 -0.6055
vn -0.0000 0.2387 -0.9711
vn -0.0000 0.4540 -0.8910
vn 0.3867 0.4535 -0.8030
vn 0.6966 0.4539 -0.5555
vn 0.3307 0.6475 -0.6866
vn 0.5956 0.6479 -0.4749
vn -0.0000 0.6479 -0.7617
vn -0.0000 0.7991 -0.6012
vn 0.2610 0.7988 -0.5420
vn 0.4700 0.7991 -0.3748
vn 0.1879 0.9014 -0.3901
vn 0.3383 0.9015 -0.2698
vn 0.0000 0.9015 -0.4327
vn -0.0000 0.9601 -0.2796
vn 0.1214 0.9601 -0.2520
vn 0.2186 0.9601 -0.1743
vn 0.0734 0.9856 -0.1524
vn 0.1321 0.9856 -0.1054
vn -0.0000 0.9856 -0.1690
vn -0.0000 0.9938 -0.1112
vn 0.0483 0.9938 -0.1003
vn 0.0869 0.9938 -0.0693
vn -0.8880 -0.4129 -0.2027
vn -0.7119 -0.4135 -0.5677
vn -0.8877 -0.4135 0.2026
vn -0.9275 -0.3080 0.2117
vn -0.9277 -0.3075 -0.2117
vn -0.7438 -0.3080 -0.5932
vn -0.9628 -0.1569 -0.2198
vn -0.7721 -0.1572 -0.6157
vn -0.9628 -0.1572 0.2198
vn -0.9745 0.0287 0.2224
vn -0.9745 0.0287 -0.2224
vn -0.7815 0.0287 -0.6232
vn -0.9468 0.2384 -0.2161
vn -0.7592 0.2387 -0.6055
vn -0.9467 0.2387 0.2161
vn -0.8687 0.4540 0.1983
vn -0.8689 0.4535 -0.1983
vn -0.6966 0.4539 -0.5555
vn -0.7430 0.6475 -0.1696
vn -0.5956 0.6479 -0.4749
vn -0.7426 0.6479 0.1695
vn -0.5861 0.7991 0.1338
vn -0.5865 0.7988 -0.1339
vn -0.4700 0.7991 -0.3748
vn -0.4221 0.9014 -0.0963
vn -0.3383 0.9016 -0.2698
vn -0.4218 0.9015 0.0963
vn -0.2726 0.9601 0.0622
vn -0.2727 0.9601 -0.0623
vn -0.2186 0.9601 -0.1743
vn -0.1649 0.9856 -0.0376
vn -0.1321 0.9856 -0.1054
vn -0.1647 0.9856 0.0376
vn -0.1084 0.9938 0.0247
vn -0.1085 0.9938 -0.0248
vn -0.0869 0.9938 -0.0693
vn -0.3952 -0.4129 -0.8206
vn -0.4129 -0.3075 -0.8573
vn -0.4285 -0.1569 -0.8898
vn -0.4337 0.0287 -0.9006
vn -0.4214 0.2384 -0.8750
vn -0.3867 0.4535 -0.8030
vn -0.3307 0.6475 -0.6866
vn -0.2610 0.7988 -0.5420
vn -0.1879 0.9014 -0.3901
vn -0.1214 0.9601 -0.2520
vn -0.0734 0.9856 -0.1524
vn -0.0483 0.9938 -0.1003
vn 0.8880 -0.4129 -0.2027
vn 0.8877 -0.4135 0.2026
vn 0.9277 -0.3075 -0.2117
vn 0.9275 -0.3080 0.2117
vn 0.9628 -0.1569 -0.2198
vn 0.9628 -0.1572 0.2198
vn 0.9745 0.0287 -0.2224
vn 0.9745 0.0287 0.2224
vn 0.9468 0.2384 -0.2161
vn 0.9467 0.2387 0.2161
vn 0.8689 0.4535 -0.1983
vn 0.8687 0.4539 0.1983
vn 0.7430 0.6475 -0.1696
vn 0.7426 0.6479 0.1695
vn 0.5865 0.7988 -0.1339
vn 0.5861 0.7991 0.1338
vn 0.4221 0.9014 -0.0964
vn 0.4218 0.9015 0.0963
vn 0.2727 0.9601 -0.0622
vn 0.2726 0.9601 0.0622
vn 0.1649 0.9856 -0.0376
vn 0.1647 0.9856 0.0376
vn 0.1085 0.9938 -0.0248
vn 0.1084 0.9938 0.0247
vn -0.7121 -0.4129 0.5679
vn -0.7440 -0.3075 0.5933
vn -0.7721 -0.1569 0.6158
vn -0.7815 0.0287 0.6232
vn -0.7593 0.2384 0.6055
vn -0.6968 0.4535 0.5557
vn -0.5958 0.6475 0.4752
vn -0.4703 0.7988 0.3751
vn -0.3385 0.9014 0.2700
vn -0.2187 0.9601 0.1744
vn -0.1322 0.9856 0.1054
vn -0.0870 0.9938 0.0694
vn 0.7121 -0.4129 0.5679
vn 0.7439 -0.3075 0.5933
vn 0.7721 -0.1569 0.6158
vn 0.7815 0.0287 0.6232
vn 0.7593 0.2384 0.6055
vn 0.6968 0.4535 0.5557
vn 0.5958 0.6475 0.4752
vn 0.4703 0.7988 0.3751
vn 0.3385 0.9014 0.2700
vn 0.2187 0.9601 0.1744
vn 0.1322 0.9856 0.1054
vn 0.0870 0.9938 0.0694
vn 0.0000 -0.5371 0.8435
vn -0.0000 -0.5199 0.8542
vn 0.4315 -0.1037 0.8961
vn 0.7776 -0.1036 0.6201
vn 0.7817 0.0193 0.6234
vn 0.4338 0.0194 0.9008
vn 0.9697 -0.1037 0.2213
vn 0.9747 0.0194 0.2225
vn 0.9634 0.1535 0.2199
vn 0.7726 0.1533 0.6161
vn 0.4287 0.1535 0.8903
vn -0.7525 0.2715 -0.6001
vn -0.4177 0.2701 -0.8675
vn -0.0286 0.9978 -0.0594
vn -0.0514 0.9978 -0.0410
vn -0.0000 0.2715 -0.9624
vn -0.0000 0.9978 -0.0657
vn 0.0000 0.9933 -0.1154
vn -0.0501 0.9933 -0.1039
vn -0.0902 0.9933 -0.0720
vn -0.4316 -0.1036 -0.8961
vn -0.4338 0.0193 -0.9008
vn -0.7776 -0.1037 -0.6201
vn -0.7817 0.0194 -0.6234
vn -0.7726 0.1535 -0.6161
vn -0.4288 0.1533 -0.8903
vn -0.3561 0.8903 -0.2840
vn -0.4462 0.8891 -0.1018
vn -0.8599 0.4713 -0.1963
vn -0.6890 0.4727 -0.5494
vn -0.4441 0.8902 0.1014
vn -0.8591 0.4727 0.1961
vn -0.9385 0.2707 0.2142
vn -0.9387 0.2702 -0.2142
vn -0.7527 0.2707 -0.6002
vn 0.9383 0.2714 0.2141
vn 0.7527 0.2701 0.6004
vn 0.0515 0.9978 0.0411
vn 0.0640 0.9978 0.0146
vn 0.4177 0.2713 0.8671
vn 0.0285 0.9978 0.0592
vn 0.0501 0.9933 0.1040
vn 0.0902 0.9933 0.0719
vn 0.1125 0.9933 0.0257
vn -0.4176 0.2715 0.8671
vn -0.7528 0.2701 0.6003
vn -0.0516 0.9978 0.0411
vn -0.0285 0.9978 0.0592
vn -0.9383 0.2715 0.2142
vn -0.0641 0.9978 0.0146
vn -0.1125 0.9933 0.0257
vn -0.0902 0.9933 0.0719
vn -0.0501 0.9933 0.1040
vn 0.0572 0.9913 -0.1188
vn 0.1027 0.9913 -0.0819
vn 0.0000 0.9913 -0.1313
vn 0.0000 0.8902 -0.4555
vn 0.1986 0.8891 -0.4124
vn 0.3562 0.8902 -0.2840
vn 0.3827 0.4712 -0.7947
vn 0.6890 0.4726 -0.5495
vn 0.0000 0.4726 -0.8813
vn -0.0000 0.2707 -0.9627
vn 0.4177 0.2702 -0.8675
vn 0.7526 0.2707 -0.6002
vn 0.4443 0.8901 0.1014
vn 0.4462 0.8891 -0.1018
vn 0.8599 0.4712 -0.1963
vn 0.8592 0.4725 0.1961
vn 0.9386 0.2703 -0.2142
vn 0.9385 0.2707 0.2142
vn -0.1286 0.9913 -0.0293
vn -0.1027 0.9913 -0.0819
vn -0.1281 0.9913 0.0292
vn -0.0572 0.9913 -0.1189
vn -0.1986 0.8891 -0.4123
vn 0.9697 -0.1036 -0.2213
vn 0.9747 0.0193 -0.2225
vn 0.9634 0.1533 -0.2199
vn 0.7524 0.2715 -0.6001
vn 0.9387 0.2701 -0.2142
vn 0.0643 0.9978 -0.0147
vn 0.0514 0.9978 -0.0410
vn 0.1124 0.9933 -0.0257
vn 0.0902 0.9933 -0.0719
vn 0.4178 0.2701 -0.8675
vn 0.0286 0.9978 -0.0594
vn 0.0500 0.9933 -0.1039
vn -0.0001 0.2700 0.9628
vn 0.0000 0.9978 0.0659
vn 0.0000 0.9933 0.1154
vn -0.9387 0.2701 -0.2143
vn -0.0643 0.9978 -0.0147
vn -0.1125 0.9933 -0.0257
vn 0.1977 0.8902 0.4104
vn 0.3578 0.8891 0.2854
vn 0.6896 0.4713 0.5499
vn 0.3824 0.4726 0.7940
vn 0.7527 0.2702 0.6003
vn 0.4177 0.2707 0.8673
vn -0.3827 0.4713 -0.7946
vn -0.4177 0.2702 -0.8675
vn -0.3578 0.8891 0.2854
vn -0.6896 0.4712 0.5499
vn -0.1976 0.8902 0.4104
vn -0.3824 0.4726 0.7940
vn -0.4177 0.2707 0.8673
vn -0.7527 0.2702 0.6003
vn -0.6224 0.7692 0.1449
vn -0.4969 0.7741 0.3923
vn -0.5560 0.7030 0.4434
vn -0.6337 0.7600 0.1446
vn -0.2748 0.7692 0.5769
vn -0.2820 0.7600 0.5856
vn 0.0000 1.0000 -0.0000
vn 0.1031 0.9913 0.0822
vn 0.0570 0.9913 0.1184
vn 0.1281 0.9913 0.0292
vn -0.1031 0.9913 0.0822
vn -0.0570 0.9913 0.1184
vn -0.9697 -0.1035 -0.2213
vn -0.9747 0.0193 -0.2225
vn -0.9697 -0.1037 0.2213
vn -0.9747 0.0194 0.2225
vn -0.9634 0.1535 0.2199
vn -0.9634 0.1533 -0.2199
vn 0.1286 0.9913 -0.0293
vn 0.0000 0.9913 0.1319
vn 0.0000 0.8891 0.4577
vn 0.7620 -0.2237 0.6077
vn 0.9501 -0.2240 0.2169
vn 0.4229 -0.2240 0.8781
vn 0.4025 -0.3733 0.8358
vn 0.7255 -0.3728 0.5785
vn 0.9044 -0.3733 0.2064
vn 0.6593 -0.5375 0.5258
vn 0.8218 -0.5380 0.1876
vn 0.3657 -0.5380 0.7594
vn 0.3142 -0.6896 0.6525
vn 0.5665 -0.6892 0.4518
vn 0.7060 -0.6896 0.1611
vn 0.4510 -0.8169 0.3596
vn 0.5619 -0.8172 0.1282
vn 0.2501 -0.8172 0.5193
vn 0.1830 -0.9067 0.3800
vn 0.3300 -0.9066 0.2631
vn 0.4111 -0.9067 0.0938
vn 0.3331 -0.9047 0.2656
vn 0.4142 -0.9052 0.0946
vn 0.1843 -0.9053 0.3828
vn 0.4229 -0.2237 -0.8781
vn -0.0000 -0.2241 -0.9746
vn 0.7620 -0.2241 -0.6076
vn 0.7253 -0.3733 -0.5784
vn 0.4026 -0.3728 -0.8360
vn -0.0000 -0.3733 -0.9277
vn 0.3659 -0.5375 -0.7597
vn -0.0000 -0.5380 -0.8429
vn 0.6590 -0.5380 -0.5256
vn 0.5662 -0.6896 -0.4515
vn 0.3144 -0.6892 -0.6528
vn 0.0000 -0.6896 -0.7242
vn 0.2503 -0.8169 -0.5197
vn -0.0000 -0.8172 -0.5764
vn 0.4506 -0.8172 -0.3594
vn 0.3297 -0.9068 -0.2629
vn 0.1831 -0.9066 -0.3802
vn -0.0000 -0.9068 -0.4217
vn 0.1848 -0.9047 -0.3839
vn 0.0000 -0.9052 -0.4249
vn 0.3322 -0.9052 -0.2649
vn -0.4315 -0.1037 0.8961
vn -0.7776 -0.1036 0.6201
vn -0.7620 -0.2237 0.6077
vn -0.4229 -0.2241 0.8781
vn -0.9501 -0.2240 0.2169
vn -0.9044 -0.3733 0.2064
vn -0.7255 -0.3728 0.5785
vn -0.4025 -0.3733 0.8358
vn -0.6593 -0.5375 0.5258
vn -0.3657 -0.5381 0.7594
vn -0.8218 -0.5381 0.1876
vn -0.7060 -0.6896 0.1611
vn -0.5665 -0.6892 0.4518
vn -0.3142 -0.6896 0.6525
vn -0.4510 -0.8169 0.3596
vn -0.2501 -0.8172 0.5193
vn -0.5619 -0.8172 0.1283
vn -0.4111 -0.9068 0.0938
vn -0.3299 -0.9066 0.2631
vn -0.1829 -0.9068 0.3799
vn -0.3331 -0.9047 0.2656
vn -0.1844 -0.9052 0.3828
vn -0.4142 -0.9052 0.0945
vn -0.4229 -0.2237 -0.8781
vn -0.7620 -0.2241 -0.6076
vn -0.4026 -0.3728 -0.8360
vn -0.7253 -0.3733 -0.5784
vn -0.3659 -0.5375 -0.7597
vn -0.6590 -0.5380 -0.5256
vn -0.3144 -0.6892 -0.6528
vn -0.5662 -0.6896 -0.4515
vn -0.2503 -0.8169 -0.5197
vn -0.4506 -0.8172 -0.3594
vn -0.1831 -0.9066 -0.3802
vn -0.3297 -0.9068 -0.2629
vn -0.1849 -0.9047 -0.3838
vn -0.3322 -0.9052 -0.2649
vn 0.9502 -0.2237 -0.2169
vn 0.9046 -0.3728 -0.2065
vn 0.8221 -0.5375 -0.1876
vn 0.7064 -0.6892 -0.1612
vn 0.5623 -0.8169 -0.1283
vn 0.4115 -0.9066 -0.0939
vn 0.4154 -0.9047 -0.0949
vn -0.9502 -0.2237 -0.2169
vn -0.9046 -0.3728 -0.2065
vn -0.8221 -0.5375 -0.1876
vn -0.7064 -0.6892 -0.1612
vn -0.5624 -0.8169 -0.1284
vn -0.4114 -0.9066 -0.0939
vn -0.4154 -0.9047 -0.0948
vn 0.0000 -0.1036 0.9946
vn 0.0000 -0.2237 0.9747
vn -0.0000 -0.3728 0.9279
vn -0.0000 -0.5375 0.8433
vn -0.0000 -0.6892 0.7246
vn -0.0000 -0.8169 0.5768
vn -0.0000 -0.9066 0.4220
vn -0.0000 -0.9047 0.4261
vn -0.7817 0.0193 0.6234
vn -0.4338 0.0194 0.9008
vn -0.4287 0.1535 0.8903
vn -0.7726 0.1533 0.6161
vn 0.2897 0.9288 0.2310
vn 0.3615 0.9287 0.0825
vn 0.1609 0.9287 0.3341
vn 0.3061 0.7087 0.6356
vn 0.5516 0.7087 0.4399
vn 0.6878 0.7087 0.1570
vn 0.7038 0.4356 0.5612
vn 0.8774 0.4359 0.2003
vn 0.3905 0.4359 0.8109
vn 0.1608 0.9288 -0.3339
vn 0.0000 0.9287 -0.3708
vn 0.2899 0.9287 -0.2312
vn 0.5516 0.7087 -0.4399
vn 0.3061 0.7087 -0.6356
vn -0.0000 0.7087 -0.7055
vn 0.3906 0.4356 -0.8110
vn -0.0000 0.4359 -0.9000
vn 0.7036 0.4359 -0.5611
vn -0.2897 0.9288 0.2311
vn -0.1609 0.9287 0.3341
vn -0.3615 0.9287 0.0825
vn -0.6878 0.7087 0.1570
vn -0.5516 0.7087 0.4399
vn -0.3061 0.7087 0.6356
vn -0.7038 0.4356 0.5612
vn -0.3905 0.4359 0.8109
vn -0.8774 0.4359 0.2003
vn -0.1608 0.9288 -0.3339
vn -0.2899 0.9287 -0.2312
vn -0.3061 0.7087 -0.6356
vn -0.5516 0.7087 -0.4399
vn -0.3906 0.4356 -0.8110
vn -0.7036 0.4359 -0.5611
vn 0.3612 0.9288 -0.0824
vn 0.6878 0.7087 -0.1570
vn 0.8776 0.4355 -0.2003
vn -0.3612 0.9288 -0.0824
vn -0.6878 0.7087 -0.1570
vn -0.8776 0.4355 -0.2003
vn 0.0000 0.9288 0.3705
vn 0.0000 0.7087 0.7055
vn 0.0000 0.4354 0.9002
vn -0.0000 0.2702 0.9628
vn -0.0000 0.4714 0.8819
vn 0.2797 0.7692 0.5746
vn -0.0031 0.7741 0.6331
vn -0.0016 0.8725 0.4887
vn 0.2142 0.8715 0.4411
vn -0.2113 0.8716 0.4424
vn -0.2376 0.8365 0.4937
vn -0.0002 0.8366 0.5478
vn 0.2379 0.8365 0.4936
vn -0.0000 0.6872 0.7264
vn 0.3151 0.6876 0.6542
vn -0.3150 0.6876 0.6542
vn -0.3786 0.4884 0.7862
vn 0.0000 0.4880 0.8728
vn 0.3786 0.4884 0.7862
vn 0.0000 0.3009 0.9537
vn 0.4137 0.3013 0.8591
vn -0.4137 0.3013 0.8591
vn -0.0000 0.1533 0.9882
vn -0.0027 0.7692 -0.6390
vn 0.2774 0.7741 -0.5691
vn 0.2135 0.8725 -0.4396
vn -0.0016 0.8715 -0.4903
vn 0.4979 0.7692 -0.4005
vn 0.3823 0.8716 -0.3069
vn 0.4283 0.8365 -0.3418
vn 0.2379 0.8366 -0.4935
vn -0.0002 0.8365 -0.5479
vn 0.3152 0.6872 -0.6545
vn -0.0000 0.6876 -0.7261
vn 0.5677 0.6876 -0.4527
vn 0.6822 0.4884 -0.5441
vn 0.3787 0.4880 -0.7864
vn 0.0000 0.4884 -0.8726
vn 0.4138 0.3009 -0.8592
vn 0.0000 0.3013 -0.9535
vn 0.7455 0.3013 -0.5945
vn -0.6165 0.7741 -0.1439
vn -0.4761 0.8725 -0.1103
vn -0.4776 0.8716 0.1106
vn -0.5013 0.7692 -0.3963
vn -0.3843 0.8715 -0.3045
vn -0.4285 0.8365 -0.3415
vn -0.5340 0.8366 -0.1221
vn -0.5341 0.8365 0.1221
vn -0.7083 0.6872 -0.1617
vn -0.7079 0.6875 0.1616
vn -0.5677 0.6876 -0.4527
vn -0.6822 0.4884 -0.5440
vn -0.8510 0.4880 -0.1942
vn -0.8507 0.4884 0.1942
vn -0.9297 0.3009 -0.2122
vn -0.9296 0.3013 0.2122
vn -0.7455 0.3013 -0.5945
vn -0.2719 0.7741 -0.5717
vn -0.2106 0.8725 -0.4410
vn -0.2375 0.8366 -0.4936
vn -0.3152 0.6872 -0.6545
vn -0.3787 0.4880 -0.7864
vn -0.4138 0.3009 -0.8592
vn 0.6179 0.7741 -0.1379
vn 0.4768 0.8725 -0.1072
vn 0.6236 0.7692 0.1396
vn 0.4784 0.8716 0.1076
vn 0.5342 0.8365 0.1217
vn 0.5341 0.8366 -0.1217
vn 0.7082 0.6872 -0.1616
vn 0.7079 0.6876 0.1616
vn 0.8507 0.4884 0.1942
vn 0.8510 0.4880 -0.1942
vn 0.9297 0.3009 -0.2122
vn 0.9296 0.3013 0.2122
vn -0.3831 0.8725 0.3034
vn -0.4284 0.8366 0.3414
vn -0.5680 0.6872 0.4529
vn -0.6824 0.4880 0.5442
vn -0.7456 0.3009 0.5946
vn 0.4931 0.7741 0.3971
vn 0.3811 0.8725 0.3059
vn 0.4282 0.8366 0.3417
vn 0.5680 0.6872 0.4529
vn 0.6824 0.4880 0.5442
vn 0.7456 0.3009 0.5946
vn 0.0000 0.0193 0.9998
vn -0.3086 0.7030 -0.6408
vn -0.0000 0.7600 -0.6500
vn -0.5082 0.7600 -0.4052
vn 0.3086 0.7030 -0.6408
vn 0.5082 0.7600 -0.4053
vn 0.5561 0.7030 0.4434
vn 0.2821 0.7600 0.5856
vn 0.6337 0.7600 0.1446
vn 0.6934 0.7030 -0.1583
vn 0.0000 0.7030 0.7112
vn -0.6934 0.7030 -0.1582
vn -0.0000 0.1846 -0.9828
vn 0.0000 0.1195 -0.9928
vn 0.0973 0.1195 -0.9881
vn 0.0963 0.1846 -0.9781
vn -0.0000 0.0924 -0.9957
vn 0.0976 0.0924 -0.9909
vn 0.1943 0.0924 -0.9766
vn 0.1937 0.1195 -0.9738
vn 0.1917 0.1846 -0.9639
vn 0.2882 0.1195 -0.9501
vn 0.2853 0.1846 -0.9405
vn 0.2890 0.0924 -0.9528
vn 0.3810 0.0924 -0.9199
vn 0.3799 0.1195 -0.9173
vn 0.3761 0.1846 -0.9080
vn 0.4680 0.1195 -0.8756
vn 0.4633 0.1846 -0.8668
vn 0.4694 0.0924 -0.8781
vn 0.5532 0.0924 -0.8279
vn 0.5516 0.1195 -0.8255
vn 0.5460 0.1846 -0.8172
vn 0.6298 0.1195 -0.7675
vn 0.6235 0.1846 -0.7597
vn 0.6317 0.0924 -0.7697
vn 0.7041 0.0924 -0.7041
vn 0.7020 0.1195 -0.7020
vn 0.6950 0.1846 -0.6950
vn 0.7675 0.1195 -0.6298
vn 0.7597 0.1846 -0.6235
vn 0.7697 0.0924 -0.6317
vn 0.8279 0.0924 -0.5532
vn 0.8255 0.1195 -0.5516
vn 0.8172 0.1846 -0.5460
vn 0.8756 0.1195 -0.4680
vn 0.8668 0.1846 -0.4633
vn 0.8781 0.0924 -0.4694
vn 0.9199 0.0924 -0.3810
vn 0.9173 0.1195 -0.3799
vn 0.9080 0.1846 -0.3761
vn 0.9501 0.1195 -0.2882
vn 0.9405 0.1846 -0.2853
vn 0.9528 0.0924 -0.2890
vn 0.9766 0.0924 -0.1943
vn 0.9738 0.1195 -0.1937
vn 0.9639 0.1846 -0.1917
vn 0.9881 0.1195 -0.0973
vn 0.9781 0.1846 -0.0963
vn 0.9909 0.0924 -0.0976
vn 0.9957 0.0924 0.0000
vn 0.9928 0.1195 0.0000
vn 0.9828 0.1846 -0.0000
vn 0.9881 0.1195 0.0973
vn 0.9781 0.1846 0.0963
vn 0.9909 0.0924 0.0976
vn 0.9766 0.0924 0.1943
vn 0.9738 0.1195 0.1937
vn 0.9639 0.1846 0.1917
vn 0.9501 0.1195 0.2882
vn 0.9405 0.1846 0.2853
vn 0.9528 0.0924 0.2890
vn 0.9199 0.0924 0.3810
vn 0.9173 0.1195 0.3799
vn 0.9080 0.1846 0.3761
vn 0.8756 0.1195 0.4680
vn 0.8668 0.1846 0.4633
vn 0.8781 0.0924 0.4694
vn 0.8279 0.0924 0.5532
vn 0.8255 0.1195 0.5516
vn 0.8172 0.1846 0.5460
vn 0.7675 0.1195 0.6298
vn 0.7597 0.1846 0.6235
vn 0.7697 0.0924 0.6317
vn 0.7041 0.0924 0.7041
vn 0.7020 0.1195 0.7020
vn 0.6950 0.1846 0.6950
vn 0.6298 0.1195 0.7675
vn 0.6235 0.1846 0.7597
vn 0.6317 0.0924 0.7697
vn 0.5532 0.0924 0.8279
vn 0.5516 0.1195 0.8255
vn 0.5460 0.1846 0.8172
vn 0.4680 0.1195 0.8756
vn 0.4633 0.1846 0.8668
vn 0.4694 0.0924 0.8781
vn 0.3810 0.0924 0.9199
vn 0.3799 0.1195 0.9173
vn 0.3761 0.1846 0.9080
vn 0.2882 0.1195 0.9501
vn 0.2853 0.1846 0.9405
vn 0.2890 0.0924 0.9528
vn 0.1943 0.0924 0.9766
vn 0.1937 0.1195 0.9738
vn 0.1917 0.1846 0.9639
vn 0.0973 0.1195 0.9881
vn 0.0963 0.1846 0.9781
vn 0.0976 0.0924 0.9909
vn 0.0000 0.0924 0.9957
vn -0.0000 0.1195 0.9928
vn -0.0000 0.1846 0.9828
vn -0.0973 0.1195 0.9881
vn -0.0963 0.1846 0.9781
vn -0.0976 0.0924 0.9909
vn -0.1943 0.0924 0.9766
vn -0.1937 0.1195 0.9738
vn -0.1917 0.1846 0.9639
vn -0.2882 0.1195 0.9501
vn -0.2853 0.1846 0.9405
vn -0.2890 0.0924 0.9528
vn -0.3810 0.0924 0.9199
vn -0.3799 0.1195 0.9173
vn -0.3761 0.1846 0.9080
vn -0.4680 0.1195 0.8756
vn -0.4633 0.1846 0.8668
vn -0.4694 0.0924 0.8781
vn -0.5532 0.0924 0.8279
vn -0.5516 0.1195 0.8255
vn -0.5460 0.1846 0.8172
vn -0.6298 0.1195 0.7675
vn -0.6235 0.1846 0.7597
vn -0.6317 0.0924 0.7697
vn -0.7041 0.0924 0.7041
vn -0.7020 0.1195 0.7020
vn -0.6950 0.1846 0.6950
vn -0.7675 0.1195 0.6298
vn -0.7597 0.1846 0.6235
vn -0.7697 0.0924 0.6317
vn -0.8279 0.0924 0.5532
vn -0.8255 0.1195 0.5516
vn -0.8172 0.1846 0.5460
vn -0.8756 0.1195 0.4680
vn -0.8668 0.1846 0.4633
vn -0.8781 0.0924 0.4694
vn -0.9199 0.0924 0.3810
vn -0.9173 0.1195 0.3799
vn -0.9080 0.1846 0.3761
vn -0.9501 0.1195 0.2882
vn -0.9405 0.1846 0.2853
vn -0.9528 0.0924 0.2890
vn -0.9766 0.0924 0.1943
vn -0.9738 0.1195 0.1937
vn -0.9639 0.1846 0.1917
vn -0.9881 0.1195 0.0973
vn -0.9781 0.1846 0.0963
vn -0.9909 0.0924 0.0976
vn -0.9957 0.0924 0.0000
vn -0.9928 0.1195 0.0000
vn -0.9828 0.1846 0.0000
vn -0.9881 0.1195 -0.0973
vn -0.9781 0.1846 -0.0963
vn -0.9909 0.0924 -0.0976
vn -0.9766 0.0924 -0.1943
vn -0.9738 0.1195 -0.1937
vn -0.9639 0.1846 -0.1917
vn -0.9501 0.1195 -0.2882
vn -0.9405 0.1846 -0.2853
vn -0.9528 0.0924 -0.2890
vn -0.9199 0.0924 -0.3810
vn -0.9173 0.1195 -0.3799
vn -0.9080 0.1846 -0.3761
vn -0.8756 0.1195 -0.4680
vn -0.8668 0.1846 -0.4633
vn -0.8781 0.0924 -0.4694
vn -0.8279 0.0924 -0.5532
vn -0.8255 0.1195 -0.5516
vn -0.8172 0.1846 -0.5460
vn -0.7675 0.1195 -0.6298
vn -0.7597 0.1846 -0.6235
vn -0.7697 0.0924 -0.6317
vn -0.7041 0.0924 -0.7041
vn -0.7020 0.1195 -0.7020
vn -0.6950 0.1846 -0.6950
vn -0.6298 0.1195 -0.7675
vn -0.6235 0.1846 -0.7597
vn -0.6317 0.0924 -0.7697
vn -0.5532 0.0924 -0.8279
vn -0.5516 0.1195 -0.8255
vn -0.5460 0.1846 -0.8172
vn -0.4680 0.1195 -0.8756
vn -0.4633 0.1846 -0.8668
vn -0.4694 0.0924 -0.8781
vn -0.3810 0.0924 -0.9199
vn -0.3799 0.1195 -0.9173
vn -0.3761 0.1846 -0.9080
vn 0.1927 0.1554 0.9689
vn 0.0968 0.1554 0.9831
vn 0.0833 0.5264 0.8462
vn 0.1659 0.5264 0.8339
vn 0.0000 0.1554 0.9879
vn 0.0000 0.5264 0.8503
vn 0.0000 0.9500 0.3123
vn 0.0306 0.9500 0.3108
vn 0.0609 0.9500 0.3063
vn -0.2882 0.1195 -0.9501
vn -0.2853 0.1846 -0.9405
vn -0.2890 0.0924 -0.9528
vn -0.1943 0.0924 -0.9766
vn -0.1937 0.1195 -0.9738
vn -0.1917 0.1846 -0.9639
vn -0.0973 0.1195 -0.9881
vn -0.0963 0.1846 -0.9781
vn -0.0976 0.0924 -0.9909
vn -0.0655 0.7443 -0.6646
vn -0.1303 0.7444 -0.6549
vn 0.0000 0.7444 -0.6678
vn -0.0096 0.6880 -0.7257
vn -0.0622 0.6808 -0.7299
vn -0.1510 0.6880 -0.7098
vn -0.3148 0.7443 0.5890
vn -0.2556 0.7444 0.6170
vn -0.3710 0.7444 0.5552
vn -0.3951 0.6880 0.6087
vn -0.3538 0.6807 0.6414
vn -0.2688 0.6880 0.6741
vn 0.5890 0.7443 -0.3148
vn 0.5552 0.7444 -0.3710
vn 0.6170 0.7444 -0.2555
vn 0.6667 0.6880 -0.2866
vn 0.6505 0.6807 -0.3367
vn 0.5980 0.6880 -0.4112
vn -0.4236 0.7443 0.5162
vn -0.4722 0.7444 0.4722
vn -0.5063 0.6880 0.5199
vn -0.4721 0.6807 0.5601
vn 0.6390 0.7443 -0.1939
vn 0.6550 0.7444 -0.1303
vn 0.7098 0.6880 -0.1510
vn 0.7037 0.6807 -0.2034
vn -0.5162 0.7443 0.4237
vn -0.5552 0.7444 0.3710
vn -0.5980 0.6880 0.4112
vn -0.5723 0.6807 0.4572
vn 0.6646 0.7443 -0.0655
vn 0.6678 0.7444 0.0000
vn 0.7257 0.6880 -0.0096
vn 0.7299 0.6807 -0.0622
vn -0.5890 0.7443 0.3148
vn -0.6170 0.7444 0.2555
vn -0.6667 0.6880 0.2866
vn -0.6505 0.6807 0.3367
vn 0.6646 0.7443 0.0655
vn 0.6550 0.7444 0.1303
vn 0.7136 0.6880 0.1321
vn 0.7280 0.6807 0.0814
vn -0.6390 0.7443 0.1939
vn -0.6550 0.7444 0.1303
vn -0.7098 0.6880 0.1510
vn -0.7037 0.6807 0.2034
vn 0.6391 0.7443 0.1939
vn 0.6170 0.7444 0.2556
vn 0.6741 0.6880 0.2688
vn 0.6981 0.6807 0.2219
vn -0.6646 0.7443 0.0655
vn -0.6678 0.7444 -0.0000
vn -0.7257 0.6880 0.0096
vn -0.7299 0.6807 0.0622
vn 0.5890 0.7443 0.3148
vn 0.5552 0.7444 0.3710
vn 0.6087 0.6880 0.3951
vn 0.6414 0.6807 0.3538
vn -0.6646 0.7443 -0.0655
vn -0.6550 0.7444 -0.1303
vn -0.7136 0.6880 -0.1321
vn -0.7280 0.6807 -0.0814
vn 0.5162 0.7443 0.4236
vn 0.4722 0.7444 0.4722
vn 0.5199 0.6880 0.5063
vn 0.5601 0.6807 0.4721
vn -0.6390 0.7443 -0.1939
vn -0.6170 0.7444 -0.2556
vn -0.6741 0.6880 -0.2688
vn -0.6981 0.6807 -0.2219
vn 0.4237 0.7443 0.5162
vn 0.3710 0.7444 0.5552
vn 0.4112 0.6880 0.5980
vn 0.4572 0.6807 0.5723
vn -0.5890 0.7443 -0.3148
vn -0.5552 0.7444 -0.3710
vn -0.6087 0.6880 -0.3951
vn -0.6414 0.6807 -0.3538
vn 0.3148 0.7443 0.5890
vn 0.2555 0.7444 0.6170
vn 0.2866 0.6880 0.6667
vn 0.3367 0.6807 0.6505
vn 0.0655 0.7443 -0.6646
vn 0.1303 0.7444 -0.6550
vn 0.1321 0.6880 -0.7136
vn 0.0814 0.6807 -0.7280
vn -0.5162 0.7443 -0.4236
vn -0.4722 0.7444 -0.4722
vn -0.5199 0.6880 -0.5063
vn -0.5601 0.6807 -0.4721
vn 0.1939 0.7443 0.6390
vn 0.1303 0.7444 0.6550
vn 0.1510 0.6880 0.7098
vn 0.2034 0.6807 0.7037
vn 0.1939 0.7443 -0.6391
vn 0.2556 0.7444 -0.6170
vn 0.2688 0.6880 -0.6741
vn 0.2219 0.6807 -0.6981
vn -0.4237 0.7443 -0.5162
vn -0.3710 0.7444 -0.5552
vn -0.4112 0.6880 -0.5980
vn -0.4572 0.6807 -0.5723
vn 0.0655 0.7443 0.6646
vn -0.0000 0.7444 0.6678
vn 0.0096 0.6880 0.7257
vn 0.0622 0.6807 0.7299
vn 0.3148 0.7443 -0.5890
vn 0.3710 0.7444 -0.5552
vn 0.3951 0.6880 -0.6087
vn 0.3538 0.6807 -0.6414
vn -0.3148 0.7443 -0.5890
vn -0.2555 0.7444 -0.6170
vn -0.2866 0.6880 -0.6667
vn -0.3367 0.6807 -0.6505
vn -0.0655 0.7443 0.6646
vn -0.1303 0.7444 0.6550
vn -0.1321 0.6880 0.7136
vn -0.0814 0.6807 0.7280
vn 0.4236 0.7443 -0.5162
vn 0.4722 0.7444 -0.4722
vn 0.5063 0.6880 -0.5199
vn 0.4721 0.6807 -0.5601
vn -0.1939 0.7443 -0.6390
vn -0.2034 0.6807 -0.7037
vn -0.1939 0.7443 0.6390
vn -0.2219 0.6807 0.6981
vn 0.5162 0.7443 -0.4237
vn 0.5723 0.6807 -0.4572
vn -0.0616 -0.6783 -0.7322
vn -0.0106 -0.5548 -0.8319
vn 0.0824 -0.6783 -0.7302
vn 0.1519 -0.5548 -0.8180
vn 0.2233 -0.6783 -0.7000
vn 0.3086 -0.5548 -0.7727
vn 0.3556 -0.6783 -0.6430
vn 0.4534 -0.5548 -0.6976
vn 0.4742 -0.6783 -0.5613
vn 0.5808 -0.5548 -0.5958
vn 0.5746 -0.6783 -0.4580
vn 0.6859 -0.5548 -0.4710
vn 0.6529 -0.6783 -0.3371
vn 0.7646 -0.5548 -0.3281
vn 0.7061 -0.6783 -0.2033
vn 0.8139 -0.5548 -0.1727
vn 0.7322 -0.6783 -0.0616
vn 0.8319 -0.5548 -0.0106
vn 0.7302 -0.6783 0.0824
vn 0.8180 -0.5548 0.1519
vn 0.7000 -0.6783 0.2233
vn 0.7727 -0.5548 0.3086
vn 0.6430 -0.6783 0.3556
vn 0.6976 -0.5548 0.4534
vn 0.5613 -0.6783 0.4742
vn 0.5958 -0.5548 0.5808
vn 0.4580 -0.6783 0.5746
vn 0.4710 -0.5548 0.6859
vn 0.3371 -0.6783 0.6529
vn 0.3281 -0.5548 0.7646
vn 0.2033 -0.6783 0.7061
vn 0.1727 -0.5548 0.8139
vn 0.0616 -0.6783 0.7322
vn 0.0106 -0.5548 0.8319
vn -0.0824 -0.6783 0.7302
vn -0.1519 -0.5548 0.8180
vn -0.2233 -0.6783 0.7000
vn -0.3086 -0.5548 0.7727
vn -0.3556 -0.6783 0.6430
vn -0.4534 -0.5548 0.6976
vn -0.4742 -0.6783 0.5613
vn -0.5808 -0.5548 0.5958
vn -0.5746 -0.6783 0.4580
vn -0.6859 -0.5548 0.4710
vn -0.6529 -0.6783 0.3371
vn -0.7646 -0.5548 0.3281
vn -0.7061 -0.6783 0.2033
vn -0.8139 -0.5548 0.1727
vn -0.7322 -0.6783 0.0616
vn -0.8319 -0.5548 0.0106
vn -0.7302 -0.6783 -0.0824
vn -0.8180 -0.5548 -0.1519
vn -0.7000 -0.6783 -0.2233
vn -0.7727 -0.5548 -0.3086
vn -0.6430 -0.6783 -0.3556
vn -0.6976 -0.5548 -0.4534
vn -0.5613 -0.6783 -0.4742
vn -0.5958 -0.5548 -0.5808
vn -0.4580 -0.6783 -0.5746
vn -0.4710 -0.5548 -0.6859
vn -0.3371 -0.6783 -0.6529
vn -0.3281 -0.5548 -0.7646
vn -0.2033 -0.6783 -0.7061
vn -0.1727 -0.5548 -0.8139
vn -0.5488 0.1554 0.8214
vn -0.4657 0.1554 0.8712
vn -0.4695 0.0889 0.8784
vn -0.5534 0.0889 0.8282
vn -0.3780 0.1554 0.9127
vn -0.3812 0.0889 0.9202
vn -0.3824 0.0400 0.9231
vn -0.4710 0.0400 0.8812
vn -0.5551 0.0400 0.8308
vn 1.0000 -0.0023 -0.0000
vn 0.9952 -0.0023 -0.0980
vn 0.8991 -0.4286 -0.0886
vn 0.9035 -0.4286 0.0000
vn 0.9808 -0.0023 -0.1951
vn 0.8861 -0.4286 -0.1763
vn 0.4211 -0.9031 -0.0838
vn 0.4273 -0.9031 -0.0421
vn 0.4293 -0.9031 -0.0000
vn 0.3780 0.1554 0.9127
vn 0.2868 0.1554 0.9453
vn 0.2468 0.5264 0.8137
vn 0.3254 0.5264 0.7855
vn 0.0906 0.9500 0.2988
vn 0.1195 0.9500 0.2885
vn 0.9808 -0.0023 0.1951
vn 0.9952 -0.0023 0.0980
vn 0.8991 -0.4286 0.0886
vn 0.8861 -0.4286 0.1763
vn 0.4273 -0.9031 0.0421
vn 0.4211 -0.9031 0.0838
vn 0.5488 0.1554 0.8214
vn 0.4657 0.1554 0.8712
vn 0.4008 0.5264 0.7499
vn 0.4724 0.5264 0.7070
vn 0.1472 0.9500 0.2754
vn 0.1735 0.9500 0.2596
vn -0.9808 -0.0023 0.1951
vn -0.9569 -0.0023 0.2903
vn -0.8646 -0.4286 0.2623
vn -0.8861 -0.4286 0.1763
vn -0.9239 -0.0023 0.3827
vn -0.8347 -0.4286 0.3457
vn -0.3966 -0.9031 0.1643
vn -0.4109 -0.9031 0.1246
vn -0.4211 -0.9031 0.0838
vn 0.6985 0.1554 0.6985
vn 0.6267 0.1554 0.7636
vn 0.5394 0.5264 0.6573
vn 0.6012 0.5264 0.6012
vn 0.1981 0.9500 0.2414
vn 0.2208 0.9500 0.2208
vn -0.0000 -0.0023 -1.0000
vn -0.0980 -0.0023 -0.9952
vn -0.0886 -0.4286 -0.8991
vn 0.0000 -0.4286 -0.9035
vn -0.1951 -0.0023 -0.9808
vn -0.1763 -0.4286 -0.8861
vn -0.0838 -0.9031 -0.4211
vn -0.0421 -0.9031 -0.4273
vn -0.0000 -0.9031 -0.4293
vn 0.8214 0.1554 0.5488
vn 0.7636 0.1554 0.6267
vn 0.6573 0.5264 0.5394
vn 0.7070 0.5264 0.4724
vn 0.2414 0.9500 0.1981
vn 0.2596 0.9500 0.1735
vn 0.9239 -0.0023 0.3827
vn 0.9569 -0.0023 0.2903
vn 0.8646 -0.4286 0.2623
vn 0.8347 -0.4286 0.3457
vn 0.4109 -0.9031 0.1246
vn 0.3967 -0.9031 0.1643
vn 0.9127 0.1554 0.3780
vn 0.8712 0.1554 0.4657
vn 0.7499 0.5264 0.4008
vn 0.7855 0.5264 0.3254
vn 0.2754 0.9500 0.1472
vn 0.2885 0.9500 0.1195
vn -0.5556 -0.0023 0.8315
vn -0.4714 -0.0023 0.8819
vn -0.4259 -0.4286 0.7968
vn -0.5019 -0.4286 0.7512
vn -0.3827 -0.0023 0.9239
vn -0.3457 -0.4286 0.8347
vn -0.1643 -0.9031 0.3967
vn -0.2024 -0.9031 0.3787
vn -0.2385 -0.9031 0.3570
vn 0.9689 0.1554 0.1927
vn 0.9453 0.1554 0.2868
vn 0.8137 0.5264 0.2468
vn 0.8339 0.5264 0.1659
vn 0.2988 0.9500 0.0907
vn 0.3063 0.9500 0.0609
vn -0.7071 -0.0023 -0.7071
vn -0.7730 -0.0023 -0.6344
vn -0.6984 -0.4286 -0.5732
vn -0.6389 -0.4286 -0.6389
vn -0.8315 -0.0023 -0.5556
vn -0.7512 -0.4286 -0.5019
vn -0.3570 -0.9031 -0.2385
vn -0.3319 -0.9031 -0.2724
vn -0.3036 -0.9031 -0.3036
vn 0.9879 0.1554 -0.0000
vn 0.9831 0.1554 0.0968
vn 0.8462 0.5264 0.0833
vn 0.8503 0.5264 0.0000
vn 0.3108 0.9500 0.0306
vn 0.3123 0.9500 -0.0000
vn 0.8315 -0.0023 0.5556
vn 0.8819 -0.0023 0.4714
vn 0.7968 -0.4286 0.4259
vn 0.7512 -0.4286 0.5019
vn 0.3787 -0.9031 0.2024
vn 0.3570 -0.9031 0.2385
vn 0.9689 0.1554 -0.1927
vn 0.9831 0.1554 -0.0968
vn 0.8462 0.5264 -0.0833
vn 0.8339 0.5264 -0.1659
vn 0.3108 0.9500 -0.0306
vn 0.3063 0.9500 -0.0609
vn 0.7071 -0.0023 0.7071
vn 0.7730 -0.0023 0.6344
vn 0.6984 -0.4286 0.5732
vn 0.6389 -0.4286 0.6389
vn 0.3319 -0.9031 0.2724
vn 0.3036 -0.9031 0.3036
vn 0.9127 0.1554 -0.3780
vn 0.9453 0.1554 -0.2868
vn 0.8137 0.5264 -0.2468
vn 0.7855 0.5264 -0.3254
vn 0.2988 0.9500 -0.0906
vn 0.2885 0.9500 -0.1195
vn -1.0000 -0.0023 0.0000
vn -0.9952 -0.0023 0.0980
vn -0.8991 -0.4286 0.0886
vn -0.9035 -0.4286 0.0000
vn -0.4273 -0.9031 0.0421
vn -0.4293 -0.9031 0.0000
vn 0.8214 0.1554 -0.5488
vn 0.8712 0.1554 -0.4657
vn 0.7499 0.5264 -0.4008
vn 0.7070 0.5264 -0.4724
vn 0.2754 0.9500 -0.1472
vn 0.2596 0.9500 -0.1735
vn -0.1927 0.1554 -0.9689
vn -0.0968 0.1554 -0.9831
vn -0.0833 0.5264 -0.8462
vn -0.1659 0.5264 -0.8339
vn -0.0000 0.1554 -0.9879
vn -0.0000 0.5264 -0.8503
vn -0.0000 0.9500 -0.3123
vn -0.0306 0.9500 -0.3108
vn -0.0609 0.9500 -0.3063
vn 0.5556 -0.0023 0.8315
vn 0.6344 -0.0023 0.7730
vn 0.5732 -0.4286 0.6984
vn 0.5019 -0.4286 0.7512
vn 0.2724 -0.9031 0.3319
vn 0.2385 -0.9031 0.3570
vn 0.6985 0.1554 -0.6985
vn 0.7636 0.1554 -0.6267
vn 0.6573 0.5264 -0.5394
vn 0.6012 0.5264 -0.6012
vn 0.2414 0.9500 -0.1981
vn 0.2208 0.9500 -0.2208
vn -0.3780 0.1554 -0.9127
vn -0.2868 0.1554 -0.9453
vn -0.2468 0.5264 -0.8137
vn -0.3254 0.5264 -0.7855
vn -0.0906 0.9500 -0.2988
vn -0.1195 0.9500 -0.2885
vn 0.1951 -0.0023 -0.9808
vn 0.0980 -0.0023 -0.9952
vn 0.0886 -0.4286 -0.8991
vn 0.1763 -0.4286 -0.8861
vn 0.0421 -0.9031 -0.4273
vn 0.0838 -0.9031 -0.4211
vn 0.5488 0.1554 -0.8214
vn 0.6267 0.1554 -0.7636
vn 0.5394 0.5264 -0.6573
vn 0.4724 0.5264 -0.7070
vn 0.1981 0.9500 -0.2414
vn 0.1735 0.9500 -0.2596
vn -0.5488 0.1554 -0.8214
vn -0.4657 0.1554 -0.8712
vn -0.4008 0.5264 -0.7499
vn -0.4724 0.5264 -0.7070
vn -0.1472 0.9500 -0.2754
vn -0.1735 0.9500 -0.2596
vn -0.7071 -0.0023 0.7071
vn -0.6344 -0.0023 0.7730
vn -0.5732 -0.4286 0.6984
vn -0.6389 -0.4286 0.6389
vn -0.2724 -0.9031 0.3319
vn -0.3036 -0.9031 0.3036
vn 0.3780 0.1554 -0.9127
vn 0.4657 0.1554 -0.8712
vn 0.4008 0.5264 -0.7499
vn 0.3254 0.5264 -0.7855
vn 0.1472 0.9500 -0.2754
vn 0.1195 0.9500 -0.2885
vn -0.6985 0.1554 -0.6985
vn -0.6267 0.1554 -0.7636
vn -0.5394 0.5264 -0.6573
vn -0.6012 0.5264 -0.6012
vn -0.1981 0.9500 -0.2414
vn -0.2208 0.9500 -0.2208
vn -0.5556 -0.0023 -0.8315
vn -0.6344 -0.0023 -0.7730
vn -0.5732 -0.4286 -0.6984
vn -0.5019 -0.4286 -0.7512
vn -0.2724 -0.9031 -0.3319
vn -0.2385 -0.9031 -0.3570
vn -0.0978 0.0724 0.9926
vn -0.1946 0.0724 0.9782
vn -0.0000 0.0724 0.9974
vn 0.0000 -0.0023 1.0000
vn -0.0980 -0.0023 0.9952
vn -0.1951 -0.0023 0.9808
vn 0.6327 0.0724 -0.7710
vn 0.7052 0.0724 -0.7052
vn 0.5541 0.0724 -0.8293
vn 0.5556 -0.0023 -0.8315
vn 0.6344 -0.0023 -0.7730
vn 0.7071 -0.0023 -0.7071
vn -0.4702 0.0724 -0.8796
vn -0.3817 0.0724 -0.9215
vn -0.5541 0.0724 -0.8293
vn -0.4714 -0.0023 -0.8819
vn -0.3827 -0.0023 -0.9239
vn -0.7710 0.0724 0.6327
vn -0.8293 0.0724 0.5541
vn -0.7052 0.0724 0.7052
vn -0.7730 -0.0023 0.6344
vn -0.8315 -0.0023 0.5556
vn 0.4702 0.0724 -0.8796
vn 0.3817 0.0724 -0.9215
vn 0.3827 -0.0023 -0.9239
vn 0.4714 -0.0023 -0.8819
vn 0.0978 0.0724 0.9926
vn 0.1946 0.0724 0.9782
vn 0.1951 -0.0023 0.9808
vn 0.0980 -0.0023 0.9952
vn 0.2895 0.0724 -0.9544
vn 0.1946 0.0724 -0.9782
vn 0.2903 -0.0023 -0.9569
vn -0.9926 0.0724 -0.0978
vn -0.9782 0.0724 -0.1946
vn -0.9974 0.0724 -0.0000
vn -0.9952 -0.0023 -0.0980
vn -0.9808 -0.0023 -0.1951
vn 0.2895 0.0724 0.9544
vn 0.3817 0.0724 0.9215
vn 0.3827 -0.0023 0.9239
vn 0.2903 -0.0023 0.9569
vn 0.4702 0.0724 0.8796
vn 0.5541 0.0724 0.8293
vn 0.4714 -0.0023 0.8819
vn -0.6327 0.0724 -0.7710
vn -0.7052 0.0724 -0.7052
vn -0.6327 0.0724 0.7710
vn -0.5541 0.0724 0.8293
vn 0.0978 0.0724 -0.9926
vn 0.0000 0.0724 -0.9974
vn 0.6327 0.0724 0.7710
vn 0.7052 0.0724 0.7052
vn -0.9926 0.0724 0.0978
vn -0.9782 0.0724 0.1946
vn 0.7710 0.0724 0.6327
vn 0.8293 0.0724 0.5541
vn 0.8796 0.0724 0.4702
vn 0.9215 0.0724 0.3817
vn -0.7710 0.0724 -0.6327
vn -0.8293 0.0724 -0.5541
vn -0.4702 0.0724 0.8796
vn -0.3817 0.0724 0.9215
vn 0.9544 0.0724 0.2895
vn 0.9782 0.0724 0.1946
vn -0.0978 0.0724 -0.9926
vn -0.1946 0.0724 -0.9782
vn -0.9544 0.0724 0.2895
vn -0.9215 0.0724 0.3817
vn 0.9926 0.0724 0.0978
vn 0.9974 0.0724 0.0000
vn 0.9926 0.0724 -0.0978
vn 0.9782 0.0724 -0.1946
vn -0.8796 0.0724 -0.4702
vn -0.9215 0.0724 -0.3817
vn -0.9239 -0.0023 -0.3827
vn -0.8819 -0.0023 -0.4714
vn -0.2895 0.0724 0.9544
vn -0.2903 -0.0023 0.9569
vn 0.9544 0.0724 -0.2895
vn 0.9215 0.0724 -0.3817
vn 0.9239 -0.0023 -0.3827
vn 0.9569 -0.0023 -0.2903
vn -0.2895 0.0724 -0.9544
vn -0.2903 -0.0023 -0.9569
vn -0.8796 0.0724 0.4702
vn -0.8819 -0.0023 0.4714
vn 0.8796 0.0724 -0.4702
vn 0.8293 0.0724 -0.5541
vn 0.8315 -0.0023 -0.5556
vn 0.8819 -0.0023 -0.4714
vn 0.7710 0.0724 -0.6327
vn 0.7730 -0.0023 -0.6344
vn -0.9544 0.0724 -0.2895
vn -0.9569 -0.0023 -0.2903
vn 0.0306 0.9500 -0.3108
vn 0.0246 0.9680 -0.2497
vn 0.0000 0.9680 -0.2509
vn 0.0609 0.9500 -0.3063
vn 0.0490 0.9680 -0.2461
vn 0.1531 0.6200 -0.7696
vn 0.0769 0.6200 -0.7809
vn 0.0000 0.6200 -0.7846
vn -0.2885 0.9500 -0.1195
vn -0.2754 0.9500 -0.1472
vn -0.2213 0.9680 -0.1183
vn -0.2318 0.9680 -0.0960
vn -0.2596 0.9500 -0.1735
vn -0.2086 0.9680 -0.1394
vn -0.6524 0.6200 -0.4359
vn -0.6920 0.6200 -0.3699
vn -0.7249 0.6200 -0.3003
vn -0.4091 -0.9116 0.0403
vn -0.4111 -0.9116 0.0000
vn -0.4032 -0.9116 0.0802
vn -0.8603 -0.4802 0.1711
vn -0.8729 -0.4802 0.0860
vn -0.8772 -0.4802 -0.0000
vn -0.3063 0.9500 -0.0609
vn -0.2988 0.9500 -0.0907
vn -0.2401 0.9680 -0.0728
vn -0.2461 0.9680 -0.0490
vn -0.7508 0.6200 -0.2278
vn -0.7696 0.6200 -0.1531
vn 0.2608 -0.9116 0.3177
vn 0.2284 -0.9116 0.3418
vn 0.2907 -0.9116 0.2907
vn 0.6202 -0.4802 0.6202
vn 0.5565 -0.4802 0.6780
vn 0.4873 -0.4802 0.7293
vn -0.3123 0.9500 0.0000
vn -0.3108 0.9500 -0.0306
vn -0.2497 0.9680 -0.0246
vn -0.2509 0.9680 -0.0000
vn -0.7809 0.6200 -0.0769
vn -0.7846 0.6200 -0.0000
vn 0.0403 -0.9116 -0.4091
vn 0.0802 -0.9116 -0.4032
vn -0.0000 -0.9116 -0.4111
vn 0.0000 -0.4802 -0.8772
vn 0.0860 -0.4802 -0.8729
vn 0.1711 -0.4802 -0.8603
vn -0.3063 0.9500 0.0609
vn -0.3108 0.9500 0.0306
vn -0.2497 0.9680 0.0246
vn -0.2461 0.9680 0.0490
vn -0.7809 0.6200 0.0769
vn -0.7696 0.6200 0.1531
vn -0.2608 -0.9116 0.3177
vn -0.2907 -0.9116 0.2907
vn -0.2284 -0.9116 0.3418
vn -0.4873 -0.4802 0.7293
vn -0.5565 -0.4802 0.6780
vn -0.6202 -0.4802 0.6202
vn -0.2885 0.9500 0.1195
vn -0.2988 0.9500 0.0907
vn -0.2401 0.9680 0.0728
vn -0.2318 0.9680 0.0960
vn -0.7508 0.6200 0.2278
vn -0.7249 0.6200 0.3003
vn -0.2608 -0.9116 -0.3177
vn -0.2284 -0.9116 -0.3418
vn -0.2907 -0.9116 -0.2907
vn -0.6202 -0.4802 -0.6202
vn -0.5565 -0.4802 -0.6780
vn -0.4873 -0.4802 -0.7293
vn -0.2596 0.9500 0.1735
vn -0.2754 0.9500 0.1472
vn -0.2213 0.9680 0.1183
vn -0.2086 0.9680 0.1394
vn -0.6920 0.6200 0.3699
vn -0.6524 0.6200 0.4359
vn 0.1643 -0.9031 0.3967
vn 0.2024 -0.9031 0.3787
vn 0.1938 -0.9116 0.3625
vn 0.1573 -0.9116 0.3798
vn 0.4135 -0.4802 0.7736
vn 0.3357 -0.4802 0.8104
vn -0.2208 0.9500 0.2208
vn -0.2414 0.9500 0.1981
vn -0.1940 0.9680 0.1592
vn -0.1774 0.9680 0.1774
vn -0.6065 0.6200 0.4978
vn -0.5548 0.6200 0.5548
vn 0.0838 -0.9031 0.4211
vn 0.1246 -0.9031 0.4109
vn 0.1193 -0.9116 0.3934
vn 0.0802 -0.9116 0.4032
vn 0.2546 -0.4802 0.8394
vn 0.1711 -0.4802 0.8603
vn -0.1735 0.9500 0.2596
vn -0.1981 0.9500 0.2414
vn -0.1592 0.9680 0.1940
vn -0.1394 0.9680 0.2086
vn -0.4978 0.6200 0.6065
vn -0.4359 0.6200 0.6524
vn -0.4211 -0.9031 -0.0838
vn -0.4273 -0.9031 -0.0421
vn -0.4091 -0.9116 -0.0403
vn -0.4032 -0.9116 -0.0802
vn -0.8729 -0.4802 -0.0860
vn -0.8603 -0.4802 -0.1711
vn -0.1195 0.9500 0.2885
vn -0.1472 0.9500 0.2754
vn -0.1183 0.9680 0.2213
vn -0.0960 0.9680 0.2318
vn -0.3699 0.6200 0.6920
vn -0.3003 0.6200 0.7249
vn 0.1643 -0.9031 -0.3967
vn 0.1246 -0.9031 -0.4109
vn 0.1193 -0.9116 -0.3934
vn 0.1573 -0.9116 -0.3798
vn 0.2546 -0.4802 -0.8394
vn 0.3357 -0.4802 -0.8104
vn -0.0609 0.9500 0.3063
vn -0.0907 0.9500 0.2988
vn -0.0728 0.9680 0.2401
vn -0.0490 0.9680 0.2461
vn -0.2278 0.6200 0.7508
vn -0.1531 0.6200 0.7696
vn 0.0000 -0.9031 0.4293
vn 0.0421 -0.9031 0.4273
vn 0.0403 -0.9116 0.4091
vn 0.0000 -0.9116 0.4111
vn 0.0860 -0.4802 0.8729
vn -0.0000 -0.4802 0.8772
vn -0.3967 -0.9031 -0.1643
vn -0.4109 -0.9031 -0.1246
vn -0.3934 -0.9116 -0.1193
vn -0.3798 -0.9116 -0.1573
vn -0.8394 -0.4802 -0.2546
vn -0.8104 -0.4802 -0.3357
vn -0.0306 0.9500 0.3108
vn -0.0246 0.9680 0.2497
vn -0.0000 0.9680 0.2509
vn -0.0769 0.6200 0.7809
vn -0.0000 0.6200 0.7846
vn 0.2385 -0.9031 -0.3570
vn 0.2024 -0.9031 -0.3787
vn 0.1938 -0.9116 -0.3625
vn 0.2284 -0.9116 -0.3418
vn 0.4135 -0.4802 -0.7736
vn 0.4873 -0.4802 -0.7293
vn 0.3570 -0.9031 -0.2385
vn 0.3319 -0.9031 -0.2724
vn 0.3177 -0.9116 -0.2608
vn 0.3418 -0.9116 -0.2284
vn 0.3036 -0.9031 -0.3036
vn 0.2907 -0.9116 -0.2907
vn 0.6202 -0.4802 -0.6202
vn 0.6780 -0.4802 -0.5565
vn 0.7293 -0.4802 -0.4873
vn 0.0246 0.9680 0.2497
vn 0.0490 0.9680 0.2461
vn 0.0769 0.6200 0.7809
vn 0.1531 0.6200 0.7696
vn -0.3570 -0.9031 0.2385
vn -0.3319 -0.9031 0.2724
vn -0.3177 -0.9116 0.2608
vn -0.3418 -0.9116 0.2284
vn -0.6780 -0.4802 0.5565
vn -0.7293 -0.4802 0.4873
vn 0.3967 -0.9031 -0.1643
vn 0.3787 -0.9031 -0.2024
vn 0.3625 -0.9116 -0.1938
vn 0.3798 -0.9116 -0.1573
vn 0.7736 -0.4802 -0.4135
vn 0.8104 -0.4802 -0.3357
vn 0.0728 0.9680 0.2401
vn 0.0960 0.9680 0.2318
vn 0.2278 0.6200 0.7508
vn 0.3003 0.6200 0.7249
vn -0.1643 -0.9031 -0.3967
vn -0.2024 -0.9031 -0.3787
vn -0.1938 -0.9116 -0.3625
vn -0.1573 -0.9116 -0.3798
vn -0.4135 -0.4802 -0.7736
vn -0.3357 -0.4802 -0.8104
vn -0.3787 -0.9031 0.2024
vn -0.3625 -0.9116 0.1938
vn -0.3798 -0.9116 0.1573
vn -0.7736 -0.4802 0.4135
vn -0.8104 -0.4802 0.3357
vn 0.1183 0.9680 0.2213
vn 0.1394 0.9680 0.2086
vn 0.3699 0.6200 0.6920
vn 0.4359 0.6200 0.6524
vn -0.7968 -0.4286 -0.4259
vn -0.8347 -0.4286 -0.3457
vn -0.3787 -0.9031 -0.2024
vn -0.0968 0.1554 0.9831
vn -0.0833 0.5264 0.8462
vn -0.1927 0.1554 0.9689
vn -0.1659 0.5264 0.8339
vn -0.2623 -0.4286 0.8646
vn -0.1763 -0.4286 0.8861
vn -0.0838 -0.9031 0.4211
vn -0.1246 -0.9031 0.4109
vn -0.2868 0.1554 0.9453
vn -0.2468 0.5264 0.8137
vn -0.3254 0.5264 0.7855
vn 0.8646 -0.4286 -0.2623
vn 0.8347 -0.4286 -0.3457
vn 0.4109 -0.9031 -0.1246
vn -0.0886 -0.4286 0.8991
vn -0.0000 -0.4286 0.9035
vn -0.0421 -0.9031 0.4273
vn -0.4008 0.5264 0.7499
vn -0.4724 0.5264 0.7070
vn -0.2623 -0.4286 -0.8646
vn -0.3457 -0.4286 -0.8347
vn -0.1246 -0.9031 -0.4109
vn 0.5732 -0.4286 -0.6984
vn 0.6389 -0.4286 -0.6389
vn 0.5019 -0.4286 -0.7512
vn 0.2724 -0.9031 -0.3319
vn -0.6267 0.1554 0.7636
vn -0.5394 0.5264 0.6573
vn -0.6985 0.1554 0.6985
vn -0.6012 0.5264 0.6012
vn -0.7968 -0.4286 0.4259
vn -0.7512 -0.4286 0.5019
vn -0.4259 -0.4286 -0.7968
vn -0.7636 0.1554 0.6267
vn -0.6573 0.5264 0.5394
vn -0.8214 0.1554 0.5488
vn -0.7070 0.5264 0.4724
vn 0.7968 -0.4286 -0.4259
vn 0.7512 -0.4286 -0.5019
vn -0.6984 -0.4286 0.5732
vn -0.8712 0.1554 0.4657
vn -0.7499 0.5264 0.4008
vn -0.9127 0.1554 0.3780
vn -0.7855 0.5264 0.3254
vn 0.6984 -0.4286 -0.5732
vn 0.4259 -0.4286 -0.7968
vn 0.3457 -0.4286 -0.8347
vn -0.9453 0.1554 0.2868
vn -0.8137 0.5264 0.2468
vn -0.9689 0.1554 0.1927
vn -0.8339 0.5264 0.1659
vn -0.8646 -0.4286 -0.2623
vn -0.8861 -0.4286 -0.1763
vn 0.0886 -0.4286 0.8991
vn 0.1763 -0.4286 0.8861
vn -0.9831 0.1554 0.0968
vn -0.8462 0.5264 0.0833
vn -0.9879 0.1554 -0.0000
vn -0.8503 0.5264 -0.0000
vn 0.2623 -0.4286 -0.8646
vn -0.9831 0.1554 -0.0968
vn -0.8462 0.5264 -0.0833
vn -0.9689 0.1554 -0.1927
vn -0.8339 0.5264 -0.1659
vn -0.8991 -0.4286 -0.0886
vn -0.9453 0.1554 -0.2868
vn -0.8137 0.5264 -0.2468
vn -0.9127 0.1554 -0.3780
vn -0.7855 0.5264 -0.3254
vn 0.2623 -0.4286 0.8646
vn 0.3457 -0.4286 0.8347
vn -0.8712 0.1554 -0.4657
vn -0.7499 0.5264 -0.4008
vn -0.8214 0.1554 -0.5488
vn -0.7070 0.5264 -0.4724
vn 0.0968 0.1554 -0.9831
vn 0.0833 0.5264 -0.8462
vn 0.1927 0.1554 -0.9689
vn 0.1659 0.5264 -0.8339
vn 0.4259 -0.4286 0.7968
vn -0.7636 0.1554 -0.6267
vn -0.6573 0.5264 -0.5394
vn -0.2414 0.9500 -0.1981
vn 0.2868 0.1554 -0.9453
vn 0.2468 0.5264 -0.8137
vn 0.0907 0.9500 -0.2988
vn -0.9231 0.0400 -0.3824
vn -0.9562 0.0400 -0.2901
vn -0.9187 -0.2799 -0.2787
vn -0.8870 -0.2799 -0.3674
vn -0.9800 0.0400 -0.1949
vn -0.9416 -0.2799 -0.1873
vn -0.5301 -0.8413 -0.1054
vn -0.5173 -0.8413 -0.1569
vn -0.4994 -0.8413 -0.2068
vn 0.8784 0.0889 -0.4695
vn 0.9202 0.0889 -0.3812
vn 0.8282 0.0889 -0.5534
vn 0.8308 0.0400 -0.5551
vn 0.8812 0.0400 -0.4710
vn 0.9231 0.0400 -0.3824
vn -0.6319 0.0889 0.7700
vn -0.7043 0.0889 0.7043
vn -0.6339 0.0400 0.7724
vn -0.7065 0.0400 0.7065
vn 0.9532 0.0889 -0.2891
vn 0.9769 0.0889 -0.1943
vn 0.9562 0.0400 -0.2901
vn 0.9800 0.0400 -0.1949
vn -0.7700 0.0889 0.6319
vn -0.8282 0.0889 0.5534
vn -0.7724 0.0400 0.6339
vn -0.8308 0.0400 0.5551
vn 0.9912 0.0889 -0.0976
vn 0.9960 0.0889 -0.0000
vn 0.9944 0.0400 -0.0979
vn 0.9992 0.0400 -0.0000
vn -0.8784 0.0889 0.4695
vn -0.9202 0.0889 0.3812
vn -0.8812 0.0400 0.4710
vn -0.9231 0.0400 0.3824
vn 0.9912 0.0889 0.0976
vn 0.9769 0.0889 0.1943
vn 0.9944 0.0400 0.0979
vn 0.9800 0.0400 0.1949
vn -0.9532 0.0889 0.2891
vn -0.9769 0.0889 0.1943
vn -0.9562 0.0400 0.2901
vn -0.9800 0.0400 0.1949
vn 0.9532 0.0889 0.2891
vn 0.9202 0.0889 0.3812
vn 0.9562 0.0400 0.2901
vn 0.9231 0.0400 0.3824
vn -0.9912 0.0889 0.0976
vn -0.9960 0.0889 0.0000
vn -0.9944 0.0400 0.0979
vn -0.9992 0.0400 0.0000
vn 0.8784 0.0889 0.4695
vn 0.8282 0.0889 0.5534
vn 0.8812 0.0400 0.4710
vn 0.8308 0.0400 0.5551
vn -0.9912 0.0889 -0.0976
vn -0.9769 0.0889 -0.1943
vn -0.9944 0.0400 -0.0979
vn 0.7700 0.0889 0.6319
vn 0.7043 0.0889 0.7043
vn 0.7724 0.0400 0.6339
vn 0.7065 0.0400 0.7065
vn -0.9532 0.0889 -0.2891
vn -0.9202 0.0889 -0.3812
vn 0.6319 0.0889 0.7700
vn 0.5534 0.0889 0.8282
vn 0.6339 0.0400 0.7724
vn 0.5551 0.0400 0.8308
vn -0.8784 0.0889 -0.4695
vn -0.8282 0.0889 -0.5534
vn -0.8812 0.0400 -0.4710
vn -0.8308 0.0400 -0.5551
vn 0.4695 0.0889 0.8784
vn 0.3812 0.0889 0.9202
vn 0.4710 0.0400 0.8812
vn 0.3824 0.0400 0.9231
vn 0.0976 0.0889 -0.9912
vn 0.1943 0.0889 -0.9769
vn -0.0000 0.0889 -0.9960
vn -0.0000 0.0400 -0.9992
vn 0.0979 0.0400 -0.9944
vn 0.1949 0.0400 -0.9800
vn -0.7700 0.0889 -0.6319
vn -0.7043 0.0889 -0.7043
vn -0.7724 0.0400 -0.6339
vn -0.7065 0.0400 -0.7065
vn 0.2891 0.0889 0.9532
vn 0.1943 0.0889 0.9769
vn 0.2901 0.0400 0.9562
vn 0.1949 0.0400 0.9800
vn 0.2891 0.0889 -0.9532
vn 0.3812 0.0889 -0.9202
vn 0.2901 0.0400 -0.9562
vn 0.3824 0.0400 -0.9231
vn -0.6319 0.0889 -0.7700
vn -0.5534 0.0889 -0.8282
vn -0.6339 0.0400 -0.7724
vn -0.5551 0.0400 -0.8308
vn 0.0976 0.0889 0.9912
vn 0.0000 0.0889 0.9960
vn 0.0979 0.0400 0.9944
vn 0.0000 0.0400 0.9992
vn 0.4695 0.0889 -0.8784
vn 0.5534 0.0889 -0.8282
vn 0.4710 0.0400 -0.8812
vn 0.5551 0.0400 -0.8308
vn -0.4695 0.0889 -0.8784
vn -0.3812 0.0889 -0.9202
vn -0.4710 0.0400 -0.8812
vn -0.3824 0.0400 -0.9231
vn -0.0976 0.0889 0.9912
vn -0.1943 0.0889 0.9769
vn -0.0979 0.0400 0.9944
vn -0.1949 0.0400 0.9800
vn 0.6319 0.0889 -0.7700
vn 0.7043 0.0889 -0.7043
vn 0.6339 0.0400 -0.7724
vn 0.7065 0.0400 -0.7065
vn -0.2891 0.0889 -0.9532
vn -0.1943 0.0889 -0.9769
vn -0.2901 0.0400 -0.9562
vn -0.1949 0.0400 -0.9800
vn -0.2891 0.0889 0.9532
vn -0.2901 0.0400 0.9562
vn 0.7700 0.0889 -0.6319
vn 0.7724 0.0400 -0.6339
vn -0.0976 0.0889 -0.9912
vn -0.0979 0.0400 -0.9944
vn 0.9206 -0.0837 0.3813
vn 0.9536 -0.0837 0.2893
vn 0.9569 -0.0002 0.2903
vn 0.9239 -0.0002 0.3827
vn 0.9773 -0.0837 0.1944
vn 0.9808 -0.0002 0.1951
vn 0.9790 0.0605 0.1947
vn 0.9552 0.0605 0.2898
vn 0.9222 0.0605 0.3820
vn -0.9554 -0.2799 -0.0941
vn -0.9600 -0.2799 0.0000
vn -0.5405 -0.8413 0.0000
vn -0.5379 -0.8413 -0.0530
vn 0.9917 -0.0837 0.0977
vn 0.9952 -0.0002 0.0980
vn 0.9965 -0.0837 0.0000
vn 1.0000 -0.0002 -0.0000
vn 0.9982 0.0605 -0.0000
vn 0.9934 0.0605 0.0978
vn -0.9554 -0.2799 0.0941
vn -0.9416 -0.2799 0.1873
vn -0.5301 -0.8413 0.1054
vn -0.5379 -0.8413 0.0530
vn 0.9917 -0.0837 -0.0977
vn 0.9952 -0.0002 -0.0980
vn 0.9773 -0.0837 -0.1944
vn 0.9808 -0.0002 -0.1951
vn 0.9790 0.0605 -0.1947
vn 0.9934 0.0605 -0.0978
vn -0.9187 -0.2799 0.2787
vn -0.8870 -0.2799 0.3674
vn -0.4994 -0.8413 0.2068
vn -0.5173 -0.8413 0.1569
vn 0.9536 -0.0837 -0.2893
vn 0.9569 -0.0002 -0.2903
vn 0.9206 -0.0837 -0.3813
vn 0.9239 -0.0002 -0.3827
vn 0.9222 0.0605 -0.3820
vn 0.9552 0.0605 -0.2898
vn -0.8467 -0.2799 0.4526
vn -0.7982 -0.2799 0.5334
vn -0.4494 -0.8413 0.3003
vn -0.4767 -0.8413 0.2548
vn 0.8788 -0.0837 -0.4697
vn 0.8819 -0.0002 -0.4714
vn 0.8285 -0.0837 -0.5536
vn 0.8315 -0.0002 -0.5556
vn 0.8299 0.0605 -0.5546
vn 0.8803 0.0605 -0.4705
vn 0.0000 -0.0837 -0.9965
vn -0.0977 -0.0837 -0.9917
vn -0.0980 -0.0002 -0.9952
vn -0.0000 -0.0002 -1.0000
vn -0.1944 -0.0837 -0.9773
vn -0.1951 -0.0002 -0.9808
vn -0.1947 0.0605 -0.9790
vn -0.0978 0.0605 -0.9934
vn 0.0000 0.0605 -0.9982
vn -0.7421 -0.2799 0.6090
vn -0.6788 -0.2799 0.6788
vn -0.3822 -0.8413 0.3822
vn -0.4178 -0.8413 0.3429
vn 0.7703 -0.0837 -0.6322
vn 0.7730 -0.0002 -0.6344
vn 0.7046 -0.0837 -0.7046
vn 0.7071 -0.0002 -0.7071
vn 0.7058 0.0605 -0.7058
vn 0.7716 0.0605 -0.6332
vn -0.2893 -0.0837 -0.9536
vn -0.2903 -0.0002 -0.9569
vn -0.3813 -0.0837 -0.9206
vn -0.3827 -0.0002 -0.9239
vn -0.3820 0.0605 -0.9222
vn -0.2898 0.0605 -0.9552
vn -0.6090 -0.2799 0.7421
vn -0.5334 -0.2799 0.7982
vn -0.3003 -0.8413 0.4494
vn -0.3429 -0.8413 0.4178
vn 0.6322 -0.0837 -0.7703
vn 0.6344 -0.0002 -0.7730
vn 0.5536 -0.0837 -0.8285
vn 0.5556 -0.0002 -0.8315
vn 0.5546 0.0605 -0.8299
vn 0.6332 0.0605 -0.7716
vn -0.4697 -0.0837 -0.8788
vn -0.4714 -0.0002 -0.8819
vn -0.5536 -0.0837 -0.8285
vn -0.5556 -0.0002 -0.8315
vn -0.5546 0.0605 -0.8299
vn -0.4705 0.0605 -0.8803
vn -0.4526 -0.2799 0.8467
vn -0.3674 -0.2799 0.8870
vn -0.2068 -0.8413 0.4994
vn -0.2548 -0.8413 0.4767
vn 0.4697 -0.0837 -0.8788
vn 0.4714 -0.0002 -0.8819
vn 0.3813 -0.0837 -0.9206
vn 0.3827 -0.0002 -0.9239
vn 0.3820 0.0605 -0.9222
vn 0.4705 0.0605 -0.8803
vn -0.6322 -0.0837 -0.7703
vn -0.6344 -0.0002 -0.7730
vn -0.7046 -0.0837 -0.7046
vn -0.7071 -0.0002 -0.7071
vn -0.7058 0.0605 -0.7058
vn -0.6332 0.0605 -0.7716
vn -0.2787 -0.2799 0.9187
vn -0.1873 -0.2799 0.9416
vn -0.1054 -0.8413 0.5301
vn -0.1569 -0.8413 0.5173
vn 0.2893 -0.0837 -0.9536
vn 0.2903 -0.0002 -0.9569
vn 0.1944 -0.0837 -0.9773
vn 0.1951 -0.0002 -0.9808
vn 0.1947 0.0605 -0.9790
vn 0.2898 0.0605 -0.9552
vn -0.7703 -0.0837 -0.6322
vn -0.7730 -0.0002 -0.6344
vn -0.8285 -0.0837 -0.5536
vn -0.8315 -0.0002 -0.5556
vn -0.8299 0.0605 -0.5546
vn -0.7716 0.0605 -0.6332
vn -0.0941 -0.2799 0.9554
vn 0.0000 -0.2799 0.9600
vn -0.0000 -0.8413 0.5405
vn -0.0530 -0.8413 0.5379
vn 0.0977 -0.0837 -0.9917
vn 0.0980 -0.0002 -0.9952
vn 0.0978 0.0605 -0.9934
vn -0.8788 -0.0837 -0.4697
vn -0.8819 -0.0002 -0.4714
vn -0.9206 -0.0837 -0.3813
vn -0.9239 -0.0002 -0.3827
vn -0.9222 0.0605 -0.3820
vn -0.8803 0.0605 -0.4705
vn 0.0941 -0.2799 0.9554
vn 0.1873 -0.2799 0.9416
vn 0.1054 -0.8413 0.5301
vn 0.0530 -0.8413 0.5379
vn -0.9536 -0.0837 -0.2893
vn -0.9569 -0.0002 -0.2903
vn -0.9773 -0.0837 -0.1944
vn -0.9808 -0.0002 -0.1951
vn -0.9790 0.0605 -0.1947
vn -0.9552 0.0605 -0.2898
vn 0.2787 -0.2799 0.9187
vn 0.3674 -0.2799 0.8870
vn 0.2068 -0.8413 0.4994
vn 0.1569 -0.8413 0.5173
vn -0.9917 -0.0837 -0.0977
vn -0.9952 -0.0002 -0.0980
vn -0.9965 -0.0837 0.0000
vn -1.0000 -0.0002 0.0000
vn -0.9982 0.0605 0.0000
vn -0.9934 0.0605 -0.0978
vn 0.4526 -0.2799 0.8467
vn 0.5334 -0.2799 0.7982
vn 0.3003 -0.8413 0.4494
vn 0.2548 -0.8413 0.4767
vn -0.9917 -0.0837 0.0977
vn -0.9952 -0.0002 0.0980
vn -0.9773 -0.0837 0.1944
vn -0.9808 -0.0002 0.1951
vn -0.9790 0.0605 0.1947
vn -0.9934 0.0605 0.0978
vn 0.2787 -0.2799 -0.9187
vn 0.3674 -0.2799 -0.8870
vn 0.1873 -0.2799 -0.9416
vn 0.1054 -0.8413 -0.5301
vn 0.1569 -0.8413 -0.5173
vn 0.2068 -0.8413 -0.4994
vn 0.7046 -0.0837 0.7046
vn 0.7703 -0.0837 0.6322
vn 0.7730 -0.0002 0.6344
vn 0.7071 -0.0002 0.7071
vn 0.8285 -0.0837 0.5536
vn 0.8315 -0.0002 0.5556
vn 0.8299 0.0605 0.5546
vn 0.7716 0.0605 0.6332
vn 0.7058 0.0605 0.7058
vn -0.8467 -0.2799 -0.4526
vn -0.7982 -0.2799 -0.5334
vn -0.4767 -0.8413 -0.2548
vn -0.4494 -0.8413 -0.3003
vn 0.6090 -0.2799 0.7421
vn 0.6788 -0.2799 0.6788
vn 0.3822 -0.8413 0.3822
vn 0.3429 -0.8413 0.4178
vn -0.7421 -0.2799 -0.6090
vn -0.6788 -0.2799 -0.6788
vn -0.4178 -0.8413 -0.3429
vn -0.3822 -0.8413 -0.3822
vn -0.0941 -0.2799 -0.9554
vn -0.0000 -0.2799 -0.9600
vn -0.1873 -0.2799 -0.9416
vn -0.1054 -0.8413 -0.5301
vn -0.0530 -0.8413 -0.5379
vn -0.0000 -0.8413 -0.5405
vn 0.5536 -0.0837 0.8285
vn 0.6322 -0.0837 0.7703
vn 0.6344 -0.0002 0.7730
vn 0.5556 -0.0002 0.8315
vn 0.6332 0.0605 0.7716
vn 0.5546 0.0605 0.8299
vn -0.6090 -0.2799 -0.7421
vn -0.5334 -0.2799 -0.7982
vn -0.3429 -0.8413 -0.4178
vn -0.3003 -0.8413 -0.4494
vn 0.3813 -0.0837 0.9206
vn 0.4697 -0.0837 0.8788
vn 0.4714 -0.0002 0.8819
vn 0.3827 -0.0002 0.9239
vn 0.4705 0.0605 0.8803
vn 0.3820 0.0605 0.9222
vn -0.4526 -0.2799 -0.8467
vn -0.3674 -0.2799 -0.8870
vn -0.2548 -0.8413 -0.4767
vn -0.2068 -0.8413 -0.4994
vn 0.6090 -0.2799 -0.7421
vn 0.6788 -0.2799 -0.6788
vn 0.5334 -0.2799 -0.7982
vn 0.3003 -0.8413 -0.4494
vn 0.3429 -0.8413 -0.4178
vn 0.3822 -0.8413 -0.3822
vn 0.1944 -0.0837 0.9773
vn 0.2893 -0.0837 0.9536
vn 0.2903 -0.0002 0.9569
vn 0.1951 -0.0002 0.9808
vn 0.2898 0.0605 0.9552
vn 0.1947 0.0605 0.9790
vn -0.2787 -0.2799 -0.9187
vn -0.1569 -0.8413 -0.5173
vn 0.7421 -0.2799 -0.6090
vn 0.7982 -0.2799 -0.5334
vn 0.4178 -0.8413 -0.3429
vn 0.4494 -0.8413 -0.3003
vn 0.0000 -0.0837 0.9965
vn 0.0977 -0.0837 0.9917
vn 0.0980 -0.0002 0.9952
vn 0.0000 -0.0002 1.0000
vn 0.0978 0.0605 0.9934
vn -0.0000 0.0605 0.9982
vn 0.1547 -0.6094 -0.7776
vn 0.0777 -0.6094 -0.7890
vn 0.0976 -0.0895 -0.9912
vn 0.1943 -0.0895 -0.9769
vn -0.0000 -0.6094 -0.7928
vn -0.0000 -0.0895 -0.9960
vn -0.0000 0.5108 -0.8597
vn 0.0843 0.5108 -0.8556
vn 0.1677 0.5108 -0.8432
vn 0.8467 -0.2799 -0.4526
vn 0.8870 -0.2799 -0.3674
vn 0.4767 -0.8413 -0.2548
vn 0.4994 -0.8413 -0.2068
vn -0.1944 -0.0837 0.9773
vn -0.0977 -0.0837 0.9917
vn -0.0980 -0.0002 0.9952
vn -0.1951 -0.0002 0.9808
vn -0.0978 0.0605 0.9934
vn -0.1947 0.0605 0.9790
vn 0.4526 -0.2799 -0.8467
vn 0.2548 -0.8413 -0.4767
vn 0.9187 -0.2799 -0.2787
vn 0.9416 -0.2799 -0.1873
vn 0.5173 -0.8413 -0.1569
vn 0.5301 -0.8413 -0.1054
vn -0.3813 -0.0837 0.9206
vn -0.2893 -0.0837 0.9536
vn -0.2903 -0.0002 0.9569
vn -0.3827 -0.0002 0.9239
vn -0.2898 0.0605 0.9552
vn -0.3820 0.0605 0.9222
vn 0.9554 -0.2799 -0.0941
vn 0.9600 -0.2799 -0.0000
vn 0.5379 -0.8413 -0.0530
vn 0.5405 -0.8413 0.0000
vn -0.5536 -0.0837 0.8285
vn -0.4697 -0.0837 0.8788
vn -0.4714 -0.0002 0.8819
vn -0.5556 -0.0002 0.8315
vn -0.4705 0.0605 0.8803
vn -0.5546 0.0605 0.8299
vn 0.9554 -0.2799 0.0941
vn 0.9416 -0.2799 0.1873
vn 0.5379 -0.8413 0.0530
vn 0.5301 -0.8413 0.1055
vn -0.7046 -0.0837 0.7046
vn -0.6322 -0.0837 0.7703
vn -0.6344 -0.0002 0.7730
vn -0.7071 -0.0002 0.7071
vn -0.6332 0.0605 0.7716
vn -0.7058 0.0605 0.7058
vn 0.9187 -0.2799 0.2787
vn 0.8870 -0.2799 0.3674
vn 0.5173 -0.8413 0.1569
vn 0.4994 -0.8413 0.2068
vn -0.8285 -0.0837 0.5536
vn -0.7703 -0.0837 0.6322
vn -0.7730 -0.0002 0.6344
vn -0.8315 -0.0002 0.5556
vn -0.7716 0.0605 0.6332
vn -0.8299 0.0605 0.5546
vn 0.8788 -0.0837 0.4697
vn 0.8819 -0.0002 0.4714
vn 0.8803 0.0605 0.4705
vn -0.9206 -0.0837 0.3813
vn -0.8788 -0.0837 0.4697
vn -0.8819 -0.0002 0.4714
vn -0.9239 -0.0002 0.3827
vn -0.8803 0.0605 0.4705
vn -0.9222 0.0605 0.3820
vn 0.8467 -0.2799 0.4526
vn 0.7982 -0.2799 0.5334
vn 0.4767 -0.8413 0.2548
vn 0.4494 -0.8413 0.3003
vn -0.9536 -0.0837 0.2893
vn -0.9569 -0.0002 0.2903
vn -0.9552 0.0605 0.2898
vn 0.7421 -0.2799 0.6090
vn 0.4178 -0.8413 0.3429
vn 0.0972 0.1251 -0.9874
vn 0.1936 0.1251 -0.9731
vn -0.0000 0.1251 -0.9921
vn -0.0000 0.2041 -0.9790
vn 0.0960 0.2041 -0.9742
vn 0.1910 0.2041 -0.9601
vn 0.0967 0.1651 -0.9815
vn 0.1924 0.1651 -0.9673
vn -0.0000 0.1651 -0.9863
vn -0.0000 -0.3288 -0.9444
vn 0.0926 -0.3288 -0.9399
vn 0.1842 -0.3288 -0.9263
vn -0.9986 0.0528 -0.0000
vn -0.9938 0.0528 0.0979
vn -0.9948 0.0262 0.0980
vn -0.9997 0.0262 0.0000
vn -0.9794 0.0528 0.1948
vn -0.9804 0.0262 0.1950
vn -0.9789 0.0624 0.1947
vn -0.9932 0.0624 0.0978
vn -0.9981 0.0624 0.0000
vn 0.1952 0.0002 -0.9808
vn 0.0979 -0.0001 -0.9952
vn 0.0436 -0.8956 -0.4427
vn 0.0868 -0.8956 -0.4364
vn 0.0001 0.0002 -1.0000
vn -0.0000 -0.8956 -0.4449
vn -0.0000 -0.6646 -0.7472
vn 0.0733 -0.6646 -0.7436
vn 0.1458 -0.6646 -0.7328
vn 0.2880 0.1251 -0.9494
vn 0.3797 0.1251 -0.9166
vn 0.2842 0.2041 -0.9368
vn 0.3746 0.2041 -0.9044
vn 0.2863 0.1651 -0.9438
vn 0.3774 0.1651 -0.9112
vn 0.2741 -0.3288 -0.9037
vn 0.3614 -0.3288 -0.8725
vn -0.3614 -0.3288 -0.8725
vn -0.4452 -0.3288 -0.8329
vn -0.3074 -0.7581 -0.5751
vn -0.2495 -0.7581 -0.6024
vn -0.5247 -0.3288 -0.7852
vn -0.3623 -0.7581 -0.5422
vn -0.4405 -0.6094 -0.6592
vn -0.3737 -0.6094 -0.6992
vn -0.3034 -0.6094 -0.7325
vn 0.0262 0.9910 -0.1315
vn 0.0389 0.9910 -0.1283
vn 0.1110 0.9241 -0.3658
vn 0.0746 0.9241 -0.3749
vn 0.0513 0.9910 -0.1238
vn 0.1463 0.9241 -0.3532
vn 0.3290 0.5108 -0.7943
vn 0.2496 0.5108 -0.8227
vn 0.4677 0.1251 -0.8750
vn 0.5512 0.1251 -0.8249
vn 0.4615 0.2041 -0.8634
vn 0.5439 0.2041 -0.8140
vn 0.4649 0.1651 -0.8698
vn 0.5479 0.1651 -0.8201
vn 0.4452 -0.3288 -0.8329
vn 0.5247 -0.3288 -0.7852
vn -0.8303 0.0528 0.5548
vn -0.7719 0.0528 0.6335
vn -0.7727 0.0262 0.6342
vn -0.8312 0.0262 0.5554
vn -0.7061 0.0528 0.7061
vn -0.7069 0.0262 0.7069
vn -0.7057 0.0624 0.7057
vn -0.7715 0.0624 0.6332
vn -0.8298 0.0624 0.5545
vn 0.0948 0.9910 -0.0948
vn 0.1036 0.9910 -0.0850
vn 0.2955 0.9241 -0.2425
vn 0.2703 0.9241 -0.2703
vn 0.1115 0.9910 -0.0745
vn 0.3178 0.9241 -0.2124
vn 0.7148 0.5108 -0.4776
vn 0.6646 0.5108 -0.5454
vn 0.6079 0.5108 -0.6079
vn 0.6294 0.1251 -0.7669
vn 0.7016 0.1251 -0.7016
vn 0.6210 0.2041 -0.7567
vn 0.6922 0.2041 -0.6922
vn 0.6257 0.1651 -0.7624
vn 0.6974 0.1651 -0.6974
vn 0.5991 -0.3288 -0.7300
vn 0.6678 -0.3288 -0.6678
vn -0.7852 -0.3288 -0.5247
vn -0.8329 -0.3288 -0.4452
vn -0.5751 -0.7581 -0.3074
vn -0.5422 -0.7581 -0.3623
vn -0.8725 -0.3288 -0.3614
vn -0.6024 -0.7581 -0.2495
vn -0.7325 -0.6094 -0.3034
vn -0.6992 -0.6094 -0.3737
vn -0.6592 -0.6094 -0.4405
vn 0.1182 0.9910 -0.0632
vn 0.3371 0.9241 -0.1802
vn 0.1238 0.9910 -0.0513
vn 0.3532 0.9241 -0.1463
vn 0.7943 0.5108 -0.3290
vn 0.7582 0.5108 -0.4053
vn 0.7669 0.1251 -0.6294
vn 0.8249 0.1251 -0.5512
vn 0.7567 0.2041 -0.6210
vn 0.8140 0.2041 -0.5439
vn 0.7624 0.1651 -0.6257
vn 0.8201 0.1651 -0.5479
vn 0.7300 -0.3288 -0.5991
vn 0.7852 -0.3288 -0.5247
vn 0.0639 -0.7581 -0.6489
vn 0.1272 -0.7581 -0.6396
vn -0.0000 -0.7581 -0.6521
vn 0.1283 0.9910 -0.0389
vn 0.3658 0.9241 -0.1110
vn 0.1315 0.9910 -0.0262
vn 0.3749 0.9241 -0.0746
vn 0.8432 0.5108 -0.1677
vn 0.8227 0.5108 -0.2496
vn 0.8750 0.1251 -0.4677
vn 0.9166 0.1251 -0.3797
vn 0.8634 0.2041 -0.4615
vn 0.9044 0.2041 -0.3746
vn 0.8698 0.1651 -0.4649
vn 0.9112 0.1651 -0.3774
vn 0.8329 -0.3288 -0.4452
vn 0.8725 -0.3288 -0.3614
vn -0.0513 0.9910 0.1238
vn -0.0632 0.9910 0.1182
vn -0.1802 0.9241 0.3371
vn -0.1463 0.9241 0.3532
vn -0.0745 0.9910 0.1115
vn -0.2124 0.9241 0.3178
vn -0.4776 0.5108 0.7148
vn -0.4053 0.5108 0.7582
vn -0.3290 0.5108 0.7943
vn 0.1334 0.9910 -0.0131
vn 0.3804 0.9241 -0.0375
vn 0.1340 0.9910 -0.0000
vn 0.3823 0.9241 -0.0000
vn 0.8597 0.5108 -0.0000
vn 0.8556 0.5108 -0.0843
vn 0.9494 0.1251 -0.2880
vn 0.9731 0.1251 -0.1936
vn 0.9368 0.2041 -0.2842
vn 0.9601 0.2041 -0.1910
vn 0.9438 0.1651 -0.2863
vn 0.9673 0.1651 -0.1924
vn 0.9037 -0.3288 -0.2741
vn 0.9263 -0.3288 -0.1842
vn -0.9444 -0.3288 0.0000
vn -0.9399 -0.3288 0.0926
vn -0.6489 -0.7581 0.0639
vn -0.6521 -0.7581 0.0000
vn -0.9263 -0.3288 0.1842
vn -0.6396 -0.7581 0.1272
vn -0.7776 -0.6094 0.1547
vn -0.7890 -0.6094 0.0777
vn -0.7928 -0.6094 -0.0000
vn 0.1334 0.9910 0.0131
vn 0.3804 0.9241 0.0375
vn 0.1315 0.9910 0.0262
vn 0.3749 0.9241 0.0746
vn 0.8432 0.5108 0.1677
vn 0.8556 0.5108 0.0843
vn 0.9874 0.1251 -0.0972
vn 0.9921 0.1251 0.0000
vn 0.9742 0.2041 -0.0960
vn 0.9790 0.2041 -0.0000
vn 0.9815 0.1651 -0.0967
vn 0.9863 0.1651 0.0000
vn 0.9399 -0.3288 -0.0926
vn 0.9444 -0.3288 -0.0000
vn 0.0262 0.9910 0.1315
vn 0.0131 0.9910 0.1334
vn 0.0375 0.9241 0.3804
vn 0.0746 0.9241 0.3749
vn 0.0000 0.9910 0.1340
vn 0.0000 0.9241 0.3823
vn 0.0000 0.5108 0.8597
vn 0.0843 0.5108 0.8556
vn 0.1677 0.5108 0.8432
vn 0.1283 0.9910 0.0389
vn 0.3658 0.9241 0.1110
vn 0.1238 0.9910 0.0513
vn 0.3532 0.9241 0.1463
vn 0.7943 0.5108 0.3290
vn 0.8227 0.5108 0.2496
vn 0.9874 0.1251 0.0972
vn 0.9731 0.1251 0.1936
vn 0.9742 0.2041 0.0960
vn 0.9601 0.2041 0.1910
vn 0.9815 0.1651 0.0967
vn 0.9673 0.1651 0.1924
vn 0.9399 -0.3288 0.0926
vn 0.9263 -0.3288 0.1842
vn -0.7852 -0.3288 0.5247
vn -0.7300 -0.3288 0.5991
vn -0.5041 -0.7581 0.4137
vn -0.5422 -0.7581 0.3623
vn -0.6678 -0.3288 0.6678
vn -0.4611 -0.7581 0.4611
vn -0.5606 -0.6094 0.5606
vn -0.6129 -0.6094 0.5030
vn -0.6592 -0.6094 0.4405
vn 0.1182 0.9910 0.0632
vn 0.3371 0.9241 0.1802
vn 0.1115 0.9910 0.0745
vn 0.3178 0.9241 0.2124
vn 0.7148 0.5108 0.4776
vn 0.7582 0.5108 0.4053
vn 0.9494 0.1251 0.2880
vn 0.9166 0.1251 0.3797
vn 0.9368 0.2041 0.2842
vn 0.9044 0.2041 0.3746
vn 0.9438 0.1651 0.2863
vn 0.9112 0.1651 0.3774
vn 0.9037 -0.3288 0.2741
vn 0.8725 -0.3288 0.3614
vn 0.0948 0.9910 0.0948
vn 0.0850 0.9910 0.1036
vn 0.2425 0.9241 0.2955
vn 0.2703 0.9241 0.2703
vn 0.0745 0.9910 0.1115
vn 0.2124 0.9241 0.3178
vn 0.4776 0.5108 0.7148
vn 0.5454 0.5108 0.6646
vn 0.6079 0.5108 0.6079
vn 0.7061 0.0528 0.7061
vn 0.7719 0.0528 0.6335
vn 0.7727 0.0262 0.6342
vn 0.7069 0.0262 0.7069
vn 0.8303 0.0528 0.5548
vn 0.8312 0.0262 0.5554
vn 0.8298 0.0624 0.5545
vn 0.7715 0.0624 0.6332
vn 0.7057 0.0624 0.7057
vn 0.8750 0.1251 0.4677
vn 0.8249 0.1251 0.5512
vn 0.8634 0.2041 0.4615
vn 0.8140 0.2041 0.5439
vn 0.8698 0.1651 0.4649
vn 0.8201 0.1651 0.5479
vn 0.8329 -0.3288 0.4452
vn 0.7852 -0.3288 0.5247
vn -0.3614 -0.3288 0.8725
vn -0.2741 -0.3288 0.9037
vn -0.1893 -0.7581 0.6240
vn -0.2495 -0.7581 0.6024
vn -0.1842 -0.3288 0.9263
vn -0.1272 -0.7581 0.6396
vn -0.1547 -0.6094 0.7776
vn -0.2301 -0.6094 0.7587
vn -0.3034 -0.6094 0.7325
vn 0.1036 0.9910 0.0850
vn 0.2955 0.9241 0.2425
vn 0.6646 0.5108 0.5454
vn 0.7669 0.1251 0.6294
vn 0.7016 0.1251 0.7016
vn 0.7567 0.2041 0.6210
vn 0.6922 0.2041 0.6922
vn 0.7624 0.1651 0.6257
vn 0.6974 0.1651 0.6974
vn 0.7300 -0.3288 0.5991
vn 0.6678 -0.3288 0.6678
vn 0.9794 0.0528 0.1948
vn 0.9938 0.0528 0.0979
vn 0.9948 0.0262 0.0980
vn 0.9804 0.0262 0.1950
vn 0.9986 0.0528 0.0000
vn 0.9997 0.0262 0.0000
vn 0.9981 0.0624 0.0000
vn 0.9932 0.0624 0.0978
vn 0.9789 0.0624 0.1947
vn 0.0632 0.9910 0.1182
vn 0.1802 0.9241 0.3371
vn 0.0513 0.9910 0.1238
vn 0.1463 0.9241 0.3532
vn 0.3290 0.5108 0.7943
vn 0.4053 0.5108 0.7582
vn 0.6294 0.1251 0.7669
vn 0.5512 0.1251 0.8249
vn 0.6210 0.2041 0.7567
vn 0.5439 0.2041 0.8140
vn 0.6257 0.1651 0.7624
vn 0.5479 0.1651 0.8201
vn 0.5991 -0.3288 0.7300
vn 0.5247 -0.3288 0.7852
vn 0.1842 -0.3288 0.9263
vn 0.2741 -0.3288 0.9037
vn 0.1893 -0.7581 0.6240
vn 0.1272 -0.7581 0.6396
vn 0.3614 -0.3288 0.8725
vn 0.2495 -0.7581 0.6024
vn 0.3034 -0.6094 0.7325
vn 0.2301 -0.6094 0.7587
vn 0.1547 -0.6094 0.7776
vn 0.1948 0.0528 0.9794
vn 0.2899 0.0528 0.9556
vn 0.2902 0.0262 0.9566
vn 0.1950 0.0262 0.9804
vn 0.3822 0.0528 0.9226
vn 0.3826 0.0262 0.9236
vn 0.3819 0.0624 0.9221
vn 0.2897 0.0624 0.9551
vn 0.1947 0.0624 0.9789
vn 0.4677 0.1251 0.8750
vn 0.3797 0.1251 0.9166
vn 0.4615 0.2041 0.8634
vn 0.3746 0.2041 0.9044
vn 0.4649 0.1651 0.8698
vn 0.3774 0.1651 0.9112
vn 0.4452 -0.3288 0.8329
vn 0.9226 0.0528 -0.3822
vn 0.8807 0.0528 -0.4707
vn 0.8816 0.0262 -0.4712
vn 0.9236 0.0262 -0.3826
vn 0.8303 0.0528 -0.5548
vn 0.8312 0.0262 -0.5554
vn 0.8298 0.0624 -0.5545
vn 0.8802 0.0624 -0.4705
vn 0.9221 0.0624 -0.3819
vn 0.0389 0.9910 0.1283
vn 0.1110 0.9241 0.3658
vn 0.2496 0.5108 0.8227
vn 0.2880 0.1251 0.9494
vn 0.1936 0.1251 0.9731
vn 0.2842 0.2041 0.9368
vn 0.1910 0.2041 0.9601
vn 0.2863 0.1651 0.9438
vn 0.1924 0.1651 0.9673
vn 0.5041 -0.7581 0.4137
vn 0.4611 -0.7581 0.4611
vn 0.5422 -0.7581 0.3623
vn 0.6592 -0.6094 0.4405
vn 0.6129 -0.6094 0.5030
vn 0.5606 -0.6094 0.5606
vn -0.0131 0.9910 0.1334
vn -0.0375 0.9241 0.3804
vn -0.0262 0.9910 0.1315
vn -0.0746 0.9241 0.3749
vn -0.1677 0.5108 0.8432
vn -0.0843 0.5108 0.8556
vn 0.0972 0.1251 0.9874
vn 0.0000 0.1251 0.9921
vn 0.0960 0.2041 0.9742
vn 0.0000 0.2041 0.9790
vn 0.0967 0.1651 0.9815
vn 0.0000 0.1651 0.9863
vn 0.0926 -0.3288 0.9399
vn 0.0000 -0.3288 0.9444
vn 0.0745 0.9910 -0.1115
vn 0.0850 0.9910 -0.1036
vn 0.2425 0.9241 -0.2955
vn 0.2124 0.9241 -0.3178
vn 0.5454 0.5108 -0.6646
vn 0.4776 0.5108 -0.7148
vn -0.3821 0.0528 0.9226
vn -0.2899 0.0528 0.9556
vn -0.2902 0.0262 0.9566
vn -0.3826 0.0262 0.9236
vn -0.1948 0.0528 0.9794
vn -0.1950 0.0262 0.9804
vn -0.1947 0.0624 0.9789
vn -0.2897 0.0624 0.9551
vn -0.3819 0.0624 0.9221
vn -0.0972 0.1251 0.9874
vn -0.1936 0.1251 0.9731
vn -0.0960 0.2041 0.9742
vn -0.1910 0.2041 0.9601
vn -0.0967 0.1651 0.9815
vn -0.1924 0.1651 0.9673
vn -0.0926 -0.3288 0.9399
vn 0.6489 -0.7581 0.0639
vn 0.6396 -0.7581 0.1272
vn 0.6521 -0.7581 -0.0000
vn 0.7928 -0.6094 0.0000
vn 0.7890 -0.6094 0.0777
vn 0.7776 -0.6094 0.1547
vn -0.0389 0.9910 0.1283
vn -0.1110 0.9241 0.3658
vn -0.2496 0.5108 0.8227
vn -0.2880 0.1251 0.9494
vn -0.3797 0.1251 0.9166
vn -0.2842 0.2041 0.9368
vn -0.3746 0.2041 0.9044
vn -0.2863 0.1651 0.9438
vn -0.3774 0.1651 0.9112
vn 0.5751 -0.7581 -0.3074
vn 0.6024 -0.7581 -0.2495
vn 0.5422 -0.7581 -0.3623
vn 0.6592 -0.6094 -0.4405
vn 0.6992 -0.6094 -0.3737
vn 0.7325 -0.6094 -0.3034
vn -0.0850 0.9910 0.1036
vn -0.2425 0.9241 0.2955
vn -0.0948 0.9910 0.0948
vn -0.2703 0.9241 0.2703
vn -0.6079 0.5108 0.6079
vn -0.5454 0.5108 0.6646
vn -0.4677 0.1251 0.8750
vn -0.5512 0.1251 0.8249
vn -0.4615 0.2041 0.8634
vn -0.5439 0.2041 0.8140
vn -0.4649 0.1651 0.8698
vn -0.5479 0.1651 0.8201
vn -0.4452 -0.3288 0.8329
vn -0.5247 -0.3288 0.7852
vn -0.5548 0.0528 -0.8303
vn -0.6335 0.0528 -0.7719
vn -0.6342 0.0262 -0.7727
vn -0.5554 0.0262 -0.8312
vn -0.7061 0.0528 -0.7061
vn -0.7069 0.0262 -0.7069
vn -0.7057 0.0624 -0.7057
vn -0.6332 0.0624 -0.7715
vn -0.5545 0.0624 -0.8298
vn -0.1036 0.9910 0.0850
vn -0.2955 0.9241 0.2425
vn -0.1115 0.9910 0.0745
vn -0.3178 0.9241 0.2124
vn -0.7148 0.5108 0.4776
vn -0.6646 0.5108 0.5454
vn -0.6294 0.1251 0.7669
vn -0.7016 0.1251 0.7016
vn -0.6210 0.2041 0.7567
vn -0.6922 0.2041 0.6922
vn -0.6257 0.1651 0.7624
vn -0.6974 0.1651 0.6974
vn -0.5991 -0.3288 0.7300
vn 0.3074 -0.7581 -0.5751
vn 0.3623 -0.7581 -0.5422
vn 0.2495 -0.7581 -0.6024
vn 0.3034 -0.6094 -0.7325
vn 0.3737 -0.6094 -0.6992
vn 0.4405 -0.6094 -0.6592
vn -0.1182 0.9910 0.0632
vn -0.3371 0.9241 0.1802
vn -0.1238 0.9910 0.0513
vn -0.3532 0.9241 0.1463
vn -0.7943 0.5108 0.3290
vn -0.7582 0.5108 0.4053
vn -0.7669 0.1251 0.6294
vn -0.8249 0.1251 0.5512
vn -0.7567 0.2041 0.6210
vn -0.8140 0.2041 0.5439
vn -0.7624 0.1651 0.6257
vn -0.8201 0.1651 0.5479
vn -0.9226 0.0528 -0.3822
vn -0.9556 0.0528 -0.2899
vn -0.9566 0.0262 -0.2902
vn -0.9236 0.0262 -0.3826
vn -0.9794 0.0528 -0.1948
vn -0.9804 0.0262 -0.1950
vn -0.9789 0.0624 -0.1947
vn -0.9551 0.0624 -0.2897
vn -0.9221 0.0624 -0.3819
vn -0.1283 0.9910 0.0389
vn -0.3658 0.9241 0.1110
vn -0.1315 0.9910 0.0262
vn -0.3749 0.9241 0.0746
vn -0.8432 0.5108 0.1677
vn -0.8227 0.5108 0.2496
vn -0.8750 0.1251 0.4677
vn -0.9166 0.1251 0.3797
vn -0.8634 0.2041 0.4615
vn -0.9044 0.2041 0.3746
vn -0.8698 0.1651 0.4649
vn -0.9112 0.1651 0.3774
vn -0.8329 -0.3288 0.4452
vn -0.8725 -0.3288 0.3614
vn -0.9556 0.0528 0.2899
vn -0.9566 0.0262 0.2902
vn -0.9226 0.0528 0.3822
vn -0.9236 0.0262 0.3826
vn -0.9221 0.0624 0.3819
vn -0.9551 0.0624 0.2897
vn -0.1334 0.9910 0.0131
vn -0.3804 0.9241 0.0375
vn -0.1340 0.9910 -0.0000
vn -0.3823 0.9241 0.0000
vn -0.8597 0.5108 0.0000
vn -0.8556 0.5108 0.0843
vn -0.9494 0.1251 0.2880
vn -0.9731 0.1251 0.1936
vn -0.9368 0.2041 0.2842
vn -0.9601 0.2041 0.1910
vn -0.9438 0.1651 0.2863
vn -0.9673 0.1651 0.1924
vn -0.9037 -0.3288 0.2741
vn -0.5991 -0.3288 -0.7300
vn -0.4137 -0.7581 -0.5041
vn -0.6678 -0.3288 -0.6678
vn -0.4611 -0.7581 -0.4611
vn -0.5606 -0.6094 -0.5606
vn -0.5030 -0.6094 -0.6129
vn -0.1334 0.9910 -0.0131
vn -0.3804 0.9241 -0.0375
vn -0.1315 0.9910 -0.0262
vn -0.3749 0.9241 -0.0746
vn -0.8432 0.5108 -0.1677
vn -0.8556 0.5108 -0.0843
vn -0.9874 0.1251 0.0972
vn -0.9921 0.1251 0.0000
vn -0.9742 0.2041 0.0960
vn -0.9790 0.2041 -0.0000
vn -0.9815 0.1651 0.0967
vn -0.9863 0.1651 0.0000
vn 0.0000 0.0528 -0.9986
vn -0.0979 0.0528 -0.9938
vn -0.0980 0.0262 -0.9948
vn 0.0000 0.0262 -0.9997
vn -0.1948 0.0528 -0.9794
vn -0.1950 0.0262 -0.9804
vn -0.1947 0.0624 -0.9789
vn -0.0978 0.0624 -0.9932
vn -0.0000 0.0624 -0.9981
vn -0.1283 0.9910 -0.0389
vn -0.3658 0.9241 -0.1110
vn -0.1238 0.9910 -0.0513
vn -0.3532 0.9241 -0.1463
vn -0.7943 0.5108 -0.3290
vn -0.8227 0.5108 -0.2496
vn -0.9874 0.1251 -0.0972
vn -0.9731 0.1251 -0.1936
vn -0.9742 0.2041 -0.0960
vn -0.9601 0.2041 -0.1910
vn -0.9815 0.1651 -0.0967
vn -0.9673 0.1651 -0.1924
vn -0.9399 -0.3288 -0.0926
vn -0.9263 -0.3288 -0.1842
vn -0.6335 0.0528 0.7719
vn -0.6342 0.0262 0.7727
vn -0.5548 0.0528 0.8303
vn -0.5554 0.0262 0.8312
vn -0.5545 0.0624 0.8298
vn -0.6332 0.0624 0.7715
vn -0.1182 0.9910 -0.0632
vn -0.3371 0.9241 -0.1802
vn -0.1115 0.9910 -0.0745
vn -0.3178 0.9241 -0.2124
vn -0.7148 0.5108 -0.4776
vn -0.7582 0.5108 -0.4053
vn -0.9494 0.1251 -0.2880
vn -0.9166 0.1251 -0.3797
vn -0.9368 0.2041 -0.2842
vn -0.9044 0.2041 -0.3746
vn -0.9438 0.1651 -0.2863
vn -0.9112 0.1651 -0.3774
vn -0.9037 -0.3288 -0.2741
vn -0.6240 -0.7581 -0.1893
vn -0.6396 -0.7581 -0.1272
vn -0.7776 -0.6094 -0.1547
vn -0.7587 -0.6094 -0.2301
vn -0.1036 0.9910 -0.0850
vn -0.2955 0.9241 -0.2425
vn -0.0948 0.9910 -0.0948
vn -0.2703 0.9241 -0.2703
vn -0.6079 0.5108 -0.6079
vn -0.6646 0.5108 -0.5454
vn -0.8750 0.1251 -0.4677
vn -0.8249 0.1251 -0.5512
vn -0.8634 0.2041 -0.4615
vn -0.8140 0.2041 -0.5439
vn -0.8698 0.1651 -0.4649
vn -0.8201 0.1651 -0.5479
vn -0.0979 0.0528 0.9938
vn -0.0980 0.0262 0.9948
vn -0.0000 0.0528 0.9986
vn -0.0000 0.0262 0.9997
vn -0.0000 0.0624 0.9981
vn -0.0978 0.0624 0.9932
vn -0.0850 0.9910 -0.1036
vn -0.2425 0.9241 -0.2955
vn -0.0745 0.9910 -0.1115
vn -0.2124 0.9241 -0.3178
vn -0.4776 0.5108 -0.7148
vn -0.5454 0.5108 -0.6646
vn -0.7669 0.1251 -0.6294
vn -0.7016 0.1251 -0.7016
vn -0.7567 0.2041 -0.6210
vn -0.6922 0.2041 -0.6922
vn -0.7624 0.1651 -0.6257
vn -0.6974 0.1651 -0.6974
vn -0.7300 -0.3288 -0.5991
vn -0.0926 -0.3288 -0.9399
vn -0.0639 -0.7581 -0.6489
vn -0.1842 -0.3288 -0.9263
vn -0.1272 -0.7581 -0.6396
vn -0.1547 -0.6094 -0.7776
vn -0.0777 -0.6094 -0.7890
vn -0.0632 0.9910 -0.1182
vn -0.1802 0.9241 -0.3371
vn -0.0513 0.9910 -0.1238
vn -0.1463 0.9241 -0.3532
vn -0.3290 0.5108 -0.7943
vn -0.4053 0.5108 -0.7582
vn -0.6294 0.1251 -0.7669
vn -0.5512 0.1251 -0.8249
vn -0.6210 0.2041 -0.7567
vn -0.5439 0.2041 -0.8140
vn -0.6257 0.1651 -0.7624
vn -0.5479 0.1651 -0.8201
vn -0.6240 -0.7581 0.1893
vn -0.6024 -0.7581 0.2495
vn -0.7325 -0.6094 0.3034
vn -0.7587 -0.6094 0.2301
vn -0.0389 0.9910 -0.1283
vn -0.1110 0.9241 -0.3658
vn -0.0262 0.9910 -0.1315
vn -0.0746 0.9241 -0.3749
vn -0.1677 0.5108 -0.8432
vn -0.2496 0.5108 -0.8227
vn -0.4677 0.1251 -0.8750
vn -0.3797 0.1251 -0.9166
vn -0.4615 0.2041 -0.8634
vn -0.3746 0.2041 -0.9044
vn -0.4649 0.1651 -0.8698
vn -0.3774 0.1651 -0.9112
vn 0.4707 0.0528 0.8807
vn 0.4712 0.0262 0.8816
vn 0.5548 0.0528 0.8303
vn 0.5554 0.0262 0.8312
vn 0.5545 0.0624 0.8298
vn 0.4705 0.0624 0.8802
vn -0.9233 0.0358 0.3824
vn -0.8814 0.0358 0.4711
vn -0.8819 0.0070 0.4714
vn -0.9239 0.0070 0.3827
vn -0.8309 0.0358 0.5552
vn -0.8315 0.0070 0.5556
vn -0.8315 0.0045 0.5556
vn -0.8819 0.0045 0.4714
vn -0.9239 0.0045 0.3827
vn -0.2880 0.1251 -0.9494
vn -0.1936 0.1251 -0.9731
vn -0.2842 0.2041 -0.9368
vn -0.1910 0.2041 -0.9601
vn -0.2863 0.1651 -0.9438
vn -0.1924 0.1651 -0.9673
vn -0.2741 -0.3288 -0.9037
vn -0.4137 -0.7581 0.5041
vn -0.3623 -0.7581 0.5422
vn -0.4405 -0.6094 0.6592
vn -0.5030 -0.6094 0.6129
vn -0.0972 0.1251 -0.9874
vn -0.0960 0.2041 -0.9742
vn -0.0967 0.1651 -0.9815
vn 0.8807 0.0528 0.4707
vn 0.8816 0.0262 0.4712
vn 0.9226 0.0528 0.3822
vn 0.9236 0.0262 0.3826
vn 0.9221 0.0624 0.3819
vn 0.8802 0.0624 0.4705
vn 0.0632 0.9910 -0.1182
vn 0.1802 0.9241 -0.3371
vn 0.4053 0.5108 -0.7582
vn 0.5548 0.0528 -0.8303
vn 0.4707 0.0528 -0.8807
vn 0.4712 0.0262 -0.8816
vn 0.5554 0.0262 -0.8312
vn 0.3821 0.0528 -0.9226
vn 0.3826 0.0262 -0.9236
vn 0.3819 0.0624 -0.9221
vn 0.4705 0.0624 -0.8802
vn 0.5545 0.0624 -0.8298
vn 0.0530 -0.8413 -0.5379
vn 0.0228 -0.9725 -0.2318
vn 0.0455 -0.9725 -0.2285
vn 0.0000 -0.9725 -0.2330
vn 0.0000 -0.9208 -0.3900
vn 0.0382 -0.9208 -0.3882
vn 0.0761 -0.9208 -0.3825
vn 0.0547 -0.8297 -0.5556
vn 0.1089 -0.8297 -0.5475
vn 0.0000 -0.8297 -0.5583
vn 0.0000 -0.7050 -0.7092
vn 0.0695 -0.7050 -0.7058
vn 0.1384 -0.7050 -0.6956
vn 0.0816 -0.5536 -0.8288
vn 0.1625 -0.5536 -0.8168
vn 0.0000 -0.5536 -0.8328
vn 0.0000 -0.3816 -0.9243
vn 0.0906 -0.3816 -0.9199
vn 0.1803 -0.3816 -0.9066
vn 0.0958 -0.2123 -0.9725
vn 0.1906 -0.2123 -0.9584
vn 0.0000 -0.2123 -0.9772
vn 0.0676 -0.9725 -0.2229
vn 0.0892 -0.9725 -0.2152
vn 0.1132 -0.9208 -0.3732
vn 0.1493 -0.9208 -0.3604
vn 0.1621 -0.8297 -0.5342
vn 0.2136 -0.8297 -0.5158
vn 0.2059 -0.7050 -0.6787
vn 0.2714 -0.7050 -0.6552
vn 0.2418 -0.5536 -0.7969
vn 0.3187 -0.5536 -0.7694
vn 0.2683 -0.3816 -0.8845
vn 0.3537 -0.3816 -0.8540
vn 0.2837 -0.2123 -0.9351
vn 0.3740 -0.2123 -0.9028
vn 0.1098 -0.9725 -0.2055
vn 0.1294 -0.9725 -0.1937
vn 0.1839 -0.9208 -0.3440
vn 0.2167 -0.9208 -0.3243
vn 0.2632 -0.8297 -0.4924
vn 0.3102 -0.8297 -0.4642
vn 0.3343 -0.7050 -0.6254
vn 0.3940 -0.7050 -0.5897
vn 0.3926 -0.5536 -0.7345
vn 0.4627 -0.5536 -0.6925
vn 0.4357 -0.3816 -0.8152
vn 0.5135 -0.3816 -0.7685
vn 0.4606 -0.2123 -0.8618
vn 0.5429 -0.2123 -0.8125
vn 0.1478 -0.9725 -0.1801
vn 0.1647 -0.9725 -0.1647
vn 0.2474 -0.9208 -0.3015
vn 0.2758 -0.9208 -0.2758
vn 0.3542 -0.8297 -0.4316
vn 0.3948 -0.8297 -0.3948
vn 0.4499 -0.7050 -0.5482
vn 0.5015 -0.7050 -0.5015
vn 0.5283 -0.5536 -0.6438
vn 0.5889 -0.5536 -0.5889
vn 0.5864 -0.3816 -0.7145
vn 0.6536 -0.3816 -0.6536
vn 0.6199 -0.2123 -0.7554
vn 0.6910 -0.2123 -0.6910
vn 0.1801 -0.9725 -0.1478
vn 0.1937 -0.9725 -0.1294
vn 0.3015 -0.9208 -0.2474
vn 0.3243 -0.9208 -0.2167
vn 0.4316 -0.8297 -0.3542
vn 0.4642 -0.8297 -0.3102
vn 0.5482 -0.7050 -0.4499
vn 0.5897 -0.7050 -0.3940
vn 0.6438 -0.5536 -0.5283
vn 0.6925 -0.5536 -0.4627
vn 0.7145 -0.3816 -0.5864
vn 0.7685 -0.3816 -0.5135
vn 0.7554 -0.2123 -0.6199
vn 0.8125 -0.2123 -0.5429
vn 0.2055 -0.9725 -0.1098
vn 0.2152 -0.9725 -0.0892
vn 0.3440 -0.9208 -0.1839
vn 0.3604 -0.9208 -0.1493
vn 0.4924 -0.8297 -0.2632
vn 0.5158 -0.8297 -0.2136
vn 0.6254 -0.7050 -0.3343
vn 0.6552 -0.7050 -0.2714
vn 0.7345 -0.5536 -0.3926
vn 0.7694 -0.5536 -0.3187
vn 0.8152 -0.3816 -0.4357
vn 0.8540 -0.3816 -0.3537
vn 0.8618 -0.2123 -0.4606
vn 0.9028 -0.2123 -0.3740
vn 0.2229 -0.9725 -0.0676
vn 0.2285 -0.9725 -0.0455
vn 0.3732 -0.9208 -0.1132
vn 0.3825 -0.9208 -0.0761
vn 0.5342 -0.8297 -0.1621
vn 0.5475 -0.8297 -0.1089
vn 0.6787 -0.7050 -0.2059
vn 0.6956 -0.7050 -0.1384
vn 0.7969 -0.5536 -0.2418
vn 0.8168 -0.5536 -0.1625
vn 0.8845 -0.3816 -0.2683
vn 0.9066 -0.3816 -0.1803
vn 0.9351 -0.2123 -0.2837
vn 0.9584 -0.2123 -0.1906
vn 0.2318 -0.9725 -0.0228
vn 0.2330 -0.9725 0.0000
vn 0.3882 -0.9208 -0.0382
vn 0.3900 -0.9208 0.0000
vn 0.5556 -0.8297 -0.0547
vn 0.5583 -0.8297 0.0000
vn 0.7058 -0.7050 -0.0695
vn 0.7092 -0.7050 -0.0000
vn 0.8288 -0.5536 -0.0816
vn 0.8328 -0.5536 0.0000
vn 0.9199 -0.3816 -0.0906
vn 0.9243 -0.3816 0.0000
vn 0.9725 -0.2123 -0.0958
vn 0.9772 -0.2123 -0.0000
vn 0.2318 -0.9725 0.0228
vn 0.2285 -0.9725 0.0455
vn 0.3882 -0.9208 0.0382
vn 0.3825 -0.9208 0.0761
vn 0.5556 -0.8297 0.0547
vn 0.5475 -0.8297 0.1089
vn 0.7058 -0.7050 0.0695
vn 0.6956 -0.7050 0.1384
vn 0.8288 -0.5536 0.0816
vn 0.8168 -0.5536 0.1625
vn 0.9199 -0.3816 0.0906
vn 0.9066 -0.3816 0.1803
vn 0.9725 -0.2123 0.0958
vn 0.9584 -0.2123 0.1906
vn 0.2229 -0.9725 0.0676
vn 0.2152 -0.9725 0.0892
vn 0.3732 -0.9208 0.1132
vn 0.3604 -0.9208 0.1493
vn 0.5342 -0.8297 0.1621
vn 0.5158 -0.8297 0.2136
vn 0.6787 -0.7050 0.2059
vn 0.6552 -0.7050 0.2714
vn 0.7969 -0.5536 0.2418
vn 0.7694 -0.5536 0.3187
vn 0.8845 -0.3816 0.2683
vn 0.8540 -0.3816 0.3537
vn 0.9351 -0.2123 0.2837
vn 0.9028 -0.2123 0.3740
vn 0.2055 -0.9725 0.1098
vn 0.1937 -0.9725 0.1294
vn 0.3440 -0.9208 0.1839
vn 0.3243 -0.9208 0.2167
vn 0.4924 -0.8297 0.2632
vn 0.4642 -0.8297 0.3102
vn 0.6254 -0.7050 0.3343
vn 0.5897 -0.7050 0.3940
vn 0.7345 -0.5536 0.3926
vn 0.6925 -0.5536 0.4627
vn 0.8152 -0.3816 0.4357
vn 0.7685 -0.3816 0.5135
vn 0.8618 -0.2123 0.4606
vn 0.8125 -0.2123 0.5429
vn 0.1801 -0.9725 0.1478
vn 0.1647 -0.9725 0.1647
vn 0.3015 -0.9208 0.2474
vn 0.2758 -0.9208 0.2758
vn 0.4316 -0.8297 0.3542
vn 0.3948 -0.8297 0.3948
vn 0.5482 -0.7050 0.4499
vn 0.5015 -0.7050 0.5015
vn 0.6438 -0.5536 0.5283
vn 0.5889 -0.5536 0.5889
vn 0.7145 -0.3816 0.5864
vn 0.6536 -0.3816 0.6536
vn 0.7554 -0.2123 0.6199
vn 0.6910 -0.2123 0.6910
vn 0.1478 -0.9725 0.1801
vn 0.1294 -0.9725 0.1937
vn 0.2474 -0.9208 0.3015
vn 0.2167 -0.9208 0.3243
vn 0.3542 -0.8297 0.4316
vn 0.3102 -0.8297 0.4642
vn 0.4499 -0.7050 0.5482
vn 0.3940 -0.7050 0.5897
vn 0.5283 -0.5536 0.6438
vn 0.4627 -0.5536 0.6925
vn 0.5864 -0.3816 0.7145
vn 0.5135 -0.3816 0.7685
vn 0.6199 -0.2123 0.7554
vn 0.5429 -0.2123 0.8125
vn 0.1098 -0.9725 0.2055
vn 0.0892 -0.9725 0.2152
vn 0.1839 -0.9208 0.3440
vn 0.1493 -0.9208 0.3604
vn 0.2632 -0.8297 0.4924
vn 0.2136 -0.8297 0.5158
vn 0.3343 -0.7050 0.6254
vn 0.2714 -0.7050 0.6552
vn 0.3926 -0.5536 0.7345
vn 0.3187 -0.5536 0.7694
vn 0.4357 -0.3816 0.8152
vn 0.3537 -0.3816 0.8540
vn 0.4606 -0.2123 0.8618
vn 0.3740 -0.2123 0.9028
vn 0.0676 -0.9725 0.2229
vn 0.0455 -0.9725 0.2285
vn 0.1132 -0.9208 0.3732
vn 0.0761 -0.9208 0.3825
vn 0.1621 -0.8297 0.5342
vn 0.1089 -0.8297 0.5475
vn 0.2059 -0.7050 0.6787
vn 0.1384 -0.7050 0.6956
vn 0.2418 -0.5536 0.7969
vn 0.1625 -0.5536 0.8168
vn 0.2683 -0.3816 0.8845
vn 0.1803 -0.3816 0.9066
vn 0.2837 -0.2123 0.9351
vn 0.1906 -0.2123 0.9584
vn 0.0228 -0.9725 0.2318
vn -0.0000 -0.9725 0.2330
vn 0.0382 -0.9208 0.3882
vn -0.0000 -0.9208 0.3900
vn 0.0547 -0.8297 0.5556
vn -0.0000 -0.8297 0.5583
vn 0.0695 -0.7050 0.7058
vn 0.0000 -0.7050 0.7092
vn 0.0816 -0.5536 0.8288
vn 0.0000 -0.5536 0.8328
vn 0.0906 -0.3816 0.9199
vn 0.0000 -0.3816 0.9243
vn 0.0958 -0.2123 0.9725
vn -0.0000 -0.2123 0.9772
vn -0.0228 -0.9725 0.2318
vn -0.0455 -0.9725 0.2285
vn -0.0382 -0.9208 0.3882
vn -0.0761 -0.9208 0.3825
vn -0.0547 -0.8297 0.5556
vn -0.1089 -0.8297 0.5475
vn -0.0695 -0.7050 0.7058
vn -0.1384 -0.7050 0.6956
vn -0.0816 -0.5536 0.8288
vn -0.1625 -0.5536 0.8168
vn -0.0906 -0.3816 0.9199
vn -0.1803 -0.3816 0.9066
vn -0.0958 -0.2123 0.9725
vn -0.1906 -0.2123 0.9584
vn -0.0676 -0.9725 0.2229
vn -0.0892 -0.9725 0.2152
vn -0.1132 -0.9208 0.3732
vn -0.1493 -0.9208 0.3604
vn -0.1621 -0.8297 0.5342
vn -0.2136 -0.8297 0.5158
vn -0.2059 -0.7050 0.6787
vn -0.2714 -0.7050 0.6552
vn -0.2418 -0.5536 0.7969
vn -0.3187 -0.5536 0.7694
vn -0.2683 -0.3816 0.8845
vn -0.3537 -0.3816 0.8540
vn -0.2837 -0.2123 0.9351
vn -0.3740 -0.2123 0.9028
vn -0.1098 -0.9725 0.2055
vn -0.1294 -0.9725 0.1937
vn -0.1839 -0.9208 0.3440
vn -0.2167 -0.9208 0.3243
vn -0.2632 -0.8297 0.4924
vn -0.3102 -0.8297 0.4642
vn -0.3343 -0.7050 0.6254
vn -0.3940 -0.7050 0.5897
vn -0.3926 -0.5536 0.7345
vn -0.4627 -0.5536 0.6925
vn -0.4357 -0.3816 0.8152
vn -0.5135 -0.3816 0.7685
vn -0.4606 -0.2123 0.8618
vn -0.5429 -0.2123 0.8125
vn -0.1478 -0.9725 0.1801
vn -0.1647 -0.9725 0.1647
vn -0.2474 -0.9208 0.3015
vn -0.2758 -0.9208 0.2758
vn -0.3542 -0.8297 0.4316
vn -0.3948 -0.8297 0.3948
vn -0.4499 -0.7050 0.5482
vn -0.5015 -0.7050 0.5015
vn -0.5283 -0.5536 0.6438
vn -0.5889 -0.5536 0.5889
vn -0.5864 -0.3816 0.7145
vn -0.6536 -0.3816 0.6536
vn -0.6199 -0.2123 0.7554
vn -0.6910 -0.2123 0.6910
vn -0.1801 -0.9725 0.1478
vn -0.1937 -0.9725 0.1294
vn -0.3015 -0.9208 0.2474
vn -0.3243 -0.9208 0.2167
vn -0.4316 -0.8297 0.3542
vn -0.4642 -0.8297 0.3102
vn -0.5482 -0.7050 0.4499
vn -0.5897 -0.7050 0.3940
vn -0.6438 -0.5536 0.5283
vn -0.6925 -0.5536 0.4627
vn -0.7145 -0.3816 0.5864
vn -0.7685 -0.3816 0.5135
vn -0.7554 -0.2123 0.6199
vn -0.8125 -0.2123 0.5429
vn -0.2055 -0.9725 0.1098
vn -0.2152 -0.9725 0.0892
vn -0.3440 -0.9208 0.1839
vn -0.3604 -0.9208 0.1493
vn -0.4924 -0.8297 0.2632
vn -0.5158 -0.8297 0.2136
vn -0.6254 -0.7050 0.3343
vn -0.6552 -0.7050 0.2714
vn -0.7345 -0.5536 0.3926
vn -0.7694 -0.5536 0.3187
vn -0.8152 -0.3816 0.4357
vn -0.8540 -0.3816 0.3537
vn -0.8618 -0.2123 0.4606
vn -0.9028 -0.2123 0.3740
vn -0.2229 -0.9725 0.0676
vn -0.2285 -0.9725 0.0455
vn -0.3732 -0.9208 0.1132
vn -0.3825 -0.9208 0.0761
vn -0.5342 -0.8297 0.1621
vn -0.5475 -0.8297 0.1089
vn -0.6787 -0.7050 0.2059
vn -0.6956 -0.7050 0.1384
vn -0.7969 -0.5536 0.2418
vn -0.8168 -0.5536 0.1625
vn -0.8845 -0.3816 0.2683
vn -0.9066 -0.3816 0.1803
vn -0.9351 -0.2123 0.2837
vn -0.9584 -0.2123 0.1906
vn -0.2318 -0.9725 0.0228
vn -0.2330 -0.9725 0.0000
vn -0.3882 -0.9208 0.0382
vn -0.3900 -0.9208 0.0000
vn -0.5556 -0.8297 0.0547
vn -0.5583 -0.8297 0.0000
vn -0.7058 -0.7050 0.0695
vn -0.7092 -0.7050 0.0000
vn -0.8288 -0.5536 0.0816
vn -0.8328 -0.5536 0.0000
vn -0.9199 -0.3816 0.0906
vn -0.9243 -0.3816 0.0000
vn -0.9725 -0.2123 0.0958
vn -0.9772 -0.2123 0.0000
vn -0.2318 -0.9725 -0.0228
vn -0.2285 -0.9725 -0.0455
vn -0.3882 -0.9208 -0.0382
vn -0.3825 -0.9208 -0.0761
vn -0.5556 -0.8297 -0.0547
vn -0.5475 -0.8297 -0.1089
vn -0.7058 -0.7050 -0.0695
vn -0.6956 -0.7050 -0.1384
vn -0.8288 -0.5536 -0.0816
vn -0.8168 -0.5536 -0.1625
vn -0.9199 -0.3816 -0.0906
vn -0.9066 -0.3816 -0.1803
vn -0.9725 -0.2123 -0.0958
vn -0.9584 -0.2123 -0.1906
vn -0.2229 -0.9725 -0.0676
vn -0.2152 -0.9725 -0.0892
vn -0.3732 -0.9208 -0.1132
vn -0.3604 -0.9208 -0.1493
vn -0.5342 -0.8297 -0.1621
vn -0.5158 -0.8297 -0.2136
vn -0.6787 -0.7050 -0.2059
vn -0.6552 -0.7050 -0.2714
vn -0.7969 -0.5536 -0.2418
vn -0.7694 -0.5536 -0.3187
vn -0.8845 -0.3816 -0.2683
vn -0.8540 -0.3816 -0.3537
vn -0.9351 -0.2123 -0.2837
vn -0.9028 -0.2123 -0.3740
vn -0.2055 -0.9725 -0.1098
vn -0.1937 -0.9725 -0.1294
vn -0.3440 -0.9208 -0.1839
vn -0.3243 -0.9208 -0.2167
vn -0.4924 -0.8297 -0.2632
vn -0.4642 -0.8297 -0.3102
vn -0.6254 -0.7050 -0.3343
vn -0.5897 -0.7050 -0.3940
vn -0.7345 -0.5536 -0.3926
vn -0.6925 -0.5536 -0.4627
vn -0.8152 -0.3816 -0.4357
vn -0.7685 -0.3816 -0.5135
vn -0.8618 -0.2123 -0.4606
vn -0.8125 -0.2123 -0.5429
vn -0.1801 -0.9725 -0.1478
vn -0.1647 -0.9725 -0.1647
vn -0.3015 -0.9208 -0.2474
vn -0.2758 -0.9208 -0.2758
vn -0.4316 -0.8297 -0.3542
vn -0.3948 -0.8297 -0.3948
vn -0.5482 -0.7050 -0.4499
vn -0.5015 -0.7050 -0.5015
vn -0.6438 -0.5536 -0.5283
vn -0.5889 -0.5536 -0.5889
vn -0.7145 -0.3816 -0.5864
vn -0.6536 -0.3816 -0.6536
vn -0.7554 -0.2123 -0.6199
vn -0.6910 -0.2123 -0.6910
vn -0.1478 -0.9725 -0.1801
vn -0.1294 -0.9725 -0.1937
vn -0.2474 -0.9208 -0.3015
vn -0.2167 -0.9208 -0.3243
vn -0.3542 -0.8297 -0.4316
vn -0.3102 -0.8297 -0.4642
vn -0.4499 -0.7050 -0.5482
vn -0.3940 -0.7050 -0.5897
vn -0.5283 -0.5536 -0.6438
vn -0.4627 -0.5536 -0.6925
vn -0.5864 -0.3816 -0.7145
vn -0.5135 -0.3816 -0.7685
vn -0.6199 -0.2123 -0.7554
vn -0.5429 -0.2123 -0.8125
vn -0.1098 -0.9725 -0.2055
vn -0.0892 -0.9725 -0.2152
vn -0.1839 -0.9208 -0.3440
vn -0.1493 -0.9208 -0.3604
vn -0.2632 -0.8297 -0.4924
vn -0.2136 -0.8297 -0.5158
vn -0.3343 -0.7050 -0.6254
vn -0.2714 -0.7050 -0.6552
vn -0.3926 -0.5536 -0.7345
vn -0.3187 -0.5536 -0.7694
vn -0.4357 -0.3816 -0.8152
vn -0.3537 -0.3816 -0.8540
vn -0.4606 -0.2123 -0.8618
vn -0.3740 -0.2123 -0.9028
vn -0.0676 -0.9725 -0.2229
vn -0.0455 -0.9725 -0.2285
vn -0.1132 -0.9208 -0.3732
vn -0.0761 -0.9208 -0.3825
vn -0.1621 -0.8297 -0.5342
vn -0.1089 -0.8297 -0.5475
vn -0.2059 -0.7050 -0.6787
vn -0.1384 -0.7050 -0.6956
vn -0.2418 -0.5536 -0.7969
vn -0.1625 -0.5536 -0.8168
vn -0.2683 -0.3816 -0.8845
vn -0.1803 -0.3816 -0.9066
vn -0.2837 -0.2123 -0.9351
vn -0.1906 -0.2123 -0.9584
vn -0.0228 -0.9725 -0.2318
vn -0.0382 -0.9208 -0.3882
vn -0.0547 -0.8297 -0.5556
vn -0.0695 -0.7050 -0.7058
vn -0.0816 -0.5536 -0.8288
vn -0.0906 -0.3816 -0.9199
vn -0.0958 -0.2123 -0.9725
vn 0.0941 -0.2799 -0.9554
vn 0.2301 -0.6094 -0.7587
vn 0.2891 -0.0895 -0.9531
vn 0.3811 -0.0895 -0.9202
vn 0.4695 -0.0895 -0.8784
vn 0.5533 -0.0895 -0.8281
vn 0.5606 -0.6094 -0.5606
vn 0.5030 -0.6094 -0.6129
vn 0.6318 -0.0895 -0.7699
vn 0.7043 -0.0895 -0.7043
vn 0.6129 -0.6094 -0.5030
vn 0.7699 -0.0895 -0.6318
vn 0.8281 -0.0895 -0.5533
vn 0.8784 -0.0895 -0.4695
vn 0.9202 -0.0895 -0.3811
vn 0.7776 -0.6094 -0.1547
vn 0.7587 -0.6094 -0.2301
vn 0.9531 -0.0895 -0.2891
vn 0.9769 -0.0895 -0.1943
vn 0.7890 -0.6094 -0.0777
vn 0.9912 -0.0895 -0.0976
vn 0.9960 -0.0895 -0.0000
vn 0.9912 -0.0895 0.0976
vn 0.9769 -0.0895 0.1943
vn 0.7325 -0.6094 0.3034
vn 0.7587 -0.6094 0.2301
vn 0.9531 -0.0895 0.2891
vn 0.9202 -0.0895 0.3811
vn 0.6992 -0.6094 0.3737
vn 0.8784 -0.0895 0.4695
vn 0.8281 -0.0895 0.5533
vn 0.7699 -0.0895 0.6318
vn 0.7043 -0.0895 0.7043
vn 0.4405 -0.6094 0.6592
vn 0.5030 -0.6094 0.6129
vn 0.6318 -0.0895 0.7699
vn 0.5533 -0.0895 0.8281
vn 0.3737 -0.6094 0.6992
vn 0.4695 -0.0895 0.8784
vn 0.3811 -0.0895 0.9202
vn 0.2891 -0.0895 0.9531
vn 0.1943 -0.0895 0.9769
vn 0.0000 -0.6094 0.7928
vn 0.0777 -0.6094 0.7890
vn 0.0976 -0.0895 0.9912
vn 0.0000 -0.0895 0.9960
vn -0.0777 -0.6094 0.7890
vn -0.0976 -0.0895 0.9912
vn -0.1943 -0.0895 0.9769
vn -0.2891 -0.0895 0.9531
vn -0.3811 -0.0895 0.9202
vn -0.3737 -0.6094 0.6992
vn -0.4695 -0.0895 0.8784
vn -0.5533 -0.0895 0.8281
vn -0.6318 -0.0895 0.7699
vn -0.7043 -0.0895 0.7043
vn -0.7699 -0.0895 0.6318
vn -0.8281 -0.0895 0.5533
vn -0.6992 -0.6094 0.3737
vn -0.8784 -0.0895 0.4695
vn -0.9202 -0.0895 0.3811
vn -0.9531 -0.0895 0.2891
vn -0.9769 -0.0895 0.1943
vn -0.9912 -0.0895 0.0976
vn -0.9960 -0.0895 -0.0000
vn -0.7890 -0.6094 -0.0777
vn -0.9912 -0.0895 -0.0976
vn -0.9769 -0.0895 -0.1943
vn -0.9531 -0.0895 -0.2891
vn -0.9202 -0.0895 -0.3811
vn -0.8784 -0.0895 -0.4695
vn -0.8281 -0.0895 -0.5533
vn -0.6129 -0.6094 -0.5030
vn -0.7699 -0.0895 -0.6318
vn -0.7043 -0.0895 -0.7043
vn -0.6318 -0.0895 -0.7699
vn -0.5533 -0.0895 -0.8281
vn -0.4695 -0.0895 -0.8784
vn -0.3811 -0.0895 -0.9202
vn -0.2301 -0.6094 -0.7587
vn -0.2891 -0.0895 -0.9531
vn -0.1943 -0.0895 -0.9769
vn -0.0976 -0.0895 -0.9912
vn -0.0843 0.5108 -0.8556
vn -0.8303 0.0528 -0.5548
vn -0.8807 0.0528 -0.4707
vn -0.8816 0.0262 -0.4712
vn -0.8312 0.0262 -0.5554
vn -0.8802 0.0624 -0.4705
vn -0.8298 0.0624 -0.5545
vn 0.4137 -0.7581 -0.5041
vn 0.4611 -0.7581 -0.4611
vn -0.3822 0.0528 -0.9226
vn -0.4707 0.0528 -0.8807
vn -0.4712 0.0262 -0.8816
vn -0.3826 0.0262 -0.9236
vn -0.4705 0.0624 -0.8802
vn -0.3819 0.0624 -0.9221
vn 0.2899 0.0528 -0.9556
vn 0.2902 0.0262 -0.9566
vn 0.1948 0.0528 -0.9794
vn 0.1950 0.0262 -0.9804
vn 0.1947 0.0624 -0.9789
vn 0.2897 0.0624 -0.9551
vn 0.6240 -0.7581 -0.1893
vn 0.6396 -0.7581 -0.1272
vn 0.6240 -0.7581 0.1893
vn 0.6024 -0.7581 0.2495
vn 0.7061 0.0528 -0.7061
vn 0.6335 0.0528 -0.7719
vn 0.6342 0.0262 -0.7727
vn 0.7069 0.0262 -0.7069
vn 0.6332 0.0624 -0.7715
vn 0.7057 0.0624 -0.7057
vn 0.4137 -0.7581 0.5041
vn 0.3623 -0.7581 0.5422
vn 0.9794 0.0528 -0.1948
vn 0.9556 0.0528 -0.2899
vn 0.9566 0.0262 -0.2902
vn 0.9804 0.0262 -0.1950
vn 0.9551 0.0624 -0.2897
vn 0.9789 0.0624 -0.1947
vn 0.0639 -0.7581 0.6489
vn 0.0000 -0.7581 0.6521
vn 0.9556 0.0528 0.2899
vn 0.9566 0.0262 0.2902
vn 0.9551 0.0624 0.2897
vn -0.3074 -0.7581 0.5751
vn 0.6335 0.0528 0.7719
vn 0.6342 0.0262 0.7727
vn 0.6332 0.0624 0.7715
vn -0.5751 -0.7581 0.3074
vn 0.0979 0.0528 0.9938
vn 0.0980 0.0262 0.9948
vn 0.0978 0.0624 0.9932
vn -0.6489 -0.7581 -0.0639
vn -0.4707 0.0528 0.8807
vn -0.4712 0.0262 0.8816
vn -0.4705 0.0624 0.8802
vn -0.5041 -0.7581 -0.4137
vn -0.8807 0.0528 0.4707
vn -0.8816 0.0262 0.4712
vn -0.8802 0.0624 0.4705
vn -0.1893 -0.7581 -0.6240
vn -0.9938 0.0528 -0.0979
vn -0.9948 0.0262 -0.0980
vn -0.9932 0.0624 -0.0978
vn 0.1893 -0.7581 -0.6240
vn -0.7719 0.0528 -0.6335
vn -0.7727 0.0262 -0.6342
vn -0.7715 0.0624 -0.6332
vn 0.5041 -0.7581 -0.4137
vn -0.2899 0.0528 -0.9556
vn -0.2902 0.0262 -0.9566
vn -0.2897 0.0624 -0.9551
vn 0.6489 -0.7581 -0.0639
vn -0.0131 0.9910 -0.1334
vn -0.0375 0.9241 -0.3804
vn -0.0000 0.9910 -0.1340
vn -0.0000 0.9241 -0.3823
vn 0.5751 -0.7581 0.3074
vn 0.7719 0.0528 -0.6335
vn 0.7727 0.0262 -0.6342
vn 0.7715 0.0624 -0.6332
vn 0.3074 -0.7581 0.5751
vn 0.9938 0.0528 -0.0979
vn 0.9948 0.0262 -0.0980
vn 0.9932 0.0624 -0.0978
vn -0.0639 -0.7581 0.6489
vn -0.0000 0.0358 -0.9994
vn 0.0980 0.0358 -0.9945
vn 0.0949 0.2496 -0.9637
vn -0.0000 0.2496 -0.9684
vn 0.1950 0.0358 -0.9802
vn 0.1889 0.2496 -0.9498
vn 0.1404 0.6942 -0.7059
vn 0.0705 0.6942 -0.7163
vn 0.0000 0.6942 -0.7197
vn 0.0546 0.8304 -0.5545
vn -0.0000 0.8304 -0.5572
vn 0.1087 0.8304 -0.5465
vn 0.1381 0.7065 -0.6941
vn 0.0694 0.7065 -0.7043
vn -0.0000 0.7065 -0.7077
vn 0.0815 0.5560 -0.8272
vn 0.0000 0.5560 -0.8312
vn 0.1622 0.5560 -0.8152
vn 0.1808 0.3755 -0.9090
vn 0.0908 0.3755 -0.9224
vn 0.0000 0.3755 -0.9268
vn 0.0963 0.1858 -0.9779
vn -0.0000 0.1858 -0.9826
vn 0.1917 0.1858 -0.9637
vn 0.0978 0.0624 -0.9932
vn 0.2901 0.0358 -0.9563
vn 0.2811 0.2496 -0.9267
vn 0.3824 0.0358 -0.9233
vn 0.3706 0.2496 -0.8946
vn 0.2754 0.6942 -0.6650
vn 0.2089 0.6942 -0.6888
vn 0.1617 0.8304 -0.5332
vn 0.2132 0.8304 -0.5148
vn 0.2708 0.7065 -0.6538
vn 0.2054 0.7065 -0.6772
vn 0.2413 0.5560 -0.7954
vn 0.3181 0.5560 -0.7679
vn 0.3547 0.3755 -0.8563
vn 0.2690 0.3755 -0.8869
vn 0.2852 0.1858 -0.9403
vn 0.3760 0.1858 -0.9078
vn 0.4711 0.0358 -0.8814
vn 0.4565 0.2496 -0.8540
vn 0.5552 0.0358 -0.8309
vn 0.5380 0.2496 -0.8052
vn 0.3999 0.6942 -0.5984
vn 0.3393 0.6942 -0.6348
vn 0.2626 0.8304 -0.4914
vn 0.3095 0.8304 -0.4633
vn 0.3932 0.7065 -0.5884
vn 0.3336 0.7065 -0.6241
vn 0.3918 0.5560 -0.7330
vn 0.4618 0.5560 -0.6911
vn 0.5149 0.3755 -0.7706
vn 0.4369 0.3755 -0.8174
vn 0.4632 0.1858 -0.8666
vn 0.5459 0.1858 -0.8170
vn 0.6340 0.0358 -0.7725
vn 0.6143 0.2496 -0.7486
vn 0.7067 0.0358 -0.7067
vn 0.6847 0.2496 -0.6847
vn 0.5089 0.6942 -0.5089
vn 0.4566 0.6942 -0.5564
vn 0.3535 0.8304 -0.4307
vn 0.3940 0.8304 -0.3940
vn 0.5004 0.7065 -0.5004
vn 0.4490 0.7065 -0.5471
vn 0.5273 0.5560 -0.6425
vn 0.5877 0.5560 -0.5877
vn 0.6554 0.3755 -0.6554
vn 0.5880 0.3755 -0.7164
vn 0.6234 0.1858 -0.7596
vn 0.6948 0.1858 -0.6948
vn 0.7725 0.0358 -0.6340
vn 0.7486 0.2496 -0.6143
vn 0.8309 0.0358 -0.5552
vn 0.8052 0.2496 -0.5380
vn 0.5984 0.6942 -0.3999
vn 0.5564 0.6942 -0.4566
vn 0.4307 0.8304 -0.3535
vn 0.4633 0.8304 -0.3095
vn 0.5884 0.7065 -0.3932
vn 0.5471 0.7065 -0.4490
vn 0.6425 0.5560 -0.5273
vn 0.6911 0.5560 -0.4618
vn 0.7706 0.3755 -0.5149
vn 0.7164 0.3755 -0.5880
vn 0.7596 0.1858 -0.6234
vn 0.8170 0.1858 -0.5459
vn 0.8814 0.0358 -0.4711
vn 0.8540 0.2496 -0.4565
vn 0.9233 0.0358 -0.3824
vn 0.8946 0.2496 -0.3706
vn 0.6650 0.6942 -0.2754
vn 0.6348 0.6942 -0.3393
vn 0.4914 0.8304 -0.2626
vn 0.5148 0.8304 -0.2132
vn 0.6538 0.7065 -0.2708
vn 0.6241 0.7065 -0.3336
vn 0.7330 0.5560 -0.3918
vn 0.7679 0.5560 -0.3181
vn 0.8563 0.3755 -0.3547
vn 0.8174 0.3755 -0.4369
vn 0.8666 0.1858 -0.4632
vn 0.9078 0.1858 -0.3760
vn 0.9563 0.0358 -0.2901
vn 0.9267 0.2496 -0.2811
vn 0.9802 0.0358 -0.1950
vn 0.9498 0.2496 -0.1889
vn 0.7059 0.6942 -0.1404
vn 0.6888 0.6942 -0.2089
vn 0.5332 0.8304 -0.1617
vn 0.5465 0.8304 -0.1087
vn 0.6941 0.7065 -0.1381
vn 0.6772 0.7065 -0.2054
vn 0.7954 0.5560 -0.2413
vn 0.8152 0.5560 -0.1622
vn 0.9090 0.3755 -0.1808
vn 0.8869 0.3755 -0.2690
vn 0.9403 0.1858 -0.2852
vn 0.9637 0.1858 -0.1917
vn 0.9945 0.0358 -0.0980
vn 0.9637 0.2496 -0.0949
vn 0.9994 0.0358 -0.0000
vn 0.9684 0.2496 0.0000
vn 0.7197 0.6942 0.0000
vn 0.7163 0.6942 -0.0705
vn 0.5545 0.8304 -0.0546
vn 0.5572 0.8304 -0.0000
vn 0.7077 0.7065 -0.0000
vn 0.7043 0.7065 -0.0694
vn 0.8272 0.5560 -0.0815
vn 0.8312 0.5560 0.0000
vn 0.9268 0.3755 -0.0000
vn 0.9224 0.3755 -0.0908
vn 0.9779 0.1858 -0.0963
vn 0.9826 0.1858 0.0000
vn 0.9945 0.0358 0.0980
vn 0.9637 0.2496 0.0949
vn 0.9802 0.0358 0.1950
vn 0.9498 0.2496 0.1889
vn 0.7059 0.6942 0.1404
vn 0.7163 0.6942 0.0705
vn 0.5545 0.8304 0.0546
vn 0.5465 0.8304 0.1087
vn 0.6941 0.7065 0.1381
vn 0.7043 0.7065 0.0694
vn 0.8272 0.5560 0.0815
vn 0.8152 0.5560 0.1622
vn 0.9090 0.3755 0.1808
vn 0.9224 0.3755 0.0908
vn 0.9779 0.1858 0.0963
vn 0.9637 0.1858 0.1917
vn 0.9563 0.0358 0.2901
vn 0.9267 0.2496 0.2811
vn 0.9233 0.0358 0.3824
vn 0.8946 0.2496 0.3706
vn 0.6650 0.6942 0.2754
vn 0.6888 0.6942 0.2089
vn 0.5332 0.8304 0.1617
vn 0.5148 0.8304 0.2132
vn 0.6538 0.7065 0.2708
vn 0.6772 0.7065 0.2054
vn 0.7954 0.5560 0.2413
vn 0.7679 0.5560 0.3181
vn 0.8563 0.3755 0.3547
vn 0.8869 0.3755 0.2690
vn 0.9403 0.1858 0.2852
vn 0.9078 0.1858 0.3760
vn 0.8814 0.0358 0.4711
vn 0.8540 0.2496 0.4565
vn 0.8309 0.0358 0.5552
vn 0.8052 0.2496 0.5380
vn 0.5984 0.6942 0.3999
vn 0.6348 0.6942 0.3393
vn 0.4914 0.8304 0.2626
vn 0.4633 0.8304 0.3095
vn 0.5884 0.7065 0.3932
vn 0.6241 0.7065 0.3336
vn 0.7330 0.5560 0.3918
vn 0.6911 0.5560 0.4618
vn 0.7706 0.3755 0.5149
vn 0.8174 0.3755 0.4369
vn 0.8666 0.1858 0.4632
vn 0.8170 0.1858 0.5459
vn 0.7725 0.0358 0.6340
vn 0.7486 0.2496 0.6143
vn 0.7067 0.0358 0.7067
vn 0.6847 0.2496 0.6847
vn 0.5089 0.6942 0.5089
vn 0.5564 0.6942 0.4566
vn 0.4307 0.8304 0.3535
vn 0.3940 0.8304 0.3940
vn 0.5004 0.7065 0.5004
vn 0.5471 0.7065 0.4490
vn 0.6425 0.5560 0.5273
vn 0.5877 0.5560 0.5877
vn 0.6554 0.3755 0.6554
vn 0.7164 0.3755 0.5880
vn 0.7596 0.1858 0.6234
vn 0.6948 0.1858 0.6948
vn 0.6340 0.0358 0.7725
vn 0.6143 0.2496 0.7486
vn 0.5552 0.0358 0.8309
vn 0.5380 0.2496 0.8052
vn 0.3999 0.6942 0.5984
vn 0.4566 0.6942 0.5564
vn 0.3535 0.8304 0.4307
vn 0.3095 0.8304 0.4633
vn 0.3932 0.7065 0.5884
vn 0.4490 0.7065 0.5471
vn 0.5273 0.5560 0.6425
vn 0.4618 0.5560 0.6911
vn 0.5149 0.3755 0.7706
vn 0.5880 0.3755 0.7164
vn 0.6234 0.1858 0.7596
vn 0.5459 0.1858 0.8170
vn 0.4711 0.0358 0.8814
vn 0.4565 0.2496 0.8540
vn 0.3824 0.0358 0.9233
vn 0.3706 0.2496 0.8946
vn 0.2754 0.6942 0.6650
vn 0.3393 0.6942 0.6348
vn 0.2626 0.8304 0.4914
vn 0.2132 0.8304 0.5148
vn 0.2708 0.7065 0.6538
vn 0.3336 0.7065 0.6241
vn 0.3918 0.5560 0.7330
vn 0.3181 0.5560 0.7679
vn 0.3547 0.3755 0.8563
vn 0.4369 0.3755 0.8174
vn 0.4632 0.1858 0.8666
vn 0.3760 0.1858 0.9078
vn 0.2901 0.0358 0.9563
vn 0.2811 0.2496 0.9267
vn 0.1950 0.0358 0.9802
vn 0.1889 0.2496 0.9498
vn 0.1404 0.6942 0.7059
vn 0.2089 0.6942 0.6888
vn 0.1617 0.8304 0.5332
vn 0.1087 0.8304 0.5465
vn 0.1381 0.7065 0.6941
vn 0.2054 0.7065 0.6772
vn 0.2413 0.5560 0.7954
vn 0.1622 0.5560 0.8152
vn 0.1808 0.3755 0.9090
vn 0.2690 0.3755 0.8869
vn 0.2852 0.1858 0.9403
vn 0.1917 0.1858 0.9637
vn 0.0980 0.0358 0.9945
vn 0.0949 0.2496 0.9637
vn 0.0000 0.0358 0.9994
vn -0.0000 0.2496 0.9684
vn -0.0000 0.6942 0.7197
vn 0.0705 0.6942 0.7163
vn 0.0546 0.8304 0.5545
vn 0.0000 0.8304 0.5572
vn 0.0000 0.7065 0.7077
vn 0.0694 0.7065 0.7043
vn 0.0815 0.5560 0.8272
vn -0.0000 0.5560 0.8312
vn -0.0000 0.3755 0.9268
vn 0.0908 0.3755 0.9224
vn 0.0963 0.1858 0.9779
vn 0.0000 0.1858 0.9826
vn -0.0980 0.0358 0.9945
vn -0.0949 0.2496 0.9637
vn -0.1950 0.0358 0.9802
vn -0.1889 0.2496 0.9498
vn -0.1404 0.6942 0.7059
vn -0.0705 0.6942 0.7163
vn -0.0546 0.8304 0.5545
vn -0.1087 0.8304 0.5465
vn -0.1381 0.7065 0.6941
vn -0.0694 0.7065 0.7043
vn -0.0815 0.5560 0.8272
vn -0.1622 0.5560 0.8152
vn -0.1808 0.3755 0.9090
vn -0.0908 0.3755 0.9224
vn -0.0963 0.1858 0.9779
vn -0.1917 0.1858 0.9637
vn -0.2901 0.0358 0.9563
vn -0.2811 0.2496 0.9267
vn -0.3824 0.0358 0.9233
vn -0.3706 0.2496 0.8946
vn -0.2754 0.6942 0.6650
vn -0.2089 0.6942 0.6888
vn -0.1617 0.8304 0.5332
vn -0.2132 0.8304 0.5148
vn -0.2708 0.7065 0.6538
vn -0.2054 0.7065 0.6772
vn -0.2413 0.5560 0.7954
vn -0.3181 0.5560 0.7679
vn -0.3547 0.3755 0.8563
vn -0.2690 0.3755 0.8869
vn -0.2852 0.1858 0.9403
vn -0.3760 0.1858 0.9078
vn -0.4711 0.0358 0.8814
vn -0.4565 0.2496 0.8540
vn -0.5552 0.0358 0.8309
vn -0.5380 0.2496 0.8052
vn -0.3999 0.6942 0.5984
vn -0.3393 0.6942 0.6348
vn -0.2626 0.8304 0.4914
vn -0.3095 0.8304 0.4633
vn -0.3932 0.7065 0.5884
vn -0.3336 0.7065 0.6241
vn -0.3918 0.5560 0.7330
vn -0.4618 0.5560 0.6911
vn -0.5149 0.3755 0.7706
vn -0.4369 0.3755 0.8174
vn -0.4632 0.1858 0.8666
vn -0.5459 0.1858 0.8170
vn -0.6340 0.0358 0.7725
vn -0.6143 0.2496 0.7486
vn -0.7067 0.0358 0.7067
vn -0.6847 0.2496 0.6847
vn -0.5089 0.6942 0.5089
vn -0.4566 0.6942 0.5564
vn -0.3535 0.8304 0.4307
vn -0.3940 0.8304 0.3940
vn -0.5004 0.7065 0.5004
vn -0.4490 0.7065 0.5471
vn -0.5273 0.5560 0.6425
vn -0.5877 0.5560 0.5877
vn -0.6554 0.3755 0.6554
vn -0.5880 0.3755 0.7164
vn -0.6234 0.1858 0.7596
vn -0.6948 0.1858 0.6948
vn -0.7725 0.0358 0.6340
vn -0.7486 0.2496 0.6143
vn -0.8052 0.2496 0.5380
vn -0.5984 0.6942 0.3999
vn -0.5564 0.6942 0.4566
vn -0.4307 0.8304 0.3535
vn -0.4633 0.8304 0.3095
vn -0.5884 0.7065 0.3932
vn -0.5471 0.7065 0.4490
vn -0.6425 0.5560 0.5273
vn -0.6911 0.5560 0.4618
vn -0.7706 0.3755 0.5149
vn -0.7164 0.3755 0.5880
vn -0.7596 0.1858 0.6234
vn -0.8170 0.1858 0.5459
vn -0.8540 0.2496 0.4565
vn -0.8946 0.2496 0.3706
vn -0.6650 0.6942 0.2754
vn -0.6348 0.6942 0.3393
vn -0.4914 0.8304 0.2626
vn -0.5148 0.8304 0.2132
vn -0.6538 0.7065 0.2708
vn -0.6241 0.7065 0.3336
vn -0.7330 0.5560 0.3918
vn -0.7679 0.5560 0.3181
vn -0.8563 0.3755 0.3547
vn -0.8174 0.3755 0.4369
vn -0.8666 0.1858 0.4632
vn -0.9078 0.1858 0.3760
vn -0.9563 0.0358 0.2901
vn -0.9267 0.2496 0.2811
vn -0.9802 0.0358 0.1950
vn -0.9498 0.2496 0.1889
vn -0.7059 0.6942 0.1404
vn -0.6888 0.6942 0.2089
vn -0.5332 0.8304 0.1617
vn -0.5465 0.8304 0.1087
vn -0.6941 0.7065 0.1381
vn -0.6772 0.7065 0.2054
vn -0.7954 0.5560 0.2413
vn -0.8152 0.5560 0.1622
vn -0.9090 0.3755 0.1808
vn -0.8869 0.3755 0.2690
vn -0.9403 0.1858 0.2852
vn -0.9637 0.1858 0.1917
vn -0.9945 0.0358 0.0980
vn -0.9637 0.2496 0.0949
vn -0.9994 0.0358 0.0000
vn -0.9684 0.2496 -0.0000
vn -0.7197 0.6942 -0.0000
vn -0.7163 0.6942 0.0705
vn -0.5545 0.8304 0.0546
vn -0.5572 0.8304 0.0000
vn -0.7077 0.7065 0.0000
vn -0.7043 0.7065 0.0694
vn -0.8272 0.5560 0.0815
vn -0.8312 0.5560 -0.0000
vn -0.9268 0.3755 0.0000
vn -0.9224 0.3755 0.0908
vn -0.9779 0.1858 0.0963
vn -0.9826 0.1858 0.0000
vn -0.9945 0.0358 -0.0980
vn -0.9637 0.2496 -0.0949
vn -0.9802 0.0358 -0.1950
vn -0.9498 0.2496 -0.1889
vn -0.7059 0.6942 -0.1404
vn -0.7163 0.6942 -0.0705
vn -0.5545 0.8304 -0.0546
vn -0.5465 0.8304 -0.1087
vn -0.6941 0.7065 -0.1381
vn -0.7043 0.7065 -0.0694
vn -0.8272 0.5560 -0.0815
vn -0.8152 0.5560 -0.1622
vn -0.9090 0.3755 -0.1808
vn -0.9224 0.3755 -0.0908
vn -0.9779 0.1858 -0.0963
vn -0.9637 0.1858 -0.1917
vn -0.9563 0.0358 -0.2901
vn -0.9267 0.2496 -0.2811
vn -0.9233 0.0358 -0.3824
vn -0.8946 0.2496 -0.3706
vn -0.6650 0.6942 -0.2754
vn -0.6888 0.6942 -0.2089
vn -0.5332 0.8304 -0.1617
vn -0.5148 0.8304 -0.2132
vn -0.6538 0.7065 -0.2708
vn -0.6772 0.7065 -0.2054
vn -0.7954 0.5560 -0.2413
vn -0.7679 0.5560 -0.3181
vn -0.8563 0.3755 -0.3547
vn -0.8869 0.3755 -0.2690
vn -0.9403 0.1858 -0.2852
vn -0.9078 0.1858 -0.3760
vn -0.8814 0.0358 -0.4711
vn -0.8540 0.2496 -0.4565
vn -0.8309 0.0358 -0.5552
vn -0.8052 0.2496 -0.5380
vn -0.5984 0.6942 -0.3999
vn -0.6348 0.6942 -0.3393
vn -0.4914 0.8304 -0.2626
vn -0.4633 0.8304 -0.3095
vn -0.5884 0.7065 -0.3932
vn -0.6241 0.7065 -0.3336
vn -0.7330 0.5560 -0.3918
vn -0.6911 0.5560 -0.4618
vn -0.7706 0.3755 -0.5149
vn -0.8174 0.3755 -0.4369
vn -0.8666 0.1858 -0.4632
vn -0.8170 0.1858 -0.5459
vn -0.7725 0.0358 -0.6340
vn -0.7486 0.2496 -0.6143
vn -0.7067 0.0358 -0.7067
vn -0.6847 0.2496 -0.6847
vn -0.5089 0.6942 -0.5089
vn -0.5564 0.6942 -0.4566
vn -0.4307 0.8304 -0.3535
vn -0.3940 0.8304 -0.3940
vn -0.5004 0.7065 -0.5004
vn -0.5471 0.7065 -0.4490
vn -0.6425 0.5560 -0.5273
vn -0.5877 0.5560 -0.5877
vn -0.6554 0.3755 -0.6554
vn -0.7164 0.3755 -0.5880
vn -0.7596 0.1858 -0.6234
vn -0.6948 0.1858 -0.6948
vn -0.6340 0.0358 -0.7725
vn -0.6143 0.2496 -0.7486
vn -0.5552 0.0358 -0.8309
vn -0.5380 0.2496 -0.8052
vn -0.3999 0.6942 -0.5984
vn -0.4566 0.6942 -0.5564
vn -0.3535 0.8304 -0.4307
vn -0.3095 0.8304 -0.4633
vn -0.3932 0.7065 -0.5884
vn -0.4490 0.7065 -0.5471
vn -0.5273 0.5560 -0.6425
vn -0.4618 0.5560 -0.6911
vn -0.5149 0.3755 -0.7706
vn -0.5880 0.3755 -0.7164
vn -0.6234 0.1858 -0.7596
vn -0.5459 0.1858 -0.8170
vn -0.4711 0.0358 -0.8814
vn -0.4565 0.2496 -0.8540
vn -0.3824 0.0358 -0.9233
vn -0.3706 0.2496 -0.8946
vn -0.2754 0.6942 -0.6650
vn -0.3393 0.6942 -0.6348
vn -0.2626 0.8304 -0.4914
vn -0.2132 0.8304 -0.5148
vn -0.2708 0.7065 -0.6538
vn -0.3336 0.7065 -0.6241
vn -0.3918 0.5560 -0.7330
vn -0.3181 0.5560 -0.7679
vn -0.3547 0.3755 -0.8563
vn -0.4369 0.3755 -0.8174
vn -0.4632 0.1858 -0.8666
vn -0.3760 0.1858 -0.9078
vn -0.2901 0.0358 -0.9563
vn -0.2811 0.2496 -0.9267
vn -0.1950 0.0358 -0.9802
vn -0.1889 0.2496 -0.9498
vn -0.1404 0.6942 -0.7059
vn -0.2089 0.6942 -0.6888
vn -0.1617 0.8304 -0.5332
vn -0.1087 0.8304 -0.5465
vn -0.1381 0.7065 -0.6941
vn -0.2054 0.7065 -0.6772
vn -0.2413 0.5560 -0.7954
vn -0.1622 0.5560 -0.8152
vn -0.1808 0.3755 -0.9090
vn -0.2690 0.3755 -0.8869
vn -0.2852 0.1858 -0.9403
vn -0.1917 0.1858 -0.9637
vn -0.0980 0.0358 -0.9945
vn -0.0949 0.2496 -0.9637
vn -0.0705 0.6942 -0.7163
vn -0.0546 0.8304 -0.5545
vn -0.0694 0.7065 -0.7043
vn -0.0815 0.5560 -0.8272
vn -0.0908 0.3755 -0.9224
vn -0.0963 0.1858 -0.9779
vn 0.0979 0.0528 -0.9938
vn 0.0980 0.0262 -0.9948
vn 0.0959 0.2078 -0.9735
vn -0.0000 0.2078 -0.9782
vn 0.1908 0.2078 -0.9594
vn 0.1701 0.4897 -0.8552
vn 0.0855 0.4897 -0.8677
vn -0.0000 0.4897 -0.8719
vn 0.0665 0.7348 -0.6750
vn 0.0000 0.7348 -0.6783
vn 0.1323 0.7348 -0.6652
vn 0.0891 0.8896 -0.4480
vn 0.0448 0.8896 -0.4546
vn 0.0000 0.8896 -0.4568
vn 0.0243 0.9689 -0.2462
vn 0.0000 0.9689 -0.2474
vn 0.0483 0.9689 -0.2427
vn 0.0131 0.9910 -0.1334
vn 0.2840 0.2078 -0.9361
vn 0.3743 0.2078 -0.9037
vn 0.3337 0.4897 -0.8055
vn 0.2531 0.4897 -0.8344
vn 0.1969 0.7348 -0.6491
vn 0.2596 0.7348 -0.6266
vn 0.1748 0.8896 -0.4220
vn 0.1326 0.8896 -0.4371
vn 0.0718 0.9689 -0.2368
vn 0.0947 0.9689 -0.2286
vn 0.4611 0.2078 -0.8627
vn 0.5434 0.2078 -0.8133
vn 0.4844 0.4897 -0.7250
vn 0.4110 0.4897 -0.7690
vn 0.3197 0.7348 -0.5982
vn 0.3768 0.7348 -0.5640
vn 0.2538 0.8896 -0.3798
vn 0.2153 0.8896 -0.4028
vn 0.1166 0.9689 -0.2182
vn 0.1375 0.9689 -0.2057
vn 0.6205 0.2078 -0.7561
vn 0.6917 0.2078 -0.6917
vn 0.6165 0.4897 -0.6165
vn 0.5531 0.4897 -0.6740
vn 0.4303 0.7348 -0.5243
vn 0.4796 0.7348 -0.4796
vn 0.3230 0.8896 -0.3230
vn 0.2898 0.8896 -0.3531
vn 0.1570 0.9689 -0.1913
vn 0.1750 0.9689 -0.1750
vn 0.7561 0.2078 -0.6205
vn 0.8133 0.2078 -0.5434
vn 0.7250 0.4897 -0.4844
vn 0.6740 0.4897 -0.5531
vn 0.5243 0.7348 -0.4303
vn 0.5640 0.7348 -0.3768
vn 0.3798 0.8896 -0.2538
vn 0.3531 0.8896 -0.2898
vn 0.1913 0.9689 -0.1570
vn 0.2057 0.9689 -0.1375
vn 0.8627 0.2078 -0.4611
vn 0.9037 0.2078 -0.3743
vn 0.8055 0.4897 -0.3337
vn 0.7690 0.4897 -0.4110
vn 0.5982 0.7348 -0.3197
vn 0.6266 0.7348 -0.2596
vn 0.4220 0.8896 -0.1748
vn 0.4028 0.8896 -0.2153
vn 0.2182 0.9689 -0.1166
vn 0.2286 0.9689 -0.0947
vn 0.9361 0.2078 -0.2840
vn 0.9594 0.2078 -0.1908
vn 0.8552 0.4897 -0.1701
vn 0.8344 0.4897 -0.2531
vn 0.6491 0.7348 -0.1969
vn 0.6652 0.7348 -0.1323
vn 0.4480 0.8896 -0.0891
vn 0.4371 0.8896 -0.1326
vn 0.2368 0.9689 -0.0718
vn 0.2427 0.9689 -0.0483
vn 0.9735 0.2078 -0.0959
vn 0.9782 0.2078 -0.0000
vn 0.8719 0.4897 0.0000
vn 0.8677 0.4897 -0.0855
vn 0.6750 0.7348 -0.0665
vn 0.6783 0.7348 0.0000
vn 0.4568 0.8896 0.0000
vn 0.4546 0.8896 -0.0448
vn 0.2462 0.9689 -0.0243
vn 0.2474 0.9689 -0.0000
vn 0.9735 0.2078 0.0959
vn 0.9594 0.2078 0.1908
vn 0.8552 0.4897 0.1701
vn 0.8677 0.4897 0.0855
vn 0.6750 0.7348 0.0665
vn 0.6652 0.7348 0.1323
vn 0.4480 0.8896 0.0891
vn 0.4546 0.8896 0.0448
vn 0.2462 0.9689 0.0243
vn 0.2427 0.9689 0.0483
vn 0.9361 0.2078 0.2840
vn 0.9037 0.2078 0.3743
vn 0.8055 0.4897 0.3337
vn 0.8344 0.4897 0.2531
vn 0.6491 0.7348 0.1969
vn 0.6266 0.7348 0.2596
vn 0.4220 0.8896 0.1748
vn 0.4371 0.8896 0.1326
vn 0.2368 0.9689 0.0718
vn 0.2286 0.9689 0.0947
vn 0.8627 0.2078 0.4611
vn 0.8133 0.2078 0.5434
vn 0.7250 0.4897 0.4844
vn 0.7690 0.4897 0.4110
vn 0.5982 0.7348 0.3197
vn 0.5640 0.7348 0.3768
vn 0.3798 0.8896 0.2538
vn 0.4028 0.8896 0.2153
vn 0.2182 0.9689 0.1166
vn 0.2057 0.9689 0.1375
vn 0.7561 0.2078 0.6205
vn 0.6917 0.2078 0.6917
vn 0.6165 0.4897 0.6165
vn 0.6740 0.4897 0.5531
vn 0.5243 0.7348 0.4303
vn 0.4796 0.7348 0.4796
vn 0.3230 0.8896 0.3230
vn 0.3531 0.8896 0.2898
vn 0.1913 0.9689 0.1570
vn 0.1750 0.9689 0.1750
vn 0.6205 0.2078 0.7561
vn 0.5434 0.2078 0.8133
vn 0.4844 0.4897 0.7250
vn 0.5531 0.4897 0.6740
vn 0.4303 0.7348 0.5243
vn 0.3768 0.7348 0.5640
vn 0.2538 0.8896 0.3798
vn 0.2898 0.8896 0.3531
vn 0.1570 0.9689 0.1913
vn 0.1375 0.9689 0.2057
vn 0.4611 0.2078 0.8627
vn 0.3743 0.2078 0.9037
vn 0.3337 0.4897 0.8055
vn 0.4110 0.4897 0.7690
vn 0.3197 0.7348 0.5982
vn 0.2596 0.7348 0.6266
vn 0.1748 0.8896 0.4220
vn 0.2153 0.8896 0.4028
vn 0.1166 0.9689 0.2182
vn 0.0947 0.9689 0.2286
vn 0.2839 0.2078 0.9361
vn 0.1908 0.2078 0.9594
vn 0.1701 0.4897 0.8552
vn 0.2531 0.4897 0.8344
vn 0.1969 0.7348 0.6491
vn 0.1323 0.7348 0.6652
vn 0.0891 0.8896 0.4480
vn 0.1326 0.8896 0.4371
vn 0.0718 0.9689 0.2368
vn 0.0483 0.9689 0.2427
vn 0.0959 0.2078 0.9735
vn 0.0000 0.2078 0.9782
vn -0.0000 0.4897 0.8719
vn 0.0855 0.4897 0.8677
vn 0.0665 0.7348 0.6750
vn -0.0000 0.7348 0.6783
vn -0.0000 0.8896 0.4568
vn 0.0448 0.8896 0.4546
vn 0.0243 0.9689 0.2462
vn 0.0000 0.9689 0.2474
vn -0.0959 0.2078 0.9735
vn -0.1908 0.2078 0.9594
vn -0.1701 0.4897 0.8552
vn -0.0855 0.4897 0.8677
vn -0.0665 0.7348 0.6750
vn -0.1323 0.7348 0.6652
vn -0.0891 0.8896 0.4480
vn -0.0448 0.8896 0.4546
vn -0.0243 0.9689 0.2462
vn -0.0483 0.9689 0.2427
vn -0.2840 0.2078 0.9361
vn -0.3743 0.2078 0.9037
vn -0.3337 0.4897 0.8055
vn -0.2531 0.4897 0.8344
vn -0.1969 0.7348 0.6491
vn -0.2596 0.7348 0.6266
vn -0.1748 0.8896 0.4220
vn -0.1326 0.8896 0.4371
vn -0.0718 0.9689 0.2368
vn -0.0947 0.9689 0.2286
vn -0.4611 0.2078 0.8627
vn -0.5434 0.2078 0.8133
vn -0.4844 0.4897 0.7250
vn -0.4110 0.4897 0.7690
vn -0.3197 0.7348 0.5982
vn -0.3768 0.7348 0.5640
vn -0.2538 0.8896 0.3798
vn -0.2153 0.8896 0.4028
vn -0.1166 0.9689 0.2182
vn -0.1375 0.9689 0.2057
vn -0.6205 0.2078 0.7561
vn -0.6917 0.2078 0.6917
vn -0.6165 0.4897 0.6165
vn -0.5531 0.4897 0.6740
vn -0.4303 0.7348 0.5243
vn -0.4796 0.7348 0.4796
vn -0.3230 0.8896 0.3230
vn -0.2898 0.8896 0.3531
vn -0.1570 0.9689 0.1913
vn -0.1750 0.9689 0.1750
vn -0.7561 0.2078 0.6205
vn -0.8133 0.2078 0.5434
vn -0.7250 0.4897 0.4844
vn -0.6740 0.4897 0.5531
vn -0.5243 0.7348 0.4303
vn -0.5640 0.7348 0.3768
vn -0.3798 0.8896 0.2538
vn -0.3531 0.8896 0.2898
vn -0.1913 0.9689 0.1570
vn -0.2057 0.9689 0.1375
vn -0.8627 0.2078 0.4611
vn -0.9037 0.2078 0.3743
vn -0.8055 0.4897 0.3337
vn -0.7690 0.4897 0.4110
vn -0.5982 0.7348 0.3197
vn -0.6266 0.7348 0.2596
vn -0.4220 0.8896 0.1748
vn -0.4028 0.8896 0.2153
vn -0.2182 0.9689 0.1166
vn -0.2286 0.9689 0.0947
vn -0.9361 0.2078 0.2840
vn -0.9594 0.2078 0.1908
vn -0.8552 0.4897 0.1701
vn -0.8344 0.4897 0.2531
vn -0.6491 0.7348 0.1969
vn -0.6652 0.7348 0.1323
vn -0.4480 0.8896 0.0891
vn -0.4371 0.8896 0.1326
vn -0.2368 0.9689 0.0718
vn -0.2427 0.9689 0.0483
vn -0.9735 0.2078 0.0959
vn -0.9782 0.2078 0.0000
vn -0.8719 0.4897 0.0000
vn -0.8677 0.4897 0.0855
vn -0.6750 0.7348 0.0665
vn -0.6783 0.7348 -0.0000
vn -0.4568 0.8896 -0.0000
vn -0.4546 0.8896 0.0448
vn -0.2462 0.9689 0.0243
vn -0.2474 0.9689 -0.0000
vn -0.9735 0.2078 -0.0959
vn -0.9594 0.2078 -0.1908
vn -0.8552 0.4897 -0.1701
vn -0.8677 0.4897 -0.0855
vn -0.6750 0.7348 -0.0665
vn -0.6652 0.7348 -0.1323
vn -0.4480 0.8896 -0.0891
vn -0.4546 0.8896 -0.0448
vn -0.2462 0.9689 -0.0243
vn -0.2427 0.9689 -0.0483
vn -0.9361 0.2078 -0.2840
vn -0.9037 0.2078 -0.3743
vn -0.8055 0.4897 -0.3337
vn -0.8344 0.4897 -0.2531
vn -0.6491 0.7348 -0.1969
vn -0.6266 0.7348 -0.2596
vn -0.4220 0.8896 -0.1748
vn -0.4371 0.8896 -0.1326
vn -0.2368 0.9689 -0.0718
vn -0.2286 0.9689 -0.0947
vn -0.8627 0.2078 -0.4611
vn -0.8133 0.2078 -0.5434
vn -0.7250 0.4897 -0.4844
vn -0.7690 0.4897 -0.4110
vn -0.5982 0.7348 -0.3197
vn -0.5640 0.7348 -0.3768
vn -0.3798 0.8896 -0.2538
vn -0.4028 0.8896 -0.2153
vn -0.2182 0.9689 -0.1166
vn -0.2057 0.9689 -0.1375
vn -0.7561 0.2078 -0.6205
vn -0.6917 0.2078 -0.6917
vn -0.6165 0.4897 -0.6165
vn -0.6740 0.4897 -0.5531
vn -0.5243 0.7348 -0.4303
vn -0.4796 0.7348 -0.4796
vn -0.3230 0.8896 -0.3230
vn -0.3531 0.8896 -0.2898
vn -0.1913 0.9689 -0.1570
vn -0.1750 0.9689 -0.1750
vn -0.6205 0.2078 -0.7561
vn -0.5434 0.2078 -0.8133
vn -0.4844 0.4897 -0.7250
vn -0.5531 0.4897 -0.6740
vn -0.4303 0.7348 -0.5243
vn -0.3768 0.7348 -0.5640
vn -0.2538 0.8896 -0.3798
vn -0.2898 0.8896 -0.3531
vn -0.1570 0.9689 -0.1913
vn -0.1375 0.9689 -0.2057
vn -0.4611 0.2078 -0.8627
vn -0.3743 0.2078 -0.9037
vn -0.3337 0.4897 -0.8055
vn -0.4110 0.4897 -0.7690
vn -0.3197 0.7348 -0.5982
vn -0.2596 0.7348 -0.6266
vn -0.1748 0.8896 -0.4220
vn -0.2153 0.8896 -0.4028
vn -0.1166 0.9689 -0.2182
vn -0.0947 0.9689 -0.2286
vn -0.2839 0.2078 -0.9361
vn -0.1908 0.2078 -0.9594
vn -0.1701 0.4897 -0.8552
vn -0.2531 0.4897 -0.8344
vn -0.1969 0.7348 -0.6491
vn -0.1323 0.7348 -0.6652
vn -0.0891 0.8896 -0.4480
vn -0.1326 0.8896 -0.4371
vn -0.0718 0.9689 -0.2368
vn -0.0483 0.9689 -0.2427
vn -0.0959 0.2078 -0.9735
vn -0.0855 0.4897 -0.8677
vn -0.0665 0.7348 -0.6750
vn -0.0448 0.8896 -0.4546
vn -0.0243 0.9689 -0.2462
vn 0.0375 0.9241 -0.3804
vn 0.6344 0.0069 -0.7730
vn 0.7071 0.0070 -0.7071
vn 0.5556 0.0069 -0.8314
vn 0.5556 0.0045 -0.8315
vn 0.6344 0.0045 -0.7730
vn 0.7071 0.0045 -0.7071
vn 0.9569 0.0070 -0.2903
vn 0.9808 0.0070 -0.1951
vn 0.9239 0.0070 -0.3827
vn 0.9239 0.0045 -0.3827
vn 0.9569 0.0045 -0.2903
vn 0.9808 0.0045 -0.1951
vn 0.9238 0.0002 0.3828
vn 0.9570 -0.0001 0.2902
vn 0.4257 -0.8956 0.1291
vn 0.4111 -0.8956 0.1703
vn 0.9808 0.0002 0.1952
vn 0.4364 -0.8956 0.0868
vn 0.7328 -0.6646 0.1458
vn 0.7150 -0.6646 0.2169
vn 0.6903 -0.6646 0.2859
vn 0.6344 0.0070 0.7730
vn 0.5556 0.0070 0.8314
vn 0.7071 0.0070 0.7071
vn 0.7071 0.0045 0.7071
vn 0.6344 0.0045 0.7730
vn 0.5556 0.0045 0.8315
vn 0.0980 0.0070 0.9952
vn -0.0000 0.0070 1.0000
vn 0.1951 0.0070 0.9808
vn 0.1951 0.0045 0.9808
vn 0.0980 0.0045 0.9952
vn -0.0000 0.0045 1.0000
vn -0.5557 0.0002 0.8314
vn -0.4713 -0.0001 0.8820
vn -0.2097 -0.8956 0.3923
vn -0.2472 -0.8956 0.3699
vn -0.3828 0.0002 0.9238
vn -0.1703 -0.8956 0.4111
vn -0.2859 -0.6646 0.6903
vn -0.3522 -0.6646 0.6590
vn -0.4151 -0.6646 0.6213
vn -0.9808 0.0001 0.1951
vn -0.9569 0.0001 0.2903
vn -0.4258 -0.8956 0.1291
vn -0.4364 -0.8956 0.0868
vn -0.9239 0.0001 0.3827
vn -0.4110 -0.8956 0.1703
vn -0.6903 -0.6646 0.2859
vn -0.7150 -0.6646 0.2169
vn -0.7328 -0.6646 0.1458
vn -0.5220 0.3852 -0.7610
vn -0.5664 0.4239 -0.7068
vn -0.2571 0.9065 -0.3350
vn -0.2895 0.8680 -0.4034
vn -0.6604 0.3852 -0.6446
vn -0.3626 0.8680 -0.3392
vn -0.0261 0.9996 -0.0098
vn -0.0039 1.0000 -0.0054
vn -0.0237 0.9996 -0.0147
vn -0.9952 0.0070 -0.0980
vn -0.9808 0.0070 -0.1951
vn -1.0000 0.0070 -0.0000
vn -1.0000 0.0045 -0.0000
vn -0.9952 0.0045 -0.0980
vn -0.9808 0.0045 -0.1951
vn -0.7071 0.0001 -0.7072
vn -0.7730 0.0001 -0.6344
vn -0.3439 -0.8956 -0.2823
vn -0.3146 -0.8956 -0.3146
vn -0.8315 0.0001 -0.5556
vn -0.3699 -0.8956 -0.2472
vn -0.6213 -0.6646 -0.4151
vn -0.5776 -0.6646 -0.4740
vn -0.5283 -0.6646 -0.5283
vn -0.1950 0.0002 -0.9808
vn -0.2904 -0.0001 -0.9569
vn -0.1291 -0.8956 -0.4257
vn -0.0868 -0.8956 -0.4364
vn -0.3826 0.0002 -0.9239
vn -0.1703 -0.8956 -0.4111
vn -0.2859 -0.6646 -0.6903
vn -0.2169 -0.6646 -0.7150
vn -0.1458 -0.6646 -0.7328
vn 0.7072 0.0002 -0.7070
vn 0.6343 -0.0001 -0.7731
vn 0.2822 -0.8956 -0.3439
vn 0.3146 -0.8956 -0.3146
vn 0.5556 0.0002 -0.8314
vn 0.2472 -0.8956 -0.3699
vn 0.4151 -0.6646 -0.6213
vn 0.4740 -0.6646 -0.5776
vn 0.5283 -0.6646 -0.5283
vn 0.9808 0.0001 -0.1951
vn 0.9569 0.0001 -0.2903
vn 0.4258 -0.8956 -0.1291
vn 0.4364 -0.8956 -0.0868
vn 0.9239 0.0001 -0.3827
vn 0.4110 -0.8956 -0.1703
vn 0.6903 -0.6646 -0.2859
vn 0.7150 -0.6646 -0.2169
vn 0.7328 -0.6646 -0.1458
vn 0.9952 0.0070 0.0980
vn 0.9808 0.0070 0.1951
vn 1.0000 0.0070 0.0000
vn 1.0000 0.0045 -0.0000
vn 0.9952 0.0045 0.0980
vn 0.9808 0.0045 0.1951
vn 0.5555 0.0002 0.8315
vn 0.6345 -0.0001 0.7729
vn 0.2822 -0.8956 0.3439
vn 0.2472 -0.8956 0.3700
vn 0.7070 0.0002 0.7072
vn 0.3146 -0.8956 0.3146
vn 0.5283 -0.6646 0.5283
vn 0.4740 -0.6646 0.5776
vn 0.4151 -0.6646 0.6212
vn -0.0001 0.0002 1.0000
vn 0.0980 0.0001 0.9952
vn 0.0436 -0.8956 0.4428
vn -0.0000 -0.8956 0.4449
vn 0.1951 0.0001 0.9808
vn 0.0868 -0.8956 0.4364
vn 0.1458 -0.6646 0.7328
vn 0.0732 -0.6646 0.7436
vn 0.0000 -0.6646 0.7472
vn -0.2903 0.0070 0.9569
vn -0.3827 0.0070 0.9239
vn -0.1951 0.0070 0.9808
vn -0.1951 0.0045 0.9808
vn -0.2903 0.0045 0.9569
vn -0.3827 0.0045 0.9239
vn -0.8819 0.0001 0.4714
vn -0.3924 -0.8956 0.2097
vn -0.8315 0.0001 0.5556
vn -0.3699 -0.8956 0.2472
vn -0.6212 -0.6646 0.4151
vn -0.6590 -0.6646 0.3522
vn -0.9808 0.0001 -0.1951
vn -0.9952 0.0001 -0.0980
vn -0.4428 -0.8956 -0.0436
vn -0.4364 -0.8956 -0.0868
vn -1.0000 0.0001 0.0000
vn -0.4449 -0.8956 0.0000
vn -0.7472 -0.6646 0.0000
vn -0.7436 -0.6646 -0.0733
vn -0.7328 -0.6646 -0.1458
vn -0.8819 0.0069 -0.4714
vn -0.8314 0.0069 -0.5556
vn -0.9239 0.0070 -0.3827
vn -0.9239 0.0045 -0.3827
vn -0.8819 0.0045 -0.4714
vn -0.8315 0.0045 -0.5556
vn -0.4714 0.0069 -0.8819
vn -0.3827 0.0070 -0.9239
vn -0.5556 0.0069 -0.8314
vn -0.5556 0.0045 -0.8315
vn -0.4714 0.0045 -0.8819
vn -0.3827 0.0045 -0.9239
vn 0.4714 0.0001 -0.8819
vn 0.2097 -0.8956 -0.3924
vn 0.3827 0.0001 -0.9239
vn 0.1702 -0.8956 -0.4110
vn 0.2859 -0.6646 -0.6903
vn 0.3522 -0.6646 -0.6590
vn 0.8819 0.0001 -0.4714
vn 0.3924 -0.8956 -0.2097
vn 0.8315 0.0001 -0.5555
vn 0.3699 -0.8956 -0.2472
vn 0.6212 -0.6646 -0.4151
vn 0.6590 -0.6646 -0.3522
vn 0.9952 -0.0001 0.0979
vn 0.4427 -0.8956 0.0436
vn 1.0000 0.0002 0.0001
vn 0.4449 -0.8956 0.0000
vn 0.7472 -0.6646 -0.0000
vn 0.7436 -0.6646 0.0732
vn 0.7731 -0.0001 0.6343
vn 0.3439 -0.8956 0.2822
vn 0.8314 0.0002 0.5557
vn 0.3699 -0.8956 0.2472
vn 0.6212 -0.6646 0.4151
vn 0.5776 -0.6646 0.4740
vn 0.2903 0.0001 0.9569
vn 0.1291 -0.8956 0.4258
vn 0.3826 0.0001 0.9239
vn 0.1703 -0.8956 0.4110
vn 0.2859 -0.6646 0.6903
vn 0.2169 -0.6646 0.7150
vn -0.2902 -0.0001 0.9570
vn -0.1291 -0.8956 0.4257
vn -0.1952 0.0002 0.9808
vn -0.0868 -0.8956 0.4364
vn -0.1458 -0.6646 0.7328
vn -0.2169 -0.6646 0.7150
vn -0.7730 0.0001 0.6344
vn -0.3439 -0.8956 0.2823
vn -0.7071 0.0001 0.7071
vn -0.3146 -0.8956 0.3146
vn -0.5283 -0.6646 0.5283
vn -0.5776 -0.6646 0.4740
vn -0.9952 0.0001 0.0980
vn -0.4428 -0.8956 0.0436
vn -0.7436 -0.6646 0.0732
vn -0.8819 0.0001 -0.4714
vn -0.3924 -0.8956 -0.2098
vn -0.9239 0.0001 -0.3827
vn -0.4110 -0.8956 -0.1702
vn -0.6903 -0.6646 -0.2859
vn -0.6590 -0.6646 -0.3522
vn -0.4715 -0.0001 -0.8819
vn -0.2097 -0.8956 -0.3923
vn -0.5555 0.0002 -0.8315
vn -0.2472 -0.8956 -0.3699
vn -0.4151 -0.6646 -0.6212
vn -0.3522 -0.6646 -0.6590
vn 0.3010 0.6174 -0.7267
vn 0.3708 0.6174 -0.6937
vn 0.4335 0.3926 -0.8111
vn 0.3520 0.3926 -0.8497
vn 0.4370 0.6174 -0.6540
vn 0.5110 0.3926 -0.7647
vn 0.5507 0.1326 -0.8241
vn 0.4672 0.1326 -0.8741
vn 0.3793 0.1326 -0.9157
vn -0.7730 0.0069 0.6344
vn -0.7071 0.0070 0.7071
vn -0.7071 0.0045 0.7071
vn -0.7730 0.0045 0.6344
vn 0.8820 -0.0001 0.4713
vn 0.3923 -0.8956 0.2097
vn 0.6590 -0.6646 0.3522
vn 0.1535 0.6174 0.7715
vn 0.0771 0.6174 0.7828
vn 0.0901 0.3926 0.9153
vn 0.1794 0.3926 0.9020
vn -0.0000 0.6174 0.7866
vn -0.0000 0.3926 0.9197
vn 0.0000 0.1326 0.9912
vn 0.0972 0.1326 0.9864
vn 0.1934 0.1326 0.9721
vn 0.4715 -0.0001 0.8819
vn 0.2097 -0.8956 0.3923
vn 0.3522 -0.6646 0.6590
vn 0.9952 0.0070 -0.0980
vn 0.9952 0.0045 -0.0980
vn 0.4370 0.6174 0.6540
vn 0.3708 0.6174 0.6937
vn 0.4335 0.3926 0.8111
vn 0.5110 0.3926 0.7647
vn 0.3010 0.6174 0.7267
vn 0.3520 0.3926 0.8497
vn 0.3793 0.1326 0.9157
vn 0.4672 0.1326 0.8741
vn 0.5507 0.1326 0.8241
vn -0.2903 0.0069 -0.9569
vn -0.1951 0.0069 -0.9808
vn -0.2903 0.0045 -0.9569
vn -0.1951 0.0045 -0.9808
vn -0.7715 0.6174 -0.1535
vn -0.7527 0.6174 -0.2283
vn -0.8801 0.3926 -0.2670
vn -0.9020 0.3926 -0.1794
vn -0.7267 0.6174 -0.3010
vn -0.8497 0.3926 -0.3520
vn -0.9157 0.1326 -0.3793
vn -0.9485 0.1326 -0.2877
vn -0.9721 0.1326 -0.1934
vn -0.0979 -0.0001 0.9952
vn -0.0436 -0.8956 0.4427
vn -0.0732 -0.6646 0.7436
vn -0.3010 0.6174 -0.7267
vn -0.2283 0.6174 -0.7527
vn -0.2670 0.3926 -0.8801
vn -0.3520 0.3926 -0.8497
vn -0.1535 0.6174 -0.7715
vn -0.1794 0.3926 -0.9020
vn -0.1934 0.1326 -0.9721
vn -0.2877 0.1326 -0.9485
vn -0.3793 0.1326 -0.9157
vn -0.6343 -0.0001 0.7731
vn -0.2822 -0.8956 0.3439
vn -0.4740 -0.6646 0.5776
vn -0.1535 0.6174 0.7715
vn -0.2283 0.6174 0.7527
vn -0.2670 0.3926 0.8801
vn -0.1794 0.3926 0.9020
vn -0.3010 0.6174 0.7267
vn -0.3520 0.3926 0.8497
vn -0.3793 0.1326 0.9157
vn -0.2877 0.1326 0.9485
vn -0.1934 0.1326 0.9721
vn -0.0980 0.0070 0.9952
vn -0.0980 0.0045 0.9952
vn -0.0771 0.6174 0.7828
vn -0.0901 0.3926 0.9153
vn -0.0972 0.1326 0.9864
vn -0.9569 0.0070 0.2903
vn -0.9808 0.0070 0.1951
vn -0.9569 0.0045 0.2903
vn -0.9808 0.0045 0.1951
vn 0.4714 0.0070 0.8819
vn 0.3827 0.0070 0.9239
vn 0.4714 0.0045 0.8819
vn 0.3827 0.0045 0.9239
vn -0.6540 0.6174 0.4370
vn -0.6937 0.6174 0.3708
vn -0.8111 0.3926 0.4335
vn -0.7647 0.3926 0.5110
vn -0.7267 0.6174 0.3010
vn -0.8497 0.3926 0.3520
vn -0.9157 0.1326 0.3793
vn -0.8741 0.1326 0.4672
vn -0.8241 0.1326 0.5507
vn -0.9569 0.0001 -0.2903
vn -0.4258 -0.8956 -0.1292
vn -0.7150 -0.6646 -0.2169
vn 0.7715 0.6174 -0.1535
vn 0.7828 0.6174 -0.0771
vn 0.9153 0.3926 -0.0901
vn 0.9020 0.3926 -0.1794
vn 0.7866 0.6174 0.0000
vn 0.9197 0.3926 -0.0000
vn 0.9912 0.1326 -0.0000
vn 0.9864 0.1326 -0.0972
vn 0.9721 0.1326 -0.1934
vn -0.6345 -0.0001 -0.7729
vn -0.2822 -0.8956 -0.3439
vn -0.4740 -0.6646 -0.5776
vn -0.9952 0.0070 0.0980
vn -0.9952 0.0045 0.0980
vn 0.4990 0.6174 -0.6081
vn 0.5834 0.3926 -0.7109
vn 0.5562 0.6174 -0.5562
vn 0.6503 0.3926 -0.6503
vn 0.7009 0.1326 -0.7009
vn 0.6288 0.1326 -0.7662
vn 0.6540 0.6174 0.4370
vn 0.6081 0.6174 0.4990
vn 0.7109 0.3926 0.5834
vn 0.7647 0.3926 0.5110
vn 0.5562 0.6174 0.5562
vn 0.6503 0.3926 0.6503
vn 0.7009 0.1326 0.7009
vn 0.7662 0.1326 0.6288
vn 0.8241 0.1326 0.5507
vn 0.8819 0.0070 0.4714
vn 0.8314 0.0070 0.5556
vn 0.9239 0.0070 0.3827
vn 0.9239 0.0045 0.3827
vn 0.8819 0.0045 0.4714
vn 0.8315 0.0045 0.5556
vn -0.7527 0.6174 0.2283
vn -0.8801 0.3926 0.2670
vn -0.7715 0.6174 0.1535
vn -0.9020 0.3926 0.1794
vn -0.9721 0.1326 0.1934
vn -0.9485 0.1326 0.2877
vn -0.2204 0.8175 -0.5321
vn -0.2715 0.8175 -0.5080
vn -0.4213 0.4486 -0.7882
vn -0.3420 0.4486 -0.8257
vn -0.3200 0.8175 -0.4789
vn -0.4965 0.4486 -0.7431
vn -0.4176 0.4239 -0.8037
vn -0.3635 0.3852 -0.8482
vn 0.0000 0.6174 -0.7866
vn 0.0771 0.6174 -0.7828
vn 0.0901 0.3926 -0.9153
vn -0.0000 0.3926 -0.9197
vn 0.1535 0.6174 -0.7715
vn 0.1794 0.3926 -0.9020
vn 0.1934 0.1326 -0.9721
vn 0.0972 0.1326 -0.9864
vn -0.0000 0.1326 -0.9912
vn -0.5562 0.6174 -0.5562
vn -0.4990 0.6174 -0.6081
vn -0.5834 0.3926 -0.7109
vn -0.6503 0.3926 -0.6503
vn -0.4370 0.6174 -0.6540
vn -0.5110 0.3926 -0.7647
vn -0.5507 0.1326 -0.8241
vn -0.6288 0.1326 -0.7662
vn -0.7009 0.1326 -0.7009
vn -0.6937 0.6174 -0.3708
vn -0.8111 0.3926 -0.4335
vn -0.6540 0.6174 -0.4370
vn -0.7647 0.3926 -0.5110
vn -0.8241 0.1326 -0.5507
vn -0.8741 0.1326 -0.4672
vn -0.6344 0.0070 0.7730
vn -0.5556 0.0070 0.8314
vn -0.5556 0.0045 0.8315
vn -0.6344 0.0045 0.7730
vn 0.5321 0.8175 0.2204
vn 0.5080 0.8175 0.2715
vn 0.3652 0.9102 0.1952
vn 0.3825 0.9102 0.1585
vn 0.4789 0.8175 0.3200
vn 0.3443 0.9102 0.2300
vn 0.4257 0.8590 0.2844
vn 0.4515 0.8590 0.2413
vn 0.4730 0.8590 0.1959
vn 0.5844 0.7489 0.3124
vn 0.6122 0.7489 0.2536
vn 0.5510 0.7489 0.3682
vn 0.6937 0.6174 0.3708
vn 0.7267 0.6174 0.3010
vn -0.0653 -0.9975 -0.0270
vn -0.0624 -0.9975 -0.0333
vn 0.4259 -0.8757 0.2276
vn 0.4461 -0.8757 0.1848
vn -0.0588 -0.9975 -0.0393
vn 0.4015 -0.8757 0.2682
vn 0.7937 -0.2978 0.5304
vn 0.8419 -0.2977 0.4500
vn 0.8820 -0.2978 0.3653
vn 0.5649 0.8175 -0.1124
vn 0.5732 0.8175 -0.0565
vn 0.4121 0.9102 -0.0406
vn 0.4061 0.9102 -0.0808
vn 0.5760 0.8175 -0.0000
vn 0.4141 0.9102 0.0000
vn 0.5120 0.8590 -0.0000
vn 0.5095 0.8590 -0.0502
vn 0.5021 0.8590 -0.0999
vn 0.6595 0.7489 -0.0650
vn 0.6499 0.7489 -0.1293
vn 0.6627 0.7489 -0.0000
vn -0.0693 -0.9975 0.0138
vn -0.0703 -0.9975 0.0069
vn 0.4806 -0.8757 -0.0473
vn 0.4736 -0.8757 -0.0942
vn -0.0707 -0.9975 -0.0000
vn 0.4829 -0.8757 -0.0000
vn 0.9546 -0.2978 -0.0000
vn 0.9500 -0.2977 -0.0936
vn 0.9363 -0.2978 -0.1862
vn -0.3200 0.8175 0.4789
vn -0.3654 0.8175 0.4452
vn -0.2627 0.9102 0.3201
vn -0.2300 0.9102 0.3443
vn -0.4073 0.8175 0.4073
vn -0.2928 0.9102 0.2928
vn -0.3620 0.8590 0.3620
vn -0.3248 0.8590 0.3958
vn -0.2844 0.8590 0.4257
vn -0.4204 0.7489 0.5122
vn -0.3682 0.7489 0.5510
vn -0.4686 0.7489 0.4686
vn -0.5562 0.6174 0.5562
vn -0.4990 0.6174 0.6081
vn -0.4370 0.6174 0.6540
vn 0.0393 -0.9975 -0.0588
vn 0.0448 -0.9975 -0.0546
vn -0.3063 -0.8757 0.3733
vn -0.2683 -0.8757 0.4015
vn 0.0500 -0.9975 -0.0500
vn -0.3414 -0.8757 0.3414
vn -0.6750 -0.2978 0.6750
vn -0.6056 -0.2978 0.7379
vn -0.5304 -0.2978 0.7938
vn 0.0000 0.8175 0.5760
vn -0.0565 0.8175 0.5732
vn -0.0406 0.9102 0.4121
vn -0.0000 0.9102 0.4141
vn -0.1124 0.8175 0.5649
vn -0.0808 0.9102 0.4061
vn -0.0999 0.8590 0.5021
vn -0.0502 0.8590 0.5095
vn 0.0000 0.8590 0.5120
vn -0.0650 0.7489 0.6595
vn 0.0000 0.7489 0.6627
vn -0.1293 0.7489 0.6499
vn -0.0000 -0.9975 -0.0707
vn 0.0069 -0.9975 -0.0703
vn -0.0473 -0.8757 0.4806
vn -0.0000 -0.8757 0.4829
vn 0.0138 -0.9975 -0.0693
vn -0.0942 -0.8757 0.4736
vn -0.1862 -0.2978 0.9363
vn -0.0936 -0.2978 0.9500
vn -0.0000 -0.2978 0.9546
vn -0.4073 0.8175 -0.4073
vn -0.3654 0.8175 -0.4452
vn -0.2627 0.9102 -0.3201
vn -0.2928 0.9102 -0.2928
vn -0.2300 0.9102 -0.3443
vn -0.2844 0.8590 -0.4257
vn -0.3248 0.8590 -0.3958
vn -0.3620 0.8590 -0.3620
vn -0.4204 0.7489 -0.5122
vn -0.4686 0.7489 -0.4686
vn -0.3682 0.7489 -0.5510
vn 0.0500 -0.9975 0.0500
vn 0.0449 -0.9975 0.0546
vn -0.3063 -0.8757 -0.3733
vn -0.3414 -0.8757 -0.3414
vn 0.0393 -0.9975 0.0588
vn -0.2683 -0.8757 -0.4015
vn -0.5304 -0.2978 -0.7937
vn -0.6056 -0.2977 -0.7380
vn -0.6750 -0.2978 -0.6750
vn -0.5649 0.8175 -0.1124
vn -0.5512 0.8175 -0.1672
vn -0.3962 0.9102 -0.1202
vn -0.4061 0.9102 -0.0808
vn -0.5321 0.8175 -0.2204
vn -0.3825 0.9102 -0.1585
vn -0.4730 0.8590 -0.1959
vn -0.4899 0.8590 -0.1486
vn -0.5021 0.8590 -0.0999
vn -0.6341 0.7489 -0.1924
vn -0.6499 0.7489 -0.1293
vn -0.6122 0.7489 -0.2536
vn 0.0693 -0.9975 0.0138
vn 0.0677 -0.9975 0.0205
vn -0.4621 -0.8757 -0.1402
vn -0.4736 -0.8757 -0.0942
vn 0.0653 -0.9975 0.0270
vn -0.4461 -0.8757 -0.1848
vn -0.8820 -0.2978 -0.3653
vn -0.9135 -0.2978 -0.2771
vn -0.9363 -0.2978 -0.1862
vn 0.1124 0.8175 -0.5649
vn 0.1672 0.8175 -0.5512
vn 0.1202 0.9102 -0.3962
vn 0.0808 0.9102 -0.4061
vn 0.2204 0.8175 -0.5321
vn 0.1585 0.9102 -0.3825
vn 0.1959 0.8590 -0.4730
vn 0.1486 0.8590 -0.4899
vn 0.0999 0.8590 -0.5021
vn 0.1924 0.7489 -0.6341
vn 0.1293 0.7489 -0.6499
vn 0.2536 0.7489 -0.6122
vn 0.2283 0.6174 -0.7527
vn -0.0138 -0.9975 0.0693
vn -0.0205 -0.9975 0.0676
vn 0.1402 -0.8757 -0.4621
vn 0.0942 -0.8757 -0.4736
vn -0.0271 -0.9975 0.0653
vn 0.1848 -0.8757 -0.4461
vn 0.3653 -0.2978 -0.8820
vn 0.2771 -0.2978 -0.9135
vn 0.1862 -0.2978 -0.9363
vn -0.1124 0.8175 -0.5649
vn -0.0565 0.8175 -0.5732
vn -0.0406 0.9102 -0.4121
vn -0.0808 0.9102 -0.4061
vn -0.0000 0.8175 -0.5760
vn 0.0000 0.9102 -0.4141
vn -0.0000 0.8590 -0.5120
vn -0.0502 0.8590 -0.5095
vn -0.0999 0.8590 -0.5021
vn -0.0650 0.7489 -0.6595
vn -0.1293 0.7489 -0.6499
vn -0.0000 0.7489 -0.6627
vn -0.0771 0.6174 -0.7828
vn 0.0138 -0.9975 0.0693
vn 0.0069 -0.9975 0.0703
vn -0.0473 -0.8757 -0.4806
vn -0.0942 -0.8757 -0.4736
vn 0.0000 -0.9975 0.0707
vn -0.0000 -0.8757 -0.4829
vn 0.0000 -0.2978 -0.9546
vn -0.0936 -0.2978 -0.9500
vn -0.1862 -0.2978 -0.9363
vn -0.4789 0.8175 -0.3200
vn -0.4452 0.8175 -0.3654
vn -0.3201 0.9102 -0.2627
vn -0.3443 0.9102 -0.2300
vn -0.3958 0.8590 -0.3248
vn -0.4257 0.8590 -0.2844
vn -0.5122 0.7489 -0.4204
vn -0.5510 0.7489 -0.3682
vn -0.6081 0.6174 -0.4990
vn 0.0588 -0.9975 0.0393
vn 0.0546 -0.9975 0.0449
vn -0.3733 -0.8757 -0.3063
vn -0.4015 -0.8757 -0.2683
vn -0.7379 -0.2978 -0.6056
vn -0.7938 -0.2978 -0.5304
vn -0.5760 0.8175 0.0000
vn -0.5732 0.8175 -0.0565
vn -0.4121 0.9102 -0.0406
vn -0.4141 0.9102 -0.0000
vn -0.5095 0.8590 -0.0502
vn -0.5120 0.8590 0.0000
vn -0.6595 0.7489 -0.0650
vn -0.6627 0.7489 0.0000
vn -0.7828 0.6174 -0.0771
vn -0.7866 0.6174 -0.0000
vn 0.0707 -0.9975 0.0000
vn 0.0703 -0.9975 0.0069
vn -0.4806 -0.8757 -0.0473
vn -0.4829 -0.8757 0.0000
vn -0.9500 -0.2978 -0.0936
vn -0.9546 -0.2978 -0.0000
vn -0.5321 0.8175 0.2204
vn -0.5512 0.8175 0.1672
vn -0.3962 0.9102 0.1202
vn -0.3826 0.9102 0.1585
vn -0.5649 0.8175 0.1124
vn -0.4061 0.9102 0.0808
vn -0.5021 0.8590 0.0999
vn -0.4899 0.8590 0.1486
vn -0.4730 0.8590 0.1959
vn -0.6341 0.7489 0.1924
vn -0.6122 0.7489 0.2536
vn -0.6499 0.7489 0.1293
vn 0.0653 -0.9975 -0.0271
vn 0.0676 -0.9975 -0.0205
vn -0.4621 -0.8757 0.1402
vn -0.4461 -0.8757 0.1848
vn 0.0693 -0.9975 -0.0138
vn -0.4736 -0.8757 0.0942
vn -0.9363 -0.2978 0.1862
vn -0.9135 -0.2978 0.2771
vn -0.8820 -0.2978 0.3653
vn -0.2204 0.8175 0.5321
vn -0.2715 0.8175 0.5080
vn -0.1952 0.9102 0.3652
vn -0.1585 0.9102 0.3825
vn -0.2413 0.8590 0.4515
vn -0.1959 0.8590 0.4730
vn -0.3124 0.7489 0.5844
vn -0.2536 0.7489 0.6122
vn -0.3708 0.6174 0.6937
vn 0.0271 -0.9975 -0.0653
vn 0.0333 -0.9975 -0.0624
vn -0.2276 -0.8757 0.4259
vn -0.1848 -0.8757 0.4461
vn -0.4500 -0.2978 0.8419
vn -0.3653 -0.2978 0.8820
vn 0.1124 0.8175 0.5649
vn 0.0565 0.8175 0.5732
vn 0.0406 0.9102 0.4121
vn 0.0808 0.9102 0.4061
vn 0.0502 0.8590 0.5095
vn 0.0999 0.8590 0.5021
vn 0.0650 0.7489 0.6595
vn 0.1293 0.7489 0.6499
vn -0.0138 -0.9975 -0.0693
vn -0.0069 -0.9975 -0.0704
vn 0.0473 -0.8757 0.4806
vn 0.0942 -0.8757 0.4736
vn 0.0936 -0.2978 0.9500
vn 0.1862 -0.2978 0.9363
vn 0.3200 0.8175 0.4789
vn 0.2715 0.8175 0.5080
vn 0.1952 0.9102 0.3652
vn 0.2300 0.9102 0.3443
vn 0.2204 0.8175 0.5321
vn 0.1585 0.9102 0.3826
vn 0.1959 0.8590 0.4730
vn 0.2413 0.8590 0.4515
vn 0.2844 0.8590 0.4257
vn 0.3124 0.7489 0.5844
vn 0.3682 0.7489 0.5510
vn 0.2536 0.7489 0.6122
vn -0.0393 -0.9975 -0.0588
vn -0.0333 -0.9975 -0.0623
vn 0.2276 -0.8757 0.4259
vn 0.2683 -0.8757 0.4015
vn -0.0271 -0.9975 -0.0653
vn 0.1848 -0.8757 0.4461
vn 0.3653 -0.2978 0.8820
vn 0.4500 -0.2978 0.8419
vn 0.5304 -0.2978 0.7938
vn 0.5649 0.8175 0.1124
vn 0.5512 0.8175 0.1672
vn 0.3962 0.9102 0.1202
vn 0.4061 0.9102 0.0808
vn 0.4899 0.8590 0.1486
vn 0.5021 0.8590 0.0999
vn 0.6341 0.7489 0.1924
vn 0.6499 0.7489 0.1293
vn 0.7527 0.6174 0.2283
vn 0.7715 0.6174 0.1535
vn -0.0693 -0.9975 -0.0138
vn -0.0677 -0.9975 -0.0205
vn 0.4621 -0.8757 0.1402
vn 0.4736 -0.8757 0.0942
vn 0.9135 -0.2977 0.2771
vn 0.9363 -0.2978 0.1862
vn 0.5321 0.8175 -0.2204
vn 0.5512 0.8175 -0.1672
vn 0.3962 0.9102 -0.1202
vn 0.3826 0.9102 -0.1585
vn 0.4899 0.8590 -0.1486
vn 0.4730 0.8590 -0.1959
vn 0.6341 0.7489 -0.1924
vn 0.6122 0.7489 -0.2536
vn 0.7527 0.6174 -0.2283
vn 0.7267 0.6174 -0.3010
vn -0.0653 -0.9975 0.0271
vn -0.0676 -0.9975 0.0205
vn 0.4621 -0.8757 -0.1402
vn 0.4461 -0.8757 -0.1848
vn 0.9135 -0.2977 -0.2771
vn 0.8820 -0.2978 -0.3653
vn 0.4073 0.8175 -0.4073
vn 0.4452 0.8175 -0.3654
vn 0.3201 0.9102 -0.2627
vn 0.2928 0.9102 -0.2928
vn 0.4789 0.8175 -0.3200
vn 0.3443 0.9102 -0.2300
vn 0.4257 0.8590 -0.2844
vn 0.3958 0.8590 -0.3248
vn 0.3620 0.8590 -0.3620
vn 0.5122 0.7489 -0.4204
vn 0.4686 0.7489 -0.4686
vn 0.5510 0.7489 -0.3682
vn 0.6540 0.6174 -0.4370
vn 0.6081 0.6174 -0.4990
vn -0.0500 -0.9975 0.0500
vn -0.0546 -0.9975 0.0449
vn 0.3733 -0.8757 -0.3063
vn 0.3414 -0.8757 -0.3414
vn -0.0588 -0.9975 0.0393
vn 0.4015 -0.8757 -0.2683
vn 0.7937 -0.2978 -0.5304
vn 0.7380 -0.2977 -0.6056
vn 0.6750 -0.2978 -0.6750
vn -0.1672 0.8175 -0.5512
vn -0.1202 0.9102 -0.3962
vn -0.1585 0.9102 -0.3825
vn -0.1486 0.8590 -0.4899
vn -0.1959 0.8590 -0.4730
vn -0.1924 0.7489 -0.6341
vn -0.2536 0.7489 -0.6122
vn 0.0270 -0.9975 0.0653
vn 0.0205 -0.9975 0.0677
vn -0.1402 -0.8757 -0.4621
vn -0.1848 -0.8757 -0.4461
vn -0.2771 -0.2978 -0.9135
vn -0.3653 -0.2978 -0.8820
vn -0.4789 0.8175 0.3200
vn -0.5080 0.8175 0.2715
vn -0.3652 0.9102 0.1952
vn -0.3443 0.9102 0.2300
vn -0.4515 0.8590 0.2413
vn -0.4257 0.8590 0.2844
vn -0.5844 0.7489 0.3124
vn -0.5510 0.7489 0.3682
vn 0.0588 -0.9975 -0.0393
vn 0.0624 -0.9975 -0.0333
vn -0.4259 -0.8757 0.2276
vn -0.4015 -0.8757 0.2683
vn -0.8419 -0.2978 0.4500
vn -0.7938 -0.2978 0.5304
vn 0.4073 0.8175 0.4073
vn 0.3654 0.8175 0.4452
vn 0.2627 0.9102 0.3201
vn 0.2928 0.9102 0.2928
vn 0.3248 0.8590 0.3958
vn 0.3620 0.8590 0.3620
vn 0.4204 0.7489 0.5122
vn 0.4686 0.7489 0.4686
vn 0.4990 0.6174 0.6081
vn -0.0500 -0.9975 -0.0500
vn -0.0448 -0.9975 -0.0546
vn 0.3063 -0.8757 0.3733
vn 0.3414 -0.8757 0.3414
vn 0.6056 -0.2978 0.7379
vn 0.6750 -0.2978 0.6750
vn 0.3200 0.8175 -0.4789
vn 0.3654 0.8175 -0.4452
vn 0.2627 0.9102 -0.3201
vn 0.2300 0.9102 -0.3443
vn 0.3248 0.8590 -0.3958
vn 0.2844 0.8590 -0.4257
vn 0.4204 0.7489 -0.5122
vn 0.3682 0.7489 -0.5510
vn -0.0393 -0.9975 0.0588
vn -0.0449 -0.9975 0.0546
vn 0.3063 -0.8757 -0.3733
vn 0.2682 -0.8757 -0.4015
vn 0.6056 -0.2977 -0.7379
vn 0.5304 -0.2978 -0.7937
vn 0.0565 0.8175 -0.5732
vn 0.0406 0.9102 -0.4121
vn 0.0502 0.8590 -0.5095
vn 0.0650 0.7489 -0.6595
vn -0.0069 -0.9975 0.0703
vn 0.0473 -0.8757 -0.4806
vn 0.0936 -0.2978 -0.9500
vn -0.1952 0.9102 -0.3652
vn -0.2413 0.8590 -0.4515
vn -0.3124 0.7489 -0.5844
vn -0.3708 0.6174 -0.6937
vn 0.0333 -0.9975 0.0624
vn -0.2276 -0.8757 -0.4259
vn -0.4500 -0.2977 -0.8419
vn -0.5080 0.8175 -0.2715
vn -0.3652 0.9102 -0.1952
vn -0.4515 0.8590 -0.2413
vn -0.5844 0.7489 -0.3124
vn 0.0624 -0.9975 0.0333
vn -0.4259 -0.8757 -0.2277
vn -0.8419 -0.2978 -0.4500
vn -0.5732 0.8175 0.0565
vn -0.4121 0.9102 0.0406
vn -0.5095 0.8590 0.0502
vn -0.6595 0.7489 0.0650
vn -0.7828 0.6174 0.0771
vn 0.0703 -0.9975 -0.0069
vn -0.4806 -0.8757 0.0473
vn -0.9500 -0.2978 0.0936
vn -0.4452 0.8175 0.3654
vn -0.3201 0.9102 0.2627
vn -0.3958 0.8590 0.3248
vn -0.5122 0.7489 0.4204
vn -0.6081 0.6174 0.4990
vn 0.0546 -0.9975 -0.0448
vn -0.3733 -0.8757 0.3063
vn -0.7379 -0.2978 0.6056
vn -0.1672 0.8175 0.5512
vn -0.1202 0.9102 0.3962
vn -0.1486 0.8590 0.4899
vn -0.1924 0.7489 0.6341
vn 0.0205 -0.9975 -0.0676
vn -0.1402 -0.8757 0.4621
vn -0.2771 -0.2978 0.9135
vn 0.1672 0.8175 0.5512
vn 0.1202 0.9102 0.3962
vn 0.1486 0.8590 0.4899
vn 0.1924 0.7489 0.6341
vn 0.2283 0.6174 0.7527
vn -0.0205 -0.9975 -0.0676
vn 0.1402 -0.8757 0.4621
vn 0.2771 -0.2978 0.9135
vn 0.4452 0.8175 0.3654
vn 0.3201 0.9102 0.2627
vn 0.3958 0.8590 0.3248
vn 0.5122 0.7489 0.4204
vn -0.0546 -0.9975 -0.0448
vn 0.3733 -0.8757 0.3063
vn 0.7379 -0.2978 0.6056
vn 0.5732 0.8175 0.0565
vn 0.4121 0.9102 0.0406
vn 0.5095 0.8590 0.0502
vn 0.6595 0.7489 0.0650
vn 0.7828 0.6174 0.0771
vn -0.0704 -0.9975 -0.0069
vn 0.4806 -0.8757 0.0473
vn 0.9500 -0.2977 0.0936
vn 0.5080 0.8175 -0.2715
vn 0.3652 0.9102 -0.1952
vn 0.4515 0.8590 -0.2413
vn 0.5844 0.7489 -0.3124
vn 0.6937 0.6174 -0.3708
vn -0.0624 -0.9975 0.0333
vn 0.4259 -0.8757 -0.2276
vn 0.8419 -0.2977 -0.4500
vn 0.2715 0.8175 -0.5080
vn 0.1952 0.9102 -0.3652
vn 0.2413 0.8590 -0.4515
vn 0.3124 0.7489 -0.5844
vn -0.0333 -0.9975 0.0623
vn 0.2276 -0.8757 -0.4259
vn 0.4500 -0.2977 -0.8419
vn 0.7730 0.0069 -0.6344
vn 0.8314 0.0070 -0.5556
vn 0.7730 0.0045 -0.6344
vn 0.8315 0.0045 -0.5556
vn -0.0732 -0.6646 -0.7436
vn -0.0950 -0.2446 -0.9650
vn 0.0000 -0.2446 -0.9696
vn -0.1892 -0.2446 -0.9510
vn 0.9279 -0.2446 0.2815
vn 0.8958 -0.2446 0.3711
vn 0.9510 -0.2446 0.1892
vn 0.0950 -0.2446 0.9650
vn -0.0000 -0.2446 0.9696
vn 0.1892 -0.2446 0.9510
vn -0.4571 -0.2446 -0.8551
vn -0.3711 -0.2446 -0.8958
vn -0.5387 -0.2446 -0.8062
vn -0.8551 -0.2446 0.4571
vn -0.8958 -0.2446 0.3711
vn -0.8062 -0.2446 0.5387
vn -0.2815 -0.2446 0.9279
vn -0.3711 -0.2446 0.8958
vn -0.1892 -0.2446 0.9510
vn -0.9650 -0.2446 0.0950
vn -0.9696 -0.2446 -0.0000
vn -0.9510 -0.2446 0.1892
vn 0.9279 -0.2446 -0.2815
vn 0.9510 -0.2446 -0.1892
vn 0.8958 -0.2446 -0.3711
vn 0.7495 -0.2446 0.6151
vn 0.6856 -0.2446 0.6856
vn 0.8062 -0.2446 0.5387
vn 0.6151 -0.2446 -0.7495
vn 0.6856 -0.2446 -0.6856
vn 0.5387 -0.2446 -0.8062
vn -0.9279 -0.2446 -0.2815
vn -0.8958 -0.2446 -0.3711
vn -0.9510 -0.2446 -0.1892
vn 0.2815 -0.2446 0.9279
vn 0.3711 -0.2446 0.8958
vn 0.0950 -0.2446 -0.9650
vn 0.1892 -0.2446 -0.9510
vn 0.2169 -0.6646 -0.7150
vn 0.2815 -0.2446 -0.9279
vn 0.3711 -0.2446 -0.8958
vn 0.8551 -0.2446 -0.4571
vn 0.8062 -0.2446 -0.5387
vn 0.4571 -0.2446 -0.8551
vn -0.7495 -0.2446 -0.6151
vn -0.6856 -0.2446 -0.6856
vn -0.8062 -0.2446 -0.5387
vn -0.9279 -0.2446 0.2815
vn -0.0950 -0.2446 0.9650
vn -0.4571 -0.2446 0.8551
vn -0.5387 -0.2446 0.8062
vn -0.2815 -0.2446 -0.9279
vn -0.8551 -0.2446 -0.4571
vn -0.6151 -0.2446 -0.7495
vn -0.7495 -0.2446 0.6151
vn -0.6856 -0.2446 0.6856
vn 0.6151 -0.2446 0.7495
vn 0.5387 -0.2446 0.8062
vn 0.4571 -0.2446 0.8551
vn 0.9650 -0.2446 0.0950
vn 0.9696 -0.2446 0.0000
vn 0.7436 -0.6646 -0.0732
vn 0.9650 -0.2446 -0.0950
vn -0.6151 -0.2446 0.7495
vn -0.9650 -0.2446 -0.0950
vn 0.5776 -0.6646 -0.4740
vn 0.7495 -0.2446 -0.6151
vn 0.8551 -0.2446 0.4571
vn 0.9952 0.0001 -0.0980
vn 0.4428 -0.8956 -0.0436
vn 0.7730 0.0070 0.6344
vn 0.7730 0.0045 0.6344
vn 0.7730 -0.0001 -0.6345
vn 0.3439 -0.8956 -0.2822
vn 0.2903 0.0069 -0.9569
vn 0.3827 0.0069 -0.9239
vn 0.1951 0.0069 -0.9808
vn 0.1951 0.0045 -0.9808
vn 0.2903 0.0045 -0.9569
vn 0.3827 0.0045 -0.9239
vn -0.6344 0.0069 -0.7730
vn -0.7071 0.0070 -0.7071
vn -0.7071 0.0045 -0.7071
vn -0.6344 0.0045 -0.7730
vn 0.9569 0.0070 0.2903
vn 0.9569 0.0045 0.2903
vn 0.2902 -0.0001 -0.9570
vn 0.1291 -0.8956 -0.4257
vn 0.9153 0.3926 0.0901
vn 0.9020 0.3926 0.1794
vn 0.9721 0.1326 0.1934
vn 0.9864 0.1326 0.0972
vn 0.4714 0.0069 -0.8819
vn 0.4714 0.0045 -0.8819
vn -0.7109 0.3926 -0.5834
vn -0.7662 0.1326 -0.6288
vn 0.7109 0.3926 -0.5834
vn 0.7647 0.3926 -0.5110
vn 0.8241 0.1326 -0.5507
vn 0.7662 0.1326 -0.6288
vn -0.0980 0.0069 -0.9952
vn 0.0000 0.0069 -1.0000
vn -0.0980 0.0045 -0.9952
vn 0.0000 0.0045 -1.0000
vn 0.8111 0.3926 -0.4335
vn 0.8497 0.3926 -0.3520
vn 0.9157 0.1326 -0.3793
vn 0.8741 0.1326 -0.4672
vn -0.4335 0.3926 -0.8111
vn -0.4672 0.1326 -0.8741
vn 0.5834 0.3926 0.7109
vn 0.6288 0.1326 0.7662
vn -0.4714 0.0070 0.8819
vn -0.4714 0.0045 0.8819
vn 0.0980 0.0069 -0.9952
vn 0.0980 0.0045 -0.9952
vn 0.2670 0.3926 0.8801
vn 0.2877 0.1326 0.9485
vn -0.9569 0.0070 -0.2903
vn -0.9569 0.0045 -0.2903
vn 0.8819 0.0069 -0.4714
vn 0.8819 0.0045 -0.4714
vn 0.2670 0.3926 -0.8801
vn 0.2877 0.1326 -0.9485
vn -0.9153 0.3926 0.0901
vn -0.9197 0.3926 0.0000
vn -0.9912 0.1326 0.0000
vn -0.9864 0.1326 0.0972
vn -0.0901 0.3926 -0.9153
vn -0.0972 0.1326 -0.9864
vn 0.8801 0.3926 -0.2670
vn 0.9485 0.1326 -0.2877
vn -0.7109 0.3926 0.5834
vn -0.6503 0.3926 0.6503
vn -0.7662 0.1326 0.6288
vn -0.7009 0.1326 0.7009
vn -0.7730 0.0070 -0.6344
vn -0.7730 0.0045 -0.6344
vn 0.8111 0.3926 0.4335
vn 0.8497 0.3926 0.3520
vn 0.8741 0.1326 0.4672
vn 0.9157 0.1326 0.3793
vn -0.9153 0.3926 -0.0901
vn -0.9864 0.1326 -0.0972
vn 0.2903 0.0070 0.9569
vn 0.2903 0.0045 0.9569
vn -0.5834 0.3926 0.7109
vn -0.5110 0.3926 0.7647
vn -0.6288 0.1326 0.7662
vn -0.5507 0.1326 0.8241
vn -0.4335 0.3926 0.8111
vn -0.4672 0.1326 0.8741
vn -0.0394 -0.9990 -0.0210
vn -0.0371 -0.9990 -0.0248
vn -0.0412 -0.9990 -0.0171
vn 0.1861 -0.9795 0.0771
vn 0.1777 -0.9795 0.0950
vn 0.1675 -0.9795 0.1119
vn 0.5731 -0.7601 0.3063
vn 0.5403 -0.7601 0.3610
vn 0.6004 -0.7601 0.2487
vn 0.8631 -0.3567 0.3575
vn 0.8239 -0.3567 0.4404
vn 0.7768 -0.3567 0.5190
vn 0.8795 -0.0737 0.4701
vn 0.8292 -0.0738 0.5541
vn 0.9214 -0.0738 0.3816
vn -0.0444 -0.9990 0.0044
vn -0.0446 -0.9990 -0.0000
vn -0.0438 -0.9990 0.0087
vn 0.1976 -0.9795 -0.0393
vn 0.2005 -0.9795 -0.0198
vn 0.2014 -0.9795 -0.0000
vn 0.6467 -0.7601 -0.0637
vn 0.6498 -0.7601 0.0000
vn 0.6373 -0.7601 -0.1268
vn 0.9163 -0.3567 -0.1823
vn 0.9297 -0.3567 -0.0916
vn 0.9342 -0.3567 0.0000
vn 0.9925 -0.0738 -0.0977
vn 0.9973 -0.0738 -0.0000
vn 0.9781 -0.0738 -0.1946
vn 0.0283 -0.9990 -0.0345
vn 0.0316 -0.9990 -0.0316
vn 0.0248 -0.9990 -0.0371
vn -0.1119 -0.9795 0.1675
vn -0.1278 -0.9795 0.1557
vn -0.1424 -0.9795 0.1424
vn -0.4122 -0.7601 0.5023
vn -0.4595 -0.7601 0.4595
vn -0.3610 -0.7601 0.5403
vn -0.5190 -0.3567 0.7768
vn -0.5927 -0.3567 0.7222
vn -0.6606 -0.3567 0.6606
vn -0.6327 -0.0738 0.7709
vn -0.7052 -0.0738 0.7052
vn -0.5541 -0.0738 0.8292
vn 0.0044 -0.9990 -0.0444
vn 0.0087 -0.9990 -0.0438
vn 0.0000 -0.9990 -0.0446
vn 0.0000 -0.9795 0.2014
vn -0.0198 -0.9795 0.2005
vn -0.0393 -0.9795 0.1976
vn -0.0637 -0.7601 0.6467
vn -0.1268 -0.7601 0.6373
vn 0.0000 -0.7601 0.6498
vn -0.0000 -0.3567 0.9342
vn -0.0916 -0.3567 0.9297
vn -0.1823 -0.3567 0.9163
vn -0.0978 -0.0737 0.9925
vn -0.1946 -0.0738 0.9781
vn 0.0000 -0.0738 0.9973
vn 0.0283 -0.9990 0.0345
vn 0.0248 -0.9990 0.0371
vn 0.0316 -0.9990 0.0316
vn -0.1424 -0.9795 -0.1424
vn -0.1278 -0.9795 -0.1557
vn -0.1119 -0.9795 -0.1675
vn -0.4123 -0.7601 -0.5023
vn -0.3610 -0.7601 -0.5403
vn -0.4595 -0.7601 -0.4595
vn -0.6606 -0.3567 -0.6606
vn -0.5927 -0.3567 -0.7222
vn -0.5190 -0.3567 -0.7768
vn -0.6327 -0.0738 -0.7709
vn -0.5541 -0.0738 -0.8292
vn -0.7052 -0.0738 -0.7052
vn 0.0427 -0.9990 0.0130
vn 0.0412 -0.9990 0.0171
vn 0.0438 -0.9990 0.0087
vn -0.1976 -0.9795 -0.0393
vn -0.1928 -0.9795 -0.0585
vn -0.1861 -0.9795 -0.0771
vn -0.6218 -0.7601 -0.1886
vn -0.6004 -0.7601 -0.2487
vn -0.6373 -0.7601 -0.1268
vn -0.9163 -0.3567 -0.1823
vn -0.8940 -0.3567 -0.2712
vn -0.8631 -0.3567 -0.3575
vn -0.9543 -0.0738 -0.2895
vn -0.9214 -0.0738 -0.3816
vn -0.9781 -0.0738 -0.1946
vn -0.0130 -0.9990 0.0427
vn -0.0171 -0.9990 0.0412
vn -0.0087 -0.9990 0.0438
vn 0.0393 -0.9795 -0.1976
vn 0.0585 -0.9795 -0.1928
vn 0.0771 -0.9795 -0.1861
vn 0.1886 -0.7601 -0.6218
vn 0.2487 -0.7601 -0.6004
vn 0.1268 -0.7601 -0.6373
vn 0.1823 -0.3567 -0.9163
vn 0.2712 -0.3567 -0.8940
vn 0.3575 -0.3567 -0.8631
vn 0.2895 -0.0738 -0.9543
vn 0.3816 -0.0738 -0.9214
vn 0.1946 -0.0738 -0.9781
vn 0.0044 -0.9990 0.0444
vn 0.0000 -0.9990 0.0446
vn 0.0087 -0.9990 0.0438
vn -0.0393 -0.9795 -0.1976
vn -0.0197 -0.9795 -0.2005
vn -0.0000 -0.9795 -0.2014
vn -0.0637 -0.7601 -0.6467
vn -0.0000 -0.7601 -0.6498
vn -0.1268 -0.7601 -0.6373
vn -0.1823 -0.3567 -0.9163
vn -0.0916 -0.3567 -0.9297
vn 0.0000 -0.3567 -0.9342
vn -0.0977 -0.0738 -0.9925
vn -0.0000 -0.0738 -0.9973
vn -0.1946 -0.0738 -0.9781
vn 0.0345 -0.9990 0.0283
vn 0.0371 -0.9990 0.0248
vn -0.1675 -0.9795 -0.1119
vn -0.1557 -0.9795 -0.1278
vn -0.5023 -0.7601 -0.4122
vn -0.5403 -0.7601 -0.3610
vn -0.7768 -0.3567 -0.5190
vn -0.7222 -0.3567 -0.5927
vn -0.7709 -0.0738 -0.6327
vn -0.8292 -0.0738 -0.5541
vn 0.0444 -0.9990 0.0044
vn 0.0446 -0.9990 0.0000
vn -0.2014 -0.9795 0.0000
vn -0.2005 -0.9795 -0.0197
vn -0.6467 -0.7601 -0.0637
vn -0.6498 -0.7601 -0.0000
vn -0.9342 -0.3567 -0.0000
vn -0.9297 -0.3567 -0.0916
vn -0.9925 -0.0738 -0.0978
vn -0.9973 -0.0738 0.0000
vn 0.0427 -0.9990 -0.0130
vn 0.0438 -0.9990 -0.0087
vn 0.0412 -0.9990 -0.0171
vn -0.1861 -0.9795 0.0771
vn -0.1928 -0.9795 0.0585
vn -0.1976 -0.9795 0.0393
vn -0.6218 -0.7601 0.1886
vn -0.6373 -0.7601 0.1268
vn -0.6004 -0.7601 0.2487
vn -0.8631 -0.3567 0.3575
vn -0.8940 -0.3567 0.2712
vn -0.9163 -0.3567 0.1823
vn -0.9543 -0.0738 0.2895
vn -0.9781 -0.0738 0.1946
vn -0.9214 -0.0738 0.3816
vn 0.0210 -0.9990 -0.0394
vn 0.0171 -0.9990 -0.0412
vn -0.0771 -0.9795 0.1861
vn -0.0950 -0.9795 0.1777
vn -0.3063 -0.7601 0.5731
vn -0.2487 -0.7601 0.6004
vn -0.3575 -0.3567 0.8631
vn -0.4404 -0.3567 0.8239
vn -0.4701 -0.0738 0.8795
vn -0.3816 -0.0738 0.9214
vn -0.0044 -0.9990 -0.0444
vn -0.0087 -0.9990 -0.0438
vn 0.0393 -0.9795 0.1976
vn 0.0197 -0.9795 0.2005
vn 0.0637 -0.7601 0.6467
vn 0.1268 -0.7601 0.6373
vn 0.1823 -0.3567 0.9163
vn 0.0916 -0.3567 0.9297
vn 0.0977 -0.0738 0.9925
vn 0.1946 -0.0738 0.9781
vn -0.0210 -0.9990 -0.0394
vn -0.0171 -0.9990 -0.0412
vn -0.0248 -0.9990 -0.0371
vn 0.1119 -0.9795 0.1675
vn 0.0950 -0.9795 0.1777
vn 0.0771 -0.9795 0.1861
vn 0.3063 -0.7601 0.5731
vn 0.2487 -0.7601 0.6004
vn 0.3610 -0.7601 0.5403
vn 0.5190 -0.3567 0.7768
vn 0.4404 -0.3567 0.8239
vn 0.3575 -0.3567 0.8631
vn 0.4701 -0.0738 0.8795
vn 0.3816 -0.0738 0.9214
vn 0.5541 -0.0738 0.8292
vn -0.0427 -0.9990 -0.0130
vn -0.0438 -0.9990 -0.0087
vn 0.1976 -0.9795 0.0393
vn 0.1928 -0.9795 0.0585
vn 0.6218 -0.7601 0.1886
vn 0.6373 -0.7601 0.1268
vn 0.9163 -0.3567 0.1823
vn 0.8940 -0.3567 0.2712
vn 0.9543 -0.0738 0.2895
vn 0.9781 -0.0738 0.1946
vn 0.9485 0.1326 0.2877
vn -0.0427 -0.9990 0.0130
vn -0.0412 -0.9990 0.0171
vn 0.1861 -0.9795 -0.0771
vn 0.1928 -0.9795 -0.0585
vn 0.6218 -0.7601 -0.1886
vn 0.6004 -0.7601 -0.2487
vn 0.8631 -0.3567 -0.3575
vn 0.8940 -0.3567 -0.2712
vn 0.9543 -0.0738 -0.2895
vn 0.9214 -0.0738 -0.3816
vn -0.0345 -0.9990 0.0283
vn -0.0371 -0.9990 0.0248
vn -0.0316 -0.9990 0.0316
vn 0.1424 -0.9795 -0.1424
vn 0.1557 -0.9795 -0.1278
vn 0.1675 -0.9795 -0.1119
vn 0.5023 -0.7601 -0.4123
vn 0.5403 -0.7601 -0.3610
vn 0.4595 -0.7601 -0.4595
vn 0.6606 -0.3567 -0.6606
vn 0.7222 -0.3567 -0.5927
vn 0.7768 -0.3567 -0.5190
vn 0.7709 -0.0738 -0.6327
vn 0.8292 -0.0738 -0.5541
vn 0.7052 -0.0738 -0.7052
vn 0.0130 -0.9990 0.0427
vn 0.0171 -0.9990 0.0412
vn -0.0771 -0.9795 -0.1861
vn -0.0585 -0.9795 -0.1928
vn -0.1886 -0.7601 -0.6218
vn -0.2487 -0.7601 -0.6004
vn -0.3575 -0.3567 -0.8631
vn -0.2712 -0.3567 -0.8940
vn -0.2895 -0.0738 -0.9543
vn -0.3816 -0.0738 -0.9214
vn 0.0394 -0.9990 -0.0210
vn 0.0371 -0.9990 -0.0248
vn -0.1675 -0.9795 0.1119
vn -0.1776 -0.9795 0.0950
vn -0.5731 -0.7601 0.3063
vn -0.5403 -0.7601 0.3610
vn -0.7768 -0.3567 0.5190
vn -0.8239 -0.3567 0.4404
vn -0.8795 -0.0738 0.4701
vn -0.8292 -0.0738 0.5541
vn -0.0283 -0.9990 -0.0345
vn -0.0316 -0.9990 -0.0315
vn 0.1424 -0.9795 0.1424
vn 0.1278 -0.9795 0.1557
vn 0.4122 -0.7601 0.5023
vn 0.4595 -0.7601 0.4595
vn 0.6606 -0.3567 0.6606
vn 0.5927 -0.3567 0.7222
vn 0.6327 -0.0738 0.7709
vn 0.7052 -0.0738 0.7052
vn -0.0283 -0.9990 0.0345
vn -0.0248 -0.9990 0.0371
vn 0.1119 -0.9795 -0.1675
vn 0.1278 -0.9795 -0.1557
vn 0.4122 -0.7601 -0.5023
vn 0.3610 -0.7601 -0.5403
vn 0.5190 -0.3567 -0.7768
vn 0.5927 -0.3567 -0.7222
vn 0.6327 -0.0738 -0.7709
vn 0.5541 -0.0738 -0.8292
vn -0.0044 -0.9990 0.0444
vn 0.0198 -0.9795 -0.2005
vn 0.0637 -0.7601 -0.6467
vn 0.0916 -0.3567 -0.9297
vn 0.0978 -0.0738 -0.9925
vn 0.0210 -0.9990 0.0394
vn -0.0950 -0.9795 -0.1777
vn -0.3063 -0.7601 -0.5731
vn -0.4404 -0.3567 -0.8239
vn -0.4701 -0.0738 -0.8795
vn 0.0394 -0.9990 0.0210
vn -0.1777 -0.9795 -0.0950
vn -0.5731 -0.7601 -0.3063
vn -0.8239 -0.3567 -0.4404
vn -0.8795 -0.0738 -0.4701
vn 0.0444 -0.9990 -0.0044
vn -0.2005 -0.9795 0.0197
vn -0.6467 -0.7601 0.0637
vn -0.9297 -0.3567 0.0916
vn -0.9925 -0.0738 0.0977
vn 0.0345 -0.9990 -0.0283
vn -0.1557 -0.9795 0.1278
vn -0.5023 -0.7601 0.4122
vn -0.7222 -0.3567 0.5927
vn -0.7709 -0.0738 0.6327
vn 0.0130 -0.9990 -0.0427
vn -0.0585 -0.9795 0.1928
vn -0.1886 -0.7601 0.6218
vn -0.2712 -0.3567 0.8940
vn -0.2895 -0.0738 0.9543
vn -0.0130 -0.9990 -0.0427
vn 0.0585 -0.9795 0.1928
vn 0.1886 -0.7601 0.6218
vn 0.2712 -0.3567 0.8940
vn 0.2895 -0.0738 0.9543
vn -0.0345 -0.9990 -0.0283
vn 0.1557 -0.9795 0.1278
vn 0.5023 -0.7601 0.4122
vn 0.7222 -0.3567 0.5927
vn 0.7709 -0.0738 0.6327
vn -0.0444 -0.9990 -0.0044
vn 0.2005 -0.9795 0.0198
vn 0.6467 -0.7601 0.0637
vn 0.9297 -0.3567 0.0916
vn 0.9925 -0.0737 0.0978
vn -0.0394 -0.9990 0.0211
vn 0.1777 -0.9795 -0.0949
vn 0.5731 -0.7601 -0.3063
vn 0.8239 -0.3567 -0.4404
vn 0.8795 -0.0738 -0.4701
vn -0.0210 -0.9990 0.0394
vn 0.0950 -0.9795 -0.1777
vn 0.3063 -0.7601 -0.5731
vn 0.4404 -0.3567 -0.8239
vn 0.4701 -0.0738 -0.8795
vn 0.8801 0.3926 0.2670
vn 0.3688 0.9084 0.1971
vn 0.3863 0.9084 0.1600
vn 0.3476 0.9084 0.2323
vn 0.4334 0.8534 0.2896
vn 0.4597 0.8534 0.2457
vn 0.4815 0.8534 0.1995
vn 0.6259 0.7045 0.3345
vn 0.6557 0.7045 0.2716
vn 0.5901 0.7045 0.3943
vn 0.7781 0.3524 0.5199
vn 0.8253 0.3524 0.4412
vn 0.8646 0.3524 0.3581
vn 0.8812 0.0392 0.4710
vn 0.9232 0.0392 0.3824
vn 0.8308 0.0392 0.5551
vn 0.4161 0.9084 -0.0410
vn 0.4101 0.9084 -0.0816
vn 0.4181 0.9084 0.0000
vn 0.5212 0.8534 -0.0000
vn 0.5187 0.8534 -0.0511
vn 0.5112 0.8534 -0.1017
vn 0.7062 0.7045 -0.0696
vn 0.6960 0.7045 -0.1385
vn 0.7097 0.7045 -0.0000
vn 0.9359 0.3524 -0.0000
vn 0.9313 0.3524 -0.0917
vn 0.9179 0.3524 -0.1826
vn 0.9944 0.0392 -0.0979
vn 0.9800 0.0392 -0.1949
vn 0.9992 0.0392 -0.0000
vn -0.2653 0.9084 0.3232
vn -0.2323 0.9084 0.3476
vn -0.2957 0.9084 0.2956
vn -0.3685 0.8534 0.3686
vn -0.3307 0.8534 0.4029
vn -0.2896 0.8534 0.4334
vn -0.4502 0.7045 0.5486
vn -0.3943 0.7045 0.5901
vn -0.5018 0.7045 0.5018
vn -0.6617 0.3524 0.6617
vn -0.5937 0.3524 0.7234
vn -0.5199 0.3524 0.7781
vn -0.6339 0.0392 0.7724
vn -0.5551 0.0392 0.8308
vn -0.7066 0.0392 0.7066
vn -0.0410 0.9084 0.4161
vn -0.0000 0.9084 0.4181
vn -0.0816 0.9084 0.4101
vn -0.1017 0.8534 0.5112
vn -0.0511 0.8534 0.5187
vn 0.0000 0.8534 0.5212
vn -0.0696 0.7045 0.7062
vn 0.0000 0.7045 0.7097
vn -0.1384 0.7045 0.6960
vn -0.1826 0.3524 0.9179
vn -0.0917 0.3524 0.9313
vn -0.0000 0.3524 0.9359
vn -0.0979 0.0392 0.9944
vn 0.0000 0.0392 0.9992
vn -0.1949 0.0392 0.9800
vn -0.2653 0.9084 -0.3232
vn -0.2956 0.9084 -0.2956
vn -0.2323 0.9084 -0.3477
vn -0.2896 0.8534 -0.4334
vn -0.3306 0.8534 -0.4029
vn -0.3686 0.8534 -0.3685
vn -0.4502 0.7045 -0.5486
vn -0.5018 0.7045 -0.5018
vn -0.3943 0.7045 -0.5901
vn -0.5199 0.3524 -0.7781
vn -0.5937 0.3524 -0.7234
vn -0.6617 0.3524 -0.6617
vn -0.6339 0.0392 -0.7724
vn -0.7066 0.0392 -0.7066
vn -0.5551 0.0392 -0.8308
vn -0.4001 0.9084 -0.1214
vn -0.4101 0.9084 -0.0816
vn -0.3863 0.9084 -0.1600
vn -0.4815 0.8534 -0.1995
vn -0.4988 0.8534 -0.1513
vn -0.5112 0.8534 -0.1017
vn -0.6791 0.7045 -0.2060
vn -0.6960 0.7045 -0.1384
vn -0.6557 0.7045 -0.2716
vn -0.8646 0.3524 -0.3581
vn -0.8956 0.3524 -0.2717
vn -0.9179 0.3524 -0.1826
vn -0.9562 0.0392 -0.2901
vn -0.9800 0.0392 -0.1949
vn -0.9232 0.0392 -0.3824
vn 0.1214 0.9084 -0.4001
vn 0.0816 0.9084 -0.4101
vn 0.1600 0.9084 -0.3863
vn 0.1995 0.8534 -0.4815
vn 0.1513 0.8534 -0.4988
vn 0.1017 0.8534 -0.5112
vn 0.2060 0.7045 -0.6791
vn 0.1384 0.7045 -0.6960
vn 0.2716 0.7045 -0.6557
vn 0.3581 0.3524 -0.8646
vn 0.2717 0.3524 -0.8956
vn 0.1826 0.3524 -0.9179
vn 0.2901 0.0392 -0.9562
vn 0.1949 0.0392 -0.9800
vn 0.3824 0.0392 -0.9232
vn -0.0981 0.0000 -0.9952
vn -0.0410 0.9084 -0.4161
vn -0.0816 0.9084 -0.4101
vn 0.0000 0.9084 -0.4181
vn -0.0000 0.8534 -0.5212
vn -0.0511 0.8534 -0.5187
vn -0.1017 0.8534 -0.5112
vn -0.0696 0.7045 -0.7062
vn -0.1385 0.7045 -0.6960
vn -0.0000 0.7045 -0.7097
vn -0.0000 0.3524 -0.9359
vn -0.0917 0.3524 -0.9313
vn -0.1826 0.3524 -0.9179
vn -0.0979 0.0392 -0.9944
vn -0.1949 0.0392 -0.9800
vn -0.0000 0.0392 -0.9992
vn -0.3232 0.9084 -0.2652
vn -0.3476 0.9084 -0.2323
vn -0.4029 0.8534 -0.3307
vn -0.4334 0.8534 -0.2896
vn -0.5486 0.7045 -0.4502
vn -0.5901 0.7045 -0.3943
vn -0.7234 0.3524 -0.5937
vn -0.7781 0.3524 -0.5199
vn -0.7724 0.0392 -0.6339
vn -0.8308 0.0392 -0.5551
vn -0.4161 0.9084 -0.0410
vn -0.4181 0.9084 0.0000
vn -0.5187 0.8534 -0.0511
vn -0.5212 0.8534 0.0000
vn -0.7062 0.7045 -0.0696
vn -0.7097 0.7045 0.0000
vn -0.9313 0.3524 -0.0917
vn -0.9359 0.3524 0.0000
vn -0.9944 0.0392 -0.0979
vn -0.9992 0.0392 0.0000
vn -0.4001 0.9084 0.1214
vn -0.3863 0.9084 0.1600
vn -0.4101 0.9084 0.0816
vn -0.5112 0.8534 0.1017
vn -0.4988 0.8534 0.1513
vn -0.4815 0.8534 0.1995
vn -0.6791 0.7045 0.2060
vn -0.6556 0.7045 0.2716
vn -0.6960 0.7045 0.1385
vn -0.9179 0.3524 0.1826
vn -0.8956 0.3524 0.2717
vn -0.8646 0.3524 0.3581
vn -0.9562 0.0392 0.2901
vn -0.9232 0.0392 0.3824
vn -0.9800 0.0392 0.1949
vn -0.1971 0.9084 0.3688
vn -0.1600 0.9084 0.3863
vn -0.2457 0.8534 0.4597
vn -0.1995 0.8534 0.4815
vn -0.3345 0.7045 0.6259
vn -0.2716 0.7045 0.6557
vn -0.4412 0.3524 0.8253
vn -0.3581 0.3524 0.8646
vn -0.4710 0.0392 0.8812
vn -0.3824 0.0392 0.9232
vn 0.0410 0.9084 0.4161
vn 0.0816 0.9084 0.4101
vn 0.0511 0.8534 0.5187
vn 0.1017 0.8534 0.5112
vn 0.0696 0.7045 0.7062
vn 0.1385 0.7045 0.6960
vn 0.0917 0.3524 0.9313
vn 0.1826 0.3524 0.9179
vn 0.0979 0.0392 0.9944
vn 0.1949 0.0392 0.9800
vn 0.1971 0.9084 0.3688
vn 0.2323 0.9084 0.3477
vn 0.1600 0.9084 0.3863
vn 0.1995 0.8534 0.4815
vn 0.2457 0.8534 0.4597
vn 0.2896 0.8534 0.4334
vn 0.3345 0.7045 0.6259
vn 0.3943 0.7045 0.5901
vn 0.2716 0.7045 0.6556
vn 0.3581 0.3524 0.8646
vn 0.4412 0.3524 0.8253
vn 0.5199 0.3524 0.7781
vn 0.4710 0.0392 0.8812
vn 0.5551 0.0392 0.8308
vn 0.3824 0.0392 0.9232
vn 0.4001 0.9084 0.1214
vn 0.4101 0.9084 0.0816
vn 0.4988 0.8534 0.1513
vn 0.5112 0.8534 0.1017
vn 0.6791 0.7045 0.2060
vn 0.6960 0.7045 0.1384
vn 0.8956 0.3524 0.2717
vn 0.9179 0.3524 0.1826
vn 0.9562 0.0392 0.2901
vn 0.9800 0.0392 0.1949
vn 0.4001 0.9084 -0.1214
vn 0.3863 0.9084 -0.1600
vn 0.4988 0.8534 -0.1513
vn 0.4815 0.8534 -0.1995
vn 0.6791 0.7045 -0.2060
vn 0.6556 0.7045 -0.2716
vn 0.8956 0.3524 -0.2717
vn 0.8646 0.3524 -0.3581
vn 0.9562 0.0392 -0.2901
vn 0.9232 0.0392 -0.3824
vn 0.3232 0.9084 -0.2653
vn 0.2957 0.9084 -0.2956
vn 0.3477 0.9084 -0.2323
vn 0.4334 0.8534 -0.2896
vn 0.4029 0.8534 -0.3306
vn 0.3685 0.8534 -0.3686
vn 0.5486 0.7045 -0.4502
vn 0.5018 0.7045 -0.5018
vn 0.5901 0.7045 -0.3943
vn 0.7781 0.3524 -0.5199
vn 0.7234 0.3524 -0.5937
vn 0.6617 0.3524 -0.6617
vn 0.7724 0.0392 -0.6339
vn 0.7066 0.0392 -0.7066
vn 0.8308 0.0392 -0.5551
vn -0.1214 0.9084 -0.4001
vn -0.1600 0.9084 -0.3863
vn -0.1513 0.8534 -0.4988
vn -0.1995 0.8534 -0.4815
vn -0.2060 0.7045 -0.6791
vn -0.2716 0.7045 -0.6556
vn -0.2717 0.3524 -0.8956
vn -0.3581 0.3524 -0.8646
vn -0.2901 0.0392 -0.9562
vn -0.3824 0.0392 -0.9232
vn -0.3687 0.9084 0.1971
vn -0.3476 0.9084 0.2323
vn -0.4597 0.8534 0.2457
vn -0.4334 0.8534 0.2896
vn -0.6259 0.7045 0.3345
vn -0.5901 0.7045 0.3943
vn -0.8253 0.3524 0.4412
vn -0.7781 0.3524 0.5199
vn -0.8812 0.0392 0.4710
vn -0.8308 0.0392 0.5551
vn 0.2653 0.9084 0.3232
vn 0.2956 0.9084 0.2957
vn 0.3306 0.8534 0.4029
vn 0.3686 0.8534 0.3685
vn 0.4502 0.7045 0.5486
vn 0.5018 0.7045 0.5018
vn 0.5937 0.3524 0.7234
vn 0.6617 0.3524 0.6617
vn 0.6339 0.0392 0.7724
vn 0.7066 0.0392 0.7066
vn 0.2653 0.9084 -0.3232
vn 0.2323 0.9084 -0.3476
vn 0.3307 0.8534 -0.4029
vn 0.2896 0.8534 -0.4334
vn 0.4502 0.7045 -0.5486
vn 0.3943 0.7045 -0.5901
vn 0.5937 0.3524 -0.7234
vn 0.5199 0.3524 -0.7781
vn 0.6339 0.0392 -0.7724
vn 0.5551 0.0392 -0.8308
vn 0.0410 0.9084 -0.4161
vn 0.0511 0.8534 -0.5187
vn 0.0696 0.7045 -0.7062
vn 0.0917 0.3524 -0.9313
vn 0.0979 0.0392 -0.9944
vn -0.1971 0.9084 -0.3688
vn -0.2457 0.8534 -0.4597
vn -0.3345 0.7045 -0.6259
vn -0.4412 0.3524 -0.8253
vn -0.4710 0.0392 -0.8812
vn -0.3687 0.9084 -0.1971
vn -0.4597 0.8534 -0.2457
vn -0.6259 0.7045 -0.3345
vn -0.8253 0.3524 -0.4412
vn -0.8812 0.0392 -0.4710
vn -0.4161 0.9084 0.0410
vn -0.5187 0.8534 0.0511
vn -0.7062 0.7045 0.0696
vn -0.9313 0.3524 0.0917
vn -0.9944 0.0392 0.0979
vn -0.3232 0.9084 0.2652
vn -0.4029 0.8534 0.3306
vn -0.5486 0.7045 0.4502
vn -0.7234 0.3524 0.5937
vn -0.7724 0.0392 0.6339
vn -0.1214 0.9084 0.4001
vn -0.1513 0.8534 0.4988
vn -0.2060 0.7045 0.6791
vn -0.2717 0.3524 0.8956
vn -0.2901 0.0392 0.9562
vn 0.1214 0.9084 0.4001
vn 0.1513 0.8534 0.4988
vn 0.2060 0.7045 0.6791
vn 0.2717 0.3524 0.8956
vn 0.2901 0.0392 0.9562
vn 0.3232 0.9084 0.2653
vn 0.4029 0.8534 0.3307
vn 0.5486 0.7045 0.4502
vn 0.7234 0.3524 0.5937
vn 0.7724 0.0392 0.6339
vn 0.4161 0.9084 0.0410
vn 0.5187 0.8534 0.0511
vn 0.7062 0.7045 0.0696
vn 0.9313 0.3524 0.0917
vn 0.9944 0.0392 0.0979
vn 0.3687 0.9084 -0.1971
vn 0.4597 0.8534 -0.2457
vn 0.6259 0.7045 -0.3345
vn 0.8253 0.3524 -0.4412
vn 0.8812 0.0392 -0.4710
vn 0.1971 0.9084 -0.3687
vn 0.2457 0.8534 -0.4597
vn 0.3345 0.7045 -0.6259
vn 0.4412 0.3524 -0.8253
vn 0.4710 0.0392 -0.8812
vn -0.0436 -0.8956 -0.4428
vn 0.4213 0.4486 -0.7882
vn 0.4965 0.4486 -0.7431
vn 0.3420 0.4486 -0.8257
vn 0.3428 0.3852 -0.8568
vn 0.4363 0.4239 -0.7937
vn 0.5033 0.3852 -0.7735
vn -0.0876 0.4486 -0.8894
vn -0.0000 0.4486 -0.8938
vn -0.1744 0.4486 -0.8766
vn -0.1910 0.3852 -0.9029
vn -0.0782 0.4239 -0.9023
vn -0.0112 0.3852 -0.9228
vn 0.8553 0.4486 0.2594
vn 0.8257 0.4486 0.3420
vn 0.8766 0.4486 0.1744
vn 0.9072 0.3852 0.1690
vn 0.8636 0.4239 0.2730
vn 0.8568 0.3852 0.3428
vn 0.5670 0.4486 0.6909
vn 0.4965 0.4486 0.7431
vn 0.6320 0.4486 0.6320
vn 0.6604 0.3852 0.6446
vn 0.5664 0.4239 0.7068
vn 0.5220 0.3852 0.7610
vn 0.2594 0.4486 0.8553
vn 0.1744 0.4486 0.8766
vn 0.3420 0.4486 0.8257
vn 0.3635 0.3852 0.8482
vn 0.2528 0.4239 0.8697
vn 0.1910 0.3852 0.9029
vn 0.0876 0.4486 0.8894
vn 0.0000 0.4486 0.8938
vn 0.0782 0.4239 0.9023
vn 0.0112 0.3852 0.9228
vn -0.7882 0.4486 -0.4213
vn -0.7431 0.4486 -0.4965
vn -0.8257 0.4486 -0.3420
vn -0.8568 0.3852 -0.3428
vn -0.7937 0.4239 -0.4363
vn -0.7735 0.3852 -0.5033
vn -0.8553 0.4486 0.2594
vn -0.8766 0.4486 0.1744
vn -0.8257 0.4486 0.3420
vn -0.8482 0.3852 0.3635
vn -0.8697 0.4239 0.2528
vn -0.9029 0.3852 0.1910
vn 0.6909 0.4486 0.5670
vn 0.7431 0.4486 0.4965
vn 0.7735 0.3852 0.5033
vn 0.6934 0.4239 0.5827
vn -0.2594 0.4486 -0.8553
vn -0.2528 0.4239 -0.8697
vn 0.7882 0.4486 0.4213
vn 0.7937 0.4239 0.4363
vn -0.5670 0.4486 0.6909
vn -0.6320 0.4486 0.6320
vn -0.4965 0.4486 0.7431
vn -0.5033 0.3852 0.7735
vn -0.5827 0.4239 0.6934
vn -0.6446 0.3852 0.6604
vn -0.8894 0.4486 0.0876
vn -0.8937 0.4486 0.0000
vn -0.9023 0.4239 0.0782
vn -0.9228 0.3852 0.0112
vn 0.8553 0.4486 -0.2594
vn 0.8766 0.4486 -0.1744
vn 0.8257 0.4486 -0.3420
vn 0.8482 0.3852 -0.3635
vn 0.8697 0.4239 -0.2528
vn 0.9029 0.3852 -0.1910
vn -0.5670 0.4486 -0.6909
vn -0.6320 0.4486 -0.6320
vn 0.5670 0.4486 -0.6909
vn 0.6320 0.4486 -0.6320
vn 0.5827 0.4239 -0.6934
vn 0.6446 0.3852 -0.6604
vn 0.2594 0.4486 -0.8553
vn 0.1744 0.4486 -0.8766
vn 0.1690 0.3852 -0.9072
vn 0.2730 0.4239 -0.8636
vn -0.6909 0.4486 -0.5670
vn -0.6934 0.4239 -0.5827
vn 0.8894 0.4486 0.0876
vn 0.8938 0.4486 -0.0000
vn 0.9228 0.3852 -0.0112
vn 0.9003 0.4239 0.0993
vn 0.4213 0.4486 0.7882
vn 0.4176 0.4239 0.8037
vn -0.6909 0.4486 0.5670
vn -0.7431 0.4486 0.4965
vn -0.7068 0.4239 0.5664
vn -0.7610 0.3852 0.5220
vn -0.7882 0.4486 0.4213
vn -0.8037 0.4239 0.4176
vn 0.0876 0.4486 -0.8894
vn 0.0993 0.4239 -0.9003
vn 0.7882 0.4486 -0.4213
vn 0.7431 0.4486 -0.4965
vn 0.7610 0.3852 -0.5220
vn 0.8037 0.4239 -0.4176
vn -0.4213 0.4486 0.7882
vn -0.3420 0.4486 0.8257
vn -0.3428 0.3852 0.8568
vn -0.4363 0.4239 0.7937
vn 0.6909 0.4486 -0.5670
vn 0.7068 0.4239 -0.5664
vn -0.2594 0.4486 0.8553
vn -0.1744 0.4486 0.8766
vn -0.1690 0.3852 0.9072
vn -0.2730 0.4239 0.8636
vn 0.8894 0.4486 -0.0876
vn 0.9023 0.4239 -0.0782
vn -0.8894 0.4486 -0.0876
vn -0.8766 0.4486 -0.1744
vn -0.9003 0.4239 -0.0993
vn -0.9072 0.3852 -0.1690
vn -0.0876 0.4486 0.8894
vn -0.0993 0.4239 0.9003
vn -0.8553 0.4486 -0.2594
vn -0.8636 0.4239 -0.2730
vn -0.0116 0.9996 -0.0254
vn -0.0002 1.0000 -0.0066
vn -0.0000 1.0000 0.0000
vn 0.0009 1.0000 -0.0066
vn -0.0162 0.9996 -0.0227
vn -0.0015 1.0000 -0.0065
vn -0.0204 0.9996 -0.0191
vn -0.0028 1.0000 -0.0060
vn -0.0049 1.0000 -0.0045
vn -0.0275 0.9996 -0.0045
vn -0.0056 1.0000 -0.0035
vn -0.0279 0.9996 0.0010
vn -0.0062 1.0000 -0.0023
vn -0.0272 0.9996 0.0064
vn -0.0066 1.0000 -0.0011
vn -0.0254 0.9996 0.0116
vn -0.0067 1.0000 0.0002
vn -0.0227 0.9996 0.0163
vn -0.0065 1.0000 0.0015
vn -0.0191 0.9996 0.0204
vn -0.0061 1.0000 0.0028
vn -0.0147 0.9996 0.0238
vn -0.0054 1.0000 0.0039
vn -0.0098 0.9996 0.0262
vn -0.0045 1.0000 0.0049
vn -0.0045 0.9996 0.0276
vn -0.0035 1.0000 0.0057
vn 0.0010 0.9996 0.0279
vn -0.0023 1.0000 0.0062
vn 0.0064 0.9996 0.0272
vn -0.0011 1.0000 0.0066
vn 0.0116 0.9996 0.0254
vn 0.0002 1.0000 0.0067
vn 0.0164 0.9996 0.0227
vn 0.0015 1.0000 0.0065
vn 0.0205 0.9996 0.0190
vn 0.0028 1.0000 0.0061
vn 0.0238 0.9996 0.0147
vn 0.0039 1.0000 0.0054
vn 0.0262 0.9996 0.0098
vn 0.0049 1.0000 0.0045
vn 0.0276 0.9996 0.0044
vn 0.0057 1.0000 0.0035
vn 0.0280 0.9996 -0.0010
vn 0.0062 1.0000 0.0023
vn 0.0272 0.9996 -0.0064
vn 0.0066 1.0000 0.0011
vn 0.0254 0.9996 -0.0116
vn 0.0067 1.0000 -0.0002
vn 0.0227 0.9996 -0.0164
vn 0.0065 1.0000 -0.0015
vn 0.0191 0.9996 -0.0205
vn 0.0061 1.0000 -0.0028
vn 0.0147 0.9996 -0.0239
vn 0.0054 1.0000 -0.0039
vn 0.0098 0.9996 -0.0263
vn 0.0045 1.0000 -0.0049
vn 0.0044 0.9996 -0.0277
vn 0.0035 1.0000 -0.0057
vn -0.0010 0.9996 -0.0280
vn 0.0024 1.0000 -0.0062
vn -0.0065 0.9996 -0.0273
vn 0.2571 0.9064 0.3350
vn 0.2895 0.8680 0.4034
vn 0.3627 0.8680 0.3392
vn -0.1868 0.9065 -0.3787
vn -0.2052 0.8680 -0.4521
vn 0.4187 0.9064 0.0551
vn 0.4900 0.8680 0.0805
vn 0.4963 0.8680 -0.0166
vn 0.0276 0.9064 0.4214
vn 0.0166 0.8680 0.4963
vn 0.1131 0.8680 0.4835
vn -0.4079 0.9064 0.1093
vn -0.4835 0.8680 0.1131
vn -0.4522 0.8680 0.2052
vn 0.3175 0.9064 0.2784
vn 0.4219 0.8680 0.2619
vn -0.1357 0.9065 0.3999
vn -0.1746 0.8680 0.4649
vn -0.0805 0.8680 0.4900
vn 0.0551 0.9064 -0.4187
vn 0.0805 0.8680 -0.4900
vn -0.0166 0.8680 -0.4963
vn -0.1094 0.9064 -0.4079
vn -0.1131 0.8680 -0.4835
vn 0.3999 0.9064 0.1357
vn 0.4649 0.8680 0.1746
vn 0.4214 0.9064 -0.0276
vn 0.4835 0.8680 -0.1131
vn -0.2784 0.9064 0.3175
vn -0.3392 0.8680 0.3627
vn -0.2619 0.8680 0.4219
vn 0.1093 0.9064 0.4079
vn 0.2053 0.8680 0.4522
vn -0.2111 0.9065 0.3657
vn 0.1868 0.9064 0.3788
vn -0.3999 0.9064 -0.1357
vn -0.4649 0.8680 -0.1746
vn -0.4900 0.8680 -0.0805
vn -0.3787 0.9064 0.1868
vn -0.4034 0.8680 0.2895
vn -0.4187 0.9064 -0.0551
vn -0.4963 0.8680 0.0166
vn 0.1358 0.9064 -0.3999
vn 0.1746 0.8680 -0.4649
vn -0.3175 0.9065 -0.2784
vn -0.4218 0.8680 -0.2619
vn 0.3788 0.9064 -0.1868
vn 0.4522 0.8680 -0.2053
vn 0.4034 0.8680 -0.2895
vn 0.3658 0.9064 0.2111
vn 0.4079 0.9064 -0.1093
vn -0.3350 0.9064 0.2571
vn 0.2112 0.9064 -0.3658
vn 0.2619 0.8680 -0.4219
vn -0.0551 0.9065 0.4187
vn 0.3351 0.9064 -0.2571
vn 0.3392 0.8680 -0.3627
vn 0.2785 0.9064 -0.3175
vn -0.4214 0.9064 0.0277
vn -0.3658 0.9064 -0.2111
vn -0.0277 0.9065 -0.4214
vn -0.9536 0.0837 -0.2893
vn -0.9206 0.0837 -0.3813
vn -0.9773 0.0837 -0.1944
vn 0.7703 0.0837 -0.6322
vn 0.8286 0.0837 -0.5536
vn 0.7046 0.0837 -0.7046
vn 0.5548 0.6200 -0.5548
vn 0.6065 0.6200 -0.4978
vn 0.6524 0.6200 -0.4359
vn 0.8788 0.0837 -0.4697
vn 0.9206 0.0837 -0.3813
vn 0.6920 0.6200 -0.3699
vn 0.7249 0.6200 -0.3003
vn -0.8788 0.0837 0.4697
vn -0.9206 0.0837 0.3813
vn -0.8286 0.0837 0.5536
vn -0.1711 -0.4802 -0.8603
vn -0.2546 -0.4802 -0.8394
vn -0.2893 0.0837 -0.9536
vn -0.1944 0.0837 -0.9773
vn -0.3813 0.0837 -0.9206
vn -0.3003 0.6200 -0.7249
vn -0.2278 0.6200 -0.7508
vn -0.1531 0.6200 -0.7696
vn 0.8603 -0.4802 -0.1711
vn 0.8394 -0.4802 -0.2546
vn 0.9536 0.0837 -0.2893
vn 0.9773 0.0837 -0.1944
vn 0.7508 0.6200 -0.2278
vn 0.7696 0.6200 -0.1531
vn -0.3357 -0.4802 0.8104
vn -0.2546 -0.4802 0.8394
vn -0.2893 0.0837 0.9536
vn -0.3813 0.0837 0.9206
vn -0.1711 -0.4802 0.8603
vn -0.1944 0.0837 0.9773
vn -0.7293 -0.4802 -0.4873
vn -0.7736 -0.4802 -0.4135
vn -0.8788 0.0837 -0.4697
vn -0.8286 0.0837 -0.5536
vn 0.8772 -0.4802 0.0000
vn 0.8729 -0.4802 -0.0860
vn 0.9917 0.0837 -0.0977
vn 0.9965 0.0837 -0.0000
vn 0.7809 0.6200 -0.0769
vn 0.7846 0.6200 0.0000
vn 0.8603 -0.4802 0.1711
vn 0.8729 -0.4802 0.0860
vn 0.9917 0.0837 0.0977
vn 0.9773 0.0837 0.1944
vn 0.7809 0.6200 0.0769
vn 0.7696 0.6200 0.1531
vn -0.8394 -0.4802 0.2546
vn -0.9536 0.0837 0.2893
vn -0.9773 0.0837 0.1944
vn -0.0860 -0.4802 -0.8729
vn -0.0977 0.0837 -0.9917
vn -0.0000 0.0837 -0.9965
vn -0.0769 0.6200 -0.7809
vn 0.8104 -0.4802 0.3357
vn 0.8394 -0.4802 0.2546
vn 0.9536 0.0837 0.2893
vn 0.9206 0.0837 0.3813
vn 0.7508 0.6200 0.2278
vn 0.7249 0.6200 0.3003
vn -0.4135 -0.4802 0.7736
vn -0.4697 0.0837 0.8788
vn -0.5536 0.0837 0.8286
vn -0.6780 -0.4802 -0.5565
vn -0.7703 0.0837 -0.6322
vn -0.7046 0.0837 -0.7046
vn -0.6065 0.6200 -0.4978
vn -0.5548 0.6200 -0.5548
vn 0.7293 -0.4802 0.4873
vn 0.7736 -0.4802 0.4135
vn 0.8788 0.0837 0.4697
vn 0.8286 0.0837 0.5536
vn 0.6920 0.6200 0.3699
vn 0.6524 0.6200 0.4359
vn 0.6780 -0.4802 0.5565
vn 0.7703 0.0837 0.6322
vn 0.7046 0.0837 0.7046
vn 0.6065 0.6200 0.4978
vn 0.5548 0.6200 0.5548
vn -0.9917 0.0837 0.0977
vn -0.9965 0.0837 0.0000
vn 0.6322 0.0837 0.7703
vn 0.5536 0.0837 0.8286
vn 0.4978 0.6200 0.6065
vn 0.0977 0.0837 -0.9917
vn 0.1944 0.0837 -0.9773
vn -0.6322 0.0837 0.7703
vn -0.7046 0.0837 0.7046
vn -0.6322 0.0837 -0.7703
vn -0.5536 0.0837 -0.8286
vn -0.4978 0.6200 -0.6065
vn -0.4359 0.6200 -0.6524
vn 0.4697 0.0837 0.8788
vn 0.3813 0.0837 0.9206
vn 0.2893 0.0837 0.9536
vn 0.1944 0.0837 0.9773
vn -0.9917 0.0837 -0.0977
vn 0.2893 0.0837 -0.9536
vn 0.3813 0.0837 -0.9206
vn 0.2278 0.6200 -0.7508
vn 0.3003 0.6200 -0.7249
vn 0.0977 0.0837 0.9917
vn 0.0000 0.0837 0.9965
vn 0.4697 0.0837 -0.8788
vn 0.5536 0.0837 -0.8286
vn 0.3699 0.6200 -0.6920
vn 0.4359 0.6200 -0.6524
vn -0.7703 0.0837 0.6322
vn -0.4697 0.0837 -0.8788
vn -0.3699 0.6200 -0.6920
vn 0.5565 -0.4802 -0.6780
vn 0.6322 0.0837 -0.7703
vn 0.4978 0.6200 -0.6065
vn -0.0860 -0.4802 0.8729
vn -0.0977 0.0837 0.9917
vn 0.3177 -0.9116 0.2608
vn 0.3418 -0.9116 0.2284
vn -0.1940 0.9680 -0.1592
vn -0.1774 0.9680 -0.1774
vn 0.0728 0.9680 -0.2401
vn 0.0960 0.9680 -0.2318
vn 0.3625 -0.9116 0.1938
vn 0.3798 -0.9116 0.1573
vn -0.1592 0.9680 -0.1940
vn -0.1394 0.9680 -0.2086
vn 0.1183 0.9680 -0.2213
vn 0.1394 0.9680 -0.2086
vn -0.3178 -0.9116 -0.2608
vn -0.3418 -0.9116 -0.2284
vn -0.1183 0.9680 -0.2213
vn -0.0960 0.9680 -0.2318
vn 0.1592 0.9680 -0.1940
vn 0.1774 0.9680 -0.1774
vn -0.1938 -0.9116 0.3625
vn -0.1573 -0.9116 0.3798
vn -0.0728 0.9680 -0.2401
vn -0.0490 0.9680 -0.2461
vn 0.1940 0.9680 -0.1592
vn 0.2086 0.9680 -0.1394
vn 0.3934 -0.9116 0.1193
vn 0.4032 -0.9116 0.0802
vn -0.0246 0.9680 -0.2497
vn 0.2213 0.9680 -0.1183
vn 0.2318 0.9680 -0.0960
vn -0.0403 -0.9116 -0.4091
vn -0.0802 -0.9116 -0.4032
vn 0.2401 0.9680 -0.0728
vn 0.2461 0.9680 -0.0490
vn -0.3934 -0.9116 0.1193
vn 0.2497 0.9680 -0.0246
vn 0.2509 0.9680 0.0000
vn 0.4091 -0.9116 0.0403
vn 0.4111 -0.9116 -0.0000
vn 0.2497 0.9680 0.0246
vn 0.2461 0.9680 0.0490
vn 0.4091 -0.9116 -0.0403
vn 0.4032 -0.9116 -0.0802
vn 0.2401 0.9680 0.0728
vn 0.2318 0.9680 0.0960
vn -0.3625 -0.9116 -0.1938
vn 0.2213 0.9680 0.1183
vn 0.2086 0.9680 0.1394
vn -0.1193 -0.9116 0.3934
vn -0.0802 -0.9116 0.4032
vn 0.1940 0.9680 0.1592
vn 0.1774 0.9680 0.1774
vn 0.3934 -0.9116 -0.1193
vn -0.0403 -0.9116 0.4091
vn 0.1592 0.9680 0.1940
vn -0.1193 -0.9116 -0.3934
vn 0.2608 -0.9116 -0.3177
vn 0.7663 -0.6182 0.1749
vn 0.6145 -0.6182 -0.4901
vn 0.1182 -0.9885 -0.0942
vn 0.1473 -0.9885 0.0336
vn 0.3410 -0.6182 0.7082
vn 0.0656 -0.9885 0.1362
vn -0.3410 -0.6182 0.7082
vn -0.0656 -0.9885 0.1362
vn -0.7663 -0.6182 0.1749
vn -0.1473 -0.9885 0.0336
vn 0.7743 -0.1387 -0.6175
vn -0.0000 -0.1387 -0.9903
vn 0.0000 0.6212 -0.7836
vn 0.4487 -0.8189 -0.3578
vn -0.6145 -0.6182 -0.4901
vn -0.1182 -0.9885 -0.0942
vn 0.0000 -0.6182 -0.7860
vn -0.0000 -0.9885 -0.1511
vn 0.4297 -0.1387 0.8923
vn 0.9655 -0.1387 0.2204
vn 0.5595 -0.8189 0.1277
vn 0.3400 0.6212 0.7060
vn -0.9655 -0.1387 0.2204
vn -0.4297 -0.1387 0.8923
vn -0.3400 0.6212 0.7060
vn -0.7640 0.6212 0.1744
vn -0.7743 -0.1387 -0.6175
vn -0.6127 0.6212 -0.4886
vn -0.0000 -0.8558 -0.5173
vn 0.4044 -0.8558 -0.3225
vn -0.0000 -0.5025 -0.8646
vn 0.6760 -0.5025 -0.5391
vn -0.5043 -0.8558 0.1151
vn -0.4044 -0.8558 -0.3225
vn -0.8429 -0.5025 0.1924
vn -0.6760 -0.5025 -0.5391
vn 0.2244 -0.8558 0.4661
vn -0.2244 -0.8558 0.4661
vn 0.3751 -0.5025 0.7790
vn -0.3751 -0.5025 0.7790
vn 0.5043 -0.8558 0.1151
vn 0.8429 -0.5025 0.1924
vn 0.0000 -1.0000 0.0000
vn -0.0000 0.9850 -0.1723
vn 0.1347 0.9850 -0.1074
vn -0.1680 0.9850 0.0383
vn -0.0748 0.9850 0.1552
vn -0.1302 0.9539 0.2703
vn -0.2925 0.9539 0.0668
vn 0.1680 0.9850 0.0383
vn 0.0748 0.9850 0.1552
vn -0.1347 0.9850 -0.1074
vn -0.2346 0.9539 -0.1871
vn -0.0000 0.9539 -0.3001
vn 0.2346 0.9539 -0.1871
vn 0.2925 0.9539 0.0668
vn 0.1302 0.9539 0.2703
vn 0.7682 -0.1862 -0.6126
vn -0.0000 -0.1862 -0.9825
vn -0.0460 -0.6639 -0.7464
vn -0.7378 -0.6640 0.1213
vn 0.3130 -0.7934 0.5221
vn 0.5787 -0.7933 0.1892
vn -0.9579 -0.1862 0.2186
vn -0.4263 -0.1862 0.8852
vn -0.7175 -0.6639 0.2109
vn 0.2824 -0.6640 0.6923
vn 0.4393 -0.7934 -0.4213
vn 0.0556 -0.7933 -0.6063
vn -0.2256 -0.8543 -0.4684
vn -0.5068 -0.8543 -0.1157
vn 0.0998 -0.9947 0.0228
vn 0.0444 -0.9947 0.0922
vn 0.7380 -0.6639 0.1213
vn 0.0460 -0.6640 -0.7463
vn -0.5786 -0.7934 0.1890
vn -0.3132 -0.7933 0.5221
vn -0.4064 -0.8543 0.3241
vn 0.0000 -0.8543 0.5198
vn -0.0000 -0.9947 -0.1023
vn 0.0800 -0.9947 -0.0638
vn -0.7682 -0.1862 -0.6126
vn 0.0697 0.4999 0.8633
vn 0.8572 0.4998 -0.1244
vn 0.7623 -0.3079 0.5694
vn 0.7247 -0.3078 0.6165
vn 0.5068 -0.8543 -0.1157
vn 0.2256 -0.8543 -0.4684
vn -0.0444 -0.9947 0.0922
vn -0.0998 -0.9947 0.0228
vn 0.8261 0.4999 -0.2601
vn -0.3120 0.4998 -0.8080
vn 0.3855 -0.3079 -0.8698
vn 0.4397 -0.3078 -0.8437
vn 0.3653 -0.6639 0.6526
vn 0.6121 -0.6640 -0.4294
vn -0.5085 -0.7934 -0.3345
vn -0.6035 -0.7933 0.0807
vn 0.4372 0.4998 -0.7477
vn -0.6123 -0.6639 -0.4294
vn 0.5088 -0.7933 -0.3345
vn 0.9204 -0.3079 -0.2410
vn -0.8572 0.4999 -0.1241
vn -0.0695 0.4998 0.8634
vn -0.7247 -0.3079 0.6164
vn -0.7623 -0.3078 0.5694
vn 0.6317 0.4998 0.5926
vn 0.5549 -0.6639 -0.5014
vn 0.2129 -0.7933 0.5704
vn 0.0301 -0.3079 0.9509
vn -0.2824 -0.6639 0.6925
vn 0.7174 -0.6640 0.2109
vn -0.0555 -0.7934 -0.6062
vn -0.4393 -0.7933 -0.4216
vn 0.9579 -0.1862 0.2186
vn 0.4064 -0.8543 0.3241
vn -0.0800 -0.9947 -0.0638
vn -0.3652 -0.6640 0.6525
vn 0.6033 -0.7934 0.0808
vn 0.4263 -0.1862 0.8852
vn 0.3117 0.4999 -0.8081
vn -0.8262 0.4998 -0.2599
vn -0.4397 -0.3079 -0.8437
vn -0.3855 -0.3078 -0.8699
vn -0.5548 -0.6640 -0.5012
vn -0.2130 -0.7934 0.5702
vn -0.7183 0.4998 0.4840
vn -0.9338 -0.3079 -0.1823
vn 0.7184 0.4999 0.4837
vn 0.9338 -0.3078 -0.1823
vn -0.6315 0.4999 0.5928
vn -0.0301 -0.3078 0.9510
vn -0.9204 -0.3078 -0.2410
vn -0.4374 0.4999 -0.7475
vn -0.4223 -0.2291 -0.8770
vn 0.4223 -0.2291 -0.8770
vn -0.0000 -0.2291 0.9734
vn -0.7610 -0.2291 0.6069
vn 0.7610 -0.2291 0.6069
vn -0.9490 -0.2291 -0.2166
vn 0.9490 -0.2291 -0.2166
# 6363 vertex normals

vt 0.8571 1.0000 0.0000
vt 0.9286 1.0000 0.0000
vt 1.0000 1.0000 0.0000
vt 0.2857 1.0000 0.0000
vt 0.3571 1.0000 0.0000
vt 0.4286 1.0000 0.0000
vt 0.0000 1.0000 0.0000
vt 0.0714 1.0000 0.0000
vt 0.1429 1.0000 0.0000
vt 0.0716 1.0000 0.0000
vt 0.4609 1.0000 0.0000
vt 0.4278 1.0000 0.0000
vt 0.4276 1.0000 0.0000
vt 0.4610 1.0000 0.0000
vt 0.3885 1.0000 0.0000
vt 0.5714 1.0000 0.0000
vt 0.6429 1.0000 0.0000
vt 0.7143 1.0000 0.0000
vt 0.7142 1.0000 0.0000
vt 0.2143 1.0000 0.0000
vt 0.7857 1.0000 0.0000
vt 0.7856 1.0000 0.0000
vt 0.5000 1.0000 0.0000
vt 0.4995 1.0000 0.0000
vt 0.4285 1.0000 0.0000
vt 0.5705 1.0000 0.0000
vt 0.5638 1.0000 0.0000
vt 0.4964 1.0000 0.0000
vt 0.4889 1.0000 0.0000
vt 0.5480 1.0000 0.0000
vt 0.5297 1.0000 0.0000
vt 0.4802 1.0000 0.0000
vt 0.4734 1.0000 0.0000
vt 0.5156 1.0000 0.0000
vt 0.5032 1.0000 0.0000
vt 0.4674 1.0000 0.0000
vt 0.4607 1.0000 0.0000
vt 0.4899 1.0000 0.0000
vt 0.4790 1.0000 0.0000
vt 0.4553 1.0000 0.0000
vt 0.8581 1.0000 0.0000
vt 0.9991 1.0000 0.0000
vt 0.9982 1.0000 0.0000
vt 0.8590 1.0000 0.0000
vt 0.8614 1.0000 0.0000
vt 0.9957 1.0000 0.0000
vt 0.9933 1.0000 0.0000
vt 0.8638 1.0000 0.0000
vt 0.8731 1.0000 0.0000
vt 0.9840 1.0000 0.0000
vt 0.9747 1.0000 0.0000
vt 0.8824 1.0000 0.0000
vt 0.7054 1.0000 0.0000
vt 0.6402 1.0000 0.0000
vt 0.1518 1.0000 0.0000
vt 0.2169 1.0000 0.0000
vt 0.2821 1.0000 0.0000
vt 0.5750 1.0000 0.0000
vt 0.4258 1.0000 0.0000
vt 0.5205 1.0000 0.0000
vt 0.3097 1.0000 0.0000
vt 0.3373 1.0000 0.0000
vt 0.5198 1.0000 0.0000
vt 0.4298 1.0000 0.0000
vt 0.4943 1.0000 0.0000
vt 0.3756 1.0000 0.0000
vt 0.4687 1.0000 0.0000
vt 0.1430 1.0000 0.0000
vt 0.2160 1.0000 0.0000
vt 0.1479 1.0000 0.0000
vt 0.2860 1.0000 0.0000
vt 0.2267 1.0000 0.0000
vt 0.1664 1.0000 0.0000
vt 0.2529 1.0000 0.0000
vt 0.2073 1.0000 0.0000
vt 0.3072 1.0000 0.0000
vt 0.3286 1.0000 0.0000
vt 0.2823 1.0000 0.0000
vt 0.2468 1.0000 0.0000
vt 0.3039 1.0000 0.0000
vt 0.2694 1.0000 0.0000
vt 0.3417 1.0000 0.0000
vt 0.3539 1.0000 0.0000
vt 0.3227 1.0000 0.0000
vt 0.2919 1.0000 0.0000
vt 0.3434 1.0000 0.0000
vt 0.3232 1.0000 0.0000
vt 0.3673 1.0000 0.0000
vt 0.3781 1.0000 0.0000
vt 0.3606 1.0000 0.0000
vt 0.3544 1.0000 0.0000
vt 0.0719 1.0000 0.0000
vt 0.0009 1.0000 0.0000
vt 0.0723 1.0000 0.0000
vt 0.0018 1.0000 0.0000
vt 0.0736 1.0000 0.0000
vt 0.0043 1.0000 0.0000
vt 0.0748 1.0000 0.0000
vt 0.0067 1.0000 0.0000
vt 0.0825 1.0000 0.0000
vt 0.0160 1.0000 0.0000
vt 0.1101 1.0000 0.0000
vt 0.0253 1.0000 0.0000
vt 0.1781 1.0000 0.0000
vt 0.1537 1.0000 0.0000
vt 0.2644 1.0000 0.0000
vt 0.2896 1.0000 0.0000
vt 0.3159 1.0000 0.0000
vt 0.3444 1.0000 0.0000
vt 0.3714 1.0000 0.0000
vt 0.7852 1.0000 0.0000
vt 0.8562 1.0000 0.0000
vt 0.8553 1.0000 0.0000
vt 0.7848 1.0000 0.0000
vt 0.7836 1.0000 0.0000
vt 0.8529 1.0000 0.0000
vt 0.8504 1.0000 0.0000
vt 0.7824 1.0000 0.0000
vt 0.7746 1.0000 0.0000
vt 0.7093 1.0000 0.0000
vt 0.8411 1.0000 0.0000
vt 0.8318 1.0000 0.0000
vt 0.7471 1.0000 0.0000
vt 0.6907 1.0000 0.0000
vt 0.6807 1.0000 0.0000
vt 0.6496 1.0000 0.0000
vt 0.7034 1.0000 0.0000
vt 0.6088 1.0000 0.0000
vt 0.6036 1.0000 0.0000
vt 0.5645 1.0000 0.0000
vt 0.5709 1.0000 0.0000
vt 0.5387 1.0000 0.0000
vt 0.5462 1.0000 0.0000
vt 0.5133 1.0000 0.0000
vt 0.5215 1.0000 0.0000
vt 0.4929 1.0000 0.0000
vt 0.5022 1.0000 0.0000
vt 0.3679 1.0000 0.0000
vt 0.3786 1.0000 0.0000
vt 0.3840 1.0000 0.0000
vt 0.3898 1.0000 0.0000
vt 0.3964 1.0000 0.0000
vt 0.4018 1.0000 0.0000
vt 0.6428 1.0000 0.0000
vt 0.6410 1.0000 0.0000
vt 0.6298 1.0000 0.0000
vt 0.6038 1.0000 0.0000
vt 0.5739 1.0000 0.0000
vt 0.5512 1.0000 0.0000
vt 0.5322 1.0000 0.0000
vt 0.5122 1.0000 0.0000
vt 0.4963 1.0000 0.0000
vt 0.4738 1.0000 0.0000
vt 0.4885 1.0000 0.0000
vt 0.4886 1.0000 0.0000
vt 0.4928 1.0000 0.0000
vt 0.4927 1.0000 0.0000
vt 0.4884 1.0000 0.0000
vt 0.4737 1.0000 0.0000
vt 0.3659 1.0000 0.0000
vt 0.3616 1.0000 0.0000
vt 0.3770 1.0000 0.0000
vt 0.3813 1.0000 0.0000
vt 0.3856 1.0000 0.0000
vt 0.3572 1.0000 0.0000
vt 0.3668 1.0000 0.0000
vt 0.3792 1.0000 0.0000
vt 0.4944 1.0000 0.0000
vt 0.4903 1.0000 0.0000
vt 0.4975 1.0000 0.0000
vt 0.4863 1.0000 0.0000
vt 0.4832 1.0000 0.0000
vt 0.4800 1.0000 0.0000
vt 0.5007 1.0000 0.0000
vt 0.4119 1.0000 0.0000
vt 0.4039 1.0000 0.0000
vt 0.4182 1.0000 0.0000
vt 0.3959 1.0000 0.0000
vt 0.3896 1.0000 0.0000
vt 0.3833 1.0000 0.0000
vt 0.4245 1.0000 0.0000
vt 0.4618 1.0000 0.0000
vt 0.3955 1.0000 0.0000
vt 0.3962 1.0000 0.0000
vt 0.4616 1.0000 0.0000
vt 0.4835 1.0000 0.0000
vt 0.4837 1.0000 0.0000
vt 0.4843 1.0000 0.0000
vt 0.3624 1.0000 0.0000
vt 0.3823 1.0000 0.0000
vt 0.3730 1.0000 0.0000
vt 0.3726 1.0000 0.0000
vt 0.4834 1.0000 0.0000
vt 0.4833 1.0000 0.0000
vt 0.4857 1.0000 0.0000
vt 0.4758 1.0000 0.0000
vt 0.4912 1.0000 0.0000
vt 0.4956 1.0000 0.0000
vt 0.4999 1.0000 0.0000
vt 0.4715 1.0000 0.0000
vt 0.4155 1.0000 0.0000
vt 0.4053 1.0000 0.0000
vt 0.4416 1.0000 0.0000
vt 0.4518 1.0000 0.0000
vt 0.4620 1.0000 0.0000
vt 0.3951 1.0000 0.0000
vt 0.4613 1.0000 0.0000
vt 0.4533 1.0000 0.0000
vt 0.4676 1.0000 0.0000
vt 0.4452 1.0000 0.0000
vt 0.4390 1.0000 0.0000
vt 0.4327 1.0000 0.0000
vt 0.4739 1.0000 0.0000
vt 0.3708 1.0000 0.0000
vt 0.3740 1.0000 0.0000
vt 0.3628 1.0000 0.0000
vt 0.3596 1.0000 0.0000
vt 0.3565 1.0000 0.0000
vt 0.3771 1.0000 0.0000
vt 0.4887 1.0000 0.0000
vt 0.4742 1.0000 0.0000
vt 0.4890 1.0000 0.0000
vt 0.4779 1.0000 0.0000
vt 0.3722 1.0000 0.0000
vt 0.3718 1.0000 0.0000
vt 0.4040 1.0000 0.0000
vt 0.4117 1.0000 0.0000
vt 0.4181 1.0000 0.0000
vt 0.4170 1.0000 0.0000
vt 0.4201 1.0000 0.0000
vt 0.4896 1.0000 0.0000
vt 0.4745 1.0000 0.0000
vt 0.4941 1.0000 0.0000
vt 0.3676 1.0000 0.0000
vt 0.3834 1.0000 0.0000
vt 0.3677 1.0000 0.0000
vt 0.4847 1.0000 0.0000
vt 0.4531 1.0000 0.0000
vt 0.4527 1.0000 0.0000
vt 0.4883 1.0000 0.0000
vt 0.4925 1.0000 0.0000
vt 0.4736 1.0000 0.0000
vt 0.4878 1.0000 0.0000
vt 0.4920 1.0000 0.0000
vt 0.4874 1.0000 0.0000
vt 0.4919 1.0000 0.0000
vt 0.4733 1.0000 0.0000
vt 0.4766 1.0000 0.0000
vt 0.4880 1.0000 0.0000
vt 0.4877 1.0000 0.0000
vt 0.4990 1.0000 0.0000
vt 0.4764 1.0000 0.0000
vt 0.4762 1.0000 0.0000
vt 0.4986 1.0000 0.0000
vt 0.4888 1.0000 0.0000
vt 0.4965 1.0000 0.0000
vt 0.4813 1.0000 0.0000
vt 0.4284 1.0000 0.0000
vt 0.3958 1.0000 0.0000
vt 0.4604 1.0000 0.0000
vt 0.3968 1.0000 0.0000
vt 0.3973 1.0000 0.0000
vt 0.4598 1.0000 0.0000
vt 0.4593 1.0000 0.0000
vt 0.3978 1.0000 0.0000
vt 0.3976 1.0000 0.0000
vt 0.4595 1.0000 0.0000
vt 0.4655 1.0000 0.0000
vt 0.3917 1.0000 0.0000
vt 0.4036 1.0000 0.0000
vt 0.4535 1.0000 0.0000
vt 0.4044 1.0000 0.0000
vt 0.4045 1.0000 0.0000
vt 0.3835 1.0000 0.0000
vt 0.3838 1.0000 0.0000
vt 0.4046 1.0000 0.0000
vt 0.4048 1.0000 0.0000
vt 0.3842 1.0000 0.0000
vt 0.3846 1.0000 0.0000
vt 0.4050 1.0000 0.0000
vt 0.4051 1.0000 0.0000
vt 0.3809 1.0000 0.0000
vt 0.4047 1.0000 0.0000
vt 0.4043 1.0000 0.0000
vt 0.4202 1.0000 0.0000
vt 0.3884 1.0000 0.0000
vt 0.3736 1.0000 0.0000
vt 0.3638 1.0000 0.0000
vt 0.3746 1.0000 0.0000
vt 0.3652 1.0000 0.0000
vt 0.3754 1.0000 0.0000
vt 0.3660 1.0000 0.0000
vt 0.3762 1.0000 0.0000
vt 0.3763 1.0000 0.0000
vt 0.3666 1.0000 0.0000
vt 0.3748 1.0000 0.0000
vt 0.3585 1.0000 0.0000
vt 0.3732 1.0000 0.0000
vt 0.3622 1.0000 0.0000
vt 0.3843 1.0000 0.0000
vt 0.4831 1.0000 0.0000
vt 0.4826 1.0000 0.0000
vt 0.4820 1.0000 0.0000
vt 0.4819 1.0000 0.0000
vt 0.4817 1.0000 0.0000
vt 0.4839 1.0000 0.0000
vt 0.4728 1.0000 0.0000
vt 0.4949 1.0000 0.0000
vt 0.3687 1.0000 0.0000
vt 0.3693 1.0000 0.0000
vt 0.3700 1.0000 0.0000
vt 0.3706 1.0000 0.0000
vt 0.3697 1.0000 0.0000
vt 0.3683 1.0000 0.0000
vt 0.3759 1.0000 0.0000
vt 0.3607 1.0000 0.0000
vt 0.4526 1.0000 0.0000
vt 0.4525 1.0000 0.0000
vt 0.4524 1.0000 0.0000
vt 0.4528 1.0000 0.0000
vt 0.4369 1.0000 0.0000
vt 0.5013 1.0000 0.0000
vt 0.4793 1.0000 0.0000
vt 0.4786 1.0000 0.0000
vt 0.4901 1.0000 0.0000
vt 0.5020 1.0000 0.0000
vt 0.4893 1.0000 0.0000
vt 0.4936 1.0000 0.0000
vt 0.4783 1.0000 0.0000
vt 0.3928 1.0000 0.0000
vt 0.4643 1.0000 0.0000
vt 0.4666 1.0000 0.0000
vt 0.3905 1.0000 0.0000
vt 0.3895 1.0000 0.0000
vt 0.4677 1.0000 0.0000
vt 0.4259 1.0000 0.0000
vt 0.3819 1.0000 0.0000
vt 0.3805 1.0000 0.0000
vt 0.4273 1.0000 0.0000
vt 0.4279 1.0000 0.0000
vt 0.3798 1.0000 0.0000
vt 0.3562 1.0000 0.0000
vt 0.3866 1.0000 0.0000
vt 0.3876 1.0000 0.0000
vt 0.3552 1.0000 0.0000
vt 0.3627 1.0000 0.0000
vt 0.3880 1.0000 0.0000
vt 0.4705 1.0000 0.0000
vt 0.5010 1.0000 0.0000
vt 0.4856 1.0000 0.0000
vt 0.4696 1.0000 0.0000
vt 0.4691 1.0000 0.0000
vt 0.3779 1.0000 0.0000
vt 0.3558 1.0000 0.0000
vt 0.3670 1.0000 0.0000
vt 0.3789 1.0000 0.0000
vt 0.4753 1.0000 0.0000
vt 0.4312 1.0000 0.0000
vt 0.4767 1.0000 0.0000
vt 0.4773 1.0000 0.0000
vt 0.4292 1.0000 0.0000
vt 0.4532 1.0000 0.0000
vt 0.4455 1.0000 0.0000
vt 0.4373 1.0000 0.0000
vt 0.4410 1.0000 0.0000
vt 0.4516 1.0000 0.0000
vt 0.4450 1.0000 0.0000
vt 0.4590 1.0000 0.0000
vt 0.4487 1.0000 0.0000
vt 0.4660 1.0000 0.0000
vt 0.4513 1.0000 0.0000
vt 0.4710 1.0000 0.0000
vt 0.4296 1.0000 0.0000
vt 0.4288 1.0000 0.0000
vt 0.4139 1.0000 0.0000
vt 0.4391 1.0000 0.0000
vt 0.4437 1.0000 0.0000
vt 0.4290 1.0000 0.0000
vt 0.4084 1.0000 0.0000
vt 0.4293 1.0000 0.0000
vt 0.4029 1.0000 0.0000
vt 0.4602 1.0000 0.0000
vt 0.4295 1.0000 0.0000
vt 0.3987 1.0000 0.0000
vt 0.3961 1.0000 0.0000
vt 0.4612 1.0000 0.0000
vt 0.4058 1.0000 0.0000
vt 0.4052 1.0000 0.0000
vt 0.4062 1.0000 0.0000
vt 0.3870 1.0000 0.0000
vt 0.3886 1.0000 0.0000
vt 0.3945 1.0000 0.0000
vt 0.3790 1.0000 0.0000
vt 0.3871 1.0000 0.0000
vt 0.3766 1.0000 0.0000
vt 0.3688 1.0000 0.0000
vt 0.3719 1.0000 0.0000
vt 0.3691 1.0000 0.0000
vt 0.3644 1.0000 0.0000
vt 0.4102 1.0000 0.0000
vt 0.3938 1.0000 0.0000
vt 0.3777 1.0000 0.0000
vt 0.3742 1.0000 0.0000
vt 0.4482 1.0000 0.0000
vt 0.4545 1.0000 0.0000
vt 0.4509 1.0000 0.0000
vt 0.4601 1.0000 0.0000
vt 0.4647 1.0000 0.0000
vt 0.4746 1.0000 0.0000
vt 0.5014 1.0000 0.0000
vt 0.4845 1.0000 0.0000
vt 0.4931 1.0000 0.0000
vt 0.4158 1.0000 0.0000
vt 0.4115 1.0000 0.0000
vt 0.4079 1.0000 0.0000
vt 0.4042 1.0000 0.0000
vt 0.4508 1.0000 0.0000
vt 0.4585 1.0000 0.0000
vt 0.4689 1.0000 0.0000
vt 0.4787 1.0000 0.0000
vt 0.4859 1.0000 0.0000
vt 0.4138 1.0000 0.0000
vt 0.4121 1.0000 0.0000
vt 0.4322 1.0000 0.0000
vt 0.4477 1.0000 0.0000
vt 0.4475 1.0000 0.0000
vt 0.4343 1.0000 0.0000
vt 0.4370 1.0000 0.0000
vt 0.4075 1.0000 0.0000
vt 0.4089 1.0000 0.0000
vt 1.0000 0.5702 0.0000
vt 1.0000 0.7851 0.0000
vt 0.9844 0.7851 0.0000
vt 0.9844 0.6359 0.0000
vt 0.9844 0.9343 0.0000
vt 0.9688 0.9284 0.0000
vt 0.9688 0.7851 0.0000
vt 0.9688 0.6419 0.0000
vt 0.9531 0.7851 0.0000
vt 0.9531 0.6419 0.0000
vt 0.9531 0.9284 0.0000
vt 0.9375 0.9284 0.0000
vt 0.9375 0.7851 0.0000
vt 0.9375 0.6419 0.0000
vt 0.9219 0.7866 0.0000
vt 0.9219 0.6419 0.0000
vt 0.9219 0.9343 0.0000
vt 0.9062 1.0000 0.0000
vt 0.9063 0.7926 0.0000
vt 0.9063 0.6419 0.0000
vt 0.8906 0.7941 0.0000
vt 0.8906 0.6419 0.0000
vt 0.8906 1.0000 0.0000
vt 0.8750 1.0000 0.0000
vt 0.8750 0.7926 0.0000
vt 0.8750 0.6419 0.0000
vt 0.8594 0.7866 0.0000
vt 0.8594 0.6419 0.0000
vt 0.8594 0.9343 0.0000
vt 0.8438 0.9284 0.0000
vt 0.8438 0.7851 0.0000
vt 0.8438 0.6419 0.0000
vt 0.8281 0.7851 0.0000
vt 0.8281 0.6419 0.0000
vt 0.8281 0.9284 0.0000
vt 0.8125 0.9284 0.0000
vt 0.8125 0.7851 0.0000
vt 0.8125 0.6419 0.0000
vt 0.7969 0.7866 0.0000
vt 0.7969 0.6419 0.0000
vt 0.7969 0.9343 0.0000
vt 0.7812 1.0000 0.0000
vt 0.7813 0.7926 0.0000
vt 0.7813 0.6419 0.0000
vt 0.7656 0.7941 0.0000
vt 0.7656 0.6419 0.0000
vt 0.7656 1.0000 0.0000
vt 0.7500 1.0000 0.0000
vt 0.7500 0.7926 0.0000
vt 0.7500 0.6419 0.0000
vt 0.7344 0.7866 0.0000
vt 0.7344 0.6419 0.0000
vt 0.7344 0.9343 0.0000
vt 0.7188 0.9284 0.0000
vt 0.7188 0.7851 0.0000
vt 0.7188 0.6419 0.0000
vt 0.7031 0.7851 0.0000
vt 0.7031 0.6419 0.0000
vt 0.7031 0.9284 0.0000
vt 0.6875 0.9284 0.0000
vt 0.6875 0.7851 0.0000
vt 0.6875 0.6419 0.0000
vt 0.6719 0.7851 0.0000
vt 0.6719 0.6419 0.0000
vt 0.6719 0.9284 0.0000
vt 0.6563 0.9284 0.0000
vt 0.6563 0.7851 0.0000
vt 0.6563 0.6419 0.0000
vt 0.6406 0.7866 0.0000
vt 0.6406 0.6419 0.0000
vt 0.6406 0.9343 0.0000
vt 0.6250 1.0000 0.0000
vt 0.6250 0.7926 0.0000
vt 0.6250 0.6419 0.0000
vt 0.6094 0.7941 0.0000
vt 0.6094 0.6419 0.0000
vt 0.6094 1.0000 0.0000
vt 0.5938 1.0000 0.0000
vt 0.5938 0.7926 0.0000
vt 0.5938 0.6419 0.0000
vt 0.5781 0.7866 0.0000
vt 0.5781 0.6419 0.0000
vt 0.5781 0.9343 0.0000
vt 0.5625 0.9284 0.0000
vt 0.5625 0.7851 0.0000
vt 0.5625 0.6419 0.0000
vt 0.5469 0.7851 0.0000
vt 0.5469 0.6419 0.0000
vt 0.5469 0.9284 0.0000
vt 0.5313 0.9284 0.0000
vt 0.5313 0.7851 0.0000
vt 0.5313 0.6419 0.0000
vt 0.5156 0.7851 0.0000
vt 0.5156 0.6419 0.0000
vt 0.5156 0.9284 0.0000
vt 0.5000 0.9284 0.0000
vt 0.5000 0.7851 0.0000
vt 0.5000 0.6419 0.0000
vt 0.4844 0.7851 0.0000
vt 0.4844 0.6419 0.0000
vt 0.4844 0.9284 0.0000
vt 0.4688 0.9284 0.0000
vt 0.4687 0.7851 0.0000
vt 0.4688 0.6419 0.0000
vt 0.4531 0.7851 0.0000
vt 0.4531 0.6419 0.0000
vt 0.4531 0.9284 0.0000
vt 0.4375 0.9284 0.0000
vt 0.4375 0.7851 0.0000
vt 0.4375 0.6419 0.0000
vt 0.4219 0.7851 0.0000
vt 0.4219 0.6419 0.0000
vt 0.4219 0.9284 0.0000
vt 0.4063 0.9284 0.0000
vt 0.4063 0.7851 0.0000
vt 0.4063 0.6419 0.0000
vt 0.3906 0.7851 0.0000
vt 0.3906 0.6419 0.0000
vt 0.3906 0.9284 0.0000
vt 0.3750 0.9284 0.0000
vt 0.3750 0.7851 0.0000
vt 0.3750 0.6419 0.0000
vt 0.3594 0.7851 0.0000
vt 0.3594 0.6419 0.0000
vt 0.3594 0.9284 0.0000
vt 0.3438 0.9284 0.0000
vt 0.3438 0.7851 0.0000
vt 0.3438 0.6419 0.0000
vt 0.3281 0.7851 0.0000
vt 0.3281 0.6419 0.0000
vt 0.3281 0.9284 0.0000
vt 0.3125 0.9284 0.0000
vt 0.3125 0.7851 0.0000
vt 0.3125 0.6419 0.0000
vt 0.2969 0.7866 0.0000
vt 0.2969 0.6419 0.0000
vt 0.2969 0.9343 0.0000
vt 0.2812 1.0000 0.0000
vt 0.2812 0.7926 0.0000
vt 0.2812 0.6419 0.0000
vt 0.2656 0.7941 0.0000
vt 0.2656 0.6419 0.0000
vt 0.2656 1.0000 0.0000
vt 0.2500 1.0000 0.0000
vt 0.2500 0.7926 0.0000
vt 0.2500 0.6419 0.0000
vt 0.2344 0.7866 0.0000
vt 0.2344 0.6419 0.0000
vt 0.2344 0.9343 0.0000
vt 0.2188 0.9284 0.0000
vt 0.2188 0.7851 0.0000
vt 0.2188 0.6419 0.0000
vt 0.2031 0.7851 0.0000
vt 0.2031 0.6419 0.0000
vt 0.2031 0.9284 0.0000
vt 0.1875 0.9284 0.0000
vt 0.1875 0.7851 0.0000
vt 0.1875 0.6419 0.0000
vt 0.1719 0.7851 0.0000
vt 0.1719 0.6419 0.0000
vt 0.1719 0.9284 0.0000
vt 0.1563 0.9284 0.0000
vt 0.1563 0.7851 0.0000
vt 0.1563 0.6419 0.0000
vt 0.1406 0.7851 0.0000
vt 0.1406 0.6419 0.0000
vt 0.1406 0.9284 0.0000
vt 0.1250 0.9284 0.0000
vt 0.1250 0.7851 0.0000
vt 0.1250 0.6419 0.0000
vt 0.1094 0.7851 0.0000
vt 0.1094 0.6419 0.0000
vt 0.1094 0.9284 0.0000
vt 0.0938 0.9284 0.0000
vt 0.0938 0.7851 0.0000
vt 0.0938 0.6419 0.0000
vt 0.0781 0.7851 0.0000
vt 0.0781 0.6419 0.0000
vt 0.0781 0.9284 0.0000
vt 0.0625 0.9284 0.0000
vt 0.0625 0.7851 0.0000
vt 0.0625 0.6419 0.0000
vt 0.2965 0.0161 0.0000
vt 0.2734 0.0127 0.0000
vt 0.2500 0.0115 0.0000
vt 0.0469 0.7851 0.0000
vt 0.0469 0.6419 0.0000
vt 0.0469 0.9284 0.0000
vt 0.0313 0.9284 0.0000
vt 0.0313 0.7851 0.0000
vt 0.0313 0.6419 0.0000
vt 0.0156 0.7851 0.0000
vt 0.0156 0.6359 0.0000
vt 0.0156 0.9343 0.0000
vt 0.0000 0.7851 0.0000
vt 0.0000 0.5702 0.0000
vt 0.0156 0.5765 0.0000
vt 0.0313 0.5777 0.0000
vt 0.0156 0.5595 0.0000
vt 0.0313 0.5585 0.0000
vt 0.4219 0.5777 0.0000
vt 0.4375 0.5777 0.0000
vt 0.4062 0.5777 0.0000
vt 0.4063 0.5585 0.0000
vt 0.4219 0.5585 0.0000
vt 0.4375 0.5585 0.0000
vt 0.8281 0.5777 0.0000
vt 0.8438 0.5777 0.0000
vt 0.8125 0.5777 0.0000
vt 0.8125 0.5585 0.0000
vt 0.8281 0.5585 0.0000
vt 0.8438 0.5585 0.0000
vt 0.3906 0.5777 0.0000
vt 0.3750 0.5777 0.0000
vt 0.3750 0.5585 0.0000
vt 0.3906 0.5585 0.0000
vt 0.7969 0.5777 0.0000
vt 0.7813 0.5777 0.0000
vt 0.7813 0.5585 0.0000
vt 0.7969 0.5585 0.0000
vt 0.3594 0.5777 0.0000
vt 0.3438 0.5777 0.0000
vt 0.3438 0.5585 0.0000
vt 0.3594 0.5585 0.0000
vt 0.7656 0.5777 0.0000
vt 0.7500 0.5777 0.0000
vt 0.7500 0.5585 0.0000
vt 0.7656 0.5585 0.0000
vt 0.3281 0.5777 0.0000
vt 0.3125 0.5777 0.0000
vt 0.3125 0.5585 0.0000
vt 0.3281 0.5585 0.0000
vt 0.7344 0.5777 0.0000
vt 0.7188 0.5777 0.0000
vt 0.7188 0.5585 0.0000
vt 0.7344 0.5585 0.0000
vt 0.2969 0.5777 0.0000
vt 0.2813 0.5777 0.0000
vt 0.2813 0.5585 0.0000
vt 0.2969 0.5585 0.0000
vt 0.7031 0.5777 0.0000
vt 0.6875 0.5777 0.0000
vt 0.6875 0.5585 0.0000
vt 0.7031 0.5585 0.0000
vt 0.2656 0.5777 0.0000
vt 0.2500 0.5777 0.0000
vt 0.2500 0.5585 0.0000
vt 0.2656 0.5585 0.0000
vt 0.6719 0.5777 0.0000
vt 0.6562 0.5777 0.0000
vt 0.6562 0.5585 0.0000
vt 0.6719 0.5585 0.0000
vt 0.2344 0.5777 0.0000
vt 0.2188 0.5777 0.0000
vt 0.2188 0.5585 0.0000
vt 0.2344 0.5585 0.0000
vt 0.6406 0.5777 0.0000
vt 0.6250 0.5777 0.0000
vt 0.6250 0.5585 0.0000
vt 0.6406 0.5585 0.0000
vt 0.2031 0.5777 0.0000
vt 0.1875 0.5777 0.0000
vt 0.1875 0.5585 0.0000
vt 0.2031 0.5585 0.0000
vt 0.6094 0.5777 0.0000
vt 0.5938 0.5777 0.0000
vt 0.5938 0.5585 0.0000
vt 0.6094 0.5585 0.0000
vt 0.1719 0.5777 0.0000
vt 0.1563 0.5777 0.0000
vt 0.1563 0.5585 0.0000
vt 0.1719 0.5585 0.0000
vt 0.5781 0.5777 0.0000
vt 0.5625 0.5777 0.0000
vt 0.5625 0.5585 0.0000
vt 0.5781 0.5585 0.0000
vt 0.9844 0.5765 0.0000
vt 0.9688 0.5777 0.0000
vt 0.9688 0.5585 0.0000
vt 0.9844 0.5595 0.0000
vt 0.1406 0.5777 0.0000
vt 0.1250 0.5777 0.0000
vt 0.1250 0.5585 0.0000
vt 0.1406 0.5585 0.0000
vt 0.5469 0.5777 0.0000
vt 0.5313 0.5777 0.0000
vt 0.5313 0.5585 0.0000
vt 0.5469 0.5585 0.0000
vt 0.9531 0.5777 0.0000
vt 0.9375 0.5777 0.0000
vt 0.9375 0.5585 0.0000
vt 0.9531 0.5585 0.0000
vt 0.1094 0.5777 0.0000
vt 0.0938 0.5777 0.0000
vt 0.0938 0.5585 0.0000
vt 0.1094 0.5585 0.0000
vt 0.5156 0.5777 0.0000
vt 0.5000 0.5777 0.0000
vt 0.5000 0.5585 0.0000
vt 0.5156 0.5585 0.0000
vt 0.9219 0.5777 0.0000
vt 0.9063 0.5777 0.0000
vt 0.9063 0.5585 0.0000
vt 0.9219 0.5585 0.0000
vt 0.0781 0.5777 0.0000
vt 0.0625 0.5777 0.0000
vt 0.0625 0.5585 0.0000
vt 0.0781 0.5585 0.0000
vt 0.4844 0.5777 0.0000
vt 0.4688 0.5777 0.0000
vt 0.4688 0.5585 0.0000
vt 0.4844 0.5585 0.0000
vt 0.8906 0.5777 0.0000
vt 0.8750 0.5777 0.0000
vt 0.8750 0.5585 0.0000
vt 0.8906 0.5585 0.0000
vt 0.0469 0.5777 0.0000
vt 0.0469 0.5585 0.0000
vt 0.4531 0.5777 0.0000
vt 0.4531 0.5585 0.0000
vt 0.8594 0.5777 0.0000
vt 0.8594 0.5585 0.0000
vt 0.0156 0.5339 0.0000
vt 1.0000 0.5351 0.0000
vt 0.9844 0.5339 0.0000
vt 0.9688 0.5336 0.0000
vt 0.9531 0.5336 0.0000
vt 0.9375 0.5336 0.0000
vt 0.9219 0.5336 0.0000
vt 0.9063 0.5336 0.0000
vt 0.8906 0.5336 0.0000
vt 0.8750 0.5336 0.0000
vt 0.8594 0.5336 0.0000
vt 0.8438 0.5336 0.0000
vt 0.8281 0.5336 0.0000
vt 0.8125 0.5336 0.0000
vt 0.7969 0.5336 0.0000
vt 0.7813 0.5336 0.0000
vt 0.7656 0.5336 0.0000
vt 0.7500 0.5336 0.0000
vt 0.7344 0.5336 0.0000
vt 0.7188 0.5336 0.0000
vt 0.7031 0.5336 0.0000
vt 0.6875 0.5336 0.0000
vt 0.6719 0.5336 0.0000
vt 0.6563 0.5336 0.0000
vt 0.6406 0.5336 0.0000
vt 0.6250 0.5336 0.0000
vt 0.6094 0.5336 0.0000
vt 0.5938 0.5336 0.0000
vt 0.5781 0.5336 0.0000
vt 0.5625 0.5336 0.0000
vt 0.5469 0.5336 0.0000
vt 0.5313 0.5336 0.0000
vt 0.5156 0.5336 0.0000
vt 0.5000 0.5336 0.0000
vt 0.4844 0.5336 0.0000
vt 0.4688 0.5336 0.0000
vt 0.4531 0.5336 0.0000
vt 0.4375 0.5336 0.0000
vt 0.4219 0.5336 0.0000
vt 0.4063 0.5336 0.0000
vt 0.3906 0.5336 0.0000
vt 0.3750 0.5336 0.0000
vt 0.3594 0.5336 0.0000
vt 0.3438 0.5336 0.0000
vt 0.3281 0.5336 0.0000
vt 0.3125 0.5336 0.0000
vt 0.2969 0.5336 0.0000
vt 0.2812 0.5336 0.0000
vt 0.2656 0.5336 0.0000
vt 0.2500 0.5336 0.0000
vt 0.2344 0.5336 0.0000
vt 0.2188 0.5336 0.0000
vt 0.2031 0.5336 0.0000
vt 0.1875 0.5336 0.0000
vt 0.1719 0.5336 0.0000
vt 0.1562 0.5336 0.0000
vt 0.1406 0.5336 0.0000
vt 0.1250 0.5336 0.0000
vt 0.1094 0.5336 0.0000
vt 0.0938 0.5336 0.0000
vt 0.0781 0.5336 0.0000
vt 0.0625 0.5336 0.0000
vt 0.0469 0.5336 0.0000
vt 0.0313 0.5336 0.0000
vt 0.0000 0.5351 0.0000
vt 0.1175 0.0517 0.0000
vt 0.1376 0.0397 0.0000
vt 0.1587 0.0297 0.0000
vt 0.7813 1.0000 0.0000
vt 0.3413 0.0297 0.0000
vt 0.3192 0.0218 0.0000
vt 0.7188 1.0000 0.0000
vt 0.7344 1.0000 0.0000
vt 0.3825 0.0517 0.0000
vt 0.3624 0.0397 0.0000
vt 0.2969 1.0000 0.0000
vt 0.3125 1.0000 0.0000
vt 0.4186 0.0814 0.0000
vt 0.4013 0.0657 0.0000
vt 0.0156 1.0000 0.0000
vt 0.0313 1.0000 0.0000
vt 0.4483 0.1175 0.0000
vt 0.4343 0.0987 0.0000
vt 0.6875 1.0000 0.0000
vt 0.7031 1.0000 0.0000
vt 0.4703 0.1587 0.0000
vt 0.4603 0.1376 0.0000
vt 0.4063 1.0000 0.0000
vt 0.4219 1.0000 0.0000
vt 0.4375 1.0000 0.0000
vt 0.4839 0.2035 0.0000
vt 0.4782 0.1808 0.0000
vt 0.1250 1.0000 0.0000
vt 0.1406 1.0000 0.0000
vt 0.1563 1.0000 0.0000
vt 0.4885 0.2500 0.0000
vt 0.4873 0.2266 0.0000
vt 0.6562 1.0000 0.0000
vt 0.6719 1.0000 0.0000
vt 0.6563 1.0000 0.0000
vt 0.4839 0.2965 0.0000
vt 0.4873 0.2734 0.0000
vt 0.6406 1.0000 0.0000
vt 0.4703 0.3413 0.0000
vt 0.4782 0.3192 0.0000
vt 0.4483 0.3825 0.0000
vt 0.4603 0.3624 0.0000
vt 0.2035 0.4839 0.0000
vt 0.2266 0.4873 0.0000
vt 0.2500 0.4885 0.0000
vt 0.5937 1.0000 0.0000
vt 0.4186 0.4186 0.0000
vt 0.4343 0.4013 0.0000
vt 0.1587 0.4703 0.0000
vt 0.1808 0.4782 0.0000
vt 0.9688 1.0000 0.0000
vt 0.9844 1.0000 0.0000
vt 0.3825 0.4483 0.0000
vt 0.4013 0.4343 0.0000
vt 0.1175 0.4483 0.0000
vt 0.1376 0.4603 0.0000
vt 0.3750 1.0000 0.0000
vt 0.3906 1.0000 0.0000
vt 0.3413 0.4703 0.0000
vt 0.3624 0.4603 0.0000
vt 0.0814 0.4186 0.0000
vt 0.0987 0.4343 0.0000
vt 0.0938 1.0000 0.0000
vt 0.1094 1.0000 0.0000
vt 0.4844 0.9910 0.0000
vt 0.4688 0.9910 0.0000
vt 0.5000 0.9910 0.0000
vt 0.4844 1.0000 0.0000
vt 0.4688 1.0000 0.0000
vt 0.9063 1.0000 0.0000
vt 0.0781 0.9910 0.0000
vt 0.0625 0.9910 0.0000
vt 0.0938 0.9910 0.0000
vt 0.0781 1.0000 0.0000
vt 0.0625 1.0000 0.0000
vt 0.3594 0.9910 0.0000
vt 0.3438 0.9910 0.0000
vt 0.3750 0.9910 0.0000
vt 0.3594 1.0000 0.0000
vt 0.3438 1.0000 0.0000
vt 0.9219 0.9925 0.0000
vt 0.9375 0.9910 0.0000
vt 0.9375 1.0000 0.0000
vt 0.9219 1.0000 0.0000
vt 0.5156 0.9910 0.0000
vt 0.5313 0.9910 0.0000
vt 0.5313 1.0000 0.0000
vt 0.9531 0.9910 0.0000
vt 0.9688 0.9910 0.0000
vt 0.9531 1.0000 0.0000
vt 0.2344 0.9925 0.0000
vt 0.2188 0.9910 0.0000
vt 0.2344 1.0000 0.0000
vt 0.2188 1.0000 0.0000
vt 0.5469 0.9910 0.0000
vt 0.5625 0.9910 0.0000
vt 0.5625 1.0000 0.0000
vt 0.5469 1.0000 0.0000
vt 0.5781 0.9925 0.0000
vt 0.5781 1.0000 0.0000
vt 0.1094 0.9910 0.0000
vt 0.1250 0.9910 0.0000
vt 0.3906 0.9910 0.0000
vt 0.4063 0.9910 0.0000
vt 0.9844 0.9925 0.0000
vt 0.2813 1.0000 0.0000
vt 0.6406 0.9925 0.0000
vt 0.6563 0.9910 0.0000
vt 0.6719 0.9910 0.0000
vt 0.6875 0.9910 0.0000
vt 0.1406 0.9910 0.0000
vt 0.1563 0.9910 0.0000
vt 0.4219 0.9910 0.0000
vt 0.4375 0.9910 0.0000
vt 0.7031 0.9910 0.0000
vt 0.7188 0.9910 0.0000
vt 0.0156 0.9925 0.0000
vt 0.0313 0.9910 0.0000
vt 0.2969 0.9925 0.0000
vt 0.3125 0.9910 0.0000
vt 0.7344 0.9925 0.0000
vt 0.1719 0.9910 0.0000
vt 0.1875 0.9910 0.0000
vt 0.1875 1.0000 0.0000
vt 0.1719 1.0000 0.0000
vt 0.4531 0.9910 0.0000
vt 0.7969 0.9925 0.0000
vt 0.8125 0.9910 0.0000
vt 0.8125 1.0000 0.0000
vt 0.7969 1.0000 0.0000
vt 0.0469 0.9910 0.0000
vt 0.0469 1.0000 0.0000
vt 0.3281 0.9910 0.0000
vt 0.3281 1.0000 0.0000
vt 0.8281 0.9910 0.0000
vt 0.8438 0.9910 0.0000
vt 0.8438 1.0000 0.0000
vt 0.8281 1.0000 0.0000
vt 0.8594 0.9925 0.0000
vt 0.8594 1.0000 0.0000
vt 0.2031 0.9910 0.0000
vt 0.2031 1.0000 0.0000
vt 0.2734 0.4873 0.0000
vt 0.2734 0.4874 0.0000
vt 0.2500 0.4886 0.0000
vt 0.2965 0.4839 0.0000
vt 0.2965 0.4840 0.0000
vt 0.2968 0.4854 0.0000
vt 0.2734 0.4877 0.0000
vt 0.2500 0.4900 0.0000
vt 0.0297 0.3413 0.0000
vt 0.0397 0.3624 0.0000
vt 0.0396 0.3624 0.0000
vt 0.0296 0.3413 0.0000
vt 0.0517 0.3825 0.0000
vt 0.0516 0.3826 0.0000
vt 0.0504 0.3833 0.0000
vt 0.0394 0.3626 0.0000
vt 0.0283 0.3418 0.0000
vt 0.0161 0.2965 0.0000
vt 0.0218 0.3192 0.0000
vt 0.0217 0.3192 0.0000
vt 0.0160 0.2965 0.0000
vt 0.0214 0.3193 0.0000
vt 0.0146 0.2968 0.0000
vt 0.0115 0.2500 0.0000
vt 0.0127 0.2734 0.0000
vt 0.0126 0.2734 0.0000
vt 0.0114 0.2500 0.0000
vt 0.0123 0.2734 0.0000
vt 0.0100 0.2500 0.0000
vt 0.0161 0.2035 0.0000
vt 0.0127 0.2266 0.0000
vt 0.0126 0.2266 0.0000
vt 0.0160 0.2035 0.0000
vt 0.0123 0.2266 0.0000
vt 0.0146 0.2032 0.0000
vt 0.0297 0.1587 0.0000
vt 0.0218 0.1808 0.0000
vt 0.0217 0.1808 0.0000
vt 0.0296 0.1587 0.0000
vt 0.0214 0.1807 0.0000
vt 0.0283 0.1582 0.0000
vt 0.0517 0.1175 0.0000
vt 0.0397 0.1376 0.0000
vt 0.0396 0.1376 0.0000
vt 0.0516 0.1174 0.0000
vt 0.0394 0.1374 0.0000
vt 0.0504 0.1167 0.0000
vt 0.0814 0.0814 0.0000
vt 0.0657 0.0987 0.0000
vt 0.0656 0.0987 0.0000
vt 0.0813 0.0813 0.0000
vt 0.0654 0.0985 0.0000
vt 0.0803 0.0803 0.0000
vt 0.0987 0.0657 0.0000
vt 0.0987 0.0656 0.0000
vt 0.1174 0.0516 0.0000
vt 0.0985 0.0654 0.0000
vt 0.1167 0.0504 0.0000
vt 0.1376 0.0396 0.0000
vt 0.1587 0.0296 0.0000
vt 0.1374 0.0394 0.0000
vt 0.1582 0.0283 0.0000
vt 0.2035 0.0161 0.0000
vt 0.1808 0.0218 0.0000
vt 0.1808 0.0217 0.0000
vt 0.2035 0.0160 0.0000
vt 0.1807 0.0214 0.0000
vt 0.2032 0.0146 0.0000
vt 0.2266 0.0127 0.0000
vt 0.2266 0.0126 0.0000
vt 0.2500 0.0114 0.0000
vt 0.2266 0.0123 0.0000
vt 0.2500 0.0100 0.0000
vt 0.2734 0.0126 0.0000
vt 0.2965 0.0160 0.0000
vt 0.2734 0.0123 0.0000
vt 0.2968 0.0146 0.0000
vt 0.3192 0.0217 0.0000
vt 0.3413 0.0296 0.0000
vt 0.3193 0.0214 0.0000
vt 0.3418 0.0283 0.0000
vt 0.3624 0.0396 0.0000
vt 0.3826 0.0516 0.0000
vt 0.3626 0.0394 0.0000
vt 0.3833 0.0504 0.0000
vt 0.0657 0.4013 0.0000
vt 0.3192 0.4782 0.0000
vt 0.4717 0.1582 0.0000
vt 0.4786 0.1807 0.0000
vt 0.4783 0.1808 0.0000
vt 0.4704 0.1587 0.0000
vt 0.4854 0.2032 0.0000
vt 0.4840 0.2035 0.0000
vt 0.4877 0.2266 0.0000
vt 0.4874 0.2266 0.0000
vt 0.4900 0.2500 0.0000
vt 0.4886 0.2500 0.0000
vt 0.4877 0.2734 0.0000
vt 0.4874 0.2734 0.0000
vt 0.4854 0.2968 0.0000
vt 0.4840 0.2965 0.0000
vt 0.4786 0.3193 0.0000
vt 0.4783 0.3192 0.0000
vt 0.4717 0.3418 0.0000
vt 0.4704 0.3413 0.0000
vt 0.4606 0.3626 0.0000
vt 0.4604 0.3624 0.0000
vt 0.4496 0.3833 0.0000
vt 0.4484 0.3826 0.0000
vt 0.2266 0.4877 0.0000
vt 0.2266 0.4874 0.0000
vt 0.2032 0.4854 0.0000
vt 0.2035 0.4840 0.0000
vt 0.4346 0.4015 0.0000
vt 0.4344 0.4013 0.0000
vt 0.4197 0.4197 0.0000
vt 0.4187 0.4187 0.0000
vt 0.1807 0.4786 0.0000
vt 0.1808 0.4783 0.0000
vt 0.1582 0.4717 0.0000
vt 0.1587 0.4704 0.0000
vt 0.4015 0.4346 0.0000
vt 0.4013 0.4344 0.0000
vt 0.3833 0.4496 0.0000
vt 0.3826 0.4484 0.0000
vt 0.1374 0.4606 0.0000
vt 0.1376 0.4604 0.0000
vt 0.1167 0.4496 0.0000
vt 0.1174 0.4484 0.0000
vt 0.3626 0.4606 0.0000
vt 0.3624 0.4604 0.0000
vt 0.3418 0.4717 0.0000
vt 0.3413 0.4704 0.0000
vt 0.0985 0.4346 0.0000
vt 0.0987 0.4344 0.0000
vt 0.0803 0.4197 0.0000
vt 0.0813 0.4187 0.0000
vt 0.3193 0.4786 0.0000
vt 0.3192 0.4783 0.0000
vt 0.0654 0.4015 0.0000
vt 0.0656 0.4013 0.0000
vt 0.2266 0.0125 0.0000
vt 0.3625 0.0395 0.0000
vt 0.4197 0.0803 0.0000
vt 0.4346 0.0985 0.0000
vt 0.4344 0.0987 0.0000
vt 0.4187 0.0813 0.0000
vt 0.4496 0.1167 0.0000
vt 0.4484 0.1174 0.0000
vt 0.4015 0.0654 0.0000
vt 0.4013 0.0656 0.0000
vt 0.2968 0.4852 0.0000
vt 0.2734 0.4875 0.0000
vt 0.2500 0.4898 0.0000
vt 0.3625 0.4605 0.0000
vt 0.4875 0.2734 0.0000
vt 0.4784 0.1807 0.0000
vt 0.4606 0.1374 0.0000
vt 0.4604 0.1376 0.0000
vt 0.2965 0.4838 0.0000
vt 0.2500 0.4884 0.0000
vt 0.2734 0.4872 0.0000
vt 0.2965 0.4837 0.0000
vt 0.2500 0.4883 0.0000
vt 0.2734 0.4871 0.0000
vt 0.0125 0.2266 0.0000
vt 0.0116 0.2500 0.0000
vt 0.2659 0.3431 0.0000
vt 0.2592 0.3438 0.0000
vt 0.2672 0.3430 0.0000
vt 0.2526 0.3445 0.0000
vt 0.2513 0.3446 0.0000
vt 0.2500 0.3447 0.0000
vt 0.2685 0.3429 0.0000
vt 0.3412 0.4703 0.0000
vt 0.3192 0.4781 0.0000
vt 0.3412 0.4702 0.0000
vt 0.3192 0.4780 0.0000
vt 0.3412 0.4701 0.0000
vt 0.1588 0.4701 0.0000
vt 0.1377 0.4601 0.0000
vt 0.1377 0.4602 0.0000
vt 0.1588 0.4702 0.0000
vt 0.1176 0.4481 0.0000
vt 0.1176 0.4482 0.0000
vt 0.1168 0.4494 0.0000
vt 0.1375 0.4604 0.0000
vt 0.1582 0.4715 0.0000
vt 0.3825 0.4482 0.0000
vt 0.3624 0.4602 0.0000
vt 0.3824 0.4482 0.0000
vt 0.3623 0.4602 0.0000
vt 0.3623 0.4601 0.0000
vt 0.3824 0.4481 0.0000
vt 0.4012 0.4343 0.0000
vt 0.4012 0.4342 0.0000
vt 0.4185 0.4185 0.0000
vt 0.4011 0.4342 0.0000
vt 0.0519 0.3824 0.0000
vt 0.0399 0.3623 0.0000
vt 0.0398 0.3623 0.0000
vt 0.0518 0.3824 0.0000
vt 0.0299 0.3412 0.0000
vt 0.0298 0.3412 0.0000
vt 0.0285 0.3418 0.0000
vt 0.0396 0.3625 0.0000
vt 0.0506 0.3832 0.0000
vt 0.4482 0.3825 0.0000
vt 0.4343 0.4012 0.0000
vt 0.4482 0.3824 0.0000
vt 0.4342 0.4012 0.0000
vt 0.4342 0.4011 0.0000
vt 0.4481 0.3824 0.0000
vt 0.4703 0.3412 0.0000
vt 0.4602 0.3624 0.0000
vt 0.4702 0.3412 0.0000
vt 0.4602 0.3623 0.0000
vt 0.4601 0.3623 0.0000
vt 0.4701 0.3412 0.0000
vt 0.4838 0.2965 0.0000
vt 0.4781 0.3192 0.0000
vt 0.4837 0.2965 0.0000
vt 0.4780 0.3192 0.0000
vt 0.0117 0.2500 0.0000
vt 0.0129 0.2266 0.0000
vt 0.0163 0.2035 0.0000
vt 0.0162 0.2035 0.0000
vt 0.0148 0.2032 0.0000
vt 0.0102 0.2500 0.0000
vt 0.4884 0.2500 0.0000
vt 0.4872 0.2734 0.0000
vt 0.4883 0.2500 0.0000
vt 0.4871 0.2734 0.0000
vt 0.4838 0.2035 0.0000
vt 0.4872 0.2266 0.0000
vt 0.4837 0.2035 0.0000
vt 0.4871 0.2266 0.0000
vt 0.0519 0.1176 0.0000
vt 0.0658 0.0989 0.0000
vt 0.0658 0.0988 0.0000
vt 0.0518 0.1176 0.0000
vt 0.0815 0.0815 0.0000
vt 0.0805 0.0805 0.0000
vt 0.0656 0.0986 0.0000
vt 0.0506 0.1168 0.0000
vt 0.4703 0.1588 0.0000
vt 0.4781 0.1808 0.0000
vt 0.4702 0.1588 0.0000
vt 0.4780 0.1808 0.0000
vt 0.4701 0.1588 0.0000
vt 0.4482 0.1175 0.0000
vt 0.4602 0.1376 0.0000
vt 0.4482 0.1176 0.0000
vt 0.4602 0.1377 0.0000
vt 0.4601 0.1377 0.0000
vt 0.4481 0.1176 0.0000
vt 0.1588 0.0299 0.0000
vt 0.1808 0.0220 0.0000
vt 0.1588 0.0298 0.0000
vt 0.2035 0.0163 0.0000
vt 0.2035 0.0162 0.0000
vt 0.2032 0.0148 0.0000
vt 0.1807 0.0217 0.0000
vt 0.1582 0.0285 0.0000
vt 0.4343 0.0988 0.0000
vt 0.4342 0.0988 0.0000
vt 0.4185 0.0815 0.0000
vt 0.4342 0.0989 0.0000
vt 0.3825 0.0518 0.0000
vt 0.4012 0.0657 0.0000
vt 0.3824 0.0518 0.0000
vt 0.4012 0.0658 0.0000
vt 0.4011 0.0658 0.0000
vt 0.3824 0.0519 0.0000
vt 0.2965 0.0163 0.0000
vt 0.3192 0.0220 0.0000
vt 0.2965 0.0162 0.0000
vt 0.3412 0.0299 0.0000
vt 0.3412 0.0298 0.0000
vt 0.3418 0.0285 0.0000
vt 0.3193 0.0217 0.0000
vt 0.2968 0.0148 0.0000
vt 0.3412 0.0297 0.0000
vt 0.3624 0.0398 0.0000
vt 0.3623 0.0398 0.0000
vt 0.3623 0.0399 0.0000
vt 0.3192 0.0219 0.0000
vt 0.4494 0.1168 0.0000
vt 0.4344 0.0986 0.0000
vt 0.4195 0.0805 0.0000
vt 0.2500 0.0116 0.0000
vt 0.2734 0.0128 0.0000
vt 0.2500 0.0117 0.0000
vt 0.2734 0.0129 0.0000
vt 0.1588 0.0297 0.0000
vt 0.2266 0.0128 0.0000
vt 0.2266 0.0129 0.0000
vt 0.4898 0.2500 0.0000
vt 0.4875 0.2266 0.0000
vt 0.4852 0.2032 0.0000
vt 0.1808 0.0219 0.0000
vt 0.4494 0.3832 0.0000
vt 0.4604 0.3625 0.0000
vt 0.4715 0.3418 0.0000
vt 0.1175 0.0518 0.0000
vt 0.1376 0.0398 0.0000
vt 0.1176 0.0518 0.0000
vt 0.1377 0.0398 0.0000
vt 0.1377 0.0399 0.0000
vt 0.1176 0.0519 0.0000
vt 0.0988 0.0657 0.0000
vt 0.0988 0.0658 0.0000
vt 0.0989 0.0658 0.0000
vt 0.3418 0.4715 0.0000
vt 0.3625 0.4604 0.0000
vt 0.3832 0.4494 0.0000
vt 0.0518 0.1175 0.0000
vt 0.0657 0.0988 0.0000
vt 0.0297 0.3412 0.0000
vt 0.0297 0.1588 0.0000
vt 0.0398 0.1376 0.0000
vt 0.0298 0.1588 0.0000
vt 0.0398 0.1377 0.0000
vt 0.0399 0.1377 0.0000
vt 0.0299 0.1588 0.0000
vt 0.0219 0.1808 0.0000
vt 0.0220 0.1808 0.0000
vt 0.0989 0.4342 0.0000
vt 0.0988 0.4342 0.0000
vt 0.0815 0.4185 0.0000
vt 0.0805 0.4195 0.0000
vt 0.0986 0.4344 0.0000
vt 0.0128 0.2266 0.0000
vt 0.0162 0.2965 0.0000
vt 0.0128 0.2734 0.0000
vt 0.0163 0.2965 0.0000
vt 0.0129 0.2734 0.0000
vt 0.0219 0.3192 0.0000
vt 0.0220 0.3192 0.0000
vt 0.0148 0.2968 0.0000
vt 0.0217 0.3193 0.0000
vt 0.0518 0.3825 0.0000
vt 0.0398 0.3624 0.0000
vt 0.0657 0.4012 0.0000
vt 0.0658 0.4012 0.0000
vt 0.0658 0.4011 0.0000
vt 0.2266 0.4871 0.0000
vt 0.2035 0.4837 0.0000
vt 0.2035 0.4838 0.0000
vt 0.2032 0.4852 0.0000
vt 0.2266 0.4875 0.0000
vt 0.1175 0.4482 0.0000
vt 0.0988 0.4343 0.0000
vt 0.0285 0.1582 0.0000
vt 0.0217 0.1807 0.0000
vt 0.1588 0.4703 0.0000
vt 0.1376 0.4602 0.0000
vt 0.1545 0.2105 0.0000
vt 0.1589 0.2013 0.0000
vt 0.1660 0.2051 0.0000
vt 0.1620 0.2135 0.0000
vt 0.1641 0.1926 0.0000
vt 0.1708 0.1971 0.0000
vt 0.1718 0.1977 0.0000
vt 0.1670 0.2056 0.0000
vt 0.1631 0.2140 0.0000
vt 0.1808 0.4781 0.0000
vt 0.1808 0.4780 0.0000
vt 0.1168 0.0506 0.0000
vt 0.0986 0.0656 0.0000
vt 0.2266 0.4872 0.0000
vt 0.2966 0.4840 0.0000
vt 0.3413 0.4705 0.0000
vt 0.3193 0.4784 0.0000
vt 0.3825 0.4484 0.0000
vt 0.4014 0.4345 0.0000
vt 0.4196 0.4196 0.0000
vt 0.4345 0.4014 0.0000
vt 0.4484 0.3825 0.0000
vt 0.4605 0.3625 0.0000
vt 0.4784 0.3193 0.0000
vt 0.4852 0.2968 0.0000
vt 0.4840 0.2034 0.0000
vt 0.4715 0.1582 0.0000
vt 0.4605 0.1375 0.0000
vt 0.4484 0.1175 0.0000
vt 0.4345 0.0986 0.0000
vt 0.4196 0.0804 0.0000
vt 0.4014 0.0655 0.0000
vt 0.3832 0.0506 0.0000
vt 0.3825 0.0516 0.0000
vt 0.3625 0.0396 0.0000
vt 0.3413 0.0295 0.0000
vt 0.3193 0.0216 0.0000
vt 0.2966 0.0159 0.0000
vt 0.2966 0.0160 0.0000
vt 0.2734 0.0124 0.0000
vt 0.2734 0.0125 0.0000
vt 0.2500 0.0102 0.0000
vt 0.1807 0.0216 0.0000
vt 0.1375 0.0395 0.0000
vt 0.1175 0.0516 0.0000
vt 0.0986 0.0655 0.0000
vt 0.0804 0.0804 0.0000
vt 0.0655 0.0986 0.0000
vt 0.0516 0.1175 0.0000
vt 0.0395 0.1375 0.0000
vt 0.0216 0.1807 0.0000
vt 0.0125 0.2734 0.0000
vt 0.0216 0.3193 0.0000
vt 0.0395 0.3625 0.0000
vt 0.0516 0.3825 0.0000
vt 0.0655 0.4014 0.0000
vt 0.0804 0.4196 0.0000
vt 0.0986 0.4345 0.0000
vt 0.1175 0.4484 0.0000
vt 0.1375 0.4605 0.0000
vt 0.1807 0.4784 0.0000
vt 0.3193 0.4783 0.0000
vt 0.4195 0.4195 0.0000
vt 0.4014 0.4344 0.0000
vt 0.4344 0.4014 0.0000
vt 0.4783 0.3193 0.0000
vt 0.4783 0.1807 0.0000
vt 0.4604 0.1375 0.0000
vt 0.4014 0.0656 0.0000
vt 0.1375 0.0396 0.0000
vt 0.0396 0.1375 0.0000
vt 0.0656 0.4014 0.0000
vt 0.1807 0.4783 0.0000
vt 0.2500 0.3533 0.0000
vt 0.2601 0.3528 0.0000
vt 0.2621 0.3730 0.0000
vt 0.2500 0.3736 0.0000
vt 0.2702 0.3513 0.0000
vt 0.2741 0.3712 0.0000
vt 0.2802 0.4020 0.0000
vt 0.2652 0.4042 0.0000
vt 0.2500 0.4050 0.0000
vt 0.2689 0.4417 0.0000
vt 0.2500 0.4426 0.0000
vt 0.2876 0.4389 0.0000
vt 0.2936 0.4690 0.0000
vt 0.2719 0.4723 0.0000
vt 0.2500 0.4733 0.0000
vt 0.2732 0.4852 0.0000
vt 0.2500 0.4864 0.0000
vt 0.2961 0.4818 0.0000
vt 0.2800 0.3489 0.0000
vt 0.2859 0.3683 0.0000
vt 0.2895 0.3455 0.0000
vt 0.2973 0.3642 0.0000
vt 0.3093 0.3932 0.0000
vt 0.2950 0.3983 0.0000
vt 0.3059 0.4343 0.0000
vt 0.3237 0.4279 0.0000
vt 0.3355 0.4563 0.0000
vt 0.3148 0.4637 0.0000
vt 0.3186 0.4762 0.0000
vt 0.3405 0.4684 0.0000
vt 0.2987 0.3411 0.0000
vt 0.3083 0.3590 0.0000
vt 0.3074 0.3359 0.0000
vt 0.3187 0.3528 0.0000
vt 0.3361 0.3788 0.0000
vt 0.3230 0.3867 0.0000
vt 0.3408 0.4198 0.0000
vt 0.3570 0.4101 0.0000
vt 0.3741 0.4357 0.0000
vt 0.3553 0.4470 0.0000
vt 0.3614 0.4585 0.0000
vt 0.3813 0.4465 0.0000
vt 0.3155 0.3299 0.0000
vt 0.3284 0.3455 0.0000
vt 0.3231 0.3231 0.0000
vt 0.3374 0.3374 0.0000
vt 0.3596 0.3596 0.0000
vt 0.3483 0.3698 0.0000
vt 0.3722 0.3989 0.0000
vt 0.3862 0.3862 0.0000
vt 0.4079 0.4079 0.0000
vt 0.3917 0.4226 0.0000
vt 0.3999 0.4327 0.0000
vt 0.4171 0.4171 0.0000
vt 0.3299 0.3155 0.0000
vt 0.3455 0.3284 0.0000
vt 0.3359 0.3074 0.0000
vt 0.3528 0.3187 0.0000
vt 0.3788 0.3361 0.0000
vt 0.3698 0.3483 0.0000
vt 0.3989 0.3722 0.0000
vt 0.4101 0.3570 0.0000
vt 0.4357 0.3741 0.0000
vt 0.4226 0.3917 0.0000
vt 0.4327 0.3999 0.0000
vt 0.4465 0.3813 0.0000
vt 0.3411 0.2987 0.0000
vt 0.3590 0.3083 0.0000
vt 0.3455 0.2895 0.0000
vt 0.3642 0.2973 0.0000
vt 0.3932 0.3093 0.0000
vt 0.3867 0.3230 0.0000
vt 0.4198 0.3408 0.0000
vt 0.4279 0.3237 0.0000
vt 0.4563 0.3355 0.0000
vt 0.4470 0.3553 0.0000
vt 0.4585 0.3614 0.0000
vt 0.4684 0.3405 0.0000
vt 0.3489 0.2800 0.0000
vt 0.3683 0.2859 0.0000
vt 0.3513 0.2702 0.0000
vt 0.3712 0.2741 0.0000
vt 0.4020 0.2802 0.0000
vt 0.3983 0.2950 0.0000
vt 0.4343 0.3059 0.0000
vt 0.4389 0.2876 0.0000
vt 0.4690 0.2936 0.0000
vt 0.4637 0.3148 0.0000
vt 0.4762 0.3186 0.0000
vt 0.4818 0.2961 0.0000
vt 0.3528 0.2601 0.0000
vt 0.3730 0.2621 0.0000
vt 0.3533 0.2500 0.0000
vt 0.3736 0.2500 0.0000
vt 0.4050 0.2500 0.0000
vt 0.4042 0.2652 0.0000
vt 0.4417 0.2689 0.0000
vt 0.4426 0.2500 0.0000
vt 0.4733 0.2500 0.0000
vt 0.4723 0.2719 0.0000
vt 0.4852 0.2732 0.0000
vt 0.4864 0.2500 0.0000
vt 0.3528 0.2399 0.0000
vt 0.3730 0.2379 0.0000
vt 0.3513 0.2298 0.0000
vt 0.3712 0.2259 0.0000
vt 0.4020 0.2198 0.0000
vt 0.4042 0.2348 0.0000
vt 0.4417 0.2311 0.0000
vt 0.4389 0.2124 0.0000
vt 0.4690 0.2064 0.0000
vt 0.4723 0.2281 0.0000
vt 0.4852 0.2268 0.0000
vt 0.4818 0.2039 0.0000
vt 0.3489 0.2200 0.0000
vt 0.3683 0.2141 0.0000
vt 0.3455 0.2105 0.0000
vt 0.3642 0.2027 0.0000
vt 0.3932 0.1907 0.0000
vt 0.3983 0.2050 0.0000
vt 0.4343 0.1941 0.0000
vt 0.4279 0.1763 0.0000
vt 0.4563 0.1645 0.0000
vt 0.4637 0.1852 0.0000
vt 0.4762 0.1814 0.0000
vt 0.4684 0.1595 0.0000
vt 0.3411 0.2013 0.0000
vt 0.3590 0.1917 0.0000
vt 0.3359 0.1926 0.0000
vt 0.3528 0.1813 0.0000
vt 0.3788 0.1639 0.0000
vt 0.3867 0.1770 0.0000
vt 0.4198 0.1592 0.0000
vt 0.4101 0.1430 0.0000
vt 0.4357 0.1259 0.0000
vt 0.4470 0.1447 0.0000
vt 0.4585 0.1386 0.0000
vt 0.4465 0.1187 0.0000
vt 0.3299 0.1845 0.0000
vt 0.3455 0.1716 0.0000
vt 0.3231 0.1769 0.0000
vt 0.3374 0.1626 0.0000
vt 0.3596 0.1404 0.0000
vt 0.3698 0.1517 0.0000
vt 0.3989 0.1278 0.0000
vt 0.3862 0.1138 0.0000
vt 0.4079 0.0921 0.0000
vt 0.4226 0.1083 0.0000
vt 0.4327 0.1001 0.0000
vt 0.4171 0.0829 0.0000
vt 0.3155 0.1701 0.0000
vt 0.3284 0.1545 0.0000
vt 0.3074 0.1641 0.0000
vt 0.3187 0.1472 0.0000
vt 0.3361 0.1212 0.0000
vt 0.3483 0.1302 0.0000
vt 0.3722 0.1011 0.0000
vt 0.3570 0.0899 0.0000
vt 0.3741 0.0643 0.0000
vt 0.3917 0.0774 0.0000
vt 0.3999 0.0673 0.0000
vt 0.3813 0.0535 0.0000
vt 0.2987 0.1589 0.0000
vt 0.3083 0.1410 0.0000
vt 0.2895 0.1545 0.0000
vt 0.2973 0.1358 0.0000
vt 0.3093 0.1068 0.0000
vt 0.3230 0.1133 0.0000
vt 0.3408 0.0802 0.0000
vt 0.3237 0.0721 0.0000
vt 0.3355 0.0437 0.0000
vt 0.3553 0.0530 0.0000
vt 0.3614 0.0415 0.0000
vt 0.3405 0.0316 0.0000
vt 0.2800 0.1511 0.0000
vt 0.2859 0.1317 0.0000
vt 0.2702 0.1487 0.0000
vt 0.2741 0.1288 0.0000
vt 0.2802 0.0980 0.0000
vt 0.2950 0.1017 0.0000
vt 0.3059 0.0657 0.0000
vt 0.2876 0.0611 0.0000
vt 0.2936 0.0310 0.0000
vt 0.3148 0.0363 0.0000
vt 0.3186 0.0238 0.0000
vt 0.2961 0.0182 0.0000
vt 0.2601 0.1472 0.0000
vt 0.2621 0.1270 0.0000
vt 0.2500 0.1467 0.0000
vt 0.2500 0.1264 0.0000
vt 0.2500 0.0950 0.0000
vt 0.2652 0.0958 0.0000
vt 0.2689 0.0583 0.0000
vt 0.2500 0.0574 0.0000
vt 0.2500 0.0267 0.0000
vt 0.2719 0.0277 0.0000
vt 0.2732 0.0148 0.0000
vt 0.2500 0.0136 0.0000
vt 0.2399 0.1472 0.0000
vt 0.2379 0.1270 0.0000
vt 0.2298 0.1487 0.0000
vt 0.2259 0.1288 0.0000
vt 0.2198 0.0980 0.0000
vt 0.2348 0.0958 0.0000
vt 0.2311 0.0583 0.0000
vt 0.2124 0.0611 0.0000
vt 0.2064 0.0310 0.0000
vt 0.2281 0.0277 0.0000
vt 0.2268 0.0148 0.0000
vt 0.2039 0.0182 0.0000
vt 0.2200 0.1511 0.0000
vt 0.2141 0.1317 0.0000
vt 0.2105 0.1545 0.0000
vt 0.2027 0.1358 0.0000
vt 0.1907 0.1068 0.0000
vt 0.2050 0.1017 0.0000
vt 0.1941 0.0657 0.0000
vt 0.1763 0.0721 0.0000
vt 0.1645 0.0437 0.0000
vt 0.1852 0.0363 0.0000
vt 0.1814 0.0238 0.0000
vt 0.1595 0.0316 0.0000
vt 0.2013 0.1589 0.0000
vt 0.1917 0.1410 0.0000
vt 0.1926 0.1641 0.0000
vt 0.1813 0.1472 0.0000
vt 0.1639 0.1212 0.0000
vt 0.1770 0.1133 0.0000
vt 0.1592 0.0802 0.0000
vt 0.1430 0.0899 0.0000
vt 0.1259 0.0643 0.0000
vt 0.1447 0.0530 0.0000
vt 0.1386 0.0415 0.0000
vt 0.1187 0.0535 0.0000
vt 0.1845 0.1701 0.0000
vt 0.1716 0.1545 0.0000
vt 0.1769 0.1769 0.0000
vt 0.1626 0.1626 0.0000
vt 0.1404 0.1404 0.0000
vt 0.1517 0.1302 0.0000
vt 0.1278 0.1011 0.0000
vt 0.1138 0.1138 0.0000
vt 0.0921 0.0921 0.0000
vt 0.1083 0.0774 0.0000
vt 0.1001 0.0673 0.0000
vt 0.0829 0.0829 0.0000
vt 0.1701 0.1845 0.0000
vt 0.1545 0.1716 0.0000
vt 0.1472 0.1813 0.0000
vt 0.1212 0.1639 0.0000
vt 0.1302 0.1517 0.0000
vt 0.1011 0.1278 0.0000
vt 0.0899 0.1430 0.0000
vt 0.0643 0.1259 0.0000
vt 0.0774 0.1083 0.0000
vt 0.0673 0.1001 0.0000
vt 0.0535 0.1187 0.0000
vt 0.1410 0.1917 0.0000
vt 0.1358 0.2027 0.0000
vt 0.1068 0.1907 0.0000
vt 0.1133 0.1770 0.0000
vt 0.0802 0.1592 0.0000
vt 0.0721 0.1763 0.0000
vt 0.0437 0.1645 0.0000
vt 0.0530 0.1447 0.0000
vt 0.0415 0.1386 0.0000
vt 0.0316 0.1595 0.0000
vt 0.1511 0.2200 0.0000
vt 0.1317 0.2141 0.0000
vt 0.1487 0.2298 0.0000
vt 0.1288 0.2259 0.0000
vt 0.0980 0.2198 0.0000
vt 0.1017 0.2050 0.0000
vt 0.0657 0.1941 0.0000
vt 0.0611 0.2124 0.0000
vt 0.0310 0.2064 0.0000
vt 0.0363 0.1852 0.0000
vt 0.0238 0.1814 0.0000
vt 0.0182 0.2039 0.0000
vt 0.1472 0.2399 0.0000
vt 0.1270 0.2379 0.0000
vt 0.1467 0.2500 0.0000
vt 0.1264 0.2500 0.0000
vt 0.0950 0.2500 0.0000
vt 0.0958 0.2348 0.0000
vt 0.0583 0.2311 0.0000
vt 0.0574 0.2500 0.0000
vt 0.0267 0.2500 0.0000
vt 0.0277 0.2281 0.0000
vt 0.0148 0.2268 0.0000
vt 0.0136 0.2500 0.0000
vt 0.1472 0.2601 0.0000
vt 0.1270 0.2621 0.0000
vt 0.1487 0.2702 0.0000
vt 0.1288 0.2741 0.0000
vt 0.0980 0.2802 0.0000
vt 0.0958 0.2652 0.0000
vt 0.0583 0.2689 0.0000
vt 0.0611 0.2876 0.0000
vt 0.0310 0.2936 0.0000
vt 0.0277 0.2719 0.0000
vt 0.0148 0.2732 0.0000
vt 0.0182 0.2961 0.0000
vt 0.1511 0.2800 0.0000
vt 0.1317 0.2859 0.0000
vt 0.1545 0.2895 0.0000
vt 0.1358 0.2973 0.0000
vt 0.1068 0.3093 0.0000
vt 0.1017 0.2950 0.0000
vt 0.0657 0.3059 0.0000
vt 0.0721 0.3237 0.0000
vt 0.0437 0.3355 0.0000
vt 0.0363 0.3148 0.0000
vt 0.0238 0.3186 0.0000
vt 0.0316 0.3405 0.0000
vt 0.1589 0.2987 0.0000
vt 0.1410 0.3083 0.0000
vt 0.1641 0.3074 0.0000
vt 0.1472 0.3187 0.0000
vt 0.1212 0.3361 0.0000
vt 0.1133 0.3230 0.0000
vt 0.0802 0.3408 0.0000
vt 0.0899 0.3570 0.0000
vt 0.0643 0.3741 0.0000
vt 0.0530 0.3553 0.0000
vt 0.0415 0.3614 0.0000
vt 0.0535 0.3813 0.0000
vt 0.1701 0.3155 0.0000
vt 0.1545 0.3284 0.0000
vt 0.1769 0.3231 0.0000
vt 0.1626 0.3374 0.0000
vt 0.1404 0.3596 0.0000
vt 0.1302 0.3483 0.0000
vt 0.1011 0.3722 0.0000
vt 0.1138 0.3862 0.0000
vt 0.0921 0.4079 0.0000
vt 0.0774 0.3917 0.0000
vt 0.0673 0.3999 0.0000
vt 0.0829 0.4171 0.0000
vt 0.1845 0.3299 0.0000
vt 0.1716 0.3455 0.0000
vt 0.1926 0.3359 0.0000
vt 0.1813 0.3528 0.0000
vt 0.1639 0.3788 0.0000
vt 0.1517 0.3698 0.0000
vt 0.1278 0.3989 0.0000
vt 0.1430 0.4101 0.0000
vt 0.1259 0.4357 0.0000
vt 0.1083 0.4226 0.0000
vt 0.1001 0.4327 0.0000
vt 0.1187 0.4465 0.0000
vt 0.2013 0.3411 0.0000
vt 0.1917 0.3590 0.0000
vt 0.2105 0.3455 0.0000
vt 0.2027 0.3642 0.0000
vt 0.1907 0.3932 0.0000
vt 0.1770 0.3867 0.0000
vt 0.1592 0.4198 0.0000
vt 0.1763 0.4279 0.0000
vt 0.1645 0.4563 0.0000
vt 0.1447 0.4470 0.0000
vt 0.1386 0.4585 0.0000
vt 0.1595 0.4684 0.0000
vt 0.2200 0.3489 0.0000
vt 0.2141 0.3683 0.0000
vt 0.2298 0.3513 0.0000
vt 0.2259 0.3712 0.0000
vt 0.2198 0.4020 0.0000
vt 0.2050 0.3983 0.0000
vt 0.1941 0.4343 0.0000
vt 0.2124 0.4389 0.0000
vt 0.2064 0.4690 0.0000
vt 0.1852 0.4637 0.0000
vt 0.1814 0.4762 0.0000
vt 0.2039 0.4818 0.0000
vt 0.2399 0.3528 0.0000
vt 0.2379 0.3730 0.0000
vt 0.2348 0.4042 0.0000
vt 0.2311 0.4417 0.0000
vt 0.2281 0.4723 0.0000
vt 0.2268 0.4852 0.0000
vt 0.2968 0.4855 0.0000
vt 0.2734 0.4878 0.0000
vt 0.2500 0.4901 0.0000
vt 0.2500 0.4888 0.0000
vt 0.2966 0.4842 0.0000
vt 0.3419 0.4718 0.0000
vt 0.3194 0.4786 0.0000
vt 0.3414 0.4706 0.0000
vt 0.3834 0.4496 0.0000
vt 0.3626 0.4607 0.0000
vt 0.3826 0.4485 0.0000
vt 0.3833 0.4495 0.0000
vt 0.4198 0.4198 0.0000
vt 0.4016 0.4347 0.0000
vt 0.4188 0.4188 0.0000
vt 0.4496 0.3834 0.0000
vt 0.4347 0.4016 0.0000
vt 0.4485 0.3826 0.0000
vt 0.4495 0.3833 0.0000
vt 0.4705 0.3413 0.0000
vt 0.4718 0.3419 0.0000
vt 0.4607 0.3626 0.0000
vt 0.4706 0.3414 0.0000
vt 0.4840 0.2966 0.0000
vt 0.4855 0.2968 0.0000
vt 0.4786 0.3194 0.0000
vt 0.4842 0.2966 0.0000
vt 0.4901 0.2500 0.0000
vt 0.4878 0.2734 0.0000
vt 0.4888 0.2500 0.0000
vt 0.4855 0.2032 0.0000
vt 0.4878 0.2266 0.0000
vt 0.4842 0.2034 0.0000
vt 0.4705 0.1587 0.0000
vt 0.4718 0.1581 0.0000
vt 0.4786 0.1806 0.0000
vt 0.4706 0.1586 0.0000
vt 0.4496 0.1166 0.0000
vt 0.4607 0.1374 0.0000
vt 0.4485 0.1174 0.0000
vt 0.4495 0.1167 0.0000
vt 0.4198 0.0802 0.0000
vt 0.4347 0.0984 0.0000
vt 0.4188 0.0812 0.0000
vt 0.3834 0.0504 0.0000
vt 0.4016 0.0653 0.0000
vt 0.3826 0.0515 0.0000
vt 0.3833 0.0505 0.0000
vt 0.3419 0.0282 0.0000
vt 0.3626 0.0393 0.0000
vt 0.3414 0.0294 0.0000
vt 0.2968 0.0145 0.0000
vt 0.3194 0.0214 0.0000
vt 0.2966 0.0158 0.0000
vt 0.2500 0.0099 0.0000
vt 0.2734 0.0122 0.0000
vt 0.2500 0.0112 0.0000
vt 0.2034 0.0160 0.0000
vt 0.2032 0.0145 0.0000
vt 0.2266 0.0122 0.0000
vt 0.2034 0.0158 0.0000
vt 0.1587 0.0295 0.0000
vt 0.1581 0.0282 0.0000
vt 0.1806 0.0214 0.0000
vt 0.1586 0.0294 0.0000
vt 0.1166 0.0504 0.0000
vt 0.1374 0.0393 0.0000
vt 0.1174 0.0515 0.0000
vt 0.1167 0.0505 0.0000
vt 0.0802 0.0802 0.0000
vt 0.0984 0.0653 0.0000
vt 0.0812 0.0812 0.0000
vt 0.0504 0.1166 0.0000
vt 0.0653 0.0984 0.0000
vt 0.0515 0.1174 0.0000
vt 0.0505 0.1167 0.0000
vt 0.0294 0.1586 0.0000
vt 0.0282 0.1581 0.0000
vt 0.0393 0.1374 0.0000
vt 0.0158 0.2034 0.0000
vt 0.0145 0.2032 0.0000
vt 0.0214 0.1806 0.0000
vt 0.0099 0.2500 0.0000
vt 0.0122 0.2266 0.0000
vt 0.0112 0.2500 0.0000
vt 0.0160 0.2966 0.0000
vt 0.0145 0.2968 0.0000
vt 0.0122 0.2734 0.0000
vt 0.0158 0.2966 0.0000
vt 0.0295 0.3413 0.0000
vt 0.0282 0.3419 0.0000
vt 0.0214 0.3194 0.0000
vt 0.0294 0.3414 0.0000
vt 0.0504 0.3834 0.0000
vt 0.0393 0.3626 0.0000
vt 0.0515 0.3826 0.0000
vt 0.0505 0.3833 0.0000
vt 0.0802 0.4198 0.0000
vt 0.0653 0.4016 0.0000
vt 0.0812 0.4188 0.0000
vt 0.1166 0.4496 0.0000
vt 0.0984 0.4347 0.0000
vt 0.1174 0.4485 0.0000
vt 0.1167 0.4495 0.0000
vt 0.1587 0.4705 0.0000
vt 0.1581 0.4718 0.0000
vt 0.1374 0.4607 0.0000
vt 0.1586 0.4706 0.0000
vt 0.2034 0.4840 0.0000
vt 0.2032 0.4855 0.0000
vt 0.1806 0.4786 0.0000
vt 0.2034 0.4842 0.0000
vt 0.2266 0.4878 0.0000
vt 0.3104 0.3236 0.0000
vt 0.3174 0.3174 0.0000
vt 0.3029 0.3292 0.0000
vt 0.3023 0.3282 0.0000
vt 0.3097 0.3227 0.0000
vt 0.3165 0.3165 0.0000
vt 0.3412 0.2777 0.0000
vt 0.3434 0.2686 0.0000
vt 0.3380 0.2865 0.0000
vt 0.3369 0.2860 0.0000
vt 0.3400 0.2773 0.0000
vt 0.3423 0.2684 0.0000
vt 0.3383 0.2162 0.0000
vt 0.3402 0.2226 0.0000
vt 0.3379 0.2150 0.0000
vt 0.3421 0.2290 0.0000
vt 0.3425 0.2303 0.0000
vt 0.3429 0.2315 0.0000
vt 0.3375 0.2138 0.0000
vt 0.3104 0.1764 0.0000
vt 0.3029 0.1708 0.0000
vt 0.3174 0.1826 0.0000
vt 0.3165 0.1835 0.0000
vt 0.3097 0.1773 0.0000
vt 0.3023 0.1718 0.0000
vt 0.2593 0.1552 0.0000
vt 0.2500 0.1547 0.0000
vt 0.2686 0.1566 0.0000
vt 0.2684 0.1577 0.0000
vt 0.2592 0.1564 0.0000
vt 0.2500 0.1559 0.0000
vt 0.1997 0.1700 0.0000
vt 0.2056 0.1669 0.0000
vt 0.1985 0.1706 0.0000
vt 0.2115 0.1637 0.0000
vt 0.2126 0.1631 0.0000
vt 0.2138 0.1625 0.0000
vt 0.1974 0.1713 0.0000
vt 0.1579 0.2290 0.0000
vt 0.1598 0.2226 0.0000
vt 0.1575 0.2303 0.0000
vt 0.1617 0.2162 0.0000
vt 0.1621 0.2150 0.0000
vt 0.1625 0.2138 0.0000
vt 0.1571 0.2315 0.0000
vt 0.2290 0.2814 0.0000
vt 0.2260 0.2792 0.0000
vt 0.2269 0.2782 0.0000
vt 0.2296 0.2806 0.0000
vt 0.2233 0.2767 0.0000
vt 0.2240 0.2760 0.0000
vt 0.2278 0.2722 0.0000
vt 0.2323 0.2715 0.0000
vt 0.2325 0.2761 0.0000
vt 0.1552 0.2593 0.0000
vt 0.1566 0.2686 0.0000
vt 0.1547 0.2500 0.0000
vt 0.1559 0.2500 0.0000
vt 0.1564 0.2592 0.0000
vt 0.1577 0.2684 0.0000
vt 0.1814 0.3150 0.0000
vt 0.1771 0.3098 0.0000
vt 0.1822 0.3160 0.0000
vt 0.1729 0.3046 0.0000
vt 0.1721 0.3036 0.0000
vt 0.1713 0.3026 0.0000
vt 0.1830 0.3170 0.0000
vt 0.2290 0.3421 0.0000
vt 0.2226 0.3402 0.0000
vt 0.2303 0.3425 0.0000
vt 0.2162 0.3383 0.0000
vt 0.2150 0.3379 0.0000
vt 0.2138 0.3375 0.0000
vt 0.2315 0.3429 0.0000
vt 0.3150 0.3186 0.0000
vt 0.3098 0.3229 0.0000
vt 0.3160 0.3178 0.0000
vt 0.3046 0.3271 0.0000
vt 0.3036 0.3279 0.0000
vt 0.3026 0.3287 0.0000
vt 0.3170 0.3170 0.0000
vt 0.3421 0.2710 0.0000
vt 0.3402 0.2774 0.0000
vt 0.3425 0.2697 0.0000
vt 0.3383 0.2838 0.0000
vt 0.3379 0.2850 0.0000
vt 0.3375 0.2862 0.0000
vt 0.3429 0.2685 0.0000
vt 0.3448 0.2407 0.0000
vt 0.3434 0.2314 0.0000
vt 0.3453 0.2500 0.0000
vt 0.3441 0.2500 0.0000
vt 0.3436 0.2408 0.0000
vt 0.3423 0.2316 0.0000
vt 0.3046 0.1729 0.0000
vt 0.3098 0.1771 0.0000
vt 0.3036 0.1721 0.0000
vt 0.3150 0.1814 0.0000
vt 0.3160 0.1822 0.0000
vt 0.3170 0.1830 0.0000
vt 0.3098 0.1772 0.0000
vt 0.3026 0.1713 0.0000
vt 0.2526 0.1556 0.0000
vt 0.2593 0.1562 0.0000
vt 0.2513 0.1554 0.0000
vt 0.2659 0.1569 0.0000
vt 0.2672 0.1570 0.0000
vt 0.2685 0.1571 0.0000
vt 0.2592 0.1562 0.0000
vt 0.2500 0.1553 0.0000
vt 0.2223 0.1588 0.0000
vt 0.2135 0.1620 0.0000
vt 0.2314 0.1566 0.0000
vt 0.2316 0.1577 0.0000
vt 0.2227 0.1600 0.0000
vt 0.2140 0.1631 0.0000
vt 0.1637 0.2115 0.0000
vt 0.1669 0.2056 0.0000
vt 0.1631 0.2126 0.0000
vt 0.1700 0.1997 0.0000
vt 0.1706 0.1985 0.0000
vt 0.1713 0.1974 0.0000
vt 0.1569 0.2659 0.0000
vt 0.1562 0.2589 0.0000
vt 0.1562 0.2591 0.0000
vt 0.1570 0.2672 0.0000
vt 0.1555 0.2520 0.0000
vt 0.1554 0.2510 0.0000
vt 0.1553 0.2500 0.0000
vt 0.1562 0.2592 0.0000
vt 0.1571 0.2685 0.0000
vt 0.1660 0.2949 0.0000
vt 0.1708 0.3029 0.0000
vt 0.1620 0.2865 0.0000
vt 0.1631 0.2860 0.0000
vt 0.1670 0.2944 0.0000
vt 0.1718 0.3023 0.0000
vt 0.2051 0.3340 0.0000
vt 0.2135 0.3380 0.0000
vt 0.1971 0.3292 0.0000
vt 0.1977 0.3282 0.0000
vt 0.2056 0.3330 0.0000
vt 0.2140 0.3369 0.0000
vt 0.3003 0.3300 0.0000
vt 0.2944 0.3331 0.0000
vt 0.3015 0.3294 0.0000
vt 0.2885 0.3363 0.0000
vt 0.2874 0.3369 0.0000
vt 0.2862 0.3375 0.0000
vt 0.3363 0.2885 0.0000
vt 0.3331 0.2944 0.0000
vt 0.3369 0.2874 0.0000
vt 0.3300 0.3003 0.0000
vt 0.3294 0.3015 0.0000
vt 0.3287 0.3026 0.0000
vt 0.3431 0.2341 0.0000
vt 0.3438 0.2408 0.0000
vt 0.3430 0.2328 0.0000
vt 0.3445 0.2474 0.0000
vt 0.3446 0.2487 0.0000
vt 0.3447 0.2500 0.0000
vt 0.3186 0.1850 0.0000
vt 0.3229 0.1902 0.0000
vt 0.3178 0.1840 0.0000
vt 0.3271 0.1954 0.0000
vt 0.3279 0.1964 0.0000
vt 0.3287 0.1974 0.0000
vt 0.3228 0.1902 0.0000
vt 0.2710 0.1579 0.0000
vt 0.2774 0.1598 0.0000
vt 0.2697 0.1575 0.0000
vt 0.2838 0.1617 0.0000
vt 0.2850 0.1621 0.0000
vt 0.2862 0.1625 0.0000
vt 0.2162 0.1617 0.0000
vt 0.2226 0.1598 0.0000
vt 0.2150 0.1621 0.0000
vt 0.2290 0.1579 0.0000
vt 0.2303 0.1575 0.0000
vt 0.2315 0.1571 0.0000
vt 0.1729 0.1954 0.0000
vt 0.1771 0.1902 0.0000
vt 0.1721 0.1964 0.0000
vt 0.1814 0.1850 0.0000
vt 0.1822 0.1840 0.0000
vt 0.1830 0.1830 0.0000
vt 0.1557 0.2462 0.0000
vt 0.1563 0.2402 0.0000
vt 0.1562 0.2405 0.0000
vt 0.1555 0.2481 0.0000
vt 0.1569 0.2341 0.0000
vt 0.1570 0.2328 0.0000
vt 0.1562 0.2408 0.0000
vt 0.1700 0.3003 0.0000
vt 0.1669 0.2944 0.0000
vt 0.1706 0.3015 0.0000
vt 0.1637 0.2885 0.0000
vt 0.1631 0.2874 0.0000
vt 0.1625 0.2862 0.0000
vt 0.2115 0.3363 0.0000
vt 0.2056 0.3331 0.0000
vt 0.2126 0.3369 0.0000
vt 0.1997 0.3300 0.0000
vt 0.1985 0.3294 0.0000
vt 0.1974 0.3287 0.0000
vt 0.2842 0.3325 0.0000
vt 0.2921 0.3288 0.0000
vt 0.2941 0.3324 0.0000
vt 0.2858 0.3364 0.0000
vt 0.2996 0.3243 0.0000
vt 0.3019 0.3277 0.0000
vt 0.2862 0.3374 0.0000
vt 0.1764 0.1896 0.0000
vt 0.1826 0.1826 0.0000
vt 0.1835 0.1835 0.0000
vt 0.1773 0.1903 0.0000
vt 0.3300 0.1997 0.0000
vt 0.3331 0.2056 0.0000
vt 0.3294 0.1985 0.0000
vt 0.3363 0.2115 0.0000
vt 0.3369 0.2126 0.0000
vt 0.2674 0.1624 0.0000
vt 0.2588 0.1611 0.0000
vt 0.2592 0.1570 0.0000
vt 0.2682 0.1583 0.0000
vt 0.2500 0.1607 0.0000
vt 0.2500 0.1565 0.0000
vt 0.2592 0.1563 0.0000
vt 0.2685 0.1572 0.0000
vt 0.2885 0.1637 0.0000
vt 0.2944 0.1669 0.0000
vt 0.2874 0.1631 0.0000
vt 0.3003 0.1700 0.0000
vt 0.3015 0.1706 0.0000
vt 0.3448 0.2593 0.0000
vt 0.3436 0.2592 0.0000
vt 0.2996 0.1757 0.0000
vt 0.2921 0.1712 0.0000
vt 0.2941 0.1676 0.0000
vt 0.3019 0.1723 0.0000
vt 0.2842 0.1675 0.0000
vt 0.2858 0.1636 0.0000
vt 0.2862 0.1626 0.0000
vt 0.2223 0.3412 0.0000
vt 0.2314 0.3434 0.0000
vt 0.2227 0.3400 0.0000
vt 0.2316 0.3423 0.0000
vt 0.1624 0.2674 0.0000
vt 0.1645 0.2759 0.0000
vt 0.1605 0.2771 0.0000
vt 0.1583 0.2682 0.0000
vt 0.1675 0.2842 0.0000
vt 0.1636 0.2858 0.0000
vt 0.1626 0.2862 0.0000
vt 0.1599 0.2773 0.0000
vt 0.1572 0.2685 0.0000
vt 0.2341 0.1569 0.0000
vt 0.2408 0.1562 0.0000
vt 0.2328 0.1570 0.0000
vt 0.2475 0.1555 0.0000
vt 0.2487 0.1554 0.0000
vt 0.2158 0.3325 0.0000
vt 0.2241 0.3355 0.0000
vt 0.2229 0.3395 0.0000
vt 0.2142 0.3364 0.0000
vt 0.2326 0.3376 0.0000
vt 0.2318 0.3417 0.0000
vt 0.2315 0.3428 0.0000
vt 0.2227 0.3401 0.0000
vt 0.2138 0.3374 0.0000
vt 0.1850 0.1814 0.0000
vt 0.1902 0.1771 0.0000
vt 0.1840 0.1822 0.0000
vt 0.1954 0.1729 0.0000
vt 0.1964 0.1721 0.0000
vt 0.1902 0.1772 0.0000
vt 0.2326 0.1624 0.0000
vt 0.2241 0.1645 0.0000
vt 0.2229 0.1605 0.0000
vt 0.2318 0.1583 0.0000
vt 0.2158 0.1675 0.0000
vt 0.2142 0.1636 0.0000
vt 0.2138 0.1626 0.0000
vt 0.2227 0.1599 0.0000
vt 0.2315 0.1572 0.0000
vt 0.2407 0.1552 0.0000
vt 0.2408 0.1564 0.0000
vt 0.2412 0.1611 0.0000
vt 0.2408 0.1570 0.0000
vt 0.2408 0.1563 0.0000
vt 0.1588 0.2223 0.0000
vt 0.1566 0.2314 0.0000
vt 0.1600 0.2227 0.0000
vt 0.1577 0.2316 0.0000
vt 0.2949 0.1660 0.0000
vt 0.2865 0.1620 0.0000
vt 0.2944 0.1670 0.0000
vt 0.2860 0.1631 0.0000
vt 0.1757 0.2004 0.0000
vt 0.1712 0.2079 0.0000
vt 0.1676 0.2059 0.0000
vt 0.1723 0.1981 0.0000
vt 0.1675 0.2158 0.0000
vt 0.1636 0.2142 0.0000
vt 0.1626 0.2138 0.0000
vt 0.1617 0.2838 0.0000
vt 0.1598 0.2774 0.0000
vt 0.1621 0.2850 0.0000
vt 0.1579 0.2710 0.0000
vt 0.1575 0.2697 0.0000
vt 0.3376 0.2674 0.0000
vt 0.3389 0.2588 0.0000
vt 0.3430 0.2592 0.0000
vt 0.3417 0.2682 0.0000
vt 0.3393 0.2500 0.0000
vt 0.3435 0.2500 0.0000
vt 0.3437 0.2592 0.0000
vt 0.3428 0.2685 0.0000
vt 0.1954 0.3271 0.0000
vt 0.1902 0.3229 0.0000
vt 0.1964 0.3279 0.0000
vt 0.1850 0.3186 0.0000
vt 0.1840 0.3178 0.0000
vt 0.1902 0.3228 0.0000
vt 0.1552 0.2407 0.0000
vt 0.1564 0.2408 0.0000
vt 0.3067 0.3191 0.0000
vt 0.3093 0.3223 0.0000
vt 0.3132 0.3132 0.0000
vt 0.3161 0.3161 0.0000
vt 0.3169 0.3169 0.0000
vt 0.3098 0.3228 0.0000
vt 0.3243 0.2004 0.0000
vt 0.3191 0.1933 0.0000
vt 0.3223 0.1907 0.0000
vt 0.3277 0.1981 0.0000
vt 0.3132 0.1868 0.0000
vt 0.3161 0.1839 0.0000
vt 0.3169 0.1831 0.0000
vt 0.3340 0.2051 0.0000
vt 0.3292 0.1971 0.0000
vt 0.3380 0.2135 0.0000
vt 0.3369 0.2140 0.0000
vt 0.3330 0.2056 0.0000
vt 0.3282 0.1977 0.0000
vt 0.1645 0.2241 0.0000
vt 0.1605 0.2229 0.0000
vt 0.1624 0.2326 0.0000
vt 0.1583 0.2318 0.0000
vt 0.1572 0.2315 0.0000
vt 0.1599 0.2227 0.0000
vt 0.2338 0.2892 0.0000
vt 0.2300 0.2874 0.0000
vt 0.2319 0.2838 0.0000
vt 0.2353 0.2854 0.0000
vt 0.2264 0.2853 0.0000
vt 0.2287 0.2819 0.0000
vt 0.2322 0.2833 0.0000
vt 0.2355 0.2849 0.0000
vt 0.2500 0.3393 0.0000
vt 0.2588 0.3389 0.0000
vt 0.2592 0.3430 0.0000
vt 0.2500 0.3435 0.0000
vt 0.2674 0.3376 0.0000
vt 0.2682 0.3417 0.0000
vt 0.2685 0.3428 0.0000
vt 0.2592 0.3437 0.0000
vt 0.1868 0.3132 0.0000
vt 0.1933 0.3191 0.0000
vt 0.1907 0.3223 0.0000
vt 0.1839 0.3161 0.0000
vt 0.2004 0.3243 0.0000
vt 0.1981 0.3277 0.0000
vt 0.1831 0.3169 0.0000
vt 0.1712 0.2921 0.0000
vt 0.1676 0.2941 0.0000
vt 0.1757 0.2996 0.0000
vt 0.1723 0.3019 0.0000
vt 0.1896 0.1764 0.0000
vt 0.1971 0.1708 0.0000
vt 0.1977 0.1718 0.0000
vt 0.1903 0.1773 0.0000
vt 0.2892 0.2338 0.0000
vt 0.2874 0.2300 0.0000
vt 0.2962 0.2253 0.0000
vt 0.2984 0.2299 0.0000
vt 0.2853 0.2264 0.0000
vt 0.2936 0.2209 0.0000
vt 0.3048 0.2134 0.0000
vt 0.3081 0.2189 0.0000
vt 0.3109 0.2248 0.0000
vt 0.3200 0.2126 0.0000
vt 0.3234 0.2196 0.0000
vt 0.3160 0.2059 0.0000
vt 0.3288 0.2079 0.0000
vt 0.3325 0.2158 0.0000
vt 0.3370 0.2140 0.0000
vt 0.3283 0.1977 0.0000
vt 0.2916 0.2583 0.0000
vt 0.2923 0.2542 0.0000
vt 0.3022 0.2551 0.0000
vt 0.3014 0.2602 0.0000
vt 0.2925 0.2500 0.0000
vt 0.3024 0.2500 0.0000
vt 0.3159 0.2500 0.0000
vt 0.3156 0.2565 0.0000
vt 0.3147 0.2629 0.0000
vt 0.3290 0.2578 0.0000
vt 0.3279 0.2655 0.0000
vt 0.3294 0.2500 0.0000
vt 0.3438 0.2592 0.0000
vt 0.2264 0.2147 0.0000
vt 0.2231 0.2172 0.0000
vt 0.2167 0.2095 0.0000
vt 0.2209 0.2064 0.0000
vt 0.2200 0.2200 0.0000
vt 0.2129 0.2129 0.0000
vt 0.2034 0.2034 0.0000
vt 0.2082 0.1990 0.0000
vt 0.2134 0.1952 0.0000
vt 0.1996 0.1886 0.0000
vt 0.2059 0.1840 0.0000
vt 0.1939 0.1939 0.0000
vt 0.1868 0.1868 0.0000
vt 0.1933 0.1809 0.0000
vt 0.2004 0.1757 0.0000
vt 0.1903 0.1772 0.0000
vt 0.1977 0.1717 0.0000
vt 0.1834 0.1834 0.0000
vt 0.2500 0.2075 0.0000
vt 0.2458 0.2077 0.0000
vt 0.2449 0.1978 0.0000
vt 0.2500 0.1976 0.0000
vt 0.2417 0.2084 0.0000
vt 0.2398 0.1986 0.0000
vt 0.2371 0.1853 0.0000
vt 0.2435 0.1844 0.0000
vt 0.2500 0.1841 0.0000
vt 0.2422 0.1710 0.0000
vt 0.2500 0.1706 0.0000
vt 0.2345 0.1721 0.0000
vt 0.2200 0.2800 0.0000
vt 0.2231 0.2828 0.0000
vt 0.2167 0.2905 0.0000
vt 0.2129 0.2871 0.0000
vt 0.2209 0.2936 0.0000
vt 0.2134 0.3048 0.0000
vt 0.2082 0.3010 0.0000
vt 0.2034 0.2966 0.0000
vt 0.1996 0.3114 0.0000
vt 0.1939 0.3061 0.0000
vt 0.2059 0.3160 0.0000
vt 0.1835 0.3165 0.0000
vt 0.1903 0.3228 0.0000
vt 0.2084 0.2583 0.0000
vt 0.2094 0.2623 0.0000
vt 0.1998 0.2652 0.0000
vt 0.1986 0.2602 0.0000
vt 0.2108 0.2662 0.0000
vt 0.2016 0.2701 0.0000
vt 0.1891 0.2752 0.0000
vt 0.1869 0.2691 0.0000
vt 0.1853 0.2629 0.0000
vt 0.1740 0.2730 0.0000
vt 0.1721 0.2655 0.0000
vt 0.1766 0.2804 0.0000
vt 0.1600 0.2773 0.0000
vt 0.2583 0.2916 0.0000
vt 0.2623 0.2906 0.0000
vt 0.2652 0.3002 0.0000
vt 0.2602 0.3014 0.0000
vt 0.2662 0.2892 0.0000
vt 0.2701 0.2984 0.0000
vt 0.2752 0.3109 0.0000
vt 0.2691 0.3131 0.0000
vt 0.2629 0.3147 0.0000
vt 0.2730 0.3260 0.0000
vt 0.2655 0.3279 0.0000
vt 0.2804 0.3234 0.0000
vt 0.2759 0.3355 0.0000
vt 0.2684 0.3423 0.0000
vt 0.2773 0.3400 0.0000
vt 0.2860 0.3369 0.0000
vt 0.2417 0.2916 0.0000
vt 0.2458 0.2923 0.0000
vt 0.2449 0.3022 0.0000
vt 0.2398 0.3014 0.0000
vt 0.2500 0.2925 0.0000
vt 0.2500 0.3024 0.0000
vt 0.2500 0.3159 0.0000
vt 0.2435 0.3156 0.0000
vt 0.2371 0.3147 0.0000
vt 0.2422 0.3290 0.0000
vt 0.2345 0.3279 0.0000
vt 0.2500 0.3294 0.0000
vt 0.2412 0.3389 0.0000
vt 0.2408 0.3436 0.0000
vt 0.2500 0.3441 0.0000
vt 0.2147 0.2736 0.0000
vt 0.2172 0.2769 0.0000
vt 0.2095 0.2833 0.0000
vt 0.2064 0.2791 0.0000
vt 0.1990 0.2918 0.0000
vt 0.1952 0.2866 0.0000
vt 0.1886 0.3004 0.0000
vt 0.1840 0.2941 0.0000
vt 0.1809 0.3067 0.0000
vt 0.1773 0.3097 0.0000
vt 0.2075 0.2500 0.0000
vt 0.2077 0.2542 0.0000
vt 0.1978 0.2551 0.0000
vt 0.1976 0.2500 0.0000
vt 0.1844 0.2565 0.0000
vt 0.1841 0.2500 0.0000
vt 0.1710 0.2578 0.0000
vt 0.1706 0.2500 0.0000
vt 0.1611 0.2588 0.0000
vt 0.1607 0.2500 0.0000
vt 0.1563 0.2592 0.0000
vt 0.1558 0.2500 0.0000
vt 0.2108 0.2338 0.0000
vt 0.2094 0.2377 0.0000
vt 0.1998 0.2348 0.0000
vt 0.2016 0.2299 0.0000
vt 0.2084 0.2417 0.0000
vt 0.1986 0.2398 0.0000
vt 0.1853 0.2371 0.0000
vt 0.1869 0.2309 0.0000
vt 0.1891 0.2248 0.0000
vt 0.1740 0.2270 0.0000
vt 0.1766 0.2196 0.0000
vt 0.1721 0.2345 0.0000
vt 0.2338 0.2108 0.0000
vt 0.2300 0.2126 0.0000
vt 0.2253 0.2038 0.0000
vt 0.2299 0.2016 0.0000
vt 0.2189 0.1919 0.0000
vt 0.2248 0.1891 0.0000
vt 0.2126 0.1800 0.0000
vt 0.2196 0.1766 0.0000
vt 0.2079 0.1712 0.0000
vt 0.2056 0.1670 0.0000
vt 0.2583 0.2084 0.0000
vt 0.2542 0.2077 0.0000
vt 0.2551 0.1978 0.0000
vt 0.2602 0.1986 0.0000
vt 0.2565 0.1844 0.0000
vt 0.2629 0.1853 0.0000
vt 0.2578 0.1710 0.0000
vt 0.2655 0.1721 0.0000
vt 0.2736 0.2147 0.0000
vt 0.2700 0.2126 0.0000
vt 0.2747 0.2038 0.0000
vt 0.2791 0.2064 0.0000
vt 0.2662 0.2108 0.0000
vt 0.2701 0.2016 0.0000
vt 0.2752 0.1891 0.0000
vt 0.2811 0.1919 0.0000
vt 0.2866 0.1952 0.0000
vt 0.2874 0.1800 0.0000
vt 0.2941 0.1840 0.0000
vt 0.2804 0.1766 0.0000
vt 0.3023 0.1717 0.0000
vt 0.2860 0.1630 0.0000
vt 0.2916 0.2417 0.0000
vt 0.2906 0.2377 0.0000
vt 0.3002 0.2348 0.0000
vt 0.3014 0.2398 0.0000
vt 0.3131 0.2309 0.0000
vt 0.3147 0.2371 0.0000
vt 0.3260 0.2270 0.0000
vt 0.3279 0.2345 0.0000
vt 0.3355 0.2241 0.0000
vt 0.3376 0.2326 0.0000
vt 0.3400 0.2227 0.0000
vt 0.3401 0.2227 0.0000
vt 0.2892 0.2662 0.0000
vt 0.2906 0.2623 0.0000
vt 0.3002 0.2652 0.0000
vt 0.2984 0.2701 0.0000
vt 0.3131 0.2691 0.0000
vt 0.3109 0.2752 0.0000
vt 0.3260 0.2730 0.0000
vt 0.3234 0.2804 0.0000
vt 0.3355 0.2759 0.0000
vt 0.3325 0.2842 0.0000
vt 0.2800 0.2800 0.0000
vt 0.2828 0.2769 0.0000
vt 0.2905 0.2833 0.0000
vt 0.2871 0.2871 0.0000
vt 0.2853 0.2736 0.0000
vt 0.2936 0.2791 0.0000
vt 0.3048 0.2866 0.0000
vt 0.3010 0.2918 0.0000
vt 0.2966 0.2966 0.0000
vt 0.3114 0.3004 0.0000
vt 0.3061 0.3061 0.0000
vt 0.3160 0.2941 0.0000
vt 0.3243 0.2996 0.0000
vt 0.3191 0.3067 0.0000
vt 0.3228 0.3097 0.0000
vt 0.3166 0.3166 0.0000
vt 0.3228 0.3098 0.0000
vt 0.2377 0.2906 0.0000
vt 0.2348 0.3002 0.0000
vt 0.2299 0.2984 0.0000
vt 0.2309 0.3131 0.0000
vt 0.2248 0.3109 0.0000
vt 0.2270 0.3260 0.0000
vt 0.2196 0.3234 0.0000
vt 0.2147 0.2264 0.0000
vt 0.2126 0.2300 0.0000
vt 0.2038 0.2253 0.0000
vt 0.2064 0.2209 0.0000
vt 0.1919 0.2189 0.0000
vt 0.1952 0.2134 0.0000
vt 0.1800 0.2126 0.0000
vt 0.1840 0.2059 0.0000
vt 0.1717 0.1977 0.0000
vt 0.2800 0.2200 0.0000
vt 0.2769 0.2172 0.0000
vt 0.2833 0.2095 0.0000
vt 0.2871 0.2129 0.0000
vt 0.2918 0.1990 0.0000
vt 0.2966 0.2034 0.0000
vt 0.3004 0.1886 0.0000
vt 0.3061 0.1939 0.0000
vt 0.3067 0.1809 0.0000
vt 0.3097 0.1772 0.0000
vt 0.3166 0.1834 0.0000
vt 0.2736 0.2853 0.0000
vt 0.2769 0.2828 0.0000
vt 0.2833 0.2905 0.0000
vt 0.2791 0.2936 0.0000
vt 0.2918 0.3010 0.0000
vt 0.2866 0.3048 0.0000
vt 0.3004 0.3114 0.0000
vt 0.2941 0.3160 0.0000
vt 0.3097 0.3228 0.0000
vt 0.3023 0.3283 0.0000
vt 0.2542 0.2923 0.0000
vt 0.2551 0.3022 0.0000
vt 0.2565 0.3156 0.0000
vt 0.2578 0.3290 0.0000
vt 0.2592 0.3436 0.0000
vt 0.2253 0.2962 0.0000
vt 0.2189 0.3081 0.0000
vt 0.2126 0.3200 0.0000
vt 0.2079 0.3288 0.0000
vt 0.2126 0.2700 0.0000
vt 0.2038 0.2747 0.0000
vt 0.1919 0.2811 0.0000
vt 0.1800 0.2874 0.0000
vt 0.2077 0.2458 0.0000
vt 0.1978 0.2449 0.0000
vt 0.1844 0.2435 0.0000
vt 0.1710 0.2422 0.0000
vt 0.1611 0.2412 0.0000
vt 0.1563 0.2408 0.0000
vt 0.2172 0.2231 0.0000
vt 0.2095 0.2167 0.0000
vt 0.1990 0.2082 0.0000
vt 0.1886 0.1996 0.0000
vt 0.1809 0.1933 0.0000
vt 0.1772 0.1903 0.0000
vt 0.2377 0.2094 0.0000
vt 0.2348 0.1998 0.0000
vt 0.2309 0.1869 0.0000
vt 0.2270 0.1740 0.0000
vt 0.2623 0.2094 0.0000
vt 0.2652 0.1998 0.0000
vt 0.2691 0.1869 0.0000
vt 0.2730 0.1740 0.0000
vt 0.2759 0.1645 0.0000
vt 0.2773 0.1599 0.0000
vt 0.2773 0.1600 0.0000
vt 0.2828 0.2231 0.0000
vt 0.2905 0.2167 0.0000
vt 0.3010 0.2082 0.0000
vt 0.3114 0.1996 0.0000
vt 0.3228 0.1903 0.0000
vt 0.2923 0.2458 0.0000
vt 0.3022 0.2449 0.0000
vt 0.3156 0.2435 0.0000
vt 0.3290 0.2422 0.0000
vt 0.3389 0.2412 0.0000
vt 0.3437 0.2408 0.0000
vt 0.2874 0.2700 0.0000
vt 0.2962 0.2747 0.0000
vt 0.3081 0.2811 0.0000
vt 0.3200 0.2874 0.0000
vt 0.3288 0.2921 0.0000
vt 0.2700 0.2874 0.0000
vt 0.2747 0.2962 0.0000
vt 0.2811 0.3081 0.0000
vt 0.2874 0.3200 0.0000
vt 0.2944 0.3330 0.0000
vt 0.3236 0.3104 0.0000
vt 0.3292 0.3029 0.0000
vt 0.3227 0.3097 0.0000
vt 0.3282 0.3023 0.0000
vt 0.2408 0.3438 0.0000
vt 0.2408 0.3437 0.0000
vt 0.2500 0.3442 0.0000
vt 0.2500 0.1558 0.0000
vt 0.2140 0.3370 0.0000
vt 0.1977 0.3283 0.0000
vt 0.1630 0.2140 0.0000
vt 0.2140 0.1630 0.0000
vt 0.1630 0.2860 0.0000
vt 0.2774 0.3402 0.0000
vt 0.2773 0.3401 0.0000
vt 0.2860 0.3370 0.0000
vt 0.1772 0.3097 0.0000
vt 0.1834 0.3166 0.0000
vt 0.1717 0.3023 0.0000
vt 0.3442 0.2500 0.0000
vt 0.3229 0.3098 0.0000
vt 0.3445 0.2526 0.0000
vt 0.3446 0.2513 0.0000
vt 0.3431 0.2659 0.0000
vt 0.3430 0.2672 0.0000
vt 0.3236 0.1896 0.0000
vt 0.3227 0.1903 0.0000
vt 0.3271 0.3046 0.0000
vt 0.3279 0.3036 0.0000
vt 0.3186 0.3150 0.0000
vt 0.3178 0.3160 0.0000
vt 0.2777 0.3412 0.0000
vt 0.2865 0.3380 0.0000
vt 0.2686 0.3434 0.0000
vt 0.1896 0.3236 0.0000
vt 0.1826 0.3174 0.0000
vt 0.1903 0.3227 0.0000
vt 0.3412 0.2223 0.0000
vt 0.2838 0.3383 0.0000
vt 0.2850 0.3379 0.0000
vt 0.2710 0.3421 0.0000
vt 0.2697 0.3425 0.0000
vt 0.3430 0.2408 0.0000
vt 0.3417 0.2318 0.0000
vt 0.3428 0.2315 0.0000
vt 0.2949 0.3340 0.0000
vt 0.1777 0.3093 0.0000
vt 0.1772 0.3098 0.0000
vt 0.3223 0.3093 0.0000
vt 0.3277 0.3019 0.0000
vt 0.2407 0.3448 0.0000
vt 0.2500 0.3453 0.0000
vt 0.3324 0.2941 0.0000
vt 0.3364 0.2858 0.0000
vt 0.3374 0.2862 0.0000
vt 0.2059 0.3324 0.0000
vt 0.3093 0.1777 0.0000
vt 0.2051 0.1660 0.0000
vt 0.2593 0.3448 0.0000
vt 0.2771 0.1605 0.0000
vt 0.1588 0.2777 0.0000
vt 0.3340 0.2949 0.0000
vt 0.3330 0.2944 0.0000
vt 0.2771 0.3395 0.0000
vt 0.1570 0.2408 0.0000
vt 0.1565 0.2500 0.0000
vt 0.2408 0.3430 0.0000
vt 0.3395 0.2771 0.0000
vt 0.3401 0.2773 0.0000
vt 0.1777 0.1907 0.0000
vt 0.1839 0.1839 0.0000
vt 0.1772 0.1902 0.0000
vt 0.1831 0.1831 0.0000
vt 0.1764 0.3104 0.0000
vt 0.3324 0.2059 0.0000
vt 0.3364 0.2142 0.0000
vt 0.3374 0.2138 0.0000
vt 0.1570 0.2592 0.0000
vt 0.2777 0.1588 0.0000
vt 0.1907 0.1777 0.0000
vt 0.1981 0.1723 0.0000
vt 0.2059 0.1676 0.0000
vt 0.3424 0.2684 0.0000
vt 0.1576 0.2684 0.0000
vt 0.1576 0.2316 0.0000
vt 0.2684 0.1576 0.0000
vt 0.3370 0.2860 0.0000
vt 0.3283 0.3023 0.0000
vt 0.3395 0.2229 0.0000
vt 0.2316 0.1576 0.0000
vt 0.2684 0.3424 0.0000
vt 0.2341 0.3431 0.0000
vt 0.2328 0.3430 0.0000
vt 0.2474 0.3445 0.0000
vt 0.2487 0.3446 0.0000
vt 0.2316 0.3424 0.0000
vt 0.3424 0.2316 0.0000
vt 0.2681 0.2838 0.0000
vt 0.2713 0.2819 0.0000
vt 0.2647 0.2854 0.0000
vt 0.2645 0.2849 0.0000
vt 0.2678 0.2833 0.0000
vt 0.2710 0.2814 0.0000
vt 0.2462 0.2882 0.0000
vt 0.2500 0.2883 0.0000
vt 0.2425 0.2876 0.0000
vt 0.2426 0.2870 0.0000
vt 0.2463 0.2876 0.0000
vt 0.2500 0.2878 0.0000
vt 0.2867 0.2389 0.0000
vt 0.2854 0.2353 0.0000
vt 0.2876 0.2425 0.0000
vt 0.2870 0.2426 0.0000
vt 0.2861 0.2390 0.0000
vt 0.2849 0.2355 0.0000
vt 0.2743 0.2204 0.0000
vt 0.2713 0.2181 0.0000
vt 0.2771 0.2229 0.0000
vt 0.2767 0.2233 0.0000
vt 0.2740 0.2208 0.0000
vt 0.2710 0.2186 0.0000
vt 0.2611 0.2133 0.0000
vt 0.2575 0.2124 0.0000
vt 0.2647 0.2146 0.0000
vt 0.2645 0.2151 0.0000
vt 0.2610 0.2139 0.0000
vt 0.2574 0.2130 0.0000
vt 0.2538 0.2118 0.0000
vt 0.2500 0.2117 0.0000
vt 0.2537 0.2124 0.0000
vt 0.2500 0.2122 0.0000
vt 0.2162 0.2681 0.0000
vt 0.2181 0.2713 0.0000
vt 0.2146 0.2647 0.0000
vt 0.2151 0.2645 0.0000
vt 0.2167 0.2678 0.0000
vt 0.2186 0.2710 0.0000
vt 0.2133 0.2389 0.0000
vt 0.2124 0.2425 0.0000
vt 0.2146 0.2353 0.0000
vt 0.2151 0.2355 0.0000
vt 0.2139 0.2390 0.0000
vt 0.2130 0.2426 0.0000
vt 0.2796 0.2257 0.0000
vt 0.2819 0.2287 0.0000
vt 0.2814 0.2290 0.0000
vt 0.2792 0.2260 0.0000
vt 0.2389 0.2867 0.0000
vt 0.2390 0.2861 0.0000
vt 0.2838 0.2319 0.0000
vt 0.2833 0.2322 0.0000
vt 0.2257 0.2204 0.0000
vt 0.2229 0.2229 0.0000
vt 0.2287 0.2181 0.0000
vt 0.2290 0.2186 0.0000
vt 0.2260 0.2208 0.0000
vt 0.2233 0.2233 0.0000
vt 0.2118 0.2462 0.0000
vt 0.2117 0.2500 0.0000
vt 0.2124 0.2463 0.0000
vt 0.2122 0.2500 0.0000
vt 0.2867 0.2611 0.0000
vt 0.2876 0.2575 0.0000
vt 0.2854 0.2647 0.0000
vt 0.2849 0.2645 0.0000
vt 0.2861 0.2610 0.0000
vt 0.2870 0.2574 0.0000
vt 0.2257 0.2796 0.0000
vt 0.2229 0.2771 0.0000
vt 0.2743 0.2796 0.0000
vt 0.2771 0.2771 0.0000
vt 0.2740 0.2792 0.0000
vt 0.2767 0.2767 0.0000
vt 0.2611 0.2867 0.0000
vt 0.2575 0.2876 0.0000
vt 0.2574 0.2870 0.0000
vt 0.2610 0.2861 0.0000
vt 0.2204 0.2743 0.0000
vt 0.2208 0.2740 0.0000
vt 0.2882 0.2462 0.0000
vt 0.2883 0.2500 0.0000
vt 0.2878 0.2500 0.0000
vt 0.2876 0.2463 0.0000
vt 0.2681 0.2162 0.0000
vt 0.2678 0.2167 0.0000
vt 0.2204 0.2257 0.0000
vt 0.2181 0.2287 0.0000
vt 0.2208 0.2260 0.0000
vt 0.2186 0.2290 0.0000
vt 0.2162 0.2319 0.0000
vt 0.2167 0.2322 0.0000
vt 0.2538 0.2882 0.0000
vt 0.2537 0.2876 0.0000
vt 0.2838 0.2681 0.0000
vt 0.2819 0.2713 0.0000
vt 0.2814 0.2710 0.0000
vt 0.2833 0.2678 0.0000
vt 0.2319 0.2162 0.0000
vt 0.2353 0.2146 0.0000
vt 0.2355 0.2151 0.0000
vt 0.2322 0.2167 0.0000
vt 0.2796 0.2743 0.0000
vt 0.2792 0.2740 0.0000
vt 0.2389 0.2133 0.0000
vt 0.2425 0.2124 0.0000
vt 0.2426 0.2130 0.0000
vt 0.2390 0.2139 0.0000
vt 0.2882 0.2538 0.0000
vt 0.2876 0.2537 0.0000
vt 0.2118 0.2538 0.0000
vt 0.2124 0.2575 0.0000
vt 0.2124 0.2537 0.0000
vt 0.2130 0.2574 0.0000
vt 0.2462 0.2118 0.0000
vt 0.2463 0.2124 0.0000
vt 0.2133 0.2611 0.0000
vt 0.2139 0.2610 0.0000
vt 0.2500 0.2814 0.0000
vt 0.2473 0.2777 0.0000
vt 0.2500 0.2500 0.0000
vt 0.2527 0.2777 0.0000
vt 0.2439 0.2808 0.0000
vt 0.2419 0.2767 0.0000
vt 0.2380 0.2790 0.0000
vt 0.2369 0.2746 0.0000
vt 0.2285 0.2677 0.0000
vt 0.2239 0.2675 0.0000
vt 0.2254 0.2631 0.0000
vt 0.2210 0.2620 0.0000
vt 0.2233 0.2581 0.0000
vt 0.2192 0.2561 0.0000
vt 0.2223 0.2527 0.0000
vt 0.2186 0.2500 0.0000
vt 0.2223 0.2473 0.0000
vt 0.2192 0.2439 0.0000
vt 0.2233 0.2419 0.0000
vt 0.2210 0.2380 0.0000
vt 0.2254 0.2369 0.0000
vt 0.2239 0.2325 0.0000
vt 0.2285 0.2323 0.0000
vt 0.2278 0.2278 0.0000
vt 0.2323 0.2285 0.0000
vt 0.2325 0.2239 0.0000
vt 0.2369 0.2254 0.0000
vt 0.2380 0.2210 0.0000
vt 0.2419 0.2233 0.0000
vt 0.2439 0.2192 0.0000
vt 0.2473 0.2223 0.0000
vt 0.2500 0.2186 0.0000
vt 0.2527 0.2223 0.0000
vt 0.2561 0.2192 0.0000
vt 0.2581 0.2233 0.0000
vt 0.2620 0.2210 0.0000
vt 0.2631 0.2254 0.0000
vt 0.2675 0.2239 0.0000
vt 0.2677 0.2285 0.0000
vt 0.2722 0.2278 0.0000
vt 0.2715 0.2323 0.0000
vt 0.2761 0.2325 0.0000
vt 0.2746 0.2369 0.0000
vt 0.2790 0.2380 0.0000
vt 0.2767 0.2419 0.0000
vt 0.2808 0.2439 0.0000
vt 0.2777 0.2473 0.0000
vt 0.2814 0.2500 0.0000
vt 0.2777 0.2527 0.0000
vt 0.2808 0.2561 0.0000
vt 0.2767 0.2581 0.0000
vt 0.2790 0.2620 0.0000
vt 0.2746 0.2631 0.0000
vt 0.2761 0.2675 0.0000
vt 0.2715 0.2677 0.0000
vt 0.2722 0.2722 0.0000
vt 0.2677 0.2715 0.0000
vt 0.2675 0.2761 0.0000
vt 0.2631 0.2746 0.0000
vt 0.2620 0.2790 0.0000
vt 0.2581 0.2767 0.0000
vt 0.2561 0.2808 0.0000
vt 0.2731 0.2218 0.0000
vt 0.2704 0.2194 0.0000
vt 0.2760 0.2240 0.0000
vt 0.2328 0.2822 0.0000
vt 0.2359 0.2840 0.0000
vt 0.2863 0.2464 0.0000
vt 0.2861 0.2428 0.0000
vt 0.2868 0.2500 0.0000
vt 0.2536 0.2137 0.0000
vt 0.2500 0.2132 0.0000
vt 0.2572 0.2139 0.0000
vt 0.2151 0.2394 0.0000
vt 0.2139 0.2428 0.0000
vt 0.2160 0.2359 0.0000
vt 0.2782 0.2269 0.0000
vt 0.2806 0.2296 0.0000
vt 0.2394 0.2151 0.0000
vt 0.2359 0.2160 0.0000
vt 0.2428 0.2139 0.0000
vt 0.2536 0.2863 0.0000
vt 0.2572 0.2861 0.0000
vt 0.2500 0.2868 0.0000
vt 0.2394 0.2849 0.0000
vt 0.2428 0.2861 0.0000
vt 0.2849 0.2394 0.0000
vt 0.2840 0.2359 0.0000
vt 0.2863 0.2536 0.0000
vt 0.2861 0.2572 0.0000
vt 0.2269 0.2218 0.0000
vt 0.2240 0.2240 0.0000
vt 0.2296 0.2194 0.0000
vt 0.2606 0.2151 0.0000
vt 0.2641 0.2160 0.0000
vt 0.2328 0.2178 0.0000
vt 0.2672 0.2178 0.0000
vt 0.2151 0.2606 0.0000
vt 0.2160 0.2641 0.0000
vt 0.2139 0.2572 0.0000
vt 0.2178 0.2328 0.0000
vt 0.2194 0.2296 0.0000
vt 0.2137 0.2536 0.0000
vt 0.2132 0.2500 0.0000
vt 0.2606 0.2849 0.0000
vt 0.2641 0.2840 0.0000
vt 0.2218 0.2731 0.0000
vt 0.2194 0.2704 0.0000
vt 0.2822 0.2672 0.0000
vt 0.2840 0.2641 0.0000
vt 0.2806 0.2704 0.0000
vt 0.2822 0.2328 0.0000
vt 0.2849 0.2606 0.0000
vt 0.2218 0.2269 0.0000
vt 0.2672 0.2822 0.0000
vt 0.2704 0.2806 0.0000
vt 0.2464 0.2137 0.0000
vt 0.2782 0.2731 0.0000
vt 0.2760 0.2760 0.0000
vt 0.2731 0.2782 0.0000
vt 0.2137 0.2464 0.0000
vt 0.2178 0.2672 0.0000
vt 0.2464 0.2863 0.0000
vt 0.0312 1.0000 0.0000
vt 0.1562 1.0000 0.0000
vt 0.5312 1.0000 0.0000
vt 0.9993 1.0000 0.0000
vt 0.0007 1.0000 0.0000
vt 0.5791 0.9913 0.0000
vt 0.7067 0.9913 0.0000
vt 0.8648 0.9913 0.0000
vt 0.9924 0.9913 0.0000
vt 0.8403 0.0624 0.0000
vt 0.9530 0.2037 0.0000
vt 0.2933 0.9913 0.0000
vt 0.4209 0.9913 0.0000
vt 0.9128 0.3798 0.0000
vt 0.7500 0.4582 0.0000
vt 0.6959 0.5087 0.0000
vt 0.5898 0.5087 0.0000
vt 0.5470 0.2037 0.0000
vt 0.6597 0.0624 0.0000
vt 0.9816 0.5087 0.0000
vt 0.8756 0.5087 0.0000
vt 0.1505 0.9913 0.0000
vt 0.2781 0.9913 0.0000
vt 0.7327 0.5087 0.0000
vt 0.7219 0.9913 0.0000
vt 0.4102 0.5087 0.0000
vt 0.3041 0.5087 0.0000
vt 0.4470 0.5087 0.0000
vt 0.4362 0.9913 0.0000
vt 0.0076 0.9913 0.0000
vt 0.1352 0.9913 0.0000
vt 0.5872 0.3798 0.0000
vt 0.8495 0.9913 0.0000
vt 0.1244 0.5087 0.0000
vt 0.0184 0.5087 0.0000
vt 0.5638 0.9913 0.0000
vt 0.1613 0.5087 0.0000
vt 0.8387 0.5087 0.0000
vt 0.5530 0.5087 0.0000
vt 0.7269 0.4789 0.0000
vt 0.7731 0.4789 0.0000
vt 1.0000 0.9903 0.0000
vt 0.9145 0.4108 0.0000
vt 0.9434 0.3746 0.0000
vt 0.9783 0.2216 0.0000
vt 0.9680 0.1765 0.0000
vt 0.8701 0.0538 0.0000
vt 0.8284 0.0338 0.0000
vt 0.6716 0.0338 0.0000
vt 0.6299 0.0538 0.0000
vt 0.5320 0.1765 0.0000
vt 0.5217 0.2216 0.0000
vt 0.5566 0.3746 0.0000
vt 0.5855 0.4108 0.0000
vt 0.0000 0.9903 0.0000
vt 0.0000 0.5078 0.0000
vt 0.2673 0.5087 0.0000
# 2977 texture coords

o Cylinder_002
g Cylinder_002
usemtl Material_001
s 1
f 1/1/1 2/2/2 3/2/3 
f 3/2/3 4/1/4 1/1/1 
f 2/2/2 5/3/5 6/3/6 
f 6/3/6 3/2/3 2/2/2 
f 3/2/3 6/3/6 7/3/7 
f 7/3/7 8/2/8 3/2/3 
f 4/1/4 3/2/3 8/2/8 
f 8/2/8 9/1/9 4/1/4 
f 10/4/10 11/5/11 12/5/12 
f 12/5/12 13/4/13 10/4/10 
f 11/5/11 14/6/14 15/6/15 
f 15/6/15 12/5/12 11/5/11 
f 12/5/12 15/6/15 16/6/16 
f 16/6/16 17/5/17 12/5/12 
f 13/4/13 12/5/12 17/5/17 
f 17/5/17 18/4/18 13/4/13 
f 5/7/5 19/8/19 20/8/20 
f 20/8/20 6/7/6 5/7/5 
f 19/8/19 21/9/21 22/9/22 
f 22/9/22 20/8/20 19/8/19 
f 20/8/20 22/9/22 23/9/23 
f 23/9/23 24/10/24 20/8/20 
f 6/7/6 20/8/20 24/10/24 
f 24/10/24 7/7/7 6/7/6 
f 25/11/25 26/12/26 27/13/27 
f 27/13/27 28/14/28 25/11/25 
f 26/12/26 29/15/29 30/15/30 
f 30/15/30 27/13/27 26/12/26 
f 27/13/27 30/15/30 31/15/31 
f 31/15/31 32/12/32 27/13/27 
f 28/14/28 27/13/27 32/12/32 
f 32/12/32 33/11/33 28/14/28 
f 34/16/34 35/17/35 36/17/36 
f 36/17/36 37/16/37 34/16/34 
f 35/17/35 38/18/38 39/18/39 
f 39/18/39 36/17/36 35/17/35 
f 36/17/36 39/18/39 40/19/40 
f 40/19/40 41/17/41 36/17/36 
f 37/16/37 36/17/36 41/17/41 
f 41/17/41 42/16/42 37/16/37 
f 21/9/21 43/20/43 44/20/44 
f 44/20/44 22/9/22 21/9/21 
f 43/20/43 10/4/10 13/4/13 
f 13/4/13 44/20/44 43/20/43 
f 44/20/44 13/4/13 18/4/18 
f 18/4/18 45/20/45 44/20/44 
f 22/9/22 44/20/44 45/20/45 
f 45/20/45 23/9/23 22/9/22 
f 38/18/38 46/21/46 47/21/47 
f 47/21/47 39/18/39 38/18/38 
f 46/21/46 1/1/1 4/1/4 
f 4/1/4 47/21/47 46/21/46 
f 47/21/47 4/1/4 9/1/9 
f 9/1/9 48/22/48 47/21/47 
f 39/18/39 47/21/47 48/22/48 
f 48/22/48 40/19/40 39/18/39 
f 16/6/16 49/23/49 50/23/50 
f 50/23/50 51/6/51 16/6/16 
f 49/23/49 42/16/42 52/16/52 
f 52/16/52 50/23/50 49/23/49 
f 50/23/50 52/16/52 53/16/53 
f 53/16/53 54/23/54 50/23/50 
f 51/6/51 50/23/50 54/23/54 
f 54/23/54 55/6/55 51/6/51 
f 55/6/55 54/23/54 56/23/56 
f 56/23/56 57/6/57 55/6/55 
f 54/23/54 53/16/53 58/16/58 
f 58/16/58 56/23/56 54/23/54 
f 56/23/56 58/16/58 59/16/59 
f 59/16/59 60/23/60 56/23/56 
f 57/6/57 56/23/56 60/23/60 
f 60/23/60 61/6/61 57/6/57 
f 61/6/61 60/23/60 62/24/62 
f 62/24/62 63/25/63 61/6/61 
f 60/23/60 59/16/59 64/26/64 
f 64/26/64 62/24/62 60/23/60 
f 62/24/62 64/26/64 65/27/65 
f 65/27/65 66/28/66 62/24/62 
f 63/25/63 62/24/62 66/28/66 
f 66/28/66 67/6/67 63/25/63 
f 67/6/67 66/28/66 68/29/68 
f 68/29/68 69/6/69 67/6/67 
f 66/28/66 65/27/65 70/30/70 
f 70/30/70 68/29/68 66/28/66 
f 68/29/68 70/30/70 71/31/71 
f 71/31/71 72/32/72 68/29/68 
f 69/6/69 68/29/68 72/32/72 
f 72/32/72 73/6/73 69/6/69 
f 73/6/73 72/32/72 74/33/74 
f 74/33/74 75/6/75 73/6/73 
f 72/32/72 71/31/71 76/34/76 
f 76/34/76 74/33/74 72/32/72 
f 74/33/74 76/34/76 77/35/77 
f 77/35/77 78/36/78 74/33/74 
f 75/6/75 74/33/74 78/36/78 
f 78/36/78 79/6/79 75/6/75 
f 79/6/79 78/36/78 80/37/80 
f 80/37/80 81/6/81 79/6/79 
f 78/36/78 77/35/77 82/38/82 
f 82/38/82 80/37/80 78/36/78 
f 80/37/80 82/38/82 83/39/83 
f 83/39/83 84/40/84 80/37/80 
f 81/6/81 80/37/80 84/40/84 
f 84/40/84 85/6/85 81/6/81 
f 9/1/9 8/2/8 86/2/86 
f 86/2/86 87/41/87 9/1/9 
f 8/2/8 7/3/7 88/42/88 
f 88/42/88 86/2/86 8/2/8 
f 86/2/86 88/42/88 89/43/89 
f 89/43/89 90/2/90 86/2/86 
f 87/41/87 86/2/86 90/2/90 
f 90/2/90 91/44/91 87/41/87 
f 91/44/91 90/2/90 92/2/92 
f 92/2/92 93/45/93 91/44/91 
f 90/2/90 89/43/89 94/46/94 
f 94/46/94 92/2/92 90/2/90 
f 92/2/92 94/46/94 95/47/95 
f 95/47/95 96/2/96 92/2/92 
f 93/45/93 92/2/92 96/2/96 
f 96/2/96 97/48/97 93/45/93 
f 97/48/97 96/2/96 98/2/98 
f 98/2/98 99/49/99 97/48/97 
f 96/2/96 95/47/95 100/50/100 
f 100/50/100 98/2/98 96/2/96 
f 98/2/98 100/50/100 101/51/101 
f 101/51/101 102/2/102 98/2/98 
f 99/49/99 98/2/98 102/2/102 
f 102/2/102 103/52/103 99/49/99 
f 103/53/103 102/6/102 104/6/104 
f 104/6/104 105/54/105 103/53/103 
f 102/6/102 101/55/101 106/56/106 
f 106/56/106 104/6/104 102/6/102 
f 104/6/104 106/56/106 107/57/107 
f 107/57/107 108/6/108 104/6/104 
f 105/54/105 104/6/104 108/6/108 
f 108/6/108 109/58/109 105/54/105 
f 109/58/109 108/6/108 110/59/110 
f 110/59/110 111/60/111 109/58/109 
f 108/6/108 107/57/107 112/61/112 
f 112/61/112 110/59/110 108/6/108 
f 110/59/110 112/61/112 113/62/113 
f 113/62/113 114/6/114 110/59/110 
f 111/60/111 110/59/110 114/6/114 
f 114/6/114 115/63/115 111/60/111 
f 115/63/115 114/6/114 116/64/116 
f 116/64/116 117/65/117 115/63/115 
f 114/6/114 113/62/113 118/66/118 
f 118/66/118 116/64/116 114/6/114 
f 116/64/116 118/66/118 119/15/119 
f 119/15/119 120/6/120 116/64/116 
f 117/65/117 116/64/116 120/6/120 
f 120/6/120 121/67/121 117/65/117 
f 23/9/23 45/20/45 122/20/122 
f 122/20/122 123/68/123 23/9/23 
f 45/20/45 18/4/18 124/4/124 
f 124/4/124 122/20/122 45/20/45 
f 122/20/122 124/4/124 125/4/125 
f 125/4/125 126/20/126 122/20/122 
f 123/68/123 122/20/122 126/20/126 
f 126/20/126 127/9/127 123/68/123 
f 127/9/127 126/20/126 128/20/128 
f 128/20/128 129/9/129 127/9/127 
f 126/20/126 125/4/125 130/4/130 
f 130/4/130 128/20/128 126/20/126 
f 128/20/128 130/4/130 131/4/131 
f 131/4/131 132/20/132 128/20/128 
f 129/9/129 128/20/128 132/20/132 
f 132/20/132 133/9/133 129/9/129 
f 133/9/133 132/20/132 134/69/134 
f 134/69/134 135/70/135 133/9/133 
f 132/20/132 131/4/131 136/71/136 
f 136/71/136 134/69/134 132/20/132 
f 134/69/134 136/71/136 137/4/137 
f 137/4/137 138/72/138 134/69/134 
f 135/70/135 134/69/134 138/72/138 
f 138/72/138 139/73/139 135/70/135 
f 139/73/139 138/72/138 140/74/140 
f 140/74/140 141/75/141 139/73/139 
f 138/72/138 137/4/137 142/76/142 
f 142/76/142 140/74/140 138/72/138 
f 140/74/140 142/76/142 143/77/143 
f 143/77/143 144/78/144 140/74/140 
f 141/75/141 140/74/140 144/78/144 
f 144/78/144 145/79/145 141/75/141 
f 145/79/145 144/78/144 146/80/146 
f 146/80/146 147/81/147 145/79/145 
f 144/78/144 143/77/143 148/82/148 
f 148/82/148 146/80/146 144/78/144 
f 146/80/146 148/82/148 149/83/149 
f 149/83/149 150/84/150 146/80/146 
f 147/81/147 146/80/146 150/84/150 
f 150/84/150 151/85/151 147/81/147 
f 151/85/151 150/84/150 152/86/152 
f 152/86/152 153/87/153 151/85/151 
f 150/84/150 149/83/149 154/88/154 
f 154/88/154 152/86/152 150/84/150 
f 152/86/152 154/88/154 155/89/155 
f 155/89/155 156/90/156 152/86/152 
f 153/87/153 152/86/152 156/90/156 
f 156/90/156 157/91/157 153/87/153 
f 7/7/7 24/10/24 158/92/158 
f 158/92/158 88/93/88 7/7/7 
f 24/10/24 23/9/23 123/68/123 
f 123/68/123 158/92/158 24/10/24 
f 158/92/158 123/68/123 127/9/127 
f 127/9/127 159/94/159 158/92/158 
f 88/93/88 158/92/158 159/94/159 
f 159/94/159 89/95/89 88/93/88 
f 89/95/89 159/94/159 160/96/160 
f 160/96/160 94/97/94 89/95/89 
f 159/94/159 127/9/127 129/9/129 
f 129/9/129 160/96/160 159/94/159 
f 160/96/160 129/9/129 133/9/133 
f 133/9/133 161/98/161 160/96/160 
f 94/97/94 160/96/160 161/98/161 
f 161/98/161 95/99/95 94/97/94 
f 95/99/95 161/98/161 162/100/162 
f 162/100/162 100/101/100 95/99/95 
f 161/98/161 133/9/133 135/70/135 
f 135/70/135 162/100/162 161/98/161 
f 162/100/162 135/70/135 139/73/139 
f 139/73/139 163/102/163 162/100/162 
f 100/101/100 162/100/162 163/102/163 
f 163/102/163 101/103/101 100/101/100 
f 101/103/101 163/102/163 164/104/164 
f 164/104/164 106/105/106 101/103/101 
f 163/102/163 139/73/139 141/75/141 
f 141/75/141 164/104/164 163/102/163 
f 164/104/164 141/75/141 145/79/145 
f 145/79/145 165/106/165 164/104/164 
f 106/105/106 164/104/164 165/106/165 
f 165/106/165 107/57/107 106/105/106 
f 107/57/107 165/106/165 166/107/166 
f 166/107/166 112/61/112 107/57/107 
f 165/106/165 145/79/145 147/81/147 
f 147/81/147 166/107/166 165/106/165 
f 166/107/166 147/81/147 151/85/151 
f 151/85/151 167/108/167 166/107/166 
f 112/61/112 166/107/166 167/108/167 
f 167/108/167 113/62/113 112/61/112 
f 113/62/113 167/108/167 168/109/168 
f 168/109/168 118/66/118 113/62/113 
f 167/108/167 151/85/151 153/87/153 
f 153/87/153 168/109/168 167/108/167 
f 168/109/168 153/87/153 157/91/157 
f 157/91/157 169/110/169 168/109/168 
f 118/66/118 168/109/168 169/110/169 
f 169/110/169 119/15/119 118/66/118 
f 40/19/40 48/22/48 170/111/170 
f 170/111/170 171/19/171 40/19/40 
f 48/22/48 9/1/9 87/112/87 
f 87/112/87 170/111/170 48/22/48 
f 170/111/170 87/112/87 91/113/91 
f 91/113/91 172/114/172 170/111/170 
f 171/19/171 170/111/170 172/114/172 
f 172/114/172 173/18/173 171/19/171 
f 173/18/173 172/114/172 174/115/174 
f 174/115/174 175/18/175 173/18/173 
f 172/114/172 91/113/91 93/116/93 
f 93/116/93 174/115/174 172/114/172 
f 174/115/174 93/116/93 97/117/97 
f 97/117/97 176/118/176 174/115/174 
f 175/18/175 174/115/174 176/118/176 
f 176/118/176 177/18/177 175/18/175 
f 177/18/177 176/118/176 178/119/178 
f 178/119/178 179/120/179 177/18/177 
f 176/118/176 97/117/97 99/121/99 
f 99/121/99 178/119/178 176/118/176 
f 178/119/178 99/121/99 103/122/103 
f 103/122/103 180/123/180 178/119/178 
f 179/120/179 178/119/178 180/123/180 
f 180/123/180 181/124/181 179/120/179 
f 181/124/181 180/123/180 182/125/182 
f 182/125/182 183/126/183 181/124/181 
f 180/123/180 103/122/103 105/127/105 
f 105/127/105 182/125/182 180/123/180 
f 182/125/182 105/127/105 109/58/109 
f 109/58/109 184/128/184 182/125/182 
f 183/126/183 182/125/182 184/128/184 
f 184/128/184 185/129/185 183/126/183 
f 185/129/185 184/128/184 186/130/186 
f 186/130/186 187/131/187 185/129/185 
f 184/128/184 109/58/109 111/60/111 
f 111/60/111 186/130/186 184/128/184 
f 186/130/186 111/60/111 115/63/115 
f 115/63/115 188/132/188 186/130/186 
f 187/131/187 186/130/186 188/132/188 
f 188/132/188 189/133/189 187/131/187 
f 189/133/189 188/132/188 190/134/190 
f 190/134/190 191/135/191 189/133/189 
f 188/132/188 115/63/115 117/65/117 
f 117/65/117 190/134/190 188/132/188 
f 190/134/190 117/65/117 121/67/121 
f 121/67/121 192/136/192 190/134/190 
f 191/135/191 190/134/190 192/136/192 
f 192/136/192 193/137/193 191/135/191 
f 18/4/18 17/5/17 194/5/194 
f 194/5/194 124/4/124 18/4/18 
f 17/5/17 16/6/16 51/6/51 
f 51/6/51 194/5/194 17/5/17 
f 194/5/194 51/6/51 55/6/55 
f 55/6/55 195/5/195 194/5/194 
f 124/4/124 194/5/194 195/5/195 
f 195/5/195 125/4/125 124/4/124 
f 125/4/125 195/5/195 196/5/196 
f 196/5/196 130/4/130 125/4/125 
f 195/5/195 55/6/55 57/6/57 
f 57/6/57 196/5/196 195/5/195 
f 196/5/196 57/6/57 61/6/61 
f 61/6/61 197/5/197 196/5/196 
f 130/4/130 196/5/196 197/5/197 
f 197/5/197 131/4/131 130/4/130 
f 131/4/131 197/5/197 198/5/198 
f 198/5/198 136/71/136 131/4/131 
f 197/5/197 61/6/61 63/25/63 
f 63/25/63 198/5/198 197/5/197 
f 198/5/198 63/25/63 67/6/67 
f 67/6/67 199/5/199 198/5/198 
f 136/71/136 198/5/198 199/5/199 
f 199/5/199 137/4/137 136/71/136 
f 137/4/137 199/5/199 200/138/200 
f 200/138/200 142/76/142 137/4/137 
f 199/5/199 67/6/67 69/6/69 
f 69/6/69 200/138/200 199/5/199 
f 200/138/200 69/6/69 73/6/73 
f 73/6/73 201/139/201 200/138/200 
f 142/76/142 200/138/200 201/139/201 
f 201/139/201 143/77/143 142/76/142 
f 143/77/143 201/139/201 202/140/202 
f 202/140/202 148/82/148 143/77/143 
f 201/139/201 73/6/73 75/6/75 
f 75/6/75 202/140/202 201/139/201 
f 202/140/202 75/6/75 79/6/79 
f 79/6/79 203/141/203 202/140/202 
f 148/82/148 202/140/202 203/141/203 
f 203/141/203 149/83/149 148/82/148 
f 149/83/149 203/141/203 204/142/204 
f 204/142/204 154/88/154 149/83/149 
f 203/141/203 79/6/79 81/6/81 
f 81/6/81 204/142/204 203/141/203 
f 204/142/204 81/6/81 85/6/85 
f 85/6/85 205/143/205 204/142/204 
f 154/88/154 204/142/204 205/143/205 
f 205/143/205 155/89/155 154/88/154 
f 42/16/42 41/17/41 206/144/206 
f 206/144/206 52/16/52 42/16/42 
f 41/17/41 40/19/40 171/19/171 
f 171/19/171 206/144/206 41/17/41 
f 206/144/206 171/19/171 173/18/173 
f 173/18/173 207/17/207 206/144/206 
f 52/16/52 206/144/206 207/17/207 
f 207/17/207 53/16/53 52/16/52 
f 53/16/53 207/17/207 208/17/208 
f 208/17/208 58/16/58 53/16/53 
f 207/17/207 173/18/173 175/18/175 
f 175/18/175 208/17/208 207/17/207 
f 208/17/208 175/18/175 177/18/177 
f 177/18/177 209/144/209 208/17/208 
f 58/16/58 208/17/208 209/144/209 
f 209/144/209 59/16/59 58/16/58 
f 59/16/59 209/144/209 210/145/210 
f 210/145/210 64/26/64 59/16/59 
f 209/144/209 177/18/177 179/120/179 
f 179/120/179 210/145/210 209/144/209 
f 210/145/210 179/120/179 181/124/181 
f 181/124/181 211/146/211 210/145/210 
f 64/26/64 210/145/210 211/146/211 
f 211/146/211 65/27/65 64/26/64 
f 65/27/65 211/146/211 212/147/212 
f 212/147/212 70/30/70 65/27/65 
f 211/146/211 181/124/181 183/126/183 
f 183/126/183 212/147/212 211/146/211 
f 212/147/212 183/126/183 185/129/185 
f 185/129/185 213/148/213 212/147/212 
f 70/30/70 212/147/212 213/148/213 
f 213/148/213 71/31/71 70/30/70 
f 71/31/71 213/148/213 214/149/214 
f 214/149/214 76/34/76 71/31/71 
f 213/148/213 185/129/185 187/131/187 
f 187/131/187 214/149/214 213/148/213 
f 214/149/214 187/131/187 189/133/189 
f 189/133/189 215/150/215 214/149/214 
f 76/34/76 214/149/214 215/150/215 
f 215/150/215 77/35/77 76/34/76 
f 77/35/77 215/150/215 216/151/216 
f 216/151/216 82/38/82 77/35/77 
f 215/150/215 189/133/189 191/135/191 
f 191/135/191 216/151/216 215/150/215 
f 216/151/216 191/135/191 193/137/193 
f 193/137/193 217/152/217 216/151/216 
f 82/38/82 216/151/216 217/152/217 
f 217/152/217 83/39/83 82/38/82 
f 14/6/14 218/23/218 219/23/219 
f 219/23/219 15/6/15 14/6/14 
f 218/23/218 34/16/34 37/16/37 
f 37/16/37 219/23/219 218/23/218 
f 219/23/219 37/16/37 42/16/42 
f 42/16/42 49/23/49 219/23/219 
f 15/6/15 219/23/219 49/23/49 
f 49/23/49 16/6/16 15/6/15 
f 220/153/220 221/154/221 222/155/222 
f 222/155/222 223/153/223 220/153/220 
f 221/154/221 224/156/224 225/136/225 
f 225/136/225 222/155/222 221/154/221 
f 222/155/222 225/136/225 226/157/226 
f 226/157/226 227/158/227 222/155/222 
f 223/153/223 222/155/222 227/158/227 
f 227/158/227 228/159/228 223/153/223 
f 229/160/229 230/110/230 231/110/231 
f 231/110/231 232/161/232 229/160/229 
f 230/110/230 233/162/233 234/163/234 
f 234/163/234 231/110/231 230/110/230 
f 231/110/231 234/163/234 235/164/235 
f 235/164/235 236/110/236 231/110/231 
f 232/161/232 231/110/231 236/110/236 
f 236/110/236 237/165/237 232/161/232 
f 29/15/29 238/110/238 239/110/239 
f 239/110/239 30/15/30 29/15/29 
f 238/110/238 240/91/240 241/91/241 
f 241/91/241 239/110/239 238/110/238 
f 239/110/239 241/91/241 242/91/242 
f 242/91/242 243/110/243 239/110/239 
f 30/15/30 239/110/239 243/110/243 
f 243/110/243 31/15/31 30/15/30 
f 244/91/244 245/166/245 246/166/246 
f 246/166/246 247/91/247 244/91/244 
f 245/166/245 248/167/248 249/167/249 
f 249/167/249 246/166/246 245/166/245 
f 246/166/246 249/167/249 250/167/250 
f 250/167/250 251/166/251 246/166/246 
f 247/91/247 246/166/246 251/166/251 
f 251/166/251 252/91/252 247/91/247 
f 253/168/253 254/38/254 255/169/255 
f 255/169/255 256/170/256 253/168/253 
f 254/38/254 257/171/257 258/172/258 
f 258/172/258 255/169/255 254/38/254 
f 255/169/255 258/172/258 259/173/259 
f 259/173/259 260/169/260 255/169/255 
f 256/170/256 255/169/255 260/169/260 
f 260/169/260 261/174/261 256/170/256 
f 262/175/262 263/176/263 264/176/264 
f 264/176/264 265/177/265 262/175/262 
f 263/176/263 266/178/266 267/179/267 
f 267/179/267 264/176/264 263/176/263 
f 264/176/264 267/179/267 268/180/268 
f 268/180/268 269/176/269 264/176/264 
f 265/177/265 264/176/264 269/176/269 
f 269/176/269 270/181/270 265/177/265 
f 121/67/121 120/6/120 271/6/271 
f 271/6/271 272/182/272 121/67/121 
f 120/6/120 119/15/119 273/183/273 
f 273/183/273 271/6/271 120/6/120 
f 271/6/271 273/183/273 274/184/274 
f 274/184/274 275/6/275 271/6/271 
f 272/182/272 271/6/271 275/6/275 
f 275/6/275 276/14/276 272/182/272 
f 276/14/276 275/6/275 277/6/277 
f 277/6/277 278/185/278 276/14/276 
f 275/6/275 274/184/274 279/183/279 
f 279/183/279 277/6/277 275/6/275 
f 277/6/277 279/183/279 280/15/280 
f 280/15/280 281/6/281 277/6/277 
f 278/185/278 277/6/277 281/6/281 
f 281/6/281 282/67/282 278/185/278 
f 283/136/283 284/186/284 285/187/285 
f 285/187/285 286/136/286 283/136/283 
f 284/186/284 276/14/276 278/185/278 
f 278/185/278 285/187/285 284/186/284 
f 285/187/285 278/185/278 282/67/282 
f 282/67/282 287/188/287 285/187/285 
f 286/136/286 285/187/285 287/188/287 
f 287/188/287 288/136/288 286/136/286 
f 157/91/157 156/90/156 289/88/289 
f 289/88/289 290/189/290 157/91/157 
f 156/90/156 155/89/155 291/190/291 
f 291/190/291 289/88/289 156/90/156 
f 289/88/289 291/190/291 248/167/248 
f 248/167/248 245/166/245 289/88/289 
f 290/189/290 289/88/289 245/166/245 
f 245/166/245 244/91/244 290/189/290 
f 119/15/119 169/110/169 292/191/292 
f 292/191/292 273/183/273 119/15/119 
f 169/110/169 157/91/157 290/189/290 
f 290/189/290 292/191/292 169/110/169 
f 292/191/292 290/189/290 244/91/244 
f 244/91/244 293/192/293 292/191/292 
f 273/183/273 292/191/292 293/192/293 
f 293/192/293 274/184/274 273/183/273 
f 224/156/224 294/193/294 295/186/295 
f 295/186/295 225/136/225 224/156/224 
f 294/193/294 25/11/25 28/14/28 
f 28/14/28 295/186/295 294/193/294 
f 295/186/295 28/14/28 33/11/33 
f 33/11/33 296/194/296 295/186/295 
f 225/136/225 295/186/295 296/194/296 
f 296/194/296 226/157/226 225/136/225 
f 297/32/297 298/195/298 299/195/299 
f 299/195/299 300/196/300 297/32/297 
f 298/195/298 253/197/253 256/198/256 
f 256/198/256 299/195/299 298/195/298 
f 299/195/299 256/198/256 261/199/261 
f 261/199/261 301/195/301 299/195/299 
f 300/196/300 299/195/299 301/195/301 
f 301/195/301 302/200/302 300/196/300 
f 233/201/233 303/6/303 304/6/304 
f 304/6/304 234/202/234 233/201/233 
f 303/6/303 297/203/297 300/204/300 
f 300/204/300 304/6/304 303/6/303 
f 304/6/304 300/204/300 302/205/302 
f 302/205/302 305/6/305 304/6/304 
f 234/202/234 304/6/304 305/6/305 
f 305/6/305 235/206/235 234/202/234 
f 257/207/257 306/208/306 307/208/307 
f 307/208/307 258/209/258 257/207/257 
f 306/208/306 262/210/262 265/211/265 
f 265/211/265 307/208/307 306/208/306 
f 307/208/307 265/211/265 270/212/270 
f 270/212/270 308/208/308 307/208/307 
f 258/209/258 307/208/307 308/208/308 
f 308/208/308 259/213/259 258/209/258 
f 266/214/266 309/166/309 310/166/310 
f 310/166/310 267/215/267 266/214/266 
f 309/166/309 229/216/229 232/217/232 
f 232/217/232 310/166/310 309/166/309 
f 310/166/310 232/217/232 237/218/237 
f 237/218/237 311/166/311 310/166/310 
f 267/215/267 310/166/310 311/166/311 
f 311/166/311 268/219/268 267/215/267 
f 312/153/312 313/155/313 314/220/314 
f 314/220/314 315/221/315 312/153/312 
f 313/155/313 283/136/283 286/136/286 
f 286/136/286 314/220/314 313/155/313 
f 314/220/314 286/136/286 288/136/288 
f 288/136/288 316/222/316 314/220/314 
f 315/221/315 314/220/314 316/222/316 
f 316/222/316 317/223/317 315/221/315 
f 274/184/274 293/192/293 318/224/318 
f 318/224/318 279/183/279 274/184/274 
f 293/192/293 244/91/244 247/91/247 
f 247/91/247 318/224/318 293/192/293 
f 318/224/318 247/91/247 252/91/252 
f 252/91/252 319/225/319 318/224/318 
f 279/183/279 318/224/318 319/225/319 
f 319/225/319 280/15/280 279/183/279 
f 248/167/248 320/226/320 321/176/321 
f 321/176/321 249/167/249 248/167/248 
f 320/226/320 322/6/322 323/6/323 
f 323/6/323 321/176/321 320/226/320 
f 321/176/321 323/6/323 324/6/324 
f 324/6/324 325/176/325 321/176/321 
f 249/167/249 321/176/321 325/176/325 
f 325/176/325 250/167/250 249/167/249 
f 326/227/326 327/228/327 328/229/328 
f 328/229/328 329/227/329 326/227/326 
f 330/6/330 331/230/331 328/229/328 
f 328/229/328 327/228/327 330/6/330 
f 332/227/332 329/227/329 328/229/328 
f 328/229/328 331/230/331 332/227/332 
f 83/39/83 217/152/217 333/231/333 
f 333/231/333 334/232/334 83/39/83 
f 217/152/217 193/137/193 335/233/335 
f 335/233/335 333/231/333 217/152/217 
f 333/231/333 335/233/335 283/136/283 
f 283/136/283 313/155/313 333/231/333 
f 334/232/334 333/231/333 313/155/313 
f 313/155/313 312/153/312 334/232/334 
f 155/89/155 205/143/205 336/226/336 
f 336/226/336 291/190/291 155/89/155 
f 205/143/205 85/6/85 337/6/337 
f 337/6/337 336/226/336 205/143/205 
f 336/226/336 337/6/337 322/6/322 
f 322/6/322 320/226/320 336/226/336 
f 291/190/291 336/226/336 320/226/320 
f 320/226/320 248/167/248 291/190/291 
f 240/91/240 338/234/338 339/88/339 
f 339/88/339 241/91/241 240/91/240 
f 338/234/338 340/235/340 341/180/341 
f 341/180/341 339/88/339 338/234/338 
f 339/88/339 341/180/341 342/235/342 
f 342/235/342 343/236/343 339/88/339 
f 241/91/241 339/88/339 343/236/343 
f 343/236/343 242/91/242 241/91/241 
f 193/137/193 192/136/192 344/237/344 
f 344/237/344 335/233/335 193/137/193 
f 192/136/192 121/67/121 272/182/272 
f 272/182/272 344/237/344 192/136/192 
f 344/237/344 272/182/272 276/14/276 
f 276/14/276 284/186/284 344/237/344 
f 335/233/335 344/237/344 284/186/284 
f 284/186/284 283/136/283 335/233/335 
f 85/6/85 84/40/84 345/238/345 
f 345/238/345 337/6/337 85/6/85 
f 84/40/84 83/39/83 334/232/334 
f 334/232/334 345/238/345 84/40/84 
f 345/238/345 334/232/334 312/153/312 
f 312/153/312 346/239/346 345/238/345 
f 337/6/337 345/238/345 346/239/346 
f 346/239/346 322/6/322 337/6/337 
f 224/156/224 221/154/221 347/240/347 
f 347/240/347 348/241/348 224/156/224 
f 221/154/221 220/153/220 349/242/349 
f 349/242/349 347/240/347 221/154/221 
f 347/240/347 349/242/349 350/33/350 
f 350/33/350 351/243/351 347/240/347 
f 348/241/348 347/240/347 351/243/351 
f 351/243/351 352/244/352 348/241/348 
f 352/244/352 351/243/351 353/245/353 
f 353/245/353 354/246/354 352/244/352 
f 351/243/351 350/33/350 355/247/355 
f 355/247/355 353/245/353 351/243/351 
f 353/245/353 355/247/355 356/248/356 
f 356/248/356 357/249/357 353/245/353 
f 354/246/354 353/245/353 357/249/357 
f 357/249/357 358/24/358 354/246/354 
f 358/24/358 357/249/357 359/250/359 
f 359/250/359 360/251/360 358/24/358 
f 357/249/357 356/248/356 361/252/361 
f 361/252/361 359/250/359 357/249/357 
f 359/250/359 361/252/361 362/253/362 
f 362/253/362 363/245/363 359/250/359 
f 360/251/360 359/250/359 363/245/363 
f 363/245/363 364/254/364 360/251/360 
f 364/254/364 363/245/363 365/255/365 
f 365/255/365 366/256/366 364/254/364 
f 363/245/363 362/253/362 367/257/367 
f 367/257/367 365/255/365 363/245/363 
f 365/255/365 367/257/367 257/171/257 
f 257/171/257 254/38/254 365/255/365 
f 366/256/366 365/255/365 254/38/254 
f 254/38/254 253/168/253 366/256/366 
f 29/15/29 26/12/26 368/258/368 
f 368/258/368 369/259/369 29/15/29 
f 26/12/26 25/11/25 370/37/370 
f 370/37/370 368/258/368 26/12/26 
f 368/258/368 370/37/370 371/260/371 
f 371/260/371 372/6/372 368/258/368 
f 369/259/369 368/258/368 372/6/372 
f 372/6/372 373/261/373 369/259/369 
f 373/261/373 372/6/372 374/6/374 
f 374/6/374 375/262/375 373/261/373 
f 372/6/372 371/260/371 376/263/376 
f 376/263/376 374/6/374 372/6/372 
f 374/6/374 376/263/376 377/264/377 
f 377/264/377 378/6/378 374/6/374 
f 375/262/375 374/6/374 378/6/378 
f 378/6/378 379/265/379 375/262/375 
f 379/265/379 378/6/378 380/6/380 
f 380/6/380 381/266/381 379/265/379 
f 378/6/378 377/264/377 382/267/382 
f 382/267/382 380/6/380 378/6/378 
f 380/6/380 382/267/382 383/268/383 
f 383/268/383 384/6/384 380/6/380 
f 381/266/381 380/6/380 384/6/384 
f 384/6/384 385/269/385 381/266/381 
f 385/269/385 384/6/384 386/6/386 
f 386/6/386 387/270/387 385/269/385 
f 384/6/384 383/268/383 388/271/388 
f 388/271/388 386/6/386 384/6/384 
f 386/6/386 388/271/388 297/203/297 
f 297/203/297 303/6/303 386/6/386 
f 387/270/387 386/6/386 303/6/303 
f 303/6/303 233/201/233 387/270/387 
f 389/6/389 390/272/390 391/273/391 
f 391/273/391 392/6/392 389/6/389 
f 390/272/390 340/235/340 393/274/393 
f 393/274/393 391/273/391 390/272/390 
f 391/273/391 393/274/393 394/275/394 
f 394/275/394 395/276/395 391/273/391 
f 392/6/392 391/273/391 395/276/395 
f 395/276/395 396/6/396 392/6/392 
f 396/6/396 395/276/395 397/277/397 
f 397/277/397 398/6/398 396/6/396 
f 395/276/395 394/275/394 399/278/399 
f 399/278/399 397/277/397 395/276/395 
f 397/277/397 399/278/399 400/279/400 
f 400/279/400 401/280/401 397/277/397 
f 398/6/398 397/277/397 401/280/401 
f 401/280/401 402/6/402 398/6/398 
f 402/6/402 401/280/401 403/281/403 
f 403/281/403 404/6/404 402/6/402 
f 401/280/401 400/279/400 405/279/405 
f 405/279/405 403/281/403 401/280/401 
f 403/281/403 405/279/405 406/282/406 
f 406/282/406 407/283/407 403/281/403 
f 404/6/404 403/281/403 407/283/407 
f 407/283/407 408/6/408 404/6/404 
f 408/6/408 407/283/407 409/284/409 
f 409/284/409 410/285/410 408/6/408 
f 407/283/407 406/282/406 411/286/411 
f 411/286/411 409/284/409 407/283/407 
f 409/284/409 411/286/411 266/178/266 
f 266/178/266 263/176/263 409/284/409 
f 410/285/410 409/284/409 263/176/263 
f 263/176/263 262/175/262 410/285/410 
f 240/91/240 238/110/238 412/287/412 
f 412/287/412 413/288/413 240/91/240 
f 238/110/238 29/15/29 369/259/369 
f 369/259/369 412/287/412 238/110/238 
f 412/287/412 369/259/369 373/261/373 
f 373/261/373 414/289/414 412/287/412 
f 413/288/413 412/287/412 414/289/414 
f 414/289/414 415/290/415 413/288/413 
f 415/290/415 414/289/414 416/291/416 
f 416/291/416 417/292/417 415/290/415 
f 414/289/414 373/261/373 375/262/375 
f 375/262/375 416/291/416 414/289/414 
f 416/291/416 375/262/375 379/265/379 
f 379/265/379 418/293/418 416/291/416 
f 417/292/417 416/291/416 418/293/418 
f 418/293/418 419/166/419 417/292/417 
f 419/166/419 418/293/418 420/294/420 
f 420/294/420 421/295/421 419/166/419 
f 418/293/418 379/265/379 381/266/381 
f 381/266/381 420/294/420 418/293/418 
f 420/294/420 381/266/381 385/269/385 
f 385/269/385 422/296/422 420/294/420 
f 421/295/421 420/294/420 422/296/422 
f 422/296/422 423/297/423 421/295/421 
f 423/297/423 422/296/422 424/298/424 
f 424/298/424 425/299/425 423/297/423 
f 422/296/422 385/269/385 387/300/387 
f 387/300/387 424/298/424 422/296/422 
f 424/298/424 387/300/387 233/162/233 
f 233/162/233 230/110/230 424/298/424 
f 425/299/425 424/298/424 230/110/230 
f 230/110/230 229/160/229 425/299/425 
f 25/11/25 294/193/294 426/301/426 
f 426/301/426 370/37/370 25/11/25 
f 294/193/294 224/156/224 348/241/348 
f 348/241/348 426/301/426 294/193/294 
f 426/301/426 348/241/348 352/244/352 
f 352/244/352 427/302/427 426/301/426 
f 370/37/370 426/301/426 427/302/427 
f 427/302/427 371/260/371 370/37/370 
f 371/260/371 427/302/427 428/303/428 
f 428/303/428 376/263/376 371/260/371 
f 427/302/427 352/244/352 354/246/354 
f 354/246/354 428/303/428 427/302/427 
f 428/303/428 354/246/354 358/24/358 
f 358/24/358 429/304/429 428/303/428 
f 376/263/376 428/303/428 429/304/429 
f 429/304/429 377/264/377 376/263/376 
f 377/264/377 429/304/429 430/305/430 
f 430/305/430 382/267/382 377/264/377 
f 429/304/429 358/24/358 360/251/360 
f 360/251/360 430/305/430 429/304/429 
f 430/305/430 360/251/360 364/254/364 
f 364/254/364 431/303/431 430/305/430 
f 382/267/382 430/305/430 431/303/431 
f 431/303/431 383/268/383 382/267/382 
f 383/268/383 431/303/431 432/306/432 
f 432/306/432 388/307/388 383/268/383 
f 431/303/431 364/254/364 366/308/366 
f 366/308/366 432/306/432 431/303/431 
f 432/306/432 366/308/366 253/197/253 
f 253/197/253 298/195/298 432/306/432 
f 388/307/388 432/306/432 298/195/298 
f 298/195/298 297/32/297 388/307/388 
f 340/235/340 338/234/338 433/309/433 
f 433/309/433 393/274/393 340/235/340 
f 338/234/338 240/91/240 413/288/413 
f 413/288/413 433/309/433 338/234/338 
f 433/309/433 413/288/413 415/290/415 
f 415/290/415 434/310/434 433/309/433 
f 393/274/393 433/309/433 434/310/434 
f 434/310/434 394/275/394 393/274/393 
f 394/275/394 434/310/434 435/311/435 
f 435/311/435 399/278/399 394/275/394 
f 434/310/434 415/290/415 417/292/417 
f 417/292/417 435/311/435 434/310/434 
f 435/311/435 417/292/417 419/166/419 
f 419/166/419 436/312/436 435/311/435 
f 399/278/399 435/311/435 436/312/436 
f 436/312/436 400/279/400 399/278/399 
f 400/279/400 436/312/436 437/214/437 
f 437/214/437 405/279/405 400/279/400 
f 436/312/436 419/166/419 421/295/421 
f 421/295/421 437/214/437 436/312/436 
f 437/214/437 421/295/421 423/297/423 
f 423/297/423 438/313/438 437/214/437 
f 405/279/405 437/214/437 438/313/438 
f 438/313/438 406/282/406 405/279/405 
f 406/282/406 438/313/438 439/314/439 
f 439/314/439 411/315/411 406/282/406 
f 438/313/438 423/297/423 425/316/425 
f 425/316/425 439/314/439 438/313/438 
f 439/314/439 425/316/425 229/216/229 
f 229/216/229 309/166/309 439/314/439 
f 411/315/411 439/314/439 309/166/309 
f 309/166/309 266/214/266 411/315/411 
f 220/153/220 440/239/440 441/317/441 
f 441/317/441 349/242/349 220/153/220 
f 440/239/440 389/6/389 392/6/392 
f 392/6/392 441/317/441 440/239/440 
f 441/317/441 392/6/392 396/6/396 
f 396/6/396 442/318/442 441/317/441 
f 349/242/349 441/317/441 442/318/442 
f 442/318/442 350/33/350 349/242/349 
f 350/33/350 442/318/442 443/319/443 
f 443/319/443 355/247/355 350/33/350 
f 442/318/442 396/6/396 398/6/398 
f 398/6/398 443/319/443 442/318/442 
f 443/319/443 398/6/398 402/6/402 
f 402/6/402 444/318/444 443/319/443 
f 355/247/355 443/319/443 444/318/444 
f 444/318/444 356/248/356 355/247/355 
f 356/248/356 444/318/444 445/318/445 
f 445/318/445 361/252/361 356/248/356 
f 444/318/444 402/6/402 404/6/404 
f 404/6/404 445/318/445 444/318/444 
f 445/318/445 404/6/404 408/6/408 
f 408/6/408 446/319/446 445/318/445 
f 361/252/361 445/318/445 446/319/446 
f 446/319/446 362/253/362 361/252/361 
f 362/253/362 446/319/446 447/320/447 
f 447/320/447 367/67/367 362/253/362 
f 446/319/446 408/6/408 410/321/410 
f 410/321/410 447/320/447 446/319/446 
f 447/320/447 410/321/410 262/210/262 
f 262/210/262 306/208/306 447/320/447 
f 367/67/367 447/320/447 306/208/306 
f 306/208/306 257/207/257 367/67/367 
f 340/235/340 390/272/390 448/272/448 
f 448/272/448 341/180/341 340/235/340 
f 390/272/390 389/6/389 449/6/449 
f 449/6/449 448/272/448 390/272/390 
f 448/272/448 449/6/449 450/6/450 
f 450/6/450 451/272/451 448/272/448 
f 341/180/341 448/272/448 451/272/451 
f 451/272/451 342/235/342 341/180/341 
f 261/174/261 260/169/260 452/169/452 
f 452/169/452 453/322/453 261/174/261 
f 260/169/260 259/173/259 454/323/454 
f 454/323/454 452/169/452 260/169/260 
f 452/169/452 454/323/454 455/324/455 
f 455/324/455 456/325/456 452/169/452 
f 453/322/453 452/169/452 456/325/456 
f 456/325/456 457/326/457 453/322/453 
f 457/326/457 456/325/456 458/327/458 
f 458/327/458 459/328/459 457/326/457 
f 456/325/456 455/324/455 460/329/460 
f 460/329/460 458/327/458 456/325/456 
f 458/327/458 460/329/460 317/223/317 
f 317/223/317 316/222/316 458/327/458 
f 459/328/459 458/327/458 316/222/316 
f 316/222/316 288/136/288 459/328/459 
f 235/206/235 305/6/305 461/6/461 
f 461/6/461 462/330/462 235/206/235 
f 305/6/305 302/205/302 463/331/463 
f 463/331/463 461/6/461 305/6/305 
f 461/6/461 463/331/463 464/332/464 
f 464/332/464 465/6/465 461/6/461 
f 462/330/462 461/6/461 465/6/465 
f 465/6/465 466/333/466 462/330/462 
f 466/333/466 465/6/465 467/6/467 
f 467/6/467 468/334/468 466/333/466 
f 465/6/465 464/332/464 469/335/469 
f 469/335/469 467/6/467 465/6/465 
f 467/6/467 469/335/469 282/67/282 
f 282/67/282 281/6/281 467/6/467 
f 468/334/468 467/6/467 281/6/281 
f 281/6/281 280/15/280 468/334/468 
f 270/181/270 269/176/269 470/176/470 
f 470/176/470 471/336/471 270/181/270 
f 269/176/269 268/180/268 472/337/472 
f 472/337/472 470/176/470 269/176/269 
f 470/176/470 472/337/472 473/338/473 
f 473/338/473 474/176/474 470/176/470 
f 471/336/471 470/176/470 474/176/474 
f 474/176/474 475/339/475 471/336/471 
f 475/339/475 474/176/474 476/176/476 
f 476/176/476 477/340/477 475/339/475 
f 474/176/474 473/338/473 478/341/478 
f 478/341/478 476/176/476 474/176/474 
f 476/176/476 478/341/478 250/167/250 
f 250/167/250 325/176/325 476/176/476 
f 477/340/477 476/176/476 325/176/325 
f 325/176/325 324/6/324 477/340/477 
f 237/165/237 236/110/236 479/110/479 
f 479/110/479 480/342/480 237/165/237 
f 236/110/236 235/164/235 462/343/462 
f 462/343/462 479/110/479 236/110/236 
f 479/110/479 462/343/462 466/344/466 
f 466/344/466 481/110/481 479/110/479 
f 480/342/480 479/110/479 481/110/481 
f 481/110/481 482/345/482 480/342/480 
f 482/345/482 481/110/481 483/224/483 
f 483/224/483 484/346/484 482/345/482 
f 481/110/481 466/344/466 468/347/468 
f 468/347/468 483/224/483 481/110/481 
f 483/224/483 468/347/468 280/15/280 
f 280/15/280 319/225/319 483/224/483 
f 484/346/484 483/224/483 319/225/319 
f 319/225/319 252/91/252 484/346/484 
f 302/200/302 301/195/301 485/195/485 
f 485/195/485 463/348/463 302/200/302 
f 301/195/301 261/199/261 453/349/453 
f 453/349/453 485/195/485 301/195/301 
f 485/195/485 453/349/453 457/326/457 
f 457/326/457 486/350/486 485/195/485 
f 463/348/463 485/195/485 486/350/486 
f 486/350/486 464/351/464 463/348/463 
f 464/351/464 486/350/486 487/237/487 
f 487/237/487 469/352/469 464/351/464 
f 486/350/486 457/326/457 459/328/459 
f 459/328/459 487/237/487 486/350/486 
f 487/237/487 459/328/459 288/136/288 
f 288/136/288 287/188/287 487/237/487 
f 469/352/469 487/237/487 287/188/287 
f 287/188/287 282/67/282 469/352/469 
f 268/219/268 311/166/311 488/166/488 
f 488/166/488 472/353/472 268/219/268 
f 311/166/311 237/218/237 480/354/480 
f 480/354/480 488/166/488 311/166/311 
f 488/166/488 480/354/480 482/345/482 
f 482/345/482 489/355/489 488/166/488 
f 472/353/472 488/166/488 489/355/489 
f 489/355/489 473/139/473 472/353/472 
f 473/139/473 489/355/489 490/234/490 
f 490/234/490 478/356/478 473/139/473 
f 489/355/489 482/345/482 484/346/484 
f 484/346/484 490/234/490 489/355/489 
f 490/234/490 484/346/484 252/91/252 
f 252/91/252 251/166/251 490/234/490 
f 478/356/478 490/234/490 251/166/251 
f 251/166/251 250/167/250 478/356/478 
f 259/213/259 308/208/308 491/208/491 
f 491/208/491 454/357/454 259/213/259 
f 308/208/308 270/212/270 471/358/471 
f 471/358/471 491/208/491 308/208/308 
f 491/208/491 471/358/471 475/64/475 
f 475/64/475 492/208/492 491/208/491 
f 454/357/454 491/208/491 492/208/492 
f 492/208/492 455/359/455 454/357/454 
f 455/359/455 492/208/492 493/208/493 
f 493/208/493 460/360/460 455/359/455 
f 492/208/492 475/64/475 477/361/477 
f 477/361/477 493/208/493 492/208/492 
f 493/208/493 477/361/477 324/6/324 
f 324/6/324 494/362/494 493/208/493 
f 460/360/460 493/208/493 494/362/494 
f 494/362/494 317/223/317 460/360/460 
f 322/6/322 346/239/346 495/320/495 
f 495/320/495 323/6/323 322/6/322 
f 346/239/346 312/153/312 315/221/315 
f 315/221/315 495/320/495 346/239/346 
f 495/320/495 315/221/315 317/223/317 
f 317/223/317 494/362/494 495/320/495 
f 323/6/323 495/320/495 494/362/494 
f 494/362/494 324/6/324 323/6/323 
f 496/363/496 497/364/497 498/365/498 
f 498/365/498 499/366/499 496/363/496 
f 497/364/497 330/6/330 500/25/500 
f 500/25/500 498/365/498 497/364/497 
f 498/365/498 500/25/500 501/6/501 
f 501/6/501 502/367/502 498/365/498 
f 499/366/499 498/365/498 502/367/502 
f 502/367/502 503/368/503 499/366/499 
f 503/368/503 502/367/502 504/369/504 
f 504/369/504 505/370/505 503/368/503 
f 502/367/502 501/6/501 506/6/506 
f 506/6/506 504/369/504 502/367/502 
f 504/369/504 506/6/506 507/6/507 
f 507/6/507 508/371/508 504/369/504 
f 505/370/505 504/369/504 508/371/508 
f 508/371/508 509/372/509 505/370/505 
f 509/372/509 508/371/508 510/319/510 
f 510/319/510 511/247/511 509/372/509 
f 508/371/508 507/6/507 512/25/512 
f 512/25/512 510/319/510 508/371/508 
f 510/319/510 512/25/512 450/6/450 
f 450/6/450 513/239/513 510/319/510 
f 511/247/511 510/319/510 513/239/513 
f 513/239/513 228/159/228 511/247/511 
f 514/228/514 515/373/515 516/374/516 
f 516/374/516 517/375/517 514/228/514 
f 515/373/515 518/376/518 519/377/519 
f 519/377/519 516/374/516 515/373/515 
f 516/374/516 519/377/519 520/239/520 
f 520/239/520 521/378/521 516/374/516 
f 517/375/517 516/374/516 521/378/521 
f 521/378/521 522/379/522 517/375/517 
f 522/379/522 521/378/521 523/380/523 
f 523/380/523 524/381/524 522/379/522 
f 521/378/521 520/239/520 525/382/525 
f 525/382/525 523/380/523 521/378/521 
f 523/380/523 525/382/525 526/209/526 
f 526/209/526 527/383/527 523/380/523 
f 524/381/524 523/380/523 527/383/527 
f 527/383/527 528/384/528 524/381/524 
f 528/384/528 527/383/527 529/6/529 
f 529/6/529 530/385/530 528/384/528 
f 527/383/527 526/209/526 531/386/531 
f 531/386/531 529/6/529 527/383/527 
f 529/6/529 531/386/531 33/11/33 
f 33/11/33 32/12/32 529/6/529 
f 530/385/530 529/6/529 32/12/32 
f 32/12/32 31/15/31 530/385/530 
f 326/227/326 532/387/532 533/384/533 
f 533/384/533 534/388/534 326/227/326 
f 532/387/532 535/389/535 536/266/536 
f 536/266/536 533/384/533 532/387/532 
f 533/384/533 536/266/536 537/390/537 
f 537/390/537 538/391/538 533/384/533 
f 534/388/534 533/384/533 538/391/538 
f 538/391/538 539/392/539 534/388/534 
f 539/392/539 538/391/538 540/393/540 
f 540/393/540 541/394/541 539/392/539 
f 538/391/538 537/390/537 542/395/542 
f 542/395/542 540/393/540 538/391/538 
f 540/393/540 542/395/542 543/396/543 
f 543/396/543 544/397/544 540/393/540 
f 541/394/541 540/393/540 544/397/544 
f 544/397/544 545/341/545 541/394/541 
f 545/341/545 544/397/544 546/398/546 
f 546/398/546 547/180/547 545/341/545 
f 544/397/544 543/396/543 548/399/548 
f 548/399/548 546/398/546 544/397/544 
f 546/398/546 548/399/548 242/91/242 
f 242/91/242 343/236/343 546/398/546 
f 547/180/547 546/398/546 343/236/343 
f 343/236/343 342/235/342 547/180/547 
f 535/389/535 549/400/549 550/381/550 
f 550/381/550 536/266/536 535/389/535 
f 549/400/549 514/228/514 517/375/517 
f 517/375/517 550/381/550 549/400/549 
f 550/381/550 517/375/517 522/379/522 
f 522/379/522 551/401/551 550/381/550 
f 536/266/536 550/381/550 551/401/551 
f 551/401/551 537/390/537 536/266/536 
f 537/390/537 551/401/551 552/279/552 
f 552/279/552 542/395/542 537/390/537 
f 551/401/551 522/379/522 524/381/524 
f 524/381/524 552/279/552 551/401/551 
f 552/279/552 524/381/524 528/384/528 
f 528/384/528 553/402/553 552/279/552 
f 542/395/542 552/279/552 553/402/553 
f 553/402/553 543/396/543 542/395/542 
f 543/396/543 553/402/553 554/403/554 
f 554/403/554 548/399/548 543/396/543 
f 553/402/553 528/384/528 530/385/530 
f 530/385/530 554/403/554 553/402/553 
f 554/403/554 530/385/530 31/15/31 
f 31/15/31 243/110/243 554/403/554 
f 548/399/548 554/403/554 243/110/243 
f 243/110/243 242/91/242 548/399/548 
f 518/376/518 555/404/555 556/405/556 
f 556/405/556 519/377/519 518/376/518 
f 555/404/555 557/406/557 558/407/558 
f 558/407/558 556/405/556 555/404/555 
f 556/405/556 558/407/558 559/248/559 
f 559/248/559 560/408/560 556/405/556 
f 519/377/519 556/405/556 560/408/560 
f 560/408/560 520/239/520 519/377/519 
f 520/239/520 560/408/560 561/409/561 
f 561/409/561 525/382/525 520/239/520 
f 560/408/560 559/248/559 562/222/562 
f 562/222/562 561/409/561 560/408/560 
f 561/409/561 562/222/562 563/410/563 
f 563/410/563 564/411/564 561/409/561 
f 525/382/525 561/409/561 564/411/564 
f 564/411/564 526/209/526 525/382/525 
f 526/209/526 564/411/564 565/194/565 
f 565/194/565 531/386/531 526/209/526 
f 564/411/564 563/410/563 566/412/566 
f 566/412/566 565/194/565 564/411/564 
f 565/194/565 566/412/566 226/157/226 
f 226/157/226 296/194/296 565/194/565 
f 531/386/531 565/194/565 296/194/296 
f 296/194/296 33/11/33 531/386/531 
f 330/6/330 327/228/327 567/413/567 
f 567/413/567 500/25/500 330/6/330 
f 327/228/327 326/227/326 534/388/534 
f 534/388/534 567/413/567 327/228/327 
f 567/413/567 534/388/534 539/392/539 
f 539/392/539 568/414/568 567/413/567 
f 500/25/500 567/413/567 568/414/568 
f 568/414/568 501/6/501 500/25/500 
f 501/6/501 568/414/568 569/415/569 
f 569/415/569 506/6/506 501/6/501 
f 568/414/568 539/392/539 541/394/541 
f 541/394/541 569/415/569 568/414/568 
f 569/415/569 541/394/541 545/341/545 
f 545/341/545 570/416/570 569/415/569 
f 506/6/506 569/415/569 570/416/570 
f 570/416/570 507/6/507 506/6/506 
f 507/6/507 570/416/570 571/273/571 
f 571/273/571 512/25/512 507/6/507 
f 570/416/570 545/341/545 547/180/547 
f 547/180/547 571/273/571 570/416/570 
f 571/273/571 547/180/547 342/235/342 
f 342/235/342 451/272/451 571/273/571 
f 512/25/512 571/273/571 451/272/451 
f 451/272/451 450/6/450 512/25/512 
f 557/406/557 572/417/572 573/418/573 
f 573/418/573 558/407/558 557/406/557 
f 572/417/572 496/363/496 499/366/499 
f 499/366/499 573/418/573 572/417/572 
f 573/418/573 499/366/499 503/368/503 
f 503/368/503 574/419/574 573/418/573 
f 558/407/558 573/418/573 574/419/574 
f 574/419/574 559/248/559 558/407/558 
f 559/248/559 574/419/574 575/420/575 
f 575/420/575 562/222/562 559/248/559 
f 574/419/574 503/368/503 505/370/505 
f 505/370/505 575/420/575 574/419/574 
f 575/420/575 505/370/505 509/372/509 
f 509/372/509 576/421/576 575/420/575 
f 562/222/562 575/420/575 576/421/576 
f 576/421/576 563/410/563 562/222/562 
f 563/410/563 576/421/576 577/249/577 
f 577/249/577 566/412/566 563/410/563 
f 576/421/576 509/372/509 511/247/511 
f 511/247/511 577/249/577 576/421/576 
f 577/249/577 511/247/511 228/159/228 
f 228/159/228 227/158/227 577/249/577 
f 566/412/566 577/249/577 227/158/227 
f 227/158/227 226/157/226 566/412/566 
f 389/6/389 440/239/440 578/239/578 
f 578/239/578 449/6/449 389/6/389 
f 440/239/440 220/153/220 223/153/223 
f 223/153/223 578/239/578 440/239/440 
f 578/239/578 223/153/223 228/159/228 
f 228/159/228 513/239/513 578/239/578 
f 449/6/449 578/239/578 513/239/513 
f 513/239/513 450/6/450 449/6/449 
f 514/228/514 549/400/549 579/422/579 
f 579/422/579 580/228/580 514/228/514 
f 535/389/535 581/423/581 579/422/579 
f 579/422/579 549/400/549 535/389/535 
f 332/228/332 580/228/580 579/422/579 
f 579/422/579 581/423/581 332/228/332 
f 518/376/518 515/373/515 582/424/582 
f 582/424/582 583/376/583 518/376/518 
f 514/228/514 580/6/580 582/424/582 
f 582/424/582 515/373/515 514/228/514 
f 332/376/332 583/376/583 582/424/582 
f 582/424/582 580/6/580 332/376/332 
f 496/363/496 572/417/572 584/425/584 
f 584/425/584 585/363/585 496/363/496 
f 557/406/557 586/404/586 584/425/584 
f 584/425/584 572/417/572 557/406/557 
f 332/363/332 585/363/585 584/425/584 
f 584/425/584 586/404/586 332/363/332 
f 557/406/557 555/404/555 587/426/587 
f 587/426/587 586/406/586 557/406/557 
f 518/376/518 583/367/583 587/426/587 
f 587/426/587 555/404/555 518/376/518 
f 332/406/332 586/406/586 587/426/587 
f 587/426/587 583/367/583 332/406/332 
f 330/6/330 497/364/497 588/427/588 
f 588/427/588 331/6/331 330/6/330 
f 496/363/496 585/428/585 588/427/588 
f 588/427/588 497/364/497 496/363/496 
f 332/6/332 331/6/331 588/427/588 
f 588/427/588 585/428/585 332/6/332 
f 535/389/535 532/387/532 589/429/589 
f 589/429/589 581/389/581 535/389/535 
f 326/227/326 329/430/329 589/429/589 
f 589/429/589 532/387/532 326/227/326 
f 332/389/332 581/389/581 589/429/589 
f 589/429/589 329/430/329 332/389/332 
f 590/431/590 591/432/591 592/433/592 
f 592/433/592 593/434/593 590/431/590 
f 591/432/591 594/3/594 595/435/595 
f 595/435/595 592/433/592 591/432/591 
f 592/433/592 595/435/595 596/436/596 
f 596/436/596 597/437/597 592/433/592 
f 593/434/593 592/433/592 597/437/597 
f 597/437/597 598/438/598 593/434/593 
f 598/438/598 597/437/597 599/439/599 
f 599/439/599 600/440/600 598/438/598 
f 597/437/597 596/436/596 601/441/601 
f 601/441/601 599/439/599 597/437/597 
f 599/439/599 601/441/601 602/442/602 
f 602/442/602 603/443/603 599/439/599 
f 600/440/600 599/439/599 603/443/603 
f 603/443/603 604/444/604 600/440/600 
f 604/444/604 603/443/603 605/445/605 
f 605/445/605 606/446/606 604/444/604 
f 603/443/603 602/442/602 607/447/607 
f 607/447/607 605/445/605 603/443/603 
f 605/445/605 607/447/607 608/448/608 
f 608/448/608 609/449/609 605/445/605 
f 606/446/606 605/445/605 609/449/609 
f 609/449/609 610/450/610 606/446/606 
f 610/450/610 609/449/609 611/451/611 
f 611/451/611 612/452/612 610/450/610 
f 609/449/609 608/448/608 613/453/613 
f 613/453/613 611/451/611 609/449/609 
f 611/451/611 613/453/613 614/454/614 
f 614/454/614 615/455/615 611/451/611 
f 612/452/612 611/451/611 615/455/615 
f 615/455/615 616/456/616 612/452/612 
f 616/456/616 615/455/615 617/457/617 
f 617/457/617 618/458/618 616/456/616 
f 615/455/615 614/454/614 619/459/619 
f 619/459/619 617/457/617 615/455/615 
f 617/457/617 619/459/619 620/460/620 
f 620/460/620 621/461/621 617/457/617 
f 618/458/618 617/457/617 621/461/621 
f 621/461/621 622/462/622 618/458/618 
f 622/462/622 621/461/621 623/463/623 
f 623/463/623 624/464/624 622/462/622 
f 621/461/621 620/460/620 625/465/625 
f 625/465/625 623/463/623 621/461/621 
f 623/463/623 625/465/625 626/466/626 
f 626/466/626 627/467/627 623/463/623 
f 624/464/624 623/463/623 627/467/627 
f 627/467/627 628/468/628 624/464/624 
f 628/468/628 627/467/627 629/469/629 
f 629/469/629 630/470/630 628/468/628 
f 627/467/627 626/466/626 631/471/631 
f 631/471/631 629/469/629 627/467/627 
f 629/469/629 631/471/631 632/472/632 
f 632/472/632 633/473/633 629/469/629 
f 630/470/630 629/469/629 633/473/633 
f 633/473/633 634/474/634 630/470/630 
f 634/474/634 633/473/633 635/475/635 
f 635/475/635 636/476/636 634/474/634 
f 633/473/633 632/472/632 637/477/637 
f 637/477/637 635/475/635 633/473/633 
f 635/475/635 637/477/637 638/478/638 
f 638/478/638 639/479/639 635/475/635 
f 636/476/636 635/475/635 639/479/639 
f 639/479/639 640/480/640 636/476/636 
f 640/480/640 639/479/639 641/481/641 
f 641/481/641 642/482/642 640/480/640 
f 639/479/639 638/478/638 643/483/643 
f 643/483/643 641/481/641 639/479/639 
f 641/481/641 643/483/643 644/484/644 
f 644/484/644 645/485/645 641/481/641 
f 642/482/642 641/481/641 645/485/645 
f 645/485/645 646/486/646 642/482/642 
f 646/486/646 645/485/645 647/487/647 
f 647/487/647 648/488/648 646/486/646 
f 645/485/645 644/484/644 649/489/649 
f 649/489/649 647/487/647 645/485/645 
f 647/487/647 649/489/649 650/490/650 
f 650/490/650 651/491/651 647/487/647 
f 648/488/648 647/487/647 651/491/651 
f 651/491/651 652/492/652 648/488/648 
f 652/492/652 651/491/651 653/493/653 
f 653/493/653 654/494/654 652/492/652 
f 651/491/651 650/490/650 655/495/655 
f 655/495/655 653/493/653 651/491/651 
f 653/493/653 655/495/655 656/496/656 
f 656/496/656 657/497/657 653/493/653 
f 654/494/654 653/493/653 657/497/657 
f 657/497/657 658/498/658 654/494/654 
f 658/498/658 657/497/657 659/499/659 
f 659/499/659 660/500/660 658/498/658 
f 657/497/657 656/496/656 661/501/661 
f 661/501/661 659/499/659 657/497/657 
f 659/499/659 661/501/661 662/502/662 
f 662/502/662 663/503/663 659/499/659 
f 660/500/660 659/499/659 663/503/663 
f 663/503/663 664/504/664 660/500/660 
f 664/504/664 663/503/663 665/505/665 
f 665/505/665 666/506/666 664/504/664 
f 663/503/663 662/502/662 667/507/667 
f 667/507/667 665/505/665 663/503/663 
f 665/505/665 667/507/667 668/508/668 
f 668/508/668 669/509/669 665/505/665 
f 666/506/666 665/505/665 669/509/669 
f 669/509/669 670/510/670 666/506/666 
f 670/510/670 669/509/669 671/511/671 
f 671/511/671 672/512/672 670/510/670 
f 669/509/669 668/508/668 673/513/673 
f 673/513/673 671/511/671 669/509/669 
f 671/511/671 673/513/673 674/514/674 
f 674/514/674 675/515/675 671/511/671 
f 672/512/672 671/511/671 675/515/675 
f 675/515/675 676/516/676 672/512/672 
f 676/516/676 675/515/675 677/517/677 
f 677/517/677 678/518/678 676/516/676 
f 675/515/675 674/514/674 679/519/679 
f 679/519/679 677/517/677 675/515/675 
f 677/517/677 679/519/679 680/520/680 
f 680/520/680 681/521/681 677/517/677 
f 678/518/678 677/517/677 681/521/681 
f 681/521/681 682/522/682 678/518/678 
f 682/522/682 681/521/681 683/523/683 
f 683/523/683 684/524/684 682/522/682 
f 681/521/681 680/520/680 685/525/685 
f 685/525/685 683/523/683 681/521/681 
f 683/523/683 685/525/685 686/526/686 
f 686/526/686 687/527/687 683/523/683 
f 684/524/684 683/523/683 687/527/687 
f 687/527/687 688/528/688 684/524/684 
f 688/528/688 687/527/687 689/529/689 
f 689/529/689 690/530/690 688/528/688 
f 687/527/687 686/526/686 691/531/691 
f 691/531/691 689/529/689 687/527/687 
f 689/529/689 691/531/691 692/532/692 
f 692/532/692 693/533/693 689/529/689 
f 690/530/690 689/529/689 693/533/693 
f 693/533/693 694/534/694 690/530/690 
f 694/534/694 693/533/693 695/535/695 
f 695/535/695 696/536/696 694/534/694 
f 693/533/693 692/532/692 697/537/697 
f 697/537/697 695/535/695 693/533/693 
f 695/535/695 697/537/697 698/538/698 
f 698/538/698 699/539/699 695/535/695 
f 696/536/696 695/535/695 699/539/699 
f 699/539/699 700/540/700 696/536/696 
f 700/540/700 699/539/699 701/541/701 
f 701/541/701 702/542/702 700/540/700 
f 699/539/699 698/538/698 703/543/703 
f 703/543/703 701/541/701 699/539/699 
f 701/541/701 703/543/703 704/544/704 
f 704/544/704 705/545/705 701/541/701 
f 702/542/702 701/541/701 705/545/705 
f 705/545/705 706/546/706 702/542/702 
f 706/546/706 705/545/705 707/547/707 
f 707/547/707 708/548/708 706/546/706 
f 705/545/705 704/544/704 709/549/709 
f 709/549/709 707/547/707 705/545/705 
f 707/547/707 709/549/709 710/550/710 
f 710/550/710 711/551/711 707/547/707 
f 708/548/708 707/547/707 711/551/711 
f 711/551/711 712/552/712 708/548/708 
f 712/552/712 711/551/711 713/553/713 
f 713/553/713 714/554/714 712/552/712 
f 711/551/711 710/550/710 715/555/715 
f 715/555/715 713/553/713 711/551/711 
f 713/553/713 715/555/715 716/556/716 
f 716/556/716 717/557/717 713/553/713 
f 714/554/714 713/553/713 717/557/717 
f 717/557/717 718/558/718 714/554/714 
f 718/558/718 717/557/717 719/559/719 
f 719/559/719 720/560/720 718/558/718 
f 717/557/717 716/556/716 721/561/721 
f 721/561/721 719/559/719 717/557/717 
f 719/559/719 721/561/721 722/562/722 
f 722/562/722 723/563/723 719/559/719 
f 720/560/720 719/559/719 723/563/723 
f 723/563/723 724/564/724 720/560/720 
f 724/564/724 723/563/723 725/565/725 
f 725/565/725 726/566/726 724/564/724 
f 723/563/723 722/562/722 727/567/727 
f 727/567/727 725/565/725 723/563/723 
f 725/565/725 727/567/727 728/568/728 
f 728/568/728 729/569/729 725/565/725 
f 726/566/726 725/565/725 729/569/729 
f 729/569/729 730/570/730 726/566/726 
f 730/570/730 729/569/729 731/571/731 
f 731/571/731 732/572/732 730/570/730 
f 729/569/729 728/568/728 733/573/733 
f 733/573/733 731/571/731 729/569/729 
f 731/571/731 733/573/733 734/574/734 
f 734/574/734 735/575/735 731/571/731 
f 732/572/732 731/571/731 735/575/735 
f 735/575/735 736/576/736 732/572/732 
f 736/576/736 735/575/735 737/577/737 
f 737/577/737 738/578/738 736/576/736 
f 735/575/735 734/574/734 739/579/739 
f 739/579/739 737/577/737 735/575/735 
f 737/577/737 739/579/739 740/580/740 
f 740/580/740 741/581/741 737/577/737 
f 738/578/738 737/577/737 741/581/741 
f 741/581/741 742/582/742 738/578/738 
f 742/582/742 741/581/741 743/583/743 
f 743/583/743 744/584/744 742/582/742 
f 741/581/741 740/580/740 745/585/745 
f 745/585/745 743/583/743 741/581/741 
f 743/583/743 745/585/745 746/586/746 
f 746/586/746 747/587/747 743/583/743 
f 744/584/744 743/583/743 747/587/747 
f 747/587/747 748/588/748 744/584/744 
f 748/588/748 747/587/747 749/589/749 
f 749/589/749 750/590/750 748/588/748 
f 747/587/747 746/586/746 751/591/751 
f 751/591/751 749/589/749 747/587/747 
f 749/589/749 751/591/751 752/592/752 
f 752/592/752 753/593/753 749/589/749 
f 750/590/750 749/589/749 753/593/753 
f 753/593/753 754/594/754 750/590/750 
f 754/594/754 753/593/753 755/595/755 
f 755/595/755 756/596/756 754/594/754 
f 753/593/753 752/592/752 757/597/757 
f 757/597/757 755/595/755 753/593/753 
f 755/595/755 757/597/757 758/598/758 
f 758/598/758 759/599/759 755/595/755 
f 756/596/756 755/595/755 759/599/759 
f 759/599/759 760/600/760 756/596/756 
f 760/600/760 759/599/759 761/601/761 
f 761/601/761 762/602/762 760/600/760 
f 759/599/759 758/598/758 763/603/763 
f 763/603/763 761/601/761 759/599/759 
f 761/601/761 763/603/763 764/604/764 
f 764/604/764 765/605/765 761/601/761 
f 762/602/762 761/601/761 765/605/765 
f 765/605/765 766/606/766 762/602/762 
f 766/606/766 765/605/765 767/607/767 
f 767/607/767 768/608/768 766/606/766 
f 765/605/765 764/604/764 769/609/769 
f 769/609/769 767/607/767 765/605/765 
f 767/607/767 769/609/769 770/610/770 
f 770/610/770 771/611/771 767/607/767 
f 768/608/768 767/607/767 771/611/771 
f 771/611/771 772/612/772 768/608/768 
f 773/613/773 774/614/774 775/614/775 
f 775/614/775 776/613/776 773/613/773 
f 774/614/774 777/615/777 778/615/778 
f 778/615/778 775/614/775 774/614/774 
f 775/614/775 778/615/778 779/615/779 
f 779/615/779 780/614/780 775/614/775 
f 776/613/776 775/614/775 780/614/780 
f 780/614/780 781/613/781 776/613/776 
f 772/612/772 771/611/771 782/616/782 
f 782/616/782 783/617/783 772/612/772 
f 771/611/771 770/610/770 784/618/784 
f 784/618/784 782/616/782 771/611/771 
f 782/616/782 784/618/784 785/619/785 
f 785/619/785 786/620/786 782/616/782 
f 783/617/783 782/616/782 786/620/786 
f 786/620/786 787/621/787 783/617/783 
f 787/621/787 786/620/786 788/622/788 
f 788/622/788 789/623/789 787/621/787 
f 786/620/786 785/619/785 790/624/790 
f 790/624/790 788/622/788 786/620/786 
f 788/622/788 790/624/790 594/7/594 
f 594/7/594 591/625/591 788/622/788 
f 789/623/789 788/622/788 591/625/591 
f 591/625/591 590/626/590 789/623/789 
f 787/621/787 789/623/789 791/627/791 
f 791/627/791 792/628/792 787/621/787 
f 789/623/789 590/626/590 793/626/793 
f 793/626/793 791/627/791 789/623/789 
f 791/627/791 793/626/793 794/626/794 
f 794/626/794 795/629/795 791/627/791 
f 792/628/792 791/627/791 795/629/795 
f 795/629/795 796/630/796 792/628/792 
f 700/540/700 702/542/702 797/631/797 
f 797/631/797 798/632/798 700/540/700 
f 702/542/702 706/546/706 799/633/799 
f 799/633/799 797/631/797 702/542/702 
f 797/631/797 799/633/799 800/634/800 
f 800/634/800 801/635/801 797/631/797 
f 798/632/798 797/631/797 801/635/801 
f 801/635/801 802/636/802 798/632/798 
f 622/462/622 624/464/624 803/637/803 
f 803/637/803 804/638/804 622/462/622 
f 624/464/624 628/468/628 805/639/805 
f 805/639/805 803/637/803 624/464/624 
f 803/637/803 805/639/805 806/640/806 
f 806/640/806 807/641/807 803/637/803 
f 804/638/804 803/637/803 807/641/807 
f 807/641/807 808/642/808 804/638/804 
f 706/546/706 708/548/708 809/643/809 
f 809/643/809 799/633/799 706/546/706 
f 708/548/708 712/552/712 810/644/810 
f 810/644/810 809/643/809 708/548/708 
f 809/643/809 810/644/810 811/645/811 
f 811/645/811 812/646/812 809/643/809 
f 799/633/799 809/643/809 812/646/812 
f 812/646/812 800/634/800 799/633/799 
f 628/468/628 630/470/630 813/647/813 
f 813/647/813 805/639/805 628/468/628 
f 630/470/630 634/474/634 814/648/814 
f 814/648/814 813/647/813 630/470/630 
f 813/647/813 814/648/814 815/649/815 
f 815/649/815 816/650/816 813/647/813 
f 805/639/805 813/647/813 816/650/816 
f 816/650/816 806/640/806 805/639/805 
f 712/552/712 714/554/714 817/651/817 
f 817/651/817 810/644/810 712/552/712 
f 714/554/714 718/558/718 818/652/818 
f 818/652/818 817/651/817 714/554/714 
f 817/651/817 818/652/818 819/653/819 
f 819/653/819 820/654/820 817/651/817 
f 810/644/810 817/651/817 820/654/820 
f 820/654/820 811/645/811 810/644/810 
f 634/474/634 636/476/636 821/655/821 
f 821/655/821 814/648/814 634/474/634 
f 636/476/636 640/480/640 822/656/822 
f 822/656/822 821/655/821 636/476/636 
f 821/655/821 822/656/822 823/657/823 
f 823/657/823 824/658/824 821/655/821 
f 814/648/814 821/655/821 824/658/824 
f 824/658/824 815/649/815 814/648/814 
f 718/558/718 720/560/720 825/659/825 
f 825/659/825 818/652/818 718/558/718 
f 720/560/720 724/564/724 826/660/826 
f 826/660/826 825/659/825 720/560/720 
f 825/659/825 826/660/826 827/661/827 
f 827/661/827 828/662/828 825/659/825 
f 818/652/818 825/659/825 828/662/828 
f 828/662/828 819/653/819 818/652/818 
f 640/480/640 642/482/642 829/663/829 
f 829/663/829 822/656/822 640/480/640 
f 642/482/642 646/486/646 830/664/830 
f 830/664/830 829/663/829 642/482/642 
f 829/663/829 830/664/830 831/665/831 
f 831/665/831 832/666/832 829/663/829 
f 822/656/822 829/663/829 832/666/832 
f 832/666/832 823/657/823 822/656/822 
f 724/564/724 726/566/726 833/667/833 
f 833/667/833 826/660/826 724/564/724 
f 726/566/726 730/570/730 834/668/834 
f 834/668/834 833/667/833 726/566/726 
f 833/667/833 834/668/834 835/669/835 
f 835/669/835 836/670/836 833/667/833 
f 826/660/826 833/667/833 836/670/836 
f 836/670/836 827/661/827 826/660/826 
f 646/486/646 648/488/648 837/671/837 
f 837/671/837 830/664/830 646/486/646 
f 648/488/648 652/492/652 838/672/838 
f 838/672/838 837/671/837 648/488/648 
f 837/671/837 838/672/838 839/673/839 
f 839/673/839 840/674/840 837/671/837 
f 830/664/830 837/671/837 840/674/840 
f 840/674/840 831/665/831 830/664/830 
f 730/570/730 732/572/732 841/675/841 
f 841/675/841 834/668/834 730/570/730 
f 732/572/732 736/576/736 842/676/842 
f 842/676/842 841/675/841 732/572/732 
f 841/675/841 842/676/842 843/677/843 
f 843/677/843 844/678/844 841/675/841 
f 834/668/834 841/675/841 844/678/844 
f 844/678/844 835/669/835 834/668/834 
f 652/492/652 654/494/654 845/679/845 
f 845/679/845 838/672/838 652/492/652 
f 654/494/654 658/498/658 846/680/846 
f 846/680/846 845/679/845 654/494/654 
f 845/679/845 846/680/846 847/681/847 
f 847/681/847 848/682/848 845/679/845 
f 838/672/838 845/679/845 848/682/848 
f 848/682/848 839/673/839 838/672/838 
f 736/576/736 738/578/738 849/683/849 
f 849/683/849 842/676/842 736/576/736 
f 738/578/738 742/582/742 850/684/850 
f 850/684/850 849/683/849 738/578/738 
f 849/683/849 850/684/850 851/685/851 
f 851/685/851 852/686/852 849/683/849 
f 842/676/842 849/683/849 852/686/852 
f 852/686/852 843/677/843 842/676/842 
f 658/498/658 660/500/660 853/687/853 
f 853/687/853 846/680/846 658/498/658 
f 660/500/660 664/504/664 854/688/854 
f 854/688/854 853/687/853 660/500/660 
f 853/687/853 854/688/854 855/689/855 
f 855/689/855 856/690/856 853/687/853 
f 846/680/846 853/687/853 856/690/856 
f 856/690/856 847/681/847 846/680/846 
f 742/582/742 744/584/744 857/691/857 
f 857/691/857 850/684/850 742/582/742 
f 744/584/744 748/588/748 858/692/858 
f 858/692/858 857/691/857 744/584/744 
f 857/691/857 858/692/858 859/693/859 
f 859/693/859 860/694/860 857/691/857 
f 850/684/850 857/691/857 860/694/860 
f 860/694/860 851/685/851 850/684/850 
f 664/504/664 666/506/666 861/695/861 
f 861/695/861 854/688/854 664/504/664 
f 666/506/666 670/510/670 862/696/862 
f 862/696/862 861/695/861 666/506/666 
f 861/695/861 862/696/862 863/697/863 
f 863/697/863 864/698/864 861/695/861 
f 854/688/854 861/695/861 864/698/864 
f 864/698/864 855/689/855 854/688/854 
f 748/588/748 750/590/750 865/699/865 
f 865/699/865 858/692/858 748/588/748 
f 750/590/750 754/594/754 866/700/866 
f 866/700/866 865/699/865 750/590/750 
f 865/699/865 866/700/866 867/701/867 
f 867/701/867 868/702/868 865/699/865 
f 858/692/858 865/699/865 868/702/868 
f 868/702/868 859/693/859 858/692/858 
f 670/510/670 672/512/672 869/703/869 
f 869/703/869 862/696/862 670/510/670 
f 672/512/672 676/516/676 870/704/870 
f 870/704/870 869/703/869 672/512/672 
f 869/703/869 870/704/870 871/705/871 
f 871/705/871 872/706/872 869/703/869 
f 862/696/862 869/703/869 872/706/872 
f 872/706/872 863/697/863 862/696/862 
f 590/431/590 593/434/593 873/707/873 
f 873/707/873 793/431/793 590/431/590 
f 593/434/593 598/438/598 874/708/874 
f 874/708/874 873/707/873 593/434/593 
f 873/707/873 874/708/874 875/709/875 
f 875/709/875 876/710/876 873/707/873 
f 793/431/793 873/707/873 876/710/876 
f 876/710/876 794/431/794 793/431/793 
f 754/594/754 756/596/756 877/711/877 
f 877/711/877 866/700/866 754/594/754 
f 756/596/756 760/600/760 878/712/878 
f 878/712/878 877/711/877 756/596/756 
f 877/711/877 878/712/878 879/713/879 
f 879/713/879 880/714/880 877/711/877 
f 866/700/866 877/711/877 880/714/880 
f 880/714/880 867/701/867 866/700/866 
f 676/516/676 678/518/678 881/715/881 
f 881/715/881 870/704/870 676/516/676 
f 678/518/678 682/522/682 882/716/882 
f 882/716/882 881/715/881 678/518/678 
f 881/715/881 882/716/882 883/717/883 
f 883/717/883 884/718/884 881/715/881 
f 870/704/870 881/715/881 884/718/884 
f 884/718/884 871/705/871 870/704/870 
f 598/438/598 600/440/600 885/719/885 
f 885/719/885 874/708/874 598/438/598 
f 600/440/600 604/444/604 886/720/886 
f 886/720/886 885/719/885 600/440/600 
f 885/719/885 886/720/886 887/721/887 
f 887/721/887 888/722/888 885/719/885 
f 874/708/874 885/719/885 888/722/888 
f 888/722/888 875/709/875 874/708/874 
f 760/600/760 762/602/762 889/723/889 
f 889/723/889 878/712/878 760/600/760 
f 762/602/762 766/606/766 890/724/890 
f 890/724/890 889/723/889 762/602/762 
f 889/723/889 890/724/890 891/725/891 
f 891/725/891 892/726/892 889/723/889 
f 878/712/878 889/723/889 892/726/892 
f 892/726/892 879/713/879 878/712/878 
f 682/522/682 684/524/684 893/727/893 
f 893/727/893 882/716/882 682/522/682 
f 684/524/684 688/528/688 894/728/894 
f 894/728/894 893/727/893 684/524/684 
f 893/727/893 894/728/894 895/729/895 
f 895/729/895 896/730/896 893/727/893 
f 882/716/882 893/727/893 896/730/896 
f 896/730/896 883/717/883 882/716/882 
f 604/444/604 606/446/606 897/731/897 
f 897/731/897 886/720/886 604/444/604 
f 606/446/606 610/450/610 898/732/898 
f 898/732/898 897/731/897 606/446/606 
f 897/731/897 898/732/898 899/733/899 
f 899/733/899 900/734/900 897/731/897 
f 886/720/886 897/731/897 900/734/900 
f 900/734/900 887/721/887 886/720/886 
f 766/606/766 768/608/768 901/735/901 
f 901/735/901 890/724/890 766/606/766 
f 768/608/768 772/612/772 902/736/902 
f 902/736/902 901/735/901 768/608/768 
f 901/735/901 902/736/902 903/737/903 
f 903/737/903 904/738/904 901/735/901 
f 890/724/890 901/735/901 904/738/904 
f 904/738/904 891/725/891 890/724/890 
f 688/528/688 690/530/690 905/739/905 
f 905/739/905 894/728/894 688/528/688 
f 690/530/690 694/534/694 906/740/906 
f 906/740/906 905/739/905 690/530/690 
f 905/739/905 906/740/906 907/741/907 
f 907/741/907 908/742/908 905/739/905 
f 894/728/894 905/739/905 908/742/908 
f 908/742/908 895/729/895 894/728/894 
f 610/450/610 612/452/612 909/743/909 
f 909/743/909 898/732/898 610/450/610 
f 612/452/612 616/456/616 910/744/910 
f 910/744/910 909/743/909 612/452/612 
f 909/743/909 910/744/910 911/745/911 
f 911/745/911 912/746/912 909/743/909 
f 898/732/898 909/743/909 912/746/912 
f 912/746/912 899/733/899 898/732/898 
f 772/612/772 783/617/783 913/747/913 
f 913/747/913 902/736/902 772/612/772 
f 783/617/783 787/621/787 792/628/792 
f 792/628/792 913/747/913 783/617/783 
f 913/747/913 792/628/792 796/630/796 
f 796/630/796 914/748/914 913/747/913 
f 902/736/902 913/747/913 914/748/914 
f 914/748/914 903/737/903 902/736/902 
f 694/534/694 696/536/696 915/749/915 
f 915/749/915 906/740/906 694/534/694 
f 696/536/696 700/540/700 798/632/798 
f 798/632/798 915/749/915 696/536/696 
f 915/749/915 798/632/798 802/636/802 
f 802/636/802 916/750/916 915/749/915 
f 906/740/906 915/749/915 916/750/916 
f 916/750/916 907/741/907 906/740/906 
f 616/456/616 618/458/618 917/751/917 
f 917/751/917 910/744/910 616/456/616 
f 618/458/618 622/462/622 804/638/804 
f 804/638/804 917/751/917 618/458/618 
f 917/751/917 804/638/804 808/642/808 
f 808/642/808 918/752/918 917/751/917 
f 910/744/910 917/751/917 918/752/918 
f 918/752/918 911/745/911 910/744/910 
f 919/753/919 920/754/920 921/755/921 
f 921/755/921 922/756/922 923/757/923 
f 923/757/923 924/758/924 925/759/925 
f 921/755/921 923/757/923 925/759/925 
f 925/759/925 926/760/926 927/761/927 
f 927/761/927 928/762/928 929/763/929 
f 925/759/925 927/761/927 929/763/929 
f 929/763/929 930/764/930 931/765/931 
f 931/765/931 932/766/932 933/767/933 
f 929/763/929 931/765/931 933/767/933 
f 925/759/925 929/763/929 933/767/933 
f 933/767/933 934/768/934 935/769/935 
f 935/769/935 936/770/936 937/771/937 
f 933/767/933 935/769/935 937/771/937 
f 937/771/937 938/772/938 939/773/939 
f 939/773/939 940/774/940 941/775/941 
f 937/771/937 939/773/939 941/775/941 
f 933/767/933 937/771/937 941/775/941 
f 941/775/941 942/776/942 943/777/943 
f 943/777/943 944/778/944 945/779/945 
f 941/775/941 943/777/943 945/779/945 
f 945/779/945 946/780/946 947/781/947 
f 947/781/947 948/782/948 949/783/949 
f 945/779/945 947/781/947 949/783/949 
f 941/775/941 945/779/945 949/783/949 
f 933/767/933 941/775/941 949/783/949 
f 949/783/949 950/784/950 951/785/951 
f 951/785/951 952/786/952 953/787/953 
f 949/783/949 951/785/951 953/787/953 
f 953/787/953 954/788/954 955/789/955 
f 955/789/955 956/790/956 957/791/957 
f 953/787/953 955/789/955 957/791/957 
f 949/783/949 953/787/953 957/791/957 
f 957/791/957 958/792/958 959/793/959 
f 959/793/959 960/794/960 961/795/961 
f 957/791/957 959/793/959 961/795/961 
f 961/795/961 962/796/962 963/797/963 
f 963/797/963 964/798/964 965/799/965 
f 961/795/961 963/797/963 965/799/965 
f 957/791/957 961/795/961 965/799/965 
f 949/783/949 957/791/957 965/799/965 
f 965/799/965 966/800/966 967/801/967 
f 967/801/967 968/802/968 969/803/969 
f 965/799/965 967/801/967 969/803/969 
f 969/803/969 970/804/970 971/805/971 
f 971/805/971 972/806/972 973/807/973 
f 969/803/969 971/805/971 973/807/973 
f 965/799/965 969/803/969 973/807/973 
f 973/807/973 974/808/974 975/809/975 
f 975/809/975 976/810/976 977/811/977 
f 973/807/973 975/809/975 977/811/977 
f 977/811/977 978/812/978 979/813/979 
f 979/813/979 980/814/980 981/815/981 
f 977/811/977 979/813/979 981/815/981 
f 973/807/973 977/811/977 981/815/981 
f 965/799/965 973/807/973 981/815/981 
f 949/783/949 965/799/965 981/815/981 
f 933/767/933 949/783/949 981/815/981 
f 925/759/925 933/767/933 981/815/981 
f 921/755/921 925/759/925 981/815/981 
f 919/753/919 921/755/921 981/815/981 
f 982/816/982 919/753/919 981/815/981 
f 982/816/982 796/630/796 795/629/795 
f 795/629/795 919/753/919 982/816/982 
f 919/753/919 795/629/795 794/626/794 
f 794/626/794 920/817/920 919/753/919 
f 980/814/980 903/737/903 914/748/914 
f 914/748/914 981/815/981 980/814/980 
f 981/815/981 914/748/914 796/630/796 
f 796/630/796 982/816/982 981/815/981 
f 978/812/978 891/725/891 904/738/904 
f 904/738/904 979/813/979 978/812/978 
f 979/813/979 904/738/904 903/737/903 
f 903/737/903 980/814/980 979/813/979 
f 976/810/976 879/713/879 892/726/892 
f 892/726/892 977/811/977 976/810/976 
f 977/811/977 892/726/892 891/725/891 
f 891/725/891 978/812/978 977/811/977 
f 974/808/974 867/701/867 880/714/880 
f 880/714/880 975/809/975 974/808/974 
f 975/809/975 880/714/880 879/713/879 
f 879/713/879 976/810/976 975/809/975 
f 972/806/972 859/693/859 868/702/868 
f 868/702/868 973/807/973 972/806/972 
f 973/807/973 868/702/868 867/701/867 
f 867/701/867 974/808/974 973/807/973 
f 970/804/970 851/685/851 860/694/860 
f 860/694/860 971/805/971 970/804/970 
f 971/805/971 860/694/860 859/693/859 
f 859/693/859 972/806/972 971/805/971 
f 968/802/968 843/677/843 852/686/852 
f 852/686/852 969/803/969 968/802/968 
f 969/803/969 852/686/852 851/685/851 
f 851/685/851 970/804/970 969/803/969 
f 966/800/966 835/669/835 844/678/844 
f 844/678/844 967/801/967 966/800/966 
f 967/801/967 844/678/844 843/677/843 
f 843/677/843 968/802/968 967/801/967 
f 964/798/964 827/661/827 836/670/836 
f 836/670/836 965/799/965 964/798/964 
f 965/799/965 836/670/836 835/669/835 
f 835/669/835 966/800/966 965/799/965 
f 962/796/962 819/653/819 828/662/828 
f 828/662/828 963/797/963 962/796/962 
f 963/797/963 828/662/828 827/661/827 
f 827/661/827 964/798/964 963/797/963 
f 960/794/960 811/645/811 820/654/820 
f 820/654/820 961/795/961 960/794/960 
f 961/795/961 820/654/820 819/653/819 
f 819/653/819 962/796/962 961/795/961 
f 958/792/958 800/634/800 812/646/812 
f 812/646/812 959/793/959 958/792/958 
f 959/793/959 812/646/812 811/645/811 
f 811/645/811 960/794/960 959/793/959 
f 956/790/956 802/636/802 801/635/801 
f 801/635/801 957/791/957 956/790/956 
f 957/791/957 801/635/801 800/634/800 
f 800/634/800 958/792/958 957/791/957 
f 954/788/954 907/741/907 916/750/916 
f 916/750/916 955/789/955 954/788/954 
f 955/789/955 916/750/916 802/636/802 
f 802/636/802 956/790/956 955/789/955 
f 952/786/952 895/729/895 908/742/908 
f 908/742/908 953/787/953 952/786/952 
f 953/787/953 908/742/908 907/741/907 
f 907/741/907 954/788/954 953/787/953 
f 950/784/950 883/717/883 896/730/896 
f 896/730/896 951/785/951 950/784/950 
f 951/785/951 896/730/896 895/729/895 
f 895/729/895 952/786/952 951/785/951 
f 948/782/948 871/705/871 884/718/884 
f 884/718/884 949/783/949 948/782/948 
f 949/783/949 884/718/884 883/717/883 
f 883/717/883 950/784/950 949/783/949 
f 946/780/946 863/697/863 872/706/872 
f 872/706/872 947/781/947 946/780/946 
f 947/781/947 872/706/872 871/705/871 
f 871/705/871 948/782/948 947/781/947 
f 944/778/944 855/689/855 864/698/864 
f 864/698/864 945/779/945 944/778/944 
f 945/779/945 864/698/864 863/697/863 
f 863/697/863 946/780/946 945/779/945 
f 942/776/942 847/681/847 856/690/856 
f 856/690/856 943/777/943 942/776/942 
f 943/777/943 856/690/856 855/689/855 
f 855/689/855 944/778/944 943/777/943 
f 940/774/940 839/673/839 848/682/848 
f 848/682/848 941/775/941 940/774/940 
f 941/775/941 848/682/848 847/681/847 
f 847/681/847 942/776/942 941/775/941 
f 938/772/938 831/665/831 840/674/840 
f 840/674/840 939/773/939 938/772/938 
f 939/773/939 840/674/840 839/673/839 
f 839/673/839 940/774/940 939/773/939 
f 936/770/936 823/657/823 832/666/832 
f 832/666/832 937/771/937 936/770/936 
f 937/771/937 832/666/832 831/665/831 
f 831/665/831 938/772/938 937/771/937 
f 934/768/934 815/649/815 824/658/824 
f 824/658/824 935/769/935 934/768/934 
f 935/769/935 824/658/824 823/657/823 
f 823/657/823 936/770/936 935/769/935 
f 932/766/932 806/640/806 816/650/816 
f 816/650/816 933/767/933 932/766/932 
f 933/767/933 816/650/816 815/649/815 
f 815/649/815 934/768/934 933/767/933 
f 930/764/930 808/642/808 807/641/807 
f 807/641/807 931/765/931 930/764/930 
f 931/765/931 807/641/807 806/640/806 
f 806/640/806 932/766/932 931/765/931 
f 928/762/928 911/745/911 918/752/918 
f 918/752/918 929/763/929 928/762/928 
f 929/763/929 918/752/918 808/642/808 
f 808/642/808 930/764/930 929/763/929 
f 926/760/926 899/733/899 912/746/912 
f 912/746/912 927/761/927 926/760/926 
f 927/761/927 912/746/912 911/745/911 
f 911/745/911 928/762/928 927/761/927 
f 924/758/924 887/721/887 900/734/900 
f 900/734/900 925/759/925 924/758/924 
f 925/759/925 900/734/900 899/733/899 
f 899/733/899 926/760/926 925/759/925 
f 922/756/922 875/709/875 888/722/888 
f 888/722/888 923/757/923 922/756/922 
f 923/757/923 888/722/888 887/721/887 
f 887/721/887 924/758/924 923/757/923 
f 920/754/920 794/431/794 876/710/876 
f 876/710/876 921/755/921 920/754/920 
f 921/755/921 876/710/876 875/709/875 
f 875/709/875 922/756/922 921/755/921 
f 983/818/983 984/819/984 985/819/985 
f 985/819/985 986/818/986 983/818/983 
f 984/819/984 987/820/987 988/820/988 
f 988/820/988 985/819/985 984/819/984 
f 985/819/985 988/820/988 989/820/989 
f 989/820/989 990/819/990 985/819/985 
f 986/818/986 985/819/985 990/819/990 
f 990/819/990 991/818/991 986/818/986 
f 992/478/992 993/477/993 994/477/994 
f 994/477/994 995/478/995 992/478/992 
f 993/477/993 996/472/996 997/821/997 
f 997/821/997 994/477/994 993/477/993 
f 994/477/994 997/821/997 998/821/998 
f 998/821/998 999/477/999 994/477/994 
f 995/478/995 994/477/994 999/477/999 
f 999/477/999 1000/478/1000 995/478/995 
f 1001/822/1001 1002/823/1002 1003/823/1003 
f 1003/823/1003 1004/822/1004 1001/822/1001 
f 1002/823/1002 773/613/773 776/613/776 
f 776/613/776 1003/823/1003 1002/823/1002 
f 1003/823/1003 776/613/776 781/613/781 
f 781/613/781 1005/823/1005 1003/823/1003 
f 1004/822/1004 1003/823/1003 1005/823/1005 
f 1005/823/1005 1006/822/1006 1004/822/1004 
f 1007/824/1007 1008/825/1008 1009/825/1009 
f 1009/825/1009 1010/824/1010 1007/824/1007 
f 1008/825/1008 992/478/992 995/478/995 
f 995/478/995 1009/825/1009 1008/825/1008 
f 1009/825/1009 995/478/995 1000/478/1000 
f 1000/478/1000 1011/825/1011 1009/825/1009 
f 1010/824/1010 1009/825/1009 1011/825/1011 
f 1011/825/1011 1012/824/1012 1010/824/1010 
f 1013/826/1013 1014/827/1014 1015/827/1015 
f 1015/827/1015 1016/826/1016 1013/826/1013 
f 1014/827/1014 1001/822/1001 1004/822/1004 
f 1004/822/1004 1015/827/1015 1014/827/1014 
f 1015/827/1015 1004/822/1004 1006/822/1006 
f 1006/822/1006 1017/827/1017 1015/827/1015 
f 1016/826/1016 1015/827/1015 1017/827/1017 
f 1017/827/1017 1018/826/1018 1016/826/1016 
f 1019/568/1019 1020/828/1020 1021/828/1021 
f 1021/828/1021 1022/568/1022 1019/568/1019 
f 1020/828/1020 1023/829/1023 1024/829/1024 
f 1024/829/1024 1021/828/1021 1020/828/1020 
f 1021/828/1021 1024/829/1024 1025/829/1025 
f 1025/829/1025 1026/828/1026 1021/828/1021 
f 1022/568/1022 1021/828/1021 1026/828/1026 
f 1026/828/1026 1027/568/1027 1022/568/1022 
f 1028/830/1028 1029/831/1029 1030/831/1030 
f 1030/831/1030 1031/830/1031 1028/830/1028 
f 1029/831/1029 1013/826/1013 1016/826/1016 
f 1016/826/1016 1030/831/1030 1029/831/1029 
f 1030/831/1030 1016/826/1016 1018/826/1018 
f 1018/826/1018 1032/831/1032 1030/831/1030 
f 1031/830/1031 1030/831/1030 1032/831/1032 
f 1032/831/1032 1033/830/1033 1031/830/1031 
f 1034/7/1034 1035/832/1035 1036/832/1036 
f 1036/832/1036 1037/7/1037 1034/7/1034 
f 1035/832/1035 1038/833/1038 1039/833/1039 
f 1039/833/1039 1036/832/1036 1035/832/1035 
f 1036/832/1036 1039/833/1039 1040/833/1040 
f 1040/833/1040 1041/832/1041 1036/832/1036 
f 1037/7/1037 1036/832/1036 1041/832/1041 
f 1041/832/1041 1042/7/1042 1037/7/1037 
f 1043/834/1043 1044/835/1044 1045/835/1045 
f 1045/835/1045 1046/834/1046 1043/834/1043 
f 1044/835/1044 1028/830/1028 1031/830/1031 
f 1031/830/1031 1045/835/1045 1044/835/1044 
f 1045/835/1045 1031/830/1031 1033/830/1033 
f 1033/830/1033 1047/835/1047 1045/835/1045 
f 1046/834/1046 1045/835/1045 1047/835/1047 
f 1047/835/1047 1048/834/1048 1046/834/1046 
f 1049/836/1049 1050/837/1050 1051/837/1051 
f 1051/837/1051 1052/836/1052 1049/836/1049 
f 1050/837/1050 1007/824/1007 1010/824/1010 
f 1010/824/1010 1051/837/1051 1050/837/1050 
f 1051/837/1051 1010/824/1010 1012/824/1012 
f 1012/824/1012 1053/837/1053 1051/837/1051 
f 1052/836/1052 1051/837/1051 1053/837/1053 
f 1053/837/1053 1054/836/1054 1052/836/1052 
f 1055/838/1055 1056/839/1056 1057/839/1057 
f 1057/839/1057 1058/838/1058 1055/838/1055 
f 1056/839/1056 1043/834/1043 1046/834/1046 
f 1046/834/1046 1057/839/1057 1056/839/1056 
f 1057/839/1057 1046/834/1046 1048/834/1048 
f 1048/834/1048 1059/839/1059 1057/839/1057 
f 1058/838/1058 1057/839/1057 1059/839/1059 
f 1059/839/1059 1060/838/1060 1058/838/1058 
f 1061/840/1061 1062/841/1062 1063/841/1063 
f 1063/841/1063 1064/840/1064 1061/840/1061 
f 1062/841/1062 1065/842/1065 1066/842/1066 
f 1066/842/1066 1063/841/1063 1062/841/1062 
f 1063/841/1063 1066/842/1066 1067/842/1067 
f 1067/842/1067 1068/841/1068 1063/841/1063 
f 1064/840/1064 1063/841/1063 1068/841/1068 
f 1068/841/1068 1069/840/1069 1064/840/1064 
f 1070/843/1070 1071/844/1071 1072/844/1072 
f 1072/844/1072 1073/843/1073 1070/843/1070 
f 1071/844/1071 1055/838/1055 1058/838/1058 
f 1058/838/1058 1072/844/1072 1071/844/1071 
f 1072/844/1072 1058/838/1058 1060/838/1060 
f 1060/838/1060 1074/844/1074 1072/844/1072 
f 1073/843/1073 1072/844/1072 1074/844/1074 
f 1074/844/1074 1075/843/1075 1073/843/1073 
f 1076/845/1076 1077/846/1077 1078/846/1078 
f 1078/846/1078 1079/845/1079 1076/845/1076 
f 1077/846/1077 1080/847/1080 1081/847/1081 
f 1081/847/1081 1078/846/1078 1077/846/1077 
f 1078/846/1078 1081/847/1081 1082/847/1082 
f 1082/847/1082 1083/846/1083 1078/846/1078 
f 1079/845/1079 1078/846/1078 1083/846/1083 
f 1083/846/1083 1084/845/1084 1079/845/1079 
f 1085/848/1085 1086/849/1086 1087/849/1087 
f 1087/849/1087 1088/848/1088 1085/848/1085 
f 1086/849/1086 1070/843/1070 1073/843/1073 
f 1073/843/1073 1087/849/1087 1086/849/1086 
f 1087/849/1087 1073/843/1073 1075/843/1075 
f 1075/843/1075 1089/849/1089 1087/849/1087 
f 1088/848/1088 1087/849/1087 1089/849/1089 
f 1089/849/1089 1090/848/1090 1088/848/1088 
f 1091/850/1091 1092/851/1092 1093/851/1093 
f 1093/851/1093 1094/852/1094 1091/850/1091 
f 1092/851/1092 1049/836/1049 1052/836/1052 
f 1052/836/1052 1093/851/1093 1092/851/1092 
f 1093/851/1093 1052/836/1052 1054/836/1054 
f 1054/836/1054 1095/851/1095 1093/851/1093 
f 1094/852/1094 1093/851/1093 1095/851/1095 
f 1095/851/1095 1096/850/1096 1094/852/1094 
f 1097/853/1097 1098/854/1098 1099/854/1099 
f 1099/854/1099 1100/853/1100 1097/853/1097 
f 1098/854/1098 1085/848/1085 1088/848/1088 
f 1088/848/1088 1099/854/1099 1098/854/1098 
f 1099/854/1099 1088/848/1088 1090/848/1090 
f 1090/848/1090 1101/854/1101 1099/854/1099 
f 1100/853/1100 1099/854/1099 1101/854/1101 
f 1101/854/1101 1102/853/1102 1100/853/1100 
f 1103/502/1103 1104/855/1104 1105/855/1105 
f 1105/855/1105 1106/502/1106 1103/502/1103 
f 1104/855/1104 1091/850/1091 1094/852/1094 
f 1094/852/1094 1105/855/1105 1104/855/1104 
f 1105/855/1105 1094/852/1094 1096/850/1096 
f 1096/850/1096 1107/855/1107 1105/855/1105 
f 1106/502/1106 1105/855/1105 1107/855/1107 
f 1107/855/1107 1108/502/1108 1106/502/1106 
f 1109/856/1109 1110/857/1110 1111/857/1111 
f 1111/857/1111 1112/856/1112 1109/856/1109 
f 1110/857/1110 1097/853/1097 1100/853/1100 
f 1100/853/1100 1111/857/1111 1110/857/1110 
f 1111/857/1111 1100/853/1100 1102/853/1102 
f 1102/853/1102 1113/857/1113 1111/857/1111 
f 1112/856/1112 1111/857/1111 1113/857/1113 
f 1113/857/1113 1114/856/1114 1112/856/1112 
f 1115/574/1115 1116/573/1116 1117/573/1117 
f 1117/573/1117 1118/574/1118 1115/574/1115 
f 1116/573/1116 1019/568/1019 1022/568/1022 
f 1022/568/1022 1117/573/1117 1116/573/1116 
f 1117/573/1117 1022/568/1022 1027/568/1027 
f 1027/568/1027 1119/573/1119 1117/573/1117 
f 1118/574/1118 1117/573/1117 1119/573/1119 
f 1119/573/1119 1120/574/1120 1118/574/1118 
f 1121/858/1121 1122/859/1122 1123/859/1123 
f 1123/859/1123 1124/858/1124 1121/858/1121 
f 1122/859/1122 1109/856/1109 1112/856/1112 
f 1112/856/1112 1123/859/1123 1122/859/1122 
f 1123/859/1123 1112/856/1112 1114/856/1114 
f 1114/856/1114 1125/859/1125 1123/859/1123 
f 1124/858/1124 1123/859/1123 1125/859/1125 
f 1125/859/1125 1126/858/1126 1124/858/1124 
f 1127/860/1127 1128/861/1128 1129/861/1129 
f 1129/861/1129 1130/860/1130 1127/860/1127 
f 1128/861/1128 1131/862/1131 1132/862/1132 
f 1132/862/1132 1129/861/1129 1128/861/1128 
f 1129/861/1129 1132/862/1132 1133/862/1133 
f 1133/862/1133 1134/861/1134 1129/861/1129 
f 1130/860/1130 1129/861/1129 1134/861/1134 
f 1134/861/1134 1135/860/1135 1130/860/1130 
f 1136/863/1136 1137/507/1137 1138/507/1138 
f 1138/507/1138 1139/508/1139 1136/863/1136 
f 1137/507/1137 1103/502/1103 1106/502/1106 
f 1106/502/1106 1138/507/1138 1137/507/1137 
f 1138/507/1138 1106/502/1106 1108/502/1108 
f 1108/502/1108 1140/507/1140 1138/507/1138 
f 1139/508/1139 1138/507/1138 1140/507/1140 
f 1140/507/1140 1141/508/1141 1139/508/1139 
f 1142/864/1142 1143/865/1143 1144/865/1144 
f 1144/865/1144 1145/864/1145 1142/864/1142 
f 1143/865/1143 1121/858/1121 1124/858/1124 
f 1124/858/1124 1144/865/1144 1143/865/1143 
f 1144/865/1144 1124/858/1124 1126/858/1126 
f 1126/858/1126 1146/865/1146 1144/865/1144 
f 1145/864/1145 1144/865/1144 1146/865/1146 
f 1146/865/1146 1147/864/1147 1145/864/1145 
f 1148/866/1148 1149/867/1149 1150/867/1150 
f 1150/867/1150 1151/866/1151 1148/866/1148 
f 1149/867/1149 1127/860/1127 1130/860/1130 
f 1130/860/1130 1150/867/1150 1149/867/1149 
f 1150/867/1150 1130/860/1130 1135/860/1135 
f 1135/860/1135 1152/867/1152 1150/867/1150 
f 1151/866/1151 1150/867/1150 1152/867/1152 
f 1152/867/1152 1153/866/1153 1151/866/1151 
f 1154/868/1154 1155/869/1155 1156/869/1156 
f 1156/869/1156 1157/868/1157 1154/868/1154 
f 1155/869/1155 1034/3/1034 1037/3/1037 
f 1037/3/1037 1156/869/1156 1155/869/1155 
f 1156/869/1156 1037/3/1037 1042/3/1042 
f 1042/3/1042 1158/869/1158 1156/869/1156 
f 1157/868/1157 1156/869/1156 1158/869/1158 
f 1158/869/1158 1159/868/1159 1157/868/1157 
f 1160/870/1160 1161/871/1161 1162/871/1162 
f 1162/871/1162 1163/870/1163 1160/870/1160 
f 1161/871/1161 1142/864/1142 1145/864/1145 
f 1145/864/1145 1162/871/1162 1161/871/1161 
f 1162/871/1162 1145/864/1145 1147/864/1147 
f 1147/864/1147 1164/871/1164 1162/871/1162 
f 1163/870/1163 1162/871/1162 1164/871/1164 
f 1164/871/1164 1165/870/1165 1163/870/1163 
f 1166/872/1166 1167/873/1167 1168/873/1168 
f 1168/873/1168 1169/872/1169 1166/872/1166 
f 1167/873/1167 1148/866/1148 1151/866/1151 
f 1151/866/1151 1168/873/1168 1167/873/1167 
f 1168/873/1168 1151/866/1151 1153/866/1153 
f 1153/866/1153 1170/873/1170 1168/873/1168 
f 1169/872/1169 1168/873/1168 1170/873/1170 
f 1170/873/1170 1171/872/1171 1169/872/1169 
f 1172/874/1172 1173/875/1173 1174/875/1174 
f 1174/875/1174 1175/874/1175 1172/874/1172 
f 1173/875/1173 1061/840/1061 1064/840/1064 
f 1064/840/1064 1174/875/1174 1173/875/1173 
f 1174/875/1174 1064/840/1064 1069/840/1069 
f 1069/840/1069 1176/875/1176 1174/875/1174 
f 1175/874/1175 1174/875/1174 1176/875/1176 
f 1176/875/1176 1177/874/1177 1175/874/1175 
f 1178/876/1178 1179/877/1179 1180/877/1180 
f 1180/877/1180 1181/876/1181 1178/876/1178 
f 1179/877/1179 1160/870/1160 1163/870/1163 
f 1163/870/1163 1180/877/1180 1179/877/1179 
f 1180/877/1180 1163/870/1163 1165/870/1165 
f 1165/870/1165 1182/877/1182 1180/877/1180 
f 1181/876/1181 1180/877/1180 1182/877/1182 
f 1182/877/1182 1183/876/1183 1181/876/1181 
f 1184/878/1184 1185/879/1185 1186/879/1186 
f 1186/879/1186 1187/878/1187 1184/878/1184 
f 1185/879/1185 1166/872/1166 1169/872/1169 
f 1169/872/1169 1186/879/1186 1185/879/1185 
f 1186/879/1186 1169/872/1169 1171/872/1171 
f 1171/872/1171 1188/879/1188 1186/879/1186 
f 1187/878/1187 1186/879/1186 1188/879/1188 
f 1188/879/1188 1189/878/1189 1187/878/1187 
f 1190/880/1190 1191/881/1191 1192/881/1192 
f 1192/881/1192 1193/880/1193 1190/880/1190 
f 1191/881/1191 1076/845/1076 1079/845/1079 
f 1079/845/1079 1192/881/1192 1191/881/1191 
f 1192/881/1192 1079/845/1079 1084/845/1084 
f 1084/845/1084 1194/881/1194 1192/881/1192 
f 1193/880/1193 1192/881/1192 1194/881/1194 
f 1194/881/1194 1195/880/1195 1193/880/1193 
f 692/532/692 691/531/691 1196/882/1196 
f 1196/882/1196 1197/883/1197 692/532/692 
f 691/531/691 686/526/686 1198/884/1198 
f 1198/884/1198 1196/882/1196 691/531/691 
f 1196/882/1196 1198/884/1198 1199/23/1199 
f 1199/23/1199 1200/885/1200 1196/882/1196 
f 1197/883/1197 1196/882/1196 1200/885/1200 
f 1200/885/1200 1201/886/1201 1197/883/1197 
f 614/454/614 613/453/613 1202/453/1202 
f 1202/453/1202 1203/454/1203 614/454/614 
f 613/453/613 608/448/608 1204/887/1204 
f 1204/887/1204 1202/453/1202 613/453/613 
f 1202/453/1202 1204/887/1204 1205/887/1205 
f 1205/887/1205 1206/453/1206 1202/453/1202 
f 1203/454/1203 1202/453/1202 1206/453/1206 
f 1206/453/1206 1207/454/1207 1203/454/1203 
f 770/610/770 769/609/769 1208/888/1208 
f 1208/888/1208 1209/889/1209 770/610/770 
f 769/609/769 764/604/764 1210/890/1210 
f 1210/890/1210 1208/888/1208 769/609/769 
f 1208/888/1208 1210/890/1210 1190/880/1190 
f 1190/880/1190 1211/891/1211 1208/888/1208 
f 1209/889/1209 1208/888/1208 1211/891/1211 
f 1211/891/1211 1212/892/1212 1209/889/1209 
f 716/556/716 715/555/715 1213/893/1213 
f 1213/893/1213 1214/894/1214 716/556/716 
f 715/555/715 710/550/710 1215/895/1215 
f 1215/895/1215 1213/893/1213 715/555/715 
f 1213/893/1213 1215/895/1215 1172/874/1172 
f 1172/874/1172 1216/896/1216 1213/893/1213 
f 1214/894/1214 1213/893/1213 1216/896/1216 
f 1216/896/1216 1217/897/1217 1214/894/1214 
f 608/448/608 607/447/607 1218/898/1218 
f 1218/898/1218 1204/887/1204 608/448/608 
f 607/447/607 602/442/602 1219/899/1219 
f 1219/899/1219 1218/898/1218 607/447/607 
f 1218/898/1218 1219/899/1219 1220/900/1220 
f 1220/900/1220 1221/901/1221 1218/898/1218 
f 1204/887/1204 1218/898/1218 1221/901/1221 
f 1221/901/1221 1205/887/1205 1204/887/1204 
f 686/526/686 685/525/685 1222/902/1222 
f 1222/902/1222 1198/884/1198 686/526/686 
f 685/525/685 680/520/680 1223/903/1223 
f 1223/903/1223 1222/902/1222 685/525/685 
f 1222/902/1222 1223/903/1223 1224/904/1224 
f 1224/904/1224 1225/34/1225 1222/902/1222 
f 1198/884/1198 1222/902/1222 1225/34/1225 
f 1225/34/1225 1199/23/1199 1198/884/1198 
f 602/442/602 601/441/601 1226/905/1226 
f 1226/905/1226 1219/899/1219 602/442/602 
f 601/441/601 596/436/596 1227/906/1227 
f 1227/906/1227 1226/905/1226 601/441/601 
f 1226/905/1226 1227/906/1227 1154/868/1154 
f 1154/868/1154 1228/907/1228 1226/905/1226 
f 1219/899/1219 1226/905/1226 1228/907/1228 
f 1228/907/1228 1220/900/1220 1219/899/1219 
f 740/580/740 739/579/739 1229/908/1229 
f 1229/908/1229 1230/909/1230 740/580/740 
f 739/579/739 734/574/734 1231/574/1231 
f 1231/574/1231 1229/908/1229 739/579/739 
f 1229/908/1229 1231/574/1231 1115/574/1115 
f 1115/574/1115 1232/910/1232 1229/908/1229 
f 1230/909/1230 1229/908/1229 1232/910/1232 
f 1232/910/1232 1233/911/1233 1230/909/1230 
f 680/520/680 679/519/679 1234/912/1234 
f 1234/912/1234 1223/903/1223 680/520/680 
f 679/519/679 674/514/674 1235/913/1235 
f 1235/913/1235 1234/912/1234 679/519/679 
f 1234/912/1234 1235/913/1235 1236/914/1236 
f 1236/914/1236 1237/915/1237 1234/912/1234 
f 1223/903/1223 1234/912/1234 1237/915/1237 
f 1237/915/1237 1224/904/1224 1223/903/1223 
f 674/514/674 673/513/673 1238/916/1238 
f 1238/916/1238 1235/913/1235 674/514/674 
f 673/513/673 668/508/668 1239/508/1239 
f 1239/508/1239 1238/916/1238 673/513/673 
f 1238/916/1238 1239/508/1239 1136/863/1136 
f 1136/863/1136 1240/917/1240 1238/916/1238 
f 1235/913/1235 1238/916/1238 1240/917/1240 
f 1240/917/1240 1236/914/1236 1235/913/1235 
f 764/604/764 763/603/763 1241/918/1241 
f 1241/918/1241 1210/890/1210 764/604/764 
f 763/603/763 758/598/758 1242/919/1242 
f 1242/919/1242 1241/918/1241 763/603/763 
f 1241/918/1241 1242/919/1242 1076/845/1076 
f 1076/845/1076 1191/881/1191 1241/918/1241 
f 1210/890/1210 1241/918/1241 1191/881/1191 
f 1191/881/1191 1190/880/1190 1210/890/1210 
f 710/550/710 709/549/709 1243/920/1243 
f 1243/920/1243 1215/895/1215 710/550/710 
f 709/549/709 704/544/704 1244/921/1244 
f 1244/921/1244 1243/920/1243 709/549/709 
f 1243/920/1243 1244/921/1244 1061/840/1061 
f 1061/840/1061 1173/875/1173 1243/920/1243 
f 1215/895/1215 1243/920/1243 1173/875/1173 
f 1173/875/1173 1172/874/1172 1215/895/1215 
f 596/436/596 595/435/595 1245/922/1245 
f 1245/922/1245 1227/906/1227 596/436/596 
f 595/435/595 594/3/594 1246/3/1246 
f 1246/3/1246 1245/922/1245 595/435/595 
f 1245/922/1245 1246/3/1246 1034/3/1034 
f 1034/3/1034 1155/869/1155 1245/922/1245 
f 1227/906/1227 1245/922/1245 1155/869/1155 
f 1155/869/1155 1154/868/1154 1227/906/1227 
f 668/508/668 667/507/667 1247/507/1247 
f 1247/507/1247 1239/508/1239 668/508/668 
f 667/507/667 662/502/662 1248/502/1248 
f 1248/502/1248 1247/507/1247 667/507/667 
f 1247/507/1247 1248/502/1248 1103/502/1103 
f 1103/502/1103 1137/507/1137 1247/507/1247 
f 1239/508/1239 1247/507/1247 1137/507/1137 
f 1137/507/1137 1136/863/1136 1239/508/1239 
f 734/574/734 733/573/733 1249/573/1249 
f 1249/573/1249 1231/574/1231 734/574/734 
f 733/573/733 728/568/728 1250/923/1250 
f 1250/923/1250 1249/573/1249 733/573/733 
f 1249/573/1249 1250/923/1250 1019/568/1019 
f 1019/568/1019 1116/573/1116 1249/573/1249 
f 1231/574/1231 1249/573/1249 1116/573/1116 
f 1116/573/1116 1115/574/1115 1231/574/1231 
f 662/502/662 661/501/661 1251/924/1251 
f 1251/924/1251 1248/502/1248 662/502/662 
f 661/501/661 656/496/656 1252/925/1252 
f 1252/925/1252 1251/924/1251 661/501/661 
f 1251/924/1251 1252/925/1252 1091/850/1091 
f 1091/850/1091 1104/855/1104 1251/924/1251 
f 1248/502/1248 1251/924/1251 1104/855/1104 
f 1104/855/1104 1103/502/1103 1248/502/1248 
f 656/496/656 655/495/655 1253/926/1253 
f 1253/926/1253 1252/925/1252 656/496/656 
f 655/495/655 650/490/650 1254/927/1254 
f 1254/927/1254 1253/926/1253 655/495/655 
f 1253/926/1253 1254/927/1254 1049/836/1049 
f 1049/836/1049 1092/851/1092 1253/926/1253 
f 1252/925/1252 1253/926/1253 1092/851/1092 
f 1092/851/1092 1091/850/1091 1252/925/1252 
f 758/598/758 757/597/757 1255/928/1255 
f 1255/928/1255 1242/919/1242 758/598/758 
f 757/597/757 752/592/752 1256/929/1256 
f 1256/929/1256 1255/928/1255 757/597/757 
f 1255/928/1255 1256/929/1256 1080/847/1080 
f 1080/847/1080 1077/846/1077 1255/928/1255 
f 1242/919/1242 1255/928/1255 1077/846/1077 
f 1077/846/1077 1076/845/1076 1242/919/1242 
f 704/544/704 703/543/703 1257/930/1257 
f 1257/930/1257 1244/921/1244 704/544/704 
f 703/543/703 698/538/698 1258/931/1258 
f 1258/931/1258 1257/930/1257 703/543/703 
f 1257/930/1257 1258/931/1258 1065/842/1065 
f 1065/842/1065 1062/841/1062 1257/930/1257 
f 1244/921/1244 1257/930/1257 1062/841/1062 
f 1062/841/1062 1061/840/1061 1244/921/1244 
f 650/490/650 649/489/649 1259/932/1259 
f 1259/932/1259 1254/927/1254 650/490/650 
f 649/489/649 644/484/644 1260/933/1260 
f 1260/933/1260 1259/932/1259 649/489/649 
f 1259/932/1259 1260/933/1260 1007/824/1007 
f 1007/824/1007 1050/837/1050 1259/932/1259 
f 1254/927/1254 1259/932/1259 1050/837/1050 
f 1050/837/1050 1049/836/1049 1254/927/1254 
f 594/7/594 790/624/790 1261/934/1261 
f 1261/934/1261 1246/7/1246 594/7/594 
f 790/624/790 785/619/785 1262/935/1262 
f 1262/935/1262 1261/934/1261 790/624/790 
f 1261/934/1261 1262/935/1262 1038/833/1038 
f 1038/833/1038 1035/832/1035 1261/934/1261 
f 1246/7/1246 1261/934/1261 1035/832/1035 
f 1035/832/1035 1034/7/1034 1246/7/1246 
f 728/568/728 727/567/727 1263/936/1263 
f 1263/936/1263 1250/923/1250 728/568/728 
f 727/567/727 722/562/722 1264/937/1264 
f 1264/937/1264 1263/936/1263 727/567/727 
f 1263/936/1263 1264/937/1264 1023/829/1023 
f 1023/829/1023 1020/828/1020 1263/936/1263 
f 1250/923/1250 1263/936/1263 1020/828/1020 
f 1020/828/1020 1019/568/1019 1250/923/1250 
f 644/484/644 643/483/643 1265/938/1265 
f 1265/938/1265 1260/933/1260 644/484/644 
f 643/483/643 638/478/638 1266/478/1266 
f 1266/478/1266 1265/938/1265 643/483/643 
f 1265/938/1265 1266/478/1266 992/478/992 
f 992/478/992 1008/825/1008 1265/938/1265 
f 1260/933/1260 1265/938/1265 1008/825/1008 
f 1008/825/1008 1007/824/1007 1260/933/1260 
f 638/478/638 637/477/637 1267/477/1267 
f 1267/477/1267 1266/478/1266 638/478/638 
f 637/477/637 632/472/632 1268/821/1268 
f 1268/821/1268 1267/477/1267 637/477/637 
f 1267/477/1267 1268/821/1268 996/472/996 
f 996/472/996 993/477/993 1267/477/1267 
f 1266/478/1266 1267/477/1267 993/477/993 
f 993/477/993 992/478/992 1266/478/1266 
f 752/592/752 751/591/751 1269/939/1269 
f 1269/939/1269 1256/929/1256 752/592/752 
f 751/591/751 746/586/746 1270/940/1270 
f 1270/940/1270 1269/939/1269 751/591/751 
f 1269/939/1269 1270/940/1270 1271/941/1271 
f 1271/941/1271 1272/942/1272 1269/939/1269 
f 1256/929/1256 1269/939/1269 1272/942/1272 
f 1272/942/1272 1080/847/1080 1256/929/1256 
f 698/538/698 697/537/697 1273/943/1273 
f 1273/943/1273 1258/931/1258 698/538/698 
f 697/537/697 692/532/692 1197/883/1197 
f 1197/883/1197 1273/943/1273 697/537/697 
f 1273/943/1273 1197/883/1197 1201/886/1201 
f 1201/886/1201 1274/238/1274 1273/943/1273 
f 1258/931/1258 1273/943/1273 1274/238/1274 
f 1274/238/1274 1065/842/1065 1258/931/1258 
f 632/472/632 631/471/631 1275/944/1275 
f 1275/944/1275 1268/821/1268 632/472/632 
f 631/471/631 626/466/626 1276/945/1276 
f 1276/945/1276 1275/944/1275 631/471/631 
f 1275/944/1275 1276/945/1276 1277/946/1277 
f 1277/946/1277 1278/947/1278 1275/944/1275 
f 1268/821/1268 1275/944/1275 1278/947/1278 
f 1278/947/1278 996/472/996 1268/821/1268 
f 785/619/785 784/618/784 1279/948/1279 
f 1279/948/1279 1262/935/1262 785/619/785 
f 784/618/784 770/610/770 1209/889/1209 
f 1209/889/1209 1279/948/1279 784/618/784 
f 1279/948/1279 1209/889/1209 1212/892/1212 
f 1212/892/1212 1280/949/1280 1279/948/1279 
f 1262/935/1262 1279/948/1279 1280/949/1280 
f 1280/949/1280 1038/833/1038 1262/935/1262 
f 722/562/722 721/561/721 1281/950/1281 
f 1281/950/1281 1264/937/1264 722/562/722 
f 721/561/721 716/556/716 1214/894/1214 
f 1214/894/1214 1281/950/1281 721/561/721 
f 1281/950/1281 1214/894/1214 1217/897/1217 
f 1217/897/1217 1282/951/1282 1281/950/1281 
f 1264/937/1264 1281/950/1281 1282/951/1282 
f 1282/951/1282 1023/829/1023 1264/937/1264 
f 626/466/626 625/465/625 1283/952/1283 
f 1283/952/1283 1276/945/1276 626/466/626 
f 625/465/625 620/460/620 1284/953/1284 
f 1284/953/1284 1283/952/1283 625/465/625 
f 1283/952/1283 1284/953/1284 1285/954/1285 
f 1285/954/1285 1286/955/1286 1283/952/1283 
f 1276/945/1276 1283/952/1283 1286/955/1286 
f 1286/955/1286 1277/946/1277 1276/945/1276 
f 620/460/620 619/459/619 1287/956/1287 
f 1287/956/1287 1284/953/1284 620/460/620 
f 619/459/619 614/454/614 1203/454/1203 
f 1203/454/1203 1287/956/1287 619/459/619 
f 1287/956/1287 1203/454/1203 1207/454/1207 
f 1207/454/1207 1288/957/1288 1287/956/1287 
f 1284/953/1284 1287/956/1287 1288/957/1288 
f 1288/957/1288 1285/954/1285 1284/953/1284 
f 746/586/746 745/585/745 1289/958/1289 
f 1289/958/1289 1270/940/1270 746/586/746 
f 745/585/745 740/580/740 1230/909/1230 
f 1230/909/1230 1289/958/1289 745/585/745 
f 1289/958/1289 1230/909/1230 1233/911/1233 
f 1233/911/1233 1290/959/1290 1289/958/1289 
f 1270/940/1270 1289/958/1289 1290/959/1290 
f 1290/959/1290 1271/941/1271 1270/940/1270 
f 1133/862/1133 1291/960/1291 1292/961/1292 
f 1292/961/1292 1293/962/1293 1133/862/1133 
f 1291/960/1291 1294/963/1294 1295/964/1295 
f 1295/964/1295 1292/961/1292 1291/960/1291 
f 1292/961/1292 1295/964/1295 1296/965/1296 
f 1296/965/1296 1297/966/1297 1292/961/1292 
f 1293/962/1293 1292/961/1292 1297/966/1297 
f 1297/966/1297 1298/967/1298 1293/962/1293 
f 1299/968/1299 1300/969/1300 1301/970/1301 
f 1301/970/1301 1302/971/1302 1299/968/1299 
f 1300/969/1300 1303/972/1303 1304/973/1304 
f 1304/973/1304 1301/970/1301 1300/969/1300 
f 1301/970/1301 1304/973/1304 1305/974/1305 
f 1305/974/1305 1306/975/1306 1301/970/1301 
f 1302/971/1302 1301/970/1301 1306/975/1306 
f 1306/975/1306 1307/976/1307 1302/971/1302 
f 1120/574/1120 1119/573/1119 1308/573/1308 
f 1308/573/1308 1309/574/1309 1120/574/1120 
f 1119/573/1119 1027/568/1027 1310/568/1310 
f 1310/568/1310 1308/573/1308 1119/573/1119 
f 1308/573/1308 1310/568/1310 1311/568/1311 
f 1311/568/1311 1312/573/1312 1308/573/1308 
f 1309/574/1309 1308/573/1308 1312/573/1312 
f 1312/573/1312 1313/574/1313 1309/574/1309 
f 1314/977/1314 1315/978/1315 1316/979/1316 
f 1316/979/1316 1317/980/1317 1314/977/1314 
f 1315/978/1315 1299/968/1299 1302/971/1302 
f 1302/971/1302 1316/979/1316 1315/978/1315 
f 1316/979/1316 1302/971/1302 1307/976/1307 
f 1307/976/1307 1318/981/1318 1316/979/1316 
f 1317/980/1317 1316/979/1316 1318/981/1318 
f 1318/981/1318 1319/982/1319 1317/980/1317 
f 1141/508/1141 1140/507/1140 1320/507/1320 
f 1320/507/1320 1321/508/1321 1141/508/1141 
f 1140/507/1140 1108/502/1108 1322/502/1322 
f 1322/502/1322 1320/507/1320 1140/507/1140 
f 1320/507/1320 1322/502/1322 1323/502/1323 
f 1323/502/1323 1324/507/1324 1320/507/1320 
f 1321/508/1321 1320/507/1320 1324/507/1324 
f 1324/507/1324 1325/508/1325 1321/508/1321 
f 1326/983/1326 1327/984/1327 1328/985/1328 
f 1328/985/1328 1329/986/1329 1326/983/1326 
f 1327/984/1327 1314/977/1314 1317/980/1317 
f 1317/980/1317 1328/985/1328 1327/984/1327 
f 1328/985/1328 1317/980/1317 1319/982/1319 
f 1319/982/1319 1330/987/1330 1328/985/1328 
f 1329/986/1329 1328/985/1328 1330/987/1330 
f 1330/987/1330 1331/988/1331 1329/986/1329 
f 1159/868/1159 1158/869/1158 1332/869/1332 
f 1332/869/1332 1333/868/1333 1159/868/1159 
f 1158/869/1158 1042/3/1042 1334/3/1334 
f 1334/3/1334 1332/869/1332 1158/869/1158 
f 1332/869/1332 1334/3/1334 1335/3/1335 
f 1335/3/1335 1336/869/1336 1332/869/1332 
f 1333/868/1333 1332/869/1332 1336/869/1336 
f 1336/869/1336 1337/868/1337 1333/868/1333 
f 1338/989/1338 1339/990/1339 1340/991/1340 
f 1340/991/1340 1341/992/1341 1338/989/1338 
f 1339/990/1339 1326/983/1326 1329/986/1329 
f 1329/986/1329 1340/991/1340 1339/990/1339 
f 1340/991/1340 1329/986/1329 1331/988/1331 
f 1331/988/1331 1342/993/1342 1340/991/1340 
f 1341/992/1341 1340/991/1340 1342/993/1342 
f 1342/993/1342 1343/994/1343 1341/992/1341 
f 1177/874/1177 1176/875/1176 1344/875/1344 
f 1344/875/1344 1345/874/1345 1177/874/1177 
f 1176/875/1176 1069/840/1069 1346/840/1346 
f 1346/840/1346 1344/875/1344 1176/875/1176 
f 1344/875/1344 1346/840/1346 1347/840/1347 
f 1347/840/1347 1348/875/1348 1344/875/1344 
f 1345/874/1345 1344/875/1344 1348/875/1348 
f 1348/875/1348 1349/874/1349 1345/874/1345 
f 1350/995/1350 1351/996/1351 1352/997/1352 
f 1352/997/1352 1353/998/1353 1350/995/1350 
f 1351/996/1351 1338/989/1338 1341/992/1341 
f 1341/992/1341 1352/997/1352 1351/996/1351 
f 1352/997/1352 1341/992/1341 1343/994/1343 
f 1343/994/1343 1354/999/1354 1352/997/1352 
f 1353/998/1353 1352/997/1352 1354/999/1354 
f 1354/999/1354 1355/1000/1355 1353/998/1353 
f 1195/880/1195 1194/881/1194 1356/881/1356 
f 1356/881/1356 1357/880/1357 1195/880/1195 
f 1194/881/1194 1084/845/1084 1358/845/1358 
f 1358/845/1358 1356/881/1356 1194/881/1194 
f 1356/881/1356 1358/845/1358 1359/845/1359 
f 1359/845/1359 1360/881/1360 1356/881/1356 
f 1357/880/1357 1356/881/1356 1360/881/1360 
f 1360/881/1360 1361/880/1361 1357/880/1357 
f 1362/1001/1362 1363/1002/1363 1364/1003/1364 
f 1364/1003/1364 1365/1004/1365 1362/1001/1362 
f 1363/1002/1363 1350/995/1350 1353/998/1353 
f 1353/998/1353 1364/1003/1364 1363/1002/1363 
f 1364/1003/1364 1353/998/1353 1355/1000/1355 
f 1355/1000/1355 1366/1005/1366 1364/1003/1364 
f 1365/1004/1365 1364/1003/1364 1366/1005/1366 
f 1366/1005/1366 1367/1006/1367 1365/1004/1365 
f 1368/914/1368 1369/917/1369 1370/917/1370 
f 1370/917/1370 1371/914/1371 1368/914/1368 
f 1369/917/1369 1141/508/1141 1321/508/1321 
f 1321/508/1321 1370/917/1370 1369/917/1369 
f 1370/917/1370 1321/508/1321 1325/508/1325 
f 1325/508/1325 1372/917/1372 1370/917/1370 
f 1371/914/1371 1370/917/1370 1372/917/1372 
f 1372/917/1372 1373/914/1373 1371/914/1371 
f 1374/1007/1374 1375/1008/1375 1376/1009/1376 
f 1376/1009/1376 1377/1010/1377 1374/1007/1374 
f 1375/1008/1375 1362/1001/1362 1365/1004/1365 
f 1365/1004/1365 1376/1009/1376 1375/1008/1375 
f 1376/1009/1376 1365/1004/1365 1367/1006/1367 
f 1367/1006/1367 1378/1011/1378 1376/1009/1376 
f 1377/1010/1377 1376/1009/1376 1378/1011/1378 
f 1378/1011/1378 1379/1012/1379 1377/1010/1377 
f 1380/904/1380 1381/915/1381 1382/915/1382 
f 1382/915/1382 1383/904/1383 1380/904/1380 
f 1381/915/1381 1368/914/1368 1371/914/1371 
f 1371/914/1371 1382/915/1382 1381/915/1381 
f 1382/915/1382 1371/914/1371 1373/914/1373 
f 1373/914/1373 1384/915/1384 1382/915/1382 
f 1383/904/1383 1382/915/1382 1384/915/1384 
f 1384/915/1384 1385/904/1385 1383/904/1383 
f 1386/818/1386 1387/1013/1387 1388/1014/1388 
f 1388/1014/1388 1389/1015/1389 1386/818/1386 
f 1387/1013/1387 1374/1007/1374 1377/1010/1377 
f 1377/1010/1377 1388/1014/1388 1387/1013/1387 
f 1388/1014/1388 1377/1010/1377 1379/1012/1379 
f 1379/1012/1379 1390/1016/1390 1388/1014/1388 
f 1389/1015/1389 1388/1014/1388 1390/1016/1390 
f 1390/1016/1390 1391/1017/1391 1389/1015/1389 
f 1392/911/1392 1393/910/1393 1394/910/1394 
f 1394/910/1394 1395/911/1395 1392/911/1392 
f 1393/910/1393 1120/574/1120 1309/574/1309 
f 1309/574/1309 1394/910/1394 1393/910/1393 
f 1394/910/1394 1309/574/1309 1313/574/1313 
f 1313/574/1313 1396/910/1396 1394/910/1394 
f 1395/911/1395 1394/910/1394 1396/910/1396 
f 1396/910/1396 1397/911/1397 1395/911/1395 
f 1398/820/1398 1399/819/1399 1400/1018/1400 
f 1400/1018/1400 1401/1019/1401 1398/820/1398 
f 1399/819/1399 1386/818/1386 1389/1015/1389 
f 1389/1015/1389 1400/1018/1400 1399/819/1399 
f 1400/1018/1400 1389/1015/1389 1391/1017/1391 
f 1391/1017/1391 1402/1020/1402 1400/1018/1400 
f 1401/1019/1401 1400/1018/1400 1402/1020/1402 
f 1402/1020/1402 1403/1021/1403 1401/1019/1401 
f 1404/900/1404 1405/907/1405 1406/907/1406 
f 1406/907/1406 1407/900/1407 1404/900/1404 
f 1405/907/1405 1159/868/1159 1333/868/1333 
f 1333/868/1333 1406/907/1406 1405/907/1405 
f 1406/907/1406 1333/868/1333 1337/868/1337 
f 1337/868/1337 1408/907/1408 1406/907/1406 
f 1407/900/1407 1406/907/1406 1408/907/1408 
f 1408/907/1408 1409/900/1409 1407/900/1407 
f 1410/1022/1410 1411/1023/1411 1412/1024/1412 
f 1412/1024/1412 1413/1025/1413 1410/1022/1410 
f 1411/1023/1411 1398/820/1398 1401/1019/1401 
f 1401/1019/1401 1412/1024/1412 1411/1023/1411 
f 1412/1024/1412 1401/1019/1401 1403/1021/1403 
f 1403/1021/1403 1414/1026/1414 1412/1024/1412 
f 1413/1025/1413 1412/1024/1412 1414/1026/1414 
f 1414/1026/1414 1415/1027/1415 1413/1025/1413 
f 1416/23/1416 1417/34/1417 1418/34/1418 
f 1418/34/1418 1419/23/1419 1416/23/1416 
f 1417/34/1417 1380/904/1380 1383/904/1383 
f 1383/904/1383 1418/34/1418 1417/34/1417 
f 1418/34/1418 1383/904/1383 1385/904/1385 
f 1385/904/1385 1420/34/1420 1418/34/1418 
f 1419/23/1419 1418/34/1418 1420/34/1420 
f 1420/34/1420 1421/23/1421 1419/23/1419 
f 1422/941/1422 1423/959/1423 1424/959/1424 
f 1424/959/1424 1425/941/1425 1422/941/1422 
f 1423/959/1423 1392/911/1392 1395/911/1395 
f 1395/911/1395 1424/959/1424 1423/959/1423 
f 1424/959/1424 1395/911/1395 1397/911/1397 
f 1397/911/1397 1426/959/1426 1424/959/1424 
f 1425/941/1425 1424/959/1424 1426/959/1426 
f 1426/959/1426 1427/941/1427 1425/941/1425 
f 779/615/779 1428/1028/1428 1429/1029/1429 
f 1429/1029/1429 1430/1030/1430 779/615/779 
f 1428/1028/1428 1410/1022/1410 1413/1025/1413 
f 1413/1025/1413 1429/1029/1429 1428/1028/1428 
f 1429/1029/1429 1413/1025/1413 1415/1027/1415 
f 1415/1027/1415 1431/1031/1431 1429/1029/1429 
f 1430/1030/1430 1429/1029/1429 1431/1031/1431 
f 1431/1031/1431 1432/1032/1432 1430/1030/1430 
f 1433/887/1433 1434/901/1434 1435/901/1435 
f 1435/901/1435 1436/448/1436 1433/887/1433 
f 1434/901/1434 1404/900/1404 1407/900/1407 
f 1407/900/1407 1435/901/1435 1434/901/1434 
f 1435/901/1435 1407/900/1407 1409/900/1409 
f 1409/900/1409 1437/901/1437 1435/901/1435 
f 1436/448/1436 1435/901/1435 1437/901/1437 
f 1437/901/1437 1438/887/1438 1436/448/1436 
f 1439/954/1439 1440/957/1440 1441/957/1441 
f 1441/957/1441 1442/954/1442 1439/954/1439 
f 1440/957/1440 1443/454/1443 1444/454/1444 
f 1444/454/1444 1441/957/1441 1440/957/1440 
f 1441/957/1441 1444/454/1444 1445/454/1445 
f 1445/454/1445 1446/957/1446 1441/957/1441 
f 1442/954/1442 1441/957/1441 1446/957/1446 
f 1446/957/1446 1447/954/1447 1442/954/1442 
f 781/613/781 780/614/780 1448/1033/1448 
f 1448/1033/1448 1449/1034/1449 781/613/781 
f 780/614/780 779/615/779 1430/1030/1430 
f 1430/1030/1430 1448/1033/1448 780/614/780 
f 1448/1033/1448 1430/1030/1430 1432/1032/1432 
f 1432/1032/1432 1450/1035/1450 1448/1033/1448 
f 1449/1034/1449 1448/1033/1448 1450/1035/1450 
f 1450/1035/1450 1451/1036/1451 1449/1034/1449 
f 1452/897/1452 1453/896/1453 1454/896/1454 
f 1454/896/1454 1455/897/1455 1452/897/1452 
f 1453/896/1453 1177/874/1177 1345/874/1345 
f 1345/874/1345 1454/896/1454 1453/896/1453 
f 1454/896/1454 1345/874/1345 1349/874/1349 
f 1349/874/1349 1456/896/1456 1454/896/1454 
f 1455/897/1455 1454/896/1454 1456/896/1456 
f 1456/896/1456 1457/897/1457 1455/897/1455 
f 1458/946/1458 1459/955/1459 1460/955/1460 
f 1460/955/1460 1461/946/1461 1458/946/1458 
f 1459/955/1459 1439/954/1439 1442/954/1442 
f 1442/954/1442 1460/955/1460 1459/955/1459 
f 1460/955/1460 1442/954/1442 1447/954/1447 
f 1447/954/1447 1462/955/1462 1460/955/1460 
f 1461/946/1461 1460/955/1460 1462/955/1462 
f 1462/955/1462 1463/946/1463 1461/946/1461 
f 1006/822/1006 1005/823/1005 1464/1037/1464 
f 1464/1037/1464 1465/1038/1465 1006/822/1006 
f 1005/823/1005 781/613/781 1449/1034/1449 
f 1449/1034/1449 1464/1037/1464 1005/823/1005 
f 1464/1037/1464 1449/1034/1449 1451/1036/1451 
f 1451/1036/1451 1466/1039/1466 1464/1037/1464 
f 1465/1038/1465 1464/1037/1464 1466/1039/1466 
f 1466/1039/1466 1467/1040/1467 1465/1038/1465 
f 1468/892/1468 1469/891/1469 1470/891/1470 
f 1470/891/1470 1471/892/1471 1468/892/1468 
f 1469/891/1469 1195/880/1195 1357/880/1357 
f 1357/880/1357 1470/891/1470 1469/891/1469 
f 1470/891/1470 1357/880/1357 1361/880/1361 
f 1361/880/1361 1472/891/1472 1470/891/1470 
f 1471/892/1471 1470/891/1470 1472/891/1472 
f 1472/891/1472 1473/892/1473 1471/892/1471 
f 1025/829/1025 1474/951/1474 1475/951/1475 
f 1475/951/1475 1476/829/1476 1025/829/1025 
f 1474/951/1474 1452/897/1452 1455/897/1455 
f 1455/897/1455 1475/951/1475 1474/951/1474 
f 1475/951/1475 1455/897/1455 1457/897/1457 
f 1457/897/1457 1477/951/1477 1475/951/1475 
f 1476/829/1476 1475/951/1475 1477/951/1477 
f 1477/951/1477 1478/829/1478 1476/829/1476 
f 1018/826/1018 1017/827/1017 1479/1041/1479 
f 1479/1041/1479 1480/1042/1480 1018/826/1018 
f 1017/827/1017 1006/822/1006 1465/1038/1465 
f 1465/1038/1465 1479/1041/1479 1017/827/1017 
f 1479/1041/1479 1465/1038/1465 1467/1040/1467 
f 1467/1040/1467 1481/1043/1481 1479/1041/1479 
f 1480/1042/1480 1479/1041/1479 1481/1043/1481 
f 1481/1043/1481 1482/1044/1482 1480/1042/1480 
f 1080/847/1080 1272/942/1272 1483/942/1483 
f 1483/942/1483 1081/847/1081 1080/847/1080 
f 1272/942/1272 1271/941/1271 1484/941/1484 
f 1484/941/1484 1483/942/1483 1272/942/1272 
f 1483/942/1483 1484/941/1484 1422/941/1422 
f 1422/941/1422 1485/942/1485 1483/942/1483 
f 1081/847/1081 1483/942/1483 1485/942/1485 
f 1485/942/1485 1082/847/1082 1081/847/1081 
f 777/615/777 1486/1028/1486 1487/1028/1487 
f 1487/1028/1487 778/615/778 777/615/777 
f 1486/1028/1486 1488/1022/1488 1489/1022/1489 
f 1489/1022/1489 1487/1028/1487 1486/1028/1486 
f 1487/1028/1487 1489/1022/1489 1410/1022/1410 
f 1410/1022/1410 1428/1028/1428 1487/1028/1487 
f 778/615/778 1487/1028/1487 1428/1028/1428 
f 1428/1028/1428 779/615/779 778/615/778 
f 1065/842/1065 1274/238/1274 1490/238/1490 
f 1490/238/1490 1066/842/1066 1065/842/1065 
f 1274/238/1274 1201/886/1201 1491/886/1491 
f 1491/886/1491 1490/238/1490 1274/238/1274 
f 1490/238/1490 1491/886/1491 1492/886/1492 
f 1492/886/1492 1493/238/1493 1490/238/1490 
f 1066/842/1066 1490/238/1490 1493/238/1493 
f 1493/238/1493 1067/842/1067 1066/842/1066 
f 1488/1022/1488 1494/1023/1494 1495/1023/1495 
f 1495/1023/1495 1489/1022/1489 1488/1022/1488 
f 1494/1023/1494 987/820/987 1496/820/1496 
f 1496/820/1496 1495/1023/1495 1494/1023/1494 
f 1495/1023/1495 1496/820/1496 1398/820/1398 
f 1398/820/1398 1411/1023/1411 1495/1023/1495 
f 1489/1022/1489 1495/1023/1495 1411/1023/1411 
f 1411/1023/1411 1410/1022/1410 1489/1022/1489 
f 996/472/996 1278/947/1278 1497/947/1497 
f 1497/947/1497 997/821/997 996/472/996 
f 1278/947/1278 1277/946/1277 1498/946/1498 
f 1498/946/1498 1497/947/1497 1278/947/1278 
f 1497/947/1497 1498/946/1498 1458/946/1458 
f 1458/946/1458 1499/947/1499 1497/947/1497 
f 997/821/997 1497/947/1497 1499/947/1499 
f 1499/947/1499 998/821/998 997/821/997 
f 1201/886/1201 1200/885/1200 1500/885/1500 
f 1500/885/1500 1491/886/1491 1201/886/1201 
f 1200/885/1200 1199/23/1199 1501/23/1501 
f 1501/23/1501 1500/885/1500 1200/885/1200 
f 1500/885/1500 1501/23/1501 1416/23/1416 
f 1416/23/1416 1502/885/1502 1500/885/1500 
f 1491/886/1491 1500/885/1500 1502/885/1502 
f 1502/885/1502 1492/886/1492 1491/886/1491 
f 987/820/987 984/819/984 1503/819/1503 
f 1503/819/1503 1496/820/1496 987/820/987 
f 984/819/984 983/818/983 1504/818/1504 
f 1504/818/1504 1503/819/1503 984/819/984 
f 1503/819/1503 1504/818/1504 1386/818/1386 
f 1386/818/1386 1399/819/1399 1503/819/1503 
f 1496/820/1496 1503/819/1503 1399/819/1399 
f 1399/819/1399 1398/820/1398 1496/820/1496 
f 1038/833/1038 1280/949/1280 1505/949/1505 
f 1505/949/1505 1039/833/1039 1038/833/1038 
f 1280/949/1280 1212/892/1212 1506/892/1506 
f 1506/892/1506 1505/949/1505 1280/949/1280 
f 1505/949/1505 1506/892/1506 1468/892/1468 
f 1468/892/1468 1507/949/1507 1505/949/1505 
f 1039/833/1039 1505/949/1505 1507/949/1507 
f 1507/949/1507 1040/833/1040 1039/833/1039 
f 1207/454/1207 1206/453/1206 1508/453/1508 
f 1508/453/1508 1509/454/1509 1207/454/1207 
f 1206/453/1206 1205/887/1205 1510/887/1510 
f 1510/887/1510 1508/453/1508 1206/453/1206 
f 1508/453/1508 1510/887/1510 1433/887/1433 
f 1433/887/1433 1511/453/1511 1508/453/1508 
f 1509/454/1509 1508/453/1508 1511/453/1511 
f 1511/453/1511 1443/454/1443 1509/454/1509 
f 983/818/983 1512/1013/1512 1513/1013/1513 
f 1513/1013/1513 1504/818/1504 983/818/983 
f 1512/1013/1512 1514/1007/1514 1515/1007/1515 
f 1515/1007/1515 1513/1013/1513 1512/1013/1512 
f 1513/1013/1513 1515/1007/1515 1374/1007/1374 
f 1374/1007/1374 1387/1013/1387 1513/1013/1513 
f 1504/818/1504 1513/1013/1513 1387/1013/1387 
f 1387/1013/1387 1386/818/1386 1504/818/1504 
f 1023/829/1023 1282/951/1282 1516/951/1516 
f 1516/951/1516 1024/829/1024 1023/829/1023 
f 1282/951/1282 1217/897/1217 1517/897/1517 
f 1517/897/1517 1516/951/1516 1282/951/1282 
f 1516/951/1516 1517/897/1517 1452/897/1452 
f 1452/897/1452 1474/951/1474 1516/951/1516 
f 1024/829/1024 1516/951/1516 1474/951/1474 
f 1474/951/1474 1025/829/1025 1024/829/1024 
f 1212/892/1212 1211/891/1211 1518/891/1518 
f 1518/891/1518 1506/892/1506 1212/892/1212 
f 1211/891/1211 1190/880/1190 1193/880/1193 
f 1193/880/1193 1518/891/1518 1211/891/1211 
f 1518/891/1518 1193/880/1193 1195/880/1195 
f 1195/880/1195 1469/891/1469 1518/891/1518 
f 1506/892/1506 1518/891/1518 1469/891/1469 
f 1469/891/1469 1468/892/1468 1506/892/1506 
f 1514/1007/1514 1519/1008/1519 1520/1008/1520 
f 1520/1008/1520 1515/1007/1515 1514/1007/1514 
f 1519/1008/1519 1521/1001/1521 1522/1001/1522 
f 1522/1001/1522 1520/1008/1520 1519/1008/1519 
f 1520/1008/1520 1522/1001/1522 1362/1001/1362 
f 1362/1001/1362 1375/1008/1375 1520/1008/1520 
f 1515/1007/1515 1520/1008/1520 1375/1008/1375 
f 1375/1008/1375 1374/1007/1374 1515/1007/1515 
f 1277/946/1277 1286/955/1286 1523/955/1523 
f 1523/955/1523 1498/946/1498 1277/946/1277 
f 1286/955/1286 1285/954/1285 1524/954/1524 
f 1524/954/1524 1523/955/1523 1286/955/1286 
f 1523/955/1523 1524/954/1524 1439/954/1439 
f 1439/954/1439 1459/955/1459 1523/955/1523 
f 1498/946/1498 1523/955/1523 1459/955/1459 
f 1459/955/1459 1458/946/1458 1498/946/1498 
f 1217/897/1217 1216/896/1216 1525/896/1525 
f 1525/896/1525 1517/897/1517 1217/897/1217 
f 1216/896/1216 1172/874/1172 1175/874/1175 
f 1175/874/1175 1525/896/1525 1216/896/1216 
f 1525/896/1525 1175/874/1175 1177/874/1177 
f 1177/874/1177 1453/896/1453 1525/896/1525 
f 1517/897/1517 1525/896/1525 1453/896/1453 
f 1453/896/1453 1452/897/1452 1517/897/1517 
f 1521/1001/1521 1526/1002/1526 1527/1002/1527 
f 1527/1002/1527 1522/1001/1522 1521/1001/1521 
f 1526/1002/1526 1528/995/1528 1529/995/1529 
f 1529/995/1529 1527/1002/1527 1526/1002/1526 
f 1527/1002/1527 1529/995/1529 1350/995/1350 
f 1350/995/1350 1363/1002/1363 1527/1002/1527 
f 1522/1001/1522 1527/1002/1527 1363/1002/1363 
f 1363/1002/1363 1362/1001/1362 1522/1001/1522 
f 1285/954/1285 1288/957/1288 1530/957/1530 
f 1530/957/1530 1524/954/1524 1285/954/1285 
f 1288/957/1288 1207/454/1207 1509/454/1509 
f 1509/454/1509 1530/957/1530 1288/957/1288 
f 1530/957/1530 1509/454/1509 1443/454/1443 
f 1443/454/1443 1440/957/1440 1530/957/1530 
f 1524/954/1524 1530/957/1530 1440/957/1440 
f 1440/957/1440 1439/954/1439 1524/954/1524 
f 1205/887/1205 1221/901/1221 1531/901/1531 
f 1531/901/1531 1510/887/1510 1205/887/1205 
f 1221/901/1221 1220/900/1220 1532/900/1532 
f 1532/900/1532 1531/901/1531 1221/901/1221 
f 1531/901/1531 1532/900/1532 1404/900/1404 
f 1404/900/1404 1434/901/1434 1531/901/1531 
f 1510/887/1510 1531/901/1531 1434/901/1434 
f 1434/901/1434 1433/887/1433 1510/887/1510 
f 1528/995/1528 1533/996/1533 1534/996/1534 
f 1534/996/1534 1529/995/1529 1528/995/1528 
f 1533/996/1533 1535/989/1535 1536/989/1536 
f 1536/989/1536 1534/996/1534 1533/996/1533 
f 1534/996/1534 1536/989/1536 1338/989/1338 
f 1338/989/1338 1351/996/1351 1534/996/1534 
f 1529/995/1529 1534/996/1534 1351/996/1351 
f 1351/996/1351 1350/995/1350 1529/995/1529 
f 1271/941/1271 1290/959/1290 1537/959/1537 
f 1537/959/1537 1484/941/1484 1271/941/1271 
f 1290/959/1290 1233/911/1233 1538/911/1538 
f 1538/911/1538 1537/959/1537 1290/959/1290 
f 1537/959/1537 1538/911/1538 1392/911/1392 
f 1392/911/1392 1423/959/1423 1537/959/1537 
f 1484/941/1484 1537/959/1537 1423/959/1423 
f 1423/959/1423 1422/941/1422 1484/941/1484 
f 1199/23/1199 1225/34/1225 1539/34/1539 
f 1539/34/1539 1501/23/1501 1199/23/1199 
f 1225/34/1225 1224/904/1224 1540/904/1540 
f 1540/904/1540 1539/34/1539 1225/34/1225 
f 1539/34/1539 1540/904/1540 1380/904/1380 
f 1380/904/1380 1417/34/1417 1539/34/1539 
f 1501/23/1501 1539/34/1539 1417/34/1417 
f 1417/34/1417 1416/23/1416 1501/23/1501 
f 1535/989/1535 1541/990/1541 1542/990/1542 
f 1542/990/1542 1536/989/1536 1535/989/1535 
f 1541/990/1541 1543/983/1543 1544/983/1544 
f 1544/983/1544 1542/990/1542 1541/990/1541 
f 1542/990/1542 1544/983/1544 1326/983/1326 
f 1326/983/1326 1339/990/1339 1542/990/1542 
f 1536/989/1536 1542/990/1542 1339/990/1339 
f 1339/990/1339 1338/989/1338 1536/989/1536 
f 1220/900/1220 1228/907/1228 1545/907/1545 
f 1545/907/1545 1532/900/1532 1220/900/1220 
f 1228/907/1228 1154/868/1154 1157/868/1157 
f 1157/868/1157 1545/907/1545 1228/907/1228 
f 1545/907/1545 1157/868/1157 1159/868/1159 
f 1159/868/1159 1405/907/1405 1545/907/1545 
f 1532/900/1532 1545/907/1545 1405/907/1405 
f 1405/907/1405 1404/900/1404 1532/900/1532 
f 1543/983/1543 1546/984/1546 1547/984/1547 
f 1547/984/1547 1544/983/1544 1543/983/1543 
f 1546/984/1546 1548/977/1548 1549/977/1549 
f 1549/977/1549 1547/984/1547 1546/984/1546 
f 1547/984/1547 1549/977/1549 1314/977/1314 
f 1314/977/1314 1327/984/1327 1547/984/1547 
f 1544/983/1544 1547/984/1547 1327/984/1327 
f 1327/984/1327 1326/983/1326 1544/983/1544 
f 1233/911/1233 1232/910/1232 1550/910/1550 
f 1550/910/1550 1538/911/1538 1233/911/1233 
f 1232/910/1232 1115/574/1115 1118/574/1118 
f 1118/574/1118 1550/910/1550 1232/910/1232 
f 1550/910/1550 1118/574/1118 1120/574/1120 
f 1120/574/1120 1393/910/1393 1550/910/1550 
f 1538/911/1538 1550/910/1550 1393/910/1393 
f 1393/910/1393 1392/911/1392 1538/911/1538 
f 1548/977/1548 1551/978/1551 1552/978/1552 
f 1552/978/1552 1549/977/1549 1548/977/1548 
f 1551/978/1551 1553/968/1553 1554/968/1554 
f 1554/968/1554 1552/978/1552 1551/978/1551 
f 1552/978/1552 1554/968/1554 1299/968/1299 
f 1299/968/1299 1315/978/1315 1552/978/1552 
f 1549/977/1549 1552/978/1552 1315/978/1315 
f 1315/978/1315 1314/977/1314 1549/977/1549 
f 1224/904/1224 1237/915/1237 1555/915/1555 
f 1555/915/1555 1540/904/1540 1224/904/1224 
f 1237/915/1237 1236/914/1236 1556/914/1556 
f 1556/914/1556 1555/915/1555 1237/915/1237 
f 1555/915/1555 1556/914/1556 1368/914/1368 
f 1368/914/1368 1381/915/1381 1555/915/1555 
f 1540/904/1540 1555/915/1555 1381/915/1381 
f 1381/915/1381 1380/904/1380 1540/904/1540 
f 1553/968/1553 1557/969/1557 1558/969/1558 
f 1558/969/1558 1554/968/1554 1553/968/1553 
f 1557/969/1557 1559/972/1559 1560/972/1560 
f 1560/972/1560 1558/969/1558 1557/969/1557 
f 1558/969/1558 1560/972/1560 1303/972/1303 
f 1303/972/1303 1300/969/1300 1558/969/1558 
f 1554/968/1554 1558/969/1558 1300/969/1300 
f 1300/969/1300 1299/968/1299 1554/968/1554 
f 1131/862/1131 1561/960/1561 1562/960/1562 
f 1562/960/1562 1132/862/1132 1131/862/1131 
f 1561/960/1561 1563/963/1563 1564/963/1564 
f 1564/963/1564 1562/960/1562 1561/960/1561 
f 1562/960/1562 1564/963/1564 1294/963/1294 
f 1294/963/1294 1291/960/1291 1562/960/1562 
f 1132/862/1132 1562/960/1562 1291/960/1291 
f 1291/960/1291 1133/862/1133 1132/862/1132 
f 1236/914/1236 1240/917/1240 1565/917/1565 
f 1565/917/1565 1556/914/1556 1236/914/1236 
f 1240/917/1240 1136/863/1136 1139/508/1139 
f 1139/508/1139 1565/917/1565 1240/917/1240 
f 1565/917/1565 1139/508/1139 1141/508/1141 
f 1141/508/1141 1369/917/1369 1565/917/1565 
f 1556/914/1556 1565/917/1565 1369/917/1369 
f 1369/917/1369 1368/914/1368 1556/914/1556 
f 1559/972/1559 1566/1045/1566 1567/1045/1567 
f 1567/1045/1567 1560/972/1560 1559/972/1559 
f 1566/1045/1566 1184/878/1184 1187/878/1187 
f 1187/878/1187 1567/1045/1567 1566/1045/1566 
f 1567/1045/1567 1187/878/1187 1189/878/1189 
f 1189/878/1189 1568/1045/1568 1567/1045/1567 
f 1560/972/1560 1567/1045/1567 1568/1045/1568 
f 1568/1045/1568 1303/972/1303 1560/972/1560 
f 1563/963/1563 1569/1046/1569 1570/1046/1570 
f 1570/1046/1570 1564/963/1564 1563/963/1563 
f 1569/1046/1569 1178/876/1178 1181/876/1181 
f 1181/876/1181 1570/1046/1570 1569/1046/1569 
f 1570/1046/1570 1181/876/1181 1183/876/1183 
f 1183/876/1183 1571/1046/1571 1570/1046/1570 
f 1564/963/1564 1570/1046/1570 1571/1046/1571 
f 1571/1046/1571 1294/963/1294 1564/963/1564 
f 1572/968/1572 1573/978/1573 1574/978/1574 
f 1574/978/1574 1575/968/1575 1572/968/1572 
f 1573/978/1573 1576/977/1576 1577/977/1577 
f 1577/977/1577 1574/978/1574 1573/978/1573 
f 1574/978/1574 1577/977/1577 1578/977/1578 
f 1578/977/1578 1579/978/1579 1574/978/1574 
f 1575/968/1575 1574/978/1574 1579/978/1579 
f 1579/978/1579 1580/968/1580 1575/968/1575 
f 1109/856/1109 1122/859/1122 1581/859/1581 
f 1581/859/1581 1582/856/1582 1109/856/1109 
f 1122/859/1122 1121/858/1121 1583/858/1583 
f 1583/858/1583 1581/859/1581 1122/859/1122 
f 1581/859/1581 1583/858/1583 1584/858/1584 
f 1584/858/1584 1585/859/1585 1581/859/1581 
f 1582/856/1582 1581/859/1581 1585/859/1585 
f 1585/859/1585 1586/856/1586 1582/856/1582 
f 1514/1007/1514 1512/1013/1512 1587/1013/1587 
f 1587/1013/1587 1588/1007/1588 1514/1007/1514 
f 1512/1013/1512 983/818/983 986/818/986 
f 986/818/986 1587/1013/1587 1512/1013/1512 
f 1587/1013/1587 986/818/986 991/818/991 
f 991/818/991 1589/1013/1589 1587/1013/1587 
f 1588/1007/1588 1587/1013/1587 1589/1013/1589 
f 1589/1013/1589 1590/1007/1590 1588/1007/1588 
f 1097/853/1097 1110/857/1110 1591/857/1591 
f 1591/857/1591 1592/853/1592 1097/853/1097 
f 1110/857/1110 1109/856/1109 1582/856/1582 
f 1582/856/1582 1591/857/1591 1110/857/1110 
f 1591/857/1591 1582/856/1582 1586/856/1586 
f 1586/856/1586 1593/857/1593 1591/857/1591 
f 1592/853/1592 1591/857/1591 1593/857/1593 
f 1593/857/1593 1594/853/1594 1592/853/1592 
f 1521/1001/1521 1519/1008/1519 1595/1008/1595 
f 1595/1008/1595 1596/1001/1596 1521/1001/1521 
f 1519/1008/1519 1514/1007/1514 1588/1007/1588 
f 1588/1007/1588 1595/1008/1595 1519/1008/1519 
f 1595/1008/1595 1588/1007/1588 1590/1007/1590 
f 1590/1007/1590 1597/1008/1597 1595/1008/1595 
f 1596/1001/1596 1595/1008/1595 1597/1008/1597 
f 1597/1008/1597 1598/1001/1598 1596/1001/1596 
f 1085/848/1085 1098/854/1098 1599/854/1599 
f 1599/854/1599 1600/848/1600 1085/848/1085 
f 1098/854/1098 1097/853/1097 1592/853/1592 
f 1592/853/1592 1599/854/1599 1098/854/1098 
f 1599/854/1599 1592/853/1592 1594/853/1594 
f 1594/853/1594 1601/854/1601 1599/854/1599 
f 1600/848/1600 1599/854/1599 1601/854/1601 
f 1601/854/1601 1602/848/1602 1600/848/1600 
f 1528/995/1528 1526/1002/1526 1603/1002/1603 
f 1603/1002/1603 1604/995/1604 1528/995/1528 
f 1526/1002/1526 1521/1001/1521 1596/1001/1596 
f 1596/1001/1596 1603/1002/1603 1526/1002/1526 
f 1603/1002/1603 1596/1001/1596 1598/1001/1598 
f 1598/1001/1598 1605/1002/1605 1603/1002/1603 
f 1604/995/1604 1603/1002/1603 1605/1002/1605 
f 1605/1002/1605 1606/995/1606 1604/995/1604 
f 1070/843/1070 1086/849/1086 1607/849/1607 
f 1607/849/1607 1608/843/1608 1070/843/1070 
f 1086/849/1086 1085/848/1085 1600/848/1600 
f 1600/848/1600 1607/849/1607 1086/849/1086 
f 1607/849/1607 1600/848/1600 1602/848/1602 
f 1602/848/1602 1609/849/1609 1607/849/1607 
f 1608/843/1608 1607/849/1607 1609/849/1609 
f 1609/849/1609 1610/843/1610 1608/843/1608 
f 1535/989/1535 1533/996/1533 1611/996/1611 
f 1611/996/1611 1612/989/1612 1535/989/1535 
f 1533/996/1533 1528/995/1528 1604/995/1604 
f 1604/995/1604 1611/996/1611 1533/996/1533 
f 1611/996/1611 1604/995/1604 1606/995/1606 
f 1606/995/1606 1613/996/1613 1611/996/1611 
f 1612/989/1612 1611/996/1611 1613/996/1613 
f 1613/996/1613 1614/989/1614 1612/989/1612 
f 1055/838/1055 1071/844/1071 1615/844/1615 
f 1615/844/1615 1616/838/1616 1055/838/1055 
f 1071/844/1071 1070/843/1070 1608/843/1608 
f 1608/843/1608 1615/844/1615 1071/844/1071 
f 1615/844/1615 1608/843/1608 1610/843/1610 
f 1610/843/1610 1617/844/1617 1615/844/1615 
f 1616/838/1616 1615/844/1615 1617/844/1617 
f 1617/844/1617 1618/838/1618 1616/838/1616 
f 1543/983/1543 1541/990/1541 1619/990/1619 
f 1619/990/1619 1620/983/1620 1543/983/1543 
f 1541/990/1541 1535/989/1535 1612/989/1612 
f 1612/989/1612 1619/990/1619 1541/990/1541 
f 1619/990/1619 1612/989/1612 1614/989/1614 
f 1614/989/1614 1621/990/1621 1619/990/1619 
f 1620/983/1620 1619/990/1619 1621/990/1621 
f 1621/990/1621 1622/983/1622 1620/983/1620 
f 1043/834/1043 1056/839/1056 1623/839/1623 
f 1623/839/1623 1624/834/1624 1043/834/1043 
f 1056/839/1056 1055/838/1055 1616/838/1616 
f 1616/838/1616 1623/839/1623 1056/839/1056 
f 1623/839/1623 1616/838/1616 1618/838/1618 
f 1618/838/1618 1625/839/1625 1623/839/1623 
f 1624/834/1624 1623/839/1623 1625/839/1625 
f 1625/839/1625 1626/834/1626 1624/834/1624 
f 1548/977/1548 1546/984/1546 1627/984/1627 
f 1627/984/1627 1628/977/1628 1548/977/1548 
f 1546/984/1546 1543/983/1543 1620/983/1620 
f 1620/983/1620 1627/984/1627 1546/984/1546 
f 1627/984/1627 1620/983/1620 1622/983/1622 
f 1622/983/1622 1629/984/1629 1627/984/1627 
f 1628/977/1628 1627/984/1627 1629/984/1629 
f 1629/984/1629 1576/977/1576 1628/977/1628 
f 1028/830/1028 1044/835/1044 1630/835/1630 
f 1630/835/1630 1631/830/1631 1028/830/1028 
f 1044/835/1044 1043/834/1043 1624/834/1624 
f 1624/834/1624 1630/835/1630 1044/835/1044 
f 1630/835/1630 1624/834/1624 1626/834/1626 
f 1626/834/1626 1632/835/1632 1630/835/1630 
f 1631/830/1631 1630/835/1630 1632/835/1632 
f 1632/835/1632 1633/830/1633 1631/830/1631 
f 1553/968/1553 1551/978/1551 1634/978/1634 
f 1634/978/1634 1635/968/1635 1553/968/1553 
f 1551/978/1551 1548/977/1548 1628/977/1628 
f 1628/977/1628 1634/978/1634 1551/978/1551 
f 1634/978/1634 1628/977/1628 1576/977/1576 
f 1576/977/1576 1573/978/1573 1634/978/1634 
f 1635/968/1635 1634/978/1634 1573/978/1573 
f 1573/978/1573 1572/968/1572 1635/968/1635 
f 1013/826/1013 1029/831/1029 1636/831/1636 
f 1636/831/1636 1637/826/1637 1013/826/1013 
f 1029/831/1029 1028/830/1028 1631/830/1631 
f 1631/830/1631 1636/831/1636 1029/831/1029 
f 1636/831/1636 1631/830/1631 1633/830/1633 
f 1633/830/1633 1638/831/1638 1636/831/1636 
f 1637/826/1637 1636/831/1636 1638/831/1638 
f 1638/831/1638 1639/826/1639 1637/826/1637 
f 1559/972/1559 1557/969/1557 1640/969/1640 
f 1640/969/1640 1641/972/1641 1559/972/1559 
f 1557/969/1557 1553/968/1553 1635/968/1635 
f 1635/968/1635 1640/969/1640 1557/969/1557 
f 1640/969/1640 1635/968/1635 1572/968/1572 
f 1572/968/1572 1642/969/1642 1640/969/1640 
f 1641/972/1641 1640/969/1640 1642/969/1642 
f 1642/969/1642 1643/972/1643 1641/972/1641 
f 1001/822/1001 1014/827/1014 1644/827/1644 
f 1644/827/1644 1645/822/1645 1001/822/1001 
f 1014/827/1014 1013/826/1013 1637/826/1637 
f 1637/826/1637 1644/827/1644 1014/827/1014 
f 1644/827/1644 1637/826/1637 1639/826/1639 
f 1639/826/1639 1646/827/1646 1644/827/1644 
f 1645/822/1645 1644/827/1644 1646/827/1646 
f 1646/827/1646 1647/822/1647 1645/822/1645 
f 1563/963/1563 1561/960/1561 1648/960/1648 
f 1648/960/1648 1649/963/1649 1563/963/1563 
f 1561/960/1561 1131/862/1131 1650/862/1650 
f 1650/862/1650 1648/960/1648 1561/960/1561 
f 1648/960/1648 1650/862/1650 1651/862/1651 
f 1651/862/1651 1652/960/1652 1648/960/1648 
f 1649/963/1649 1648/960/1648 1652/960/1652 
f 1652/960/1652 1653/963/1653 1649/963/1649 
f 1184/878/1184 1566/1045/1566 1654/1045/1654 
f 1654/1045/1654 1655/878/1655 1184/878/1184 
f 1566/1045/1566 1559/972/1559 1641/972/1641 
f 1641/972/1641 1654/1045/1654 1566/1045/1566 
f 1654/1045/1654 1641/972/1641 1643/972/1643 
f 1643/972/1643 1656/1045/1656 1654/1045/1654 
f 1655/878/1655 1654/1045/1654 1656/1045/1656 
f 1656/1045/1656 1657/878/1657 1655/878/1655 
f 773/613/773 1002/823/1002 1658/823/1658 
f 1658/823/1658 1659/613/1659 773/613/773 
f 1002/823/1002 1001/822/1001 1645/822/1645 
f 1645/822/1645 1658/823/1658 1002/823/1002 
f 1658/823/1658 1645/822/1645 1647/822/1647 
f 1647/822/1647 1660/823/1660 1658/823/1658 
f 1659/613/1659 1658/823/1658 1660/823/1660 
f 1660/823/1660 1661/613/1661 1659/613/1659 
f 1178/876/1178 1569/1046/1569 1662/1046/1662 
f 1662/1046/1662 1663/876/1663 1178/876/1178 
f 1569/1046/1569 1563/963/1563 1649/963/1649 
f 1649/963/1649 1662/1046/1662 1569/1046/1569 
f 1662/1046/1662 1649/963/1649 1653/963/1653 
f 1653/963/1653 1664/1046/1664 1662/1046/1662 
f 1663/876/1663 1662/1046/1662 1664/1046/1664 
f 1664/1046/1664 1665/876/1665 1663/876/1663 
f 1166/872/1166 1185/879/1185 1666/879/1666 
f 1666/879/1666 1667/872/1667 1166/872/1166 
f 1185/879/1185 1184/878/1184 1655/878/1655 
f 1655/878/1655 1666/879/1666 1185/879/1185 
f 1666/879/1666 1655/878/1655 1657/878/1657 
f 1657/878/1657 1668/879/1668 1666/879/1666 
f 1667/872/1667 1666/879/1666 1668/879/1668 
f 1668/879/1668 1669/872/1669 1667/872/1667 
f 777/615/777 774/614/774 1670/614/1670 
f 1670/614/1670 1671/615/1671 777/615/777 
f 774/614/774 773/613/773 1659/613/1659 
f 1659/613/1659 1670/614/1670 774/614/774 
f 1670/614/1670 1659/613/1659 1661/613/1661 
f 1661/613/1661 1672/614/1672 1670/614/1670 
f 1671/615/1671 1670/614/1670 1672/614/1672 
f 1672/614/1672 1673/615/1673 1671/615/1671 
f 1160/870/1160 1179/877/1179 1674/877/1674 
f 1674/877/1674 1675/870/1675 1160/870/1160 
f 1179/877/1179 1178/876/1178 1663/876/1663 
f 1663/876/1663 1674/877/1674 1179/877/1179 
f 1674/877/1674 1663/876/1663 1665/876/1665 
f 1665/876/1665 1676/877/1676 1674/877/1674 
f 1675/870/1675 1674/877/1674 1676/877/1676 
f 1676/877/1676 1677/870/1677 1675/870/1675 
f 1148/866/1148 1167/873/1167 1678/873/1678 
f 1678/873/1678 1679/866/1679 1148/866/1148 
f 1167/873/1167 1166/872/1166 1667/872/1667 
f 1667/872/1667 1678/873/1678 1167/873/1167 
f 1678/873/1678 1667/872/1667 1669/872/1669 
f 1669/872/1669 1680/873/1680 1678/873/1678 
f 1679/866/1679 1678/873/1678 1680/873/1680 
f 1680/873/1680 1681/866/1681 1679/866/1679 
f 1488/1022/1488 1486/1028/1486 1682/1028/1682 
f 1682/1028/1682 1683/1022/1683 1488/1022/1488 
f 1486/1028/1486 777/615/777 1671/615/1671 
f 1671/615/1671 1682/1028/1682 1486/1028/1486 
f 1682/1028/1682 1671/615/1671 1673/615/1673 
f 1673/615/1673 1684/1028/1684 1682/1028/1682 
f 1683/1022/1683 1682/1028/1682 1684/1028/1684 
f 1684/1028/1684 1685/1022/1685 1683/1022/1683 
f 1142/864/1142 1161/871/1161 1686/871/1686 
f 1686/871/1686 1687/864/1687 1142/864/1142 
f 1161/871/1161 1160/870/1160 1675/870/1675 
f 1675/870/1675 1686/871/1686 1161/871/1161 
f 1686/871/1686 1675/870/1675 1677/870/1677 
f 1677/870/1677 1688/871/1688 1686/871/1686 
f 1687/864/1687 1686/871/1686 1688/871/1688 
f 1688/871/1688 1689/864/1689 1687/864/1687 
f 1127/860/1127 1149/867/1149 1690/867/1690 
f 1690/867/1690 1691/860/1691 1127/860/1127 
f 1149/867/1149 1148/866/1148 1679/866/1679 
f 1679/866/1679 1690/867/1690 1149/867/1149 
f 1690/867/1690 1679/866/1679 1681/866/1681 
f 1681/866/1681 1692/867/1692 1690/867/1690 
f 1691/860/1691 1690/867/1690 1692/867/1692 
f 1692/867/1692 1693/860/1693 1691/860/1691 
f 987/820/987 1494/1023/1494 1694/1023/1694 
f 1694/1023/1694 988/820/988 987/820/987 
f 1494/1023/1494 1488/1022/1488 1683/1022/1683 
f 1683/1022/1683 1694/1023/1694 1494/1023/1494 
f 1694/1023/1694 1683/1022/1683 1685/1022/1685 
f 1685/1022/1685 1695/1023/1695 1694/1023/1694 
f 988/820/988 1694/1023/1694 1695/1023/1695 
f 1695/1023/1695 989/820/989 988/820/988 
f 1121/858/1121 1143/865/1143 1696/865/1696 
f 1696/865/1696 1583/858/1583 1121/858/1121 
f 1143/865/1143 1142/864/1142 1687/864/1687 
f 1687/864/1687 1696/865/1696 1143/865/1143 
f 1696/865/1696 1687/864/1687 1689/864/1689 
f 1689/864/1689 1697/865/1697 1696/865/1696 
f 1583/858/1583 1696/865/1696 1697/865/1697 
f 1697/865/1697 1584/858/1584 1583/858/1583 
f 1131/862/1131 1128/861/1128 1698/861/1698 
f 1698/861/1698 1650/862/1650 1131/862/1131 
f 1128/861/1128 1127/860/1127 1691/860/1691 
f 1691/860/1691 1698/861/1698 1128/861/1128 
f 1698/861/1698 1691/860/1691 1693/860/1693 
f 1693/860/1693 1699/861/1699 1698/861/1698 
f 1650/862/1650 1698/861/1698 1699/861/1699 
f 1699/861/1699 1651/862/1651 1650/862/1650 
f 1700/1047/1700 1701/1048/1701 1702/1049/1702 
f 1702/1049/1702 1703/1050/1703 1700/1047/1700 
f 1701/1048/1701 1704/1051/1704 1705/1052/1705 
f 1705/1052/1705 1702/1049/1702 1701/1048/1701 
f 1702/1049/1702 1705/1052/1705 1706/843/1706 
f 1706/843/1706 1707/844/1707 1702/1049/1702 
f 1703/1050/1703 1702/1049/1702 1707/844/1707 
f 1707/844/1707 1708/838/1708 1703/1050/1703 
f 1576/977/1576 1629/984/1629 1709/984/1709 
f 1709/984/1709 1577/977/1577 1576/977/1576 
f 1629/984/1629 1622/983/1622 1710/983/1710 
f 1710/983/1710 1709/984/1709 1629/984/1629 
f 1709/984/1709 1710/983/1710 1711/983/1711 
f 1711/983/1711 1712/984/1712 1709/984/1709 
f 1577/977/1577 1709/984/1709 1712/984/1712 
f 1712/984/1712 1578/977/1578 1577/977/1577 
f 1704/1051/1704 1713/1053/1713 1714/1054/1714 
f 1714/1054/1714 1705/1052/1705 1704/1051/1704 
f 1713/1053/1713 1715/1055/1715 1716/1056/1716 
f 1716/1056/1716 1714/1054/1714 1713/1053/1713 
f 1714/1054/1714 1716/1056/1716 1717/848/1717 
f 1717/848/1717 1718/849/1718 1714/1054/1714 
f 1705/1052/1705 1714/1054/1714 1718/849/1718 
f 1718/849/1718 1706/843/1706 1705/1052/1705 
f 1622/983/1622 1621/990/1621 1719/990/1719 
f 1719/990/1719 1710/983/1710 1622/983/1622 
f 1621/990/1621 1614/989/1614 1720/989/1720 
f 1720/989/1720 1719/990/1719 1621/990/1621 
f 1719/990/1719 1720/989/1720 1721/989/1721 
f 1721/989/1721 1722/990/1722 1719/990/1719 
f 1710/983/1710 1719/990/1719 1722/990/1722 
f 1722/990/1722 1711/983/1711 1710/983/1710 
f 1715/1055/1715 1723/1057/1723 1724/1058/1724 
f 1724/1058/1724 1716/1056/1716 1715/1055/1715 
f 1723/1057/1723 1725/1059/1725 1726/1060/1726 
f 1726/1060/1726 1724/1058/1724 1723/1057/1723 
f 1724/1058/1724 1726/1060/1726 1727/853/1727 
f 1727/853/1727 1728/854/1728 1724/1058/1724 
f 1716/1056/1716 1724/1058/1724 1728/854/1728 
f 1728/854/1728 1717/848/1717 1716/1056/1716 
f 1614/989/1614 1613/996/1613 1729/996/1729 
f 1729/996/1729 1720/989/1720 1614/989/1614 
f 1613/996/1613 1606/995/1606 1730/995/1730 
f 1730/995/1730 1729/996/1729 1613/996/1613 
f 1729/996/1729 1730/995/1730 1731/995/1731 
f 1731/995/1731 1732/996/1732 1729/996/1729 
f 1720/989/1720 1729/996/1729 1732/996/1732 
f 1732/996/1732 1721/989/1721 1720/989/1720 
f 1725/1059/1725 1733/1061/1733 1734/1062/1734 
f 1734/1062/1734 1726/1060/1726 1725/1059/1725 
f 1733/1061/1733 1735/1063/1735 1736/1064/1736 
f 1736/1064/1736 1734/1062/1734 1733/1061/1733 
f 1734/1062/1734 1736/1064/1736 1737/856/1737 
f 1737/856/1737 1738/857/1738 1734/1062/1734 
f 1726/1060/1726 1734/1062/1734 1738/857/1738 
f 1738/857/1738 1727/853/1727 1726/1060/1726 
f 1606/995/1606 1605/1002/1605 1739/1002/1739 
f 1739/1002/1739 1730/995/1730 1606/995/1606 
f 1605/1002/1605 1598/1001/1598 1740/1001/1740 
f 1740/1001/1740 1739/1002/1739 1605/1002/1605 
f 1739/1002/1739 1740/1001/1740 1741/1001/1741 
f 1741/1001/1741 1742/1002/1742 1739/1002/1739 
f 1730/995/1730 1739/1002/1739 1742/1002/1742 
f 1742/1002/1742 1731/995/1731 1730/995/1730 
f 1735/1063/1735 1743/1065/1743 1744/1066/1744 
f 1744/1066/1744 1736/1064/1736 1735/1063/1735 
f 1743/1065/1743 1745/1067/1745 1746/1068/1746 
f 1746/1068/1746 1744/1066/1744 1743/1065/1743 
f 1744/1066/1744 1746/1068/1746 1747/858/1747 
f 1747/858/1747 1748/859/1748 1744/1066/1744 
f 1736/1064/1736 1744/1066/1744 1748/859/1748 
f 1748/859/1748 1737/856/1737 1736/1064/1736 
f 1749/967/1749 1750/1069/1750 1751/1070/1751 
f 1751/1070/1751 1752/962/1752 1749/967/1749 
f 1750/1069/1750 1753/1071/1753 1754/1072/1754 
f 1754/1072/1754 1751/1070/1751 1750/1069/1750 
f 1751/1070/1751 1754/1072/1754 1755/860/1755 
f 1755/860/1755 1756/861/1756 1751/1070/1751 
f 1752/962/1752 1751/1070/1751 1756/861/1756 
f 1756/861/1756 1757/862/1757 1752/962/1752 
f 1598/1001/1598 1597/1008/1597 1758/1008/1758 
f 1758/1008/1758 1740/1001/1740 1598/1001/1598 
f 1597/1008/1597 1590/1007/1590 1759/1007/1759 
f 1759/1007/1759 1758/1008/1758 1597/1008/1597 
f 1758/1008/1758 1759/1007/1759 1760/1007/1760 
f 1760/1007/1760 1761/1008/1761 1758/1008/1758 
f 1740/1001/1740 1758/1008/1758 1761/1008/1761 
f 1761/1008/1761 1741/1001/1741 1740/1001/1740 
f 1745/1067/1745 1762/1073/1762 1763/1074/1763 
f 1763/1074/1763 1746/1068/1746 1745/1067/1745 
f 1762/1073/1762 1764/1075/1764 1765/1076/1765 
f 1765/1076/1765 1763/1074/1763 1762/1073/1762 
f 1763/1074/1763 1765/1076/1765 1766/864/1766 
f 1766/864/1766 1767/865/1767 1763/1074/1763 
f 1746/1068/1746 1763/1074/1763 1767/865/1767 
f 1767/865/1767 1747/858/1747 1746/1068/1746 
f 1753/1071/1753 1768/1077/1768 1769/1078/1769 
f 1769/1078/1769 1754/1072/1754 1753/1071/1753 
f 1768/1077/1768 1770/1079/1770 1771/1080/1771 
f 1771/1080/1771 1769/1078/1769 1768/1077/1768 
f 1769/1078/1769 1771/1080/1771 1772/866/1772 
f 1772/866/1772 1773/867/1773 1769/1078/1769 
f 1754/1072/1754 1769/1078/1769 1773/867/1773 
f 1773/867/1773 1755/860/1755 1754/1072/1754 
f 1590/1007/1590 1589/1013/1589 1774/1013/1774 
f 1774/1013/1774 1759/1007/1759 1590/1007/1590 
f 1589/1013/1589 991/818/991 1775/818/1775 
f 1775/818/1775 1774/1013/1774 1589/1013/1589 
f 1774/1013/1774 1775/818/1775 1776/818/1776 
f 1776/818/1776 1777/1013/1777 1774/1013/1774 
f 1759/1007/1759 1774/1013/1774 1777/1013/1777 
f 1777/1013/1777 1760/1007/1760 1759/1007/1759 
f 1764/1075/1764 1778/1081/1778 1779/1082/1779 
f 1779/1082/1779 1765/1076/1765 1764/1075/1764 
f 1778/1081/1778 1780/1083/1780 1781/1084/1781 
f 1781/1084/1781 1779/1082/1779 1778/1081/1778 
f 1779/1082/1779 1781/1084/1781 1782/870/1782 
f 1782/870/1782 1783/871/1783 1779/1082/1779 
f 1765/1076/1765 1779/1082/1779 1783/871/1783 
f 1783/871/1783 1766/864/1766 1765/1076/1765 
f 1770/1079/1770 1784/1085/1784 1785/1086/1785 
f 1785/1086/1785 1771/1080/1771 1770/1079/1770 
f 1784/1085/1784 1786/1087/1786 1787/1088/1787 
f 1787/1088/1787 1785/1086/1785 1784/1085/1784 
f 1785/1086/1785 1787/1088/1787 1788/872/1788 
f 1788/872/1788 1789/873/1789 1785/1086/1785 
f 1771/1080/1771 1785/1086/1785 1789/873/1789 
f 1789/873/1789 1772/866/1772 1771/1080/1771 
f 991/818/991 990/819/990 1790/819/1790 
f 1790/819/1790 1775/818/1775 991/818/991 
f 990/819/990 989/820/989 1791/820/1791 
f 1791/820/1791 1790/819/1790 990/819/990 
f 1790/819/1790 1791/820/1791 1792/820/1792 
f 1792/820/1792 1793/819/1793 1790/819/1790 
f 1775/818/1775 1790/819/1790 1793/819/1793 
f 1793/819/1793 1776/818/1776 1775/818/1775 
f 1780/1083/1780 1794/1089/1794 1795/1090/1795 
f 1795/1090/1795 1781/1084/1781 1780/1083/1780 
f 1794/1089/1794 1796/1091/1796 1797/1092/1797 
f 1797/1092/1797 1795/1090/1795 1794/1089/1794 
f 1795/1090/1795 1797/1092/1797 1798/876/1798 
f 1798/876/1798 1799/877/1799 1795/1090/1795 
f 1781/1084/1781 1795/1090/1795 1799/877/1799 
f 1799/877/1799 1782/870/1782 1781/1084/1781 
f 1786/1087/1786 1800/1093/1800 1801/1094/1801 
f 1801/1094/1801 1787/1088/1787 1786/1087/1786 
f 1800/1093/1800 1802/1095/1802 1803/1096/1803 
f 1803/1096/1803 1801/1094/1801 1800/1093/1800 
f 1801/1094/1801 1803/1096/1803 1804/878/1804 
f 1804/878/1804 1805/879/1805 1801/1094/1801 
f 1787/1088/1787 1801/1094/1801 1805/879/1805 
f 1805/879/1805 1788/872/1788 1787/1088/1787 
f 989/820/989 1695/1023/1695 1806/1023/1806 
f 1806/1023/1806 1791/820/1791 989/820/989 
f 1695/1023/1695 1685/1022/1685 1807/1022/1807 
f 1807/1022/1807 1806/1023/1806 1695/1023/1695 
f 1806/1023/1806 1807/1022/1807 1808/1022/1808 
f 1808/1022/1808 1809/1023/1809 1806/1023/1806 
f 1791/820/1791 1806/1023/1806 1809/1023/1809 
f 1809/1023/1809 1792/820/1792 1791/820/1791 
f 1796/1091/1796 1810/1097/1810 1811/1098/1811 
f 1811/1098/1811 1797/1092/1797 1796/1091/1796 
f 1810/1097/1810 1812/965/1812 1813/964/1813 
f 1813/964/1813 1811/1098/1811 1810/1097/1810 
f 1811/1098/1811 1813/964/1813 1814/963/1814 
f 1814/963/1814 1815/1046/1815 1811/1098/1811 
f 1797/1092/1797 1811/1098/1811 1815/1046/1815 
f 1815/1046/1815 1798/876/1798 1797/1092/1797 
f 1802/1095/1802 1816/1099/1816 1817/1100/1817 
f 1817/1100/1817 1803/1096/1803 1802/1095/1802 
f 1816/1099/1816 1818/974/1818 1819/973/1819 
f 1819/973/1819 1817/1100/1817 1816/1099/1816 
f 1817/1100/1817 1819/973/1819 1820/972/1820 
f 1820/972/1820 1821/1045/1821 1817/1100/1817 
f 1803/1096/1803 1817/1100/1817 1821/1045/1821 
f 1821/1045/1821 1804/878/1804 1803/1096/1803 
f 1685/1022/1685 1684/1028/1684 1822/1028/1822 
f 1822/1028/1822 1807/1022/1807 1685/1022/1685 
f 1684/1028/1684 1673/615/1673 1823/1030/1823 
f 1823/1030/1823 1822/1028/1822 1684/1028/1684 
f 1822/1028/1822 1823/1030/1823 1824/1032/1824 
f 1824/1032/1824 1825/1101/1825 1822/1028/1822 
f 1807/1022/1807 1822/1028/1822 1825/1101/1825 
f 1825/1101/1825 1808/1022/1808 1807/1022/1807 
f 1812/965/1812 1826/966/1826 1827/961/1827 
f 1827/961/1827 1813/964/1813 1812/965/1812 
f 1826/966/1826 1749/967/1749 1752/962/1752 
f 1752/962/1752 1827/961/1827 1826/966/1826 
f 1827/961/1827 1752/962/1752 1757/862/1757 
f 1757/862/1757 1828/960/1828 1827/961/1827 
f 1813/964/1813 1827/961/1827 1828/960/1828 
f 1828/960/1828 1814/963/1814 1813/964/1813 
f 1818/974/1818 1829/975/1829 1830/970/1830 
f 1830/970/1830 1819/973/1819 1818/974/1818 
f 1829/975/1829 1831/976/1831 1832/971/1832 
f 1832/971/1832 1830/970/1830 1829/975/1829 
f 1830/970/1830 1832/971/1832 1833/968/1833 
f 1833/968/1833 1834/969/1834 1830/970/1830 
f 1819/973/1819 1830/970/1830 1834/969/1834 
f 1834/969/1834 1820/972/1820 1819/973/1819 
f 1673/615/1673 1672/614/1672 1835/1033/1835 
f 1835/1033/1835 1823/1030/1823 1673/615/1673 
f 1672/614/1672 1661/613/1661 1836/1034/1836 
f 1836/1034/1836 1835/1033/1835 1672/614/1672 
f 1835/1033/1835 1836/1034/1836 1837/1036/1837 
f 1837/1036/1837 1838/1035/1838 1835/1033/1835 
f 1823/1030/1823 1835/1033/1835 1838/1035/1838 
f 1838/1035/1838 1824/1032/1824 1823/1030/1823 
f 1831/976/1831 1839/981/1839 1840/979/1840 
f 1840/979/1840 1832/971/1832 1831/976/1831 
f 1839/981/1839 1841/982/1841 1842/980/1842 
f 1842/980/1842 1840/979/1840 1839/981/1839 
f 1840/979/1840 1842/980/1842 1843/977/1843 
f 1843/977/1843 1844/978/1844 1840/979/1840 
f 1832/971/1832 1840/979/1840 1844/978/1844 
f 1844/978/1844 1833/968/1833 1832/971/1832 
f 1661/613/1661 1660/823/1660 1845/1037/1845 
f 1845/1037/1845 1836/1034/1836 1661/613/1661 
f 1660/823/1660 1647/822/1647 1846/1038/1846 
f 1846/1038/1846 1845/1037/1845 1660/823/1660 
f 1845/1037/1845 1846/1038/1846 1847/1040/1847 
f 1847/1040/1847 1848/1039/1848 1845/1037/1845 
f 1836/1034/1836 1845/1037/1845 1848/1039/1848 
f 1848/1039/1848 1837/1036/1837 1836/1034/1836 
f 1841/982/1841 1849/987/1849 1850/985/1850 
f 1850/985/1850 1842/980/1842 1841/982/1841 
f 1849/987/1849 1851/988/1851 1852/986/1852 
f 1852/986/1852 1850/985/1850 1849/987/1849 
f 1850/985/1850 1852/986/1852 1853/983/1853 
f 1853/983/1853 1854/984/1854 1850/985/1850 
f 1842/980/1842 1850/985/1850 1854/984/1854 
f 1854/984/1854 1843/977/1843 1842/980/1842 
f 1647/822/1647 1646/827/1646 1855/827/1855 
f 1855/827/1855 1846/1038/1846 1647/822/1647 
f 1646/827/1646 1639/826/1639 1856/826/1856 
f 1856/826/1856 1855/827/1855 1646/827/1646 
f 1855/827/1855 1856/826/1856 1857/826/1857 
f 1857/826/1857 1858/1102/1858 1855/827/1855 
f 1846/1038/1846 1855/827/1855 1858/1102/1858 
f 1858/1102/1858 1847/1040/1847 1846/1038/1846 
f 1851/988/1851 1859/993/1859 1860/991/1860 
f 1860/991/1860 1852/986/1852 1851/988/1851 
f 1859/993/1859 1861/994/1861 1862/992/1862 
f 1862/992/1862 1860/991/1860 1859/993/1859 
f 1860/991/1860 1862/992/1862 1863/989/1863 
f 1863/989/1863 1864/990/1864 1860/991/1860 
f 1852/986/1852 1860/991/1860 1864/990/1864 
f 1864/990/1864 1853/983/1853 1852/986/1852 
f 1665/876/1665 1664/1046/1664 1865/1098/1865 
f 1865/1098/1865 1866/1092/1866 1665/876/1665 
f 1664/1046/1664 1653/963/1653 1867/964/1867 
f 1867/964/1867 1865/1098/1865 1664/1046/1664 
f 1865/1098/1865 1867/964/1867 1868/965/1868 
f 1868/965/1868 1869/1097/1869 1865/1098/1865 
f 1866/1092/1866 1865/1098/1865 1869/1097/1869 
f 1869/1097/1869 1870/1091/1870 1866/1092/1866 
f 1871/1103/1871 1872/1104/1872 1873/1105/1873 
f 1873/1105/1873 1874/1106/1874 1871/1103/1871 
f 1872/1104/1872 1875/1107/1875 1876/1108/1876 
f 1876/1108/1876 1873/1105/1873 1872/1104/1872 
f 1873/1105/1873 1876/1108/1876 1877/834/1877 
f 1877/834/1877 1878/835/1878 1873/1105/1873 
f 1874/1106/1874 1873/1105/1873 1878/835/1878 
f 1878/835/1878 1879/830/1879 1874/1106/1874 
f 1643/972/1643 1642/969/1642 1880/969/1880 
f 1880/969/1880 1881/972/1881 1643/972/1643 
f 1642/969/1642 1572/968/1572 1575/968/1575 
f 1575/968/1575 1880/969/1880 1642/969/1642 
f 1880/969/1880 1575/968/1575 1580/968/1580 
f 1580/968/1580 1882/969/1882 1880/969/1880 
f 1881/972/1881 1880/969/1880 1882/969/1882 
f 1882/969/1882 1883/972/1883 1881/972/1881 
f 1639/826/1639 1638/831/1638 1884/831/1884 
f 1884/831/1884 1856/826/1856 1639/826/1639 
f 1638/831/1638 1633/830/1633 1885/830/1885 
f 1885/830/1885 1884/831/1884 1638/831/1638 
f 1884/831/1884 1885/830/1885 1886/830/1886 
f 1886/830/1886 1887/831/1887 1884/831/1884 
f 1856/826/1856 1884/831/1884 1887/831/1887 
f 1887/831/1887 1857/826/1857 1856/826/1856 
f 1657/878/1657 1656/1045/1656 1888/1045/1888 
f 1888/1045/1888 1889/878/1889 1657/878/1657 
f 1656/1045/1656 1643/972/1643 1881/972/1881 
f 1881/972/1881 1888/1045/1888 1656/1045/1656 
f 1888/1045/1888 1881/972/1881 1883/972/1883 
f 1883/972/1883 1890/1045/1890 1888/1045/1888 
f 1889/878/1889 1888/1045/1888 1890/1045/1890 
f 1890/1045/1890 1891/878/1891 1889/878/1889 
f 1651/862/1651 1699/861/1699 1892/861/1892 
f 1892/861/1892 1893/862/1893 1651/862/1651 
f 1699/861/1699 1693/860/1693 1894/860/1894 
f 1894/860/1894 1892/861/1892 1699/861/1699 
f 1892/861/1892 1894/860/1894 1895/860/1895 
f 1895/860/1895 1896/861/1896 1892/861/1892 
f 1893/862/1893 1892/861/1892 1896/861/1896 
f 1896/861/1896 1897/862/1897 1893/862/1893 
f 1898/1044/1898 1899/1109/1899 1900/1110/1900 
f 1900/1110/1900 1901/1042/1901 1898/1044/1898 
f 1899/1109/1899 1871/1103/1871 1874/1106/1874 
f 1874/1106/1874 1900/1110/1900 1899/1109/1899 
f 1900/1110/1900 1874/1106/1874 1879/830/1879 
f 1879/830/1879 1902/831/1902 1900/1110/1900 
f 1901/1042/1901 1900/1110/1900 1902/831/1902 
f 1902/831/1902 1903/826/1903 1901/1042/1901 
f 1669/872/1669 1668/879/1668 1904/879/1904 
f 1904/879/1904 1905/872/1905 1669/872/1669 
f 1668/879/1668 1657/878/1657 1889/878/1889 
f 1889/878/1889 1904/879/1904 1668/879/1668 
f 1904/879/1904 1889/878/1889 1891/878/1891 
f 1891/878/1891 1906/879/1906 1904/879/1904 
f 1905/872/1905 1904/879/1904 1906/879/1906 
f 1906/879/1906 1907/872/1907 1905/872/1905 
f 1908/1040/1908 1909/1043/1909 1910/1041/1910 
f 1910/1041/1910 1911/1038/1911 1908/1040/1908 
f 1909/1043/1909 1898/1044/1898 1901/1042/1901 
f 1901/1042/1901 1910/1041/1910 1909/1043/1909 
f 1910/1041/1910 1901/1042/1901 1903/826/1903 
f 1903/826/1903 1912/827/1912 1910/1041/1910 
f 1911/1038/1911 1910/1041/1910 1912/827/1912 
f 1912/827/1912 1913/822/1913 1911/1038/1911 
f 1681/866/1681 1680/873/1680 1914/873/1914 
f 1914/873/1914 1915/866/1915 1681/866/1681 
f 1680/873/1680 1669/872/1669 1905/872/1905 
f 1905/872/1905 1914/873/1914 1680/873/1680 
f 1914/873/1914 1905/872/1905 1907/872/1907 
f 1907/872/1907 1916/873/1916 1914/873/1914 
f 1915/866/1915 1914/873/1914 1916/873/1916 
f 1916/873/1916 1917/866/1917 1915/866/1915 
f 1689/864/1689 1688/871/1688 1918/871/1918 
f 1918/871/1918 1919/864/1919 1689/864/1689 
f 1688/871/1688 1677/870/1677 1920/870/1920 
f 1920/870/1920 1918/871/1918 1688/871/1688 
f 1918/871/1918 1920/870/1920 1921/870/1921 
f 1921/870/1921 1922/871/1922 1918/871/1918 
f 1919/864/1919 1918/871/1918 1922/871/1922 
f 1922/871/1922 1923/864/1923 1919/864/1919 
f 1924/1036/1924 1925/1039/1925 1926/1037/1926 
f 1926/1037/1926 1927/1034/1927 1924/1036/1924 
f 1925/1039/1925 1908/1040/1908 1911/1038/1911 
f 1911/1038/1911 1926/1037/1926 1925/1039/1925 
f 1926/1037/1926 1911/1038/1911 1913/822/1913 
f 1913/822/1913 1928/823/1928 1926/1037/1926 
f 1927/1034/1927 1926/1037/1926 1928/823/1928 
f 1928/823/1928 1929/613/1929 1927/1034/1927 
f 1693/860/1693 1692/867/1692 1930/867/1930 
f 1930/867/1930 1894/860/1894 1693/860/1693 
f 1692/867/1692 1681/866/1681 1915/866/1915 
f 1915/866/1915 1930/867/1930 1692/867/1692 
f 1930/867/1930 1915/866/1915 1917/866/1917 
f 1917/866/1917 1931/867/1931 1930/867/1930 
f 1894/860/1894 1930/867/1930 1931/867/1931 
f 1931/867/1931 1895/860/1895 1894/860/1894 
f 1584/858/1584 1697/865/1697 1932/865/1932 
f 1932/865/1932 1933/858/1933 1584/858/1584 
f 1697/865/1697 1689/864/1689 1919/864/1919 
f 1919/864/1919 1932/865/1932 1697/865/1697 
f 1932/865/1932 1919/864/1919 1923/864/1923 
f 1923/864/1923 1934/865/1934 1932/865/1932 
f 1933/858/1933 1932/865/1932 1934/865/1934 
f 1934/865/1934 1935/858/1935 1933/858/1933 
f 1936/1032/1936 1937/1035/1937 1938/1033/1938 
f 1938/1033/1938 1939/1030/1939 1936/1032/1936 
f 1937/1035/1937 1924/1036/1924 1927/1034/1927 
f 1927/1034/1927 1938/1033/1938 1937/1035/1937 
f 1938/1033/1938 1927/1034/1927 1929/613/1929 
f 1929/613/1929 1940/614/1940 1938/1033/1938 
f 1939/1030/1939 1938/1033/1938 1940/614/1940 
f 1940/614/1940 1941/615/1941 1939/1030/1939 
f 1942/1111/1942 1943/1112/1943 1944/960/1944 
f 1944/960/1944 1945/964/1945 1942/1111/1942 
f 1943/1112/1943 1946/1113/1946 1947/962/1947 
f 1947/962/1947 1944/960/1944 1943/1112/1943 
f 1944/960/1944 1947/962/1947 1948/967/1948 
f 1948/967/1948 1949/966/1949 1944/960/1944 
f 1945/964/1945 1944/960/1944 1949/966/1949 
f 1949/966/1949 1950/965/1950 1945/964/1945 
f 1586/856/1586 1585/859/1585 1951/859/1951 
f 1951/859/1951 1952/856/1952 1586/856/1586 
f 1585/859/1585 1584/858/1584 1933/858/1933 
f 1933/858/1933 1951/859/1951 1585/859/1585 
f 1951/859/1951 1933/858/1933 1935/858/1935 
f 1935/858/1935 1953/859/1953 1951/859/1951 
f 1952/856/1952 1951/859/1951 1953/859/1953 
f 1953/859/1953 1954/856/1954 1952/856/1952 
f 1955/1027/1955 1956/1031/1956 1957/1029/1957 
f 1957/1029/1957 1958/1025/1958 1955/1027/1955 
f 1956/1031/1956 1936/1032/1936 1939/1030/1939 
f 1939/1030/1939 1957/1029/1957 1956/1031/1956 
f 1957/1029/1957 1939/1030/1939 1941/615/1941 
f 1941/615/1941 1959/1028/1959 1957/1029/1957 
f 1958/1025/1958 1957/1029/1957 1959/1028/1959 
f 1959/1028/1959 1960/1022/1960 1958/1025/1958 
f 1677/870/1677 1676/877/1676 1961/877/1961 
f 1961/877/1961 1920/870/1920 1677/870/1677 
f 1676/877/1676 1665/876/1665 1866/1092/1866 
f 1866/1092/1866 1961/877/1961 1676/877/1676 
f 1961/877/1961 1866/1092/1866 1870/1091/1870 
f 1870/1091/1870 1962/1114/1962 1961/877/1961 
f 1920/870/1920 1961/877/1961 1962/1114/1962 
f 1962/1114/1962 1921/870/1921 1920/870/1920 
f 1594/853/1594 1593/857/1593 1963/857/1963 
f 1963/857/1963 1964/853/1964 1594/853/1594 
f 1593/857/1593 1586/856/1586 1952/856/1952 
f 1952/856/1952 1963/857/1963 1593/857/1593 
f 1963/857/1963 1952/856/1952 1954/856/1954 
f 1954/856/1954 1965/857/1965 1963/857/1963 
f 1964/853/1964 1963/857/1963 1965/857/1965 
f 1965/857/1965 1966/853/1966 1964/853/1964 
f 1967/1021/1967 1968/1026/1968 1969/1024/1969 
f 1969/1024/1969 1970/1019/1970 1967/1021/1967 
f 1968/1026/1968 1955/1027/1955 1958/1025/1958 
f 1958/1025/1958 1969/1024/1969 1968/1026/1968 
f 1969/1024/1969 1958/1025/1958 1960/1022/1960 
f 1960/1022/1960 1971/1023/1971 1969/1024/1969 
f 1970/1019/1970 1969/1024/1969 1971/1023/1971 
f 1971/1023/1971 1972/820/1972 1970/1019/1970 
f 1602/848/1602 1601/854/1601 1973/854/1973 
f 1973/854/1973 1974/1056/1974 1602/848/1602 
f 1601/854/1601 1594/853/1594 1964/853/1964 
f 1964/853/1964 1973/854/1973 1601/854/1601 
f 1973/854/1973 1964/853/1964 1966/853/1966 
f 1966/853/1966 1975/1115/1975 1973/854/1973 
f 1974/1056/1974 1973/854/1973 1975/1115/1975 
f 1975/1115/1975 1976/1055/1976 1974/1056/1974 
f 1977/1017/1977 1978/1020/1978 1979/1018/1979 
f 1979/1018/1979 1980/1015/1980 1977/1017/1977 
f 1978/1020/1978 1967/1021/1967 1970/1019/1970 
f 1970/1019/1970 1979/1018/1979 1978/1020/1978 
f 1979/1018/1979 1970/1019/1970 1972/820/1972 
f 1972/820/1972 1981/819/1981 1979/1018/1979 
f 1980/1015/1980 1979/1018/1979 1981/819/1981 
f 1981/819/1981 1982/818/1982 1980/1015/1980 
f 1610/843/1610 1609/849/1609 1983/1054/1983 
f 1983/1054/1983 1984/1052/1984 1610/843/1610 
f 1609/849/1609 1602/848/1602 1974/1056/1974 
f 1974/1056/1974 1983/1054/1983 1609/849/1609 
f 1983/1054/1983 1974/1056/1974 1976/1055/1976 
f 1976/1055/1976 1985/1053/1985 1983/1054/1983 
f 1984/1052/1984 1983/1054/1983 1985/1053/1985 
f 1985/1053/1985 1986/1051/1986 1984/1052/1984 
f 1987/1012/1987 1988/1016/1988 1989/1014/1989 
f 1989/1014/1989 1990/1010/1990 1987/1012/1987 
f 1988/1016/1988 1977/1017/1977 1980/1015/1980 
f 1980/1015/1980 1989/1014/1989 1988/1016/1988 
f 1989/1014/1989 1980/1015/1980 1982/818/1982 
f 1982/818/1982 1991/1013/1991 1989/1014/1989 
f 1990/1010/1990 1989/1014/1989 1991/1013/1991 
f 1991/1013/1991 1992/1007/1992 1990/1010/1990 
f 1618/838/1618 1617/844/1617 1993/844/1993 
f 1993/844/1993 1994/838/1994 1618/838/1618 
f 1617/844/1617 1610/843/1610 1984/1052/1984 
f 1984/1052/1984 1993/844/1993 1617/844/1617 
f 1993/844/1993 1984/1052/1984 1986/1051/1986 
f 1986/1051/1986 1995/1116/1995 1993/844/1993 
f 1994/838/1994 1993/844/1993 1995/1116/1995 
f 1995/1116/1995 1996/838/1996 1994/838/1994 
f 1997/1006/1997 1998/1011/1998 1999/1009/1999 
f 1999/1009/1999 2000/1004/2000 1997/1006/1997 
f 1998/1011/1998 1987/1012/1987 1990/1010/1990 
f 1990/1010/1990 1999/1009/1999 1998/1011/1998 
f 1999/1009/1999 1990/1010/1990 1992/1007/1992 
f 1992/1007/1992 2001/1008/2001 1999/1009/1999 
f 2000/1004/2000 1999/1009/1999 2001/1008/2001 
f 2001/1008/2001 2002/1001/2002 2000/1004/2000 
f 1875/1107/1875 2003/1117/2003 2004/1118/2004 
f 2004/1118/2004 1876/1108/1876 1875/1107/1875 
f 2003/1117/2003 1700/1047/1700 1703/1050/1703 
f 1703/1050/1703 2004/1118/2004 2003/1117/2003 
f 2004/1118/2004 1703/1050/1703 1708/838/1708 
f 1708/838/1708 2005/839/2005 2004/1118/2004 
f 1876/1108/1876 2004/1118/2004 2005/839/2005 
f 2005/839/2005 1877/834/1877 1876/1108/1876 
f 2006/1000/2006 2007/1005/2007 2008/1003/2008 
f 2008/1003/2008 2009/998/2009 2006/1000/2006 
f 2007/1005/2007 1997/1006/1997 2000/1004/2000 
f 2000/1004/2000 2008/1003/2008 2007/1005/2007 
f 2008/1003/2008 2000/1004/2000 2002/1001/2002 
f 2002/1001/2002 2010/1002/2010 2008/1003/2008 
f 2009/998/2009 2008/1003/2008 2010/1002/2010 
f 2010/1002/2010 2011/995/2011 2009/998/2009 
f 1626/834/1626 1625/839/1625 2012/839/2012 
f 2012/839/2012 2013/834/2013 1626/834/1626 
f 1625/839/1625 1618/838/1618 1994/838/1994 
f 1994/838/1994 2012/839/2012 1625/839/1625 
f 2012/839/2012 1994/838/1994 1996/838/1996 
f 1996/838/1996 2014/839/2014 2012/839/2012 
f 2013/834/2013 2012/839/2012 2014/839/2014 
f 2014/839/2014 2015/834/2015 2013/834/2013 
f 1861/994/1861 2016/999/2016 2017/997/2017 
f 2017/997/2017 1862/992/1862 1861/994/1861 
f 2016/999/2016 2006/1000/2006 2009/998/2009 
f 2009/998/2009 2017/997/2017 2016/999/2016 
f 2017/997/2017 2009/998/2009 2011/995/2011 
f 2011/995/2011 2018/996/2018 2017/997/2017 
f 1862/992/1862 2017/997/2017 2018/996/2018 
f 2018/996/2018 1863/989/1863 1862/992/1862 
f 1633/830/1633 1632/835/1632 2019/835/2019 
f 2019/835/2019 1885/830/1885 1633/830/1633 
f 1632/835/1632 1626/834/1626 2013/834/2013 
f 2013/834/2013 2019/835/2019 1632/835/1632 
f 2019/835/2019 2013/834/2013 2015/834/2015 
f 2015/834/2015 2020/835/2020 2019/835/2019 
f 1885/830/1885 2019/835/2019 2020/835/2020 
f 2020/835/2020 1886/830/1886 1885/830/1885 
f 1814/963/1814 1828/960/1828 2021/960/2021 
f 2021/960/2021 2022/1119/2022 1814/963/1814 
f 1828/960/1828 1757/862/1757 2023/1120/2023 
f 2023/1120/2023 2021/960/2021 1828/960/1828 
f 2021/960/2021 2023/1120/2023 2024/1120/2024 
f 2024/1120/2024 2025/1121/2025 2021/960/2021 
f 2022/1119/2022 2021/960/2021 2025/1121/2025 
f 2025/1121/2025 2026/1119/2026 2022/1119/2022 
f 2026/1119/2026 2025/1121/2025 2027/1121/2027 
f 2027/1121/2027 2028/1122/2028 2026/1119/2026 
f 2025/1121/2025 2024/1120/2024 2029/1123/2029 
f 2029/1123/2029 2027/1121/2027 2025/1121/2025 
f 2027/1121/2027 2029/1123/2029 2030/1123/2030 
f 2030/1123/2030 2031/1124/2031 2027/1121/2027 
f 2028/1122/2028 2027/1121/2027 2031/1124/2031 
f 2031/1124/2031 2032/1122/2032 2028/1122/2028 
f 2033/983/2033 2034/1125/2034 2035/1125/2035 
f 2035/1125/2035 2036/983/2036 2033/983/2033 
f 2034/1125/2034 2037/994/2037 2038/994/2038 
f 2038/994/2038 2035/1125/2035 2034/1125/2034 
f 2035/1125/2035 2038/994/2038 2039/994/2039 
f 2039/994/2039 2040/1125/2040 2035/1125/2035 
f 2036/983/2036 2035/1125/2035 2040/1125/2040 
f 2040/1125/2040 2041/1126/2041 2036/983/2036 
f 2042/1127/2042 2043/1128/2043 2044/1128/2044 
f 2044/1128/2044 2045/1129/2045 2042/1127/2042 
f 2043/1128/2043 2046/1130/2046 2047/1131/2047 
f 2047/1131/2047 2044/1128/2044 2043/1128/2043 
f 2044/1128/2044 2047/1131/2047 2048/1132/2048 
f 2048/1132/2048 2049/1128/2049 2044/1128/2044 
f 2045/1129/2045 2044/1128/2044 2049/1128/2049 
f 2049/1128/2049 2050/1133/2050 2045/1129/2045 
f 1798/876/1798 1815/1046/1815 2051/1046/2051 
f 2051/1046/2051 2052/1134/2052 1798/876/1798 
f 1815/1046/1815 1814/963/1814 2022/1119/2022 
f 2022/1119/2022 2051/1046/2051 1815/1046/1815 
f 2051/1046/2051 2022/1119/2022 2026/1119/2026 
f 2026/1119/2026 2053/1135/2053 2051/1046/2051 
f 2052/1134/2052 2051/1046/2051 2053/1135/2053 
f 2053/1135/2053 2054/1136/2054 2052/1134/2052 
f 2054/1136/2054 2053/1135/2053 2055/1135/2055 
f 2055/1135/2055 2056/1136/2056 2054/1136/2054 
f 2053/1135/2053 2026/1119/2026 2028/1122/2028 
f 2028/1122/2028 2055/1135/2055 2053/1135/2053 
f 2055/1135/2055 2028/1122/2028 2032/1122/2032 
f 2032/1122/2032 2057/1137/2057 2055/1135/2055 
f 2056/1136/2056 2055/1135/2055 2057/1137/2057 
f 2057/1137/2057 2058/1138/2058 2056/1136/2056 
f 2059/1139/2059 2060/1140/2060 2061/1141/2061 
f 2061/1141/2061 2062/1142/2062 2059/1139/2059 
f 2060/1140/2060 2063/1143/2063 2064/1144/2064 
f 2064/1144/2064 2061/1141/2061 2060/1140/2060 
f 2061/1141/2061 2064/1144/2064 2065/1145/2065 
f 2065/1145/2065 2066/1146/2066 2061/1141/2061 
f 2062/1142/2062 2061/1141/2061 2066/1146/2066 
f 2066/1146/2066 2067/1147/2067 2062/1142/2062 
f 2068/963/2068 2069/1046/2069 2070/1098/2070 
f 2070/1098/2070 2071/964/2071 2068/963/2068 
f 2069/1046/2069 2072/876/2072 2073/1092/2073 
f 2073/1092/2073 2070/1098/2070 2069/1046/2069 
f 2070/1098/2070 2073/1092/2073 2074/1091/2074 
f 2074/1091/2074 2075/1097/2075 2070/1098/2070 
f 2071/964/2071 2070/1098/2070 2075/1097/2075 
f 2075/1097/2075 1950/965/1950 2071/964/2071 
f 1782/870/1782 1799/877/1799 2076/877/2076 
f 2076/877/2076 2077/1148/2077 1782/870/1782 
f 1799/877/1799 1798/876/1798 2052/1134/2052 
f 2052/1134/2052 2076/877/2076 1799/877/1799 
f 2076/877/2076 2052/1134/2052 2054/1136/2054 
f 2054/1136/2054 2078/1149/2078 2076/877/2076 
f 2077/1148/2077 2076/877/2076 2078/1149/2078 
f 2078/1149/2078 2079/1150/2079 2077/1148/2077 
f 2079/1150/2079 2078/1149/2078 2080/1151/2080 
f 2080/1151/2080 2081/1150/2081 2079/1150/2079 
f 2078/1149/2078 2054/1136/2054 2056/1136/2056 
f 2056/1136/2056 2080/1151/2080 2078/1149/2078 
f 2080/1151/2080 2056/1136/2056 2058/1138/2058 
f 2058/1138/2058 2082/1152/2082 2080/1151/2080 
f 2081/1150/2081 2080/1151/2080 2082/1152/2082 
f 2082/1152/2082 2083/1153/2083 2081/1150/2081 
f 2084/1001/2084 2085/1008/2085 2086/1008/2086 
f 2086/1008/2086 2087/1001/2087 2084/1001/2084 
f 2085/1008/2085 2088/1007/2088 2089/1007/2089 
f 2089/1007/2089 2086/1008/2086 2085/1008/2085 
f 2086/1008/2086 2089/1007/2089 2090/1007/2090 
f 2090/1007/2090 2091/1008/2091 2086/1008/2086 
f 2087/1001/2087 2086/1008/2086 2091/1008/2091 
f 2091/1008/2091 2092/1001/2092 2087/1001/2087 
f 2093/864/2093 2094/865/2094 2095/1074/2095 
f 2095/1074/2095 2096/1076/2096 2093/864/2093 
f 2094/865/2094 2097/858/2097 2098/1068/2098 
f 2098/1068/2098 2095/1074/2095 2094/865/2094 
f 2095/1074/2095 2098/1068/2098 2099/1067/2099 
f 2099/1067/2099 2100/1073/2100 2095/1074/2095 
f 2096/1076/2096 2095/1074/2095 2100/1073/2100 
f 2100/1073/2100 2101/1075/2101 2096/1076/2096 
f 1766/864/1766 1783/871/1783 2102/871/2102 
f 2102/871/2102 2103/864/2103 1766/864/1766 
f 1783/871/1783 1782/870/1782 2077/1148/2077 
f 2077/1148/2077 2102/871/2102 1783/871/1783 
f 2102/871/2102 2077/1148/2077 2079/1150/2079 
f 2079/1150/2079 2104/1154/2104 2102/871/2102 
f 2103/864/2103 2102/871/2102 2104/1154/2104 
f 2104/1154/2104 2105/864/2105 2103/864/2103 
f 2105/864/2105 2104/1154/2104 2106/1155/2106 
f 2106/1155/2106 2107/1156/2107 2105/864/2105 
f 2104/1154/2104 2079/1150/2079 2081/1150/2081 
f 2081/1150/2081 2106/1155/2106 2104/1154/2104 
f 2106/1155/2106 2081/1150/2081 2083/1153/2083 
f 2083/1153/2083 2108/1157/2108 2106/1155/2106 
f 2107/1156/2107 2106/1155/2106 2108/1157/2108 
f 2108/1157/2108 2109/1156/2109 2107/1156/2107 
f 2110/1158/2110 2111/1159/2111 2112/1160/2112 
f 2112/1160/2112 2113/1161/2113 2110/1158/2110 
f 2111/1159/2111 2114/1162/2114 2115/1163/2115 
f 2115/1163/2115 2112/1160/2112 2111/1159/2111 
f 2112/1160/2112 2115/1163/2115 2116/1164/2116 
f 2116/1164/2116 2117/1165/2117 2112/1160/2112 
f 2113/1161/2113 2112/1160/2112 2117/1165/2117 
f 2117/1165/2117 2118/1166/2118 2113/1161/2113 
f 2097/858/2097 2119/859/2119 2120/1066/2120 
f 2120/1066/2120 2098/1068/2098 2097/858/2097 
f 2119/859/2119 2121/856/2121 2122/1064/2122 
f 2122/1064/2122 2120/1066/2120 2119/859/2119 
f 2120/1066/2120 2122/1064/2122 2123/1063/2123 
f 2123/1063/2123 2124/1065/2124 2120/1066/2120 
f 2098/1068/2098 2120/1066/2120 2124/1065/2124 
f 2124/1065/2124 2099/1067/2099 2098/1068/2098 
f 1747/858/1747 1767/865/1767 2125/865/2125 
f 2125/865/2125 2126/1167/2126 1747/858/1747 
f 1767/865/1767 1766/864/1766 2103/864/2103 
f 2103/864/2103 2125/865/2125 1767/865/1767 
f 2125/865/2125 2103/864/2103 2105/864/2105 
f 2105/864/2105 2127/1168/2127 2125/865/2125 
f 2126/1167/2126 2125/865/2125 2127/1168/2127 
f 2127/1168/2127 2128/1169/2128 2126/1167/2126 
f 2128/1169/2128 2127/1168/2127 2129/1170/2129 
f 2129/1170/2129 2130/1169/2130 2128/1169/2128 
f 2127/1168/2127 2105/864/2105 2107/1156/2107 
f 2107/1156/2107 2129/1170/2129 2127/1168/2127 
f 2129/1170/2129 2107/1156/2107 2109/1156/2109 
f 2109/1156/2109 2131/1171/2131 2129/1170/2129 
f 2130/1169/2130 2129/1170/2129 2131/1171/2131 
f 2131/1171/2131 2132/1172/2132 2130/1169/2130 
f 2032/1122/2032 2031/1124/2031 2133/1124/2133 
f 2133/1124/2133 2134/1119/2134 2032/1122/2032 
f 2031/1124/2031 2030/1123/2030 2135/1120/2135 
f 2135/1120/2135 2133/1124/2133 2031/1124/2031 
f 2133/1124/2133 2135/1120/2135 1946/1113/1946 
f 1946/1113/1946 1943/1112/1943 2133/1124/2133 
f 2134/1119/2134 2133/1124/2133 1943/1112/1943 
f 1943/1112/1943 1942/1111/1942 2134/1119/2134 
f 2121/856/2121 2136/857/2136 2137/1062/2137 
f 2137/1062/2137 2122/1064/2122 2121/856/2121 
f 2136/857/2136 2138/853/2138 2139/1060/2139 
f 2139/1060/2139 2137/1062/2137 2136/857/2136 
f 2137/1062/2137 2139/1060/2139 2140/1059/2140 
f 2140/1059/2140 2141/1061/2141 2137/1062/2137 
f 2122/1064/2122 2137/1062/2137 2141/1061/2141 
f 2141/1061/2141 2123/1063/2123 2122/1064/2122 
f 1737/856/1737 1748/859/1748 2142/859/2142 
f 2142/859/2142 2143/1173/2143 1737/856/1737 
f 1748/859/1748 1747/858/1747 2126/1167/2126 
f 2126/1167/2126 2142/859/2142 1748/859/1748 
f 2142/859/2142 2126/1167/2126 2128/1169/2128 
f 2128/1169/2128 2144/1174/2144 2142/859/2142 
f 2143/1173/2143 2142/859/2142 2144/1174/2144 
f 2144/1174/2144 2145/1175/2145 2143/1173/2143 
f 2145/1175/2145 2144/1174/2144 2146/1176/2146 
f 2146/1176/2146 2147/1175/2147 2145/1175/2145 
f 2144/1174/2144 2128/1169/2128 2130/1169/2130 
f 2130/1169/2130 2146/1176/2146 2144/1174/2144 
f 2146/1176/2146 2130/1169/2130 2132/1172/2132 
f 2132/1172/2132 2148/1177/2148 2146/1176/2146 
f 2147/1175/2147 2146/1176/2146 2148/1177/2148 
f 2148/1177/2148 2149/1178/2149 2147/1175/2147 
f 2150/820/2150 2151/819/2151 2152/1018/2152 
f 2152/1018/2152 2153/1019/2153 2150/820/2150 
f 2151/819/2151 2154/818/2154 2155/1015/2155 
f 2155/1015/2155 2152/1018/2152 2151/819/2151 
f 2152/1018/2152 2155/1015/2155 2156/1017/2156 
f 2156/1017/2156 2157/1020/2157 2152/1018/2152 
f 2153/1019/2153 2152/1018/2152 2157/1020/2157 
f 2157/1020/2157 2158/1021/2158 2153/1019/2153 
f 2138/853/2138 2159/854/2159 2160/1058/2160 
f 2160/1058/2160 2139/1060/2139 2138/853/2138 
f 2159/854/2159 2161/848/2161 2162/1056/2162 
f 2162/1056/2162 2160/1058/2160 2159/854/2159 
f 2160/1058/2160 2162/1056/2162 2163/1055/2163 
f 2163/1055/2163 2164/1057/2164 2160/1058/2160 
f 2139/1060/2139 2160/1058/2160 2164/1057/2164 
f 2164/1057/2164 2140/1059/2140 2139/1060/2139 
f 1727/853/1727 1738/857/1738 2165/857/2165 
f 2165/857/2165 2166/1179/2166 1727/853/1727 
f 1738/857/1738 1737/856/1737 2143/1173/2143 
f 2143/1173/2143 2165/857/2165 1738/857/1738 
f 2165/857/2165 2143/1173/2143 2145/1175/2145 
f 2145/1175/2145 2167/1180/2167 2165/857/2165 
f 2166/1179/2166 2165/857/2165 2167/1180/2167 
f 2167/1180/2167 2168/1179/2168 2166/1179/2166 
f 2168/1179/2168 2167/1180/2167 2169/1180/2169 
f 2169/1180/2169 2170/1181/2170 2168/1179/2168 
f 2167/1180/2167 2145/1175/2145 2147/1175/2147 
f 2147/1175/2147 2169/1180/2169 2167/1180/2167 
f 2169/1180/2169 2147/1175/2147 2149/1178/2149 
f 2149/1178/2149 2171/1182/2171 2169/1180/2169 
f 2170/1181/2170 2169/1180/2169 2171/1182/2171 
f 2171/1182/2171 2172/1181/2172 2170/1181/2170 
f 2173/1183/2173 2174/1184/2174 2175/1184/2175 
f 2175/1184/2175 2176/1126/2176 2173/1183/2173 
f 2174/1184/2174 2177/1185/2177 2178/1186/2178 
f 2178/1186/2178 2175/1184/2175 2174/1184/2174 
f 2175/1184/2175 2178/1186/2178 2179/1187/2179 
f 2179/1187/2179 2180/1125/2180 2175/1184/2175 
f 2176/1126/2176 2175/1184/2175 2180/1125/2180 
f 2180/1125/2180 2181/1188/2181 2176/1126/2176 
f 2161/848/2161 2182/849/2182 2183/1054/2183 
f 2183/1054/2183 2162/1056/2162 2161/848/2161 
f 2182/849/2182 2184/843/2184 2185/1052/2185 
f 2185/1052/2185 2183/1054/2183 2182/849/2182 
f 2183/1054/2183 2185/1052/2185 2186/1051/2186 
f 2186/1051/2186 2187/1053/2187 2183/1054/2183 
f 2162/1056/2162 2183/1054/2183 2187/1053/2187 
f 2187/1053/2187 2163/1055/2163 2162/1056/2162 
f 1717/848/1717 1728/854/1728 2188/854/2188 
f 2188/854/2188 2189/1189/2189 1717/848/1717 
f 1728/854/1728 1727/853/1727 2166/1179/2166 
f 2166/1179/2166 2188/854/2188 1728/854/1728 
f 2188/854/2188 2166/1179/2166 2168/1179/2168 
f 2168/1179/2168 2190/1190/2190 2188/854/2188 
f 2189/1189/2189 2188/854/2188 2190/1190/2190 
f 2190/1190/2190 2191/1189/2191 2189/1189/2189 
f 2191/1189/2191 2190/1190/2190 2192/1190/2192 
f 2192/1190/2192 2193/1191/2193 2191/1189/2191 
f 2190/1190/2190 2168/1179/2168 2170/1181/2170 
f 2170/1181/2170 2192/1190/2192 2190/1190/2190 
f 2192/1190/2192 2170/1181/2170 2172/1181/2172 
f 2172/1181/2172 2194/1192/2194 2192/1190/2192 
f 2193/1191/2193 2192/1190/2192 2194/1192/2194 
f 2194/1192/2194 2195/1191/2195 2193/1191/2193 
f 2196/613/2196 2197/614/2197 2198/1033/2198 
f 2198/1033/2198 2199/1034/2199 2196/613/2196 
f 2197/614/2197 2200/615/2200 2201/1030/2201 
f 2201/1030/2201 2198/1033/2198 2197/614/2197 
f 2198/1033/2198 2201/1030/2201 2202/1032/2202 
f 2202/1032/2202 2203/1035/2203 2198/1033/2198 
f 2199/1034/2199 2198/1033/2198 2203/1035/2203 
f 2203/1035/2203 2204/1036/2204 2199/1034/2199 
f 2184/843/2184 2205/844/2205 2206/1049/2206 
f 2206/1049/2206 2185/1052/2185 2184/843/2184 
f 2205/844/2205 2207/838/2207 2208/1050/2208 
f 2208/1050/2208 2206/1049/2206 2205/844/2205 
f 2206/1049/2206 2208/1050/2208 2209/1047/2209 
f 2209/1047/2209 2210/1048/2210 2206/1049/2206 
f 2185/1052/2185 2206/1049/2206 2210/1048/2210 
f 2210/1048/2210 2186/1051/2186 2185/1052/2185 
f 1706/843/1706 1718/849/1718 2211/849/2211 
f 2211/849/2211 2212/1193/2212 1706/843/1706 
f 1718/849/1718 1717/848/1717 2189/1189/2189 
f 2189/1189/2189 2211/849/2211 1718/849/1718 
f 2211/849/2211 2189/1189/2189 2191/1189/2191 
f 2191/1189/2191 2213/1194/2213 2211/849/2211 
f 2212/1193/2212 2211/849/2211 2213/1194/2213 
f 2213/1194/2213 2214/1193/2214 2212/1193/2212 
f 2214/1193/2214 2213/1194/2213 2215/1194/2215 
f 2215/1194/2215 2216/1195/2216 2214/1193/2214 
f 2213/1194/2213 2191/1189/2191 2193/1191/2193 
f 2193/1191/2193 2215/1194/2215 2213/1194/2213 
f 2215/1194/2215 2193/1191/2193 2195/1191/2195 
f 2195/1191/2195 2217/1196/2217 2215/1194/2215 
f 2216/1195/2216 2215/1194/2215 2217/1196/2217 
f 2217/1196/2217 2218/1195/2218 2216/1195/2216 
f 2219/1197/2219 2220/1198/2220 2221/1199/2221 
f 2221/1199/2221 2222/1200/2222 2219/1197/2219 
f 2220/1198/2220 2223/1201/2223 2224/1201/2224 
f 2224/1201/2224 2221/1199/2221 2220/1198/2220 
f 2221/1199/2221 2224/1201/2224 2225/1202/2225 
f 2225/1202/2225 2226/1203/2226 2221/1199/2221 
f 2222/1200/2222 2221/1199/2221 2226/1203/2226 
f 2226/1203/2226 2227/1204/2227 2222/1200/2222 
f 2207/838/2207 2228/839/2228 2229/1118/2229 
f 2229/1118/2229 2208/1050/2208 2207/838/2207 
f 2228/839/2228 2230/834/2230 2231/1108/2231 
f 2231/1108/2231 2229/1118/2229 2228/839/2228 
f 2229/1118/2229 2231/1108/2231 2232/1107/2232 
f 2232/1107/2232 2233/1117/2233 2229/1118/2229 
f 2208/1050/2208 2229/1118/2229 2233/1117/2233 
f 2233/1117/2233 2209/1047/2209 2208/1050/2208 
f 1708/838/1708 1707/844/1707 2234/844/2234 
f 2234/844/2234 2235/1205/2235 1708/838/1708 
f 1707/844/1707 1706/843/1706 2212/1193/2212 
f 2212/1193/2212 2234/844/2234 1707/844/1707 
f 2234/844/2234 2212/1193/2212 2214/1193/2214 
f 2214/1193/2214 2236/1206/2236 2234/844/2234 
f 2235/1205/2235 2234/844/2234 2236/1206/2236 
f 2236/1206/2236 2237/1207/2237 2235/1205/2235 
f 2237/1207/2237 2236/1206/2236 2238/1206/2238 
f 2238/1206/2238 2239/1207/2239 2237/1207/2237 
f 2236/1206/2236 2214/1193/2214 2216/1195/2216 
f 2216/1195/2216 2238/1206/2238 2236/1206/2236 
f 2238/1206/2238 2216/1195/2216 2218/1195/2218 
f 2218/1195/2218 2240/1208/2240 2238/1206/2238 
f 2239/1207/2239 2238/1206/2238 2240/1208/2240 
f 2240/1208/2240 2241/1209/2241 2239/1207/2239 
f 2242/830/2242 2243/831/2243 2244/1110/2244 
f 2244/1110/2244 2245/1106/2245 2242/830/2242 
f 2243/831/2243 2246/826/2246 2247/1042/2247 
f 2247/1042/2247 2244/1110/2244 2243/831/2243 
f 2244/1110/2244 2247/1042/2247 2248/1044/2248 
f 2248/1044/2248 2249/1109/2249 2244/1110/2244 
f 2245/1106/2245 2244/1110/2244 2249/1109/2249 
f 2249/1109/2249 2250/1103/2250 2245/1106/2245 
f 2251/830/2251 2252/835/2252 2253/835/2253 
f 2253/835/2253 2254/830/2254 2251/830/2251 
f 2252/835/2252 2255/834/2255 2256/834/2256 
f 2256/834/2256 2253/835/2253 2252/835/2252 
f 2253/835/2253 2256/834/2256 2257/834/2257 
f 2257/834/2257 2258/835/2258 2253/835/2253 
f 2254/830/2254 2253/835/2253 2258/835/2258 
f 2258/835/2258 2259/830/2259 2254/830/2254 
f 1877/834/1877 2005/839/2005 2260/839/2260 
f 2260/839/2260 2261/1210/2261 1877/834/1877 
f 2005/839/2005 1708/838/1708 2235/1205/2235 
f 2235/1205/2235 2260/839/2260 2005/839/2005 
f 2260/839/2260 2235/1205/2235 2237/1207/2237 
f 2237/1207/2237 2262/1211/2262 2260/839/2260 
f 2261/1210/2261 2260/839/2260 2262/1211/2262 
f 2262/1211/2262 2263/1212/2263 2261/1210/2261 
f 2263/1212/2263 2262/1211/2262 2264/1213/2264 
f 2264/1213/2264 2265/1212/2265 2263/1212/2263 
f 2262/1211/2262 2237/1207/2237 2239/1207/2239 
f 2239/1207/2239 2264/1213/2264 2262/1211/2262 
f 2264/1213/2264 2239/1207/2239 2241/1209/2241 
f 2241/1209/2241 2266/1214/2266 2264/1213/2264 
f 2265/1212/2265 2264/1213/2264 2266/1214/2266 
f 2266/1214/2266 2267/1215/2267 2265/1212/2265 
f 2268/1216/2268 2269/1217/2269 2270/1217/2270 
f 2270/1217/2270 2271/1218/2271 2268/1216/2268 
f 2269/1217/2269 2272/1219/2272 2273/1220/2273 
f 2273/1220/2273 2270/1217/2270 2269/1217/2269 
f 2270/1217/2270 2273/1220/2273 2274/1221/2274 
f 2274/1221/2274 2275/1222/2275 2270/1217/2270 
f 2271/1218/2271 2270/1217/2270 2275/1222/2275 
f 2275/1222/2275 2276/1223/2276 2271/1218/2271 
f 2230/834/2230 2277/835/2277 2278/1105/2278 
f 2278/1105/2278 2231/1108/2231 2230/834/2230 
f 2277/835/2277 2242/830/2242 2245/1106/2245 
f 2245/1106/2245 2278/1105/2278 2277/835/2277 
f 2278/1105/2278 2245/1106/2245 2250/1103/2250 
f 2250/1103/2250 2279/1104/2279 2278/1105/2278 
f 2231/1108/2231 2278/1105/2278 2279/1104/2279 
f 2279/1104/2279 2232/1107/2232 2231/1108/2231 
f 1879/830/1879 1878/835/1878 2280/835/2280 
f 2280/835/2280 2281/830/2281 1879/830/1879 
f 1878/835/1878 1877/834/1877 2261/1210/2261 
f 2261/1210/2261 2280/835/2280 1878/835/1878 
f 2280/835/2280 2261/1210/2261 2263/1212/2263 
f 2263/1212/2263 2282/1224/2282 2280/835/2280 
f 2281/830/2281 2280/835/2280 2282/1224/2282 
f 2282/1224/2282 2283/830/2283 2281/830/2281 
f 2283/830/2283 2282/1224/2282 2284/1225/2284 
f 2284/1225/2284 2285/1226/2285 2283/830/2283 
f 2282/1224/2282 2263/1212/2263 2265/1212/2265 
f 2265/1212/2265 2284/1225/2284 2282/1224/2282 
f 2284/1225/2284 2265/1212/2265 2267/1215/2267 
f 2267/1215/2267 2286/1227/2286 2284/1225/2284 
f 2285/1226/2285 2284/1225/2284 2286/1227/2286 
f 2286/1227/2286 2287/1226/2287 2285/1226/2285 
f 2288/843/2288 2289/849/2289 2290/849/2290 
f 2290/849/2290 2291/843/2291 2288/843/2288 
f 2289/849/2289 2292/848/2292 2293/848/2293 
f 2293/848/2293 2290/849/2290 2289/849/2289 
f 2290/849/2290 2293/848/2293 2294/1189/2294 
f 2294/1189/2294 2295/849/2295 2290/849/2290 
f 2291/843/2291 2290/849/2290 2295/849/2295 
f 2295/849/2295 2296/843/2296 2291/843/2291 
f 2246/826/2246 2297/827/2297 2298/1041/2298 
f 2298/1041/2298 2247/1042/2247 2246/826/2246 
f 2297/827/2297 2299/822/2299 2300/1038/2300 
f 2300/1038/2300 2298/1041/2298 2297/827/2297 
f 2298/1041/2298 2300/1038/2300 2301/1040/2301 
f 2301/1040/2301 2302/1043/2302 2298/1041/2298 
f 2247/1042/2247 2298/1041/2298 2302/1043/2302 
f 2302/1043/2302 2248/1044/2248 2247/1042/2247 
f 1903/826/1903 1902/831/1902 2303/831/2303 
f 2303/831/2303 2304/1228/2304 1903/826/1903 
f 1902/831/1902 1879/830/1879 2281/830/2281 
f 2281/830/2281 2303/831/2303 1902/831/1902 
f 2303/831/2303 2281/830/2281 2283/830/2283 
f 2283/830/2283 2305/1229/2305 2303/831/2303 
f 2304/1228/2304 2303/831/2303 2305/1229/2305 
f 2305/1229/2305 2306/1230/2306 2304/1228/2304 
f 2306/1230/2306 2305/1229/2305 2307/1231/2307 
f 2307/1231/2307 2308/1230/2308 2306/1230/2306 
f 2305/1229/2305 2283/830/2283 2285/1226/2285 
f 2285/1226/2285 2307/1231/2307 2305/1229/2305 
f 2307/1231/2307 2285/1226/2285 2287/1226/2287 
f 2287/1226/2287 2309/1232/2309 2307/1231/2307 
f 2308/1230/2308 2307/1231/2307 2309/1232/2309 
f 2309/1232/2309 2310/1233/2310 2308/1230/2308 
f 2311/1234/2311 2312/1235/2312 2313/1235/2313 
f 2313/1235/2313 2314/1236/2314 2311/1234/2311 
f 2312/1235/2312 2315/1237/2315 2316/1238/2316 
f 2316/1238/2316 2313/1235/2313 2312/1235/2312 
f 2313/1235/2313 2316/1238/2316 2317/1239/2317 
f 2317/1239/2317 2318/1240/2318 2313/1235/2313 
f 2314/1236/2314 2313/1235/2313 2318/1240/2318 
f 2318/1240/2318 2319/1241/2319 2314/1236/2314 
f 2320/613/2320 2321/823/2321 2322/823/2322 
f 2322/823/2322 2323/613/2323 2320/613/2320 
f 2321/823/2321 2324/822/2324 2325/822/2325 
f 2325/822/2325 2322/823/2322 2321/823/2321 
f 2322/823/2322 2325/822/2325 2326/1242/2326 
f 2326/1242/2326 2327/823/2327 2322/823/2322 
f 2323/613/2323 2322/823/2322 2327/823/2327 
f 2327/823/2327 2328/613/2328 2323/613/2323 
f 1913/822/1913 1912/827/1912 2329/827/2329 
f 2329/827/2329 2330/1242/2330 1913/822/1913 
f 1912/827/1912 1903/826/1903 2304/1228/2304 
f 2304/1228/2304 2329/827/2329 1912/827/1912 
f 2329/827/2329 2304/1228/2304 2306/1230/2306 
f 2306/1230/2306 2331/1243/2331 2329/827/2329 
f 2330/1242/2330 2329/827/2329 2331/1243/2331 
f 2331/1243/2331 2332/1238/2332 2330/1242/2330 
f 2332/1238/2332 2331/1243/2331 2333/1244/2333 
f 2333/1244/2333 2334/1238/2334 2332/1238/2332 
f 2331/1243/2331 2306/1230/2306 2308/1230/2308 
f 2308/1230/2308 2333/1244/2333 2331/1243/2331 
f 2333/1244/2333 2308/1230/2308 2310/1233/2310 
f 2310/1233/2310 2335/1245/2335 2333/1244/2333 
f 2334/1238/2334 2333/1244/2333 2335/1245/2335 
f 2335/1245/2335 2315/1237/2315 2334/1238/2334 
f 2336/856/2336 2337/859/2337 2338/859/2338 
f 2338/859/2338 2339/856/2339 2336/856/2336 
f 2337/859/2337 2340/858/2340 2341/858/2341 
f 2341/858/2341 2338/859/2338 2337/859/2337 
f 2338/859/2338 2341/858/2341 2342/858/2342 
f 2342/858/2342 2343/859/2343 2338/859/2338 
f 2339/856/2339 2338/859/2338 2343/859/2343 
f 2343/859/2343 2344/1173/2344 2339/856/2339 
f 2299/822/2299 2345/823/2345 2346/1037/2346 
f 2346/1037/2346 2300/1038/2300 2299/822/2299 
f 2345/823/2345 2196/613/2196 2199/1034/2199 
f 2199/1034/2199 2346/1037/2346 2345/823/2345 
f 2346/1037/2346 2199/1034/2199 2204/1036/2204 
f 2204/1036/2204 2347/1039/2347 2346/1037/2346 
f 2300/1038/2300 2346/1037/2346 2347/1039/2347 
f 2347/1039/2347 2301/1040/2301 2300/1038/2300 
f 1929/613/1929 1928/823/1928 2348/823/2348 
f 2348/823/2348 2349/1236/2349 1929/613/1929 
f 1928/823/1928 1913/822/1913 2330/1242/2330 
f 2330/1242/2330 2348/823/2348 1928/823/1928 
f 2348/823/2348 2330/1242/2330 2332/1238/2332 
f 2332/1238/2332 2350/1246/2350 2348/823/2348 
f 2349/1236/2349 2348/823/2348 2350/1246/2350 
f 2350/1246/2350 2351/1236/2351 2349/1236/2349 
f 2351/1236/2351 2350/1246/2350 2352/1246/2352 
f 2352/1246/2352 2353/1234/2353 2351/1236/2351 
f 2350/1246/2350 2332/1238/2332 2334/1238/2334 
f 2334/1238/2334 2352/1246/2352 2350/1246/2350 
f 2352/1246/2352 2334/1238/2334 2315/1237/2315 
f 2315/1237/2315 2312/1235/2312 2352/1246/2352 
f 2353/1234/2353 2352/1246/2352 2312/1235/2312 
f 2312/1235/2312 2311/1234/2311 2353/1234/2353 
f 2287/1226/2287 2286/1227/2286 2354/1225/2354 
f 2354/1225/2354 2355/1226/2355 2287/1226/2287 
f 2286/1227/2286 2267/1215/2267 2356/1212/2356 
f 2356/1212/2356 2354/1225/2354 2286/1227/2286 
f 2354/1225/2354 2356/1212/2356 2357/1247/2357 
f 2357/1247/2357 2358/1248/2358 2354/1225/2354 
f 2355/1226/2355 2354/1225/2354 2358/1248/2358 
f 2358/1248/2358 2359/1249/2359 2355/1226/2355 
f 2200/615/2200 2360/1028/2360 2361/1029/2361 
f 2361/1029/2361 2201/1030/2201 2200/615/2200 
f 2360/1028/2360 2362/1022/2362 2363/1025/2363 
f 2363/1025/2363 2361/1029/2361 2360/1028/2360 
f 2361/1029/2361 2363/1025/2363 2364/1027/2364 
f 2364/1027/2364 2365/1031/2365 2361/1029/2361 
f 2201/1030/2201 2361/1029/2361 2365/1031/2365 
f 2365/1031/2365 2202/1032/2202 2201/1030/2201 
f 1941/615/1941 1940/614/1940 2366/614/2366 
f 2366/614/2366 2367/1250/2367 1941/615/1941 
f 1940/614/1940 1929/613/1929 2349/1236/2349 
f 2349/1236/2349 2366/614/2366 1940/614/1940 
f 2366/614/2366 2349/1236/2349 2351/1236/2351 
f 2351/1236/2351 2368/1251/2368 2366/614/2366 
f 2367/1250/2367 2366/614/2366 2368/1251/2368 
f 2368/1251/2368 2369/1250/2369 2367/1250/2367 
f 2369/1250/2369 2368/1251/2368 2370/1251/2370 
f 2370/1251/2370 2371/1252/2371 2369/1250/2369 
f 2368/1251/2368 2351/1236/2351 2353/1234/2353 
f 2353/1234/2353 2370/1251/2370 2368/1251/2368 
f 2370/1251/2370 2353/1234/2353 2311/1234/2311 
f 2311/1234/2311 2372/1253/2372 2370/1251/2370 
f 2371/1252/2371 2370/1251/2370 2372/1253/2372 
f 2372/1253/2372 2373/1252/2373 2371/1252/2371 
f 2374/870/2374 2375/871/2375 2376/1082/2376 
f 2376/1082/2376 2377/1084/2377 2374/870/2374 
f 2375/871/2375 2093/864/2093 2096/1076/2096 
f 2096/1076/2096 2376/1082/2376 2375/871/2375 
f 2376/1082/2376 2096/1076/2096 2101/1075/2101 
f 2101/1075/2101 2378/1081/2378 2376/1082/2376 
f 2377/1084/2377 2376/1082/2376 2378/1081/2378 
f 2378/1081/2378 2379/1083/2379 2377/1084/2377 
f 2380/820/2380 2381/1023/2381 2382/1023/2382 
f 2382/1023/2382 2383/820/2383 2380/820/2380 
f 2381/1023/2381 2384/1022/2384 2385/1022/2385 
f 2385/1022/2385 2382/1023/2382 2381/1023/2381 
f 2382/1023/2382 2385/1022/2385 2386/1022/2386 
f 2386/1022/2386 2387/1023/2387 2382/1023/2382 
f 2383/820/2383 2382/1023/2382 2387/1023/2387 
f 2387/1023/2387 2388/1254/2388 2383/820/2383 
f 1960/1022/1960 1959/1028/1959 2389/1028/2389 
f 2389/1028/2389 2390/1220/2390 1960/1022/1960 
f 1959/1028/1959 1941/615/1941 2367/1250/2367 
f 2367/1250/2367 2389/1028/2389 1959/1028/1959 
f 2389/1028/2389 2367/1250/2367 2369/1250/2369 
f 2369/1250/2369 2391/1255/2391 2389/1028/2389 
f 2390/1220/2390 2389/1028/2389 2391/1255/2391 
f 2391/1255/2391 2392/1220/2392 2390/1220/2390 
f 2392/1220/2392 2391/1255/2391 2393/1255/2393 
f 2393/1255/2393 2394/1219/2394 2392/1220/2392 
f 2391/1255/2391 2369/1250/2369 2371/1252/2371 
f 2371/1252/2371 2393/1255/2393 2391/1255/2391 
f 2393/1255/2393 2371/1252/2371 2373/1252/2373 
f 2373/1252/2373 2395/1256/2395 2393/1255/2393 
f 2394/1219/2394 2393/1255/2393 2395/1256/2395 
f 2395/1256/2395 2272/1219/2272 2394/1219/2394 
f 2218/1195/2218 2217/1196/2217 2396/1196/2396 
f 2396/1196/2396 2397/1193/2397 2218/1195/2218 
f 2217/1196/2217 2195/1191/2195 2398/1189/2398 
f 2398/1189/2398 2396/1196/2396 2217/1196/2217 
f 2396/1196/2396 2398/1189/2398 2399/1257/2399 
f 2399/1257/2399 2400/1258/2400 2396/1196/2396 
f 2397/1193/2397 2396/1196/2396 2400/1258/2400 
f 2400/1258/2400 2401/1259/2401 2397/1193/2397 
f 2362/1022/2362 2402/1023/2402 2403/1024/2403 
f 2403/1024/2403 2363/1025/2363 2362/1022/2362 
f 2402/1023/2402 2150/820/2150 2153/1019/2153 
f 2153/1019/2153 2403/1024/2403 2402/1023/2402 
f 2403/1024/2403 2153/1019/2153 2158/1021/2158 
f 2158/1021/2158 2404/1026/2404 2403/1024/2403 
f 2363/1025/2363 2403/1024/2403 2404/1026/2404 
f 2404/1026/2404 2364/1027/2364 2363/1025/2363 
f 1972/820/1972 1971/1023/1971 2405/1023/2405 
f 2405/1023/2405 2406/1254/2406 1972/820/1972 
f 1971/1023/1971 1960/1022/1960 2390/1220/2390 
f 2390/1220/2390 2405/1023/2405 1971/1023/1971 
f 2405/1023/2405 2390/1220/2390 2392/1220/2392 
f 2392/1220/2392 2407/1260/2407 2405/1023/2405 
f 2406/1254/2406 2405/1023/2405 2407/1260/2407 
f 2407/1260/2407 2408/1218/2408 2406/1254/2406 
f 2408/1218/2408 2407/1260/2407 2409/1260/2409 
f 2409/1260/2409 2410/1218/2410 2408/1218/2408 
f 2407/1260/2407 2392/1220/2392 2394/1219/2394 
f 2394/1219/2394 2409/1260/2409 2407/1260/2407 
f 2409/1260/2409 2394/1219/2394 2272/1219/2272 
f 2272/1219/2272 2269/1217/2269 2409/1260/2409 
f 2410/1218/2410 2409/1260/2409 2269/1217/2269 
f 2269/1217/2269 2268/1216/2268 2410/1218/2410 
f 2149/1178/2149 2148/1177/2148 2411/1176/2411 
f 2411/1176/2411 2412/1175/2412 2149/1178/2149 
f 2148/1177/2148 2132/1172/2132 2413/1169/2413 
f 2413/1169/2413 2411/1176/2411 2148/1177/2148 
f 2411/1176/2411 2413/1169/2413 2414/1261/2414 
f 2414/1261/2414 2415/1262/2415 2411/1176/2411 
f 2412/1175/2412 2411/1176/2411 2415/1262/2415 
f 2415/1262/2415 2416/1263/2416 2412/1175/2412 
f 2154/818/2154 2417/1013/2417 2418/1014/2418 
f 2418/1014/2418 2155/1015/2155 2154/818/2154 
f 2417/1013/2417 2419/1007/2419 2420/1010/2420 
f 2420/1010/2420 2418/1014/2418 2417/1013/2417 
f 2418/1014/2418 2420/1010/2420 2421/1012/2421 
f 2421/1012/2421 2422/1016/2422 2418/1014/2418 
f 2155/1015/2155 2418/1014/2418 2422/1016/2422 
f 2422/1016/2422 2156/1017/2156 2155/1015/2155 
f 1982/818/1982 1981/819/1981 2423/819/2423 
f 2423/819/2423 2424/1264/2424 1982/818/1982 
f 1981/819/1981 1972/820/1972 2406/1254/2406 
f 2406/1254/2406 2423/819/2423 1981/819/1981 
f 2423/819/2423 2406/1254/2406 2408/1218/2408 
f 2408/1218/2408 2425/1265/2425 2423/819/2423 
f 2424/1264/2424 2423/819/2423 2425/1265/2425 
f 2425/1265/2425 2426/1266/2426 2424/1264/2424 
f 2426/1266/2426 2425/1265/2425 2427/1267/2427 
f 2427/1267/2427 2428/1266/2428 2426/1266/2426 
f 2425/1265/2425 2408/1218/2408 2410/1218/2410 
f 2410/1218/2410 2427/1267/2427 2425/1265/2425 
f 2427/1267/2427 2410/1218/2410 2268/1216/2268 
f 2268/1216/2268 2429/1268/2429 2427/1267/2427 
f 2428/1266/2428 2427/1267/2427 2429/1268/2429 
f 2429/1268/2429 2430/1269/2430 2428/1266/2428 
f 2431/872/2431 2432/879/2432 2433/879/2433 
f 2433/879/2433 2434/872/2434 2431/872/2431 
f 2432/879/2432 2435/878/2435 2436/878/2436 
f 2436/878/2436 2433/879/2433 2432/879/2432 
f 2433/879/2433 2436/878/2436 2437/878/2437 
f 2437/878/2437 2438/879/2438 2433/879/2433 
f 2434/872/2434 2433/879/2433 2438/879/2438 
f 2438/879/2438 2439/872/2439 2434/872/2434 
f 2419/1007/2419 2440/1008/2440 2441/1009/2441 
f 2441/1009/2441 2420/1010/2420 2419/1007/2419 
f 2440/1008/2440 2442/1001/2442 2443/1004/2443 
f 2443/1004/2443 2441/1009/2441 2440/1008/2440 
f 2441/1009/2441 2443/1004/2443 2444/1006/2444 
f 2444/1006/2444 2445/1011/2445 2441/1009/2441 
f 2420/1010/2420 2441/1009/2441 2445/1011/2445 
f 2445/1011/2445 2421/1012/2421 2420/1010/2420 
f 1992/1007/1992 1991/1013/1991 2446/1013/2446 
f 2446/1013/2446 2447/1007/2447 1992/1007/1992 
f 1991/1013/1991 1982/818/1982 2424/1264/2424 
f 2424/1264/2424 2446/1013/2446 1991/1013/1991 
f 2446/1013/2446 2424/1264/2424 2426/1266/2426 
f 2426/1266/2426 2448/1270/2448 2446/1013/2446 
f 2447/1007/2447 2446/1013/2446 2448/1270/2448 
f 2448/1270/2448 2449/1007/2449 2447/1007/2447 
f 2449/1007/2449 2448/1270/2448 2450/1271/2450 
f 2450/1271/2450 2451/1201/2451 2449/1007/2449 
f 2448/1270/2448 2426/1266/2426 2428/1266/2428 
f 2428/1266/2428 2450/1271/2450 2448/1270/2448 
f 2450/1271/2450 2428/1266/2428 2430/1269/2430 
f 2430/1269/2430 2452/1272/2452 2450/1271/2450 
f 2451/1201/2451 2450/1271/2450 2452/1272/2452 
f 2452/1272/2452 2223/1201/2223 2451/1201/2451 
f 2083/1153/2083 2082/1152/2082 2453/1151/2453 
f 2453/1151/2453 2454/1150/2454 2083/1153/2083 
f 2082/1152/2082 2058/1138/2058 2455/1136/2455 
f 2455/1136/2455 2453/1151/2453 2082/1152/2082 
f 2453/1151/2453 2455/1136/2455 2456/1273/2456 
f 2456/1273/2456 2457/1274/2457 2453/1151/2453 
f 2454/1150/2454 2453/1151/2453 2457/1274/2457 
f 2457/1274/2457 2458/1275/2458 2454/1150/2454 
f 2442/1001/2442 2459/1002/2459 2460/1003/2460 
f 2460/1003/2460 2443/1004/2443 2442/1001/2442 
f 2459/1002/2459 2461/995/2461 2462/998/2462 
f 2462/998/2462 2460/1003/2460 2459/1002/2459 
f 2460/1003/2460 2462/998/2462 2463/1000/2463 
f 2463/1000/2463 2464/1005/2464 2460/1003/2460 
f 2443/1004/2443 2460/1003/2460 2464/1005/2464 
f 2464/1005/2464 2444/1006/2444 2443/1004/2443 
f 2002/1001/2002 2001/1008/2001 2465/1008/2465 
f 2465/1008/2465 2466/1276/2466 2002/1001/2002 
f 2001/1008/2001 1992/1007/1992 2447/1007/2447 
f 2447/1007/2447 2465/1008/2465 2001/1008/2001 
f 2465/1008/2465 2447/1007/2447 2449/1007/2449 
f 2449/1007/2449 2467/1277/2467 2465/1008/2465 
f 2466/1276/2466 2465/1008/2465 2467/1277/2467 
f 2467/1277/2467 2468/1200/2468 2466/1276/2466 
f 2468/1200/2468 2467/1277/2467 2469/1199/2469 
f 2469/1199/2469 2470/1200/2470 2468/1200/2468 
f 2467/1277/2467 2449/1007/2449 2451/1201/2451 
f 2451/1201/2451 2469/1199/2469 2467/1277/2467 
f 2469/1199/2469 2451/1201/2451 2223/1201/2223 
f 2223/1201/2223 2220/1198/2220 2469/1199/2469 
f 2470/1200/2470 2469/1199/2469 2220/1198/2220 
f 2220/1198/2220 2219/1197/2219 2470/1200/2470 
f 2471/968/2471 2472/978/2472 2473/978/2473 
f 2473/978/2473 2474/968/2474 2471/968/2471 
f 2472/978/2472 2475/977/2475 2476/977/2476 
f 2476/977/2476 2473/978/2473 2472/978/2472 
f 2473/978/2473 2476/977/2476 2477/977/2477 
f 2477/977/2477 2478/978/2478 2473/978/2473 
f 2474/968/2474 2473/978/2473 2478/978/2478 
f 2478/978/2478 2479/1278/2479 2474/968/2474 
f 2461/995/2461 2480/996/2480 2481/997/2481 
f 2481/997/2481 2462/998/2462 2461/995/2461 
f 2480/996/2480 2482/989/2482 2483/992/2483 
f 2483/992/2483 2481/997/2481 2480/996/2480 
f 2481/997/2481 2483/992/2483 2484/994/2484 
f 2484/994/2484 2485/999/2485 2481/997/2481 
f 2462/998/2462 2481/997/2481 2485/999/2485 
f 2485/999/2485 2463/1000/2463 2462/998/2462 
f 2011/995/2011 2010/1002/2010 2486/1002/2486 
f 2486/1002/2486 2487/1279/2487 2011/995/2011 
f 2010/1002/2010 2002/1001/2002 2466/1276/2466 
f 2466/1276/2466 2486/1002/2486 2010/1002/2010 
f 2486/1002/2486 2466/1276/2466 2468/1200/2468 
f 2468/1200/2468 2488/1280/2488 2486/1002/2486 
f 2487/1279/2487 2486/1002/2486 2488/1280/2488 
f 2488/1280/2488 2489/1281/2489 2487/1279/2487 
f 2489/1281/2489 2488/1280/2488 2490/1282/2490 
f 2490/1282/2490 2491/1281/2491 2489/1281/2489 
f 2488/1280/2488 2468/1200/2468 2470/1200/2470 
f 2470/1200/2470 2490/1282/2490 2488/1280/2488 
f 2490/1282/2490 2470/1200/2470 2219/1197/2219 
f 2219/1197/2219 2492/1283/2492 2490/1282/2490 
f 2491/1281/2491 2490/1282/2490 2492/1283/2492 
f 2492/1283/2492 2493/1284/2493 2491/1281/2491 
f 2037/994/2037 2494/999/2494 2495/999/2495 
f 2495/999/2495 2038/994/2038 2037/994/2037 
f 2494/999/2494 2496/1000/2496 2497/1000/2497 
f 2497/1000/2497 2495/999/2495 2494/999/2494 
f 2495/999/2495 2497/1000/2497 2498/1000/2498 
f 2498/1000/2498 2499/999/2499 2495/999/2495 
f 2038/994/2038 2495/999/2495 2499/999/2499 
f 2499/999/2499 2039/994/2039 2038/994/2038 
f 2482/989/2482 2500/990/2500 2501/991/2501 
f 2501/991/2501 2483/992/2483 2482/989/2482 
f 2500/990/2500 2502/983/2502 2503/986/2503 
f 2503/986/2503 2501/991/2501 2500/990/2500 
f 2501/991/2501 2503/986/2503 2504/988/2504 
f 2504/988/2504 2505/993/2505 2501/991/2501 
f 2483/992/2483 2501/991/2501 2505/993/2505 
f 2505/993/2505 2484/994/2484 2483/992/2483 
f 1863/989/1863 2018/996/2018 2506/996/2506 
f 2506/996/2506 2507/1186/2507 1863/989/1863 
f 2018/996/2018 2011/995/2011 2487/1279/2487 
f 2487/1279/2487 2506/996/2506 2018/996/2018 
f 2506/996/2506 2487/1279/2487 2489/1281/2489 
f 2489/1281/2489 2508/1285/2508 2506/996/2506 
f 2507/1186/2507 2506/996/2506 2508/1285/2508 
f 2508/1285/2508 2509/1186/2509 2507/1186/2507 
f 2509/1186/2509 2508/1285/2508 2510/1285/2510 
f 2510/1285/2510 2511/1185/2511 2509/1186/2509 
f 2508/1285/2508 2489/1281/2489 2491/1281/2491 
f 2491/1281/2491 2510/1285/2510 2508/1285/2508 
f 2510/1285/2510 2491/1281/2491 2493/1284/2493 
f 2493/1284/2493 2512/1286/2512 2510/1285/2510 
f 2511/1185/2511 2510/1285/2510 2512/1286/2512 
f 2512/1286/2512 2177/1185/2177 2511/1185/2511 
f 2063/1143/2063 2513/1287/2513 2514/1288/2514 
f 2514/1288/2514 2064/1144/2064 2063/1143/2063 
f 2513/1287/2513 2515/1289/2515 2516/1289/2516 
f 2516/1289/2516 2514/1288/2514 2513/1287/2513 
f 2514/1288/2514 2516/1289/2516 2517/1290/2517 
f 2517/1290/2517 2518/1291/2518 2514/1288/2514 
f 2064/1144/2064 2514/1288/2514 2518/1291/2518 
f 2518/1291/2518 2065/1145/2065 2064/1144/2064 
f 2502/983/2502 2519/984/2519 2520/985/2520 
f 2520/985/2520 2503/986/2503 2502/983/2502 
f 2519/984/2519 2521/977/2521 2522/980/2522 
f 2522/980/2522 2520/985/2520 2519/984/2519 
f 2520/985/2520 2522/980/2522 2523/982/2523 
f 2523/982/2523 2524/987/2524 2520/985/2520 
f 2503/986/2503 2520/985/2520 2524/987/2524 
f 2524/987/2524 2504/988/2504 2503/986/2503 
f 1853/983/1853 1864/990/1864 2525/990/2525 
f 2525/990/2525 2526/1126/2526 1853/983/1853 
f 1864/990/1864 1863/989/1863 2507/1186/2507 
f 2507/1186/2507 2525/990/2525 1864/990/1864 
f 2525/990/2525 2507/1186/2507 2509/1186/2509 
f 2509/1186/2509 2527/1292/2527 2525/990/2525 
f 2526/1126/2526 2525/990/2525 2527/1292/2527 
f 2527/1292/2527 2528/1126/2528 2526/1126/2526 
f 2528/1126/2528 2527/1292/2527 2529/1292/2529 
f 2529/1292/2529 2530/1183/2530 2528/1126/2528 
f 2527/1292/2527 2509/1186/2509 2511/1185/2511 
f 2511/1185/2511 2529/1292/2529 2527/1292/2527 
f 2529/1292/2529 2511/1185/2511 2177/1185/2177 
f 2177/1185/2177 2174/1184/2174 2529/1292/2529 
f 2530/1183/2530 2529/1292/2529 2174/1184/2174 
f 2174/1184/2174 2173/1183/2173 2530/1183/2530 
f 2531/862/2531 2532/861/2532 2533/861/2533 
f 2533/861/2533 2534/862/2534 2531/862/2531 
f 2532/861/2532 2535/860/2535 2536/860/2536 
f 2536/860/2536 2533/861/2533 2532/861/2532 
f 2533/861/2533 2536/860/2536 2537/860/2537 
f 2537/860/2537 2538/861/2538 2533/861/2533 
f 2534/862/2534 2533/861/2533 2538/861/2538 
f 2538/861/2538 2539/1120/2539 2534/862/2534 
f 2521/977/2521 2540/978/2540 2541/979/2541 
f 2541/979/2541 2522/980/2522 2521/977/2521 
f 2540/978/2540 2542/968/2542 2543/971/2543 
f 2543/971/2543 2541/979/2541 2540/978/2540 
f 2541/979/2541 2543/971/2543 2544/976/2544 
f 2544/976/2544 2545/981/2545 2541/979/2541 
f 2522/980/2522 2541/979/2541 2545/981/2545 
f 2545/981/2545 2523/982/2523 2522/980/2522 
f 1843/977/1843 1854/984/1854 2546/984/2546 
f 2546/984/2546 2547/1293/2547 1843/977/1843 
f 1854/984/1854 1853/983/1853 2526/1126/2526 
f 2526/1126/2526 2546/984/2546 1854/984/1854 
f 2546/984/2546 2526/1126/2526 2528/1126/2528 
f 2528/1126/2528 2548/1294/2548 2546/984/2546 
f 2547/1293/2547 2546/984/2546 2548/1294/2548 
f 2548/1294/2548 2549/1293/2549 2547/1293/2547 
f 2549/1293/2549 2548/1294/2548 2550/1294/2550 
f 2550/1294/2550 2551/1295/2551 2549/1293/2549 
f 2548/1294/2548 2528/1126/2528 2530/1183/2530 
f 2530/1183/2530 2550/1294/2550 2548/1294/2548 
f 2550/1294/2550 2530/1183/2530 2173/1183/2173 
f 2173/1183/2173 2552/1296/2552 2550/1294/2550 
f 2551/1295/2551 2550/1294/2550 2552/1296/2552 
f 2552/1296/2552 2553/1295/2553 2551/1295/2551 
f 2088/1007/2088 2554/1013/2554 2555/1013/2555 
f 2555/1013/2555 2089/1007/2089 2088/1007/2088 
f 2554/1013/2554 2556/818/2556 2557/818/2557 
f 2557/818/2557 2555/1013/2555 2554/1013/2554 
f 2555/1013/2555 2557/818/2557 2558/818/2558 
f 2558/818/2558 2559/1013/2559 2555/1013/2555 
f 2089/1007/2089 2555/1013/2555 2559/1013/2559 
f 2559/1013/2559 2090/1007/2090 2089/1007/2089 
f 2542/968/2542 2560/969/2560 2561/970/2561 
f 2561/970/2561 2543/971/2543 2542/968/2542 
f 2560/969/2560 2562/972/2562 2563/973/2563 
f 2563/973/2563 2561/970/2561 2560/969/2560 
f 2561/970/2561 2563/973/2563 2564/974/2564 
f 2564/974/2564 2565/975/2565 2561/970/2561 
f 2543/971/2543 2561/970/2561 2565/975/2565 
f 2565/975/2565 2544/976/2544 2543/971/2543 
f 1833/968/1833 1844/978/1844 2566/978/2566 
f 2566/978/2566 2567/1278/2567 1833/968/1833 
f 1844/978/1844 1843/977/1843 2547/1293/2547 
f 2547/1293/2547 2566/978/2566 1844/978/1844 
f 2566/978/2566 2547/1293/2547 2549/1293/2549 
f 2549/1293/2549 2568/1297/2568 2566/978/2566 
f 2567/1278/2567 2566/978/2566 2568/1297/2568 
f 2568/1297/2568 2569/1163/2569 2567/1278/2567 
f 2569/1163/2569 2568/1297/2568 2570/1297/2570 
f 2570/1297/2570 2571/1163/2571 2569/1163/2569 
f 2568/1297/2568 2549/1293/2549 2551/1295/2551 
f 2551/1295/2551 2570/1297/2570 2568/1297/2568 
f 2570/1297/2570 2551/1295/2551 2553/1295/2553 
f 2553/1295/2553 2572/1298/2572 2570/1297/2570 
f 2571/1163/2571 2570/1297/2570 2572/1298/2572 
f 2572/1298/2572 2114/1162/2114 2571/1163/2571 
f 2114/1162/2114 2572/1298/2572 2573/1298/2573 
f 2573/1298/2573 2115/1163/2115 2114/1162/2114 
f 2572/1298/2572 2553/1295/2553 2574/1293/2574 
f 2574/1293/2574 2573/1298/2573 2572/1298/2572 
f 2573/1298/2573 2574/1293/2574 2575/1299/2575 
f 2575/1299/2575 2576/1300/2576 2573/1298/2573 
f 2115/1163/2115 2573/1298/2573 2576/1300/2576 
f 2576/1300/2576 2116/1164/2116 2115/1163/2115 
f 2562/972/2562 2577/1045/2577 2578/1100/2578 
f 2578/1100/2578 2563/973/2563 2562/972/2562 
f 2577/1045/2577 2579/878/2579 2580/1096/2580 
f 2580/1096/2580 2578/1100/2578 2577/1045/2577 
f 2578/1100/2578 2580/1096/2580 2581/1095/2581 
f 2581/1095/2581 2582/1099/2582 2578/1100/2578 
f 2563/973/2563 2578/1100/2578 2582/1099/2582 
f 2582/1099/2582 2564/974/2564 2563/973/2563 
f 1820/972/1820 1834/969/1834 2583/969/2583 
f 2583/969/2583 2584/1301/2584 1820/972/1820 
f 1834/969/1834 1833/968/1833 2567/1278/2567 
f 2567/1278/2567 2583/969/2583 1834/969/1834 
f 2583/969/2583 2567/1278/2567 2569/1163/2569 
f 2569/1163/2569 2585/1302/2585 2583/969/2583 
f 2584/1301/2584 2583/969/2583 2585/1302/2585 
f 2585/1302/2585 2586/1161/2586 2584/1301/2584 
f 2586/1161/2586 2585/1302/2585 2587/1160/2587 
f 2587/1160/2587 2588/1161/2588 2586/1161/2586 
f 2585/1302/2585 2569/1163/2569 2571/1163/2571 
f 2571/1163/2571 2587/1160/2587 2585/1302/2585 
f 2587/1160/2587 2571/1163/2571 2114/1162/2114 
f 2114/1162/2114 2111/1159/2111 2587/1160/2587 
f 2588/1161/2588 2587/1160/2587 2111/1159/2111 
f 2111/1159/2111 2110/1158/2110 2588/1161/2588 
f 2384/1022/2384 2589/1028/2589 2590/1028/2590 
f 2590/1028/2590 2385/1022/2385 2384/1022/2384 
f 2589/1028/2589 2591/615/2591 2592/615/2592 
f 2592/615/2592 2590/1028/2590 2589/1028/2589 
f 2590/1028/2590 2592/615/2592 2593/1250/2593 
f 2593/1250/2593 2594/1028/2594 2590/1028/2590 
f 2385/1022/2385 2590/1028/2590 2594/1028/2594 
f 2594/1028/2594 2386/1022/2386 2385/1022/2385 
f 2579/878/2579 2595/879/2595 2596/1094/2596 
f 2596/1094/2596 2580/1096/2580 2579/878/2579 
f 2595/879/2595 2597/872/2597 2598/1088/2598 
f 2598/1088/2598 2596/1094/2596 2595/879/2595 
f 2596/1094/2596 2598/1088/2598 2599/1087/2599 
f 2599/1087/2599 2600/1093/2600 2596/1094/2596 
f 2580/1096/2580 2596/1094/2596 2600/1093/2600 
f 2600/1093/2600 2581/1095/2581 2580/1096/2580 
f 1804/878/1804 1821/1045/1821 2601/1045/2601 
f 2601/1045/2601 2602/878/2602 1804/878/1804 
f 1821/1045/1821 1820/972/1820 2584/1301/2584 
f 2584/1301/2584 2601/1045/2601 1821/1045/1821 
f 2601/1045/2601 2584/1301/2584 2586/1161/2586 
f 2586/1161/2586 2603/1303/2603 2601/1045/2601 
f 2602/878/2602 2601/1045/2601 2603/1303/2603 
f 2603/1303/2603 2604/878/2604 2602/878/2602 
f 2604/878/2604 2603/1303/2603 2605/1304/2605 
f 2605/1304/2605 2606/1289/2606 2604/878/2604 
f 2603/1303/2603 2586/1161/2586 2588/1161/2588 
f 2588/1161/2588 2605/1304/2605 2603/1303/2603 
f 2605/1304/2605 2588/1161/2588 2110/1158/2110 
f 2110/1158/2110 2607/1305/2607 2605/1304/2605 
f 2606/1289/2606 2605/1304/2605 2607/1305/2607 
f 2607/1305/2607 2515/1289/2515 2606/1289/2606 
f 2030/1123/2030 2608/1306/2608 2609/1306/2609 
f 2609/1306/2609 2135/1120/2135 2030/1123/2030 
f 2608/1306/2608 2610/1307/2610 2611/1308/2611 
f 2611/1308/2611 2609/1306/2609 2608/1306/2608 
f 2609/1306/2609 2611/1308/2611 2612/1309/2612 
f 2612/1309/2612 2613/1310/2613 2609/1306/2609 
f 2135/1120/2135 2609/1306/2609 2613/1310/2613 
f 2613/1310/2613 1946/1113/1946 2135/1120/2135 
f 2597/872/2597 2614/873/2614 2615/1086/2615 
f 2615/1086/2615 2598/1088/2598 2597/872/2597 
f 2614/873/2614 2616/866/2616 2617/1080/2617 
f 2617/1080/2617 2615/1086/2615 2614/873/2614 
f 2615/1086/2615 2617/1080/2617 2618/1079/2618 
f 2618/1079/2618 2619/1085/2619 2615/1086/2615 
f 2598/1088/2598 2615/1086/2615 2619/1085/2619 
f 2619/1085/2619 2599/1087/2599 2598/1088/2598 
f 1788/872/1788 1805/879/1805 2620/879/2620 
f 2620/879/2620 2621/1311/2621 1788/872/1788 
f 1805/879/1805 1804/878/1804 2602/878/2602 
f 2602/878/2602 2620/879/2620 1805/879/1805 
f 2620/879/2620 2602/878/2602 2604/878/2604 
f 2604/878/2604 2622/1312/2622 2620/879/2620 
f 2621/1311/2621 2620/879/2620 2622/1312/2622 
f 2622/1312/2622 2623/1144/2623 2621/1311/2621 
f 2623/1144/2623 2622/1312/2622 2624/1288/2624 
f 2624/1288/2624 2625/1144/2625 2623/1144/2623 
f 2622/1312/2622 2604/878/2604 2606/1289/2606 
f 2606/1289/2606 2624/1288/2624 2622/1312/2622 
f 2624/1288/2624 2606/1289/2606 2515/1289/2515 
f 2515/1289/2515 2513/1287/2513 2624/1288/2624 
f 2625/1144/2625 2624/1288/2624 2513/1287/2513 
f 2513/1287/2513 2063/1143/2063 2625/1144/2625 
f 2177/1185/2177 2512/1286/2512 2626/1286/2626 
f 2626/1286/2626 2178/1186/2178 2177/1185/2177 
f 2512/1286/2512 2493/1284/2493 2627/1281/2627 
f 2627/1281/2627 2626/1286/2626 2512/1286/2512 
f 2626/1286/2626 2627/1281/2627 2628/1313/2628 
f 2628/1313/2628 2629/1314/2629 2626/1286/2626 
f 2178/1186/2178 2626/1286/2626 2629/1314/2629 
f 2629/1314/2629 2179/1187/2179 2178/1186/2178 
f 2616/866/2616 2630/867/2630 2631/1078/2631 
f 2631/1078/2631 2617/1080/2617 2616/866/2616 
f 2630/867/2630 2632/860/2632 2633/1072/2633 
f 2633/1072/2633 2631/1078/2631 2630/867/2630 
f 2631/1078/2631 2633/1072/2633 2634/1071/2634 
f 2634/1071/2634 2635/1077/2635 2631/1078/2631 
f 2617/1080/2617 2631/1078/2631 2635/1077/2635 
f 2635/1077/2635 2618/1079/2618 2617/1080/2617 
f 1772/866/1772 1789/873/1789 2636/873/2636 
f 2636/873/2636 2637/1315/2637 1772/866/1772 
f 1789/873/1789 1788/872/1788 2621/1311/2621 
f 2621/1311/2621 2636/873/2636 1789/873/1789 
f 2636/873/2636 2621/1311/2621 2623/1144/2623 
f 2623/1144/2623 2638/1316/2638 2636/873/2636 
f 2637/1315/2637 2636/873/2636 2638/1316/2638 
f 2638/1316/2638 2639/1142/2639 2637/1315/2637 
f 2639/1142/2639 2638/1316/2638 2640/1141/2640 
f 2640/1141/2640 2641/1142/2641 2639/1142/2639 
f 2638/1316/2638 2623/1144/2623 2625/1144/2625 
f 2625/1144/2625 2640/1141/2640 2638/1316/2638 
f 2640/1141/2640 2625/1144/2625 2063/1143/2063 
f 2063/1143/2063 2060/1140/2060 2640/1141/2640 
f 2641/1142/2641 2640/1141/2640 2060/1140/2060 
f 2060/1140/2060 2059/1139/2059 2641/1142/2641 
f 2324/822/2324 2642/827/2642 2643/827/2643 
f 2643/827/2643 2325/822/2325 2324/822/2324 
f 2642/827/2642 2644/826/2644 2645/826/2645 
f 2645/826/2645 2643/827/2643 2642/827/2642 
f 2643/827/2643 2645/826/2645 2646/826/2646 
f 2646/826/2646 2647/827/2647 2643/827/2643 
f 2325/822/2325 2643/827/2643 2647/827/2647 
f 2647/827/2647 2326/1242/2326 2325/822/2325 
f 2648/1317/2648 2649/1318/2649 2650/1319/2650 
f 2650/1319/2650 2651/1320/2651 2648/1317/2648 
f 2649/1318/2649 2652/1321/2652 2653/1322/2653 
f 2653/1322/2653 2650/1319/2650 2649/1318/2649 
f 2650/1319/2650 2653/1322/2653 2654/1323/2654 
f 2654/1323/2654 2655/1324/2655 2650/1319/2650 
f 2651/1320/2651 2650/1319/2650 2655/1324/2655 
f 2655/1324/2655 2656/1325/2656 2651/1320/2651 
f 1755/860/1755 1773/867/1773 2657/867/2657 
f 2657/867/2657 2658/1308/2658 1755/860/1755 
f 1773/867/1773 1772/866/1772 2637/1315/2637 
f 2637/1315/2637 2657/867/2657 1773/867/1773 
f 2657/867/2657 2637/1315/2637 2639/1142/2639 
f 2639/1142/2639 2659/1326/2659 2657/867/2657 
f 2658/1308/2658 2657/867/2657 2659/1326/2659 
f 2659/1326/2659 2660/1308/2660 2658/1308/2658 
f 2660/1308/2660 2659/1326/2659 2661/1326/2661 
f 2661/1326/2661 2662/1307/2662 2660/1308/2660 
f 2659/1326/2659 2639/1142/2639 2641/1142/2641 
f 2641/1142/2641 2661/1326/2661 2659/1326/2659 
f 2661/1326/2661 2641/1142/2641 2059/1139/2059 
f 2059/1139/2059 2663/1327/2663 2661/1326/2661 
f 2662/1307/2662 2661/1326/2661 2663/1327/2663 
f 2663/1327/2663 2610/1307/2610 2662/1307/2662 
f 2223/1201/2223 2452/1272/2452 2664/1271/2664 
f 2664/1271/2664 2224/1201/2224 2223/1201/2223 
f 2452/1272/2452 2430/1269/2430 2665/1266/2665 
f 2665/1266/2665 2664/1271/2664 2452/1272/2452 
f 2664/1271/2664 2665/1266/2665 2666/1328/2666 
f 2666/1328/2666 2667/1329/2667 2664/1271/2664 
f 2224/1201/2224 2664/1271/2664 2667/1329/2667 
f 2667/1329/2667 2225/1202/2225 2224/1201/2224 
f 1757/862/1757 1756/861/1756 2668/861/2668 
f 2668/861/2668 2023/1120/2023 1757/862/1757 
f 1756/861/1756 1755/860/1755 2658/1308/2658 
f 2658/1308/2658 2668/861/2668 1756/861/1756 
f 2668/861/2668 2658/1308/2658 2660/1308/2660 
f 2660/1308/2660 2669/1330/2669 2668/861/2668 
f 2023/1120/2023 2668/861/2668 2669/1330/2669 
f 2669/1330/2669 2024/1120/2024 2023/1120/2023 
f 2024/1120/2024 2669/1330/2669 2670/1330/2670 
f 2670/1330/2670 2029/1123/2029 2024/1120/2024 
f 2669/1330/2669 2660/1308/2660 2662/1307/2662 
f 2662/1307/2662 2670/1330/2670 2669/1330/2669 
f 2670/1330/2670 2662/1307/2662 2610/1307/2610 
f 2610/1307/2610 2608/1306/2608 2670/1330/2670 
f 2029/1123/2029 2670/1330/2670 2608/1306/2608 
f 2608/1306/2608 2030/1123/2030 2029/1123/2029 
f 2255/834/2255 2671/839/2671 2672/839/2672 
f 2672/839/2672 2256/834/2256 2255/834/2255 
f 2671/839/2671 2673/838/2673 2674/838/2674 
f 2674/838/2674 2672/839/2672 2671/839/2671 
f 2672/839/2672 2674/838/2674 2675/1205/2675 
f 2675/1205/2675 2676/839/2676 2672/839/2672 
f 2256/834/2256 2672/839/2672 2676/839/2676 
f 2676/839/2676 2257/834/2257 2256/834/2256 
f 2072/876/2072 2677/877/2677 2678/1090/2678 
f 2678/1090/2678 2073/1092/2073 2072/876/2072 
f 2677/877/2677 2374/870/2374 2377/1084/2377 
f 2377/1084/2377 2678/1090/2678 2677/877/2677 
f 2678/1090/2678 2377/1084/2377 2379/1083/2379 
f 2379/1083/2379 2679/1089/2679 2678/1090/2678 
f 2073/1092/2073 2678/1090/2678 2679/1089/2679 
f 2679/1089/2679 2074/1091/2074 2073/1092/2073 
f 2680/870/2680 2681/877/2681 2682/877/2682 
f 2682/877/2682 2683/870/2683 2680/870/2680 
f 2681/877/2681 2684/876/2684 2685/876/2685 
f 2685/876/2685 2682/877/2682 2681/877/2681 
f 2682/877/2682 2685/876/2685 2686/1134/2686 
f 2686/1134/2686 2687/877/2687 2682/877/2682 
f 2683/870/2683 2682/877/2682 2687/877/2687 
f 2687/877/2687 2688/870/2688 2683/870/2683 
f 1868/965/1868 2689/1112/2689 2690/1112/2690 
f 2690/1112/2690 2691/965/2691 1868/965/1868 
f 2689/1112/2689 1897/862/1897 2692/862/2692 
f 2692/862/2692 2690/1112/2690 2689/1112/2689 
f 2690/1112/2690 2692/862/2692 2693/1120/2693 
f 2693/1120/2693 2694/961/2694 2690/1112/2690 
f 2691/965/2691 2690/1112/2690 2694/961/2694 
f 2694/961/2694 2695/965/2695 2691/965/2691 
f 2695/965/2695 2694/961/2694 2696/960/2696 
f 2696/960/2696 2697/1331/2697 2695/965/2695 
f 2694/961/2694 2693/1120/2693 2698/862/2698 
f 2698/862/2698 2696/960/2696 2694/961/2694 
f 2696/960/2696 2698/862/2698 2699/1113/2699 
f 2699/1113/2699 2700/1112/2700 2696/960/2696 
f 2697/1331/2697 2696/960/2696 2700/1112/2700 
f 2700/1112/2700 2701/1111/2701 2697/1331/2697 
f 2701/1111/2701 2700/1112/2700 2702/1121/2702 
f 2702/1121/2702 2703/963/2703 2701/1111/2701 
f 2700/1112/2700 2699/1113/2699 2704/862/2704 
f 2704/862/2704 2702/1121/2702 2700/1112/2700 
f 2702/1121/2702 2704/862/2704 2705/1120/2705 
f 2705/1120/2705 2706/1121/2706 2702/1121/2702 
f 2703/963/2703 2702/1121/2702 2706/1121/2706 
f 2706/1121/2706 2707/1119/2707 2703/963/2703 
f 2707/1119/2707 2706/1121/2706 2708/960/2708 
f 2708/960/2708 2709/964/2709 2707/1119/2707 
f 2706/1121/2706 2705/1120/2705 2710/962/2710 
f 2710/962/2710 2708/960/2708 2706/1121/2706 
f 2708/960/2708 2710/962/2710 1749/967/1749 
f 1749/967/1749 1826/966/1826 2708/960/2708 
f 2709/964/2709 2708/960/2708 1826/966/1826 
f 1826/966/1826 1812/965/1812 2709/964/2709 
f 1870/1091/1870 1869/1097/1869 2711/1097/2711 
f 2711/1097/2711 2712/1091/2712 1870/1091/1870 
f 1869/1097/1869 1868/965/1868 2691/965/2691 
f 2691/965/2691 2711/1097/2711 1869/1097/1869 
f 2711/1097/2711 2691/965/2691 2695/965/2695 
f 2695/965/2695 2713/1097/2713 2711/1097/2711 
f 2712/1091/2712 2711/1097/2711 2713/1097/2713 
f 2713/1097/2713 2714/1091/2714 2712/1091/2712 
f 2714/1091/2714 2713/1097/2713 2715/1046/2715 
f 2715/1046/2715 2716/1332/2716 2714/1091/2714 
f 2713/1097/2713 2695/965/2695 2697/1331/2697 
f 2697/1331/2697 2715/1046/2715 2713/1097/2713 
f 2715/1046/2715 2697/1331/2697 2701/1111/2701 
f 2701/1111/2701 2717/1333/2717 2715/1046/2715 
f 2716/1332/2716 2715/1046/2715 2717/1333/2717 
f 2717/1333/2717 2718/1273/2718 2716/1332/2716 
f 2718/1273/2718 2717/1333/2717 2719/1135/2719 
f 2719/1135/2719 2720/876/2720 2718/1273/2718 
f 2717/1333/2717 2701/1111/2701 2703/963/2703 
f 2703/963/2703 2719/1135/2719 2717/1333/2717 
f 2719/1135/2719 2703/963/2703 2707/1119/2707 
f 2707/1119/2707 2721/1135/2721 2719/1135/2719 
f 2720/876/2720 2719/1135/2719 2721/1135/2721 
f 2721/1135/2721 2722/1136/2722 2720/876/2720 
f 2722/1136/2722 2721/1135/2721 2723/1046/2723 
f 2723/1046/2723 2724/1092/2724 2722/1136/2722 
f 2721/1135/2721 2707/1119/2707 2709/964/2709 
f 2709/964/2709 2723/1046/2723 2721/1135/2721 
f 2723/1046/2723 2709/964/2709 1812/965/1812 
f 1812/965/1812 1810/1097/1810 2723/1046/2723 
f 2724/1092/2724 2723/1046/2723 1810/1097/1810 
f 1810/1097/1810 1796/1091/1796 2724/1092/2724 
f 1921/870/1921 1962/1114/1962 2725/1114/2725 
f 2725/1114/2725 2726/870/2726 1921/870/1921 
f 1962/1114/1962 1870/1091/1870 2712/1091/2712 
f 2712/1091/2712 2725/1114/2725 1962/1114/1962 
f 2725/1114/2725 2712/1091/2712 2714/1091/2714 
f 2714/1091/2714 2727/1274/2727 2725/1114/2725 
f 2726/870/2726 2725/1114/2725 2727/1274/2727 
f 2727/1274/2727 2728/1148/2728 2726/870/2726 
f 2728/1148/2728 2727/1274/2727 2729/877/2729 
f 2729/877/2729 2730/870/2730 2728/1148/2728 
f 2727/1274/2727 2714/1091/2714 2716/1332/2716 
f 2716/1332/2716 2729/877/2729 2727/1274/2727 
f 2729/877/2729 2716/1332/2716 2718/1273/2718 
f 2718/1273/2718 2731/1114/2731 2729/877/2729 
f 2730/870/2730 2729/877/2729 2731/1114/2731 
f 2731/1114/2731 2732/1275/2732 2730/870/2730 
f 2732/1275/2732 2731/1114/2731 2733/1149/2733 
f 2733/1149/2733 2734/870/2734 2732/1275/2732 
f 2731/1114/2731 2718/1273/2718 2720/876/2720 
f 2720/876/2720 2733/1149/2733 2731/1114/2731 
f 2733/1149/2733 2720/876/2720 2722/1136/2722 
f 2722/1136/2722 2735/1149/2735 2733/1149/2733 
f 2734/870/2734 2733/1149/2733 2735/1149/2735 
f 2735/1149/2735 2736/1150/2736 2734/870/2734 
f 2736/1150/2736 2735/1149/2735 2737/877/2737 
f 2737/877/2737 2738/1334/2738 2736/1150/2736 
f 2735/1149/2735 2722/1136/2722 2724/1092/2724 
f 2724/1092/2724 2737/877/2737 2735/1149/2735 
f 2737/877/2737 2724/1092/2724 1796/1091/1796 
f 1796/1091/1796 1794/1089/1794 2737/877/2737 
f 2738/1334/2738 2737/877/2737 1794/1089/1794 
f 1794/1089/1794 1780/1083/1780 2738/1334/2738 
f 1923/864/1923 1922/871/1922 2739/871/2739 
f 2739/871/2739 2740/864/2740 1923/864/1923 
f 1922/871/1922 1921/870/1921 2726/870/2726 
f 2726/870/2726 2739/871/2739 1922/871/1922 
f 2739/871/2739 2726/870/2726 2728/1148/2728 
f 2728/1148/2728 2741/871/2741 2739/871/2739 
f 2740/864/2740 2739/871/2739 2741/871/2741 
f 2741/871/2741 2742/864/2742 2740/864/2740 
f 2742/864/2742 2741/871/2741 2743/871/2743 
f 2743/871/2743 2744/864/2744 2742/864/2742 
f 2741/871/2741 2728/1148/2728 2730/870/2730 
f 2730/870/2730 2743/871/2743 2741/871/2741 
f 2743/871/2743 2730/870/2730 2732/1275/2732 
f 2732/1275/2732 2745/1335/2745 2743/871/2743 
f 2744/864/2744 2743/871/2743 2745/1335/2745 
f 2745/1335/2745 2746/1336/2746 2744/864/2744 
f 2746/1336/2746 2745/1335/2745 2747/1154/2747 
f 2747/1154/2747 2748/864/2748 2746/1336/2746 
f 2745/1335/2745 2732/1275/2732 2734/870/2734 
f 2734/870/2734 2747/1154/2747 2745/1335/2745 
f 2747/1154/2747 2734/870/2734 2736/1150/2736 
f 2736/1150/2736 2749/1154/2749 2747/1154/2747 
f 2748/864/2748 2747/1154/2747 2749/1154/2749 
f 2749/1154/2749 2750/864/2750 2748/864/2748 
f 2750/864/2750 2749/1154/2749 2751/1082/2751 
f 2751/1082/2751 2752/1076/2752 2750/864/2750 
f 2749/1154/2749 2736/1150/2736 2738/1334/2738 
f 2738/1334/2738 2751/1082/2751 2749/1154/2749 
f 2751/1082/2751 2738/1334/2738 1780/1083/1780 
f 1780/1083/1780 1778/1081/1778 2751/1082/2751 
f 2752/1076/2752 2751/1082/2751 1778/1081/1778 
f 1778/1081/1778 1764/1075/1764 2752/1076/2752 
f 1935/858/1935 1934/865/1934 2753/865/2753 
f 2753/865/2753 2754/858/2754 1935/858/1935 
f 1934/865/1934 1923/864/1923 2740/864/2740 
f 2740/864/2740 2753/865/2753 1934/865/1934 
f 2753/865/2753 2740/864/2740 2742/864/2742 
f 2742/864/2742 2755/865/2755 2753/865/2753 
f 2754/858/2754 2753/865/2753 2755/865/2755 
f 2755/865/2755 2756/1167/2756 2754/858/2754 
f 2756/1167/2756 2755/865/2755 2757/865/2757 
f 2757/865/2757 2758/858/2758 2756/1167/2756 
f 2755/865/2755 2742/864/2742 2744/864/2744 
f 2744/864/2744 2757/865/2757 2755/865/2755 
f 2757/865/2757 2744/864/2744 2746/1336/2746 
f 2746/1336/2746 2759/1337/2759 2757/865/2757 
f 2758/858/2758 2757/865/2757 2759/1337/2759 
f 2759/1337/2759 2760/1261/2760 2758/858/2758 
f 2760/1261/2760 2759/1337/2759 2761/1168/2761 
f 2761/1168/2761 2762/858/2762 2760/1261/2760 
f 2759/1337/2759 2746/1336/2746 2748/864/2748 
f 2748/864/2748 2761/1168/2761 2759/1337/2759 
f 2761/1168/2761 2748/864/2748 2750/864/2750 
f 2750/864/2750 2763/1168/2763 2761/1168/2761 
f 2762/858/2762 2761/1168/2761 2763/1168/2763 
f 2763/1168/2763 2764/1169/2764 2762/858/2762 
f 2764/1169/2764 2763/1168/2763 2765/1074/2765 
f 2765/1074/2765 2766/1338/2766 2764/1169/2764 
f 2763/1168/2763 2750/864/2750 2752/1076/2752 
f 2752/1076/2752 2765/1074/2765 2763/1168/2763 
f 2765/1074/2765 2752/1076/2752 1764/1075/1764 
f 1764/1075/1764 1762/1073/1762 2765/1074/2765 
f 2766/1338/2766 2765/1074/2765 1762/1073/1762 
f 1762/1073/1762 1745/1067/1745 2766/1338/2766 
f 1954/856/1954 1953/859/1953 2767/859/2767 
f 2767/859/2767 2768/856/2768 1954/856/1954 
f 1953/859/1953 1935/858/1935 2754/858/2754 
f 2754/858/2754 2767/859/2767 1953/859/1953 
f 2767/859/2767 2754/858/2754 2756/1167/2756 
f 2756/1167/2756 2769/859/2769 2767/859/2767 
f 2768/856/2768 2767/859/2767 2769/859/2769 
f 2769/859/2769 2770/1173/2770 2768/856/2768 
f 2770/1173/2770 2769/859/2769 2771/859/2771 
f 2771/859/2771 2772/856/2772 2770/1173/2770 
f 2769/859/2769 2756/1167/2756 2758/858/2758 
f 2758/858/2758 2771/859/2771 2769/859/2769 
f 2771/859/2771 2758/858/2758 2760/1261/2760 
f 2760/1261/2760 2773/1339/2773 2771/859/2771 
f 2772/856/2772 2771/859/2771 2773/1339/2773 
f 2773/1339/2773 2774/1263/2774 2772/856/2772 
f 2774/1263/2774 2773/1339/2773 2775/1174/2775 
f 2775/1174/2775 2776/856/2776 2774/1263/2774 
f 2773/1339/2773 2760/1261/2760 2762/858/2762 
f 2762/858/2762 2775/1174/2775 2773/1339/2773 
f 2775/1174/2775 2762/858/2762 2764/1169/2764 
f 2764/1169/2764 2777/1174/2777 2775/1174/2775 
f 2776/856/2776 2775/1174/2775 2777/1174/2777 
f 2777/1174/2777 2778/1175/2778 2776/856/2776 
f 2778/1175/2778 2777/1174/2777 2779/859/2779 
f 2779/859/2779 2780/1064/2780 2778/1175/2778 
f 2777/1174/2777 2764/1169/2764 2766/1338/2766 
f 2766/1338/2766 2779/859/2779 2777/1174/2777 
f 2779/859/2779 2766/1338/2766 1745/1067/1745 
f 1745/1067/1745 1743/1065/1743 2779/859/2779 
f 2780/1064/2780 2779/859/2779 1743/1065/1743 
f 1743/1065/1743 1735/1063/1735 2780/1064/2780 
f 1966/853/1966 1965/857/1965 2781/857/2781 
f 2781/857/2781 2782/853/2782 1966/853/1966 
f 1965/857/1965 1954/856/1954 2768/856/2768 
f 2768/856/2768 2781/857/2781 1965/857/1965 
f 2781/857/2781 2768/856/2768 2770/1173/2770 
f 2770/1173/2770 2783/857/2783 2781/857/2781 
f 2782/853/2782 2781/857/2781 2783/857/2783 
f 2783/857/2783 2784/1179/2784 2782/853/2782 
f 2784/1179/2784 2783/857/2783 2785/857/2785 
f 2785/857/2785 2786/853/2786 2784/1179/2784 
f 2783/857/2783 2770/1173/2770 2772/856/2772 
f 2772/856/2772 2785/857/2785 2783/857/2783 
f 2785/857/2785 2772/856/2772 2774/1263/2774 
f 2774/1263/2774 2787/1340/2787 2785/857/2785 
f 2786/853/2786 2785/857/2785 2787/1340/2787 
f 2787/1340/2787 2788/1341/2788 2786/853/2786 
f 2788/1341/2788 2787/1340/2787 2789/1180/2789 
f 2789/1180/2789 2790/853/2790 2788/1341/2788 
f 2787/1340/2787 2774/1263/2774 2776/856/2776 
f 2776/856/2776 2789/1180/2789 2787/1340/2787 
f 2789/1180/2789 2776/856/2776 2778/1175/2778 
f 2778/1175/2778 2791/1180/2791 2789/1180/2789 
f 2790/853/2790 2789/1180/2789 2791/1180/2791 
f 2791/1180/2791 2792/1179/2792 2790/853/2790 
f 2792/1179/2792 2791/1180/2791 2793/857/2793 
f 2793/857/2793 2794/1060/2794 2792/1179/2792 
f 2791/1180/2791 2778/1175/2778 2780/1064/2780 
f 2780/1064/2780 2793/857/2793 2791/1180/2791 
f 2793/857/2793 2780/1064/2780 1735/1063/1735 
f 1735/1063/1735 1733/1061/1733 2793/857/2793 
f 2794/1060/2794 2793/857/2793 1733/1061/1733 
f 1733/1061/1733 1725/1059/1725 2794/1060/2794 
f 1976/1055/1976 1975/1115/1975 2795/1115/2795 
f 2795/1115/2795 2796/1055/2796 1976/1055/1976 
f 1975/1115/1975 1966/853/1966 2782/853/2782 
f 2782/853/2782 2795/1115/2795 1975/1115/1975 
f 2795/1115/2795 2782/853/2782 2784/1179/2784 
f 2784/1179/2784 2797/1058/2797 2795/1115/2795 
f 2796/1055/2796 2795/1115/2795 2797/1058/2797 
f 2797/1058/2797 2798/1055/2798 2796/1055/2796 
f 2798/1055/2798 2797/1058/2797 2799/854/2799 
f 2799/854/2799 2800/1056/2800 2798/1055/2798 
f 2797/1058/2797 2784/1179/2784 2786/853/2786 
f 2786/853/2786 2799/854/2799 2797/1058/2797 
f 2799/854/2799 2786/853/2786 2788/1341/2788 
f 2788/1341/2788 2801/1115/2801 2799/854/2799 
f 2800/1056/2800 2799/854/2799 2801/1115/2801 
f 2801/1115/2801 2802/1257/2802 2800/1056/2800 
f 2802/1257/2802 2801/1115/2801 2803/1190/2803 
f 2803/1190/2803 2804/848/2804 2802/1257/2802 
f 2801/1115/2801 2788/1341/2788 2790/853/2790 
f 2790/853/2790 2803/1190/2803 2801/1115/2801 
f 2803/1190/2803 2790/853/2790 2792/1179/2792 
f 2792/1179/2792 2805/1190/2805 2803/1190/2803 
f 2804/848/2804 2803/1190/2803 2805/1190/2805 
f 2805/1190/2805 2806/1189/2806 2804/848/2804 
f 2806/1189/2806 2805/1190/2805 2807/854/2807 
f 2807/854/2807 2808/1056/2808 2806/1189/2806 
f 2805/1190/2805 2792/1179/2792 2794/1060/2794 
f 2794/1060/2794 2807/854/2807 2805/1190/2805 
f 2807/854/2807 2794/1060/2794 1725/1059/1725 
f 1725/1059/1725 1723/1057/1723 2807/854/2807 
f 2808/1056/2808 2807/854/2807 1723/1057/1723 
f 1723/1057/1723 1715/1055/1715 2808/1056/2808 
f 1986/1051/1986 1985/1053/1985 2809/1053/2809 
f 2809/1053/2809 2810/1051/2810 1986/1051/1986 
f 1985/1053/1985 1976/1055/1976 2796/1055/2796 
f 2796/1055/2796 2809/1053/2809 1985/1053/1985 
f 2809/1053/2809 2796/1055/2796 2798/1055/2798 
f 2798/1055/2798 2811/1053/2811 2809/1053/2809 
f 2810/1051/2810 2809/1053/2809 2811/1053/2811 
f 2811/1053/2811 2812/1051/2812 2810/1051/2810 
f 2812/1051/2812 2811/1053/2811 2813/849/2813 
f 2813/849/2813 2814/1342/2814 2812/1051/2812 
f 2811/1053/2811 2798/1055/2798 2800/1056/2800 
f 2800/1056/2800 2813/849/2813 2811/1053/2811 
f 2813/849/2813 2800/1056/2800 2802/1257/2802 
f 2802/1257/2802 2815/1258/2815 2813/849/2813 
f 2814/1342/2814 2813/849/2813 2815/1258/2815 
f 2815/1258/2815 2816/1259/2816 2814/1342/2814 
f 2816/1259/2816 2815/1258/2815 2817/1194/2817 
f 2817/1194/2817 2818/843/2818 2816/1259/2816 
f 2815/1258/2815 2802/1257/2802 2804/848/2804 
f 2804/848/2804 2817/1194/2817 2815/1258/2815 
f 2817/1194/2817 2804/848/2804 2806/1189/2806 
f 2806/1189/2806 2819/1194/2819 2817/1194/2817 
f 2818/843/2818 2817/1194/2817 2819/1194/2819 
f 2819/1194/2819 2820/1193/2820 2818/843/2818 
f 2820/1193/2820 2819/1194/2819 2821/849/2821 
f 2821/849/2821 2822/1052/2822 2820/1193/2820 
f 2819/1194/2819 2806/1189/2806 2808/1056/2808 
f 2808/1056/2808 2821/849/2821 2819/1194/2819 
f 2821/849/2821 2808/1056/2808 1715/1055/1715 
f 1715/1055/1715 1713/1053/1713 2821/849/2821 
f 2822/1052/2822 2821/849/2821 1713/1053/1713 
f 1713/1053/1713 1704/1051/1704 2822/1052/2822 
f 1996/838/1996 1995/1116/1995 2823/1116/2823 
f 2823/1116/2823 2824/838/2824 1996/838/1996 
f 1995/1116/1995 1986/1051/1986 2810/1051/2810 
f 2810/1051/2810 2823/1116/2823 1995/1116/1995 
f 2823/1116/2823 2810/1051/2810 2812/1051/2812 
f 2812/1051/2812 2825/1049/2825 2823/1116/2823 
f 2824/838/2824 2823/1116/2823 2825/1049/2825 
f 2825/1049/2825 2826/1205/2826 2824/838/2824 
f 2826/1205/2826 2825/1049/2825 2827/844/2827 
f 2827/844/2827 2828/838/2828 2826/1205/2826 
f 2825/1049/2825 2812/1051/2812 2814/1342/2814 
f 2814/1342/2814 2827/844/2827 2825/1049/2825 
f 2827/844/2827 2814/1342/2814 2816/1259/2816 
f 2816/1259/2816 2829/1116/2829 2827/844/2827 
f 2828/838/2828 2827/844/2827 2829/1116/2829 
f 2829/1116/2829 2830/1343/2830 2828/838/2828 
f 2830/1343/2830 2829/1116/2829 2831/1206/2831 
f 2831/1206/2831 2832/838/2832 2830/1343/2830 
f 2829/1116/2829 2816/1259/2816 2818/843/2818 
f 2818/843/2818 2831/1206/2831 2829/1116/2829 
f 2831/1206/2831 2818/843/2818 2820/1193/2820 
f 2820/1193/2820 2833/1206/2833 2831/1206/2831 
f 2832/838/2832 2831/1206/2831 2833/1206/2833 
f 2833/1206/2833 2834/1207/2834 2832/838/2832 
f 2834/1207/2834 2833/1206/2833 2835/844/2835 
f 2835/844/2835 2836/1050/2836 2834/1207/2834 
f 2833/1206/2833 2820/1193/2820 2822/1052/2822 
f 2822/1052/2822 2835/844/2835 2833/1206/2833 
f 2835/844/2835 2822/1052/2822 1704/1051/1704 
f 1704/1051/1704 1701/1048/1701 2835/844/2835 
f 2836/1050/2836 2835/844/2835 1701/1048/1701 
f 1701/1048/1701 1700/1047/1700 2836/1050/2836 
f 2015/834/2015 2014/839/2014 2837/839/2837 
f 2837/839/2837 2838/834/2838 2015/834/2015 
f 2014/839/2014 1996/838/1996 2824/838/2824 
f 2824/838/2824 2837/839/2837 2014/839/2014 
f 2837/839/2837 2824/838/2824 2826/1205/2826 
f 2826/1205/2826 2839/839/2839 2837/839/2837 
f 2838/834/2838 2837/839/2837 2839/839/2839 
f 2839/839/2839 2840/1210/2840 2838/834/2838 
f 2840/1210/2840 2839/839/2839 2841/839/2841 
f 2841/839/2841 2842/834/2842 2840/1210/2840 
f 2839/839/2839 2826/1205/2826 2828/838/2828 
f 2828/838/2828 2841/839/2841 2839/839/2839 
f 2841/839/2841 2828/838/2828 2830/1343/2830 
f 2830/1343/2830 2843/1344/2843 2841/839/2841 
f 2842/834/2842 2841/839/2841 2843/1344/2843 
f 2843/1344/2843 2844/1247/2844 2842/834/2842 
f 2844/1247/2844 2843/1344/2843 2845/1211/2845 
f 2845/1211/2845 2846/834/2846 2844/1247/2844 
f 2843/1344/2843 2830/1343/2830 2832/838/2832 
f 2832/838/2832 2845/1211/2845 2843/1344/2843 
f 2845/1211/2845 2832/838/2832 2834/1207/2834 
f 2834/1207/2834 2847/1211/2847 2845/1211/2845 
f 2846/834/2846 2845/1211/2845 2847/1211/2847 
f 2847/1211/2847 2848/1212/2848 2846/834/2846 
f 2848/1212/2848 2847/1211/2847 2849/839/2849 
f 2849/839/2849 2850/1345/2850 2848/1212/2848 
f 2847/1211/2847 2834/1207/2834 2836/1050/2836 
f 2836/1050/2836 2849/839/2849 2847/1211/2847 
f 2849/839/2849 2836/1050/2836 1700/1047/1700 
f 1700/1047/1700 2003/1117/2003 2849/839/2849 
f 2850/1345/2850 2849/839/2849 2003/1117/2003 
f 2003/1117/2003 1875/1107/1875 2850/1345/2850 
f 1886/830/1886 2020/835/2020 2851/835/2851 
f 2851/835/2851 2852/830/2852 1886/830/1886 
f 2020/835/2020 2015/834/2015 2838/834/2838 
f 2838/834/2838 2851/835/2851 2020/835/2020 
f 2851/835/2851 2838/834/2838 2840/1210/2840 
f 2840/1210/2840 2853/835/2853 2851/835/2851 
f 2852/830/2852 2851/835/2851 2853/835/2853 
f 2853/835/2853 2854/830/2854 2852/830/2852 
f 2854/830/2854 2853/835/2853 2855/835/2855 
f 2855/835/2855 2856/830/2856 2854/830/2854 
f 2853/835/2853 2840/1210/2840 2842/834/2842 
f 2842/834/2842 2855/835/2855 2853/835/2853 
f 2855/835/2855 2842/834/2842 2844/1247/2844 
f 2844/1247/2844 2857/1346/2857 2855/835/2855 
f 2856/830/2856 2855/835/2855 2857/1346/2857 
f 2857/1346/2857 2858/1347/2858 2856/830/2856 
f 2858/1347/2858 2857/1346/2857 2859/1224/2859 
f 2859/1224/2859 2860/830/2860 2858/1347/2858 
f 2857/1346/2857 2844/1247/2844 2846/834/2846 
f 2846/834/2846 2859/1224/2859 2857/1346/2857 
f 2859/1224/2859 2846/834/2846 2848/1212/2848 
f 2848/1212/2848 2861/1224/2861 2859/1224/2859 
f 2860/830/2860 2859/1224/2859 2861/1224/2861 
f 2861/1224/2861 2862/830/2862 2860/830/2860 
f 2862/830/2862 2861/1224/2861 2863/1105/2863 
f 2863/1105/2863 2864/1106/2864 2862/830/2862 
f 2861/1224/2861 2848/1212/2848 2850/1345/2850 
f 2850/1345/2850 2863/1105/2863 2861/1224/2861 
f 2863/1105/2863 2850/1345/2850 1875/1107/1875 
f 1875/1107/1875 1872/1104/1872 2863/1105/2863 
f 2864/1106/2864 2863/1105/2863 1872/1104/1872 
f 1872/1104/1872 1871/1103/1871 2864/1106/2864 
f 1857/826/1857 1887/831/1887 2865/831/2865 
f 2865/831/2865 2866/826/2866 1857/826/1857 
f 1887/831/1887 1886/830/1886 2852/830/2852 
f 2852/830/2852 2865/831/2865 1887/831/1887 
f 2865/831/2865 2852/830/2852 2854/830/2854 
f 2854/830/2854 2867/831/2867 2865/831/2865 
f 2866/826/2866 2865/831/2865 2867/831/2867 
f 2867/831/2867 2868/1228/2868 2866/826/2866 
f 2868/1228/2868 2867/831/2867 2869/831/2869 
f 2869/831/2869 2870/826/2870 2868/1228/2868 
f 2867/831/2867 2854/830/2854 2856/830/2856 
f 2856/830/2856 2869/831/2869 2867/831/2867 
f 2869/831/2869 2856/830/2856 2858/1347/2858 
f 2858/1347/2858 2871/1348/2871 2869/831/2869 
f 2870/826/2870 2869/831/2869 2871/1348/2871 
f 2871/1348/2871 2872/1349/2872 2870/826/2870 
f 2872/1349/2872 2871/1348/2871 2873/1229/2873 
f 2873/1229/2873 2874/826/2874 2872/1349/2872 
f 2871/1348/2871 2858/1347/2858 2860/830/2860 
f 2860/830/2860 2873/1229/2873 2871/1348/2871 
f 2873/1229/2873 2860/830/2860 2862/830/2862 
f 2862/830/2862 2875/1229/2875 2873/1229/2873 
f 2874/826/2874 2873/1229/2873 2875/1229/2875 
f 2875/1229/2875 2876/1230/2876 2874/826/2874 
f 2876/1230/2876 2875/1229/2875 2877/1110/2877 
f 2877/1110/2877 2878/1350/2878 2876/1230/2876 
f 2875/1229/2875 2862/830/2862 2864/1106/2864 
f 2864/1106/2864 2877/1110/2877 2875/1229/2875 
f 2877/1110/2877 2864/1106/2864 1871/1103/1871 
f 1871/1103/1871 1899/1109/1899 2877/1110/2877 
f 2878/1350/2878 2877/1110/2877 1899/1109/1899 
f 1899/1109/1899 1898/1044/1898 2878/1350/2878 
f 1847/1040/1847 1858/1102/1858 2879/1102/2879 
f 2879/1102/2879 2880/1040/2880 1847/1040/1847 
f 1858/1102/1858 1857/826/1857 2866/826/2866 
f 2866/826/2866 2879/1102/2879 1858/1102/1858 
f 2879/1102/2879 2866/826/2866 2868/1228/2868 
f 2868/1228/2868 2881/1351/2881 2879/1102/2879 
f 2880/1040/2880 2879/1102/2879 2881/1351/2881 
f 2881/1351/2881 2882/1040/2882 2880/1040/2880 
f 2882/1040/2882 2881/1351/2881 2883/827/2883 
f 2883/827/2883 2884/1352/2884 2882/1040/2882 
f 2881/1351/2881 2868/1228/2868 2870/826/2870 
f 2870/826/2870 2883/827/2883 2881/1351/2881 
f 2883/827/2883 2870/826/2870 2872/1349/2872 
f 2872/1349/2872 2885/1102/2885 2883/827/2883 
f 2884/1352/2884 2883/827/2883 2885/1102/2885 
f 2885/1102/2885 2886/1239/2886 2884/1352/2884 
f 2886/1239/2886 2885/1102/2885 2887/1243/2887 
f 2887/1243/2887 2888/822/2888 2886/1239/2886 
f 2885/1102/2885 2872/1349/2872 2874/826/2874 
f 2874/826/2874 2887/1243/2887 2885/1102/2885 
f 2887/1243/2887 2874/826/2874 2876/1230/2876 
f 2876/1230/2876 2889/1243/2889 2887/1243/2887 
f 2888/822/2888 2887/1243/2887 2889/1243/2889 
f 2889/1243/2889 2890/1238/2890 2888/822/2888 
f 2890/1238/2890 2889/1243/2889 2891/827/2891 
f 2891/827/2891 2892/1038/2892 2890/1238/2890 
f 2889/1243/2889 2876/1230/2876 2878/1350/2878 
f 2878/1350/2878 2891/827/2891 2889/1243/2889 
f 2891/827/2891 2878/1350/2878 1898/1044/1898 
f 1898/1044/1898 1909/1043/1909 2891/827/2891 
f 2892/1038/2892 2891/827/2891 1909/1043/1909 
f 1909/1043/1909 1908/1040/1908 2892/1038/2892 
f 1837/1036/1837 1848/1039/1848 2893/1353/2893 
f 2893/1353/2893 2894/1354/2894 1837/1036/1837 
f 1848/1039/1848 1847/1040/1847 2880/1040/2880 
f 2880/1040/2880 2893/1353/2893 1848/1039/1848 
f 2893/1353/2893 2880/1040/2880 2882/1040/2882 
f 2882/1040/2882 2895/1039/2895 2893/1353/2893 
f 2894/1354/2894 2893/1353/2893 2895/1039/2895 
f 2895/1039/2895 2896/1036/2896 2894/1354/2894 
f 2896/1036/2896 2895/1039/2895 2897/823/2897 
f 2897/823/2897 2898/1355/2898 2896/1036/2896 
f 2895/1039/2895 2882/1040/2882 2884/1352/2884 
f 2884/1352/2884 2897/823/2897 2895/1039/2895 
f 2897/823/2897 2884/1352/2884 2886/1239/2886 
f 2886/1239/2886 2899/1353/2899 2897/823/2897 
f 2898/1355/2898 2897/823/2897 2899/1353/2899 
f 2899/1353/2899 2900/1241/2900 2898/1355/2898 
f 2900/1241/2900 2899/1353/2899 2901/1246/2901 
f 2901/1246/2901 2902/613/2902 2900/1241/2900 
f 2899/1353/2899 2886/1239/2886 2888/822/2888 
f 2888/822/2888 2901/1246/2901 2899/1353/2899 
f 2901/1246/2901 2888/822/2888 2890/1238/2890 
f 2890/1238/2890 2903/1246/2903 2901/1246/2901 
f 2902/613/2902 2901/1246/2901 2903/1246/2903 
f 2903/1246/2903 2904/1236/2904 2902/613/2902 
f 2904/1236/2904 2903/1246/2903 2905/823/2905 
f 2905/823/2905 2906/1034/2906 2904/1236/2904 
f 2903/1246/2903 2890/1238/2890 2892/1038/2892 
f 2892/1038/2892 2905/823/2905 2903/1246/2903 
f 2905/823/2905 2892/1038/2892 1908/1040/1908 
f 1908/1040/1908 1925/1039/1925 2905/823/2905 
f 2906/1034/2906 2905/823/2905 1925/1039/1925 
f 1925/1039/1925 1924/1036/1924 2906/1034/2906 
f 1824/1032/1824 1838/1035/1838 2907/1356/2907 
f 2907/1356/2907 2908/1032/2908 1824/1032/1824 
f 1838/1035/1838 1837/1036/1837 2894/1354/2894 
f 2894/1354/2894 2907/1356/2907 1838/1035/1838 
f 2907/1356/2907 2894/1354/2894 2896/1036/2896 
f 2896/1036/2896 2909/1035/2909 2907/1356/2907 
f 2908/1032/2908 2907/1356/2907 2909/1035/2909 
f 2909/1035/2909 2910/1032/2910 2908/1032/2908 
f 2910/1032/2910 2909/1035/2909 2911/614/2911 
f 2911/614/2911 2912/1030/2912 2910/1032/2910 
f 2909/1035/2909 2896/1036/2896 2898/1355/2898 
f 2898/1355/2898 2911/614/2911 2909/1035/2909 
f 2911/614/2911 2898/1355/2898 2900/1241/2900 
f 2900/1241/2900 2913/1357/2913 2911/614/2911 
f 2912/1030/2912 2911/614/2911 2913/1357/2913 
f 2913/1357/2913 2914/1358/2914 2912/1030/2912 
f 2914/1358/2914 2913/1357/2913 2915/1251/2915 
f 2915/1251/2915 2916/615/2916 2914/1358/2914 
f 2913/1357/2913 2900/1241/2900 2902/613/2902 
f 2902/613/2902 2915/1251/2915 2913/1357/2913 
f 2915/1251/2915 2902/613/2902 2904/1236/2904 
f 2904/1236/2904 2917/1251/2917 2915/1251/2915 
f 2916/615/2916 2915/1251/2915 2917/1251/2917 
f 2917/1251/2917 2918/1250/2918 2916/615/2916 
f 2918/1250/2918 2917/1251/2917 2919/614/2919 
f 2919/614/2919 2920/1030/2920 2918/1250/2918 
f 2917/1251/2917 2904/1236/2904 2906/1034/2906 
f 2906/1034/2906 2919/614/2919 2917/1251/2917 
f 2919/614/2919 2906/1034/2906 1924/1036/1924 
f 1924/1036/1924 1937/1035/1937 2919/614/2919 
f 2920/1030/2920 2919/614/2919 1937/1035/1937 
f 1937/1035/1937 1936/1032/1936 2920/1030/2920 
f 1808/1022/1808 1825/1101/1825 2921/1101/2921 
f 2921/1101/2921 2922/1022/2922 1808/1022/1808 
f 1825/1101/1825 1824/1032/1824 2908/1032/2908 
f 2908/1032/2908 2921/1101/2921 1825/1101/1825 
f 2921/1101/2921 2908/1032/2908 2910/1032/2910 
f 2910/1032/2910 2923/1029/2923 2921/1101/2921 
f 2922/1022/2922 2921/1101/2921 2923/1029/2923 
f 2923/1029/2923 2924/1220/2924 2922/1022/2922 
f 2924/1220/2924 2923/1029/2923 2925/1028/2925 
f 2925/1028/2925 2926/1022/2926 2924/1220/2924 
f 2923/1029/2923 2910/1032/2910 2912/1030/2912 
f 2912/1030/2912 2925/1028/2925 2923/1029/2923 
f 2925/1028/2925 2912/1030/2912 2914/1358/2914 
f 2914/1358/2914 2927/1101/2927 2925/1028/2925 
f 2926/1022/2926 2925/1028/2925 2927/1101/2927 
f 2927/1101/2927 2928/1221/2928 2926/1022/2926 
f 2928/1221/2928 2927/1101/2927 2929/1255/2929 
f 2929/1255/2929 2930/1022/2930 2928/1221/2928 
f 2927/1101/2927 2914/1358/2914 2916/615/2916 
f 2916/615/2916 2929/1255/2929 2927/1101/2927 
f 2929/1255/2929 2916/615/2916 2918/1250/2918 
f 2918/1250/2918 2931/1255/2931 2929/1255/2929 
f 2930/1022/2930 2929/1255/2929 2931/1255/2931 
f 2931/1255/2931 2932/1220/2932 2930/1022/2930 
f 2932/1220/2932 2931/1255/2931 2933/1028/2933 
f 2933/1028/2933 2934/1025/2934 2932/1220/2932 
f 2931/1255/2931 2918/1250/2918 2920/1030/2920 
f 2920/1030/2920 2933/1028/2933 2931/1255/2931 
f 2933/1028/2933 2920/1030/2920 1936/1032/1936 
f 1936/1032/1936 1956/1031/1956 2933/1028/2933 
f 2934/1025/2934 2933/1028/2933 1956/1031/1956 
f 1956/1031/1956 1955/1027/1955 2934/1025/2934 
f 1792/820/1792 1809/1023/1809 2935/1023/2935 
f 2935/1023/2935 2936/820/2936 1792/820/1792 
f 1809/1023/1809 1808/1022/1808 2922/1022/2922 
f 2922/1022/2922 2935/1023/2935 1809/1023/1809 
f 2935/1023/2935 2922/1022/2922 2924/1220/2924 
f 2924/1220/2924 2937/1023/2937 2935/1023/2935 
f 2936/820/2936 2935/1023/2935 2937/1023/2937 
f 2937/1023/2937 2938/1254/2938 2936/820/2936 
f 2938/1254/2938 2937/1023/2937 2939/1023/2939 
f 2939/1023/2939 2940/820/2940 2938/1254/2938 
f 2937/1023/2937 2924/1220/2924 2926/1022/2926 
f 2926/1022/2926 2939/1023/2939 2937/1023/2937 
f 2939/1023/2939 2926/1022/2926 2928/1221/2928 
f 2928/1221/2928 2941/1359/2941 2939/1023/2939 
f 2940/820/2940 2939/1023/2939 2941/1359/2941 
f 2941/1359/2941 2942/1223/2942 2940/820/2940 
f 2942/1223/2942 2941/1359/2941 2943/1260/2943 
f 2943/1260/2943 2944/820/2944 2942/1223/2942 
f 2941/1359/2941 2928/1221/2928 2930/1022/2930 
f 2930/1022/2930 2943/1260/2943 2941/1359/2941 
f 2943/1260/2943 2930/1022/2930 2932/1220/2932 
f 2932/1220/2932 2945/1260/2945 2943/1260/2943 
f 2944/820/2944 2943/1260/2943 2945/1260/2945 
f 2945/1260/2945 2946/1218/2946 2944/820/2944 
f 2946/1218/2946 2945/1260/2945 2947/1023/2947 
f 2947/1023/2947 2948/1019/2948 2946/1218/2946 
f 2945/1260/2945 2932/1220/2932 2934/1025/2934 
f 2934/1025/2934 2947/1023/2947 2945/1260/2945 
f 2947/1023/2947 2934/1025/2934 1955/1027/1955 
f 1955/1027/1955 1968/1026/1968 2947/1023/2947 
f 2948/1019/2948 2947/1023/2947 1968/1026/1968 
f 1968/1026/1968 1967/1021/1967 2948/1019/2948 
f 1776/818/1776 1793/819/1793 2949/819/2949 
f 2949/819/2949 2950/818/2950 1776/818/1776 
f 1793/819/1793 1792/820/1792 2936/820/2936 
f 2936/820/2936 2949/819/2949 1793/819/1793 
f 2949/819/2949 2936/820/2936 2938/1254/2938 
f 2938/1254/2938 2951/819/2951 2949/819/2949 
f 2950/818/2950 2949/819/2949 2951/819/2951 
f 2951/819/2951 2952/1264/2952 2950/818/2950 
f 2952/1264/2952 2951/819/2951 2953/819/2953 
f 2953/819/2953 2954/818/2954 2952/1264/2952 
f 2951/819/2951 2938/1254/2938 2940/820/2940 
f 2940/820/2940 2953/819/2953 2951/819/2951 
f 2953/819/2953 2940/820/2940 2942/1223/2942 
f 2942/1223/2942 2955/1360/2955 2953/819/2953 
f 2954/818/2954 2953/819/2953 2955/1360/2955 
f 2955/1360/2955 2956/1328/2956 2954/818/2954 
f 2956/1328/2956 2955/1360/2955 2957/1265/2957 
f 2957/1265/2957 2958/818/2958 2956/1328/2956 
f 2955/1360/2955 2942/1223/2942 2944/820/2944 
f 2944/820/2944 2957/1265/2957 2955/1360/2955 
f 2957/1265/2957 2944/820/2944 2946/1218/2946 
f 2946/1218/2946 2959/1265/2959 2957/1265/2957 
f 2958/818/2958 2957/1265/2957 2959/1265/2959 
f 2959/1265/2959 2960/1266/2960 2958/818/2958 
f 2960/1266/2960 2959/1265/2959 2961/819/2961 
f 2961/819/2961 2962/1361/2962 2960/1266/2960 
f 2959/1265/2959 2946/1218/2946 2948/1019/2948 
f 2948/1019/2948 2961/819/2961 2959/1265/2959 
f 2961/819/2961 2948/1019/2948 1967/1021/1967 
f 1967/1021/1967 1978/1020/1978 2961/819/2961 
f 2962/1361/2962 2961/819/2961 1978/1020/1978 
f 1978/1020/1978 1977/1017/1977 2962/1361/2962 
f 1760/1007/1760 1777/1013/1777 2963/1013/2963 
f 2963/1013/2963 2964/1007/2964 1760/1007/1760 
f 1777/1013/1777 1776/818/1776 2950/818/2950 
f 2950/818/2950 2963/1013/2963 1777/1013/1777 
f 2963/1013/2963 2950/818/2950 2952/1264/2952 
f 2952/1264/2952 2965/1013/2965 2963/1013/2963 
f 2964/1007/2964 2963/1013/2963 2965/1013/2965 
f 2965/1013/2965 2966/1007/2966 2964/1007/2964 
f 2966/1007/2966 2965/1013/2965 2967/1013/2967 
f 2967/1013/2967 2968/1007/2968 2966/1007/2966 
f 2965/1013/2965 2952/1264/2952 2954/818/2954 
f 2954/818/2954 2967/1013/2967 2965/1013/2965 
f 2967/1013/2967 2954/818/2954 2956/1328/2956 
f 2956/1328/2956 2969/1362/2969 2967/1013/2967 
f 2968/1007/2968 2967/1013/2967 2969/1362/2969 
f 2969/1362/2969 2970/1363/2970 2968/1007/2968 
f 2970/1363/2970 2969/1362/2969 2971/1270/2971 
f 2971/1270/2971 2972/1007/2972 2970/1363/2970 
f 2969/1362/2969 2956/1328/2956 2958/818/2958 
f 2958/818/2958 2971/1270/2971 2969/1362/2969 
f 2971/1270/2971 2958/818/2958 2960/1266/2960 
f 2960/1266/2960 2973/1270/2973 2971/1270/2971 
f 2972/1007/2972 2971/1270/2971 2973/1270/2973 
f 2973/1270/2973 2974/1007/2974 2972/1007/2972 
f 2974/1007/2974 2973/1270/2973 2975/1014/2975 
f 2975/1014/2975 2976/1010/2976 2974/1007/2974 
f 2973/1270/2973 2960/1266/2960 2962/1361/2962 
f 2962/1361/2962 2975/1014/2975 2973/1270/2973 
f 2975/1014/2975 2962/1361/2962 1977/1017/1977 
f 1977/1017/1977 1988/1016/1988 2975/1014/2975 
f 2976/1010/2976 2975/1014/2975 1988/1016/1988 
f 1988/1016/1988 1987/1012/1987 2976/1010/2976 
f 1741/1001/1741 1761/1008/1761 2977/1008/2977 
f 2977/1008/2977 2978/1001/2978 1741/1001/1741 
f 1761/1008/1761 1760/1007/1760 2964/1007/2964 
f 2964/1007/2964 2977/1008/2977 1761/1008/1761 
f 2977/1008/2977 2964/1007/2964 2966/1007/2966 
f 2966/1007/2966 2979/1008/2979 2977/1008/2977 
f 2978/1001/2978 2977/1008/2977 2979/1008/2979 
f 2979/1008/2979 2980/1276/2980 2978/1001/2978 
f 2980/1276/2980 2979/1008/2979 2981/1008/2981 
f 2981/1008/2981 2982/1001/2982 2980/1276/2980 
f 2979/1008/2979 2966/1007/2966 2968/1007/2968 
f 2968/1007/2968 2981/1008/2981 2979/1008/2979 
f 2981/1008/2981 2968/1007/2968 2970/1363/2970 
f 2970/1363/2970 2983/1364/2983 2981/1008/2981 
f 2982/1001/2982 2981/1008/2981 2983/1364/2983 
f 2983/1364/2983 2984/1204/2984 2982/1001/2982 
f 2984/1204/2984 2983/1364/2983 2985/1277/2985 
f 2985/1277/2985 2986/1001/2986 2984/1204/2984 
f 2983/1364/2983 2970/1363/2970 2972/1007/2972 
f 2972/1007/2972 2985/1277/2985 2983/1364/2983 
f 2985/1277/2985 2972/1007/2972 2974/1007/2974 
f 2974/1007/2974 2987/1277/2987 2985/1277/2985 
f 2986/1001/2986 2985/1277/2985 2987/1277/2987 
f 2987/1277/2987 2988/1200/2988 2986/1001/2986 
f 2988/1200/2988 2987/1277/2987 2989/1009/2989 
f 2989/1009/2989 2990/1365/2990 2988/1200/2988 
f 2987/1277/2987 2974/1007/2974 2976/1010/2976 
f 2976/1010/2976 2989/1009/2989 2987/1277/2987 
f 2989/1009/2989 2976/1010/2976 1987/1012/1987 
f 1987/1012/1987 1998/1011/1998 2989/1009/2989 
f 2990/1365/2990 2989/1009/2989 1998/1011/1998 
f 1998/1011/1998 1997/1006/1997 2990/1365/2990 
f 1731/995/1731 1742/1002/1742 2991/1002/2991 
f 2991/1002/2991 2992/995/2992 1731/995/1731 
f 1742/1002/1742 1741/1001/1741 2978/1001/2978 
f 2978/1001/2978 2991/1002/2991 1742/1002/1742 
f 2991/1002/2991 2978/1001/2978 2980/1276/2980 
f 2980/1276/2980 2993/1002/2993 2991/1002/2991 
f 2992/995/2992 2991/1002/2991 2993/1002/2993 
f 2993/1002/2993 2994/1279/2994 2992/995/2992 
f 2994/1279/2994 2993/1002/2993 2995/1002/2995 
f 2995/1002/2995 2996/995/2996 2994/1279/2994 
f 2993/1002/2993 2980/1276/2980 2982/1001/2982 
f 2982/1001/2982 2995/1002/2995 2993/1002/2993 
f 2995/1002/2995 2982/1001/2982 2984/1204/2984 
f 2984/1204/2984 2997/1366/2997 2995/1002/2995 
f 2996/995/2996 2995/1002/2995 2997/1366/2997 
f 2997/1366/2997 2998/1313/2998 2996/995/2996 
f 2998/1313/2998 2997/1366/2997 2999/1280/2999 
f 2999/1280/2999 3000/995/3000 2998/1313/2998 
f 2997/1366/2997 2984/1204/2984 2986/1001/2986 
f 2986/1001/2986 2999/1280/2999 2997/1366/2997 
f 2999/1280/2999 2986/1001/2986 2988/1200/2988 
f 2988/1200/2988 3001/1280/3001 2999/1280/2999 
f 3000/995/3000 2999/1280/2999 3001/1280/3001 
f 3001/1280/3001 3002/1281/3002 3000/995/3000 
f 3002/1281/3002 3001/1280/3001 3003/1002/3003 
f 3003/1002/3003 3004/998/3004 3002/1281/3002 
f 3001/1280/3001 2988/1200/2988 2990/1365/2990 
f 2990/1365/2990 3003/1002/3003 3001/1280/3001 
f 3003/1002/3003 2990/1365/2990 1997/1006/1997 
f 1997/1006/1997 2007/1005/2007 3003/1002/3003 
f 3004/998/3004 3003/1002/3003 2007/1005/2007 
f 2007/1005/2007 2006/1000/2006 3004/998/3004 
f 1721/989/1721 1732/996/1732 3005/996/3005 
f 3005/996/3005 3006/989/3006 1721/989/1721 
f 1732/996/1732 1731/995/1731 2992/995/2992 
f 2992/995/2992 3005/996/3005 1732/996/1732 
f 3005/996/3005 2992/995/2992 2994/1279/2994 
f 2994/1279/2994 3007/996/3007 3005/996/3005 
f 3006/989/3006 3005/996/3005 3007/996/3007 
f 3007/996/3007 3008/1186/3008 3006/989/3006 
f 3008/1186/3008 3007/996/3007 3009/996/3009 
f 3009/996/3009 3010/989/3010 3008/1186/3008 
f 3007/996/3007 2994/1279/2994 2996/995/2996 
f 2996/995/2996 3009/996/3009 3007/996/3007 
f 3009/996/3009 2996/995/2996 2998/1313/2998 
f 2998/1313/2998 3011/1367/3011 3009/996/3009 
f 3010/989/3010 3009/996/3009 3011/1367/3011 
f 3011/1367/3011 3012/1187/3012 3010/989/3010 
f 3012/1187/3012 3011/1367/3011 3013/1285/3013 
f 3013/1285/3013 3014/989/3014 3012/1187/3012 
f 3011/1367/3011 2998/1313/2998 3000/995/3000 
f 3000/995/3000 3013/1285/3013 3011/1367/3011 
f 3013/1285/3013 3000/995/3000 3002/1281/3002 
f 3002/1281/3002 3015/1285/3015 3013/1285/3013 
f 3014/989/3014 3013/1285/3013 3015/1285/3015 
f 3015/1285/3015 3016/1186/3016 3014/989/3014 
f 3016/1186/3016 3015/1285/3015 3017/996/3017 
f 3017/996/3017 3018/992/3018 3016/1186/3016 
f 3015/1285/3015 3002/1281/3002 3004/998/3004 
f 3004/998/3004 3017/996/3017 3015/1285/3015 
f 3017/996/3017 3004/998/3004 2006/1000/2006 
f 2006/1000/2006 2016/999/2016 3017/996/3017 
f 3018/992/3018 3017/996/3017 2016/999/2016 
f 2016/999/2016 1861/994/1861 3018/992/3018 
f 1711/983/1711 1722/990/1722 3019/990/3019 
f 3019/990/3019 3020/983/3020 1711/983/1711 
f 1722/990/1722 1721/989/1721 3006/989/3006 
f 3006/989/3006 3019/990/3019 1722/990/1722 
f 3019/990/3019 3006/989/3006 3008/1186/3008 
f 3008/1186/3008 3021/990/3021 3019/990/3019 
f 3020/983/3020 3019/990/3019 3021/990/3021 
f 3021/990/3021 3022/1126/3022 3020/983/3020 
f 3022/1126/3022 3021/990/3021 3023/990/3023 
f 3023/990/3023 3024/983/3024 3022/1126/3022 
f 3021/990/3021 3008/1186/3008 3010/989/3010 
f 3010/989/3010 3023/990/3023 3021/990/3021 
f 3023/990/3023 3010/989/3010 3012/1187/3012 
f 3012/1187/3012 3025/1125/3025 3023/990/3023 
f 3024/983/3024 3023/990/3023 3025/1125/3025 
f 3025/1125/3025 3026/1188/3026 3024/983/3024 
f 3026/1188/3026 3025/1125/3025 3027/1292/3027 
f 3027/1292/3027 3028/983/3028 3026/1188/3026 
f 3025/1125/3025 3012/1187/3012 3014/989/3014 
f 3014/989/3014 3027/1292/3027 3025/1125/3025 
f 3027/1292/3027 3014/989/3014 3016/1186/3016 
f 3016/1186/3016 3029/1292/3029 3027/1292/3027 
f 3028/983/3028 3027/1292/3027 3029/1292/3029 
f 3029/1292/3029 3030/1126/3030 3028/983/3028 
f 3030/1126/3030 3029/1292/3029 3031/990/3031 
f 3031/990/3031 3032/986/3032 3030/1126/3030 
f 3029/1292/3029 3016/1186/3016 3018/992/3018 
f 3018/992/3018 3031/990/3031 3029/1292/3029 
f 3031/990/3031 3018/992/3018 1861/994/1861 
f 1861/994/1861 1859/993/1859 3031/990/3031 
f 3032/986/3032 3031/990/3031 1859/993/1859 
f 1859/993/1859 1851/988/1851 3032/986/3032 
f 1578/977/1578 1712/984/1712 3033/984/3033 
f 3033/984/3033 3034/977/3034 1578/977/1578 
f 1712/984/1712 1711/983/1711 3020/983/3020 
f 3020/983/3020 3033/984/3033 1712/984/1712 
f 3033/984/3033 3020/983/3020 3022/1126/3022 
f 3022/1126/3022 3035/984/3035 3033/984/3033 
f 3034/977/3034 3033/984/3033 3035/984/3035 
f 3035/984/3035 3036/1293/3036 3034/977/3034 
f 3036/1293/3036 3035/984/3035 3037/984/3037 
f 3037/984/3037 3038/977/3038 3036/1293/3036 
f 3035/984/3035 3022/1126/3022 3024/983/3024 
f 3024/983/3024 3037/984/3037 3035/984/3035 
f 3037/984/3037 3024/983/3024 3026/1188/3026 
f 3026/1188/3026 3039/1368/3039 3037/984/3037 
f 3038/977/3038 3037/984/3037 3039/1368/3039 
f 3039/1368/3039 3040/1299/3040 3038/977/3038 
f 3040/1299/3040 3039/1368/3039 3041/1294/3041 
f 3041/1294/3041 3042/977/3042 3040/1299/3040 
f 3039/1368/3039 3026/1188/3026 3028/983/3028 
f 3028/983/3028 3041/1294/3041 3039/1368/3039 
f 3041/1294/3041 3028/983/3028 3030/1126/3030 
f 3030/1126/3030 3043/1294/3043 3041/1294/3041 
f 3042/977/3042 3041/1294/3041 3043/1294/3043 
f 3043/1294/3043 3044/1293/3044 3042/977/3042 
f 3044/1293/3044 3043/1294/3043 3045/984/3045 
f 3045/984/3045 3046/980/3046 3044/1293/3044 
f 3043/1294/3043 3030/1126/3030 3032/986/3032 
f 3032/986/3032 3045/984/3045 3043/1294/3043 
f 3045/984/3045 3032/986/3032 1851/988/1851 
f 1851/988/1851 1849/987/1849 3045/984/3045 
f 3046/980/3046 3045/984/3045 1849/987/1849 
f 1849/987/1849 1841/982/1841 3046/980/3046 
f 1580/968/1580 1579/978/1579 3047/978/3047 
f 3047/978/3047 3048/968/3048 1580/968/1580 
f 1579/978/1579 1578/977/1578 3034/977/3034 
f 3034/977/3034 3047/978/3047 1579/978/1579 
f 3047/978/3047 3034/977/3034 3036/1293/3036 
f 3036/1293/3036 3049/978/3049 3047/978/3047 
f 3048/968/3048 3047/978/3047 3049/978/3049 
f 3049/978/3049 3050/1278/3050 3048/968/3048 
f 3050/1278/3050 3049/978/3049 3051/978/3051 
f 3051/978/3051 3052/968/3052 3050/1278/3050 
f 3049/978/3049 3036/1293/3036 3038/977/3038 
f 3038/977/3038 3051/978/3051 3049/978/3049 
f 3051/978/3051 3038/977/3038 3040/1299/3040 
f 3040/1299/3040 3053/1369/3053 3051/978/3051 
f 3052/968/3052 3051/978/3051 3053/1369/3053 
f 3053/1369/3053 3054/1164/3054 3052/968/3052 
f 3054/1164/3054 3053/1369/3053 3055/1297/3055 
f 3055/1297/3055 3056/968/3056 3054/1164/3054 
f 3053/1369/3053 3040/1299/3040 3042/977/3042 
f 3042/977/3042 3055/1297/3055 3053/1369/3053 
f 3055/1297/3055 3042/977/3042 3044/1293/3044 
f 3044/1293/3044 3057/1297/3057 3055/1297/3055 
f 3056/968/3056 3055/1297/3055 3057/1297/3057 
f 3057/1297/3057 3058/1163/3058 3056/968/3056 
f 3058/1163/3058 3057/1297/3057 3059/978/3059 
f 3059/978/3059 3060/971/3060 3058/1163/3058 
f 3057/1297/3057 3044/1293/3044 3046/980/3046 
f 3046/980/3046 3059/978/3059 3057/1297/3057 
f 3059/978/3059 3046/980/3046 1841/982/1841 
f 1841/982/1841 1839/981/1839 3059/978/3059 
f 3060/971/3060 3059/978/3059 1839/981/1839 
f 1839/981/1839 1831/976/1831 3060/971/3060 
f 1883/972/1883 1882/969/1882 3061/969/3061 
f 3061/969/3061 3062/972/3062 1883/972/1883 
f 1882/969/1882 1580/968/1580 3048/968/3048 
f 3048/968/3048 3061/969/3061 1882/969/1882 
f 3061/969/3061 3048/968/3048 3050/1278/3050 
f 3050/1278/3050 3063/969/3063 3061/969/3061 
f 3062/972/3062 3061/969/3061 3063/969/3063 
f 3063/969/3063 3064/1301/3064 3062/972/3062 
f 3064/1301/3064 3063/969/3063 3065/969/3065 
f 3065/969/3065 3066/972/3066 3064/1301/3064 
f 3063/969/3063 3050/1278/3050 3052/968/3052 
f 3052/968/3052 3065/969/3065 3063/969/3063 
f 3065/969/3065 3052/968/3052 3054/1164/3054 
f 3054/1164/3054 3067/1370/3067 3065/969/3065 
f 3066/972/3066 3065/969/3065 3067/1370/3067 
f 3067/1370/3067 3068/1166/3068 3066/972/3066 
f 3068/1166/3068 3067/1370/3067 3069/1302/3069 
f 3069/1302/3069 3070/972/3070 3068/1166/3068 
f 3067/1370/3067 3054/1164/3054 3056/968/3056 
f 3056/968/3056 3069/1302/3069 3067/1370/3067 
f 3069/1302/3069 3056/968/3056 3058/1163/3058 
f 3058/1163/3058 3071/1302/3071 3069/1302/3069 
f 3070/972/3070 3069/1302/3069 3071/1302/3071 
f 3071/1302/3071 3072/1161/3072 3070/972/3070 
f 3072/1161/3072 3071/1302/3071 3073/969/3073 
f 3073/969/3073 3074/1371/3074 3072/1161/3072 
f 3071/1302/3071 3058/1163/3058 3060/971/3060 
f 3060/971/3060 3073/969/3073 3071/1302/3071 
f 3073/969/3073 3060/971/3060 1831/976/1831 
f 1831/976/1831 1829/975/1829 3073/969/3073 
f 3074/1371/3074 3073/969/3073 1829/975/1829 
f 1829/975/1829 1818/974/1818 3074/1371/3074 
f 1891/878/1891 1890/1045/1890 3075/1045/3075 
f 3075/1045/3075 3076/878/3076 1891/878/1891 
f 1890/1045/1890 1883/972/1883 3062/972/3062 
f 3062/972/3062 3075/1045/3075 1890/1045/1890 
f 3075/1045/3075 3062/972/3062 3064/1301/3064 
f 3064/1301/3064 3077/1045/3077 3075/1045/3075 
f 3076/878/3076 3075/1045/3075 3077/1045/3077 
f 3077/1045/3077 3078/878/3078 3076/878/3076 
f 3078/878/3078 3077/1045/3077 3079/1045/3079 
f 3079/1045/3079 3080/878/3080 3078/878/3078 
f 3077/1045/3077 3064/1301/3064 3066/972/3066 
f 3066/972/3066 3079/1045/3079 3077/1045/3077 
f 3079/1045/3079 3066/972/3066 3068/1166/3068 
f 3068/1166/3068 3081/1372/3081 3079/1045/3079 
f 3080/878/3080 3079/1045/3079 3081/1372/3081 
f 3081/1372/3081 3082/1373/3082 3080/878/3080 
f 3082/1373/3082 3081/1372/3081 3083/1303/3083 
f 3083/1303/3083 3084/878/3084 3082/1373/3082 
f 3081/1372/3081 3068/1166/3068 3070/972/3070 
f 3070/972/3070 3083/1303/3083 3081/1372/3081 
f 3083/1303/3083 3070/972/3070 3072/1161/3072 
f 3072/1161/3072 3085/1303/3085 3083/1303/3083 
f 3084/878/3084 3083/1303/3083 3085/1303/3085 
f 3085/1303/3085 3086/878/3086 3084/878/3084 
f 3086/878/3086 3085/1303/3085 3087/1100/3087 
f 3087/1100/3087 3088/1096/3088 3086/878/3086 
f 3085/1303/3085 3072/1161/3072 3074/1371/3074 
f 3074/1371/3074 3087/1100/3087 3085/1303/3085 
f 3087/1100/3087 3074/1371/3074 1818/974/1818 
f 1818/974/1818 1816/1099/1816 3087/1100/3087 
f 3088/1096/3088 3087/1100/3087 1816/1099/1816 
f 1816/1099/1816 1802/1095/1802 3088/1096/3088 
f 1907/872/1907 1906/879/1906 3089/879/3089 
f 3089/879/3089 3090/872/3090 1907/872/1907 
f 1906/879/1906 1891/878/1891 3076/878/3076 
f 3076/878/3076 3089/879/3089 1906/879/1906 
f 3089/879/3089 3076/878/3076 3078/878/3078 
f 3078/878/3078 3091/879/3091 3089/879/3089 
f 3090/872/3090 3089/879/3089 3091/879/3091 
f 3091/879/3091 3092/1311/3092 3090/872/3090 
f 3092/1311/3092 3091/879/3091 3093/879/3093 
f 3093/879/3093 3094/872/3094 3092/1311/3092 
f 3091/879/3091 3078/878/3078 3080/878/3080 
f 3080/878/3080 3093/879/3093 3091/879/3091 
f 3093/879/3093 3080/878/3080 3082/1373/3082 
f 3082/1373/3082 3095/1374/3095 3093/879/3093 
f 3094/872/3094 3093/879/3093 3095/1374/3095 
f 3095/1374/3095 3096/1145/3096 3094/872/3094 
f 3096/1145/3096 3095/1374/3095 3097/1312/3097 
f 3097/1312/3097 3098/872/3098 3096/1145/3096 
f 3095/1374/3095 3082/1373/3082 3084/878/3084 
f 3084/878/3084 3097/1312/3097 3095/1374/3095 
f 3097/1312/3097 3084/878/3084 3086/878/3086 
f 3086/878/3086 3099/1312/3099 3097/1312/3097 
f 3098/872/3098 3097/1312/3097 3099/1312/3099 
f 3099/1312/3099 3100/1144/3100 3098/872/3098 
f 3100/1144/3100 3099/1312/3099 3101/1094/3101 
f 3101/1094/3101 3102/1375/3102 3100/1144/3100 
f 3099/1312/3099 3086/878/3086 3088/1096/3088 
f 3088/1096/3088 3101/1094/3101 3099/1312/3099 
f 3101/1094/3101 3088/1096/3088 1802/1095/1802 
f 1802/1095/1802 1800/1093/1800 3101/1094/3101 
f 3102/1375/3102 3101/1094/3101 1800/1093/1800 
f 1800/1093/1800 1786/1087/1786 3102/1375/3102 
f 1917/866/1917 1916/873/1916 3103/873/3103 
f 3103/873/3103 3104/866/3104 1917/866/1917 
f 1916/873/1916 1907/872/1907 3090/872/3090 
f 3090/872/3090 3103/873/3103 1916/873/1916 
f 3103/873/3103 3090/872/3090 3092/1311/3092 
f 3092/1311/3092 3105/873/3105 3103/873/3103 
f 3104/866/3104 3103/873/3103 3105/873/3105 
f 3105/873/3105 3106/1315/3106 3104/866/3104 
f 3106/1315/3106 3105/873/3105 3107/873/3107 
f 3107/873/3107 3108/866/3108 3106/1315/3106 
f 3105/873/3105 3092/1311/3092 3094/872/3094 
f 3094/872/3094 3107/873/3107 3105/873/3105 
f 3107/873/3107 3094/872/3094 3096/1145/3096 
f 3096/1145/3096 3109/1376/3109 3107/873/3107 
f 3108/866/3108 3107/873/3107 3109/1376/3109 
f 3109/1376/3109 3110/1147/3110 3108/866/3108 
f 3110/1147/3110 3109/1376/3109 3111/1316/3111 
f 3111/1316/3111 3112/866/3112 3110/1147/3110 
f 3109/1376/3109 3096/1145/3096 3098/872/3098 
f 3098/872/3098 3111/1316/3111 3109/1376/3109 
f 3111/1316/3111 3098/872/3098 3100/1144/3100 
f 3100/1144/3100 3113/1316/3113 3111/1316/3111 
f 3112/866/3112 3111/1316/3111 3113/1316/3113 
f 3113/1316/3113 3114/1142/3114 3112/866/3112 
f 3114/1142/3114 3113/1316/3113 3115/873/3115 
f 3115/873/3115 3116/1080/3116 3114/1142/3114 
f 3113/1316/3113 3100/1144/3100 3102/1375/3102 
f 3102/1375/3102 3115/873/3115 3113/1316/3113 
f 3115/873/3115 3102/1375/3102 1786/1087/1786 
f 1786/1087/1786 1784/1085/1784 3115/873/3115 
f 3116/1080/3116 3115/873/3115 1784/1085/1784 
f 1784/1085/1784 1770/1079/1770 3116/1080/3116 
f 1895/860/1895 1931/867/1931 3117/867/3117 
f 3117/867/3117 3118/860/3118 1895/860/1895 
f 1931/867/1931 1917/866/1917 3104/866/3104 
f 3104/866/3104 3117/867/3117 1931/867/1931 
f 3117/867/3117 3104/866/3104 3106/1315/3106 
f 3106/1315/3106 3119/867/3119 3117/867/3117 
f 3118/860/3118 3117/867/3117 3119/867/3119 
f 3119/867/3119 3120/1308/3120 3118/860/3118 
f 3120/1308/3120 3119/867/3119 3121/867/3121 
f 3121/867/3121 3122/860/3122 3120/1308/3120 
f 3119/867/3119 3106/1315/3106 3108/866/3108 
f 3108/866/3108 3121/867/3121 3119/867/3119 
f 3121/867/3121 3108/866/3108 3110/1147/3110 
f 3110/1147/3110 3123/1377/3123 3121/867/3121 
f 3122/860/3122 3121/867/3121 3123/1377/3123 
f 3123/1377/3123 3124/1309/3124 3122/860/3122 
f 3124/1309/3124 3123/1377/3123 3125/1326/3125 
f 3125/1326/3125 3126/860/3126 3124/1309/3124 
f 3123/1377/3123 3110/1147/3110 3112/866/3112 
f 3112/866/3112 3125/1326/3125 3123/1377/3123 
f 3125/1326/3125 3112/866/3112 3114/1142/3114 
f 3114/1142/3114 3127/1326/3127 3125/1326/3125 
f 3126/860/3126 3125/1326/3125 3127/1326/3127 
f 3127/1326/3127 3128/1308/3128 3126/860/3126 
f 3128/1308/3128 3127/1326/3127 3129/867/3129 
f 3129/867/3129 3130/1072/3130 3128/1308/3128 
f 3127/1326/3127 3114/1142/3114 3116/1080/3116 
f 3116/1080/3116 3129/867/3129 3127/1326/3127 
f 3129/867/3129 3116/1080/3116 1770/1079/1770 
f 1770/1079/1770 1768/1077/1768 3129/867/3129 
f 3130/1072/3130 3129/867/3129 1768/1077/1768 
f 1768/1077/1768 1753/1071/1753 3130/1072/3130 
f 1897/862/1897 1896/861/1896 3131/861/3131 
f 3131/861/3131 2692/862/2692 1897/862/1897 
f 1896/861/1896 1895/860/1895 3118/860/3118 
f 3118/860/3118 3131/861/3131 1896/861/1896 
f 3131/861/3131 3118/860/3118 3120/1308/3120 
f 3120/1308/3120 3132/861/3132 3131/861/3131 
f 2692/862/2692 3131/861/3131 3132/861/3132 
f 3132/861/3132 2693/1120/2693 2692/862/2692 
f 2693/1120/2693 3132/861/3132 3133/861/3133 
f 3133/861/3133 2698/862/2698 2693/1120/2693 
f 3132/861/3132 3120/1308/3120 3122/860/3122 
f 3122/860/3122 3133/861/3133 3132/861/3132 
f 3133/861/3133 3122/860/3122 3124/1309/3124 
f 3124/1309/3124 3134/1310/3134 3133/861/3133 
f 2698/862/2698 3133/861/3133 3134/1310/3134 
f 3134/1310/3134 2699/1113/2699 2698/862/2698 
f 2699/1113/2699 3134/1310/3134 3135/1330/3135 
f 3135/1330/3135 2704/862/2704 2699/1113/2699 
f 3134/1310/3134 3124/1309/3124 3126/860/3126 
f 3126/860/3126 3135/1330/3135 3134/1310/3134 
f 3135/1330/3135 3126/860/3126 3128/1308/3128 
f 3128/1308/3128 3136/1330/3136 3135/1330/3135 
f 2704/862/2704 3135/1330/3135 3136/1330/3136 
f 3136/1330/3136 2705/1120/2705 2704/862/2704 
f 2705/1120/2705 3136/1330/3136 3137/861/3137 
f 3137/861/3137 2710/962/2710 2705/1120/2705 
f 3136/1330/3136 3128/1308/3128 3130/1072/3130 
f 3130/1072/3130 3137/861/3137 3136/1330/3136 
f 3137/861/3137 3130/1072/3130 1753/1071/1753 
f 1753/1071/1753 1750/1069/1750 3137/861/3137 
f 2710/962/2710 3137/861/3137 1750/1069/1750 
f 1750/1069/1750 1749/967/1749 2710/962/2710 
f 1653/963/1653 1652/960/1652 3138/960/3138 
f 3138/960/3138 1867/964/1867 1653/963/1653 
f 1652/960/1652 1651/862/1651 1893/862/1893 
f 1893/862/1893 3138/960/3138 1652/960/1652 
f 3138/960/3138 1893/862/1893 1897/862/1897 
f 1897/862/1897 2689/1112/2689 3138/960/3138 
f 1867/964/1867 3138/960/3138 2689/1112/2689 
f 2689/1112/2689 1868/965/1868 1867/964/1867 
f 2456/1273/2456 3139/1378/3139 3140/1046/3140 
f 3140/1046/3140 3141/1092/3141 2456/1273/2456 
f 3139/1378/3139 1942/1111/1942 1945/964/1945 
f 1945/964/1945 3140/1046/3140 3139/1378/3139 
f 3140/1046/3140 1945/964/1945 1950/965/1950 
f 1950/965/1950 2075/1097/2075 3140/1046/3140 
f 3141/1092/3141 3140/1046/3140 2075/1097/2075 
f 2075/1097/2075 2074/1091/2074 3141/1092/3141 
f 2458/1275/2458 2457/1274/2457 3142/877/3142 
f 3142/877/3142 3143/1084/3143 2458/1275/2458 
f 2457/1274/2457 2456/1273/2456 3141/1092/3141 
f 3141/1092/3141 3142/877/3142 2457/1274/2457 
f 3142/877/3142 3141/1092/3141 2074/1091/2074 
f 2074/1091/2074 2679/1089/2679 3142/877/3142 
f 3143/1084/3143 3142/877/3142 2679/1089/2679 
f 2679/1089/2679 2379/1083/2379 3143/1084/3143 
f 3144/1379/3144 3145/1380/3145 3146/871/3146 
f 3146/871/3146 3147/1076/3147 3144/1379/3144 
f 3145/1380/3145 2458/1275/2458 3143/1084/3143 
f 3143/1084/3143 3146/871/3146 3145/1380/3145 
f 3146/871/3146 3143/1084/3143 2379/1083/2379 
f 2379/1083/2379 2378/1081/2378 3146/871/3146 
f 3147/1076/3147 3146/871/3146 2378/1081/2378 
f 2378/1081/2378 2101/1075/2101 3147/1076/3147 
f 2414/1261/2414 3148/1381/3148 3149/865/3149 
f 3149/865/3149 3150/1068/3150 2414/1261/2414 
f 3148/1381/3148 3144/1379/3144 3147/1076/3147 
f 3147/1076/3147 3149/865/3149 3148/1381/3148 
f 3149/865/3149 3147/1076/3147 2101/1075/2101 
f 2101/1075/2101 2100/1073/2100 3149/865/3149 
f 3150/1068/3150 3149/865/3149 2100/1073/2100 
f 2100/1073/2100 2099/1067/2099 3150/1068/3150 
f 2416/1263/2416 2415/1262/2415 3151/859/3151 
f 3151/859/3151 3152/1064/3152 2416/1263/2416 
f 2415/1262/2415 2414/1261/2414 3150/1068/3150 
f 3150/1068/3150 3151/859/3151 2415/1262/2415 
f 3151/859/3151 3150/1068/3150 2099/1067/2099 
f 2099/1067/2099 2124/1065/2124 3151/859/3151 
f 3152/1064/3152 3151/859/3151 2124/1065/2124 
f 2124/1065/2124 2123/1063/2123 3152/1064/3152 
f 3153/1341/3153 3154/1382/3154 3155/857/3155 
f 3155/857/3155 3156/1060/3156 3153/1341/3153 
f 3154/1382/3154 2416/1263/2416 3152/1064/3152 
f 3152/1064/3152 3155/857/3155 3154/1382/3154 
f 3155/857/3155 3152/1064/3152 2123/1063/2123 
f 2123/1063/2123 2141/1061/2141 3155/857/3155 
f 3156/1060/3156 3155/857/3155 2141/1061/2141 
f 2141/1061/2141 2140/1059/2140 3156/1060/3156 
f 2399/1257/2399 3157/1115/3157 3158/854/3158 
f 3158/854/3158 3159/1056/3159 2399/1257/2399 
f 3157/1115/3157 3153/1341/3153 3156/1060/3156 
f 3156/1060/3156 3158/854/3158 3157/1115/3157 
f 3158/854/3158 3156/1060/3156 2140/1059/2140 
f 2140/1059/2140 2164/1057/2164 3158/854/3158 
f 3159/1056/3159 3158/854/3158 2164/1057/2164 
f 2164/1057/2164 2163/1055/2163 3159/1056/3159 
f 2401/1259/2401 2400/1258/2400 3160/849/3160 
f 3160/849/3160 3161/1052/3161 2401/1259/2401 
f 2400/1258/2400 2399/1257/2399 3159/1056/3159 
f 3159/1056/3159 3160/849/3160 2400/1258/2400 
f 3160/849/3160 3159/1056/3159 2163/1055/2163 
f 2163/1055/2163 2187/1053/2187 3160/849/3160 
f 3161/1052/3161 3160/849/3160 2187/1053/2187 
f 2187/1053/2187 2186/1051/2186 3161/1052/3161 
f 3162/1343/3162 3163/1383/3163 3164/844/3164 
f 3164/844/3164 3165/1050/3165 3162/1343/3162 
f 3163/1383/3163 2401/1259/2401 3161/1052/3161 
f 3161/1052/3161 3164/844/3164 3163/1383/3163 
f 3164/844/3164 3161/1052/3161 2186/1051/2186 
f 2186/1051/2186 2210/1048/2210 3164/844/3164 
f 3165/1050/3165 3164/844/3164 2210/1048/2210 
f 2210/1048/2210 2209/1047/2209 3165/1050/3165 
f 2357/1247/2357 3166/1384/3166 3167/839/3167 
f 3167/839/3167 3168/1108/3168 2357/1247/2357 
f 3166/1384/3166 3162/1343/3162 3165/1050/3165 
f 3165/1050/3165 3167/839/3167 3166/1384/3166 
f 3167/839/3167 3165/1050/3165 2209/1047/2209 
f 2209/1047/2209 2233/1117/2233 3167/839/3167 
f 3168/1108/3168 3167/839/3167 2233/1117/2233 
f 2233/1117/2233 2232/1107/2232 3168/1108/3168 
f 2359/1249/2359 2358/1248/2358 3169/835/3169 
f 3169/835/3169 3170/1106/3170 2359/1249/2359 
f 2358/1248/2358 2357/1247/2357 3168/1108/3168 
f 3168/1108/3168 3169/835/3169 2358/1248/2358 
f 3169/835/3169 3168/1108/3168 2232/1107/2232 
f 2232/1107/2232 2279/1104/2279 3169/835/3169 
f 3170/1106/3170 3169/835/3169 2279/1104/2279 
f 2279/1104/2279 2250/1103/2250 3170/1106/3170 
f 3171/1349/3171 3172/1385/3172 3173/831/3173 
f 3173/831/3173 3174/1042/3174 3171/1349/3171 
f 3172/1385/3172 2359/1249/2359 3170/1106/3170 
f 3170/1106/3170 3173/831/3173 3172/1385/3172 
f 3173/831/3173 3170/1106/3170 2250/1103/2250 
f 2250/1103/2250 2249/1109/2249 3173/831/3173 
f 3174/1042/3174 3173/831/3173 2249/1109/2249 
f 2249/1109/2249 2248/1044/2248 3174/1042/3174 
f 2317/1239/2317 3175/1351/3175 3176/827/3176 
f 3176/827/3176 3177/1038/3177 2317/1239/2317 
f 3175/1351/3175 3171/1349/3171 3174/1042/3174 
f 3174/1042/3174 3176/827/3176 3175/1351/3175 
f 3176/827/3176 3174/1042/3174 2248/1044/2248 
f 2248/1044/2248 2302/1043/2302 3176/827/3176 
f 3177/1038/3177 3176/827/3176 2302/1043/2302 
f 2302/1043/2302 2301/1040/2301 3177/1038/3177 
f 2319/1241/2319 2318/1240/2318 3178/823/3178 
f 3178/823/3178 3179/1034/3179 2319/1241/2319 
f 2318/1240/2318 2317/1239/2317 3177/1038/3177 
f 3177/1038/3177 3178/823/3178 2318/1240/2318 
f 3178/823/3178 3177/1038/3177 2301/1040/2301 
f 2301/1040/2301 2347/1039/2347 3178/823/3178 
f 3179/1034/3179 3178/823/3178 2347/1039/2347 
f 2347/1039/2347 2204/1036/2204 3179/1034/3179 
f 3180/1358/3180 3181/1357/3181 3182/614/3182 
f 3182/614/3182 3183/1030/3183 3180/1358/3180 
f 3181/1357/3181 2319/1241/2319 3179/1034/3179 
f 3179/1034/3179 3182/614/3182 3181/1357/3181 
f 3182/614/3182 3179/1034/3179 2204/1036/2204 
f 2204/1036/2204 2203/1035/2203 3182/614/3182 
f 3183/1030/3183 3182/614/3182 2203/1035/2203 
f 2203/1035/2203 2202/1032/2202 3183/1030/3183 
f 2274/1221/2274 3184/1101/3184 3185/1028/3185 
f 3185/1028/3185 3186/1025/3186 2274/1221/2274 
f 3184/1101/3184 3180/1358/3180 3183/1030/3183 
f 3183/1030/3183 3185/1028/3185 3184/1101/3184 
f 3185/1028/3185 3183/1030/3183 2202/1032/2202 
f 2202/1032/2202 2365/1031/2365 3185/1028/3185 
f 3186/1025/3186 3185/1028/3185 2365/1031/2365 
f 2365/1031/2365 2364/1027/2364 3186/1025/3186 
f 2276/1223/2276 2275/1222/2275 3187/1023/3187 
f 3187/1023/3187 3188/1019/3188 2276/1223/2276 
f 2275/1222/2275 2274/1221/2274 3186/1025/3186 
f 3186/1025/3186 3187/1023/3187 2275/1222/2275 
f 3187/1023/3187 3186/1025/3186 2364/1027/2364 
f 2364/1027/2364 2404/1026/2404 3187/1023/3187 
f 3188/1019/3188 3187/1023/3187 2404/1026/2404 
f 2404/1026/2404 2158/1021/2158 3188/1019/3188 
f 2666/1328/2666 3189/1386/3189 3190/819/3190 
f 3190/819/3190 3191/1015/3191 2666/1328/2666 
f 3189/1386/3189 2276/1223/2276 3188/1019/3188 
f 3188/1019/3188 3190/819/3190 3189/1386/3189 
f 3190/819/3190 3188/1019/3188 2158/1021/2158 
f 2158/1021/2158 2157/1020/2157 3190/819/3190 
f 3191/1015/3191 3190/819/3190 2157/1020/2157 
f 2157/1020/2157 2156/1017/2156 3191/1015/3191 
f 2225/1202/2225 2667/1329/2667 3192/1013/3192 
f 3192/1013/3192 3193/1010/3193 2225/1202/2225 
f 2667/1329/2667 2666/1328/2666 3191/1015/3191 
f 3191/1015/3191 3192/1013/3192 2667/1329/2667 
f 3192/1013/3192 3191/1015/3191 2156/1017/2156 
f 2156/1017/2156 2422/1016/2422 3192/1013/3192 
f 3193/1010/3193 3192/1013/3192 2422/1016/2422 
f 2422/1016/2422 2421/1012/2421 3193/1010/3193 
f 2227/1204/2227 2226/1203/2226 3194/1008/3194 
f 3194/1008/3194 3195/1004/3195 2227/1204/2227 
f 2226/1203/2226 2225/1202/2225 3193/1010/3193 
f 3193/1010/3193 3194/1008/3194 2226/1203/2226 
f 3194/1008/3194 3193/1010/3193 2421/1012/2421 
f 2421/1012/2421 2445/1011/2445 3194/1008/3194 
f 3195/1004/3195 3194/1008/3194 2445/1011/2445 
f 2445/1011/2445 2444/1006/2444 3195/1004/3195 
f 2628/1313/2628 3196/1387/3196 3197/1002/3197 
f 3197/1002/3197 3198/998/3198 2628/1313/2628 
f 3196/1387/3196 2227/1204/2227 3195/1004/3195 
f 3195/1004/3195 3197/1002/3197 3196/1387/3196 
f 3197/1002/3197 3195/1004/3195 2444/1006/2444 
f 2444/1006/2444 2464/1005/2464 3197/1002/3197 
f 3198/998/3198 3197/1002/3197 2464/1005/2464 
f 2464/1005/2464 2463/1000/2463 3198/998/3198 
f 2179/1187/2179 2629/1314/2629 3199/996/3199 
f 3199/996/3199 3200/992/3200 2179/1187/2179 
f 2629/1314/2629 2628/1313/2628 3198/998/3198 
f 3198/998/3198 3199/996/3199 2629/1314/2629 
f 3199/996/3199 3198/998/3198 2463/1000/2463 
f 2463/1000/2463 2485/999/2485 3199/996/3199 
f 3200/992/3200 3199/996/3199 2485/999/2485 
f 2485/999/2485 2484/994/2484 3200/992/3200 
f 2181/1188/2181 2180/1125/2180 3201/990/3201 
f 3201/990/3201 3202/986/3202 2181/1188/2181 
f 2180/1125/2180 2179/1187/2179 3200/992/3200 
f 3200/992/3200 3201/990/3201 2180/1125/2180 
f 3201/990/3201 3200/992/3200 2484/994/2484 
f 2484/994/2484 2505/993/2505 3201/990/3201 
f 3202/986/3202 3201/990/3201 2505/993/2505 
f 2505/993/2505 2504/988/2504 3202/986/3202 
f 2575/1299/2575 3203/1368/3203 3204/984/3204 
f 3204/984/3204 3205/980/3205 2575/1299/2575 
f 3203/1368/3203 2181/1188/2181 3202/986/3202 
f 3202/986/3202 3204/984/3204 3203/1368/3203 
f 3204/984/3204 3202/986/3202 2504/988/2504 
f 2504/988/2504 2524/987/2524 3204/984/3204 
f 3205/980/3205 3204/984/3204 2524/987/2524 
f 2524/987/2524 2523/982/2523 3205/980/3205 
f 2116/1164/2116 2576/1300/2576 3206/978/3206 
f 3206/978/3206 3207/971/3207 2116/1164/2116 
f 2576/1300/2576 2575/1299/2575 3205/980/3205 
f 3205/980/3205 3206/978/3206 2576/1300/2576 
f 3206/978/3206 3205/980/3205 2523/982/2523 
f 2523/982/2523 2545/981/2545 3206/978/3206 
f 3207/971/3207 3206/978/3206 2545/981/2545 
f 2545/981/2545 2544/976/2544 3207/971/3207 
f 2118/1166/2118 2117/1165/2117 3208/969/3208 
f 3208/969/3208 3209/973/3209 2118/1166/2118 
f 2117/1165/2117 2116/1164/2116 3207/971/3207 
f 3207/971/3207 3208/969/3208 2117/1165/2117 
f 3208/969/3208 3207/971/3207 2544/976/2544 
f 2544/976/2544 2565/975/2565 3208/969/3208 
f 3209/973/3209 3208/969/3208 2565/975/2565 
f 2565/975/2565 2564/974/2564 3209/973/3209 
f 2517/1290/2517 3210/1388/3210 3211/1045/3211 
f 3211/1045/3211 3212/1096/3212 2517/1290/2517 
f 3210/1388/3210 2118/1166/2118 3209/973/3209 
f 3209/973/3209 3211/1045/3211 3210/1388/3210 
f 3211/1045/3211 3209/973/3209 2564/974/2564 
f 2564/974/2564 2582/1099/2582 3211/1045/3211 
f 3212/1096/3212 3211/1045/3211 2582/1099/2582 
f 2582/1099/2582 2581/1095/2581 3212/1096/3212 
f 2065/1145/2065 2518/1291/2518 3213/879/3213 
f 3213/879/3213 3214/1088/3214 2065/1145/2065 
f 2518/1291/2518 2517/1290/2517 3212/1096/3212 
f 3212/1096/3212 3213/879/3213 2518/1291/2518 
f 3213/879/3213 3212/1096/3212 2581/1095/2581 
f 2581/1095/2581 2600/1093/2600 3213/879/3213 
f 3214/1088/3214 3213/879/3213 2600/1093/2600 
f 2600/1093/2600 2599/1087/2599 3214/1088/3214 
f 2067/1147/2067 2066/1146/2066 3215/873/3215 
f 3215/873/3215 3216/1080/3216 2067/1147/2067 
f 2066/1146/2066 2065/1145/2065 3214/1088/3214 
f 3214/1088/3214 3215/873/3215 2066/1146/2066 
f 3215/873/3215 3214/1088/3214 2599/1087/2599 
f 2599/1087/2599 2619/1085/2619 3215/873/3215 
f 3216/1080/3216 3215/873/3215 2619/1085/2619 
f 2619/1085/2619 2618/1079/2618 3216/1080/3216 
f 2612/1309/2612 3217/1389/3217 3218/867/3218 
f 3218/867/3218 3219/1072/3219 2612/1309/2612 
f 3217/1389/3217 2067/1147/2067 3216/1080/3216 
f 3216/1080/3216 3218/867/3218 3217/1389/3217 
f 3218/867/3218 3216/1080/3216 2618/1079/2618 
f 2618/1079/2618 2635/1077/2635 3218/867/3218 
f 3219/1072/3219 3218/867/3218 2635/1077/2635 
f 2635/1077/2635 2634/1071/2634 3219/1072/3219 
f 1946/1113/1946 2613/1310/2613 3220/861/3220 
f 3220/861/3220 1947/962/1947 1946/1113/1946 
f 2613/1310/2613 2612/1309/2612 3219/1072/3219 
f 3219/1072/3219 3220/861/3220 2613/1310/2613 
f 3220/861/3220 3219/1072/3219 2634/1071/2634 
f 2634/1071/2634 3221/1069/3221 3220/861/3220 
f 1947/962/1947 3220/861/3220 3221/1069/3221 
f 3221/1069/3221 1948/967/1948 1947/962/1947 
f 3222/972/3222 3223/969/3223 3224/969/3224 
f 3224/969/3224 3225/972/3225 3222/972/3222 
f 3223/969/3223 2471/968/2471 2474/968/2474 
f 2474/968/2474 3224/969/3224 3223/969/3223 
f 3224/969/3224 2474/968/2474 2479/1278/2479 
f 2479/1278/2479 3226/969/3226 3224/969/3224 
f 3225/972/3225 3224/969/3224 3226/969/3226 
f 3226/969/3226 3227/972/3227 3225/972/3225 
f 2109/1156/2109 2108/1157/2108 3228/1155/3228 
f 3228/1155/3228 3229/1156/3229 2109/1156/2109 
f 2108/1157/2108 2083/1153/2083 2454/1150/2454 
f 2454/1150/2454 3228/1155/3228 2108/1157/2108 
f 3228/1155/3228 2454/1150/2454 2458/1275/2458 
f 2458/1275/2458 3145/1380/3145 3228/1155/3228 
f 3229/1156/3229 3228/1155/3228 3145/1380/3145 
f 3145/1380/3145 3144/1379/3144 3229/1156/3229 
f 3230/866/3230 3231/873/3231 3232/873/3232 
f 3232/873/3232 3233/866/3233 3230/866/3230 
f 3231/873/3231 2431/872/2431 2434/872/2434 
f 2434/872/2434 3232/873/3232 3231/873/3231 
f 3232/873/3232 2434/872/2434 2439/872/2439 
f 2439/872/2439 3234/873/3234 3232/873/3232 
f 3233/866/3233 3232/873/3232 3234/873/3234 
f 3234/873/3234 3235/1315/3235 3233/866/3233 
f 2684/876/2684 3236/1046/3236 3237/1046/3237 
f 3237/1046/3237 2685/876/2685 2684/876/2684 
f 3236/1046/3236 3238/963/3238 3239/963/3239 
f 3239/963/3239 3237/1046/3237 3236/1046/3236 
f 3237/1046/3237 3239/963/3239 3240/963/3240 
f 3240/963/3240 3241/1046/3241 3237/1046/3237 
f 2685/876/2685 3237/1046/3237 3241/1046/3241 
f 3241/1046/3241 2686/1134/2686 2685/876/2685 
f 2172/1181/2172 2171/1182/2171 3242/1182/3242 
f 3242/1182/3242 3243/1179/3243 2172/1181/2172 
f 2171/1182/2171 2149/1178/2149 2412/1175/2412 
f 2412/1175/2412 3242/1182/3242 2171/1182/2171 
f 3242/1182/3242 2412/1175/2412 2416/1263/2416 
f 2416/1263/2416 3154/1382/3154 3242/1182/3242 
f 3243/1179/3243 3242/1182/3242 3154/1382/3154 
f 3154/1382/3154 3153/1341/3153 3243/1179/3243 
f 2241/1209/2241 2240/1208/2240 3244/1208/3244 
f 3244/1208/3244 3245/1207/3245 2241/1209/2241 
f 2240/1208/2240 2218/1195/2218 2397/1193/2397 
f 2397/1193/2397 3244/1208/3244 2240/1208/2240 
f 3244/1208/3244 2397/1193/2397 2401/1259/2401 
f 2401/1259/2401 3163/1383/3163 3244/1208/3244 
f 3245/1207/3245 3244/1208/3244 3163/1383/3163 
f 3163/1383/3163 3162/1343/3162 3245/1207/3245 
f 3246/864/3246 3247/871/3247 3248/871/3248 
f 3248/871/3248 3249/864/3249 3246/864/3246 
f 3247/871/3247 2680/870/2680 2683/870/2683 
f 2683/870/2683 3248/871/3248 3247/871/3247 
f 3248/871/3248 2683/870/2683 2688/870/2688 
f 2688/870/2688 3250/871/3250 3248/871/3248 
f 3249/864/3249 3248/871/3248 3250/871/3250 
f 3250/871/3250 3251/864/3251 3249/864/3249 
f 2310/1233/2310 2309/1232/2309 3252/1231/3252 
f 3252/1231/3252 3253/1230/3253 2310/1233/2310 
f 2309/1232/2309 2287/1226/2287 2355/1226/2355 
f 2355/1226/2355 3252/1231/3252 2309/1232/2309 
f 3252/1231/3252 2355/1226/2355 2359/1249/2359 
f 2359/1249/2359 3172/1385/3172 3252/1231/3252 
f 3253/1230/3253 3252/1231/3252 3172/1385/3172 
f 3172/1385/3172 3171/1349/3171 3253/1230/3253 
f 3254/853/3254 3255/857/3255 3256/857/3256 
f 3256/857/3256 3257/853/3257 3254/853/3254 
f 3255/857/3255 2336/856/2336 2339/856/2339 
f 2339/856/2339 3256/857/3256 3255/857/3255 
f 3256/857/3256 2339/856/2339 2344/1173/2344 
f 2344/1173/2344 3258/857/3258 3256/857/3256 
f 3257/853/3257 3256/857/3256 3258/857/3258 
f 3258/857/3258 3259/853/3259 3257/853/3257 
f 2373/1252/2373 2372/1253/2372 3260/1253/3260 
f 3260/1253/3260 3261/1250/3261 2373/1252/2373 
f 2372/1253/2372 2311/1234/2311 2314/1236/2314 
f 2314/1236/2314 3260/1253/3260 2372/1253/2372 
f 3260/1253/3260 2314/1236/2314 2319/1241/2319 
f 2319/1241/2319 3181/1357/3181 3260/1253/3260 
f 3261/1250/3261 3260/1253/3260 3181/1357/3181 
f 3181/1357/3181 3180/1358/3180 3261/1250/3261 
f 2673/838/2673 3262/844/3262 3263/844/3263 
f 3263/844/3263 2674/838/2674 2673/838/2673 
f 3262/844/3262 2288/843/2288 2291/843/2291 
f 2291/843/2291 3263/844/3263 3262/844/3262 
f 3263/844/3263 2291/843/2291 2296/843/2296 
f 2296/843/2296 3264/844/3264 3263/844/3263 
f 2674/838/2674 3263/844/3263 3264/844/3264 
f 3264/844/3264 2675/1205/2675 2674/838/2674 
f 2430/1269/2430 2429/1268/2429 3265/1267/3265 
f 3265/1267/3265 2665/1266/2665 2430/1269/2430 
f 2429/1268/2429 2268/1216/2268 2271/1218/2271 
f 2271/1218/2271 3265/1267/3265 2429/1268/2429 
f 3265/1267/3265 2271/1218/2271 2276/1223/2276 
f 2276/1223/2276 3189/1386/3189 3265/1267/3265 
f 2665/1266/2665 3265/1267/3265 3189/1386/3189 
f 3189/1386/3189 2666/1328/2666 2665/1266/2665 
f 2644/826/2644 3266/831/3266 3267/831/3267 
f 3267/831/3267 2645/826/2645 2644/826/2644 
f 3266/831/3266 2251/830/2251 2254/830/2254 
f 2254/830/2254 3267/831/3267 3266/831/3266 
f 3267/831/3267 2254/830/2254 2259/830/2259 
f 2259/830/2259 3268/831/3268 3267/831/3267 
f 2645/826/2645 3267/831/3267 3268/831/3268 
f 3268/831/3268 2646/826/2646 2645/826/2645 
f 2493/1284/2493 2492/1283/2492 3269/1282/3269 
f 3269/1282/3269 2627/1281/2627 2493/1284/2493 
f 2492/1283/2492 2219/1197/2219 2222/1200/2222 
f 2222/1200/2222 3269/1282/3269 2492/1283/2492 
f 3269/1282/3269 2222/1200/2222 2227/1204/2227 
f 2227/1204/2227 3196/1387/3196 3269/1282/3269 
f 2627/1281/2627 3269/1282/3269 3196/1387/3196 
f 3196/1387/3196 2628/1313/2628 2627/1281/2627 
f 2591/615/2591 3270/614/3270 3271/614/3271 
f 3271/614/3271 2592/615/2592 2591/615/2591 
f 3270/614/3270 2320/613/2320 2323/613/2323 
f 2323/613/2323 3271/614/3271 3270/614/3270 
f 3271/614/3271 2323/613/2323 2328/613/2328 
f 2328/613/2328 3272/614/3272 3271/614/3271 
f 2592/615/2592 3271/614/3271 3272/614/3272 
f 3272/614/3272 2593/1250/2593 2592/615/2592 
f 2553/1295/2553 2552/1296/2552 3273/1296/3273 
f 3273/1296/3273 2574/1293/2574 2553/1295/2553 
f 2552/1296/2552 2173/1183/2173 2176/1126/2176 
f 2176/1126/2176 3273/1296/3273 2552/1296/2552 
f 3273/1296/3273 2176/1126/2176 2181/1188/2181 
f 2181/1188/2181 3203/1368/3203 3273/1296/3273 
f 2574/1293/2574 3273/1296/3273 3203/1368/3203 
f 3203/1368/3203 2575/1299/2575 2574/1293/2574 
f 2556/818/2556 3274/819/3274 3275/819/3275 
f 3275/819/3275 2557/818/2557 2556/818/2556 
f 3274/819/3274 2380/820/2380 2383/820/2383 
f 2383/820/2383 3275/819/3275 3274/819/3274 
f 3275/819/3275 2383/820/2383 2388/1254/2388 
f 2388/1254/2388 3276/819/3276 3275/819/3275 
f 2557/818/2557 3275/819/3275 3276/819/3276 
f 3276/819/3276 2558/818/2558 2557/818/2557 
f 2515/1289/2515 2607/1305/2607 3277/1304/3277 
f 3277/1304/3277 2516/1289/2516 2515/1289/2515 
f 2607/1305/2607 2110/1158/2110 2113/1161/2113 
f 2113/1161/2113 3277/1304/3277 2607/1305/2607 
f 3277/1304/3277 2113/1161/2113 2118/1166/2118 
f 2118/1166/2118 3210/1388/3210 3277/1304/3277 
f 2516/1289/2516 3277/1304/3277 3210/1388/3210 
f 3210/1388/3210 2517/1290/2517 2516/1289/2516 
f 2496/1000/2496 3278/1366/3278 3279/1366/3279 
f 3279/1366/3279 2497/1000/2497 2496/1000/2496 
f 3278/1366/3278 2084/1001/2084 2087/1001/2087 
f 2087/1001/2087 3279/1366/3279 3278/1366/3278 
f 3279/1366/3279 2087/1001/2087 2092/1001/2092 
f 2092/1001/2092 3280/1387/3280 3279/1366/3279 
f 2497/1000/2497 3279/1366/3279 3280/1387/3280 
f 3280/1387/3280 2498/1000/2498 2497/1000/2497 
f 2610/1307/2610 2663/1327/2663 3281/1327/3281 
f 3281/1327/3281 2611/1308/2611 2610/1307/2610 
f 2663/1327/2663 2059/1139/2059 2062/1142/2062 
f 2062/1142/2062 3281/1327/3281 2663/1327/2663 
f 3281/1327/3281 2062/1142/2062 2067/1147/2067 
f 2067/1147/2067 3217/1389/3217 3281/1327/3281 
f 2611/1308/2611 3281/1327/3281 3217/1389/3217 
f 3217/1389/3217 2612/1309/2612 2611/1308/2611 
f 2475/977/2475 3282/984/3282 3283/984/3283 
f 3283/984/3283 2476/977/2476 2475/977/2475 
f 3282/984/3282 2033/983/2033 2036/983/2036 
f 2036/983/2036 3283/984/3283 3282/984/3282 
f 3283/984/3283 2036/983/2036 2041/1126/2041 
f 2041/1126/2041 3284/984/3284 3283/984/3283 
f 2476/977/2476 3283/984/3283 3284/984/3284 
f 3284/984/3284 2477/977/2477 2476/977/2476 
f 2058/1138/2058 2057/1137/2057 3285/1137/3285 
f 3285/1137/3285 2455/1136/2455 2058/1138/2058 
f 2057/1137/2057 2032/1122/2032 2134/1119/2134 
f 2134/1119/2134 3285/1137/3285 2057/1137/2057 
f 3285/1137/3285 2134/1119/2134 1942/1111/1942 
f 1942/1111/1942 3139/1378/3139 3285/1137/3285 
f 2455/1136/2455 3285/1137/3285 3139/1378/3139 
f 3139/1378/3139 2456/1273/2456 2455/1136/2455 
f 2435/878/2435 3286/1045/3286 3287/1045/3287 
f 3287/1045/3287 2436/878/2436 2435/878/2435 
f 3286/1045/3286 3222/972/3222 3225/972/3225 
f 3225/972/3225 3287/1045/3287 3286/1045/3286 
f 3287/1045/3287 3225/972/3225 3227/972/3227 
f 3227/972/3227 3288/1045/3288 3287/1045/3287 
f 2436/878/2436 3287/1045/3287 3288/1045/3288 
f 3288/1045/3288 2437/878/2437 2436/878/2436 
f 2132/1172/2132 2131/1171/2131 3289/1170/3289 
f 3289/1170/3289 2413/1169/2413 2132/1172/2132 
f 2131/1171/2131 2109/1156/2109 3229/1156/3229 
f 3229/1156/3229 3289/1170/3289 2131/1171/2131 
f 3289/1170/3289 3229/1156/3229 3144/1379/3144 
f 3144/1379/3144 3148/1381/3148 3289/1170/3289 
f 2413/1169/2413 3289/1170/3289 3148/1381/3148 
f 3148/1381/3148 2414/1261/2414 2413/1169/2413 
f 2535/860/2535 3290/867/3290 3291/867/3291 
f 3291/867/3291 2536/860/2536 2535/860/2535 
f 3290/867/3290 3230/866/3230 3233/866/3233 
f 3233/866/3233 3291/867/3291 3290/867/3290 
f 3291/867/3291 3233/866/3233 3235/1315/3235 
f 3235/1315/3235 3292/867/3292 3291/867/3291 
f 2536/860/2536 3291/867/3291 3292/867/3292 
f 3292/867/3292 2537/860/2537 2536/860/2536 
f 2195/1191/2195 2194/1192/2194 3293/1192/3293 
f 3293/1192/3293 2398/1189/2398 2195/1191/2195 
f 2194/1192/2194 2172/1181/2172 3243/1179/3243 
f 3243/1179/3243 3293/1192/3293 2194/1192/2194 
f 3293/1192/3293 3243/1179/3243 3153/1341/3153 
f 3153/1341/3153 3157/1115/3157 3293/1192/3293 
f 2398/1189/2398 3293/1192/3293 3157/1115/3157 
f 3157/1115/3157 2399/1257/2399 2398/1189/2398 
f 2632/860/2632 3294/861/3294 3295/1070/3295 
f 3295/1070/3295 2633/1072/2633 2632/860/2632 
f 3294/861/3294 3296/862/3296 3297/962/3297 
f 3297/962/3297 3295/1070/3295 3294/861/3294 
f 3295/1070/3295 3297/962/3297 1948/967/1948 
f 1948/967/1948 3221/1069/3221 3295/1070/3295 
f 2633/1072/2633 3295/1070/3295 3221/1069/3221 
f 3221/1069/3221 2634/1071/2634 2633/1072/2633 
f 2267/1215/2267 2266/1214/2266 3298/1213/3298 
f 3298/1213/3298 2356/1212/2356 2267/1215/2267 
f 2266/1214/2266 2241/1209/2241 3245/1207/3245 
f 3245/1207/3245 3298/1213/3298 2266/1214/2266 
f 3298/1213/3298 3245/1207/3245 3162/1343/3162 
f 3162/1343/3162 3166/1384/3166 3298/1213/3298 
f 2356/1212/2356 3298/1213/3298 3166/1384/3166 
f 3166/1384/3166 2357/1247/2357 2356/1212/2356 
f 2340/858/2340 3299/865/3299 3300/865/3300 
f 3300/865/3300 2341/858/2341 2340/858/2340 
f 3299/865/3299 3246/864/3246 3249/864/3249 
f 3249/864/3249 3300/865/3300 3299/865/3299 
f 3300/865/3300 3249/864/3249 3251/864/3251 
f 3251/864/3251 3301/865/3301 3300/865/3300 
f 2341/858/2341 3300/865/3300 3301/865/3301 
f 3301/865/3301 2342/858/2342 2341/858/2341 
f 2315/1237/2315 2335/1245/2335 3302/1244/3302 
f 3302/1244/3302 2316/1238/2316 2315/1237/2315 
f 2335/1245/2335 2310/1233/2310 3253/1230/3253 
f 3253/1230/3253 3302/1244/3302 2335/1245/2335 
f 3302/1244/3302 3253/1230/3253 3171/1349/3171 
f 3171/1349/3171 3175/1351/3175 3302/1244/3302 
f 2316/1238/2316 3302/1244/3302 3175/1351/3175 
f 3175/1351/3175 2317/1239/2317 2316/1238/2316 
f 2292/848/2292 3303/854/3303 3304/854/3304 
f 3304/854/3304 2293/848/2293 2292/848/2292 
f 3303/854/3303 3254/853/3254 3257/853/3257 
f 3257/853/3257 3304/854/3304 3303/854/3303 
f 3304/854/3304 3257/853/3257 3259/853/3259 
f 3259/853/3259 3305/854/3305 3304/854/3304 
f 2293/848/2293 3304/854/3304 3305/854/3305 
f 3305/854/3305 2294/1189/2294 2293/848/2293 
f 2272/1219/2272 2395/1256/2395 3306/1256/3306 
f 3306/1256/3306 2273/1220/2273 2272/1219/2272 
f 2395/1256/2395 2373/1252/2373 3261/1250/3261 
f 3261/1250/3261 3306/1256/3306 2395/1256/2395 
f 3306/1256/3306 3261/1250/3261 3180/1358/3180 
f 3180/1358/3180 3184/1101/3184 3306/1256/3306 
f 2273/1220/2273 3306/1256/3306 3184/1101/3184 
f 3184/1101/3184 2274/1221/2274 2273/1220/2273 
f 3307/1390/3307 3308/1391/3308 3309/1392/3309 
f 3309/1392/3309 3310/1393/3310 3307/1390/3307 
f 3308/1391/3308 3311/1394/3311 3312/1395/3312 
f 3312/1395/3312 3309/1392/3309 3308/1391/3308 
f 3309/1392/3309 3312/1395/3312 3313/1396/3313 
f 3313/1396/3313 3314/1397/3314 3309/1392/3309 
f 3310/1393/3310 3309/1392/3309 3314/1397/3314 
f 3314/1397/3314 3315/1398/3315 3310/1393/3310 
f 3315/1398/3315 3314/1397/3314 3316/1399/3316 
f 3316/1399/3316 3317/1400/3317 3315/1398/3315 
f 3314/1397/3314 3313/1396/3313 3318/1401/3318 
f 3318/1401/3318 3316/1399/3316 3314/1397/3314 
f 3316/1399/3316 3318/1401/3318 3319/1402/3319 
f 3319/1402/3319 3320/1403/3320 3316/1399/3316 
f 3317/1400/3317 3316/1399/3316 3320/1403/3320 
f 3320/1403/3320 3321/1404/3321 3317/1400/3317 
f 3321/1404/3321 3320/1403/3320 3322/1405/3322 
f 3322/1405/3322 3323/1406/3323 3321/1404/3321 
f 3320/1403/3320 3319/1402/3319 3324/1407/3324 
f 3324/1407/3324 3322/1405/3322 3320/1403/3320 
f 3322/1405/3322 3324/1407/3324 3325/1122/3325 
f 3325/1122/3325 3326/1121/3326 3322/1405/3322 
f 3323/1406/3323 3322/1405/3322 3326/1121/3326 
f 3326/1121/3326 3327/1123/3327 3323/1406/3323 
f 3327/1123/3327 3326/1121/3326 3328/960/3328 
f 3328/960/3328 3329/1120/3329 3327/1123/3327 
f 3326/1121/3326 3325/1122/3325 3330/1119/3330 
f 3330/1119/3330 3328/960/3328 3326/1121/3326 
f 3328/960/3328 3330/1119/3330 3240/963/3240 
f 3240/963/3240 3331/960/3331 3328/960/3328 
f 3329/1120/3329 3328/960/3328 3331/960/3331 
f 3331/960/3331 2539/1120/2539 3329/1120/3329 
f 3311/1394/3311 3332/1408/3332 3333/1409/3333 
f 3333/1409/3333 3312/1395/3312 3311/1394/3311 
f 3332/1408/3332 3334/1410/3334 3335/1411/3335 
f 3335/1411/3335 3333/1409/3333 3332/1408/3332 
f 3333/1409/3333 3335/1411/3335 3336/1412/3336 
f 3336/1412/3336 3337/1413/3337 3333/1409/3333 
f 3312/1395/3312 3333/1409/3333 3337/1413/3337 
f 3337/1413/3337 3313/1396/3313 3312/1395/3312 
f 3313/1396/3313 3337/1413/3337 3338/1414/3338 
f 3338/1414/3338 3318/1401/3318 3313/1396/3313 
f 3337/1413/3337 3336/1412/3336 3339/1415/3339 
f 3339/1415/3339 3338/1414/3338 3337/1413/3337 
f 3338/1414/3338 3339/1415/3339 3340/1416/3340 
f 3340/1416/3340 3341/1417/3341 3338/1414/3338 
f 3318/1401/3318 3338/1414/3338 3341/1417/3341 
f 3341/1417/3341 3319/1402/3319 3318/1401/3318 
f 3319/1402/3319 3341/1417/3341 3342/1418/3342 
f 3342/1418/3342 3324/1407/3324 3319/1402/3319 
f 3341/1417/3341 3340/1416/3340 3343/1419/3343 
f 3343/1419/3343 3342/1418/3342 3341/1417/3341 
f 3342/1418/3342 3343/1419/3343 3344/1136/3344 
f 3344/1136/3344 3345/1135/3345 3342/1418/3342 
f 3324/1407/3324 3342/1418/3342 3345/1135/3345 
f 3345/1135/3345 3325/1122/3325 3324/1407/3324 
f 3325/1122/3325 3345/1135/3345 3346/1135/3346 
f 3346/1135/3346 3330/1119/3330 3325/1122/3325 
f 3345/1135/3345 3344/1136/3344 3347/1134/3347 
f 3347/1134/3347 3346/1135/3346 3345/1135/3345 
f 3346/1135/3346 3347/1134/3347 2686/1134/2686 
f 2686/1134/2686 3241/1046/3241 3346/1135/3346 
f 3330/1119/3330 3346/1135/3346 3241/1046/3241 
f 3241/1046/3241 3240/963/3240 3330/1119/3330 
f 3334/1410/3334 3348/1420/3348 3349/1421/3349 
f 3349/1421/3349 3335/1411/3335 3334/1410/3334 
f 3348/1420/3348 3350/1422/3350 3351/1423/3351 
f 3351/1423/3351 3349/1421/3349 3348/1420/3348 
f 3349/1421/3349 3351/1423/3351 3352/1424/3352 
f 3352/1424/3352 3353/1425/3353 3349/1421/3349 
f 3335/1411/3335 3349/1421/3349 3353/1425/3353 
f 3353/1425/3353 3336/1412/3336 3335/1411/3335 
f 3336/1412/3336 3353/1425/3353 3354/1426/3354 
f 3354/1426/3354 3339/1415/3339 3336/1412/3336 
f 3353/1425/3353 3352/1424/3352 3355/1427/3355 
f 3355/1427/3355 3354/1426/3354 3353/1425/3353 
f 3354/1426/3354 3355/1427/3355 3356/1428/3356 
f 3356/1428/3356 3357/1429/3357 3354/1426/3354 
f 3339/1415/3339 3354/1426/3354 3357/1429/3357 
f 3357/1429/3357 3340/1416/3340 3339/1415/3339 
f 3340/1416/3340 3357/1429/3357 3358/1430/3358 
f 3358/1430/3358 3343/1419/3343 3340/1416/3340 
f 3357/1429/3357 3356/1428/3356 3359/1431/3359 
f 3359/1431/3359 3358/1430/3358 3357/1429/3357 
f 3358/1430/3358 3359/1431/3359 3360/1150/3360 
f 3360/1150/3360 3361/1151/3361 3358/1430/3358 
f 3343/1419/3343 3358/1430/3358 3361/1151/3361 
f 3361/1151/3361 3344/1136/3344 3343/1419/3343 
f 3344/1136/3344 3361/1151/3361 3362/877/3362 
f 3362/877/3362 3347/1134/3347 3344/1136/3344 
f 3361/1151/3361 3360/1150/3360 3363/1148/3363 
f 3363/1148/3363 3362/877/3362 3361/1151/3361 
f 3362/877/3362 3363/1148/3363 2688/870/2688 
f 2688/870/2688 2687/877/2687 3362/877/3362 
f 3347/1134/3347 3362/877/3362 2687/877/2687 
f 2687/877/2687 2686/1134/2686 3347/1134/3347 
f 3350/1422/3350 3364/1432/3364 3365/1433/3365 
f 3365/1433/3365 3351/1423/3351 3350/1422/3350 
f 3364/1432/3364 3366/1434/3366 3367/1435/3367 
f 3367/1435/3367 3365/1433/3365 3364/1432/3364 
f 3365/1433/3365 3367/1435/3367 3368/1436/3368 
f 3368/1436/3368 3369/1437/3369 3365/1433/3365 
f 3351/1423/3351 3365/1433/3365 3369/1437/3369 
f 3369/1437/3369 3352/1424/3352 3351/1423/3351 
f 3352/1424/3352 3369/1437/3369 3370/1438/3370 
f 3370/1438/3370 3355/1427/3355 3352/1424/3352 
f 3369/1437/3369 3368/1436/3368 3371/1439/3371 
f 3371/1439/3371 3370/1438/3370 3369/1437/3369 
f 3370/1438/3370 3371/1439/3371 3372/1440/3372 
f 3372/1440/3372 3373/1441/3373 3370/1438/3370 
f 3355/1427/3355 3370/1438/3370 3373/1441/3373 
f 3373/1441/3373 3356/1428/3356 3355/1427/3355 
f 3356/1428/3356 3373/1441/3373 3374/1442/3374 
f 3374/1442/3374 3359/1431/3359 3356/1428/3356 
f 3373/1441/3373 3372/1440/3372 3375/1443/3375 
f 3375/1443/3375 3374/1442/3374 3373/1441/3373 
f 3374/1442/3374 3375/1443/3375 3376/1156/3376 
f 3376/1156/3376 3377/1155/3377 3374/1442/3374 
f 3359/1431/3359 3374/1442/3374 3377/1155/3377 
f 3377/1155/3377 3360/1150/3360 3359/1431/3359 
f 3360/1150/3360 3377/1155/3377 3378/1154/3378 
f 3378/1154/3378 3363/1148/3363 3360/1150/3360 
f 3377/1155/3377 3376/1156/3376 3379/864/3379 
f 3379/864/3379 3378/1154/3378 3377/1155/3377 
f 3378/1154/3378 3379/864/3379 3251/864/3251 
f 3251/864/3251 3250/871/3250 3378/1154/3378 
f 3363/1148/3363 3378/1154/3378 3250/871/3250 
f 3250/871/3250 2688/870/2688 3363/1148/3363 
f 3366/1434/3366 3380/1444/3380 3381/1445/3381 
f 3381/1445/3381 3367/1435/3367 3366/1434/3366 
f 3380/1444/3380 3382/1446/3382 3383/1447/3383 
f 3383/1447/3383 3381/1445/3381 3380/1444/3380 
f 3381/1445/3381 3383/1447/3383 3384/1448/3384 
f 3384/1448/3384 3385/1449/3385 3381/1445/3381 
f 3367/1435/3367 3381/1445/3381 3385/1449/3385 
f 3385/1449/3385 3368/1436/3368 3367/1435/3367 
f 3368/1436/3368 3385/1449/3385 3386/1450/3386 
f 3386/1450/3386 3371/1439/3371 3368/1436/3368 
f 3385/1449/3385 3384/1448/3384 3387/1451/3387 
f 3387/1451/3387 3386/1450/3386 3385/1449/3385 
f 3386/1450/3386 3387/1451/3387 3388/1452/3388 
f 3388/1452/3388 3389/1453/3389 3386/1450/3386 
f 3371/1439/3371 3386/1450/3386 3389/1453/3389 
f 3389/1453/3389 3372/1440/3372 3371/1439/3371 
f 3372/1440/3372 3389/1453/3389 3390/1454/3390 
f 3390/1454/3390 3375/1443/3375 3372/1440/3372 
f 3389/1453/3389 3388/1452/3388 3391/1455/3391 
f 3391/1455/3391 3390/1454/3390 3389/1453/3389 
f 3390/1454/3390 3391/1455/3391 3392/1169/3392 
f 3392/1169/3392 3393/1170/3393 3390/1454/3390 
f 3375/1443/3375 3390/1454/3390 3393/1170/3393 
f 3393/1170/3393 3376/1156/3376 3375/1443/3375 
f 3376/1156/3376 3393/1170/3393 3394/1168/3394 
f 3394/1168/3394 3379/864/3379 3376/1156/3376 
f 3393/1170/3393 3392/1169/3392 3395/1167/3395 
f 3395/1167/3395 3394/1168/3394 3393/1170/3393 
f 3394/1168/3394 3395/1167/3395 2342/858/2342 
f 2342/858/2342 3301/865/3301 3394/1168/3394 
f 3379/864/3379 3394/1168/3394 3301/865/3301 
f 3301/865/3301 3251/864/3251 3379/864/3379 
f 3382/1446/3382 3396/1456/3396 3397/1457/3397 
f 3397/1457/3397 3383/1447/3383 3382/1446/3382 
f 3396/1456/3396 3398/1458/3398 3399/1459/3399 
f 3399/1459/3399 3397/1457/3397 3396/1456/3396 
f 3397/1457/3397 3399/1459/3399 3400/1460/3400 
f 3400/1460/3400 3401/1461/3401 3397/1457/3397 
f 3383/1447/3383 3397/1457/3397 3401/1461/3401 
f 3401/1461/3401 3384/1448/3384 3383/1447/3383 
f 3384/1448/3384 3401/1461/3401 3402/1462/3402 
f 3402/1462/3402 3387/1451/3387 3384/1448/3384 
f 3401/1461/3401 3400/1460/3400 3403/1463/3403 
f 3403/1463/3403 3402/1462/3402 3401/1461/3401 
f 3402/1462/3402 3403/1463/3403 3404/1464/3404 
f 3404/1464/3404 3405/1465/3405 3402/1462/3402 
f 3387/1451/3387 3402/1462/3402 3405/1465/3405 
f 3405/1465/3405 3388/1452/3388 3387/1451/3387 
f 3388/1452/3388 3405/1465/3405 3406/1466/3406 
f 3406/1466/3406 3391/1455/3391 3388/1452/3388 
f 3405/1465/3405 3404/1464/3404 3407/1467/3407 
f 3407/1467/3407 3406/1466/3406 3405/1465/3405 
f 3406/1466/3406 3407/1467/3407 3408/1175/3408 
f 3408/1175/3408 3409/1176/3409 3406/1466/3406 
f 3391/1455/3391 3406/1466/3406 3409/1176/3409 
f 3409/1176/3409 3392/1169/3392 3391/1455/3391 
f 3392/1169/3392 3409/1176/3409 3410/859/3410 
f 3410/859/3410 3395/1167/3395 3392/1169/3392 
f 3409/1176/3409 3408/1175/3408 3411/1173/3411 
f 3411/1173/3411 3410/859/3410 3409/1176/3409 
f 3410/859/3410 3411/1173/3411 2344/1173/2344 
f 2344/1173/2344 2343/859/2343 3410/859/3410 
f 3395/1167/3395 3410/859/3410 2343/859/2343 
f 2343/859/2343 2342/858/2342 3395/1167/3395 
f 3398/1458/3398 3412/1468/3412 3413/1469/3413 
f 3413/1469/3413 3399/1459/3399 3398/1458/3398 
f 3412/1468/3412 3414/1470/3414 3415/1471/3415 
f 3415/1471/3415 3413/1469/3413 3412/1468/3412 
f 3413/1469/3413 3415/1471/3415 3416/1472/3416 
f 3416/1472/3416 3417/1473/3417 3413/1469/3413 
f 3399/1459/3399 3413/1469/3413 3417/1473/3417 
f 3417/1473/3417 3400/1460/3400 3399/1459/3399 
f 3400/1460/3400 3417/1473/3417 3418/1474/3418 
f 3418/1474/3418 3403/1463/3403 3400/1460/3400 
f 3417/1473/3417 3416/1472/3416 3419/1475/3419 
f 3419/1475/3419 3418/1474/3418 3417/1473/3417 
f 3418/1474/3418 3419/1475/3419 3420/1476/3420 
f 3420/1476/3420 3421/1477/3421 3418/1474/3418 
f 3403/1463/3403 3418/1474/3418 3421/1477/3421 
f 3421/1477/3421 3404/1464/3404 3403/1463/3403 
f 3404/1464/3404 3421/1477/3421 3422/1478/3422 
f 3422/1478/3422 3407/1467/3407 3404/1464/3404 
f 3421/1477/3421 3420/1476/3420 3423/1479/3423 
f 3423/1479/3423 3422/1478/3422 3421/1477/3421 
f 3422/1478/3422 3423/1479/3423 3424/1181/3424 
f 3424/1181/3424 3425/1180/3425 3422/1478/3422 
f 3407/1467/3407 3422/1478/3422 3425/1180/3425 
f 3425/1180/3425 3408/1175/3408 3407/1467/3407 
f 3408/1175/3408 3425/1180/3425 3426/1180/3426 
f 3426/1180/3426 3411/1173/3411 3408/1175/3408 
f 3425/1180/3425 3424/1181/3424 3427/1179/3427 
f 3427/1179/3427 3426/1180/3426 3425/1180/3425 
f 3426/1180/3426 3427/1179/3427 3259/853/3259 
f 3259/853/3259 3258/857/3258 3426/1180/3426 
f 3411/1173/3411 3426/1180/3426 3258/857/3258 
f 3258/857/3258 2344/1173/2344 3411/1173/3411 
f 3414/1470/3414 3428/1480/3428 3429/1481/3429 
f 3429/1481/3429 3415/1471/3415 3414/1470/3414 
f 3428/1480/3428 3430/1482/3430 3431/1483/3431 
f 3431/1483/3431 3429/1481/3429 3428/1480/3428 
f 3429/1481/3429 3431/1483/3431 3432/1484/3432 
f 3432/1484/3432 3433/1485/3433 3429/1481/3429 
f 3415/1471/3415 3429/1481/3429 3433/1485/3433 
f 3433/1485/3433 3416/1472/3416 3415/1471/3415 
f 3416/1472/3416 3433/1485/3433 3434/1486/3434 
f 3434/1486/3434 3419/1475/3419 3416/1472/3416 
f 3433/1485/3433 3432/1484/3432 3435/1487/3435 
f 3435/1487/3435 3434/1486/3434 3433/1485/3433 
f 3434/1486/3434 3435/1487/3435 3436/1488/3436 
f 3436/1488/3436 3437/1489/3437 3434/1486/3434 
f 3419/1475/3419 3434/1486/3434 3437/1489/3437 
f 3437/1489/3437 3420/1476/3420 3419/1475/3419 
f 3420/1476/3420 3437/1489/3437 3438/1490/3438 
f 3438/1490/3438 3423/1479/3423 3420/1476/3420 
f 3437/1489/3437 3436/1488/3436 3439/1491/3439 
f 3439/1491/3439 3438/1490/3438 3437/1489/3437 
f 3438/1490/3438 3439/1491/3439 3440/1191/3440 
f 3440/1191/3440 3441/1190/3441 3438/1490/3438 
f 3423/1479/3423 3438/1490/3438 3441/1190/3441 
f 3441/1190/3441 3424/1181/3424 3423/1479/3423 
f 3424/1181/3424 3441/1190/3441 3442/854/3442 
f 3442/854/3442 3427/1179/3427 3424/1181/3424 
f 3441/1190/3441 3440/1191/3440 3443/1189/3443 
f 3443/1189/3443 3442/854/3442 3441/1190/3441 
f 3442/854/3442 3443/1189/3443 2294/1189/2294 
f 2294/1189/2294 3305/854/3305 3442/854/3442 
f 3427/1179/3427 3442/854/3442 3305/854/3305 
f 3305/854/3305 3259/853/3259 3427/1179/3427 
f 3430/1482/3430 3444/1492/3444 3445/1493/3445 
f 3445/1493/3445 3431/1483/3431 3430/1482/3430 
f 3444/1492/3444 3446/1494/3446 3447/1495/3447 
f 3447/1495/3447 3445/1493/3445 3444/1492/3444 
f 3445/1493/3445 3447/1495/3447 3448/1496/3448 
f 3448/1496/3448 3449/1497/3449 3445/1493/3445 
f 3431/1483/3431 3445/1493/3445 3449/1497/3449 
f 3449/1497/3449 3432/1484/3432 3431/1483/3431 
f 3432/1484/3432 3449/1497/3449 3450/1498/3450 
f 3450/1498/3450 3435/1487/3435 3432/1484/3432 
f 3449/1497/3449 3448/1496/3448 3451/1499/3451 
f 3451/1499/3451 3450/1498/3450 3449/1497/3449 
f 3450/1498/3450 3451/1499/3451 3452/1500/3452 
f 3452/1500/3452 3453/1501/3453 3450/1498/3450 
f 3435/1487/3435 3450/1498/3450 3453/1501/3453 
f 3453/1501/3453 3436/1488/3436 3435/1487/3435 
f 3436/1488/3436 3453/1501/3453 3454/1502/3454 
f 3454/1502/3454 3439/1491/3439 3436/1488/3436 
f 3453/1501/3453 3452/1500/3452 3455/1503/3455 
f 3455/1503/3455 3454/1502/3454 3453/1501/3453 
f 3454/1502/3454 3455/1503/3455 3456/1195/3456 
f 3456/1195/3456 3457/1194/3457 3454/1502/3454 
f 3439/1491/3439 3454/1502/3454 3457/1194/3457 
f 3457/1194/3457 3440/1191/3440 3439/1491/3439 
f 3440/1191/3440 3457/1194/3457 3458/849/3458 
f 3458/849/3458 3443/1189/3443 3440/1191/3440 
f 3457/1194/3457 3456/1195/3456 3459/1193/3459 
f 3459/1193/3459 3458/849/3458 3457/1194/3457 
f 3458/849/3458 3459/1193/3459 2296/843/2296 
f 2296/843/2296 2295/849/2295 3458/849/3458 
f 3443/1189/3443 3458/849/3458 2295/849/2295 
f 2295/849/2295 2294/1189/2294 3443/1189/3443 
f 3446/1494/3446 3460/1504/3460 3461/1505/3461 
f 3461/1505/3461 3447/1495/3447 3446/1494/3446 
f 3460/1504/3460 3462/1506/3462 3463/1507/3463 
f 3463/1507/3463 3461/1505/3461 3460/1504/3460 
f 3461/1505/3461 3463/1507/3463 3464/1508/3464 
f 3464/1508/3464 3465/1509/3465 3461/1505/3461 
f 3447/1495/3447 3461/1505/3461 3465/1509/3465 
f 3465/1509/3465 3448/1496/3448 3447/1495/3447 
f 3448/1496/3448 3465/1509/3465 3466/1510/3466 
f 3466/1510/3466 3451/1499/3451 3448/1496/3448 
f 3465/1509/3465 3464/1508/3464 3467/1511/3467 
f 3467/1511/3467 3466/1510/3466 3465/1509/3465 
f 3466/1510/3466 3467/1511/3467 3468/1512/3468 
f 3468/1512/3468 3469/1513/3469 3466/1510/3466 
f 3451/1499/3451 3466/1510/3466 3469/1513/3469 
f 3469/1513/3469 3452/1500/3452 3451/1499/3451 
f 3452/1500/3452 3469/1513/3469 3470/1514/3470 
f 3470/1514/3470 3455/1503/3455 3452/1500/3452 
f 3469/1513/3469 3468/1512/3468 3471/1515/3471 
f 3471/1515/3471 3470/1514/3470 3469/1513/3469 
f 3470/1514/3470 3471/1515/3471 3472/1207/3472 
f 3472/1207/3472 3473/1206/3473 3470/1514/3470 
f 3455/1503/3455 3470/1514/3470 3473/1206/3473 
f 3473/1206/3473 3456/1195/3456 3455/1503/3455 
f 3456/1195/3456 3473/1206/3473 3474/1206/3474 
f 3474/1206/3474 3459/1193/3459 3456/1195/3456 
f 3473/1206/3473 3472/1207/3472 3475/1205/3475 
f 3475/1205/3475 3474/1206/3474 3473/1206/3473 
f 3474/1206/3474 3475/1205/3475 2675/1205/2675 
f 2675/1205/2675 3264/844/3264 3474/1206/3474 
f 3459/1193/3459 3474/1206/3474 3264/844/3264 
f 3264/844/3264 2296/843/2296 3459/1193/3459 
f 3462/1506/3462 3476/1516/3476 3477/1517/3477 
f 3477/1517/3477 3463/1507/3463 3462/1506/3462 
f 3476/1516/3476 3478/1518/3478 3479/1519/3479 
f 3479/1519/3479 3477/1517/3477 3476/1516/3476 
f 3477/1517/3477 3479/1519/3479 3480/1520/3480 
f 3480/1520/3480 3481/1521/3481 3477/1517/3477 
f 3463/1507/3463 3477/1517/3477 3481/1521/3481 
f 3481/1521/3481 3464/1508/3464 3463/1507/3463 
f 3464/1508/3464 3481/1521/3481 3482/1522/3482 
f 3482/1522/3482 3467/1511/3467 3464/1508/3464 
f 3481/1521/3481 3480/1520/3480 3483/1523/3483 
f 3483/1523/3483 3482/1522/3482 3481/1521/3481 
f 3482/1522/3482 3483/1523/3483 3484/1524/3484 
f 3484/1524/3484 3485/1525/3485 3482/1522/3482 
f 3467/1511/3467 3482/1522/3482 3485/1525/3485 
f 3485/1525/3485 3468/1512/3468 3467/1511/3467 
f 3468/1512/3468 3485/1525/3485 3486/1526/3486 
f 3486/1526/3486 3471/1515/3471 3468/1512/3468 
f 3485/1525/3485 3484/1524/3484 3487/1527/3487 
f 3487/1527/3487 3486/1526/3486 3485/1525/3485 
f 3486/1526/3486 3487/1527/3487 3488/1212/3488 
f 3488/1212/3488 3489/1213/3489 3486/1526/3486 
f 3471/1515/3471 3486/1526/3486 3489/1213/3489 
f 3489/1213/3489 3472/1207/3472 3471/1515/3471 
f 3472/1207/3472 3489/1213/3489 3490/839/3490 
f 3490/839/3490 3475/1205/3475 3472/1207/3472 
f 3489/1213/3489 3488/1212/3488 3491/1210/3491 
f 3491/1210/3491 3490/839/3490 3489/1213/3489 
f 3490/839/3490 3491/1210/3491 2257/834/2257 
f 2257/834/2257 2676/839/2676 3490/839/3490 
f 3475/1205/3475 3490/839/3490 2676/839/2676 
f 2676/839/2676 2675/1205/2675 3475/1205/3475 
f 3478/1518/3478 3492/1528/3492 3493/1529/3493 
f 3493/1529/3493 3479/1519/3479 3478/1518/3478 
f 3492/1528/3492 3494/1530/3494 3495/1531/3495 
f 3495/1531/3495 3493/1529/3493 3492/1528/3492 
f 3493/1529/3493 3495/1531/3495 3496/1532/3496 
f 3496/1532/3496 3497/1533/3497 3493/1529/3493 
f 3479/1519/3479 3493/1529/3493 3497/1533/3497 
f 3497/1533/3497 3480/1520/3480 3479/1519/3479 
f 3480/1520/3480 3497/1533/3497 3498/1534/3498 
f 3498/1534/3498 3483/1523/3483 3480/1520/3480 
f 3497/1533/3497 3496/1532/3496 3499/1535/3499 
f 3499/1535/3499 3498/1534/3498 3497/1533/3497 
f 3498/1534/3498 3499/1535/3499 3500/1536/3500 
f 3500/1536/3500 3501/1537/3501 3498/1534/3498 
f 3483/1523/3483 3498/1534/3498 3501/1537/3501 
f 3501/1537/3501 3484/1524/3484 3483/1523/3483 
f 3484/1524/3484 3501/1537/3501 3502/1538/3502 
f 3502/1538/3502 3487/1527/3487 3484/1524/3484 
f 3501/1537/3501 3500/1536/3500 3503/1539/3503 
f 3503/1539/3503 3502/1538/3502 3501/1537/3501 
f 3502/1538/3502 3503/1539/3503 3504/1226/3504 
f 3504/1226/3504 3505/1225/3505 3502/1538/3502 
f 3487/1527/3487 3502/1538/3502 3505/1225/3505 
f 3505/1225/3505 3488/1212/3488 3487/1527/3487 
f 3488/1212/3488 3505/1225/3505 3506/1224/3506 
f 3506/1224/3506 3491/1210/3491 3488/1212/3488 
f 3505/1225/3505 3504/1226/3504 3507/830/3507 
f 3507/830/3507 3506/1224/3506 3505/1225/3505 
f 3506/1224/3506 3507/830/3507 2259/830/2259 
f 2259/830/2259 2258/835/2258 3506/1224/3506 
f 3491/1210/3491 3506/1224/3506 2258/835/2258 
f 2258/835/2258 2257/834/2257 3491/1210/3491 
f 3494/1530/3494 3508/1540/3508 3509/1541/3509 
f 3509/1541/3509 3495/1531/3495 3494/1530/3494 
f 3508/1540/3508 3510/1542/3510 3511/1543/3511 
f 3511/1543/3511 3509/1541/3509 3508/1540/3508 
f 3509/1541/3509 3511/1543/3511 3512/1544/3512 
f 3512/1544/3512 3513/1545/3513 3509/1541/3509 
f 3495/1531/3495 3509/1541/3509 3513/1545/3513 
f 3513/1545/3513 3496/1532/3496 3495/1531/3495 
f 3496/1532/3496 3513/1545/3513 3514/1546/3514 
f 3514/1546/3514 3499/1535/3499 3496/1532/3496 
f 3513/1545/3513 3512/1544/3512 3515/1547/3515 
f 3515/1547/3515 3514/1546/3514 3513/1545/3513 
f 3514/1546/3514 3515/1547/3515 3516/1548/3516 
f 3516/1548/3516 3517/1549/3517 3514/1546/3514 
f 3499/1535/3499 3514/1546/3514 3517/1549/3517 
f 3517/1549/3517 3500/1536/3500 3499/1535/3499 
f 3500/1536/3500 3517/1549/3517 3518/1550/3518 
f 3518/1550/3518 3503/1539/3503 3500/1536/3500 
f 3517/1549/3517 3516/1548/3516 3519/1551/3519 
f 3519/1551/3519 3518/1550/3518 3517/1549/3517 
f 3518/1550/3518 3519/1551/3519 3520/1230/3520 
f 3520/1230/3520 3521/1231/3521 3518/1550/3518 
f 3503/1539/3503 3518/1550/3518 3521/1231/3521 
f 3521/1231/3521 3504/1226/3504 3503/1539/3503 
f 3504/1226/3504 3521/1231/3521 3522/1229/3522 
f 3522/1229/3522 3507/830/3507 3504/1226/3504 
f 3521/1231/3521 3520/1230/3520 3523/1228/3523 
f 3523/1228/3523 3522/1229/3522 3521/1231/3521 
f 3522/1229/3522 3523/1228/3523 2646/826/2646 
f 2646/826/2646 3268/831/3268 3522/1229/3522 
f 3507/830/3507 3522/1229/3522 3268/831/3268 
f 3268/831/3268 2259/830/2259 3507/830/3507 
f 3510/1542/3510 3524/1552/3524 3525/1553/3525 
f 3525/1553/3525 3511/1543/3511 3510/1542/3510 
f 3524/1552/3524 3526/1554/3526 3527/1555/3527 
f 3527/1555/3527 3525/1553/3525 3524/1552/3524 
f 3525/1553/3525 3527/1555/3527 3528/1556/3528 
f 3528/1556/3528 3529/1557/3529 3525/1553/3525 
f 3511/1543/3511 3525/1553/3525 3529/1557/3529 
f 3529/1557/3529 3512/1544/3512 3511/1543/3511 
f 3512/1544/3512 3529/1557/3529 3530/1558/3530 
f 3530/1558/3530 3515/1547/3515 3512/1544/3512 
f 3529/1557/3529 3528/1556/3528 3531/1559/3531 
f 3531/1559/3531 3530/1558/3530 3529/1557/3529 
f 3530/1558/3530 3531/1559/3531 3532/1560/3532 
f 3532/1560/3532 3533/1561/3533 3530/1558/3530 
f 3515/1547/3515 3530/1558/3530 3533/1561/3533 
f 3533/1561/3533 3516/1548/3516 3515/1547/3515 
f 3516/1548/3516 3533/1561/3533 3534/1562/3534 
f 3534/1562/3534 3519/1551/3519 3516/1548/3516 
f 3533/1561/3533 3532/1560/3532 3535/1563/3535 
f 3535/1563/3535 3534/1562/3534 3533/1561/3533 
f 3534/1562/3534 3535/1563/3535 3536/1238/3536 
f 3536/1238/3536 3537/1244/3537 3534/1562/3534 
f 3519/1551/3519 3534/1562/3534 3537/1244/3537 
f 3537/1244/3537 3520/1230/3520 3519/1551/3519 
f 3520/1230/3520 3537/1244/3537 3538/827/3538 
f 3538/827/3538 3523/1228/3523 3520/1230/3520 
f 3537/1244/3537 3536/1238/3536 3539/1242/3539 
f 3539/1242/3539 3538/827/3538 3537/1244/3537 
f 3538/827/3538 3539/1242/3539 2326/1242/2326 
f 2326/1242/2326 2647/827/2647 3538/827/3538 
f 3523/1228/3523 3538/827/3538 2647/827/2647 
f 2647/827/2647 2646/826/2646 3523/1228/3523 
f 3526/1554/3526 3540/1564/3540 3541/1565/3541 
f 3541/1565/3541 3527/1555/3527 3526/1554/3526 
f 3540/1564/3540 3542/1566/3542 3543/1567/3543 
f 3543/1567/3543 3541/1565/3541 3540/1564/3540 
f 3541/1565/3541 3543/1567/3543 3544/1568/3544 
f 3544/1568/3544 3545/1569/3545 3541/1565/3541 
f 3527/1555/3527 3541/1565/3541 3545/1569/3545 
f 3545/1569/3545 3528/1556/3528 3527/1555/3527 
f 3528/1556/3528 3545/1569/3545 3546/1570/3546 
f 3546/1570/3546 3531/1559/3531 3528/1556/3528 
f 3545/1569/3545 3544/1568/3544 3547/1571/3547 
f 3547/1571/3547 3546/1570/3546 3545/1569/3545 
f 3546/1570/3546 3547/1571/3547 3548/1572/3548 
f 3548/1572/3548 3549/1573/3549 3546/1570/3546 
f 3531/1559/3531 3546/1570/3546 3549/1573/3549 
f 3549/1573/3549 3532/1560/3532 3531/1559/3531 
f 3532/1560/3532 3549/1573/3549 3550/1574/3550 
f 3550/1574/3550 3535/1563/3535 3532/1560/3532 
f 3549/1573/3549 3548/1572/3548 3551/1575/3551 
f 3551/1575/3551 3550/1574/3550 3549/1573/3549 
f 3550/1574/3550 3551/1575/3551 3552/1234/3552 
f 3552/1234/3552 3553/1246/3553 3550/1574/3550 
f 3535/1563/3535 3550/1574/3550 3553/1246/3553 
f 3553/1246/3553 3536/1238/3536 3535/1563/3535 
f 3536/1238/3536 3553/1246/3553 3554/1246/3554 
f 3554/1246/3554 3539/1242/3539 3536/1238/3536 
f 3553/1246/3553 3552/1234/3552 3555/1236/3555 
f 3555/1236/3555 3554/1246/3554 3553/1246/3553 
f 3554/1246/3554 3555/1236/3555 2328/613/2328 
f 2328/613/2328 2327/823/2327 3554/1246/3554 
f 3539/1242/3539 3554/1246/3554 2327/823/2327 
f 2327/823/2327 2326/1242/2326 3539/1242/3539 
f 3542/1566/3542 3556/1576/3556 3557/1577/3557 
f 3557/1577/3557 3543/1567/3543 3542/1566/3542 
f 3556/1576/3556 3558/1578/3558 3559/1579/3559 
f 3559/1579/3559 3557/1577/3557 3556/1576/3556 
f 3557/1577/3557 3559/1579/3559 3560/1580/3560 
f 3560/1580/3560 3561/1581/3561 3557/1577/3557 
f 3543/1567/3543 3557/1577/3557 3561/1581/3561 
f 3561/1581/3561 3544/1568/3544 3543/1567/3543 
f 3544/1568/3544 3561/1581/3561 3562/1582/3562 
f 3562/1582/3562 3547/1571/3547 3544/1568/3544 
f 3561/1581/3561 3560/1580/3560 3563/1583/3563 
f 3563/1583/3563 3562/1582/3562 3561/1581/3561 
f 3562/1582/3562 3563/1583/3563 3564/1584/3564 
f 3564/1584/3564 3565/1585/3565 3562/1582/3562 
f 3547/1571/3547 3562/1582/3562 3565/1585/3565 
f 3565/1585/3565 3548/1572/3548 3547/1571/3547 
f 3548/1572/3548 3565/1585/3565 3566/1586/3566 
f 3566/1586/3566 3551/1575/3551 3548/1572/3548 
f 3565/1585/3565 3564/1584/3564 3567/1587/3567 
f 3567/1587/3567 3566/1586/3566 3565/1585/3565 
f 3566/1586/3566 3567/1587/3567 3568/1252/3568 
f 3568/1252/3568 3569/1251/3569 3566/1586/3566 
f 3551/1575/3551 3566/1586/3566 3569/1251/3569 
f 3569/1251/3569 3552/1234/3552 3551/1575/3551 
f 3552/1234/3552 3569/1251/3569 3570/614/3570 
f 3570/614/3570 3555/1236/3555 3552/1234/3552 
f 3569/1251/3569 3568/1252/3568 3571/1250/3571 
f 3571/1250/3571 3570/614/3570 3569/1251/3569 
f 3570/614/3570 3571/1250/3571 2593/1250/2593 
f 2593/1250/2593 3272/614/3272 3570/614/3570 
f 3555/1236/3555 3570/614/3570 3272/614/3272 
f 3272/614/3272 2328/613/2328 3555/1236/3555 
f 3558/1578/3558 3572/1588/3572 3573/1589/3573 
f 3573/1589/3573 3559/1579/3559 3558/1578/3558 
f 3572/1588/3572 3574/1590/3574 3575/1591/3575 
f 3575/1591/3575 3573/1589/3573 3572/1588/3572 
f 3573/1589/3573 3575/1591/3575 3576/1592/3576 
f 3576/1592/3576 3577/1593/3577 3573/1589/3573 
f 3559/1579/3559 3573/1589/3573 3577/1593/3577 
f 3577/1593/3577 3560/1580/3560 3559/1579/3559 
f 3560/1580/3560 3577/1593/3577 3578/1594/3578 
f 3578/1594/3578 3563/1583/3563 3560/1580/3560 
f 3577/1593/3577 3576/1592/3576 3579/1595/3579 
f 3579/1595/3579 3578/1594/3578 3577/1593/3577 
f 3578/1594/3578 3579/1595/3579 3580/1596/3580 
f 3580/1596/3580 3581/1597/3581 3578/1594/3578 
f 3563/1583/3563 3578/1594/3578 3581/1597/3581 
f 3581/1597/3581 3564/1584/3564 3563/1583/3563 
f 3564/1584/3564 3581/1597/3581 3582/1598/3582 
f 3582/1598/3582 3567/1587/3567 3564/1584/3564 
f 3581/1597/3581 3580/1596/3580 3583/1599/3583 
f 3583/1599/3583 3582/1598/3582 3581/1597/3581 
f 3582/1598/3582 3583/1599/3583 3584/1219/3584 
f 3584/1219/3584 3585/1255/3585 3582/1598/3582 
f 3567/1587/3567 3582/1598/3582 3585/1255/3585 
f 3585/1255/3585 3568/1252/3568 3567/1587/3567 
f 3568/1252/3568 3585/1255/3585 3586/1028/3586 
f 3586/1028/3586 3571/1250/3571 3568/1252/3568 
f 3585/1255/3585 3584/1219/3584 3587/1220/3587 
f 3587/1220/3587 3586/1028/3586 3585/1255/3585 
f 3586/1028/3586 3587/1220/3587 2386/1022/2386 
f 2386/1022/2386 2594/1028/2594 3586/1028/3586 
f 3571/1250/3571 3586/1028/3586 2594/1028/2594 
f 2594/1028/2594 2593/1250/2593 3571/1250/3571 
f 3574/1590/3574 3588/1600/3588 3589/1601/3589 
f 3589/1601/3589 3575/1591/3575 3574/1590/3574 
f 3588/1600/3588 3590/1602/3590 3591/1603/3591 
f 3591/1603/3591 3589/1601/3589 3588/1600/3588 
f 3589/1601/3589 3591/1603/3591 3592/1604/3592 
f 3592/1604/3592 3593/1605/3593 3589/1601/3589 
f 3575/1591/3575 3589/1601/3589 3593/1605/3593 
f 3593/1605/3593 3576/1592/3576 3575/1591/3575 
f 3576/1592/3576 3593/1605/3593 3594/1606/3594 
f 3594/1606/3594 3579/1595/3579 3576/1592/3576 
f 3593/1605/3593 3592/1604/3592 3595/1607/3595 
f 3595/1607/3595 3594/1606/3594 3593/1605/3593 
f 3594/1606/3594 3595/1607/3595 3596/1608/3596 
f 3596/1608/3596 3597/1609/3597 3594/1606/3594 
f 3579/1595/3579 3594/1606/3594 3597/1609/3597 
f 3597/1609/3597 3580/1596/3580 3579/1595/3579 
f 3580/1596/3580 3597/1609/3597 3598/1610/3598 
f 3598/1610/3598 3583/1599/3583 3580/1596/3580 
f 3597/1609/3597 3596/1608/3596 3599/1611/3599 
f 3599/1611/3599 3598/1610/3598 3597/1609/3597 
f 3598/1610/3598 3599/1611/3599 3600/1218/3600 
f 3600/1218/3600 3601/1260/3601 3598/1610/3598 
f 3583/1599/3583 3598/1610/3598 3601/1260/3601 
f 3601/1260/3601 3584/1219/3584 3583/1599/3583 
f 3584/1219/3584 3601/1260/3601 3602/1260/3602 
f 3602/1260/3602 3587/1220/3587 3584/1219/3584 
f 3601/1260/3601 3600/1218/3600 3603/1254/3603 
f 3603/1254/3603 3602/1260/3602 3601/1260/3601 
f 3602/1260/3602 3603/1254/3603 2388/1254/2388 
f 2388/1254/2388 2387/1023/2387 3602/1260/3602 
f 3587/1220/3587 3602/1260/3602 2387/1023/2387 
f 2387/1023/2387 2386/1022/2386 3587/1220/3587 
f 3590/1602/3590 3604/1612/3604 3605/1613/3605 
f 3605/1613/3605 3591/1603/3591 3590/1602/3590 
f 3604/1612/3604 3606/1614/3606 3607/1615/3607 
f 3607/1615/3607 3605/1613/3605 3604/1612/3604 
f 3605/1613/3605 3607/1615/3607 3608/1616/3608 
f 3608/1616/3608 3609/1617/3609 3605/1613/3605 
f 3591/1603/3591 3605/1613/3605 3609/1617/3609 
f 3609/1617/3609 3592/1604/3592 3591/1603/3591 
f 3592/1604/3592 3609/1617/3609 3610/1618/3610 
f 3610/1618/3610 3595/1607/3595 3592/1604/3592 
f 3609/1617/3609 3608/1616/3608 3611/1619/3611 
f 3611/1619/3611 3610/1618/3610 3609/1617/3609 
f 3610/1618/3610 3611/1619/3611 3612/1620/3612 
f 3612/1620/3612 3613/1621/3613 3610/1618/3610 
f 3595/1607/3595 3610/1618/3610 3613/1621/3613 
f 3613/1621/3613 3596/1608/3596 3595/1607/3595 
f 3596/1608/3596 3613/1621/3613 3614/1622/3614 
f 3614/1622/3614 3599/1611/3599 3596/1608/3596 
f 3613/1621/3613 3612/1620/3612 3615/1623/3615 
f 3615/1623/3615 3614/1622/3614 3613/1621/3613 
f 3614/1622/3614 3615/1623/3615 3616/1266/3616 
f 3616/1266/3616 3617/1267/3617 3614/1622/3614 
f 3599/1611/3599 3614/1622/3614 3617/1267/3617 
f 3617/1267/3617 3600/1218/3600 3599/1611/3599 
f 3600/1218/3600 3617/1267/3617 3618/819/3618 
f 3618/819/3618 3603/1254/3603 3600/1218/3600 
f 3617/1267/3617 3616/1266/3616 3619/1264/3619 
f 3619/1264/3619 3618/819/3618 3617/1267/3617 
f 3618/819/3618 3619/1264/3619 2558/818/2558 
f 2558/818/2558 3276/819/3276 3618/819/3618 
f 3603/1254/3603 3618/819/3618 3276/819/3276 
f 3276/819/3276 2388/1254/2388 3603/1254/3603 
f 3606/1614/3606 3620/1624/3620 3621/1625/3621 
f 3621/1625/3621 3607/1615/3607 3606/1614/3606 
f 3620/1624/3620 3622/1626/3622 3623/1627/3623 
f 3623/1627/3623 3621/1625/3621 3620/1624/3620 
f 3621/1625/3621 3623/1627/3623 3624/1628/3624 
f 3624/1628/3624 3625/1629/3625 3621/1625/3621 
f 3607/1615/3607 3621/1625/3621 3625/1629/3625 
f 3625/1629/3625 3608/1616/3608 3607/1615/3607 
f 3608/1616/3608 3625/1629/3625 3626/1630/3626 
f 3626/1630/3626 3611/1619/3611 3608/1616/3608 
f 3625/1629/3625 3624/1628/3624 3627/1631/3627 
f 3627/1631/3627 3626/1630/3626 3625/1629/3625 
f 3626/1630/3626 3627/1631/3627 3628/1632/3628 
f 3628/1632/3628 3629/1633/3629 3626/1630/3626 
f 3611/1619/3611 3626/1630/3626 3629/1633/3629 
f 3629/1633/3629 3612/1620/3612 3611/1619/3611 
f 3612/1620/3612 3629/1633/3629 3630/1634/3630 
f 3630/1634/3630 3615/1623/3615 3612/1620/3612 
f 3629/1633/3629 3628/1632/3628 3631/1635/3631 
f 3631/1635/3631 3630/1634/3630 3629/1633/3629 
f 3630/1634/3630 3631/1635/3631 3632/1201/3632 
f 3632/1201/3632 3633/1271/3633 3630/1634/3630 
f 3615/1623/3615 3630/1634/3630 3633/1271/3633 
f 3633/1271/3633 3616/1266/3616 3615/1623/3615 
f 3616/1266/3616 3633/1271/3633 3634/1270/3634 
f 3634/1270/3634 3619/1264/3619 3616/1266/3616 
f 3633/1271/3633 3632/1201/3632 3635/1007/3635 
f 3635/1007/3635 3634/1270/3634 3633/1271/3633 
f 3634/1270/3634 3635/1007/3635 2090/1007/2090 
f 2090/1007/2090 2559/1013/2559 3634/1270/3634 
f 3619/1264/3619 3634/1270/3634 2559/1013/2559 
f 2559/1013/2559 2558/818/2558 3619/1264/3619 
f 3622/1626/3622 3636/1636/3636 3637/1637/3637 
f 3637/1637/3637 3623/1627/3623 3622/1626/3622 
f 3636/1636/3636 2652/1321/2652 3638/1638/3638 
f 3638/1638/3638 3637/1637/3637 3636/1636/3636 
f 3637/1637/3637 3638/1638/3638 3639/1639/3639 
f 3639/1639/3639 3640/1640/3640 3637/1637/3637 
f 3623/1627/3623 3637/1637/3637 3640/1640/3640 
f 3640/1640/3640 3624/1628/3624 3623/1627/3623 
f 3624/1628/3624 3640/1640/3640 3641/1641/3641 
f 3641/1641/3641 3627/1631/3627 3624/1628/3624 
f 3640/1640/3640 3639/1639/3639 3642/1642/3642 
f 3642/1642/3642 3641/1641/3641 3640/1640/3640 
f 3641/1641/3641 3642/1642/3642 3643/1643/3643 
f 3643/1643/3643 3644/1644/3644 3641/1641/3641 
f 3627/1631/3627 3641/1641/3641 3644/1644/3644 
f 3644/1644/3644 3628/1632/3628 3627/1631/3627 
f 3628/1632/3628 3644/1644/3644 3645/1645/3645 
f 3645/1645/3645 3631/1635/3631 3628/1632/3628 
f 3644/1644/3644 3643/1643/3643 3646/1646/3646 
f 3646/1646/3646 3645/1645/3645 3644/1644/3644 
f 3645/1645/3645 3646/1646/3646 3647/1200/3647 
f 3647/1200/3647 3648/1199/3648 3645/1645/3645 
f 3631/1635/3631 3645/1645/3645 3648/1199/3648 
f 3648/1199/3648 3632/1201/3632 3631/1635/3631 
f 3632/1201/3632 3648/1199/3648 3649/1277/3649 
f 3649/1277/3649 3635/1007/3635 3632/1201/3632 
f 3648/1199/3648 3647/1200/3647 3650/1276/3650 
f 3650/1276/3650 3649/1277/3649 3648/1199/3648 
f 3649/1277/3649 3650/1276/3650 2092/1001/2092 
f 2092/1001/2092 2091/1008/2091 3649/1277/3649 
f 3635/1007/3635 3649/1277/3649 2091/1008/2091 
f 2091/1008/2091 2090/1007/2090 3635/1007/3635 
f 2652/1321/2652 2649/1318/2649 3651/1647/3651 
f 3651/1647/3651 3638/1638/3638 2652/1321/2652 
f 2649/1318/2649 2648/1317/2648 3652/1648/3652 
f 3652/1648/3652 3651/1647/3651 2649/1318/2649 
f 3651/1647/3651 3652/1648/3652 3653/1649/3653 
f 3653/1649/3653 3654/1650/3654 3651/1647/3651 
f 3638/1638/3638 3651/1647/3651 3654/1650/3654 
f 3654/1650/3654 3639/1639/3639 3638/1638/3638 
f 3639/1639/3639 3654/1650/3654 3655/1651/3655 
f 3655/1651/3655 3642/1642/3642 3639/1639/3639 
f 3654/1650/3654 3653/1649/3653 3656/1652/3656 
f 3656/1652/3656 3655/1651/3655 3654/1650/3654 
f 3655/1651/3655 3656/1652/3656 3657/1653/3657 
f 3657/1653/3657 3658/1654/3658 3655/1651/3655 
f 3642/1642/3642 3655/1651/3655 3658/1654/3658 
f 3658/1654/3658 3643/1643/3643 3642/1642/3642 
f 3643/1643/3643 3658/1654/3658 3659/1655/3659 
f 3659/1655/3659 3646/1646/3646 3643/1643/3643 
f 3658/1654/3658 3657/1653/3657 3660/1656/3660 
f 3660/1656/3660 3659/1655/3659 3658/1654/3658 
f 3659/1655/3659 3660/1656/3660 3661/1281/3661 
f 3661/1281/3661 3662/1282/3662 3659/1655/3659 
f 3646/1646/3646 3659/1655/3659 3662/1282/3662 
f 3662/1282/3662 3647/1200/3647 3646/1646/3646 
f 3647/1200/3647 3662/1282/3662 3663/1002/3663 
f 3663/1002/3663 3650/1276/3650 3647/1200/3647 
f 3662/1282/3662 3661/1281/3661 3664/998/3664 
f 3664/998/3664 3663/1002/3663 3662/1282/3662 
f 3663/1002/3663 3664/998/3664 2498/1000/2498 
f 2498/1000/2498 3280/1387/3280 3663/1002/3663 
f 3650/1276/3650 3663/1002/3663 3280/1387/3280 
f 3280/1387/3280 2092/1001/2092 3650/1276/3650 
f 2648/1317/2648 3665/1657/3665 3666/1658/3666 
f 3666/1658/3666 3652/1648/3652 2648/1317/2648 
f 3665/1657/3665 3667/1659/3667 3668/1660/3668 
f 3668/1660/3668 3666/1658/3666 3665/1657/3665 
f 3666/1658/3666 3668/1660/3668 3669/1661/3669 
f 3669/1661/3669 3670/1662/3670 3666/1658/3666 
f 3652/1648/3652 3666/1658/3666 3670/1662/3670 
f 3670/1662/3670 3653/1649/3653 3652/1648/3652 
f 3653/1649/3653 3670/1662/3670 3671/1663/3671 
f 3671/1663/3671 3656/1652/3656 3653/1649/3653 
f 3670/1662/3670 3669/1661/3669 3672/1664/3672 
f 3672/1664/3672 3671/1663/3671 3670/1662/3670 
f 3671/1663/3671 3672/1664/3672 3673/1665/3673 
f 3673/1665/3673 3674/1666/3674 3671/1663/3671 
f 3656/1652/3656 3671/1663/3671 3674/1666/3674 
f 3674/1666/3674 3657/1653/3657 3656/1652/3656 
f 3657/1653/3657 3674/1666/3674 3675/1667/3675 
f 3675/1667/3675 3660/1656/3660 3657/1653/3657 
f 3674/1666/3674 3673/1665/3673 3676/1668/3676 
f 3676/1668/3676 3675/1667/3675 3674/1666/3674 
f 3675/1667/3675 3676/1668/3676 3677/1185/3677 
f 3677/1185/3677 3678/1285/3678 3675/1667/3675 
f 3660/1656/3660 3675/1667/3675 3678/1285/3678 
f 3678/1285/3678 3661/1281/3661 3660/1656/3660 
f 3661/1281/3661 3678/1285/3678 3679/996/3679 
f 3679/996/3679 3664/998/3664 3661/1281/3661 
f 3678/1285/3678 3677/1185/3677 3680/992/3680 
f 3680/992/3680 3679/996/3679 3678/1285/3678 
f 3679/996/3679 3680/992/3680 2039/994/2039 
f 2039/994/2039 2499/999/2499 3679/996/3679 
f 3664/998/3664 3679/996/3679 2499/999/2499 
f 2499/999/2499 2498/1000/2498 3664/998/3664 
f 3667/1659/3667 3681/1669/3681 3682/1670/3682 
f 3682/1670/3682 3668/1660/3668 3667/1659/3667 
f 3681/1669/3681 3683/1671/3683 3684/1672/3684 
f 3684/1672/3684 3682/1670/3682 3681/1669/3681 
f 3682/1670/3682 3684/1672/3684 3685/1673/3685 
f 3685/1673/3685 3686/1674/3686 3682/1670/3682 
f 3668/1660/3668 3682/1670/3682 3686/1674/3686 
f 3686/1674/3686 3669/1661/3669 3668/1660/3668 
f 3669/1661/3669 3686/1674/3686 3687/1675/3687 
f 3687/1675/3687 3672/1664/3672 3669/1661/3669 
f 3686/1674/3686 3685/1673/3685 3688/1676/3688 
f 3688/1676/3688 3687/1675/3687 3686/1674/3686 
f 3687/1675/3687 3688/1676/3688 3689/1677/3689 
f 3689/1677/3689 3690/1678/3690 3687/1675/3687 
f 3672/1664/3672 3687/1675/3687 3690/1678/3690 
f 3690/1678/3690 3673/1665/3673 3672/1664/3672 
f 3673/1665/3673 3690/1678/3690 3691/1679/3691 
f 3691/1679/3691 3676/1668/3676 3673/1665/3673 
f 3690/1678/3690 3689/1677/3689 3692/1680/3692 
f 3692/1680/3692 3691/1679/3691 3690/1678/3690 
f 3691/1679/3691 3692/1680/3692 3693/1183/3693 
f 3693/1183/3693 3694/1292/3694 3691/1679/3691 
f 3676/1668/3676 3691/1679/3691 3694/1292/3694 
f 3694/1292/3694 3677/1185/3677 3676/1668/3676 
f 3677/1185/3677 3694/1292/3694 3695/990/3695 
f 3695/990/3695 3680/992/3680 3677/1185/3677 
f 3694/1292/3694 3693/1183/3693 3696/1126/3696 
f 3696/1126/3696 3695/990/3695 3694/1292/3694 
f 3695/990/3695 3696/1126/3696 2041/1126/2041 
f 2041/1126/2041 2040/1125/2040 3695/990/3695 
f 3680/992/3680 3695/990/3695 2040/1125/2040 
f 2040/1125/2040 2039/994/2039 3680/992/3680 
f 3683/1671/3683 3697/1681/3697 3698/1682/3698 
f 3698/1682/3698 3684/1672/3684 3683/1671/3683 
f 3697/1681/3697 3699/1683/3699 3700/1684/3700 
f 3700/1684/3700 3698/1682/3698 3697/1681/3697 
f 3698/1682/3698 3700/1684/3700 3701/1685/3701 
f 3701/1685/3701 3702/1686/3702 3698/1682/3698 
f 3684/1672/3684 3698/1682/3698 3702/1686/3702 
f 3702/1686/3702 3685/1673/3685 3684/1672/3684 
f 3685/1673/3685 3702/1686/3702 3703/1687/3703 
f 3703/1687/3703 3688/1676/3688 3685/1673/3685 
f 3702/1686/3702 3701/1685/3701 3704/1688/3704 
f 3704/1688/3704 3703/1687/3703 3702/1686/3702 
f 3703/1687/3703 3704/1688/3704 3705/1689/3705 
f 3705/1689/3705 3706/1690/3706 3703/1687/3703 
f 3688/1676/3688 3703/1687/3703 3706/1690/3706 
f 3706/1690/3706 3689/1677/3689 3688/1676/3688 
f 3689/1677/3689 3706/1690/3706 3707/1691/3707 
f 3707/1691/3707 3692/1680/3692 3689/1677/3689 
f 3706/1690/3706 3705/1689/3705 3708/1692/3708 
f 3708/1692/3708 3707/1691/3707 3706/1690/3706 
f 3707/1691/3707 3708/1692/3708 3709/1295/3709 
f 3709/1295/3709 3710/1294/3710 3707/1691/3707 
f 3692/1680/3692 3707/1691/3707 3710/1294/3710 
f 3710/1294/3710 3693/1183/3693 3692/1680/3692 
f 3693/1183/3693 3710/1294/3710 3711/984/3711 
f 3711/984/3711 3696/1126/3696 3693/1183/3693 
f 3710/1294/3710 3709/1295/3709 3712/1293/3712 
f 3712/1293/3712 3711/984/3711 3710/1294/3710 
f 3711/984/3711 3712/1293/3712 2477/977/2477 
f 2477/977/2477 3284/984/3284 3711/984/3711 
f 3696/1126/3696 3711/984/3711 3284/984/3284 
f 3284/984/3284 2041/1126/2041 3696/1126/3696 
f 3699/1683/3699 3713/1693/3713 3714/1694/3714 
f 3714/1694/3714 3700/1684/3700 3699/1683/3699 
f 3713/1693/3713 3715/1695/3715 3716/1696/3716 
f 3716/1696/3716 3714/1694/3714 3713/1693/3713 
f 3714/1694/3714 3716/1696/3716 3717/1697/3717 
f 3717/1697/3717 3718/1698/3718 3714/1694/3714 
f 3700/1684/3700 3714/1694/3714 3718/1698/3718 
f 3718/1698/3718 3701/1685/3701 3700/1684/3700 
f 3701/1685/3701 3718/1698/3718 3719/1699/3719 
f 3719/1699/3719 3704/1688/3704 3701/1685/3701 
f 3718/1698/3718 3717/1697/3717 3720/1700/3720 
f 3720/1700/3720 3719/1699/3719 3718/1698/3718 
f 3719/1699/3719 3720/1700/3720 3721/1701/3721 
f 3721/1701/3721 3722/1702/3722 3719/1699/3719 
f 3704/1688/3704 3719/1699/3719 3722/1702/3722 
f 3722/1702/3722 3705/1689/3705 3704/1688/3704 
f 3705/1689/3705 3722/1702/3722 3723/1703/3723 
f 3723/1703/3723 3708/1692/3708 3705/1689/3705 
f 3722/1702/3722 3721/1701/3721 3724/1704/3724 
f 3724/1704/3724 3723/1703/3723 3722/1702/3722 
f 3723/1703/3723 3724/1704/3724 3725/1163/3725 
f 3725/1163/3725 3726/1297/3726 3723/1703/3723 
f 3708/1692/3708 3723/1703/3723 3726/1297/3726 
f 3726/1297/3726 3709/1295/3709 3708/1692/3708 
f 3709/1295/3709 3726/1297/3726 3727/1297/3727 
f 3727/1297/3727 3712/1293/3712 3709/1295/3709 
f 3726/1297/3726 3725/1163/3725 3728/1278/3728 
f 3728/1278/3728 3727/1297/3727 3726/1297/3726 
f 3727/1297/3727 3728/1278/3728 2479/1278/2479 
f 2479/1278/2479 2478/978/2478 3727/1297/3727 
f 3712/1293/3712 3727/1297/3727 2478/978/2478 
f 2478/978/2478 2477/977/2477 3712/1293/3712 
f 3715/1695/3715 3729/1705/3729 3730/1706/3730 
f 3730/1706/3730 3716/1696/3716 3715/1695/3715 
f 3729/1705/3729 3731/1707/3731 3732/1708/3732 
f 3732/1708/3732 3730/1706/3730 3729/1705/3729 
f 3730/1706/3730 3732/1708/3732 3733/1709/3733 
f 3733/1709/3733 3734/1710/3734 3730/1706/3730 
f 3716/1696/3716 3730/1706/3730 3734/1710/3734 
f 3734/1710/3734 3717/1697/3717 3716/1696/3716 
f 3717/1697/3717 3734/1710/3734 3735/1711/3735 
f 3735/1711/3735 3720/1700/3720 3717/1697/3717 
f 3734/1710/3734 3733/1709/3733 3736/1712/3736 
f 3736/1712/3736 3735/1711/3735 3734/1710/3734 
f 3735/1711/3735 3736/1712/3736 3737/1713/3737 
f 3737/1713/3737 3738/1714/3738 3735/1711/3735 
f 3720/1700/3720 3735/1711/3735 3738/1714/3738 
f 3738/1714/3738 3721/1701/3721 3720/1700/3720 
f 3721/1701/3721 3738/1714/3738 3739/1715/3739 
f 3739/1715/3739 3724/1704/3724 3721/1701/3721 
f 3738/1714/3738 3737/1713/3737 3740/1716/3740 
f 3740/1716/3740 3739/1715/3739 3738/1714/3738 
f 3739/1715/3739 3740/1716/3740 3741/1161/3741 
f 3741/1161/3741 3742/1160/3742 3739/1715/3739 
f 3724/1704/3724 3739/1715/3739 3742/1160/3742 
f 3742/1160/3742 3725/1163/3725 3724/1704/3724 
f 3725/1163/3725 3742/1160/3742 3743/969/3743 
f 3743/969/3743 3728/1278/3728 3725/1163/3725 
f 3742/1160/3742 3741/1161/3741 3744/1301/3744 
f 3744/1301/3744 3743/969/3743 3742/1160/3742 
f 3743/969/3743 3744/1301/3744 3227/972/3227 
f 3227/972/3227 3226/969/3226 3743/969/3743 
f 3728/1278/3728 3743/969/3743 3226/969/3226 
f 3226/969/3226 2479/1278/2479 3728/1278/3728 
f 3731/1707/3731 3745/1717/3745 3746/1718/3746 
f 3746/1718/3746 3732/1708/3732 3731/1707/3731 
f 3745/1717/3745 3747/1719/3747 3748/1720/3748 
f 3748/1720/3748 3746/1718/3746 3745/1717/3745 
f 3746/1718/3746 3748/1720/3748 3749/1721/3749 
f 3749/1721/3749 3750/1722/3750 3746/1718/3746 
f 3732/1708/3732 3746/1718/3746 3750/1722/3750 
f 3750/1722/3750 3733/1709/3733 3732/1708/3732 
f 3733/1709/3733 3750/1722/3750 3751/1723/3751 
f 3751/1723/3751 3736/1712/3736 3733/1709/3733 
f 3750/1722/3750 3749/1721/3749 3752/1724/3752 
f 3752/1724/3752 3751/1723/3751 3750/1722/3750 
f 3751/1723/3751 3752/1724/3752 3753/1725/3753 
f 3753/1725/3753 3754/1726/3754 3751/1723/3751 
f 3736/1712/3736 3751/1723/3751 3754/1726/3754 
f 3754/1726/3754 3737/1713/3737 3736/1712/3736 
f 3737/1713/3737 3754/1726/3754 3755/1727/3755 
f 3755/1727/3755 3740/1716/3740 3737/1713/3737 
f 3754/1726/3754 3753/1725/3753 3756/1728/3756 
f 3756/1728/3756 3755/1727/3755 3754/1726/3754 
f 3755/1727/3755 3756/1728/3756 3757/1289/3757 
f 3757/1289/3757 3758/1304/3758 3755/1727/3755 
f 3740/1716/3740 3755/1727/3755 3758/1304/3758 
f 3758/1304/3758 3741/1161/3741 3740/1716/3740 
f 3741/1161/3741 3758/1304/3758 3759/1303/3759 
f 3759/1303/3759 3744/1301/3744 3741/1161/3741 
f 3758/1304/3758 3757/1289/3757 3760/878/3760 
f 3760/878/3760 3759/1303/3759 3758/1304/3758 
f 3759/1303/3759 3760/878/3760 2437/878/2437 
f 2437/878/2437 3288/1045/3288 3759/1303/3759 
f 3744/1301/3744 3759/1303/3759 3288/1045/3288 
f 3288/1045/3288 3227/972/3227 3744/1301/3744 
f 3747/1719/3747 3761/1729/3761 3762/1730/3762 
f 3762/1730/3762 3748/1720/3748 3747/1719/3747 
f 3761/1729/3761 3763/1731/3763 3764/1732/3764 
f 3764/1732/3764 3762/1730/3762 3761/1729/3761 
f 3762/1730/3762 3764/1732/3764 3765/1733/3765 
f 3765/1733/3765 3766/1734/3766 3762/1730/3762 
f 3748/1720/3748 3762/1730/3762 3766/1734/3766 
f 3766/1734/3766 3749/1721/3749 3748/1720/3748 
f 3749/1721/3749 3766/1734/3766 3767/1735/3767 
f 3767/1735/3767 3752/1724/3752 3749/1721/3749 
f 3766/1734/3766 3765/1733/3765 3768/1736/3768 
f 3768/1736/3768 3767/1735/3767 3766/1734/3766 
f 3767/1735/3767 3768/1736/3768 3769/1737/3769 
f 3769/1737/3769 3770/1738/3770 3767/1735/3767 
f 3752/1724/3752 3767/1735/3767 3770/1738/3770 
f 3770/1738/3770 3753/1725/3753 3752/1724/3752 
f 3753/1725/3753 3770/1738/3770 3771/1739/3771 
f 3771/1739/3771 3756/1728/3756 3753/1725/3753 
f 3770/1738/3770 3769/1737/3769 3772/1740/3772 
f 3772/1740/3772 3771/1739/3771 3770/1738/3770 
f 3771/1739/3771 3772/1740/3772 3773/1144/3773 
f 3773/1144/3773 3774/1288/3774 3771/1739/3771 
f 3756/1728/3756 3771/1739/3771 3774/1288/3774 
f 3774/1288/3774 3757/1289/3757 3756/1728/3756 
f 3757/1289/3757 3774/1288/3774 3775/1312/3775 
f 3775/1312/3775 3760/878/3760 3757/1289/3757 
f 3774/1288/3774 3773/1144/3773 3776/1311/3776 
f 3776/1311/3776 3775/1312/3775 3774/1288/3774 
f 3775/1312/3775 3776/1311/3776 2439/872/2439 
f 2439/872/2439 2438/879/2438 3775/1312/3775 
f 3760/878/3760 3775/1312/3775 2438/879/2438 
f 2438/879/2438 2437/878/2437 3760/878/3760 
f 3763/1731/3763 3777/1741/3777 3778/1742/3778 
f 3778/1742/3778 3764/1732/3764 3763/1731/3763 
f 3777/1741/3777 3779/1743/3779 3780/1744/3780 
f 3780/1744/3780 3778/1742/3778 3777/1741/3777 
f 3778/1742/3778 3780/1744/3780 3781/1745/3781 
f 3781/1745/3781 3782/1746/3782 3778/1742/3778 
f 3764/1732/3764 3778/1742/3778 3782/1746/3782 
f 3782/1746/3782 3765/1733/3765 3764/1732/3764 
f 3765/1733/3765 3782/1746/3782 3783/1747/3783 
f 3783/1747/3783 3768/1736/3768 3765/1733/3765 
f 3782/1746/3782 3781/1745/3781 3784/1748/3784 
f 3784/1748/3784 3783/1747/3783 3782/1746/3782 
f 3783/1747/3783 3784/1748/3784 3785/1749/3785 
f 3785/1749/3785 3786/1750/3786 3783/1747/3783 
f 3768/1736/3768 3783/1747/3783 3786/1750/3786 
f 3786/1750/3786 3769/1737/3769 3768/1736/3768 
f 3769/1737/3769 3786/1750/3786 3787/1751/3787 
f 3787/1751/3787 3772/1740/3772 3769/1737/3769 
f 3786/1750/3786 3785/1749/3785 3788/1752/3788 
f 3788/1752/3788 3787/1751/3787 3786/1750/3786 
f 3787/1751/3787 3788/1752/3788 3789/1142/3789 
f 3789/1142/3789 3790/1141/3790 3787/1751/3787 
f 3772/1740/3772 3787/1751/3787 3790/1141/3790 
f 3790/1141/3790 3773/1144/3773 3772/1740/3772 
f 3773/1144/3773 3790/1141/3790 3791/873/3791 
f 3791/873/3791 3776/1311/3776 3773/1144/3773 
f 3790/1141/3790 3789/1142/3789 3792/1315/3792 
f 3792/1315/3792 3791/873/3791 3790/1141/3790 
f 3791/873/3791 3792/1315/3792 3235/1315/3235 
f 3235/1315/3235 3234/873/3234 3791/873/3791 
f 3776/1311/3776 3791/873/3791 3234/873/3234 
f 3234/873/3234 2439/872/2439 3776/1311/3776 
f 3779/1743/3779 3793/1753/3793 3794/1754/3794 
f 3794/1754/3794 3780/1744/3780 3779/1743/3779 
f 3793/1753/3793 3795/1755/3795 3796/1756/3796 
f 3796/1756/3796 3794/1754/3794 3793/1753/3793 
f 3794/1754/3794 3796/1756/3796 3797/1757/3797 
f 3797/1757/3797 3798/1758/3798 3794/1754/3794 
f 3780/1744/3780 3794/1754/3794 3798/1758/3798 
f 3798/1758/3798 3781/1745/3781 3780/1744/3780 
f 3781/1745/3781 3798/1758/3798 3799/1759/3799 
f 3799/1759/3799 3784/1748/3784 3781/1745/3781 
f 3798/1758/3798 3797/1757/3797 3800/1760/3800 
f 3800/1760/3800 3799/1759/3799 3798/1758/3798 
f 3799/1759/3799 3800/1760/3800 3801/1761/3801 
f 3801/1761/3801 3802/1762/3802 3799/1759/3799 
f 3784/1748/3784 3799/1759/3799 3802/1762/3802 
f 3802/1762/3802 3785/1749/3785 3784/1748/3784 
f 3785/1749/3785 3802/1762/3802 3803/1763/3803 
f 3803/1763/3803 3788/1752/3788 3785/1749/3785 
f 3802/1762/3802 3801/1761/3801 3804/1764/3804 
f 3804/1764/3804 3803/1763/3803 3802/1762/3802 
f 3803/1763/3803 3804/1764/3804 3805/1307/3805 
f 3805/1307/3805 3806/1326/3806 3803/1763/3803 
f 3788/1752/3788 3803/1763/3803 3806/1326/3806 
f 3806/1326/3806 3789/1142/3789 3788/1752/3788 
f 3789/1142/3789 3806/1326/3806 3807/1326/3807 
f 3807/1326/3807 3792/1315/3792 3789/1142/3789 
f 3806/1326/3806 3805/1307/3805 3808/1308/3808 
f 3808/1308/3808 3807/1326/3807 3806/1326/3806 
f 3807/1326/3807 3808/1308/3808 2537/860/2537 
f 2537/860/2537 3292/867/3292 3807/1326/3807 
f 3792/1315/3792 3807/1326/3807 3292/867/3292 
f 3292/867/3292 3235/1315/3235 3792/1315/3792 
f 3795/1755/3795 3809/1765/3809 3810/1766/3810 
f 3810/1766/3810 3796/1756/3796 3795/1755/3795 
f 3809/1765/3809 3307/1390/3307 3310/1393/3310 
f 3310/1393/3310 3810/1766/3810 3809/1765/3809 
f 3810/1766/3810 3310/1393/3310 3315/1398/3315 
f 3315/1398/3315 3811/1767/3811 3810/1766/3810 
f 3796/1756/3796 3810/1766/3810 3811/1767/3811 
f 3811/1767/3811 3797/1757/3797 3796/1756/3796 
f 3797/1757/3797 3811/1767/3811 3812/1768/3812 
f 3812/1768/3812 3800/1760/3800 3797/1757/3797 
f 3811/1767/3811 3315/1398/3315 3317/1400/3317 
f 3317/1400/3317 3812/1768/3812 3811/1767/3811 
f 3812/1768/3812 3317/1400/3317 3321/1404/3321 
f 3321/1404/3321 3813/1769/3813 3812/1768/3812 
f 3800/1760/3800 3812/1768/3812 3813/1769/3813 
f 3813/1769/3813 3801/1761/3801 3800/1760/3800 
f 3801/1761/3801 3813/1769/3813 3814/1770/3814 
f 3814/1770/3814 3804/1764/3804 3801/1761/3801 
f 3813/1769/3813 3321/1404/3321 3323/1406/3323 
f 3323/1406/3323 3814/1770/3814 3813/1769/3813 
f 3814/1770/3814 3323/1406/3323 3327/1123/3327 
f 3327/1123/3327 3815/1330/3815 3814/1770/3814 
f 3804/1764/3804 3814/1770/3814 3815/1330/3815 
f 3815/1330/3815 3805/1307/3805 3804/1764/3804 
f 3805/1307/3805 3815/1330/3815 3816/861/3816 
f 3816/861/3816 3808/1308/3808 3805/1307/3805 
f 3815/1330/3815 3327/1123/3327 3329/1120/3329 
f 3329/1120/3329 3816/861/3816 3815/1330/3815 
f 3816/861/3816 3329/1120/3329 2539/1120/2539 
f 2539/1120/2539 2538/861/2538 3816/861/3816 
f 3808/1308/3808 3816/861/3816 2538/861/2538 
f 2538/861/2538 2537/860/2537 3808/1308/3808 
f 3238/963/3238 3817/960/3817 3818/960/3818 
f 3818/960/3818 3239/963/3239 3238/963/3238 
f 3817/960/3817 2531/862/2531 2534/862/2534 
f 2534/862/2534 3818/960/3818 3817/960/3817 
f 3818/960/3818 2534/862/2534 2539/1120/2539 
f 2539/1120/2539 3331/960/3331 3818/960/3818 
f 3239/963/3239 3818/960/3818 3331/960/3331 
f 3331/960/3331 3240/963/3240 3239/963/3239 
f 2531/862/2531 3817/960/3817 3819/961/3819 
f 3819/961/3819 3820/962/3820 2531/862/2531 
f 3817/960/3817 3238/963/3238 3821/1331/3821 
f 3821/1331/3821 3819/961/3819 3817/960/3817 
f 3819/961/3819 3821/1331/3821 3822/1771/3822 
f 3822/1771/3822 3823/1772/3823 3819/961/3819 
f 3820/962/3820 3819/961/3819 3823/1772/3823 
f 3823/1772/3823 3824/1773/3824 3820/962/3820 
f 3824/1773/3824 3823/1772/3823 3825/1112/3825 
f 3825/1112/3825 3826/1774/3826 3824/1773/3824 
f 3823/1772/3823 3822/1771/3822 3827/1775/3827 
f 3827/1775/3827 3825/1112/3825 3823/1772/3823 
f 3825/1112/3825 3827/1775/3827 3828/965/3828 
f 3828/965/3828 3829/966/3829 3825/1112/3825 
f 3826/1774/3826 3825/1112/3825 3829/966/3829 
f 3829/966/3829 3830/967/3830 3826/1774/3826 
f 3830/967/3830 3829/966/3829 3831/961/3831 
f 3831/961/3831 3832/962/3832 3830/967/3830 
f 3829/966/3829 3828/965/3828 3833/964/3833 
f 3833/964/3833 3831/961/3831 3829/966/3829 
f 3831/961/3831 3833/964/3833 2068/963/2068 
f 2068/963/2068 3834/960/3834 3831/961/3831 
f 3832/962/3832 3831/961/3831 3834/960/3834 
f 3834/960/3834 3296/862/3296 3832/962/3832 
f 3238/963/3238 3236/1046/3236 3835/1378/3835 
f 3835/1378/3835 3821/1331/3821 3238/963/3238 
f 3236/1046/3236 2684/876/2684 3836/1332/3836 
f 3836/1332/3836 3835/1378/3835 3236/1046/3236 
f 3835/1378/3835 3836/1332/3836 3837/1776/3837 
f 3837/1776/3837 3838/1777/3838 3835/1378/3835 
f 3821/1331/3821 3835/1378/3835 3838/1777/3838 
f 3838/1777/3838 3822/1771/3822 3821/1331/3821 
f 3822/1771/3822 3838/1777/3838 3839/1378/3839 
f 3839/1378/3839 3827/1775/3827 3822/1771/3822 
f 3838/1777/3838 3837/1776/3837 3840/1778/3840 
f 3840/1778/3840 3839/1378/3839 3838/1777/3838 
f 3839/1378/3839 3840/1778/3840 3841/1091/3841 
f 3841/1091/3841 3842/1097/3842 3839/1378/3839 
f 3827/1775/3827 3839/1378/3839 3842/1097/3842 
f 3842/1097/3842 3828/965/3828 3827/1775/3827 
f 3828/965/3828 3842/1097/3842 3843/1098/3843 
f 3843/1098/3843 3833/964/3833 3828/965/3828 
f 3842/1097/3842 3841/1091/3841 3844/1092/3844 
f 3844/1092/3844 3843/1098/3843 3842/1097/3842 
f 3843/1098/3843 3844/1092/3844 2072/876/2072 
f 2072/876/2072 2069/1046/2069 3843/1098/3843 
f 3833/964/3833 3843/1098/3843 2069/1046/2069 
f 2069/1046/2069 2068/963/2068 3833/964/3833 
f 2684/876/2684 2681/877/2681 3845/1274/3845 
f 3845/1274/3845 3836/1332/3836 2684/876/2684 
f 2681/877/2681 2680/870/2680 3846/1084/3846 
f 3846/1084/3846 3845/1274/3845 2681/877/2681 
f 3845/1274/3845 3846/1084/3846 3847/1779/3847 
f 3847/1779/3847 3848/1780/3848 3845/1274/3845 
f 3836/1332/3836 3845/1274/3845 3848/1780/3848 
f 3848/1780/3848 3837/1776/3837 3836/1332/3836 
f 3837/1776/3837 3848/1780/3848 3849/1274/3849 
f 3849/1274/3849 3840/1778/3840 3837/1776/3837 
f 3848/1780/3848 3847/1779/3847 3850/1781/3850 
f 3850/1781/3850 3849/1274/3849 3848/1780/3848 
f 3849/1274/3849 3850/1781/3850 3851/1782/3851 
f 3851/1782/3851 3852/1089/3852 3849/1274/3849 
f 3840/1778/3840 3849/1274/3849 3852/1089/3852 
f 3852/1089/3852 3841/1091/3841 3840/1778/3840 
f 3841/1091/3841 3852/1089/3852 3853/1090/3853 
f 3853/1090/3853 3844/1092/3844 3841/1091/3841 
f 3852/1089/3852 3851/1782/3851 3854/1084/3854 
f 3854/1084/3854 3853/1090/3853 3852/1089/3852 
f 3853/1090/3853 3854/1084/3854 2374/870/2374 
f 2374/870/2374 2677/877/2677 3853/1090/3853 
f 3844/1092/3844 3853/1090/3853 2677/877/2677 
f 2677/877/2677 2072/876/2072 3844/1092/3844 
f 2680/870/2680 3247/871/3247 3855/1082/3855 
f 3855/1082/3855 3846/1084/3846 2680/870/2680 
f 3247/871/3247 3246/864/3246 3856/1076/3856 
f 3856/1076/3856 3855/1082/3855 3247/871/3247 
f 3855/1082/3855 3856/1076/3856 3857/1783/3857 
f 3857/1783/3857 3858/1784/3858 3855/1082/3855 
f 3846/1084/3846 3855/1082/3855 3858/1784/3858 
f 3858/1784/3858 3847/1779/3847 3846/1084/3846 
f 3847/1779/3847 3858/1784/3858 3859/1335/3859 
f 3859/1335/3859 3850/1781/3850 3847/1779/3847 
f 3858/1784/3858 3857/1783/3857 3860/1785/3860 
f 3860/1785/3860 3859/1335/3859 3858/1784/3858 
f 3859/1335/3859 3860/1785/3860 3861/1075/3861 
f 3861/1075/3861 3862/1081/3862 3859/1335/3859 
f 3850/1781/3850 3859/1335/3859 3862/1081/3862 
f 3862/1081/3862 3851/1782/3851 3850/1781/3850 
f 3851/1782/3851 3862/1081/3862 3863/1082/3863 
f 3863/1082/3863 3854/1084/3854 3851/1782/3851 
f 3862/1081/3862 3861/1075/3861 3864/1076/3864 
f 3864/1076/3864 3863/1082/3863 3862/1081/3862 
f 3863/1082/3863 3864/1076/3864 2093/864/2093 
f 2093/864/2093 2375/871/2375 3863/1082/3863 
f 3854/1084/3854 3863/1082/3863 2375/871/2375 
f 2375/871/2375 2374/870/2374 3854/1084/3854 
f 3246/864/3246 3299/865/3299 3865/1074/3865 
f 3865/1074/3865 3856/1076/3856 3246/864/3246 
f 3299/865/3299 2340/858/2340 3866/1068/3866 
f 3866/1068/3866 3865/1074/3865 3299/865/3299 
f 3865/1074/3865 3866/1068/3866 3867/1786/3867 
f 3867/1786/3867 3868/1787/3868 3865/1074/3865 
f 3856/1076/3856 3865/1074/3865 3868/1787/3868 
f 3868/1787/3868 3857/1783/3857 3856/1076/3856 
f 3857/1783/3857 3868/1787/3868 3869/1337/3869 
f 3869/1337/3869 3860/1785/3860 3857/1783/3857 
f 3868/1787/3868 3867/1786/3867 3870/1788/3870 
f 3870/1788/3870 3869/1337/3869 3868/1787/3868 
f 3869/1337/3869 3870/1788/3870 3871/1789/3871 
f 3871/1789/3871 3872/1073/3872 3869/1337/3869 
f 3860/1785/3860 3869/1337/3869 3872/1073/3872 
f 3872/1073/3872 3861/1075/3861 3860/1785/3860 
f 3861/1075/3861 3872/1073/3872 3873/1074/3873 
f 3873/1074/3873 3864/1076/3864 3861/1075/3861 
f 3872/1073/3872 3871/1789/3871 3874/1068/3874 
f 3874/1068/3874 3873/1074/3873 3872/1073/3872 
f 3873/1074/3873 3874/1068/3874 2097/858/2097 
f 2097/858/2097 2094/865/2094 3873/1074/3873 
f 3864/1076/3864 3873/1074/3873 2094/865/2094 
f 2094/865/2094 2093/864/2093 3864/1076/3864 
f 2340/858/2340 2337/859/2337 3875/1262/3875 
f 3875/1262/3875 3866/1068/3866 2340/858/2340 
f 2337/859/2337 2336/856/2336 3876/1790/3876 
f 3876/1790/3876 3875/1262/3875 2337/859/2337 
f 3875/1262/3875 3876/1790/3876 3877/1791/3877 
f 3877/1791/3877 3878/1792/3878 3875/1262/3875 
f 3866/1068/3866 3875/1262/3875 3878/1792/3878 
f 3878/1792/3878 3867/1786/3867 3866/1068/3866 
f 3867/1786/3867 3878/1792/3878 3879/1262/3879 
f 3879/1262/3879 3870/1788/3870 3867/1786/3867 
f 3878/1792/3878 3877/1791/3877 3880/1793/3880 
f 3880/1793/3880 3879/1262/3879 3878/1792/3878 
f 3879/1262/3879 3880/1793/3880 3881/1063/3881 
f 3881/1063/3881 3882/1065/3882 3879/1262/3879 
f 3870/1788/3870 3879/1262/3879 3882/1065/3882 
f 3882/1065/3882 3871/1789/3871 3870/1788/3870 
f 3871/1789/3871 3882/1065/3882 3883/1066/3883 
f 3883/1066/3883 3874/1068/3874 3871/1789/3871 
f 3882/1065/3882 3881/1063/3881 3884/1064/3884 
f 3884/1064/3884 3883/1066/3883 3882/1065/3882 
f 3883/1066/3883 3884/1064/3884 2121/856/2121 
f 2121/856/2121 2119/859/2119 3883/1066/3883 
f 3874/1068/3874 3883/1066/3883 2119/859/2119 
f 2119/859/2119 2097/858/2097 3874/1068/3874 
f 2336/856/2336 3255/857/3255 3885/1382/3885 
f 3885/1382/3885 3876/1790/3876 2336/856/2336 
f 3255/857/3255 3254/853/3254 3886/1794/3886 
f 3886/1794/3886 3885/1382/3885 3255/857/3255 
f 3885/1382/3885 3886/1794/3886 3887/1795/3887 
f 3887/1795/3887 3888/1796/3888 3885/1382/3885 
f 3876/1790/3876 3885/1382/3885 3888/1796/3888 
f 3888/1796/3888 3877/1791/3877 3876/1790/3876 
f 3877/1791/3877 3888/1796/3888 3889/1382/3889 
f 3889/1382/3889 3880/1793/3880 3877/1791/3877 
f 3888/1796/3888 3887/1795/3887 3890/1797/3890 
f 3890/1797/3890 3889/1382/3889 3888/1796/3888 
f 3889/1382/3889 3890/1797/3890 3891/1059/3891 
f 3891/1059/3891 3892/1061/3892 3889/1382/3889 
f 3880/1793/3880 3889/1382/3889 3892/1061/3892 
f 3892/1061/3892 3881/1063/3881 3880/1793/3880 
f 3881/1063/3881 3892/1061/3892 3893/1062/3893 
f 3893/1062/3893 3884/1064/3884 3881/1063/3881 
f 3892/1061/3892 3891/1059/3891 3894/1060/3894 
f 3894/1060/3894 3893/1062/3893 3892/1061/3892 
f 3893/1062/3893 3894/1060/3894 2138/853/2138 
f 2138/853/2138 2136/857/2136 3893/1062/3893 
f 3884/1064/3884 3893/1062/3893 2136/857/2136 
f 2136/857/2136 2121/856/2121 3884/1064/3884 
f 3254/853/3254 3303/854/3303 3895/1058/3895 
f 3895/1058/3895 3886/1794/3886 3254/853/3254 
f 3303/854/3303 2292/848/2292 3896/1056/3896 
f 3896/1056/3896 3895/1058/3895 3303/854/3303 
f 3895/1058/3895 3896/1056/3896 3897/1798/3897 
f 3897/1798/3897 3898/1799/3898 3895/1058/3895 
f 3886/1794/3886 3895/1058/3895 3898/1799/3898 
f 3898/1799/3898 3887/1795/3887 3886/1794/3886 
f 3887/1795/3887 3898/1799/3898 3899/1115/3899 
f 3899/1115/3899 3890/1797/3890 3887/1795/3887 
f 3898/1799/3898 3897/1798/3897 3900/1800/3900 
f 3900/1800/3900 3899/1115/3899 3898/1799/3898 
f 3899/1115/3899 3900/1800/3900 3901/1055/3901 
f 3901/1055/3901 3902/1057/3902 3899/1115/3899 
f 3890/1797/3890 3899/1115/3899 3902/1057/3902 
f 3902/1057/3902 3891/1059/3891 3890/1797/3890 
f 3891/1059/3891 3902/1057/3902 3903/1058/3903 
f 3903/1058/3903 3894/1060/3894 3891/1059/3891 
f 3902/1057/3902 3901/1055/3901 3904/1056/3904 
f 3904/1056/3904 3903/1058/3903 3902/1057/3902 
f 3903/1058/3903 3904/1056/3904 2161/848/2161 
f 2161/848/2161 2159/854/2159 3903/1058/3903 
f 3894/1060/3894 3903/1058/3903 2159/854/2159 
f 2159/854/2159 2138/853/2138 3894/1060/3894 
f 2292/848/2292 2289/849/2289 3905/1054/3905 
f 3905/1054/3905 3896/1056/3896 2292/848/2292 
f 2289/849/2289 2288/843/2288 3906/1342/3906 
f 3906/1342/3906 3905/1054/3905 2289/849/2289 
f 3905/1054/3905 3906/1342/3906 3907/1801/3907 
f 3907/1801/3907 3908/1802/3908 3905/1054/3905 
f 3896/1056/3896 3905/1054/3905 3908/1802/3908 
f 3908/1802/3908 3897/1798/3897 3896/1056/3896 
f 3897/1798/3897 3908/1802/3908 3909/1258/3909 
f 3909/1258/3909 3900/1800/3900 3897/1798/3897 
f 3908/1802/3908 3907/1801/3907 3910/1803/3910 
f 3910/1803/3910 3909/1258/3909 3908/1802/3908 
f 3909/1258/3909 3910/1803/3910 3911/1051/3911 
f 3911/1051/3911 3912/1053/3912 3909/1258/3909 
f 3900/1800/3900 3909/1258/3909 3912/1053/3912 
f 3912/1053/3912 3901/1055/3901 3900/1800/3900 
f 3901/1055/3901 3912/1053/3912 3913/1054/3913 
f 3913/1054/3913 3904/1056/3904 3901/1055/3901 
f 3912/1053/3912 3911/1051/3911 3914/1052/3914 
f 3914/1052/3914 3913/1054/3913 3912/1053/3912 
f 3913/1054/3913 3914/1052/3914 2184/843/2184 
f 2184/843/2184 2182/849/2182 3913/1054/3913 
f 3904/1056/3904 3913/1054/3913 2182/849/2182 
f 2182/849/2182 2161/848/2161 3904/1056/3904 
f 2288/843/2288 3262/844/3262 3915/1383/3915 
f 3915/1383/3915 3906/1342/3906 2288/843/2288 
f 3262/844/3262 2673/838/2673 3916/1804/3916 
f 3916/1804/3916 3915/1383/3915 3262/844/3262 
f 3915/1383/3915 3916/1804/3916 3917/1805/3917 
f 3917/1805/3917 3918/1806/3918 3915/1383/3915 
f 3906/1342/3906 3915/1383/3915 3918/1806/3918 
f 3918/1806/3918 3907/1801/3907 3906/1342/3906 
f 3907/1801/3907 3918/1806/3918 3919/1383/3919 
f 3919/1383/3919 3910/1803/3910 3907/1801/3907 
f 3918/1806/3918 3917/1805/3917 3920/1807/3920 
f 3920/1807/3920 3919/1383/3919 3918/1806/3918 
f 3919/1383/3919 3920/1807/3920 3921/1047/3921 
f 3921/1047/3921 3922/1048/3922 3919/1383/3919 
f 3910/1803/3910 3919/1383/3919 3922/1048/3922 
f 3922/1048/3922 3911/1051/3911 3910/1803/3910 
f 3911/1051/3911 3922/1048/3922 3923/1049/3923 
f 3923/1049/3923 3914/1052/3914 3911/1051/3911 
f 3922/1048/3922 3921/1047/3921 3924/1050/3924 
f 3924/1050/3924 3923/1049/3923 3922/1048/3922 
f 3923/1049/3923 3924/1050/3924 2207/838/2207 
f 2207/838/2207 2205/844/2205 3923/1049/3923 
f 3914/1052/3914 3923/1049/3923 2205/844/2205 
f 2205/844/2205 2184/843/2184 3914/1052/3914 
f 2673/838/2673 2671/839/2671 3925/1384/3925 
f 3925/1384/3925 3916/1804/3916 2673/838/2673 
f 2671/839/2671 2255/834/2255 3926/1108/3926 
f 3926/1108/3926 3925/1384/3925 2671/839/2671 
f 3925/1384/3925 3926/1108/3926 3927/1808/3927 
f 3927/1808/3927 3928/1809/3928 3925/1384/3925 
f 3916/1804/3916 3925/1384/3925 3928/1809/3928 
f 3928/1809/3928 3917/1805/3917 3916/1804/3916 
f 3917/1805/3917 3928/1809/3928 3929/1384/3929 
f 3929/1384/3929 3920/1807/3920 3917/1805/3917 
f 3928/1809/3928 3927/1808/3927 3930/1810/3930 
f 3930/1810/3930 3929/1384/3929 3928/1809/3928 
f 3929/1384/3929 3930/1810/3930 3931/1811/3931 
f 3931/1811/3931 3932/1117/3932 3929/1384/3929 
f 3920/1807/3920 3929/1384/3929 3932/1117/3932 
f 3932/1117/3932 3921/1047/3921 3920/1807/3920 
f 3921/1047/3921 3932/1117/3932 3933/1118/3933 
f 3933/1118/3933 3924/1050/3924 3921/1047/3921 
f 3932/1117/3932 3931/1811/3931 3934/1108/3934 
f 3934/1108/3934 3933/1118/3933 3932/1117/3932 
f 3933/1118/3933 3934/1108/3934 2230/834/2230 
f 2230/834/2230 2228/839/2228 3933/1118/3933 
f 3924/1050/3924 3933/1118/3933 2228/839/2228 
f 2228/839/2228 2207/838/2207 3924/1050/3924 
f 2255/834/2255 2252/835/2252 3935/1105/3935 
f 3935/1105/3935 3926/1108/3926 2255/834/2255 
f 2252/835/2252 2251/830/2251 3936/1106/3936 
f 3936/1106/3936 3935/1105/3935 2252/835/2252 
f 3935/1105/3935 3936/1106/3936 3937/1812/3937 
f 3937/1812/3937 3938/1813/3938 3935/1105/3935 
f 3926/1108/3926 3935/1105/3935 3938/1813/3938 
f 3938/1813/3938 3927/1808/3927 3926/1108/3926 
f 3927/1808/3927 3938/1813/3938 3939/1346/3939 
f 3939/1346/3939 3930/1810/3930 3927/1808/3927 
f 3938/1813/3938 3937/1812/3937 3940/1814/3940 
f 3940/1814/3940 3939/1346/3939 3938/1813/3938 
f 3939/1346/3939 3940/1814/3940 3941/1103/3941 
f 3941/1103/3941 3942/1104/3942 3939/1346/3939 
f 3930/1810/3930 3939/1346/3939 3942/1104/3942 
f 3942/1104/3942 3931/1811/3931 3930/1810/3930 
f 3931/1811/3931 3942/1104/3942 3943/1105/3943 
f 3943/1105/3943 3934/1108/3934 3931/1811/3931 
f 3942/1104/3942 3941/1103/3941 3944/1106/3944 
f 3944/1106/3944 3943/1105/3943 3942/1104/3942 
f 3943/1105/3943 3944/1106/3944 2242/830/2242 
f 2242/830/2242 2277/835/2277 3943/1105/3943 
f 3934/1108/3934 3943/1105/3943 2277/835/2277 
f 2277/835/2277 2230/834/2230 3934/1108/3934 
f 2251/830/2251 3266/831/3266 3945/1110/3945 
f 3945/1110/3945 3936/1106/3936 2251/830/2251 
f 3266/831/3266 2644/826/2644 3946/1042/3946 
f 3946/1042/3946 3945/1110/3945 3266/831/3266 
f 3945/1110/3945 3946/1042/3946 3947/1815/3947 
f 3947/1815/3947 3948/1816/3948 3945/1110/3945 
f 3936/1106/3936 3945/1110/3945 3948/1816/3948 
f 3948/1816/3948 3937/1812/3937 3936/1106/3936 
f 3937/1812/3937 3948/1816/3948 3949/1348/3949 
f 3949/1348/3949 3940/1814/3940 3937/1812/3937 
f 3948/1816/3948 3947/1815/3947 3950/1817/3950 
f 3950/1817/3950 3949/1348/3949 3948/1816/3948 
f 3949/1348/3949 3950/1817/3950 3951/1818/3951 
f 3951/1818/3951 3952/1109/3952 3949/1348/3949 
f 3940/1814/3940 3949/1348/3949 3952/1109/3952 
f 3952/1109/3952 3941/1103/3941 3940/1814/3940 
f 3941/1103/3941 3952/1109/3952 3953/1110/3953 
f 3953/1110/3953 3944/1106/3944 3941/1103/3941 
f 3952/1109/3952 3951/1818/3951 3954/1042/3954 
f 3954/1042/3954 3953/1110/3953 3952/1109/3952 
f 3953/1110/3953 3954/1042/3954 2246/826/2246 
f 2246/826/2246 2243/831/2243 3953/1110/3953 
f 3944/1106/3944 3953/1110/3953 2243/831/2243 
f 2243/831/2243 2242/830/2242 3944/1106/3944 
f 2644/826/2644 2642/827/2642 3955/1351/3955 
f 3955/1351/3955 3946/1042/3946 2644/826/2644 
f 2642/827/2642 2324/822/2324 3956/1352/3956 
f 3956/1352/3956 3955/1351/3955 2642/827/2642 
f 3955/1351/3955 3956/1352/3956 3957/1819/3957 
f 3957/1819/3957 3958/1820/3958 3955/1351/3955 
f 3946/1042/3946 3955/1351/3955 3958/1820/3958 
f 3958/1820/3958 3947/1815/3947 3946/1042/3946 
f 3947/1815/3947 3958/1820/3958 3959/1351/3959 
f 3959/1351/3959 3950/1817/3950 3947/1815/3947 
f 3958/1820/3958 3957/1819/3957 3960/1821/3960 
f 3960/1821/3960 3959/1351/3959 3958/1820/3958 
f 3959/1351/3959 3960/1821/3960 3961/1040/3961 
f 3961/1040/3961 3962/1043/3962 3959/1351/3959 
f 3950/1817/3950 3959/1351/3959 3962/1043/3962 
f 3962/1043/3962 3951/1818/3951 3950/1817/3950 
f 3951/1818/3951 3962/1043/3962 3963/1041/3963 
f 3963/1041/3963 3954/1042/3954 3951/1818/3951 
f 3962/1043/3962 3961/1040/3961 3964/1038/3964 
f 3964/1038/3964 3963/1041/3963 3962/1043/3962 
f 3963/1041/3963 3964/1038/3964 2299/822/2299 
f 2299/822/2299 2297/827/2297 3963/1041/3963 
f 3954/1042/3954 3963/1041/3963 2297/827/2297 
f 2297/827/2297 2246/826/2246 3954/1042/3954 
f 2324/822/2324 2321/823/2321 3965/1240/3965 
f 3965/1240/3965 3956/1352/3956 2324/822/2324 
f 2321/823/2321 2320/613/2320 3966/1355/3966 
f 3966/1355/3966 3965/1240/3965 2321/823/2321 
f 3965/1240/3965 3966/1355/3966 3967/1822/3967 
f 3967/1822/3967 3968/1823/3968 3965/1240/3965 
f 3956/1352/3956 3965/1240/3965 3968/1823/3968 
f 3968/1823/3968 3957/1819/3957 3956/1352/3956 
f 3957/1819/3957 3968/1823/3968 3969/1240/3969 
f 3969/1240/3969 3960/1821/3960 3957/1819/3957 
f 3968/1823/3968 3967/1822/3967 3970/1824/3970 
f 3970/1824/3970 3969/1240/3969 3968/1823/3968 
f 3969/1240/3969 3970/1824/3970 3971/1036/3971 
f 3971/1036/3971 3972/1039/3972 3969/1240/3969 
f 3960/1821/3960 3969/1240/3969 3972/1039/3972 
f 3972/1039/3972 3961/1040/3961 3960/1821/3960 
f 3961/1040/3961 3972/1039/3972 3973/1037/3973 
f 3973/1037/3973 3964/1038/3964 3961/1040/3961 
f 3972/1039/3972 3971/1036/3971 3974/1034/3974 
f 3974/1034/3974 3973/1037/3973 3972/1039/3972 
f 3973/1037/3973 3974/1034/3974 2196/613/2196 
f 2196/613/2196 2345/823/2345 3973/1037/3973 
f 3964/1038/3964 3973/1037/3973 2345/823/2345 
f 2345/823/2345 2299/822/2299 3964/1038/3964 
f 2320/613/2320 3270/614/3270 3975/1033/3975 
f 3975/1033/3975 3966/1355/3966 2320/613/2320 
f 3270/614/3270 2591/615/2591 3976/1030/3976 
f 3976/1030/3976 3975/1033/3975 3270/614/3270 
f 3975/1033/3975 3976/1030/3976 3977/1825/3977 
f 3977/1825/3977 3978/1826/3978 3975/1033/3975 
f 3966/1355/3966 3975/1033/3975 3978/1826/3978 
f 3978/1826/3978 3967/1822/3967 3966/1355/3966 
f 3967/1822/3967 3978/1826/3978 3979/1357/3979 
f 3979/1357/3979 3970/1824/3970 3967/1822/3967 
f 3978/1826/3978 3977/1825/3977 3980/1827/3980 
f 3980/1827/3980 3979/1357/3979 3978/1826/3978 
f 3979/1357/3979 3980/1827/3980 3981/1032/3981 
f 3981/1032/3981 3982/1035/3982 3979/1357/3979 
f 3970/1824/3970 3979/1357/3979 3982/1035/3982 
f 3982/1035/3982 3971/1036/3971 3970/1824/3970 
f 3971/1036/3971 3982/1035/3982 3983/1033/3983 
f 3983/1033/3983 3974/1034/3974 3971/1036/3971 
f 3982/1035/3982 3981/1032/3981 3984/1030/3984 
f 3984/1030/3984 3983/1033/3983 3982/1035/3982 
f 3983/1033/3983 3984/1030/3984 2200/615/2200 
f 2200/615/2200 2197/614/2197 3983/1033/3983 
f 3974/1034/3974 3983/1033/3983 2197/614/2197 
f 2197/614/2197 2196/613/2196 3974/1034/3974 
f 2591/615/2591 2589/1028/2589 3985/1029/3985 
f 3985/1029/3985 3976/1030/3976 2591/615/2591 
f 2589/1028/2589 2384/1022/2384 3986/1828/3986 
f 3986/1828/3986 3985/1029/3985 2589/1028/2589 
f 3985/1029/3985 3986/1828/3986 3987/1829/3987 
f 3987/1829/3987 3988/1830/3988 3985/1029/3985 
f 3976/1030/3976 3985/1029/3985 3988/1830/3988 
f 3988/1830/3988 3977/1825/3977 3976/1030/3976 
f 3977/1825/3977 3988/1830/3988 3989/1101/3989 
f 3989/1101/3989 3980/1827/3980 3977/1825/3977 
f 3988/1830/3988 3987/1829/3987 3990/1831/3990 
f 3990/1831/3990 3989/1101/3989 3988/1830/3988 
f 3989/1101/3989 3990/1831/3990 3991/1027/3991 
f 3991/1027/3991 3992/1031/3992 3989/1101/3989 
f 3980/1827/3980 3989/1101/3989 3992/1031/3992 
f 3992/1031/3992 3981/1032/3981 3980/1827/3980 
f 3981/1032/3981 3992/1031/3992 3993/1029/3993 
f 3993/1029/3993 3984/1030/3984 3981/1032/3981 
f 3992/1031/3992 3991/1027/3991 3994/1025/3994 
f 3994/1025/3994 3993/1029/3993 3992/1031/3992 
f 3993/1029/3993 3994/1025/3994 2362/1022/2362 
f 2362/1022/2362 2360/1028/2360 3993/1029/3993 
f 3984/1030/3984 3993/1029/3993 2360/1028/2360 
f 2360/1028/2360 2200/615/2200 3984/1030/3984 
f 2384/1022/2384 2381/1023/2381 3995/1222/3995 
f 3995/1222/3995 3986/1828/3986 2384/1022/2384 
f 2381/1023/2381 2380/820/2380 3996/1832/3996 
f 3996/1832/3996 3995/1222/3995 2381/1023/2381 
f 3995/1222/3995 3996/1832/3996 3997/1833/3997 
f 3997/1833/3997 3998/1834/3998 3995/1222/3995 
f 3986/1828/3986 3995/1222/3995 3998/1834/3998 
f 3998/1834/3998 3987/1829/3987 3986/1828/3986 
f 3987/1829/3987 3998/1834/3998 3999/1222/3999 
f 3999/1222/3999 3990/1831/3990 3987/1829/3987 
f 3998/1834/3998 3997/1833/3997 4000/1835/4000 
f 4000/1835/4000 3999/1222/3999 3998/1834/3998 
f 3999/1222/3999 4000/1835/4000 4001/1021/4001 
f 4001/1021/4001 4002/1026/4002 3999/1222/3999 
f 3990/1831/3990 3999/1222/3999 4002/1026/4002 
f 4002/1026/4002 3991/1027/3991 3990/1831/3990 
f 3991/1027/3991 4002/1026/4002 4003/1024/4003 
f 4003/1024/4003 3994/1025/3994 3991/1027/3991 
f 4002/1026/4002 4001/1021/4001 4004/1019/4004 
f 4004/1019/4004 4003/1024/4003 4002/1026/4002 
f 4003/1024/4003 4004/1019/4004 2150/820/2150 
f 2150/820/2150 2402/1023/2402 4003/1024/4003 
f 3994/1025/3994 4003/1024/4003 2402/1023/2402 
f 2402/1023/2402 2362/1022/2362 3994/1025/3994 
f 2380/820/2380 3274/819/3274 4005/1386/4005 
f 4005/1386/4005 3996/1832/3996 2380/820/2380 
f 3274/819/3274 2556/818/2556 4006/1015/4006 
f 4006/1015/4006 4005/1386/4005 3274/819/3274 
f 4005/1386/4005 4006/1015/4006 4007/1836/4007 
f 4007/1836/4007 4008/1837/4008 4005/1386/4005 
f 3996/1832/3996 4005/1386/4005 4008/1837/4008 
f 4008/1837/4008 3997/1833/3997 3996/1832/3996 
f 3997/1833/3997 4008/1837/4008 4009/1386/4009 
f 4009/1386/4009 4000/1835/4000 3997/1833/3997 
f 4008/1837/4008 4007/1836/4007 4010/1838/4010 
f 4010/1838/4010 4009/1386/4009 4008/1837/4008 
f 4009/1386/4009 4010/1838/4010 4011/1839/4011 
f 4011/1839/4011 4012/1020/4012 4009/1386/4009 
f 4000/1835/4000 4009/1386/4009 4012/1020/4012 
f 4012/1020/4012 4001/1021/4001 4000/1835/4000 
f 4001/1021/4001 4012/1020/4012 4013/1018/4013 
f 4013/1018/4013 4004/1019/4004 4001/1021/4001 
f 4012/1020/4012 4011/1839/4011 4014/1015/4014 
f 4014/1015/4014 4013/1018/4013 4012/1020/4012 
f 4013/1018/4013 4014/1015/4014 2154/818/2154 
f 2154/818/2154 2151/819/2151 4013/1018/4013 
f 4004/1019/4004 4013/1018/4013 2151/819/2151 
f 2151/819/2151 2150/820/2150 4004/1019/4004 
f 2556/818/2556 2554/1013/2554 4015/1014/4015 
f 4015/1014/4015 4006/1015/4006 2556/818/2556 
f 2554/1013/2554 2088/1007/2088 4016/1010/4016 
f 4016/1010/4016 4015/1014/4015 2554/1013/2554 
f 4015/1014/4015 4016/1010/4016 4017/1840/4017 
f 4017/1840/4017 4018/1841/4018 4015/1014/4015 
f 4006/1015/4006 4015/1014/4015 4018/1841/4018 
f 4018/1841/4018 4007/1836/4007 4006/1015/4006 
f 4007/1836/4007 4018/1841/4018 4019/1362/4019 
f 4019/1362/4019 4010/1838/4010 4007/1836/4007 
f 4018/1841/4018 4017/1840/4017 4020/1842/4020 
f 4020/1842/4020 4019/1362/4019 4018/1841/4018 
f 4019/1362/4019 4020/1842/4020 4021/1012/4021 
f 4021/1012/4021 4022/1016/4022 4019/1362/4019 
f 4010/1838/4010 4019/1362/4019 4022/1016/4022 
f 4022/1016/4022 4011/1839/4011 4010/1838/4010 
f 4011/1839/4011 4022/1016/4022 4023/1014/4023 
f 4023/1014/4023 4014/1015/4014 4011/1839/4011 
f 4022/1016/4022 4021/1012/4021 4024/1010/4024 
f 4024/1010/4024 4023/1014/4023 4022/1016/4022 
f 4023/1014/4023 4024/1010/4024 2419/1007/2419 
f 2419/1007/2419 2417/1013/2417 4023/1014/4023 
f 4014/1015/4014 4023/1014/4023 2417/1013/2417 
f 2417/1013/2417 2154/818/2154 4014/1015/4014 
f 2088/1007/2088 2085/1008/2085 4025/1009/4025 
f 4025/1009/4025 4016/1010/4016 2088/1007/2088 
f 2085/1008/2085 2084/1001/2084 4026/1004/4026 
f 4026/1004/4026 4025/1009/4025 2085/1008/2085 
f 4025/1009/4025 4026/1004/4026 4027/1843/4027 
f 4027/1843/4027 4028/1844/4028 4025/1009/4025 
f 4016/1010/4016 4025/1009/4025 4028/1844/4028 
f 4028/1844/4028 4017/1840/4017 4016/1010/4016 
f 4017/1840/4017 4028/1844/4028 4029/1364/4029 
f 4029/1364/4029 4020/1842/4020 4017/1840/4017 
f 4028/1844/4028 4027/1843/4027 4030/1845/4030 
f 4030/1845/4030 4029/1364/4029 4028/1844/4028 
f 4029/1364/4029 4030/1845/4030 4031/1846/4031 
f 4031/1846/4031 4032/1011/4032 4029/1364/4029 
f 4020/1842/4020 4029/1364/4029 4032/1011/4032 
f 4032/1011/4032 4021/1012/4021 4020/1842/4020 
f 4021/1012/4021 4032/1011/4032 4033/1009/4033 
f 4033/1009/4033 4024/1010/4024 4021/1012/4021 
f 4032/1011/4032 4031/1846/4031 4034/1004/4034 
f 4034/1004/4034 4033/1009/4033 4032/1011/4032 
f 4033/1009/4033 4034/1004/4034 2442/1001/2442 
f 2442/1001/2442 2440/1008/2440 4033/1009/4033 
f 4024/1010/4024 4033/1009/4033 2440/1008/2440 
f 2440/1008/2440 2419/1007/2419 4024/1010/4024 
f 2084/1001/2084 3278/1366/3278 4035/1387/4035 
f 4035/1387/4035 4026/1004/4026 2084/1001/2084 
f 3278/1366/3278 2496/1000/2496 4036/1847/4036 
f 4036/1847/4036 4035/1387/4035 3278/1366/3278 
f 4035/1387/4035 4036/1847/4036 4037/1848/4037 
f 4037/1848/4037 4038/1849/4038 4035/1387/4035 
f 4026/1004/4026 4035/1387/4035 4038/1849/4038 
f 4038/1849/4038 4027/1843/4027 4026/1004/4026 
f 4027/1843/4027 4038/1849/4038 4039/1387/4039 
f 4039/1387/4039 4030/1845/4030 4027/1843/4027 
f 4038/1849/4038 4037/1848/4037 4040/1847/4040 
f 4040/1847/4040 4039/1387/4039 4038/1849/4038 
f 4039/1387/4039 4040/1847/4040 4041/1000/4041 
f 4041/1000/4041 4042/1005/4042 4039/1387/4039 
f 4030/1845/4030 4039/1387/4039 4042/1005/4042 
f 4042/1005/4042 4031/1846/4031 4030/1845/4030 
f 4031/1846/4031 4042/1005/4042 4043/1003/4043 
f 4043/1003/4043 4034/1004/4034 4031/1846/4031 
f 4042/1005/4042 4041/1000/4041 4044/998/4044 
f 4044/998/4044 4043/1003/4043 4042/1005/4042 
f 4043/1003/4043 4044/998/4044 2461/995/2461 
f 2461/995/2461 2459/1002/2459 4043/1003/4043 
f 4034/1004/4034 4043/1003/4043 2459/1002/2459 
f 2459/1002/2459 2442/1001/2442 4034/1004/4034 
f 2496/1000/2496 2494/999/2494 4045/1314/4045 
f 4045/1314/4045 4036/1847/4036 2496/1000/2496 
f 2494/999/2494 2037/994/2037 4046/1850/4046 
f 4046/1850/4046 4045/1314/4045 2494/999/2494 
f 4045/1314/4045 4046/1850/4046 4047/1851/4047 
f 4047/1851/4047 4048/1852/4048 4045/1314/4045 
f 4036/1847/4036 4045/1314/4045 4048/1852/4048 
f 4048/1852/4048 4037/1848/4037 4036/1847/4036 
f 4037/1848/4037 4048/1852/4048 4049/1314/4049 
f 4049/1314/4049 4040/1847/4040 4037/1848/4037 
f 4048/1852/4048 4047/1851/4047 4050/1850/4050 
f 4050/1850/4050 4049/1314/4049 4048/1852/4048 
f 4049/1314/4049 4050/1850/4050 4051/994/4051 
f 4051/994/4051 4052/999/4052 4049/1314/4049 
f 4040/1847/4040 4049/1314/4049 4052/999/4052 
f 4052/999/4052 4041/1000/4041 4040/1847/4040 
f 4041/1000/4041 4052/999/4052 4053/997/4053 
f 4053/997/4053 4044/998/4044 4041/1000/4041 
f 4052/999/4052 4051/994/4051 4054/992/4054 
f 4054/992/4054 4053/997/4053 4052/999/4052 
f 4053/997/4053 4054/992/4054 2482/989/2482 
f 2482/989/2482 2480/996/2480 4053/997/4053 
f 4044/998/4044 4053/997/4053 2480/996/2480 
f 2480/996/2480 2461/995/2461 4044/998/4044 
f 2037/994/2037 2034/1125/2034 4055/991/4055 
f 4055/991/4055 4046/1850/4046 2037/994/2037 
f 2034/1125/2034 2033/983/2033 4056/986/4056 
f 4056/986/4056 4055/991/4055 2034/1125/2034 
f 4055/991/4055 4056/986/4056 4057/1853/4057 
f 4057/1853/4057 4058/1854/4058 4055/991/4055 
f 4046/1850/4046 4055/991/4055 4058/1854/4058 
f 4058/1854/4058 4047/1851/4047 4046/1850/4046 
f 4047/1851/4047 4058/1854/4058 4059/1125/4059 
f 4059/1125/4059 4050/1850/4050 4047/1851/4047 
f 4058/1854/4058 4057/1853/4057 4060/1855/4060 
f 4060/1855/4060 4059/1125/4059 4058/1854/4058 
f 4059/1125/4059 4060/1855/4060 4061/988/4061 
f 4061/988/4061 4062/993/4062 4059/1125/4059 
f 4050/1850/4050 4059/1125/4059 4062/993/4062 
f 4062/993/4062 4051/994/4051 4050/1850/4050 
f 4051/994/4051 4062/993/4062 4063/991/4063 
f 4063/991/4063 4054/992/4054 4051/994/4051 
f 4062/993/4062 4061/988/4061 4064/986/4064 
f 4064/986/4064 4063/991/4063 4062/993/4062 
f 4063/991/4063 4064/986/4064 2502/983/2502 
f 2502/983/2502 2500/990/2500 4063/991/4063 
f 4054/992/4054 4063/991/4063 2500/990/2500 
f 2500/990/2500 2482/989/2482 4054/992/4054 
f 2033/983/2033 3282/984/3282 4065/985/4065 
f 4065/985/4065 4056/986/4056 2033/983/2033 
f 3282/984/3282 2475/977/2475 4066/1856/4066 
f 4066/1856/4066 4065/985/4065 3282/984/3282 
f 4065/985/4065 4066/1856/4066 4067/1857/4067 
f 4067/1857/4067 4068/1858/4068 4065/985/4065 
f 4056/986/4056 4065/985/4065 4068/1858/4068 
f 4068/1858/4068 4057/1853/4057 4056/986/4056 
f 4057/1853/4057 4068/1858/4068 4069/1368/4069 
f 4069/1368/4069 4060/1855/4060 4057/1853/4057 
f 4068/1858/4068 4067/1857/4067 4070/1859/4070 
f 4070/1859/4070 4069/1368/4069 4068/1858/4068 
f 4069/1368/4069 4070/1859/4070 4071/982/4071 
f 4071/982/4071 4072/987/4072 4069/1368/4069 
f 4060/1855/4060 4069/1368/4069 4072/987/4072 
f 4072/987/4072 4061/988/4061 4060/1855/4060 
f 4061/988/4061 4072/987/4072 4073/985/4073 
f 4073/985/4073 4064/986/4064 4061/988/4061 
f 4072/987/4072 4071/982/4071 4074/980/4074 
f 4074/980/4074 4073/985/4073 4072/987/4072 
f 4073/985/4073 4074/980/4074 2521/977/2521 
f 2521/977/2521 2519/984/2519 4073/985/4073 
f 4064/986/4064 4073/985/4073 2519/984/2519 
f 2519/984/2519 2502/983/2502 4064/986/4064 
f 2475/977/2475 2472/978/2472 4075/1300/4075 
f 4075/1300/4075 4066/1856/4066 2475/977/2475 
f 2472/978/2472 2471/968/2471 4076/1860/4076 
f 4076/1860/4076 4075/1300/4075 2472/978/2472 
f 4075/1300/4075 4076/1860/4076 4077/1861/4077 
f 4077/1861/4077 4078/1862/4078 4075/1300/4075 
f 4066/1856/4066 4075/1300/4075 4078/1862/4078 
f 4078/1862/4078 4067/1857/4067 4066/1856/4066 
f 4067/1857/4067 4078/1862/4078 4079/1300/4079 
f 4079/1300/4079 4070/1859/4070 4067/1857/4067 
f 4078/1862/4078 4077/1861/4077 4080/1863/4080 
f 4080/1863/4080 4079/1300/4079 4078/1862/4078 
f 4079/1300/4079 4080/1863/4080 4081/976/4081 
f 4081/976/4081 4082/981/4082 4079/1300/4079 
f 4070/1859/4070 4079/1300/4079 4082/981/4082 
f 4082/981/4082 4071/982/4071 4070/1859/4070 
f 4071/982/4071 4082/981/4082 4083/979/4083 
f 4083/979/4083 4074/980/4074 4071/982/4071 
f 4082/981/4082 4081/976/4081 4084/971/4084 
f 4084/971/4084 4083/979/4083 4082/981/4082 
f 4083/979/4083 4084/971/4084 2542/968/2542 
f 2542/968/2542 2540/978/2540 4083/979/4083 
f 4074/980/4074 4083/979/4083 2540/978/2540 
f 2540/978/2540 2521/977/2521 4074/980/4074 
f 2471/968/2471 3223/969/3223 4085/1165/4085 
f 4085/1165/4085 4076/1860/4076 2471/968/2471 
f 3223/969/3223 3222/972/3222 4086/973/4086 
f 4086/973/4086 4085/1165/4085 3223/969/3223 
f 4085/1165/4085 4086/973/4086 4087/1864/4087 
f 4087/1864/4087 4088/1865/4088 4085/1165/4085 
f 4076/1860/4076 4085/1165/4085 4088/1865/4088 
f 4088/1865/4088 4077/1861/4077 4076/1860/4076 
f 4077/1861/4077 4088/1865/4088 4089/1165/4089 
f 4089/1165/4089 4080/1863/4080 4077/1861/4077 
f 4088/1865/4088 4087/1864/4087 4090/1866/4090 
f 4090/1866/4090 4089/1165/4089 4088/1865/4088 
f 4089/1165/4089 4090/1866/4090 4091/1867/4091 
f 4091/1867/4091 4092/975/4092 4089/1165/4089 
f 4080/1863/4080 4089/1165/4089 4092/975/4092 
f 4092/975/4092 4081/976/4081 4080/1863/4080 
f 4081/976/4081 4092/975/4092 4093/970/4093 
f 4093/970/4093 4084/971/4084 4081/976/4081 
f 4092/975/4092 4091/1867/4091 4094/973/4094 
f 4094/973/4094 4093/970/4093 4092/975/4092 
f 4093/970/4093 4094/973/4094 2562/972/2562 
f 2562/972/2562 2560/969/2560 4093/970/4093 
f 4084/971/4084 4093/970/4093 2560/969/2560 
f 2560/969/2560 2542/968/2542 4084/971/4084 
f 3222/972/3222 3286/1045/3286 4095/1100/4095 
f 4095/1100/4095 4086/973/4086 3222/972/3222 
f 3286/1045/3286 2435/878/2435 4096/1096/4096 
f 4096/1096/4096 4095/1100/4095 3286/1045/3286 
f 4095/1100/4095 4096/1096/4096 4097/1868/4097 
f 4097/1868/4097 4098/1869/4098 4095/1100/4095 
f 4086/973/4086 4095/1100/4095 4098/1869/4098 
f 4098/1869/4098 4087/1864/4087 4086/973/4086 
f 4087/1864/4087 4098/1869/4098 4099/1372/4099 
f 4099/1372/4099 4090/1866/4090 4087/1864/4087 
f 4098/1869/4098 4097/1868/4097 4100/1870/4100 
f 4100/1870/4100 4099/1372/4099 4098/1869/4098 
f 4099/1372/4099 4100/1870/4100 4101/1095/4101 
f 4101/1095/4101 4102/1099/4102 4099/1372/4099 
f 4090/1866/4090 4099/1372/4099 4102/1099/4102 
f 4102/1099/4102 4091/1867/4091 4090/1866/4090 
f 4091/1867/4091 4102/1099/4102 4103/1100/4103 
f 4103/1100/4103 4094/973/4094 4091/1867/4091 
f 4102/1099/4102 4101/1095/4101 4104/1096/4104 
f 4104/1096/4104 4103/1100/4103 4102/1099/4102 
f 4103/1100/4103 4104/1096/4104 2579/878/2579 
f 2579/878/2579 2577/1045/2577 4103/1100/4103 
f 4094/973/4094 4103/1100/4103 2577/1045/2577 
f 2577/1045/2577 2562/972/2562 4094/973/4094 
f 2435/878/2435 2432/879/2432 4105/1094/4105 
f 4105/1094/4105 4096/1096/4096 2435/878/2435 
f 2432/879/2432 2431/872/2431 4106/1088/4106 
f 4106/1088/4106 4105/1094/4105 2432/879/2432 
f 4105/1094/4105 4106/1088/4106 4107/1871/4107 
f 4107/1871/4107 4108/1872/4108 4105/1094/4105 
f 4096/1096/4096 4105/1094/4105 4108/1872/4108 
f 4108/1872/4108 4097/1868/4097 4096/1096/4096 
f 4097/1868/4097 4108/1872/4108 4109/1374/4109 
f 4109/1374/4109 4100/1870/4100 4097/1868/4097 
f 4108/1872/4108 4107/1871/4107 4110/1873/4110 
f 4110/1873/4110 4109/1374/4109 4108/1872/4108 
f 4109/1374/4109 4110/1873/4110 4111/1874/4111 
f 4111/1874/4111 4112/1093/4112 4109/1374/4109 
f 4100/1870/4100 4109/1374/4109 4112/1093/4112 
f 4112/1093/4112 4101/1095/4101 4100/1870/4100 
f 4101/1095/4101 4112/1093/4112 4113/1094/4113 
f 4113/1094/4113 4104/1096/4104 4101/1095/4101 
f 4112/1093/4112 4111/1874/4111 4114/1088/4114 
f 4114/1088/4114 4113/1094/4113 4112/1093/4112 
f 4113/1094/4113 4114/1088/4114 2597/872/2597 
f 2597/872/2597 2595/879/2595 4113/1094/4113 
f 4104/1096/4104 4113/1094/4113 2595/879/2595 
f 2595/879/2595 2579/878/2579 4104/1096/4104 
f 2431/872/2431 3231/873/3231 4115/1146/4115 
f 4115/1146/4115 4106/1088/4106 2431/872/2431 
f 3231/873/3231 3230/866/3230 4116/1875/4116 
f 4116/1875/4116 4115/1146/4115 3231/873/3231 
f 4115/1146/4115 4116/1875/4116 4117/1876/4117 
f 4117/1876/4117 4118/1877/4118 4115/1146/4115 
f 4106/1088/4106 4115/1146/4115 4118/1877/4118 
f 4118/1877/4118 4107/1871/4107 4106/1088/4106 
f 4107/1871/4107 4118/1877/4118 4119/1146/4119 
f 4119/1146/4119 4110/1873/4110 4107/1871/4107 
f 4118/1877/4118 4117/1876/4117 4120/1878/4120 
f 4120/1878/4120 4119/1146/4119 4118/1877/4118 
f 4119/1146/4119 4120/1878/4120 4121/1079/4121 
f 4121/1079/4121 4122/1085/4122 4119/1146/4119 
f 4110/1873/4110 4119/1146/4119 4122/1085/4122 
f 4122/1085/4122 4111/1874/4111 4110/1873/4110 
f 4111/1874/4111 4122/1085/4122 4123/1086/4123 
f 4123/1086/4123 4114/1088/4114 4111/1874/4111 
f 4122/1085/4122 4121/1079/4121 4124/1080/4124 
f 4124/1080/4124 4123/1086/4123 4122/1085/4122 
f 4123/1086/4123 4124/1080/4124 2616/866/2616 
f 2616/866/2616 2614/873/2614 4123/1086/4123 
f 4114/1088/4114 4123/1086/4123 2614/873/2614 
f 2614/873/2614 2597/872/2597 4114/1088/4114 
f 3230/866/3230 3290/867/3290 4125/1389/4125 
f 4125/1389/4125 4116/1875/4116 3230/866/3230 
f 3290/867/3290 2535/860/2535 4126/1879/4126 
f 4126/1879/4126 4125/1389/4125 3290/867/3290 
f 4125/1389/4125 4126/1879/4126 4127/1880/4127 
f 4127/1880/4127 4128/1881/4128 4125/1389/4125 
f 4116/1875/4116 4125/1389/4125 4128/1881/4128 
f 4128/1881/4128 4117/1876/4117 4116/1875/4116 
f 4117/1876/4117 4128/1881/4128 4129/1389/4129 
f 4129/1389/4129 4120/1878/4120 4117/1876/4117 
f 4128/1881/4128 4127/1880/4127 4130/1882/4130 
f 4130/1882/4130 4129/1389/4129 4128/1881/4128 
f 4129/1389/4129 4130/1882/4130 4131/1071/4131 
f 4131/1071/4131 4132/1077/4132 4129/1389/4129 
f 4120/1878/4120 4129/1389/4129 4132/1077/4132 
f 4132/1077/4132 4121/1079/4121 4120/1878/4120 
f 4121/1079/4121 4132/1077/4132 4133/1078/4133 
f 4133/1078/4133 4124/1080/4124 4121/1079/4121 
f 4132/1077/4132 4131/1071/4131 4134/1072/4134 
f 4134/1072/4134 4133/1078/4133 4132/1077/4132 
f 4133/1078/4133 4134/1072/4134 2632/860/2632 
f 2632/860/2632 2630/867/2630 4133/1078/4133 
f 4124/1080/4124 4133/1078/4133 2630/867/2630 
f 2630/867/2630 2616/866/2616 4124/1080/4124 
f 2535/860/2535 2532/861/2532 4135/1070/4135 
f 4135/1070/4135 4126/1879/4126 2535/860/2535 
f 2532/861/2532 2531/862/2531 3820/962/3820 
f 3820/962/3820 4135/1070/4135 2532/861/2532 
f 4135/1070/4135 3820/962/3820 3824/1773/3824 
f 3824/1773/3824 4136/1883/4136 4135/1070/4135 
f 4126/1879/4126 4135/1070/4135 4136/1883/4136 
f 4136/1883/4136 4127/1880/4127 4126/1879/4126 
f 4127/1880/4127 4136/1883/4136 4137/1310/4137 
f 4137/1310/4137 4130/1882/4130 4127/1880/4127 
f 4136/1883/4136 3824/1773/3824 3826/1774/3826 
f 3826/1774/3826 4137/1310/4137 4136/1883/4136 
f 4137/1310/4137 3826/1774/3826 3830/967/3830 
f 3830/967/3830 4138/1069/4138 4137/1310/4137 
f 4130/1882/4130 4137/1310/4137 4138/1069/4138 
f 4138/1069/4138 4131/1071/4131 4130/1882/4130 
f 4131/1071/4131 4138/1069/4138 4139/1070/4139 
f 4139/1070/4139 4134/1072/4134 4131/1071/4131 
f 4138/1069/4138 3830/967/3830 3832/962/3832 
f 3832/962/3832 4139/1070/4139 4138/1069/4138 
f 4139/1070/4139 3832/962/3832 3296/862/3296 
f 3296/862/3296 3294/861/3294 4139/1070/4139 
f 4134/1072/4134 4139/1070/4139 3294/861/3294 
f 3294/861/3294 2632/860/2632 4134/1072/4134 
f 3296/862/3296 3834/960/3834 4140/961/4140 
f 4140/961/4140 3297/962/3297 3296/862/3296 
f 3834/960/3834 2068/963/2068 2071/964/2071 
f 2071/964/2071 4140/961/4140 3834/960/3834 
f 4140/961/4140 2071/964/2071 1950/965/1950 
f 1950/965/1950 1949/966/1949 4140/961/4140 
f 3297/962/3297 4140/961/4140 1949/966/1949 
f 1949/966/1949 1948/967/1948 3297/962/3297 
f 3366/1434/3366 3364/1432/3364 4141/1884/4141 
f 4141/1884/4141 4142/1885/4142 3366/1434/3366 
f 3364/1432/3364 3350/1422/3350 4143/1886/4143 
f 4143/1886/4143 4141/1884/4141 3364/1432/3364 
f 4141/1884/4141 4143/1886/4143 4144/1887/4144 
f 4144/1887/4144 4145/1888/4145 4141/1884/4141 
f 4142/1885/4142 4141/1884/4141 4145/1888/4145 
f 4145/1888/4145 4146/1889/4146 4142/1885/4142 
f 3414/1470/3414 3412/1468/3412 4147/1890/4147 
f 4147/1890/4147 4148/1891/4148 3414/1470/3414 
f 3412/1468/3412 3398/1458/3398 4149/1892/4149 
f 4149/1892/4149 4147/1890/4147 3412/1468/3412 
f 4147/1890/4147 4149/1892/4149 4150/1893/4150 
f 4150/1893/4150 4151/1894/4151 4147/1890/4147 
f 4148/1891/4148 4147/1890/4147 4151/1894/4151 
f 4151/1894/4151 4152/1895/4152 4148/1891/4148 
f 4153/1896/4153 4154/1897/4154 4155/1897/4155 
f 4155/1897/4155 4156/1898/4156 4153/1896/4153 
f 4154/1897/4154 4157/1899/4157 4158/1900/4158 
f 4158/1900/4158 4155/1897/4155 4154/1897/4154 
f 4155/1897/4155 4158/1900/4158 4159/1901/4159 
f 4159/1901/4159 4160/1897/4160 4155/1897/4155 
f 4156/1898/4156 4155/1897/4155 4160/1897/4160 
f 4160/1897/4160 4161/1902/4161 4156/1898/4156 
f 3510/1542/3510 3508/1540/3508 4162/1903/4162 
f 4162/1903/4162 4163/1904/4163 3510/1542/3510 
f 3508/1540/3508 3494/1530/3494 4164/1905/4164 
f 4164/1905/4164 4162/1903/4162 3508/1540/3508 
f 4162/1903/4162 4164/1905/4164 4165/1906/4165 
f 4165/1906/4165 4166/1907/4166 4162/1903/4162 
f 4163/1904/4163 4162/1903/4162 4166/1907/4166 
f 4166/1907/4166 4167/1908/4167 4163/1904/4163 
f 3558/1578/3558 3556/1576/3556 4168/1909/4168 
f 4168/1909/4168 4169/1910/4169 3558/1578/3558 
f 3556/1576/3556 3542/1566/3542 4170/1911/4170 
f 4170/1911/4170 4168/1909/4168 3556/1576/3556 
f 4168/1909/4168 4170/1911/4170 4171/1912/4171 
f 4171/1912/4171 4172/1913/4172 4168/1909/4168 
f 4169/1910/4169 4168/1909/4168 4172/1913/4172 
f 4172/1913/4172 4173/1914/4173 4169/1910/4169 
f 4174/1915/4174 4175/1916/4175 4176/1916/4176 
f 4176/1916/4176 4177/1917/4177 4174/1915/4174 
f 4175/1916/4175 4178/1918/4178 4179/1919/4179 
f 4179/1919/4179 4176/1916/4176 4175/1916/4175 
f 4176/1916/4176 4179/1919/4179 4180/1920/4180 
f 4180/1920/4180 4181/1916/4181 4176/1916/4176 
f 4177/1917/4177 4176/1916/4176 4181/1916/4181 
f 4181/1916/4181 4182/1921/4182 4177/1917/4177 
f 4183/1922/4183 4184/1923/4184 4185/1923/4185 
f 4185/1923/4185 4186/1924/4186 4183/1922/4183 
f 4184/1923/4184 4187/1925/4187 4188/1926/4188 
f 4188/1926/4188 4185/1923/4185 4184/1923/4184 
f 4185/1923/4185 4188/1926/4188 4189/1927/4189 
f 4189/1927/4189 4190/1923/4190 4185/1923/4185 
f 4186/1924/4186 4185/1923/4185 4190/1923/4190 
f 4190/1923/4190 4191/1928/4191 4186/1924/4186 
f 4192/1929/4192 4193/1930/4193 4194/1931/4194 
f 4194/1931/4194 4195/1932/4195 4192/1929/4192 
f 4193/1930/4193 4196/1933/4196 4197/1934/4197 
f 4197/1934/4197 4194/1931/4194 4193/1930/4193 
f 4194/1931/4194 4197/1934/4197 4198/1935/4198 
f 4198/1935/4198 4199/1936/4199 4194/1931/4194 
f 4195/1932/4195 4194/1931/4194 4199/1936/4199 
f 4199/1936/4199 4200/1937/4200 4195/1932/4195 
f 3699/1683/3699 3697/1681/3697 4201/1938/4201 
f 4201/1938/4201 4202/1939/4202 3699/1683/3699 
f 3697/1681/3697 3683/1671/3683 4203/1940/4203 
f 4203/1940/4203 4201/1938/4201 3697/1681/3697 
f 4201/1938/4201 4203/1940/4203 4204/1941/4204 
f 4204/1941/4204 4205/1942/4205 4201/1938/4201 
f 4202/1939/4202 4201/1938/4201 4205/1942/4205 
f 4205/1942/4205 4206/1943/4206 4202/1939/4202 
f 4207/1944/4207 4208/1945/4208 4209/1945/4209 
f 4209/1945/4209 4210/1946/4210 4207/1944/4207 
f 4208/1945/4208 4211/1947/4211 4212/1948/4212 
f 4212/1948/4212 4209/1945/4209 4208/1945/4208 
f 4209/1945/4209 4212/1948/4212 4213/1949/4213 
f 4213/1949/4213 4214/1945/4214 4209/1945/4209 
f 4210/1946/4210 4209/1945/4209 4214/1945/4214 
f 4214/1945/4214 4215/1950/4215 4210/1946/4210 
f 4216/1951/4216 4217/1952/4217 4218/1952/4218 
f 4218/1952/4218 4219/1953/4219 4216/1951/4216 
f 4217/1952/4217 4220/1954/4220 4221/1955/4221 
f 4221/1955/4221 4218/1952/4218 4217/1952/4217 
f 4218/1952/4218 4221/1955/4221 4222/1956/4222 
f 4222/1956/4222 4223/1952/4223 4218/1952/4218 
f 4219/1953/4219 4218/1952/4218 4223/1952/4223 
f 4223/1952/4223 4224/1957/4224 4219/1953/4219 
f 4225/1958/4225 4226/1959/4226 4227/1959/4227 
f 4227/1959/4227 4228/1960/4228 4225/1958/4225 
f 4226/1959/4226 4229/1961/4229 4230/1962/4230 
f 4230/1962/4230 4227/1959/4227 4226/1959/4226 
f 4227/1959/4227 4230/1962/4230 4231/1963/4231 
f 4231/1963/4231 4232/1959/4232 4227/1959/4227 
f 4228/1960/4228 4227/1959/4227 4232/1959/4232 
f 4232/1959/4232 4233/1964/4233 4228/1960/4228 
f 4234/1965/4234 4235/1966/4235 4236/1966/4236 
f 4236/1966/4236 4237/1967/4237 4234/1965/4234 
f 4235/1966/4235 4238/1968/4238 4239/1969/4239 
f 4239/1969/4239 4236/1966/4236 4235/1966/4235 
f 4236/1966/4236 4239/1969/4239 4240/1970/4240 
f 4240/1970/4240 4241/1966/4241 4236/1966/4236 
f 4237/1967/4237 4236/1966/4236 4241/1966/4241 
f 4241/1966/4241 4242/1971/4242 4237/1967/4237 
f 3446/1494/3446 3444/1492/3444 4243/1972/4243 
f 4243/1972/4243 4244/1973/4244 3446/1494/3446 
f 3444/1492/3444 3430/1482/3430 4245/1974/4245 
f 4245/1974/4245 4243/1972/4243 3444/1492/3444 
f 4243/1972/4243 4245/1974/4245 4246/1975/4246 
f 4246/1975/4246 4247/1976/4247 4243/1972/4243 
f 4244/1973/4244 4243/1972/4243 4247/1976/4247 
f 4247/1976/4247 4248/1977/4248 4244/1973/4244 
f 4249/1978/4249 4250/1979/4250 4251/1979/4251 
f 4251/1979/4251 4252/1980/4252 4249/1978/4249 
f 4250/1979/4250 4253/1981/4253 4254/1982/4254 
f 4254/1982/4254 4251/1979/4251 4250/1979/4250 
f 4251/1979/4251 4254/1982/4254 4255/1983/4255 
f 4255/1983/4255 4256/1984/4256 4251/1979/4251 
f 4252/1980/4252 4251/1979/4251 4256/1984/4256 
f 4256/1984/4256 4257/1985/4257 4252/1980/4252 
f 4258/1986/4258 4259/1987/4259 4260/1987/4260 
f 4260/1987/4260 4261/1988/4261 4258/1986/4258 
f 4259/1987/4259 4262/1989/4262 4263/1990/4263 
f 4263/1990/4263 4260/1987/4260 4259/1987/4259 
f 4260/1987/4260 4263/1990/4263 4264/1991/4264 
f 4264/1991/4264 4265/1992/4265 4260/1987/4260 
f 4261/1988/4261 4260/1987/4260 4265/1992/4265 
f 4265/1992/4265 4266/1993/4266 4261/1988/4261 
f 3590/1602/3590 3588/1600/3588 4267/1994/4267 
f 4267/1994/4267 4268/1995/4268 3590/1602/3590 
f 3588/1600/3588 3574/1590/3574 4269/1996/4269 
f 4269/1996/4269 4267/1994/4267 3588/1600/3588 
f 4267/1994/4267 4269/1996/4269 4270/1997/4270 
f 4270/1997/4270 4271/1998/4271 4267/1994/4267 
f 4268/1995/4268 4267/1994/4267 4271/1998/4271 
f 4271/1998/4271 4272/1999/4272 4268/1995/4268 
f 4187/2000/4187 4273/2001/4273 4274/2001/4274 
f 4274/2001/4274 4188/2002/4188 4187/2000/4187 
f 4273/2001/4273 4275/2003/4275 4276/2004/4276 
f 4276/2004/4276 4274/2001/4274 4273/2001/4273 
f 4274/2001/4274 4276/2004/4276 4277/2005/4277 
f 4277/2005/4277 4278/2001/4278 4274/2001/4274 
f 4188/2002/4188 4274/2001/4274 4278/2001/4278 
f 4278/2001/4278 4189/1927/4189 4188/2002/4188 
f 4279/2006/4279 4280/2007/4280 4281/2008/4281 
f 4281/2008/4281 4282/2009/4282 4279/2006/4279 
f 4280/2007/4280 4283/2010/4283 4284/2011/4284 
f 4284/2011/4284 4281/2008/4281 4280/2007/4280 
f 4281/2008/4281 4284/2011/4284 4285/2012/4285 
f 4285/2012/4285 4286/2013/4286 4281/2008/4281 
f 4282/2009/4282 4281/2008/4281 4286/2013/4286 
f 4286/2013/4286 4287/2014/4287 4282/2009/4282 
f 3731/1707/3731 3729/1705/3729 4288/2015/4288 
f 4288/2015/4288 4289/2016/4289 3731/1707/3731 
f 3729/1705/3729 3715/1695/3715 4290/2017/4290 
f 4290/2017/4290 4288/2015/4288 3729/1705/3729 
f 4288/2015/4288 4290/2017/4290 4291/2018/4291 
f 4291/2018/4291 4292/2019/4292 4288/2015/4288 
f 4289/2016/4289 4288/2015/4288 4292/2019/4292 
f 4292/2019/4292 4293/2020/4293 4289/2016/4289 
f 3779/1743/3779 3777/1741/3777 4294/2021/4294 
f 4294/2021/4294 4295/2022/4295 3779/1743/3779 
f 3777/1741/3777 3763/1731/3763 4296/2023/4296 
f 4296/2023/4296 4294/2021/4294 3777/1741/3777 
f 4294/2021/4294 4296/2023/4296 4297/2024/4297 
f 4297/2024/4297 4298/2025/4298 4294/2021/4294 
f 4295/2022/4295 4294/2021/4294 4298/2025/4298 
f 4298/2025/4298 4299/2026/4299 4295/2022/4295 
f 4229/2027/4229 4300/2028/4300 4301/2028/4301 
f 4301/2028/4301 4230/2029/4230 4229/2027/4229 
f 4300/2028/4300 4302/2030/4302 4303/2031/4303 
f 4303/2031/4303 4301/2028/4301 4300/2028/4300 
f 4301/2028/4301 4303/2031/4303 4304/2032/4304 
f 4304/2032/4304 4305/2028/4305 4301/2028/4301 
f 4230/2029/4230 4301/2028/4301 4305/2028/4305 
f 4305/2028/4305 4231/1963/4231 4230/2029/4230 
f 4238/2033/4238 4306/2034/4306 4307/2034/4307 
f 4307/2034/4307 4239/2035/4239 4238/2033/4238 
f 4306/2034/4306 4308/2036/4308 4309/2037/4309 
f 4309/2037/4309 4307/2034/4307 4306/2034/4306 
f 4307/2034/4307 4309/2037/4309 4310/2038/4310 
f 4310/2038/4310 4311/2034/4311 4307/2034/4307 
f 4239/2035/4239 4307/2034/4307 4311/2034/4311 
f 4311/2034/4311 4240/1970/4240 4239/2035/4239 
f 4157/2039/4157 4312/2040/4312 4313/2040/4313 
f 4313/2040/4313 4158/2041/4158 4157/2039/4157 
f 4312/2040/4312 4314/2042/4314 4315/2043/4315 
f 4315/2043/4315 4313/2040/4313 4312/2040/4312 
f 4313/2040/4313 4315/2043/4315 4316/2044/4316 
f 4316/2044/4316 4317/2040/4317 4313/2040/4313 
f 4158/2041/4158 4313/2040/4313 4317/2040/4317 
f 4317/2040/4317 4159/1901/4159 4158/2041/4158 
f 4253/2045/4253 4318/2046/4318 4319/2046/4319 
f 4319/2046/4319 4254/2047/4254 4253/2045/4253 
f 4318/2046/4318 4320/2048/4320 4321/2049/4321 
f 4321/2049/4321 4319/2046/4319 4318/2046/4318 
f 4319/2046/4319 4321/2049/4321 4322/2050/4322 
f 4322/2050/4322 4323/2051/4323 4319/2046/4319 
f 4254/2047/4254 4319/2046/4319 4323/2051/4323 
f 4323/2051/4323 4255/1983/4255 4254/2047/4254 
f 4262/2052/4262 4324/2053/4324 4325/2053/4325 
f 4325/2053/4325 4263/2054/4263 4262/2052/4262 
f 4324/2053/4324 4326/2055/4326 4327/2056/4327 
f 4327/2056/4327 4325/2053/4325 4324/2053/4324 
f 4325/2053/4325 4327/2056/4327 4328/2057/4328 
f 4328/2057/4328 4329/2053/4329 4325/2053/4325 
f 4263/2054/4263 4325/2053/4325 4329/2053/4329 
f 4329/2053/4329 4264/1991/4264 4263/2054/4263 
f 4178/2058/4178 4330/2059/4330 4331/2059/4331 
f 4331/2059/4331 4179/2060/4179 4178/2058/4178 
f 4330/2059/4330 4332/2061/4332 4333/2062/4333 
f 4333/2062/4333 4331/2059/4331 4330/2059/4330 
f 4331/2059/4331 4333/2062/4333 4334/2063/4334 
f 4334/2063/4334 4335/2059/4335 4331/2059/4331 
f 4179/2060/4179 4331/2059/4331 4335/2059/4335 
f 4335/2059/4335 4180/1920/4180 4179/2060/4179 
f 4275/2064/4275 4336/2065/4336 4337/2065/4337 
f 4337/2065/4337 4276/2066/4276 4275/2064/4275 
f 4336/2065/4336 4338/2067/4338 4339/2068/4339 
f 4339/2068/4339 4337/2065/4337 4336/2065/4336 
f 4337/2065/4337 4339/2068/4339 4340/2069/4340 
f 4340/2069/4340 4341/2065/4341 4337/2065/4337 
f 4276/2066/4276 4337/2065/4337 4341/2065/4341 
f 4341/2065/4341 4277/2005/4277 4276/2066/4276 
f 4283/2070/4283 4342/2071/4342 4343/2072/4343 
f 4343/2072/4343 4284/2073/4284 4283/2070/4283 
f 4342/2071/4342 4183/2074/4183 4186/2075/4186 
f 4186/2075/4186 4343/2072/4343 4342/2071/4342 
f 4343/2072/4343 4186/2075/4186 4191/1928/4191 
f 4191/1928/4191 4344/2076/4344 4343/2072/4343 
f 4284/2073/4284 4343/2072/4343 4344/2076/4344 
f 4344/2076/4344 4285/2012/4285 4284/2073/4284 
f 4211/2077/4211 4345/2078/4345 4346/2078/4346 
f 4346/2078/4346 4212/2079/4212 4211/2077/4211 
f 4345/2078/4345 4347/2080/4347 4348/2081/4348 
f 4348/2081/4348 4346/2078/4346 4345/2078/4345 
f 4346/2078/4346 4348/2081/4348 4349/2082/4349 
f 4349/2082/4349 4350/2078/4350 4346/2078/4346 
f 4212/2079/4212 4346/2078/4346 4350/2078/4350 
f 4350/2078/4350 4213/1949/4213 4212/2079/4212 
f 4220/2083/4220 4351/2084/4351 4352/2084/4352 
f 4352/2084/4352 4221/2085/4221 4220/2083/4220 
f 4351/2084/4351 4353/2086/4353 4354/2087/4354 
f 4354/2087/4354 4352/2084/4352 4351/2084/4351 
f 4352/2084/4352 4354/2087/4354 4355/2088/4355 
f 4355/2088/4355 4356/2084/4356 4352/2084/4352 
f 4221/2085/4221 4352/2084/4352 4356/2084/4356 
f 4356/2084/4356 4222/1956/4222 4221/2085/4221 
f 4357/2089/4357 4358/2090/4358 4359/2091/4359 
f 4359/2091/4359 4360/2092/4360 4357/2089/4357 
f 4358/2090/4358 4361/2093/4361 4362/2094/4362 
f 4362/2094/4362 4359/2091/4359 4358/2090/4358 
f 4359/2091/4359 4362/2094/4362 4363/1963/4363 
f 4363/1963/4363 4364/2028/4364 4359/2091/4359 
f 4360/2092/4360 4359/2091/4359 4364/2028/4364 
f 4364/2028/4364 4365/2095/4365 4360/2092/4360 
f 2652/1321/2652 3636/1636/3636 4366/2096/4366 
f 4366/2096/4366 2653/1322/2653 2652/1321/2652 
f 3636/1636/3636 3622/1626/3622 4367/2097/4367 
f 4367/2097/4367 4366/2096/4366 3636/1636/3636 
f 4366/2096/4366 4367/2097/4367 4368/2098/4368 
f 4368/2098/4368 4369/2099/4369 4366/2096/4366 
f 2653/1322/2653 4366/2096/4366 4369/2099/4369 
f 4369/2099/4369 2654/1323/2654 2653/1322/2653 
f 4320/2100/4320 4370/2101/4370 4371/2101/4371 
f 4371/2101/4371 4321/2102/4321 4320/2100/4320 
f 4370/2101/4370 4153/2103/4153 4156/2104/4156 
f 4156/2104/4156 4371/2101/4371 4370/2101/4370 
f 4371/2101/4371 4156/2104/4156 4161/1902/4161 
f 4161/1902/4161 4372/2101/4372 4371/2101/4371 
f 4321/2102/4321 4371/2101/4371 4372/2101/4372 
f 4372/2101/4372 4322/2050/4322 4321/2102/4321 
f 4373/2105/4373 4374/2106/4374 4375/2107/4375 
f 4375/2107/4375 4376/2108/4376 4373/2105/4373 
f 4374/2106/4374 4377/2109/4377 4378/2110/4378 
f 4378/2110/4378 4375/2107/4375 4374/2106/4374 
f 4375/2107/4375 4378/2110/4378 4379/1993/4379 
f 4379/1993/4379 4380/2111/4380 4375/2107/4375 
f 4376/2108/4376 4375/2107/4375 4380/2111/4380 
f 4380/2111/4380 4381/2112/4381 4376/2108/4376 
f 4326/2113/4326 4382/2114/4382 4383/2114/4383 
f 4383/2114/4383 4327/2115/4327 4326/2113/4326 
f 4382/2114/4382 4249/2116/4249 4252/2117/4252 
f 4252/2117/4252 4383/2114/4383 4382/2114/4382 
f 4383/2114/4383 4252/2117/4252 4257/1985/4257 
f 4257/1985/4257 4384/2114/4384 4383/2114/4383 
f 4327/2115/4327 4383/2114/4383 4384/2114/4384 
f 4384/2114/4384 4328/2057/4328 4327/2115/4327 
f 3430/1482/3430 3428/1480/3428 4385/2118/4385 
f 4385/2118/4385 4245/1974/4245 3430/1482/3430 
f 3428/1480/3428 3414/1470/3414 4148/1891/4148 
f 4148/1891/4148 4385/2118/4385 3428/1480/3428 
f 4385/2118/4385 4148/1891/4148 4152/1895/4152 
f 4152/1895/4152 4386/2119/4386 4385/2118/4385 
f 4245/1974/4245 4385/2118/4385 4386/2119/4386 
f 4386/2119/4386 4246/1975/4246 4245/1974/4245 
f 4387/2120/4387 4388/2121/4388 4389/2122/4389 
f 4389/2122/4389 4390/2123/4390 4387/2120/4387 
f 4388/2121/4388 4391/2124/4391 4392/2125/4392 
f 4392/2125/4392 4389/2122/4389 4388/2121/4388 
f 4389/2122/4389 4392/2125/4392 4393/2126/4393 
f 4393/2126/4393 4394/2114/4394 4389/2122/4389 
f 4390/2123/4390 4389/2122/4389 4394/2114/4394 
f 4394/2114/4394 4395/1985/4395 4390/2123/4390 
f 3795/1755/3795 3793/1753/3793 4396/2127/4396 
f 4396/2127/4396 4397/2128/4397 3795/1755/3795 
f 3793/1753/3793 3779/1743/3779 4295/2022/4295 
f 4295/2022/4295 4396/2127/4396 3793/1753/3793 
f 4396/2127/4396 4295/2022/4295 4299/2026/4299 
f 4299/2026/4299 4398/2129/4398 4396/2127/4396 
f 4397/2128/4397 4396/2127/4396 4398/2129/4398 
f 4398/2129/4398 4399/2130/4399 4397/2128/4397 
f 4400/2131/4400 4401/2132/4401 4402/2133/4402 
f 4402/2133/4402 4403/2134/4403 4400/2131/4400 
f 4401/2132/4401 4404/2135/4404 4405/2136/4405 
f 4405/2136/4405 4402/2133/4402 4401/2132/4401 
f 4402/2133/4402 4405/2136/4405 4406/2137/4406 
f 4406/2137/4406 4407/2138/4407 4402/2133/4402 
f 4403/2134/4403 4402/2133/4402 4407/2138/4407 
f 4407/2138/4407 4408/2139/4408 4403/2134/4403 
f 4332/2140/4332 4409/2141/4409 4410/2141/4410 
f 4410/2141/4410 4333/2142/4333 4332/2140/4332 
f 4409/2141/4409 4258/2143/4258 4261/2144/4261 
f 4261/2144/4261 4410/2141/4410 4409/2141/4409 
f 4410/2141/4410 4261/2144/4261 4266/1993/4266 
f 4266/1993/4266 4411/2141/4411 4410/2141/4410 
f 4333/2142/4333 4410/2141/4410 4411/2141/4411 
f 4411/2141/4411 4334/2063/4334 4333/2142/4333 
f 4412/2145/4412 4413/2146/4413 4414/2147/4414 
f 4414/2147/4414 4415/2148/4415 4412/2145/4412 
f 4413/2146/4413 4416/2149/4416 4417/2150/4417 
f 4417/2150/4417 4414/2147/4414 4413/2146/4413 
f 4414/2147/4414 4417/2150/4417 4418/2151/4418 
f 4418/2151/4418 4419/2152/4419 4414/2147/4414 
f 4415/2148/4415 4414/2147/4414 4419/2152/4419 
f 4419/2152/4419 4420/2153/4420 4415/2148/4415 
f 4338/2154/4338 4421/2155/4421 4422/2155/4422 
f 4422/2155/4422 4339/2156/4339 4338/2154/4338 
f 4421/2155/4421 4174/2157/4174 4177/2158/4177 
f 4177/2158/4177 4422/2155/4422 4421/2155/4421 
f 4422/2155/4422 4177/2158/4177 4182/1921/4182 
f 4182/1921/4182 4423/2159/4423 4422/2155/4422 
f 4339/2156/4339 4422/2155/4422 4423/2159/4423 
f 4423/2159/4423 4340/2069/4340 4339/2156/4339 
f 4424/2160/4424 4425/2161/4425 4426/2162/4426 
f 4426/2162/4426 4427/2163/4427 4424/2160/4424 
f 4425/2161/4425 4428/2164/4428 4429/2165/4429 
f 4429/2165/4429 4426/2162/4426 4425/2161/4425 
f 4426/2162/4426 4429/2165/4429 4430/2166/4430 
f 4430/2166/4430 4431/2167/4431 4426/2162/4426 
f 4427/2163/4427 4426/2162/4426 4431/2167/4431 
f 4431/2167/4431 4432/2168/4432 4427/2163/4427 
f 3574/1590/3574 3572/1588/3572 4433/2169/4433 
f 4433/2169/4433 4269/1996/4269 3574/1590/3574 
f 3572/1588/3572 3558/1578/3558 4169/1910/4169 
f 4169/1910/4169 4433/2169/4433 3572/1588/3572 
f 4433/2169/4433 4169/1910/4169 4173/1914/4173 
f 4173/1914/4173 4434/2170/4434 4433/2169/4433 
f 4269/1996/4269 4433/2169/4433 4434/2170/4434 
f 4434/2170/4434 4270/1997/4270 4269/1996/4269 
f 4377/2109/4377 4435/2171/4435 4436/2172/4436 
f 4436/2172/4436 4378/2110/4378 4377/2109/4377 
f 4435/2171/4435 4424/2160/4424 4427/2163/4427 
f 4427/2163/4427 4436/2172/4436 4435/2171/4435 
f 4436/2172/4436 4427/2163/4427 4432/2168/4432 
f 4432/2168/4432 4437/2173/4437 4436/2172/4436 
f 4378/2110/4378 4436/2172/4436 4437/2173/4437 
f 4437/2173/4437 4379/1993/4379 4378/2110/4378 
f 3667/1659/3667 3665/1657/3665 4438/2174/4438 
f 4438/2174/4438 4439/2175/4439 3667/1659/3667 
f 3665/1657/3665 2648/1317/2648 2651/1320/2651 
f 2651/1320/2651 4438/2174/4438 3665/1657/3665 
f 4438/2174/4438 2651/1320/2651 2656/1325/2656 
f 2656/1325/2656 4440/2176/4440 4438/2174/4438 
f 4439/2175/4439 4438/2174/4438 4440/2176/4440 
f 4440/2176/4440 4441/2177/4441 4439/2175/4439 
f 3526/1554/3526 3524/1552/3524 4442/2178/4442 
f 4442/2178/4442 4443/2179/4443 3526/1554/3526 
f 3524/1552/3524 3510/1542/3510 4163/1904/4163 
f 4163/1904/4163 4442/2178/4442 3524/1552/3524 
f 4442/2178/4442 4163/1904/4163 4167/1908/4167 
f 4167/1908/4167 4444/2180/4444 4442/2178/4442 
f 4443/2179/4443 4442/2178/4442 4444/2180/4444 
f 4444/2180/4444 4445/2181/4445 4443/2179/4443 
f 4446/2182/4446 4447/2183/4447 4448/2184/4448 
f 4448/2184/4448 4449/2185/4449 4446/2182/4446 
f 4447/2183/4447 4450/2186/4450 4451/2187/4451 
f 4451/2187/4451 4448/2184/4448 4447/2183/4447 
f 4448/2184/4448 4451/2187/4451 4452/2188/4452 
f 4452/2188/4452 4453/2001/4453 4448/2184/4448 
f 4449/2185/4449 4448/2184/4448 4453/2001/4453 
f 4453/2001/4453 4454/2005/4454 4449/2185/4449 
f 4347/2189/4347 4455/2190/4455 4456/2190/4456 
f 4456/2190/4456 4348/2191/4348 4347/2189/4347 
f 4455/2190/4455 4279/2192/4279 4282/2193/4282 
f 4282/2193/4282 4456/2190/4456 4455/2190/4455 
f 4456/2190/4456 4282/2193/4282 4287/2014/4287 
f 4287/2014/4287 4457/2190/4457 4456/2190/4456 
f 4348/2191/4348 4456/2190/4456 4457/2190/4457 
f 4457/2190/4457 4349/2082/4349 4348/2191/4348 
f 4458/2194/4458 4459/2195/4459 4460/2196/4460 
f 4460/2196/4460 4461/2197/4461 4458/2194/4458 
f 4459/2195/4459 4462/2198/4462 4463/2199/4463 
f 4463/2199/4463 4460/2196/4460 4459/2195/4459 
f 4460/2196/4460 4463/2199/4463 4464/2044/4464 
f 4464/2044/4464 4465/2200/4465 4460/2196/4460 
f 4461/2197/4461 4460/2196/4460 4465/2200/4465 
f 4465/2200/4465 4466/2201/4466 4461/2197/4461 
f 4353/2202/4353 4467/2203/4467 4468/2203/4468 
f 4468/2203/4468 4354/2204/4354 4353/2202/4353 
f 4467/2203/4467 4207/2205/4207 4210/2206/4210 
f 4210/2206/4210 4468/2203/4468 4467/2203/4467 
f 4468/2203/4468 4210/2206/4210 4215/1950/4215 
f 4215/1950/4215 4469/2207/4469 4468/2203/4468 
f 4354/2204/4354 4468/2203/4468 4469/2207/4469 
f 4469/2207/4469 4355/2088/4355 4354/2204/4354 
f 3683/1671/3683 3681/1669/3681 4470/2208/4470 
f 4470/2208/4470 4203/1940/4203 3683/1671/3683 
f 3681/1669/3681 3667/1659/3667 4439/2175/4439 
f 4439/2175/4439 4470/2208/4470 3681/1669/3681 
f 4470/2208/4470 4439/2175/4439 4441/2177/4441 
f 4441/2177/4441 4471/2209/4471 4470/2208/4470 
f 4203/1940/4203 4470/2208/4470 4471/2209/4471 
f 4471/2209/4471 4204/1941/4204 4203/1940/4203 
f 4361/2093/4361 4472/2210/4472 4473/2211/4473 
f 4473/2211/4473 4362/2094/4362 4361/2093/4361 
f 4472/2210/4472 4474/2212/4474 4475/2213/4475 
f 4475/2213/4475 4473/2211/4473 4472/2210/4472 
f 4473/2211/4473 4475/2213/4475 4476/2214/4476 
f 4476/2214/4476 4477/2215/4477 4473/2211/4473 
f 4362/2094/4362 4473/2211/4473 4477/2215/4477 
f 4477/2215/4477 4363/1963/4363 4362/2094/4362 
f 4478/2216/4478 4479/2217/4479 4480/2218/4480 
f 4480/2218/4480 4481/2219/4481 4478/2216/4478 
f 4479/2217/4479 4482/2220/4482 4483/2221/4483 
f 4483/2221/4483 4480/2218/4480 4479/2217/4479 
f 4480/2218/4480 4483/2221/4483 4484/2222/4484 
f 4484/2222/4484 4485/2051/4485 4480/2218/4480 
f 4481/2219/4481 4480/2218/4480 4485/2051/4485 
f 4485/2051/4485 4486/2050/4486 4481/2219/4481 
f 3478/1518/3478 3476/1516/3476 4487/2223/4487 
f 4487/2223/4487 4488/2224/4488 3478/1518/3478 
f 3476/1516/3476 3462/1506/3462 4489/2225/4489 
f 4489/2225/4489 4487/2223/4487 3476/1516/3476 
f 4487/2223/4487 4489/2225/4489 4490/2226/4490 
f 4490/2226/4490 4491/2227/4491 4487/2223/4487 
f 4488/2224/4488 4487/2223/4487 4491/2227/4491 
f 4491/2227/4491 4492/2228/4492 4488/2224/4488 
f 4450/2186/4450 4493/2229/4493 4494/2230/4494 
f 4494/2230/4494 4451/2187/4451 4450/2186/4450 
f 4493/2229/4493 4495/2231/4495 4496/2232/4496 
f 4496/2232/4496 4494/2230/4494 4493/2229/4493 
f 4494/2230/4494 4496/2232/4496 4497/2233/4497 
f 4497/2233/4497 4498/2234/4498 4494/2230/4494 
f 4451/2187/4451 4494/2230/4494 4498/2234/4498 
f 4498/2234/4498 4452/2188/4452 4451/2187/4451 
f 4499/2235/4499 4500/2236/4500 4501/2237/4501 
f 4501/2237/4501 4502/2238/4502 4499/2235/4499 
f 4500/2236/4500 4503/2239/4503 4504/2240/4504 
f 4504/2240/4504 4501/2237/4501 4500/2236/4500 
f 4501/2237/4501 4504/2240/4504 4192/1929/4192 
f 4192/1929/4192 4505/2241/4505 4501/2237/4501 
f 4502/2238/4502 4501/2237/4501 4505/2241/4505 
f 4505/2241/4505 4506/2242/4506 4502/2238/4502 
f 4507/2243/4507 4508/2244/4508 4509/2245/4509 
f 4509/2245/4509 4510/2246/4510 4507/2243/4507 
f 4508/2244/4508 4511/2247/4511 4512/2248/4512 
f 4512/2248/4512 4509/2245/4509 4508/2244/4508 
f 4509/2245/4509 4512/2248/4512 4513/2249/4513 
f 4513/2249/4513 4514/2250/4514 4509/2245/4509 
f 4510/2246/4510 4509/2245/4509 4514/2250/4514 
f 4514/2250/4514 4515/1132/4515 4510/2246/4510 
f 4516/2251/4516 4517/2252/4517 4518/2253/4518 
f 4518/2253/4518 4519/2254/4519 4516/2251/4516 
f 4517/2252/4517 4520/2255/4520 4521/2256/4521 
f 4521/2256/4521 4518/2253/4518 4517/2252/4517 
f 4518/2253/4518 4521/2256/4521 4522/2088/4522 
f 4522/2088/4522 4523/2207/4523 4518/2253/4518 
f 4519/2254/4519 4518/2253/4518 4523/2207/4523 
f 4523/2207/4523 4524/2257/4524 4519/2254/4519 
f 4404/2135/4404 4525/2258/4525 4526/2259/4526 
f 4526/2259/4526 4405/2136/4405 4404/2135/4404 
f 4525/2258/4525 4527/2260/4527 4528/2261/4528 
f 4528/2261/4528 4526/2259/4526 4525/2258/4525 
f 4526/2259/4526 4528/2261/4528 4529/1949/4529 
f 4529/1949/4529 4530/2078/4530 4526/2259/4526 
f 4405/2136/4405 4526/2259/4526 4530/2078/4530 
f 4530/2078/4530 4406/2137/4406 4405/2136/4405 
f 3622/1626/3622 3620/1624/3620 4531/2262/4531 
f 4531/2262/4531 4367/2097/4367 3622/1626/3622 
f 3620/1624/3620 3606/1614/3606 4532/2263/4532 
f 4532/2263/4532 4531/2262/4531 3620/1624/3620 
f 4531/2262/4531 4532/2263/4532 4533/2264/4533 
f 4533/2264/4533 4534/2265/4534 4531/2262/4531 
f 4367/2097/4367 4531/2262/4531 4534/2265/4534 
f 4534/2265/4534 4368/2098/4368 4367/2097/4367 
f 4535/2266/4535 4536/2267/4536 4537/2268/4537 
f 4537/2268/4537 4538/2269/4538 4535/2266/4535 
f 4536/2267/4536 4539/2270/4539 4540/2271/4540 
f 4540/2271/4540 4537/2268/4537 4536/2267/4536 
f 4537/2268/4537 4540/2271/4540 4541/2272/4541 
f 4541/2272/4541 4542/2273/4542 4537/2268/4537 
f 4538/2269/4538 4537/2268/4537 4542/2273/4542 
f 4542/2273/4542 4543/2274/4543 4538/2269/4538 
f 4543/2274/4543 4542/2273/4542 4544/2275/4544 
f 4544/2275/4544 4545/2276/4545 4543/2274/4543 
f 4542/2273/4542 4541/2272/4541 4546/2277/4546 
f 4546/2277/4546 4544/2275/4544 4542/2273/4542 
f 4544/2275/4544 4546/2277/4546 4478/2216/4478 
f 4478/2216/4478 4547/2278/4547 4544/2275/4544 
f 4545/2276/4545 4544/2275/4544 4547/2278/4547 
f 4547/2278/4547 4548/2279/4548 4545/2276/4545 
f 4549/2226/4549 4550/2227/4550 4551/2227/4551 
f 4551/2227/4551 4552/2280/4552 4549/2226/4549 
f 4550/2227/4550 4553/2228/4553 4554/2281/4554 
f 4554/2281/4554 4551/2227/4551 4550/2227/4550 
f 4551/2227/4551 4554/2281/4554 4555/2050/4555 
f 4555/2050/4555 4556/2101/4556 4551/2227/4551 
f 4552/2280/4552 4551/2227/4551 4556/2101/4556 
f 4556/2101/4556 4557/1902/4557 4552/2280/4552 
f 4558/2282/4558 4559/2283/4559 4560/2284/4560 
f 4560/2284/4560 4561/2285/4561 4558/2282/4558 
f 4559/2283/4559 4562/2286/4562 4563/2287/4563 
f 4563/2287/4563 4560/2284/4560 4559/2283/4559 
f 4560/2284/4560 4563/2287/4563 4564/2288/4564 
f 4564/2288/4564 4565/2289/4565 4560/2284/4560 
f 4561/2285/4561 4560/2284/4560 4565/2289/4565 
f 4565/2289/4565 4566/2290/4566 4561/2285/4561 
f 4566/2290/4566 4565/2289/4565 4567/2291/4567 
f 4567/2291/4567 4568/2292/4568 4566/2290/4566 
f 4565/2289/4565 4564/2288/4564 4569/2293/4569 
f 4569/2293/4569 4567/2291/4567 4565/2289/4565 
f 4567/2291/4567 4569/2293/4569 4462/2198/4462 
f 4462/2198/4462 4459/2195/4459 4567/2291/4567 
f 4568/2292/4568 4567/2291/4567 4459/2195/4459 
f 4459/2195/4459 4458/2194/4458 4568/2292/4568 
f 4570/1971/4570 4571/2294/4571 4572/2294/4572 
f 4572/2294/4572 4573/1971/4573 4570/1971/4570 
f 4571/2294/4571 4574/2044/4574 4575/2044/4575 
f 4575/2044/4575 4572/2294/4572 4571/2294/4571 
f 4572/2294/4572 4575/2044/4575 4576/2044/4576 
f 4576/2044/4576 4577/2294/4577 4572/2294/4572 
f 4573/1971/4573 4572/2294/4572 4577/2294/4577 
f 4577/2294/4577 4578/1971/4578 4573/1971/4573 
f 4579/2295/4579 4580/2296/4580 4581/2297/4581 
f 4581/2297/4581 4582/2298/4582 4579/2295/4579 
f 4580/2296/4580 4583/2299/4583 4584/2300/4584 
f 4584/2300/4584 4581/2297/4581 4580/2296/4580 
f 4581/2297/4581 4584/2300/4584 4585/2301/4585 
f 4585/2301/4585 4586/2302/4586 4581/2297/4581 
f 4582/2298/4582 4581/2297/4581 4586/2302/4586 
f 4586/2302/4586 4587/2303/4587 4582/2298/4582 
f 4587/2303/4587 4586/2302/4586 4588/2304/4588 
f 4588/2304/4588 4589/2305/4589 4587/2303/4587 
f 4586/2302/4586 4585/2301/4585 4590/2306/4590 
f 4590/2306/4590 4588/2304/4588 4586/2302/4586 
f 4588/2304/4588 4590/2306/4590 4591/2307/4591 
f 4591/2307/4591 4592/2308/4592 4588/2304/4588 
f 4589/2305/4589 4588/2304/4588 4592/2308/4592 
f 4592/2308/4592 4593/2309/4593 4589/2305/4589 
f 4594/1921/4594 4595/2155/4595 4596/2310/4596 
f 4596/2310/4596 4597/2311/4597 4594/1921/4594 
f 4595/2155/4595 4598/2069/4598 4599/2312/4599 
f 4599/2312/4599 4596/2310/4596 4595/2155/4595 
f 4596/2310/4596 4599/2312/4599 4600/2098/4600 
f 4600/2098/4600 4601/2265/4601 4596/2310/4596 
f 4597/2311/4597 4596/2310/4596 4601/2265/4601 
f 4601/2265/4601 4602/2264/4602 4597/2311/4597 
f 4603/2313/4603 4604/2314/4604 4605/2315/4605 
f 4605/2315/4605 4606/2316/4606 4603/2313/4603 
f 4604/2314/4604 4607/2317/4607 4608/2318/4608 
f 4608/2318/4608 4605/2315/4605 4604/2314/4604 
f 4605/2315/4605 4608/2318/4608 4609/2319/4609 
f 4609/2319/4609 4610/2320/4610 4605/2315/4605 
f 4606/2316/4606 4605/2315/4605 4610/2320/4610 
f 4610/2320/4610 4611/2321/4611 4606/2316/4606 
f 4611/2321/4611 4610/2320/4610 4612/2322/4612 
f 4612/2322/4612 4613/2323/4613 4611/2321/4611 
f 4610/2320/4610 4609/2319/4609 4614/2324/4614 
f 4614/2324/4614 4612/2322/4612 4610/2320/4610 
f 4612/2322/4612 4614/2324/4614 4424/2160/4424 
f 4424/2160/4424 4435/2171/4435 4612/2322/4612 
f 4613/2323/4613 4612/2322/4612 4435/2171/4435 
f 4435/2171/4435 4377/2109/4377 4613/2323/4613 
f 4615/1914/4615 4616/2170/4616 4617/2170/4617 
f 4617/2170/4617 4618/1914/4618 4615/1914/4615 
f 4616/2170/4616 4619/1997/4619 4620/1997/4620 
f 4620/1997/4620 4617/2170/4617 4616/2170/4616 
f 4617/2170/4617 4620/1997/4620 4621/1997/4621 
f 4621/1997/4621 4622/2170/4622 4617/2170/4617 
f 4618/1914/4618 4617/2170/4617 4622/2170/4622 
f 4622/2170/4622 4623/1914/4623 4618/1914/4618 
f 4624/2325/4624 4625/2326/4625 4626/2327/4626 
f 4626/2327/4626 4627/2328/4627 4624/2325/4624 
f 4625/2326/4625 4503/2239/4503 4628/2329/4628 
f 4628/2329/4628 4626/2327/4626 4625/2326/4625 
f 4626/2327/4626 4628/2329/4628 4629/2330/4629 
f 4629/2330/4629 4630/2331/4630 4626/2327/4626 
f 4627/2328/4627 4626/2327/4626 4630/2331/4630 
f 4630/2331/4630 4631/2332/4631 4627/2328/4627 
f 4631/2332/4631 4630/2331/4630 4632/2333/4632 
f 4632/2333/4632 4633/2334/4633 4631/2332/4631 
f 4630/2331/4630 4629/2330/4629 4634/2335/4634 
f 4634/2335/4634 4632/2333/4632 4630/2331/4630 
f 4632/2333/4632 4634/2335/4634 4520/2255/4520 
f 4520/2255/4520 4517/2252/4517 4632/2333/4632 
f 4633/2334/4633 4632/2333/4632 4517/2252/4517 
f 4517/2252/4517 4516/2251/4516 4633/2334/4633 
f 4635/2336/4635 4636/2337/4636 4637/2337/4637 
f 4637/2337/4637 4638/2336/4638 4635/2336/4635 
f 4636/2337/4636 4639/2088/4639 4640/2088/4640 
f 4640/2088/4640 4637/2337/4637 4636/2337/4636 
f 4637/2337/4637 4640/2088/4640 4641/2088/4641 
f 4641/2088/4641 4642/2337/4642 4637/2337/4637 
f 4638/2336/4638 4637/2337/4637 4642/2337/4642 
f 4642/2337/4642 4643/2336/4643 4638/2336/4638 
f 4644/2338/4644 4645/2339/4645 4646/2340/4646 
f 4646/2340/4646 4647/2341/4647 4644/2338/4644 
f 4645/2339/4645 4648/2342/4648 4649/2343/4649 
f 4649/2343/4649 4646/2340/4646 4645/2339/4645 
f 4646/2340/4646 4649/2343/4649 4650/2344/4650 
f 4650/2344/4650 4651/2345/4651 4646/2340/4646 
f 4647/2341/4647 4646/2340/4646 4651/2345/4651 
f 4651/2345/4651 4652/2346/4652 4647/2341/4647 
f 4652/2346/4652 4651/2345/4651 4653/2347/4653 
f 4653/2347/4653 4654/2348/4654 4652/2346/4652 
f 4651/2345/4651 4650/2344/4650 4655/2349/4655 
f 4655/2349/4655 4653/2347/4653 4651/2345/4651 
f 4653/2347/4653 4655/2349/4655 4404/2135/4404 
f 4404/2135/4404 4401/2132/4401 4653/2347/4653 
f 4654/2348/4654 4653/2347/4653 4401/2132/4401 
f 4401/2132/4401 4400/2131/4400 4654/2348/4654 
f 4656/2014/4656 4657/2138/4657 4658/2138/4658 
f 4658/2138/4658 4659/1943/4659 4656/2014/4656 
f 4657/2138/4657 4660/2018/4660 4661/2018/4661 
f 4661/2018/4661 4658/2138/4658 4657/2138/4657 
f 4658/2138/4658 4661/2018/4661 4662/2018/4662 
f 4662/2018/4662 4663/2350/4663 4658/2138/4658 
f 4659/1943/4659 4658/2138/4658 4663/2350/4663 
f 4663/2350/4663 4664/1943/4664 4659/1943/4659 
f 4665/2351/4665 4666/2352/4666 4667/2353/4667 
f 4667/2353/4667 4668/2354/4668 4665/2351/4665 
f 4666/2352/4666 4669/2355/4669 4670/2356/4670 
f 4670/2356/4670 4667/2353/4667 4666/2352/4666 
f 4667/2353/4667 4670/2356/4670 4671/2357/4671 
f 4671/2357/4671 4672/2358/4672 4667/2353/4667 
f 4668/2354/4668 4667/2353/4667 4672/2358/4672 
f 4672/2358/4672 4673/2359/4673 4668/2354/4668 
f 4673/2359/4673 4672/2358/4672 4674/2360/4674 
f 4674/2360/4674 4675/2361/4675 4673/2359/4673 
f 4672/2358/4672 4671/2357/4671 4676/2362/4676 
f 4676/2362/4676 4674/2360/4674 4672/2358/4672 
f 4674/2360/4674 4676/2362/4676 4357/2089/4357 
f 4357/2089/4357 4677/2363/4677 4674/2360/4674 
f 4675/2361/4675 4674/2360/4674 4677/2363/4677 
f 4677/2363/4677 4511/2247/4511 4675/2361/4675 
f 4678/2364/4678 4679/2365/4679 4680/2365/4680 
f 4680/2365/4680 4681/2364/4681 4678/2364/4678 
f 4679/2365/4679 4682/2366/4682 4683/2366/4683 
f 4683/2366/4683 4680/2365/4680 4679/2365/4679 
f 4680/2365/4680 4683/2366/4683 4684/2366/4684 
f 4684/2366/4684 4685/2365/4685 4680/2365/4680 
f 4681/2364/4681 4680/2365/4680 4685/2365/4685 
f 4685/2365/4685 4686/2364/4686 4681/2364/4681 
f 4687/2367/4687 4688/2368/4688 4689/2369/4689 
f 4689/2369/4689 4690/2370/4690 4687/2367/4687 
f 4688/2368/4688 4691/2371/4691 4692/2372/4692 
f 4692/2372/4692 4689/2369/4689 4688/2368/4688 
f 4689/2369/4689 4692/2372/4692 4693/2373/4693 
f 4693/2373/4693 4694/2374/4694 4689/2369/4689 
f 4690/2370/4690 4689/2369/4689 4694/2374/4694 
f 4694/2374/4694 4695/2375/4695 4690/2370/4690 
f 4695/2375/4695 4694/2374/4694 4696/2376/4696 
f 4696/2376/4696 4697/2377/4697 4695/2375/4695 
f 4694/2374/4694 4693/2373/4693 4698/2378/4698 
f 4698/2378/4698 4696/2376/4696 4694/2374/4694 
f 4696/2376/4696 4698/2378/4698 4507/2243/4507 
f 4507/2243/4507 4699/2379/4699 4696/2376/4696 
f 4697/2377/4697 4696/2376/4696 4699/2379/4699 
f 4699/2379/4699 4416/2149/4416 4697/2377/4697 
f 4700/2130/4700 4701/2380/4701 4702/2380/4702 
f 4702/2380/4702 4703/2130/4703 4700/2130/4700 
f 4701/2380/4701 4704/2381/4704 4705/2381/4705 
f 4705/2381/4705 4702/2380/4702 4701/2380/4701 
f 4702/2380/4702 4705/2381/4705 4706/2381/4706 
f 4706/2381/4706 4707/2380/4707 4702/2380/4702 
f 4703/2130/4703 4702/2380/4702 4707/2380/4707 
f 4707/2380/4707 4708/2130/4708 4703/2130/4703 
f 4709/2382/4709 4710/2383/4710 4711/2384/4711 
f 4711/2384/4711 4712/2385/4712 4709/2382/4709 
f 4710/2383/4710 4624/2325/4624 4627/2328/4627 
f 4627/2328/4627 4711/2384/4711 4710/2383/4710 
f 4711/2384/4711 4627/2328/4627 4631/2332/4631 
f 4631/2332/4631 4713/2386/4713 4711/2384/4711 
f 4712/2385/4712 4711/2384/4711 4713/2386/4713 
f 4713/2386/4713 4714/2387/4714 4712/2385/4712 
f 4714/2387/4714 4713/2386/4713 4715/2388/4715 
f 4715/2388/4715 4716/2389/4716 4714/2387/4714 
f 4713/2386/4713 4631/2332/4631 4633/2334/4633 
f 4633/2334/4633 4715/2388/4715 4713/2386/4713 
f 4715/2388/4715 4633/2334/4633 4516/2251/4516 
f 4516/2251/4516 4717/2390/4717 4715/2388/4715 
f 4716/2389/4716 4715/2388/4715 4717/2390/4717 
f 4717/2390/4717 4527/2260/4527 4716/2389/4716 
f 4718/2020/4718 4719/2391/4719 4720/2391/4720 
f 4720/2391/4720 4721/2020/4721 4718/2020/4718 
f 4719/2391/4719 4635/2336/4635 4638/2336/4638 
f 4638/2336/4638 4720/2391/4720 4719/2391/4719 
f 4720/2391/4720 4638/2336/4638 4643/2336/4643 
f 4643/2336/4643 4722/2391/4722 4720/2391/4720 
f 4721/2020/4721 4720/2391/4720 4722/2391/4722 
f 4722/2391/4722 4723/2020/4723 4721/2020/4721 
f 4724/2392/4724 4725/2393/4725 4726/2394/4726 
f 4726/2394/4726 4727/2395/4727 4724/2392/4724 
f 4725/2393/4725 4644/2338/4644 4647/2341/4647 
f 4647/2341/4647 4726/2394/4726 4725/2393/4725 
f 4726/2394/4726 4647/2341/4647 4652/2346/4652 
f 4652/2346/4652 4728/2396/4728 4726/2394/4726 
f 4727/2395/4727 4726/2394/4726 4728/2396/4728 
f 4728/2396/4728 4729/2397/4729 4727/2395/4727 
f 4729/2397/4729 4728/2396/4728 4730/2398/4730 
f 4730/2398/4730 4731/2399/4731 4729/2397/4729 
f 4728/2396/4728 4652/2346/4652 4654/2348/4654 
f 4654/2348/4654 4730/2398/4730 4728/2396/4728 
f 4730/2398/4730 4654/2348/4654 4400/2131/4400 
f 4400/2131/4400 4732/2400/4732 4730/2398/4730 
f 4731/2399/4731 4730/2398/4730 4732/2400/4732 
f 4732/2400/4732 4733/2401/4733 4731/2399/4731 
f 4734/2012/4734 4735/2013/4735 4736/2402/4736 
f 4736/2402/4736 4737/2403/4737 4734/2012/4734 
f 4735/2013/4735 4656/2014/4656 4659/1943/4659 
f 4659/1943/4659 4736/2402/4736 4735/2013/4735 
f 4736/2402/4736 4659/1943/4659 4664/1943/4664 
f 4664/1943/4664 4738/1942/4738 4736/2402/4736 
f 4737/2403/4737 4736/2402/4736 4738/1942/4738 
f 4738/1942/4738 4739/1941/4739 4737/2403/4737 
f 4740/2404/4740 4741/2405/4741 4742/2406/4742 
f 4742/2406/4742 4743/2407/4743 4740/2404/4740 
f 4741/2405/4741 4744/2408/4744 4745/2409/4745 
f 4745/2409/4745 4742/2406/4742 4741/2405/4741 
f 4742/2406/4742 4745/2409/4745 4746/2410/4746 
f 4746/2410/4746 4747/2411/4747 4742/2406/4742 
f 4743/2407/4743 4742/2406/4742 4747/2411/4747 
f 4747/2411/4747 4748/2412/4748 4743/2407/4743 
f 4748/2412/4748 4747/2411/4747 4749/2413/4749 
f 4749/2413/4749 4750/2414/4750 4748/2412/4748 
f 4747/2411/4747 4746/2410/4746 4751/2415/4751 
f 4751/2415/4751 4749/2413/4749 4747/2411/4747 
f 4749/2413/4749 4751/2415/4751 4495/2231/4495 
f 4495/2231/4495 4493/2229/4493 4749/2413/4749 
f 4750/2414/4750 4749/2413/4749 4493/2229/4493 
f 4493/2229/4493 4450/2186/4450 4750/2414/4750 
f 4752/1325/4752 4753/2234/4753 4754/2234/4754 
f 4754/2234/4754 4755/1325/4755 4752/1325/4752 
f 4753/2234/4753 4756/1928/4756 4757/2177/4757 
f 4757/2177/4757 4754/2234/4754 4753/2234/4753 
f 4754/2234/4754 4757/2177/4757 4758/2177/4758 
f 4758/2177/4758 4759/2176/4759 4754/2234/4754 
f 4755/1325/4755 4754/2234/4754 4759/2176/4759 
f 4759/2176/4759 4760/1325/4760 4755/1325/4755 
f 4761/2416/4761 4762/2417/4762 4763/2418/4763 
f 4763/2418/4763 4764/2419/4764 4761/2416/4761 
f 4762/2417/4762 4579/2295/4579 4582/2298/4582 
f 4582/2298/4582 4763/2418/4763 4762/2417/4762 
f 4763/2418/4763 4582/2298/4582 4587/2303/4587 
f 4587/2303/4587 4765/2420/4765 4763/2418/4763 
f 4764/2419/4764 4763/2418/4763 4765/2420/4765 
f 4765/2420/4765 4766/2421/4766 4764/2419/4764 
f 4766/2421/4766 4765/2420/4765 4767/2422/4767 
f 4767/2422/4767 4768/2423/4768 4766/2421/4766 
f 4765/2420/4765 4587/2303/4587 4589/2305/4589 
f 4589/2305/4589 4767/2422/4767 4765/2420/4765 
f 4767/2422/4767 4589/2305/4589 4593/2309/4593 
f 4593/2309/4593 4769/2424/4769 4767/2422/4767 
f 4768/2423/4768 4767/2422/4767 4769/2424/4769 
f 4769/2424/4769 4428/2164/4428 4768/2423/4768 
f 4770/1999/4770 4771/2425/4771 4772/2425/4772 
f 4772/2425/4772 4773/1999/4773 4770/1999/4770 
f 4771/2425/4771 4594/1921/4594 4597/2311/4597 
f 4597/2311/4597 4772/2425/4772 4771/2425/4771 
f 4772/2425/4772 4597/2311/4597 4602/2264/4602 
f 4602/2264/4602 4774/2425/4774 4772/2425/4772 
f 4773/1999/4773 4772/2425/4772 4774/2425/4774 
f 4774/2425/4774 4775/1999/4775 4773/1999/4773 
f 4776/2426/4776 4777/2427/4777 4778/2428/4778 
f 4778/2428/4778 4779/2429/4779 4776/2426/4776 
f 4777/2427/4777 4603/2313/4603 4606/2316/4606 
f 4606/2316/4606 4778/2428/4778 4777/2427/4777 
f 4778/2428/4778 4606/2316/4606 4611/2321/4611 
f 4611/2321/4611 4780/2430/4780 4778/2428/4778 
f 4779/2429/4779 4778/2428/4778 4780/2430/4780 
f 4780/2430/4780 4781/2431/4781 4779/2429/4779 
f 4781/2431/4781 4780/2430/4780 4782/2432/4782 
f 4782/2432/4782 4783/2433/4783 4781/2431/4781 
f 4780/2430/4780 4611/2321/4611 4613/2323/4613 
f 4613/2323/4613 4782/2432/4782 4780/2430/4780 
f 4782/2432/4782 4613/2323/4613 4377/2109/4377 
f 4377/2109/4377 4374/2106/4374 4782/2432/4782 
f 4783/2433/4783 4782/2432/4782 4374/2106/4374 
f 4374/2106/4374 4373/2105/4373 4783/2433/4783 
f 4784/1991/4784 4785/2111/4785 4786/2111/4786 
f 4786/2111/4786 4787/1912/4787 4784/1991/4784 
f 4785/2111/4785 4615/1914/4615 4618/1914/4618 
f 4618/1914/4618 4786/2111/4786 4785/2111/4785 
f 4786/2111/4786 4618/1914/4618 4623/1914/4623 
f 4623/1914/4623 4788/1913/4788 4786/2111/4786 
f 4787/1912/4787 4786/2111/4786 4788/1913/4788 
f 4788/1913/4788 4789/1912/4789 4787/1912/4787 
f 4790/2434/4790 4791/2435/4791 4792/2436/4792 
f 4792/2436/4792 4793/2437/4793 4790/2434/4790 
f 4791/2435/4791 4794/2438/4794 4795/2439/4795 
f 4795/2439/4795 4792/2436/4792 4791/2435/4791 
f 4792/2436/4792 4795/2439/4795 4796/2440/4796 
f 4796/2440/4796 4797/2441/4797 4792/2436/4792 
f 4793/2437/4793 4792/2436/4792 4797/2441/4797 
f 4797/2441/4797 4798/2442/4798 4793/2437/4793 
f 4798/2442/4798 4797/2441/4797 4799/2443/4799 
f 4799/2443/4799 4800/2444/4800 4798/2442/4798 
f 4797/2441/4797 4796/2440/4796 4801/2445/4801 
f 4801/2445/4801 4799/2443/4799 4797/2441/4797 
f 4799/2443/4799 4801/2445/4801 4391/2124/4391 
f 4391/2124/4391 4388/2121/4388 4799/2443/4799 
f 4800/2444/4800 4799/2443/4799 4388/2121/4388 
f 4388/2121/4388 4387/2120/4387 4800/2444/4800 
f 4802/1985/4802 4803/2114/4803 4804/2180/4804 
f 4804/2180/4804 4805/2446/4805 4802/1985/4802 
f 4803/2114/4803 4806/2057/4806 4807/2447/4807 
f 4807/2447/4807 4804/2180/4804 4803/2114/4803 
f 4804/2180/4804 4807/2447/4807 4808/2181/4808 
f 4808/2181/4808 4809/2180/4809 4804/2180/4804 
f 4805/2446/4805 4804/2180/4804 4809/2180/4809 
f 4809/2180/4809 4810/1908/4810 4805/2446/4805 
f 4811/2448/4811 4812/2449/4812 4813/2450/4813 
f 4813/2450/4813 4814/2451/4814 4811/2448/4811 
f 4812/2449/4812 4535/2266/4535 4538/2269/4538 
f 4538/2269/4538 4813/2450/4813 4812/2449/4812 
f 4813/2450/4813 4538/2269/4538 4543/2274/4543 
f 4543/2274/4543 4815/2452/4815 4813/2450/4813 
f 4814/2451/4814 4813/2450/4813 4815/2452/4815 
f 4815/2452/4815 4816/2453/4816 4814/2451/4814 
f 4816/2453/4816 4815/2452/4815 4817/2454/4817 
f 4817/2454/4817 4818/2455/4818 4816/2453/4816 
f 4815/2452/4815 4543/2274/4543 4545/2276/4545 
f 4545/2276/4545 4817/2454/4817 4815/2452/4815 
f 4817/2454/4817 4545/2276/4545 4548/2279/4548 
f 4548/2279/4548 4819/2456/4819 4817/2454/4817 
f 4818/2455/4818 4817/2454/4817 4819/2456/4819 
f 4819/2456/4819 4820/2457/4820 4818/2455/4818 
f 4821/1977/4821 4822/2458/4822 4823/2459/4823 
f 4823/2459/4823 4824/1977/4824 4821/1977/4821 
f 4822/2458/4822 4549/2226/4549 4552/2280/4552 
f 4552/2280/4552 4823/2459/4823 4822/2458/4822 
f 4823/2459/4823 4552/2280/4552 4557/1902/4557 
f 4557/1902/4557 4825/1897/4825 4823/2459/4823 
f 4824/1977/4824 4823/2459/4823 4825/1897/4825 
f 4825/1897/4825 4826/1901/4826 4824/1977/4824 
f 4827/2460/4827 4828/2461/4828 4829/2462/4829 
f 4829/2462/4829 4830/2463/4830 4827/2460/4827 
f 4828/2461/4828 4558/2282/4558 4561/2285/4561 
f 4561/2285/4561 4829/2462/4829 4828/2461/4828 
f 4829/2462/4829 4561/2285/4561 4566/2290/4566 
f 4566/2290/4566 4831/2464/4831 4829/2462/4829 
f 4830/2463/4830 4829/2462/4829 4831/2464/4831 
f 4831/2464/4831 4832/2465/4832 4830/2463/4830 
f 4832/2465/4832 4831/2464/4831 4833/2466/4833 
f 4833/2466/4833 4834/2467/4834 4832/2465/4832 
f 4831/2464/4831 4566/2290/4566 4568/2292/4568 
f 4568/2292/4568 4833/2466/4833 4831/2464/4831 
f 4833/2466/4833 4568/2292/4568 4458/2194/4458 
f 4458/2194/4458 4835/2468/4835 4833/2466/4833 
f 4834/2467/4834 4833/2466/4833 4835/2468/4835 
f 4835/2468/4835 4836/2469/4836 4834/2467/4834 
f 4837/1970/4837 4838/1966/4838 4839/1966/4839 
f 4839/1966/4839 4840/1970/4840 4837/1970/4837 
f 4838/1966/4838 4570/1971/4570 4573/1971/4573 
f 4573/1971/4573 4839/1966/4839 4838/1966/4838 
f 4839/1966/4839 4573/1971/4573 4578/1971/4578 
f 4578/1971/4578 4841/1966/4841 4839/1966/4839 
f 4840/1970/4840 4839/1966/4839 4841/1966/4841 
f 4841/1966/4841 4842/1970/4842 4840/1970/4840 
f 4843/2470/4843 4844/2471/4844 4845/2472/4845 
f 4845/2472/4845 4846/2473/4846 4843/2470/4843 
f 4844/2471/4844 4847/2474/4847 4848/2475/4848 
f 4848/2475/4848 4845/2472/4845 4844/2471/4844 
f 4845/2472/4845 4848/2475/4848 4849/2476/4849 
f 4849/2476/4849 4850/2477/4850 4845/2472/4845 
f 4846/2473/4846 4845/2472/4845 4850/2477/4850 
f 4850/2477/4850 4851/2478/4851 4846/2473/4846 
f 4851/2478/4851 4850/2477/4850 4852/2479/4852 
f 4852/2479/4852 4853/2480/4853 4851/2478/4851 
f 4850/2477/4850 4849/2476/4849 4854/2481/4854 
f 4854/2481/4854 4852/2479/4852 4850/2477/4850 
f 4852/2479/4852 4854/2481/4854 4855/2482/4855 
f 4855/2482/4855 4856/2483/4856 4852/2479/4852 
f 4853/2480/4853 4852/2479/4852 4856/2483/4856 
f 4856/2483/4856 4474/2212/4474 4853/2480/4853 
f 4857/1889/4857 4858/2484/4858 4859/2484/4859 
f 4859/2484/4859 4860/2485/4860 4857/1889/4857 
f 4858/2484/4858 4861/2038/4861 4862/2038/4862 
f 4862/2038/4862 4859/2484/4859 4858/2484/4858 
f 4859/2484/4859 4862/2038/4862 4863/2038/4863 
f 4863/2038/4863 4864/2486/4864 4859/2484/4859 
f 4860/2485/4860 4859/2484/4859 4864/2486/4864 
f 4864/2486/4864 4865/1964/4865 4860/2485/4860 
f 4499/2235/4499 4866/2487/4866 4867/2488/4867 
f 4867/2488/4867 4868/2489/4868 4499/2235/4499 
f 4866/2487/4866 4687/2367/4687 4690/2370/4690 
f 4690/2370/4690 4867/2488/4867 4866/2487/4866 
f 4867/2488/4867 4690/2370/4690 4695/2375/4695 
f 4695/2375/4695 4869/2490/4869 4867/2488/4867 
f 4868/2489/4868 4867/2488/4867 4869/2490/4869 
f 4869/2490/4869 4870/2491/4870 4868/2489/4868 
f 4870/2491/4870 4869/2490/4869 4871/2492/4871 
f 4871/2492/4871 4872/2493/4872 4870/2491/4870 
f 4869/2490/4869 4695/2375/4695 4697/2377/4697 
f 4697/2377/4697 4871/2492/4871 4869/2490/4869 
f 4871/2492/4871 4697/2377/4697 4416/2149/4416 
f 4416/2149/4416 4413/2146/4413 4871/2492/4871 
f 4872/2493/4872 4871/2492/4871 4413/2146/4413 
f 4413/2146/4413 4412/2145/4412 4872/2493/4872 
f 4873/1956/4873 4874/2152/4874 4875/2152/4875 
f 4875/2152/4875 4876/1956/4876 4873/1956/4873 
f 4874/2152/4874 4700/2130/4700 4703/2130/4703 
f 4703/2130/4703 4875/2152/4875 4874/2152/4874 
f 4875/2152/4875 4703/2130/4703 4708/2130/4708 
f 4708/2130/4708 4877/2152/4877 4875/2152/4875 
f 4876/1956/4876 4875/2152/4875 4877/2152/4877 
f 4877/2152/4877 4878/1956/4878 4876/1956/4876 
f 4879/2494/4879 4880/2495/4880 4881/2496/4881 
f 4881/2496/4881 4882/2497/4882 4879/2494/4879 
f 4880/2495/4880 4740/2404/4740 4743/2407/4743 
f 4743/2407/4743 4881/2496/4881 4880/2495/4880 
f 4881/2496/4881 4743/2407/4743 4748/2412/4748 
f 4748/2412/4748 4883/2498/4883 4881/2496/4881 
f 4882/2497/4882 4881/2496/4881 4883/2498/4883 
f 4883/2498/4883 4884/2499/4884 4882/2497/4882 
f 4884/2499/4884 4883/2498/4883 4885/2500/4885 
f 4885/2500/4885 4886/2501/4886 4884/2499/4884 
f 4883/2498/4883 4748/2412/4748 4750/2414/4750 
f 4750/2414/4750 4885/2500/4885 4883/2498/4883 
f 4885/2500/4885 4750/2414/4750 4450/2186/4450 
f 4450/2186/4450 4447/2183/4447 4885/2500/4885 
f 4886/2501/4886 4885/2500/4885 4447/2183/4447 
f 4447/2183/4447 4446/2182/4446 4886/2501/4886 
f 4887/2005/4887 4888/1324/4888 4889/1324/4889 
f 4889/1324/4889 4890/2502/4890 4887/2005/4887 
f 4888/1324/4888 4752/1325/4752 4755/1325/4755 
f 4755/1325/4755 4889/1324/4889 4888/1324/4888 
f 4889/1324/4889 4755/1325/4755 4760/1325/4760 
f 4760/1325/4760 4891/1324/4891 4889/1324/4889 
f 4890/2502/4890 4889/1324/4889 4891/1324/4891 
f 4891/1324/4891 4892/1323/4892 4890/2502/4890 
f 4893/2503/4893 4894/2504/4894 4895/2505/4895 
f 4895/2505/4895 4896/2506/4896 4893/2503/4893 
f 4894/2504/4894 4790/2434/4790 4793/2437/4793 
f 4793/2437/4793 4895/2505/4895 4894/2504/4894 
f 4895/2505/4895 4793/2437/4793 4798/2442/4798 
f 4798/2442/4798 4897/2507/4897 4895/2505/4895 
f 4896/2506/4896 4895/2505/4895 4897/2507/4897 
f 4897/2507/4897 4898/2508/4898 4896/2506/4896 
f 4898/2508/4898 4897/2507/4897 4899/2509/4899 
f 4899/2509/4899 4900/2510/4900 4898/2508/4898 
f 4897/2507/4897 4798/2442/4798 4800/2444/4800 
f 4800/2444/4800 4899/2509/4899 4897/2507/4897 
f 4899/2509/4899 4800/2444/4800 4387/2120/4387 
f 4387/2120/4387 4901/2511/4901 4899/2509/4899 
f 4900/2510/4900 4899/2509/4899 4901/2511/4901 
f 4901/2511/4901 4482/2220/4482 4900/2510/4900 
f 4902/1983/4902 4903/1979/4903 4904/2512/4904 
f 4904/2512/4904 4905/2513/4905 4902/1983/4902 
f 4903/1979/4903 4802/1985/4802 4805/2446/4805 
f 4805/2446/4805 4904/2512/4904 4903/1979/4903 
f 4904/2512/4904 4805/2446/4805 4810/1908/4810 
f 4810/1908/4810 4906/1907/4906 4904/2512/4904 
f 4905/2513/4905 4904/2512/4904 4906/1907/4906 
f 4906/1907/4906 4907/1906/4907 4905/2513/4905 
f 4908/2514/4908 4909/2515/4909 4910/2516/4910 
f 4910/2516/4910 4911/2517/4911 4908/2514/4908 
f 4909/2515/4909 4843/2470/4843 4846/2473/4846 
f 4846/2473/4846 4910/2516/4910 4909/2515/4909 
f 4910/2516/4910 4846/2473/4846 4851/2478/4851 
f 4851/2478/4851 4912/2518/4912 4910/2516/4910 
f 4911/2517/4911 4910/2516/4910 4912/2518/4912 
f 4912/2518/4912 4913/2519/4913 4911/2517/4911 
f 4913/2519/4913 4912/2518/4912 4914/2520/4914 
f 4914/2520/4914 4915/2521/4915 4913/2519/4913 
f 4912/2518/4912 4851/2478/4851 4853/2480/4853 
f 4853/2480/4853 4914/2520/4914 4912/2518/4912 
f 4914/2520/4914 4853/2480/4853 4474/2212/4474 
f 4474/2212/4474 4472/2210/4472 4914/2520/4914 
f 4915/2521/4915 4914/2520/4914 4472/2210/4472 
f 4472/2210/4472 4361/2093/4361 4915/2521/4915 
f 4916/1887/4916 4917/1888/4917 4918/2522/4918 
f 4918/2522/4918 4919/2523/4919 4916/1887/4916 
f 4917/1888/4917 4857/1889/4857 4860/2485/4860 
f 4860/2485/4860 4918/2522/4918 4917/1888/4917 
f 4918/2522/4918 4860/2485/4860 4865/1964/4865 
f 4865/1964/4865 4920/1959/4920 4918/2522/4918 
f 4919/2523/4919 4918/2522/4918 4920/1959/4920 
f 4920/1959/4920 4921/1963/4921 4919/2523/4919 
f 4691/2371/4691 4922/2524/4922 4923/2525/4923 
f 4923/2525/4923 4692/2372/4692 4691/2371/4691 
f 4922/2524/4922 4665/2351/4665 4668/2354/4668 
f 4668/2354/4668 4923/2525/4923 4922/2524/4922 
f 4923/2525/4923 4668/2354/4668 4673/2359/4673 
f 4673/2359/4673 4924/2526/4924 4923/2525/4923 
f 4692/2372/4692 4923/2525/4923 4924/2526/4924 
f 4924/2526/4924 4693/2373/4693 4692/2372/4692 
f 4693/2373/4693 4924/2526/4924 4925/2527/4925 
f 4925/2527/4925 4698/2378/4698 4693/2373/4693 
f 4924/2526/4924 4673/2359/4673 4675/2361/4675 
f 4675/2361/4675 4925/2527/4925 4924/2526/4924 
f 4925/2527/4925 4675/2361/4675 4511/2247/4511 
f 4511/2247/4511 4508/2244/4508 4925/2527/4925 
f 4698/2378/4698 4925/2527/4925 4508/2244/4508 
f 4508/2244/4508 4507/2243/4507 4698/2378/4698 
f 4704/2381/4704 4926/2528/4926 4927/2528/4927 
f 4927/2528/4927 4705/2381/4705 4704/2381/4704 
f 4926/2528/4926 4678/2364/4678 4681/2364/4681 
f 4681/2364/4681 4927/2528/4927 4926/2528/4926 
f 4927/2528/4927 4681/2364/4681 4686/2364/4686 
f 4686/2364/4686 4928/2528/4928 4927/2528/4927 
f 4705/2381/4705 4927/2528/4927 4928/2528/4928 
f 4928/2528/4928 4706/2381/4706 4705/2381/4705 
f 4503/2239/4503 4500/2236/4500 4929/2529/4929 
f 4929/2529/4929 4628/2329/4628 4503/2239/4503 
f 4500/2236/4500 4499/2235/4499 4868/2489/4868 
f 4868/2489/4868 4929/2529/4929 4500/2236/4500 
f 4929/2529/4929 4868/2489/4868 4870/2491/4870 
f 4870/2491/4870 4930/2530/4930 4929/2529/4929 
f 4628/2329/4628 4929/2529/4929 4930/2530/4930 
f 4930/2530/4930 4629/2330/4629 4628/2329/4628 
f 4629/2330/4629 4930/2530/4930 4931/2531/4931 
f 4931/2531/4931 4634/2335/4634 4629/2330/4629 
f 4930/2530/4930 4870/2491/4870 4872/2493/4872 
f 4872/2493/4872 4931/2531/4931 4930/2530/4930 
f 4931/2531/4931 4872/2493/4872 4412/2145/4412 
f 4412/2145/4412 4932/2532/4932 4931/2531/4931 
f 4634/2335/4634 4931/2531/4931 4932/2532/4932 
f 4932/2532/4932 4520/2255/4520 4634/2335/4634 
f 4639/2088/4639 4933/2084/4933 4934/2084/4934 
f 4934/2084/4934 4640/2088/4640 4639/2088/4639 
f 4933/2084/4933 4873/1956/4873 4876/1956/4876 
f 4876/1956/4876 4934/2084/4934 4933/2084/4933 
f 4934/2084/4934 4876/1956/4876 4878/1956/4878 
f 4878/1956/4878 4935/2084/4935 4934/2084/4934 
f 4640/2088/4640 4934/2084/4934 4935/2084/4935 
f 4935/2084/4935 4641/2088/4641 4640/2088/4640 
f 4648/2342/4648 4936/2533/4936 4937/2534/4937 
f 4937/2534/4937 4649/2343/4649 4648/2342/4648 
f 4936/2533/4936 4709/2382/4709 4712/2385/4712 
f 4712/2385/4712 4937/2534/4937 4936/2533/4936 
f 4937/2534/4937 4712/2385/4712 4714/2387/4714 
f 4714/2387/4714 4938/2535/4938 4937/2534/4937 
f 4649/2343/4649 4937/2534/4937 4938/2535/4938 
f 4938/2535/4938 4650/2344/4650 4649/2343/4649 
f 4650/2344/4650 4938/2535/4938 4939/2536/4939 
f 4939/2536/4939 4655/2349/4655 4650/2344/4650 
f 4938/2535/4938 4714/2387/4714 4716/2389/4716 
f 4716/2389/4716 4939/2536/4939 4938/2535/4938 
f 4939/2536/4939 4716/2389/4716 4527/2260/4527 
f 4527/2260/4527 4525/2258/4525 4939/2536/4939 
f 4655/2349/4655 4939/2536/4939 4525/2258/4525 
f 4525/2258/4525 4404/2135/4404 4655/2349/4655 
f 4660/2018/4660 4940/2019/4940 4941/2019/4941 
f 4941/2019/4941 4661/2018/4661 4660/2018/4660 
f 4940/2019/4940 4718/2020/4718 4721/2020/4721 
f 4721/2020/4721 4941/2019/4941 4940/2019/4940 
f 4941/2019/4941 4721/2020/4721 4723/2020/4723 
f 4723/2020/4723 4942/2019/4942 4941/2019/4941 
f 4661/2018/4661 4941/2019/4941 4942/2019/4942 
f 4942/2019/4942 4662/2018/4662 4661/2018/4661 
f 4744/2408/4744 4943/2537/4943 4944/2538/4944 
f 4944/2538/4944 4745/2409/4745 4744/2408/4744 
f 4943/2537/4943 4724/2392/4724 4727/2395/4727 
f 4727/2395/4727 4944/2538/4944 4943/2537/4943 
f 4944/2538/4944 4727/2395/4727 4729/2397/4729 
f 4729/2397/4729 4945/2539/4945 4944/2538/4944 
f 4745/2409/4745 4944/2538/4944 4945/2539/4945 
f 4945/2539/4945 4746/2410/4746 4745/2409/4745 
f 4746/2410/4746 4945/2539/4945 4946/2540/4946 
f 4946/2540/4946 4751/2415/4751 4746/2410/4746 
f 4945/2539/4945 4729/2397/4729 4731/2399/4731 
f 4731/2399/4731 4946/2540/4946 4945/2539/4945 
f 4946/2540/4946 4731/2399/4731 4733/2401/4733 
f 4733/2401/4733 4947/2541/4947 4946/2540/4946 
f 4751/2415/4751 4946/2540/4946 4947/2541/4947 
f 4947/2541/4947 4495/2231/4495 4751/2415/4751 
f 4756/1928/4756 4948/2076/4948 4949/2542/4949 
f 4949/2542/4949 4757/2177/4757 4756/1928/4756 
f 4948/2076/4948 4734/2012/4734 4737/2403/4737 
f 4737/2403/4737 4949/2542/4949 4948/2076/4948 
f 4949/2542/4949 4737/2403/4737 4739/1941/4739 
f 4739/1941/4739 4950/2209/4950 4949/2542/4949 
f 4757/2177/4757 4949/2542/4949 4950/2209/4950 
f 4950/2209/4950 4758/2177/4758 4757/2177/4757 
f 4583/2299/4583 4951/2543/4951 4952/2544/4952 
f 4952/2544/4952 4584/2300/4584 4583/2299/4583 
f 4951/2543/4951 4879/2494/4879 4882/2497/4882 
f 4882/2497/4882 4952/2544/4952 4951/2543/4951 
f 4952/2544/4952 4882/2497/4882 4884/2499/4884 
f 4884/2499/4884 4953/2545/4953 4952/2544/4952 
f 4584/2300/4584 4952/2544/4952 4953/2545/4953 
f 4953/2545/4953 4585/2301/4585 4584/2300/4584 
f 4585/2301/4585 4953/2545/4953 4954/2546/4954 
f 4954/2546/4954 4590/2306/4590 4585/2301/4585 
f 4953/2545/4953 4884/2499/4884 4886/2501/4886 
f 4886/2501/4886 4954/2546/4954 4953/2545/4953 
f 4954/2546/4954 4886/2501/4886 4446/2182/4446 
f 4446/2182/4446 4955/2547/4955 4954/2546/4954 
f 4590/2306/4590 4954/2546/4954 4955/2547/4955 
f 4955/2547/4955 4591/2307/4591 4590/2306/4590 
f 4598/2069/4598 4956/2065/4956 4957/2548/4957 
f 4957/2548/4957 4599/2312/4599 4598/2069/4598 
f 4956/2065/4956 4887/2005/4887 4890/2502/4890 
f 4890/2502/4890 4957/2548/4957 4956/2065/4956 
f 4957/2548/4957 4890/2502/4890 4892/1323/4892 
f 4892/1323/4892 4958/2099/4958 4957/2548/4957 
f 4599/2312/4599 4957/2548/4957 4958/2099/4958 
f 4958/2099/4958 4600/2098/4600 4599/2312/4599 
f 4607/2317/4607 4959/2549/4959 4960/2550/4960 
f 4960/2550/4960 4608/2318/4608 4607/2317/4607 
f 4959/2549/4959 4761/2416/4761 4764/2419/4764 
f 4764/2419/4764 4960/2550/4960 4959/2549/4959 
f 4960/2550/4960 4764/2419/4764 4766/2421/4766 
f 4766/2421/4766 4961/2551/4961 4960/2550/4960 
f 4608/2318/4608 4960/2550/4960 4961/2551/4961 
f 4961/2551/4961 4609/2319/4609 4608/2318/4608 
f 4609/2319/4609 4961/2551/4961 4962/2552/4962 
f 4962/2552/4962 4614/2324/4614 4609/2319/4609 
f 4961/2551/4961 4766/2421/4766 4768/2423/4768 
f 4768/2423/4768 4962/2552/4962 4961/2551/4961 
f 4962/2552/4962 4768/2423/4768 4428/2164/4428 
f 4428/2164/4428 4425/2161/4425 4962/2552/4962 
f 4614/2324/4614 4962/2552/4962 4425/2161/4425 
f 4425/2161/4425 4424/2160/4424 4614/2324/4614 
f 4619/1997/4619 4963/1998/4963 4964/1998/4964 
f 4964/1998/4964 4620/1997/4620 4619/1997/4619 
f 4963/1998/4963 4770/1999/4770 4773/1999/4773 
f 4773/1999/4773 4964/1998/4964 4963/1998/4963 
f 4964/1998/4964 4773/1999/4773 4775/1999/4775 
f 4775/1999/4775 4965/1998/4965 4964/1998/4964 
f 4620/1997/4620 4964/1998/4964 4965/1998/4965 
f 4965/1998/4965 4621/1997/4621 4620/1997/4620 
f 4794/2438/4794 4966/2553/4966 4967/2554/4967 
f 4967/2554/4967 4795/2439/4795 4794/2438/4794 
f 4966/2553/4966 4776/2426/4776 4779/2429/4779 
f 4779/2429/4779 4967/2554/4967 4966/2553/4966 
f 4967/2554/4967 4779/2429/4779 4781/2431/4781 
f 4781/2431/4781 4968/2555/4968 4967/2554/4967 
f 4795/2439/4795 4967/2554/4967 4968/2555/4968 
f 4968/2555/4968 4796/2440/4796 4795/2439/4795 
f 4796/2440/4796 4968/2555/4968 4969/2556/4969 
f 4969/2556/4969 4801/2445/4801 4796/2440/4796 
f 4968/2555/4968 4781/2431/4781 4783/2433/4783 
f 4783/2433/4783 4969/2556/4969 4968/2555/4968 
f 4969/2556/4969 4783/2433/4783 4373/2105/4373 
f 4373/2105/4373 4970/2557/4970 4969/2556/4969 
f 4801/2445/4801 4969/2556/4969 4970/2557/4970 
f 4970/2557/4970 4391/2124/4391 4801/2445/4801 
f 4806/2057/4806 4971/2053/4971 4972/2558/4972 
f 4972/2558/4972 4807/2447/4807 4806/2057/4806 
f 4971/2053/4971 4784/1991/4784 4787/1912/4787 
f 4787/1912/4787 4972/2558/4972 4971/2053/4971 
f 4972/2558/4972 4787/1912/4787 4789/1912/4789 
f 4789/1912/4789 4973/2559/4973 4972/2558/4972 
f 4807/2447/4807 4972/2558/4972 4973/2559/4973 
f 4973/2559/4973 4808/2181/4808 4807/2447/4807 
f 4539/2270/4539 4974/2560/4974 4975/2561/4975 
f 4975/2561/4975 4540/2271/4540 4539/2270/4539 
f 4974/2560/4974 4893/2503/4893 4896/2506/4896 
f 4896/2506/4896 4975/2561/4975 4974/2560/4974 
f 4975/2561/4975 4896/2506/4896 4898/2508/4898 
f 4898/2508/4898 4976/2562/4976 4975/2561/4975 
f 4540/2271/4540 4975/2561/4975 4976/2562/4976 
f 4976/2562/4976 4541/2272/4541 4540/2271/4540 
f 4541/2272/4541 4976/2562/4976 4977/2563/4977 
f 4977/2563/4977 4546/2277/4546 4541/2272/4541 
f 4976/2562/4976 4898/2508/4898 4900/2510/4900 
f 4900/2510/4900 4977/2563/4977 4976/2562/4976 
f 4977/2563/4977 4900/2510/4900 4482/2220/4482 
f 4482/2220/4482 4479/2217/4479 4977/2563/4977 
f 4546/2277/4546 4977/2563/4977 4479/2217/4479 
f 4479/2217/4479 4478/2216/4478 4546/2277/4546 
f 4553/2228/4553 4978/2564/4978 4979/2564/4979 
f 4979/2564/4979 4554/2281/4554 4553/2228/4553 
f 4978/2564/4978 4902/1983/4902 4905/2513/4905 
f 4905/2513/4905 4979/2564/4979 4978/2564/4978 
f 4979/2564/4979 4905/2513/4905 4907/1906/4907 
f 4907/1906/4907 4980/2564/4980 4979/2564/4979 
f 4554/2281/4554 4979/2564/4979 4980/2564/4980 
f 4980/2564/4980 4555/2050/4555 4554/2281/4554 
f 4562/2286/4562 4981/2565/4981 4982/2566/4982 
f 4982/2566/4982 4563/2287/4563 4562/2286/4562 
f 4981/2565/4981 4811/2448/4811 4814/2451/4814 
f 4814/2451/4814 4982/2566/4982 4981/2565/4981 
f 4982/2566/4982 4814/2451/4814 4816/2453/4816 
f 4816/2453/4816 4983/2567/4983 4982/2566/4982 
f 4563/2287/4563 4982/2566/4982 4983/2567/4983 
f 4983/2567/4983 4564/2288/4564 4563/2287/4563 
f 4564/2288/4564 4983/2567/4983 4984/2568/4984 
f 4984/2568/4984 4569/2293/4569 4564/2288/4564 
f 4983/2567/4983 4816/2453/4816 4818/2455/4818 
f 4818/2455/4818 4984/2568/4984 4983/2567/4983 
f 4984/2568/4984 4818/2455/4818 4820/2457/4820 
f 4820/2457/4820 4985/2569/4985 4984/2568/4984 
f 4569/2293/4569 4984/2568/4984 4985/2569/4985 
f 4985/2569/4985 4462/2198/4462 4569/2293/4569 
f 4574/2044/4574 4986/2570/4986 4987/2570/4987 
f 4987/2570/4987 4575/2044/4575 4574/2044/4574 
f 4986/2570/4986 4821/1977/4821 4824/1977/4824 
f 4824/1977/4824 4987/2570/4987 4986/2570/4986 
f 4987/2570/4987 4824/1977/4824 4826/1901/4826 
f 4826/1901/4826 4988/2040/4988 4987/2570/4987 
f 4575/2044/4575 4987/2570/4987 4988/2040/4988 
f 4988/2040/4988 4576/2044/4576 4575/2044/4575 
f 4847/2474/4847 4989/2571/4989 4990/2572/4990 
f 4990/2572/4990 4848/2475/4848 4847/2474/4847 
f 4989/2571/4989 4827/2460/4827 4830/2463/4830 
f 4830/2463/4830 4990/2572/4990 4989/2571/4989 
f 4990/2572/4990 4830/2463/4830 4832/2465/4832 
f 4832/2465/4832 4991/2573/4991 4990/2572/4990 
f 4848/2475/4848 4990/2572/4990 4991/2573/4991 
f 4991/2573/4991 4849/2476/4849 4848/2475/4848 
f 4849/2476/4849 4991/2573/4991 4992/2574/4992 
f 4992/2574/4992 4854/2481/4854 4849/2476/4849 
f 4991/2573/4991 4832/2465/4832 4834/2467/4834 
f 4834/2467/4834 4992/2574/4992 4991/2573/4991 
f 4992/2574/4992 4834/2467/4834 4836/2469/4836 
f 4836/2469/4836 4993/2575/4993 4992/2574/4992 
f 4854/2481/4854 4992/2574/4992 4993/2575/4993 
f 4993/2575/4993 4855/2482/4855 4854/2481/4854 
f 4861/2038/4861 4994/2034/4994 4995/2034/4995 
f 4995/2034/4995 4862/2038/4862 4861/2038/4861 
f 4994/2034/4994 4837/1970/4837 4840/1970/4840 
f 4840/1970/4840 4995/2034/4995 4994/2034/4994 
f 4995/2034/4995 4840/1970/4840 4842/1970/4842 
f 4842/1970/4842 4996/2034/4996 4995/2034/4995 
f 4862/2038/4862 4995/2034/4995 4996/2034/4996 
f 4996/2034/4996 4863/2038/4863 4862/2038/4862 
f 4669/2355/4669 4997/2576/4997 4998/2577/4998 
f 4998/2577/4998 4670/2356/4670 4669/2355/4669 
f 4997/2576/4997 4908/2514/4908 4911/2517/4911 
f 4911/2517/4911 4998/2577/4998 4997/2576/4997 
f 4998/2577/4998 4911/2517/4911 4913/2519/4913 
f 4913/2519/4913 4999/2578/4999 4998/2577/4998 
f 4670/2356/4670 4998/2577/4998 4999/2578/4999 
f 4999/2578/4999 4671/2357/4671 4670/2356/4670 
f 4671/2357/4671 4999/2578/4999 5000/2579/5000 
f 5000/2579/5000 4676/2362/4676 4671/2357/4671 
f 4999/2578/4999 4913/2519/4913 4915/2521/4915 
f 4915/2521/4915 5000/2579/5000 4999/2578/4999 
f 5000/2579/5000 4915/2521/4915 4361/2093/4361 
f 4361/2093/4361 4358/2090/4358 5000/2579/5000 
f 4676/2362/4676 5000/2579/5000 4358/2090/4358 
f 4358/2090/4358 4357/2089/4357 4676/2362/4676 
f 4682/2366/4682 5001/2580/5001 5002/2580/5002 
f 5002/2580/5002 4683/2366/4683 4682/2366/4682 
f 5001/2580/5001 4916/1887/4916 4919/2523/4919 
f 4919/2523/4919 5002/2580/5002 5001/2580/5001 
f 5002/2580/5002 4919/2523/4919 4921/1963/4921 
f 4921/1963/4921 5003/2580/5003 5002/2580/5002 
f 4683/2366/4683 5002/2580/5002 5003/2580/5003 
f 5003/2580/5003 4684/2366/4684 4683/2366/4683 
f 3382/1446/3382 3380/1444/3380 5004/2581/5004 
f 5004/2581/5004 5005/2582/5005 3382/1446/3382 
f 3380/1444/3380 3366/1434/3366 4142/1885/4142 
f 4142/1885/4142 5004/2581/5004 3380/1444/3380 
f 5004/2581/5004 4142/1885/4142 4146/1889/4146 
f 4146/1889/4146 5006/2583/5006 5004/2581/5004 
f 5005/2582/5005 5004/2581/5004 5006/2583/5006 
f 5006/2583/5006 5007/2584/5007 5005/2582/5005 
f 2048/1132/2048 5008/2585/5008 5009/2586/5009 
f 5009/2586/5009 5010/2587/5010 2048/1132/2048 
f 5008/2585/5008 4224/1957/4224 5011/2130/5011 
f 5011/2130/5011 5009/2586/5009 5008/2585/5008 
f 5009/2586/5009 5011/2130/5011 4708/2130/4708 
f 4708/2130/4708 4707/2380/4707 5009/2586/5009 
f 5010/2587/5010 5009/2586/5009 4707/2380/4707 
f 4707/2380/4707 4706/2381/4706 5010/2587/5010 
f 4161/1902/4161 4160/1897/4160 5012/1897/5012 
f 5012/1897/5012 5013/1902/5013 4161/1902/4161 
f 4160/1897/4160 4159/1901/4159 5014/1901/5014 
f 5014/1901/5014 5012/1897/5012 4160/1897/4160 
f 5012/1897/5012 5014/1901/5014 4826/1901/4826 
f 4826/1901/4826 4825/1897/4825 5012/1897/5012 
f 5013/1902/5013 5012/1897/5012 4825/1897/4825 
f 4825/1897/4825 4557/1902/4557 5013/1902/5013 
f 4266/1993/4266 4265/1992/4265 5015/2111/5015 
f 5015/2111/5015 5016/2588/5016 4266/1993/4266 
f 4265/1992/4265 4264/1991/4264 5017/1912/5017 
f 5017/1912/5017 5015/2111/5015 4265/1992/4265 
f 5015/2111/5015 5017/1912/5017 4789/1912/4789 
f 4789/1912/4789 4788/1913/4788 5015/2111/5015 
f 5016/2588/5016 5015/2111/5015 4788/1913/4788 
f 4788/1913/4788 4623/1914/4623 5016/2588/5016 
f 4222/1956/4222 4356/2084/4356 5018/2025/5018 
f 5018/2025/5018 5019/2589/5019 4222/1956/4222 
f 4356/2084/4356 4355/2088/4355 5020/2590/5020 
f 5020/2590/5020 5018/2025/5018 4356/2084/4356 
f 5018/2025/5018 5020/2590/5020 4641/2088/4641 
f 4641/2088/4641 4935/2084/4935 5018/2025/5018 
f 5019/2589/5019 5018/2025/5018 4935/2084/4935 
f 4935/2084/4935 4878/1956/4878 5019/2589/5019 
f 4189/1927/4189 4278/2001/4278 5021/1324/5021 
f 5021/1324/5021 5022/2591/5022 4189/1927/4189 
f 4278/2001/4278 4277/2005/4277 5023/2502/5023 
f 5023/2502/5023 5021/1324/5021 4278/2001/4278 
f 5021/1324/5021 5023/2502/5023 4892/1323/4892 
f 4892/1323/4892 4891/1324/4891 5021/1324/5021 
f 5022/2591/5022 5021/1324/5021 4891/1324/4891 
f 4891/1324/4891 4760/1325/4760 5022/2591/5022 
f 4180/1920/4180 4335/2059/4335 5024/2167/5024 
f 5024/2167/5024 5025/2592/5025 4180/1920/4180 
f 4335/2059/4335 4334/2063/4334 5026/1997/5026 
f 5026/1997/5026 5024/2167/5024 4335/2059/4335 
f 5024/2167/5024 5026/1997/5026 4621/1997/4621 
f 4621/1997/4621 4965/1998/4965 5024/2167/5024 
f 5025/2592/5025 5024/2167/5024 4965/1998/4965 
f 4965/1998/4965 4775/1999/4775 5025/2592/5025 
f 4285/2012/4285 4344/2076/4344 5027/2542/5027 
f 5027/2542/5027 5028/2403/5028 4285/2012/4285 
f 4344/2076/4344 4191/1928/4191 5029/2177/5029 
f 5029/2177/5029 5027/2542/5027 4344/2076/4344 
f 5027/2542/5027 5029/2177/5029 4758/2177/4758 
f 4758/2177/4758 4950/2209/4950 5027/2542/5027 
f 5028/2403/5028 5027/2542/5027 4950/2209/4950 
f 4950/2209/4950 4739/1941/4739 5028/2403/5028 
f 4242/1971/4242 4241/1966/4241 5030/1966/5030 
f 5030/1966/5030 5031/1971/5031 4242/1971/4242 
f 4241/1966/4241 4240/1970/4240 5032/1970/5032 
f 5032/1970/5032 5030/1966/5030 4241/1966/4241 
f 5030/1966/5030 5032/1970/5032 4842/1970/4842 
f 4842/1970/4842 4841/1966/4841 5030/1966/5030 
f 5031/1971/5031 5030/1966/5030 4841/1966/4841 
f 4841/1966/4841 4578/1971/4578 5031/1971/5031 
f 4255/1983/4255 4323/2051/4323 5033/2564/5033 
f 5033/2564/5033 5034/2513/5034 4255/1983/4255 
f 4323/2051/4323 4322/2050/4322 5035/2050/5035 
f 5035/2050/5035 5033/2564/5033 4323/2051/4323 
f 5033/2564/5033 5035/2050/5035 4555/2050/4555 
f 4555/2050/4555 4980/2564/4980 5033/2564/5033 
f 5034/2513/5034 5033/2564/5033 4980/2564/4980 
f 4980/2564/4980 4907/1906/4907 5034/2513/5034 
f 4233/1964/4233 4232/1959/4232 5036/1959/5036 
f 5036/1959/5036 5037/1964/5037 4233/1964/4233 
f 4232/1959/4232 4231/1963/4231 5038/1963/5038 
f 5038/1963/5038 5036/1959/5036 4232/1959/4232 
f 5036/1959/5036 5038/1963/5038 4921/1963/4921 
f 4921/1963/4921 4920/1959/4920 5036/1959/5036 
f 5037/1964/5037 5036/1959/5036 4920/1959/4920 
f 4920/1959/4920 4865/1964/4865 5037/1964/5037 
f 4349/2082/4349 4457/2190/4457 5039/2138/5039 
f 5039/2138/5039 5040/2593/5040 4349/2082/4349 
f 4457/2190/4457 4287/2014/4287 5041/1943/5041 
f 5041/1943/5041 5039/2138/5039 4457/2190/4457 
f 5039/2138/5039 5041/1943/5041 4664/1943/4664 
f 4664/1943/4664 4663/2350/4663 5039/2138/5039 
f 5040/2593/5040 5039/2138/5039 4663/2350/4663 
f 4663/2350/4663 4662/2018/4662 5040/2593/5040 
f 4264/1991/4264 4329/2053/4329 5042/2558/5042 
f 5042/2558/5042 5017/1912/5017 4264/1991/4264 
f 4329/2053/4329 4328/2057/4328 5043/2447/5043 
f 5043/2447/5043 5042/2558/5042 4329/2053/4329 
f 5042/2558/5042 5043/2447/5043 4808/2181/4808 
f 4808/2181/4808 4973/2559/4973 5042/2558/5042 
f 5017/1912/5017 5042/2558/5042 4973/2559/4973 
f 4973/2559/4973 4789/1912/4789 5017/1912/5017 
f 2050/1133/2050 2049/1128/2049 5044/2250/5044 
f 5044/2250/5044 5045/2364/5045 2050/1133/2050 
f 2049/1128/2049 2048/1132/2048 5010/2587/5010 
f 5010/2587/5010 5044/2250/5044 2049/1128/2049 
f 5044/2250/5044 5010/2587/5010 4706/2381/4706 
f 4706/2381/4706 4928/2528/4928 5044/2250/5044 
f 5045/2364/5045 5044/2250/5044 4928/2528/4928 
f 4928/2528/4928 4686/2364/4686 5045/2364/5045 
f 4304/2032/4304 5046/2594/5046 5047/2595/5047 
f 5047/2595/5047 5048/2596/5048 4304/2032/4304 
f 5046/2594/5046 2050/1133/2050 5045/2364/5045 
f 5045/2364/5045 5047/2595/5047 5046/2594/5046 
f 5047/2595/5047 5045/2364/5045 4686/2364/4686 
f 4686/2364/4686 4685/2365/4685 5047/2595/5047 
f 5048/2596/5048 5047/2595/5047 4685/2365/4685 
f 4685/2365/4685 4684/2366/4684 5048/2596/5048 
f 4240/1970/4240 4311/2034/4311 5049/2034/5049 
f 5049/2034/5049 5032/1970/5032 4240/1970/4240 
f 4311/2034/4311 4310/2038/4310 5050/2038/5050 
f 5050/2038/5050 5049/2034/5049 4311/2034/4311 
f 5049/2034/5049 5050/2038/5050 4863/2038/4863 
f 4863/2038/4863 4996/2034/4996 5049/2034/5049 
f 5032/1970/5032 5049/2034/5049 4996/2034/4996 
f 4996/2034/4996 4842/1970/4842 5032/1970/5032 
f 4231/1963/4231 4305/2028/4305 5051/2028/5051 
f 5051/2028/5051 5038/1963/5038 4231/1963/4231 
f 4305/2028/4305 4304/2032/4304 5048/2596/5048 
f 5048/2596/5048 5051/2028/5051 4305/2028/4305 
f 5051/2028/5051 5048/2596/5048 4684/2366/4684 
f 4684/2366/4684 5003/2580/5003 5051/2028/5051 
f 5038/1963/5038 5051/2028/5051 5003/2580/5003 
f 5003/2580/5003 4921/1963/4921 5038/1963/5038 
f 4215/1950/4215 4214/1945/4214 5052/2597/5052 
f 5052/2597/5052 5053/2598/5053 4215/1950/4215 
f 4214/1945/4214 4213/1949/4213 5054/2599/5054 
f 5054/2599/5054 5052/2597/5052 4214/1945/4214 
f 5052/2597/5052 5054/2599/5054 4723/2020/4723 
f 4723/2020/4723 4722/2391/4722 5052/2597/5052 
f 5053/2598/5053 5052/2597/5052 4722/2391/4722 
f 4722/2391/4722 4643/2336/4643 5053/2598/5053 
f 4191/1928/4191 4190/1923/4190 5055/2234/5055 
f 5055/2234/5055 5029/2177/5029 4191/1928/4191 
f 4190/1923/4190 4189/1927/4189 5022/2591/5022 
f 5022/2591/5022 5055/2234/5055 4190/1923/4190 
f 5055/2234/5055 5022/2591/5022 4760/1325/4760 
f 4760/1325/4760 4759/2176/4759 5055/2234/5055 
f 5029/2177/5029 5055/2234/5055 4759/2176/4759 
f 4759/2176/4759 4758/2177/4758 5029/2177/5029 
f 4334/2063/4334 4411/2141/4411 5056/2173/5056 
f 5056/2173/5056 5026/1997/5026 4334/2063/4334 
f 4411/2141/4411 4266/1993/4266 5016/2588/5016 
f 5016/2588/5016 5056/2173/5056 4411/2141/4411 
f 5056/2173/5056 5016/2588/5016 4623/1914/4623 
f 4623/1914/4623 4622/2170/4622 5056/2173/5056 
f 5026/1997/5026 5056/2173/5056 4622/2170/4622 
f 4622/2170/4622 4621/1997/4621 5026/1997/5026 
f 4182/1921/4182 4181/1916/4181 5057/2425/5057 
f 5057/2425/5057 5058/2311/5058 4182/1921/4182 
f 4181/1916/4181 4180/1920/4180 5025/2592/5025 
f 5025/2592/5025 5057/2425/5057 4181/1916/4181 
f 5057/2425/5057 5025/2592/5025 4775/1999/4775 
f 4775/1999/4775 4774/2425/4774 5057/2425/5057 
f 5058/2311/5058 5057/2425/5057 4774/2425/4774 
f 4774/2425/4774 4602/2264/4602 5058/2311/5058 
f 4224/1957/4224 4223/1952/4223 5059/2152/5059 
f 5059/2152/5059 5011/2130/5011 4224/1957/4224 
f 4223/1952/4223 4222/1956/4222 5019/2589/5019 
f 5019/2589/5019 5059/2152/5059 4223/1952/4223 
f 5059/2152/5059 5019/2589/5019 4878/1956/4878 
f 4878/1956/4878 4877/2152/4877 5059/2152/5059 
f 5011/2130/5011 5059/2152/5059 4877/2152/4877 
f 4877/2152/4877 4708/2130/4708 5011/2130/5011 
f 4213/1949/4213 4350/2078/4350 5060/2019/5060 
f 5060/2019/5060 5054/2599/5054 4213/1949/4213 
f 4350/2078/4350 4349/2082/4349 5040/2593/5040 
f 5040/2593/5040 5060/2019/5060 4350/2078/4350 
f 5060/2019/5060 5040/2593/5040 4662/2018/4662 
f 4662/2018/4662 4942/2019/4942 5060/2019/5060 
f 5054/2599/5054 5060/2019/5060 4942/2019/4942 
f 4942/2019/4942 4723/2020/4723 5054/2599/5054 
f 4355/2088/4355 4469/2207/4469 5061/2337/5061 
f 5061/2337/5061 5020/2590/5020 4355/2088/4355 
f 4469/2207/4469 4215/1950/4215 5053/2598/5053 
f 5053/2598/5053 5061/2337/5061 4469/2207/4469 
f 5061/2337/5061 5053/2598/5053 4643/2336/4643 
f 4643/2336/4643 4642/2337/4642 5061/2337/5061 
f 5020/2590/5020 5061/2337/5061 4642/2337/4642 
f 4642/2337/4642 4641/2088/4641 5020/2590/5020 
f 4277/2005/4277 4341/2065/4341 5062/2548/5062 
f 5062/2548/5062 5023/2502/5023 4277/2005/4277 
f 4341/2065/4341 4340/2069/4340 5063/2312/5063 
f 5063/2312/5063 5062/2548/5062 4341/2065/4341 
f 5062/2548/5062 5063/2312/5063 4600/2098/4600 
f 4600/2098/4600 4958/2099/4958 5062/2548/5062 
f 5023/2502/5023 5062/2548/5062 4958/2099/4958 
f 4958/2099/4958 4892/1323/4892 5023/2502/5023 
f 4257/1985/4257 4256/1984/4256 5064/2512/5064 
f 5064/2512/5064 5065/2446/5065 4257/1985/4257 
f 4256/1984/4256 4255/1983/4255 5034/2513/5034 
f 5034/2513/5034 5064/2512/5064 4256/1984/4256 
f 5064/2512/5064 5034/2513/5034 4907/1906/4907 
f 4907/1906/4907 4906/1907/4906 5064/2512/5064 
f 5065/2446/5065 5064/2512/5064 4906/1907/4906 
f 4906/1907/4906 4810/1908/4810 5065/2446/5065 
f 4328/2057/4328 4384/2114/4384 5066/2180/5066 
f 5066/2180/5066 5043/2447/5043 4328/2057/4328 
f 4384/2114/4384 4257/1985/4257 5065/2446/5065 
f 5065/2446/5065 5066/2180/5066 4384/2114/4384 
f 5066/2180/5066 5065/2446/5065 4810/1908/4810 
f 4810/1908/4810 4809/2180/4809 5066/2180/5066 
f 5043/2447/5043 5066/2180/5066 4809/2180/4809 
f 4809/2180/4809 4808/2181/4808 5043/2447/5043 
f 4159/1901/4159 4317/2040/4317 5067/2570/5067 
f 5067/2570/5067 5014/1901/5014 4159/1901/4159 
f 4317/2040/4317 4316/2044/4316 5068/2600/5068 
f 5068/2600/5068 5067/2570/5067 4317/2040/4317 
f 5067/2570/5067 5068/2600/5068 4576/2044/4576 
f 4576/2044/4576 4988/2040/4988 5067/2570/5067 
f 5014/1901/5014 5067/2570/5067 4988/2040/4988 
f 4988/2040/4988 4826/1901/4826 5014/1901/5014 
f 4316/2044/4316 5069/2294/5069 5070/2200/5070 
f 5070/2200/5070 5068/2600/5068 4316/2044/4316 
f 5069/2294/5069 4242/1971/4242 5031/1971/5031 
f 5031/1971/5031 5070/2200/5070 5069/2294/5069 
f 5070/2200/5070 5031/1971/5031 4578/1971/4578 
f 4578/1971/4578 4577/2294/4577 5070/2200/5070 
f 5068/2600/5068 5070/2200/5070 4577/2294/4577 
f 4577/2294/4577 4576/2044/4576 5068/2600/5068 
f 4340/2069/4340 4423/2159/4423 5071/2310/5071 
f 5071/2310/5071 5063/2312/5063 4340/2069/4340 
f 4423/2159/4423 4182/1921/4182 5058/2311/5058 
f 5058/2311/5058 5071/2310/5071 4423/2159/4423 
f 5071/2310/5071 5058/2311/5058 4602/2264/4602 
f 4602/2264/4602 4601/2265/4601 5071/2310/5071 
f 5063/2312/5063 5071/2310/5071 4601/2265/4601 
f 4601/2265/4601 4600/2098/4600 5063/2312/5063 
f 4287/2014/4287 4286/2013/4286 5072/2402/5072 
f 5072/2402/5072 5041/1943/5041 4287/2014/4287 
f 4286/2013/4286 4285/2012/4285 5028/2403/5028 
f 5028/2403/5028 5072/2402/5072 4286/2013/4286 
f 5072/2402/5072 5028/2403/5028 4739/1941/4739 
f 4739/1941/4739 4738/1942/4738 5072/2402/5072 
f 5041/1943/5041 5072/2402/5072 4738/1942/4738 
f 4738/1942/4738 4664/1943/4664 5041/1943/5041 
f 4310/2038/4310 5073/2601/5073 5074/2601/5074 
f 5074/2601/5074 5050/2038/5050 4310/2038/4310 
f 5073/2601/5073 4233/1964/4233 5037/1964/5037 
f 5037/1964/5037 5074/2601/5074 5073/2601/5073 
f 5074/2601/5074 5037/1964/5037 4865/1964/4865 
f 4865/1964/4865 4864/2486/4864 5074/2601/5074 
f 5050/2038/5050 5074/2601/5074 4864/2486/4864 
f 4864/2486/4864 4863/2038/4863 5050/2038/5050 
f 4322/2050/4322 4372/2101/4372 5075/2101/5075 
f 5075/2101/5075 5035/2050/5035 4322/2050/4322 
f 4372/2101/4372 4161/1902/4161 5013/1902/5013 
f 5013/1902/5013 5075/2101/5075 4372/2101/4372 
f 5075/2101/5075 5013/1902/5013 4557/1902/4557 
f 4557/1902/4557 4556/2101/4556 5075/2101/5075 
f 5035/2050/5035 5075/2101/5075 4556/2101/4556 
f 4556/2101/4556 4555/2050/4555 5035/2050/5035 
f 4314/2602/4314 5076/2294/5076 5077/2294/5077 
f 5077/2294/5077 4315/2603/4315 4314/2602/4314 
f 5076/2294/5076 4234/2604/4234 4237/2605/4237 
f 4237/2605/4237 5077/2294/5077 5076/2294/5076 
f 5077/2294/5077 4237/2605/4237 4242/1971/4242 
f 4242/1971/4242 5069/2294/5069 5077/2294/5077 
f 4315/2603/4315 5077/2294/5077 5069/2294/5069 
f 5069/2294/5069 4316/2044/4316 4315/2603/4315 
f 3494/1530/3494 3492/1528/3492 5078/2606/5078 
f 5078/2606/5078 4164/1905/4164 3494/1530/3494 
f 3492/1528/3492 3478/1518/3478 4488/2224/4488 
f 4488/2224/4488 5078/2606/5078 3492/1528/3492 
f 5078/2606/5078 4488/2224/4488 4492/2228/4492 
f 4492/2228/4492 5079/2607/5079 5078/2606/5078 
f 4164/1905/4164 5078/2606/5078 5079/2607/5079 
f 5079/2607/5079 4165/1906/4165 4164/1905/4164 
f 4308/2608/4308 5080/2601/5080 5081/2601/5081 
f 5081/2601/5081 4309/2609/4309 4308/2608/4308 
f 5080/2601/5080 4225/2610/4225 4228/2611/4228 
f 4228/2611/4228 5081/2601/5081 5080/2601/5080 
f 5081/2601/5081 4228/2611/4228 4233/1964/4233 
f 4233/1964/4233 5073/2601/5073 5081/2601/5081 
f 4309/2609/4309 5081/2601/5081 5073/2601/5073 
f 5073/2601/5073 4310/2038/4310 4309/2609/4309 
f 3334/1410/3334 3332/1408/3332 5082/2612/5082 
f 5082/2612/5082 5083/2613/5083 3334/1410/3334 
f 3332/1408/3332 3311/1394/3311 5084/2614/5084 
f 5084/2614/5084 5082/2612/5082 3332/1408/3332 
f 5082/2612/5082 5084/2614/5084 5085/2364/5085 
f 5085/2364/5085 5086/2365/5086 5082/2612/5082 
f 5083/2613/5083 5082/2612/5082 5086/2365/5086 
f 5086/2365/5086 5087/2366/5087 5083/2613/5083 
f 3763/1731/3763 3761/1729/3761 5088/2615/5088 
f 5088/2615/5088 4296/2023/4296 3763/1731/3763 
f 3761/1729/3761 3747/1719/3747 5089/2616/5089 
f 5089/2616/5089 5088/2615/5088 3761/1729/3761 
f 5088/2615/5088 5089/2616/5089 5090/2336/5090 
f 5090/2336/5090 5091/2617/5091 5088/2615/5088 
f 4296/2023/4296 5088/2615/5088 5091/2617/5091 
f 5091/2617/5091 4297/2024/4297 4296/2023/4296 
f 3462/1506/3462 3460/1504/3460 5092/2618/5092 
f 5092/2618/5092 4489/2225/4489 3462/1506/3462 
f 3460/1504/3460 3446/1494/3446 4244/1973/4244 
f 4244/1973/4244 5092/2618/5092 3460/1504/3460 
f 5092/2618/5092 4244/1973/4244 4248/1977/4248 
f 4248/1977/4248 5093/2458/5093 5092/2618/5092 
f 4489/2225/4489 5092/2618/5092 5093/2458/5093 
f 5093/2458/5093 4490/2226/4490 4489/2225/4489 
f 4302/2619/4302 5094/2594/5094 5095/2594/5095 
f 5095/2594/5095 4303/2620/4303 4302/2619/4302 
f 5094/2594/5094 2042/2621/2042 2045/2622/2045 
f 2045/2622/2045 5095/2594/5095 5094/2594/5094 
f 5095/2594/5095 2045/2622/2045 2050/1133/2050 
f 2050/1133/2050 5046/2594/5046 5095/2594/5095 
f 4303/2620/4303 5095/2594/5095 5046/2594/5046 
f 5046/2594/5046 4304/2032/4304 4303/2620/4303 
f 4462/2198/4462 4985/2569/4985 5096/2623/5096 
f 5096/2623/5096 4463/2199/4463 4462/2198/4462 
f 4985/2569/4985 4820/2457/4820 5097/2624/5097 
f 5097/2624/5097 5096/2623/5096 4985/2569/4985 
f 5096/2623/5096 5097/2624/5097 5098/2625/5098 
f 5098/2625/5098 5099/2570/5099 5096/2623/5096 
f 4463/2199/4463 5096/2623/5096 5099/2570/5099 
f 5099/2570/5099 4464/2044/4464 4463/2199/4463 
f 3350/1422/3350 3348/1420/3348 5100/2626/5100 
f 5100/2626/5100 4143/1886/4143 3350/1422/3350 
f 3348/1420/3348 3334/1410/3334 5083/2613/5083 
f 5083/2613/5083 5100/2626/5100 3348/1420/3348 
f 5100/2626/5100 5083/2613/5083 5087/2366/5087 
f 5087/2366/5087 5101/2580/5101 5100/2626/5100 
f 4143/1886/4143 5100/2626/5100 5101/2580/5101 
f 5101/2580/5101 4144/1887/4144 4143/1886/4143 
f 4527/2260/4527 4717/2390/4717 5102/2627/5102 
f 5102/2627/5102 4528/2261/4528 4527/2260/4527 
f 4717/2390/4717 4516/2251/4516 4519/2254/4519 
f 4519/2254/4519 5102/2627/5102 4717/2390/4717 
f 5102/2627/5102 4519/2254/4519 4524/2257/4524 
f 4524/2257/4524 5103/2628/5103 5102/2627/5102 
f 4528/2261/4528 5102/2627/5102 5103/2628/5103 
f 5103/2628/5103 4529/1949/4529 4528/2261/4528 
f 4474/2212/4474 4856/2483/4856 5104/2629/5104 
f 5104/2629/5104 4475/2213/4475 4474/2212/4474 
f 4856/2483/4856 4855/2482/4855 5105/2630/5105 
f 5105/2630/5105 5104/2629/5104 4856/2483/4856 
f 5104/2629/5104 5105/2630/5105 5106/2038/5106 
f 5106/2038/5106 5107/2486/5107 5104/2629/5104 
f 4475/2213/4475 5104/2629/5104 5107/2486/5107 
f 5107/2486/5107 4476/2214/4476 4475/2213/4475 
f 3307/1390/3307 3809/1765/3809 5108/2631/5108 
f 5108/2631/5108 5109/2632/5109 3307/1390/3307 
f 3809/1765/3809 3795/1755/3795 4397/2128/4397 
f 4397/2128/4397 5108/2631/5108 3809/1765/3809 
f 5108/2631/5108 4397/2128/4397 4399/2130/4399 
f 4399/2130/4399 5110/2380/5110 5108/2631/5108 
f 5109/2632/5109 5108/2631/5108 5110/2380/5110 
f 5110/2380/5110 5111/2381/5111 5109/2632/5109 
f 4855/2482/4855 4993/2575/4993 5112/2633/5112 
f 5112/2633/5112 5105/2630/5105 4855/2482/4855 
f 4993/2575/4993 4836/2469/4836 5113/2634/5113 
f 5113/2634/5113 5112/2633/5112 4993/2575/4993 
f 5112/2633/5112 5113/2634/5113 5114/2635/5114 
f 5114/2635/5114 5115/2034/5115 5112/2633/5112 
f 5105/2630/5105 5112/2633/5112 5115/2034/5115 
f 5115/2034/5115 5106/2038/5106 5105/2630/5105 
f 4520/2255/4520 4932/2532/4932 5116/2636/5116 
f 5116/2636/5116 4521/2256/4521 4520/2255/4520 
f 4932/2532/4932 4412/2145/4412 4415/2148/4415 
f 4415/2148/4415 5116/2636/5116 4932/2532/4932 
f 5116/2636/5116 4415/2148/4415 4420/2153/4420 
f 4420/2153/4420 5117/2084/5117 5116/2636/5116 
f 4521/2256/4521 5116/2636/5116 5117/2084/5117 
f 5117/2084/5117 4522/2088/4522 4521/2256/4521 
f 4482/2220/4482 4901/2511/4901 5118/2637/5118 
f 5118/2637/5118 4483/2221/4483 4482/2220/4482 
f 4901/2511/4901 4387/2120/4387 4390/2123/4390 
f 4390/2123/4390 5118/2637/5118 4901/2511/4901 
f 5118/2637/5118 4390/2123/4390 4395/1985/4395 
f 4395/1985/4395 5119/1984/5119 5118/2637/5118 
f 4483/2221/4483 5118/2637/5118 5119/1984/5119 
f 5119/1984/5119 4484/2222/4484 4483/2221/4483 
f 3606/1614/3606 3604/1612/3604 5120/2638/5120 
f 5120/2638/5120 4532/2263/4532 3606/1614/3606 
f 3604/1612/3604 3590/1602/3590 4268/1995/4268 
f 4268/1995/4268 5120/2638/5120 3604/1612/3604 
f 5120/2638/5120 4268/1995/4268 4272/1999/4272 
f 4272/1999/4272 5121/2425/5121 5120/2638/5120 
f 4532/2263/4532 5120/2638/5120 5121/2425/5121 
f 5121/2425/5121 4533/2264/4533 4532/2263/4532 
f 3311/1394/3311 3308/1391/3308 5122/2639/5122 
f 5122/2639/5122 5084/2614/5084 3311/1394/3311 
f 3308/1391/3308 3307/1390/3307 5109/2632/5109 
f 5109/2632/5109 5122/2639/5122 3308/1391/3308 
f 5122/2639/5122 5109/2632/5109 5111/2381/5111 
f 5111/2381/5111 5123/2528/5123 5122/2639/5122 
f 5084/2614/5084 5122/2639/5122 5123/2528/5123 
f 5123/2528/5123 5085/2364/5085 5084/2614/5084 
f 4391/2124/4391 4970/2557/4970 5124/2640/5124 
f 5124/2640/5124 4392/2125/4392 4391/2124/4391 
f 4970/2557/4970 4373/2105/4373 4376/2108/4376 
f 4376/2108/4376 5124/2640/5124 4970/2557/4970 
f 5124/2640/5124 4376/2108/4376 4381/2112/4381 
f 4381/2112/4381 5125/2558/5125 5124/2640/5124 
f 4392/2125/4392 5124/2640/5124 5125/2558/5125 
f 5125/2558/5125 4393/2126/4393 4392/2125/4392 
f 3715/1695/3715 3713/1693/3713 5126/2641/5126 
f 5126/2641/5126 4290/2017/4290 3715/1695/3715 
f 3713/1693/3713 3699/1683/3699 4202/1939/4202 
f 4202/1939/4202 5126/2641/5126 3713/1693/3713 
f 5126/2641/5126 4202/1939/4202 4206/1943/4206 
f 4206/1943/4206 5127/2350/5127 5126/2641/5126 
f 4290/2017/4290 5126/2641/5126 5127/2350/5127 
f 5127/2350/5127 4291/2018/4291 4290/2017/4290 
f 3398/1458/3398 3396/1456/3396 5128/2642/5128 
f 5128/2642/5128 4149/1892/4149 3398/1458/3398 
f 3396/1456/3396 3382/1446/3382 5005/2582/5005 
f 5005/2582/5005 5128/2642/5128 3396/1456/3396 
f 5128/2642/5128 5005/2582/5005 5007/2584/5007 
f 5007/2584/5007 5129/2643/5129 5128/2642/5128 
f 4149/1892/4149 5128/2642/5128 5129/2643/5129 
f 5129/2643/5129 4150/1893/4150 4149/1892/4149 
f 4511/2247/4511 4677/2363/4677 5130/2644/5130 
f 5130/2644/5130 4512/2248/4512 4511/2247/4511 
f 4677/2363/4677 4357/2089/4357 4360/2092/4360 
f 4360/2092/4360 5130/2644/5130 4677/2363/4677 
f 5130/2644/5130 4360/2092/4360 4365/2095/4365 
f 4365/2095/4365 5131/2595/5131 5130/2644/5130 
f 4512/2248/4512 5130/2644/5130 5131/2595/5131 
f 5131/2595/5131 4513/2249/4513 4512/2248/4512 
f 4495/2231/4495 4947/2541/4947 5132/2645/5132 
f 5132/2645/5132 4496/2232/4496 4495/2231/4495 
f 4947/2541/4947 4733/2401/4733 5133/2646/5133 
f 5133/2646/5133 5132/2645/5132 4947/2541/4947 
f 5132/2645/5132 5133/2646/5133 5134/2012/5134 
f 5134/2012/5134 5135/2542/5135 5132/2645/5132 
f 4496/2232/4496 5132/2645/5132 5135/2542/5135 
f 5135/2542/5135 4497/2233/4497 4496/2232/4496 
f 4416/2149/4416 4699/2379/4699 5136/2647/5136 
f 5136/2647/5136 4417/2150/4417 4416/2149/4416 
f 4699/2379/4699 4507/2243/4507 4510/2246/4510 
f 4510/2246/4510 5136/2647/5136 4699/2379/4699 
f 5136/2647/5136 4510/2246/4510 4515/1132/4515 
f 4515/1132/4515 5137/2586/5137 5136/2647/5136 
f 4417/2150/4417 5136/2647/5136 5137/2586/5137 
f 5137/2586/5137 4418/2151/4418 4417/2150/4417 
f 4836/2469/4836 4835/2468/4835 5138/2648/5138 
f 5138/2648/5138 5113/2634/5113 4836/2469/4836 
f 4835/2468/4835 4458/2194/4458 4461/2197/4461 
f 4461/2197/4461 5138/2648/5138 4835/2468/4835 
f 5138/2648/5138 4461/2197/4461 4466/2201/4466 
f 4466/2201/4466 5139/2649/5139 5138/2648/5138 
f 5113/2634/5113 5138/2648/5138 5139/2649/5139 
f 5139/2649/5139 5114/2635/5114 5113/2634/5113 
f 4591/2307/4591 4955/2547/4955 5140/2650/5140 
f 5140/2650/5140 5141/2651/5141 4591/2307/4591 
f 4955/2547/4955 4446/2182/4446 4449/2185/4449 
f 4449/2185/4449 5140/2650/5140 4955/2547/4955 
f 5140/2650/5140 4449/2185/4449 4454/2005/4454 
f 4454/2005/4454 5142/2652/5142 5140/2650/5140 
f 5141/2651/5141 5140/2650/5140 5142/2652/5142 
f 5142/2652/5142 5143/2653/5143 5141/2651/5141 
f 3747/1719/3747 3745/1717/3745 5144/2654/5144 
f 5144/2654/5144 5089/2616/5089 3747/1719/3747 
f 3745/1717/3745 3731/1707/3731 4289/2016/4289 
f 4289/2016/4289 5144/2654/5144 3745/1717/3745 
f 5144/2654/5144 4289/2016/4289 4293/2020/4293 
f 4293/2020/4293 5145/2391/5145 5144/2654/5144 
f 5089/2616/5089 5144/2654/5144 5145/2391/5145 
f 5145/2391/5145 5090/2336/5090 5089/2616/5089 
f 4548/2279/4548 4547/2278/4547 5146/2655/5146 
f 5146/2655/5146 5147/2656/5147 4548/2279/4548 
f 4547/2278/4547 4478/2216/4478 4481/2219/4481 
f 4481/2219/4481 5146/2655/5146 4547/2278/4547 
f 5146/2655/5146 4481/2219/4481 4486/2050/4486 
f 4486/2050/4486 5148/2101/5148 5146/2655/5146 
f 5147/2656/5147 5146/2655/5146 5148/2101/5148 
f 5148/2101/5148 5149/2657/5149 5147/2656/5147 
f 4733/2401/4733 4732/2400/4732 5150/2658/5150 
f 5150/2658/5150 5133/2646/5133 4733/2401/4733 
f 4732/2400/4732 4400/2131/4400 4403/2134/4403 
f 4403/2134/4403 5150/2658/5150 4732/2400/4732 
f 5150/2658/5150 4403/2134/4403 4408/2139/4408 
f 4408/2139/4408 5151/2402/5151 5150/2658/5150 
f 5133/2646/5133 5150/2658/5150 5151/2402/5151 
f 5151/2402/5151 5134/2012/5134 5133/2646/5133 
f 3542/1566/3542 3540/1564/3540 5152/2659/5152 
f 5152/2659/5152 4170/1911/4170 3542/1566/3542 
f 3540/1564/3540 3526/1554/3526 4443/2179/4443 
f 4443/2179/4443 5152/2659/5152 3540/1564/3540 
f 5152/2659/5152 4443/2179/4443 4445/2181/4445 
f 4445/2181/4445 5153/2559/5153 5152/2659/5152 
f 4170/1911/4170 5152/2659/5152 5153/2559/5153 
f 5153/2559/5153 4171/1912/4171 4170/1911/4170 
f 4593/2309/4593 4592/2308/4592 5154/2660/5154 
f 5154/2660/5154 5155/2661/5155 4593/2309/4593 
f 4592/2308/4592 4591/2307/4591 5141/2651/5141 
f 5141/2651/5141 5154/2660/5154 4592/2308/4592 
f 5154/2660/5154 5141/2651/5141 5143/2653/5143 
f 5143/2653/5143 5156/2159/5156 5154/2660/5154 
f 5155/2661/5155 5154/2660/5154 5156/2159/5156 
f 5156/2159/5156 5157/1921/5157 5155/2661/5155 
f 4428/2164/4428 4769/2424/4769 5158/2662/5158 
f 5158/2662/5158 4429/2165/4429 4428/2164/4428 
f 4769/2424/4769 4593/2309/4593 5155/2661/5155 
f 5155/2661/5155 5158/2662/5158 4769/2424/4769 
f 5158/2662/5158 5155/2661/5155 5157/1921/5157 
f 5157/1921/5157 5159/1916/5159 5158/2662/5158 
f 4429/2165/4429 5158/2662/5158 5159/1916/5159 
f 5159/1916/5159 4430/2166/4430 4429/2165/4429 
f 4553/2228/4553 4550/2227/4550 5160/2227/5160 
f 5160/2227/5160 5161/2228/5161 4553/2228/4553 
f 4550/2227/4550 4549/2226/4549 5162/2226/5162 
f 5162/2226/5162 5160/2227/5160 4550/2227/4550 
f 5160/2227/5160 5162/2226/5162 5163/2226/5163 
f 5163/2226/5163 5164/2227/5164 5160/2227/5160 
f 5161/2228/5161 5160/2227/5160 5164/2227/5164 
f 5164/2227/5164 5165/2228/5165 5161/2228/5161 
f 5165/2228/5165 5164/2227/5164 5166/2227/5166 
f 5166/2227/5166 5167/2281/5167 5165/2228/5165 
f 5164/2227/5164 5163/2226/5163 5168/2280/5168 
f 5168/2280/5168 5166/2227/5166 5164/2227/5164 
f 5166/2227/5166 5168/2280/5168 5169/2657/5169 
f 5169/2657/5169 5170/2101/5170 5166/2227/5166 
f 5167/2281/5167 5166/2227/5166 5170/2101/5170 
f 5170/2101/5170 5171/2050/5171 5167/2281/5167 
f 5171/2050/5171 5170/2101/5170 5172/2227/5172 
f 5172/2227/5172 5173/2281/5173 5171/2050/5171 
f 5170/2101/5170 5169/2657/5169 5174/2280/5174 
f 5174/2280/5174 5172/2227/5172 5170/2101/5170 
f 5172/2227/5172 5174/2280/5174 5149/2657/5149 
f 5149/2657/5149 5148/2101/5148 5172/2227/5172 
f 5173/2281/5173 5172/2227/5172 5148/2101/5148 
f 5148/2101/5148 4486/2050/4486 5173/2281/5173 
f 4574/2044/4574 4571/2294/4571 5175/2200/5175 
f 5175/2200/5175 5176/2600/5176 4574/2044/4574 
f 4571/2294/4571 4570/1971/4570 5177/1971/5177 
f 5177/1971/5177 5175/2200/5175 4571/2294/4571 
f 5175/2200/5175 5177/1971/5177 5178/1971/5178 
f 5178/1971/5178 5179/2200/5179 5175/2200/5175 
f 5176/2600/5176 5175/2200/5175 5179/2200/5179 
f 5179/2200/5179 5180/1975/5180 5176/2600/5176 
f 5180/1975/5180 5179/2200/5179 5181/2200/5181 
f 5181/2200/5181 5182/1975/5182 5180/1975/5180 
f 5179/2200/5179 5178/1971/5178 5183/2663/5183 
f 5183/2663/5183 5181/2200/5181 5179/2200/5179 
f 5181/2200/5181 5183/2663/5183 5184/2201/5184 
f 5184/2201/5184 5185/2200/5185 5181/2200/5181 
f 5182/1975/5182 5181/2200/5181 5185/2200/5185 
f 5185/2200/5185 5186/2044/5186 5182/1975/5182 
f 5186/2044/5186 5185/2200/5185 5187/2119/5187 
f 5187/2119/5187 5188/1975/5188 5186/2044/5186 
f 5185/2200/5185 5184/2201/5184 5189/1895/5189 
f 5189/1895/5189 5187/2119/5187 5185/2200/5185 
f 5187/2119/5187 5189/1895/5189 4466/2201/4466 
f 4466/2201/4466 4465/2200/4465 5187/2119/5187 
f 5188/1975/5188 5187/2119/5187 4465/2200/4465 
f 4465/2200/4465 4464/2044/4464 5188/1975/5188 
f 4598/2069/4598 4595/2155/4595 5190/2159/5190 
f 5190/2159/5190 5191/2312/5191 4598/2069/4598 
f 4595/2155/4595 4594/1921/4594 5192/1921/5192 
f 5192/1921/5192 5190/2159/5190 4595/2155/4595 
f 5190/2159/5190 5192/1921/5192 5193/1921/5193 
f 5193/1921/5193 5194/2155/5194 5190/2159/5190 
f 5191/2312/5191 5190/2159/5190 5194/2155/5194 
f 5194/2155/5194 5195/2069/5195 5191/2312/5191 
f 5195/2069/5195 5194/2155/5194 5196/2310/5196 
f 5196/2310/5196 5197/2312/5197 5195/2069/5195 
f 5194/2155/5194 5193/1921/5193 5198/2311/5198 
f 5198/2311/5198 5196/2310/5196 5194/2155/5194 
f 5196/2310/5196 5198/2311/5198 5199/1921/5199 
f 5199/1921/5199 5200/2159/5200 5196/2310/5196 
f 5197/2312/5197 5196/2310/5196 5200/2159/5200 
f 5200/2159/5200 5201/2653/5201 5197/2312/5197 
f 5201/2653/5201 5200/2159/5200 5202/2265/5202 
f 5202/2265/5202 5203/2312/5203 5201/2653/5201 
f 5200/2159/5200 5199/1921/5199 5204/2311/5204 
f 5204/2311/5204 5202/2265/5202 5200/2159/5200 
f 5202/2265/5202 5204/2311/5204 5157/1921/5157 
f 5157/1921/5157 5156/2159/5156 5202/2265/5202 
f 5203/2312/5203 5202/2265/5202 5156/2159/5156 
f 5156/2159/5156 5143/2653/5143 5203/2312/5203 
f 4619/1997/4619 4616/2170/4616 5205/2170/5205 
f 5205/2170/5205 5206/1997/5206 4619/1997/4619 
f 4616/2170/4616 4615/1914/4615 5207/1914/5207 
f 5207/1914/5207 5205/2170/5205 4616/2170/4616 
f 5205/2170/5205 5207/1914/5207 5208/1914/5208 
f 5208/1914/5208 5209/2170/5209 5205/2170/5205 
f 5206/1997/5206 5205/2170/5205 5209/2170/5209 
f 5209/2170/5209 5210/1997/5210 5206/1997/5206 
f 5210/1997/5210 5209/2170/5209 5211/2170/5211 
f 5211/2170/5211 5212/1997/5212 5210/1997/5210 
f 5209/2170/5209 5208/1914/5208 5213/1914/5213 
f 5213/1914/5213 5211/2170/5211 5209/2170/5209 
f 5211/2170/5211 5213/1914/5213 5214/1993/5214 
f 5214/1993/5214 5215/2173/5215 5211/2170/5211 
f 5212/1997/5212 5211/2170/5211 5215/2173/5215 
f 5215/2173/5215 5216/2168/5216 5212/1997/5212 
f 5216/2168/5216 5215/2173/5215 5217/2170/5217 
f 5217/2170/5217 5218/1997/5218 5216/2168/5216 
f 5215/2173/5215 5214/1993/5214 5219/1914/5219 
f 5219/1914/5219 5217/2170/5217 5215/2173/5215 
f 5217/2170/5217 5219/1914/5219 4379/1993/4379 
f 4379/1993/4379 4437/2173/4437 5217/2170/5217 
f 5218/1997/5218 5217/2170/5217 4437/2173/4437 
f 4437/2173/4437 4432/2168/4432 5218/1997/5218 
f 4639/2088/4639 4636/2337/4636 5220/2337/5220 
f 5220/2337/5220 5221/2590/5221 4639/2088/4639 
f 4636/2337/4636 4635/2336/4635 5222/2336/5222 
f 5222/2336/5222 5220/2337/5220 4636/2337/4636 
f 5220/2337/5220 5222/2336/5222 5223/2336/5223 
f 5223/2336/5223 5224/2617/5224 5220/2337/5220 
f 5221/2590/5221 5220/2337/5220 5224/2617/5224 
f 5224/2617/5224 5225/2024/5225 5221/2590/5221 
f 5225/2024/5225 5224/2617/5224 5226/2617/5226 
f 5226/2617/5226 5227/2590/5227 5225/2024/5225 
f 5224/2617/5224 5223/2336/5223 5228/2598/5228 
f 5228/2598/5228 5226/2617/5226 5224/2617/5224 
f 5226/2617/5226 5228/2598/5228 5229/2257/5229 
f 5229/2257/5229 5230/2207/5230 5226/2617/5226 
f 5227/2590/5227 5226/2617/5226 5230/2207/5230 
f 5230/2207/5230 5231/2088/5231 5227/2590/5227 
f 5231/2088/5231 5230/2207/5230 5232/2617/5232 
f 5232/2617/5232 5233/2590/5233 5231/2088/5231 
f 5230/2207/5230 5229/2257/5229 5234/2598/5234 
f 5234/2598/5234 5232/2617/5232 5230/2207/5230 
f 5232/2617/5232 5234/2598/5234 4524/2257/4524 
f 4524/2257/4524 4523/2207/4523 5232/2617/5232 
f 5233/2590/5233 5232/2617/5232 4523/2207/4523 
f 4523/2207/4523 4522/2088/4522 5233/2590/5233 
f 4660/2018/4660 4657/2138/4657 5235/2138/5235 
f 5235/2138/5235 5236/2018/5236 4660/2018/4660 
f 4657/2138/4657 4656/2014/4656 5237/2014/5237 
f 5237/2014/5237 5235/2138/5235 4657/2138/4657 
f 5235/2138/5235 5237/2014/5237 5238/2014/5238 
f 5238/2014/5238 5239/2138/5239 5235/2138/5235 
f 5236/2018/5236 5235/2138/5235 5239/2138/5239 
f 5239/2138/5239 5240/2018/5240 5236/2018/5236 
f 5240/2018/5240 5239/2138/5239 5241/2138/5241 
f 5241/2138/5241 5242/2593/5242 5240/2018/5240 
f 5239/2138/5239 5238/2014/5238 5243/2664/5243 
f 5243/2664/5243 5241/2138/5241 5239/2138/5239 
f 5241/2138/5241 5243/2664/5243 5244/2139/5244 
f 5244/2139/5244 5245/2138/5245 5241/2138/5241 
f 5242/2593/5242 5241/2138/5241 5245/2138/5245 
f 5245/2138/5245 5246/2137/5246 5242/2593/5242 
f 5246/2137/5246 5245/2138/5245 5247/2350/5247 
f 5247/2350/5247 5248/2593/5248 5246/2137/5246 
f 5245/2138/5245 5244/2139/5244 5249/1943/5249 
f 5249/1943/5249 5247/2350/5247 5245/2138/5245 
f 5247/2350/5247 5249/1943/5249 4408/2139/4408 
f 4408/2139/4408 4407/2138/4407 5247/2350/5247 
f 5248/2593/5248 5247/2350/5247 4407/2138/4407 
f 4407/2138/4407 4406/2137/4406 5248/2593/5248 
f 4682/2366/4682 4679/2365/4679 5250/2365/5250 
f 5250/2365/5250 5251/2366/5251 4682/2366/4682 
f 4679/2365/4679 4678/2364/4678 5252/2364/5252 
f 5252/2364/5252 5250/2365/5250 4679/2365/4679 
f 5250/2365/5250 5252/2364/5252 5253/2364/5253 
f 5253/2364/5253 5254/2365/5254 5250/2365/5250 
f 5251/2366/5251 5250/2365/5250 5254/2365/5254 
f 5254/2365/5254 5255/2366/5255 5251/2366/5251 
f 5255/2366/5255 5254/2365/5254 5256/2365/5256 
f 5256/2365/5256 5257/2596/5257 5255/2366/5255 
f 5254/2365/5254 5253/2364/5253 5258/2364/5258 
f 5258/2364/5258 5256/2365/5256 5254/2365/5254 
f 5256/2365/5256 5258/2364/5258 5259/2249/5259 
f 5259/2249/5259 5260/2595/5260 5256/2365/5256 
f 5257/2596/5257 5256/2365/5256 5260/2595/5260 
f 5260/2595/5260 5261/2095/5261 5257/2596/5257 
f 5261/2095/5261 5260/2595/5260 5262/2365/5262 
f 5262/2365/5262 5263/2596/5263 5261/2095/5261 
f 5260/2595/5260 5259/2249/5259 5264/2364/5264 
f 5264/2364/5264 5262/2365/5262 5260/2595/5260 
f 5262/2365/5262 5264/2364/5264 4513/2249/4513 
f 4513/2249/4513 5131/2595/5131 5262/2365/5262 
f 5263/2596/5263 5262/2365/5262 5131/2595/5131 
f 5131/2595/5131 4365/2095/4365 5263/2596/5263 
f 4704/2381/4704 4701/2380/4701 5265/2380/5265 
f 5265/2380/5265 5266/2381/5266 4704/2381/4704 
f 4701/2380/4701 4700/2130/4700 5267/2130/5267 
f 5267/2130/5267 5265/2380/5265 4701/2380/4701 
f 5265/2380/5265 5267/2130/5267 5268/2130/5268 
f 5268/2130/5268 5269/2380/5269 5265/2380/5265 
f 5266/2381/5266 5265/2380/5265 5269/2380/5269 
f 5269/2380/5269 5270/2381/5270 5266/2381/5266 
f 5270/2381/5270 5269/2380/5269 5271/2380/5271 
f 5271/2380/5271 5272/2381/5272 5270/2381/5270 
f 5269/2380/5269 5268/2130/5268 5273/2130/5273 
f 5273/2130/5273 5271/2380/5271 5269/2380/5269 
f 5271/2380/5271 5273/2130/5273 5274/2151/5274 
f 5274/2151/5274 5275/2586/5275 5271/2380/5271 
f 5272/2381/5272 5271/2380/5271 5275/2586/5275 
f 5275/2586/5275 5276/1132/5276 5272/2381/5272 
f 5276/1132/5276 5275/2586/5275 5277/2380/5277 
f 5277/2380/5277 5278/2381/5278 5276/1132/5276 
f 5275/2586/5275 5274/2151/5274 5279/2130/5279 
f 5279/2130/5279 5277/2380/5277 5275/2586/5275 
f 5277/2380/5277 5279/2130/5279 4418/2151/4418 
f 4418/2151/4418 5137/2586/5137 5277/2380/5277 
f 5278/2381/5278 5277/2380/5277 5137/2586/5137 
f 5137/2586/5137 4515/1132/4515 5278/2381/5278 
f 4635/2336/4635 4719/2391/4719 5280/2391/5280 
f 5280/2391/5280 5222/2336/5222 4635/2336/4635 
f 4719/2391/4719 4718/2020/4718 5281/2020/5281 
f 5281/2020/5281 5280/2391/5280 4719/2391/4719 
f 5280/2391/5280 5281/2020/5281 5282/2020/5282 
f 5282/2020/5282 5283/2391/5283 5280/2391/5280 
f 5222/2336/5222 5280/2391/5280 5283/2391/5283 
f 5283/2391/5283 5223/2336/5223 5222/2336/5222 
f 5223/2336/5223 5283/2391/5283 5284/2391/5284 
f 5284/2391/5284 5228/2598/5228 5223/2336/5223 
f 5283/2391/5283 5282/2020/5282 5285/2599/5285 
f 5285/2599/5285 5284/2391/5284 5283/2391/5283 
f 5284/2391/5284 5285/2599/5285 5286/1949/5286 
f 5286/1949/5286 5287/2628/5287 5284/2391/5284 
f 5228/2598/5228 5284/2391/5284 5287/2628/5287 
f 5287/2628/5287 5229/2257/5229 5228/2598/5228 
f 5229/2257/5229 5287/2628/5287 5288/2391/5288 
f 5288/2391/5288 5234/2598/5234 5229/2257/5229 
f 5287/2628/5287 5286/1949/5286 5289/2599/5289 
f 5289/2599/5289 5288/2391/5288 5287/2628/5287 
f 5288/2391/5288 5289/2599/5289 4529/1949/4529 
f 4529/1949/4529 5103/2628/5103 5288/2391/5288 
f 5234/2598/5234 5288/2391/5288 5103/2628/5103 
f 5103/2628/5103 4524/2257/4524 5234/2598/5234 
f 4656/2014/4656 4735/2013/4735 5290/2402/5290 
f 5290/2402/5290 5237/2014/5237 4656/2014/4656 
f 4735/2013/4735 4734/2012/4734 5291/2403/5291 
f 5291/2403/5291 5290/2402/5290 4735/2013/4735 
f 5290/2402/5290 5291/2403/5291 5292/2012/5292 
f 5292/2012/5292 5293/2013/5293 5290/2402/5290 
f 5237/2014/5237 5290/2402/5290 5293/2013/5293 
f 5293/2013/5293 5238/2014/5238 5237/2014/5237 
f 5238/2014/5238 5293/2013/5293 5294/2402/5294 
f 5294/2402/5294 5243/2664/5243 5238/2014/5238 
f 5293/2013/5293 5292/2012/5292 5295/2403/5295 
f 5295/2403/5295 5294/2402/5294 5293/2013/5293 
f 5294/2402/5294 5295/2403/5295 5296/2012/5296 
f 5296/2012/5296 5297/2402/5297 5294/2402/5294 
f 5243/2664/5243 5294/2402/5294 5297/2402/5297 
f 5297/2402/5297 5244/2139/5244 5243/2664/5243 
f 5244/2139/5244 5297/2402/5297 5298/1942/5298 
f 5298/1942/5298 5249/1943/5249 5244/2139/5244 
f 5297/2402/5297 5296/2012/5296 5299/1941/5299 
f 5299/1941/5299 5298/1942/5298 5297/2402/5297 
f 5298/1942/5298 5299/1941/5299 5134/2012/5134 
f 5134/2012/5134 5151/2402/5151 5298/1942/5298 
f 5249/1943/5249 5298/1942/5298 5151/2402/5151 
f 5151/2402/5151 4408/2139/4408 5249/1943/5249 
f 4756/1928/4756 4753/2234/4753 5300/2234/5300 
f 5300/2234/5300 5301/1928/5301 4756/1928/4756 
f 4753/2234/4753 4752/1325/4752 5302/1325/5302 
f 5302/1325/5302 5300/2234/5300 4753/2234/4753 
f 5300/2234/5300 5302/1325/5302 5303/1325/5303 
f 5303/1325/5303 5304/2234/5304 5300/2234/5300 
f 5301/1928/5301 5300/2234/5300 5304/2234/5304 
f 5304/2234/5304 5305/1928/5305 5301/1928/5301 
f 5305/1928/5305 5304/2234/5304 5306/2234/5306 
f 5306/2234/5306 5307/2665/5307 5305/1928/5305 
f 5304/2234/5304 5303/1325/5303 5308/2591/5308 
f 5308/2591/5308 5306/2234/5306 5304/2234/5304 
f 5306/2234/5306 5308/2591/5308 5309/2188/5309 
f 5309/2188/5309 5310/2234/5310 5306/2234/5306 
f 5307/2665/5307 5306/2234/5306 5310/2234/5310 
f 5310/2234/5310 5311/2233/5311 5307/2665/5307 
f 5311/2233/5311 5310/2234/5310 5312/2176/5312 
f 5312/2176/5312 5313/2177/5313 5311/2233/5311 
f 5310/2234/5310 5309/2188/5309 5314/2591/5314 
f 5314/2591/5314 5312/2176/5312 5310/2234/5310 
f 5312/2176/5312 5314/2591/5314 4452/2188/4452 
f 4452/2188/4452 4498/2234/4498 5312/2176/5312 
f 5313/2177/5313 5312/2176/5312 4498/2234/4498 
f 4498/2234/4498 4497/2233/4497 5313/2177/5313 
f 4594/1921/4594 4771/2425/4771 5315/1916/5315 
f 5315/1916/5315 5192/1921/5192 4594/1921/4594 
f 4771/2425/4771 4770/1999/4770 5316/1999/5316 
f 5316/1999/5316 5315/1916/5315 4771/2425/4771 
f 5315/1916/5315 5316/1999/5316 5317/1999/5317 
f 5317/1999/5317 5318/2425/5318 5315/1916/5315 
f 5192/1921/5192 5315/1916/5315 5318/2425/5318 
f 5318/2425/5318 5193/1921/5193 5192/1921/5192 
f 5193/1921/5193 5318/2425/5318 5319/2425/5319 
f 5319/2425/5319 5198/2311/5198 5193/1921/5193 
f 5318/2425/5318 5317/1999/5317 5320/2592/5320 
f 5320/2592/5320 5319/2425/5319 5318/2425/5318 
f 5319/2425/5319 5320/2592/5320 5321/2166/5321 
f 5321/2166/5321 5322/1916/5322 5319/2425/5319 
f 5198/2311/5198 5319/2425/5319 5322/1916/5322 
f 5322/1916/5322 5199/1921/5199 5198/2311/5198 
f 5199/1921/5199 5322/1916/5322 5323/2425/5323 
f 5323/2425/5323 5204/2311/5204 5199/1921/5199 
f 5322/1916/5322 5321/2166/5321 5324/2592/5324 
f 5324/2592/5324 5323/2425/5323 5322/1916/5322 
f 5323/2425/5323 5324/2592/5324 4430/2166/4430 
f 4430/2166/4430 5159/1916/5159 5323/2425/5323 
f 5204/2311/5204 5323/2425/5323 5159/1916/5159 
f 5159/1916/5159 5157/1921/5157 5204/2311/5204 
f 4615/1914/4615 4785/2111/4785 5325/2111/5325 
f 5325/2111/5325 5207/1914/5207 4615/1914/4615 
f 4785/2111/4785 4784/1991/4784 5326/1991/5326 
f 5326/1991/5326 5325/2111/5325 4785/2111/4785 
f 5325/2111/5325 5326/1991/5326 5327/1991/5327 
f 5327/1991/5327 5328/2111/5328 5325/2111/5325 
f 5207/1914/5207 5325/2111/5325 5328/2111/5328 
f 5328/2111/5328 5208/1914/5208 5207/1914/5207 
f 5208/1914/5208 5328/2111/5328 5329/2111/5329 
f 5329/2111/5329 5213/1914/5213 5208/1914/5208 
f 5328/2111/5328 5327/1991/5327 5330/2666/5330 
f 5330/2666/5330 5329/2111/5329 5328/2111/5328 
f 5329/2111/5329 5330/2666/5330 5331/2112/5331 
f 5331/2112/5331 5332/2111/5332 5329/2111/5329 
f 5213/1914/5213 5329/2111/5329 5332/2111/5332 
f 5332/2111/5332 5214/1993/5214 5213/1914/5213 
f 5214/1993/5214 5332/2111/5332 5333/1913/5333 
f 5333/1913/5333 5219/1914/5219 5214/1993/5214 
f 5332/2111/5332 5331/2112/5331 5334/1912/5334 
f 5334/1912/5334 5333/1913/5333 5332/2111/5332 
f 5333/1913/5333 5334/1912/5334 4381/2112/4381 
f 4381/2112/4381 4380/2111/4380 5333/1913/5333 
f 5219/1914/5219 5333/1913/5333 4380/2111/4380 
f 4380/2111/4380 4379/1993/4379 5219/1914/5219 
f 4806/2057/4806 4803/2114/4803 5335/2114/5335 
f 5335/2114/5335 5336/2057/5336 4806/2057/4806 
f 4803/2114/4803 4802/1985/4802 5337/1985/5337 
f 5337/1985/5337 5335/2114/5335 4803/2114/4803 
f 5335/2114/5335 5337/1985/5337 5338/1985/5338 
f 5338/1985/5338 5339/2114/5339 5335/2114/5335 
f 5336/2057/5336 5335/2114/5335 5339/2114/5339 
f 5339/2114/5339 5340/2057/5340 5336/2057/5336 
f 5340/2057/5340 5339/2114/5339 5341/2180/5341 
f 5341/2180/5341 5342/2447/5342 5340/2057/5340 
f 5339/2114/5339 5338/1985/5338 5343/2446/5343 
f 5343/2446/5343 5341/2180/5341 5339/2114/5339 
f 5341/2180/5341 5343/2446/5343 5344/1985/5344 
f 5344/1985/5344 5345/2114/5345 5341/2180/5341 
f 5342/2447/5342 5341/2180/5341 5345/2114/5345 
f 5345/2114/5345 5346/2126/5346 5342/2447/5342 
f 5346/2126/5346 5345/2114/5345 5347/2180/5347 
f 5347/2180/5347 5348/2447/5348 5346/2126/5346 
f 5345/2114/5345 5344/1985/5344 5349/2446/5349 
f 5349/2446/5349 5347/2180/5347 5345/2114/5345 
f 5347/2180/5347 5349/2446/5349 4395/1985/4395 
f 4395/1985/4395 4394/2114/4394 5347/2180/5347 
f 5348/2447/5348 5347/2180/5347 4394/2114/4394 
f 4394/2114/4394 4393/2126/4393 5348/2447/5348 
f 4549/2226/4549 4822/2458/4822 5350/2458/5350 
f 5350/2458/5350 5162/2226/5162 4549/2226/4549 
f 4822/2458/4822 4821/1977/4821 5351/1977/5351 
f 5351/1977/5351 5350/2458/5350 4822/2458/4822 
f 5350/2458/5350 5351/1977/5351 5352/1977/5352 
f 5352/1977/5352 5353/2458/5353 5350/2458/5350 
f 5162/2226/5162 5350/2458/5350 5353/2458/5353 
f 5353/2458/5353 5163/2226/5163 5162/2226/5162 
f 5163/2226/5163 5353/2458/5353 5354/2458/5354 
f 5354/2458/5354 5168/2280/5168 5163/2226/5163 
f 5353/2458/5353 5352/1977/5352 5355/1977/5355 
f 5355/1977/5355 5354/2458/5354 5353/2458/5353 
f 5354/2458/5354 5355/1977/5355 5356/2625/5356 
f 5356/2625/5356 5357/2459/5357 5354/2458/5354 
f 5168/2280/5168 5354/2458/5354 5357/2459/5357 
f 5357/2459/5357 5169/2657/5169 5168/2280/5168 
f 5169/2657/5169 5357/2459/5357 5358/2458/5358 
f 5358/2458/5358 5174/2280/5174 5169/2657/5169 
f 5357/2459/5357 5356/2625/5356 5359/1977/5359 
f 5359/1977/5359 5358/2458/5358 5357/2459/5357 
f 5358/2458/5358 5359/1977/5359 5098/2625/5098 
f 5098/2625/5098 5360/2459/5360 5358/2458/5358 
f 5174/2280/5174 5358/2458/5358 5360/2459/5360 
f 5360/2459/5360 5149/2657/5149 5174/2280/5174 
f 4570/1971/4570 4838/1966/4838 5361/1966/5361 
f 5361/1966/5361 5177/1971/5177 4570/1971/4570 
f 4838/1966/4838 4837/1970/4837 5362/1970/5362 
f 5362/1970/5362 5361/1966/5361 4838/1966/4838 
f 5361/1966/5361 5362/1970/5362 5363/1970/5363 
f 5363/1970/5363 5364/1966/5364 5361/1966/5361 
f 5177/1971/5177 5361/1966/5361 5364/1966/5364 
f 5364/1966/5364 5178/1971/5178 5177/1971/5177 
f 5178/1971/5178 5364/1966/5364 5365/2649/5365 
f 5365/2649/5365 5183/2663/5183 5178/1971/5178 
f 5364/1966/5364 5363/1970/5363 5366/2667/5366 
f 5366/2667/5366 5365/2649/5365 5364/1966/5364 
f 5365/2649/5365 5366/2667/5366 5367/2635/5367 
f 5367/2635/5367 5368/2649/5368 5365/2649/5365 
f 5183/2663/5183 5365/2649/5365 5368/2649/5368 
f 5368/2649/5368 5184/2201/5184 5183/2663/5183 
f 5184/2201/5184 5368/2649/5368 5369/1894/5369 
f 5369/1894/5369 5189/1895/5189 5184/2201/5184 
f 5368/2649/5368 5367/2635/5367 5370/2667/5370 
f 5370/2667/5370 5369/1894/5369 5368/2649/5368 
f 5369/1894/5369 5370/2667/5370 5114/2635/5114 
f 5114/2635/5114 5139/2649/5139 5369/1894/5369 
f 5189/1895/5189 5369/1894/5369 5139/2649/5139 
f 5139/2649/5139 4466/2201/4466 5189/1895/5189 
f 4861/2038/4861 4858/2484/4858 5371/2484/5371 
f 5371/2484/5371 5372/2668/5372 4861/2038/4861 
f 4858/2484/4858 4857/1889/4857 5373/1889/5373 
f 5373/1889/5373 5371/2484/5371 4858/2484/4858 
f 5371/2484/5371 5373/1889/5373 5374/1889/5374 
f 5374/1889/5374 5375/2583/5375 5371/2484/5371 
f 5372/2668/5372 5371/2484/5371 5375/2583/5375 
f 5375/2583/5375 5376/2584/5376 5372/2668/5372 
f 5376/2584/5376 5375/2583/5375 5377/2583/5377 
f 5377/2583/5377 5378/2668/5378 5376/2584/5376 
f 5375/2583/5375 5374/1889/5374 5379/2485/5379 
f 5379/2485/5379 5377/2583/5377 5375/2583/5375 
f 5377/2583/5377 5379/2485/5379 5380/2214/5380 
f 5380/2214/5380 5381/2486/5381 5377/2583/5377 
f 5378/2668/5378 5377/2583/5377 5381/2486/5381 
f 5381/2486/5381 5382/2038/5382 5378/2668/5378 
f 5382/2038/5382 5381/2486/5381 5383/2583/5383 
f 5383/2583/5383 5384/2668/5384 5382/2038/5382 
f 5381/2486/5381 5380/2214/5380 5385/2485/5385 
f 5385/2485/5385 5383/2583/5383 5381/2486/5381 
f 5383/2583/5383 5385/2485/5385 4476/2214/4476 
f 4476/2214/4476 5107/2486/5107 5383/2583/5383 
f 5384/2668/5384 5383/2583/5383 5107/2486/5107 
f 5107/2486/5107 5106/2038/5106 5384/2668/5384 
f 4700/2130/4700 4874/2152/4874 5386/2152/5386 
f 5386/2152/5386 5267/2130/5267 4700/2130/4700 
f 4874/2152/4874 4873/1956/4873 5387/2589/5387 
f 5387/2589/5387 5386/2152/5386 4874/2152/4874 
f 5386/2152/5386 5387/2589/5387 5388/2026/5388 
f 5388/2026/5388 5389/2129/5389 5386/2152/5386 
f 5267/2130/5267 5386/2152/5386 5389/2129/5389 
f 5389/2129/5389 5268/2130/5268 5267/2130/5267 
f 5268/2130/5268 5389/2129/5389 5390/2129/5390 
f 5390/2129/5390 5273/2130/5273 5268/2130/5268 
f 5389/2129/5389 5388/2026/5388 5391/2589/5391 
f 5391/2589/5391 5390/2129/5390 5389/2129/5389 
f 5390/2129/5390 5391/2589/5391 5392/2153/5392 
f 5392/2153/5392 5393/2152/5393 5390/2129/5390 
f 5273/2130/5273 5390/2129/5390 5393/2152/5393 
f 5393/2152/5393 5274/2151/5274 5273/2130/5273 
f 5274/2151/5274 5393/2152/5393 5394/2129/5394 
f 5394/2129/5394 5279/2130/5279 5274/2151/5274 
f 5393/2152/5393 5392/2153/5392 5395/2589/5395 
f 5395/2589/5395 5394/2129/5394 5393/2152/5393 
f 5394/2129/5394 5395/2589/5395 4420/2153/4420 
f 4420/2153/4420 4419/2152/4419 5394/2129/5394 
f 5279/2130/5279 5394/2129/5394 4419/2152/4419 
f 4419/2152/4419 4418/2151/4418 5279/2130/5279 
f 4752/1325/4752 4888/1324/4888 5396/2001/5396 
f 5396/2001/5396 5302/1325/5302 4752/1325/4752 
f 4888/1324/4888 4887/2005/4887 5397/2005/5397 
f 5397/2005/5397 5396/2001/5396 4888/1324/4888 
f 5396/2001/5396 5397/2005/5397 5398/2005/5398 
f 5398/2005/5398 5399/1324/5399 5396/2001/5396 
f 5302/1325/5302 5396/2001/5396 5399/1324/5399 
f 5399/1324/5399 5303/1325/5303 5302/1325/5302 
f 5303/1325/5303 5399/1324/5399 5400/1324/5400 
f 5400/1324/5400 5308/2591/5308 5303/1325/5303 
f 5399/1324/5399 5398/2005/5398 5401/2502/5401 
f 5401/2502/5401 5400/1324/5400 5399/1324/5399 
f 5400/1324/5400 5401/2502/5401 5402/2005/5402 
f 5402/2005/5402 5403/2001/5403 5400/1324/5400 
f 5308/2591/5308 5400/1324/5400 5403/2001/5403 
f 5403/2001/5403 5309/2188/5309 5308/2591/5308 
f 5309/2188/5309 5403/2001/5403 5404/1324/5404 
f 5404/1324/5404 5314/2591/5314 5309/2188/5309 
f 5403/2001/5403 5402/2005/5402 5405/2502/5405 
f 5405/2502/5405 5404/1324/5404 5403/2001/5403 
f 5404/1324/5404 5405/2502/5405 4454/2005/4454 
f 4454/2005/4454 4453/2001/4453 5404/1324/5404 
f 5314/2591/5314 5404/1324/5404 4453/2001/4453 
f 4453/2001/4453 4452/2188/4452 5314/2591/5314 
f 4802/1985/4802 4903/1979/4903 5406/1979/5406 
f 5406/1979/5406 5337/1985/5337 4802/1985/4802 
f 4903/1979/4903 4902/1983/4902 5407/1983/5407 
f 5407/1983/5407 5406/1979/5406 4903/1979/4903 
f 5406/1979/5406 5407/1983/5407 5408/1983/5408 
f 5408/1983/5408 5409/1979/5409 5406/1979/5406 
f 5337/1985/5337 5406/1979/5406 5409/1979/5409 
f 5409/1979/5409 5338/1985/5338 5337/1985/5337 
f 5338/1985/5338 5409/1979/5409 5410/2512/5410 
f 5410/2512/5410 5343/2446/5343 5338/1985/5338 
f 5409/1979/5409 5408/1983/5408 5411/2513/5411 
f 5411/2513/5411 5410/2512/5410 5409/1979/5409 
f 5410/2512/5410 5411/2513/5411 5412/2222/5412 
f 5412/2222/5412 5413/1984/5413 5410/2512/5410 
f 5343/2446/5343 5410/2512/5410 5413/1984/5413 
f 5413/1984/5413 5344/1985/5344 5343/2446/5343 
f 5344/1985/5344 5413/1984/5413 5414/1907/5414 
f 5414/1907/5414 5349/2446/5349 5344/1985/5344 
f 5413/1984/5413 5412/2222/5412 5415/2513/5415 
f 5415/2513/5415 5414/1907/5414 5413/1984/5413 
f 5414/1907/5414 5415/2513/5415 4484/2222/4484 
f 4484/2222/4484 5119/1984/5119 5414/1907/5414 
f 5349/2446/5349 5414/1907/5414 5119/1984/5119 
f 5119/1984/5119 4395/1985/4395 5349/2446/5349 
f 4857/1889/4857 4917/1888/4917 5416/1888/5416 
f 5416/1888/5416 5373/1889/5373 4857/1889/4857 
f 4917/1888/4917 4916/1887/4916 5417/1887/5417 
f 5417/1887/5417 5416/1888/5416 4917/1888/4917 
f 5416/1888/5416 5417/1887/5417 5418/1887/5418 
f 5418/1887/5418 5419/1888/5419 5416/1888/5416 
f 5373/1889/5373 5416/1888/5416 5419/1888/5419 
f 5419/1888/5419 5374/1889/5374 5373/1889/5373 
f 5374/1889/5374 5419/1888/5419 5420/1888/5420 
f 5420/1888/5420 5379/2485/5379 5374/1889/5374 
f 5419/1888/5419 5418/1887/5418 5421/2523/5421 
f 5421/2523/5421 5420/1888/5420 5419/1888/5419 
f 5420/1888/5420 5421/2523/5421 5422/1963/5422 
f 5422/1963/5422 5423/2215/5423 5420/1888/5420 
f 5379/2485/5379 5420/1888/5420 5423/2215/5423 
f 5423/2215/5423 5380/2214/5380 5379/2485/5379 
f 5380/2214/5380 5423/2215/5423 5424/1888/5424 
f 5424/1888/5424 5385/2485/5385 5380/2214/5380 
f 5423/2215/5423 5422/1963/5422 5425/2523/5425 
f 5425/2523/5425 5424/1888/5424 5423/2215/5423 
f 5424/1888/5424 5425/2523/5425 4363/1963/4363 
f 4363/1963/4363 4477/2215/4477 5424/1888/5424 
f 5385/2485/5385 5424/1888/5424 4477/2215/4477 
f 4477/2215/4477 4476/2214/4476 5385/2485/5385 
f 4678/2364/4678 4926/2528/4926 5426/2528/5426 
f 5426/2528/5426 5252/2364/5252 4678/2364/4678 
f 4926/2528/4926 4704/2381/4704 5266/2381/5266 
f 5266/2381/5266 5426/2528/5426 4926/2528/4926 
f 5426/2528/5426 5266/2381/5266 5270/2381/5270 
f 5270/2381/5270 5427/2528/5427 5426/2528/5426 
f 5252/2364/5252 5426/2528/5426 5427/2528/5427 
f 5427/2528/5427 5253/2364/5253 5252/2364/5252 
f 5253/2364/5253 5427/2528/5427 5428/2528/5428 
f 5428/2528/5428 5258/2364/5258 5253/2364/5253 
f 5427/2528/5427 5270/2381/5270 5272/2381/5272 
f 5272/2381/5272 5428/2528/5428 5427/2528/5427 
f 5428/2528/5428 5272/2381/5272 5276/1132/5276 
f 5276/1132/5276 5429/2250/5429 5428/2528/5428 
f 5258/2364/5258 5428/2528/5428 5429/2250/5429 
f 5429/2250/5429 5259/2249/5259 5258/2364/5258 
f 5259/2249/5259 5429/2250/5429 5430/2528/5430 
f 5430/2528/5430 5264/2364/5264 5259/2249/5259 
f 5429/2250/5429 5276/1132/5276 5278/2381/5278 
f 5278/2381/5278 5430/2528/5430 5429/2250/5429 
f 5430/2528/5430 5278/2381/5278 4515/1132/4515 
f 4515/1132/4515 4514/2250/4514 5430/2528/5430 
f 5264/2364/5264 5430/2528/5430 4514/2250/4514 
f 4514/2250/4514 4513/2249/4513 5264/2364/5264 
f 4873/1956/4873 4933/2084/4933 5431/2025/5431 
f 5431/2025/5431 5387/2589/5387 4873/1956/4873 
f 4933/2084/4933 4639/2088/4639 5221/2590/5221 
f 5221/2590/5221 5431/2025/5431 4933/2084/4933 
f 5431/2025/5431 5221/2590/5221 5225/2024/5225 
f 5225/2024/5225 5432/2025/5432 5431/2025/5431 
f 5387/2589/5387 5431/2025/5431 5432/2025/5432 
f 5432/2025/5432 5388/2026/5388 5387/2589/5387 
f 5388/2026/5388 5432/2025/5432 5433/2025/5433 
f 5433/2025/5433 5391/2589/5391 5388/2026/5388 
f 5432/2025/5432 5225/2024/5225 5227/2590/5227 
f 5227/2590/5227 5433/2025/5433 5432/2025/5432 
f 5433/2025/5433 5227/2590/5227 5231/2088/5231 
f 5231/2088/5231 5434/2084/5434 5433/2025/5433 
f 5391/2589/5391 5433/2025/5433 5434/2084/5434 
f 5434/2084/5434 5392/2153/5392 5391/2589/5391 
f 5392/2153/5392 5434/2084/5434 5435/2025/5435 
f 5435/2025/5435 5395/2589/5395 5392/2153/5392 
f 5434/2084/5434 5231/2088/5231 5233/2590/5233 
f 5233/2590/5233 5435/2025/5435 5434/2084/5434 
f 5435/2025/5435 5233/2590/5233 4522/2088/4522 
f 4522/2088/4522 5117/2084/5117 5435/2025/5435 
f 5395/2589/5395 5435/2025/5435 5117/2084/5117 
f 5117/2084/5117 4420/2153/4420 5395/2589/5395 
f 4718/2020/4718 4940/2019/4940 5436/2019/5436 
f 5436/2019/5436 5281/2020/5281 4718/2020/4718 
f 4940/2019/4940 4660/2018/4660 5236/2018/5236 
f 5236/2018/5236 5436/2019/5436 4940/2019/4940 
f 5436/2019/5436 5236/2018/5236 5240/2018/5240 
f 5240/2018/5240 5437/2019/5437 5436/2019/5436 
f 5281/2020/5281 5436/2019/5436 5437/2019/5437 
f 5437/2019/5437 5282/2020/5282 5281/2020/5281 
f 5282/2020/5282 5437/2019/5437 5438/2019/5438 
f 5438/2019/5438 5285/2599/5285 5282/2020/5282 
f 5437/2019/5437 5240/2018/5240 5242/2593/5242 
f 5242/2593/5242 5438/2019/5438 5437/2019/5437 
f 5438/2019/5438 5242/2593/5242 5246/2137/5246 
f 5246/2137/5246 5439/2078/5439 5438/2019/5438 
f 5285/2599/5285 5438/2019/5438 5439/2078/5439 
f 5439/2078/5439 5286/1949/5286 5285/2599/5285 
f 5286/1949/5286 5439/2078/5439 5440/2019/5440 
f 5440/2019/5440 5289/2599/5289 5286/1949/5286 
f 5439/2078/5439 5246/2137/5246 5248/2593/5248 
f 5248/2593/5248 5440/2019/5440 5439/2078/5439 
f 5440/2019/5440 5248/2593/5248 4406/2137/4406 
f 4406/2137/4406 4530/2078/4530 5440/2019/5440 
f 5289/2599/5289 5440/2019/5440 4530/2078/4530 
f 4530/2078/4530 4529/1949/4529 5289/2599/5289 
f 4734/2012/4734 4948/2076/4948 5441/2542/5441 
f 5441/2542/5441 5291/2403/5291 4734/2012/4734 
f 4948/2076/4948 4756/1928/4756 5301/1928/5301 
f 5301/1928/5301 5441/2542/5441 4948/2076/4948 
f 5441/2542/5441 5301/1928/5301 5305/1928/5305 
f 5305/1928/5305 5442/2076/5442 5441/2542/5441 
f 5291/2403/5291 5441/2542/5441 5442/2076/5442 
f 5442/2076/5442 5292/2012/5292 5291/2403/5291 
f 5292/2012/5292 5442/2076/5442 5443/2542/5443 
f 5443/2542/5443 5295/2403/5295 5292/2012/5292 
f 5442/2076/5442 5305/1928/5305 5307/2665/5307 
f 5307/2665/5307 5443/2542/5443 5442/2076/5442 
f 5443/2542/5443 5307/2665/5307 5311/2233/5311 
f 5311/2233/5311 5444/2542/5444 5443/2542/5443 
f 5295/2403/5295 5443/2542/5443 5444/2542/5444 
f 5444/2542/5444 5296/2012/5296 5295/2403/5295 
f 5296/2012/5296 5444/2542/5444 5445/2209/5445 
f 5445/2209/5445 5299/1941/5299 5296/2012/5296 
f 5444/2542/5444 5311/2233/5311 5313/2177/5313 
f 5313/2177/5313 5445/2209/5445 5444/2542/5444 
f 5445/2209/5445 5313/2177/5313 4497/2233/4497 
f 4497/2233/4497 5135/2542/5135 5445/2209/5445 
f 5299/1941/5299 5445/2209/5445 5135/2542/5135 
f 5135/2542/5135 5134/2012/5134 5299/1941/5299 
f 4887/2005/4887 4956/2065/4956 5446/2652/5446 
f 5446/2652/5446 5397/2005/5397 4887/2005/4887 
f 4956/2065/4956 4598/2069/4598 5191/2312/5191 
f 5191/2312/5191 5446/2652/5446 4956/2065/4956 
f 5446/2652/5446 5191/2312/5191 5195/2069/5195 
f 5195/2069/5195 5447/2065/5447 5446/2652/5446 
f 5397/2005/5397 5446/2652/5446 5447/2065/5447 
f 5447/2065/5447 5398/2005/5398 5397/2005/5397 
f 5398/2005/5398 5447/2065/5447 5448/2548/5448 
f 5448/2548/5448 5401/2502/5401 5398/2005/5398 
f 5447/2065/5447 5195/2069/5195 5197/2312/5197 
f 5197/2312/5197 5448/2548/5448 5447/2065/5447 
f 5448/2548/5448 5197/2312/5197 5201/2653/5201 
f 5201/2653/5201 5449/2652/5449 5448/2548/5448 
f 5401/2502/5401 5448/2548/5448 5449/2652/5449 
f 5449/2652/5449 5402/2005/5402 5401/2502/5401 
f 5402/2005/5402 5449/2652/5449 5450/2099/5450 
f 5450/2099/5450 5405/2502/5405 5402/2005/5402 
f 5449/2652/5449 5201/2653/5201 5203/2312/5203 
f 5203/2312/5203 5450/2099/5450 5449/2652/5449 
f 5450/2099/5450 5203/2312/5203 5143/2653/5143 
f 5143/2653/5143 5142/2652/5142 5450/2099/5450 
f 5405/2502/5405 5450/2099/5450 5142/2652/5142 
f 5142/2652/5142 4454/2005/4454 5405/2502/5405 
f 4770/1999/4770 4963/1998/4963 5451/1998/5451 
f 5451/1998/5451 5316/1999/5316 4770/1999/4770 
f 4963/1998/4963 4619/1997/4619 5206/1997/5206 
f 5206/1997/5206 5451/1998/5451 4963/1998/4963 
f 5451/1998/5451 5206/1997/5206 5210/1997/5210 
f 5210/1997/5210 5452/1998/5452 5451/1998/5451 
f 5316/1999/5316 5451/1998/5451 5452/1998/5452 
f 5452/1998/5452 5317/1999/5317 5316/1999/5316 
f 5317/1999/5317 5452/1998/5452 5453/1998/5453 
f 5453/1998/5453 5320/2592/5320 5317/1999/5317 
f 5452/1998/5452 5210/1997/5210 5212/1997/5212 
f 5212/1997/5212 5453/1998/5453 5452/1998/5452 
f 5453/1998/5453 5212/1997/5212 5216/2168/5216 
f 5216/2168/5216 5454/2167/5454 5453/1998/5453 
f 5320/2592/5320 5453/1998/5453 5454/2167/5454 
f 5454/2167/5454 5321/2166/5321 5320/2592/5320 
f 5321/2166/5321 5454/2167/5454 5455/1998/5455 
f 5455/1998/5455 5324/2592/5324 5321/2166/5321 
f 5454/2167/5454 5216/2168/5216 5218/1997/5218 
f 5218/1997/5218 5455/1998/5455 5454/2167/5454 
f 5455/1998/5455 5218/1997/5218 4432/2168/4432 
f 4432/2168/4432 4431/2167/4431 5455/1998/5455 
f 5324/2592/5324 5455/1998/5455 4431/2167/4431 
f 4431/2167/4431 4430/2166/4430 5324/2592/5324 
f 4784/1991/4784 4971/2053/4971 5456/2053/5456 
f 5456/2053/5456 5326/1991/5326 4784/1991/4784 
f 4971/2053/4971 4806/2057/4806 5336/2057/5336 
f 5336/2057/5336 5456/2053/5456 4971/2053/4971 
f 5456/2053/5456 5336/2057/5336 5340/2057/5340 
f 5340/2057/5340 5457/2053/5457 5456/2053/5456 
f 5326/1991/5326 5456/2053/5456 5457/2053/5457 
f 5457/2053/5457 5327/1991/5327 5326/1991/5326 
f 5327/1991/5327 5457/2053/5457 5458/2558/5458 
f 5458/2558/5458 5330/2666/5330 5327/1991/5327 
f 5457/2053/5457 5340/2057/5340 5342/2447/5342 
f 5342/2447/5342 5458/2558/5458 5457/2053/5457 
f 5458/2558/5458 5342/2447/5342 5346/2126/5346 
f 5346/2126/5346 5459/2558/5459 5458/2558/5458 
f 5330/2666/5330 5458/2558/5458 5459/2558/5459 
f 5459/2558/5459 5331/2112/5331 5330/2666/5330 
f 5331/2112/5331 5459/2558/5459 5460/2559/5460 
f 5460/2559/5460 5334/1912/5334 5331/2112/5331 
f 5459/2558/5459 5346/2126/5346 5348/2447/5348 
f 5348/2447/5348 5460/2559/5460 5459/2558/5459 
f 5460/2559/5460 5348/2447/5348 4393/2126/4393 
f 4393/2126/4393 5125/2558/5125 5460/2559/5460 
f 5334/1912/5334 5460/2559/5460 5125/2558/5125 
f 5125/2558/5125 4381/2112/4381 5334/1912/5334 
f 4902/1983/4902 4978/2564/4978 5461/2051/5461 
f 5461/2051/5461 5407/1983/5407 4902/1983/4902 
f 4978/2564/4978 4553/2228/4553 5161/2228/5161 
f 5161/2228/5161 5461/2051/5461 4978/2564/4978 
f 5461/2051/5461 5161/2228/5161 5165/2228/5165 
f 5165/2228/5165 5462/2564/5462 5461/2051/5461 
f 5407/1983/5407 5461/2051/5461 5462/2564/5462 
f 5462/2564/5462 5408/1983/5408 5407/1983/5407 
f 5408/1983/5408 5462/2564/5462 5463/2607/5463 
f 5463/2607/5463 5411/2513/5411 5408/1983/5408 
f 5462/2564/5462 5165/2228/5165 5167/2281/5167 
f 5167/2281/5167 5463/2607/5463 5462/2564/5462 
f 5463/2607/5463 5167/2281/5167 5171/2050/5171 
f 5171/2050/5171 5464/2051/5464 5463/2607/5463 
f 5411/2513/5411 5463/2607/5463 5464/2051/5464 
f 5464/2051/5464 5412/2222/5412 5411/2513/5411 
f 5412/2222/5412 5464/2051/5464 5465/2607/5465 
f 5465/2607/5465 5415/2513/5415 5412/2222/5412 
f 5464/2051/5464 5171/2050/5171 5173/2281/5173 
f 5173/2281/5173 5465/2607/5465 5464/2051/5464 
f 5465/2607/5465 5173/2281/5173 4486/2050/4486 
f 4486/2050/4486 4485/2051/4485 5465/2607/5465 
f 5415/2513/5415 5465/2607/5465 4485/2051/4485 
f 4485/2051/4485 4484/2222/4484 5415/2513/5415 
f 4821/1977/4821 4986/2570/4986 5466/2570/5466 
f 5466/2570/5466 5351/1977/5351 4821/1977/4821 
f 4986/2570/4986 4574/2044/4574 5176/2600/5176 
f 5176/2600/5176 5466/2570/5466 4986/2570/4986 
f 5466/2570/5466 5176/2600/5176 5180/1975/5180 
f 5180/1975/5180 5467/1976/5467 5466/2570/5466 
f 5351/1977/5351 5466/2570/5466 5467/1976/5467 
f 5467/1976/5467 5352/1977/5352 5351/1977/5351 
f 5352/1977/5352 5467/1976/5467 5468/1976/5468 
f 5468/1976/5468 5355/1977/5355 5352/1977/5352 
f 5467/1976/5467 5180/1975/5180 5182/1975/5182 
f 5182/1975/5182 5468/1976/5468 5467/1976/5467 
f 5468/1976/5468 5182/1975/5182 5186/2044/5186 
f 5186/2044/5186 5469/2570/5469 5468/1976/5468 
f 5355/1977/5355 5468/1976/5468 5469/2570/5469 
f 5469/2570/5469 5356/2625/5356 5355/1977/5355 
f 5356/2625/5356 5469/2570/5469 5470/1976/5470 
f 5470/1976/5470 5359/1977/5359 5356/2625/5356 
f 5469/2570/5469 5186/2044/5186 5188/1975/5188 
f 5188/1975/5188 5470/1976/5470 5469/2570/5469 
f 5470/1976/5470 5188/1975/5188 4464/2044/4464 
f 4464/2044/4464 5099/2570/5099 5470/1976/5470 
f 5359/1977/5359 5470/1976/5470 5099/2570/5099 
f 5099/2570/5099 5098/2625/5098 5359/1977/5359 
f 4837/1970/4837 4994/2034/4994 5471/2034/5471 
f 5471/2034/5471 5362/1970/5362 4837/1970/4837 
f 4994/2034/4994 4861/2038/4861 5372/2668/5372 
f 5372/2668/5372 5471/2034/5471 4994/2034/4994 
f 5471/2034/5471 5372/2668/5372 5376/2584/5376 
f 5376/2584/5376 5472/2643/5472 5471/2034/5471 
f 5362/1970/5362 5471/2034/5471 5472/2643/5472 
f 5472/2643/5472 5363/1970/5363 5362/1970/5362 
f 5363/1970/5363 5472/2643/5472 5473/2643/5473 
f 5473/2643/5473 5366/2667/5366 5363/1970/5363 
f 5472/2643/5472 5376/2584/5376 5378/2668/5378 
f 5378/2668/5378 5473/2643/5473 5472/2643/5472 
f 5473/2643/5473 5378/2668/5378 5382/2038/5382 
f 5382/2038/5382 5474/2034/5474 5473/2643/5473 
f 5366/2667/5366 5473/2643/5473 5474/2034/5474 
f 5474/2034/5474 5367/2635/5367 5366/2667/5366 
f 5367/2635/5367 5474/2034/5474 5475/2643/5475 
f 5475/2643/5475 5370/2667/5370 5367/2635/5367 
f 5474/2034/5474 5382/2038/5382 5384/2668/5384 
f 5384/2668/5384 5475/2643/5475 5474/2034/5474 
f 5475/2643/5475 5384/2668/5384 5106/2038/5106 
f 5106/2038/5106 5115/2034/5115 5475/2643/5475 
f 5370/2667/5370 5475/2643/5475 5115/2034/5115 
f 5115/2034/5115 5114/2635/5114 5370/2667/5370 
f 4916/1887/4916 5001/2580/5001 5476/2580/5476 
f 5476/2580/5476 5417/1887/5417 4916/1887/4916 
f 5001/2580/5001 4682/2366/4682 5251/2366/5251 
f 5251/2366/5251 5476/2580/5476 5001/2580/5001 
f 5476/2580/5476 5251/2366/5251 5255/2366/5255 
f 5255/2366/5255 5477/2580/5477 5476/2580/5476 
f 5417/1887/5417 5476/2580/5476 5477/2580/5477 
f 5477/2580/5477 5418/1887/5418 5417/1887/5417 
f 5418/1887/5418 5477/2580/5477 5478/2580/5478 
f 5478/2580/5478 5421/2523/5421 5418/1887/5418 
f 5477/2580/5477 5255/2366/5255 5257/2596/5257 
f 5257/2596/5257 5478/2580/5478 5477/2580/5477 
f 5478/2580/5478 5257/2596/5257 5261/2095/5261 
f 5261/2095/5261 5479/2028/5479 5478/2580/5478 
f 5421/2523/5421 5478/2580/5478 5479/2028/5479 
f 5479/2028/5479 5422/1963/5422 5421/2523/5421 
f 5422/1963/5422 5479/2028/5479 5480/2580/5480 
f 5480/2580/5480 5425/2523/5425 5422/1963/5422 
f 5479/2028/5479 5261/2095/5261 5263/2596/5263 
f 5263/2596/5263 5480/2580/5480 5479/2028/5479 
f 5480/2580/5480 5263/2596/5263 4365/2095/4365 
f 4365/2095/4365 4364/2028/4364 5480/2580/5480 
f 5425/2523/5425 5480/2580/5480 4364/2028/4364 
f 4364/2028/4364 4363/1963/4363 5425/2523/5425 
f 4820/2457/4820 4819/2456/4819 5481/2669/5481 
f 5481/2669/5481 5097/2624/5097 4820/2457/4820 
f 4819/2456/4819 4548/2279/4548 5147/2656/5147 
f 5147/2656/5147 5481/2669/5481 4819/2456/4819 
f 5481/2669/5481 5147/2656/5147 5149/2657/5149 
f 5149/2657/5149 5360/2459/5360 5481/2669/5481 
f 5097/2624/5097 5481/2669/5481 5360/2459/5360 
f 5360/2459/5360 5098/2625/5098 5097/2624/5097 
f 4153/2103/4153 4370/2101/4370 5482/2101/5482 
f 5482/2101/5482 5483/2104/5483 4153/2103/4153 
f 4370/2101/4370 4320/2100/4320 5484/2102/5484 
f 5484/2102/5484 5482/2101/5482 4370/2101/4370 
f 5482/2101/5482 5484/2102/5484 5485/2050/5485 
f 5485/2050/5485 5486/2101/5486 5482/2101/5482 
f 5483/2104/5483 5482/2101/5482 5486/2101/5486 
f 5486/2101/5486 5487/1902/5487 5483/2104/5483 
f 5487/1902/5487 5486/2101/5486 5488/2227/5488 
f 5488/2227/5488 5489/2280/5489 5487/1902/5487 
f 5486/2101/5486 5485/2050/5485 5490/2281/5490 
f 5490/2281/5490 5488/2227/5488 5486/2101/5486 
f 5488/2227/5488 5490/2281/5490 5491/2050/5491 
f 5491/2050/5491 5492/2101/5492 5488/2227/5488 
f 5489/2280/5489 5488/2227/5488 5492/2101/5492 
f 5492/2101/5492 5493/1902/5493 5489/2280/5489 
f 5493/1902/5493 5492/2101/5492 5494/2227/5494 
f 5494/2227/5494 5495/2280/5495 5493/1902/5493 
f 5492/2101/5492 5491/2050/5491 5496/2281/5496 
f 5496/2281/5496 5494/2227/5494 5492/2101/5492 
f 5494/2227/5494 5496/2281/5496 4492/2228/4492 
f 4492/2228/4492 4491/2227/4491 5494/2227/5494 
f 5495/2280/5495 5494/2227/5494 4491/2227/4491 
f 4491/2227/4491 4490/2226/4490 5495/2280/5495 
f 4234/2604/4234 5076/2294/5076 5497/2294/5497 
f 5497/2294/5497 5498/2605/5498 4234/2604/4234 
f 5076/2294/5076 4314/2602/4314 5499/2603/5499 
f 5499/2603/5499 5497/2294/5497 5076/2294/5076 
f 5497/2294/5497 5499/2603/5499 5500/2044/5500 
f 5500/2044/5500 5501/2294/5501 5497/2294/5497 
f 5498/2605/5498 5497/2294/5497 5501/2294/5501 
f 5501/2294/5501 5502/1971/5502 5498/2605/5498 
f 5502/1971/5502 5501/2294/5501 5503/2200/5503 
f 5503/2200/5503 5504/2663/5504 5502/1971/5502 
f 5501/2294/5501 5500/2044/5500 5505/2600/5505 
f 5505/2600/5505 5503/2200/5503 5501/2294/5501 
f 5503/2200/5503 5505/2600/5505 5506/2044/5506 
f 5506/2044/5506 5507/2200/5507 5503/2200/5503 
f 5504/2663/5504 5503/2200/5503 5507/2200/5507 
f 5507/2200/5507 5508/2201/5508 5504/2663/5504 
f 5508/2201/5508 5507/2200/5507 5509/2119/5509 
f 5509/2119/5509 5510/1895/5510 5508/2201/5508 
f 5507/2200/5507 5506/2044/5506 5511/1975/5511 
f 5511/1975/5511 5509/2119/5509 5507/2200/5507 
f 5509/2119/5509 5511/1975/5511 4246/1975/4246 
f 4246/1975/4246 4386/2119/4386 5509/2119/5509 
f 5510/1895/5510 5509/2119/5509 4386/2119/4386 
f 4386/2119/4386 4152/1895/4152 5510/1895/5510 
f 4174/2157/4174 4421/2155/4421 5512/2155/5512 
f 5512/2155/5512 5513/2158/5513 4174/2157/4174 
f 4421/2155/4421 4338/2154/4338 5514/2156/5514 
f 5514/2156/5514 5512/2155/5512 4421/2155/4421 
f 5512/2155/5512 5514/2156/5514 5515/2069/5515 
f 5515/2069/5515 5516/2159/5516 5512/2155/5512 
f 5513/2158/5513 5512/2155/5512 5516/2159/5516 
f 5516/2159/5516 5517/1921/5517 5513/2158/5513 
f 5517/1921/5517 5516/2159/5516 5518/2310/5518 
f 5518/2310/5518 5519/2311/5519 5517/1921/5517 
f 5516/2159/5516 5515/2069/5515 5520/2312/5520 
f 5520/2312/5520 5518/2310/5518 5516/2159/5516 
f 5518/2310/5518 5520/2312/5520 5521/2653/5521 
f 5521/2653/5521 5522/2159/5522 5518/2310/5518 
f 5519/2311/5519 5518/2310/5518 5522/2159/5522 
f 5522/2159/5522 5523/1921/5523 5519/2311/5519 
f 5523/1921/5523 5522/2159/5522 5524/2265/5524 
f 5524/2265/5524 5525/2311/5525 5523/1921/5523 
f 5522/2159/5522 5521/2653/5521 5526/2312/5526 
f 5526/2312/5526 5524/2265/5524 5522/2159/5522 
f 5524/2265/5524 5526/2312/5526 4368/2098/4368 
f 4368/2098/4368 4534/2265/4534 5524/2265/5524 
f 5525/2311/5525 5524/2265/5524 4534/2265/4534 
f 4534/2265/4534 4533/2264/4533 5525/2311/5525 
f 4258/2143/4258 4409/2141/4409 5527/2141/5527 
f 5527/2141/5527 5528/2144/5528 4258/2143/4258 
f 4409/2141/4409 4332/2140/4332 5529/2142/5529 
f 5529/2142/5529 5527/2141/5527 4409/2141/4409 
f 5527/2141/5527 5529/2142/5529 5530/2063/5530 
f 5530/2063/5530 5531/2141/5531 5527/2141/5527 
f 5528/2144/5528 5527/2141/5527 5531/2141/5531 
f 5531/2141/5531 5532/1993/5532 5528/2144/5528 
f 5532/1993/5532 5531/2141/5531 5533/2173/5533 
f 5533/2173/5533 5534/2588/5534 5532/1993/5532 
f 5531/2141/5531 5530/2063/5530 5535/2670/5535 
f 5535/2670/5535 5533/2173/5533 5531/2141/5531 
f 5533/2173/5533 5535/2670/5535 5536/2168/5536 
f 5536/2168/5536 5537/2173/5537 5533/2173/5533 
f 5534/2588/5534 5533/2173/5533 5537/2173/5537 
f 5537/2173/5537 5538/1993/5538 5534/2588/5534 
f 5538/1993/5538 5537/2173/5537 5539/2170/5539 
f 5539/2170/5539 5540/1914/5540 5538/1993/5538 
f 5537/2173/5537 5536/2168/5536 5541/1997/5541 
f 5541/1997/5541 5539/2170/5539 5537/2173/5537 
f 5539/2170/5539 5541/1997/5541 4270/1997/4270 
f 4270/1997/4270 4434/2170/4434 5539/2170/5539 
f 5540/1914/5540 5539/2170/5539 4434/2170/4434 
f 4434/2170/4434 4173/1914/4173 5540/1914/5540 
f 4207/2205/4207 4467/2203/4467 5542/2203/5542 
f 5542/2203/5542 5543/2206/5543 4207/2205/4207 
f 4467/2203/4467 4353/2202/4353 5544/2204/5544 
f 5544/2204/5544 5542/2203/5542 4467/2203/4467 
f 5542/2203/5542 5544/2204/5544 5545/2088/5545 
f 5545/2088/5545 5546/2203/5546 5542/2203/5542 
f 5543/2206/5543 5542/2203/5542 5546/2203/5546 
f 5546/2203/5546 5547/1950/5547 5543/2206/5543 
f 5547/1950/5547 5546/2203/5546 5548/2337/5548 
f 5548/2337/5548 5549/2598/5549 5547/1950/5547 
f 5546/2203/5546 5545/2088/5545 5550/2590/5550 
f 5550/2590/5550 5548/2337/5548 5546/2203/5546 
f 5548/2337/5548 5550/2590/5550 5551/2088/5551 
f 5551/2088/5551 5552/2207/5552 5548/2337/5548 
f 5549/2598/5549 5548/2337/5548 5552/2207/5552 
f 5552/2207/5552 5553/2257/5553 5549/2598/5549 
f 5553/2257/5553 5552/2207/5552 5554/2617/5554 
f 5554/2617/5554 5555/2598/5555 5553/2257/5553 
f 5552/2207/5552 5551/2088/5551 5556/2590/5556 
f 5556/2590/5556 5554/2617/5554 5552/2207/5552 
f 5554/2617/5554 5556/2590/5556 4297/2024/4297 
f 4297/2024/4297 5091/2617/5091 5554/2617/5554 
f 5555/2598/5555 5554/2617/5554 5091/2617/5091 
f 5091/2617/5091 5090/2336/5090 5555/2598/5555 
f 4279/2192/4279 4455/2190/4455 5557/2190/5557 
f 5557/2190/5557 5558/2193/5558 4279/2192/4279 
f 4455/2190/4455 4347/2189/4347 5559/2191/5559 
f 5559/2191/5559 5557/2190/5557 4455/2190/4455 
f 5557/2190/5557 5559/2191/5559 5560/2082/5560 
f 5560/2082/5560 5561/2190/5561 5557/2190/5557 
f 5558/2193/5558 5557/2190/5557 5561/2190/5561 
f 5561/2190/5561 5562/2014/5562 5558/2193/5558 
f 5562/2014/5562 5561/2190/5561 5563/2138/5563 
f 5563/2138/5563 5564/2664/5564 5562/2014/5562 
f 5561/2190/5561 5560/2082/5560 5565/2593/5565 
f 5565/2593/5565 5563/2138/5563 5561/2190/5561 
f 5563/2138/5563 5565/2593/5565 5566/2082/5566 
f 5566/2082/5566 5567/2138/5567 5563/2138/5563 
f 5564/2664/5564 5563/2138/5563 5567/2138/5567 
f 5567/2138/5567 5568/2139/5568 5564/2664/5564 
f 5568/2139/5568 5567/2138/5567 5569/2350/5569 
f 5569/2350/5569 5570/1943/5570 5568/2139/5568 
f 5567/2138/5567 5566/2082/5566 5571/2593/5571 
f 5571/2593/5571 5569/2350/5569 5567/2138/5567 
f 5569/2350/5569 5571/2593/5571 4291/2018/4291 
f 4291/2018/4291 5127/2350/5127 5569/2350/5569 
f 5570/1943/5570 5569/2350/5569 5127/2350/5127 
f 5127/2350/5127 4206/1943/4206 5570/1943/5570 
f 2042/2621/2042 5094/2594/5094 5572/2594/5572 
f 5572/2594/5572 5573/2622/5573 2042/2621/2042 
f 5094/2594/5094 4302/2619/4302 5574/2620/5574 
f 5574/2620/5574 5572/2594/5572 5094/2594/5094 
f 5572/2594/5572 5574/2620/5574 5575/2032/5575 
f 5575/2032/5575 5576/2594/5576 5572/2594/5572 
f 5573/2622/5573 5572/2594/5572 5576/2594/5576 
f 5576/2594/5576 5577/1133/5577 5573/2622/5573 
f 5577/1133/5577 5576/2594/5576 5578/2595/5578 
f 5578/2595/5578 5579/2671/5579 5577/1133/5577 
f 5576/2594/5576 5575/2032/5575 5580/2596/5580 
f 5580/2596/5580 5578/2595/5578 5576/2594/5576 
f 5578/2595/5578 5580/2596/5580 5581/2032/5581 
f 5581/2032/5581 5582/2595/5582 5578/2595/5578 
f 5579/2671/5579 5578/2595/5578 5582/2595/5582 
f 5582/2595/5582 5583/2249/5583 5579/2671/5579 
f 5583/2249/5583 5582/2595/5582 5584/2365/5584 
f 5584/2365/5584 5585/2364/5585 5583/2249/5583 
f 5582/2595/5582 5581/2032/5581 5586/2596/5586 
f 5586/2596/5586 5584/2365/5584 5582/2595/5582 
f 5584/2365/5584 5586/2596/5586 5087/2366/5087 
f 5087/2366/5087 5086/2365/5086 5584/2365/5584 
f 5585/2364/5585 5584/2365/5584 5086/2365/5086 
f 5086/2365/5086 5085/2364/5085 5585/2364/5585 
f 4216/2672/4216 5587/2585/5587 5588/2585/5588 
f 5588/2585/5588 5589/2673/5589 4216/2672/4216 
f 5587/2585/5587 2046/2674/2046 5590/2675/5590 
f 5590/2675/5590 5588/2585/5588 5587/2585/5587 
f 5588/2585/5588 5590/2675/5590 5591/1132/5591 
f 5591/1132/5591 5592/2585/5592 5588/2585/5588 
f 5589/2673/5589 5588/2585/5588 5592/2585/5592 
f 5592/2585/5592 5593/1957/5593 5589/2673/5589 
f 5593/1957/5593 5592/2585/5592 5594/2586/5594 
f 5594/2586/5594 5595/2676/5595 5593/1957/5593 
f 5592/2585/5592 5591/1132/5591 5596/2587/5596 
f 5596/2587/5596 5594/2586/5594 5592/2585/5592 
f 5594/2586/5594 5596/2587/5596 5597/1132/5597 
f 5597/1132/5597 5598/2586/5598 5594/2586/5594 
f 5595/2676/5595 5594/2586/5594 5598/2586/5598 
f 5598/2586/5598 5599/2151/5599 5595/2676/5595 
f 5599/2151/5599 5598/2586/5598 5600/2380/5600 
f 5600/2380/5600 5601/2130/5601 5599/2151/5599 
f 5598/2586/5598 5597/1132/5597 5602/2381/5602 
f 5602/2381/5602 5600/2380/5600 5598/2586/5598 
f 5600/2380/5600 5602/2381/5602 5111/2381/5111 
f 5111/2381/5111 5110/2380/5110 5600/2380/5600 
f 5601/2130/5601 5600/2380/5600 5110/2380/5110 
f 5110/2380/5110 4399/2130/4399 5601/2130/5601 
f 4211/1947/4211 4208/1945/4208 5603/1945/5603 
f 5603/1945/5603 5604/1948/5604 4211/1947/4211 
f 4208/1945/4208 4207/1944/4207 5543/1946/5543 
f 5543/1946/5543 5603/1945/5603 4208/1945/4208 
f 5603/1945/5603 5543/1946/5543 5547/1950/5547 
f 5547/1950/5547 5605/1945/5605 5603/1945/5603 
f 5604/1948/5604 5603/1945/5603 5605/1945/5605 
f 5605/1945/5605 5606/1949/5606 5604/1948/5604 
f 5606/1949/5606 5605/1945/5605 5607/2597/5607 
f 5607/2597/5607 5608/2599/5608 5606/1949/5606 
f 5605/1945/5605 5547/1950/5547 5549/2598/5549 
f 5549/2598/5549 5607/2597/5607 5605/1945/5605 
f 5607/2597/5607 5549/2598/5549 5553/2257/5553 
f 5553/2257/5553 5609/2628/5609 5607/2597/5607 
f 5608/2599/5608 5607/2597/5607 5609/2628/5609 
f 5609/2628/5609 5610/1949/5610 5608/2599/5608 
f 5610/1949/5610 5609/2628/5609 5611/2391/5611 
f 5611/2391/5611 5612/2599/5612 5610/1949/5610 
f 5609/2628/5609 5553/2257/5553 5555/2598/5555 
f 5555/2598/5555 5611/2391/5611 5609/2628/5609 
f 5611/2391/5611 5555/2598/5555 5090/2336/5090 
f 5090/2336/5090 5145/2391/5145 5611/2391/5611 
f 5612/2599/5612 5611/2391/5611 5145/2391/5145 
f 5145/2391/5145 4293/2020/4293 5612/2599/5612 
f 4283/2010/4283 4280/2007/4280 5613/2008/5613 
f 5613/2008/5613 5614/2011/5614 4283/2010/4283 
f 4280/2007/4280 4279/2006/4279 5558/2009/5558 
f 5558/2009/5558 5613/2008/5613 4280/2007/4280 
f 5613/2008/5613 5558/2009/5558 5562/2014/5562 
f 5562/2014/5562 5615/2013/5615 5613/2008/5613 
f 5614/2011/5614 5613/2008/5613 5615/2013/5615 
f 5615/2013/5615 5616/2012/5616 5614/2011/5614 
f 5616/2012/5616 5615/2013/5615 5617/2402/5617 
f 5617/2402/5617 5618/2403/5618 5616/2012/5616 
f 5615/2013/5615 5562/2014/5562 5564/2664/5564 
f 5564/2664/5564 5617/2402/5617 5615/2013/5615 
f 5617/2402/5617 5564/2664/5564 5568/2139/5568 
f 5568/2139/5568 5619/2402/5619 5617/2402/5617 
f 5618/2403/5618 5617/2402/5617 5619/2402/5619 
f 5619/2402/5619 5620/2012/5620 5618/2403/5618 
f 5620/2012/5620 5619/2402/5619 5621/1942/5621 
f 5621/1942/5621 5622/1941/5622 5620/2012/5620 
f 5619/2402/5619 5568/2139/5568 5570/1943/5570 
f 5570/1943/5570 5621/1942/5621 5619/2402/5619 
f 5621/1942/5621 5570/1943/5570 4206/1943/4206 
f 4206/1943/4206 4205/1942/4205 5621/1942/5621 
f 5622/1941/5622 5621/1942/5621 4205/1942/4205 
f 4205/1942/4205 4204/1941/4204 5622/1941/5622 
f 4187/1925/4187 4184/1923/4184 5623/1923/5623 
f 5623/1923/5623 5624/1926/5624 4187/1925/4187 
f 4184/1923/4184 4183/1922/4183 5625/1924/5625 
f 5625/1924/5625 5623/1923/5623 4184/1923/4184 
f 5623/1923/5623 5625/1924/5625 5626/1928/5626 
f 5626/1928/5626 5627/1923/5627 5623/1923/5623 
f 5624/1926/5624 5623/1923/5623 5627/1923/5627 
f 5627/1923/5627 5628/1927/5628 5624/1926/5624 
f 5628/1927/5628 5627/1923/5627 5629/2234/5629 
f 5629/2234/5629 5630/2591/5630 5628/1927/5628 
f 5627/1923/5627 5626/1928/5626 5631/2665/5631 
f 5631/2665/5631 5629/2234/5629 5627/1923/5627 
f 5629/2234/5629 5631/2665/5631 5632/2233/5632 
f 5632/2233/5632 5633/2234/5633 5629/2234/5629 
f 5630/2591/5630 5629/2234/5629 5633/2234/5633 
f 5633/2234/5633 5634/1927/5634 5630/2591/5630 
f 5634/1927/5634 5633/2234/5633 5635/2176/5635 
f 5635/2176/5635 5636/2591/5636 5634/1927/5634 
f 5633/2234/5633 5632/2233/5632 5637/2177/5637 
f 5637/2177/5637 5635/2176/5635 5633/2234/5633 
f 5635/2176/5635 5637/2177/5637 4441/2177/4441 
f 4441/2177/4441 4440/2176/4440 5635/2176/5635 
f 5636/2591/5636 5635/2176/5635 4440/2176/4440 
f 4440/2176/4440 2656/1325/2656 5636/2591/5636 
f 4178/1918/4178 4175/1916/4175 5638/1916/5638 
f 5638/1916/5638 5639/1919/5639 4178/1918/4178 
f 4175/1916/4175 4174/1915/4174 5513/1917/5513 
f 5513/1917/5513 5638/1916/5638 4175/1916/4175 
f 5638/1916/5638 5513/1917/5513 5517/1921/5517 
f 5517/1921/5517 5640/1916/5640 5638/1916/5638 
f 5639/1919/5639 5638/1916/5638 5640/1916/5640 
f 5640/1916/5640 5641/1920/5641 5639/1919/5639 
f 5641/1920/5641 5640/1916/5640 5642/2425/5642 
f 5642/2425/5642 5643/2592/5643 5641/1920/5641 
f 5640/1916/5640 5517/1921/5517 5519/2311/5519 
f 5519/2311/5519 5642/2425/5642 5640/1916/5640 
f 5642/2425/5642 5519/2311/5519 5523/1921/5523 
f 5523/1921/5523 5644/1916/5644 5642/2425/5642 
f 5643/2592/5643 5642/2425/5642 5644/1916/5644 
f 5644/1916/5644 5645/1920/5645 5643/2592/5643 
f 5645/1920/5645 5644/1916/5644 5646/2425/5646 
f 5646/2425/5646 5647/2592/5647 5645/1920/5645 
f 5644/1916/5644 5523/1921/5523 5525/2311/5525 
f 5525/2311/5525 5646/2425/5646 5644/1916/5644 
f 5646/2425/5646 5525/2311/5525 4533/2264/4533 
f 4533/2264/4533 5121/2425/5121 5646/2425/5646 
f 5647/2592/5647 5646/2425/5646 5121/2425/5121 
f 5121/2425/5121 4272/1999/4272 5647/2592/5647 
f 4262/1989/4262 4259/1987/4259 5648/1987/5648 
f 5648/1987/5648 5649/1990/5649 4262/1989/4262 
f 4259/1987/4259 4258/1986/4258 5528/1988/5528 
f 5528/1988/5528 5648/1987/5648 4259/1987/4259 
f 5648/1987/5648 5528/1988/5528 5532/1993/5532 
f 5532/1993/5532 5650/1992/5650 5648/1987/5648 
f 5649/1990/5649 5648/1987/5648 5650/1992/5650 
f 5650/1992/5650 5651/1991/5651 5649/1990/5649 
f 5651/1991/5651 5650/1992/5650 5652/2111/5652 
f 5652/2111/5652 5653/2666/5653 5651/1991/5651 
f 5650/1992/5650 5532/1993/5532 5534/2588/5534 
f 5534/2588/5534 5652/2111/5652 5650/1992/5650 
f 5652/2111/5652 5534/2588/5534 5538/1993/5538 
f 5538/1993/5538 5654/2111/5654 5652/2111/5652 
f 5653/2666/5653 5652/2111/5652 5654/2111/5654 
f 5654/2111/5654 5655/2112/5655 5653/2666/5653 
f 5655/2112/5655 5654/2111/5654 5656/1913/5656 
f 5656/1913/5656 5657/1912/5657 5655/2112/5655 
f 5654/2111/5654 5538/1993/5538 5540/1914/5540 
f 5540/1914/5540 5656/1913/5656 5654/2111/5654 
f 5656/1913/5656 5540/1914/5540 4173/1914/4173 
f 4173/1914/4173 4172/1913/4172 5656/1913/5656 
f 5657/1912/5657 5656/1913/5656 4172/1913/4172 
f 4172/1913/4172 4171/1912/4171 5657/1912/5657 
f 4249/2116/4249 4382/2114/4382 5658/2114/5658 
f 5658/2114/5658 5659/2117/5659 4249/2116/4249 
f 4382/2114/4382 4326/2113/4326 5660/2115/5660 
f 5660/2115/5660 5658/2114/5658 4382/2114/4382 
f 5658/2114/5658 5660/2115/5660 5661/2057/5661 
f 5661/2057/5661 5662/2114/5662 5658/2114/5658 
f 5659/2117/5659 5658/2114/5658 5662/2114/5662 
f 5662/2114/5662 5663/1985/5663 5659/2117/5659 
f 5663/1985/5663 5662/2114/5662 5664/2180/5664 
f 5664/2180/5664 5665/2446/5665 5663/1985/5663 
f 5662/2114/5662 5661/2057/5661 5666/2447/5666 
f 5666/2447/5666 5664/2180/5664 5662/2114/5662 
f 5664/2180/5664 5666/2447/5666 5667/2057/5667 
f 5667/2057/5667 5668/2114/5668 5664/2180/5664 
f 5665/2446/5665 5664/2180/5664 5668/2114/5668 
f 5668/2114/5668 5669/1985/5669 5665/2446/5665 
f 5669/1985/5669 5668/2114/5668 5670/2180/5670 
f 5670/2180/5670 5671/2446/5671 5669/1985/5669 
f 5668/2114/5668 5667/2057/5667 5672/2447/5672 
f 5672/2447/5672 5670/2180/5670 5668/2114/5668 
f 5670/2180/5670 5672/2447/5672 4445/2181/4445 
f 4445/2181/4445 4444/2180/4444 5670/2180/5670 
f 5671/2446/5671 5670/2180/5670 4444/2180/4444 
f 4444/2180/4444 4167/1908/4167 5671/2446/5671 
f 4157/1899/4157 4154/1897/4154 5673/1897/5673 
f 5673/1897/5673 5674/1900/5674 4157/1899/4157 
f 4154/1897/4154 4153/1896/4153 5483/1898/5483 
f 5483/1898/5483 5673/1897/5673 4154/1897/4154 
f 5673/1897/5673 5483/1898/5483 5487/1902/5487 
f 5487/1902/5487 5675/1897/5675 5673/1897/5673 
f 5674/1900/5674 5673/1897/5673 5675/1897/5675 
f 5675/1897/5675 5676/1901/5676 5674/1900/5674 
f 5676/1901/5676 5675/1897/5675 5677/2459/5677 
f 5677/2459/5677 5678/2677/5678 5676/1901/5676 
f 5675/1897/5675 5487/1902/5487 5489/2280/5489 
f 5489/2280/5489 5677/2459/5677 5675/1897/5675 
f 5677/2459/5677 5489/2280/5489 5493/1902/5493 
f 5493/1902/5493 5679/2459/5679 5677/2459/5677 
f 5678/2677/5678 5677/2459/5677 5679/2459/5679 
f 5679/2459/5679 5680/2625/5680 5678/2677/5678 
f 5680/2625/5680 5679/2459/5679 5681/2458/5681 
f 5681/2458/5681 5682/1977/5682 5680/2625/5680 
f 5679/2459/5679 5493/1902/5493 5495/2280/5495 
f 5495/2280/5495 5681/2458/5681 5679/2459/5679 
f 5681/2458/5681 5495/2280/5495 4490/2226/4490 
f 4490/2226/4490 5093/2458/5093 5681/2458/5681 
f 5682/1977/5682 5681/2458/5681 5093/2458/5093 
f 5093/2458/5093 4248/1977/4248 5682/1977/5682 
f 4238/1968/4238 4235/1966/4235 5683/1966/5683 
f 5683/1966/5683 5684/1969/5684 4238/1968/4238 
f 4235/1966/4235 4234/1965/4234 5498/1967/5498 
f 5498/1967/5498 5683/1966/5683 4235/1966/4235 
f 5683/1966/5683 5498/1967/5498 5502/1971/5502 
f 5502/1971/5502 5685/1966/5685 5683/1966/5683 
f 5684/1969/5684 5683/1966/5683 5685/1966/5685 
f 5685/1966/5685 5686/1970/5686 5684/1969/5684 
f 5686/1970/5686 5685/1966/5685 5687/2649/5687 
f 5687/2649/5687 5688/2667/5688 5686/1970/5686 
f 5685/1966/5685 5502/1971/5502 5504/2663/5504 
f 5504/2663/5504 5687/2649/5687 5685/1966/5685 
f 5687/2649/5687 5504/2663/5504 5508/2201/5508 
f 5508/2201/5508 5689/2649/5689 5687/2649/5687 
f 5688/2667/5688 5687/2649/5687 5689/2649/5689 
f 5689/2649/5689 5690/1970/5690 5688/2667/5688 
f 5690/1970/5690 5689/2649/5689 5691/1894/5691 
f 5691/1894/5691 5692/2667/5692 5690/1970/5690 
f 5689/2649/5689 5508/2201/5508 5510/1895/5510 
f 5510/1895/5510 5691/1894/5691 5689/2649/5689 
f 5691/1894/5691 5510/1895/5510 4152/1895/4152 
f 4152/1895/4152 4151/1894/4151 5691/1894/5691 
f 5692/2667/5692 5691/1894/5691 4151/1894/4151 
f 4151/1894/4151 4150/1893/4150 5692/2667/5692 
f 4225/2610/4225 5080/2601/5080 5693/2601/5693 
f 5693/2601/5693 5694/2611/5694 4225/2610/4225 
f 5080/2601/5080 4308/2608/4308 5695/2609/5695 
f 5695/2609/5695 5693/2601/5693 5080/2601/5080 
f 5693/2601/5693 5695/2609/5695 5696/2038/5696 
f 5696/2038/5696 5697/2486/5697 5693/2601/5693 
f 5694/2611/5694 5693/2601/5693 5697/2486/5697 
f 5697/2486/5697 5698/1964/5698 5694/2611/5694 
f 5698/1964/5698 5697/2486/5697 5699/2484/5699 
f 5699/2484/5699 5700/2485/5700 5698/1964/5698 
f 5697/2486/5697 5696/2038/5696 5701/2668/5701 
f 5701/2668/5701 5699/2484/5699 5697/2486/5697 
f 5699/2484/5699 5701/2668/5701 5702/2038/5702 
f 5702/2038/5702 5703/2486/5703 5699/2484/5699 
f 5700/2485/5700 5699/2484/5699 5703/2486/5703 
f 5703/2486/5703 5704/2214/5704 5700/2485/5700 
f 5704/2214/5704 5703/2486/5703 5705/2583/5705 
f 5705/2583/5705 5706/2485/5706 5704/2214/5704 
f 5703/2486/5703 5702/2038/5702 5707/2668/5707 
f 5707/2668/5707 5705/2583/5705 5703/2486/5703 
f 5705/2583/5705 5707/2668/5707 5007/2584/5007 
f 5007/2584/5007 5006/2583/5006 5705/2583/5705 
f 5706/2485/5706 5705/2583/5705 5006/2583/5006 
f 5006/2583/5006 4146/1889/4146 5706/2485/5706 
f 4220/1954/4220 4217/1952/4217 5708/1952/5708 
f 5708/1952/5708 5709/1955/5709 4220/1954/4220 
f 4217/1952/4217 4216/1951/4216 5589/1953/5589 
f 5589/1953/5589 5708/1952/5708 4217/1952/4217 
f 5708/1952/5708 5589/1953/5589 5593/1957/5593 
f 5593/1957/5593 5710/1952/5710 5708/1952/5708 
f 5709/1955/5709 5708/1952/5708 5710/1952/5710 
f 5710/1952/5710 5711/1956/5711 5709/1955/5709 
f 5711/1956/5711 5710/1952/5710 5712/2152/5712 
f 5712/2152/5712 5713/2589/5713 5711/1956/5711 
f 5710/1952/5710 5593/1957/5593 5595/2676/5595 
f 5595/2676/5595 5712/2152/5712 5710/1952/5710 
f 5712/2152/5712 5595/2676/5595 5599/2151/5599 
f 5599/2151/5599 5714/2152/5714 5712/2152/5712 
f 5713/2589/5713 5712/2152/5712 5714/2152/5714 
f 5714/2152/5714 5715/1956/5715 5713/2589/5713 
f 5715/1956/5715 5714/2152/5714 5716/2129/5716 
f 5716/2129/5716 5717/2589/5717 5715/1956/5715 
f 5714/2152/5714 5599/2151/5599 5601/2130/5601 
f 5601/2130/5601 5716/2129/5716 5714/2152/5714 
f 5716/2129/5716 5601/2130/5601 4399/2130/4399 
f 4399/2130/4399 4398/2129/4398 5716/2129/5716 
f 5717/2589/5717 5716/2129/5716 4398/2129/4398 
f 4398/2129/4398 4299/2026/4299 5717/2589/5717 
f 4275/2003/4275 4273/2001/4273 5718/2001/5718 
f 5718/2001/5718 5719/2004/5719 4275/2003/4275 
f 4273/2001/4273 4187/2000/4187 5624/2002/5624 
f 5624/2002/5624 5718/2001/5718 4273/2001/4273 
f 5718/2001/5718 5624/2002/5624 5628/1927/5628 
f 5628/1927/5628 5720/2001/5720 5718/2001/5718 
f 5719/2004/5719 5718/2001/5718 5720/2001/5720 
f 5720/2001/5720 5721/2005/5721 5719/2004/5719 
f 5721/2005/5721 5720/2001/5720 5722/1324/5722 
f 5722/1324/5722 5723/2502/5723 5721/2005/5721 
f 5720/2001/5720 5628/1927/5628 5630/2591/5630 
f 5630/2591/5630 5722/1324/5722 5720/2001/5720 
f 5722/1324/5722 5630/2591/5630 5634/1927/5634 
f 5634/1927/5634 5724/2001/5724 5722/1324/5722 
f 5723/2502/5723 5722/1324/5722 5724/2001/5724 
f 5724/2001/5724 5725/2005/5725 5723/2502/5723 
f 5725/2005/5725 5724/2001/5724 5726/1324/5726 
f 5726/1324/5726 5727/2502/5727 5725/2005/5725 
f 5724/2001/5724 5634/1927/5634 5636/2591/5636 
f 5636/2591/5636 5726/1324/5726 5724/2001/5724 
f 5726/1324/5726 5636/2591/5636 2656/1325/2656 
f 2656/1325/2656 2655/1324/2655 5726/1324/5726 
f 5727/2502/5727 5726/1324/5726 2655/1324/2655 
f 2655/1324/2655 2654/1323/2654 5727/2502/5727 
f 4253/1981/4253 4250/1979/4250 5728/1979/5728 
f 5728/1979/5728 5729/1982/5729 4253/1981/4253 
f 4250/1979/4250 4249/1978/4249 5659/1980/5659 
f 5659/1980/5659 5728/1979/5728 4250/1979/4250 
f 5728/1979/5728 5659/1980/5659 5663/1985/5663 
f 5663/1985/5663 5730/1979/5730 5728/1979/5728 
f 5729/1982/5729 5728/1979/5728 5730/1979/5730 
f 5730/1979/5730 5731/1983/5731 5729/1982/5729 
f 5731/1983/5731 5730/1979/5730 5732/2512/5732 
f 5732/2512/5732 5733/2513/5733 5731/1983/5731 
f 5730/1979/5730 5663/1985/5663 5665/2446/5665 
f 5665/2446/5665 5732/2512/5732 5730/1979/5730 
f 5732/2512/5732 5665/2446/5665 5669/1985/5669 
f 5669/1985/5669 5734/1984/5734 5732/2512/5732 
f 5733/2513/5733 5732/2512/5732 5734/1984/5734 
f 5734/1984/5734 5735/2222/5735 5733/2513/5733 
f 5735/2222/5735 5734/1984/5734 5736/1907/5736 
f 5736/1907/5736 5737/2513/5737 5735/2222/5735 
f 5734/1984/5734 5669/1985/5669 5671/2446/5671 
f 5671/2446/5671 5736/1907/5736 5734/1984/5734 
f 5736/1907/5736 5671/2446/5671 4167/1908/4167 
f 4167/1908/4167 4166/1907/4166 5736/1907/5736 
f 5737/2513/5737 5736/1907/5736 4166/1907/4166 
f 4166/1907/4166 4165/1906/4165 5737/2513/5737 
f 4229/1961/4229 4226/1959/4226 5738/1959/5738 
f 5738/1959/5738 5739/1962/5739 4229/1961/4229 
f 4226/1959/4226 4225/1958/4225 5694/1960/5694 
f 5694/1960/5694 5738/1959/5738 4226/1959/4226 
f 5738/1959/5738 5694/1960/5694 5698/1964/5698 
f 5698/1964/5698 5740/1959/5740 5738/1959/5738 
f 5739/1962/5739 5738/1959/5738 5740/1959/5740 
f 5740/1959/5740 5741/1963/5741 5739/1962/5739 
f 5741/1963/5741 5740/1959/5740 5742/2522/5742 
f 5742/2522/5742 5743/2523/5743 5741/1963/5741 
f 5740/1959/5740 5698/1964/5698 5700/2485/5700 
f 5700/2485/5700 5742/2522/5742 5740/1959/5740 
f 5742/2522/5742 5700/2485/5700 5704/2214/5704 
f 5704/2214/5704 5744/2215/5744 5742/2522/5742 
f 5743/2523/5743 5742/2522/5742 5744/2215/5744 
f 5744/2215/5744 5745/1963/5745 5743/2523/5743 
f 5745/1963/5745 5744/2215/5744 5746/1888/5746 
f 5746/1888/5746 5747/2523/5747 5745/1963/5745 
f 5744/2215/5744 5704/2214/5704 5706/2485/5706 
f 5706/2485/5706 5746/1888/5746 5744/2215/5744 
f 5746/1888/5746 5706/2485/5706 4146/1889/4146 
f 4146/1889/4146 4145/1888/4145 5746/1888/5746 
f 5747/2523/5747 5746/1888/5746 4145/1888/4145 
f 4145/1888/4145 4144/1887/4144 5747/2523/5747 
f 2046/1130/2046 2043/1128/2043 5748/1128/5748 
f 5748/1128/5748 5590/1131/5590 2046/1130/2046 
f 2043/1128/2043 2042/1127/2042 5573/1129/5573 
f 5573/1129/5573 5748/1128/5748 2043/1128/2043 
f 5748/1128/5748 5573/1129/5573 5577/1133/5577 
f 5577/1133/5577 5749/1128/5749 5748/1128/5748 
f 5590/1131/5590 5748/1128/5748 5749/1128/5749 
f 5749/1128/5749 5591/1132/5591 5590/1131/5590 
f 5591/1132/5591 5749/1128/5749 5750/2250/5750 
f 5750/2250/5750 5596/2587/5596 5591/1132/5591 
f 5749/1128/5749 5577/1133/5577 5579/2671/5579 
f 5579/2671/5579 5750/2250/5750 5749/1128/5749 
f 5750/2250/5750 5579/2671/5579 5583/2249/5583 
f 5583/2249/5583 5751/2250/5751 5750/2250/5750 
f 5596/2587/5596 5750/2250/5750 5751/2250/5751 
f 5751/2250/5751 5597/1132/5597 5596/2587/5596 
f 5597/1132/5597 5751/2250/5751 5752/2528/5752 
f 5752/2528/5752 5602/2381/5602 5597/1132/5597 
f 5751/2250/5751 5583/2249/5583 5585/2364/5585 
f 5585/2364/5585 5752/2528/5752 5751/2250/5751 
f 5752/2528/5752 5585/2364/5585 5085/2364/5085 
f 5085/2364/5085 5123/2528/5123 5752/2528/5752 
f 5602/2381/5602 5752/2528/5752 5123/2528/5123 
f 5123/2528/5123 5111/2381/5111 5602/2381/5602 
f 4353/2086/4353 4351/2084/4351 5753/2084/5753 
f 5753/2084/5753 5544/2087/5544 4353/2086/4353 
f 4351/2084/4351 4220/2083/4220 5709/2085/5709 
f 5709/2085/5709 5753/2084/5753 4351/2084/4351 
f 5753/2084/5753 5709/2085/5709 5711/1956/5711 
f 5711/1956/5711 5754/2084/5754 5753/2084/5753 
f 5544/2087/5544 5753/2084/5753 5754/2084/5754 
f 5754/2084/5754 5545/2088/5545 5544/2087/5544 
f 5545/2088/5545 5754/2084/5754 5755/2025/5755 
f 5755/2025/5755 5550/2590/5550 5545/2088/5545 
f 5754/2084/5754 5711/1956/5711 5713/2589/5713 
f 5713/2589/5713 5755/2025/5755 5754/2084/5754 
f 5755/2025/5755 5713/2589/5713 5715/1956/5715 
f 5715/1956/5715 5756/2084/5756 5755/2025/5755 
f 5550/2590/5550 5755/2025/5755 5756/2084/5756 
f 5756/2084/5756 5551/2088/5551 5550/2590/5550 
f 5551/2088/5551 5756/2084/5756 5757/2025/5757 
f 5757/2025/5757 5556/2590/5556 5551/2088/5551 
f 5756/2084/5756 5715/1956/5715 5717/2589/5717 
f 5717/2589/5717 5757/2025/5757 5756/2084/5756 
f 5757/2025/5757 5717/2589/5717 4299/2026/4299 
f 4299/2026/4299 4298/2025/4298 5757/2025/5757 
f 5556/2590/5556 5757/2025/5757 4298/2025/4298 
f 4298/2025/4298 4297/2024/4297 5556/2590/5556 
f 4347/2080/4347 4345/2078/4345 5758/2078/5758 
f 5758/2078/5758 5559/2081/5559 4347/2080/4347 
f 4345/2078/4345 4211/2077/4211 5604/2079/5604 
f 5604/2079/5604 5758/2078/5758 4345/2078/4345 
f 5758/2078/5758 5604/2079/5604 5606/1949/5606 
f 5606/1949/5606 5759/2078/5759 5758/2078/5758 
f 5559/2081/5559 5758/2078/5758 5759/2078/5759 
f 5759/2078/5759 5560/2082/5560 5559/2081/5559 
f 5560/2082/5560 5759/2078/5759 5760/2019/5760 
f 5760/2019/5760 5565/2593/5565 5560/2082/5560 
f 5759/2078/5759 5606/1949/5606 5608/2599/5608 
f 5608/2599/5608 5760/2019/5760 5759/2078/5759 
f 5760/2019/5760 5608/2599/5608 5610/1949/5610 
f 5610/1949/5610 5761/2078/5761 5760/2019/5760 
f 5565/2593/5565 5760/2019/5760 5761/2078/5761 
f 5761/2078/5761 5566/2082/5566 5565/2593/5565 
f 5566/2082/5566 5761/2078/5761 5762/2019/5762 
f 5762/2019/5762 5571/2593/5571 5566/2082/5566 
f 5761/2078/5761 5610/1949/5610 5612/2599/5612 
f 5612/2599/5612 5762/2019/5762 5761/2078/5761 
f 5762/2019/5762 5612/2599/5612 4293/2020/4293 
f 4293/2020/4293 4292/2019/4292 5762/2019/5762 
f 5571/2593/5571 5762/2019/5762 4292/2019/4292 
f 4292/2019/4292 4291/2018/4291 5571/2593/5571 
f 4183/2074/4183 4342/2071/4342 5763/2072/5763 
f 5763/2072/5763 5625/2075/5625 4183/2074/4183 
f 4342/2071/4342 4283/2070/4283 5614/2073/5614 
f 5614/2073/5614 5763/2072/5763 4342/2071/4342 
f 5763/2072/5763 5614/2073/5614 5616/2012/5616 
f 5616/2012/5616 5764/2076/5764 5763/2072/5763 
f 5625/2075/5625 5763/2072/5763 5764/2076/5764 
f 5764/2076/5764 5626/1928/5626 5625/2075/5625 
f 5626/1928/5626 5764/2076/5764 5765/2542/5765 
f 5765/2542/5765 5631/2665/5631 5626/1928/5626 
f 5764/2076/5764 5616/2012/5616 5618/2403/5618 
f 5618/2403/5618 5765/2542/5765 5764/2076/5764 
f 5765/2542/5765 5618/2403/5618 5620/2012/5620 
f 5620/2012/5620 5766/2542/5766 5765/2542/5765 
f 5631/2665/5631 5765/2542/5765 5766/2542/5766 
f 5766/2542/5766 5632/2233/5632 5631/2665/5631 
f 5632/2233/5632 5766/2542/5766 5767/2209/5767 
f 5767/2209/5767 5637/2177/5637 5632/2233/5632 
f 5766/2542/5766 5620/2012/5620 5622/1941/5622 
f 5622/1941/5622 5767/2209/5767 5766/2542/5766 
f 5767/2209/5767 5622/1941/5622 4204/1941/4204 
f 4204/1941/4204 4471/2209/4471 5767/2209/5767 
f 5637/2177/5637 5767/2209/5767 4471/2209/4471 
f 4471/2209/4471 4441/2177/4441 5637/2177/5637 
f 4338/2067/4338 4336/2065/4336 5768/2065/5768 
f 5768/2065/5768 5514/2068/5514 4338/2067/4338 
f 4336/2065/4336 4275/2064/4275 5719/2066/5719 
f 5719/2066/5719 5768/2065/5768 4336/2065/4336 
f 5768/2065/5768 5719/2066/5719 5721/2005/5721 
f 5721/2005/5721 5769/2065/5769 5768/2065/5768 
f 5514/2068/5514 5768/2065/5768 5769/2065/5769 
f 5769/2065/5769 5515/2069/5515 5514/2068/5514 
f 5515/2069/5515 5769/2065/5769 5770/2548/5770 
f 5770/2548/5770 5520/2312/5520 5515/2069/5515 
f 5769/2065/5769 5721/2005/5721 5723/2502/5723 
f 5723/2502/5723 5770/2548/5770 5769/2065/5769 
f 5770/2548/5770 5723/2502/5723 5725/2005/5725 
f 5725/2005/5725 5771/2652/5771 5770/2548/5770 
f 5520/2312/5520 5770/2548/5770 5771/2652/5771 
f 5771/2652/5771 5521/2653/5521 5520/2312/5520 
f 5521/2653/5521 5771/2652/5771 5772/2099/5772 
f 5772/2099/5772 5526/2312/5526 5521/2653/5521 
f 5771/2652/5771 5725/2005/5725 5727/2502/5727 
f 5727/2502/5727 5772/2099/5772 5771/2652/5771 
f 5772/2099/5772 5727/2502/5727 2654/1323/2654 
f 2654/1323/2654 4369/2099/4369 5772/2099/5772 
f 5526/2312/5526 5772/2099/5772 4369/2099/4369 
f 4369/2099/4369 4368/2098/4368 5526/2312/5526 
f 4332/2061/4332 4330/2059/4330 5773/2059/5773 
f 5773/2059/5773 5529/2062/5529 4332/2061/4332 
f 4330/2059/4330 4178/2058/4178 5639/2060/5639 
f 5639/2060/5639 5773/2059/5773 4330/2059/4330 
f 5773/2059/5773 5639/2060/5639 5641/1920/5641 
f 5641/1920/5641 5774/2059/5774 5773/2059/5773 
f 5529/2062/5529 5773/2059/5773 5774/2059/5774 
f 5774/2059/5774 5530/2063/5530 5529/2062/5529 
f 5530/2063/5530 5774/2059/5774 5775/2167/5775 
f 5775/2167/5775 5535/2670/5535 5530/2063/5530 
f 5774/2059/5774 5641/1920/5641 5643/2592/5643 
f 5643/2592/5643 5775/2167/5775 5774/2059/5774 
f 5775/2167/5775 5643/2592/5643 5645/1920/5645 
f 5645/1920/5645 5776/2167/5776 5775/2167/5775 
f 5535/2670/5535 5775/2167/5775 5776/2167/5776 
f 5776/2167/5776 5536/2168/5536 5535/2670/5535 
f 5536/2168/5536 5776/2167/5776 5777/1998/5777 
f 5777/1998/5777 5541/1997/5541 5536/2168/5536 
f 5776/2167/5776 5645/1920/5645 5647/2592/5647 
f 5647/2592/5647 5777/1998/5777 5776/2167/5776 
f 5777/1998/5777 5647/2592/5647 4272/1999/4272 
f 4272/1999/4272 4271/1998/4271 5777/1998/5777 
f 5541/1997/5541 5777/1998/5777 4271/1998/4271 
f 4271/1998/4271 4270/1997/4270 5541/1997/5541 
f 4326/2055/4326 4324/2053/4324 5778/2053/5778 
f 5778/2053/5778 5660/2056/5660 4326/2055/4326 
f 4324/2053/4324 4262/2052/4262 5649/2054/5649 
f 5649/2054/5649 5778/2053/5778 4324/2053/4324 
f 5778/2053/5778 5649/2054/5649 5651/1991/5651 
f 5651/1991/5651 5779/2053/5779 5778/2053/5778 
f 5660/2056/5660 5778/2053/5778 5779/2053/5779 
f 5779/2053/5779 5661/2057/5661 5660/2056/5660 
f 5661/2057/5661 5779/2053/5779 5780/2558/5780 
f 5780/2558/5780 5666/2447/5666 5661/2057/5661 
f 5779/2053/5779 5651/1991/5651 5653/2666/5653 
f 5653/2666/5653 5780/2558/5780 5779/2053/5779 
f 5780/2558/5780 5653/2666/5653 5655/2112/5655 
f 5655/2112/5655 5781/2558/5781 5780/2558/5780 
f 5666/2447/5666 5780/2558/5780 5781/2558/5781 
f 5781/2558/5781 5667/2057/5667 5666/2447/5666 
f 5667/2057/5667 5781/2558/5781 5782/2559/5782 
f 5782/2559/5782 5672/2447/5672 5667/2057/5667 
f 5781/2558/5781 5655/2112/5655 5657/1912/5657 
f 5657/1912/5657 5782/2559/5782 5781/2558/5781 
f 5782/2559/5782 5657/1912/5657 4171/1912/4171 
f 4171/1912/4171 5153/2559/5153 5782/2559/5782 
f 5672/2447/5672 5782/2559/5782 5153/2559/5153 
f 5153/2559/5153 4445/2181/4445 5672/2447/5672 
f 4320/2048/4320 4318/2046/4318 5783/2046/5783 
f 5783/2046/5783 5484/2049/5484 4320/2048/4320 
f 4318/2046/4318 4253/2045/4253 5729/2047/5729 
f 5729/2047/5729 5783/2046/5783 4318/2046/4318 
f 5783/2046/5783 5729/2047/5729 5731/1983/5731 
f 5731/1983/5731 5784/2051/5784 5783/2046/5783 
f 5484/2049/5484 5783/2046/5783 5784/2051/5784 
f 5784/2051/5784 5485/2050/5485 5484/2049/5484 
f 5485/2050/5485 5784/2051/5784 5785/2564/5785 
f 5785/2564/5785 5490/2281/5490 5485/2050/5485 
f 5784/2051/5784 5731/1983/5731 5733/2513/5733 
f 5733/2513/5733 5785/2564/5785 5784/2051/5784 
f 5785/2564/5785 5733/2513/5733 5735/2222/5735 
f 5735/2222/5735 5786/2051/5786 5785/2564/5785 
f 5490/2281/5490 5785/2564/5785 5786/2051/5786 
f 5786/2051/5786 5491/2050/5491 5490/2281/5490 
f 5491/2050/5491 5786/2051/5786 5787/2607/5787 
f 5787/2607/5787 5496/2281/5496 5491/2050/5491 
f 5786/2051/5786 5735/2222/5735 5737/2513/5737 
f 5737/2513/5737 5787/2607/5787 5786/2051/5786 
f 5787/2607/5787 5737/2513/5737 4165/1906/4165 
f 4165/1906/4165 5079/2607/5079 5787/2607/5787 
f 5496/2281/5496 5787/2607/5787 5079/2607/5079 
f 5079/2607/5079 4492/2228/4492 5496/2281/5496 
f 4314/2042/4314 4312/2040/4312 5788/2040/5788 
f 5788/2040/5788 5499/2043/5499 4314/2042/4314 
f 4312/2040/4312 4157/2039/4157 5674/2041/5674 
f 5674/2041/5674 5788/2040/5788 4312/2040/4312 
f 5788/2040/5788 5674/2041/5674 5676/1901/5676 
f 5676/1901/5676 5789/2040/5789 5788/2040/5788 
f 5499/2043/5499 5788/2040/5788 5789/2040/5789 
f 5789/2040/5789 5500/2044/5500 5499/2043/5499 
f 5500/2044/5500 5789/2040/5789 5790/2570/5790 
f 5790/2570/5790 5505/2600/5505 5500/2044/5500 
f 5789/2040/5789 5676/1901/5676 5678/2677/5678 
f 5678/2677/5678 5790/2570/5790 5789/2040/5789 
f 5790/2570/5790 5678/2677/5678 5680/2625/5680 
f 5680/2625/5680 5791/2570/5791 5790/2570/5790 
f 5505/2600/5505 5790/2570/5790 5791/2570/5791 
f 5791/2570/5791 5506/2044/5506 5505/2600/5505 
f 5506/2044/5506 5791/2570/5791 5792/1976/5792 
f 5792/1976/5792 5511/1975/5511 5506/2044/5506 
f 5791/2570/5791 5680/2625/5680 5682/1977/5682 
f 5682/1977/5682 5792/1976/5792 5791/2570/5791 
f 5792/1976/5792 5682/1977/5682 4248/1977/4248 
f 4248/1977/4248 4247/1976/4247 5792/1976/5792 
f 5511/1975/5511 5792/1976/5792 4247/1976/4247 
f 4247/1976/4247 4246/1975/4246 5511/1975/5511 
f 4308/2036/4308 4306/2034/4306 5793/2034/5793 
f 5793/2034/5793 5695/2037/5695 4308/2036/4308 
f 4306/2034/4306 4238/2033/4238 5684/2035/5684 
f 5684/2035/5684 5793/2034/5793 4306/2034/4306 
f 5793/2034/5793 5684/2035/5684 5686/1970/5686 
f 5686/1970/5686 5794/2034/5794 5793/2034/5793 
f 5695/2037/5695 5793/2034/5793 5794/2034/5794 
f 5794/2034/5794 5696/2038/5696 5695/2037/5695 
f 5696/2038/5696 5794/2034/5794 5795/2643/5795 
f 5795/2643/5795 5701/2668/5701 5696/2038/5696 
f 5794/2034/5794 5686/1970/5686 5688/2667/5688 
f 5688/2667/5688 5795/2643/5795 5794/2034/5794 
f 5795/2643/5795 5688/2667/5688 5690/1970/5690 
f 5690/1970/5690 5796/2034/5796 5795/2643/5795 
f 5701/2668/5701 5795/2643/5795 5796/2034/5796 
f 5796/2034/5796 5702/2038/5702 5701/2668/5701 
f 5702/2038/5702 5796/2034/5796 5797/2643/5797 
f 5797/2643/5797 5707/2668/5707 5702/2038/5702 
f 5796/2034/5796 5690/1970/5690 5692/2667/5692 
f 5692/2667/5692 5797/2643/5797 5796/2034/5796 
f 5797/2643/5797 5692/2667/5692 4150/1893/4150 
f 4150/1893/4150 5129/2643/5129 5797/2643/5797 
f 5707/2668/5707 5797/2643/5797 5129/2643/5129 
f 5129/2643/5129 5007/2584/5007 5707/2668/5707 
f 4302/2030/4302 4300/2028/4300 5798/2028/5798 
f 5798/2028/5798 5574/2031/5574 4302/2030/4302 
f 4300/2028/4300 4229/2027/4229 5739/2029/5739 
f 5739/2029/5739 5798/2028/5798 4300/2028/4300 
f 5798/2028/5798 5739/2029/5739 5741/1963/5741 
f 5741/1963/5741 5799/2028/5799 5798/2028/5798 
f 5574/2031/5574 5798/2028/5798 5799/2028/5799 
f 5799/2028/5799 5575/2032/5575 5574/2031/5574 
f 5575/2032/5575 5799/2028/5799 5800/2580/5800 
f 5800/2580/5800 5580/2596/5580 5575/2032/5575 
f 5799/2028/5799 5741/1963/5741 5743/2523/5743 
f 5743/2523/5743 5800/2580/5800 5799/2028/5799 
f 5800/2580/5800 5743/2523/5743 5745/1963/5745 
f 5745/1963/5745 5801/2028/5801 5800/2580/5800 
f 5580/2596/5580 5800/2580/5800 5801/2028/5801 
f 5801/2028/5801 5581/2032/5581 5580/2596/5580 
f 5581/2032/5581 5801/2028/5801 5802/2580/5802 
f 5802/2580/5802 5586/2596/5586 5581/2032/5581 
f 5801/2028/5801 5745/1963/5745 5747/2523/5747 
f 5747/2523/5747 5802/2580/5802 5801/2028/5801 
f 5802/2580/5802 5747/2523/5747 4144/1887/4144 
f 4144/1887/4144 5101/2580/5101 5802/2580/5802 
f 5586/2596/5586 5802/2580/5802 5101/2580/5101 
f 5101/2580/5101 5087/2366/5087 5586/2596/5586 
f 2046/2674/2046 5587/2585/5587 5803/2585/5803 
f 5803/2585/5803 2047/2675/2047 2046/2674/2046 
f 5587/2585/5587 4216/2672/4216 4219/2673/4219 
f 4219/2673/4219 5803/2585/5803 5587/2585/5587 
f 5803/2585/5803 4219/2673/4219 4224/1957/4224 
f 4224/1957/4224 5008/2585/5008 5803/2585/5803 
f 2047/2675/2047 5803/2585/5803 5008/2585/5008 
f 5008/2585/5008 2048/1132/2048 2047/2675/2047 
f 4908/2514/4908 4997/2576/4997 5804/2678/5804 
f 5804/2678/5804 5805/2679/5805 4908/2514/4908 
f 4997/2576/4997 4669/2355/4669 5806/2680/5806 
f 5806/2680/5806 5804/2678/5804 4997/2576/4997 
f 5804/2678/5804 5806/2680/5806 5807/2681/5807 
f 5807/2681/5807 5808/2682/5808 5804/2678/5804 
f 5805/2679/5805 5804/2678/5804 5808/2682/5808 
f 5808/2682/5808 5809/2683/5809 5805/2679/5805 
f 4691/2371/4691 4688/2368/4688 5810/2684/5810 
f 5810/2684/5810 5811/2685/5811 4691/2371/4691 
f 4688/2368/4688 4687/2367/4687 5812/2686/5812 
f 5812/2686/5812 5810/2684/5810 4688/2368/4688 
f 5810/2684/5810 5812/2686/5812 5813/2687/5813 
f 5813/2687/5813 5814/2688/5814 5810/2684/5810 
f 5811/2685/5811 5810/2684/5810 5814/2688/5814 
f 5814/2688/5814 5815/2689/5815 5811/2685/5811 
f 4535/2266/4535 4812/2449/4812 5816/2690/5816 
f 5816/2690/5816 5817/2691/5817 4535/2266/4535 
f 4812/2449/4812 4811/2448/4811 5818/2692/5818 
f 5818/2692/5818 5816/2690/5816 4812/2449/4812 
f 5816/2690/5816 5818/2692/5818 5819/2693/5819 
f 5819/2693/5819 5820/2694/5820 5816/2690/5816 
f 5817/2691/5817 5816/2690/5816 5820/2694/5820 
f 5820/2694/5820 5821/2695/5821 5817/2691/5817 
f 4790/2434/4790 4894/2504/4894 5822/2696/5822 
f 5822/2696/5822 5823/2697/5823 4790/2434/4790 
f 4894/2504/4894 4893/2503/4893 5824/2698/5824 
f 5824/2698/5824 5822/2696/5822 4894/2504/4894 
f 5822/2696/5822 5824/2698/5824 5825/2699/5825 
f 5825/2699/5825 5826/2700/5826 5822/2696/5822 
f 5823/2697/5823 5822/2696/5822 5826/2700/5826 
f 5826/2700/5826 5827/2701/5827 5823/2697/5823 
f 4776/2426/4776 4966/2553/4966 5828/2702/5828 
f 5828/2702/5828 5829/2703/5829 4776/2426/4776 
f 4966/2553/4966 4794/2438/4794 5830/2704/5830 
f 5830/2704/5830 5828/2702/5828 4966/2553/4966 
f 5828/2702/5828 5830/2704/5830 5831/2705/5831 
f 5831/2705/5831 5832/2706/5832 5828/2702/5828 
f 5829/2703/5829 5828/2702/5828 5832/2706/5832 
f 5832/2706/5832 5833/2707/5833 5829/2703/5829 
f 4603/2313/4603 4777/2427/4777 5834/2708/5834 
f 5834/2708/5834 5835/2709/5835 4603/2313/4603 
f 4777/2427/4777 4776/2426/4776 5829/2703/5829 
f 5829/2703/5829 5834/2708/5834 4777/2427/4777 
f 5834/2708/5834 5829/2703/5829 5833/2707/5833 
f 5833/2707/5833 5836/2710/5836 5834/2708/5834 
f 5835/2709/5835 5834/2708/5834 5836/2710/5836 
f 5836/2710/5836 5837/2711/5837 5835/2709/5835 
f 4709/2382/4709 4936/2533/4936 5838/2712/5838 
f 5838/2712/5838 5839/2713/5839 4709/2382/4709 
f 4936/2533/4936 4648/2342/4648 5840/2714/5840 
f 5840/2714/5840 5838/2712/5838 4936/2533/4936 
f 5838/2712/5838 5840/2714/5840 5841/2715/5841 
f 5841/2715/5841 5842/2716/5842 5838/2712/5838 
f 5839/2713/5839 5838/2712/5838 5842/2716/5842 
f 5842/2716/5842 5843/2717/5843 5839/2713/5839 
f 4744/2408/4744 4741/2405/4741 5844/2718/5844 
f 5844/2718/5844 5845/2719/5845 4744/2408/4744 
f 4741/2405/4741 4740/2404/4740 5846/2720/5846 
f 5846/2720/5846 5844/2718/5844 4741/2405/4741 
f 5844/2718/5844 5846/2720/5846 5847/2721/5847 
f 5847/2721/5847 5848/2722/5848 5844/2718/5844 
f 5845/2719/5845 5844/2718/5844 5848/2722/5848 
f 5848/2722/5848 5849/2723/5849 5845/2719/5845 
f 4893/2503/4893 4974/2560/4974 5850/2724/5850 
f 5850/2724/5850 5824/2698/5824 4893/2503/4893 
f 4974/2560/4974 4539/2270/4539 5851/2725/5851 
f 5851/2725/5851 5850/2724/5850 4974/2560/4974 
f 5850/2724/5850 5851/2725/5851 5852/2726/5852 
f 5852/2726/5852 5853/2727/5853 5850/2724/5850 
f 5824/2698/5824 5850/2724/5850 5853/2727/5853 
f 5853/2727/5853 5825/2699/5825 5824/2698/5824 
f 4687/2367/4687 4866/2487/4866 5854/2728/5854 
f 5854/2728/5854 5812/2686/5812 4687/2367/4687 
f 4866/2487/4866 4499/2235/4499 4502/2238/4502 
f 4502/2238/4502 5854/2728/5854 4866/2487/4866 
f 5854/2728/5854 4502/2238/4502 4506/2242/4506 
f 4506/2242/4506 5855/2729/5855 5854/2728/5854 
f 5812/2686/5812 5854/2728/5854 5855/2729/5855 
f 5855/2729/5855 5813/2687/5813 5812/2686/5812 
f 4539/2270/4539 4536/2267/4536 5856/2730/5856 
f 5856/2730/5856 5851/2725/5851 4539/2270/4539 
f 4536/2267/4536 4535/2266/4535 5817/2691/5817 
f 5817/2691/5817 5856/2730/5856 4536/2267/4536 
f 5856/2730/5856 5817/2691/5817 5821/2695/5821 
f 5821/2695/5821 5857/2731/5857 5856/2730/5856 
f 5851/2725/5851 5856/2730/5856 5857/2731/5857 
f 5857/2731/5857 5852/2726/5852 5851/2725/5851 
f 4583/2299/4583 4580/2296/4580 5858/2732/5858 
f 5858/2732/5858 5859/2733/5859 4583/2299/4583 
f 4580/2296/4580 4579/2295/4579 5860/2734/5860 
f 5860/2734/5860 5858/2732/5858 4580/2296/4580 
f 5858/2732/5858 5860/2734/5860 5861/2735/5861 
f 5861/2735/5861 5862/2736/5862 5858/2732/5858 
f 5859/2733/5859 5858/2732/5858 5862/2736/5862 
f 5862/2736/5862 5863/2737/5863 5859/2733/5859 
f 4724/2392/4724 4943/2537/4943 5864/2738/5864 
f 5864/2738/5864 5865/2739/5865 4724/2392/4724 
f 4943/2537/4943 4744/2408/4744 5845/2719/5845 
f 5845/2719/5845 5864/2738/5864 4943/2537/4943 
f 5864/2738/5864 5845/2719/5845 5849/2723/5849 
f 5849/2723/5849 5866/2740/5866 5864/2738/5864 
f 5865/2739/5865 5864/2738/5864 5866/2740/5866 
f 5866/2740/5866 5867/2741/5867 5865/2739/5865 
f 4558/2282/4558 4828/2461/4828 5868/2742/5868 
f 5868/2742/5868 5869/2743/5869 4558/2282/4558 
f 4828/2461/4828 4827/2460/4827 5870/2744/5870 
f 5870/2744/5870 5868/2742/5868 4828/2461/4828 
f 5868/2742/5868 5870/2744/5870 5871/2745/5871 
f 5871/2745/5871 5872/2746/5872 5868/2742/5868 
f 5869/2743/5869 5868/2742/5868 5872/2746/5872 
f 5872/2746/5872 5873/2747/5873 5869/2743/5869 
f 4503/2239/4503 4625/2326/4625 5874/2748/5874 
f 5874/2748/5874 4504/2240/4504 4503/2239/4503 
f 4625/2326/4625 4624/2325/4624 5875/2749/5875 
f 5875/2749/5875 5874/2748/5874 4625/2326/4625 
f 5874/2748/5874 5875/2749/5875 4196/1933/4196 
f 4196/1933/4196 4193/1930/4193 5874/2748/5874 
f 4504/2240/4504 5874/2748/5874 4193/1930/4193 
f 4193/1930/4193 4192/1929/4192 4504/2240/4504 
f 4843/2470/4843 4909/2515/4909 5876/2750/5876 
f 5876/2750/5876 5877/2751/5877 4843/2470/4843 
f 4909/2515/4909 4908/2514/4908 5805/2679/5805 
f 5805/2679/5805 5876/2750/5876 4909/2515/4909 
f 5876/2750/5876 5805/2679/5805 5809/2683/5809 
f 5809/2683/5809 5878/2752/5878 5876/2750/5876 
f 5877/2751/5877 5876/2750/5876 5878/2752/5878 
f 5878/2752/5878 5879/2753/5879 5877/2751/5877 
f 4669/2355/4669 4666/2352/4666 5880/2754/5880 
f 5880/2754/5880 5806/2680/5806 4669/2355/4669 
f 4666/2352/4666 4665/2351/4665 5881/2755/5881 
f 5881/2755/5881 5880/2754/5880 4666/2352/4666 
f 5880/2754/5880 5881/2755/5881 5882/2756/5882 
f 5882/2756/5882 5883/2757/5883 5880/2754/5880 
f 5806/2680/5806 5880/2754/5880 5883/2757/5883 
f 5883/2757/5883 5807/2681/5807 5806/2680/5806 
f 4624/2325/4624 4710/2383/4710 5884/2758/5884 
f 5884/2758/5884 5875/2749/5875 4624/2325/4624 
f 4710/2383/4710 4709/2382/4709 5839/2713/5839 
f 5839/2713/5839 5884/2758/5884 4710/2383/4710 
f 5884/2758/5884 5839/2713/5839 5843/2717/5843 
f 5843/2717/5843 5885/2759/5885 5884/2758/5884 
f 5875/2749/5875 5884/2758/5884 5885/2759/5885 
f 5885/2759/5885 4196/1933/4196 5875/2749/5875 
f 4811/2448/4811 4981/2565/4981 5886/2760/5886 
f 5886/2760/5886 5818/2692/5818 4811/2448/4811 
f 4981/2565/4981 4562/2286/4562 5887/2761/5887 
f 5887/2761/5887 5886/2760/5886 4981/2565/4981 
f 5886/2760/5886 5887/2761/5887 5888/2762/5888 
f 5888/2762/5888 5889/2763/5889 5886/2760/5886 
f 5818/2692/5818 5886/2760/5886 5889/2763/5889 
f 5889/2763/5889 5819/2693/5819 5818/2692/5818 
f 4794/2438/4794 4791/2435/4791 5890/2764/5890 
f 5890/2764/5890 5830/2704/5830 4794/2438/4794 
f 4791/2435/4791 4790/2434/4790 5823/2697/5823 
f 5823/2697/5823 5890/2764/5890 4791/2435/4791 
f 5890/2764/5890 5823/2697/5823 5827/2701/5827 
f 5827/2701/5827 5891/2765/5891 5890/2764/5890 
f 5830/2704/5830 5890/2764/5890 5891/2765/5891 
f 5891/2765/5891 5831/2705/5831 5830/2704/5830 
f 4879/2494/4879 4951/2543/4951 5892/2766/5892 
f 5892/2766/5892 5893/2767/5893 4879/2494/4879 
f 4951/2543/4951 4583/2299/4583 5859/2733/5859 
f 5859/2733/5859 5892/2766/5892 4951/2543/4951 
f 5892/2766/5892 5859/2733/5859 5863/2737/5863 
f 5863/2737/5863 5894/2768/5894 5892/2766/5892 
f 5893/2767/5893 5892/2766/5892 5894/2768/5894 
f 5894/2768/5894 5895/2769/5895 5893/2767/5893 
f 4740/2404/4740 4880/2495/4880 5896/2770/5896 
f 5896/2770/5896 5846/2720/5846 4740/2404/4740 
f 4880/2495/4880 4879/2494/4879 5893/2767/5893 
f 5893/2767/5893 5896/2770/5896 4880/2495/4880 
f 5896/2770/5896 5893/2767/5893 5895/2769/5895 
f 5895/2769/5895 5897/2771/5897 5896/2770/5896 
f 5846/2720/5846 5896/2770/5896 5897/2771/5897 
f 5897/2771/5897 5847/2721/5847 5846/2720/5846 
f 4665/2351/4665 4922/2524/4922 5898/2772/5898 
f 5898/2772/5898 5881/2755/5881 4665/2351/4665 
f 4922/2524/4922 4691/2371/4691 5811/2685/5811 
f 5811/2685/5811 5898/2772/5898 4922/2524/4922 
f 5898/2772/5898 5811/2685/5811 5815/2689/5815 
f 5815/2689/5815 5899/2773/5899 5898/2772/5898 
f 5881/2755/5881 5898/2772/5898 5899/2773/5899 
f 5899/2773/5899 5882/2756/5882 5881/2755/5881 
f 4827/2460/4827 4989/2571/4989 5900/2774/5900 
f 5900/2774/5900 5870/2744/5870 4827/2460/4827 
f 4989/2571/4989 4847/2474/4847 5901/2775/5901 
f 5901/2775/5901 5900/2774/5900 4989/2571/4989 
f 5900/2774/5900 5901/2775/5901 5902/2776/5902 
f 5902/2776/5902 5903/2777/5903 5900/2774/5900 
f 5870/2744/5870 5900/2774/5900 5903/2777/5903 
f 5903/2777/5903 5871/2745/5871 5870/2744/5870 
f 4579/2295/4579 4762/2417/4762 5904/2778/5904 
f 5904/2778/5904 5860/2734/5860 4579/2295/4579 
f 4762/2417/4762 4761/2416/4761 5905/2779/5905 
f 5905/2779/5905 5904/2778/5904 4762/2417/4762 
f 5904/2778/5904 5905/2779/5905 5906/2780/5906 
f 5906/2780/5906 5907/2781/5907 5904/2778/5904 
f 5860/2734/5860 5904/2778/5904 5907/2781/5907 
f 5907/2781/5907 5861/2735/5861 5860/2734/5860 
f 4847/2474/4847 4844/2471/4844 5908/2782/5908 
f 5908/2782/5908 5901/2775/5901 4847/2474/4847 
f 4844/2471/4844 4843/2470/4843 5877/2751/5877 
f 5877/2751/5877 5908/2782/5908 4844/2471/4844 
f 5908/2782/5908 5877/2751/5877 5879/2753/5879 
f 5879/2753/5879 5909/2783/5909 5908/2782/5908 
f 5901/2775/5901 5908/2782/5908 5909/2783/5909 
f 5909/2783/5909 5902/2776/5902 5901/2775/5901 
f 4761/2416/4761 4959/2549/4959 5910/2784/5910 
f 5910/2784/5910 5905/2779/5905 4761/2416/4761 
f 4959/2549/4959 4607/2317/4607 5911/2785/5911 
f 5911/2785/5911 5910/2784/5910 4959/2549/4959 
f 5910/2784/5910 5911/2785/5911 5912/2786/5912 
f 5912/2786/5912 5913/2787/5913 5910/2784/5910 
f 5905/2779/5905 5910/2784/5910 5913/2787/5913 
f 5913/2787/5913 5906/2780/5906 5905/2779/5905 
f 4562/2286/4562 4559/2283/4559 5914/2788/5914 
f 5914/2788/5914 5887/2761/5887 4562/2286/4562 
f 4559/2283/4559 4558/2282/4558 5869/2743/5869 
f 5869/2743/5869 5914/2788/5914 4559/2283/4559 
f 5914/2788/5914 5869/2743/5869 5873/2747/5873 
f 5873/2747/5873 5915/2789/5915 5914/2788/5914 
f 5887/2761/5887 5914/2788/5914 5915/2789/5915 
f 5915/2789/5915 5888/2762/5888 5887/2761/5887 
f 4644/2338/4644 4725/2393/4725 5916/2790/5916 
f 5916/2790/5916 5917/2791/5917 4644/2338/4644 
f 4725/2393/4725 4724/2392/4724 5865/2739/5865 
f 5865/2739/5865 5916/2790/5916 4725/2393/4725 
f 5916/2790/5916 5865/2739/5865 5867/2741/5867 
f 5867/2741/5867 5918/2792/5918 5916/2790/5916 
f 5917/2791/5917 5916/2790/5916 5918/2792/5918 
f 5918/2792/5918 5919/2793/5919 5917/2791/5917 
f 4607/2317/4607 4604/2314/4604 5920/2794/5920 
f 5920/2794/5920 5911/2785/5911 4607/2317/4607 
f 4604/2314/4604 4603/2313/4603 5835/2709/5835 
f 5835/2709/5835 5920/2794/5920 4604/2314/4604 
f 5920/2794/5920 5835/2709/5835 5837/2711/5837 
f 5837/2711/5837 5921/2795/5921 5920/2794/5920 
f 5911/2785/5911 5920/2794/5920 5921/2795/5921 
f 5921/2795/5921 5912/2786/5912 5911/2785/5911 
f 4648/2342/4648 4645/2339/4645 5922/2796/5922 
f 5922/2796/5922 5840/2714/5840 4648/2342/4648 
f 4645/2339/4645 4644/2338/4644 5917/2791/5917 
f 5917/2791/5917 5922/2796/5922 4645/2339/4645 
f 5922/2796/5922 5917/2791/5917 5919/2793/5919 
f 5919/2793/5919 5923/2797/5923 5922/2796/5922 
f 5840/2714/5840 5922/2796/5922 5923/2797/5923 
f 5923/2797/5923 5841/2715/5841 5840/2714/5840 
f 5924/2798/5924 5925/2799/5925 5926/2800/5926 
f 5926/2800/5926 5927/2801/5927 5924/2798/5924 
f 5928/2802/5928 5929/2803/5929 5926/2800/5926 
f 5926/2800/5926 5925/2799/5925 5928/2802/5928 
f 5930/2804/5930 5931/2805/5931 5926/2800/5926 
f 5926/2800/5926 5929/2803/5929 5930/2804/5930 
f 4200/1937/4200 4199/1936/4199 5926/2800/5926 
f 5926/2800/5926 5931/2805/5931 4200/1937/4200 
f 4198/1935/4198 5932/2806/5932 5926/2800/5926 
f 5926/2800/5926 4199/1936/4199 4198/1935/4198 
f 5933/2807/5933 5934/2808/5934 5926/2800/5926 
f 5926/2800/5926 5932/2806/5932 5933/2807/5933 
f 5935/2809/5935 5936/2810/5936 5926/2800/5926 
f 5926/2800/5926 5934/2808/5934 5935/2809/5935 
f 5937/2811/5937 5938/2812/5938 5926/2800/5926 
f 5926/2800/5926 5936/2810/5936 5937/2811/5937 
f 5939/2813/5939 5940/2814/5940 5926/2800/5926 
f 5926/2800/5926 5938/2812/5938 5939/2813/5939 
f 5941/2815/5941 5942/2816/5942 5926/2800/5926 
f 5926/2800/5926 5940/2814/5940 5941/2815/5941 
f 5943/2817/5943 5944/2818/5944 5926/2800/5926 
f 5926/2800/5926 5942/2816/5942 5943/2817/5943 
f 5945/2819/5945 5946/2820/5946 5926/2800/5926 
f 5926/2800/5926 5944/2818/5944 5945/2819/5945 
f 5947/2821/5947 5948/2822/5948 5926/2800/5926 
f 5926/2800/5926 5946/2820/5946 5947/2821/5947 
f 5949/2823/5949 5950/2824/5950 5926/2800/5926 
f 5926/2800/5926 5948/2822/5948 5949/2823/5949 
f 5951/2825/5951 5952/2826/5952 5926/2800/5926 
f 5926/2800/5926 5950/2824/5950 5951/2825/5951 
f 5953/2827/5953 5954/2828/5954 5926/2800/5926 
f 5926/2800/5926 5952/2826/5952 5953/2827/5953 
f 5955/2829/5955 5956/2830/5956 5926/2800/5926 
f 5926/2800/5926 5954/2828/5954 5955/2829/5955 
f 5957/2831/5957 5958/2832/5958 5926/2800/5926 
f 5926/2800/5926 5956/2830/5956 5957/2831/5957 
f 5959/2833/5959 5960/2834/5960 5926/2800/5926 
f 5926/2800/5926 5958/2832/5958 5959/2833/5959 
f 5961/2835/5961 5962/2836/5962 5926/2800/5926 
f 5926/2800/5926 5960/2834/5960 5961/2835/5961 
f 5963/2837/5963 5964/2838/5964 5926/2800/5926 
f 5926/2800/5926 5962/2836/5962 5963/2837/5963 
f 5965/2839/5965 5966/2840/5966 5926/2800/5926 
f 5926/2800/5926 5964/2838/5964 5965/2839/5965 
f 5967/2841/5967 5968/2842/5968 5926/2800/5926 
f 5926/2800/5926 5966/2840/5966 5967/2841/5967 
f 5969/2843/5969 5970/2844/5970 5926/2800/5926 
f 5926/2800/5926 5968/2842/5968 5969/2843/5969 
f 5971/2845/5971 5972/2846/5972 5926/2800/5926 
f 5926/2800/5926 5970/2844/5970 5971/2845/5971 
f 5973/2847/5973 5974/2848/5974 5926/2800/5926 
f 5926/2800/5926 5972/2846/5972 5973/2847/5973 
f 5975/2849/5975 5976/2850/5976 5926/2800/5926 
f 5926/2800/5926 5974/2848/5974 5975/2849/5975 
f 5977/2851/5977 5978/2852/5978 5926/2800/5926 
f 5926/2800/5926 5976/2850/5976 5977/2851/5977 
f 5979/2853/5979 5980/2854/5980 5926/2800/5926 
f 5926/2800/5926 5978/2852/5978 5979/2853/5979 
f 5981/2855/5981 5982/2856/5982 5926/2800/5926 
f 5926/2800/5926 5980/2854/5980 5981/2855/5981 
f 5983/2857/5983 5984/2858/5984 5926/2800/5926 
f 5926/2800/5926 5982/2856/5982 5983/2857/5983 
f 5985/2859/5985 5927/2801/5927 5926/2800/5926 
f 5926/2800/5926 5984/2858/5984 5985/2859/5985 
f 5827/2701/5827 5826/2700/5826 5986/2860/5986 
f 5986/2860/5986 5987/2861/5987 5827/2701/5827 
f 5826/2700/5826 5825/2699/5825 5988/2862/5988 
f 5988/2862/5988 5986/2860/5986 5826/2700/5826 
f 5986/2860/5986 5988/2862/5988 5963/2837/5963 
f 5963/2837/5963 5962/2836/5962 5986/2860/5986 
f 5987/2861/5987 5986/2860/5986 5962/2836/5962 
f 5962/2836/5962 5961/2835/5961 5987/2861/5987 
f 4506/2242/4506 4505/2241/4505 5989/2863/5989 
f 5989/2863/5989 5990/2864/5990 4506/2242/4506 
f 4505/2241/4505 4192/1929/4192 4195/1932/4195 
f 4195/1932/4195 5989/2863/5989 4505/2241/4505 
f 5989/2863/5989 4195/1932/4195 4200/1937/4200 
f 4200/1937/4200 5931/2805/5931 5989/2863/5989 
f 5990/2864/5990 5989/2863/5989 5931/2805/5931 
f 5931/2805/5931 5930/2804/5930 5990/2864/5990 
f 5819/2693/5819 5889/2763/5889 5991/2865/5991 
f 5991/2865/5991 5992/2866/5992 5819/2693/5819 
f 5889/2763/5889 5888/2762/5888 5993/2867/5993 
f 5993/2867/5993 5991/2865/5991 5889/2763/5889 
f 5991/2865/5991 5993/2867/5993 5971/2845/5971 
f 5971/2845/5971 5970/2844/5970 5991/2865/5991 
f 5992/2866/5992 5991/2865/5991 5970/2844/5970 
f 5970/2844/5970 5969/2843/5969 5992/2866/5992 
f 5837/2711/5837 5836/2710/5836 5994/2868/5994 
f 5994/2868/5994 5995/2869/5995 5837/2711/5837 
f 5836/2710/5836 5833/2707/5833 5996/2870/5996 
f 5996/2870/5996 5994/2868/5994 5836/2710/5836 
f 5994/2868/5994 5996/2870/5996 5957/2831/5957 
f 5957/2831/5957 5956/2830/5956 5994/2868/5994 
f 5995/2869/5995 5994/2868/5994 5956/2830/5956 
f 5956/2830/5956 5955/2829/5955 5995/2869/5995 
f 5849/2723/5849 5848/2722/5848 5997/2871/5997 
f 5997/2871/5997 5998/2872/5998 5849/2723/5849 
f 5848/2722/5848 5847/2721/5847 5999/2873/5999 
f 5999/2873/5999 5997/2871/5997 5848/2722/5848 
f 5997/2871/5997 5999/2873/5999 5943/2817/5943 
f 5943/2817/5943 5942/2816/5942 5997/2871/5997 
f 5998/2872/5998 5997/2871/5997 5942/2816/5942 
f 5942/2816/5942 5941/2815/5941 5998/2872/5998 
f 5825/2699/5825 5853/2727/5853 6000/2874/6000 
f 6000/2874/6000 5988/2862/5988 5825/2699/5825 
f 5853/2727/5853 5852/2726/5852 6001/2875/6001 
f 6001/2875/6001 6000/2874/6000 5853/2727/5853 
f 6000/2874/6000 6001/2875/6001 5965/2839/5965 
f 5965/2839/5965 5964/2838/5964 6000/2874/6000 
f 5988/2862/5988 6000/2874/6000 5964/2838/5964 
f 5964/2838/5964 5963/2837/5963 5988/2862/5988 
f 5906/2780/5906 5913/2787/5913 6002/2876/6002 
f 6002/2876/6002 6003/2877/6003 5906/2780/5906 
f 5913/2787/5913 5912/2786/5912 6004/2878/6004 
f 6004/2878/6004 6002/2876/6002 5913/2787/5913 
f 6002/2876/6002 6004/2878/6004 5953/2827/5953 
f 5953/2827/5953 5952/2826/5952 6002/2876/6002 
f 6003/2877/6003 6002/2876/6002 5952/2826/5952 
f 5952/2826/5952 5951/2825/5951 6003/2877/6003 
f 5882/2756/5882 5899/2773/5899 6005/2879/6005 
f 6005/2879/6005 6006/2880/6006 5882/2756/5882 
f 5899/2773/5899 5815/2689/5815 6007/2881/6007 
f 6007/2881/6007 6005/2879/6005 5899/2773/5899 
f 6005/2879/6005 6007/2881/6007 5924/2798/5924 
f 5924/2798/5924 5927/2801/5927 6005/2879/6005 
f 6006/2880/6006 6005/2879/6005 5927/2801/5927 
f 5927/2801/5927 5985/2859/5985 6006/2880/6006 
f 5813/2687/5813 5855/2729/5855 6008/2882/6008 
f 6008/2882/6008 6009/2883/6009 5813/2687/5813 
f 5855/2729/5855 4506/2242/4506 5990/2864/5990 
f 5990/2864/5990 6008/2882/6008 5855/2729/5855 
f 6008/2882/6008 5990/2864/5990 5930/2804/5930 
f 5930/2804/5930 5929/2803/5929 6008/2882/6008 
f 6009/2883/6009 6008/2882/6008 5929/2803/5929 
f 5929/2803/5929 5928/2802/5928 6009/2883/6009 
f 5821/2695/5821 5820/2694/5820 6010/2884/6010 
f 6010/2884/6010 6011/2885/6011 5821/2695/5821 
f 5820/2694/5820 5819/2693/5819 5992/2866/5992 
f 5992/2866/5992 6010/2884/6010 5820/2694/5820 
f 6010/2884/6010 5992/2866/5992 5969/2843/5969 
f 5969/2843/5969 5968/2842/5968 6010/2884/6010 
f 6011/2885/6011 6010/2884/6010 5968/2842/5968 
f 5968/2842/5968 5967/2841/5967 6011/2885/6011 
f 5888/2762/5888 5915/2789/5915 6012/2886/6012 
f 6012/2886/6012 5993/2867/5993 5888/2762/5888 
f 5915/2789/5915 5873/2747/5873 6013/2887/6013 
f 6013/2887/6013 6012/2886/6012 5915/2789/5915 
f 6012/2886/6012 6013/2887/6013 5973/2847/5973 
f 5973/2847/5973 5972/2846/5972 6012/2886/6012 
f 5993/2867/5993 6012/2886/6012 5972/2846/5972 
f 5972/2846/5972 5971/2845/5971 5993/2867/5993 
f 5863/2737/5863 5862/2736/5862 6014/2888/6014 
f 6014/2888/6014 6015/2889/6015 5863/2737/5863 
f 5862/2736/5862 5861/2735/5861 6016/2890/6016 
f 6016/2890/6016 6014/2888/6014 5862/2736/5862 
f 6014/2888/6014 6016/2890/6016 5949/2823/5949 
f 5949/2823/5949 5948/2822/5948 6014/2888/6014 
f 6015/2889/6015 6014/2888/6014 5948/2822/5948 
f 5948/2822/5948 5947/2821/5947 6015/2889/6015 
f 5833/2707/5833 5832/2706/5832 6017/2891/6017 
f 6017/2891/6017 5996/2870/5996 5833/2707/5833 
f 5832/2706/5832 5831/2705/5831 6018/2892/6018 
f 6018/2892/6018 6017/2891/6017 5832/2706/5832 
f 6017/2891/6017 6018/2892/6018 5959/2833/5959 
f 5959/2833/5959 5958/2832/5958 6017/2891/6017 
f 5996/2870/5996 6017/2891/6017 5958/2832/5958 
f 5958/2832/5958 5957/2831/5957 5996/2870/5996 
f 5861/2735/5861 5907/2781/5907 6019/2893/6019 
f 6019/2893/6019 6016/2890/6016 5861/2735/5861 
f 5907/2781/5907 5906/2780/5906 6003/2877/6003 
f 6003/2877/6003 6019/2893/6019 5907/2781/5907 
f 6019/2893/6019 6003/2877/6003 5951/2825/5951 
f 5951/2825/5951 5950/2824/5950 6019/2893/6019 
f 6016/2890/6016 6019/2893/6019 5950/2824/5950 
f 5950/2824/5950 5949/2823/5949 6016/2890/6016 
f 5831/2705/5831 5891/2765/5891 6020/2894/6020 
f 6020/2894/6020 6018/2892/6018 5831/2705/5831 
f 5891/2765/5891 5827/2701/5827 5987/2861/5987 
f 5987/2861/5987 6020/2894/6020 5891/2765/5891 
f 6020/2894/6020 5987/2861/5987 5961/2835/5961 
f 5961/2835/5961 5960/2834/5960 6020/2894/6020 
f 6018/2892/6018 6020/2894/6020 5960/2834/5960 
f 5960/2834/5960 5959/2833/5959 6018/2892/6018 
f 5841/2715/5841 5923/2797/5923 6021/2895/6021 
f 6021/2895/6021 6022/2896/6022 5841/2715/5841 
f 5923/2797/5923 5919/2793/5919 6023/2897/6023 
f 6023/2897/6023 6021/2895/6021 5923/2797/5923 
f 6021/2895/6021 6023/2897/6023 5937/2811/5937 
f 5937/2811/5937 5936/2810/5936 6021/2895/6021 
f 6022/2896/6022 6021/2895/6021 5936/2810/5936 
f 5936/2810/5936 5935/2809/5935 6022/2896/6022 
f 5847/2721/5847 5897/2771/5897 6024/2898/6024 
f 6024/2898/6024 5999/2873/5999 5847/2721/5847 
f 5897/2771/5897 5895/2769/5895 6025/2899/6025 
f 6025/2899/6025 6024/2898/6024 5897/2771/5897 
f 6024/2898/6024 6025/2899/6025 5945/2819/5945 
f 5945/2819/5945 5944/2818/5944 6024/2898/6024 
f 5999/2873/5999 6024/2898/6024 5944/2818/5944 
f 5944/2818/5944 5943/2817/5943 5999/2873/5999 
f 5919/2793/5919 5918/2792/5918 6026/2900/6026 
f 6026/2900/6026 6023/2897/6023 5919/2793/5919 
f 5918/2792/5918 5867/2741/5867 6027/2901/6027 
f 6027/2901/6027 6026/2900/6026 5918/2792/5918 
f 6026/2900/6026 6027/2901/6027 5939/2813/5939 
f 5939/2813/5939 5938/2812/5938 6026/2900/6026 
f 6023/2897/6023 6026/2900/6026 5938/2812/5938 
f 5938/2812/5938 5937/2811/5937 6023/2897/6023 
f 5807/2681/5807 5883/2757/5883 6028/2902/6028 
f 6028/2902/6028 6029/2903/6029 5807/2681/5807 
f 5883/2757/5883 5882/2756/5882 6006/2880/6006 
f 6006/2880/6006 6028/2902/6028 5883/2757/5883 
f 6028/2902/6028 6006/2880/6006 5985/2859/5985 
f 5985/2859/5985 5984/2858/5984 6028/2902/6028 
f 6029/2903/6029 6028/2902/6028 5984/2858/5984 
f 5984/2858/5984 5983/2857/5983 6029/2903/6029 
f 4196/1933/4196 5885/2759/5885 6030/2904/6030 
f 6030/2904/6030 4197/1934/4197 4196/1933/4196 
f 5885/2759/5885 5843/2717/5843 6031/2905/6031 
f 6031/2905/6031 6030/2904/6030 5885/2759/5885 
f 6030/2904/6030 6031/2905/6031 5933/2807/5933 
f 5933/2807/5933 5932/2806/5932 6030/2904/6030 
f 4197/1934/4197 6030/2904/6030 5932/2806/5932 
f 5932/2806/5932 4198/1935/4198 4197/1934/4197 
f 5871/2745/5871 5903/2777/5903 6032/2906/6032 
f 6032/2906/6032 6033/2907/6033 5871/2745/5871 
f 5903/2777/5903 5902/2776/5902 6034/2908/6034 
f 6034/2908/6034 6032/2906/6032 5903/2777/5903 
f 6032/2906/6032 6034/2908/6034 5977/2851/5977 
f 5977/2851/5977 5976/2850/5976 6032/2906/6032 
f 6033/2907/6033 6032/2906/6032 5976/2850/5976 
f 5976/2850/5976 5975/2849/5975 6033/2907/6033 
f 5852/2726/5852 5857/2731/5857 6035/2909/6035 
f 6035/2909/6035 6001/2875/6001 5852/2726/5852 
f 5857/2731/5857 5821/2695/5821 6011/2885/6011 
f 6011/2885/6011 6035/2909/6035 5857/2731/5857 
f 6035/2909/6035 6011/2885/6011 5967/2841/5967 
f 5967/2841/5967 5966/2840/5966 6035/2909/6035 
f 6001/2875/6001 6035/2909/6035 5966/2840/5966 
f 5966/2840/5966 5965/2839/5965 6001/2875/6001 
f 5873/2747/5873 5872/2746/5872 6036/2910/6036 
f 6036/2910/6036 6013/2887/6013 5873/2747/5873 
f 5872/2746/5872 5871/2745/5871 6033/2907/6033 
f 6033/2907/6033 6036/2910/6036 5872/2746/5872 
f 6036/2910/6036 6033/2907/6033 5975/2849/5975 
f 5975/2849/5975 5974/2848/5974 6036/2910/6036 
f 6013/2887/6013 6036/2910/6036 5974/2848/5974 
f 5974/2848/5974 5973/2847/5973 6013/2887/6013 
f 5895/2769/5895 5894/2768/5894 6037/2911/6037 
f 6037/2911/6037 6025/2899/6025 5895/2769/5895 
f 5894/2768/5894 5863/2737/5863 6015/2889/6015 
f 6015/2889/6015 6037/2911/6037 5894/2768/5894 
f 6037/2911/6037 6015/2889/6015 5947/2821/5947 
f 5947/2821/5947 5946/2820/5946 6037/2911/6037 
f 6025/2899/6025 6037/2911/6037 5946/2820/5946 
f 5946/2820/5946 5945/2819/5945 6025/2899/6025 
f 5809/2683/5809 5808/2682/5808 6038/2912/6038 
f 6038/2912/6038 6039/2913/6039 5809/2683/5809 
f 5808/2682/5808 5807/2681/5807 6029/2903/6029 
f 6029/2903/6029 6038/2912/6038 5808/2682/5808 
f 6038/2912/6038 6029/2903/6029 5983/2857/5983 
f 5983/2857/5983 5982/2856/5982 6038/2912/6038 
f 6039/2913/6039 6038/2912/6038 5982/2856/5982 
f 5982/2856/5982 5981/2855/5981 6039/2913/6039 
f 5912/2786/5912 5921/2795/5921 6040/2914/6040 
f 6040/2914/6040 6004/2878/6004 5912/2786/5912 
f 5921/2795/5921 5837/2711/5837 5995/2869/5995 
f 5995/2869/5995 6040/2914/6040 5921/2795/5921 
f 6040/2914/6040 5995/2869/5995 5955/2829/5955 
f 5955/2829/5955 5954/2828/5954 6040/2914/6040 
f 6004/2878/6004 6040/2914/6040 5954/2828/5954 
f 5954/2828/5954 5953/2827/5953 6004/2878/6004 
f 5902/2776/5902 5909/2783/5909 6041/2915/6041 
f 6041/2915/6041 6034/2908/6034 5902/2776/5902 
f 5909/2783/5909 5879/2753/5879 6042/2916/6042 
f 6042/2916/6042 6041/2915/6041 5909/2783/5909 
f 6041/2915/6041 6042/2916/6042 5979/2853/5979 
f 5979/2853/5979 5978/2852/5978 6041/2915/6041 
f 6034/2908/6034 6041/2915/6041 5978/2852/5978 
f 5978/2852/5978 5977/2851/5977 6034/2908/6034 
f 5879/2753/5879 5878/2752/5878 6043/2917/6043 
f 6043/2917/6043 6042/2916/6042 5879/2753/5879 
f 5878/2752/5878 5809/2683/5809 6039/2913/6039 
f 6039/2913/6039 6043/2917/6043 5878/2752/5878 
f 6043/2917/6043 6039/2913/6039 5981/2855/5981 
f 5981/2855/5981 5980/2854/5980 6043/2917/6043 
f 6042/2916/6042 6043/2917/6043 5980/2854/5980 
f 5980/2854/5980 5979/2853/5979 6042/2916/6042 
f 5867/2741/5867 5866/2740/5866 6044/2918/6044 
f 6044/2918/6044 6027/2901/6027 5867/2741/5867 
f 5866/2740/5866 5849/2723/5849 5998/2872/5998 
f 5998/2872/5998 6044/2918/6044 5866/2740/5866 
f 6044/2918/6044 5998/2872/5998 5941/2815/5941 
f 5941/2815/5941 5940/2814/5940 6044/2918/6044 
f 6027/2901/6027 6044/2918/6044 5940/2814/5940 
f 5940/2814/5940 5939/2813/5939 6027/2901/6027 
f 5843/2717/5843 5842/2716/5842 6045/2919/6045 
f 6045/2919/6045 6031/2905/6031 5843/2717/5843 
f 5842/2716/5842 5841/2715/5841 6022/2896/6022 
f 6022/2896/6022 6045/2919/6045 5842/2716/5842 
f 6045/2919/6045 6022/2896/6022 5935/2809/5935 
f 5935/2809/5935 5934/2808/5934 6045/2919/6045 
f 6031/2905/6031 6045/2919/6045 5934/2808/5934 
f 5934/2808/5934 5933/2807/5933 6031/2905/6031 
f 5815/2689/5815 5814/2688/5814 6046/2920/6046 
f 6046/2920/6046 6007/2881/6007 5815/2689/5815 
f 5814/2688/5814 5813/2687/5813 6009/2883/6009 
f 6009/2883/6009 6046/2920/6046 5814/2688/5814 
f 6046/2920/6046 6009/2883/6009 5928/2802/5928 
f 5928/2802/5928 5925/2799/5925 6046/2920/6046 
f 6007/2881/6007 6046/2920/6046 5925/2799/5925 
f 5925/2799/5925 5924/2798/5924 6007/2881/6007 
f 1427/941/1427 1426/959/1426 6047/959/6047 
f 6047/959/6047 6048/941/6048 1427/941/1427 
f 1426/959/1426 1397/911/1397 6049/911/6049 
f 6049/911/6049 6047/959/6047 1426/959/1426 
f 6047/959/6047 6049/911/6049 1319/911/1319 
f 1319/911/1319 1318/959/1318 6047/959/6047 
f 6048/941/6048 6047/959/6047 1318/959/1318 
f 1318/959/1318 1307/941/1307 6048/941/6048 
f 1447/954/1447 1446/957/1446 6050/957/6050 
f 6050/957/6050 6051/954/6051 1447/954/1447 
f 1446/957/1446 1445/454/1445 6052/454/6052 
f 6052/454/6052 6050/957/6050 1446/957/1446 
f 6050/957/6050 6052/454/6052 6053/454/6053 
f 6053/454/6053 6054/957/6054 6050/957/6050 
f 6051/954/6051 6050/957/6050 6054/957/6054 
f 6054/957/6054 6055/954/6055 6051/954/6051 
f 1463/946/1463 1462/955/1462 6056/955/6056 
f 6056/955/6056 6057/946/6057 1463/946/1463 
f 1462/955/1462 1447/954/1447 6051/954/6051 
f 6051/954/6051 6056/955/6056 1462/955/1462 
f 6056/955/6056 6051/954/6051 6055/954/6055 
f 6055/954/6055 6058/955/6058 6056/955/6056 
f 6057/946/6057 6056/955/6056 6058/955/6058 
f 6058/955/6058 6059/946/6059 6057/946/6057 
f 1478/829/1478 1477/951/1477 6060/951/6060 
f 6060/951/6060 6061/829/6061 1478/829/1478 
f 1477/951/1477 1457/897/1457 6062/897/6062 
f 6062/897/6062 6060/951/6060 1477/951/1477 
f 6060/951/6060 6062/897/6062 1367/897/1367 
f 1367/897/1367 1366/951/1366 6060/951/6060 
f 6061/829/6061 6060/951/6060 1366/951/1366 
f 1366/951/1366 1355/829/1355 6061/829/6061 
f 6063/833/6063 6064/949/6064 6065/949/6065 
f 6065/949/6065 6066/2921/6066 6063/833/6063 
f 6064/949/6064 1473/892/1473 6067/892/6067 
f 6067/892/6067 6065/949/6065 6064/949/6064 
f 6065/949/6065 6067/892/6067 6068/892/6068 
f 6068/892/6068 6069/949/6069 6065/949/6065 
f 6066/2921/6066 6065/949/6065 6069/949/6069 
f 6069/949/6069 6070/2921/6070 6066/2921/6066 
f 6071/821/6071 6072/947/6072 6073/947/6073 
f 6073/947/6073 6074/821/6074 6071/821/6071 
f 6072/947/6072 1463/946/1463 6057/946/6057 
f 6057/946/6057 6073/947/6073 6072/947/6072 
f 6073/947/6073 6057/946/6057 6059/946/6059 
f 6059/946/6059 6075/947/6075 6073/947/6073 
f 6074/821/6074 6073/947/6073 6075/947/6075 
f 6075/947/6075 6076/472/6076 6074/821/6074 
f 6077/842/6077 6078/238/6078 6079/238/6079 
f 6079/238/6079 6080/842/6080 6077/842/6077 
f 6078/238/6078 6081/886/6081 6082/886/6082 
f 6082/886/6082 6079/238/6079 6078/238/6078 
f 6079/238/6079 6082/886/6082 1415/886/1415 
f 1415/886/1415 1414/238/1414 6079/238/6079 
f 6080/842/6080 6079/238/6079 1414/238/1414 
f 1414/238/1414 1403/842/1403 6080/842/6080 
f 6083/2922/6083 6084/942/6084 6085/942/6085 
f 6085/942/6085 6086/847/6086 6083/2922/6083 
f 6084/942/6084 1427/941/1427 6048/941/6048 
f 6048/941/6048 6085/942/6085 6084/942/6084 
f 6085/942/6085 6048/941/6048 1307/941/1307 
f 1307/941/1307 1306/942/1306 6085/942/6085 
f 6086/847/6086 6085/942/6085 1306/942/1306 
f 1306/942/1306 1305/2922/1305 6086/847/6086 
f 6087/478/6087 6088/477/6088 6089/477/6089 
f 6089/477/6089 6090/478/6090 6087/478/6087 
f 6088/477/6088 6071/821/6071 6074/821/6074 
f 6074/821/6074 6089/477/6089 6088/477/6088 
f 6089/477/6089 6074/821/6074 6076/472/6076 
f 6076/472/6076 6091/477/6091 6089/477/6089 
f 6090/478/6090 6089/477/6089 6091/477/6091 
f 6091/477/6091 6092/478/6092 6090/478/6090 
f 6093/824/6093 6094/825/6094 6095/825/6095 
f 6095/825/6095 6096/824/6096 6093/824/6093 
f 6094/825/6094 6087/478/6087 6090/478/6090 
f 6090/478/6090 6095/825/6095 6094/825/6094 
f 6095/825/6095 6090/478/6090 6092/478/6092 
f 6092/478/6092 6097/825/6097 6095/825/6095 
f 6096/824/6096 6095/825/6095 6097/825/6097 
f 6097/825/6097 6098/824/6098 6096/824/6096 
f 1311/568/1311 6099/828/6099 6100/828/6100 
f 6100/828/6100 6101/923/6101 1311/568/1311 
f 6099/828/6099 1478/829/1478 6061/829/6061 
f 6061/829/6061 6100/828/6100 6099/828/6099 
f 6100/828/6100 6061/829/6061 1355/829/1355 
f 1355/829/1355 1354/828/1354 6100/828/6100 
f 6101/923/6101 6100/828/6100 1354/828/1354 
f 1354/828/1354 1343/568/1343 6101/923/6101 
f 1335/7/1335 6102/832/6102 6103/832/6103 
f 6103/832/6103 6104/7/6104 1335/7/1335 
f 6102/832/6102 6063/833/6063 6066/2921/6066 
f 6066/2921/6066 6103/832/6103 6102/832/6102 
f 6103/832/6103 6066/2921/6066 6070/2921/6070 
f 6070/2921/6070 6105/832/6105 6103/832/6103 
f 6104/7/6104 6103/832/6103 6105/832/6105 
f 6105/832/6105 1298/7/1298 6104/7/6104 
f 6106/836/6106 6107/837/6107 6108/837/6108 
f 6108/837/6108 6109/836/6109 6106/836/6106 
f 6107/837/6107 6093/824/6093 6096/824/6096 
f 6096/824/6096 6108/837/6108 6107/837/6107 
f 6108/837/6108 6096/824/6096 6098/824/6098 
f 6098/824/6098 6110/837/6110 6108/837/6108 
f 6109/836/6109 6108/837/6108 6110/837/6110 
f 6110/837/6110 6111/836/6111 6109/836/6109 
f 1347/840/1347 6112/841/6112 6113/841/6113 
f 6113/841/6113 6114/840/6114 1347/840/1347 
f 6112/841/6112 6077/842/6077 6080/842/6080 
f 6080/842/6080 6113/841/6113 6112/841/6112 
f 6113/841/6113 6080/842/6080 1403/842/1403 
f 1403/842/1403 1402/841/1402 6113/841/6113 
f 6114/840/6114 6113/841/6113 1402/841/1402 
f 1402/841/1402 1391/389/1391 6114/840/6114 
f 1359/845/1359 6115/846/6115 6116/846/6116 
f 6116/846/6116 6117/845/6117 1359/845/1359 
f 6115/846/6115 6083/2922/6083 6086/847/6086 
f 6086/847/6086 6116/846/6116 6115/846/6115 
f 6116/846/6116 6086/847/6086 1305/2922/1305 
f 1305/2922/1305 6118/846/6118 6116/846/6116 
f 6117/845/6117 6116/846/6116 6118/846/6118 
f 6118/846/6118 6119/845/6119 6117/845/6117 
f 6120/852/6120 6121/851/6121 6122/851/6122 
f 6122/851/6122 6123/852/6123 6120/852/6120 
f 6121/851/6121 6106/836/6106 6109/836/6109 
f 6109/836/6109 6122/851/6122 6121/851/6121 
f 6122/851/6122 6109/836/6109 6111/836/6111 
f 6111/836/6111 6124/851/6124 6122/851/6122 
f 6123/852/6123 6122/851/6122 6124/851/6124 
f 6124/851/6124 6125/850/6125 6123/852/6123 
f 1323/502/1323 6126/855/6126 6127/855/6127 
f 6127/855/6127 6128/502/6128 1323/502/1323 
f 6126/855/6126 6120/852/6120 6123/852/6123 
f 6123/852/6123 6127/855/6127 6126/855/6126 
f 6127/855/6127 6123/852/6123 6125/850/6125 
f 6125/850/6125 6129/855/6129 6127/855/6127 
f 6128/502/6128 6127/855/6127 6129/855/6129 
f 6129/855/6129 6130/502/6130 6128/502/6128 
f 1313/574/1313 1312/573/1312 6131/573/6131 
f 6131/573/6131 6132/574/6132 1313/574/1313 
f 1312/573/1312 1311/568/1311 6101/923/6101 
f 6101/923/6101 6131/573/6131 1312/573/1312 
f 6131/573/6131 6101/923/6101 1343/568/1343 
f 1343/568/1343 1342/573/1342 6131/573/6131 
f 6132/574/6132 6131/573/6131 1342/573/1342 
f 1342/573/1342 1331/574/1331 6132/574/6132 
f 1325/508/1325 1324/507/1324 6133/507/6133 
f 6133/507/6133 6134/508/6134 1325/508/1325 
f 1324/507/1324 1323/502/1323 6128/502/6128 
f 6128/502/6128 6133/507/6133 1324/507/1324 
f 6133/507/6133 6128/502/6128 6130/502/6130 
f 6130/502/6130 6135/507/6135 6133/507/6133 
f 6134/508/6134 6133/507/6133 6135/507/6135 
f 6135/507/6135 1482/508/1482 6134/508/6134 
f 1337/868/1337 1336/869/1336 6136/869/6136 
f 6136/869/6136 6137/868/6137 1337/868/1337 
f 1336/869/1336 1335/3/1335 6104/3/6104 
f 6104/3/6104 6136/869/6136 1336/869/1336 
f 6136/869/6136 6104/3/6104 1298/3/1298 
f 1298/3/1298 1297/869/1297 6136/869/6136 
f 6137/868/6137 6136/869/6136 1297/869/1297 
f 1297/869/1297 1296/868/1296 6137/868/6137 
f 1349/874/1349 1348/875/1348 6138/875/6138 
f 6138/875/6138 6139/874/6139 1349/874/1349 
f 1348/875/1348 1347/840/1347 6114/840/6114 
f 6114/840/6114 6138/875/6138 1348/875/1348 
f 6138/875/6138 6114/840/6114 1391/389/1391 
f 1391/389/1391 1390/875/1390 6138/875/6138 
f 6139/874/6139 6138/875/6138 1390/875/1390 
f 1390/875/1390 1379/874/1379 6139/874/6139 
f 1361/880/1361 1360/881/1360 6140/881/6140 
f 6140/881/6140 6141/880/6141 1361/880/1361 
f 1360/881/1360 1359/845/1359 6117/845/6117 
f 6117/845/6117 6140/881/6140 1360/881/1360 
f 6140/881/6140 6117/845/6117 6119/845/6119 
f 6119/845/6119 6142/881/6142 6140/881/6140 
f 6141/880/6141 6140/881/6140 6142/881/6142 
f 6142/881/6142 6143/880/6143 6141/880/6141 
f 1373/914/1373 1372/917/1372 6144/917/6144 
f 6144/917/6144 6145/914/6145 1373/914/1373 
f 1372/917/1372 1325/508/1325 6134/508/6134 
f 6134/508/6134 6144/917/6144 1372/917/1372 
f 6144/917/6144 6134/508/6134 1482/508/1482 
f 1482/508/1482 1481/917/1481 6144/917/6144 
f 6145/914/6145 6144/917/6144 1481/917/1481 
f 1481/917/1481 1467/914/1467 6145/914/6145 
f 1385/904/1385 1384/915/1384 6146/915/6146 
f 6146/915/6146 6147/904/6147 1385/904/1385 
f 1384/915/1384 1373/914/1373 6145/914/6145 
f 6145/914/6145 6146/915/6146 1384/915/1384 
f 6146/915/6146 6145/914/6145 1467/914/1467 
f 1467/914/1467 1466/915/1466 6146/915/6146 
f 6147/904/6147 6146/915/6146 1466/915/1466 
f 1466/915/1466 1451/2923/1451 6147/904/6147 
f 1397/911/1397 1396/910/1396 6148/910/6148 
f 6148/910/6148 6049/911/6049 1397/911/1397 
f 1396/910/1396 1313/574/1313 6132/574/6132 
f 6132/574/6132 6148/910/6148 1396/910/1396 
f 6148/910/6148 6132/574/6132 1331/574/1331 
f 1331/574/1331 1330/910/1330 6148/910/6148 
f 6049/911/6049 6148/910/6148 1330/910/1330 
f 1330/910/1330 1319/911/1319 6049/911/6049 
f 1409/900/1409 1408/907/1408 6149/907/6149 
f 6149/907/6149 6150/900/6150 1409/900/1409 
f 1408/907/1408 1337/868/1337 6137/868/6137 
f 6137/868/6137 6149/907/6149 1408/907/1408 
f 6149/907/6149 6137/868/6137 1296/868/1296 
f 1296/868/1296 6151/907/6151 6149/907/6149 
f 6150/900/6150 6149/907/6149 6151/907/6151 
f 6151/907/6151 6152/900/6152 6150/900/6150 
f 1421/23/1421 1420/34/1420 6153/34/6153 
f 6153/34/6153 6154/23/6154 1421/23/1421 
f 1420/34/1420 1385/904/1385 6147/904/6147 
f 6147/904/6147 6153/34/6153 1420/34/1420 
f 6153/34/6153 6147/904/6147 1451/2923/1451 
f 1451/2923/1451 1450/34/1450 6153/34/6153 
f 6154/23/6154 6153/34/6153 1450/34/1450 
f 1450/34/1450 1432/23/1432 6154/23/6154 
f 1438/887/1438 1437/901/1437 6155/901/6155 
f 6155/901/6155 6156/887/6156 1438/887/1438 
f 1437/901/1437 1409/900/1409 6150/900/6150 
f 6150/900/6150 6155/901/6155 1437/901/1437 
f 6155/901/6155 6150/900/6150 6152/900/6152 
f 6152/900/6152 6157/901/6157 6155/901/6155 
f 6156/887/6156 6155/901/6155 6157/901/6157 
f 6157/901/6157 6158/448/6158 6156/887/6156 
f 1457/897/1457 1456/896/1456 6159/896/6159 
f 6159/896/6159 6062/897/6062 1457/897/1457 
f 1456/896/1456 1349/874/1349 6139/874/6139 
f 6139/874/6139 6159/896/6159 1456/896/1456 
f 6159/896/6159 6139/874/6139 1379/874/1379 
f 1379/874/1379 1378/896/1378 6159/896/6159 
f 6062/897/6062 6159/896/6159 1378/896/1378 
f 1378/896/1378 1367/897/1367 6062/897/6062 
f 1473/892/1473 1472/891/1472 6160/891/6160 
f 6160/891/6160 6067/892/6067 1473/892/1473 
f 1472/891/1472 1361/880/1361 6141/880/6141 
f 6141/880/6141 6160/891/6160 1472/891/1472 
f 6160/891/6160 6141/880/6141 6143/880/6143 
f 6143/880/6143 6161/891/6161 6160/891/6160 
f 6067/892/6067 6160/891/6160 6161/891/6161 
f 6161/891/6161 6068/892/6068 6067/892/6067 
f 1445/454/1445 6162/453/6162 6163/453/6163 
f 6163/453/6163 6052/454/6052 1445/454/1445 
f 6162/453/6162 1438/887/1438 6156/887/6156 
f 6156/887/6156 6163/453/6163 6162/453/6162 
f 6163/453/6163 6156/887/6156 6158/448/6158 
f 6158/448/6158 6164/453/6164 6163/453/6163 
f 6052/454/6052 6163/453/6163 6164/453/6164 
f 6164/453/6164 6053/454/6053 6052/454/6052 
f 6081/886/6081 6165/885/6165 6166/885/6166 
f 6166/885/6166 6082/886/6082 6081/886/6081 
f 6165/885/6165 1421/23/1421 6154/23/6154 
f 6154/23/6154 6166/885/6166 6165/885/6165 
f 6166/885/6166 6154/23/6154 1432/23/1432 
f 1432/23/1432 1431/885/1431 6166/885/6166 
f 6082/886/6082 6166/885/6166 1431/885/1431 
f 1431/885/1431 1415/886/1415 6082/886/6082 
f 1108/502/1108 1107/855/1107 6167/855/6167 
f 6167/855/6167 1322/502/1322 1108/502/1108 
f 1107/855/1107 1096/850/1096 6168/852/6168 
f 6168/852/6168 6167/855/6167 1107/855/1107 
f 6167/855/6167 6168/852/6168 6120/852/6120 
f 6120/852/6120 6126/855/6126 6167/855/6167 
f 1322/502/1322 6167/855/6167 6126/855/6126 
f 6126/855/6126 1323/502/1323 1322/502/1322 
f 1303/972/1303 1568/1045/1568 6169/1100/6169 
f 6169/1100/6169 1304/973/1304 1303/972/1303 
f 1568/1045/1568 1189/878/1189 6170/1096/6170 
f 6170/1096/6170 6169/1100/6169 1568/1045/1568 
f 6169/1100/6169 6170/1096/6170 6119/1095/6119 
f 6119/1095/6119 6118/1099/6118 6169/1100/6169 
f 1304/973/1304 6169/1100/6169 6118/1099/6118 
f 6118/1099/6118 1305/974/1305 1304/973/1304 
f 1294/963/1294 1571/1046/1571 6171/1098/6171 
f 6171/1098/6171 1295/964/1295 1294/963/1294 
f 1571/1046/1571 1183/876/1183 6172/1092/6172 
f 6172/1092/6172 6171/1098/6171 1571/1046/1571 
f 6171/1098/6171 6172/1092/6172 6152/1091/6152 
f 6152/1091/6152 6151/1097/6151 6171/1098/6171 
f 1295/964/1295 6171/1098/6171 6151/1097/6151 
f 6151/1097/6151 1296/965/1296 1295/964/1295 
f 1096/850/1096 1095/851/1095 6173/851/6173 
f 6173/851/6173 6168/852/6168 1096/850/1096 
f 1095/851/1095 1054/836/1054 6174/836/6174 
f 6174/836/6174 6173/851/6173 1095/851/1095 
f 6173/851/6173 6174/836/6174 6106/836/6106 
f 6106/836/6106 6121/851/6121 6173/851/6173 
f 6168/852/6168 6173/851/6173 6121/851/6121 
f 6121/851/6121 6120/852/6120 6168/852/6168 
f 1189/878/1189 1188/879/1188 6175/1094/6175 
f 6175/1094/6175 6170/1096/6170 1189/878/1189 
f 1188/879/1188 1171/872/1171 6176/1088/6176 
f 6176/1088/6176 6175/1094/6175 1188/879/1188 
f 6175/1094/6175 6176/1088/6176 6143/1087/6143 
f 6143/1087/6143 6142/1093/6142 6175/1094/6175 
f 6170/1096/6170 6175/1094/6175 6142/1093/6142 
f 6142/1093/6142 6119/1095/6119 6170/1096/6170 
f 1183/876/1183 1182/877/1182 6177/1090/6177 
f 6177/1090/6177 6172/1092/6172 1183/876/1183 
f 1182/877/1182 1165/870/1165 6178/1084/6178 
f 6178/1084/6178 6177/1090/6177 1182/877/1182 
f 6177/1090/6177 6178/1084/6178 6158/1083/6158 
f 6158/1083/6158 6157/1089/6157 6177/1090/6177 
f 6172/1092/6172 6177/1090/6177 6157/1089/6157 
f 6157/1089/6157 6152/1091/6152 6172/1092/6172 
f 1084/845/1084 1083/846/1083 6179/846/6179 
f 6179/846/6179 1358/845/1358 1084/845/1084 
f 1083/846/1083 1082/847/1082 6180/847/6180 
f 6180/847/6180 6179/846/6179 1083/846/1083 
f 6179/846/6179 6180/847/6180 6083/2922/6083 
f 6083/2922/6083 6115/846/6115 6179/846/6179 
f 1358/845/1358 6179/846/6179 6115/846/6115 
f 6115/846/6115 1359/845/1359 1358/845/1358 
f 1171/872/1171 1170/873/1170 6181/1086/6181 
f 6181/1086/6181 6176/1088/6176 1171/872/1171 
f 1170/873/1170 1153/866/1153 6182/1080/6182 
f 6182/1080/6182 6181/1086/6181 1170/873/1170 
f 6181/1086/6181 6182/1080/6182 6068/1079/6068 
f 6068/1079/6068 6161/1085/6161 6181/1086/6181 
f 6176/1088/6176 6181/1086/6181 6161/1085/6161 
f 6161/1085/6161 6143/1087/6143 6176/1088/6176 
f 1165/870/1165 1164/871/1164 6183/1082/6183 
f 6183/1082/6183 6178/1084/6178 1165/870/1165 
f 1164/871/1164 1147/864/1147 6184/1076/6184 
f 6184/1076/6184 6183/1082/6183 1164/871/1164 
f 6183/1082/6183 6184/1076/6184 6053/1075/6053 
f 6053/1075/6053 6164/1081/6164 6183/1082/6183 
f 6178/1084/6178 6183/1082/6183 6164/1081/6164 
f 6164/1081/6164 6158/1083/6158 6178/1084/6178 
f 1069/840/1069 1068/841/1068 6185/841/6185 
f 6185/841/6185 1346/840/1346 1069/840/1069 
f 1068/841/1068 1067/842/1067 6186/842/6186 
f 6186/842/6186 6185/841/6185 1068/841/1068 
f 6185/841/6185 6186/842/6186 6077/842/6077 
f 6077/842/6077 6112/841/6112 6185/841/6185 
f 1346/840/1346 6185/841/6185 6112/841/6112 
f 6112/841/6112 1347/840/1347 1346/840/1346 
f 1153/866/1153 1152/867/1152 6187/1078/6187 
f 6187/1078/6187 6182/1080/6182 1153/866/1153 
f 1152/867/1152 1135/860/1135 6188/1072/6188 
f 6188/1072/6188 6187/1078/6187 1152/867/1152 
f 6187/1078/6187 6188/1072/6188 6070/1071/6070 
f 6070/1071/6070 6069/1077/6069 6187/1078/6187 
f 6182/1080/6182 6187/1078/6187 6069/1077/6069 
f 6069/1077/6069 6068/1079/6068 6182/1080/6182 
f 1147/864/1147 1146/865/1146 6189/1074/6189 
f 6189/1074/6189 6184/1076/6184 1147/864/1147 
f 1146/865/1146 1126/858/1126 6190/1068/6190 
f 6190/1068/6190 6189/1074/6189 1146/865/1146 
f 6189/1074/6189 6190/1068/6190 6055/1067/6055 
f 6055/1067/6055 6054/1073/6054 6189/1074/6189 
f 6184/1076/6184 6189/1074/6189 6054/1073/6054 
f 6054/1073/6054 6053/1075/6053 6184/1076/6184 
f 1054/836/1054 1053/837/1053 6191/837/6191 
f 6191/837/6191 6174/836/6174 1054/836/1054 
f 1053/837/1053 1012/824/1012 6192/824/6192 
f 6192/824/6192 6191/837/6191 1053/837/1053 
f 6191/837/6191 6192/824/6192 6093/824/6093 
f 6093/824/6093 6107/837/6107 6191/837/6191 
f 6174/836/6174 6191/837/6191 6107/837/6107 
f 6107/837/6107 6106/836/6106 6174/836/6174 
f 1135/860/1135 1134/861/1134 6193/1070/6193 
f 6193/1070/6193 6188/1072/6188 1135/860/1135 
f 1134/861/1134 1133/862/1133 1293/962/1293 
f 1293/962/1293 6193/1070/6193 1134/861/1134 
f 6193/1070/6193 1293/962/1293 1298/967/1298 
f 1298/967/1298 6105/1069/6105 6193/1070/6193 
f 6188/1072/6188 6193/1070/6193 6105/1069/6105 
f 6105/1069/6105 6070/1071/6070 6188/1072/6188 
f 1126/858/1126 1125/859/1125 6194/1066/6194 
f 6194/1066/6194 6190/1068/6190 1126/858/1126 
f 1125/859/1125 1114/856/1114 6195/1064/6195 
f 6195/1064/6195 6194/1066/6194 1125/859/1125 
f 6194/1066/6194 6195/1064/6195 6059/1063/6059 
f 6059/1063/6059 6058/1065/6058 6194/1066/6194 
f 6190/1068/6190 6194/1066/6194 6058/1065/6058 
f 6058/1065/6058 6055/1067/6055 6190/1068/6190 
f 1042/7/1042 1041/832/1041 6196/832/6196 
f 6196/832/6196 1334/7/1334 1042/7/1042 
f 1041/832/1041 1040/833/1040 6197/833/6197 
f 6197/833/6197 6196/832/6196 1041/832/1041 
f 6196/832/6196 6197/833/6197 6063/833/6063 
f 6063/833/6063 6102/832/6102 6196/832/6196 
f 1334/7/1334 6196/832/6196 6102/832/6102 
f 6102/832/6102 1335/7/1335 1334/7/1334 
f 1114/856/1114 1113/857/1113 6198/1062/6198 
f 6198/1062/6198 6195/1064/6195 1114/856/1114 
f 1113/857/1113 1102/853/1102 6199/1060/6199 
f 6199/1060/6199 6198/1062/6198 1113/857/1113 
f 6198/1062/6198 6199/1060/6199 6076/1059/6076 
f 6076/1059/6076 6075/1061/6075 6198/1062/6198 
f 6195/1064/6195 6198/1062/6198 6075/1061/6075 
f 6075/1061/6075 6059/1063/6059 6195/1064/6195 
f 1027/568/1027 1026/828/1026 6200/828/6200 
f 6200/828/6200 1310/568/1310 1027/568/1027 
f 1026/828/1026 1025/829/1025 1476/829/1476 
f 1476/829/1476 6200/828/6200 1026/828/1026 
f 6200/828/6200 1476/829/1476 1478/829/1478 
f 1478/829/1478 6099/828/6099 6200/828/6200 
f 1310/568/1310 6200/828/6200 6099/828/6099 
f 6099/828/6099 1311/568/1311 1310/568/1310 
f 1102/853/1102 1101/854/1101 6201/1058/6201 
f 6201/1058/6201 6199/1060/6199 1102/853/1102 
f 1101/854/1101 1090/848/1090 6202/1056/6202 
f 6202/1056/6202 6201/1058/6201 1101/854/1101 
f 6201/1058/6201 6202/1056/6202 6092/1055/6092 
f 6092/1055/6092 6091/1057/6091 6201/1058/6201 
f 6199/1060/6199 6201/1058/6201 6091/1057/6091 
f 6091/1057/6091 6076/1059/6076 6199/1060/6199 
f 1012/824/1012 1011/825/1011 6203/825/6203 
f 6203/825/6203 6192/824/6192 1012/824/1012 
f 1011/825/1011 1000/478/1000 6204/478/6204 
f 6204/478/6204 6203/825/6203 1011/825/1011 
f 6203/825/6203 6204/478/6204 6087/478/6087 
f 6087/478/6087 6094/825/6094 6203/825/6203 
f 6192/824/6192 6203/825/6203 6094/825/6094 
f 6094/825/6094 6093/824/6093 6192/824/6192 
f 1090/848/1090 1089/849/1089 6205/1054/6205 
f 6205/1054/6205 6202/1056/6202 1090/848/1090 
f 1089/849/1089 1075/843/1075 6206/1052/6206 
f 6206/1052/6206 6205/1054/6205 1089/849/1089 
f 6205/1054/6205 6206/1052/6206 6098/1051/6098 
f 6098/1051/6098 6097/1053/6097 6205/1054/6205 
f 6202/1056/6202 6205/1054/6205 6097/1053/6097 
f 6097/1053/6097 6092/1055/6092 6202/1056/6202 
f 1000/478/1000 999/477/999 6207/477/6207 
f 6207/477/6207 6204/478/6204 1000/478/1000 
f 999/477/999 998/821/998 6208/821/6208 
f 6208/821/6208 6207/477/6207 999/477/999 
f 6207/477/6207 6208/821/6208 6071/821/6071 
f 6071/821/6071 6088/477/6088 6207/477/6207 
f 6204/478/6204 6207/477/6207 6088/477/6088 
f 6088/477/6088 6087/478/6087 6204/478/6204 
f 1075/843/1075 1074/844/1074 6209/1049/6209 
f 6209/1049/6209 6206/1052/6206 1075/843/1075 
f 1074/844/1074 1060/838/1060 6210/1050/6210 
f 6210/1050/6210 6209/1049/6209 1074/844/1074 
f 6209/1049/6209 6210/1050/6210 6111/1047/6111 
f 6111/1047/6111 6110/1048/6110 6209/1049/6209 
f 6206/1052/6206 6209/1049/6209 6110/1048/6110 
f 6110/1048/6110 6098/1051/6098 6206/1052/6206 
f 1082/847/1082 1485/942/1485 6211/942/6211 
f 6211/942/6211 6180/847/6180 1082/847/1082 
f 1485/942/1485 1422/941/1422 1425/941/1425 
f 1425/941/1425 6211/942/6211 1485/942/1485 
f 6211/942/6211 1425/941/1425 1427/941/1427 
f 1427/941/1427 6084/942/6084 6211/942/6211 
f 6180/847/6180 6211/942/6211 6084/942/6084 
f 6084/942/6084 6083/2922/6083 6180/847/6180 
f 1060/838/1060 1059/839/1059 6212/1118/6212 
f 6212/1118/6212 6210/1050/6210 1060/838/1060 
f 1059/839/1059 1048/834/1048 6213/1108/6213 
f 6213/1108/6213 6212/1118/6212 1059/839/1059 
f 6212/1118/6212 6213/1108/6213 6125/1107/6125 
f 6125/1107/6125 6124/1117/6124 6212/1118/6212 
f 6210/1050/6210 6212/1118/6212 6124/1117/6124 
f 6124/1117/6124 6111/1047/6111 6210/1050/6210 
f 1067/842/1067 1493/238/1493 6214/238/6214 
f 6214/238/6214 6186/842/6186 1067/842/1067 
f 1493/238/1493 1492/886/1492 6215/886/6215 
f 6215/886/6215 6214/238/6214 1493/238/1493 
f 6214/238/6214 6215/886/6215 6081/886/6081 
f 6081/886/6081 6078/238/6078 6214/238/6214 
f 6186/842/6186 6214/238/6214 6078/238/6078 
f 6078/238/6078 6077/842/6077 6186/842/6186 
f 1048/834/1048 1047/835/1047 6216/1105/6216 
f 6216/1105/6216 6213/1108/6213 1048/834/1048 
f 1047/835/1047 1033/830/1033 6217/1106/6217 
f 6217/1106/6217 6216/1105/6216 1047/835/1047 
f 6216/1105/6216 6217/1106/6217 6130/1103/6130 
f 6130/1103/6130 6129/1104/6129 6216/1105/6216 
f 6213/1108/6213 6216/1105/6216 6129/1104/6129 
f 6129/1104/6129 6125/1107/6125 6213/1108/6213 
f 998/821/998 1499/947/1499 6218/947/6218 
f 6218/947/6218 6208/821/6208 998/821/998 
f 1499/947/1499 1458/946/1458 1461/946/1461 
f 1461/946/1461 6218/947/6218 1499/947/1499 
f 6218/947/6218 1461/946/1461 1463/946/1463 
f 1463/946/1463 6072/947/6072 6218/947/6218 
f 6208/821/6208 6218/947/6218 6072/947/6072 
f 6072/947/6072 6071/821/6071 6208/821/6208 
f 1492/886/1492 1502/885/1502 6219/885/6219 
f 6219/885/6219 6215/886/6215 1492/886/1492 
f 1502/885/1502 1416/23/1416 1419/23/1419 
f 1419/23/1419 6219/885/6219 1502/885/1502 
f 6219/885/6219 1419/23/1419 1421/23/1421 
f 1421/23/1421 6165/885/6165 6219/885/6219 
f 6215/886/6215 6219/885/6219 6165/885/6165 
f 6165/885/6165 6081/886/6081 6215/886/6215 
f 1033/830/1033 1032/831/1032 6220/1110/6220 
f 6220/1110/6220 6217/1106/6217 1033/830/1033 
f 1032/831/1032 1018/826/1018 1480/1042/1480 
f 1480/1042/1480 6220/1110/6220 1032/831/1032 
f 6220/1110/6220 1480/1042/1480 1482/1044/1482 
f 1482/1044/1482 6135/1109/6135 6220/1110/6220 
f 6217/1106/6217 6220/1110/6220 6135/1109/6135 
f 6135/1109/6135 6130/1103/6130 6217/1106/6217 
f 1040/833/1040 1507/949/1507 6221/949/6221 
f 6221/949/6221 6197/833/6197 1040/833/1040 
f 1507/949/1507 1468/892/1468 1471/892/1471 
f 1471/892/1471 6221/949/6221 1507/949/1507 
f 6221/949/6221 1471/892/1471 1473/892/1473 
f 1473/892/1473 6064/949/6064 6221/949/6221 
f 6197/833/6197 6221/949/6221 6064/949/6064 
f 6064/949/6064 6063/833/6063 6197/833/6197 
f 1443/454/1443 1511/453/1511 6222/453/6222 
f 6222/453/6222 1444/454/1444 1443/454/1443 
f 1511/453/1511 1433/887/1433 1436/448/1436 
f 1436/448/1436 6222/453/6222 1511/453/1511 
f 6222/453/6222 1436/448/1436 1438/887/1438 
f 1438/887/1438 6162/453/6162 6222/453/6222 
f 1444/454/1444 6222/453/6222 6162/453/6162 
f 6162/453/6162 1445/454/1445 1444/454/1444 
f 6223/18/6223 6224/1/6224 6225/1/6225 
f 6225/1/6225 6226/18/6226 6223/18/6223 
s off
f 6227/16/6227 6223/18/6223 6226/18/6226 
f 6226/18/6226 6228/16/6228 6227/16/6227 
s 1
f 6229/6/6229 6227/16/6227 6228/16/6228 
f 6228/16/6228 6230/6/6230 6229/6/6229 
f 6231/4/6231 6229/6/6229 6230/6/6230 
f 6230/6/6230 6232/4/6232 6231/4/6231 
s off
f 6233/1/6233 6234/3/6234 6235/3/6235 
f 6235/3/6235 6236/1/6236 6233/1/6233 
f 6237/9/6237 6231/4/6231 6232/4/6232 
f 6232/4/6232 6238/9/6238 6237/9/6237 
s 1
f 6224/1/6224 6239/3/6239 6240/3/6240 
f 6240/3/6240 6225/1/6225 6224/1/6224 
s off
f 6241/16/6241 6242/18/6242 6243/18/6243 
f 6243/18/6243 6244/16/6244 6241/16/6241 
s 1
f 6244/16/6244 6243/18/6243 6243/18/332 
f 6243/18/332 6244/16/332 6244/16/6244 
s off
f 6245/4/6245 6246/6/6246 6247/6/6247 
f 6247/6/6247 6248/4/6248 6245/4/6245 
f 6242/18/6242 6233/1/6233 6236/1/6236 
f 6236/1/6236 6243/18/6243 6242/18/6242 
f 6249/9/6249 6245/4/6245 6248/4/6248 
f 6248/4/6248 6250/9/6250 6249/9/6249 
f 6234/7/6234 6249/9/6249 6250/9/6250 
f 6250/9/6250 6235/7/6235 6234/7/6234 
s 1
f 6239/7/6239 6237/9/6237 6238/9/6238 
f 6238/9/6238 6240/7/6240 6239/7/6239 
s off
f 6246/6/6246 6241/16/6241 6244/16/6244 
f 6244/16/6244 6247/6/6247 6246/6/6246 
f 6225/1/6225 6240/3/6240 6251/3/6251 
f 6251/3/6251 6252/1/6252 6225/1/6225 
f 6252/1/6252 6251/3/6251 6253/2924/6253 
f 6253/2924/6253 6254/1/6254 6252/1/6252 
f 6254/1/6254 6253/2924/6253 6234/3/6234 
f 6234/3/6234 6233/1/6233 6254/1/6254 
f 6238/9/6238 6232/4/6232 6255/4/6255 
f 6255/4/6255 6256/9/6256 6238/9/6238 
f 6256/9/6256 6255/4/6255 6257/4/6257 
f 6257/4/6257 6258/9/6258 6256/9/6256 
f 6258/9/6258 6257/4/6257 6245/4/6245 
f 6245/4/6245 6249/9/6249 6258/9/6258 
f 6230/6/6230 6228/16/6228 6259/16/6259 
f 6259/16/6259 6260/6/6260 6230/6/6230 
f 6260/6/6260 6259/16/6259 6261/16/6261 
f 6261/16/6261 6262/6/6262 6260/6/6260 
f 6262/6/6262 6261/16/6261 6241/16/6241 
f 6241/16/6241 6246/6/6246 6262/6/6262 
f 6228/16/6228 6226/18/6226 6263/18/6263 
f 6263/18/6263 6259/16/6259 6228/16/6228 
f 6259/16/6259 6263/18/6263 6264/18/6264 
f 6264/18/6264 6261/16/6261 6259/16/6259 
f 6261/16/6261 6264/18/6264 6242/18/6242 
f 6242/18/6242 6241/16/6241 6261/16/6261 
f 6232/4/6232 6230/6/6230 6260/6/6260 
f 6260/6/6260 6255/4/6255 6232/4/6232 
f 6255/4/6255 6260/6/6260 6262/6/6262 
f 6262/6/6262 6257/4/6257 6255/4/6255 
f 6257/4/6257 6262/6/6262 6246/6/6246 
f 6246/6/6246 6245/4/6245 6257/4/6257 
f 6226/18/6226 6225/1/6225 6252/1/6252 
f 6252/1/6252 6263/18/6263 6226/18/6226 
f 6263/18/6263 6252/1/6252 6254/1/6254 
f 6254/1/6254 6264/18/6264 6263/18/6263 
f 6264/18/6264 6254/1/6254 6233/1/6233 
f 6233/1/6233 6242/18/6242 6264/18/6264 
f 6240/7/6240 6238/9/6238 6256/9/6256 
f 6256/9/6256 6251/7/6251 6240/7/6240 
f 6251/7/6251 6256/9/6256 6258/9/6258 
f 6258/9/6258 6253/2925/6253 6251/7/6251 
f 6253/2925/6253 6258/9/6258 6249/9/6249 
f 6249/9/6249 6234/7/6234 6253/2925/6253 
f 6236/1/332 6235/3/6265 6265/3/6266 
f 6265/3/6266 6266/1/6267 6236/1/332 
s 1
f 6243/18/6243 6236/1/6236 6236/1/332 
f 6236/1/332 6243/18/332 6243/18/6243 
f 6250/9/6250 6248/4/6248 6248/4/332 
f 6248/4/332 6250/9/6265 6250/9/6250 
f 6247/6/6247 6244/16/6244 6244/16/332 
f 6244/16/332 6247/6/6265 6247/6/6247 
f 6248/4/6248 6247/6/6247 6247/6/6265 
f 6247/6/6265 6248/4/332 6248/4/6248 
f 6235/7/6235 6250/9/6250 6250/9/6265 
f 6250/9/6265 6235/7/6265 6235/7/6235 
f 6236/1/6236 6235/3/6235 6235/3/6265 
f 6235/3/6265 6236/1/332 6236/1/6236 
s off
f 6267/4/6268 6268/6/6269 6269/6/6270 
f 6269/6/6270 6270/4/6271 6267/4/6268 
f 6244/16/332 6243/18/332 6271/18/6272 
f 6271/18/6272 6272/16/6273 6244/16/332 
f 6243/18/332 6236/1/332 6266/1/6267 
f 6266/1/6267 6271/18/6272 6243/18/332 
f 6250/9/6265 6248/4/332 6267/4/6268 
f 6267/4/6268 6273/9/6274 6250/9/6265 
s 1
f 6247/6/6265 6244/16/332 6272/16/6273 
f 6272/16/6273 6268/6/6269 6247/6/6265 
s off
f 6248/4/332 6247/6/6265 6268/6/6269 
f 6268/6/6269 6267/4/6268 6248/4/332 
f 6235/7/6265 6250/9/6265 6273/9/6274 
f 6273/9/6274 6265/7/6266 6235/7/6265 
f 6265/7/6266 6273/9/6274 6274/9/6275 
f 6274/9/6275 6275/7/6276 6265/7/6266 
f 6266/1/6267 6265/3/6266 6275/3/6276 
f 6275/3/6276 6276/1/6277 6266/1/6267 
f 6272/16/6273 6271/18/6272 6277/18/6278 
f 6277/18/6278 6278/16/6279 6272/16/6273 
f 6271/18/6272 6266/1/6267 6276/1/6277 
f 6276/1/6277 6277/18/6278 6271/18/6272 
f 6273/9/6274 6267/4/6268 6270/4/6271 
f 6270/4/6271 6274/9/6275 6273/9/6274 
f 6268/6/6269 6272/16/6273 6278/16/6279 
f 6278/16/6279 6269/6/6270 6268/6/6269 
f 6239/3/6239 6224/1/6224 6279/1/6280 
f 6279/1/6280 6280/3/6281 6239/3/6239 
f 6281/2926/6282 6282/2927/6283 6283/2927/6284 
f 6283/2927/6284 6284/2926/6285 6281/2926/6282 
f 6229/6/6229 6231/4/6231 6285/4/6286 
f 6285/4/6286 6286/6/6287 6229/6/6229 
f 6287/2928/6288 6288/2929/6289 6289/2929/6290 
f 6289/2929/6290 6290/2928/6291 6287/2928/6288 
f 6291/2930/6292 6292/2931/6293 6293/2931/6294 
f 6293/2931/6294 6294/2930/6295 6291/2930/6292 
f 6295/2932/6296 6296/2933/6297 6297/2933/6298 
f 6297/2933/6298 6298/2932/6299 6295/2932/6296 
f 6299/2934/6300 6300/2935/6301 6301/2935/6302 
f 6301/2935/6302 6302/2934/6303 6299/2934/6300 
f 6231/4/6231 6237/9/6237 6303/9/6304 
f 6303/9/6304 6285/4/6286 6231/4/6231 
f 6304/2936/6305 6305/2937/6306 6306/2937/6307 
f 6306/2937/6307 6307/2936/6308 6304/2936/6305 
f 6308/2938/6309 6309/2939/6310 6310/2939/6311 
f 6310/2939/6311 6311/2938/6312 6308/2938/6309 
f 6312/2940/6313 6313/2941/6314 6314/2941/6315 
f 6314/2941/6315 6315/2940/6316 6312/2940/6313 
f 6316/2942/6317 6317/2943/6318 6318/2943/6319 
f 6318/2943/6319 6319/2942/6320 6316/2942/6317 
f 6320/2944/6321 6321/2945/6322 6322/2945/6323 
f 6322/2945/6323 6323/2944/6324 6320/2944/6321 
f 6324/2946/6325 6325/2947/6326 6326/2947/6327 
f 6326/2947/6327 6327/2946/6328 6324/2946/6325 
f 6237/9/6237 6239/7/6239 6280/7/6281 
f 6280/7/6281 6303/9/6304 6237/9/6237 
f 6282/2927/6283 6304/2936/6305 6307/2936/6308 
f 6307/2936/6308 6283/2927/6284 6282/2927/6283 
f 6328/2948/6329 6329/2949/6330 6330/2949/6331 
f 6330/2949/6331 6331/2948/6332 6328/2948/6329 
f 6332/2950/6333 6333/2951/6334 6334/2951/6335 
f 6334/2951/6335 6335/2950/6336 6332/2950/6333 
f 6224/1/6224 6223/18/6223 6336/18/6337 
f 6336/18/6337 6279/1/6280 6224/1/6224 
f 6296/2933/6297 6324/2946/6325 6327/2946/6328 
f 6327/2946/6328 6297/2933/6298 6296/2933/6297 
f 6300/2935/6301 6337/2952/6338 6338/2952/6339 
f 6338/2952/6339 6301/2935/6302 6300/2935/6301 
f 6321/2945/6322 6339/2953/6340 6340/2953/6341 
f 6340/2953/6341 6322/2945/6323 6321/2945/6322 
f 6227/16/6227 6229/6/6229 6286/6/6287 
f 6286/6/6287 6341/16/6342 6227/16/6227 
f 6342/2954/6343 6343/2955/6344 6344/2955/6345 
f 6344/2955/6345 6345/2954/6346 6342/2954/6343 
f 6292/2931/6293 6299/2934/6300 6302/2934/6303 
f 6302/2934/6303 6293/2931/6294 6292/2931/6293 
f 6329/2949/6330 6346/2956/6347 6347/2956/6348 
f 6347/2956/6348 6330/2949/6331 6329/2949/6330 
f 6348/2957/6349 6316/2942/6317 6319/2942/6320 
f 6319/2942/6320 6349/2957/6350 6348/2957/6349 
f 6350/2958/6351 6320/2944/6321 6323/2944/6324 
f 6323/2944/6324 6351/2958/6352 6350/2958/6351 
f 6309/2939/6310 6291/2930/6292 6294/2930/6295 
f 6294/2930/6295 6310/2939/6311 6309/2939/6310 
f 6333/2951/6334 6342/2954/6343 6345/2954/6346 
f 6345/2954/6346 6334/2951/6335 6333/2951/6334 
f 6313/2941/6314 6287/2928/6288 6290/2928/6291 
f 6290/2928/6291 6314/2941/6315 6313/2941/6314 
f 6352/2959/6353 6328/2948/6329 6331/2948/6332 
f 6331/2948/6332 6353/2959/6354 6352/2959/6353 
f 6337/2952/6338 6308/2938/6309 6311/2938/6312 
f 6311/2938/6312 6338/2952/6339 6337/2952/6338 
f 6339/2953/6340 6350/2958/6351 6351/2958/6352 
f 6351/2958/6352 6340/2953/6341 6339/2953/6340 
f 6305/2937/6306 6281/2926/6282 6284/2926/6285 
f 6284/2926/6285 6306/2937/6307 6305/2937/6306 
f 6300/2935/6301 6299/2934/6300 6292/2931/6293 
f 6300/2935/6301 6292/2931/6293 6291/2930/6292 
f 6300/2935/6301 6291/2930/6292 6309/2939/6310 
f 6300/2935/6301 6309/2939/6310 6308/2938/6309 
f 6300/2935/6301 6308/2938/6309 6337/2952/6338 
f 6301/2935/6302 6344/2960/6345 6315/2961/6316 
f 6289/2929/6290 6335/2962/6336 6280/3/6281 
f 6302/2934/6303 6314/2963/6315 6351/2964/6352 
f 6279/1/6280 6340/2953/6341 6290/2928/6291 
f 6293/2931/6294 6323/2965/6324 6307/2966/6308 
f 6336/18/6337 6283/2927/6284 6322/2945/6323 
f 6294/2930/6295 6306/2967/6307 6353/2968/6354 
f 6341/16/6342 6347/2956/6348 6284/2926/6285 
f 6310/2939/6311 6331/2969/6332 6327/2970/6328 
f 6286/6/6287 6297/2933/6298 6330/2949/6331 
f 6311/2938/6312 6326/2971/6327 6354/2972/6355 
f 6285/4/6286 6318/2943/6319 6298/2932/6299 
f 6338/2952/6339 6349/2973/6350 6345/2974/6346 
f 6319/2942/6320 6303/9/6304 6334/2951/6335 
f 6315/2961/6316 6314/2963/6315 6302/2934/6303 
f 6302/2934/6303 6301/2935/6302 6315/2961/6316 
f 6290/2928/6291 6289/2929/6290 6280/3/6281 
f 6280/3/6281 6279/1/6280 6290/2928/6291 
f 6344/2955/6345 6335/2950/6336 6289/2975/6290 
f 6289/2975/6290 6315/2976/6316 6344/2955/6345 
f 6340/2953/6341 6351/2958/6352 6314/2941/6315 
f 6314/2941/6315 6290/2928/6291 6340/2953/6341 
f 6351/2964/6352 6323/2965/6324 6293/2931/6294 
f 6293/2931/6294 6302/2934/6303 6351/2964/6352 
f 6322/2945/6323 6340/2953/6341 6279/1/6280 
f 6279/1/6280 6336/18/6337 6322/2945/6323 
f 6283/2927/6284 6307/2936/6308 6323/2944/6324 
f 6323/2944/6324 6322/2945/6323 6283/2927/6284 
f 6307/2966/6308 6306/2967/6307 6294/2930/6295 
f 6294/2930/6295 6293/2931/6294 6307/2966/6308 
f 6284/2926/6285 6283/2927/6284 6336/18/6337 
f 6336/18/6337 6341/16/6342 6284/2926/6285 
f 6347/2956/6348 6353/2959/6354 6306/2937/6307 
f 6306/2937/6307 6284/2926/6285 6347/2956/6348 
f 6353/2968/6354 6331/2969/6332 6310/2939/6311 
f 6310/2939/6311 6294/2930/6295 6353/2968/6354 
f 6330/2949/6331 6347/2956/6348 6341/16/6342 
f 6341/16/6342 6286/6/6287 6330/2949/6331 
f 6297/2933/6298 6327/2946/6328 6331/2948/6332 
f 6331/2948/6332 6330/2949/6331 6297/2933/6298 
f 6327/2970/6328 6326/2971/6327 6311/2938/6312 
f 6311/2938/6312 6310/2939/6311 6327/2970/6328 
f 6298/2932/6299 6297/2933/6298 6286/6/6287 
f 6286/6/6287 6285/4/6286 6298/2932/6299 
f 6318/2943/6319 6354/2977/6355 6326/2947/6327 
f 6326/2947/6327 6298/2932/6299 6318/2943/6319 
f 6354/2972/6355 6349/2973/6350 6338/2952/6339 
f 6338/2952/6339 6311/2938/6312 6354/2972/6355 
f 6334/2951/6335 6345/2954/6346 6349/2957/6350 
f 6349/2957/6350 6319/2942/6320 6334/2951/6335 
f 6345/2974/6346 6344/2960/6345 6301/2935/6302 
f 6301/2935/6302 6338/2952/6339 6345/2974/6346 
f 6335/2950/6336 6334/2951/6335 6303/9/6304 
f 6303/9/6304 6280/7/6281 6335/2950/6336 
f 6319/2942/6320 6318/2943/6319 6285/4/6286 
f 6285/4/6286 6303/9/6304 6319/2942/6320 
f 6317/2943/6318 6355/2977/6356 6354/2977/6355 
f 6354/2977/6355 6318/2943/6319 6317/2943/6318 
f 6223/18/6223 6227/16/6227 6341/16/6342 
f 6341/16/6342 6336/18/6337 6223/18/6223 
f 6343/2955/6344 6332/2950/6333 6335/2950/6336 
f 6335/2950/6336 6344/2955/6345 6343/2955/6344 
f 6325/2947/6326 6295/2932/6296 6298/2932/6299 
f 6298/2932/6299 6326/2947/6327 6325/2947/6326 
f 6346/2956/6347 6352/2959/6353 6353/2959/6354 
f 6353/2959/6354 6347/2956/6348 6346/2956/6347 
f 6288/2929/6289 6312/2940/6313 6315/2940/6316 
f 6315/2940/6316 6289/2929/6290 6288/2929/6289 
f 6355/2977/6356 6348/2957/6349 6349/2957/6350 
f 6349/2957/6350 6354/2977/6355 6355/2977/6356 
f 6269/6/6270 6278/16/6279 6277/18/6278 
f 6269/6/6270 6277/18/6278 6276/1/6277 
f 6269/6/6270 6276/1/6277 6275/7/6276 
f 6269/6/6270 6275/7/6276 6274/9/6275 
f 6269/6/6270 6274/9/6275 6270/4/6271 
usemtl Material_002
f 6342/2954/6357 6333/2951/6357 6332/2950/6357 
f 6332/2950/6357 6343/2955/6357 6342/2954/6357 
f 6312/2940/6358 6288/2929/6358 6287/2928/6358 
f 6287/2928/6358 6313/2941/6358 6312/2940/6358 
f 6352/2959/6359 6346/2956/6359 6329/2949/6359 
f 6329/2949/6359 6328/2948/6359 6352/2959/6359 
f 6324/2946/6360 6296/2933/6360 6295/2932/6360 
f 6295/2932/6360 6325/2947/6360 6324/2946/6360 
f 6304/2936/6361 6282/2927/6361 6281/2926/6361 
f 6281/2926/6361 6305/2937/6361 6304/2936/6361 
f 6355/2977/6362 6317/2943/6362 6316/2942/6362 
f 6316/2942/6362 6348/2957/6362 6355/2977/6362 
f 6350/2958/6363 6339/2953/6363 6321/2945/6363 
f 6321/2945/6363 6320/2944/6363 6350/2958/6363 
# 0 polygons - 12700 triangles

