# 3ds Max Wavefront OBJ Exporter v0.99 - (c)2007 guruware
# File Created: 29.03.2025 21:17:18

mtllib llantaDerechaDelantera.mtl

#
# object llantaDD
#

v  -0.3571 0.1036 -0.0289
v  -0.3190 0.1909 -0.0283
v  -0.3020 0.1808 -0.0287
v  -0.3381 0.0980 -0.0293
v  -0.3723 0.0095 -0.0295
v  -0.3525 0.0088 -0.0299
v  -0.3443 -0.0812 -0.0306
v  -0.3636 -0.0855 -0.0303
v  -0.3825 0.0098 -0.0228
v  -0.3736 -0.0877 -0.0235
v  -0.3734 -0.0896 0.2368
v  -0.3824 0.0078 0.2375
v  -0.3407 -0.1799 -0.0243
v  -0.3405 -0.1818 0.2362
v  -0.3316 -0.1752 -0.0310
v  -0.3139 -0.1663 -0.0313
v  -0.3369 -0.0796 -0.0298
v  -0.3072 -0.1629 -0.0305
v  -0.3450 0.0085 -0.0292
v  -0.3309 0.0959 -0.0285
v  -0.2955 0.1770 -0.0279
v  -0.2464 0.2521 -0.0282
v  -0.2411 0.2467 -0.0275
v  -0.2604 0.2661 -0.0277
v  -0.2676 0.2733 -0.0210
v  -0.3278 0.1961 -0.0215
v  -0.3276 0.1942 0.2389
v  -0.2674 0.2714 0.2394
v  -0.3669 0.1064 -0.0222
v  -0.3668 0.1045 0.2383
v  -0.3721 0.0074 0.2443
v  -0.3570 0.1015 0.2450
v  -0.3634 -0.0875 0.2436
v  -0.3314 -0.1773 0.2429
v  -0.2857 -0.2629 0.2355
v  -0.2781 -0.2562 0.2423
v  -0.2859 -0.2610 -0.0249
v  -0.2782 -0.2542 -0.0316
v  -0.2633 -0.2412 -0.0319
v  -0.2577 -0.2362 -0.0310
v  -0.3013 -0.1599 -0.0285
v  -0.2527 -0.2318 -0.0290
v  -0.3304 -0.0782 -0.0279
v  -0.3384 0.0083 -0.0272
v  -0.3245 0.0940 -0.0266
v  -0.2898 0.1736 -0.0261
v  -0.2364 0.2420 -0.0256
v  -0.1710 0.3007 -0.0271
v  -0.1677 0.2950 -0.0253
v  -0.1749 0.3072 -0.0279
v  -0.1849 0.3243 -0.0274
v  -0.1901 0.3330 -0.0206
v  -0.1899 0.3311 0.2398
v  -0.2602 0.2641 0.2461
v  -0.1847 0.3223 0.2465
v  -0.3189 0.1889 0.2456
v  -0.3018 0.1788 0.2459
v  -0.3379 0.0960 0.2453
v  -0.3307 0.0939 0.2445
v  -0.2954 0.1749 0.2450
v  -0.3523 0.0068 0.2446
v  -0.3448 0.0065 0.2438
v  -0.3441 -0.0832 0.2439
v  -0.3137 -0.1683 0.2433
v  -0.2631 -0.2432 0.2428
v  -0.1955 -0.3031 0.2422
v  -0.2067 -0.3195 0.2417
v  -0.1151 -0.3444 0.2419
v  -0.1219 -0.3630 0.2414
v  -0.0270 -0.3643 0.2417
v  -0.0290 -0.3840 0.2412
v  0.0633 -0.3618 0.2416
v  0.0663 -0.3813 0.2411
v  0.1579 -0.3550 0.2413
v  0.1502 -0.3368 0.2418
v  0.1620 -0.3643 0.2344
v  0.0679 -0.3914 0.2343
v  0.1618 -0.3624 -0.0259
v  0.0677 -0.3894 -0.0260
v  0.0661 -0.3793 -0.0327
v  0.1577 -0.3530 -0.0326
v  -0.0301 -0.3922 -0.0260
v  -0.0291 -0.3820 -0.0326
v  -0.0300 -0.3942 0.2344
v  -0.1254 -0.3725 0.2346
v  -0.1256 -0.3706 -0.0258
v  -0.1221 -0.3610 -0.0324
v  -0.2127 -0.3259 -0.0254
v  -0.2069 -0.3175 -0.0321
v  -0.2125 -0.3278 0.2350
v  -0.1957 -0.3011 -0.0323
v  -0.1915 -0.2949 -0.0315
v  -0.1877 -0.2894 -0.0295
v  -0.2472 -0.2271 -0.0236
v  -0.1836 -0.2835 -0.0241
v  -0.2948 -0.1567 -0.0231
v  -0.3233 -0.0766 -0.0225
v  -0.3311 0.0080 -0.0219
v  -0.3176 0.0919 -0.0213
v  -0.2836 0.1698 -0.0207
v  -0.2313 0.2368 -0.0202
v  -0.1640 0.2887 -0.0199
v  -0.0879 0.3293 -0.0250
v  -0.0859 0.3222 -0.0197
v  -0.0898 0.3357 -0.0269
v  -0.0918 0.3429 -0.0277
v  -0.0973 0.3619 -0.0272
v  -0.1002 0.3717 -0.0204
v  -0.1000 0.3697 0.2400
v  -0.0972 0.3599 0.2467
v  -0.0916 0.3409 0.2470
v  -0.1747 0.3052 0.2468
v  -0.1709 0.2987 0.2459
v  -0.0896 0.3337 0.2461
v  -0.2462 0.2500 0.2463
v  -0.2409 0.2447 0.2455
v  -0.2897 0.1716 0.2431
v  -0.2363 0.2400 0.2435
v  -0.3244 0.0920 0.2425
v  -0.3382 0.0063 0.2419
v  -0.3367 -0.0816 0.2432
v  -0.3303 -0.0802 0.2412
v  -0.3070 -0.1649 0.2425
v  -0.2575 -0.2382 0.2420
v  -0.1913 -0.2969 0.2415
v  -0.1126 -0.3373 0.2412
v  -0.0263 -0.3569 0.2409
v  0.0622 -0.3543 0.2409
v  0.1472 -0.3299 0.2411
v  0.2281 -0.2910 0.2421
v  0.2235 -0.2851 0.2413
v  0.2401 -0.3067 0.2416
v  0.2463 -0.3147 0.2347
v  0.2462 -0.3128 -0.0256
v  0.2399 -0.3047 -0.0323
v  0.1500 -0.3348 -0.0329
v  0.2279 -0.2890 -0.0325
v  0.0631 -0.3597 -0.0329
v  -0.0272 -0.3623 -0.0329
v  -0.1153 -0.3423 -0.0327
v  -0.1127 -0.3353 -0.0318
v  -0.1105 -0.3291 -0.0299
v  -0.1080 -0.3223 -0.0244
v  -0.1834 -0.2854 0.2343
v  -0.1078 -0.3242 0.2339
v  -0.2470 -0.2290 0.2347
v  -0.2946 -0.1586 0.2353
v  -0.3232 -0.0785 0.2359
v  -0.3309 0.0061 0.2365
v  -0.3174 0.0900 0.2371
v  -0.2834 0.1679 0.2377
v  -0.2311 0.2349 0.2381
v  -0.1638 0.2868 0.2385
v  -0.0857 0.3204 0.2387
v  -0.0019 0.3353 -0.0197
v  -0.0018 0.3334 0.2387
v  -0.0021 0.3426 -0.0250
v  -0.0023 0.3492 -0.0269
v  -0.0025 0.3568 -0.0276
v  -0.0032 0.3765 -0.0271
v  -0.0034 0.3867 -0.0203
v  -0.0033 0.3848 0.2401
v  -0.0030 0.3745 0.2467
v  -0.0024 0.3547 0.2469
v  -0.0021 0.3472 0.2461
v  -0.0877 0.3273 0.2441
v  -0.0020 0.3406 0.2441
v  -0.1675 0.2930 0.2439
v  -0.3011 -0.1619 0.2406
v  -0.2525 -0.2338 0.2401
v  -0.1875 -0.2914 0.2396
v  -0.1103 -0.3311 0.2393
v  -0.0256 -0.3502 0.2390
v  0.0611 -0.3478 0.2390
v  0.1446 -0.3238 0.2391
v  0.2194 -0.2798 0.2394
v  0.2862 -0.2227 0.2417
v  0.2810 -0.2186 0.2398
v  0.2921 -0.2273 0.2425
v  0.3077 -0.2395 0.2420
v  0.3158 -0.2457 0.2353
v  0.3156 -0.2438 -0.0251
v  0.3075 -0.2375 -0.0318
v  0.2920 -0.2253 -0.0321
v  0.2233 -0.2831 -0.0317
v  0.2860 -0.2207 -0.0313
v  0.1470 -0.3279 -0.0319
v  0.0620 -0.3523 -0.0321
v  -0.0265 -0.3549 -0.0321
v  -0.0258 -0.3483 -0.0300
v  -0.0251 -0.3411 -0.0246
v  -0.0249 -0.3430 0.2337
v  0.0600 -0.3405 0.2337
v  0.1417 -0.3171 0.2338
v  0.2150 -0.2740 0.2341
v  0.2753 -0.2141 0.2345
v  0.3254 -0.1440 0.2403
v  0.3187 -0.1410 0.2350
v  0.3315 -0.1467 0.2422
v  0.3384 -0.1497 0.2430
v  0.3565 -0.1576 0.2426
v  0.3658 -0.1616 0.2358
v  0.3656 -0.1597 -0.0245
v  0.3563 -0.1556 -0.0313
v  0.3382 -0.1477 -0.0316
v  0.3313 -0.1447 -0.0308
v  0.2808 -0.2166 -0.0293
v  0.3252 -0.1420 -0.0287
v  0.2193 -0.2778 -0.0297
v  0.1444 -0.3218 -0.0300
v  0.0610 -0.3458 -0.0301
v  0.0599 -0.3386 -0.0246
v  0.1415 -0.3152 -0.0245
v  0.2148 -0.2721 -0.0243
v  0.2751 -0.2122 -0.0238
v  0.3186 -0.1391 -0.0233
v  0.3427 -0.0595 0.2355
v  0.3425 -0.0576 -0.0228
v  0.3497 -0.0587 -0.0282
v  0.3562 -0.0598 -0.0302
v  0.3636 -0.0609 -0.0309
v  0.3831 -0.0641 -0.0306
v  0.3667 0.0294 -0.0303
v  0.3864 0.0311 -0.0300
v  0.3592 0.0287 -0.0294
v  0.3526 0.0280 -0.0276
v  0.3454 0.0273 -0.0222
v  0.3456 0.0254 0.2362
v  0.3528 0.0261 0.2416
v  0.3499 -0.0607 0.2409
v  0.3594 0.0267 0.2436
v  0.3564 -0.0618 0.2428
v  0.3669 0.0273 0.2443
v  0.3638 -0.0630 0.2436
v  0.3866 0.0291 0.2440
v  0.3833 -0.0661 0.2432
v  0.3967 0.0301 0.2372
v  0.3934 -0.0677 0.2365
v  0.3966 0.0320 -0.0232
v  0.3932 -0.0658 -0.0239
v  0.3659 0.1242 -0.0292
v  0.3755 0.1276 -0.0224
v  0.3757 0.1257 0.2379
v  0.3313 0.2149 -0.0218
v  0.3315 0.2130 0.2386
v  0.3228 0.2093 -0.0285
v  0.3065 0.1982 -0.0290
v  0.3473 0.1176 -0.0296
v  0.3402 0.1151 -0.0288
v  0.3002 0.1940 -0.0282
v  0.3339 0.1128 -0.0269
v  0.3271 0.1103 -0.0215
v  0.3273 0.1084 0.2368
v  0.3341 0.1108 0.2422
v  0.3404 0.1131 0.2442
v  0.3475 0.1156 0.2449
v  0.3660 0.1222 0.2446
v  0.3230 0.2073 0.2453
v  0.2670 0.2866 0.2391
v  0.2602 0.2789 0.2458
v  0.2668 0.2886 -0.0212
v  0.2600 0.2810 -0.0280
v  0.2469 0.2662 -0.0285
v  0.2419 0.2605 -0.0277
v  0.2948 0.1903 -0.0263
v  0.2375 0.2556 -0.0258
v  0.2887 0.1862 -0.0210
v  0.2889 0.1843 0.2373
v  0.2949 0.1883 0.2428
v  0.3004 0.1920 0.2448
v  0.3067 0.1962 0.2456
v  0.2471 0.2641 0.2461
v  0.1815 0.3328 0.2463
v  0.1725 0.3151 0.2466
v  0.1862 0.3419 0.2396
v  0.1860 0.3438 -0.0207
v  0.1813 0.3347 -0.0276
v  0.1723 0.3171 -0.0281
v  0.1689 0.3105 -0.0273
v  0.1659 0.3045 -0.0254
v  0.2327 0.2501 -0.0205
v  0.1626 0.2980 -0.0201
v  0.2329 0.2482 0.2378
v  0.2377 0.2536 0.2433
v  0.2421 0.2585 0.2453
v  0.1691 0.3085 0.2457
v  0.0876 0.3460 0.2469
v  0.0859 0.3387 0.2460
v  0.0919 0.3653 0.2466
v  0.0942 0.3753 0.2400
v  0.0940 0.3772 -0.0204
v  0.0917 0.3673 -0.0273
v  0.0874 0.3480 -0.0278
v  0.0857 0.3407 -0.0270
v  0.0843 0.3342 -0.0251
v  0.0827 0.3271 -0.0198
v  0.1627 0.2962 0.2383
v  0.0828 0.3252 0.2385
v  0.1660 0.3026 0.2438
v  0.0844 0.3322 0.2440
v  0.2617 0.2213 0.0371
v  0.2617 0.2215 0.0133
v  0.2395 0.2468 0.0135
v  0.2395 0.2466 0.0373
v  0.2493 0.1961 0.0278
v  0.2382 0.1824 0.0217
v  0.2539 0.1644 0.0216
v  0.2761 0.1793 0.0309
v  0.2838 0.1960 0.0369
v  0.2219 0.2412 0.0314
v  0.2041 0.2212 0.0220
v  0.2199 0.2032 0.0219
v  0.2349 0.2124 0.0280
v  0.2419 0.2129 0.0299
v  0.2480 0.2093 0.0307
v  0.2507 0.2029 0.0298
v  0.2219 0.2414 0.0076
v  0.1895 0.2314 -0.0017
v  0.1568 0.2213 -0.0080
v  0.1569 0.2211 0.0170
v  0.1896 0.2312 0.0221
v  0.1210 0.2162 0.0123
v  0.1210 0.2163 -0.0137
v  0.1170 0.2158 -0.0142
v  0.1113 0.2150 -0.0147
v  0.1113 0.2148 0.0118
v  0.1170 0.2156 0.0121
v  0.0729 0.2156 0.0106
v  0.0729 0.2159 -0.0168
v  0.0665 0.1680 -0.0221
v  0.0666 0.1678 0.0079
v  0.0684 0.1817 0.0072
v  0.0684 0.1819 -0.0231
v  0.0946 0.1724 -0.0232
v  0.0542 0.0935 -0.0167
v  0.0284 0.1029 -0.0166
v  0.0310 0.1146 -0.0174
v  0.0422 0.1152 -0.0178
v  0.0517 0.1210 -0.0185
v  0.0571 0.1308 -0.0194
v  0.0212 0.1199 -0.0178
v  0.0010 0.1056 -0.0165
v  -0.0015 0.1942 -0.0230
v  0.0263 0.1914 -0.0231
v  0.0220 0.1781 -0.0220
v  0.0145 0.1404 -0.0192
v  0.0152 0.1293 -0.0184
v  -0.0029 0.2429 -0.0139
v  0.0019 0.2398 -0.0144
v  0.0369 0.2240 -0.0168
v  -0.0445 0.1875 -0.0230
v  -0.0446 0.1891 -0.0227
v  -0.0566 0.2075 -0.0190
v  -0.0648 0.2360 -0.0134
v  -0.0062 0.2452 -0.0134
v  -0.0791 0.2855 -0.0011
v  -0.0616 0.2883 -0.0011
v  -0.0365 0.2651 -0.0075
v  -0.0865 0.3112 0.0083
v  -0.1011 0.2761 -0.0011
v  -0.1106 0.2908 0.0050
v  -0.1167 0.2943 0.0070
v  -0.1237 0.2937 0.0077
v  -0.1289 0.2891 0.0070
v  -0.1306 0.2823 0.0050
v  -0.1265 0.2652 -0.0012
v  -0.1485 0.2558 -0.0012
v  -0.1620 0.2787 0.0081
v  -0.1618 0.2971 0.0141
v  -0.1309 0.3104 0.0142
v  -0.1000 0.3237 0.0143
v  -0.1625 0.2449 -0.0013
v  -0.1224 0.2113 -0.0136
v  -0.1693 0.1751 -0.0138
v  -0.1629 0.2108 -0.0079
v  -0.1011 0.1632 -0.0231
v  -0.1355 0.1366 -0.0234
v  -0.1700 0.1712 -0.0143
v  -0.1073 0.1858 -0.0191
v  -0.1021 0.1644 -0.0228
v  -0.1143 0.2148 -0.0136
v  -0.1073 0.1856 0.0095
v  -0.1021 0.1642 0.0073
v  -0.1306 0.2821 0.0288
v  -0.1265 0.2650 0.0225
v  -0.1143 0.2146 0.0125
v  -0.1620 0.2786 0.0319
v  -0.1485 0.2556 0.0225
v  -0.1289 0.2889 0.0308
v  -0.1237 0.2935 0.0315
v  -0.1167 0.2941 0.0307
v  -0.1106 0.2907 0.0288
v  -0.1011 0.2759 0.0226
v  -0.0791 0.2854 0.0226
v  -0.0864 0.3110 0.0321
v  -0.1000 0.3235 0.0381
v  -0.1309 0.3102 0.0380
v  -0.1618 0.2970 0.0379
v  -0.0616 0.2881 0.0226
v  -0.0648 0.2359 0.0126
v  -0.0062 0.2450 0.0126
v  -0.0365 0.2649 0.0174
v  -0.0444 0.1873 0.0073
v  -0.0015 0.1939 0.0073
v  -0.0029 0.2427 0.0123
v  -0.0566 0.2073 0.0096
v  -0.0446 0.1888 0.0074
v  -0.0728 0.2324 0.0126
v  -0.0729 0.2326 -0.0135
v  -0.0400 0.1497 -0.0203
v  -0.0379 0.1323 -0.0190
v  -0.0379 0.1321 0.0100
v  -0.0400 0.1495 0.0091
v  -0.0261 0.1014 -0.0166
v  -0.0514 0.0905 -0.0167
v  -0.0768 0.1339 -0.0203
v  -0.0656 0.1204 -0.0191
v  -0.0520 0.1270 -0.0191
v  -0.0731 0.0737 -0.0168
v  -0.0768 0.1337 0.0091
v  -0.0656 0.1202 0.0099
v  -0.1011 0.1629 0.0071
v  -0.1223 0.2112 0.0125
v  -0.1693 0.1750 0.0122
v  -0.1700 0.1710 0.0120
v  -0.1355 0.1364 0.0070
v  -0.0728 0.0733 0.0115
v  -0.0512 0.0900 0.0116
v  -0.0260 0.1008 0.0116
v  -0.0520 0.1268 0.0099
v  0.0011 0.1050 0.0116
v  -0.0221 0.0866 0.0115
v  0.0013 0.0902 0.0115
v  -0.0439 0.0772 0.0114
v  -0.0626 0.0628 0.0113
v  -0.0897 0.0517 0.0113
v  -0.0772 0.0441 0.0113
v  -0.0973 0.0688 0.0105
v  -0.1003 0.0580 0.0106
v  -0.1527 0.1143 0.0068
v  -0.1401 0.1083 0.0075
v  -0.1076 0.0878 0.0096
v  -0.1000 0.0796 0.0101
v  -0.1710 0.1653 0.0116
v  -0.1836 0.1291 0.0102
v  -0.1710 0.1655 -0.0149
v  -0.1629 0.2106 0.0171
v  -0.1527 0.1146 -0.0234
v  -0.1836 0.1293 -0.0174
v  -0.1401 0.1085 -0.0224
v  -0.0900 0.0521 -0.0169
v  -0.1003 0.0582 -0.0178
v  -0.0974 0.0690 -0.0181
v  -0.1000 0.0798 -0.0187
v  -0.1076 0.0880 -0.0195
v  -0.1084 0.0505 -0.0182
v  -0.1010 0.0269 -0.0171
v  -0.1860 0.0519 -0.0239
v  -0.1748 0.0775 -0.0238
v  -0.1634 0.0693 -0.0227
v  -0.1300 0.0505 -0.0197
v  -0.1192 0.0477 -0.0190
v  -0.2328 0.0656 -0.0150
v  -0.2284 0.0692 -0.0155
v  -0.2026 0.0976 -0.0175
v  -0.1929 0.0090 -0.0242
v  -0.1945 0.0093 -0.0239
v  -0.2158 0.0036 -0.0204
v  -0.2454 0.0046 -0.0150
v  -0.2360 0.0631 -0.0146
v  -0.2970 0.0062 -0.0029
v  -0.2942 0.0237 -0.0028
v  -0.2643 0.0404 -0.0091
v  -0.3237 0.0071 0.0062
v  -0.2948 -0.0176 -0.0031
v  -0.3118 -0.0222 0.0028
v  -0.3170 -0.0269 0.0048
v  -0.3186 -0.0337 0.0055
v  -0.3158 -0.0401 0.0047
v  -0.3098 -0.0438 0.0027
v  -0.2923 -0.0452 -0.0034
v  -0.2901 -0.0690 -0.0035
v  -0.3162 -0.0748 0.0056
v  -0.3337 -0.0689 0.0115
v  -0.3367 -0.0355 0.0118
v  -0.3398 -0.0020 0.0120
v  -0.2842 -0.0856 -0.0036
v  -0.2397 -0.0578 -0.0155
v  -0.2198 -0.1136 -0.0158
v  -0.2518 -0.0966 -0.0101
v  -0.1873 -0.0524 -0.0247
v  -0.1726 -0.0934 -0.0250
v  -0.2162 -0.1155 -0.0164
v  -0.2107 -0.0513 -0.0207
v  -0.1887 -0.0530 -0.0244
v  -0.2405 -0.0491 -0.0154
v  -0.2107 -0.0516 0.0078
v  -0.1887 -0.0533 0.0057
v  -0.3098 -0.0440 0.0264
v  -0.2923 -0.0453 0.0203
v  -0.2405 -0.0493 0.0106
v  -0.3158 -0.0403 0.0284
v  -0.3186 -0.0339 0.0293
v  -0.3162 -0.0750 0.0294
v  -0.2901 -0.0692 0.0202
v  -0.3170 -0.0271 0.0286
v  -0.3118 -0.0223 0.0266
v  -0.2948 -0.0178 0.0206
v  -0.2970 0.0061 0.0208
v  -0.3237 0.0069 0.0300
v  -0.3398 -0.0022 0.0358
v  -0.3367 -0.0356 0.0356
v  -0.3337 -0.0691 0.0353
v  -0.2942 0.0235 0.0209
v  -0.2454 0.0044 0.0111
v  -0.2360 0.0629 0.0114
v  -0.2643 0.0403 0.0159
v  -0.2157 0.0034 0.0082
v  -0.1944 0.0091 0.0062
v  -0.1929 0.0088 0.0061
v  -0.1859 0.0517 0.0064
v  -0.2328 0.0654 0.0113
v  -0.1748 0.0773 0.0066
v  -0.2025 0.0974 0.0100
v  -0.2283 0.0690 0.0110
v  -0.1634 0.0690 0.0073
v  -0.1006 0.0266 0.0111
v  -0.1083 0.0503 0.0104
v  -0.1191 0.0475 0.0099
v  -0.1300 0.0503 0.0093
v  -0.2517 -0.0968 0.0149
v  -0.2842 -0.0858 0.0201
v  -0.2198 -0.1138 0.0101
v  -0.2112 -0.1182 -0.0169
v  -0.2112 -0.1184 0.0096
v  -0.2162 -0.1157 0.0099
v  -0.1806 -0.1416 0.0082
v  -0.1806 -0.1414 -0.0193
v  -0.1570 -0.1165 -0.0252
v  -0.1473 -0.1064 -0.0240
v  -0.1473 -0.1066 0.0060
v  -0.1570 -0.1168 0.0052
v  -0.0936 -0.0535 -0.0177
v  -0.0783 -0.0762 -0.0178
v  -0.0872 -0.0841 -0.0189
v  -0.0966 -0.0780 -0.0191
v  -0.1077 -0.0772 -0.0198
v  -0.1178 -0.0819 -0.0207
v  -0.0824 -0.0942 -0.0193
v  -0.0577 -0.0945 -0.0180
v  -0.1077 -0.1675 -0.0256
v  -0.1286 -0.1490 -0.0254
v  -0.1172 -0.1407 -0.0243
v  -0.0891 -0.1147 -0.0210
v  -0.0831 -0.1053 -0.0200
v  -0.1352 -0.2079 -0.0171
v  -0.1373 -0.2025 -0.0176
v  -0.1563 -0.1692 -0.0196
v  -0.0698 -0.1888 -0.0255
v  -0.0710 -0.2108 -0.0220
v  -0.0811 -0.2388 -0.0169
v  -0.1338 -0.2117 -0.0167
v  -0.0690 -0.1873 -0.0257
v  -0.0504 -0.1542 -0.0225
v  -0.0332 -0.1070 -0.0181
v  -0.0418 -0.1389 -0.0210
v  -0.0064 -0.1131 -0.0182
v  -0.0113 -0.1631 -0.0226
v  -0.0125 -0.1456 -0.0210
v  -0.0273 -0.1429 -0.0210
v  0.0210 -0.1123 -0.0182
v  0.0346 -0.1997 -0.0259
v  -0.0088 -0.2010 -0.0259
v  0.0421 -0.2481 -0.0176
v  0.0392 -0.2509 -0.0170
v  -0.0200 -0.2526 -0.0171
v  -0.0172 -0.2230 -0.0222
v  -0.0087 -0.2026 -0.0256
v  -0.0286 -0.2507 -0.0170
v  -0.0250 -0.3040 -0.0054
v  -0.0484 -0.2987 -0.0054
v  -0.1078 -0.3126 0.0037
v  -0.0987 -0.2873 -0.0053
v  -0.0754 -0.2926 -0.0053
v  -0.0763 -0.3103 0.0006
v  -0.0734 -0.3166 0.0025
v  -0.0674 -0.3203 0.0032
v  -0.0604 -0.3196 0.0024
v  -0.0551 -0.3151 0.0006
v  -0.0276 -0.3307 0.0036
v  -0.0386 -0.3455 0.0093
v  -0.0714 -0.3381 0.0094
v  -0.1042 -0.3307 0.0094
v  -0.0073 -0.3035 -0.0054
v  0.0131 -0.2761 -0.0115
v  0.0392 -0.2511 0.0090
v  0.0131 -0.2762 0.0134
v  0.0463 -0.2441 -0.0180
v  0.0463 -0.2443 0.0085
v  0.0422 -0.2483 0.0087
v  0.0778 -0.2224 0.0074
v  0.0778 -0.2222 -0.0201
v  0.0615 -0.1922 0.0044
v  0.0615 -0.1920 -0.0259
v  0.0548 -0.1797 -0.0247
v  0.0548 -0.1799 0.0053
v  0.0435 -0.1229 0.0090
v  0.0522 -0.1159 0.0093
v  0.0473 -0.1046 0.0101
v  0.0210 -0.1122 0.0101
v  0.0346 -0.2000 0.0044
v  0.0406 -0.1443 0.0077
v  0.0393 -0.1332 0.0084
v  -0.0087 -0.2028 0.0045
v  -0.0171 -0.2232 0.0064
v  -0.0200 -0.2528 0.0090
v  -0.0088 -0.2012 0.0044
v  -0.0113 -0.1633 0.0068
v  -0.0064 -0.1130 0.0100
v  -0.0124 -0.1458 0.0079
v  -0.0331 -0.1069 0.0101
v  -0.0504 -0.1545 0.0069
v  -0.0418 -0.1391 0.0080
v  -0.0273 -0.1431 0.0079
v  -0.0575 -0.0944 0.0102
v  -0.1077 -0.1677 0.0048
v  -0.0690 -0.1876 0.0045
v  -0.1352 -0.2081 0.0092
v  -0.1338 -0.2119 0.0094
v  -0.0811 -0.2389 0.0092
v  -0.0709 -0.2110 0.0065
v  -0.0697 -0.1890 0.0047
v  -0.0725 -0.2409 0.0091
v  -0.0987 -0.2875 0.0184
v  -0.0753 -0.2928 0.0184
v  -0.0763 -0.3104 0.0244
v  -0.1078 -0.3127 0.0275
v  -0.1042 -0.3309 0.0332
v  -0.0714 -0.3383 0.0332
v  -0.0386 -0.3457 0.0332
v  -0.0276 -0.3309 0.0273
v  -0.0250 -0.3042 0.0183
v  -0.0484 -0.2989 0.0183
v  -0.0551 -0.3152 0.0243
v  -0.0604 -0.3197 0.0262
v  -0.0674 -0.3204 0.0270
v  -0.0734 -0.3168 0.0262
v  -0.0073 -0.3037 0.0183
v  -0.0285 -0.2508 0.0090
v  -0.0726 -0.2407 -0.0170
v  -0.1144 -0.2793 -0.0052
v  -0.1211 -0.2457 -0.0112
v  -0.1144 -0.2794 0.0185
v  -0.1211 -0.2458 0.0137
v  -0.1372 -0.2027 0.0089
v  -0.1286 -0.1492 0.0048
v  -0.1563 -0.1694 0.0080
v  -0.1172 -0.1409 0.0057
v  -0.0780 -0.0762 0.0104
v  -0.0872 -0.0843 0.0096
v  -0.0824 -0.0944 0.0093
v  -0.0830 -0.1055 0.0088
v  -0.0890 -0.1149 0.0081
v  -0.0966 -0.0782 0.0094
v  -0.0933 -0.0535 0.0105
v  -0.1726 -0.0936 0.0053
v  -0.1178 -0.0821 0.0083
v  -0.1077 -0.0774 0.0090
v  -0.2397 -0.0580 0.0106
v  -0.1872 -0.0527 0.0056
v  -0.1520 -0.0386 0.0079
v  -0.1025 -0.0277 0.0108
v  -0.1356 -0.0321 0.0089
v  -0.1050 -0.0004 0.0110
v  -0.1556 0.0013 0.0081
v  -0.1384 -0.0021 0.0091
v  -0.1377 -0.0172 0.0089
v  -0.1556 0.0015 -0.0212
v  -0.1384 -0.0019 -0.0199
v  -0.2446 -0.0041 -0.0150
v  -0.2446 -0.0043 0.0110
v  -0.1054 -0.0002 -0.0173
v  -0.1029 -0.0276 -0.0175
v  -0.1520 -0.0384 -0.0215
v  -0.1356 -0.0319 -0.0201
v  -0.1377 -0.0170 -0.0201
v  -0.0372 -0.0131 -0.0157
v  -0.0336 -0.0231 -0.0159
v  -0.0381 -0.0025 -0.0157
v  -0.0365 0.0080 -0.0156
v  -0.0322 0.0177 -0.0155
v  -0.0257 0.0261 -0.0155
v  -0.0173 0.0325 -0.0155
v  -0.0075 0.0367 -0.0154
v  0.0030 0.0384 -0.0154
v  0.0135 0.0373 -0.0154
v  0.0235 0.0337 -0.0155
v  0.0323 0.0277 -0.0156
v  0.0769 0.0780 -0.0168
v  0.0393 0.0197 -0.0156
v  0.0950 0.0574 -0.0170
v  0.0441 0.0103 -0.0156
v  0.1074 0.0329 -0.0172
v  0.0464 -0.0001 -0.0158
v  0.1133 0.0060 -0.0173
v  0.0460 -0.0107 -0.0158
v  0.1124 -0.0214 -0.0176
v  0.0430 -0.0209 -0.0159
v  0.1047 -0.0478 -0.0177
v  0.0376 -0.0300 -0.0160
v  0.0906 -0.0714 -0.0180
v  0.0300 -0.0375 -0.0160
v  0.0711 -0.0908 -0.0181
v  0.0209 -0.0429 -0.0160
v  0.0474 -0.1047 -0.0181
v  0.0107 -0.0458 -0.0160
v  0.0001 -0.0461 -0.0160
v  -0.0103 -0.0438 -0.0160
v  -0.0197 -0.0390 -0.0160
v  -0.0277 -0.0319 -0.0159
v  0.0522 -0.1157 -0.0192
v  0.0434 -0.1227 -0.0195
v  0.0392 -0.1330 -0.0204
v  0.0406 -0.1441 -0.0213
v  0.0632 -0.1142 -0.0195
v  0.1252 -0.1608 -0.0257
v  0.1011 -0.1750 -0.0258
v  0.0968 -0.1617 -0.0246
v  0.0807 -0.1268 -0.0212
v  0.0736 -0.1183 -0.0203
v  0.1550 -0.1996 -0.0172
v  0.1493 -0.1998 -0.0177
v  0.1118 -0.2076 -0.0200
v  0.1571 -0.1314 -0.0252
v  0.1777 -0.1393 -0.0217
v  0.2011 -0.1576 -0.0165
v  0.1591 -0.1994 -0.0168
v  0.1560 -0.1302 -0.0255
v  0.1303 -0.1023 -0.0222
v  0.1183 -0.0894 -0.0207
v  0.1508 -0.0679 -0.0220
v  0.1337 -0.0635 -0.0205
v  0.1266 -0.0768 -0.0207
v  0.1998 -0.0355 -0.0248
v  0.1876 -0.0772 -0.0251
v  0.2481 -0.0433 -0.0162
v  0.2498 -0.0470 -0.0158
v  0.2331 -0.1038 -0.0161
v  0.2059 -0.0919 -0.0213
v  0.1891 -0.0776 -0.0249
v  0.2287 -0.1114 -0.0162
v  0.2804 -0.1246 -0.0043
v  0.2682 -0.1451 -0.0045
v  0.2629 -0.2060 0.0042
v  0.2418 -0.1895 -0.0048
v  0.2540 -0.1689 -0.0046
v  0.2705 -0.1753 0.0013
v  0.2774 -0.1745 0.0033
v  0.2827 -0.1699 0.0041
v  0.2842 -0.1631 0.0034
v  0.2816 -0.1566 0.0015
v  0.3050 -0.1353 0.0048
v  0.3156 -0.1504 0.0105
v  0.2984 -0.1793 0.0103
v  0.2812 -0.2082 0.0101
v  0.2854 -0.1076 -0.0042
v  0.2657 -0.0796 -0.0102
v  0.2498 -0.0472 0.0103
v  0.2657 -0.0798 0.0147
v  0.2456 -0.0381 -0.0166
v  0.2456 -0.0383 0.0099
v  0.2481 -0.0435 0.0101
v  0.1891 -0.0778 0.0054
v  0.2059 -0.0921 0.0072
v  0.2331 -0.1040 0.0099
v  0.1998 -0.0357 0.0055
v  0.1876 -0.0774 0.0052
v  0.1508 -0.0681 0.0074
v  0.1121 -0.0216 0.0107
v  0.1044 -0.0479 0.0105
v  0.1337 -0.0638 0.0085
v  0.0904 -0.0714 0.0103
v  0.1303 -0.1025 0.0072
v  0.1183 -0.0896 0.0083
v  0.1266 -0.0770 0.0083
v  0.0709 -0.0907 0.0101
v  0.1252 -0.1611 0.0046
v  0.1560 -0.1304 0.0049
v  0.1551 -0.1998 0.0090
v  0.1591 -0.1996 0.0092
v  0.2011 -0.1578 0.0095
v  0.1777 -0.1395 0.0068
v  0.1571 -0.1316 0.0050
v  0.2056 -0.1503 0.0095
v  0.2418 -0.1896 0.0189
v  0.2541 -0.1691 0.0191
v  0.2705 -0.1754 0.0251
v  0.2629 -0.2062 0.0281
v  0.2812 -0.2084 0.0339
v  0.2984 -0.1795 0.0342
v  0.3156 -0.1506 0.0343
v  0.3050 -0.1355 0.0285
v  0.2805 -0.1247 0.0194
v  0.2682 -0.1453 0.0192
v  0.2816 -0.1568 0.0252
v  0.2843 -0.1633 0.0272
v  0.2827 -0.1701 0.0279
v  0.2775 -0.1747 0.0271
v  0.2293 -0.2021 0.0189
v  0.1953 -0.1980 0.0138
v  0.1953 -0.1978 -0.0110
v  0.2293 -0.2019 -0.0048
v  0.1493 -0.2001 0.0087
v  0.1011 -0.1752 0.0045
v  0.1118 -0.2078 0.0075
v  0.0968 -0.1619 0.0054
v  0.0632 -0.1144 0.0091
v  0.0736 -0.1185 0.0085
v  0.0807 -0.1271 0.0078
v  0.0617 -0.0790 0.0103
v  0.0413 -0.0910 0.0102
v  0.0785 -0.0623 0.0104
v  0.0906 -0.0420 0.0105
v  0.0972 -0.0192 0.0106
v  0.0981 0.0044 0.0108
v  0.1130 0.0058 0.0108
v  0.1071 0.0325 0.0110
v  0.0930 0.0275 0.0110
v  0.1828 0.0351 0.0068
v  0.1969 0.0352 0.0060
v  0.1908 0.0624 0.0062
v  0.1253 0.0069 0.0101
v  0.1273 0.0179 0.0100
v  0.1344 0.0265 0.0096
v  0.1447 0.0306 0.0090
v  0.1292 -0.0035 0.0098
v  0.2008 -0.0078 0.0057
v  0.1870 -0.0103 0.0064
v  0.1487 -0.0128 0.0087
v  0.1378 -0.0107 0.0093
v  0.2345 -0.0016 0.0089
v  0.2345 -0.0014 -0.0185
v  0.2008 -0.0076 -0.0246
v  0.1870 -0.0101 -0.0235
v  0.1253 0.0071 -0.0184
v  0.1292 -0.0033 -0.0188
v  0.1377 -0.0105 -0.0195
v  0.1487 -0.0126 -0.0204
v  0.1273 0.0181 -0.0186
v  0.1908 0.0627 -0.0241
v  0.1968 0.0354 -0.0243
v  0.1828 0.0354 -0.0232
v  0.1447 0.0309 -0.0201
v  0.1343 0.0268 -0.0192
v  0.2368 0.0790 -0.0153
v  0.2353 0.0735 -0.0158
v  0.2311 0.0354 -0.0183
v  0.1726 0.1021 -0.0235
v  0.1865 0.1192 -0.0198
v  0.2112 0.1358 -0.0143
v  0.2379 0.0829 -0.0148
v  0.1712 0.1015 -0.0238
v  0.1367 0.0856 -0.0208
v  0.1207 0.0782 -0.0195
v  0.1103 0.1157 -0.0206
v  0.1009 0.1008 -0.0193
v  0.1113 0.0900 -0.0195
v  0.1305 0.1478 -0.0235
v  0.1699 0.1829 -0.0139
v  0.1502 0.1607 -0.0194
v  0.1314 0.1492 -0.0231
v  0.1757 0.1763 -0.0141
v  0.2041 0.2214 -0.0017
v  0.2199 0.2034 -0.0019
v  0.2761 0.1795 0.0071
v  0.2539 0.1646 -0.0022
v  0.2382 0.1826 -0.0020
v  0.2493 0.1962 0.0041
v  0.2507 0.2031 0.0061
v  0.2479 0.2095 0.0068
v  0.2419 0.2131 0.0061
v  0.2349 0.2126 0.0042
v  0.2838 0.1962 0.0131
v  0.2476 0.1178 -0.0088
v  0.2619 0.1488 -0.0023
v  0.2619 0.1487 0.0214
v  0.2476 0.1176 0.0162
v  0.2112 0.1356 0.0117
v  0.2379 0.0827 0.0112
v  0.1712 0.1012 0.0065
v  0.2369 0.0788 0.0110
v  0.1866 0.1190 0.0088
v  0.1727 0.1019 0.0067
v  0.2054 0.1422 0.0117
v  0.2054 0.1424 -0.0143
v  0.2353 0.0733 0.0107
v  0.2311 0.0352 0.0092
v  0.1207 0.0780 0.0095
v  0.1367 0.0853 0.0086
v  0.0948 0.0570 0.0112
v  0.1009 0.1006 0.0097
v  0.1103 0.1155 0.0088
v  0.0767 0.0776 0.0114
v  0.1114 0.0898 0.0095
v  0.1314 0.1490 0.0070
v  0.1306 0.1476 0.0069
v  0.1502 0.1605 0.0091
v  0.1699 0.1827 0.0120
v  0.0947 0.1722 0.0071
v  0.0541 0.0930 0.0115
v  0.0422 0.1149 0.0107
v  0.0311 0.1144 0.0110
v  0.0283 0.1024 0.0116
v  0.0571 0.1306 0.0097
v  0.0517 0.1208 0.0103
v  0.0212 0.1197 0.0108
v  0.0152 0.1291 0.0104
v  0.0220 0.1779 0.0079
v  0.0263 0.1912 0.0073
v  0.0145 0.1402 0.0098
v  0.0369 0.2238 0.0107
v  0.0019 0.2396 0.0120
v  -0.1625 0.2448 0.0224
v  0.0249 0.0879 0.0115
v  0.0014 0.0888 0.2055
v  0.0250 0.0865 0.2055
v  -0.0220 0.0851 0.2055
v  -0.0437 0.0758 0.2054
v  -0.0625 0.0613 0.2053
v  -0.0770 0.0427 0.2052
v  -0.0866 0.0224 0.0111
v  -0.0865 0.0210 0.2051
v  -0.0904 -0.0010 0.0110
v  -0.0882 -0.0246 0.0107
v  -0.0803 -0.0468 0.0106
v  -0.0802 -0.0483 0.2046
v  -0.0881 -0.0260 0.2047
v  -0.0670 -0.0665 0.0104
v  -0.0669 -0.0679 0.2044
v  -0.0493 -0.0822 0.0103
v  -0.0492 -0.0836 0.2042
v  -0.0281 -0.0944 0.2042
v  -0.0282 -0.0930 0.0102
v  -0.0050 -0.0996 0.2042
v  -0.0052 -0.0982 0.0102
v  0.0186 -0.0989 0.2041
v  0.0185 -0.0975 0.0101
v  0.0414 -0.0924 0.2041
v  0.0618 -0.0804 0.2042
v  0.0786 -0.0637 0.2043
v  0.0907 -0.0434 0.2045
v  0.0668 0.0650 0.2053
v  0.0824 0.0472 0.2052
v  0.0974 -0.0207 0.2046
v  0.0931 0.0261 0.2050
v  0.0982 0.0030 0.2048
v  0.0823 0.0487 0.0112
v  0.0667 0.0665 0.0113
v  0.0471 0.0798 0.0115
v  0.0472 0.0784 0.2054
v  0.0372 -0.0026 0.2048
v  0.0354 0.0055 0.2049
v  0.0316 0.0129 0.2049
v  0.0262 0.0192 0.2050
v  0.0193 0.0239 0.2050
v  0.0115 0.0267 0.2050
v  0.0032 0.0275 0.2050
v  -0.0050 0.0263 0.2050
v  -0.0127 0.0230 0.2050
v  -0.0193 0.0179 0.2050
v  -0.0244 0.0113 0.2049
v  -0.0277 0.0037 0.2049
v  -0.0291 -0.0045 0.2049
v  -0.0903 -0.0024 0.2049
v  -0.0283 -0.0128 0.2048
v  -0.0255 -0.0206 0.2047
v  -0.0208 -0.0275 0.2046
v  -0.0146 -0.0330 0.2047
v  -0.0072 -0.0368 0.2046
v  0.0009 -0.0387 0.2045
v  0.0092 -0.0384 0.2046
v  0.0172 -0.0361 0.2046
v  0.0244 -0.0319 0.2046
v  0.0303 -0.0260 0.2047
v  0.0346 -0.0189 0.2047
v  0.0369 -0.0109 0.2047
v  0.0371 -0.0013 0.0263
v  0.0368 -0.0096 0.0261
v  0.0353 0.0068 0.0263
v  0.0315 0.0143 0.0263
v  0.0260 0.0205 0.0264
v  0.0192 0.0252 0.0264
v  0.0113 0.0280 0.0264
v  0.0031 0.0289 0.0264
v  -0.0052 0.0276 0.0265
v  -0.0128 0.0243 0.0264
v  -0.0194 0.0192 0.0264
v  -0.0245 0.0127 0.0264
v  -0.0278 0.0050 0.0263
v  -0.0292 -0.0032 0.0262
v  -0.0284 -0.0115 0.0262
v  -0.0256 -0.0193 0.0261
v  -0.0210 -0.0262 0.0261
v  -0.0147 -0.0317 0.0260
v  -0.0073 -0.0355 0.0260
v  0.0008 -0.0374 0.0260
v  0.0091 -0.0371 0.0260
v  0.0171 -0.0348 0.0260
v  0.0243 -0.0306 0.0260
v  0.0302 -0.0247 0.0261
v  0.0344 -0.0176 0.0261
v  0.1757 0.1761 0.0120
v  0.2056 -0.1501 -0.0164
v  0.2287 -0.1115 0.0099
v  0.2854 -0.1078 0.0195
# 1015 vertices

vn 0.3571 0.2935 -0.8867
vn 0.4241 0.2557 -0.8688
vn 0.2350 -0.0338 -0.9714
vn 0.2443 -0.0364 -0.9690
vn 0.2834 0.3131 -0.9065
vn 0.2540 -0.0362 -0.9665
vn 0.2636 -0.0373 -0.9639
vn 0.2067 0.3146 -0.9264
vn 0.2248 0.8813 -0.4156
vn 0.0095 0.8818 -0.4714
vn -0.2281 0.8805 0.4156
vn -0.0127 0.8818 0.4714
vn -0.1980 0.8252 -0.5289
vn -0.4363 0.8243 0.3609
vn 0.1328 0.2937 -0.9466
vn 0.2727 -0.0352 -0.9615
vn 0.2773 -0.1848 -0.9428
vn 0.3210 -0.1740 -0.9309
vn 0.2320 -0.1859 -0.9548
vn 0.1881 -0.1741 -0.9666
vn 0.1474 -0.1516 -0.9774
vn 0.2332 -0.0215 -0.9722
vn 0.1165 -0.1176 -0.9862
vn 0.4797 0.2016 -0.8539
vn 0.7789 0.5673 -0.2673
vn 0.6219 0.7192 -0.3099
vn 0.3835 0.7186 0.5801
vn 0.5421 0.5676 0.6197
vn 0.4332 0.8259 -0.3609
vn 0.1950 0.8260 0.5289
vn -0.2079 0.3139 0.9264
vn -0.1338 0.2933 0.9466
vn -0.2845 0.3119 0.9065
vn -0.3582 0.2922 0.8868
vn -0.6245 0.7169 0.3099
vn -0.4250 0.2541 0.8688
vn -0.3862 0.7172 -0.5800
vn 0.0660 0.2553 -0.9646
vn 0.2824 -0.0337 -0.9587
vn 0.3640 -0.1564 -0.9182
vn 0.3880 -0.4026 -0.8291
vn 0.4802 -0.3510 -0.8039
vn 0.2868 -0.4291 -0.8565
vn 0.1812 -0.4302 -0.8844
vn 0.0810 -0.4000 -0.9129
vn -0.0092 -0.3475 -0.9376
vn -0.0938 -0.2799 -0.9554
vn 0.0929 -0.0789 -0.9925
vn -0.1440 -0.1844 -0.9722
vn 0.2256 -0.0153 -0.9741
vn 0.5218 0.1358 -0.8422
vn 0.8946 0.3799 -0.2353
vn 0.6566 0.3793 0.6519
vn -0.0097 0.2022 0.9793
vn 0.0317 0.1350 0.9903
vn -0.0670 0.2551 0.9646
vn -0.2823 -0.0347 0.9587
vn -0.2726 -0.0363 0.9615
vn -0.3205 -0.1754 0.9309
vn -0.3604 -0.1530 0.9202
vn -0.2635 -0.0383 0.9639
vn -0.2767 -0.1859 0.9428
vn -0.2539 -0.0372 0.9665
vn -0.2442 -0.0373 0.9690
vn -0.2383 -0.0298 0.9707
vn -0.2331 -0.0224 0.9722
vn -0.4804 0.1999 0.8539
vn -0.2255 -0.0162 0.9741
vn -0.5223 0.1339 0.8422
vn -0.2200 -0.0081 0.9755
vn -0.5457 0.0582 0.8360
vn -0.2239 0.0018 0.9746
vn -0.5499 -0.0207 0.8350
vn -0.5371 -0.0989 0.8377
vn -0.2238 0.0117 0.9746
vn -0.9348 -0.2766 0.2228
vn -0.9749 -0.0576 0.2151
vn -0.6970 -0.2757 -0.6619
vn -0.7384 -0.0570 -0.6719
vn -0.0598 -0.0196 -0.9980
vn -0.0455 -0.0979 -0.9942
vn -0.7243 0.1650 -0.6694
vn -0.0559 0.0595 -0.9967
vn -0.9620 0.1647 0.2179
vn -0.8960 0.3767 0.2353
vn -0.6580 0.3769 -0.6519
vn -0.0302 0.1340 -0.9905
vn -0.5442 0.5656 -0.6197
vn 0.0090 0.2022 -0.9793
vn -0.7810 0.5645 0.2673
vn 0.2887 -0.0257 -0.9571
vn 0.3955 -0.1199 -0.9106
vn 0.5560 -0.2745 -0.7845
vn 0.6243 -0.7152 -0.3143
vn 0.7802 -0.5623 -0.2742
vn 0.4365 -0.8226 -0.3645
vn 0.2294 -0.8772 -0.4217
vn 0.0156 -0.8770 -0.4802
vn -0.1928 -0.8234 -0.5337
vn -0.3809 -0.7173 -0.5834
vn -0.5393 -0.5661 -0.6235
vn -0.6530 -0.3779 -0.6564
vn -0.1765 -0.0816 -0.9809
vn -0.7176 -0.1670 -0.6762
vn 0.0733 -0.0355 -0.9967
vn 0.2201 -0.0072 -0.9754
vn 0.5454 0.0601 -0.8360
vn 0.9614 0.1682 -0.2179
vn 0.7237 0.1677 0.6695
vn 0.0557 0.0597 0.9967
vn -0.2943 -0.0081 0.9557
vn -0.2941 -0.0176 0.9556
vn -0.4203 -0.0815 0.9037
vn -0.4349 -0.0366 0.8998
vn -0.2889 -0.0264 0.9570
vn -0.3951 -0.1214 0.9106
vn -0.4762 -0.3476 0.8077
vn -0.5547 -0.2769 0.7846
vn -0.3869 -0.4039 0.8290
vn -0.2852 -0.4301 0.8565
vn -0.2313 -0.1868 0.9548
vn -0.1796 -0.4309 0.8844
vn -0.1870 -0.1746 0.9667
vn -0.1472 -0.1518 0.9774
vn -0.1164 -0.1185 0.9861
vn -0.0926 -0.0792 0.9925
vn -0.0731 -0.0358 0.9967
vn -0.0733 0.0119 0.9972
vn -0.0800 0.0582 0.9951
vn -0.2241 0.0225 0.9743
vn -0.0988 0.1017 0.9899
vn -0.5046 -0.1717 0.8461
vn -0.8428 -0.4779 0.2477
vn -0.6053 -0.4775 -0.6368
vn -0.0122 -0.1699 -0.9854
vn 0.2977 0.0139 -0.9546
vn 0.2901 0.0210 -0.9568
vn 0.2964 0.0031 -0.9551
vn 0.2945 -0.0065 -0.9556
vn 0.2915 -0.0152 -0.9564
vn 0.4152 -0.0772 -0.9064
vn 0.6115 -0.1828 -0.7698
vn 0.8949 -0.3753 -0.2415
vn 0.5381 -0.5625 0.6277
vn 0.6543 -0.3759 0.6563
vn 0.3839 -0.7157 0.5835
vn 0.1958 -0.8227 0.5337
vn -0.0124 -0.8771 0.4802
vn -0.2262 -0.8780 0.4218
vn -0.4336 -0.8242 0.3643
vn -0.6217 -0.7173 0.3146
vn -0.7780 -0.5653 0.2740
vn -0.8935 -0.3786 0.2415
vn -0.9597 -0.1675 0.2256
vn -0.7324 0.0540 -0.6787
vn -0.9733 0.0536 0.2233
vn -0.1866 0.0270 -0.9821
vn 0.0733 0.0122 -0.9972
vn 0.2240 0.0026 -0.9746
vn 0.5500 -0.0187 -0.8350
vn 0.9751 -0.0540 -0.2152
vn 0.7386 -0.0543 0.6720
vn 0.0596 -0.0194 0.9980
vn -0.2963 0.0020 0.9551
vn -0.4349 0.0107 0.9004
vn -0.6453 -0.0829 0.7594
vn -0.6504 0.0259 0.7591
vn -0.6109 -0.1851 0.7698
vn -0.0795 -0.4004 0.9129
vn 0.0153 -0.3530 0.9355
vn 0.0912 -0.2769 0.9566
vn 0.1446 -0.1839 0.9723
vn 0.1768 -0.0809 0.9809
vn 0.1865 0.0277 0.9821
vn 0.1685 0.1355 0.9764
vn 0.1178 0.2314 0.9657
vn -0.1277 0.1392 0.9820
vn 0.0526 0.3159 0.9473
vn -0.2313 0.0295 0.9724
vn -0.4544 -0.2315 0.8602
vn -0.7051 -0.6487 0.2866
vn -0.4674 -0.6487 -0.6006
vn 0.0360 -0.2314 -0.9722
vn 0.2831 0.0277 -0.9587
vn 0.4092 0.1031 -0.9066
vn 0.3794 0.1393 -0.9147
vn 0.4303 0.0604 -0.9006
vn 0.4347 0.0123 -0.9005
vn 0.4350 -0.0350 -0.8998
vn 0.6459 -0.0806 -0.7592
vn 0.9604 -0.1641 -0.2254
vn 0.7182 -0.1644 0.6761
vn 0.7322 0.0568 0.6787
vn 0.6921 0.2748 0.6674
vn 0.6004 0.4754 0.6430
vn 0.4637 0.6460 0.6064
vn -0.0340 0.3775 0.9254
vn 0.2905 0.7764 0.5593
vn -0.1666 0.1650 0.9721
vn -0.2383 0.0372 0.9705
vn -0.3922 -0.2779 0.8769
vn -0.5307 -0.7797 0.3322
vn -0.2943 -0.7800 -0.5523
vn 0.0973 -0.2793 -0.9553
vn 0.2763 0.0335 -0.9605
vn 0.3432 0.1693 -0.9239
vn 0.5213 0.3197 -0.7912
vn 0.4361 0.3863 -0.8128
vn 0.5880 0.2347 -0.7741
vn 0.6316 0.1352 -0.7634
vn 0.6524 0.0285 -0.7573
vn 0.9740 0.0573 -0.2193
vn 0.9332 0.2755 -0.2305
vn 0.8410 0.4750 -0.2589
vn 0.7047 0.6468 -0.2915
vn 0.5308 0.7768 -0.3388
vn 0.0920 0.8593 0.5032
vn 0.3310 0.8588 -0.3910
vn 0.3364 0.4218 -0.8420
vn 0.2987 0.1783 -0.9376
vn 0.2673 0.0343 -0.9630
vn 0.1705 -0.3047 -0.9370
vn 0.2585 0.0422 -0.9651
vn 0.2460 -0.3143 -0.9169
vn 0.2543 0.1850 -0.9492
vn 0.2332 0.4292 -0.8726
vn 0.1189 0.8855 -0.4491
vn -0.1221 0.8851 0.4491
vn -0.2339 0.4349 0.8696
vn -0.1302 0.4193 0.8985
vn -0.2551 0.1835 0.9493
vn -0.2106 0.1792 0.9610
vn -0.2587 0.0355 0.9653
vn -0.2488 0.0384 0.9678
vn -0.2449 -0.3153 0.9169
vn -0.3210 -0.3075 0.8958
vn -0.1173 -0.8885 0.4436
vn -0.3305 -0.8617 0.3851
vn 0.1206 -0.8880 -0.4437
vn -0.0927 -0.8599 -0.5019
vn 0.3225 -0.3062 -0.8957
vn 0.3337 -0.8604 -0.3851
vn 0.0957 -0.8597 0.5018
vn 0.5336 -0.7767 -0.3348
vn 0.2956 -0.7774 0.5552
vn 0.3930 -0.2757 -0.8772
vn 0.2394 0.0358 -0.9703
vn 0.2486 0.0393 -0.9678
vn 0.2094 0.1798 -0.9611
vn 0.1659 0.1657 -0.9721
vn 0.1286 0.4198 -0.8984
vn -0.0951 0.8590 -0.5031
vn -0.3342 0.8576 0.3909
vn -0.3384 0.4205 0.8418
vn -0.2988 0.1771 0.9377
vn -0.2674 0.0332 0.9630
vn -0.1694 -0.3054 0.9370
vn -0.0984 -0.2764 0.9560
vn 0.4701 -0.6468 0.6006
vn -0.0351 -0.2316 0.9722
vn 0.7075 -0.6460 -0.2866
vn 0.4549 -0.2301 -0.8603
vn 0.2312 0.0303 -0.9724
vn 0.1271 0.1397 -0.9820
vn 0.0326 0.3776 -0.9254
vn -0.0537 0.3157 -0.9474
vn -0.2934 0.7753 -0.5593
vn -0.5335 0.7766 0.3351
vn -0.4365 0.3820 0.8146
vn -0.3413 0.1629 0.9257
vn -0.2765 0.0325 0.9605
vn -0.2832 0.0267 0.9587
vn 0.0128 -0.1699 0.9854
vn -0.2902 0.0200 0.9568
vn 0.6071 -0.4753 0.6368
vn 0.8445 -0.4748 -0.2476
vn 0.5053 -0.1698 -0.8461
vn 0.2241 0.0233 -0.9743
vn 0.0984 0.1020 -0.9899
vn -0.1187 0.2310 -0.9657
vn -0.4660 0.6443 -0.6064
vn -0.6022 0.4732 -0.6430
vn -0.7071 0.6443 0.2915
vn -0.5225 0.3179 0.7912
vn -0.3799 0.1379 0.9147
vn -0.4052 0.0985 0.9089
vn -0.2977 0.0128 0.9546
vn -0.4306 0.0588 0.9006
vn 0.0459 -0.0977 0.9942
vn 0.6980 -0.2732 0.6619
vn 0.9358 -0.2731 -0.2228
vn 0.5375 -0.0969 -0.8377
vn 0.2238 0.0125 -0.9746
vn 0.0799 0.0585 -0.9951
vn -0.1692 0.1350 -0.9763
vn -0.6932 0.2723 -0.6673
vn -0.8433 0.4729 0.2553
vn -0.9343 0.2720 0.2304
vn -0.5868 0.2308 0.7762
vn -0.6320 0.1333 0.7634
vn 0.5874 -0.8056 0.0775
vn -0.2313 -0.0396 0.9721
vn 0.9000 -0.3572 -0.2497
vn 0.4713 -0.1836 0.8627
vn 0.6734 0.5203 -0.5252
vn -0.7729 -0.3489 0.5300
vn -0.3731 0.2288 0.8991
vn 0.0344 0.7488 0.6619
vn -0.2153 -0.7030 0.6778
vn -0.9133 0.0338 0.4058
vn -0.4231 0.1908 0.8858
vn 0.3164 0.4739 0.8217
vn -0.4486 -0.3295 -0.8308
vn -0.4622 0.1050 -0.8806
vn -0.1652 0.5181 -0.8392
vn 0.2945 0.6733 -0.6782
vn 0.9066 -0.0392 -0.4201
vn 0.9056 0.0270 -0.4233
vn 0.4394 0.2043 0.8748
vn 0.9080 0.0166 -0.4187
vn -0.8951 -0.0371 0.4443
vn -0.8879 0.0164 0.4597
vn 0.8922 -0.0475 -0.4491
vn 0.8870 -0.0351 -0.4604
vn 0.4649 0.0248 0.8850
vn 0.8900 -0.0470 -0.4536
vn -0.8556 0.0071 0.5175
vn 0.4602 0.4795 0.7472
vn 0.8206 0.4590 -0.3406
vn 0.0578 0.6687 0.7413
vn 0.3377 0.7043 -0.6245
vn -0.3538 -0.6679 0.6548
vn 0.3802 0.6479 -0.6600
vn 0.3065 -0.0303 -0.9514
vn 0.2134 0.0286 -0.9765
vn 0.2116 0.0169 -0.9772
vn 0.7652 -0.1877 -0.6158
vn 0.5739 0.1371 0.8074
vn 0.4171 0.4761 0.7742
vn 0.1859 0.6293 0.7546
vn 0.3542 -0.5562 0.7518
vn 0.2060 0.0040 -0.9785
vn 0.3153 -0.0023 -0.9490
vn -0.0233 -0.6386 -0.7692
vn -0.3666 -0.7095 0.6018
vn -0.2384 -0.7287 0.6420
vn 0.0380 -0.7415 0.6698
vn 0.7785 -0.4132 -0.4724
vn 0.3146 -0.4158 0.8533
vn 0.4331 -0.7832 -0.4461
vn 0.2046 0.6809 -0.7032
vn -0.4399 0.7174 0.5402
vn -0.0225 0.6617 -0.7494
vn 0.4465 0.0387 -0.8940
vn 0.7851 -0.4025 -0.4708
vn 0.5141 0.0534 -0.8561
vn 0.7504 -0.4681 -0.4666
vn 0.2067 -0.5472 0.8111
vn 0.7898 -0.4264 -0.4409
vn 0.0531 0.6950 -0.7171
vn -0.7725 0.4860 0.4087
vn -0.9425 0.1799 0.2816
vn -0.9222 -0.2674 0.2795
vn -0.6835 -0.6347 0.3605
vn -0.3705 -0.7780 0.5074
vn 0.4746 -0.6410 -0.6032
vn 0.4929 0.1191 -0.8619
vn 0.4254 0.7273 -0.5386
vn 0.6914 0.6541 -0.3069
vn 0.5792 0.2485 0.7764
vn 0.9548 -0.1800 -0.2366
vn 0.3711 0.7349 -0.5677
vn 0.4312 0.0876 -0.8980
vn 0.4412 0.7018 -0.5593
vn -0.1867 0.6741 0.7147
vn 0.5862 -0.5440 -0.6004
vn 0.3018 0.0383 -0.9526
vn 0.4290 0.7085 -0.5603
vn 0.3980 -0.6506 -0.6468
vn 0.0169 -0.7360 0.6768
vn 0.4219 -0.6595 -0.6221
vn -0.3430 0.6951 0.6318
vn 0.4847 -0.6731 -0.5586
vn 0.2869 -0.7226 -0.6289
vn -0.4656 0.6377 0.6137
vn -0.3827 0.6654 0.6409
vn -0.4245 -0.7298 0.5359
vn -0.4786 -0.1115 0.8709
vn -0.1022 -0.6047 -0.7899
vn -0.3910 -0.1958 -0.8993
vn -0.3976 0.3129 -0.8625
vn -0.1465 0.6496 -0.7460
vn -0.0459 -0.6876 0.7246
vn -0.4985 -0.0501 0.8654
vn -0.7903 0.4291 0.4374
vn 0.4527 -0.2485 0.8563
vn -0.2181 0.0129 0.9759
vn 0.1878 0.5893 0.7858
vn -0.7388 0.4703 0.4826
vn -0.3916 -0.0280 0.9197
vn -0.7581 0.4099 0.5072
vn 0.7599 -0.4660 -0.4532
vn -0.1676 -0.6936 0.7006
vn -0.2835 0.0002 0.9590
vn -0.7661 0.4455 0.4632
vn 0.0547 -0.6274 0.7767
vn 0.0106 0.7609 -0.6488
vn 0.0353 -0.6578 0.7523
vn -0.0012 0.6789 -0.7342
vn 0.1426 -0.7366 -0.6612
vn 0.3398 0.6578 0.6722
vn 0.6053 0.6415 -0.4712
vn -0.1230 -0.7182 0.6849
vn 0.2070 -0.0108 -0.9783
vn 0.2112 -0.0224 -0.9772
vn 0.3083 -0.2197 -0.9256
vn 0.6218 -0.2346 0.7472
vn 0.8131 0.2113 -0.5424
vn 0.2179 -0.0344 -0.9754
vn 0.1652 -0.4759 0.8638
vn 0.8850 -0.2436 -0.3969
vn -0.5755 0.5562 0.5995
vn -0.3814 -0.0613 0.9224
vn -0.4061 -0.6827 0.6075
vn -0.3677 -0.8444 0.3896
vn -0.2782 -0.0170 0.9604
vn -0.2376 0.0185 0.9712
vn -0.2330 0.0123 0.9724
vn -0.2305 0.0045 0.9731
vn 0.5213 0.2335 0.8208
vn -0.2290 -0.0026 0.9734
vn 0.4501 0.1279 0.8838
vn 0.4625 -0.0404 0.8857
vn 0.3990 0.2888 0.8703
vn 0.3112 0.4302 0.8474
vn -0.2408 0.0258 0.9702
vn 0.1945 0.5487 0.8131
vn 0.2293 0.7386 -0.6339
vn 0.1761 0.5307 0.8291
vn 0.3725 -0.3705 0.8509
vn -0.4214 0.3744 -0.8260
vn -0.3474 0.4894 -0.7999
vn -0.1377 0.6769 -0.7231
vn 0.4389 0.7060 -0.5558
vn -0.4062 0.7539 0.5163
vn -0.0192 0.6454 0.7636
vn 0.3795 0.7382 -0.5578
vn -0.3466 0.3859 -0.8550
vn -0.0709 0.8109 -0.5809
vn -0.7250 0.4452 0.5255
vn 0.2274 -0.0435 -0.9728
vn 0.5484 0.4898 -0.6777
vn -0.0643 0.7701 0.6347
vn -0.4247 0.7220 0.5462
vn -0.6427 0.5502 0.5332
vn 0.5175 0.3405 0.7850
vn 0.2389 -0.0500 -0.9698
vn 0.2786 0.0555 -0.9588
vn 0.7117 -0.4055 -0.5735
vn 0.3995 -0.3956 0.8270
vn 0.4906 -0.2977 0.8190
vn 0.5658 -0.0296 0.8240
vn 0.7499 0.4857 -0.4491
vn 0.3268 0.3542 0.8762
vn 0.9509 0.0460 -0.3059
vn -0.4362 0.2262 -0.8710
vn -0.9083 -0.0485 0.4155
vn -0.5120 -0.0074 -0.8589
vn 0.2748 0.2030 -0.9398
vn 0.7335 0.4875 -0.4736
vn 0.2811 0.2778 -0.9186
vn 0.7783 0.4310 -0.4566
vn 0.4255 0.2142 0.8792
vn 0.7494 0.4853 -0.4505
vn -0.4933 0.0875 -0.8654
vn -0.7958 -0.4584 0.3958
vn -0.5474 -0.7374 0.3957
vn -0.1291 -0.8602 0.4933
vn 0.2823 -0.7376 0.6134
vn 0.4942 -0.4576 0.7392
vn 0.8606 0.0909 -0.5010
vn 0.2134 0.2777 -0.9367
vn -0.4289 0.4836 -0.7630
vn -0.3021 0.7619 -0.5729
vn -0.0018 1.0000 -0.0000
vn 0.5456 0.7633 -0.3461
vn -0.4442 0.4283 -0.7869
vn 0.2302 0.2012 -0.9521
vn -0.3311 0.4677 -0.8195
vn -0.8088 0.2118 0.5487
vn 0.8029 0.2320 -0.5492
vn 0.2368 0.0549 -0.9700
vn -0.4174 0.4868 -0.7673
vn 0.8879 -0.0106 -0.4600
vn 0.5967 -0.0521 0.8008
vn 0.8630 0.0305 -0.5043
vn -0.9201 0.0768 0.3840
vn 0.8990 0.0951 -0.4276
vn 0.8768 -0.1174 -0.4663
vn -0.8583 -0.0787 0.5070
vn -0.8559 0.0107 0.5170
vn 0.6585 -0.4753 -0.5835
vn 0.2018 -0.6425 -0.7393
vn 0.4258 -0.4835 0.7648
vn -0.2169 -0.2600 0.9409
vn -0.2720 -0.4748 -0.8370
vn -0.5236 -0.1180 -0.8438
vn 0.4911 -0.0766 0.8677
vn -0.2803 -0.2601 0.9240
vn -0.7547 -0.4865 0.4402
vn 0.2406 0.5499 0.7998
vn -0.6106 0.5479 0.5718
vn -0.7773 -0.4142 0.4736
vn -0.2748 -0.1423 0.9509
vn -0.7261 -0.4289 0.5375
vn 0.7757 0.4423 -0.4503
vn 0.1874 -0.0098 0.9822
vn -0.5846 0.0814 -0.8072
vn 0.4154 -0.1828 0.8911
vn -0.2674 -0.0251 0.9632
vn 0.5458 0.4394 0.7134
vn -0.7015 0.4345 0.5648
vn 0.6134 -0.0104 0.7897
vn 0.7397 0.4992 -0.4512
vn 0.7012 -0.4637 -0.5415
vn -0.2467 0.0272 0.9687
vn 0.8348 0.2864 -0.4701
vn 0.8840 -0.0937 -0.4580
vn 0.7975 -0.3691 -0.4772
vn -0.4477 0.4399 -0.7785
vn 0.4387 -0.4120 0.7986
vn 0.4000 -0.4469 0.8002
vn -0.7262 0.3614 0.5848
vn -0.4048 0.4904 -0.7718
vn 0.1689 -0.3218 0.9316
vn -0.9260 -0.0133 0.3773
vn -0.6707 0.0429 -0.7404
vn -0.3304 -0.4100 -0.8502
vn -0.7609 -0.4029 0.5087
vn -0.3582 -0.4764 -0.8030
vn 0.3255 0.4357 0.8392
vn 0.2776 -0.0503 -0.9594
vn 0.2904 -0.0455 -0.9558
vn -0.1360 0.4867 -0.8629
vn -0.8409 0.3359 0.4243
vn -0.9059 -0.0325 0.4222
vn -0.8302 -0.2946 0.4733
vn -0.2637 0.7702 0.5807
vn 0.2990 -0.0340 -0.9537
vn 0.2147 0.0380 -0.9759
vn 0.7268 0.3890 -0.5661
vn 0.3556 0.4428 0.8231
vn 0.2857 0.5517 0.7836
vn 0.0926 0.7248 0.6828
vn -0.0595 0.6463 -0.7607
vn -0.3594 0.6188 0.6985
vn 0.3489 0.8118 -0.4682
vn -0.3491 -0.7279 0.5901
vn -0.0235 -0.6605 -0.7505
vn 0.0766 0.0861 -0.9933
vn -0.0949 0.7041 -0.7037
vn -0.2000 -0.5447 -0.8144
vn -0.5313 -0.8260 -0.1885
vn 0.3060 -0.0227 -0.9518
vn -0.9110 -0.2367 0.3378
vn 0.3105 -0.0087 -0.9505
vn 0.2209 -0.7082 -0.6706
vn -0.6328 0.6551 0.4128
vn -0.4640 0.2168 -0.8589
vn 0.3110 0.0037 -0.9504
vn 0.2019 -0.0042 -0.9794
vn 0.1660 0.6784 -0.7157
vn -0.4609 -0.4187 -0.7824
vn -0.3877 -0.3416 -0.8561
vn 0.0598 0.0378 -0.9975
vn 0.3856 0.6483 -0.6566
vn 0.1190 0.7316 0.6712
vn 0.3658 0.6796 -0.6359
vn -0.0178 0.0526 -0.9985
vn 0.3092 0.6967 -0.6473
vn -0.1012 0.7270 -0.6791
vn 0.0044 0.1200 -0.9928
vn -0.1075 -0.6418 -0.7593
vn 0.0712 -0.7750 0.6280
vn 0.4168 -0.6379 0.6476
vn 0.6566 -0.2656 0.7059
vn 0.6644 0.1812 0.7251
vn 0.4698 0.5021 0.7260
vn -0.4636 -0.4309 -0.7742
vn -0.7076 -0.1828 -0.6825
vn -0.9497 0.3027 -0.0801
vn -0.4474 0.6511 -0.6131
vn -0.4161 -0.4702 -0.7783
vn -0.5778 -0.5435 0.6089
vn 0.4093 0.4172 0.8115
vn -0.4272 -0.4658 -0.7750
vn -0.7086 -0.4238 0.5641
vn -0.4350 -0.3995 -0.8070
vn 0.4122 0.4371 0.7994
vn -0.3821 -0.7627 0.5219
vn -0.1489 -0.7839 -0.6028
vn -0.4310 0.6400 0.6361
vn 0.4063 -0.6393 -0.6529
vn 0.0053 -0.6887 0.7250
vn 0.4506 -0.6639 -0.5968
vn -0.2848 -0.5611 -0.7772
vn -0.7973 -0.2048 0.5677
vn -0.2877 -0.0112 0.9577
vn -0.2872 -0.0021 0.9579
vn -0.2339 0.0003 0.9723
vn 0.3225 -0.7195 -0.6151
vn 0.0390 -0.7384 -0.6732
vn 0.3079 0.7510 -0.5841
vn -0.4459 -0.6660 0.5981
vn -0.1203 -0.0274 0.9924
vn -0.1972 -0.6931 0.6934
vn -0.2036 0.7107 0.6733
vn -0.2880 0.0059 0.9576
vn -0.2913 0.6407 -0.7104
vn -0.2860 0.0126 0.9581
vn -0.6075 -0.5864 0.5358
vn -0.5681 -0.2472 -0.7849
vn -0.8485 0.2244 0.4793
vn -0.2824 0.0190 0.9591
vn -0.2389 -0.0168 0.9709
vn 0.1955 0.5600 0.8051
vn -0.3182 0.5776 0.7517
vn 0.0553 -0.6898 0.7219
vn -0.1310 -0.0610 0.9895
vn -0.0273 0.6759 0.7365
vn -0.1393 -0.6803 -0.7195
vn 0.0086 0.6660 0.7459
vn -0.0212 -0.1124 0.9934
vn 0.0948 0.6395 0.7629
vn 0.0701 -0.7141 -0.6965
vn 0.1017 -0.7292 0.6767
vn -0.5581 0.5888 0.5847
vn 0.1436 0.0371 -0.9889
vn -0.8181 -0.2516 0.5172
vn 0.4657 0.4289 0.7741
vn -0.0022 -0.0489 0.9988
vn -0.3206 -0.6877 0.6513
vn 0.5017 0.6574 -0.5623
vn 0.7649 0.3121 -0.5635
vn 0.7897 -0.1995 -0.5802
vn 0.4904 -0.6102 -0.6222
vn 0.3953 0.4719 0.7881
vn -0.4047 -0.6593 0.6337
vn -0.0512 -0.6607 -0.7489
vn -0.0404 0.7362 -0.6756
vn -0.1973 0.6779 0.7082
vn 0.0226 -0.7279 0.6853
vn -0.0530 0.7395 -0.6711
vn -0.1223 0.7269 -0.6758
vn -0.7467 -0.3730 0.5508
vn 0.0909 0.7546 0.6498
vn 0.7798 0.3813 -0.4965
vn -0.2767 0.0245 0.9606
vn -0.5695 0.5315 0.6270
vn 0.1148 0.7385 -0.6644
vn 0.4787 0.6755 -0.5609
vn 0.7005 0.4928 -0.5162
vn -0.4851 0.2827 -0.8275
vn -0.2697 0.0272 0.9626
vn -0.2488 -0.0245 0.9682
vn -0.4420 -0.3679 -0.8181
vn -0.5435 -0.0964 -0.8339
vn -0.2355 -0.1419 0.9615
vn -0.8338 -0.2089 0.5111
vn 0.4836 0.2449 0.8403
vn -0.2629 0.0271 0.9644
vn 0.6063 0.6410 -0.4706
vn -0.2541 0.0298 0.9667
vn 0.6422 -0.2083 0.7377
vn -0.2917 0.6376 -0.7130
vn -0.1684 0.7643 0.6224
vn 0.7842 -0.2428 -0.5710
vn -0.6003 0.6802 0.4208
vn -0.4924 0.0301 -0.8698
vn 0.4865 0.0143 0.8736
vn 0.2520 -0.0528 -0.9663
vn 0.2651 -0.0534 -0.9627
vn -0.5064 -0.2654 -0.8205
vn 0.3073 0.6819 0.6638
vn 0.1919 0.6672 -0.7198
vn 0.2584 0.0013 -0.9660
vn 0.2676 -0.0186 -0.9634
vn 0.2551 -0.0263 -0.9666
vn 0.2578 -0.0059 -0.9662
vn 0.2506 -0.0104 -0.9680
vn 0.2549 0.0016 -0.9670
vn 0.2290 -0.0130 -0.9733
vn 0.2508 -0.0047 -0.9680
vn 0.2481 -0.0007 -0.9687
vn 0.2529 0.0032 -0.9675
vn 0.2523 0.0089 -0.9676
vn 0.2436 0.0189 -0.9697
vn 0.2228 0.0400 -0.9741
vn 0.2469 0.0153 -0.9689
vn 0.2337 0.0482 -0.9711
vn 0.2616 -0.0073 -0.9651
vn 0.2442 0.0528 -0.9683
vn 0.2607 0.0301 -0.9649
vn 0.2581 0.0574 -0.9644
vn 0.2598 0.0009 -0.9657
vn 0.2718 0.0526 -0.9609
vn 0.2709 0.0213 -0.9624
vn 0.2841 0.0478 -0.9576
vn 0.2681 0.0158 -0.9633
vn 0.2944 0.0400 -0.9548
vn 0.2578 0.0009 -0.9662
vn 0.3022 0.0306 -0.9527
vn 0.2778 0.0061 -0.9606
vn 0.3095 0.0170 -0.9508
vn 0.2738 0.0034 -0.9618
vn 0.2589 -0.0005 -0.9659
vn 0.2810 -0.0113 -0.9596
vn 0.2651 -0.0035 -0.9642
vn 0.2654 -0.0099 -0.9641
vn -0.3478 -0.1862 -0.9189
vn -0.6826 -0.5658 0.4624
vn -0.3664 -0.7343 0.5715
vn -0.1053 -0.7385 0.6660
vn -0.9032 0.1366 0.4070
vn 0.2106 -0.0319 -0.9771
vn -0.0008 0.6463 -0.7631
vn -0.4243 0.6642 0.6155
vn -0.5404 0.6391 0.5473
vn -0.7472 0.4715 0.4683
vn -0.5807 -0.0323 -0.8135
vn -0.8382 0.0271 0.5447
vn -0.5416 0.4560 -0.7062
vn 0.4358 -0.4027 0.8050
vn 0.7297 -0.4101 -0.5471
vn 0.1181 -0.1469 -0.9821
vn -0.5497 -0.0494 -0.8339
vn 0.5761 -0.5649 -0.5907
vn 0.5756 -0.3640 -0.7323
vn -0.1649 -0.8278 0.5363
vn -0.6363 0.3235 -0.7003
vn -0.8985 -0.2777 0.3400
vn -0.2074 -0.5625 -0.8003
vn 0.2438 -0.0555 -0.9682
vn -0.4197 0.1992 -0.8855
vn 0.3617 -0.7165 -0.5965
vn 0.3490 -0.7309 -0.5864
vn 0.1624 -0.1786 -0.9704
vn -0.2935 0.3354 -0.8952
vn -0.7263 0.4795 0.4925
vn -0.3852 0.3926 -0.8351
vn 0.1192 -0.2460 -0.9619
vn -0.4186 0.3398 -0.8422
vn -0.5953 -0.0329 -0.8028
vn 0.0641 -0.2026 -0.9772
vn 0.6822 -0.4836 -0.5484
vn 0.6336 -0.0244 0.7733
vn 0.6125 0.3453 0.7111
vn 0.3577 0.6997 0.6185
vn -0.0552 0.8432 0.5348
vn -0.4204 0.7663 0.4858
vn 0.3654 -0.7486 -0.5532
vn 0.0354 -0.8748 -0.4832
vn 0.1953 -0.0885 -0.9767
vn -0.6527 -0.3606 -0.6663
vn 0.4196 -0.7196 -0.5532
vn 0.1933 -0.5559 0.8084
vn -0.3758 0.7078 0.5982
vn 0.4100 -0.7258 -0.5523
vn 0.0409 -0.6536 0.7557
vn 0.3528 -0.7059 -0.6142
vn -0.3877 0.6816 0.6206
vn -0.4691 0.3612 -0.8059
vn 0.3233 -0.4474 0.8339
vn -0.1888 0.1240 0.9742
vn -0.2524 0.0244 0.9673
vn 0.4545 -0.2211 0.8629
vn 0.5935 -0.3030 0.7456
vn -0.2653 -0.0287 0.9638
vn -0.2719 -0.0264 0.9620
vn -0.5683 -0.2439 -0.7858
vn -0.2793 -0.0221 0.9600
vn -0.5942 0.4485 0.6677
vn 0.1610 -0.7905 -0.5909
vn -0.5926 -0.5980 0.5397
vn -0.2852 -0.0167 0.9583
vn -0.2383 0.0138 0.9711
vn -0.5892 0.5586 0.5838
vn 0.4707 0.0124 0.8822
vn 0.5313 0.0201 0.8470
vn -0.1602 0.1033 0.9817
vn -0.7455 0.3543 0.5645
vn 0.7029 -0.5147 -0.4910
vn -0.7362 0.3966 0.5484
vn -0.0765 0.1902 0.9788
vn -0.6839 0.4719 0.5564
vn 0.8045 -0.3298 -0.4940
vn 0.5860 0.0371 0.8095
vn -0.8399 -0.1861 0.5099
vn 0.1950 -0.0890 -0.9768
vn -0.1490 -0.7028 0.6957
vn -0.3605 0.7463 0.5595
vn -0.1293 0.2295 0.9647
vn 0.4062 -0.3475 0.8451
vn -0.3284 0.5229 -0.7866
vn 0.0818 0.6634 -0.7438
vn 0.5635 0.5226 -0.6397
vn 0.8381 0.1046 -0.5354
vn 0.5568 -0.0347 0.8299
vn -0.5841 0.0150 -0.8115
vn -0.8189 0.2016 0.5373
vn -0.5709 0.0244 -0.8207
vn -0.5691 -0.0506 -0.8207
vn -0.0182 -0.6663 0.7454
vn -0.7732 0.4763 0.4187
vn 0.0192 0.7012 -0.7127
vn -0.5201 0.1726 -0.8365
vn -0.3554 0.5141 -0.7806
vn -0.1179 0.6720 -0.7311
vn -0.7425 -0.3648 0.5618
vn -0.8131 -0.2105 0.5427
vn -0.6362 -0.4947 0.5920
vn -0.5033 -0.5928 0.6287
vn -0.3522 -0.6544 0.6691
vn -0.1901 -0.6769 0.7111
vn -0.2575 -0.0321 0.9657
vn -0.2505 -0.0312 0.9676
vn -0.0266 -0.6568 0.7536
vn -0.5442 0.0573 -0.8370
vn 0.4742 -0.0377 0.8796
vn -0.2642 0.0250 0.9641
vn -0.1950 -0.6573 0.7279
vn -0.1961 -0.6314 -0.7503
vn -0.4601 -0.3600 -0.8116
vn -0.5281 -0.0786 -0.8456
vn 0.5486 -0.6321 -0.5473
vn -0.8531 -0.0421 0.5201
vn 0.8813 0.0615 -0.4686
vn 0.8787 -0.0763 -0.4712
vn 0.8057 -0.3580 -0.4720
vn 0.4749 -0.4587 0.7511
vn 0.7722 -0.5279 -0.3535
vn 0.8414 0.0143 -0.5403
vn 0.5298 -0.0292 0.8476
vn 0.2095 -0.6010 -0.7713
vn 0.1939 -0.6824 0.7047
vn 0.4559 -0.4269 0.7810
vn 0.5137 -0.1623 0.8425
vn -0.5183 -0.6861 0.5106
vn 0.2722 -0.0558 -0.9606
vn -0.4614 0.0124 -0.8871
vn -0.8742 -0.0319 0.4844
vn -0.8637 -0.1649 0.4762
vn -0.7841 -0.4301 0.4475
vn -0.0256 -0.7399 -0.6723
vn -0.4135 -0.6494 0.6382
vn -0.4890 -0.5297 -0.6931
vn 0.4000 0.4854 0.7775
vn 0.7274 0.4013 -0.5566
vn 0.3474 -0.1788 -0.9205
vn 0.0083 -0.7214 -0.6925
vn 0.8223 0.2012 -0.5322
vn -0.4659 -0.1781 -0.8667
vn 0.6084 -0.2744 0.7447
vn 0.5480 0.5872 -0.5958
vn -0.1236 -0.8270 0.5484
vn 0.5791 -0.5545 -0.5976
vn -0.1748 -0.5781 -0.7970
vn 0.3902 -0.1453 -0.9092
vn -0.3422 -0.4065 -0.8472
vn -0.8078 -0.4355 0.3971
vn -0.3503 -0.4378 -0.8280
vn 0.4331 -0.2034 -0.8781
vn -0.3132 -0.4847 -0.8167
vn -0.0354 -0.7492 -0.6614
vn 0.3798 -0.2438 -0.8924
vn 0.7815 0.3414 -0.5221
vn 0.1133 0.7652 0.6338
vn -0.2190 0.8478 0.4830
vn -0.6207 0.6968 0.3595
vn -0.8853 0.3422 0.3147
vn -0.9357 -0.0283 0.3517
vn 0.2145 -0.8747 -0.4346
vn -0.5690 -0.5579 0.6042
vn -0.0829 -0.7189 -0.6902
vn 0.0862 0.7037 0.7053
vn -0.0722 -0.7226 -0.6875
vn -0.3217 0.1254 0.9385
vn 0.0282 0.7039 0.7097
vn -0.8151 -0.2157 0.5377
vn 0.0325 0.6853 0.7275
vn -0.7248 -0.5180 0.4544
vn 0.8042 0.3553 -0.4765
vn -0.7202 -0.4184 0.5534
vn 0.7500 0.3924 -0.5324
vn -0.0008 -0.7145 -0.6997
vn -0.7851 -0.4610 0.4137
vn 0.8859 -0.2424 -0.3955
vn 0.4260 0.1830 0.8860
vn -0.2451 -0.0285 0.9691
vn 0.1591 -0.7913 -0.5904
vn -0.5515 -0.5563 0.6216
vn -0.2405 -0.0217 0.9704
vn 0.2522 -0.6029 0.7569
vn -0.3392 -0.5127 -0.7887
vn 0.2073 0.5617 0.8010
vn 0.4089 0.3722 0.8332
vn -0.3502 0.1049 0.9308
vn -0.2801 0.0127 0.9599
vn -0.2327 -0.0167 0.9724
vn 0.8703 0.1761 -0.4600
vn 0.4046 -0.2003 0.8923
vn -0.2307 -0.0089 0.9730
vn 0.4651 0.6697 -0.5789
vn 0.6979 0.5160 -0.4967
vn 0.6406 -0.5663 -0.5185
vn 0.3079 -0.7351 -0.6040
vn -0.0930 -0.6715 -0.7352
vn 0.0528 0.6410 0.7657
vn 0.0328 -0.7159 -0.6974
vn 0.0727 -0.7614 0.6442
vn 0.7910 -0.4063 -0.4573
vn -0.3607 -0.7261 0.5854
vn 0.4333 -0.2076 0.8770
vn 0.5303 -0.0454 0.8466
vn 0.4982 -0.2266 0.8369
vn 0.5193 0.1385 0.8433
vn 0.4641 0.3133 0.8285
vn 0.3686 0.4686 0.8028
vn 0.2395 0.5942 0.7679
vn 0.0489 0.6291 0.7758
vn 0.0834 0.6797 0.7287
vn -0.1105 0.6710 0.7332
vn -0.2747 0.6680 0.6917
vn -0.4322 0.6283 0.6469
vn -0.4383 0.6798 0.5881
vn -0.2654 0.7290 0.6309
vn -0.5747 0.5449 0.6106
vn -0.5935 0.5913 0.5460
vn -0.6953 0.4316 0.5747
vn -0.7224 0.4676 0.5094
vn -0.8170 0.3110 0.4856
vn -0.7830 0.2866 0.5521
vn -0.8719 0.1354 0.4705
vn -0.8334 0.1251 0.5383
vn -0.8825 -0.0482 0.4678
vn -0.8418 -0.0435 0.5380
vn -0.8493 -0.2287 0.4758
vn -0.7733 -0.3947 0.4962
vn -0.6600 -0.5359 0.5265
vn -0.5165 -0.6425 0.5661
vn 0.3101 -0.5335 0.7869
vn 0.1663 -0.6404 0.7498
vn -0.3510 -0.7112 0.6091
vn 0.0009 -0.7097 0.7045
vn -0.1751 -0.7335 0.6567
vn 0.1271 -0.5933 0.7949
vn 0.2549 -0.4914 0.8328
vn 0.3623 -0.3638 0.8582
vn 0.4227 -0.3919 0.8172
vn -0.1921 0.6735 0.7138
vn -0.3479 0.6729 0.6528
vn -0.5067 0.5920 0.6267
vn -0.6392 0.4842 0.5975
vn -0.7426 0.3677 0.5597
vn -0.8129 0.2089 0.5437
vn -0.8435 0.0402 0.5357
vn -0.8316 -0.1282 0.5404
vn -0.7821 -0.2921 0.5505
vn -0.6931 -0.4314 0.5775
vn -0.5748 -0.5472 0.6084
vn -0.4240 -0.6416 0.6392
vn -0.2710 -0.6705 0.6906
vn -0.0870 0.7324 0.6753
vn -0.1074 -0.6954 0.7105
vn 0.0508 -0.6319 0.7734
vn 0.1963 -0.5471 0.8138
vn 0.3141 -0.4271 0.8479
vn 0.4009 -0.2922 0.8683
vn 0.4526 -0.1261 0.8827
vn 0.4617 0.0446 0.8859
vn 0.4304 0.2084 0.8783
vn 0.3614 0.3657 0.8577
vn 0.2549 0.4883 0.8346
vn 0.1237 0.5921 0.7963
vn -0.0256 0.6877 0.7256
vn -0.1738 0.7488 0.6396
vn -0.0089 0.7004 0.7137
vn -0.3524 0.7041 0.6165
vn -0.5179 0.6329 0.5755
vn -0.6690 0.5480 0.5021
vn -0.7687 0.3885 0.5082
vn -0.8486 0.2250 0.4787
vn -0.8784 0.0432 0.4759
vn -0.8790 -0.1412 0.4555
vn -0.8072 -0.3079 0.5037
vn -0.7266 -0.4778 0.4937
vn -0.5915 -0.5913 0.5482
vn -0.4362 -0.6822 0.5868
vn -0.2635 -0.7175 0.6448
vn -0.0801 -0.7383 0.6697
vn 0.0845 -0.6813 0.7271
vn 0.2425 -0.5964 0.7652
vn 0.3585 -0.4575 0.8137
vn 0.4811 -0.3161 0.8177
vn 0.5075 -0.1346 0.8511
vn 0.5382 0.0492 0.8414
vn 0.4994 0.2271 0.8361
vn 0.4137 0.3902 0.8226
vn 0.3187 0.5425 0.7772
vn 0.1613 0.6367 0.7541
vn 0.3644 0.3996 0.8412
vn 0.7189 -0.4360 -0.5415
vn 0.3521 -0.4200 0.8364
vn -0.4304 0.7042 0.5647
# 1014 vertex normals

vt 0.2520 0.6817 0.0000
vt 0.3085 0.7397 0.0000
vt 0.3185 0.7267 0.0000
vt 0.2650 0.6718 0.0000
vt 0.2113 0.6118 0.0000
vt 0.2264 0.6054 0.0000
vt 0.2051 0.5319 0.0000
vt 0.1888 0.5342 0.0000
vt 0.2035 0.6150 0.0000
vt 0.1804 0.5353 0.0000
vt 0.1799 0.5337 0.0000
vt 0.2030 0.6134 0.0000
vt 0.1774 0.4528 0.0000
vt 0.1770 0.4512 0.0000
vt 0.1859 0.4538 0.0000
vt 0.2024 0.4557 0.0000
vt 0.2113 0.5310 0.0000
vt 0.2086 0.4564 0.0000
vt 0.2322 0.6030 0.0000
vt 0.2700 0.6680 0.0000
vt 0.3224 0.7218 0.0000
vt 0.3835 0.7668 0.0000
vt 0.3860 0.7610 0.0000
vt 0.3770 0.7820 0.0000
vt 0.3737 0.7898 0.0000
vt 0.3032 0.7463 0.0000
vt 0.3028 0.7448 0.0000
vt 0.3732 0.7882 0.0000
vt 0.2453 0.6868 0.0000
vt 0.2449 0.6853 0.0000
vt 0.2108 0.6101 0.0000
vt 0.2515 0.6801 0.0000
vt 0.1883 0.5325 0.0000
vt 0.1854 0.4522 0.0000
vt 0.1944 0.3711 0.0000
vt 0.2024 0.3741 0.0000
vt 0.1949 0.3726 0.0000
vt 0.2029 0.3758 0.0000
vt 0.2185 0.3817 0.0000
vt 0.2244 0.3840 0.0000
vt 0.2141 0.4571 0.0000
vt 0.2296 0.3860 0.0000
vt 0.2167 0.5302 0.0000
vt 0.2372 0.6009 0.0000
vt 0.2743 0.6646 0.0000
vt 0.3257 0.7174 0.0000
vt 0.3882 0.7559 0.0000
vt 0.4569 0.7833 0.0000
vt 0.4577 0.7778 0.0000
vt 0.4560 0.7895 0.0000
vt 0.4534 0.8059 0.0000
vt 0.4521 0.8144 0.0000
vt 0.4516 0.8128 0.0000
vt 0.3765 0.7803 0.0000
vt 0.4529 0.8043 0.0000
vt 0.3080 0.7380 0.0000
vt 0.3181 0.7251 0.0000
vt 0.2646 0.6701 0.0000
vt 0.2695 0.6663 0.0000
vt 0.3219 0.7201 0.0000
vt 0.2259 0.6038 0.0000
vt 0.2317 0.6014 0.0000
vt 0.2046 0.5302 0.0000
vt 0.2019 0.4541 0.0000
vt 0.2180 0.3801 0.0000
vt 0.2519 0.3129 0.0000
vt 0.2382 0.3033 0.0000
vt 0.3015 0.2568 0.0000
vt 0.2905 0.2441 0.0000
vt 0.3636 0.2153 0.0000
vt 0.3560 0.2003 0.0000
vt 0.4343 0.1910 0.0000
vt 0.4306 0.1746 0.0000
vt 0.5097 0.1687 0.0000
vt 0.5092 0.1854 0.0000
vt 0.5099 0.1602 0.0000
vt 0.4287 0.1663 0.0000
vt 0.5104 0.1617 0.0000
vt 0.4292 0.1678 0.0000
vt 0.4311 0.1763 0.0000
vt 0.5101 0.1704 0.0000
vt 0.3525 0.1942 0.0000
vt 0.3564 0.2020 0.0000
vt 0.3521 0.1926 0.0000
vt 0.2848 0.2376 0.0000
vt 0.2853 0.2392 0.0000
vt 0.2909 0.2458 0.0000
vt 0.2316 0.2999 0.0000
vt 0.2387 0.3049 0.0000
vt 0.2311 0.2984 0.0000
vt 0.2524 0.3146 0.0000
vt 0.2576 0.3183 0.0000
vt 0.2622 0.3215 0.0000
vt 0.2353 0.3882 0.0000
vt 0.2672 0.3250 0.0000
vt 0.2201 0.4577 0.0000
vt 0.2227 0.5294 0.0000
vt 0.2427 0.5985 0.0000
vt 0.2791 0.6609 0.0000
vt 0.3294 0.7126 0.0000
vt 0.3905 0.7503 0.0000
vt 0.4586 0.7717 0.0000
vt 0.5301 0.7816 0.0000
vt 0.5295 0.7754 0.0000
vt 0.5306 0.7871 0.0000
vt 0.5312 0.7935 0.0000
vt 0.5328 0.8101 0.0000
vt 0.5337 0.8187 0.0000
vt 0.5332 0.8171 0.0000
vt 0.5323 0.8084 0.0000
vt 0.5308 0.7918 0.0000
vt 0.4555 0.7879 0.0000
vt 0.4564 0.7816 0.0000
vt 0.5301 0.7855 0.0000
vt 0.3831 0.7651 0.0000
vt 0.3855 0.7594 0.0000
vt 0.3253 0.7158 0.0000
vt 0.3877 0.7543 0.0000
vt 0.2739 0.6630 0.0000
vt 0.2367 0.5993 0.0000
vt 0.2108 0.5294 0.0000
vt 0.2162 0.5286 0.0000
vt 0.2081 0.4548 0.0000
vt 0.2239 0.3824 0.0000
vt 0.2571 0.3166 0.0000
vt 0.3056 0.2617 0.0000
vt 0.3664 0.2210 0.0000
vt 0.4357 0.1972 0.0000
vt 0.5091 0.1917 0.0000
vt 0.5837 0.1988 0.0000
vt 0.5820 0.2049 0.0000
vt 0.5882 0.1829 0.0000
vt 0.5905 0.1747 0.0000
vt 0.5910 0.1763 0.0000
vt 0.5887 0.1845 0.0000
vt 0.5097 0.1870 0.0000
vt 0.5842 0.2005 0.0000
vt 0.4348 0.1927 0.0000
vt 0.3640 0.2170 0.0000
vt 0.3019 0.2585 0.0000
vt 0.3061 0.2633 0.0000
vt 0.3098 0.2676 0.0000
vt 0.3138 0.2722 0.0000
vt 0.2667 0.3234 0.0000
vt 0.3133 0.2707 0.0000
vt 0.2348 0.3866 0.0000
vt 0.2197 0.4562 0.0000
vt 0.2222 0.5278 0.0000
vt 0.2423 0.5970 0.0000
vt 0.2786 0.6594 0.0000
vt 0.3290 0.7111 0.0000
vt 0.3901 0.7488 0.0000
vt 0.4582 0.7702 0.0000
vt 0.5290 0.7739 0.0000
vt 0.5985 0.7612 0.0000
vt 0.5981 0.7597 0.0000
vt 0.6006 0.7671 0.0000
vt 0.6025 0.7724 0.0000
vt 0.6047 0.7784 0.0000
vt 0.6103 0.7942 0.0000
vt 0.6132 0.8023 0.0000
vt 0.6127 0.8007 0.0000
vt 0.6098 0.7925 0.0000
vt 0.6042 0.7767 0.0000
vt 0.6020 0.7707 0.0000
vt 0.5296 0.7799 0.0000
vt 0.6001 0.7654 0.0000
vt 0.4573 0.7762 0.0000
vt 0.2137 0.4554 0.0000
vt 0.2291 0.3844 0.0000
vt 0.2617 0.3199 0.0000
vt 0.3093 0.2660 0.0000
vt 0.3690 0.2261 0.0000
vt 0.4369 0.2027 0.0000
vt 0.5089 0.1973 0.0000
vt 0.5805 0.2102 0.0000
vt 0.6498 0.2359 0.0000
vt 0.6470 0.2406 0.0000
vt 0.6529 0.2305 0.0000
vt 0.6612 0.2163 0.0000
vt 0.6656 0.2090 0.0000
vt 0.6660 0.2106 0.0000
vt 0.6617 0.2180 0.0000
vt 0.6534 0.2321 0.0000
vt 0.5824 0.2065 0.0000
vt 0.6503 0.2375 0.0000
vt 0.5096 0.1934 0.0000
vt 0.4362 0.1989 0.0000
vt 0.3669 0.2227 0.0000
vt 0.3694 0.2277 0.0000
vt 0.3722 0.2332 0.0000
vt 0.3717 0.2316 0.0000
vt 0.4383 0.2087 0.0000
vt 0.5088 0.2034 0.0000
vt 0.5788 0.2161 0.0000
vt 0.6439 0.2459 0.0000
vt 0.7044 0.2866 0.0000
vt 0.7001 0.2909 0.0000
vt 0.7082 0.2828 0.0000
vt 0.7127 0.2784 0.0000
vt 0.7242 0.2668 0.0000
vt 0.7302 0.2609 0.0000
vt 0.7307 0.2625 0.0000
vt 0.7247 0.2685 0.0000
vt 0.7131 0.2800 0.0000
vt 0.7087 0.2844 0.0000
vt 0.6475 0.2423 0.0000
vt 0.7048 0.2883 0.0000
vt 0.5809 0.2118 0.0000
vt 0.5094 0.1989 0.0000
vt 0.4374 0.2043 0.0000
vt 0.4387 0.2103 0.0000
vt 0.5092 0.2050 0.0000
vt 0.5792 0.2176 0.0000
vt 0.6444 0.2474 0.0000
vt 0.7006 0.2925 0.0000
vt 0.7438 0.3484 0.0000
vt 0.7442 0.3500 0.0000
vt 0.7494 0.3470 0.0000
vt 0.7542 0.3442 0.0000
vt 0.7596 0.3411 0.0000
vt 0.7737 0.3330 0.0000
vt 0.7898 0.4116 0.0000
vt 0.8056 0.4073 0.0000
vt 0.7838 0.4133 0.0000
vt 0.7785 0.4147 0.0000
vt 0.7726 0.4163 0.0000
vt 0.7722 0.4147 0.0000
vt 0.7780 0.4131 0.0000
vt 0.7490 0.3454 0.0000
vt 0.7833 0.4116 0.0000
vt 0.7537 0.3426 0.0000
vt 0.7893 0.4100 0.0000
vt 0.7591 0.3395 0.0000
vt 0.8051 0.4057 0.0000
vt 0.7732 0.3313 0.0000
vt 0.8133 0.4035 0.0000
vt 0.7805 0.3271 0.0000
vt 0.8137 0.4050 0.0000
vt 0.7810 0.3287 0.0000
vt 0.8183 0.4869 0.0000
vt 0.8268 0.4868 0.0000
vt 0.8264 0.4852 0.0000
vt 0.8195 0.5687 0.0000
vt 0.8191 0.5672 0.0000
vt 0.8112 0.5667 0.0000
vt 0.7951 0.5628 0.0000
vt 0.8019 0.4871 0.0000
vt 0.7956 0.4872 0.0000
vt 0.7890 0.5612 0.0000
vt 0.7901 0.4872 0.0000
vt 0.7840 0.4872 0.0000
vt 0.7836 0.4857 0.0000
vt 0.7896 0.4856 0.0000
vt 0.7952 0.4855 0.0000
vt 0.8014 0.4854 0.0000
vt 0.8179 0.4853 0.0000
vt 0.8107 0.5651 0.0000
vt 0.7918 0.6442 0.0000
vt 0.7842 0.6401 0.0000
vt 0.7922 0.6458 0.0000
vt 0.7846 0.6417 0.0000
vt 0.7699 0.6339 0.0000
vt 0.7643 0.6309 0.0000
vt 0.7836 0.5599 0.0000
vt 0.7594 0.6282 0.0000
vt 0.7777 0.5584 0.0000
vt 0.7772 0.5568 0.0000
vt 0.7831 0.5583 0.0000
vt 0.7885 0.5596 0.0000
vt 0.7947 0.5611 0.0000
vt 0.7695 0.6322 0.0000
vt 0.7398 0.7056 0.0000
vt 0.7274 0.6943 0.0000
vt 0.7462 0.7115 0.0000
vt 0.7467 0.7131 0.0000
vt 0.7403 0.7073 0.0000
vt 0.7279 0.6960 0.0000
vt 0.7232 0.6917 0.0000
vt 0.7190 0.6879 0.0000
vt 0.7540 0.6253 0.0000
vt 0.7144 0.6837 0.0000
vt 0.7535 0.6237 0.0000
vt 0.7589 0.6266 0.0000
vt 0.7639 0.6292 0.0000
vt 0.7227 0.6901 0.0000
vt 0.6711 0.7435 0.0000
vt 0.6676 0.7382 0.0000
vt 0.6804 0.7575 0.0000
vt 0.6853 0.7648 0.0000
vt 0.6857 0.7664 0.0000
vt 0.6809 0.7592 0.0000
vt 0.6716 0.7452 0.0000
vt 0.6681 0.7399 0.0000
vt 0.6649 0.7352 0.0000
vt 0.6615 0.7300 0.0000
vt 0.7140 0.6822 0.0000
vt 0.6611 0.7284 0.0000
vt 0.7185 0.6863 0.0000
vt 0.6645 0.7335 0.0000
vt 0.7676 0.5941 0.0000
vt 0.7676 0.5942 0.0000
vt 0.7582 0.6207 0.0000
vt 0.7582 0.6206 0.0000
vt 0.7502 0.5777 0.0000
vt 0.7374 0.5702 0.0000
vt 0.7440 0.5514 0.0000
vt 0.7658 0.5567 0.0000
vt 0.7769 0.5676 0.0000
vt 0.7429 0.6214 0.0000
vt 0.7230 0.6108 0.0000
vt 0.7297 0.5920 0.0000
vt 0.7441 0.5949 0.0000
vt 0.7497 0.5932 0.0000
vt 0.7532 0.5886 0.0000
vt 0.7534 0.5827 0.0000
vt 0.7429 0.6216 0.0000
vt 0.7148 0.6231 0.0000
vt 0.6864 0.6247 0.0000
vt 0.6863 0.6246 0.0000
vt 0.7148 0.6230 0.0000
vt 0.6570 0.6311 0.0000
vt 0.6570 0.6313 0.0000
vt 0.6538 0.6320 0.0000
vt 0.6491 0.6330 0.0000
vt 0.6491 0.6329 0.0000
vt 0.6537 0.6318 0.0000
vt 0.6196 0.6447 0.0000
vt 0.6197 0.6449 0.0000
vt 0.6000 0.6089 0.0000
vt 0.5999 0.6088 0.0000
vt 0.6057 0.6192 0.0000
vt 0.6057 0.6194 0.0000
vt 0.6231 0.6042 0.0000
vt 0.5675 0.5537 0.0000
vt 0.5504 0.5686 0.0000
vt 0.5561 0.5771 0.0000
vt 0.5649 0.5743 0.0000
vt 0.5740 0.5761 0.0000
vt 0.5812 0.5823 0.0000
vt 0.5501 0.5841 0.0000
vt 0.5301 0.5787 0.0000
vt 0.5554 0.6495 0.0000
vt 0.5761 0.6392 0.0000
vt 0.5686 0.6299 0.0000
vt 0.5512 0.6023 0.0000
vt 0.5483 0.5933 0.0000
vt 0.5693 0.6885 0.0000
vt 0.5721 0.6846 0.0000
vt 0.5943 0.6619 0.0000
vt 0.5200 0.6567 0.0000
vt 0.5204 0.6581 0.0000
vt 0.5168 0.6762 0.0000
vt 0.5192 0.7011 0.0000
vt 0.5674 0.6912 0.0000
vt 0.5235 0.7444 0.0000
vt 0.5378 0.7415 0.0000
vt 0.5501 0.7158 0.0000
vt 0.5256 0.7668 0.0000
vt 0.5035 0.7434 0.0000
vt 0.5006 0.7578 0.0000
vt 0.4970 0.7623 0.0000
vt 0.4914 0.7639 0.0000
vt 0.4859 0.7617 0.0000
vt 0.4825 0.7569 0.0000
vt 0.4805 0.7422 0.0000
vt 0.4605 0.7411 0.0000
vt 0.4571 0.7632 0.0000
vt 0.4630 0.7777 0.0000
vt 0.4910 0.7792 0.0000
vt 0.5190 0.7807 0.0000
vt 0.4463 0.7367 0.0000
vt 0.4671 0.6984 0.0000
vt 0.4196 0.6835 0.0000
vt 0.4355 0.7098 0.0000
vt 0.4687 0.6541 0.0000
vt 0.4338 0.6431 0.0000
vt 0.4178 0.6805 0.0000
vt 0.4708 0.6738 0.0000
vt 0.4683 0.6553 0.0000
vt 0.4744 0.6988 0.0000
vt 0.4708 0.6736 0.0000
vt 0.4682 0.6551 0.0000
vt 0.4825 0.7567 0.0000
vt 0.4804 0.7420 0.0000
vt 0.4743 0.6986 0.0000
vt 0.4571 0.7631 0.0000
vt 0.4605 0.7410 0.0000
vt 0.4859 0.7616 0.0000
vt 0.4914 0.7637 0.0000
vt 0.4970 0.7622 0.0000
vt 0.5006 0.7577 0.0000
vt 0.5035 0.7432 0.0000
vt 0.5234 0.7443 0.0000
vt 0.5256 0.7667 0.0000
vt 0.5190 0.7805 0.0000
vt 0.4909 0.7790 0.0000
vt 0.4629 0.7776 0.0000
vt 0.5378 0.7413 0.0000
vt 0.5192 0.7010 0.0000
vt 0.5674 0.6910 0.0000
vt 0.5501 0.7156 0.0000
vt 0.5200 0.6566 0.0000
vt 0.5553 0.6493 0.0000
vt 0.5693 0.6883 0.0000
vt 0.5168 0.6760 0.0000
vt 0.5203 0.6579 0.0000
vt 0.5119 0.7006 0.0000
vt 0.5120 0.7007 0.0000
vt 0.5119 0.6256 0.0000
vt 0.5081 0.6112 0.0000
vt 0.5080 0.6110 0.0000
vt 0.5118 0.6254 0.0000
vt 0.5077 0.5833 0.0000
vt 0.4848 0.5821 0.0000
vt 0.4785 0.6239 0.0000
vt 0.4830 0.6099 0.0000
vt 0.4955 0.6111 0.0000
vt 0.4628 0.5752 0.0000
vt 0.4784 0.6237 0.0000
vt 0.4830 0.6097 0.0000
vt 0.4686 0.6539 0.0000
vt 0.4670 0.6982 0.0000
vt 0.4195 0.6833 0.0000
vt 0.4178 0.6804 0.0000
vt 0.4338 0.6429 0.0000
vt 0.4629 0.5748 0.0000
vt 0.4848 0.5817 0.0000
vt 0.5077 0.5829 0.0000
vt 0.4955 0.6110 0.0000
vt 0.5299 0.5783 0.0000
vt 0.5063 0.5704 0.0000
vt 0.5255 0.5665 0.0000
vt 0.4865 0.5694 0.0000
vt 0.4676 0.5634 0.0000
vt 0.4432 0.5626 0.0000
vt 0.4505 0.5529 0.0000
vt 0.4425 0.5783 0.0000
vt 0.4369 0.5707 0.0000
vt 0.4137 0.6305 0.0000
vt 0.4216 0.6220 0.0000
vt 0.4404 0.5964 0.0000
vt 0.4438 0.5877 0.0000
vt 0.4152 0.6762 0.0000
vt 0.3943 0.6513 0.0000
vt 0.4153 0.6764 0.0000
vt 0.4354 0.7096 0.0000
vt 0.4137 0.6307 0.0000
vt 0.3943 0.6514 0.0000
vt 0.4217 0.6222 0.0000
vt 0.4430 0.5630 0.0000
vt 0.4370 0.5708 0.0000
vt 0.4426 0.5785 0.0000
vt 0.4438 0.5879 0.0000
vt 0.4405 0.5966 0.0000
vt 0.4284 0.5671 0.0000
vt 0.4268 0.5463 0.0000
vt 0.3687 0.5909 0.0000
vt 0.3852 0.6079 0.0000
vt 0.3915 0.5980 0.0000
vt 0.4116 0.5734 0.0000
vt 0.4191 0.5680 0.0000
vt 0.3366 0.6154 0.0000
vt 0.3412 0.6169 0.0000
vt 0.3699 0.6318 0.0000
vt 0.3501 0.5590 0.0000
vt 0.3490 0.5597 0.0000
vt 0.3307 0.5614 0.0000
vt 0.3080 0.5708 0.0000
vt 0.3334 0.6143 0.0000
vt 0.2686 0.5872 0.0000
vt 0.2762 0.6002 0.0000
vt 0.3045 0.6047 0.0000
vt 0.2482 0.5957 0.0000
vt 0.2630 0.5677 0.0000
vt 0.2484 0.5691 0.0000
vt 0.2429 0.5668 0.0000
vt 0.2396 0.5619 0.0000
vt 0.2398 0.5560 0.0000
vt 0.2432 0.5514 0.0000
vt 0.2564 0.5452 0.0000
vt 0.2508 0.5257 0.0000
vt 0.2288 0.5287 0.0000
vt 0.2171 0.5385 0.0000
vt 0.2250 0.5658 0.0000
vt 0.2329 0.5932 0.0000
vt 0.2503 0.5108 0.0000
vt 0.2933 0.5198 0.0000
vt 0.2915 0.4699 0.0000
vt 0.2720 0.4927 0.0000
vt 0.3355 0.5088 0.0000
vt 0.3342 0.4721 0.0000
vt 0.2937 0.4673 0.0000
vt 0.3177 0.5165 0.0000
vt 0.3342 0.5087 0.0000
vt 0.2953 0.5270 0.0000
vt 0.3176 0.5163 0.0000
vt 0.3341 0.5085 0.0000
vt 0.2432 0.5512 0.0000
vt 0.2564 0.5450 0.0000
vt 0.2953 0.5268 0.0000
vt 0.2397 0.5559 0.0000
vt 0.2395 0.5618 0.0000
vt 0.2287 0.5286 0.0000
vt 0.2507 0.5256 0.0000
vt 0.2429 0.5667 0.0000
vt 0.2483 0.5689 0.0000
vt 0.2629 0.5676 0.0000
vt 0.2686 0.5871 0.0000
vt 0.2481 0.5955 0.0000
vt 0.2329 0.5931 0.0000
vt 0.2250 0.5657 0.0000
vt 0.2170 0.5383 0.0000
vt 0.2761 0.6000 0.0000
vt 0.3080 0.5707 0.0000
vt 0.3333 0.6142 0.0000
vt 0.3044 0.6046 0.0000
vt 0.3307 0.5612 0.0000
vt 0.3489 0.5595 0.0000
vt 0.3500 0.5588 0.0000
vt 0.3686 0.5907 0.0000
vt 0.3366 0.6153 0.0000
vt 0.3852 0.6077 0.0000
vt 0.3699 0.6317 0.0000
vt 0.3411 0.6168 0.0000
vt 0.3914 0.5978 0.0000
vt 0.4270 0.5460 0.0000
vt 0.4283 0.5669 0.0000
vt 0.4191 0.5679 0.0000
vt 0.4116 0.5732 0.0000
vt 0.2719 0.4925 0.0000
vt 0.2502 0.5107 0.0000
vt 0.2914 0.4697 0.0000
vt 0.2967 0.4637 0.0000
vt 0.2967 0.4636 0.0000
vt 0.2936 0.4672 0.0000
vt 0.3132 0.4363 0.0000
vt 0.3132 0.4365 0.0000
vt 0.3392 0.4492 0.0000
vt 0.3498 0.4545 0.0000
vt 0.3498 0.4543 0.0000
vt 0.3392 0.4491 0.0000
vt 0.4077 0.4806 0.0000
vt 0.4126 0.4581 0.0000
vt 0.4032 0.4545 0.0000
vt 0.3979 0.4621 0.0000
vt 0.3895 0.4660 0.0000
vt 0.3802 0.4652 0.0000
vt 0.4039 0.4451 0.0000
vt 0.4229 0.4377 0.0000
vt 0.3617 0.3945 0.0000
vt 0.3512 0.4153 0.0000
vt 0.3626 0.4185 0.0000
vt 0.3924 0.4308 0.0000
vt 0.3999 0.4365 0.0000
vt 0.3279 0.3706 0.0000
vt 0.3280 0.3755 0.0000
vt 0.3236 0.4074 0.0000
vt 0.3845 0.3667 0.0000
vt 0.3768 0.3496 0.0000
vt 0.3604 0.3304 0.0000
vt 0.3278 0.3672 0.0000
vt 0.3856 0.3675 0.0000
vt 0.4101 0.3883 0.0000
vt 0.4380 0.4206 0.0000
vt 0.4215 0.3979 0.0000
vt 0.4569 0.4080 0.0000
vt 0.4377 0.3699 0.0000
vt 0.4422 0.3841 0.0000
vt 0.4315 0.3905 0.0000
vt 0.4784 0.4006 0.0000
vt 0.4620 0.3275 0.0000
vt 0.4279 0.3392 0.0000
vt 0.4529 0.2871 0.0000
vt 0.4498 0.2857 0.0000
vt 0.4034 0.3017 0.0000
vt 0.4147 0.3242 0.0000
vt 0.4275 0.3379 0.0000
vt 0.3974 0.3057 0.0000
vt 0.3837 0.2625 0.0000
vt 0.3672 0.2734 0.0000
vt 0.3169 0.2799 0.0000
vt 0.3317 0.2972 0.0000
vt 0.3482 0.2862 0.0000
vt 0.3420 0.2725 0.0000
vt 0.3423 0.2666 0.0000
vt 0.3458 0.2620 0.0000
vt 0.3514 0.2605 0.0000
vt 0.3570 0.2625 0.0000
vt 0.3734 0.2421 0.0000
vt 0.3603 0.2336 0.0000
vt 0.3372 0.2491 0.0000
vt 0.3141 0.2645 0.0000
vt 0.3975 0.2577 0.0000
vt 0.4218 0.2734 0.0000
vt 0.4497 0.2855 0.0000
vt 0.4218 0.2733 0.0000
vt 0.4573 0.2890 0.0000
vt 0.4573 0.2889 0.0000
vt 0.4529 0.2869 0.0000
vt 0.4884 0.2969 0.0000
vt 0.4885 0.2971 0.0000
vt 0.4851 0.3256 0.0000
vt 0.4852 0.3258 0.0000
vt 0.4838 0.3375 0.0000
vt 0.4837 0.3373 0.0000
vt 0.4925 0.3857 0.0000
vt 0.5014 0.3887 0.0000
vt 0.5011 0.3990 0.0000
vt 0.4784 0.4007 0.0000
vt 0.4619 0.3273 0.0000
vt 0.4837 0.3696 0.0000
vt 0.4861 0.3787 0.0000
vt 0.4275 0.3377 0.0000
vt 0.4147 0.3241 0.0000
vt 0.4033 0.3015 0.0000
vt 0.4279 0.3390 0.0000
vt 0.4376 0.3697 0.0000
vt 0.4570 0.4081 0.0000
vt 0.4422 0.3839 0.0000
vt 0.4381 0.4207 0.0000
vt 0.4101 0.3881 0.0000
vt 0.4215 0.3977 0.0000
vt 0.4315 0.3903 0.0000
vt 0.4231 0.4377 0.0000
vt 0.3617 0.3944 0.0000
vt 0.3855 0.3674 0.0000
vt 0.3279 0.3705 0.0000
vt 0.3278 0.3671 0.0000
vt 0.3603 0.3303 0.0000
vt 0.3768 0.3494 0.0000
vt 0.3845 0.3665 0.0000
vt 0.3663 0.3263 0.0000
vt 0.3317 0.2970 0.0000
vt 0.3482 0.2860 0.0000
vt 0.3420 0.2724 0.0000
vt 0.3169 0.2797 0.0000
vt 0.3141 0.2644 0.0000
vt 0.3372 0.2489 0.0000
vt 0.3603 0.2335 0.0000
vt 0.3734 0.2419 0.0000
vt 0.3836 0.2623 0.0000
vt 0.3672 0.2733 0.0000
vt 0.3569 0.2624 0.0000
vt 0.3514 0.2604 0.0000
vt 0.3458 0.2618 0.0000
vt 0.3423 0.2665 0.0000
vt 0.3975 0.2575 0.0000
vt 0.3973 0.3055 0.0000
vt 0.3664 0.3264 0.0000
vt 0.3221 0.3081 0.0000
vt 0.3272 0.3367 0.0000
vt 0.3220 0.3080 0.0000
vt 0.3272 0.3365 0.0000
vt 0.3280 0.3753 0.0000
vt 0.3512 0.4151 0.0000
vt 0.3235 0.4072 0.0000
vt 0.3625 0.4183 0.0000
vt 0.4128 0.4580 0.0000
vt 0.4032 0.4543 0.0000
vt 0.4038 0.4450 0.0000
vt 0.3999 0.4364 0.0000
vt 0.3923 0.4307 0.0000
vt 0.3978 0.4619 0.0000
vt 0.4080 0.4805 0.0000
vt 0.3342 0.4719 0.0000
vt 0.3802 0.4650 0.0000
vt 0.3895 0.4658 0.0000
vt 0.2932 0.5197 0.0000
vt 0.3355 0.5086 0.0000
vt 0.3671 0.5094 0.0000
vt 0.4088 0.5036 0.0000
vt 0.3818 0.5098 0.0000
vt 0.4153 0.5259 0.0000
vt 0.3766 0.5420 0.0000
vt 0.3889 0.5343 0.0000
vt 0.3848 0.5222 0.0000
vt 0.3767 0.5422 0.0000
vt 0.3889 0.5344 0.0000
vt 0.3060 0.5637 0.0000
vt 0.3059 0.5635 0.0000
vt 0.4150 0.5261 0.0000
vt 0.4086 0.5038 0.0000
vt 0.3672 0.5096 0.0000
vt 0.3818 0.5099 0.0000
vt 0.3848 0.5223 0.0000
vt 0.4639 0.4960 0.0000
vt 0.4636 0.4871 0.0000
vt 0.4664 0.5047 0.0000
vt 0.4709 0.5125 0.0000
vt 0.4772 0.5189 0.0000
vt 0.4849 0.5236 0.0000
vt 0.4934 0.5263 0.0000
vt 0.5022 0.5268 0.0000
vt 0.5108 0.5250 0.0000
vt 0.5187 0.5211 0.0000
vt 0.5253 0.5153 0.0000
vt 0.5302 0.5080 0.0000
vt 0.5803 0.5348 0.0000
vt 0.5332 0.4997 0.0000
vt 0.5880 0.5131 0.0000
vt 0.5340 0.4908 0.0000
vt 0.5900 0.4901 0.0000
vt 0.5326 0.4819 0.0000
vt 0.5864 0.4672 0.0000
vt 0.5290 0.4736 0.0000
vt 0.5772 0.4458 0.0000
vt 0.5236 0.4664 0.0000
vt 0.5630 0.4272 0.0000
vt 0.5166 0.4608 0.0000
vt 0.5449 0.4126 0.0000
vt 0.5084 0.4571 0.0000
vt 0.5238 0.4030 0.0000
vt 0.4997 0.4555 0.0000
vt 0.5012 0.3989 0.0000
vt 0.4909 0.4562 0.0000
vt 0.4826 0.4590 0.0000
vt 0.4753 0.4639 0.0000
vt 0.4694 0.4705 0.0000
vt 0.4655 0.4784 0.0000
vt 0.5015 0.3888 0.0000
vt 0.4926 0.3858 0.0000
vt 0.4861 0.3789 0.0000
vt 0.4838 0.3698 0.0000
vt 0.5105 0.3868 0.0000
vt 0.5441 0.3318 0.0000
vt 0.5211 0.3276 0.0000
vt 0.5218 0.3394 0.0000
vt 0.5201 0.3717 0.0000
vt 0.5173 0.3805 0.0000
vt 0.5553 0.2924 0.0000
vt 0.5508 0.2939 0.0000
vt 0.5193 0.2987 0.0000
vt 0.5779 0.3458 0.0000
vt 0.5914 0.3335 0.0000
vt 0.6039 0.3122 0.0000
vt 0.5585 0.2914 0.0000
vt 0.5774 0.3470 0.0000
vt 0.5661 0.3766 0.0000
vt 0.5608 0.3903 0.0000
vt 0.5926 0.3978 0.0000
vt 0.5807 0.4062 0.0000
vt 0.5711 0.3978 0.0000
vt 0.6405 0.4091 0.0000
vt 0.6182 0.3797 0.0000
vt 0.6755 0.3888 0.0000
vt 0.6757 0.3854 0.0000
vt 0.6453 0.3454 0.0000
vt 0.6279 0.3627 0.0000
vt 0.6193 0.3789 0.0000
vt 0.6395 0.3407 0.0000
vt 0.6755 0.3151 0.0000
vt 0.6597 0.3025 0.0000
vt 0.6368 0.2559 0.0000
vt 0.6256 0.2751 0.0000
vt 0.6414 0.2878 0.0000
vt 0.6522 0.2780 0.0000
vt 0.6578 0.2765 0.0000
vt 0.6633 0.2786 0.0000
vt 0.6666 0.2836 0.0000
vt 0.6666 0.2895 0.0000
vt 0.6912 0.2995 0.0000
vt 0.6948 0.2844 0.0000
vt 0.6726 0.2666 0.0000
vt 0.6504 0.2488 0.0000
vt 0.6846 0.3271 0.0000
vt 0.6779 0.3550 0.0000
vt 0.6757 0.3853 0.0000
vt 0.6779 0.3549 0.0000
vt 0.6751 0.3937 0.0000
vt 0.6751 0.3935 0.0000
vt 0.6754 0.3887 0.0000
vt 0.6192 0.3788 0.0000
vt 0.6278 0.3625 0.0000
vt 0.6452 0.3452 0.0000
vt 0.6405 0.4089 0.0000
vt 0.6181 0.3795 0.0000
vt 0.5925 0.3977 0.0000
vt 0.5769 0.4457 0.0000
vt 0.5628 0.4272 0.0000
vt 0.5806 0.4061 0.0000
vt 0.5447 0.4127 0.0000
vt 0.5660 0.3764 0.0000
vt 0.5608 0.3901 0.0000
vt 0.5711 0.3976 0.0000
vt 0.5237 0.4031 0.0000
vt 0.5441 0.3316 0.0000
vt 0.5774 0.3469 0.0000
vt 0.5552 0.2923 0.0000
vt 0.5584 0.2912 0.0000
vt 0.6039 0.3120 0.0000
vt 0.5914 0.3333 0.0000
vt 0.5779 0.3456 0.0000
vt 0.6096 0.3166 0.0000
vt 0.6256 0.2750 0.0000
vt 0.6414 0.2876 0.0000
vt 0.6521 0.2778 0.0000
vt 0.6368 0.2557 0.0000
vt 0.6503 0.2486 0.0000
vt 0.6725 0.2665 0.0000
vt 0.6948 0.2843 0.0000
vt 0.6912 0.2993 0.0000
vt 0.6755 0.3150 0.0000
vt 0.6597 0.3023 0.0000
vt 0.6665 0.2893 0.0000
vt 0.6666 0.2834 0.0000
vt 0.6633 0.2785 0.0000
vt 0.6578 0.2764 0.0000
vt 0.6120 0.2688 0.0000
vt 0.5869 0.2819 0.0000
vt 0.5870 0.2821 0.0000
vt 0.6121 0.2689 0.0000
vt 0.5507 0.2937 0.0000
vt 0.5210 0.3274 0.0000
vt 0.5192 0.2986 0.0000
vt 0.5218 0.3393 0.0000
vt 0.5104 0.3866 0.0000
vt 0.5172 0.3803 0.0000
vt 0.5201 0.3715 0.0000
vt 0.5201 0.4151 0.0000
vt 0.5006 0.4115 0.0000
vt 0.5383 0.4234 0.0000
vt 0.5539 0.4359 0.0000
vt 0.5661 0.4519 0.0000
vt 0.5740 0.4704 0.0000
vt 0.5860 0.4671 0.0000
vt 0.5897 0.4900 0.0000
vt 0.5772 0.4902 0.0000
vt 0.6491 0.4699 0.0000
vt 0.6600 0.4659 0.0000
vt 0.6637 0.4892 0.0000
vt 0.5959 0.4644 0.0000
vt 0.6008 0.4725 0.0000
vt 0.6089 0.4773 0.0000
vt 0.6183 0.4775 0.0000
vt 0.5957 0.4550 0.0000
vt 0.6498 0.4307 0.0000
vt 0.6383 0.4328 0.0000
vt 0.6079 0.4419 0.0000
vt 0.6001 0.4468 0.0000
vt 0.6778 0.4258 0.0000
vt 0.6779 0.4259 0.0000
vt 0.6499 0.4309 0.0000
vt 0.6384 0.4329 0.0000
vt 0.5959 0.4646 0.0000
vt 0.5958 0.4552 0.0000
vt 0.6002 0.4470 0.0000
vt 0.6080 0.4421 0.0000
vt 0.6008 0.4727 0.0000
vt 0.6638 0.4894 0.0000
vt 0.6601 0.4660 0.0000
vt 0.6492 0.4701 0.0000
vt 0.6183 0.4777 0.0000
vt 0.6090 0.4775 0.0000
vt 0.7045 0.4888 0.0000
vt 0.7016 0.4849 0.0000
vt 0.6866 0.4560 0.0000
vt 0.6619 0.5259 0.0000
vt 0.6779 0.5353 0.0000
vt 0.7021 0.5413 0.0000
vt 0.7065 0.4916 0.0000
vt 0.6606 0.5258 0.0000
vt 0.6289 0.5233 0.0000
vt 0.6143 0.5221 0.0000
vt 0.6178 0.5548 0.0000
vt 0.6059 0.5458 0.0000
vt 0.6107 0.5342 0.0000
vt 0.6434 0.5743 0.0000
vt 0.6846 0.5905 0.0000
vt 0.6625 0.5787 0.0000
vt 0.6444 0.5751 0.0000
vt 0.6871 0.5836 0.0000
vt 0.7230 0.6110 0.0000
vt 0.7297 0.5921 0.0000
vt 0.7659 0.5568 0.0000
vt 0.7441 0.5515 0.0000
vt 0.7374 0.5704 0.0000
vt 0.7502 0.5779 0.0000
vt 0.7534 0.5829 0.0000
vt 0.7533 0.5888 0.0000
vt 0.7497 0.5933 0.0000
vt 0.7441 0.5950 0.0000
vt 0.7770 0.5678 0.0000
vt 0.7247 0.5164 0.0000
vt 0.7454 0.5367 0.0000
vt 0.7454 0.5366 0.0000
vt 0.7247 0.5162 0.0000
vt 0.7020 0.5411 0.0000
vt 0.7065 0.4914 0.0000
vt 0.6605 0.5256 0.0000
vt 0.7044 0.4887 0.0000
vt 0.6779 0.5352 0.0000
vt 0.6618 0.5257 0.0000
vt 0.6996 0.5480 0.0000
vt 0.6997 0.5481 0.0000
vt 0.7016 0.4848 0.0000
vt 0.6866 0.4559 0.0000
vt 0.6142 0.5219 0.0000
vt 0.6289 0.5231 0.0000
vt 0.5876 0.5129 0.0000
vt 0.6059 0.5456 0.0000
vt 0.6177 0.5546 0.0000
vt 0.5800 0.5345 0.0000
vt 0.6106 0.5340 0.0000
vt 0.6444 0.5749 0.0000
vt 0.6433 0.5741 0.0000
vt 0.6625 0.5786 0.0000
vt 0.6846 0.5904 0.0000
vt 0.6231 0.6040 0.0000
vt 0.5673 0.5533 0.0000
vt 0.5648 0.5741 0.0000
vt 0.5560 0.5769 0.0000
vt 0.5502 0.5682 0.0000
vt 0.5812 0.5821 0.0000
vt 0.5740 0.5760 0.0000
vt 0.5500 0.5840 0.0000
vt 0.5483 0.5932 0.0000
vt 0.5686 0.6297 0.0000
vt 0.5760 0.6390 0.0000
vt 0.5512 0.6022 0.0000
vt 0.5942 0.6617 0.0000
vt 0.5720 0.6844 0.0000
vt 0.4463 0.7365 0.0000
vt 0.5431 0.5578 0.0000
vt 0.5252 0.5653 0.0000
vt 0.5427 0.5566 0.0000
vt 0.5059 0.5693 0.0000
vt 0.4862 0.5682 0.0000
vt 0.4672 0.5623 0.0000
vt 0.4502 0.5518 0.0000
vt 0.4365 0.5385 0.0000
vt 0.4362 0.5374 0.0000
vt 0.4264 0.5212 0.0000
vt 0.4208 0.5019 0.0000
vt 0.4201 0.4819 0.0000
vt 0.4198 0.4808 0.0000
vt 0.4205 0.5007 0.0000
vt 0.4243 0.4625 0.0000
vt 0.4240 0.4614 0.0000
vt 0.4332 0.4450 0.0000
vt 0.4329 0.4438 0.0000
vt 0.4459 0.4291 0.0000
vt 0.4462 0.4303 0.0000
vt 0.4621 0.4182 0.0000
vt 0.4625 0.4194 0.0000
vt 0.4807 0.4118 0.0000
vt 0.4810 0.4130 0.0000
vt 0.5003 0.4104 0.0000
vt 0.5198 0.4139 0.0000
vt 0.5379 0.4222 0.0000
vt 0.5536 0.4347 0.0000
vt 0.5685 0.5274 0.0000
vt 0.5751 0.5088 0.0000
vt 0.5658 0.4508 0.0000
vt 0.5769 0.4890 0.0000
vt 0.5737 0.4692 0.0000
vt 0.5754 0.5100 0.0000
vt 0.5688 0.5286 0.0000
vt 0.5578 0.5449 0.0000
vt 0.5575 0.5437 0.0000
vt 0.5247 0.4826 0.0000
vt 0.5258 0.4896 0.0000
vt 0.5252 0.4965 0.0000
vt 0.5229 0.5031 0.0000
vt 0.5190 0.5088 0.0000
vt 0.5138 0.5133 0.0000
vt 0.5077 0.5164 0.0000
vt 0.5009 0.5178 0.0000
vt 0.4940 0.5174 0.0000
vt 0.4873 0.5153 0.0000
vt 0.4813 0.5116 0.0000
vt 0.4764 0.5066 0.0000
vt 0.4728 0.5005 0.0000
vt 0.4261 0.5200 0.0000
vt 0.4709 0.4937 0.0000
vt 0.4706 0.4867 0.0000
vt 0.4721 0.4799 0.0000
vt 0.4752 0.4737 0.0000
vt 0.4798 0.4685 0.0000
vt 0.4855 0.4647 0.0000
vt 0.4920 0.4624 0.0000
vt 0.4989 0.4619 0.0000
vt 0.5058 0.4632 0.0000
vt 0.5122 0.4661 0.0000
vt 0.5177 0.4705 0.0000
vt 0.5219 0.4761 0.0000
vt 0.5250 0.4837 0.0000
vt 0.5222 0.4772 0.0000
vt 0.5261 0.4906 0.0000
vt 0.5255 0.4976 0.0000
vt 0.5232 0.5042 0.0000
vt 0.5193 0.5099 0.0000
vt 0.5141 0.5144 0.0000
vt 0.5080 0.5175 0.0000
vt 0.5012 0.5188 0.0000
vt 0.4943 0.5185 0.0000
vt 0.4876 0.5164 0.0000
vt 0.4816 0.5127 0.0000
vt 0.4767 0.5076 0.0000
vt 0.4731 0.5015 0.0000
vt 0.4712 0.4948 0.0000
vt 0.4709 0.4877 0.0000
vt 0.4724 0.4809 0.0000
vt 0.4755 0.4747 0.0000
vt 0.4801 0.4696 0.0000
vt 0.4858 0.4658 0.0000
vt 0.4923 0.4635 0.0000
vt 0.4992 0.4630 0.0000
vt 0.5061 0.4642 0.0000
vt 0.5125 0.4672 0.0000
vt 0.5180 0.4716 0.0000
vt 0.6870 0.5835 0.0000
vt 0.6097 0.3168 0.0000
vt 0.6395 0.3406 0.0000
vt 0.6846 0.3270 0.0000
# 1015 texture coords

o llantaDD
g llantaDD
usemtl 03___Default
s 1
f 1/1/1 2/2/2 3/3/3 4/4/4 
f 5/5/5 1/1/1 4/4/4 6/6/6 
f 5/5/5 6/6/6 7/7/7 8/8/8 
f 9/9/9 5/5/5 8/8/8 10/10/10 
f 10/10/10 11/11/11 12/12/12 9/9/9 
f 13/13/13 14/14/14 11/11/11 10/10/10 
f 10/10/10 8/8/8 15/15/15 13/13/13 
f 8/8/8 7/7/7 16/16/16 15/15/15 
f 7/7/7 17/17/17 18/18/18 16/16/16 
f 6/6/6 19/19/19 17/17/17 7/7/7 
f 4/4/4 20/20/20 19/19/19 6/6/6 
f 3/3/3 21/21/21 20/20/20 4/4/4 
f 22/22/22 23/23/23 21/21/21 3/3/3 
f 2/2/2 24/24/24 22/22/22 3/3/3 
f 25/25/25 24/24/24 2/2/2 26/26/26 
f 26/26/26 27/27/27 28/28/28 25/25/25 
f 29/29/29 30/30/30 27/27/27 26/26/26 
f 26/26/26 2/2/2 1/1/1 29/29/29 
f 29/29/29 1/1/1 5/5/5 9/9/9 
f 9/9/9 12/12/12 30/30/30 29/29/29 
f 12/12/12 31/31/31 32/32/32 30/30/30 
f 11/11/11 33/33/33 31/31/31 12/12/12 
f 14/14/14 34/34/34 33/33/33 11/11/11 
f 35/35/35 36/36/36 34/34/34 14/14/14 
f 37/37/37 35/35/35 14/14/14 13/13/13 
f 13/13/13 15/15/15 38/38/38 37/37/37 
f 15/15/15 16/16/16 39/39/39 38/38/38 
f 16/16/16 18/18/18 40/40/40 39/39/39 
f 18/18/18 41/41/41 42/42/42 40/40/40 
f 17/17/17 43/43/43 41/41/41 18/18/18 
f 19/19/19 44/44/44 43/43/43 17/17/17 
f 20/20/20 45/45/45 44/44/44 19/19/19 
f 21/21/21 46/46/46 45/45/45 20/20/20 
f 23/23/23 47/47/47 46/46/46 21/21/21 
f 48/48/48 49/49/49 47/47/47 23/23/23 
f 50/50/50 48/48/48 23/23/23 22/22/22 
f 24/24/24 51/51/51 50/50/50 22/22/22 
f 52/52/52 51/51/51 24/24/24 25/25/25 
f 25/25/25 28/28/28 53/53/53 52/52/52 
f 28/28/28 54/54/54 55/55/55 53/53/53 
f 27/27/27 56/56/56 54/54/54 28/28/28 
f 30/30/30 32/32/32 56/56/56 27/27/27 
f 57/57/57 56/56/56 32/32/32 58/58/58 
f 58/58/58 59/59/59 60/60/60 57/57/57 
f 61/61/61 62/62/62 59/59/59 58/58/58 
f 58/58/58 32/32/32 31/31/31 61/61/61 
f 63/63/63 61/61/61 31/31/31 33/33/33 
f 64/64/64 63/63/63 33/33/33 34/34/34 
f 65/65/65 64/64/64 34/34/34 36/36/36 
f 66/66/66 65/65/65 36/36/36 67/67/67 
f 68/68/68 66/66/66 67/67/67 69/69/69 
f 70/70/70 68/68/68 69/69/69 71/71/71 
f 72/72/72 70/70/70 71/71/71 73/73/73 
f 74/74/74 75/75/75 72/72/72 73/73/73 
f 76/76/76 74/74/74 73/73/73 77/77/77 
f 78/78/78 76/76/76 77/77/77 79/79/79 
f 79/79/79 80/80/80 81/81/81 78/78/78 
f 82/82/82 83/83/83 80/80/80 79/79/79 
f 79/79/79 77/77/77 84/84/84 82/82/82 
f 77/77/77 73/73/73 71/71/71 84/84/84 
f 84/84/84 71/71/71 69/69/69 85/85/85 
f 82/82/82 84/84/84 85/85/85 86/86/86 
f 86/86/86 87/87/87 83/83/83 82/82/82 
f 88/88/88 89/89/89 87/87/87 86/86/86 
f 86/86/86 85/85/85 90/90/90 88/88/88 
f 85/85/85 69/69/69 67/67/67 90/90/90 
f 90/90/90 67/67/67 36/36/36 35/35/35 
f 88/88/88 90/90/90 35/35/35 37/37/37 
f 37/37/37 38/38/38 89/89/89 88/88/88 
f 38/38/38 39/39/39 91/91/91 89/89/89 
f 39/39/39 40/40/40 92/92/92 91/91/91 
f 40/40/40 42/42/42 93/93/93 92/92/92 
f 42/42/42 94/94/94 95/95/95 93/93/93 
f 41/41/41 96/96/96 94/94/94 42/42/42 
f 43/43/43 97/97/97 96/96/96 41/41/41 
f 44/44/44 98/98/98 97/97/97 43/43/43 
f 45/45/45 99/99/99 98/98/98 44/44/44 
f 46/46/46 100/100/100 99/99/99 45/45/45 
f 47/47/47 101/101/101 100/100/100 46/46/46 
f 49/49/49 102/102/102 101/101/101 47/47/47 
f 103/103/103 104/104/104 102/102/102 49/49/49 
f 105/105/105 103/103/103 49/49/49 48/48/48 
f 106/106/106 105/105/105 48/48/48 50/50/50 
f 51/51/51 107/107/107 106/106/106 50/50/50 
f 108/108/108 107/107/107 51/51/51 52/52/52 
f 52/52/52 53/53/53 109/109/109 108/108/108 
f 53/53/53 55/55/55 110/110/110 109/109/109 
f 111/111/111 110/110/110 55/55/55 112/112/112 
f 112/112/112 113/113/113 114/114/114 111/111/111 
f 115/115/115 116/116/116 113/113/113 112/112/112 
f 112/112/112 55/55/55 54/54/54 115/115/115 
f 115/115/115 54/54/54 56/56/56 57/57/57 
f 57/57/57 60/60/60 116/116/116 115/115/115 
f 60/60/60 117/117/117 118/118/118 116/116/116 
f 59/59/59 119/119/119 117/117/117 60/60/60 
f 62/62/62 120/120/120 119/119/119 59/59/59 
f 121/121/121 122/122/122 120/120/120 62/62/62 
f 63/63/63 121/121/121 62/62/62 61/61/61 
f 64/64/64 123/123/123 121/121/121 63/63/63 
f 65/65/65 124/124/124 123/123/123 64/64/64 
f 66/66/66 125/125/125 124/124/124 65/65/65 
f 68/68/68 126/126/126 125/125/125 66/66/66 
f 70/70/70 127/127/127 126/126/126 68/68/68 
f 72/72/72 128/128/128 127/127/127 70/70/70 
f 75/75/75 129/129/129 128/128/128 72/72/72 
f 130/130/130 131/131/131 129/129/129 75/75/75 
f 132/132/132 130/130/130 75/75/75 74/74/74 
f 133/133/133 132/132/132 74/74/74 76/76/76 
f 134/134/134 133/133/133 76/76/76 78/78/78 
f 78/78/78 81/81/81 135/135/135 134/134/134 
f 136/136/136 137/137/137 135/135/135 81/81/81 
f 138/138/138 136/136/136 81/81/81 80/80/80 
f 83/83/83 139/139/139 138/138/138 80/80/80 
f 87/87/87 140/140/140 139/139/139 83/83/83 
f 89/89/89 91/91/91 140/140/140 87/87/87 
f 91/91/91 92/92/92 141/141/141 140/140/140 
f 92/92/92 93/93/93 142/142/142 141/141/141 
f 93/93/93 95/95/95 143/143/143 142/142/142 
f 95/95/95 144/144/144 145/145/145 143/143/143 
f 94/94/94 146/146/146 144/144/144 95/95/95 
f 96/96/96 147/147/147 146/146/146 94/94/94 
f 97/97/97 148/148/148 147/147/147 96/96/96 
f 98/98/98 149/149/149 148/148/148 97/97/97 
f 99/99/99 150/150/150 149/149/149 98/98/98 
f 100/100/100 151/151/151 150/150/150 99/99/99 
f 101/101/101 152/152/152 151/151/151 100/100/100 
f 102/102/102 153/153/153 152/152/152 101/101/101 
f 104/104/104 154/154/154 153/153/153 102/102/102 
f 155/155/155 156/156/156 154/154/154 104/104/104 
f 157/157/157 155/155/155 104/104/104 103/103/103 
f 158/158/158 157/157/157 103/103/103 105/105/105 
f 159/159/159 158/158/158 105/105/105 106/106/106 
f 107/107/107 160/160/160 159/159/159 106/106/106 
f 161/161/161 160/160/160 107/107/107 108/108/108 
f 108/108/108 109/109/109 162/162/162 161/161/161 
f 109/109/109 110/110/110 163/163/163 162/162/162 
f 164/164/164 163/163/163 110/110/110 111/111/111 
f 111/111/111 114/114/114 165/165/165 164/164/164 
f 114/114/114 166/166/166 167/167/167 165/165/165 
f 113/113/113 168/168/168 166/166/166 114/114/114 
f 116/116/116 118/118/118 168/168/168 113/113/113 
f 118/118/118 152/152/152 153/153/153 168/168/168 
f 117/117/117 151/151/151 152/152/152 118/118/118 
f 119/119/119 150/150/150 151/151/151 117/117/117 
f 120/120/120 149/149/149 150/150/150 119/119/119 
f 122/122/122 148/148/148 149/149/149 120/120/120 
f 169/169/169 147/147/147 148/148/148 122/122/122 
f 123/123/123 169/169/169 122/122/122 121/121/121 
f 124/124/124 170/170/170 169/169/169 123/123/123 
f 125/125/125 171/171/171 170/170/170 124/124/124 
f 126/126/126 172/172/172 171/171/171 125/125/125 
f 127/127/127 173/173/173 172/172/172 126/126/126 
f 128/128/128 174/174/174 173/173/173 127/127/127 
f 129/129/129 175/175/175 174/174/174 128/128/128 
f 131/131/131 176/176/176 175/175/175 129/129/129 
f 177/177/177 178/178/178 176/176/176 131/131/131 
f 179/179/179 177/177/177 131/131/131 130/130/130 
f 180/180/180 179/179/179 130/130/130 132/132/132 
f 181/181/181 180/180/180 132/132/132 133/133/133 
f 182/182/182 181/181/181 133/133/133 134/134/134 
f 134/134/134 135/135/135 183/183/183 182/182/182 
f 137/137/137 184/184/184 183/183/183 135/135/135 
f 137/137/137 185/185/185 186/186/186 184/184/184 
f 136/136/136 187/187/187 185/185/185 137/137/137 
f 138/138/138 188/188/188 187/187/187 136/136/136 
f 139/139/139 189/189/189 188/188/188 138/138/138 
f 140/140/140 141/141/141 189/189/189 139/139/139 
f 141/141/141 142/142/142 190/190/190 189/189/189 
f 142/142/142 143/143/143 191/191/191 190/190/190 
f 143/143/143 145/145/145 192/192/192 191/191/191 
f 173/173/173 192/192/192 145/145/145 172/172/172 
f 174/174/174 193/193/193 192/192/192 173/173/173 
f 175/175/175 194/194/194 193/193/193 174/174/174 
f 176/176/176 195/195/195 194/194/194 175/175/175 
f 178/178/178 196/196/196 195/195/195 176/176/176 
f 197/197/197 198/198/198 196/196/196 178/178/178 
f 199/199/199 197/197/197 178/178/178 177/177/177 
f 200/200/200 199/199/199 177/177/177 179/179/179 
f 201/201/201 200/200/200 179/179/179 180/180/180 
f 202/202/202 201/201/201 180/180/180 181/181/181 
f 203/203/203 202/202/202 181/181/181 182/182/182 
f 182/182/182 183/183/183 204/204/204 203/203/203 
f 184/184/184 205/205/205 204/204/204 183/183/183 
f 184/184/184 186/186/186 206/206/206 205/205/205 
f 186/186/186 207/207/207 208/208/208 206/206/206 
f 185/185/185 209/209/209 207/207/207 186/186/186 
f 187/187/187 210/210/210 209/209/209 185/185/185 
f 188/188/188 211/211/211 210/210/210 187/187/187 
f 189/189/189 190/190/190 211/211/211 188/188/188 
f 190/190/190 191/191/191 212/212/212 211/211/211 
f 191/191/191 192/192/192 193/193/193 212/212/212 
f 212/212/212 193/193/193 194/194/194 213/213/213 
f 211/211/211 212/212/212 213/213/213 210/210/210 
f 210/210/210 213/213/213 214/214/214 209/209/209 
f 213/213/213 194/194/194 195/195/195 214/214/214 
f 214/214/214 195/195/195 196/196/196 215/215/215 
f 209/209/209 214/214/214 215/215/215 207/207/207 
f 207/207/207 215/215/215 216/216/216 208/208/208 
f 215/215/215 196/196/196 198/198/198 216/216/216 
f 216/216/216 198/198/198 217/217/217 218/218/218 
f 208/208/208 216/216/216 218/218/218 219/219/219 
f 206/206/206 208/208/208 219/219/219 220/220/220 
f 205/205/205 206/206/206 220/220/220 221/221/221 
f 205/205/205 221/221/221 222/222/222 204/204/204 
f 221/221/221 223/223/223 224/224/224 222/222/222 
f 221/221/221 220/220/220 225/225/225 223/223/223 
f 220/220/220 219/219/219 226/226/226 225/225/225 
f 219/219/219 218/218/218 227/227/227 226/226/226 
f 218/218/218 217/217/217 228/228/228 227/227/227 
f 229/229/229 228/228/228 217/217/217 230/230/230 
f 231/231/231 229/229/229 230/230/230 232/232/232 
f 233/233/233 231/231/231 232/232/232 234/234/234 
f 235/235/235 233/233/233 234/234/234 236/236/236 
f 237/237/237 235/235/235 236/236/236 238/238/238 
f 239/239/239 237/237/237 238/238/238 240/240/240 
f 240/240/240 222/222/222 224/224/224 239/239/239 
f 203/203/203 204/204/204 222/222/222 240/240/240 
f 240/240/240 238/238/238 202/202/202 203/203/203 
f 238/238/238 236/236/236 201/201/201 202/202/202 
f 236/236/236 234/234/234 200/200/200 201/201/201 
f 234/234/234 232/232/232 199/199/199 200/200/200 
f 232/232/232 230/230/230 197/197/197 199/199/199 
f 230/230/230 217/217/217 198/198/198 197/197/197 
f 239/239/239 224/224/224 241/241/241 242/242/242 
f 242/242/242 243/243/243 237/237/237 239/239/239 
f 244/244/244 245/245/245 243/243/243 242/242/242 
f 242/242/242 241/241/241 246/246/246 244/244/244 
f 247/247/247 246/246/246 241/241/241 248/248/248 
f 248/248/248 249/249/249 250/250/250 247/247/247 
f 223/223/223 225/225/225 249/249/249 248/248/248 
f 248/248/248 241/241/241 224/224/224 223/223/223 
f 225/225/225 226/226/226 251/251/251 249/249/249 
f 226/226/226 227/227/227 252/252/252 251/251/251 
f 227/227/227 228/228/228 253/253/253 252/252/252 
f 254/254/254 253/253/253 228/228/228 229/229/229 
f 255/255/255 254/254/254 229/229/229 231/231/231 
f 256/256/256 255/255/255 231/231/231 233/233/233 
f 235/235/235 257/257/257 256/256/256 233/233/233 
f 243/243/243 257/257/257 235/235/235 237/237/237 
f 245/245/245 258/258/258 257/257/257 243/243/243 
f 259/259/259 260/260/260 258/258/258 245/245/245 
f 261/261/261 259/259/259 245/245/245 244/244/244 
f 244/244/244 246/246/246 262/262/262 261/261/261 
f 263/263/263 262/262/262 246/246/246 247/247/247 
f 247/247/247 250/250/250 264/264/264 263/263/263 
f 250/250/250 265/265/265 266/266/266 264/264/264 
f 249/249/249 251/251/251 265/265/265 250/250/250 
f 251/251/251 252/252/252 267/267/267 265/265/265 
f 252/252/252 253/253/253 268/268/268 267/267/267 
f 269/269/269 268/268/268 253/253/253 254/254/254 
f 270/270/270 269/269/269 254/254/254 255/255/255 
f 271/271/271 270/270/270 255/255/255 256/256/256 
f 257/257/257 258/258/258 271/271/271 256/256/256 
f 258/258/258 260/260/260 272/272/272 271/271/271 
f 260/260/260 273/273/273 274/274/274 272/272/272 
f 275/275/275 273/273/273 260/260/260 259/259/259 
f 276/276/276 275/275/275 259/259/259 261/261/261 
f 261/261/261 262/262/262 277/277/277 276/276/276 
f 278/278/278 277/277/277 262/262/262 263/263/263 
f 263/263/263 264/264/264 279/279/279 278/278/278 
f 264/264/264 266/266/266 280/280/280 279/279/279 
f 266/266/266 281/281/281 282/282/282 280/280/280 
f 265/265/265 267/267/267 281/281/281 266/266/266 
f 267/267/267 268/268/268 283/283/283 281/281/281 
f 284/284/284 283/283/283 268/268/268 269/269/269 
f 285/285/285 284/284/284 269/269/269 270/270/270 
f 272/272/272 285/285/285 270/270/270 271/271/271 
f 274/274/274 286/286/286 285/285/285 272/272/272 
f 287/287/287 288/288/288 286/286/286 274/274/274 
f 273/273/273 289/289/289 287/287/287 274/274/274 
f 290/290/290 289/289/289 273/273/273 275/275/275 
f 291/291/291 290/290/290 275/275/275 276/276/276 
f 276/276/276 277/277/277 292/292/292 291/291/291 
f 293/293/293 292/292/292 277/277/277 278/278/278 
f 278/278/278 279/279/279 294/294/294 293/293/293 
f 279/279/279 280/280/280 295/295/295 294/294/294 
f 280/280/280 282/282/282 296/296/296 295/295/295 
f 282/282/282 297/297/297 298/298/298 296/296/296 
f 281/281/281 283/283/283 297/297/297 282/282/282 
f 299/299/299 297/297/297 283/283/283 284/284/284 
f 286/286/286 299/299/299 284/284/284 285/285/285 
f 288/288/288 300/300/300 299/299/299 286/286/286 
f 165/165/165 167/167/167 300/300/300 288/288/288 
f 164/164/164 165/165/165 288/288/288 287/287/287 
f 289/289/289 163/163/163 164/164/164 287/287/287 
f 162/162/162 163/163/163 289/289/289 290/290/290 
f 161/161/161 162/162/162 290/290/290 291/291/291 
f 291/291/291 292/292/292 160/160/160 161/161/161 
f 159/159/159 160/160/160 292/292/292 293/293/293 
f 293/293/293 294/294/294 158/158/158 159/159/159 
f 294/294/294 295/295/295 157/157/157 158/158/158 
f 295/295/295 296/296/296 155/155/155 157/157/157 
f 296/296/296 298/298/298 156/156/156 155/155/155 
f 167/167/167 156/156/156 298/298/298 300/300/300 
f 166/166/166 154/154/154 156/156/156 167/167/167 
f 168/168/168 153/153/153 154/154/154 166/166/166 
f 300/300/300 298/298/298 297/297/297 299/299/299 
f 172/172/172 145/145/145 144/144/144 171/171/171 
f 171/171/171 144/144/144 146/146/146 170/170/170 
f 170/170/170 146/146/146 147/147/147 169/169/169 
f 301/301/301 302/302/302 303/303/303 304/304/304 
f 305/305/305 306/306/306 307/307/307 308/308/308 309/309/309 301/301/301 304/304/304 310/310/310 311/311/311 312/312/312 313/313/313 314/314/314 315/315/315 316/316/316 
f 310/310/310 304/304/304 303/303/303 317/317/317 318/318/318 319/319/319 320/320/320 321/321/321 
f 322/322/322 320/320/320 319/319/319 323/323/323 324/324/324 325/325/325 326/326/326 327/327/327 
f 328/328/328 326/326/326 325/325/325 329/329/329 
f 330/330/330 331/331/331 332/332/332 328/328/328 329/329/329 333/333/333 
f 334/334/334 333/333/333 329/329/329 325/325/325 324/324/324 
f 330/330/330 333/333/333 334/334/334 335/335/335 336/336/336 337/337/337 338/338/338 339/339/339 340/340/340 
f 341/341/341 337/337/337 336/336/336 342/342/342 343/343/343 344/344/344 345/345/345 346/346/346 347/347/347 
f 343/343/343 348/348/348 349/349/349 350/350/350 344/344/344 
f 348/348/348 343/343/343 351/351/351 352/352/352 353/353/353 354/354/354 355/355/355 
f 356/356/356 357/357/357 358/358/358 355/355/355 354/354/354 
f 356/356/356 359/359/359 357/357/357 
f 359/359/359 356/356/356 360/360/360 361/361/361 362/362/362 363/363/363 364/364/364 365/365/365 366/366/366 367/367/367 368/368/368 369/369/369 370/370/370 371/371/371 
f 367/367/367 372/372/372 368/368/368 
f 373/373/373 374/374/374 375/375/375 372/372/372 367/367/367 
f 376/376/376 377/377/377 378/378/378 374/374/374 373/373/373 379/379/379 380/380/380 
f 373/373/373 381/381/381 379/379/379 
f 367/367/367 366/366/366 381/381/381 373/373/373 
f 382/382/382 383/383/383 380/380/380 379/379/379 381/381/381 366/366/366 365/365/365 384/384/384 385/385/385 386/386/386 
f 387/387/387 388/388/388 385/385/385 384/384/384 389/389/389 390/390/390 391/391/391 392/392/392 393/393/393 394/394/394 395/395/395 396/396/396 397/397/397 398/398/398 
f 394/394/394 399/399/399 395/395/395 
f 400/400/400 401/401/401 402/402/402 399/399/399 394/394/394 
f 403/403/403 404/404/404 405/405/405 401/401/401 400/400/400 406/406/406 407/407/407 
f 400/400/400 408/408/408 406/406/406 
f 394/394/394 393/393/393 408/408/408 400/400/400 
f 353/353/353 352/352/352 407/407/407 406/406/406 408/408/408 393/393/393 392/392/392 361/361/361 360/360/360 409/409/409 
f 392/392/392 391/391/391 362/362/362 361/361/361 
f 391/391/391 390/390/390 363/363/363 362/362/362 
f 363/363/363 390/390/390 389/389/389 364/364/364 
f 384/384/384 365/365/365 364/364/364 389/389/389 
f 409/409/409 360/360/360 356/356/356 354/354/354 
f 354/354/354 353/353/353 409/409/409 
f 410/410/410 411/411/411 412/412/412 413/413/413 403/403/403 407/407/407 352/352/352 351/351/351 
f 410/410/410 351/351/351 343/343/343 342/342/342 414/414/414 
f 411/411/411 410/410/410 414/414/414 415/415/415 416/416/416 417/417/417 418/418/418 
f 416/416/416 415/415/415 419/419/419 377/377/377 376/376/376 
f 420/420/420 421/421/421 417/417/417 416/416/416 376/376/376 380/380/380 383/383/383 422/422/422 
f 383/383/383 382/382/382 423/423/423 424/424/424 425/425/425 426/426/426 422/422/422 
f 420/420/420 422/422/422 426/426/426 427/427/427 428/428/428 
f 421/421/421 420/420/420 428/428/428 429/429/429 413/413/413 412/412/412 430/430/430 
f 413/413/413 429/429/429 431/431/431 404/404/404 403/403/403 
f 429/429/429 432/432/432 433/433/433 431/431/431 
f 432/432/432 429/429/429 428/428/428 434/434/434 
f 434/434/434 428/428/428 427/427/427 435/435/435 
f 435/435/435 427/427/427 436/436/436 437/437/437 
f 438/438/438 439/439/439 436/436/436 427/427/427 426/426/426 440/440/440 441/441/441 442/442/442 443/443/443 
f 426/426/426 425/425/425 444/444/444 445/445/445 440/440/440 
f 378/378/378 446/446/446 444/444/444 425/425/425 424/424/424 447/447/447 375/375/375 374/374/374 
f 377/377/377 448/448/448 449/449/449 446/446/446 378/378/378 
f 450/450/450 448/448/448 377/377/377 419/419/419 451/451/451 452/452/452 453/453/453 454/454/454 455/455/455 
f 456/456/456 452/452/452 451/451/451 457/457/457 458/458/458 459/459/459 460/460/460 461/461/461 462/462/462 
f 458/458/458 463/463/463 464/464/464 465/465/465 459/459/459 
f 463/463/463 458/458/458 466/466/466 467/467/467 468/468/468 469/469/469 470/470/470 
f 471/471/471 472/472/472 473/473/473 470/470/470 469/469/469 
f 471/471/471 474/474/474 472/472/472 
f 474/474/474 471/471/471 475/475/475 476/476/476 477/477/477 478/478/478 479/479/479 480/480/480 481/481/481 482/482/482 483/483/483 484/484/484 485/485/485 486/486/486 
f 482/482/482 487/487/487 483/483/483 
f 488/488/488 489/489/489 490/490/490 487/487/487 482/482/482 
f 491/491/491 492/492/492 493/493/493 489/489/489 488/488/488 494/494/494 495/495/495 
f 488/488/488 496/496/496 494/494/494 
f 482/482/482 481/481/481 496/496/496 488/488/488 
f 497/497/497 498/498/498 495/495/495 494/494/494 496/496/496 481/481/481 480/480/480 499/499/499 500/500/500 501/501/501 
f 479/479/479 502/502/502 499/499/499 480/480/480 
f 502/502/502 479/479/479 478/478/478 503/503/503 
f 504/504/504 505/505/505 500/500/500 499/499/499 502/502/502 503/503/503 506/506/506 507/507/507 508/508/508 509/509/509 510/510/510 511/511/511 512/512/485 513/513/512 
f 509/509/509 514/514/513 510/510/510 
f 515/515/514 516/516/515 517/517/516 514/514/513 509/509/509 
f 515/515/514 518/518/517 519/519/518 520/520/519 521/521/520 522/522/521 516/516/515 
f 521/521/520 523/523/522 524/524/523 525/525/524 522/522/521 
f 526/526/525 523/523/522 521/521/520 527/527/526 436/436/436 439/439/439 528/528/527 529/529/528 530/530/529 
f 528/528/527 439/439/439 452/452/452 456/456/456 
f 529/529/528 528/528/527 456/456/456 462/462/462 
f 530/530/529 529/529/528 462/462/462 461/461/461 
f 526/526/525 530/530/529 461/461/461 460/460/460 
f 523/523/522 526/526/525 460/460/460 459/459/459 465/465/465 524/524/523 
f 464/464/464 525/525/524 524/524/523 465/465/465 
f 470/470/470 473/473/473 517/517/516 516/516/515 522/522/521 525/525/524 464/464/464 463/463/463 
f 474/474/474 486/486/486 511/511/511 510/510/510 514/514/513 517/517/516 473/473/473 472/472/472 
f 485/485/485 512/512/485 511/511/511 486/486/486 
f 484/484/484 513/513/512 512/512/485 485/485/485 
f 504/504/504 513/513/512 484/484/484 483/483/483 487/487/487 490/490/490 531/531/530 532/532/531 
f 533/533/532 531/531/530 490/490/490 489/489/489 493/493/493 534/534/533 535/535/534 536/536/535 
f 537/537/536 535/535/534 534/534/533 538/538/537 
f 539/539/538 540/540/539 541/541/540 542/542/541 537/537/536 538/538/537 
f 540/540/539 539/539/538 492/492/492 543/543/542 544/544/543 545/545/544 546/546/545 547/547/546 548/548/547 
f 549/549/548 545/545/544 544/544/543 550/550/549 551/551/550 552/552/551 553/553/552 554/554/553 555/555/554 
f 551/551/550 556/556/555 557/557/556 558/558/557 552/552/551 
f 559/559/558 560/560/559 561/561/560 562/562/561 556/556/555 551/551/550 563/563/562 
f 564/564/563 563/563/562 551/551/550 550/550/549 565/565/564 
f 566/566/565 564/564/563 565/565/564 567/567/566 568/568/567 569/569/568 570/570/569 
f 568/568/567 567/567/566 571/571/570 572/572/571 573/573/572 
f 573/573/572 572/572/571 574/574/573 575/575/574 576/576/575 577/577/576 578/578/577 
f 576/576/575 579/579/578 577/577/576 
f 580/580/579 581/581/580 579/579/578 576/576/575 
f 582/582/581 583/583/582 584/584/583 585/585/584 586/586/585 587/587/586 588/588/587 589/589/588 581/581/580 580/580/579 590/590/589 591/591/590 592/592/591 593/593/592 
f 580/580/579 594/594/593 590/590/589 
f 576/576/575 575/575/574 595/595/594 594/594/593 580/580/579 
f 596/596/595 597/597/596 595/595/594 575/575/574 574/574/573 598/598/597 599/599/598 600/600/599 
f 601/601/600 599/599/598 598/598/597 602/602/601 
f 603/603/602 601/601/600 602/602/601 604/604/603 605/605/604 606/606/605 
f 607/607/606 608/608/607 609/609/608 610/610/609 611/611/610 603/603/602 606/606/605 612/612/611 613/613/612 
f 611/611/610 600/600/599 599/599/598 601/601/600 603/603/602 
f 614/614/613 615/615/614 616/616/615 596/596/595 600/600/599 611/611/610 617/617/616 
f 618/618/617 617/617/616 611/611/610 610/610/609 619/619/618 
f 620/620/619 618/618/617 619/619/618 621/621/620 622/622/621 623/623/622 624/624/623 
f 622/622/621 621/621/620 625/625/624 626/626/625 627/627/626 
f 627/627/626 626/626/625 628/628/627 629/629/628 630/630/629 631/631/630 632/632/631 
f 630/630/629 633/633/632 631/631/630 
f 634/634/633 635/635/634 633/633/632 630/630/629 
f 636/636/635 635/635/634 634/634/633 637/637/636 638/638/637 639/639/638 640/640/639 641/641/640 642/642/641 643/643/642 644/644/643 645/645/644 646/646/645 647/647/646 
f 640/640/639 639/639/638 592/592/591 591/591/590 
f 641/641/640 640/640/639 591/591/590 590/590/589 594/594/593 595/595/594 597/597/596 648/648/647 
f 642/642/641 648/648/647 597/597/596 596/596/595 616/616/615 
f 642/642/641 641/641/640 648/648/647 
f 649/649/648 643/643/642 642/642/641 616/616/615 
f 616/616/615 615/615/614 649/649/648 
f 589/589/588 644/644/643 643/643/642 649/649/648 615/615/614 614/614/613 578/578/577 577/577/576 579/579/578 581/581/580 
f 588/588/587 645/645/644 644/644/643 589/589/588 
f 587/587/586 646/646/645 645/645/644 588/588/587 
f 647/647/646 646/646/645 587/587/586 586/586/585 
f 636/636/635 647/647/646 586/586/585 585/585/584 
f 585/585/584 584/584/583 650/650/649 560/560/559 559/559/558 632/632/631 631/631/630 633/633/632 635/635/634 636/636/635 
f 650/650/649 584/584/583 583/583/582 561/561/560 
f 561/561/560 560/560/559 650/650/649 
f 583/583/582 651/651/650 652/652/651 562/562/561 561/561/560 
f 583/583/582 582/582/581 651/651/650 
f 582/582/581 593/593/592 638/638/637 637/637/636 653/653/652 654/654/653 652/652/651 651/651/650 
f 639/639/638 638/638/637 593/593/592 592/592/591 
f 634/634/633 653/653/652 637/637/636 
f 630/630/629 629/629/628 654/654/653 653/653/652 634/634/633 
f 562/562/561 652/652/651 654/654/653 629/629/628 628/628/627 655/655/654 557/557/556 556/556/555 
f 626/626/625 656/656/655 657/657/656 655/655/654 628/628/627 
f 658/658/657 656/656/655 626/626/625 625/625/624 659/659/658 660/660/659 661/661/660 662/662/661 663/663/662 
f 664/664/663 660/660/659 659/659/658 665/665/664 666/666/665 542/542/541 541/541/540 667/667/666 668/668/667 
f 666/666/665 536/536/535 535/535/534 537/537/536 542/542/541 
f 498/498/498 497/497/497 669/669/668 533/533/532 536/536/535 666/666/665 670/670/669 
f 671/671/670 670/670/669 666/666/665 665/665/664 672/672/671 
f 673/673/672 671/671/670 672/672/671 674/674/673 675/675/674 676/676/675 677/677/676 
f 675/675/674 674/674/673 527/527/526 521/521/520 520/520/519 
f 520/520/519 519/519/518 467/467/467 466/466/466 678/678/677 679/679/678 676/676/675 675/675/674 
f 508/508/508 507/507/507 476/476/476 475/475/475 680/680/679 468/468/468 467/467/467 519/519/518 518/518/517 681/681/680 
f 515/515/514 681/681/680 518/518/517 
f 509/509/509 508/508/508 681/681/680 515/515/514 
f 507/507/507 506/506/506 477/477/477 476/476/476 
f 506/506/506 503/503/503 478/478/478 477/477/477 
f 680/680/679 475/475/475 471/471/471 469/469/469 
f 469/469/469 468/468/468 680/680/679 
f 678/678/677 466/466/466 458/458/458 457/457/457 682/682/681 
f 679/679/678 678/678/677 682/682/681 683/683/682 684/684/683 685/685/684 686/686/685 
f 684/684/683 683/683/682 543/543/542 492/492/492 491/491/491 
f 671/671/670 673/673/672 685/685/684 684/684/683 491/491/491 495/495/495 498/498/498 670/670/669 
f 677/677/676 686/686/685 685/685/684 673/673/672 
f 679/679/678 686/686/685 677/677/676 676/676/675 
f 687/687/686 688/688/687 543/543/542 683/683/682 
f 689/689/688 687/687/686 683/683/682 682/682/681 
f 690/690/689 689/689/688 682/682/681 457/457/457 
f 691/691/690 690/690/689 457/457/457 451/451/451 
f 692/692/691 691/691/690 451/451/451 419/419/419 
f 693/693/692 692/692/691 419/419/419 415/415/415 
f 694/694/693 693/693/692 415/415/415 414/414/414 
f 342/342/342 695/695/694 694/694/693 414/414/414 
f 696/696/695 695/695/694 342/342/342 336/336/336 
f 697/697/696 696/696/695 336/336/336 335/335/335 
f 698/698/697 697/697/696 335/335/335 699/699/698 
f 700/700/699 698/698/697 699/699/698 701/701/700 
f 702/702/701 700/700/699 701/701/700 703/703/702 
f 704/704/703 702/702/701 703/703/702 705/705/704 
f 706/706/705 704/704/703 705/705/704 707/707/706 
f 708/708/707 706/706/705 707/707/706 709/709/708 
f 710/710/709 708/708/707 709/709/708 711/711/710 
f 712/712/711 710/710/709 711/711/710 713/713/712 
f 714/714/713 712/712/711 713/713/712 715/715/714 
f 716/716/715 714/714/713 715/715/714 571/571/570 
f 567/567/566 717/717/716 716/716/715 571/571/570 
f 718/718/717 717/717/716 567/567/566 565/565/564 
f 719/719/718 718/718/717 565/565/564 550/550/549 
f 720/720/719 719/719/718 550/550/549 544/544/543 
f 688/688/687 720/720/719 544/544/543 543/543/542 
f 712/712/711 714/714/713 716/716/715 717/717/716 718/718/717 719/719/718 720/720/719 688/688/687 687/687/686 689/689/688 690/690/689 691/691/690 692/692/691 693/693/692 694/694/693 695/695/694 696/696/695 697/697/696 698/698/697 700/700/699 702/702/701 704/704/703 706/706/705 708/708/707 710/710/709 
f 605/605/604 604/604/603 572/572/571 571/571/570 715/715/714 721/721/720 722/722/721 723/723/722 724/724/723 
f 725/725/724 721/721/720 715/715/714 713/713/712 726/726/725 727/727/726 728/728/727 729/729/728 730/730/729 
f 726/726/725 731/731/730 732/732/731 733/733/732 727/727/726 
f 734/734/733 735/735/734 736/736/735 737/737/736 731/731/730 726/726/725 738/738/737 
f 739/739/738 738/738/737 726/726/725 713/713/712 711/711/710 
f 740/740/739 739/739/738 711/711/710 709/709/708 741/741/740 742/742/741 743/743/742 
f 741/741/740 709/709/708 707/707/706 744/744/743 745/745/744 
f 745/745/744 744/744/743 746/746/745 747/747/746 748/748/747 749/749/748 750/750/749 
f 748/748/747 751/751/750 749/749/748 
f 752/752/751 753/753/752 751/751/750 748/748/747 
f 754/754/753 755/755/754 756/756/755 757/757/756 758/758/757 759/759/758 760/760/759 761/761/760 753/753/752 752/752/751 762/762/761 763/763/762 764/764/763 765/765/764 
f 752/752/751 766/766/765 762/762/761 
f 748/748/747 747/747/746 767/767/766 766/766/765 752/752/751 
f 768/768/767 769/769/768 767/767/766 747/747/746 746/746/745 770/770/769 771/771/770 772/772/771 
f 773/773/772 774/774/773 775/775/774 768/768/767 772/772/771 776/776/775 777/777/776 
f 778/778/777 777/777/776 776/776/775 779/779/778 780/780/779 
f 781/781/780 778/778/777 780/780/779 782/782/781 783/783/782 784/784/783 785/785/784 
f 783/783/782 782/782/781 786/786/785 787/787/786 788/788/787 
f 788/788/787 787/787/786 789/789/788 790/790/789 791/791/790 792/792/791 793/793/792 
f 791/791/790 794/794/793 792/792/791 
f 795/795/794 796/796/795 794/794/793 791/791/790 
f 797/797/796 796/796/795 795/795/794 798/798/797 799/799/798 800/800/799 801/801/800 802/802/801 803/803/802 804/804/803 805/805/804 806/806/805 807/807/806 808/808/807 
f 800/800/799 764/764/763 763/763/762 801/801/800 
f 799/799/798 765/765/764 764/764/763 800/800/799 
f 754/754/753 765/765/764 799/799/798 798/798/797 809/809/808 810/810/809 811/811/810 812/812/811 
f 755/755/754 754/754/753 812/812/811 
f 755/755/754 812/812/811 811/811/810 737/737/736 736/736/735 
f 737/737/736 811/811/810 810/810/809 790/790/789 789/789/788 813/813/812 732/732/731 731/731/730 
f 791/791/790 790/790/789 810/810/809 809/809/808 795/795/794 
f 795/795/794 809/809/808 798/798/797 
f 787/787/786 814/814/813 815/815/814 813/813/812 789/789/788 
f 816/816/815 814/814/813 787/787/786 786/786/785 609/609/608 608/608/607 817/817/816 818/818/817 819/819/818 
f 817/817/816 608/608/607 721/721/720 725/725/724 
f 818/818/817 817/817/816 725/725/724 730/730/729 
f 730/730/729 729/729/728 819/819/818 818/818/817 
f 729/729/728 728/728/727 816/816/815 819/819/818 
f 733/733/732 815/815/814 814/814/813 816/816/815 728/728/727 727/727/726 
f 732/732/731 813/813/812 815/815/814 733/733/732 
f 721/721/720 608/608/607 607/607/606 722/722/721 
f 613/613/612 723/723/722 722/722/721 607/607/606 
f 612/612/611 724/724/723 723/723/722 613/613/612 
f 606/606/605 605/605/604 724/724/723 612/612/611 
f 820/820/819 821/821/820 609/609/608 786/786/785 
f 822/822/821 820/820/819 786/786/785 782/782/781 
f 823/823/822 822/822/821 782/782/781 780/780/779 
f 824/824/823 823/823/822 780/780/779 779/779/778 
f 825/825/824 824/824/823 779/779/778 826/826/825 
f 827/827/826 828/828/827 825/825/824 826/826/825 
f 829/829/828 830/830/829 831/831/830 827/827/826 826/826/825 832/832/831 833/833/832 834/834/833 835/835/834 
f 836/836/835 832/832/831 826/826/825 779/779/778 776/776/775 837/837/836 838/838/837 839/839/838 840/840/839 
f 776/776/775 772/772/771 771/771/770 841/841/840 837/837/836 
f 841/841/840 771/771/770 770/770/769 842/842/841 
f 843/843/842 844/844/843 838/838/837 837/837/836 841/841/840 842/842/841 
f 844/844/843 843/843/842 744/744/743 707/707/706 705/705/704 845/845/844 846/846/845 847/847/846 848/848/847 
f 849/849/848 845/845/844 705/705/704 703/703/702 850/850/849 851/851/850 852/852/851 853/853/852 854/854/853 
f 850/850/849 855/855/854 856/856/855 857/857/856 851/851/850 
f 858/858/857 859/859/858 860/860/859 861/861/860 855/855/854 850/850/849 862/862/861 
f 863/863/862 862/862/861 850/850/849 703/703/702 701/701/700 
f 864/864/863 863/863/862 701/701/700 699/699/698 865/865/864 866/866/865 867/867/866 
f 865/865/864 699/699/698 335/335/335 334/334/334 868/868/867 
f 868/868/867 334/334/334 324/324/324 323/323/323 869/869/868 870/870/869 871/871/870 
f 869/869/868 872/872/871 870/870/869 
f 873/873/872 874/874/873 872/872/871 869/869/868 
f 875/875/874 876/876/875 877/877/876 878/878/877 879/879/878 880/880/879 881/881/880 882/882/881 874/874/873 873/873/872 317/317/317 303/303/303 302/302/302 883/883/882 
f 873/873/872 318/318/318 317/317/317 
f 869/869/868 323/323/323 319/319/319 318/318/318 873/873/872 
f 309/309/309 883/883/882 302/302/302 301/301/301 
f 884/884/883 885/885/884 875/875/874 883/883/882 309/309/309 308/308/308 886/886/885 887/887/886 
f 307/307/307 886/886/885 308/308/308 
f 888/888/887 889/889/888 887/887/886 886/886/885 307/307/307 
f 890/890/889 831/831/830 891/891/890 889/889/888 888/888/887 892/892/891 893/893/892 
f 888/888/887 894/894/893 892/892/891 
f 307/307/307 306/306/306 894/894/893 888/888/887 
f 859/859/858 858/858/857 893/893/892 892/892/891 894/894/893 306/306/306 305/305/305 878/878/877 877/877/876 895/895/894 
f 895/895/894 877/877/876 876/876/875 860/860/859 
f 860/860/859 859/859/858 895/895/894 
f 876/876/875 885/885/884 884/884/883 861/861/860 860/860/859 
f 876/876/875 875/875/874 885/885/884 
f 891/891/890 896/896/895 856/856/855 855/855/854 861/861/860 884/884/883 887/887/886 889/889/888 
f 831/831/830 830/830/829 897/897/896 896/896/895 891/891/890 
f 830/830/829 829/829/828 852/852/851 851/851/850 857/857/856 897/897/896 
f 829/829/828 835/835/834 853/853/852 852/852/851 
f 835/835/834 834/834/833 854/854/853 853/853/852 
f 834/834/833 833/833/832 849/849/848 854/854/853 
f 833/833/832 832/832/831 845/845/844 849/849/848 
f 836/836/835 846/846/845 845/845/844 832/832/831 
f 840/840/839 847/847/846 846/846/845 836/836/835 
f 847/847/846 840/840/839 839/839/838 848/848/847 
f 848/848/847 839/839/838 838/838/837 844/844/843 
f 897/897/896 857/857/856 856/856/855 896/896/895 
f 890/890/889 893/893/892 858/858/857 862/862/861 863/863/862 864/864/863 898/898/897 899/899/898 
f 899/899/898 900/900/899 827/827/826 831/831/830 890/890/889 
f 901/901/900 902/902/901 903/903/902 900/900/899 899/899/898 898/898/897 904/904/903 
f 904/904/903 898/898/897 864/864/863 867/867/866 
f 904/904/903 867/867/866 866/866/865 901/901/900 
f 902/902/901 901/901/900 866/866/865 865/865/864 868/868/867 871/871/870 905/905/904 906/906/905 
f 905/905/904 907/907/906 908/908/907 322/322/322 327/327/327 909/909/908 906/906/905 
f 902/902/901 906/906/905 909/909/908 910/910/909 903/903/902 
f 911/911/910 912/912/911 913/913/912 910/910/909 909/909/908 332/332/332 331/331/331 914/914/913 915/915/914 
f 909/909/908 327/327/327 326/326/326 328/328/328 332/332/332 
f 340/340/340 914/914/913 331/331/331 330/330/330 
f 914/914/913 340/340/340 339/339/339 915/915/914 
f 338/338/338 911/911/910 915/915/914 339/339/339 
f 337/337/337 912/912/911 911/911/910 338/338/338 
f 916/916/915 912/912/911 337/337/337 341/341/341 
f 917/917/916 916/916/915 341/341/341 347/347/347 
f 918/918/917 919/919/918 404/404/404 431/431/431 913/913/912 912/912/911 916/916/915 917/917/916 920/920/919 
f 920/920/919 917/917/916 347/347/347 346/346/346 
f 918/918/917 920/920/919 346/346/346 345/345/345 
f 919/919/918 918/918/917 345/345/345 344/344/344 350/350/350 921/921/920 
f 404/404/404 919/919/918 921/921/920 922/922/921 405/405/405 
f 349/349/349 922/922/921 921/921/920 350/350/350 
f 355/355/355 358/358/358 402/402/402 401/401/401 405/405/405 922/922/921 349/349/349 348/348/348 
f 358/358/358 357/357/357 359/359/359 371/371/371 396/396/396 395/395/395 399/399/399 402/402/402 
f 370/370/370 397/397/397 396/396/396 371/371/371 
f 398/398/398 397/397/397 370/370/370 369/369/369 
f 375/375/375 447/447/447 923/923/922 387/387/387 398/398/398 369/369/369 368/368/368 372/372/372 
f 388/388/388 923/923/922 447/447/447 424/424/424 423/423/423 
f 388/388/388 387/387/387 923/923/922 
f 386/386/386 385/385/385 388/388/388 423/423/423 
f 423/423/423 382/382/382 386/386/386 
f 431/431/431 433/433/433 924/924/923 913/913/912 
f 925/925/924 926/926/925 924/924/923 433/433/433 
f 927/927/926 925/925/924 433/433/433 432/432/432 
f 434/434/434 928/928/927 927/927/926 432/432/432 
f 435/435/435 929/929/928 928/928/927 434/434/434 
f 437/437/437 930/930/929 929/929/928 435/435/435 
f 931/931/930 932/932/931 930/930/929 437/437/437 
f 437/437/437 436/436/436 527/527/526 931/931/930 
f 527/527/526 674/674/673 933/933/932 931/931/930 
f 672/672/671 934/934/933 933/933/932 674/674/673 
f 934/934/933 672/672/671 665/665/664 935/935/934 
f 935/935/934 936/936/935 937/937/936 934/934/933 
f 938/938/937 939/939/938 936/936/935 935/935/934 
f 938/938/937 935/935/934 665/665/664 659/659/658 
f 940/940/939 938/938/937 659/659/658 625/625/624 
f 940/940/939 941/941/940 939/939/938 938/938/937 
f 942/942/941 941/941/940 940/940/939 943/943/942 
f 944/944/943 942/942/941 943/943/942 945/945/944 
f 946/946/945 944/944/943 945/945/944 947/947/946 
f 948/948/947 946/946/945 947/947/946 821/821/820 
f 949/949/948 948/948/947 821/821/820 820/820/819 
f 950/950/949 949/949/948 820/820/819 822/822/821 
f 950/950/949 822/822/821 823/823/822 951/951/950 
f 951/951/950 952/952/951 950/950/949 
f 951/951/950 953/953/952 952/952/951 
f 954/954/953 953/953/952 951/951/950 
f 954/954/953 955/955/954 953/953/952 
f 955/955/954 954/954/953 956/956/955 
f 954/954/953 824/824/823 825/825/824 956/956/955 
f 951/951/950 823/823/822 824/824/823 954/954/953 
f 956/956/955 825/825/824 828/828/827 955/955/954 
f 955/955/954 828/828/827 957/957/956 953/953/952 
f 900/900/899 957/957/956 828/828/827 827/827/826 
f 903/903/902 958/958/957 957/957/956 900/900/899 
f 910/910/909 959/959/958 958/958/957 903/903/902 
f 913/913/912 924/924/923 959/959/958 910/910/909 
f 924/924/923 926/926/925 960/960/959 959/959/958 
f 949/949/948 960/960/959 926/926/925 
f 949/949/948 952/952/951 960/960/959 
f 950/950/949 952/952/951 949/949/948 
f 960/960/959 952/952/951 958/958/957 959/959/958 
f 953/953/952 957/957/956 958/958/957 952/952/951 
f 949/949/948 926/926/925 961/961/960 
f 961/961/960 926/926/925 962/962/961 
f 962/962/961 926/926/925 963/963/962 
f 963/963/962 926/926/925 925/925/924 
f 963/963/962 925/925/924 964/964/963 
f 964/964/963 925/925/924 965/965/964 
f 965/965/964 925/925/924 966/966/965 
f 966/966/965 925/925/924 967/967/966 
f 967/967/966 925/925/924 927/927/926 
f 967/967/966 927/927/926 968/968/967 
f 968/968/967 927/927/926 969/969/968 
f 969/969/968 927/927/926 970/970/969 
f 970/970/969 927/927/926 928/928/927 
f 970/970/969 928/928/927 971/971/970 
f 971/971/970 928/928/927 972/972/971 
f 972/972/971 928/928/927 973/973/972 
f 973/973/972 928/928/927 942/942/941 
f 942/942/941 928/928/927 941/941/940 
f 941/941/940 928/928/927 929/929/928 
f 941/941/940 929/929/928 930/930/929 
f 941/941/940 930/930/929 939/939/938 
f 939/939/938 930/930/929 936/936/935 
f 936/936/935 930/930/929 932/932/931 
f 936/936/935 932/932/931 937/937/936 
f 937/937/936 932/932/931 974/974/973 
f 933/933/932 974/974/973 932/932/931 931/931/930 
f 934/934/933 937/937/936 974/974/973 933/933/932 
f 942/942/941 975/975/974 973/973/972 
f 942/942/941 976/976/975 975/975/974 
f 942/942/941 977/977/976 976/976/975 
f 942/942/941 978/978/977 977/977/976 
f 944/944/943 978/978/977 942/942/941 
f 944/944/943 979/979/978 978/978/977 
f 944/944/943 980/980/979 979/979/978 
f 944/944/943 981/981/980 980/980/979 
f 946/946/945 981/981/980 944/944/943 
f 946/946/945 982/982/981 981/981/980 
f 946/946/945 983/983/982 982/982/981 
f 946/946/945 984/984/983 983/983/982 
f 946/946/945 985/985/984 984/984/983 
f 948/948/947 985/985/984 946/946/945 
f 948/948/947 986/986/985 985/985/984 
f 948/948/947 961/961/960 986/986/985 
f 961/961/960 948/948/947 949/949/948 
f 961/961/960 987/987/986 988/988/987 986/986/985 
f 962/962/961 989/989/988 987/987/986 961/961/960 
f 963/963/962 990/990/989 989/989/988 962/962/961 
f 964/964/963 991/991/990 990/990/989 963/963/962 
f 965/965/964 992/992/991 991/991/990 964/964/963 
f 966/966/965 993/993/992 992/992/991 965/965/964 
f 967/967/966 994/994/993 993/993/992 966/966/965 
f 968/968/967 995/995/994 994/994/993 967/967/966 
f 969/969/968 996/996/995 995/995/994 968/968/967 
f 970/970/969 997/997/996 996/996/995 969/969/968 
f 971/971/970 998/998/997 997/997/996 970/970/969 
f 972/972/971 999/999/998 998/998/997 971/971/970 
f 973/973/972 1000/1000/999 999/999/998 972/972/971 
f 975/975/974 1001/1001/1000 1000/1000/999 973/973/972 
f 976/976/975 1002/1002/1001 1001/1001/1000 975/975/974 
f 977/977/976 1003/1003/1002 1002/1002/1001 976/976/975 
f 978/978/977 1004/1004/1003 1003/1003/1002 977/977/976 
f 979/979/978 1005/1005/1004 1004/1004/1003 978/978/977 
f 980/980/979 1006/1006/1005 1005/1005/1004 979/979/978 
f 981/981/980 1007/1007/1006 1006/1006/1005 980/980/979 
f 982/982/981 1008/1008/1007 1007/1007/1006 981/981/980 
f 983/983/982 1009/1009/1008 1008/1008/1007 982/982/981 
f 984/984/983 1010/1010/1009 1009/1009/1008 983/983/982 
f 985/985/984 1011/1011/1010 1010/1010/1009 984/984/983 
f 986/986/985 988/988/987 1011/1011/1010 985/985/984 
f 1010/1010/1009 1011/1011/1010 988/988/987 987/987/986 989/989/988 990/990/989 991/991/990 992/992/991 993/993/992 994/994/993 995/995/994 996/996/995 997/997/996 998/998/997 999/999/998 1000/1000/999 1001/1001/1000 1002/1002/1001 1003/1003/1002 1004/1004/1003 1005/1005/1004 1006/1006/1005 1007/1007/1006 1008/1008/1007 1009/1009/1008 
f 821/821/820 947/947/946 610/610/609 609/609/608 
f 947/947/946 945/945/944 619/619/618 610/610/609 
f 945/945/944 943/943/942 621/621/620 619/619/618 
f 943/943/942 940/940/939 625/625/624 621/621/620 
f 907/907/906 905/905/904 871/871/870 870/870/869 872/872/871 874/874/873 882/882/881 313/313/313 312/312/312 1012/1012/1011 
f 881/881/880 314/314/314 313/313/313 882/882/881 
f 880/880/879 315/315/315 314/314/314 881/881/880 
f 880/880/879 879/879/878 316/316/316 315/315/315 
f 879/879/878 878/878/877 305/305/305 316/316/316 
f 1012/1012/1011 312/312/312 311/311/311 908/908/907 
f 908/908/907 907/907/906 1012/1012/1011 
f 311/311/311 321/321/321 320/320/320 322/322/322 908/908/907 
f 311/311/311 310/310/310 321/321/321 
f 744/744/743 843/843/842 842/842/841 770/770/769 746/746/745 
f 1013/1013/1012 756/756/755 755/755/754 736/736/735 
f 736/736/735 735/735/734 1013/1013/1012 
f 757/757/756 756/756/755 1013/1013/1012 735/735/734 734/734/733 793/793/792 792/792/791 794/794/793 796/796/795 797/797/796 
f 797/797/796 808/808/807 758/758/757 757/757/756 
f 808/808/807 807/807/806 759/759/758 758/758/757 
f 759/759/758 807/807/806 806/806/805 760/760/759 
f 760/760/759 806/806/805 805/805/804 761/761/760 
f 761/761/760 805/805/804 804/804/803 1014/1014/1013 774/774/773 773/773/772 750/750/749 749/749/748 751/751/750 753/753/752 
f 778/778/777 781/781/780 742/742/741 741/741/740 745/745/744 750/750/749 773/773/772 777/777/776 
f 781/781/780 785/785/784 743/743/742 742/742/741 
f 784/784/783 740/740/739 743/743/742 785/785/784 
f 788/788/787 793/793/792 734/734/733 738/738/737 739/739/738 740/740/739 784/784/783 783/783/782 
f 1014/1014/1013 804/804/803 803/803/802 775/775/774 
f 775/775/774 774/774/773 1014/1014/1013 
f 803/803/802 1015/1015/1014 769/769/768 768/768/767 775/775/774 
f 803/803/802 802/802/801 1015/1015/1014 
f 802/802/801 801/801/800 763/763/762 762/762/761 766/766/765 767/767/766 769/769/768 1015/1015/1014 
f 572/572/571 604/604/603 602/602/601 598/598/597 574/574/573 
f 669/669/668 497/497/497 501/501/501 
f 501/501/501 500/500/500 505/505/505 669/669/668 
f 505/505/505 532/532/531 531/531/530 533/533/532 669/669/668 
f 505/505/505 504/504/504 532/532/531 
f 548/548/547 667/667/666 541/541/540 540/540/539 
f 547/547/546 668/668/667 667/667/666 548/548/547 
f 546/546/545 664/664/663 668/668/667 547/547/546 
f 545/545/544 660/660/659 664/664/663 546/546/545 
f 545/545/544 549/549/548 661/661/660 660/660/659 
f 549/549/548 555/555/554 662/662/661 661/661/660 
f 555/555/554 554/554/553 663/663/662 662/662/661 
f 658/658/657 663/663/662 554/554/553 553/553/552 
f 656/656/655 658/658/657 553/553/552 552/552/551 558/558/557 657/657/656 
f 657/657/656 558/558/557 557/557/556 655/655/654 
f 627/627/626 632/632/631 559/559/558 563/563/562 564/564/563 566/566/565 623/623/622 622/622/621 
f 624/624/623 623/623/622 566/566/565 570/570/569 
f 569/569/568 620/620/619 624/624/623 570/570/569 
f 573/573/572 578/578/577 614/614/613 617/617/616 618/618/617 620/620/619 569/569/568 568/568/567 
f 492/492/492 539/539/538 538/538/537 534/534/533 493/493/493 
f 438/438/438 453/453/453 452/452/452 439/439/439 
f 443/443/443 454/454/454 453/453/453 438/438/438 
f 454/454/454 443/443/443 442/442/442 455/455/455 
f 455/455/455 442/442/442 441/441/441 450/450/450 
f 448/448/448 450/450/450 441/441/441 440/440/440 445/445/445 449/449/449 
f 446/446/446 449/449/449 445/445/445 444/444/444 
f 430/430/430 412/412/412 411/411/411 418/418/418 
f 417/417/417 421/421/421 430/430/430 418/418/418 
# 682 polygons - 90 triangles

