# 3ds Max Wavefront OBJ Exporter v0.99 - (c)2007 guruware
# File Created: 22.03.2025 14:52:49

#
# object llantaID
#

v  0.1093 0.3327 -0.1175
v  0.1092 0.3331 -0.0936
v  0.1393 0.3182 -0.0933
v  0.1395 0.3179 -0.1171
v  0.1182 0.2995 -0.1079
v  0.1078 0.2853 -0.1018
v  0.0864 0.2958 -0.1021
v  0.0951 0.3210 -0.1116
v  0.1697 0.3031 -0.1166
v  0.1689 0.2847 -0.1106
v  0.1541 0.2625 -0.1011
v  0.1327 0.2731 -0.1014
v  0.1377 0.2899 -0.1077
v  0.1364 0.2967 -0.1097
v  0.1314 0.3016 -0.1105
v  0.1245 0.3026 -0.1098
v  0.1695 0.3034 -0.0928
v  0.1540 0.2628 -0.0774
v  0.1688 0.2850 -0.0868
v  0.0950 0.3213 -0.0878
v  0.0862 0.2962 -0.0783
v  0.1077 0.2856 -0.0780
v  0.1180 0.2998 -0.0841
v  0.1243 0.3029 -0.0861
v  0.1312 0.3019 -0.0867
v  0.1362 0.2970 -0.0859
v  0.1375 0.2902 -0.0839
v  0.1325 0.2734 -0.0776
v  0.0689 0.2998 -0.0784
v  0.0693 0.2475 -0.0658
v  0.0425 0.2779 -0.0721
v  0.0113 0.2596 -0.0663
v  0.0078 0.2576 -0.0659
v  0.0038 0.2090 -0.0566
v  0.0464 0.2001 -0.0561
v  0.0467 0.2017 -0.0564
v  0.0596 0.2195 -0.0601
v  0.0771 0.2437 -0.0656
v  0.0469 0.2013 -0.0866
v  0.0598 0.2191 -0.0887
v  0.0773 0.2433 -0.0917
v  0.0400 0.1626 -0.0587
v  0.0370 0.1453 -0.0599
v  0.0373 0.1449 -0.0888
v  0.0402 0.1622 -0.0881
v  0.0466 0.1997 -0.0864
v  0.0695 0.2472 -0.0919
v  0.0040 0.2086 -0.0868
v  0.0080 0.2572 -0.0921
v  0.0115 0.2593 -0.0924
v  -0.0031 0.1199 -0.0907
v  0.0237 0.1143 -0.0904
v  0.0511 0.1389 -0.0886
v  0.0642 0.1316 -0.0885
v  0.0762 0.1446 -0.0876
v  0.0483 0.1023 -0.0901
v  0.0691 0.0844 -0.0897
v  0.1019 0.1725 -0.0856
v  0.1349 0.1442 -0.0851
v  0.1712 0.1770 -0.0900
v  0.1030 0.1737 -0.0858
v  0.1093 0.1948 -0.0880
v  0.1257 0.2195 -0.0911
v  0.1707 0.1810 -0.0902
v  0.1178 0.2234 -0.0911
v  0.1675 0.2510 -0.1008
v  0.1662 0.2169 -0.0953
v  0.1660 0.2172 -0.0704
v  0.1674 0.2513 -0.0771
v  0.1255 0.2199 -0.0650
v  0.1705 0.1813 -0.0642
v  0.1176 0.2237 -0.0651
v  0.1091 0.1952 -0.0595
v  0.1028 0.1741 -0.0557
v  0.1017 0.1729 -0.0553
v  0.1347 0.1446 -0.0547
v  0.1710 0.1773 -0.0637
v  0.0692 0.0850 -0.0615
v  0.0760 0.1449 -0.0582
v  0.0483 0.1029 -0.0619
v  0.0641 0.1320 -0.0595
v  0.0509 0.1393 -0.0596
v  0.0237 0.1150 -0.0622
v  -0.0032 0.1207 -0.0624
v  -0.0241 0.2077 -0.0567
v  -0.0205 0.1942 -0.0576
v  -0.0149 0.1562 -0.0601
v  -0.0161 0.1451 -0.0609
v  -0.0226 0.1360 -0.0615
v  -0.0327 0.1312 -0.0619
v  -0.0307 0.1194 -0.0626
v  -0.0570 0.1114 -0.0627
v  -0.0438 0.1323 -0.0616
v  -0.0530 0.1387 -0.0611
v  -0.0579 0.1487 -0.0603
v  -0.0655 0.1864 -0.0578
v  -0.0666 0.2004 -0.0569
v  -0.0933 0.1922 -0.0570
v  -0.0693 0.2345 -0.0634
v  -0.1076 0.2356 -0.0658
v  -0.1133 0.2367 -0.0664
v  -0.1172 0.2374 -0.0670
v  -0.1678 0.2065 -0.0669
v  -0.1493 0.1834 -0.0612
v  -0.1312 0.1710 -0.0572
v  -0.1304 0.1696 -0.0570
v  -0.1999 0.2467 -0.0796
v  -0.1528 0.2442 -0.0729
v  -0.1849 0.2559 -0.0796
v  -0.2166 0.2675 -0.0892
v  -0.2338 0.2738 -0.0953
v  -0.2573 0.2497 -0.0951
v  -0.2807 0.2255 -0.0950
v  -0.2739 0.2085 -0.0889
v  -0.2526 0.1925 -0.0793
v  -0.2359 0.2097 -0.0794
v  -0.2463 0.2239 -0.0856
v  -0.2473 0.2307 -0.0877
v  -0.2442 0.2370 -0.0886
v  -0.2380 0.2403 -0.0877
v  -0.2311 0.2394 -0.0858
v  -0.2166 0.2295 -0.0795
v  -0.2614 0.1772 -0.0791
v  -0.2115 0.1616 -0.0666
v  -0.2487 0.1455 -0.0724
v  -0.2409 0.1102 -0.0661
v  -0.2401 0.1063 -0.0656
v  -0.1950 0.0876 -0.0563
v  -0.1734 0.1254 -0.0566
v  -0.1748 0.1261 -0.0569
v  -0.1878 0.1439 -0.0609
v  -0.2054 0.1679 -0.0667
v  -0.1746 0.1257 -0.0871
v  -0.1876 0.1435 -0.0894
v  -0.2052 0.1676 -0.0927
v  -0.2358 0.2094 -0.1032
v  -0.2461 0.2235 -0.1094
v  -0.2524 0.1922 -0.1030
v  -0.2737 0.2082 -0.1127
v  -0.2805 0.2252 -0.1188
v  -0.2571 0.2493 -0.1189
v  -0.2337 0.2734 -0.1191
v  -0.2164 0.2672 -0.1130
v  -0.1998 0.2464 -0.1033
v  -0.2165 0.2292 -0.1032
v  -0.2309 0.2391 -0.1096
v  -0.2379 0.2400 -0.1115
v  -0.2441 0.2367 -0.1123
v  -0.2471 0.2304 -0.1115
v  -0.1847 0.2556 -0.1033
v  -0.1677 0.2062 -0.0929
v  -0.1526 0.2439 -0.0979
v  -0.1171 0.2371 -0.0929
v  -0.1131 0.2363 -0.0926
v  -0.0931 0.1918 -0.0872
v  -0.1302 0.1692 -0.0872
v  -0.1310 0.1706 -0.0874
v  -0.1491 0.1830 -0.0896
v  -0.1738 0.1999 -0.0929
v  -0.1739 0.2003 -0.0669
v  -0.1116 0.1360 -0.0889
v  -0.1030 0.1207 -0.0895
v  -0.1032 0.1211 -0.0605
v  -0.1118 0.1364 -0.0595
v  -0.0566 0.1107 -0.0909
v  -0.0800 0.0964 -0.0909
v  -0.0664 0.2000 -0.0872
v  -0.0652 0.1860 -0.0878
v  -0.0577 0.1484 -0.0894
v  -0.0528 0.1383 -0.0899
v  -0.0436 0.1320 -0.0902
v  -0.0325 0.1308 -0.0904
v  -0.0304 0.1187 -0.0909
v  -0.0225 0.1356 -0.0900
v  -0.0159 0.1447 -0.0897
v  -0.0147 0.1558 -0.0892
v  -0.0203 0.1938 -0.0875
v  -0.0239 0.2073 -0.0869
v  -0.0327 0.2404 -0.0907
v  0.0030 0.2543 -0.0919
v  -0.0329 0.2408 -0.0632
v  0.0028 0.2547 -0.0654
v  0.0427 0.2776 -0.0970
v  0.0690 0.2995 -0.1021
v  -0.0691 0.2341 -0.0909
v  -0.1075 0.2352 -0.0923
v  -0.2612 0.1769 -0.1028
v  -0.2486 0.1452 -0.0972
v  -0.2113 0.1613 -0.0926
v  -0.2408 0.1099 -0.0921
v  -0.1732 0.1249 -0.0870
v  -0.1948 0.0872 -0.0866
v  -0.2399 0.1059 -0.0919
v  -0.1127 0.0530 -0.0906
v  -0.1396 0.1073 -0.0887
v  -0.0991 0.0768 -0.0908
v  -0.1240 0.0991 -0.0893
v  -0.1140 0.1104 -0.0894
v  -0.0709 0.0847 -0.0907
v  -0.0874 0.0678 -0.0905
v  -0.0507 0.0971 -0.0908
v  -0.0281 0.1040 -0.0906
v  -0.0044 0.1051 -0.0905
v  0.0187 0.1002 -0.0903
v  0.0400 0.0898 -0.0900
v  0.0580 0.0744 -0.0897
v  0.0848 0.0620 -0.0893
v  0.0715 0.0550 -0.0893
v  0.1509 0.1213 -0.0846
v  0.1380 0.1159 -0.0855
v  0.1046 0.0971 -0.0876
v  0.0966 0.0894 -0.0881
v  0.0933 0.0786 -0.0886
v  0.0957 0.0677 -0.0886
v  0.0945 0.0364 -0.0889
v  0.1034 0.0596 -0.0882
v  0.1140 0.0563 -0.0876
v  0.1249 0.0585 -0.0869
v  0.1593 0.0755 -0.0848
v  0.1711 0.0832 -0.0840
v  0.1809 0.0570 -0.0836
v  0.1999 0.1018 -0.0872
v  0.2242 0.0721 -0.0879
v  0.2285 0.0683 -0.0881
v  0.2379 0.0067 -0.0875
v  0.2082 0.0073 -0.0848
v  0.1872 0.0140 -0.0831
v  0.1856 0.0138 -0.0829
v  0.2315 0.0656 -0.0883
v  0.1480 0.0083 -0.0853
v  0.0974 0.0091 -0.0885
v  0.1306 0.0057 -0.0863
v  0.1292 -0.0093 -0.0862
v  0.1263 -0.0240 -0.0859
v  0.1423 -0.0314 -0.0848
v  0.0935 -0.0180 -0.0882
v  0.0830 -0.0433 -0.0879
v  0.1768 -0.0472 -0.0823
v  0.1601 -0.0874 -0.0818
v  0.2025 -0.1117 -0.0858
v  0.1783 -0.0479 -0.0823
v  0.2003 -0.0474 -0.0842
v  0.2290 -0.0553 -0.0867
v  0.2062 -0.1100 -0.0861
v  0.2302 -0.0466 -0.0868
v  0.2788 -0.0691 -0.0959
v  0.2822 -0.0454 -0.0961
v  0.3029 -0.0235 -0.1024
v  0.2861 -0.0180 -0.0964
v  0.2896 0.0057 -0.0967
v  0.3164 0.0051 -0.1058
v  0.3320 -0.0048 -0.1114
v  0.3272 -0.0381 -0.1111
v  0.3224 -0.0714 -0.1106
v  0.3046 -0.0763 -0.1048
v  0.2998 -0.0450 -0.1021
v  0.3060 -0.0417 -0.1041
v  0.3091 -0.0354 -0.1048
v  0.3079 -0.0285 -0.1042
v  0.3318 -0.0045 -0.0876
v  0.3271 -0.0378 -0.0873
v  0.3162 0.0054 -0.0820
v  0.2877 0.0232 -0.0970
v  0.2587 0.0415 -0.0924
v  0.2585 0.0419 -0.0674
v  0.2875 0.0235 -0.0733
v  0.2240 0.0725 -0.0614
v  0.2283 0.0686 -0.0618
v  0.2313 0.0660 -0.0622
v  0.1997 0.1021 -0.0598
v  0.1591 0.0759 -0.0547
v  0.1709 0.0836 -0.0536
v  0.1807 0.0574 -0.0533
v  0.1247 0.0589 -0.0579
v  0.1138 0.0567 -0.0588
v  0.1032 0.0600 -0.0596
v  0.0955 0.0681 -0.0602
v  0.0849 0.0625 -0.0611
v  0.0946 0.0368 -0.0607
v  0.0931 0.0790 -0.0600
v  0.0964 0.0897 -0.0593
v  0.1044 0.0975 -0.0585
v  0.1378 0.1163 -0.0554
v  0.1507 0.1217 -0.0544
v  0.1824 0.1349 -0.0603
v  0.1717 0.1716 -0.0631
v  0.1826 0.1345 -0.0879
v  0.1719 0.1713 -0.0896
v  0.0194 0.0398 -0.0628
v  0.0255 0.0311 -0.0627
v  0.0292 0.0212 -0.0626
v  0.0976 0.0095 -0.0603
v  0.0303 0.0106 -0.0625
v  0.0937 -0.0177 -0.0599
v  0.0288 0.0001 -0.0623
v  0.0831 -0.0431 -0.0598
v  0.0247 -0.0097 -0.0622
v  0.0666 -0.0650 -0.0595
v  0.0184 -0.0181 -0.0621
v  0.0451 -0.0822 -0.0594
v  0.0101 -0.0248 -0.0621
v  0.0200 -0.0934 -0.0595
v  0.0004 -0.0291 -0.0621
v  -0.0070 -0.0981 -0.0596
v  -0.0101 -0.0309 -0.0622
v  -0.0344 -0.0959 -0.0599
v  -0.0207 -0.0301 -0.0622
v  -0.0604 -0.0870 -0.0601
v  -0.0307 -0.0266 -0.0623
v  -0.0834 -0.0718 -0.0604
v  -0.0396 -0.0208 -0.0625
v  -0.1018 -0.0515 -0.0609
v  -0.0467 -0.0129 -0.0626
v  -0.0517 -0.0035 -0.0628
v  -0.1146 -0.0272 -0.0613
v  -0.1210 -0.0005 -0.0617
v  -0.0541 0.0068 -0.0629
v  -0.1205 0.0270 -0.0620
v  -0.0539 0.0174 -0.0631
v  -0.1132 0.0535 -0.0623
v  -0.0511 0.0277 -0.0632
v  -0.0996 0.0774 -0.0625
v  -0.0458 0.0368 -0.0633
v  -0.0804 0.0971 -0.0627
v  -0.0384 0.0445 -0.0633
v  -0.0294 0.0500 -0.0633
v  -0.0192 0.0531 -0.0633
v  -0.0086 0.0536 -0.0632
v  0.0018 0.0514 -0.0632
v  0.0113 0.0467 -0.0630
v  -0.1142 0.1108 -0.0604
v  -0.1242 0.0995 -0.0603
v  -0.1398 0.1077 -0.0593
v  -0.2024 0.0607 -0.0560
v  -0.1884 0.0599 -0.0569
v  -0.1506 0.0534 -0.0598
v  -0.1404 0.0488 -0.0605
v  -0.1338 0.0398 -0.0610
v  -0.1324 0.0287 -0.0612
v  -0.1369 0.0185 -0.0607
v  -0.1458 0.0118 -0.0600
v  -0.1568 0.0102 -0.0592
v  -0.1949 0.0147 -0.0564
v  -0.2086 0.0180 -0.0554
v  -0.2091 -0.0099 -0.0551
v  -0.2419 0.0258 -0.0618
v  -0.2548 -0.0103 -0.0637
v  -0.2576 -0.0153 -0.0641
v  -0.2595 -0.0189 -0.0646
v  -0.2458 -0.0765 -0.0637
v  -0.2180 -0.0660 -0.0583
v  -0.2006 -0.0525 -0.0547
v  -0.1990 -0.0522 -0.0545
v  -0.2940 -0.0949 -0.0758
v  -0.2770 -0.0507 -0.0700
v  -0.2981 -0.0776 -0.0760
v  -0.3190 -0.1044 -0.0850
v  -0.3304 -0.1190 -0.0908
v  -0.3147 -0.1487 -0.0903
v  -0.2990 -0.1784 -0.0898
v  -0.2806 -0.1771 -0.0838
v  -0.2588 -0.1617 -0.0746
v  -0.2700 -0.1405 -0.0750
v  -0.2866 -0.1461 -0.0811
v  -0.2935 -0.1449 -0.0830
v  -0.2986 -0.1401 -0.0840
v  -0.2997 -0.1332 -0.0833
v  -0.2968 -0.1268 -0.0814
v  -0.2829 -0.1160 -0.0755
v  -0.2469 -0.1747 -0.0743
v  -0.2166 -0.1319 -0.0628
v  -0.2128 -0.1724 -0.0679
v  -0.1768 -0.1758 -0.0619
v  -0.1728 -0.1762 -0.0614
v  -0.1410 -0.1390 -0.0529
v  -0.1702 -0.1068 -0.0535
v  -0.1714 -0.1079 -0.0538
v  -0.1923 -0.1148 -0.0575
v  -0.2207 -0.1242 -0.0629
v  -0.1712 -0.1083 -0.0840
v  -0.1921 -0.1152 -0.0860
v  -0.2205 -0.1245 -0.0890
v  -0.2698 -0.1408 -0.0987
v  -0.2865 -0.1464 -0.1048
v  -0.1430 -0.0803 -0.0568
v  -0.1304 -0.0680 -0.0582
v  -0.1302 -0.0684 -0.0872
v  -0.1428 -0.0807 -0.0862
v  -0.1700 -0.1072 -0.0838
v  -0.1177 -0.1543 -0.0526
v  -0.1127 -0.1413 -0.0538
v  -0.0948 -0.1073 -0.0572
v  -0.0873 -0.0991 -0.0582
v  -0.0767 -0.0956 -0.0588
v  -0.0657 -0.0977 -0.0591
v  -0.0574 -0.1051 -0.0585
v  -0.0537 -0.1156 -0.0577
v  -0.0557 -0.1266 -0.0566
v  -0.0717 -0.1614 -0.0532
v  -0.0790 -0.1734 -0.0520
v  -0.0526 -0.1825 -0.0517
v  -0.0968 -0.2027 -0.0578
v  -0.0665 -0.2262 -0.0595
v  -0.0625 -0.2304 -0.0599
v  -0.0007 -0.2381 -0.0599
v  -0.0021 -0.2084 -0.0550
v  -0.0094 -0.1875 -0.0516
v  -0.0093 -0.1860 -0.0514
v  -0.0598 -0.2334 -0.0603
v  -0.0048 -0.1483 -0.0549
v  -0.0027 -0.1308 -0.0565
v  0.0122 -0.1290 -0.0564
v  0.0269 -0.1257 -0.0563
v  0.0347 -0.1415 -0.0547
v  0.0515 -0.1754 -0.0511
v  0.0912 -0.1576 -0.0510
v  0.1167 -0.1994 -0.0590
v  0.0522 -0.1769 -0.0513
v  0.0523 -0.1990 -0.0547
v  0.0610 -0.2275 -0.0596
v  0.1151 -0.2032 -0.0595
v  0.0524 -0.2290 -0.0596
v  0.0762 -0.2770 -0.0708
v  0.0526 -0.2810 -0.0709
v  0.0017 -0.2898 -0.0711
v  0.0030 -0.3167 -0.0800
v  0.0133 -0.3321 -0.0856
v  0.0464 -0.3263 -0.0853
v  0.0796 -0.3206 -0.0852
v  0.0841 -0.3026 -0.0795
v  0.0527 -0.2987 -0.0767
v  0.0495 -0.3050 -0.0786
v  0.0433 -0.3083 -0.0793
v  0.0364 -0.3072 -0.0786
v  0.0313 -0.3024 -0.0768
v  0.0253 -0.2857 -0.0710
v  0.0923 -0.2697 -0.0707
v  0.1007 -0.2364 -0.0649
v  0.0798 -0.3209 -0.1090
v  0.0842 -0.3030 -0.1034
v  0.0925 -0.2700 -0.0945
v  0.1008 -0.2368 -0.0898
v  0.1153 -0.2035 -0.0856
v  0.1169 -0.1998 -0.0853
v  0.1192 -0.1945 -0.0851
v  0.1190 -0.1942 -0.0586
v  0.1399 -0.1622 -0.0841
v  0.1397 -0.1619 -0.0567
v  0.1021 -0.1314 -0.0524
v  0.1130 -0.1402 -0.0511
v  0.1132 -0.1406 -0.0815
v  0.1023 -0.1318 -0.0824
v  0.0451 -0.0822 -0.0877
v  0.0665 -0.0652 -0.0878
v  0.0753 -0.0737 -0.0869
v  0.0700 -0.0835 -0.0866
v  0.0701 -0.0947 -0.0859
v  0.0755 -0.1044 -0.0851
v  0.0914 -0.1580 -0.0813
v  0.0612 -0.2278 -0.0856
v  0.0525 -0.1994 -0.0832
v  0.0524 -0.1773 -0.0815
v  0.0517 -0.1759 -0.0814
v  0.0349 -0.1419 -0.0841
v  0.0201 -0.0935 -0.0877
v  0.0271 -0.1261 -0.0853
v  0.0124 -0.1294 -0.0854
v  -0.0025 -0.1312 -0.0854
v  -0.0046 -0.1487 -0.0843
v  -0.0069 -0.0981 -0.0878
v  -0.0342 -0.0959 -0.0880
v  -0.0090 -0.1864 -0.0817
v  -0.0524 -0.1829 -0.0820
v  -0.0623 -0.2308 -0.0861
v  -0.0092 -0.1880 -0.0818
v  -0.0019 -0.2088 -0.0834
v  -0.0005 -0.2385 -0.0859
v  -0.0596 -0.2337 -0.0864
v  0.0081 -0.2370 -0.0858
v  0.0019 -0.2901 -0.0948
v  0.0255 -0.2860 -0.0947
v  0.0528 -0.2990 -0.1004
v  0.0528 -0.2814 -0.0947
v  0.0764 -0.2773 -0.0945
v  0.0466 -0.3267 -0.1092
v  0.0135 -0.3324 -0.1094
v  0.0032 -0.3170 -0.1037
v  0.0314 -0.3027 -0.1005
v  0.0365 -0.3076 -0.1024
v  0.0435 -0.3086 -0.1031
v  0.0497 -0.3053 -0.1024
v  -0.0159 -0.2884 -0.0713
v  -0.0350 -0.2599 -0.0655
v  -0.0348 -0.2602 -0.0905
v  -0.0157 -0.2887 -0.0950
v  0.0079 -0.2366 -0.0598
v  0.0526 -0.2293 -0.0856
v  -0.0663 -0.2266 -0.0859
v  -0.0966 -0.2031 -0.0853
v  -0.0715 -0.1618 -0.0832
v  -0.0788 -0.1738 -0.0824
v  -0.0554 -0.1270 -0.0857
v  -0.0535 -0.1160 -0.0865
v  -0.0572 -0.1055 -0.0872
v  -0.0655 -0.0981 -0.0876
v  -0.0601 -0.0870 -0.0884
v  -0.0829 -0.0719 -0.0887
v  -0.0765 -0.0960 -0.0875
v  -0.0871 -0.0995 -0.0869
v  -0.0946 -0.1077 -0.0863
v  -0.1125 -0.1417 -0.0838
v  -0.1175 -0.1547 -0.0828
v  -0.1408 -0.1394 -0.0832
v  -0.1298 -0.1868 -0.0857
v  -0.1669 -0.1771 -0.0874
v  -0.1726 -0.1765 -0.0876
v  -0.2164 -0.1322 -0.0888
v  -0.1766 -0.1762 -0.0880
v  -0.1013 -0.0517 -0.0891
v  -0.1379 -0.0554 -0.0874
v  -0.1443 -0.0418 -0.0876
v  -0.1615 -0.0452 -0.0867
v  -0.1141 -0.0274 -0.0895
v  -0.1205 -0.0008 -0.0899
v  -0.1988 -0.0526 -0.0847
v  -0.2089 -0.0103 -0.0854
v  -0.2004 -0.0529 -0.0849
v  -0.2178 -0.0664 -0.0868
v  -0.2456 -0.0769 -0.0897
v  -0.2594 -0.0192 -0.0906
v  -0.2574 -0.0157 -0.0903
v  -0.2084 0.0176 -0.0858
v  -0.2546 -0.0107 -0.0902
v  -0.2417 0.0255 -0.0893
v  -0.1947 0.0143 -0.0864
v  -0.1566 0.0098 -0.0883
v  -0.1456 0.0114 -0.0888
v  -0.1367 0.0181 -0.0894
v  -0.1322 0.0284 -0.0897
v  -0.1200 0.0266 -0.0902
v  -0.1336 0.0394 -0.0895
v  -0.1402 0.0484 -0.0893
v  -0.1504 0.0531 -0.0887
v  -0.1882 0.0595 -0.0870
v  -0.2022 0.0603 -0.0863
v  -0.2364 0.0621 -0.0898
v  -0.2386 0.1003 -0.0915
v  -0.2366 0.0624 -0.0623
v  -0.2388 0.1007 -0.0650
v  -0.2768 -0.0510 -0.0948
v  -0.2939 -0.0952 -0.0995
v  -0.2980 -0.0780 -0.0997
v  -0.2415 -0.0846 -0.0896
v  -0.2827 -0.1163 -0.0992
v  -0.2586 -0.1620 -0.0983
v  -0.2805 -0.1774 -0.1075
v  -0.2988 -0.1788 -0.1136
v  -0.3145 -0.1490 -0.1141
v  -0.3302 -0.1193 -0.1146
v  -0.3188 -0.1047 -0.1088
v  -0.2966 -0.1271 -0.1052
v  -0.2996 -0.1335 -0.1071
v  -0.2984 -0.1404 -0.1077
v  -0.2934 -0.1453 -0.1068
v  -0.2467 -0.1751 -0.0981
v  -0.2126 -0.1727 -0.0929
v  -0.1670 -0.1767 -0.0609
v  -0.1300 -0.1864 -0.0582
v  -0.2417 -0.0843 -0.0635
v  -0.1445 -0.0414 -0.0586
v  -0.1617 -0.0448 -0.0573
v  -0.1381 -0.0550 -0.0584
v  -0.0992 0.0472 -0.0904
v  -0.1055 0.0244 -0.0901
v  -0.0861 0.0652 -0.2845
v  -0.0979 0.0446 -0.2844
v  -0.0696 0.0822 -0.2846
v  -0.0494 0.0945 -0.2846
v  -0.0267 0.1014 -0.2846
v  -0.0031 0.1025 -0.2845
v  0.0201 0.0977 -0.2842
v  0.0413 0.0872 -0.2839
v  0.0838 0.0067 -0.2826
v  0.0593 0.0718 -0.2836
v  0.0812 0.0303 -0.2829
v  0.0729 0.0524 -0.2832
v  0.0799 0.0328 -0.0889
v  0.0824 0.0093 -0.0886
v  0.0790 -0.0141 -0.0883
v  0.0700 -0.0360 -0.0881
v  0.0557 -0.0549 -0.0880
v  0.1433 -0.1097 -0.0816
v  0.1341 -0.0990 -0.0826
v  0.1060 -0.0731 -0.0854
v  0.0961 -0.0679 -0.0861
v  0.0850 -0.0681 -0.0867
v  0.1973 -0.1141 -0.0856
v  0.1656 -0.1357 -0.0844
v  0.2023 -0.1114 -0.0596
v  0.1971 -0.1138 -0.0591
v  0.2390 -0.0947 -0.0907
v  0.2388 -0.0943 -0.0657
v  0.2060 -0.1097 -0.0601
v  0.2288 -0.0549 -0.0607
v  0.2001 -0.0470 -0.0556
v  0.1781 -0.0475 -0.0522
v  0.1766 -0.0468 -0.0519
v  0.1599 -0.0870 -0.0515
v  0.1421 -0.0310 -0.0554
v  0.1262 -0.0237 -0.0570
v  0.1290 -0.0089 -0.0572
v  0.1304 0.0061 -0.0573
v  0.1478 0.0087 -0.0560
v  0.1854 0.0142 -0.0527
v  0.1870 0.0144 -0.0530
v  0.2080 0.0076 -0.0564
v  0.2377 0.0070 -0.0614
v  0.2365 -0.0016 -0.0613
v  0.2894 0.0060 -0.0730
v  0.2860 -0.0177 -0.0727
v  0.2786 -0.0688 -0.0721
v  0.3045 -0.0760 -0.0811
v  0.3222 -0.0711 -0.0868
v  0.3028 -0.0232 -0.0786
v  0.3077 -0.0282 -0.0804
v  0.3090 -0.0351 -0.0811
v  0.3058 -0.0414 -0.0803
v  0.2997 -0.0447 -0.0784
v  0.2820 -0.0451 -0.0724
v  0.2367 -0.0020 -0.0874
v  0.2300 -0.0463 -0.0608
v  0.2718 -0.0851 -0.0719
v  0.2720 -0.0854 -0.0957
v  0.0751 -0.0733 -0.0584
v  0.0848 -0.0677 -0.0580
v  0.0959 -0.0675 -0.0573
v  0.1058 -0.0727 -0.0563
v  0.1339 -0.0986 -0.0527
v  0.1431 -0.1093 -0.0513
v  0.1654 -0.1354 -0.0568
v  0.0698 -0.0831 -0.0580
v  0.0753 -0.1040 -0.0561
v  0.0698 -0.0943 -0.0571
v  0.0372 -0.0697 -0.0879
v  0.0156 -0.0794 -0.0879
v  -0.0077 -0.0834 -0.0881
v  -0.0064 -0.0860 -0.2819
v  0.0170 -0.0819 -0.2818
v  0.0386 -0.0722 -0.2818
v  0.0571 -0.0575 -0.2819
v  0.0713 -0.0386 -0.2821
v  0.0804 -0.0167 -0.2823
v  0.0187 0.0239 -0.2832
v  0.0216 0.0160 -0.2832
v  0.0225 0.0078 -0.2831
v  0.0214 -0.0005 -0.2829
v  0.0182 -0.0081 -0.2829
v  0.0131 -0.0148 -0.2828
v  0.0066 -0.0200 -0.2828
v  -0.0009 -0.0234 -0.2828
v  -0.0091 -0.0248 -0.2828
v  -0.0175 -0.0241 -0.2828
v  -0.0253 -0.0214 -0.2830
v  -0.0323 -0.0169 -0.2831
v  -0.0379 -0.0107 -0.2832
v  -0.0417 -0.0033 -0.2833
v  -0.0437 0.0048 -0.2835
v  -0.0435 0.0131 -0.2836
v  -0.0413 0.0211 -0.2836
v  -0.0372 0.0283 -0.2837
v  -0.0314 0.0343 -0.2838
v  -0.0243 0.0386 -0.2837
v  -0.0163 0.0411 -0.2837
v  -0.0080 0.0414 -0.2837
v  0.0001 0.0398 -0.2836
v  0.0076 0.0361 -0.2835
v  0.0139 0.0307 -0.2834
v  0.0175 0.0262 -0.1047
v  0.0127 0.0330 -0.1048
v  0.0204 0.0184 -0.1046
v  0.0213 0.0101 -0.1045
v  0.0201 0.0019 -0.1044
v  0.0169 -0.0058 -0.1043
v  0.0119 -0.0124 -0.1042
v  0.0054 -0.0176 -0.1042
v  -0.0022 -0.0210 -0.1042
v  -0.0104 -0.0224 -0.1042
v  -0.0187 -0.0218 -0.1043
v  -0.0266 -0.0191 -0.1044
v  -0.0335 -0.0145 -0.1045
v  -0.0391 -0.0083 -0.1046
v  -0.0430 -0.0010 -0.1047
v  -0.0449 0.0071 -0.1049
v  -0.0448 0.0154 -0.1050
v  -0.0426 0.0235 -0.1051
v  -0.0384 0.0307 -0.1051
v  -0.0326 0.0367 -0.1052
v  -0.0255 0.0410 -0.1051
v  -0.0176 0.0434 -0.1051
v  -0.0092 0.0438 -0.1051
v  -0.0011 0.0421 -0.1050
v  0.0064 0.0384 -0.1049
v  -0.0300 -0.0841 -0.2822
v  -0.0313 -0.0815 -0.0882
v  -0.0537 -0.0738 -0.0885
v  -0.0524 -0.0764 -0.2824
v  -0.0735 -0.0608 -0.0888
v  -0.0721 -0.0633 -0.2827
v  -0.0894 -0.0432 -0.0891
v  -0.0880 -0.0458 -0.2831
v  -0.1004 -0.0223 -0.0895
v  -0.0991 -0.0249 -0.2835
v  -0.1059 0.0007 -0.0899
v  -0.1041 0.0218 -0.2840
v  -0.1046 -0.0018 -0.2838
v  -0.2949 0.2265 -0.3277
v  -0.3107 0.2384 -0.3276
v  -0.2443 0.3067 -0.3279
v  -0.2319 0.2913 -0.3280
v  -0.2272 0.2854 -0.3272
v  -0.2889 0.2220 -0.3267
v  -0.1548 0.3384 -0.3282
v  -0.1517 0.3315 -0.3272
v  -0.1629 0.3564 -0.3281
v  -0.1672 0.3658 -0.3214
v  -0.2507 0.3148 -0.3214
v  -0.1690 0.3693 -0.0611
v  -0.2525 0.3183 -0.0610
v  -0.2462 0.3104 -0.0541
v  -0.1648 0.3600 -0.0543
v  -0.3208 0.2481 -0.0605
v  -0.3127 0.2420 -0.0537
v  -0.3189 0.2446 -0.3210
v  -0.3581 0.1557 -0.3268
v  -0.3676 0.1597 -0.3201
v  -0.3694 0.1631 -0.0598
v  -0.3600 0.1593 -0.0530
v  -0.3954 0.0688 -0.0587
v  -0.3853 0.0674 -0.0519
v  -0.3936 0.0653 -0.3191
v  -0.3834 0.0638 -0.3258
v  -0.3638 0.0610 -0.3259
v  -0.3398 0.1481 -0.3269
v  -0.3329 0.1452 -0.3260
v  -0.3564 0.0599 -0.3251
v  -0.2836 0.2180 -0.3247
v  -0.3268 0.1427 -0.3239
v  -0.2231 0.2803 -0.3251
v  -0.1490 0.3255 -0.3252
v  -0.0671 0.3574 -0.3270
v  -0.0660 0.3509 -0.3250
v  -0.0684 0.3648 -0.3278
v  -0.0718 0.3843 -0.3278
v  0.0219 0.3689 -0.3273
v  0.0234 0.3886 -0.3272
v  0.1103 0.3504 -0.3264
v  0.1167 0.3691 -0.3262
v  0.1914 0.3106 -0.3253
v  0.2023 0.3271 -0.3251
v  0.2600 0.2518 -0.3241
v  0.2746 0.2650 -0.3238
v  0.3118 0.1778 -0.3228
v  0.3293 0.1870 -0.3224
v  0.3628 0.0978 -0.3210
v  0.3436 0.0932 -0.3214
v  0.3727 0.1002 -0.3142
v  0.3383 0.1918 -0.3156
v  0.3709 0.1037 -0.0538
v  0.3365 0.1953 -0.0553
v  0.3274 0.1906 -0.0486
v  0.3609 0.1014 -0.0472
v  0.2803 0.2754 -0.0568
v  0.2727 0.2687 -0.0500
v  0.2822 0.2720 -0.3171
v  0.2078 0.3357 -0.3184
v  0.2060 0.3391 -0.0581
v  0.2004 0.3307 -0.0513
v  0.1182 0.3823 -0.0593
v  0.1148 0.3728 -0.0524
v  0.1200 0.3789 -0.3196
v  0.0242 0.3989 -0.3206
v  0.0224 0.4023 -0.0603
v  0.0215 0.3922 -0.0534
v  -0.0754 0.3979 -0.0609
v  -0.0737 0.3879 -0.0540
v  -0.0736 0.3944 -0.3212
v  -0.0703 0.3684 -0.0533
v  -0.1567 0.3420 -0.0535
v  -0.1536 0.3351 -0.0542
v  -0.0690 0.3610 -0.0540
v  -0.2338 0.2949 -0.0535
v  -0.2291 0.2890 -0.0542
v  -0.2968 0.2301 -0.0531
v  -0.3417 0.1517 -0.0523
v  -0.3657 0.0646 -0.0514
v  -0.3673 -0.0257 -0.0502
v  -0.3870 -0.0279 -0.0507
v  -0.3464 -0.1136 -0.0488
v  -0.3649 -0.1206 -0.0492
v  -0.3205 -0.2049 -0.0478
v  -0.3042 -0.1935 -0.0475
v  -0.3288 -0.2109 -0.0546
v  -0.3744 -0.1243 -0.0560
v  -0.3726 -0.1277 -0.3163
v  -0.3270 -0.2143 -0.3149
v  -0.3971 -0.0291 -0.0574
v  -0.3953 -0.0325 -0.3178
v  -0.3851 -0.0315 -0.3245
v  -0.3654 -0.0293 -0.3247
v  -0.3579 -0.0285 -0.3239
v  -0.3498 0.0590 -0.3230
v  -0.3513 -0.0278 -0.3219
v  -0.3201 0.1400 -0.3185
v  -0.3427 0.0580 -0.3176
v  -0.2779 0.2137 -0.3192
v  -0.2186 0.2747 -0.3196
v  -0.1461 0.3190 -0.3196
v  -0.0648 0.3438 -0.3195
v  0.0207 0.3548 -0.3243
v  0.0201 0.3477 -0.3189
v  0.0213 0.3614 -0.3264
v  0.1079 0.3433 -0.3256
v  0.1873 0.3043 -0.3245
v  0.2544 0.2467 -0.3233
v  0.3052 0.1743 -0.3220
v  0.3363 0.0915 -0.3206
v  0.3534 0.0034 -0.3201
v  0.3459 0.0035 -0.3194
v  0.3731 0.0030 -0.3196
v  0.3833 0.0029 -0.3128
v  0.3815 0.0064 -0.0525
v  0.3712 0.0066 -0.0458
v  0.3417 0.0968 -0.0468
v  0.3515 0.0070 -0.0456
v  0.3576 -0.0877 -0.0447
v  0.3386 -0.0824 -0.0445
v  0.3210 -0.1757 -0.0438
v  0.3039 -0.1658 -0.0436
v  0.2636 -0.2518 -0.0432
v  0.2495 -0.2380 -0.0430
v  0.1892 -0.3113 -0.0429
v  0.1789 -0.2944 -0.0428
v  0.0965 -0.3314 -0.0429
v  0.1022 -0.3504 -0.0430
v  0.1945 -0.3201 -0.0495
v  0.1053 -0.3603 -0.0496
v  0.1071 -0.3637 -0.3099
v  0.1963 -0.3236 -0.3098
v  0.0088 -0.3769 -0.0500
v  0.0106 -0.3804 -0.3104
v  0.0083 -0.3666 -0.0434
v  0.0074 -0.3468 -0.0433
v  0.0943 -0.3243 -0.0438
v  0.0071 -0.3393 -0.0442
v  0.1750 -0.2880 -0.0437
v  0.2441 -0.2328 -0.0440
v  0.2973 -0.1621 -0.0445
v  0.3313 -0.0804 -0.0453
v  0.3440 0.0071 -0.0464
v  0.3344 0.0951 -0.0477
v  0.3099 0.1814 -0.0482
v  0.3033 0.1779 -0.0490
v  0.2581 0.2554 -0.0495
v  0.2525 0.2503 -0.0503
v  0.1895 0.3142 -0.0508
v  0.1854 0.3079 -0.0515
v  0.1084 0.3541 -0.0519
v  0.1060 0.3469 -0.0526
v  0.0200 0.3725 -0.0527
v  0.0194 0.3650 -0.0535
v  -0.0679 0.3545 -0.0558
v  0.0189 0.3584 -0.0553
v  -0.1509 0.3291 -0.0561
v  -0.2250 0.2838 -0.0560
v  -0.2908 0.2256 -0.0537
v  -0.2855 0.2216 -0.0556
v  -0.3348 0.1488 -0.0530
v  -0.3583 0.0635 -0.0521
v  -0.3598 -0.0249 -0.0510
v  -0.3393 -0.1110 -0.0497
v  -0.2981 -0.1892 -0.0483
v  -0.2435 -0.2605 -0.0462
v  -0.2386 -0.2547 -0.0470
v  -0.2564 -0.2755 -0.0464
v  -0.2630 -0.2834 -0.0531
v  -0.2612 -0.2868 -0.3135
v  -0.3185 -0.2085 -0.3216
v  -0.2545 -0.2791 -0.3202
v  -0.3630 -0.1242 -0.3231
v  -0.3444 -0.1172 -0.3234
v  -0.3374 -0.1146 -0.3226
v  -0.3312 -0.1122 -0.3207
v  -0.3441 -0.0269 -0.3165
v  -0.3244 -0.1096 -0.3152
v  -0.3459 -0.0235 -0.0582
v  -0.3445 0.0615 -0.0593
v  -0.3532 -0.0242 -0.0529
v  -0.3517 0.0626 -0.0540
v  -0.3331 -0.1087 -0.0515
v  -0.2926 -0.1854 -0.0503
v  -0.2343 -0.2498 -0.0490
v  -0.1647 -0.3034 -0.0459
v  -0.1618 -0.2975 -0.0479
v  -0.1681 -0.3102 -0.0450
v  -0.1769 -0.3279 -0.0452
v  -0.1813 -0.3372 -0.0519
v  -0.1795 -0.3407 -0.3122
v  -0.1749 -0.3316 -0.3191
v  -0.2416 -0.2641 -0.3207
v  -0.1662 -0.3138 -0.3196
v  -0.0848 -0.3626 -0.3180
v  -0.0807 -0.3432 -0.3186
v  0.0102 -0.3702 -0.3173
v  0.0093 -0.3505 -0.3179
v  0.1041 -0.3540 -0.3168
v  0.0984 -0.3351 -0.3174
v  0.1911 -0.3149 -0.3167
v  0.1808 -0.2980 -0.3174
v  0.2514 -0.2416 -0.3176
v  0.2655 -0.2554 -0.3170
v  0.2728 -0.2625 -0.3101
v  0.2710 -0.2590 -0.0497
v  0.3299 -0.1809 -0.0503
v  0.3317 -0.1843 -0.3107
v  0.3229 -0.1793 -0.3176
v  0.3058 -0.1695 -0.3183
v  0.2460 -0.2364 -0.3169
v  0.2993 -0.1657 -0.3175
v  0.1769 -0.2916 -0.3167
v  0.0962 -0.3279 -0.3167
v  0.0090 -0.3429 -0.3172
v  -0.0792 -0.3359 -0.3179
v  -0.1628 -0.3071 -0.3189
v  -0.2367 -0.2584 -0.3200
v  -0.3023 -0.1972 -0.3221
v  -0.2961 -0.1928 -0.3212
v  -0.2907 -0.1890 -0.3193
v  -0.2848 -0.1848 -0.3140
v  -0.2866 -0.1814 -0.0557
v  -0.3262 -0.1062 -0.0570
v  -0.2295 -0.2443 -0.0545
v  -0.1586 -0.2911 -0.0534
v  -0.0797 -0.3258 -0.0469
v  -0.0782 -0.3187 -0.0524
v  -0.0811 -0.3322 -0.0449
v  -0.0826 -0.3396 -0.0440
v  -0.0867 -0.3590 -0.0442
v  -0.0888 -0.3691 -0.0508
v  -0.0869 -0.3725 -0.3112
v  0.0068 -0.3327 -0.0463
v  0.0923 -0.3179 -0.0458
v  0.1715 -0.2823 -0.0457
v  0.2394 -0.2282 -0.0460
v  0.2916 -0.1589 -0.0466
v  0.3250 -0.0787 -0.0473
v  0.3374 0.0072 -0.0485
v  0.3280 0.0935 -0.0497
v  0.2974 0.1748 -0.0509
v  0.2476 0.2459 -0.0522
v  0.1817 0.3023 -0.0534
v  0.1038 0.3407 -0.0545
v  0.0183 0.3511 -0.0606
v  0.1015 0.3337 -0.0598
v  -0.0666 0.3472 -0.0611
v  -0.1479 0.3224 -0.0614
v  -0.2204 0.2781 -0.0613
v  -0.2797 0.2171 -0.0609
v  -0.3286 0.1463 -0.0549
v  -0.3219 0.1434 -0.0603
v  0.1033 0.3303 -0.3180
v  0.1057 0.3371 -0.3236
v  0.1836 0.2988 -0.3225
v  0.2495 0.2423 -0.3213
v  0.2993 0.1712 -0.3200
v  0.3299 0.0899 -0.3187
v  0.3392 0.0036 -0.3175
v  0.3333 -0.0840 -0.3183
v  0.3269 -0.0823 -0.3165
v  0.3405 -0.0861 -0.3190
v  0.3595 -0.0913 -0.3185
v  0.3693 -0.0940 -0.3117
v  0.3675 -0.0905 -0.0513
v  0.2935 -0.1624 -0.3156
v  0.2413 -0.2318 -0.3151
v  0.1734 -0.2859 -0.3149
v  0.0942 -0.3215 -0.3149
v  0.0087 -0.3363 -0.3153
v  -0.0778 -0.3293 -0.3160
v  -0.1599 -0.3011 -0.3170
v  -0.2324 -0.2533 -0.3181
v  -0.2277 -0.2477 -0.3127
v  -0.1568 -0.2945 -0.3116
v  -0.0764 -0.3222 -0.3107
v  0.0065 -0.3255 -0.0517
v  0.0083 -0.3290 -0.3100
v  0.0903 -0.3111 -0.0513
v  0.1678 -0.2762 -0.0513
v  0.2342 -0.2232 -0.0514
v  0.2854 -0.1553 -0.0521
v  0.3180 -0.0769 -0.0529
v  0.3301 0.0072 -0.0539
v  0.3210 0.0917 -0.0550
v  0.2910 0.1713 -0.0563
v  0.2423 0.2409 -0.0576
v  0.1778 0.2962 -0.0587
v  0.1796 0.2928 -0.3170
v  0.2441 0.2375 -0.3159
v  0.2928 0.1679 -0.3146
v  0.3227 0.0883 -0.3133
v  0.3319 0.0038 -0.3122
v  0.3198 -0.0803 -0.3112
v  0.2872 -0.1587 -0.3103
v  0.2360 -0.2266 -0.3098
v  0.1696 -0.2796 -0.3096
v  0.0921 -0.3145 -0.3096
# 1015 vertices

vn 0.8392 -0.1845 -0.5116
vn 0.6515 -0.3583 0.6687
vn 0.5796 -0.8081 0.1053
vn 0.2195 -0.5745 0.7886
vn -0.8074 -0.3300 0.4891
vn 0.6867 0.4726 -0.5523
vn 0.0781 0.1923 -0.9782
vn -0.5791 0.0396 -0.8143
vn 0.1512 -0.7041 -0.6938
vn 0.3656 0.7523 -0.5480
vn 0.1266 0.2285 -0.9653
vn -0.4045 -0.3461 -0.8465
vn 0.3180 0.5155 0.7957
vn -0.0863 0.6714 0.7360
vn -0.5644 0.5218 0.6396
vn -0.8385 0.1032 0.5350
vn -0.0331 -0.8742 0.4845
vn -0.1187 -0.2451 0.9622
vn -0.3643 -0.7499 0.5522
vn 0.5850 -0.0333 0.8103
vn -0.0638 -0.2054 0.9766
vn -0.6884 -0.4857 0.5387
vn -0.6201 -0.0162 -0.7843
vn -0.6280 0.3456 -0.6972
vn -0.3573 0.6924 -0.6269
vn 0.0536 0.8433 -0.5348
vn 0.4188 0.7671 -0.4860
vn 0.4175 0.3411 0.8422
vn 0.5717 0.0250 0.8201
vn -0.1179 -0.1471 0.9821
vn 0.8183 0.2030 -0.5377
vn 0.5740 -0.0437 0.8177
vn 0.5208 -0.0385 0.8528
vn -0.2104 -0.0310 0.9771
vn -0.5521 -0.5556 0.6217
vn -0.4909 -0.4226 -0.7618
vn -0.7024 -0.3974 0.5905
vn -0.7154 -0.4368 0.5454
vn -0.7032 -0.5187 0.4863
vn 0.7949 0.3863 -0.4678
vn 0.7354 0.3979 -0.5485
vn 0.2019 0.6062 0.7692
vn 0.1657 -0.8262 -0.5384
vn -0.1584 -0.7923 0.5892
vn -0.2297 -0.6086 -0.7595
vn 0.5884 0.5585 -0.5847
vn 0.1600 0.1036 -0.9817
vn 0.2378 0.0146 -0.9712
vn -0.5186 0.0070 -0.8550
vn -0.5309 0.0191 -0.8472
vn 0.2823 -0.0163 -0.9592
vn 0.2774 -0.0220 -0.9605
vn 0.5937 -0.5969 -0.5397
vn 0.5699 -0.2447 0.7844
vn 0.7916 0.1701 -0.5869
vn 0.2728 -0.0276 -0.9617
vn 0.2675 -0.0301 -0.9631
vn -0.4533 -0.2229 -0.8630
vn 0.2516 0.0252 -0.9675
vn -0.1703 -0.7784 -0.6042
vn 0.4679 0.3619 0.8062
vn -0.3182 -0.4441 -0.8376
vn 0.1919 0.1280 -0.9730
vn 0.3822 0.6861 -0.6191
vn -0.3499 -0.4180 -0.8384
vn 0.4274 0.7026 -0.5689
vn -0.4086 -0.7265 0.5525
vn -0.1882 -0.5510 -0.8130
vn -0.4172 -0.7183 0.5567
vn -0.1576 -0.1775 0.9714
vn -0.3486 -0.7343 0.5825
vn 0.3814 0.3895 0.8384
vn 0.3657 0.4151 0.8330
vn 0.7507 0.5048 -0.4262
vn 0.4559 0.1848 0.8706
vn -0.2450 -0.0574 0.9678
vn -0.3595 -0.7288 0.5828
vn -0.2719 0.0521 0.9609
vn -0.8155 -0.1634 0.5552
vn -0.2825 0.0478 0.9581
vn 0.8984 -0.2752 -0.3422
vn 0.2090 -0.5628 0.7997
vn -0.2945 0.0394 0.9548
vn -0.3028 0.0283 0.9526
vn -0.0015 0.6468 0.7627
vn 0.4219 0.6724 -0.6082
vn 0.5391 0.6259 -0.5635
vn 0.7504 0.4810 -0.4533
vn 0.8958 0.1357 -0.4232
vn 0.3539 -0.1870 0.9164
vn -0.3051 0.0168 0.9522
vn -0.3103 0.0031 0.9506
vn 0.6804 -0.5563 -0.4772
vn 0.3663 -0.7442 -0.5585
vn 0.1143 -0.7284 -0.6756
vn -0.0042 -0.6888 -0.7249
vn -0.4037 -0.6385 0.6552
vn -0.2018 -0.0028 0.9794
vn 0.1509 -0.7849 0.6010
vn 0.6787 -0.4021 -0.6146
vn 0.4060 -0.3871 0.8278
vn 0.4402 -0.4003 0.8037
vn -0.0610 0.0384 0.9974
vn -0.3908 0.6639 0.6376
vn -0.0863 0.6863 -0.7222
vn -0.1873 0.6840 0.7050
vn 0.0168 0.0525 0.9985
vn 0.5787 -0.5425 -0.6089
vn 0.4175 -0.4701 0.7776
vn 0.4614 -0.4262 0.7781
vn 0.7081 -0.1817 0.6824
vn 0.7587 0.1853 -0.6246
vn 0.4462 0.6530 0.6120
vn 0.1002 0.7267 0.6796
vn -0.0043 0.1193 0.9928
vn 0.1079 -0.6405 0.7604
vn -0.0696 -0.7752 -0.6279
vn -0.4143 -0.6308 -0.6561
vn -0.6699 -0.2703 -0.6915
vn -0.6584 0.1725 -0.7326
vn -0.4710 0.5015 -0.7257
vn -0.3105 0.6951 0.6484
vn 0.0377 0.7335 0.6787
vn -0.0754 0.0866 0.9934
vn 0.1976 0.6845 -0.7018
vn 0.1038 0.6948 0.7116
vn 0.0951 0.7114 0.6963
vn -0.2147 0.0376 0.9759
vn 0.2003 -0.5450 0.8141
vn 0.3503 -0.7273 -0.5902
vn 0.0242 -0.6569 0.7536
vn 0.0526 -0.6601 0.7494
vn 0.1377 -0.6780 0.7221
vn 0.0277 0.6804 -0.7323
vn -0.0106 0.6658 -0.7460
vn -0.0944 0.6397 -0.7628
vn -0.0680 -0.7292 0.6809
vn 0.0195 -0.1102 -0.9937
vn -0.1006 -0.7290 -0.6771
vn 0.5568 0.5888 -0.5859
vn 0.7633 0.1873 -0.6183
vn 0.8199 -0.2495 -0.5152
vn -0.4624 0.4270 -0.7771
vn 0.0005 -0.0493 -0.9988
vn 0.3191 -0.6862 -0.6537
vn -0.4949 0.6465 0.5806
vn -0.7729 0.3093 0.5540
vn -0.7965 -0.2006 0.5704
vn -0.4805 -0.5984 0.6411
vn -0.3977 0.4718 -0.7869
vn 0.1203 -0.0272 -0.9924
vn 0.4279 -0.4650 0.7750
vn -0.3987 0.4074 -0.8216
vn -0.4422 0.4550 -0.7730
vn 0.2340 0.0025 -0.9722
vn 0.1801 -0.6860 -0.7050
vn -0.2915 0.7079 0.6433
vn 0.4425 -0.6423 -0.6259
vn 0.4057 -0.6581 -0.6343
vn -0.3684 0.6803 0.6336
vn 0.2058 0.7051 -0.6786
vn 0.2921 0.6418 0.7091
vn 0.6310 0.6556 -0.4149
vn -0.2196 -0.7079 0.6713
vn 0.2900 -0.0017 -0.9570
vn 0.2855 0.0042 -0.9584
vn 0.4298 0.6412 -0.6357
vn -0.4493 -0.6656 0.5959
vn -0.3212 -0.7199 0.6153
vn -0.0382 -0.7324 0.6798
vn 0.2964 -0.5691 0.7670
vn 0.7960 -0.2025 -0.5704
vn 0.2855 -0.0081 -0.9583
vn 0.5332 0.1754 0.8276
vn 0.3515 0.5092 0.7856
vn 0.1132 0.6694 0.7342
vn -0.0176 0.7075 0.7065
vn 0.0197 -0.6657 -0.7459
vn 0.7726 0.4781 -0.4177
vn 0.5642 -0.0502 0.8241
vn 0.5398 0.4570 0.7070
vn 0.8376 0.0280 -0.5455
vn 0.5773 0.0158 0.8164
vn -0.5574 -0.0370 -0.8294
vn 0.3834 -0.7614 -0.5228
vn 0.4406 -0.4026 0.8024
vn -0.0214 -0.7254 -0.6880
vn 0.0516 0.7394 0.6712
vn 0.1302 -0.0612 -0.9896
vn -0.0541 -0.6899 -0.7219
vn -0.1968 0.5603 -0.8045
vn 0.2397 -0.0166 -0.9707
vn -0.0414 -0.6952 -0.7176
vn 0.2795 0.0194 -0.9600
vn 0.5965 -0.5429 -0.5911
vn 0.2833 0.0118 -0.9590
vn 0.5710 -0.2453 0.7834
vn 0.8474 0.2259 -0.4804
vn 0.8307 0.1274 -0.5420
vn 0.7807 0.2869 -0.5551
vn 0.8447 -0.0422 -0.5335
vn 0.8108 -0.2094 -0.5467
vn 0.7417 -0.3621 -0.5646
vn 0.6379 -0.4920 -0.5924
vn 0.5063 -0.5940 -0.6252
vn 0.3534 -0.6563 -0.6666
vn 0.2592 -0.0317 -0.9653
vn 0.1895 -0.6770 -0.7112
vn 0.8488 -0.0407 -0.5272
vn -0.8609 0.0619 0.5049
vn -0.8806 -0.0795 0.4672
vn -0.8089 -0.3614 0.4638
vn -0.5480 -0.6266 0.5541
vn 0.1929 -0.6560 -0.7297
vn 0.2513 -0.0279 -0.9675
vn 0.2042 -0.6348 0.7452
vn 0.4607 -0.3589 0.8117
vn 0.5316 -0.0792 0.8433
vn 0.5088 0.0607 0.8587
vn -0.4744 -0.0412 -0.8793
vn 0.2648 0.0253 -0.9640
vn 0.7862 -0.4594 -0.4134
vn 0.0176 -0.7488 0.6625
vn 0.1141 0.4550 -0.8832
vn 0.3217 0.1263 -0.9384
vn 0.6994 -0.4528 -0.5530
vn -0.8057 0.3514 0.4768
vn 0.8236 -0.2159 -0.5244
vn -0.0294 0.7028 -0.7108
vn -0.5114 0.2109 -0.8330
vn 0.2446 -0.0256 -0.9693
vn -0.8868 -0.2437 0.3928
vn -0.2123 -0.5659 -0.7967
vn -0.1568 -0.7934 0.5882
vn 0.5778 -0.6034 -0.5496
vn 0.2373 -0.0221 -0.9712
vn 0.2336 -0.0178 -0.9722
vn -0.2035 0.5260 -0.8258
vn 0.2795 0.0142 -0.9600
vn 0.8564 0.0085 -0.5163
vn 0.4014 -0.5238 0.7513
vn 0.1688 0.1456 -0.9748
vn 0.3532 0.1025 -0.9299
vn 0.8870 0.0181 -0.4614
vn -0.3645 0.3974 -0.8421
vn 0.4231 0.1893 -0.8861
vn -0.3171 0.4733 -0.8218
vn -0.6750 0.5147 0.5287
vn 0.7730 -0.3433 -0.5335
vn 0.3702 0.2300 -0.9000
vn -0.0381 0.7500 -0.6604
vn 0.2168 -0.7037 -0.6766
vn 0.2318 -0.0386 -0.9720
vn -0.4723 -0.1841 -0.8620
vn 0.9076 0.0404 -0.4179
vn 0.4601 -0.3332 0.8230
vn 0.4445 0.0993 0.8903
vn 0.1757 0.5309 0.8290
vn -0.2945 0.6646 0.6867
vn -0.2134 -0.8745 0.4356
vn -0.5922 -0.8044 -0.0479
vn 0.0399 -0.7508 0.6593
vn -0.0882 0.7051 -0.7036
vn 0.0824 -0.7312 0.6771
vn 0.5703 -0.5506 -0.6096
vn 0.0834 -0.7191 0.6898
vn 0.4195 -0.6050 -0.6767
vn 0.0114 -0.7098 0.7043
vn 0.0160 -0.7308 0.6824
vn 0.4908 -0.5297 0.6918
vn 0.8687 -0.0318 -0.4943
vn 0.4624 0.0119 0.8866
vn -0.2733 -0.0566 0.9603
vn 0.8747 -0.1630 -0.4563
vn 0.7824 -0.4248 -0.4555
vn 0.5168 -0.6815 -0.5181
vn -0.2031 -0.6060 0.7691
vn -0.2600 0.0534 0.9641
vn -0.2459 0.0527 0.9679
vn -0.1950 -0.6889 -0.6981
vn -0.4474 -0.4278 -0.7854
vn -0.5134 -0.1632 -0.8425
vn -0.5049 -0.0294 -0.8627
vn -0.8458 0.0128 0.5334
vn -0.7708 -0.5290 0.3550
vn -0.0287 -0.6149 -0.7881
vn -0.4730 -0.4586 -0.7523
vn -0.3486 -0.7447 0.5691
vn -0.2676 0.0326 0.9630
vn -0.2609 -0.0030 0.9654
vn -0.2537 0.0237 0.9670
vn -0.2322 0.0469 0.9715
vn -0.2585 0.0026 0.9660
vn -0.2224 0.0401 0.9741
vn -0.2510 0.0037 0.9680
vn -0.2149 0.0294 0.9762
vn -0.2369 0.0131 0.9714
vn -0.2076 0.0159 0.9781
vn -0.2537 0.0024 0.9673
vn -0.2060 0.0036 0.9785
vn -0.2477 -0.0011 0.9688
vn -0.2073 -0.0093 0.9782
vn -0.2352 -0.0036 0.9719
vn -0.2112 -0.0228 0.9772
vn -0.2577 0.0005 0.9662
vn -0.2184 -0.0344 0.9753
vn -0.2466 -0.0119 0.9690
vn -0.2291 -0.0444 0.9724
vn -0.2506 -0.0109 0.9680
vn -0.2387 -0.0505 0.9698
vn -0.2581 -0.0056 0.9661
vn -0.2519 -0.0536 0.9663
vn -0.2550 -0.0268 0.9666
vn -0.2582 0.0013 0.9661
vn -0.2650 -0.0539 0.9627
vn -0.2772 -0.0502 0.9595
vn -0.2673 -0.0184 0.9634
vn -0.2893 -0.0415 0.9563
vn -0.2653 -0.0103 0.9641
vn -0.2989 -0.0346 0.9537
vn -0.2747 -0.0181 0.9614
vn -0.3056 -0.0231 0.9519
vn -0.2523 0.0021 0.9676
vn -0.3092 -0.0108 0.9509
vn -0.2755 0.0004 0.9613
vn -0.2733 0.0029 0.9619
vn -0.2777 0.0055 0.9606
vn -0.2736 0.0055 0.9618
vn -0.2604 0.0002 0.9655
vn -0.2598 0.0091 0.9656
vn 0.4646 0.2178 0.8583
vn 0.9105 -0.2351 -0.3403
vn -0.6069 0.5216 0.5997
vn -0.7262 0.3879 0.5677
vn -0.3480 0.4394 -0.8282
vn -0.3020 0.5585 -0.7726
vn -0.0929 0.7190 -0.6888
vn 0.2659 0.7646 -0.5870
vn 0.1397 0.4913 0.8597
vn 0.8362 0.3369 -0.4328
vn 0.9060 -0.0308 -0.4222
vn 0.8306 -0.2929 -0.4736
vn 0.7619 -0.4014 -0.5083
vn 0.3289 -0.4077 0.8518
vn -0.2385 0.0551 0.9696
vn 0.6700 0.0447 0.7410
vn 0.7289 0.3660 -0.5786
vn 0.3677 0.4551 0.8110
vn 0.4080 0.4830 0.7748
vn -0.2257 0.2016 0.9531
vn -0.8692 -0.0025 0.4944
vn -0.5406 -0.0424 -0.8402
vn -0.8230 0.2186 0.5242
vn -0.2165 0.2776 0.9360
vn 0.8154 0.2211 -0.5350
vn 0.4466 0.4286 0.7854
vn 0.4215 0.4842 0.7667
vn 0.3008 0.7625 0.5729
vn 0.0000 1.0000 0.0000
vn -0.5469 0.7623 0.3462
vn -0.7560 0.4848 0.4398
vn -0.2817 0.2782 0.9183
vn 0.4986 0.0890 0.8623
vn 0.8058 -0.4562 -0.3776
vn 0.5435 -0.7289 -0.4163
vn 0.1272 -0.8700 -0.4763
vn -0.2728 -0.7363 -0.6192
vn -0.4895 -0.4563 -0.7431
vn -0.8660 0.0851 0.4928
vn -0.7752 0.4279 0.4647
vn -0.2794 0.2010 0.9389
vn -0.4379 0.2206 -0.8715
vn -0.7298 0.4833 0.4835
vn -0.7250 0.4619 0.5109
vn -0.2803 0.0543 0.9584
vn 0.4357 0.2270 0.8710
vn 0.9062 -0.0484 -0.4200
vn 0.4584 0.0116 0.8887
vn 0.4945 0.0290 0.8687
vn 0.5261 0.1041 0.8440
vn -0.5065 0.0588 -0.8602
vn -0.4865 0.0129 -0.8736
vn -0.4899 -0.0770 -0.8684
vn 0.5230 -0.1163 0.8444
vn -0.7879 -0.2454 0.5648
vn 0.5978 0.6807 -0.4234
vn 0.2930 0.6409 0.7095
vn 0.8094 0.2335 -0.5388
vn -0.4562 -0.2185 -0.8626
vn -0.7116 -0.4092 0.5711
vn -0.4053 -0.4021 -0.8210
vn -0.4753 -0.2888 -0.8311
vn -0.5793 -0.0323 -0.8145
vn -0.5056 0.3357 -0.7947
vn -0.5499 0.4915 0.6753
vn 0.0622 0.7645 -0.6416
vn 0.4234 0.7228 -0.5462
vn 0.6417 0.5514 -0.5331
vn 0.7238 0.4462 -0.5262
vn 0.3444 0.3873 0.8552
vn -0.3022 0.0374 0.9525
vn 0.0692 0.8118 0.5799
vn 0.0184 0.6450 -0.7640
vn -0.4160 0.7407 0.5275
vn -0.4309 0.0858 0.8983
vn -0.3972 -0.6593 0.6384
vn -0.0145 -0.7355 -0.6774
vn -0.5867 -0.5472 0.5969
vn -0.4349 0.6885 0.5804
vn 0.2675 0.5704 0.7766
vn -0.6179 -0.2344 -0.7505
vn -0.8456 0.2248 0.4841
vn -0.3390 0.6543 -0.6760
vn -0.1452 -0.7037 0.6955
vn -0.2050 0.6802 0.7038
vn -0.3151 -0.0046 0.9490
vn -0.7913 -0.4394 0.4252
vn 0.4400 0.7149 -0.5434
vn 0.0115 0.6558 0.7549
vn -0.4464 0.0386 0.8940
vn -0.7788 -0.3909 0.4905
vn -0.0007 0.6774 0.7356
vn -0.5129 0.0528 0.8568
vn -0.0544 0.6964 0.7156
vn -0.4928 0.1207 0.8617
vn -0.4259 0.7283 0.5369
vn -0.6925 0.6534 0.3059
vn 0.0954 0.0524 -0.9941
vn -0.9545 -0.1818 0.2366
vn -0.7887 -0.4258 0.4434
vn 0.7715 0.4991 -0.3945
vn 0.9395 0.1798 -0.2915
vn 0.9227 -0.2657 -0.2795
vn 0.6832 -0.6296 -0.3698
vn 0.3647 -0.7883 -0.4956
vn -0.4751 -0.6398 0.6041
vn -0.7491 -0.4678 0.4690
vn -0.2062 -0.5478 -0.8108
vn -0.4531 -0.2503 -0.8556
vn 0.7887 0.4253 -0.4439
vn 0.7380 0.4732 -0.4811
vn -0.7590 -0.4672 0.4536
vn 0.7577 0.4118 -0.5062
vn 0.7656 0.4472 -0.4625
vn -0.7883 -0.4044 0.4636
vn -0.3110 -0.4140 -0.8555
vn -0.0715 -0.7628 -0.6427
vn -0.4317 -0.7845 0.4452
vn 0.3652 -0.6822 -0.6334
vn 0.0228 -0.6402 0.7679
vn -0.0556 0.6414 -0.7652
vn 0.0892 -0.6642 0.7422
vn 0.2283 -0.0005 -0.9736
vn 0.2301 -0.0106 -0.9731
vn -0.4100 -0.2025 -0.8893
vn -0.6385 -0.5619 0.5259
vn -0.3042 -0.7305 0.6114
vn -0.0240 -0.7305 0.6825
vn 0.2839 0.0025 -0.9589
vn 0.3927 -0.0267 -0.9193
vn -0.0676 -0.6389 -0.7663
vn -0.0544 0.7211 0.6907
vn 0.1893 -0.6889 -0.6997
vn 0.1625 0.7013 -0.6941
vn 0.2289 0.0070 -0.9734
vn -0.6079 0.6425 0.4664
vn -0.4681 0.2187 -0.8562
vn -0.8866 -0.2458 0.3919
vn -0.2498 -0.5751 -0.7790
vn 0.2312 0.0136 -0.9728
vn 0.2342 0.0195 -0.9720
vn 0.5750 0.5579 -0.5985
vn 0.2779 -0.0170 -0.9605
vn 0.4050 -0.6833 -0.6076
vn -0.4826 -0.6706 0.5633
vn 0.3434 0.6752 -0.6528
vn 0.3812 -0.0611 -0.9225
vn 0.4159 -0.6972 -0.5839
vn 0.3814 0.6663 -0.6407
vn 0.4779 -0.1127 -0.8712
vn 0.4644 0.6386 -0.6136
vn 0.1558 0.6590 0.7359
vn 0.0474 -0.6857 -0.7263
vn 0.4979 -0.0490 -0.8658
vn 0.1380 0.0387 -0.9897
vn -0.1869 0.5885 -0.7866
vn 0.4297 -0.7245 -0.5389
vn -0.2857 -0.7231 0.6289
vn 0.1033 -0.6045 0.7899
vn 0.3975 -0.2022 0.8950
vn 0.3811 0.3102 0.8709
vn -0.3716 0.7364 0.5654
vn 0.1829 0.6805 -0.7096
vn -0.3807 0.7377 0.5576
vn 0.3607 -0.7280 -0.5830
vn -0.4197 -0.6617 0.6213
vn -0.0345 -0.6593 -0.7511
vn -0.4395 0.7102 0.5499
vn 0.4044 0.7542 -0.5173
vn 0.4133 0.3719 0.8312
vn -0.3748 -0.3724 -0.8490
vn 0.3488 0.4932 0.7969
vn 0.1424 0.6816 0.7177
vn -0.2290 0.7327 0.6409
vn -0.1770 0.5302 -0.8292
vn 0.2411 0.0227 -0.9702
vn 0.2480 0.0289 -0.9683
vn -0.8322 0.2807 0.4782
vn -0.8922 -0.0958 0.4413
vn -0.7882 -0.3632 0.4969
vn -0.7041 -0.4700 0.5322
vn 0.7007 0.4358 -0.5648
vn 0.2673 -0.0242 -0.9633
vn -0.6142 -0.0121 -0.7891
vn -0.7238 0.4720 0.5032
vn 0.7432 -0.4359 -0.5075
vn 0.2704 -0.1424 -0.9522
vn 0.7345 -0.4486 -0.5093
vn 0.2559 0.0296 -0.9663
vn 0.1800 0.7191 -0.6711
vn -0.6089 0.6406 0.4678
vn -0.4839 0.2439 -0.8404
vn 0.2632 0.0307 -0.9643
vn 0.2708 0.0306 -0.9622
vn 0.8031 -0.2129 -0.5565
vn 0.2489 -0.0240 -0.9682
vn -0.8637 0.1062 0.4926
vn 0.8212 0.0420 -0.5690
vn 0.2401 -0.1430 -0.9602
vn -0.3573 -0.4456 -0.8208
vn -0.4256 -0.4563 -0.7814
vn -0.3285 0.4398 -0.8358
vn 0.3655 0.4636 0.8072
vn 0.9264 -0.0116 -0.3763
vn 0.3373 -0.4671 0.8173
vn 0.4313 -0.3594 0.8275
vn 0.5578 -0.0959 0.8244
vn 0.4798 0.2782 0.8321
vn 0.5697 0.5266 -0.6310
vn 0.2746 0.0251 -0.9612
vn -0.1166 0.7441 0.6578
vn -0.4800 0.6747 0.5607
vn -0.7023 0.4946 0.5120
vn -0.7764 0.3758 0.5060
vn 0.7479 -0.3719 -0.5498
vn -0.0925 0.7544 -0.6498
vn 0.0957 0.6967 0.7109
vn -0.3501 0.8119 0.4672
vn 0.3695 0.6537 -0.6604
vn 0.4533 0.4416 0.7743
vn 0.2198 -0.2608 -0.9401
vn -0.4370 -0.4132 -0.7989
vn 0.8614 0.0139 -0.5078
vn 0.8584 -0.0771 -0.5071
vn 0.2833 -0.2593 -0.9233
vn 0.7399 -0.4844 -0.4668
vn -0.2421 0.5473 -0.8012
vn 0.6094 0.5491 -0.5720
vn -0.4226 -0.4846 -0.7659
vn -0.8764 -0.1188 0.4667
vn -0.6529 -0.4711 0.5931
vn -0.1957 -0.6504 0.7340
vn 0.2735 -0.4748 0.8365
vn 0.7810 -0.4134 -0.4681
vn -0.7765 0.4408 0.4503
vn -0.3629 0.3858 -0.8482
vn -0.9504 0.0443 0.3079
vn -0.8593 0.0312 0.5105
vn -0.3058 0.6807 -0.6657
vn 0.3717 -0.2386 0.8971
vn -0.1809 0.7164 0.6738
vn 0.6938 0.4296 -0.5780
vn 0.5758 0.5478 -0.6069
vn 0.8170 0.3120 -0.4850
vn 0.7215 0.4673 -0.5109
vn 0.8717 0.1370 -0.4706
vn 0.8831 -0.0456 -0.4670
vn 0.8494 -0.2259 -0.4769
vn 0.7739 -0.3930 -0.4966
vn 0.6607 -0.5347 -0.5269
vn 0.5168 -0.6443 -0.5637
vn -0.1649 -0.6436 -0.7474
vn 0.3523 -0.7105 -0.6091
vn 0.0004 -0.7096 -0.7046
vn 0.1765 -0.7333 -0.6566
vn 0.0276 -0.6535 -0.7565
vn -0.1225 -0.5919 -0.7966
vn -0.2570 -0.4942 -0.8305
vn -0.3623 -0.3627 -0.8586
vn -0.4289 -0.2094 -0.8787
vn 0.3561 -0.6662 -0.6553
vn -0.3386 0.7110 0.6162
vn -0.4650 0.6663 0.5829
vn -0.6988 0.5147 0.4967
vn -0.8666 0.1718 0.4685
vn -0.8937 -0.0481 0.4461
vn -0.4601 0.4777 -0.7484
vn -0.9243 -0.0290 0.3806
vn -0.4225 0.0346 -0.9057
vn -0.9113 0.0160 0.4114
vn -0.4332 0.2024 -0.8782
vn -0.8966 -0.0475 0.4403
vn -0.3867 -0.1490 0.9101
vn 0.3642 -0.4117 0.8354
vn 0.7924 -0.4109 -0.4508
vn 0.1820 -0.5560 0.8110
vn -0.3056 -0.0323 0.9516
vn 0.3545 -0.6087 0.7098
vn 0.1247 -0.8281 -0.5465
vn -0.5873 -0.5749 0.5698
vn -0.6043 -0.2747 -0.7479
vn 0.5331 -0.2014 0.8217
vn -0.8237 0.2003 0.5305
vn -0.4003 0.4842 -0.7780
vn -0.7361 0.4206 0.5303
vn -0.3466 -0.1782 0.9209
vn -0.7486 0.3872 0.5382
vn -0.3772 -0.2457 0.8929
vn -0.7827 0.3413 0.5204
vn -0.4337 -0.2053 0.8774
vn -0.9188 -0.0282 0.3938
vn -0.8985 -0.3587 0.2531
vn -0.1154 0.7651 -0.6335
vn 0.2230 0.8427 -0.4900
vn 0.6213 0.7010 -0.3501
vn 0.8845 0.3443 -0.3148
vn 0.9376 -0.0281 -0.3465
vn 0.3217 -0.4870 0.8120
vn 0.7226 -0.4205 -0.5487
vn 0.3463 -0.4365 0.8304
vn -0.9039 0.0238 0.4270
vn 0.8992 -0.0375 -0.4359
vn -0.7621 -0.1841 0.6208
vn -0.5670 0.1378 -0.8121
vn -0.4215 0.4816 -0.7684
vn -0.1870 0.6289 -0.7547
vn -0.0709 0.6882 -0.7220
vn -0.3796 0.6454 0.6629
vn -0.8212 0.4575 0.3409
vn -0.3632 -0.5656 -0.7404
vn 0.2410 -0.7426 -0.6249
vn -0.0320 -0.7302 -0.6825
vn -0.4626 -0.0433 -0.8855
vn -0.4534 0.1275 -0.8821
vn -0.4024 0.2892 -0.8686
vn -0.4654 0.3113 -0.8285
vn -0.5198 0.1380 -0.8431
vn -0.5312 -0.0451 -0.8461
vn -0.4976 -0.2257 -0.8375
vn -0.4220 -0.3926 -0.8172
vn -0.3086 -0.5346 -0.7867
vn 0.1904 0.6787 -0.7093
vn 0.3640 0.6230 -0.6924
vn 0.5051 0.5929 -0.6272
vn 0.6372 0.4990 -0.5873
vn 0.7422 0.3599 -0.5653
vn 0.8120 0.2101 -0.5445
vn 0.8429 0.0418 -0.5364
vn 0.8314 -0.1265 -0.5411
vn 0.7824 -0.2846 -0.5540
vn 0.6935 -0.4350 -0.5744
vn 0.5740 -0.5461 -0.6101
vn 0.4322 -0.6266 -0.6486
vn 0.2840 -0.6464 -0.7082
vn 0.1076 -0.6721 -0.7326
vn -0.0518 -0.6175 -0.7849
vn -0.1922 -0.5486 -0.8137
vn -0.3114 -0.4342 -0.8453
vn -0.4025 -0.2890 -0.8686
vn -0.4493 -0.1265 -0.8844
vn -0.4624 0.0393 -0.8858
vn -0.4312 0.2148 -0.8763
vn -0.3590 0.3581 -0.8619
vn -0.2593 0.5001 -0.8263
vn -0.1236 0.5928 -0.7958
vn 0.0295 0.6381 -0.7694
vn 0.1813 0.7168 -0.6733
vn -0.0046 0.7154 -0.6987
vn 0.3538 0.7198 -0.5973
vn 0.5172 0.6491 -0.5579
vn 0.6559 0.5265 -0.5409
vn 0.7781 0.3963 -0.4874
vn 0.8480 0.2265 -0.4791
vn 0.8786 0.0453 -0.4754
vn 0.8788 -0.1395 -0.4564
vn 0.8186 -0.3115 -0.4825
vn 0.7122 -0.4560 -0.5337
vn 0.5949 -0.6047 -0.5296
vn 0.4375 -0.6814 -0.5868
vn 0.2659 -0.7328 -0.6264
vn 0.0942 -0.7057 -0.7023
vn -0.0974 -0.6955 -0.7119
vn -0.2409 -0.5961 -0.7659
vn -0.3702 -0.4717 -0.8003
vn -0.4458 -0.3040 -0.8419
vn -0.5443 -0.1412 -0.8269
vn -0.5198 0.0422 -0.8532
vn -0.4802 0.2260 -0.8476
vn -0.4482 0.4060 -0.7964
vn -0.2911 0.5197 -0.8032
vn -0.1698 0.6514 -0.7395
vn -0.3697 0.4658 -0.8039
vn -0.3138 0.4330 -0.8450
vn -0.1927 0.5457 -0.8155
vn -0.2398 0.5940 -0.7679
vn -0.0506 0.6298 -0.7751
vn -0.0845 0.6823 -0.7261
vn 0.1096 0.6704 -0.7339
vn 0.0875 0.7255 -0.6827
vn 0.2715 0.6718 -0.6892
vn 0.2660 0.7222 -0.6385
vn 0.4314 0.6315 -0.6443
vn 0.5920 0.5948 -0.5438
vn 0.4372 0.6808 -0.5877
vn 0.2205 -0.0188 -0.9752
vn 0.5222 0.1345 -0.8422
vn 0.5457 0.0591 -0.8359
vn 0.2258 -0.0065 -0.9741
vn 0.0800 -0.0344 -0.9962
vn 0.0861 -0.0815 -0.9929
vn 0.2181 0.0026 -0.9759
vn 0.0729 0.0115 -0.9973
vn 0.5523 -0.0199 -0.8334
vn 0.9756 -0.0558 -0.2125
vn 0.9617 0.1664 -0.2177
vn 0.7359 -0.0559 0.6748
vn 0.7240 0.1664 0.6695
vn 0.0537 0.0587 0.9968
vn 0.0578 -0.0199 0.9981
vn 0.6573 0.3781 0.6519
vn 0.0297 0.1345 0.9905
vn 0.8952 0.3782 -0.2356
vn 0.4819 0.2026 -0.8525
vn 0.7802 0.5668 -0.2646
vn 0.5409 0.5657 0.6224
vn -0.0107 0.2012 0.9795
vn 0.3863 0.7194 0.5772
vn -0.0655 0.2564 0.9643
vn 0.6233 0.7191 -0.3073
vn 0.4249 0.2556 -0.8684
vn 0.2365 -0.0312 -0.9711
vn 0.2283 -0.0254 -0.9733
vn 0.1111 -0.1226 -0.9862
vn 0.1479 -0.1519 -0.9773
vn -0.1446 -0.1836 -0.9723
vn -0.0906 -0.2771 -0.9566
vn -0.1814 -0.0815 -0.9800
vn -0.1836 0.0272 -0.9826
vn 0.0865 0.0568 -0.9946
vn -0.1618 0.1326 -0.9779
vn 0.2236 0.0115 -0.9746
vn 0.5349 -0.0974 -0.8393
vn 0.2291 0.0197 -0.9732
vn 0.5029 -0.1692 -0.8476
vn 0.2353 0.0256 -0.9716
vn 0.4548 -0.2307 -0.8602
vn 0.2415 0.0326 -0.9699
vn 0.3927 -0.2771 -0.8769
vn 0.2499 0.0363 -0.9676
vn 0.3214 -0.3058 -0.8962
vn 0.2586 0.0391 -0.9652
vn 0.2457 -0.3169 -0.9161
vn 0.1688 -0.3084 -0.9362
vn 0.2682 0.0395 -0.9626
vn -0.0951 -0.8613 -0.4991
vn 0.1187 -0.8883 -0.4436
vn -0.3324 -0.8596 0.3880
vn -0.1187 -0.8884 0.4436
vn -0.2457 -0.3170 0.9161
vn -0.3214 -0.3058 0.8962
vn 0.0951 -0.8613 0.4991
vn -0.1688 -0.3084 0.9362
vn 0.3324 -0.8596 -0.3880
vn 0.5323 -0.7787 -0.3322
vn 0.2940 -0.7781 0.5551
vn -0.0989 -0.2763 0.9560
vn 0.4688 -0.6476 0.6008
vn -0.0372 -0.2299 0.9725
vn 0.7062 -0.6475 -0.2864
vn 0.8432 -0.4758 -0.2503
vn 0.6064 -0.4762 0.6368
vn 0.0147 -0.1707 0.9852
vn 0.6975 -0.2748 0.6618
vn 0.0457 -0.0978 0.9942
vn 0.9348 -0.2744 -0.2254
vn -0.2925 0.0116 0.9562
vn -0.2938 0.0024 0.9559
vn -0.4348 0.0120 0.9004
vn -0.4250 0.0571 0.9034
vn -0.2970 -0.0075 0.9549
vn -0.4299 -0.0347 0.9022
vn -0.2913 -0.0163 0.9565
vn -0.2870 -0.0242 0.9576
vn -0.2810 -0.0314 0.9592
vn -0.2722 -0.0360 0.9616
vn -0.1333 0.2935 0.9466
vn -0.2637 -0.0437 0.9636
vn -0.2068 0.3142 0.9266
vn -0.2840 0.3157 0.9054
vn -0.2545 -0.0368 0.9664
vn -0.2261 0.8823 0.4129
vn -0.0111 0.8817 0.4716
vn 0.2261 0.8823 -0.4128
vn 0.0120 0.8803 -0.4743
vn 0.1968 0.8255 0.5289
vn 0.4346 0.8263 -0.3583
vn 0.3578 0.2938 -0.8864
vn 0.2459 -0.0340 -0.9687
vn 0.1876 -0.1738 -0.9668
vn -0.0147 -0.3530 -0.9355
vn 0.0775 -0.4066 -0.9103
vn -0.5370 -0.5635 -0.6277
vn -0.3826 -0.7164 -0.5835
vn -0.6536 -0.3771 -0.6563
vn -0.7215 -0.1662 -0.6722
vn -0.7361 0.0560 -0.6746
vn -0.6926 0.2736 -0.6675
vn -0.1248 0.2349 -0.9640
vn -0.6016 0.4740 -0.6430
vn 0.0993 0.1021 -0.9898
vn 0.1323 0.1344 -0.9821
vn 0.1665 0.1649 -0.9721
vn 0.2081 0.1852 -0.9604
vn 0.2539 0.1907 -0.9483
vn 0.2997 0.1843 -0.9360
vn 0.2759 0.0332 -0.9606
vn 0.3410 0.1636 -0.9257
vn 0.0989 -0.2763 -0.9560
vn -0.2940 -0.7781 -0.5551
vn -0.5323 -0.7787 0.3320
vn -0.3927 -0.2772 0.8769
vn -0.2499 0.0364 0.9676
vn -0.2415 0.0327 0.9699
vn -0.4548 -0.2306 0.8602
vn -0.2353 0.0256 0.9716
vn -0.5029 -0.1692 0.8476
vn -0.2288 0.0192 0.9733
vn -0.5367 -0.0981 0.8381
vn -0.2205 0.0126 0.9753
vn -0.5522 -0.0199 0.8335
vn -0.2180 0.0031 0.9759
vn -0.2258 -0.0065 0.9742
vn -0.5459 0.0592 0.8358
vn -0.9756 -0.0558 0.2125
vn -0.9618 0.1664 0.2175
vn -0.7240 0.1664 -0.6695
vn -0.7360 -0.0558 -0.6747
vn -0.8952 0.3782 0.2356
vn -0.6573 0.3781 -0.6519
vn -0.5221 0.1345 0.8422
vn -0.2205 -0.0188 0.9752
vn -0.0800 -0.0344 0.9962
vn -0.0861 -0.0815 0.9929
vn -0.0729 0.0115 0.9973
vn -0.0797 0.0590 0.9951
vn -0.0993 0.1021 0.9898
vn -0.1323 0.1344 0.9821
vn -0.1665 0.1649 0.9721
vn -0.2080 0.1854 0.9604
vn -0.2586 0.0392 0.9652
vn -0.2539 0.1907 0.9483
vn -0.2682 0.0395 0.9626
vn -0.2997 0.1841 0.9361
vn -0.2759 0.0333 0.9606
vn -0.3410 0.1636 0.9257
vn -0.2852 0.0288 0.9580
vn -0.3761 0.1344 0.9168
vn -0.2927 0.0222 0.9559
vn -0.4105 0.1025 0.9061
vn -0.6319 0.1340 0.7634
vn -0.5863 0.2319 0.7762
vn -0.6528 0.0273 0.7571
vn -0.6429 -0.0806 0.7617
vn -0.4195 -0.0808 0.9041
vn -0.6158 -0.1866 0.7655
vn -0.3953 -0.1207 0.9106
vn -0.3607 -0.1513 0.9203
vn -0.3213 -0.1746 0.9308
vn -0.2765 -0.1861 0.9428
vn -0.2311 -0.1863 0.9549
vn -0.2459 -0.0340 0.9687
vn -0.1880 -0.1740 0.9666
vn -0.3578 0.2938 0.8864
vn -0.4346 0.8263 0.3583
vn -0.1968 0.8255 -0.5289
vn 0.2072 0.3130 -0.9269
vn 0.1337 0.2937 -0.9465
vn 0.2836 0.3158 -0.9055
vn 0.2537 -0.0426 -0.9663
vn 0.2309 -0.1869 -0.9549
vn 0.1812 -0.4277 -0.8856
vn -0.1943 -0.8230 -0.5337
vn 0.0126 -0.8792 -0.4763
vn -0.4351 -0.8234 0.3643
vn -0.6230 -0.7162 0.3145
vn -0.3872 -0.4033 0.8291
vn -0.4800 -0.3516 0.8037
vn -0.2857 -0.4267 0.8581
vn -0.1801 -0.4342 0.8827
vn -0.0775 -0.4066 0.9103
vn -0.1479 -0.1518 0.9773
vn 0.0151 -0.3527 0.9356
vn -0.2365 -0.0312 0.9711
vn -0.4249 0.2556 0.8684
vn -0.6233 0.7191 0.3073
vn -0.3863 0.7194 -0.5772
vn 0.0655 0.2564 -0.9643
vn 0.2721 -0.0359 -0.9616
vn 0.2810 -0.0314 -0.9592
vn 0.0108 0.2012 -0.9795
vn 0.2869 -0.0241 -0.9576
vn -0.0297 0.1345 -0.9905
vn 0.2913 -0.0162 -0.9565
vn -0.0536 0.0587 -0.9968
vn 0.2970 -0.0075 -0.9549
vn -0.0580 -0.0199 -0.9981
vn 0.2939 0.0024 -0.9558
vn 0.2926 0.0116 -0.9562
vn -0.0455 -0.0978 -0.9942
vn -0.6974 -0.2748 -0.6619
vn -0.9348 -0.2744 0.2255
vn -0.8432 -0.4758 0.2503
vn -0.6064 -0.4762 -0.6368
vn -0.0147 -0.1706 -0.9852
vn 0.2928 0.0222 -0.9559
vn 0.4250 0.0571 -0.9034
vn 0.4103 0.1023 -0.9062
vn 0.4348 0.0120 -0.9005
vn 0.4302 -0.0348 -0.9020
vn 0.4195 -0.0808 -0.9041
vn 0.3952 -0.1205 -0.9107
vn 0.3607 -0.1513 -0.9203
vn 0.3212 -0.1744 -0.9308
vn 0.2634 -0.0411 -0.9638
vn 0.2775 -0.1920 -0.9414
vn 0.2855 -0.4297 -0.8566
vn 0.2278 -0.8776 -0.4217
vn -0.0126 -0.8792 0.4764
vn -0.2269 -0.8797 0.4179
vn 0.1943 -0.8231 0.5337
vn 0.3826 -0.7164 0.5835
vn 0.0882 -0.2754 0.9573
vn 0.5401 -0.5650 0.6237
vn -0.1163 -0.1185 0.9861
vn -0.2284 -0.0254 0.9732
vn -0.4819 0.2026 0.8525
vn -0.7802 0.5668 0.2646
vn -0.5409 0.5657 -0.6224
vn 0.1444 -0.1842 0.9722
vn 0.1814 -0.0815 0.9800
vn 0.1836 0.0272 0.9826
vn 0.1616 0.1325 0.9779
vn 0.1249 0.2350 0.9639
vn 0.0564 0.3188 0.9461
vn -0.0288 0.3832 0.9232
vn -0.1283 0.4223 0.8973
vn -0.2331 0.4353 0.8696
vn -0.3376 0.4211 0.8418
vn -0.4351 0.3798 0.8164
vn -0.5186 0.3142 0.7952
vn -0.8425 0.4746 0.2549
vn -0.7058 0.6456 0.2917
vn -0.9337 0.2736 0.2308
vn -0.9740 0.0556 0.2195
vn -0.9608 -0.1660 0.2220
vn -0.8942 -0.3769 0.2415
vn -0.5571 -0.2777 0.7826
vn -0.7795 -0.5651 0.2704
vn -0.4676 0.6469 -0.6024
vn -0.0563 0.3187 -0.9462
vn 0.0288 0.3832 -0.9232
vn 0.1282 0.4224 -0.8973
vn 0.2331 0.4353 -0.8696
vn 0.3377 0.4212 -0.8418
vn 0.4352 0.3800 -0.8162
vn 0.3761 0.1344 -0.9168
vn 0.5186 0.3142 -0.7952
vn 0.2852 0.0288 -0.9580
vn 0.0372 -0.2299 -0.9725
vn -0.4688 -0.6476 -0.6008
vn -0.7062 -0.6475 0.2864
vn 0.5861 0.2317 -0.7764
vn 0.6318 0.1340 -0.7634
vn 0.6525 0.0273 -0.7573
vn 0.6432 -0.0807 -0.7614
vn 0.6158 -0.1866 -0.7655
vn 0.5571 -0.2777 -0.7826
vn 0.4800 -0.3516 -0.8037
vn 0.3877 -0.4031 -0.8290
vn 0.4351 -0.8234 -0.3643
vn 0.6230 -0.7162 -0.3146
vn 0.7795 -0.5651 -0.2703
vn 0.6536 -0.3771 0.6563
vn 0.8942 -0.3770 -0.2415
vn 0.7215 -0.1662 0.6722
vn 0.7360 0.0560 0.6746
vn 0.6925 0.2735 0.6676
vn 0.6017 0.4740 0.6429
vn 0.4677 0.6469 0.6023
vn 0.2917 0.7761 0.5591
vn 0.0917 0.8568 0.5073
vn -0.1202 0.8854 0.4491
vn -0.3328 0.8583 0.3906
vn -0.5324 0.7757 0.3390
vn -0.2917 0.7761 -0.5591
vn -0.0917 0.8569 -0.5073
vn 0.1202 0.8854 -0.4491
vn 0.3328 0.8582 -0.3908
vn 0.5324 0.7758 -0.3387
vn 0.7058 0.6456 -0.2917
vn 0.8425 0.4746 -0.2549
vn 0.9337 0.2736 -0.2308
vn 0.9740 0.0557 -0.2195
vn 0.9608 -0.1660 -0.2220
# 1014 vertex normals

vt 15.6341 37.7690 0.0000
vt 14.6963 37.7690 0.0000
vt 14.6963 36.4452 0.0000
vt 15.6341 36.4452 0.0000
vt -43.6694 3.7138 0.0000
vt -43.3204 4.3584 0.0000
vt -44.0673 4.9332 0.0000
vt -44.8468 4.1368 0.0000
vt -45.0411 3.4001 0.0000
vt -43.9920 2.5928 0.0000
vt -42.9428 1.7854 0.0000
vt -42.2805 2.1619 0.0000
vt -41.7103 3.1193 0.0000
vt -42.4572 3.6942 0.0000
vt -42.9909 3.1917 0.0000
vt -43.2648 3.1085 0.0000
vt -43.5282 3.1955 0.0000
vt -43.6797 3.4278 0.0000
vt 14.6963 35.1213 0.0000
vt 15.6341 35.1213 0.0000
vt 41.5155 3.3607 0.0000
vt 42.0850 2.4037 0.0000
vt 42.7469 2.0273 0.0000
vt 43.7963 2.8344 0.0000
vt 44.8457 3.6414 0.0000
vt 44.6519 4.3777 0.0000
vt 43.8732 5.1739 0.0000
vt 43.1260 4.5993 0.0000
vt 43.4745 3.9550 0.0000
vt 43.4847 3.6690 0.0000
vt 43.3330 3.4368 0.0000
vt 43.0696 3.3499 0.0000
vt 42.7959 3.4330 0.0000
vt 42.2627 3.9353 0.0000
vt 44.5496 6.6751 0.0000
vt 44.1209 6.1267 0.0000
vt 44.9109 5.3417 0.0000
vt 42.2852 7.3520 0.0000
vt 43.7376 5.8551 0.0000
vt 44.1742 6.3972 0.0000
vt 43.8547 7.7294 0.0000
vt 43.7492 9.1694 0.0000
vt 43.4616 9.3648 0.0000
vt 41.8055 10.4023 0.0000
vt 40.7246 9.0747 0.0000
vt 40.7758 9.0359 0.0000
vt 41.1768 8.2529 0.0000
vt 41.9982 7.3951 0.0000
vt 43.4716 9.2049 0.0000
vt 41.4420 6.7220 0.0000
vt 41.7189 6.9265 0.0000
vt 40.9011 7.7876 0.0000
vt 43.4309 5.2232 0.0000
vt 41.9888 6.7300 0.0000
vt 41.7129 6.5241 0.0000
vt 42.6755 4.6595 0.0000
vt -13.4232 -9.3659 0.0000
vt -13.2805 -8.4979 0.0000
vt -14.4683 -8.4979 0.0000
vt -14.5450 -9.3659 0.0000
vt -14.6572 -10.5426 0.0000
vt -15.0380 -12.5873 0.0000
vt -15.2765 -13.2804 0.0000
vt -14.3409 -13.2804 0.0000
vt -14.1038 -12.5873 0.0000
vt -13.6321 -10.5426 0.0000
vt -13.3897 -23.5691 0.0000
vt -13.4433 -22.8767 0.0000
vt -14.5845 -22.8767 0.0000
vt -14.5469 -23.5691 0.0000
vt -14.4622 -25.0644 0.0000
vt -14.4683 -25.1276 0.0000
vt -13.2805 -25.1276 0.0000
vt -13.2692 -25.0644 0.0000
vt -41.4868 7.6168 0.0000
vt -40.6803 8.4707 0.0000
vt -40.2907 9.2502 0.0000
vt -40.2403 9.2887 0.0000
vt -41.3285 10.6103 0.0000
vt -42.9620 9.5776 0.0000
vt -42.9702 9.4183 0.0000
vt -36.7348 13.7866 0.0000
vt -39.6955 11.9102 0.0000
vt -38.6053 10.5902 0.0000
vt -37.4164 11.5010 0.0000
vt -36.0481 12.9552 0.0000
vt -36.2142 13.0909 0.0000
vt -37.5818 11.6361 0.0000
vt -37.0315 12.0581 0.0000
vt -36.5692 11.6867 0.0000
vt -36.0736 11.3610 0.0000
vt -36.3058 10.7076 0.0000
vt -35.3422 12.4564 0.0000
vt -34.5342 12.1400 0.0000
vt -35.5366 12.5375 0.0000
vt -36.4991 10.7881 0.0000
vt -36.9998 9.3766 0.0000
vt -35.4084 8.7455 0.0000
vt -36.6948 4.8733 0.0000
vt -36.2101 6.7442 0.0000
vt -37.8008 7.3769 0.0000
vt -37.8221 7.3171 0.0000
vt -38.4454 6.7081 0.0000
vt -39.0123 5.6795 0.0000
vt -36.8439 4.8169 0.0000
vt -39.5632 6.1083 0.0000
vt -39.2851 5.9053 0.0000
vt -38.7164 6.9330 0.0000
vt -40.9120 3.4679 0.0000
vt -39.8972 5.2686 0.0000
vt -40.1740 5.4733 0.0000
vt -41.6699 4.0282 0.0000
vt -39.4389 4.7303 0.0000
vt -40.4417 2.9228 0.0000
vt -39.7962 2.6627 0.0000
vt -38.6181 3.3468 0.0000
vt -37.2743 3.8582 0.0000
vt -40.4464 1.5725 0.0000
vt -41.0883 1.8417 0.0000
vt -41.6379 0.8723 0.0000
vt -13.8567 -29.8645 0.0000
vt -14.8385 -29.8645 0.0000
vt -15.0380 -31.2121 0.0000
vt -15.4027 -32.5451 0.0000
vt -15.6341 -33.2709 0.0000
vt -14.6963 -33.2709 0.0000
vt -14.4663 -32.5451 0.0000
vt -14.1038 -31.2121 0.0000
vt 41.5115 1.1647 0.0000
vt 40.9624 2.1335 0.0000
vt 40.3204 1.8645 0.0000
vt 40.5585 2.7409 0.0000
vt 39.5428 4.5626 0.0000
vt 37.3810 3.6835 0.0000
vt 38.7298 3.1681 0.0000
vt 39.9137 2.4787 0.0000
vt 40.2892 5.4618 0.0000
vt 40.0133 5.2559 0.0000
vt 41.0472 3.4445 0.0000
vt 41.8026 4.0082 0.0000
vt 39.1537 6.4977 0.0000
vt 39.7358 5.4625 0.0000
vt 40.0128 5.6670 0.0000
vt 39.3323 4.9804 0.0000
vt 38.7564 6.0191 0.0000
vt 38.1274 6.6340 0.0000
vt 38.1056 6.6944 0.0000
vt 36.5173 6.0555 0.0000
vt 37.0174 4.1663 0.0000
vt 37.1672 4.1094 0.0000
vt 34.4333 12.3915 0.0000
vt 35.3081 9.0055 0.0000
vt 36.8992 9.6375 0.0000
vt 36.3968 11.0510 0.0000
vt 35.4387 12.7909 0.0000
vt 35.1746 12.6977 0.0000
vt 36.1349 10.9590 0.0000
vt 35.9015 11.6131 0.0000
vt 36.3968 11.9392 0.0000
vt 36.8589 12.3109 0.0000
vt 37.4102 11.8886 0.0000
vt 36.0488 13.3349 0.0000
vt 36.5087 13.9958 0.0000
vt 35.8204 13.1611 0.0000
vt 37.1830 11.7159 0.0000
vt 38.3745 10.8046 0.0000
vt 39.4637 12.1254 0.0000
vt 39.2915 11.8801 0.0000
vt 39.7585 12.8757 0.0000
vt 39.2178 12.9986 0.0000
vt 37.7897 13.5027 0.0000
vt 37.4251 13.7505 0.0000
vt 37.2267 14.1436 0.0000
vt 37.2444 14.5830 0.0000
vt 36.7950 14.7286 0.0000
vt 36.3356 13.7491 0.0000
vt 36.8953 15.4895 0.0000
vt 36.6932 14.4267 0.0000
vt 37.1426 14.2812 0.0000
vt 37.3858 14.6475 0.0000
vt 37.7770 14.8496 0.0000
vt 38.2177 14.8366 0.0000
vt 39.6701 14.4076 0.0000
vt 40.1802 14.1902 0.0000
vt 40.3856 15.2706 0.0000
vt 43.2399 14.8216 0.0000
vt 43.0370 13.7408 0.0000
vt 44.3003 13.2098 0.0000
vt 45.0479 14.5241 0.0000
vt 45.1904 14.7008 0.0000
vt 45.3075 15.0894 0.0000
vt 45.1633 17.4186 0.0000
vt 43.9960 17.1996 0.0000
vt 43.2142 16.7964 0.0000
vt 43.1500 16.7947 0.0000
vt 43.2558 15.0860 0.0000
vt 45.2062 14.9652 0.0000
vt 47.4496 17.7835 0.0000
vt 45.3990 17.4027 0.0000
vt 45.5417 15.0734 0.0000
vt 46.4608 16.1870 0.0000
vt 47.4922 17.0887 0.0000
vt 48.6425 17.8985 0.0000
vt 47.5465 17.7012 0.0000
vt 47.5878 17.0064 0.0000
vt 47.5639 17.5599 0.0000
vt 48.6598 17.7582 0.0000
vt 49.2441 18.2464 0.0000
vt 48.8556 19.5120 0.0000
vt 48.4671 20.7776 0.0000
vt 47.7095 20.8538 0.0000
vt 46.6911 20.4031 0.0000
vt 46.9677 19.5021 0.0000
vt 47.6933 19.6030 0.0000
vt 47.9647 19.5123 0.0000
vt 48.1291 19.2890 0.0000
vt 48.1183 19.0118 0.0000
vt 47.9445 18.7845 0.0000
vt 47.2873 18.4609 0.0000
vt 46.3254 21.0217 0.0000
vt 46.6833 20.4247 0.0000
vt 47.6996 20.8801 0.0000
vt 44.5082 20.1757 0.0000
vt 46.4031 21.0472 0.0000
vt 46.0372 21.6393 0.0000
vt 44.6746 21.7812 0.0000
vt 43.2815 22.1609 0.0000
vt 42.8486 22.3034 0.0000
vt 41.3315 21.0716 0.0000
vt 42.2384 19.6196 0.0000
vt 42.2916 19.6555 0.0000
vt 43.1622 19.7818 0.0000
vt 44.2394 20.2818 0.0000
vt 43.0032 22.2612 0.0000
vt 44.4688 19.6840 0.0000
vt 44.3640 20.0120 0.0000
vt 43.2860 19.5134 0.0000
vt 46.5144 20.8026 0.0000
vt 44.6175 19.9355 0.0000
vt 44.7214 19.6072 0.0000
vt 46.7987 19.9040 0.0000
vt 13.4232 43.9591 0.0000
vt 13.2805 43.0911 0.0000
vt 14.4683 43.0911 0.0000
vt 14.5450 43.9591 0.0000
vt 14.6572 45.1358 0.0000
vt 15.0380 47.1805 0.0000
vt 15.2765 47.8736 0.0000
vt 14.3409 47.8736 0.0000
vt 14.1038 47.1805 0.0000
vt 13.6321 45.1358 0.0000
vt -46.9844 20.4834 0.0000
vt -48.0036 20.9341 0.0000
vt -48.7616 20.8579 0.0000
vt -49.1499 19.5922 0.0000
vt -49.5381 18.3266 0.0000
vt -48.9533 17.8384 0.0000
vt -47.8567 17.6400 0.0000
vt -47.5802 18.5411 0.0000
vt -48.2380 18.8647 0.0000
vt -48.4119 19.0920 0.0000
vt -48.4228 19.3692 0.0000
vt -48.2584 19.5926 0.0000
vt -47.9869 19.6832 0.0000
vt -47.2608 19.5823 0.0000
vt -47.8922 17.0226 0.0000
vt -47.8509 17.7174 0.0000
vt -48.9476 17.9147 0.0000
vt -45.4004 17.4288 0.0000
vt -47.4321 17.8095 0.0000
vt -47.4750 17.1148 0.0000
vt -46.4540 16.2131 0.0000
vt -45.5444 15.0996 0.0000
vt -44.6906 14.9652 0.0000
vt -42.7618 15.0860 0.0000
vt -42.6548 16.7947 0.0000
vt -42.7183 16.7963 0.0000
vt -43.4908 17.1995 0.0000
vt -44.6447 17.4186 0.0000
vt -44.7906 15.0894 0.0000
vt -44.4914 17.9917 0.0000
vt -44.5974 17.6642 0.0000
vt -43.4435 17.4450 0.0000
vt -47.3758 18.0956 0.0000
vt -45.3442 17.7143 0.0000
vt -45.2395 18.0422 0.0000
vt -47.0891 18.9935 0.0000
vt -14.5450 45.4098 0.0000
vt -14.4683 44.5418 0.0000
vt -13.2805 44.5418 0.0000
vt -13.4232 45.4098 0.0000
vt -13.6321 46.5865 0.0000
vt -14.1038 48.6312 0.0000
vt -14.3409 49.3243 0.0000
vt -15.2765 49.3243 0.0000
vt -15.0380 48.6312 0.0000
vt -14.6572 46.5865 0.0000
vt -15.2765 41.7298 0.0000
vt -14.3409 41.7298 0.0000
vt -14.4172 42.0055 0.0000
vt -15.3533 42.0055 0.0000
vt -15.3533 19.4201 0.0000
vt -14.4172 19.4201 0.0000
vt -14.4472 19.6959 0.0000
vt -15.3835 19.6959 0.0000
vt -14.4472 -11.5001 0.0000
vt -14.4172 -11.2243 0.0000
vt -15.3533 -11.2243 0.0000
vt -15.3835 -11.5001 0.0000
vt -15.2765 -36.5241 0.0000
vt -15.3533 -36.7998 0.0000
vt -14.4172 -36.7998 0.0000
vt -14.3409 -36.5241 0.0000
vt -14.5469 40.3838 0.0000
vt -14.5845 39.6914 0.0000
vt -13.4433 39.6914 0.0000
vt -13.3897 40.3838 0.0000
vt -13.2692 41.8791 0.0000
vt -13.2805 41.9423 0.0000
vt -14.4683 41.9423 0.0000
vt -14.4622 41.8791 0.0000
vt -37.1826 15.1834 0.0000
vt -37.1150 16.2597 0.0000
vt -39.0765 16.6333 0.0000
vt -40.5737 16.6723 0.0000
vt -40.6810 14.9637 0.0000
vt -40.6959 15.2002 0.0000
vt -40.4902 14.1199 0.0000
vt -39.9811 14.3373 0.0000
vt -38.5312 14.7663 0.0000
vt -38.0912 14.7792 0.0000
vt -37.7005 14.5771 0.0000
vt -37.4574 14.2108 0.0000
vt -36.9958 14.3606 0.0000
vt -37.1975 15.4199 0.0000
vt -36.6102 13.6032 0.0000
vt -37.0687 14.5792 0.0000
vt -37.5304 14.4294 0.0000
vt -37.5121 13.9902 0.0000
vt -37.7098 13.5972 0.0000
vt -38.0735 13.3494 0.0000
vt -39.4991 12.8456 0.0000
vt -40.0389 12.7227 0.0000
vt -39.5713 11.7274 0.0000
vt -41.4725 10.8769 0.0000
vt -41.9390 11.8728 0.0000
vt -43.2609 11.5725 0.0000
vt -43.0953 10.0713 0.0000
vt -43.1067 9.8452 0.0000
vt 13.2692 -37.0715 0.0000
vt 13.5065 -38.4211 0.0000
vt 14.5898 -38.4211 0.0000
vt 14.4622 -37.0715 0.0000
vt 14.4928 -36.5188 0.0000
vt 13.3127 -36.5188 0.0000
vt 42.4355 11.8000 0.0000
vt 41.9734 10.8021 0.0000
vt 43.6318 9.7684 0.0000
vt 43.6183 9.9949 0.0000
vt 43.7725 11.4992 0.0000
vt 13.6321 8.1684 0.0000
vt 13.8567 6.7421 0.0000
vt 14.8385 6.7421 0.0000
vt 14.6572 8.1684 0.0000
vt 14.6469 8.3274 0.0000
vt 14.6366 8.5536 0.0000
vt 13.5938 8.5536 0.0000
vt 13.6128 8.3274 0.0000
vt 14.5898 16.7074 0.0000
vt 13.5065 16.7074 0.0000
vt 13.5938 15.1978 0.0000
vt 14.6366 15.1978 0.0000
vt 14.4663 -2.8987 0.0000
vt 14.6963 -3.6245 0.0000
vt 15.6341 -3.6245 0.0000
vt 15.4027 -2.8987 0.0000
vt 15.0380 -1.5656 0.0000
vt 14.8385 -0.2181 0.0000
vt 13.8567 -0.2181 0.0000
vt 14.1038 -1.5656 0.0000
vt -45.1586 5.1612 0.0000
vt -44.3678 5.9463 0.0000
vt -44.7962 6.4949 0.0000
vt -43.6289 5.7691 0.0000
vt -42.1978 7.2606 0.0000
vt -43.6699 9.0715 0.0000
vt -43.7620 7.6366 0.0000
vt -44.0680 6.3092 0.0000
vt -41.6023 6.5294 0.0000
vt -41.8792 6.7341 0.0000
vt -43.3035 5.2361 0.0000
vt -42.5456 4.6757 0.0000
vt -40.4706 8.2135 0.0000
vt -41.2761 7.3586 0.0000
vt -40.9980 7.1556 0.0000
vt 13.4339 -32.3209 0.0000
vt 13.3127 -33.8305 0.0000
vt 14.4928 -33.8305 0.0000
vt 14.5779 -32.3209 0.0000
vt 14.5779 -24.8050 0.0000
vt 14.6025 -24.3655 0.0000
vt 13.4690 -24.3655 0.0000
vt 13.4339 -24.8050 0.0000
vt 13.4968 -5.0125 0.0000
vt 13.4690 -5.4520 0.0000
vt 14.6025 -5.4520 0.0000
vt 14.6221 -5.0125 0.0000
vt 13.5105 15.6586 0.0000
vt 13.4968 15.2191 0.0000
vt 14.6221 15.2191 0.0000
vt 14.6317 15.6586 0.0000
vt 14.6221 33.3200 0.0000
vt 13.4968 33.3200 0.0000
vt 13.5105 32.8806 0.0000
vt 14.6317 32.8806 0.0000
vt 14.6025 41.3139 0.0000
vt 13.4690 41.3139 0.0000
vt 13.4968 40.8745 0.0000
vt 14.6221 40.8745 0.0000
vt -14.5779 -38.9553 0.0000
vt -13.4339 -38.9553 0.0000
vt -13.4690 -38.5158 0.0000
vt -14.6025 -38.5158 0.0000
vt -14.4928 -35.1422 0.0000
vt -13.3127 -35.1422 0.0000
vt -13.4339 -33.6326 0.0000
vt -14.5779 -33.6326 0.0000
vt -13.5065 -33.8921 0.0000
vt -13.2692 -32.5425 0.0000
vt -13.3127 -31.9897 0.0000
vt -14.4928 -31.9897 0.0000
vt -14.4622 -32.5425 0.0000
vt -14.5898 -33.8921 0.0000
vt -42.5409 13.7517 0.0000
vt -42.7460 14.8321 0.0000
vt -44.6749 14.7113 0.0000
vt -44.5332 14.5347 0.0000
vt -43.7883 13.2209 0.0000
vt 14.6572 38.9690 0.0000
vt 14.8385 40.3954 0.0000
vt 13.8567 40.3954 0.0000
vt 13.6321 38.9690 0.0000
vt 13.6128 38.8100 0.0000
vt 13.5938 38.5838 0.0000
vt 14.6366 38.5838 0.0000
vt 14.6469 38.8100 0.0000
vt 13.5938 34.1709 0.0000
vt 13.5065 32.6613 0.0000
vt 14.5898 32.6613 0.0000
vt 14.6366 34.1709 0.0000
vt 13.8567 43.8514 0.0000
vt 14.8385 43.8514 0.0000
vt 15.0380 45.1990 0.0000
vt 15.4027 46.5320 0.0000
vt 15.6341 47.2579 0.0000
vt 14.6963 47.2579 0.0000
vt 14.4663 46.5320 0.0000
vt 14.1038 45.1990 0.0000
vt 14.6963 2.9923 0.0000
vt 15.6341 2.9923 0.0000
vt 15.6341 4.3162 0.0000
vt 14.6963 4.3162 0.0000
vt 14.6963 5.6400 0.0000
vt 15.6341 5.6400 0.0000
vt 15.0380 -41.6880 0.0000
vt 14.8385 -40.3404 0.0000
vt 13.8567 -40.3404 0.0000
vt 14.1038 -41.6880 0.0000
vt 14.4663 -43.0210 0.0000
vt 14.6963 -43.7469 0.0000
vt 15.6341 -43.7469 0.0000
vt 15.4027 -43.0210 0.0000
vt -47.9660 21.0225 0.0000
vt -46.9490 20.5670 0.0000
vt -46.5913 21.1641 0.0000
vt -46.3264 21.2430 0.0000
vt -44.4511 20.3736 0.0000
vt -43.2163 22.3538 0.0000
vt -44.6033 21.9751 0.0000
vt -45.9581 21.8336 0.0000
vt -44.6992 19.7344 0.0000
vt -44.5945 20.0624 0.0000
vt -46.4712 20.9289 0.0000
vt -46.7578 20.0310 0.0000
vt -42.7752 19.5115 0.0000
vt -43.8389 20.0095 0.0000
vt -43.9448 19.6819 0.0000
vt -43.7271 20.2485 0.0000
vt -42.6636 19.7501 0.0000
vt -41.8013 19.6242 0.0000
vt -41.7488 19.5884 0.0000
vt -40.8346 21.0358 0.0000
vt -42.3270 22.2636 0.0000
vt -42.4808 22.2216 0.0000
vt -36.3494 17.7495 0.0000
vt -39.0523 19.9813 0.0000
vt -39.9686 18.5352 0.0000
vt -38.7337 17.6877 0.0000
vt -36.9265 16.8385 0.0000
vt -36.8267 17.0510 0.0000
vt -38.6339 17.8999 0.0000
vt -38.0621 17.5076 0.0000
vt -38.2717 16.9529 0.0000
vt -38.4277 16.3808 0.0000
vt -39.1209 16.3988 0.0000
vt -37.1594 16.0252 0.0000
vt -37.4303 16.2182 0.0000
vt -37.1423 17.1047 0.0000
vt -37.6703 17.3450 0.0000
vt -38.0035 16.3194 0.0000
vt -38.0712 15.2432 0.0000
vt -37.4889 15.2879 0.0000
vt -37.8692 14.1839 0.0000
vt -37.3142 14.3723 0.0000
vt -37.4100 13.2081 0.0000
vt -36.9173 13.5289 0.0000
vt -36.7226 12.3772 0.0000
vt -36.3232 12.8107 0.0000
vt -35.8502 11.7433 0.0000
vt -35.5691 12.2628 0.0000
vt -34.8475 11.3464 0.0000
vt -34.7024 11.9196 0.0000
vt -33.7776 11.2112 0.0000
vt -33.7776 11.8028 0.0000
vt -35.6142 8.7702 0.0000
vt -34.5232 8.6321 0.0000
vt -34.5727 9.1835 0.0000
vt -34.5328 10.6949 0.0000
vt -34.4092 11.1174 0.0000
vt -34.0963 11.4266 0.0000
vt -33.6728 11.5446 0.0000
vt -33.6727 12.0299 0.0000
vt -34.7425 12.1653 0.0000
vt -32.8110 12.1383 0.0000
vt -33.8809 12.0030 0.0000
vt -33.8807 11.5176 0.0000
vt -33.4573 11.3996 0.0000
vt -33.1443 11.0904 0.0000
vt -33.0207 10.6680 0.0000
vt -32.9808 9.1565 0.0000
vt -33.0303 8.6052 0.0000
vt -31.9393 8.7432 0.0000
vt -31.6597 6.5014 0.0000
vt -32.7506 6.3630 0.0000
vt -32.8704 5.0126 0.0000
vt -31.3907 4.7098 0.0000
vt -31.1790 4.6295 0.0000
vt -28.5001 5.4641 0.0000
vt -29.0670 6.4928 0.0000
vt -29.6903 7.1018 0.0000
vt -29.7116 7.1616 0.0000
vt -31.3024 6.5288 0.0000
vt -30.8177 4.6580 0.0000
vt -30.6686 4.6016 0.0000
vt -33.0064 12.0658 0.0000
vt -32.1321 8.6713 0.0000
vt -30.5407 9.3024 0.0000
vt -31.0414 10.7140 0.0000
vt -32.0040 12.4634 0.0000
vt -32.1756 12.3534 0.0000
vt -31.2120 10.6046 0.0000
vt -31.4442 11.2580 0.0000
vt -30.9486 11.5837 0.0000
vt -30.4863 11.9551 0.0000
vt -29.9360 11.5332 0.0000
vt -31.3036 12.9879 0.0000
vt -30.7561 13.6803 0.0000
vt -31.4428 12.8489 0.0000
vt -30.0746 11.3947 0.0000
vt -28.8856 10.4839 0.0000
vt -27.7954 11.8038 0.0000
vt -24.4062 9.2692 0.0000
vt -26.0398 10.3019 0.0000
vt -27.1280 8.9803 0.0000
vt -27.0775 8.9418 0.0000
vt -26.6880 8.1623 0.0000
vt -25.8815 7.3084 0.0000
vt -24.3980 9.1100 0.0000
vt -26.4483 6.8567 0.0000
vt -26.1702 7.0597 0.0000
vt -26.9756 7.9146 0.0000
vt -23.8392 4.1166 0.0000
vt -25.2635 5.6146 0.0000
vt -25.5403 5.4099 0.0000
vt -24.5971 3.5563 0.0000
vt -23.1857 -0.4286 0.0000
vt -23.7194 0.0739 0.0000
vt -24.4664 -0.5009 0.0000
vt -23.8962 -1.4583 0.0000
vt -23.2339 -1.8349 0.0000
vt -22.1847 -1.0275 0.0000
vt -21.1355 -0.2202 0.0000
vt -21.3299 0.5165 0.0000
vt -22.1093 1.3129 0.0000
vt -22.8563 0.7381 0.0000
vt -22.5073 0.0935 0.0000
vt -22.4970 -0.1925 0.0000
vt -22.6485 -0.4248 0.0000
vt -22.9119 -0.5118 0.0000
vt -15.6341 -19.5321 0.0000
vt -14.6963 -19.5321 0.0000
vt -14.6963 -18.2082 0.0000
vt -15.6341 -18.2082 0.0000
vt 14.4663 25.9591 0.0000
vt 14.6963 25.2333 0.0000
vt 15.6341 25.2333 0.0000
vt 15.4027 25.9591 0.0000
vt 15.0380 27.2921 0.0000
vt 14.8385 28.6397 0.0000
vt 13.8567 28.6397 0.0000
vt 14.1038 27.2921 0.0000
vt 14.6469 31.4902 0.0000
vt 14.6366 31.7164 0.0000
vt 13.5938 31.7164 0.0000
vt 13.6128 31.4902 0.0000
vt 13.6321 31.3312 0.0000
vt 13.8567 29.9048 0.0000
vt 14.8385 29.9048 0.0000
vt 14.6572 31.3312 0.0000
vt 14.5898 33.6770 0.0000
vt 13.5065 33.6770 0.0000
vt 13.5938 32.1674 0.0000
vt 14.6366 32.1674 0.0000
vt 13.5065 3.4775 0.0000
vt 14.5898 3.4775 0.0000
vt 14.4622 4.8271 0.0000
vt 14.4928 5.3799 0.0000
vt 13.3127 5.3799 0.0000
vt 13.2692 4.8271 0.0000
vt 31.9700 8.9643 0.0000
vt 33.0609 8.8261 0.0000
vt 33.0117 9.3783 0.0000
vt 33.0522 10.8922 0.0000
vt 33.1760 11.3154 0.0000
vt 33.4890 11.6250 0.0000
vt 33.9125 11.7432 0.0000
vt 33.9129 12.2156 0.0000
vt 32.8397 12.3517 0.0000
vt 34.7121 12.4062 0.0000
vt 33.6389 12.2702 0.0000
vt 33.6393 11.7978 0.0000
vt 34.0628 11.6796 0.0000
vt 34.3758 11.3699 0.0000
vt 34.4996 10.9467 0.0000
vt 34.5401 9.4328 0.0000
vt 34.4909 8.8806 0.0000
vt 35.5818 9.0188 0.0000
vt 36.0082 5.6419 0.0000
vt 34.9174 5.5019 0.0000
vt 34.8015 4.1365 0.0000
vt 36.2823 3.8302 0.0000
vt 36.4942 3.7491 0.0000
vt -13.5065 9.5501 0.0000
vt -13.2692 10.8997 0.0000
vt -13.3127 11.4524 0.0000
vt -14.4928 11.4524 0.0000
vt -14.4622 10.8997 0.0000
vt -14.5898 9.5501 0.0000
vt -34.7997 6.4412 0.0000
vt -35.8906 6.5797 0.0000
vt -36.3713 4.7078 0.0000
vt -36.1596 4.7880 0.0000
vt -34.6799 5.0909 0.0000
vt -14.6572 -31.8713 0.0000
vt -14.8385 -33.2977 0.0000
vt -13.8567 -33.2977 0.0000
vt -13.6321 -31.8713 0.0000
vt -13.6128 -31.7122 0.0000
vt -13.5938 -31.4861 0.0000
vt -14.6366 -31.4861 0.0000
vt -14.6469 -31.7122 0.0000
vt -14.5898 -32.5172 0.0000
vt -14.6366 -34.0268 0.0000
vt -13.5938 -34.0268 0.0000
vt -13.5065 -32.5172 0.0000
vt -14.4928 7.4636 0.0000
vt -13.3127 7.4636 0.0000
vt -13.4339 8.9732 0.0000
vt -14.5779 8.9732 0.0000
vt -14.5779 -0.2471 0.0000
vt -13.4339 -0.2471 0.0000
vt -13.4690 0.1923 0.0000
vt -14.6025 0.1923 0.0000
vt -14.6025 -17.3312 0.0000
vt -13.4690 -17.3312 0.0000
vt -13.4968 -16.8917 0.0000
vt -14.6221 -16.8917 0.0000
vt -14.6221 -30.1045 0.0000
vt -13.4968 -30.1045 0.0000
vt -13.5105 -29.6650 0.0000
vt -14.6317 -29.6650 0.0000
vt 14.6221 34.9774 0.0000
vt 14.6317 35.4169 0.0000
vt 13.5105 35.4169 0.0000
vt 13.4968 34.9774 0.0000
vt 14.6025 30.7530 0.0000
vt 14.6221 31.1924 0.0000
vt 13.4968 31.1924 0.0000
vt 13.4690 30.7530 0.0000
vt 13.4690 19.1653 0.0000
vt 13.4339 18.7258 0.0000
vt 14.5779 18.7258 0.0000
vt 14.6025 19.1653 0.0000
vt 13.4339 10.7320 0.0000
vt 13.3127 9.2224 0.0000
vt 14.4928 9.2224 0.0000
vt 14.5779 10.7320 0.0000
vt 33.7361 11.5241 0.0000
vt 34.8094 11.6597 0.0000
vt 34.1506 14.2255 0.0000
vt 33.7359 14.1731 0.0000
vt 32.7456 11.6547 0.0000
vt 33.8188 11.5191 0.0000
vt 33.8190 14.1681 0.0000
vt 33.4043 14.2205 0.0000
vt 31.8187 12.0287 0.0000
vt 32.8245 11.6303 0.0000
vt 33.4837 14.1960 0.0000
vt 33.0950 14.3499 0.0000
vt 31.0141 12.6230 0.0000
vt 31.8892 11.9870 0.0000
vt 33.1658 14.3082 0.0000
vt 32.8277 14.5539 0.0000
vt 30.3826 13.4007 0.0000
vt 31.0721 12.5670 0.0000
vt 32.8858 14.4978 0.0000
vt 32.6194 14.8199 0.0000
vt 29.9644 14.3126 0.0000
vt 30.4249 13.3336 0.0000
vt 32.6618 14.7527 0.0000
vt 32.4839 15.1310 0.0000
vt 29.7860 15.3007 0.0000
vt 29.9887 14.2381 0.0000
vt 32.5081 15.0564 0.0000
vt 32.4298 15.4670 0.0000
vt 29.8589 16.3024 0.0000
vt 29.7909 15.2227 0.0000
vt 32.4348 15.3890 0.0000
vt 32.4610 15.8061 0.0000
vt 30.1784 17.2537 0.0000
vt 29.8442 16.2248 0.0000
vt 32.4463 15.7285 0.0000
vt 32.5754 16.1260 0.0000
vt 30.7244 18.0941 0.0000
vt 30.1449 17.1807 0.0000
vt 32.5419 16.0530 0.0000
vt 32.7658 16.4059 0.0000
vt 31.4624 18.7706 0.0000
vt 30.6739 18.0299 0.0000
vt 32.7152 16.3416 0.0000
vt 33.0199 16.6278 0.0000
vt 32.3457 19.2405 0.0000
vt 31.3977 18.7192 0.0000
vt 32.9550 16.5763 0.0000
vt 33.3212 16.7777 0.0000
vt 33.3182 19.4747 0.0000
vt 32.2704 19.2056 0.0000
vt 33.2456 16.7426 0.0000
vt 33.6505 16.8466 0.0000
vt 33.9866 16.8311 0.0000
vt 34.3185 19.4592 0.0000
vt 33.2367 19.4592 0.0000
vt 33.5686 16.8311 0.0000
vt 35.2837 19.1960 0.0000
vt 34.2358 19.4651 0.0000
vt 33.9035 16.8370 0.0000
vt 34.3084 16.7330 0.0000
vt 36.1529 18.7023 0.0000
vt 35.2050 19.2236 0.0000
vt 34.2294 16.7607 0.0000
vt 34.5956 16.5593 0.0000
vt 36.8719 18.0099 0.0000
vt 36.0834 18.7506 0.0000
vt 34.5260 16.6078 0.0000
vt 34.8306 16.3216 0.0000
vt 37.3961 17.1625 0.0000
vt 36.8166 18.0760 0.0000
vt 34.7752 16.3878 0.0000
vt 34.9991 16.0349 0.0000
vt 37.6930 16.2130 0.0000
vt 37.3588 17.2419 0.0000
vt 34.9617 16.1143 0.0000
vt 35.0908 15.7167 0.0000
vt 37.7444 15.2202 0.0000
vt 37.6765 16.2999 0.0000
vt 35.0743 15.8036 0.0000
vt 35.1006 15.3864 0.0000
vt 37.5472 14.2454 0.0000
vt 37.7499 15.3081 0.0000
vt 35.1061 15.4744 0.0000
vt 35.0278 15.0638 0.0000
vt 37.1139 13.3491 0.0000
vt 37.5744 14.3280 0.0000
vt 35.0550 15.1464 0.0000
vt 34.8771 14.7682 0.0000
vt 36.4713 12.5867 0.0000
vt 37.1607 13.4204 0.0000
vt 34.9239 14.8395 0.0000
vt 34.6575 14.5174 0.0000
vt 35.6591 12.0061 0.0000
vt 36.5343 12.6421 0.0000
vt 34.7207 14.5730 0.0000
vt 34.3825 14.3272 0.0000
vt 34.7280 11.6440 0.0000
vt 35.7338 12.0424 0.0000
vt 34.4575 14.3637 0.0000
vt 34.0689 14.2097 0.0000
vt 35.1856 14.6198 0.0000
vt 35.3635 14.9980 0.0000
vt 35.4419 15.4086 0.0000
vt 35.4156 15.8258 0.0000
vt 35.2864 16.2233 0.0000
vt 35.0625 16.5762 0.0000
vt 34.7578 16.8623 0.0000
vt 34.3915 17.0637 0.0000
vt 33.9866 17.1677 0.0000
vt 33.5686 17.1677 0.0000
vt 33.1638 17.0637 0.0000
vt 32.7975 16.8623 0.0000
vt 32.4928 16.5762 0.0000
vt 32.2688 16.2233 0.0000
vt 32.1396 15.8258 0.0000
vt 32.1134 15.4086 0.0000
vt 32.1917 14.9980 0.0000
vt 32.3697 14.6198 0.0000
vt 32.6361 14.2977 0.0000
vt 32.9743 14.0520 0.0000
vt 33.3629 13.8982 0.0000
vt 33.7776 13.8458 0.0000
vt 34.1923 13.8982 0.0000
vt 34.5810 14.0520 0.0000
vt 34.9191 14.2977 0.0000
vt 36.8744 15.1585 0.0000
vt 40.3647 14.9396 0.0000
vt 40.2576 16.6482 0.0000
vt 38.7579 16.6092 0.0000
vt 36.8067 16.2382 0.0000
vt 36.8688 15.9089 0.0000
vt 38.8200 16.2800 0.0000
vt 38.1258 16.2619 0.0000
vt 37.9701 16.8341 0.0000
vt 37.7607 17.3890 0.0000
vt 38.3338 17.7813 0.0000
vt 36.5355 16.9381 0.0000
vt 36.0962 17.5560 0.0000
vt 36.6746 16.6418 0.0000
vt 38.4726 17.4856 0.0000
vt 39.7102 18.3334 0.0000
vt 38.7950 19.7802 0.0000
vt 38.9966 19.5456 0.0000
vt 38.1962 20.2997 0.0000
vt 37.9109 19.8243 0.0000
vt 36.9867 18.6245 0.0000
vt 36.6376 18.3553 0.0000
vt 36.2022 18.2893 0.0000
vt 35.7903 18.4431 0.0000
vt 35.5118 18.0615 0.0000
vt 36.2993 17.3197 0.0000
vt 34.8134 18.4264 0.0000
vt 35.7607 17.9039 0.0000
vt 36.0387 18.2858 0.0000
vt 35.7662 18.6309 0.0000
vt 35.6957 19.0655 0.0000
vt 35.8450 19.4803 0.0000
vt 36.7043 20.7274 0.0000
vt 37.0695 21.1446 0.0000
vt 36.1066 21.6757 0.0000
vt 37.6593 24.0521 0.0000
vt 38.6194 23.5158 0.0000
vt 39.5248 24.5444 0.0000
vt 38.5167 25.6715 0.0000
vt 38.3946 25.8628 0.0000
vt 37.8430 26.3739 0.0000
vt 35.5849 26.9630 0.0000
vt 35.4292 25.7856 0.0000
vt 35.5685 24.9170 0.0000
vt 35.5501 24.8555 0.0000
vt 37.2066 24.4233 0.0000
vt 37.9295 26.2389 0.0000
vt 36.0246 29.2673 0.0000
vt 35.7430 27.2007 0.0000
vt 37.9995 26.6057 0.0000
vt 37.2304 27.8277 0.0000
vt 36.6976 29.0899 0.0000
vt 36.5093 30.4737 0.0000
vt 36.3467 29.3719 0.0000
vt 37.0183 29.1894 0.0000
vt 35.2647 30.4005 0.0000
vt 35.3967 31.5064 0.0000
vt 35.1015 32.2082 0.0000
vt 33.7776 32.2082 0.0000
vt 32.4538 32.2082 0.0000
vt 32.1586 31.5064 0.0000
vt 32.2905 30.4005 0.0000
vt 33.2331 30.4005 0.0000
vt 33.3496 31.1238 0.0000
vt 33.5158 31.3566 0.0000
vt 33.7776 31.4482 0.0000
vt 34.0394 31.3566 0.0000
vt 34.2057 31.1238 0.0000
vt 34.3222 30.4005 0.0000
vt 30.2868 31.0334 0.0000
vt 30.9585 31.2159 0.0000
vt 30.7958 32.3176 0.0000
vt 31.6982 28.0669 0.0000
vt 31.4166 30.1335 0.0000
vt 30.7436 29.9561 0.0000
vt 30.2108 28.6939 0.0000
vt 29.4416 27.4719 0.0000
vt 29.5582 26.7577 0.0000
vt 30.2810 24.9421 0.0000
vt 31.9376 25.3742 0.0000
vt 31.9191 25.4357 0.0000
vt 32.0585 26.3043 0.0000
vt 31.9027 27.4817 0.0000
vt 29.6446 26.8926 0.0000
vt 32.8895 27.2851 0.0000
vt 32.5452 27.2851 0.0000
vt 32.6917 26.1066 0.0000
vt 32.2905 29.7808 0.0000
vt 32.5452 27.7107 0.0000
vt 32.8895 27.7107 0.0000
vt 33.2331 29.7808 0.0000
vt 13.4232 29.2605 0.0000
vt 13.2805 28.3925 0.0000
vt 14.4683 28.3925 0.0000
vt 14.5450 29.2605 0.0000
vt 14.6572 30.4372 0.0000
vt 15.0380 32.4819 0.0000
vt 15.2765 33.1750 0.0000
vt 14.3409 33.1750 0.0000
vt 14.1038 32.4819 0.0000
vt 13.6321 30.4372 0.0000
vt 13.3897 11.4910 0.0000
vt 13.4433 10.7986 0.0000
vt 14.5845 10.7986 0.0000
vt 14.5469 11.4910 0.0000
vt 14.4622 12.9863 0.0000
vt 14.4683 13.0496 0.0000
vt 13.2805 13.0496 0.0000
vt 13.2692 12.9863 0.0000
vt 32.4542 18.4617 0.0000
vt 33.5019 18.7315 0.0000
vt 33.2506 20.7018 0.0000
vt 32.8235 22.1399 0.0000
vt 31.1656 21.7128 0.0000
vt 31.3977 21.8607 0.0000
vt 30.4348 21.3296 0.0000
vt 30.8000 20.9124 0.0000
vt 31.6592 19.6653 0.0000
vt 31.8086 19.2505 0.0000
vt 31.7381 18.8158 0.0000
vt 31.4656 18.4708 0.0000
vt 31.7436 18.0889 0.0000
vt 32.6909 18.6114 0.0000
vt 31.1532 17.5382 0.0000
vt 31.9406 18.2800 0.0000
vt 31.6621 18.6616 0.0000
vt 31.2502 18.5078 0.0000
vt 30.8149 18.5738 0.0000
vt 30.4657 18.8429 0.0000
vt 29.5416 20.0428 0.0000
vt 29.2562 20.5182 0.0000
vt 28.4558 19.7641 0.0000
vt 25.9343 22.4549 0.0000
vt 26.7299 23.2140 0.0000
vt 26.0141 24.3826 0.0000
vt 24.6399 23.7517 0.0000
vt 24.4211 23.6915 0.0000
vt 22.5483 21.2461 0.0000
vt 23.6256 20.7460 0.0000
vt 24.4962 20.6198 0.0000
vt 24.5494 20.5838 0.0000
vt 25.4563 22.0358 0.0000
vt 23.9392 23.2676 0.0000
vt 23.7846 23.2254 0.0000
vt 31.3028 17.7540 0.0000
vt 28.6040 19.9781 0.0000
vt 27.6888 18.5313 0.0000
vt 28.9264 17.6835 0.0000
vt 30.7245 16.8397 0.0000
vt 30.8217 17.0666 0.0000
vt 29.0234 17.9098 0.0000
vt 29.5964 17.5175 0.0000
vt 29.3871 16.9626 0.0000
vt 29.2314 16.3904 0.0000
vt 28.5372 16.4085 0.0000
vt 30.4884 16.0374 0.0000
vt 30.4629 15.1859 0.0000
vt 30.5306 16.2656 0.0000
vt 28.5793 16.6366 0.0000
vt 27.0797 16.6756 0.0000
vt 26.9725 14.9670 0.0000
vt 21.2838 15.0982 0.0000
vt 23.2343 15.2190 0.0000
vt 23.3401 16.9277 0.0000
vt 23.2759 16.9293 0.0000
vt 22.4941 17.3325 0.0000
vt 21.3268 17.5516 0.0000
vt 21.1826 15.2224 0.0000
vt 21.5760 18.6166 0.0000
vt 21.4712 18.2886 0.0000
vt 22.6384 18.0692 0.0000
vt 18.5304 19.0003 0.0000
vt 20.5809 18.6187 0.0000
vt 20.6847 18.9469 0.0000
vt 18.8147 19.8990 0.0000
vt 17.4614 22.5476 0.0000
vt 16.4430 22.9982 0.0000
vt 15.6854 22.9220 0.0000
vt 15.2970 21.6564 0.0000
vt 14.9085 20.3908 0.0000
vt 15.4928 19.9027 0.0000
vt 16.5886 19.7043 0.0000
vt 16.8652 20.6054 0.0000
vt 16.2080 20.9290 0.0000
vt 16.0343 21.1562 0.0000
vt 16.0235 21.4334 0.0000
vt 16.1879 21.6568 0.0000
vt 16.4593 21.7474 0.0000
vt 17.1848 21.6465 0.0000
vt 16.2483 17.4614 0.0000
vt 16.2896 18.1562 0.0000
vt 15.1936 18.3535 0.0000
vt 20.3860 17.6225 0.0000
vt 18.3353 18.0033 0.0000
vt 18.2928 17.3085 0.0000
vt 19.3242 16.4068 0.0000
vt 20.2433 15.2932 0.0000
vt -14.4663 -3.6718 0.0000
vt -14.6963 -2.9460 0.0000
vt -15.6341 -2.9460 0.0000
vt -15.4027 -3.6718 0.0000
vt -15.0380 -5.0049 0.0000
vt -14.8385 -6.3524 0.0000
vt -13.8567 -6.3524 0.0000
vt -14.1038 -5.0049 0.0000
vt -13.6321 -3.2510 0.0000
vt -13.8567 -1.8247 0.0000
vt -14.8385 -1.8247 0.0000
vt -14.6572 -3.2510 0.0000
vt -14.6469 -3.4101 0.0000
vt -14.6366 -3.6362 0.0000
vt -13.5938 -3.6362 0.0000
vt -13.6128 -3.4101 0.0000
vt -14.5898 -0.6257 0.0000
vt -13.5065 -0.6257 0.0000
vt -13.5938 0.8839 0.0000
vt -14.6366 0.8839 0.0000
vt 13.3127 30.1225 0.0000
vt 13.2692 29.5698 0.0000
vt 13.5065 28.2202 0.0000
vt 14.5898 28.2202 0.0000
vt 14.4622 29.5698 0.0000
vt 14.4928 30.1225 0.0000
vt -30.2533 15.3801 0.0000
vt -30.4550 14.3208 0.0000
vt -29.9934 14.1710 0.0000
vt -29.7503 14.5373 0.0000
vt -29.3596 14.7394 0.0000
vt -28.9196 14.7264 0.0000
vt -27.4698 14.2975 0.0000
vt -26.9607 14.0801 0.0000
vt -26.7549 15.1604 0.0000
vt -24.5061 14.7167 0.0000
vt -24.7112 13.6364 0.0000
vt -23.4639 13.1055 0.0000
vt -22.7189 14.4194 0.0000
vt -22.5773 14.5959 0.0000
vt -22.5977 17.4578 0.0000
vt -23.7516 17.2388 0.0000
vt -24.5241 16.8356 0.0000
vt -24.5876 16.8339 0.0000
vt -24.4806 15.1253 0.0000
vt -22.5518 15.0045 0.0000
vt -22.4518 15.1287 0.0000
vt -30.2648 15.1970 0.0000
vt -26.7665 14.9772 0.0000
vt -26.8738 16.6858 0.0000
vt -28.3710 16.6468 0.0000
vt -30.3324 16.2733 0.0000
vt -30.2979 16.0888 0.0000
vt -28.3365 16.4624 0.0000
vt -29.0297 16.4443 0.0000
vt -29.1856 17.0165 0.0000
vt -29.3952 17.5712 0.0000
vt -28.8234 17.9635 0.0000
vt -30.6307 17.1146 0.0000
vt -31.1287 17.8474 0.0000
vt -30.5515 16.9364 0.0000
vt -28.7444 17.7856 0.0000
vt -27.5095 18.6331 0.0000
vt -28.4258 20.0792 0.0000
vt -25.0039 22.5475 0.0000
vt -26.4964 21.3196 0.0000
vt -25.5821 19.8723 0.0000
vt -25.5297 19.9081 0.0000
vt -24.6674 20.0340 0.0000
vt -23.6039 20.5324 0.0000
vt -24.8502 22.5055 0.0000
vt -23.3262 19.8662 0.0000
vt -23.4321 20.1937 0.0000
vt -24.4958 19.6957 0.0000
vt -20.0197 21.6140 0.0000
vt -21.8963 20.7476 0.0000
vt -21.7916 20.4196 0.0000
vt -19.7330 20.7161 0.0000
vt -15.8765 21.0325 0.0000
vt -16.5342 20.7089 0.0000
vt -16.2577 19.8078 0.0000
vt -15.1612 20.0061 0.0000
vt -14.5763 20.4943 0.0000
vt -14.9646 21.7600 0.0000
vt -15.3528 23.0256 0.0000
vt -16.1108 23.1019 0.0000
vt -17.1300 22.6512 0.0000
vt -16.8536 21.7501 0.0000
vt -16.1275 21.8509 0.0000
vt -15.8561 21.7603 0.0000
vt -15.6916 21.5369 0.0000
vt -15.7025 21.2598 0.0000
vt -14.6963 23.8680 0.0000
vt -14.6963 25.1919 0.0000
vt -15.6341 25.1919 0.0000
vt -15.6341 23.8680 0.0000
vt -14.6963 26.5157 0.0000
vt -15.6341 26.5157 0.0000
vt -15.4027 24.1642 0.0000
vt -15.6341 23.4384 0.0000
vt -14.6963 23.4384 0.0000
vt -14.4663 24.1642 0.0000
vt -14.1038 25.4973 0.0000
vt -13.8567 26.8448 0.0000
vt -14.8385 26.8448 0.0000
vt -15.0380 25.4973 0.0000
vt 19.8709 22.6460 0.0000
vt 21.7658 21.7744 0.0000
vt 22.9925 23.7597 0.0000
vt 21.5995 23.3800 0.0000
vt 20.2368 23.2381 0.0000
vt 17.1309 24.2161 0.0000
vt 18.1472 23.7607 0.0000
vt 18.5051 24.3577 0.0000
vt 21.2205 20.6405 0.0000
vt 21.3244 20.9688 0.0000
vt 19.4275 21.8360 0.0000
vt 19.1432 20.9373 0.0000
vt 23.2999 20.1379 0.0000
vt 22.2219 20.6365 0.0000
vt 22.1171 20.3085 0.0000
vt -14.3409 -18.9698 0.0000
vt -15.2765 -18.9698 0.0000
vt -15.0380 -19.6629 0.0000
vt -14.6572 -21.7076 0.0000
vt -14.5450 -22.8843 0.0000
vt -14.4683 -23.7524 0.0000
vt -13.2805 -23.7524 0.0000
vt -13.4232 -22.8843 0.0000
vt -13.6321 -21.7076 0.0000
vt -14.1038 -19.6629 0.0000
vt -13.2692 -11.3396 0.0000
vt -13.2805 -11.2764 0.0000
vt -14.4683 -11.2764 0.0000
vt -14.4622 -11.3396 0.0000
vt -14.5469 -12.8349 0.0000
vt -14.5845 -13.5273 0.0000
vt -13.4433 -13.5273 0.0000
vt -13.3897 -12.8349 0.0000
vt -13.4410 26.1946 0.0000
vt -13.4433 26.7876 0.0000
vt -14.5845 26.7876 0.0000
vt -14.5829 26.1946 0.0000
vt -13.4410 24.1324 0.0000
vt -14.5829 24.1324 0.0000
vt -14.5845 23.5394 0.0000
vt -13.4433 23.5394 0.0000
vt 14.4622 -25.6531 0.0000
vt 14.4683 -25.5899 0.0000
vt 13.2805 -25.5899 0.0000
vt 13.2692 -25.6531 0.0000
vt 13.3897 -27.1484 0.0000
vt 13.4433 -27.8408 0.0000
vt 14.5845 -27.8408 0.0000
vt 14.5469 -27.1484 0.0000
vt 14.3409 -10.5024 0.0000
vt 14.1038 -11.1955 0.0000
vt 13.6321 -13.2402 0.0000
vt 13.4232 -14.4169 0.0000
vt 13.2805 -15.2849 0.0000
vt 14.4683 -15.2849 0.0000
vt 14.5450 -14.4169 0.0000
vt 14.6572 -13.2402 0.0000
vt 15.0380 -11.1955 0.0000
vt 15.2765 -10.5024 0.0000
vt -23.8275 17.6292 0.0000
vt -22.6736 17.8484 0.0000
vt -22.7796 18.1760 0.0000
vt -21.2513 18.7274 0.0000
vt -21.1466 18.3994 0.0000
vt -19.1151 18.7807 0.0000
vt -19.4017 19.6786 0.0000
vt -18.9538 17.9554 0.0000
vt -20.9854 17.5747 0.0000
vt -20.8414 15.2454 0.0000
vt -19.9319 16.3590 0.0000
vt -18.9108 17.2607 0.0000
vt -14.8471 18.3746 0.0000
vt -15.9438 18.1773 0.0000
vt -15.9026 17.4825 0.0000
vt 14.4172 3.3432 0.0000
vt 14.3409 3.0675 0.0000
vt 15.2765 3.0675 0.0000
vt 15.3533 3.3432 0.0000
vt 14.4472 19.3437 0.0000
vt 14.4172 19.0680 0.0000
vt 15.3533 19.0680 0.0000
vt 15.3835 19.3437 0.0000
vt 15.3533 28.7680 0.0000
vt 14.4172 28.7680 0.0000
vt 14.4472 28.4923 0.0000
vt 15.3835 28.4923 0.0000
vt 15.2765 27.3165 0.0000
vt 14.3409 27.3165 0.0000
vt 14.4172 27.0408 0.0000
vt 15.3533 27.0408 0.0000
vt -14.6572 30.9275 0.0000
vt -14.8385 29.5012 0.0000
vt -13.8567 29.5012 0.0000
vt -13.6321 30.9275 0.0000
vt -13.6128 31.0866 0.0000
vt -13.5938 31.3127 0.0000
vt -14.6366 31.3127 0.0000
vt -14.6469 31.0866 0.0000
vt -14.5898 34.6511 0.0000
vt -14.6366 33.1415 0.0000
vt -13.5938 33.1415 0.0000
vt -13.5065 34.6511 0.0000
vt 13.5065 4.9388 0.0000
vt 13.2692 3.5892 0.0000
vt 13.3127 3.0365 0.0000
vt 14.4928 3.0365 0.0000
vt 14.4622 3.5892 0.0000
vt 14.5898 4.9388 0.0000
vt -27.5495 22.3325 0.0000
vt -26.7496 21.5778 0.0000
vt -25.2584 22.8071 0.0000
vt -25.4767 22.8670 0.0000
vt -26.8507 23.4941 0.0000
vt -28.3060 19.9172 0.0000
vt -29.1071 20.6707 0.0000
vt -29.3914 20.1957 0.0000
vt -30.3128 18.9969 0.0000
vt -30.6613 18.7280 0.0000
vt -31.0962 18.6621 0.0000
vt -31.5081 18.8157 0.0000
vt -31.7937 18.4234 0.0000
vt -31.0082 17.6845 0.0000
vt -32.5820 18.8062 0.0000
vt -31.6374 18.2861 0.0000
vt -31.3519 18.6786 0.0000
vt -31.6248 19.0232 0.0000
vt -31.6959 19.4573 0.0000
vt -31.5472 19.8716 0.0000
vt -30.6900 21.1171 0.0000
vt -30.3255 21.5338 0.0000
vt -31.2888 22.0642 0.0000
vt -30.1986 24.0268 0.0000
vt -29.2360 23.4951 0.0000
vt -28.3428 24.5149 0.0000
vt -29.3590 25.6322 0.0000
vt -29.4826 25.8219 0.0000
vt -32.1831 26.5991 0.0000
vt -32.3323 25.4340 0.0000
vt -32.1883 24.5746 0.0000
vt -32.2064 24.5137 0.0000
vt -30.5487 24.0861 0.0000
vt -29.8363 25.8826 0.0000
vt -29.9234 26.0161 0.0000
vt -32.3973 18.7055 0.0000
vt -31.1063 21.9643 0.0000
vt -32.7644 22.3907 0.0000
vt -33.1903 20.9549 0.0000
vt -33.4417 18.9741 0.0000
vt -33.2384 18.9203 0.0000
vt -32.9886 20.9013 0.0000
vt -33.1853 20.2363 0.0000
vt -33.7776 20.2645 0.0000
vt -34.3700 20.2363 0.0000
vt -34.5667 20.9013 0.0000
vt -34.3168 18.9203 0.0000
vt -35.1512 18.6533 0.0000
vt -34.1068 18.9219 0.0000
vt -34.3582 20.9027 0.0000
vt -34.7842 22.3386 0.0000
vt -36.4422 21.9122 0.0000
vt -35.3474 24.4230 0.0000
vt -35.2034 25.2824 0.0000
vt -35.3526 26.4474 0.0000
vt -37.6123 25.8645 0.0000
vt -37.6994 25.7310 0.0000
vt -36.9870 23.9345 0.0000
vt -35.3293 24.3621 0.0000
vt -38.2460 23.2296 0.0000
vt -37.2834 23.7613 0.0000
vt -37.9994 25.5564 0.0000
vt -38.1230 25.3667 0.0000
vt -39.1392 24.2494 0.0000
vt -36.2413 21.9728 0.0000
vt -37.2046 21.4424 0.0000
vt -36.8401 21.0257 0.0000
vt -35.9829 19.7802 0.0000
vt -35.8342 19.3659 0.0000
vt -35.9053 18.9318 0.0000
vt -36.1782 18.5872 0.0000
vt -35.8927 18.1946 0.0000
vt -34.9481 18.7148 0.0000
vt -36.4963 17.5765 0.0000
vt -35.7107 18.3153 0.0000
vt -35.9964 18.7077 0.0000
vt -36.4082 18.5540 0.0000
vt -36.8432 18.6200 0.0000
vt -37.1916 18.8889 0.0000
vt -38.1131 20.0877 0.0000
vt -38.3974 20.5626 0.0000
vt -39.1985 19.8092 0.0000
vt -40.6579 21.2644 0.0000
vt -39.8580 22.0190 0.0000
vt -40.5569 23.1806 0.0000
vt -41.9309 22.5535 0.0000
vt -42.1492 22.4936 0.0000
vt -13.5065 39.5733 0.0000
vt -14.5898 39.5733 0.0000
vt -14.4622 38.2236 0.0000
vt -14.4928 37.6709 0.0000
vt -13.3127 37.6709 0.0000
vt -13.2692 38.2236 0.0000
vt 40.3179 22.1463 0.0000
vt 41.1135 21.3872 0.0000
vt 42.6267 22.6238 0.0000
vt 42.4079 22.6840 0.0000
vt 41.0337 23.3149 0.0000
vt 14.6469 -34.0681 0.0000
vt 14.6366 -33.8420 0.0000
vt 13.5938 -33.8420 0.0000
vt 13.6128 -34.0681 0.0000
vt 13.6321 -34.2272 0.0000
vt 13.8567 -35.6535 0.0000
vt 14.8385 -35.6535 0.0000
vt 14.6572 -34.2272 0.0000
vt 13.5938 -28.3413 0.0000
vt 14.6366 -28.3413 0.0000
vt 14.5898 -26.8317 0.0000
vt 13.5065 -26.8317 0.0000
vt -13.4339 38.5230 0.0000
vt -13.3127 40.0326 0.0000
vt -14.4928 40.0326 0.0000
vt -14.5779 38.5230 0.0000
vt -13.4690 41.4242 0.0000
vt -13.4339 41.8637 0.0000
vt -14.5779 41.8637 0.0000
vt -14.6025 41.4242 0.0000
vt -14.6025 39.9071 0.0000
vt -14.6221 39.4676 0.0000
vt -13.4968 39.4676 0.0000
vt -13.4690 39.9071 0.0000
vt 14.6221 -27.9524 0.0000
vt 14.6317 -27.5129 0.0000
vt 13.5105 -27.5129 0.0000
vt 13.4968 -27.9524 0.0000
vt 14.6221 -7.1307 0.0000
vt 13.4968 -7.1307 0.0000
vt 13.5105 -7.5702 0.0000
vt 14.6317 -7.5702 0.0000
vt 14.6025 13.9868 0.0000
vt 13.4690 13.9868 0.0000
vt 13.4968 13.5473 0.0000
vt 14.6221 13.5473 0.0000
vt 14.5779 31.6361 0.0000
vt 13.4339 31.6361 0.0000
vt 13.4690 31.1966 0.0000
vt 14.6025 31.1966 0.0000
vt 14.4928 39.0845 0.0000
vt 13.3127 39.0845 0.0000
vt 13.4339 37.5749 0.0000
vt 14.5779 37.5749 0.0000
vt 13.5065 42.8468 0.0000
vt 13.2692 41.4971 0.0000
vt 13.3127 40.9444 0.0000
vt 14.4928 40.9444 0.0000
vt 14.4622 41.4971 0.0000
vt 14.5898 42.8468 0.0000
vt 13.5938 -7.3414 0.0000
vt 13.5065 -8.8510 0.0000
vt 14.5898 -8.8510 0.0000
vt 14.6366 -7.3414 0.0000
vt 14.6572 0.1572 0.0000
vt 14.8385 1.5835 0.0000
vt 13.8567 1.5835 0.0000
vt 13.6321 0.1572 0.0000
vt 13.6128 -0.0019 0.0000
vt 13.5938 -0.2280 0.0000
vt 14.6366 -0.2280 0.0000
vt 14.6469 -0.0019 0.0000
vt -35.6593 27.1944 0.0000
vt -35.9315 29.2434 0.0000
vt -36.6050 29.0674 0.0000
vt -37.1431 27.8160 0.0000
vt -37.9172 26.6044 0.0000
vt -35.2647 29.6020 0.0000
vt -35.0101 27.5507 0.0000
vt -34.6658 27.5507 0.0000
vt -34.3222 29.6020 0.0000
vt -32.2905 30.7166 0.0000
vt -32.1586 31.8231 0.0000
vt -32.4538 32.5254 0.0000
vt -33.7776 32.5254 0.0000
vt -35.1015 32.5254 0.0000
vt -35.3967 31.8231 0.0000
vt -35.2647 30.7166 0.0000
vt -34.3222 30.7166 0.0000
vt -34.2057 31.4403 0.0000
vt -34.0394 31.6732 0.0000
vt -33.7776 31.7649 0.0000
vt -33.5158 31.6732 0.0000
vt -33.3496 31.4403 0.0000
vt -33.2331 30.7166 0.0000
vt -37.1048 29.4835 0.0000
vt -36.4332 29.6662 0.0000
vt -36.5962 30.7686 0.0000
vt 15.4027 11.4837 0.0000
vt 15.6341 12.2096 0.0000
vt 14.6963 12.2096 0.0000
vt 14.4663 11.4837 0.0000
vt 14.1038 10.1507 0.0000
vt 13.8567 8.8031 0.0000
vt 14.8385 8.8031 0.0000
vt 15.0380 10.1507 0.0000
vt 37.7091 5.1107 0.0000
vt 37.9518 6.0165 0.0000
vt 36.6731 6.3591 0.0000
vt 36.4304 5.4533 0.0000
vt 35.3943 6.7017 0.0000
vt 35.1516 5.7959 0.0000
vt -14.4663 38.9602 0.0000
vt -14.6963 39.6861 0.0000
vt -15.6341 39.6861 0.0000
vt -15.4027 38.9602 0.0000
vt -15.0380 37.6272 0.0000
vt -14.8385 36.2796 0.0000
vt -13.8567 36.2796 0.0000
vt -14.1038 37.6272 0.0000
vt -13.6321 37.2663 0.0000
vt -13.8567 38.6926 0.0000
vt -14.8385 38.6926 0.0000
vt -14.6572 37.2663 0.0000
vt -14.6469 37.1072 0.0000
vt -14.6366 36.8811 0.0000
vt -13.5938 36.8811 0.0000
vt -13.6128 37.1072 0.0000
vt -14.5898 36.7707 0.0000
vt -13.5065 36.7707 0.0000
vt -13.5938 38.2803 0.0000
vt -14.6366 38.2803 0.0000
vt -13.5065 -1.6133 0.0000
vt -14.5898 -1.6133 0.0000
vt -14.4622 -2.9629 0.0000
vt -14.4928 -3.5156 0.0000
vt -13.3127 -3.5156 0.0000
vt -13.2692 -2.9629 0.0000
vt 28.6831 24.4225 0.0000
vt 29.6432 24.9588 0.0000
vt 28.9079 26.7694 0.0000
vt 28.7858 26.5782 0.0000
vt 27.7777 25.4511 0.0000
vt -13.4339 -0.6967 0.0000
vt -13.3127 0.8129 0.0000
vt -14.4928 0.8129 0.0000
vt -14.5779 -0.6967 0.0000
vt -13.4690 8.4362 0.0000
vt -13.4339 8.8757 0.0000
vt -14.5779 8.8757 0.0000
vt -14.6025 8.4362 0.0000
vt -13.4968 24.5571 0.0000
vt -13.4690 24.9965 0.0000
vt -14.6025 24.9965 0.0000
vt -14.6221 24.5571 0.0000
vt -13.5105 34.4360 0.0000
vt -13.4968 34.8755 0.0000
vt -14.6221 34.8755 0.0000
vt -14.6317 34.4360 0.0000
vt -13.5105 35.7856 0.0000
vt -14.6317 35.7856 0.0000
vt -14.6221 35.3461 0.0000
vt -13.4968 35.3461 0.0000
vt 13.4968 -27.3245 0.0000
vt 14.6221 -27.3245 0.0000
vt 14.6025 -26.8850 0.0000
vt 13.4690 -26.8850 0.0000
vt 13.4690 -12.0350 0.0000
vt 14.6025 -12.0350 0.0000
vt 14.5779 -11.5956 0.0000
vt 13.4339 -11.5956 0.0000
vt 14.4928 -1.0848 0.0000
vt 13.3127 -1.0848 0.0000
vt 13.4339 -2.5944 0.0000
vt 14.5779 -2.5944 0.0000
vt -31.5493 29.8133 0.0000
vt -31.8215 27.7643 0.0000
vt -29.5636 27.1743 0.0000
vt -30.3378 28.3859 0.0000
vt -30.8759 29.6373 0.0000
vt -30.7060 32.6336 0.0000
vt -30.8690 31.5312 0.0000
vt -30.1973 31.3486 0.0000
vt -32.8895 27.5507 0.0000
vt -32.5452 27.5507 0.0000
vt -32.2905 29.6020 0.0000
vt -33.2331 29.6020 0.0000
vt -32.6917 25.3981 0.0000
vt -32.5452 26.5635 0.0000
vt -32.8895 26.5635 0.0000
vt -14.1038 21.1287 0.0000
vt -14.3409 21.8218 0.0000
vt -15.2765 21.8218 0.0000
vt -15.0380 21.1287 0.0000
vt -14.6572 19.0839 0.0000
vt -14.5450 17.9073 0.0000
vt -14.4683 17.0392 0.0000
vt -13.2805 17.0392 0.0000
vt -13.4232 17.9073 0.0000
vt -13.6321 19.0839 0.0000
vt -13.2692 32.1781 0.0000
vt -13.2805 32.2413 0.0000
vt -14.4683 32.2413 0.0000
vt -14.4622 32.1781 0.0000
vt -14.5469 30.6828 0.0000
vt -14.5845 29.9904 0.0000
vt -13.4433 29.9904 0.0000
vt -13.3897 30.6828 0.0000
vt 14.5845 -33.3298 0.0000
vt 14.5829 -32.7368 0.0000
vt 13.4410 -32.7368 0.0000
vt 13.4433 -33.3298 0.0000
vt -14.5829 34.7423 0.0000
vt -14.5845 34.1493 0.0000
vt -13.4433 34.1493 0.0000
vt -13.4410 34.7423 0.0000
vt 34.3185 18.6412 0.0000
vt 34.5667 20.6118 0.0000
vt 34.3700 19.9458 0.0000
vt 33.7776 19.9740 0.0000
vt 33.1853 19.9458 0.0000
vt 32.9886 20.6118 0.0000
vt 33.2367 18.6412 0.0000
vt 35.0874 18.3561 0.0000
vt 36.3761 21.6072 0.0000
vt 34.7182 22.0343 0.0000
vt 34.2911 20.5962 0.0000
vt 34.0398 18.6259 0.0000
vt 34.8636 26.1066 0.0000
vt 35.0101 27.2851 0.0000
vt 34.6658 27.2851 0.0000
vt 34.6658 27.7107 0.0000
vt 35.0101 27.7107 0.0000
vt 35.2647 29.7808 0.0000
vt 34.3222 29.7808 0.0000
vt -15.2765 1.6825 0.0000
vt -14.3409 1.6825 0.0000
vt -14.4172 1.9582 0.0000
vt -15.3533 1.9582 0.0000
vt -15.3533 -23.4679 0.0000
vt -14.4172 -23.4679 0.0000
vt -14.4472 -23.1922 0.0000
vt -15.3835 -23.1922 0.0000
vt 15.3533 40.6713 0.0000
vt 15.3835 40.9470 0.0000
vt 14.4472 40.9470 0.0000
vt 14.4172 40.6713 0.0000
vt 14.4172 42.6975 0.0000
vt 14.3409 42.4218 0.0000
vt 15.2765 42.4218 0.0000
vt 15.3533 42.6975 0.0000
vt -34.6658 26.5635 0.0000
vt -35.0101 26.5635 0.0000
vt -34.8636 25.3981 0.0000
vt -36.6428 17.8917 0.0000
vt -35.9634 18.5298 0.0000
vt -36.3063 18.9938 0.0000
vt -37.0925 18.2556 0.0000
vt 14.6590 -5.4599 0.0000
vt 22.2957 -5.4599 0.0000
vt 22.2957 -4.5278 0.0000
vt 14.6590 -4.5278 0.0000
vt 14.6590 3.8578 0.0000
vt 22.2957 3.8578 0.0000
vt 22.2957 4.7899 0.0000
vt 14.6590 4.7899 0.0000
vt 14.6590 13.8359 0.0000
vt 14.6590 12.9038 0.0000
vt 22.2957 12.9038 0.0000
vt 22.2957 13.8359 0.0000
vt 14.6590 22.0418 0.0000
vt 14.6590 21.1097 0.0000
vt 22.2957 21.1097 0.0000
vt 22.2957 22.0418 0.0000
vt 14.6590 27.9599 0.0000
vt 22.2957 27.9599 0.0000
vt 22.2957 28.8920 0.0000
vt 14.6590 28.8920 0.0000
vt 14.6590 33.9562 0.0000
vt 14.6590 33.0240 0.0000
vt 22.2957 33.0240 0.0000
vt 22.2957 33.9562 0.0000
vt 22.2957 36.9160 0.0000
vt 14.6590 36.9160 0.0000
vt 14.6590 35.9839 0.0000
vt 22.2957 35.9839 0.0000
vt -31.9862 12.2628 0.0000
vt -32.8529 11.9196 0.0000
vt 22.2957 35.9227 0.0000
vt 14.6590 35.9227 0.0000
vt 14.6590 34.9906 0.0000
vt 22.2957 34.9906 0.0000
vt 22.2957 37.5855 0.0000
vt 14.6590 37.5855 0.0000
vt 14.6590 36.6534 0.0000
vt 22.2957 36.6534 0.0000
vt -22.2957 -32.0320 0.0000
vt -14.6590 -32.0320 0.0000
vt -14.6590 -31.0999 0.0000
vt -22.2957 -31.0999 0.0000
vt -32.7077 11.3464 0.0000
vt -31.7051 11.7433 0.0000
vt -30.8326 12.3772 0.0000
vt -31.2321 12.8107 0.0000
vt -30.1452 13.2081 0.0000
vt -30.6379 13.5289 0.0000
vt -29.6861 14.1839 0.0000
vt -30.2411 14.3723 0.0000
vt -27.8953 11.6440 0.0000
vt -27.4277 12.6393 0.0000
vt -27.9675 12.7622 0.0000
vt -29.3931 13.2661 0.0000
vt -29.7568 13.5139 0.0000
vt -29.9545 13.9069 0.0000
vt -29.9362 14.3461 0.0000
vt -30.3979 14.4958 0.0000
vt -30.8565 13.5198 0.0000
vt -25.3588 11.6311 0.0000
vt -25.8253 10.6353 0.0000
vt -24.1911 9.6036 0.0000
vt -24.2025 9.8296 0.0000
vt -24.0369 11.3309 0.0000
vt -13.6128 11.4862 0.0000
vt -13.5938 11.7123 0.0000
vt -14.6366 11.7123 0.0000
vt -14.6469 11.4862 0.0000
vt -14.6572 11.3271 0.0000
vt -14.8385 9.9008 0.0000
vt -13.8567 9.9008 0.0000
vt -13.6321 11.3271 0.0000
vt 24.9161 6.3464 0.0000
vt 25.7375 7.2042 0.0000
vt 26.1384 7.9872 0.0000
vt 26.1897 8.0259 0.0000
vt 25.1088 9.3535 0.0000
vt 23.4527 8.3161 0.0000
vt 23.4426 8.1561 0.0000
vt 30.9164 13.7808 0.0000
vt 27.9614 11.9105 0.0000
vt 29.0505 10.5896 0.0000
vt 30.2421 11.5010 0.0000
vt 31.6046 12.9462 0.0000
vt 31.4306 13.1266 0.0000
vt 30.0692 11.6803 0.0000
vt 30.6205 12.1027 0.0000
vt 31.0826 11.7309 0.0000
vt 31.5779 11.4048 0.0000
vt 31.3445 10.7507 0.0000
vt 32.3048 12.4894 0.0000
vt 33.0922 12.2415 0.0000
vt 32.0868 12.6409 0.0000
vt 31.1287 10.9010 0.0000
vt 30.6263 9.4875 0.0000
vt 32.2174 8.8555 0.0000
vt 30.3899 3.4301 0.0000
vt 30.8900 5.3192 0.0000
vt 29.3018 5.9582 0.0000
vt 29.2800 5.8978 0.0000
vt 28.6509 5.2828 0.0000
vt 28.0751 4.2441 0.0000
vt 30.2401 3.3731 0.0000
vt 27.1672 4.6475 0.0000
vt 27.4442 4.4430 0.0000
vt 28.0263 5.4783 0.0000
vt 25.8780 1.7476 0.0000
vt 26.9119 3.5590 0.0000
vt 26.6359 3.7649 0.0000
vt 25.1225 2.3113 0.0000
vt 22.3195 1.5938 0.0000
vt 21.5408 0.7976 0.0000
vt 21.3469 0.0613 0.0000
vt 22.3964 -0.7457 0.0000
vt 23.4458 -1.5528 0.0000
vt 24.1077 -1.1764 0.0000
vt 24.6772 -0.2194 0.0000
vt 23.9300 0.3552 0.0000
vt 23.3968 -0.1470 0.0000
vt 23.1230 -0.2302 0.0000
vt 22.8597 -0.1433 0.0000
vt 22.7080 0.0889 0.0000
vt 22.7181 0.3749 0.0000
vt 23.0667 1.0192 0.0000
vt 26.6904 -0.7442 0.0000
vt 26.0485 -0.4752 0.0000
vt 25.4993 -1.4440 0.0000
vt 27.7632 3.3342 0.0000
vt 26.7475 1.5125 0.0000
vt 27.3923 1.2503 0.0000
vt 28.5762 1.9398 0.0000
vt 29.9250 2.4552 0.0000
vt -14.3409 22.7979 0.0000
vt -14.1038 23.4910 0.0000
vt -13.6321 25.5357 0.0000
vt -13.4232 26.7124 0.0000
vt -13.2805 27.5805 0.0000
vt -14.4683 27.5805 0.0000
vt -14.5450 26.7124 0.0000
vt -14.6572 25.5357 0.0000
vt -15.0380 23.4910 0.0000
vt -15.2765 22.7979 0.0000
vt -13.3897 19.6838 0.0000
vt -13.4433 20.3762 0.0000
vt -14.5845 20.3762 0.0000
vt -14.5469 19.6838 0.0000
vt -14.4622 18.1885 0.0000
vt -14.4683 18.1253 0.0000
vt -13.2805 18.1253 0.0000
vt -13.2692 18.1885 0.0000
vt -13.4433 -20.0526 0.0000
vt -13.4410 -19.4596 0.0000
vt -14.5829 -19.4596 0.0000
vt -14.5845 -20.0526 0.0000
vt -14.5829 -16.9157 0.0000
vt -13.4410 -16.9157 0.0000
vt -13.4433 -16.3227 0.0000
vt -14.5845 -16.3227 0.0000
vt 13.2692 28.5340 0.0000
vt 13.2805 28.4708 0.0000
vt 14.4683 28.4708 0.0000
vt 14.4622 28.5340 0.0000
vt 14.5469 30.0293 0.0000
vt 14.5845 30.7217 0.0000
vt 13.4433 30.7217 0.0000
vt 13.3897 30.0293 0.0000
vt 14.3409 16.6778 0.0000
vt 15.2765 16.6778 0.0000
vt 15.0380 17.3709 0.0000
vt 14.6572 19.4157 0.0000
vt 14.5450 20.5923 0.0000
vt 14.4683 21.4604 0.0000
vt 13.2805 21.4604 0.0000
vt 13.4232 20.5923 0.0000
vt 13.6321 19.4157 0.0000
vt 14.1038 17.3709 0.0000
vt 26.2790 6.7682 0.0000
vt 25.4611 5.9070 0.0000
vt 25.7381 5.7025 0.0000
vt 25.2122 4.8272 0.0000
vt 24.9363 5.0331 0.0000
vt 23.4942 3.5263 0.0000
vt 24.2497 2.9626 0.0000
vt 22.7456 4.1141 0.0000
vt 24.1980 5.6110 0.0000
vt 22.7340 7.4284 0.0000
vt 22.6285 5.9883 0.0000
vt 22.3089 4.6561 0.0000
vt 20.3522 1.6960 0.0000
vt 21.1422 2.4810 0.0000
vt 20.7136 3.0294 0.0000
vt -13.8567 13.8282 0.0000
vt -14.8385 13.8282 0.0000
vt -15.0380 12.4806 0.0000
vt -15.4027 11.1476 0.0000
vt -15.6341 10.4218 0.0000
vt -14.6963 10.4218 0.0000
vt -14.4663 11.1476 0.0000
vt -14.1038 12.4806 0.0000
vt -24.6531 6.1094 0.0000
vt -23.2220 4.6179 0.0000
vt -22.7829 5.1580 0.0000
vt -23.0889 6.4854 0.0000
vt -23.1810 7.9203 0.0000
vt -20.4406 2.8088 0.0000
vt -20.8690 2.2603 0.0000
vt -20.0782 1.4751 0.0000
vt -14.6963 -16.8843 0.0000
vt -15.6341 -16.8843 0.0000
vt 15.2765 5.1916 0.0000
vt 14.3409 5.1916 0.0000
vt 14.4172 4.9158 0.0000
vt 15.3533 4.9158 0.0000
vt 15.3533 -10.8443 0.0000
vt 14.4172 -10.8443 0.0000
vt 14.4472 -11.1201 0.0000
vt 15.3835 -11.1201 0.0000
vt 14.4472 -23.4548 0.0000
vt 14.4172 -23.7306 0.0000
vt 15.3533 -23.7306 0.0000
vt 15.3835 -23.4548 0.0000
vt -14.4172 26.8768 0.0000
vt -14.3409 27.1525 0.0000
vt -15.2765 27.1525 0.0000
vt -15.3533 26.8768 0.0000
vt -28.7298 6.6341 0.0000
vt -28.1611 5.6064 0.0000
vt -27.8831 5.8094 0.0000
vt -26.9687 4.3539 0.0000
vt -27.2455 4.1492 0.0000
vt -26.2307 2.3484 0.0000
vt -25.4728 2.9088 0.0000
vt -26.9508 2.1141 0.0000
vt -27.9536 3.9216 0.0000
vt -30.1182 3.0494 0.0000
vt -28.7744 2.5380 0.0000
vt -27.5964 1.8540 0.0000
vt -25.3664 -1.7661 0.0000
vt -25.9161 -0.7967 0.0000
vt -26.5579 -1.0659 0.0000
vt 32.6206 5.2339 0.0000
vt 31.5299 5.3739 0.0000
vt 31.0438 3.4811 0.0000
vt 31.2558 3.5622 0.0000
vt 32.7366 3.8685 0.0000
vt 31.0403 13.5806 0.0000
vt 30.5809 14.5601 0.0000
vt 30.1315 14.4145 0.0000
vt 30.1492 13.9752 0.0000
vt 29.9508 13.5820 0.0000
vt 29.5862 13.3342 0.0000
vt 28.1581 12.8302 0.0000
vt 27.6174 12.7072 0.0000
vt 28.0844 11.7116 0.0000
vt 24.7026 9.9824 0.0000
vt 24.2405 10.9803 0.0000
vt 22.9036 10.6795 0.0000
vt 23.0577 9.1752 0.0000
vt 23.0442 8.9487 0.0000
vt -13.2692 28.7938 0.0000
vt -13.3127 29.3465 0.0000
vt -14.4928 29.3465 0.0000
vt -14.4622 28.7938 0.0000
vt -14.5898 27.4442 0.0000
vt -13.5065 27.4442 0.0000
vt -13.4339 31.3627 0.0000
vt -14.5779 31.3627 0.0000
vt -14.4928 29.8531 0.0000
vt -13.3127 29.8531 0.0000
vt -13.4690 31.4345 0.0000
vt -14.6025 31.4345 0.0000
vt -14.5779 30.9950 0.0000
vt -13.4339 30.9950 0.0000
vt -14.6025 24.8181 0.0000
vt -13.4690 24.8181 0.0000
vt -13.4968 25.2575 0.0000
vt -14.6221 25.2575 0.0000
vt -14.6221 12.3335 0.0000
vt -13.4968 12.3335 0.0000
vt -13.5105 12.7730 0.0000
vt -14.6317 12.7730 0.0000
vt -13.5105 -4.4567 0.0000
vt -13.4968 -4.0173 0.0000
vt -14.6221 -4.0173 0.0000
vt -14.6317 -4.4567 0.0000
vt 26.9584 15.1901 0.0000
vt 27.1638 14.1098 0.0000
vt 27.6739 14.3272 0.0000
vt 29.1263 14.7562 0.0000
vt 29.5670 14.7691 0.0000
vt 29.9582 14.5670 0.0000
vt 30.2014 14.2007 0.0000
vt 30.6509 14.3463 0.0000
vt 30.4488 15.4090 0.0000
vt 23.4857 13.3501 0.0000
vt 23.2827 14.4309 0.0000
vt 21.3323 14.3100 0.0000
vt 21.4747 14.1334 0.0000
vt 22.2224 12.8191 0.0000
vt 14.4928 29.6284 0.0000
vt 14.5779 31.1380 0.0000
vt 13.4339 31.1380 0.0000
vt 13.3127 29.6284 0.0000
vt 14.5779 28.5706 0.0000
vt 14.6025 29.0101 0.0000
vt 13.4690 29.0101 0.0000
vt 13.4339 28.5706 0.0000
vt -14.6025 -18.6738 0.0000
vt -14.6221 -19.1133 0.0000
vt -13.4968 -19.1133 0.0000
vt -13.4690 -18.6738 0.0000
vt -13.5938 7.5745 0.0000
vt -13.5065 9.0841 0.0000
vt -14.5898 9.0841 0.0000
vt -14.6366 7.5745 0.0000
vt -29.4840 15.2432 0.0000
vt -30.0664 15.2879 0.0000
vt -29.5517 16.3194 0.0000
vt -30.1249 16.2182 0.0000
vt -29.8850 17.3450 0.0000
vt -30.4130 17.1047 0.0000
vt -14.6590 24.7335 0.0000
vt -14.6590 25.6656 0.0000
vt -22.2957 25.6656 0.0000
vt -22.2957 24.7335 0.0000
vt -14.6590 17.1456 0.0000
vt -14.6590 18.0777 0.0000
vt -22.2957 18.0777 0.0000
vt -22.2957 17.1456 0.0000
vt -14.6590 8.4511 0.0000
vt -14.6590 9.3832 0.0000
vt -22.2957 9.3832 0.0000
vt -22.2957 8.4511 0.0000
vt -14.6590 -0.8037 0.0000
vt -14.6590 0.1284 0.0000
vt -22.2957 0.1284 0.0000
vt -22.2957 -0.8037 0.0000
vt -14.6590 -10.0373 0.0000
vt -14.6590 -9.1052 0.0000
vt -22.2957 -9.1052 0.0000
vt -22.2957 -10.0373 0.0000
vt -22.2957 -18.6695 0.0000
vt -14.6590 -18.6695 0.0000
vt -14.6590 -17.7374 0.0000
vt -22.2957 -17.7374 0.0000
vt -33.7776 14.2143 0.0000
vt -33.4526 14.2554 0.0000
vt -33.1480 14.3760 0.0000
vt -32.8829 14.5686 0.0000
vt -32.6740 14.8210 0.0000
vt -32.5345 15.1175 0.0000
vt -32.4732 15.4393 0.0000
vt -32.4937 15.7663 0.0000
vt -32.5950 16.0779 0.0000
vt -32.7705 16.3545 0.0000
vt -33.0094 16.5788 0.0000
vt -33.2965 16.7367 0.0000
vt -33.6138 16.8181 0.0000
vt -33.9414 16.8181 0.0000
vt -34.2588 16.7367 0.0000
vt -34.5459 16.5788 0.0000
vt -34.7847 16.3545 0.0000
vt -34.9603 16.0779 0.0000
vt -35.0615 15.7663 0.0000
vt -35.0821 15.4393 0.0000
vt -35.0207 15.1175 0.0000
vt -34.8812 14.8210 0.0000
vt -34.6724 14.5686 0.0000
vt -34.4073 14.3760 0.0000
vt -34.1027 14.2554 0.0000
vt -22.2957 35.2928 0.0000
vt -15.2646 35.2928 0.0000
vt -15.2646 35.6204 0.0000
vt -22.2957 35.6204 0.0000
vt 22.2957 -31.4021 0.0000
vt 15.2646 -31.4021 0.0000
vt 15.2646 -31.7298 0.0000
vt 22.2957 -31.7298 0.0000
vt 22.2957 -25.5280 0.0000
vt 15.2646 -25.5280 0.0000
vt 15.2646 -25.8557 0.0000
vt 22.2957 -25.8557 0.0000
vt 22.2957 -18.0396 0.0000
vt 15.2646 -18.0396 0.0000
vt 15.2646 -18.3673 0.0000
vt 22.2957 -18.3673 0.0000
vt 22.2957 -9.4074 0.0000
vt 15.2646 -9.4074 0.0000
vt 15.2646 -9.7351 0.0000
vt 22.2957 -9.7351 0.0000
vt 22.2957 -0.1738 0.0000
vt 15.2646 -0.1738 0.0000
vt 15.2646 -0.5015 0.0000
vt 22.2957 -0.5015 0.0000
vt 22.2957 9.0810 0.0000
vt 15.2646 9.0810 0.0000
vt 15.2646 8.7533 0.0000
vt 22.2957 8.7533 0.0000
vt 22.2957 17.7755 0.0000
vt 15.2646 17.7755 0.0000
vt 15.2646 17.4479 0.0000
vt 22.2957 17.4479 0.0000
vt 22.2957 25.3634 0.0000
vt 15.2646 25.3634 0.0000
vt 15.2646 25.0358 0.0000
vt 22.2957 25.0358 0.0000
vt 22.2957 31.3679 0.0000
vt 15.2646 31.3679 0.0000
vt 15.2646 31.0403 0.0000
vt 22.2957 31.0403 0.0000
vt 22.2957 35.4118 0.0000
vt 15.2646 35.4118 0.0000
vt 15.2646 35.0841 0.0000
vt 22.2957 35.0841 0.0000
vt 22.2957 37.2409 0.0000
vt 15.2646 37.2409 0.0000
vt 15.2646 36.9132 0.0000
vt 22.2957 36.9132 0.0000
vt 22.2957 36.7403 0.0000
vt 15.2646 36.7403 0.0000
vt 15.2646 36.4126 0.0000
vt 22.2957 36.4126 0.0000
vt -38.5555 12.7513 0.0000
vt -36.7357 5.9598 0.0000
vt -36.4192 6.0446 0.0000
vt -38.2390 12.8361 0.0000
vt -22.2957 -29.0203 0.0000
vt -15.2646 -29.0203 0.0000
vt -15.2646 -28.6926 0.0000
vt -22.2957 -28.6926 0.0000
vt -22.2957 -22.2859 0.0000
vt -15.2646 -22.2859 0.0000
vt -15.2646 -21.9583 0.0000
vt -22.2957 -21.9583 0.0000
vt -22.2957 -14.1615 0.0000
vt -15.2646 -14.1615 0.0000
vt -15.2646 -13.8339 0.0000
vt -22.2957 -13.8339 0.0000
vt -22.2957 -5.1576 0.0000
vt -15.2646 -5.1576 0.0000
vt -15.2646 -4.8300 0.0000
vt -22.2957 -4.8300 0.0000
vt -22.2957 4.1600 0.0000
vt -15.2646 4.1600 0.0000
vt -15.2646 4.4877 0.0000
vt -22.2957 4.4877 0.0000
vt -22.2957 13.2060 0.0000
vt -15.2646 13.2060 0.0000
vt -15.2646 13.5337 0.0000
vt -22.2957 13.5337 0.0000
vt -22.2957 21.4119 0.0000
vt -15.2646 21.4119 0.0000
vt -15.2646 21.7396 0.0000
vt -22.2957 21.7396 0.0000
vt -22.2957 28.2622 0.0000
vt -15.2646 28.2622 0.0000
vt -15.2646 28.5898 0.0000
vt -22.2957 28.5898 0.0000
vt -22.2957 33.3263 0.0000
vt -15.2646 33.3263 0.0000
vt -15.2646 33.6539 0.0000
vt -22.2957 33.6539 0.0000
vt -22.2957 36.2861 0.0000
vt -15.2646 36.2861 0.0000
vt -15.2646 36.6137 0.0000
vt -22.2957 36.6137 0.0000
vt -22.2957 36.9556 0.0000
vt -15.2646 36.9556 0.0000
vt -15.2646 37.2833 0.0000
vt -22.2957 37.2833 0.0000
vt -30.9124 17.8917 0.0000
vt -14.6590 30.7380 0.0000
vt -14.6590 31.6702 0.0000
vt -22.2957 31.6702 0.0000
vt -22.2957 30.7380 0.0000
vt -30.4628 18.2556 0.0000
vt -31.2489 18.9938 0.0000
vt -31.5919 18.5298 0.0000
vt -14.6590 35.7140 0.0000
vt -22.2957 35.7140 0.0000
vt -22.2957 34.7819 0.0000
vt -14.6590 34.7819 0.0000
vt -14.6590 37.5431 0.0000
vt -22.2957 37.5431 0.0000
vt -22.2957 36.6110 0.0000
vt -14.6590 36.6110 0.0000
vt -32.1939 19.5133 0.0000
vt -32.4087 18.9788 0.0000
vt -33.2384 19.7815 0.0000
vt -33.3116 19.2106 0.0000
vt -14.6590 37.0425 0.0000
vt -22.2957 37.0425 0.0000
vt -22.2957 36.1104 0.0000
vt -14.6590 36.1104 0.0000
vt 36.8709 5.2966 0.0000
vt 38.8474 12.6731 0.0000
vt 37.9471 12.9143 0.0000
vt 35.9705 5.5378 0.0000
vt -34.3168 19.7815 0.0000
vt -34.2437 19.2106 0.0000
vt -35.1465 18.9788 0.0000
vt -35.3613 19.5133 0.0000
vt 14.6590 -22.5881 0.0000
vt 22.2957 -22.5881 0.0000
vt 22.2957 -21.6560 0.0000
vt 14.6590 -21.6560 0.0000
vt 14.6590 -14.4638 0.0000
vt 22.2957 -14.4638 0.0000
vt 22.2957 -13.5317 0.0000
vt 14.6590 -13.5317 0.0000
vt 14.6590 -29.3225 0.0000
vt 22.2957 -29.3225 0.0000
vt 22.2957 -28.3904 0.0000
vt 14.6590 -28.3904 0.0000
vt -22.2957 -26.1579 0.0000
vt -14.6590 -26.1579 0.0000
vt -14.6590 -25.2258 0.0000
vt -22.2957 -25.2258 0.0000
vt -22.2610 21.4318 0.0000
vt -20.3857 22.3012 0.0000
vt -20.7540 22.8918 0.0000
vt -22.1088 23.0333 0.0000
vt -23.4958 23.4120 0.0000
vt -18.2082 24.5367 0.0000
vt -17.8504 23.9396 0.0000
vt -16.8334 24.3951 0.0000
vt 13.3897 42.8362 0.0000
vt 13.4433 42.1438 0.0000
vt 14.5845 42.1438 0.0000
vt 14.5469 42.8362 0.0000
vt 14.4622 44.3315 0.0000
vt 14.4683 44.3947 0.0000
vt 13.2805 44.3947 0.0000
vt 13.2692 44.3315 0.0000
vt 13.4410 2.2924 0.0000
vt 14.5829 2.2924 0.0000
vt 14.5845 2.8854 0.0000
vt 13.4433 2.8854 0.0000
vt 13.4410 6.3302 0.0000
vt 13.4433 5.7371 0.0000
vt 14.5845 5.7371 0.0000
vt 14.5829 6.3302 0.0000
vt 43.9475 17.4448 0.0000
vt 45.1147 17.6642 0.0000
vt 45.0099 17.9921 0.0000
vt 45.2572 17.9136 0.0000
vt 45.3610 17.5853 0.0000
vt 47.4115 17.9670 0.0000
vt 47.1272 18.8656 0.0000
vt 13.2692 -4.3570 0.0000
vt 13.2805 -4.4202 0.0000
vt 14.4683 -4.4202 0.0000
vt 14.4622 -4.3570 0.0000
vt 14.5469 -2.8617 0.0000
vt 14.5845 -2.1692 0.0000
vt 13.4433 -2.1692 0.0000
vt 13.3897 -2.8617 0.0000
vt 13.4410 37.0171 0.0000
vt 13.4433 36.4241 0.0000
vt 14.5845 36.4241 0.0000
vt 14.5829 37.0171 0.0000
vt 14.5845 36.3841 0.0000
vt 13.4433 36.3841 0.0000
vt 13.4410 35.7911 0.0000
vt 14.5829 35.7911 0.0000
vt 14.5450 -21.6158 0.0000
vt 14.4683 -20.7477 0.0000
vt 13.2805 -20.7477 0.0000
vt 13.4232 -21.6158 0.0000
vt 13.6321 -22.7924 0.0000
vt 14.1038 -24.8372 0.0000
vt 14.3409 -25.5303 0.0000
vt 15.2765 -25.5303 0.0000
vt 15.0380 -24.8372 0.0000
vt 14.6572 -22.7924 0.0000
vt 14.4172 -37.7571 0.0000
vt 15.3533 -37.7571 0.0000
vt 15.2765 -37.4814 0.0000
vt 14.3409 -37.4814 0.0000
vt -14.4472 40.9020 0.0000
vt -15.3835 40.9020 0.0000
vt -15.3533 40.6263 0.0000
vt -14.4172 40.6263 0.0000
vt -14.4472 28.3025 0.0000
vt -14.4172 28.5782 0.0000
vt -15.3533 28.5782 0.0000
vt -15.3835 28.3025 0.0000
vt -14.4172 6.1995 0.0000
vt -14.3409 6.4752 0.0000
vt -15.2765 6.4752 0.0000
vt -15.3533 6.1995 0.0000
vt -46.1725 21.2662 0.0000
vt -46.8775 21.5997 0.0000
vt -48.0369 18.0306 0.0000
vt -47.2716 17.8828 0.0000
vt -49.9166 18.6489 0.0000
vt -49.6241 18.5934 0.0000
vt -48.5534 21.9080 0.0000
vt -48.8231 22.0341 0.0000
vt -50.2330 14.6058 0.0000
vt -49.9359 14.6244 0.0000
vt -49.7184 18.1009 0.0000
vt -50.0109 18.1564 0.0000
vt -47.2489 18.0008 0.0000
vt -48.0142 18.1485 0.0000
vt -48.2498 14.4032 0.0000
vt -47.4722 14.4503 0.0000
vt -27.9206 12.7741 0.0000
vt -27.4394 12.7994 0.0000
vt -27.2430 16.5469 0.0000
vt -27.7189 16.6224 0.0000
vt 13.3193 11.2953 0.0000
vt 23.5710 11.2953 0.0000
vt 23.5710 15.1489 0.0000
vt 13.3193 15.1489 0.0000
vt 48.1002 17.6905 0.0000
vt 47.6243 17.6151 0.0000
vt 47.8207 13.8675 0.0000
vt 48.3019 13.8423 0.0000
vt 47.4314 19.1677 0.0000
vt 46.9820 18.9938 0.0000
vt 47.9625 15.3714 0.0000
vt 48.4382 15.4480 0.0000
vt 13.3193 2.2562 0.0000
vt 23.5710 2.2562 0.0000
vt 23.5710 6.1098 0.0000
vt 13.3193 6.1098 0.0000
vt -28.7378 10.1157 0.0000
vt -28.2621 10.0392 0.0000
vt -27.2816 13.6616 0.0000
vt -27.7310 13.8355 0.0000
vt -30.0660 7.9248 0.0000
vt -29.6187 7.7455 0.0000
vt -27.8649 11.0631 0.0000
vt -28.2650 11.3317 0.0000
vt 13.3193 -7.0456 0.0000
vt 23.5710 -7.0456 0.0000
vt 23.5710 -3.1920 0.0000
vt 13.3193 -3.1920 0.0000
vt 46.3081 20.8702 0.0000
vt 45.9080 20.6016 0.0000
vt 47.6619 17.2840 0.0000
vt 48.1091 17.4634 0.0000
vt 44.4875 23.1925 0.0000
vt 44.1624 22.8368 0.0000
vt 46.6528 20.0294 0.0000
vt 47.0447 20.3097 0.0000
vt 13.3193 -16.0259 0.0000
vt 23.5710 -16.0259 0.0000
vt 23.5710 -12.1723 0.0000
vt 13.3193 -12.1723 0.0000
vt -31.7769 6.7660 0.0000
vt -31.3849 6.4857 0.0000
vt -28.8946 9.2930 0.0000
vt -29.2196 9.6488 0.0000
vt -41.8004 26.5068 0.0000
vt -42.2584 27.1388 0.0000
vt -44.9938 24.5697 0.0000
vt -44.3934 24.0713 0.0000
vt -46.3583 25.9535 0.0000
vt -46.1285 25.7642 0.0000
vt -43.5963 28.1561 0.0000
vt -43.7722 28.3963 0.0000
vt -48.6024 22.5063 0.0000
vt -48.3328 22.3801 0.0000
vt -46.4742 25.3260 0.0000
vt -46.7042 25.5150 0.0000
vt -44.3176 24.1621 0.0000
vt -44.9180 24.6604 0.0000
vt -46.9285 21.4917 0.0000
vt -46.2236 21.1582 0.0000
vt -50.7482 22.8447 0.0000
vt -50.5005 22.7322 0.0000
vt -48.7240 25.6521 0.0000
vt -48.9377 25.8204 0.0000
vt -52.1122 18.7890 0.0000
vt -51.8446 18.7399 0.0000
vt -50.8281 22.0031 0.0000
vt -51.0762 22.1146 0.0000
vt -52.4468 14.6631 0.0000
vt -52.1753 14.6794 0.0000
vt -51.9695 18.0911 0.0000
vt -52.2371 18.1400 0.0000
vt -51.7796 10.5435 0.0000
vt -51.5198 10.6243 0.0000
vt -52.1347 13.9864 0.0000
vt -52.4063 13.9700 0.0000
vt -49.5387 10.6053 0.0000
vt -49.2554 10.6968 0.0000
vt -49.9045 14.1191 0.0000
vt -50.2016 14.1005 0.0000
vt -46.8130 11.0757 0.0000
vt -47.4795 14.5701 0.0000
vt -48.2570 14.5230 0.0000
vt -47.5540 10.8367 0.0000
vt -45.3353 7.9701 0.0000
vt -46.8498 11.1891 0.0000
vt -47.5908 10.9501 0.0000
vt -45.9932 7.5545 0.0000
vt -43.1318 5.3282 0.0000
vt -45.3991 8.0695 0.0000
vt -46.0570 7.6538 0.0000
vt -43.6652 4.7621 0.0000
vt -40.3403 3.3159 0.0000
vt -43.2181 5.4072 0.0000
vt -43.7515 4.8411 0.0000
vt -40.7157 2.6350 0.0000
vt -37.1358 2.0599 0.0000
vt -40.4434 3.3697 0.0000
vt -40.8187 2.6888 0.0000
vt -37.3296 1.3071 0.0000
vt -33.7196 1.6398 0.0000
vt -37.2489 2.0857 0.0000
vt -37.4427 1.3329 0.0000
vt -33.7196 0.8624 0.0000
vt -30.1124 1.3297 0.0000
vt -30.3061 2.0826 0.0000
vt -33.8355 1.6366 0.0000
vt -33.8355 0.8593 0.0000
vt -31.8065 11.9329 0.0000
vt -31.9282 12.3992 0.0000
vt -35.6385 11.8365 0.0000
vt -35.6165 11.3551 0.0000
vt -13.3193 -29.6577 0.0000
vt -23.5710 -29.6577 0.0000
vt -23.5710 -33.5113 0.0000
vt -13.3193 -33.5113 0.0000
vt 32.5564 -8.8234 0.0000
vt 32.5783 -8.3421 0.0000
vt 28.8681 -7.7794 0.0000
vt 28.7463 -8.2456 0.0000
vt 38.5761 -5.1698 0.0000
vt 38.4544 -4.7036 0.0000
vt 34.7441 -5.2662 0.0000
vt 34.7661 -5.7476 0.0000
vt 13.3193 33.5113 0.0000
vt 23.5710 33.5113 0.0000
vt 23.5710 37.3649 0.0000
vt 13.3193 37.3649 0.0000
vt -31.7060 14.4310 0.0000
vt -31.6840 14.9123 0.0000
vt -35.3943 15.4750 0.0000
vt -35.5160 15.0088 0.0000
vt -30.9271 16.7854 0.0000
vt -30.7670 17.2399 0.0000
vt -34.1563 18.8508 0.0000
vt -34.4076 18.4397 0.0000
vt 13.3193 35.1382 0.0000
vt 23.5710 35.1382 0.0000
vt 23.5710 38.9917 0.0000
vt 13.3193 38.9917 0.0000
vt 43.1687 0.0065 0.0000
vt 42.9175 0.4177 0.0000
vt 39.5281 -1.1932 0.0000
vt 39.6883 -1.6477 0.0000
vt 46.1119 5.3832 0.0000
vt 45.7589 5.7112 0.0000
vt 42.9308 3.2445 0.0000
vt 43.2078 2.8502 0.0000
vt 13.3193 34.4361 0.0000
vt 23.5710 34.4361 0.0000
vt 23.5710 38.2897 0.0000
vt 13.3193 38.2897 0.0000
vt -29.7928 18.2313 0.0000
vt -29.5158 18.6256 0.0000
vt -32.3439 21.0922 0.0000
vt -32.6969 20.7642 0.0000
vt -28.7000 18.4156 0.0000
vt -28.3340 18.7291 0.0000
vt -30.4634 21.8191 0.0000
vt -30.8866 21.5887 0.0000
vt 13.3193 31.4492 0.0000
vt 23.5710 31.4492 0.0000
vt 23.5710 35.3028 0.0000
vt 13.3193 35.3028 0.0000
vt 47.6919 10.0076 0.0000
vt 47.2687 10.2380 0.0000
vt 45.1392 7.1480 0.0000
vt 45.5052 6.8345 0.0000
vt 48.3449 13.5068 0.0000
vt 47.8803 13.6347 0.0000
vt 46.5108 10.1409 0.0000
vt 46.9385 9.9190 0.0000
vt 13.3193 26.3652 0.0000
vt 23.5710 26.3652 0.0000
vt 23.5710 30.2188 0.0000
vt 13.3193 30.2188 0.0000
vt -27.9370 17.3674 0.0000
vt -27.5092 17.5893 0.0000
vt -28.8788 21.0832 0.0000
vt -29.3433 20.9552 0.0000
vt -27.6565 15.3534 0.0000
vt -27.1912 15.4784 0.0000
vt -27.7801 19.1846 0.0000
vt -28.2613 19.1592 0.0000
vt 13.3193 19.5035 0.0000
vt 23.5710 19.5035 0.0000
vt 23.5710 23.3571 0.0000
vt 13.3193 23.3571 0.0000
vt 48.4177 15.9562 0.0000
vt 47.9365 15.9816 0.0000
vt 47.3475 12.2754 0.0000
vt 47.8129 12.1504 0.0000
vt 47.5144 10.9419 0.0000
vt 48.2554 10.7029 0.0000
vt 48.9584 14.3892 0.0000
vt 48.1809 14.4363 0.0000
vt 46.2876 14.8427 0.0000
vt 45.9904 14.8613 0.0000
vt 45.3414 11.4391 0.0000
vt 45.6247 11.3476 0.0000
vt 46.0349 17.9077 0.0000
vt 45.7424 17.8522 0.0000
vt 45.9599 14.3757 0.0000
vt 46.2570 14.3572 0.0000
vt 47.9611 18.0456 0.0000
vt 48.1844 14.4951 0.0000
vt 48.9620 14.4480 0.0000
vt 48.7264 18.1933 0.0000
vt 46.8508 21.4866 0.0000
vt 47.9499 18.1032 0.0000
vt 48.7152 18.2509 0.0000
vt 47.5558 21.8200 0.0000
vt 44.9195 24.5440 0.0000
vt 46.8255 21.5402 0.0000
vt 47.5304 21.8736 0.0000
vt 45.5199 25.0423 0.0000
vt 42.2882 27.0262 0.0000
vt 44.8813 24.5907 0.0000
vt 45.4816 25.0890 0.0000
vt 42.7462 27.6582 0.0000
vt 39.1217 28.7773 0.0000
vt 42.2390 27.0632 0.0000
vt 42.6969 27.6953 0.0000
vt 39.4086 29.5034 0.0000
vt 35.6186 29.6871 0.0000
vt 39.0642 28.8022 0.0000
vt 39.3510 29.5284 0.0000
vt 35.7163 30.4618 0.0000
vt 31.9013 30.4726 0.0000
vt 31.9989 29.6978 0.0000
vt 35.5564 29.6978 0.0000
vt 35.6540 30.4726 0.0000
vt 31.8508 32.8804 0.0000
vt 31.9013 32.4012 0.0000
vt 35.6540 32.4012 0.0000
vt 35.7044 32.8804 0.0000
vt 37.9351 3.6245 0.0000
vt 40.5885 13.5269 0.0000
vt 36.8662 14.5243 0.0000
vt 34.2129 4.6219 0.0000
vt 13.3193 -30.8200 0.0000
vt 23.5710 -30.8200 0.0000
vt 23.5710 -26.9665 0.0000
vt 13.3193 -26.9665 0.0000
vt 37.3976 29.7814 0.0000
vt 37.3047 29.3086 0.0000
vt 40.8909 28.2032 0.0000
vt 41.0803 28.6463 0.0000
vt 41.6201 26.2713 0.0000
vt 41.3982 25.8436 0.0000
vt 44.5303 23.7765 0.0000
vt 44.8364 24.1487 0.0000
vt 13.3193 -24.1202 0.0000
vt 23.5710 -24.1202 0.0000
vt 23.5710 -20.2666 0.0000
vt 13.3193 -20.2666 0.0000
vt -33.5946 7.1146 0.0000
vt -33.2886 6.7424 0.0000
vt -30.1565 8.8094 0.0000
vt -30.3783 9.2372 0.0000
vt -38.7785 28.1531 0.0000
vt -39.0654 28.8793 0.0000
vt -42.3537 27.0711 0.0000
vt -41.8958 26.4391 0.0000
vt -43.3083 28.7783 0.0000
vt -43.1329 28.5378 0.0000
vt -40.0847 30.2234 0.0000
vt -40.1952 30.4998 0.0000
vt -44.8924 30.1711 0.0000
vt -44.7296 29.9531 0.0000
vt -41.7647 31.6533 0.0000
vt -41.8706 31.9038 0.0000
vt -48.3339 26.7069 0.0000
vt -48.1216 26.5368 0.0000
vt -45.6799 28.9284 0.0000
vt -45.8455 29.1442 0.0000
vt -50.2372 22.0815 0.0000
vt -49.9445 21.8789 0.0000
vt -47.7727 24.4244 0.0000
vt -48.0188 24.6816 0.0000
vt -51.6713 18.6119 0.0000
vt -51.3394 18.4834 0.0000
vt -49.8228 21.4661 0.0000
vt -50.1222 21.6586 0.0000
vt -52.2062 16.1458 0.0000
vt -51.8544 16.0913 0.0000
vt -51.0114 19.3295 0.0000
vt -51.3451 19.4534 0.0000
vt -52.1820 14.1564 0.0000
vt -51.8265 14.1744 0.0000
vt -51.6581 17.5163 0.0000
vt -52.0099 17.5699 0.0000
vt -51.7346 12.0415 0.0000
vt -51.3900 12.1304 0.0000
vt -51.8956 15.4381 0.0000
vt -52.2510 15.4201 0.0000
vt -50.8190 9.2479 0.0000
vt -50.5003 9.4064 0.0000
vt -51.6807 12.5374 0.0000
vt -52.0247 12.4460 0.0000
vt -50.1282 6.5103 0.0000
vt -49.8955 6.6511 0.0000
vt -51.3011 9.7666 0.0000
vt -51.5607 9.6854 0.0000
vt -47.8739 6.8733 0.0000
vt -47.6221 7.0321 0.0000
vt -49.0980 10.1871 0.0000
vt -49.3813 10.0956 0.0000
vt -45.3305 3.6277 0.0000
vt -45.1259 3.8440 0.0000
vt -47.3385 6.5343 0.0000
vt -47.5902 6.3753 0.0000
vt -42.0519 1.0704 0.0000
vt -41.9076 1.3307 0.0000
vt -44.7198 3.3860 0.0000
vt -44.9241 3.1694 0.0000
vt -38.2302 -0.6260 0.0000
vt -38.1554 -0.3379 0.0000
vt -41.3915 0.9509 0.0000
vt -41.5352 0.6902 0.0000
vt -34.0992 -1.3331 0.0000
vt -34.0988 -1.0354 0.0000
vt -37.5542 -0.5963 0.0000
vt -37.6283 -0.8846 0.0000
vt -29.9207 -0.9832 0.0000
vt -29.9948 -0.6948 0.0000
vt -33.4502 -1.1339 0.0000
vt -33.4498 -1.4316 0.0000
vt -25.9661 0.4192 0.0000
vt -26.1098 0.6799 0.0000
vt -29.3459 -0.6089 0.0000
vt -29.2711 -0.8970 0.0000
vt -26.7348 2.6801 0.0000
vt -27.1102 3.3610 0.0000
vt -30.4177 2.0512 0.0000
vt -30.2239 1.2984 0.0000
vt -31.2149 10.1869 0.0000
vt -31.4661 10.5981 0.0000
vt -34.8555 8.9872 0.0000
vt -34.6953 8.5327 0.0000
vt -13.3193 -23.8196 0.0000
vt -23.5710 -23.8196 0.0000
vt -23.5710 -27.6731 0.0000
vt -13.3193 -27.6731 0.0000
vt 25.9342 -9.9005 0.0000
vt 26.0944 -9.4460 0.0000
vt 22.7050 -7.8351 0.0000
vt 22.4538 -8.2463 0.0000
vt 26.4715 2.0151 0.0000
vt 29.9606 0.6334 0.0000
vt 30.1544 1.3862 0.0000
vt 26.8468 2.6960 0.0000
vt 23.3790 4.2505 0.0000
vt 26.4148 2.0445 0.0000
vt 26.7903 2.7254 0.0000
vt 23.9124 4.8167 0.0000
vt 20.9400 7.1858 0.0000
vt 23.3318 4.2941 0.0000
vt 23.8652 4.8602 0.0000
vt 21.5978 7.6015 0.0000
vt 19.3077 10.6362 0.0000
vt 20.9052 7.2406 0.0000
vt 21.5631 7.6562 0.0000
vt 20.0486 10.8752 0.0000
vt 18.5846 14.3846 0.0000
vt 19.2877 10.6983 0.0000
vt 20.0287 10.9372 0.0000
vt 19.3622 14.4317 0.0000
vt 18.5807 14.4496 0.0000
vt 19.3583 14.4967 0.0000
vt 19.5816 18.0471 0.0000
vt 18.8163 18.1949 0.0000
vt 8.0070 15.1388 0.0000
vt 8.4882 15.1641 0.0000
vt 8.6846 18.9116 0.0000
vt 8.2087 18.9871 0.0000
vt -13.3193 19.3907 0.0000
vt -23.5710 19.3907 0.0000
vt -23.5710 15.5371 0.0000
vt -13.3193 15.5371 0.0000
vt -13.3193 26.9855 0.0000
vt -23.5710 26.9855 0.0000
vt -23.5710 23.1320 0.0000
vt -13.3193 23.1320 0.0000
vt 8.6776 21.6156 0.0000
vt 9.1533 21.5391 0.0000
vt 10.1338 25.1614 0.0000
vt 9.6844 25.3353 0.0000
vt 18.8286 18.2583 0.0000
vt 19.5939 18.1106 0.0000
vt 20.6930 21.4940 0.0000
vt 19.9881 21.8275 0.0000
vt 21.0719 17.6560 0.0000
vt 21.3644 17.6005 0.0000
vt 22.4351 20.9151 0.0000
vt 22.1654 21.0412 0.0000
vt 20.9048 14.4065 0.0000
vt 21.2019 14.4251 0.0000
vt 21.4193 17.9016 0.0000
vt 21.1268 17.9570 0.0000
vt 21.5492 11.2026 0.0000
vt 21.8325 11.2940 0.0000
vt 21.1835 14.7163 0.0000
vt 20.8864 14.6977 0.0000
vt 22.9659 8.2575 0.0000
vt 23.2177 8.4163 0.0000
vt 21.7417 11.5714 0.0000
vt 21.4584 11.4798 0.0000
vt 25.0663 5.7704 0.0000
vt 25.2708 5.9867 0.0000
vt 23.0582 8.6770 0.0000
vt 22.8066 8.5180 0.0000
vt 27.7167 3.9107 0.0000
vt 27.8610 4.1711 0.0000
vt 25.0487 6.2263 0.0000
vt 24.8445 6.0097 0.0000
vt 30.7451 2.8040 0.0000
vt 30.8199 3.0922 0.0000
vt 27.5838 4.3810 0.0000
vt 27.4401 4.1203 0.0000
vt 33.9520 2.5204 0.0000
vt 33.9524 2.8181 0.0000
vt 30.4970 3.2572 0.0000
vt 30.4229 2.9688 0.0000
vt 30.0227 0.6200 0.0000
vt 33.7458 0.1496 0.0000
vt 33.7458 0.9269 0.0000
vt 30.2164 1.3729 0.0000
vt 33.8092 0.9301 0.0000
vt 33.8093 0.1527 0.0000
vt 37.5324 0.6232 0.0000
vt 37.3386 1.3760 0.0000
vt 37.1261 3.0674 0.0000
vt 37.0520 3.3557 0.0000
vt 33.5966 2.9166 0.0000
vt 33.5970 2.6189 0.0000
vt 40.0612 4.3913 0.0000
vt 39.9175 4.6520 0.0000
vt 36.6814 3.3632 0.0000
vt 36.7563 3.0751 0.0000
vt 37.3992 1.3949 0.0000
vt 37.5930 0.6421 0.0000
vt 41.0821 2.0238 0.0000
vt 40.7067 2.7047 0.0000
vt 40.7606 2.7374 0.0000
vt 41.1360 2.0565 0.0000
vt 44.1718 4.2626 0.0000
vt 43.6385 4.8287 0.0000
vt 42.5735 6.3858 0.0000
vt 42.3693 6.6024 0.0000
vt 39.5570 4.5471 0.0000
vt 39.7013 4.2867 0.0000
vt 44.5133 8.9058 0.0000
vt 44.2616 9.0648 0.0000
vt 42.0491 6.3745 0.0000
vt 42.2536 6.1582 0.0000
vt 43.6825 4.8727 0.0000
vt 44.2159 4.3065 0.0000
vt 46.6078 7.1983 0.0000
vt 45.9499 7.6139 0.0000
vt 45.9818 7.6659 0.0000
vt 46.6397 7.2503 0.0000
vt 48.2372 10.6460 0.0000
vt 47.4962 10.8849 0.0000
vt 45.7729 11.7836 0.0000
vt 45.4896 11.8752 0.0000
vt 44.0136 8.7201 0.0000
vt 44.2654 8.5614 0.0000
vt 42.0010 13.9982 0.0000
vt 41.7414 14.0794 0.0000
vt 40.3359 10.9639 0.0000
vt 40.5686 10.8231 0.0000
vt 42.0899 15.8567 0.0000
vt 41.8184 15.8731 0.0000
vt 41.2035 12.5111 0.0000
vt 41.4632 12.4303 0.0000
vt 41.7686 17.5086 0.0000
vt 41.5010 17.4596 0.0000
vt 41.7068 14.0480 0.0000
vt 41.9783 14.0316 0.0000
vt 41.0633 18.9955 0.0000
vt 40.8152 18.8839 0.0000
vt 41.8317 15.6207 0.0000
vt 42.0993 15.6698 0.0000
vt 45.0322 20.8096 0.0000
vt 44.7625 20.6835 0.0000
vt 45.8332 17.3689 0.0000
vt 46.1257 17.4244 0.0000
vt 43.3350 23.3893 0.0000
vt 43.1050 23.2003 0.0000
vt 44.9636 20.2544 0.0000
vt 45.2332 20.3806 0.0000
vt 41.0366 25.5003 0.0000
vt 40.8607 25.2601 0.0000
vt 43.3929 22.8682 0.0000
vt 43.6227 23.0574 0.0000
vt 38.2673 27.0136 0.0000
vt 38.1569 26.7372 0.0000
vt 41.2051 25.0515 0.0000
vt 41.3805 25.2920 0.0000
vt 35.1913 27.8263 0.0000
vt 35.1533 27.5310 0.0000
vt 38.5259 26.6600 0.0000
vt 38.6357 26.9367 0.0000
vt 31.9989 27.8713 0.0000
vt 32.0360 27.5759 0.0000
vt 35.5193 27.5759 0.0000
vt 35.5564 27.8713 0.0000
vt 28.8949 27.1275 0.0000
vt 29.0047 26.8508 0.0000
vt 32.3773 27.7218 0.0000
vt 32.3393 28.0171 0.0000
vt 28.2034 29.5345 0.0000
vt 28.4903 28.8083 0.0000
vt 31.9359 29.6931 0.0000
vt 31.8382 30.4679 0.0000
vt 25.5720 34.5454 0.0000
vt 25.7613 34.1023 0.0000
vt 29.3476 35.2076 0.0000
vt 29.2546 35.6804 0.0000
vt -13.3193 38.4664 0.0000
vt -23.5710 38.4664 0.0000
vt -23.5710 34.6128 0.0000
vt -13.3193 34.6128 0.0000
vt -35.2662 16.1766 0.0000
vt -35.3591 15.7038 0.0000
vt -31.7729 14.5984 0.0000
vt -31.5835 15.0415 0.0000
vt -35.7044 12.4712 0.0000
vt -35.6540 11.9919 0.0000
vt -31.9013 11.9919 0.0000
vt -31.8508 12.4712 0.0000
vt -35.0687 9.1425 0.0000
vt -34.8794 8.6994 0.0000
vt -31.2931 9.8047 0.0000
vt -31.3861 10.2775 0.0000
vt -35.4414 28.9973 0.0000
vt -35.5391 29.7721 0.0000
vt -39.1739 28.8386 0.0000
vt -38.8871 28.1125 0.0000
vt -39.6319 30.7939 0.0000
vt -39.5221 30.5172 0.0000
vt -36.1495 31.3882 0.0000
vt -36.1875 31.6835 0.0000
vt -40.5395 32.9514 0.0000
vt -40.4380 32.6990 0.0000
vt -37.1365 33.5832 0.0000
vt -37.1748 33.8525 0.0000
vt -42.4802 32.2809 0.0000
vt -42.3380 31.9546 0.0000
vt -39.1514 32.9758 0.0000
vt -39.2254 33.3239 0.0000
vt -47.3621 26.7774 0.0000
vt -47.1322 26.5057 0.0000
vt -44.3731 28.3988 0.0000
vt -44.5439 28.7111 0.0000
vt -13.3598 -20.5212 0.0000
vt -23.5305 -20.5212 0.0000
vt -23.5305 -23.8673 0.0000
vt -13.3598 -23.8673 0.0000
vt 32.0551 10.5097 0.0000
vt 31.8843 10.1974 0.0000
vt 34.6434 8.3043 0.0000
vt 34.8733 8.5760 0.0000
vt 36.6538 22.8059 0.0000
vt 36.5478 22.5554 0.0000
vt 39.5128 20.8552 0.0000
vt 39.6755 21.0732 0.0000
vt 34.4618 23.7220 0.0000
vt 34.4235 23.4527 0.0000
vt 37.7250 22.5685 0.0000
vt 37.8265 22.8209 0.0000
vt 32.0360 24.2389 0.0000
vt 32.0687 23.9689 0.0000
vt 35.4866 23.9689 0.0000
vt 35.5193 24.2389 0.0000
vt 29.5458 24.1890 0.0000
vt 29.6473 23.9366 0.0000
vt 32.9488 24.8207 0.0000
vt 32.9105 25.0900 0.0000
vt 27.2009 23.4532 0.0000
vt 27.3636 23.2352 0.0000
vt 30.3286 24.9353 0.0000
vt 30.2226 25.1859 0.0000
vt 26.0825 25.6261 0.0000
vt 26.2579 25.3856 0.0000
vt 29.3061 27.0712 0.0000
vt 29.1956 27.3477 0.0000
vt 24.8554 27.7059 0.0000
vt 25.3134 27.0739 0.0000
vt 28.4307 28.7879 0.0000
vt 28.1438 29.5141 0.0000
vt 19.5058 34.1292 0.0000
vt 19.8119 33.7570 0.0000
vt 22.9440 35.8240 0.0000
vt 22.7221 36.2518 0.0000
vt -13.3193 38.9325 0.0000
vt -23.5710 38.9325 0.0000
vt -23.5710 35.0789 0.0000
vt -13.3193 35.0789 0.0000
vt -33.9638 19.2176 0.0000
vt -34.1857 18.7899 0.0000
vt -31.0536 16.7228 0.0000
vt -30.7475 17.0950 0.0000
vt -25.1986 27.0818 0.0000
vt -28.4870 28.8899 0.0000
vt -28.7739 28.1638 0.0000
vt -25.6566 26.4497 0.0000
vt -22.5556 24.5823 0.0000
vt -25.2909 27.1514 0.0000
vt -25.7490 26.5194 0.0000
vt -23.1559 24.0839 0.0000
vt -20.6177 21.5031 0.0000
vt -22.6283 24.6718 0.0000
vt -23.2286 24.1735 0.0000
vt -21.3227 21.1697 0.0000
vt -19.5069 18.0380 0.0000
vt -20.6664 21.6071 0.0000
vt -21.3714 21.2736 0.0000
vt -20.2722 17.8902 0.0000
vt -19.2929 14.4048 0.0000
vt -19.5285 18.1501 0.0000
vt -20.2938 18.0023 0.0000
vt -20.0705 14.4519 0.0000
vt -19.2860 14.5183 0.0000
vt -20.0636 14.5655 0.0000
vt -20.7301 11.0710 0.0000
vt -19.9891 10.8321 0.0000
vt -28.3185 15.3328 0.0000
vt -28.7997 15.3582 0.0000
vt -29.3886 11.6519 0.0000
vt -28.9233 11.5269 0.0000
vt -13.3193 10.6985 0.0000
vt -23.5710 10.6985 0.0000
vt -23.5710 6.8449 0.0000
vt -13.3193 6.8449 0.0000
vt 8.7669 8.3239 0.0000
vt 9.2323 8.4489 0.0000
vt 8.6433 12.1552 0.0000
vt 8.1621 12.1298 0.0000
vt 10.9658 1.7224 0.0000
vt 11.3936 1.9442 0.0000
vt 10.0240 5.4381 0.0000
vt 9.5595 5.3102 0.0000
vt -13.3193 1.4552 0.0000
vt -23.5710 1.4552 0.0000
vt -23.5710 -2.3984 0.0000
vt -13.3193 -2.3984 0.0000
vt -28.5610 12.7586 0.0000
vt -29.0256 12.8865 0.0000
vt -30.3952 9.3927 0.0000
vt -29.9674 9.1708 0.0000
vt -19.9541 10.9404 0.0000
vt -20.6951 11.1793 0.0000
vt -22.2096 7.9603 0.0000
vt -21.5517 7.5447 0.0000
vt -17.8500 9.7917 0.0000
vt -18.1333 9.8833 0.0000
vt -19.6093 6.7282 0.0000
vt -19.3574 6.5695 0.0000
vt -16.9724 13.9554 0.0000
vt -17.2695 13.9740 0.0000
vt -17.9185 10.5518 0.0000
vt -17.6352 10.4603 0.0000
vt -17.1508 18.2057 0.0000
vt -17.4433 18.1503 0.0000
vt -17.2259 14.6738 0.0000
vt -16.9288 14.6552 0.0000
vt -18.3745 22.2658 0.0000
vt -18.6442 22.1397 0.0000
vt -17.5735 18.8251 0.0000
vt -17.2810 18.8805 0.0000
vt -20.5687 25.8720 0.0000
vt -20.7987 25.6830 0.0000
vt -18.9401 22.7371 0.0000
vt -18.6705 22.8633 0.0000
vt -23.5971 28.7907 0.0000
vt -23.7730 28.5505 0.0000
vt -21.2408 26.1586 0.0000
vt -21.0110 26.3478 0.0000
vt -27.2678 30.8339 0.0000
vt -27.3782 30.5575 0.0000
vt -24.3300 28.8718 0.0000
vt -24.1546 29.1124 0.0000
vt -31.3432 31.8743 0.0000
vt -31.3811 31.5790 0.0000
vt -28.0085 30.7080 0.0000
vt -27.8987 30.9847 0.0000
vt -28.3806 28.8447 0.0000
vt -32.0154 29.7781 0.0000
vt -32.1131 29.0034 0.0000
vt -28.6674 28.1185 0.0000
vt -31.9013 29.7605 0.0000
vt -35.6540 29.7605 0.0000
vt -35.5564 28.9857 0.0000
vt -31.9989 28.9857 0.0000
vt -35.5564 31.8551 0.0000
vt -35.5193 31.5597 0.0000
vt -32.0360 31.5597 0.0000
vt -31.9989 31.8551 0.0000
vt -35.5193 34.7264 0.0000
vt -35.4866 34.4563 0.0000
vt -32.0687 34.4563 0.0000
vt -32.0360 34.7264 0.0000
vt -35.4866 37.3613 0.0000
vt -35.4507 37.0071 0.0000
vt -32.1046 37.0071 0.0000
vt -32.0687 37.3613 0.0000
vt -34.4684 4.5953 0.0000
vt -37.1008 14.4195 0.0000
vt -40.3329 13.5534 0.0000
vt -37.7005 3.7293 0.0000
vt 32.0687 15.2872 0.0000
vt 32.1046 14.9331 0.0000
vt 35.4507 14.9331 0.0000
vt 35.4866 15.2872 0.0000
vt 30.6756 18.4093 0.0000
vt 30.8178 18.0831 0.0000
vt 34.0043 19.1042 0.0000
vt 33.9304 19.4524 0.0000
vt 28.6930 20.5680 0.0000
vt 28.9229 20.2963 0.0000
vt 31.6820 22.1894 0.0000
vt 31.5112 22.5017 0.0000
vt 26.7058 21.1673 0.0000
vt 26.9984 20.9647 0.0000
vt 29.1703 23.5102 0.0000
vt 28.9242 23.7674 0.0000
vt 25.2097 21.9996 0.0000
vt 25.4220 21.8295 0.0000
vt 27.8637 24.2211 0.0000
vt 27.6981 24.4370 0.0000
vt 23.7465 23.4518 0.0000
vt 23.9763 23.2625 0.0000
vt 26.5085 25.6544 0.0000
vt 26.3327 25.8946 0.0000
vt 22.0678 25.1016 0.0000
vt 22.6681 24.6033 0.0000
vt 25.2611 27.0387 0.0000
vt 24.8031 27.6708 0.0000
vt 14.4533 31.5855 0.0000
vt 14.8452 31.3052 0.0000
vt 17.3356 34.1125 0.0000
vt 17.0105 34.4683 0.0000
vt -13.3193 37.0734 0.0000
vt -23.5710 37.0734 0.0000
vt -23.5710 33.2198 0.0000
vt -13.3193 33.2198 0.0000
vt -32.2783 20.9245 0.0000
vt -32.6034 20.5688 0.0000
vt -30.1130 17.7615 0.0000
vt -29.7211 18.0417 0.0000
vt -30.6586 21.1265 0.0000
vt -31.0586 20.8579 0.0000
vt -29.3048 17.5403 0.0000
vt -28.8575 17.7197 0.0000
vt -13.3193 33.0059 0.0000
vt -23.5710 33.0059 0.0000
vt -23.5710 29.1523 0.0000
vt -13.3193 29.1523 0.0000
vt 10.8144 27.2582 0.0000
vt 11.2616 27.0788 0.0000
vt 13.0155 30.3965 0.0000
vt 12.6154 30.6650 0.0000
vt 20.0158 21.8850 0.0000
vt 20.7208 21.5516 0.0000
vt 22.6267 24.5554 0.0000
vt 22.0264 25.0537 0.0000
vt 22.0397 20.7376 0.0000
vt 22.3093 20.6114 0.0000
vt 24.1680 23.5573 0.0000
vt 23.9380 23.7463 0.0000
vt 23.7438 19.8927 0.0000
vt 23.9916 19.7803 0.0000
vt 25.7681 22.7001 0.0000
vt 25.5544 22.8684 0.0000
vt 22.9200 17.2806 0.0000
vt 23.1876 17.2315 0.0000
vt 24.2041 20.4947 0.0000
vt 23.9560 20.6063 0.0000
vt 22.7999 14.3738 0.0000
vt 23.0714 14.3902 0.0000
vt 23.2772 17.8018 0.0000
vt 23.0096 17.8508 0.0000
vt 23.3967 11.4239 0.0000
vt 23.6565 11.5047 0.0000
vt 23.0416 14.8668 0.0000
vt 22.7701 14.8504 0.0000
vt 24.6790 8.7041 0.0000
vt 24.9117 8.8449 0.0000
vt 23.5062 11.9604 0.0000
vt 23.2466 11.8792 0.0000
vt 26.5670 6.4848 0.0000
vt 26.7583 6.6782 0.0000
vt 24.6344 9.3560 0.0000
vt 24.4025 9.2138 0.0000
vt 28.9253 5.0009 0.0000
vt 29.0624 5.2358 0.0000
vt 26.3383 7.3001 0.0000
vt 26.1492 7.1047 0.0000
vt 31.5612 4.4090 0.0000
vt 31.6340 4.6711 0.0000
vt 28.4750 5.9757 0.0000
vt 28.3416 5.7386 0.0000
vt 34.2398 4.7460 0.0000
vt 34.2426 5.0180 0.0000
vt 30.8541 5.4645 0.0000
vt 30.7864 5.2010 0.0000
vt 36.7223 5.9086 0.0000
vt 36.6546 6.1721 0.0000
vt 33.2660 5.7256 0.0000
vt 33.2689 5.4536 0.0000
vt 38.8147 7.6762 0.0000
vt 38.6814 7.9134 0.0000
vt 35.5223 6.6088 0.0000
vt 35.5952 6.3467 0.0000
vt 40.4028 9.7725 0.0000
vt 40.2137 9.9679 0.0000
vt 37.4896 7.9036 0.0000
vt 37.6267 7.6687 0.0000
vt 41.4557 11.9405 0.0000
vt 41.2238 12.0827 0.0000
vt 39.0999 9.4049 0.0000
vt 39.2912 9.2114 0.0000
vt 32.6973 20.4180 0.0000
vt 32.3823 20.5837 0.0000
vt 30.5336 17.7946 0.0000
vt 30.8090 17.5691 0.0000
vt 31.3700 20.2334 0.0000
vt 31.0260 20.3248 0.0000
vt 29.8455 17.1938 0.0000
vt 30.1642 17.0353 0.0000
vt 30.4304 18.7552 0.0000
vt 30.0749 18.7732 0.0000
vt 29.5694 15.4655 0.0000
vt 29.9140 15.3766 0.0000
vt 29.9639 16.4586 0.0000
vt 29.6120 16.4050 0.0000
vt 29.7805 13.0631 0.0000
vt 30.1360 13.0451 0.0000
vt 29.9831 13.8922 0.0000
vt 29.6494 13.7683 0.0000
vt 30.4924 10.5300 0.0000
vt 30.8442 10.5846 0.0000
vt 30.4457 11.6537 0.0000
vt 30.1463 11.4612 0.0000
vt 31.6629 8.4785 0.0000
vt 31.9948 8.6070 0.0000
vt 39.9783 20.3692 0.0000
vt 39.7646 20.2009 0.0000
vt 41.5411 17.2810 0.0000
vt 41.7888 17.3934 0.0000
vt 38.5070 21.6520 0.0000
vt 38.3414 21.4362 0.0000
vt 40.7831 19.0446 0.0000
vt 40.9954 19.2146 0.0000
vt 31.2264 10.3540 0.0000
vt 30.9803 10.0969 0.0000
vt 33.1521 7.5514 0.0000
vt 33.4448 7.7540 0.0000
vt -13.3598 -12.4272 0.0000
vt -23.5305 -12.4272 0.0000
vt -23.5305 -15.7734 0.0000
vt -13.3598 -15.7734 0.0000
vt -13.3598 -3.4473 0.0000
vt -23.5305 -3.4473 0.0000
vt -23.5305 -6.7934 0.0000
vt -13.3598 -6.7934 0.0000
vt -13.3598 5.8544 0.0000
vt -23.5305 5.8544 0.0000
vt -23.5305 2.5083 0.0000
vt -13.3598 2.5083 0.0000
vt -13.3598 14.8934 0.0000
vt -23.5305 14.8934 0.0000
vt -23.5305 11.5472 0.0000
vt -13.3598 11.5472 0.0000
vt -13.3598 23.1016 0.0000
vt -23.5305 23.1016 0.0000
vt -23.5305 19.7555 0.0000
vt -13.3598 19.7555 0.0000
vt -13.3598 29.9635 0.0000
vt -23.5305 29.9635 0.0000
vt -23.5305 26.6173 0.0000
vt -13.3598 26.6173 0.0000
vt -13.3598 35.0477 0.0000
vt -23.5305 35.0477 0.0000
vt -23.5305 31.7016 0.0000
vt -13.3598 31.7016 0.0000
vt -49.2082 5.3736 0.0000
vt -48.9328 5.5991 0.0000
vt -50.7815 8.3882 0.0000
vt -51.0965 8.2225 0.0000
vt -47.5080 2.6944 0.0000
vt -47.3167 2.8879 0.0000
vt -49.4406 5.5657 0.0000
vt -49.6725 5.4235 0.0000
vt -43.9609 -0.6899 0.0000
vt -43.8238 -0.4549 0.0000
vt -46.5478 1.6094 0.0000
vt -46.7370 1.4139 0.0000
vt -39.5983 -3.3468 0.0000
vt -39.5254 -3.0847 0.0000
vt -42.6845 -1.7801 0.0000
vt -42.8178 -2.0172 0.0000
vt -34.6389 -4.9440 0.0000
vt -34.6361 -4.6720 0.0000
vt -38.0246 -4.2255 0.0000
vt -38.0923 -4.4890 0.0000
vt -29.4163 -5.1966 0.0000
vt -29.4840 -4.9331 0.0000
vt -32.8726 -5.3796 0.0000
vt -32.8697 -5.6516 0.0000
vt -24.3386 -3.9548 0.0000
vt -24.4719 -3.7177 0.0000
vt -27.6310 -5.0223 0.0000
vt -27.5581 -5.2844 0.0000
vt -19.8150 -1.2539 0.0000
vt -20.0041 -1.0584 0.0000
vt -22.7282 -3.1227 0.0000
vt -22.5911 -3.3577 0.0000
vt -22.4939 2.7933 0.0000
vt -22.6981 3.0099 0.0000
vt -25.5104 0.9547 0.0000
vt -25.3661 0.6943 0.0000
vt -23.7994 4.8290 0.0000
vt -24.3328 5.3951 0.0000
vt -27.2106 3.3038 0.0000
vt -26.8352 2.6229 0.0000
vt -30.2333 9.7689 0.0000
vt -30.5863 10.0969 0.0000
vt -33.4145 7.6302 0.0000
vt -33.1375 7.2359 0.0000
vt -13.3193 -16.3637 0.0000
vt -23.5710 -16.3637 0.0000
vt -23.5710 -20.2173 0.0000
vt -13.3193 -20.2173 0.0000
vt 19.7225 -8.1451 0.0000
vt 19.9995 -7.7508 0.0000
vt 17.1713 -5.2842 0.0000
vt 16.8183 -5.6122 0.0000
vt 14.6333 -4.0181 0.0000
vt 14.9993 -3.7046 0.0000
vt 12.8698 -0.6146 0.0000
vt 12.4466 -0.8450 0.0000
vt -13.3193 -7.7585 0.0000
vt -23.5710 -7.7585 0.0000
vt -23.5710 -11.6121 0.0000
vt -13.3193 -11.6121 0.0000
vt -29.2519 10.7361 0.0000
vt -29.6751 10.9665 0.0000
vt -31.8045 7.8765 0.0000
vt -31.4386 7.5630 0.0000
vt -21.4908 7.6414 0.0000
vt -22.1486 8.0570 0.0000
vt -24.4160 5.3158 0.0000
vt -23.8826 4.7496 0.0000
vt -19.7297 5.9875 0.0000
vt -19.9814 6.1464 0.0000
vt -22.1940 3.4562 0.0000
vt -21.9894 3.2399 0.0000
vt -16.1857 2.6968 0.0000
vt -16.4176 2.8390 0.0000
vt -18.5415 0.1612 0.0000
vt -18.3502 -0.0323 0.0000
vt -13.6869 7.5663 0.0000
vt -13.9466 7.6476 0.0000
vt -15.3521 4.5321 0.0000
vt -15.1194 4.3913 0.0000
vt -12.4537 12.9636 0.0000
vt -12.7252 12.9800 0.0000
vt -13.3401 9.6179 0.0000
vt -13.0804 9.5372 0.0000
vt -12.5411 18.4822 0.0000
vt -12.8087 18.4333 0.0000
vt -12.6029 15.0216 0.0000
vt -12.3314 15.0053 0.0000
vt -13.9431 23.7254 0.0000
vt -14.1912 23.6139 0.0000
vt -13.1747 20.3507 0.0000
vt -12.9071 20.3998 0.0000
vt -16.5950 28.3197 0.0000
vt -16.8087 28.1513 0.0000
vt -15.0321 25.2315 0.0000
vt -14.7844 25.3439 0.0000
vt -20.3597 31.9292 0.0000
vt -20.5253 31.7134 0.0000
vt -18.0836 29.3218 0.0000
vt -17.8712 29.4918 0.0000
vt -25.0057 34.2838 0.0000
vt -25.1117 34.0332 0.0000
vt -22.1467 32.3331 0.0000
vt -21.9840 32.5511 0.0000
vt -30.1975 35.2205 0.0000
vt -30.2358 34.9512 0.0000
vt -26.9343 34.0671 0.0000
vt -26.8328 34.3195 0.0000
vt -27.1941 40.4734 0.0000
vt -27.2680 40.1253 0.0000
vt -24.0815 39.1041 0.0000
vt -23.9393 39.4304 0.0000
vt 13.3598 34.8661 0.0000
vt 23.5305 34.8661 0.0000
vt 23.5305 38.2123 0.0000
vt 13.3598 38.2123 0.0000
vt 13.3598 35.3318 0.0000
vt 23.5305 35.3318 0.0000
vt 23.5305 38.6779 0.0000
vt 13.3598 38.6779 0.0000
vt 13.3598 33.4723 0.0000
vt 23.5305 33.4723 0.0000
vt 23.5305 36.8185 0.0000
vt 13.3598 36.8185 0.0000
vt 13.3598 29.4045 0.0000
vt 23.5305 29.4045 0.0000
vt 23.5305 32.7507 0.0000
vt 13.3598 32.7507 0.0000
vt 25.1487 20.1598 0.0000
vt 25.4806 20.0313 0.0000
vt 26.9972 23.0140 0.0000
vt 26.6978 23.2064 0.0000
vt 24.2323 17.8179 0.0000
vt 24.5840 17.7634 0.0000
vt 25.4270 21.0016 0.0000
vt 25.0934 21.1255 0.0000
vt 24.0290 14.5619 0.0000
vt 24.3845 14.5799 0.0000
vt 24.5529 17.9218 0.0000
vt 24.2011 17.9754 0.0000
vt 24.5562 10.8962 0.0000
vt 24.9008 10.9852 0.0000
vt 24.3952 14.2929 0.0000
vt 24.0398 14.2749 0.0000
vt 25.8096 7.3988 0.0000
vt 26.1283 7.5573 0.0000
vt 24.9478 10.6883 0.0000
vt 24.6038 10.5969 0.0000
vt 27.7441 4.7180 0.0000
vt 28.0195 4.9435 0.0000
vt 26.1708 7.7326 0.0000
vt 25.8558 7.5668 0.0000
vt 30.1990 3.5290 0.0000
vt 30.4103 3.8154 0.0000
vt 27.9315 6.0631 0.0000
vt 27.6671 5.8249 0.0000
vt 32.7850 4.3706 0.0000
vt 32.9097 4.7039 0.0000
vt 29.9099 6.1863 0.0000
vt 29.7208 5.8847 0.0000
vt 34.8559 7.3000 0.0000
vt 34.8757 7.6554 0.0000
vt 31.5704 8.1765 0.0000
vt 31.4798 7.8323 0.0000
vt 35.7815 11.5698 0.0000
vt 35.6909 11.9140 0.0000
vt 32.3856 11.3928 0.0000
vt 32.4053 11.0374 0.0000
vt 35.4176 15.8479 0.0000
vt 35.2286 16.1494 0.0000
vt 32.2287 14.6670 0.0000
vt 32.3535 14.3337 0.0000
vt 34.1908 18.9697 0.0000
vt 33.9263 19.2080 0.0000
vt 31.4475 16.9602 0.0000
vt 31.6589 16.6738 0.0000
vt -13.3598 38.0349 0.0000
vt -23.5305 38.0349 0.0000
vt -23.5305 34.6888 0.0000
vt -13.3598 34.6888 0.0000
vt -46.4869 0.3217 0.0000
vt -46.2755 0.6081 0.0000
vt -48.7543 2.8558 0.0000
vt -49.0188 2.6176 0.0000
vt -42.1326 -5.4559 0.0000
vt -42.0079 -5.1226 0.0000
vt -45.0077 -3.6402 0.0000
vt -45.1968 -3.9418 0.0000
vt -35.8433 -10.7672 0.0000
vt -35.8235 -10.4118 0.0000
vt -39.1289 -9.8907 0.0000
vt -39.2194 -10.2349 0.0000
vt -28.0418 -13.9723 0.0000
vt -28.1324 -13.6281 0.0000
vt -31.4377 -14.1493 0.0000
vt -31.4180 -14.5047 0.0000
vt -19.9417 -13.9049 0.0000
vt -20.1307 -13.6033 0.0000
vt -23.1306 -15.0857 0.0000
vt -23.0058 -15.4191 0.0000
vt -12.8391 -10.5273 0.0000
vt -13.1035 -10.2890 0.0000
vt -15.5823 -12.5368 0.0000
vt -15.3709 -12.8232 0.0000
vt -7.4566 -4.6287 0.0000
vt -7.7715 -4.4629 0.0000
vt -9.6202 -7.2520 0.0000
vt -9.3449 -7.4776 0.0000
vt -3.9491 2.8095 0.0000
vt -4.2931 2.9009 0.0000
vt -5.4735 -0.2301 0.0000
vt -5.1548 -0.3886 0.0000
vt -2.2192 10.9398 0.0000
vt -2.5746 10.9578 0.0000
vt -3.0802 7.6501 0.0000
vt -2.7355 7.5612 0.0000
vt -2.1550 19.0868 0.0000
vt -2.5069 19.0331 0.0000
vt -2.3384 15.6912 0.0000
vt -1.9830 15.6732 0.0000
vt -3.7314 26.6867 0.0000
vt -4.0650 26.5628 0.0000
vt -3.2220 23.3246 0.0000
vt -2.8703 23.3791 0.0000
vt -7.0213 33.2113 0.0000
vt -7.3207 33.0189 0.0000
vt -5.8041 30.0362 0.0000
vt -5.4722 30.1647 0.0000
vt -12.1318 38.0949 0.0000
vt -12.3779 37.8378 0.0000
vt -10.2060 35.2922 0.0000
vt -9.9134 35.4948 0.0000
vt -19.0224 40.7031 0.0000
vt -19.1932 40.3909 0.0000
vt -16.4341 38.4977 0.0000
vt -16.2042 38.7694 0.0000
vt 13.3598 23.3840 0.0000
vt 23.5305 23.3840 0.0000
vt 23.5305 26.7301 0.0000
vt 13.3598 26.7301 0.0000
vt 13.3598 15.7890 0.0000
vt 23.5305 15.7890 0.0000
vt 23.5305 19.1352 0.0000
vt 13.3598 19.1352 0.0000
vt 13.3598 7.0969 0.0000
vt 23.5305 7.0969 0.0000
vt 23.5305 10.4431 0.0000
vt 13.3598 10.4431 0.0000
vt 13.3598 -2.1463 0.0000
vt 23.5305 -2.1463 0.0000
vt 23.5305 1.1998 0.0000
vt 13.3598 1.1998 0.0000
vt 13.3598 -11.3598 0.0000
vt 23.5305 -11.3598 0.0000
vt 23.5305 -8.0136 0.0000
vt 13.3598 -8.0136 0.0000
vt 13.3598 -19.9646 0.0000
vt 23.5305 -19.9646 0.0000
vt 23.5305 -16.6184 0.0000
vt 13.3598 -16.6184 0.0000
vt 13.3598 -27.4201 0.0000
vt 23.5305 -27.4201 0.0000
vt 23.5305 -24.0739 0.0000
vt 13.3598 -24.0739 0.0000
vt 13.3598 -33.2578 0.0000
vt 23.5305 -33.2578 0.0000
vt 23.5305 -29.9116 0.0000
vt 13.3598 -29.9116 0.0000
vt -13.3598 37.1109 0.0000
vt -23.5305 37.1109 0.0000
vt -23.5305 33.7648 0.0000
vt -13.3598 33.7648 0.0000
vt -13.3598 38.7374 0.0000
vt -23.5305 38.7374 0.0000
vt -23.5305 35.3912 0.0000
vt -13.3598 35.3912 0.0000
vt -29.3848 20.0031 0.0000
vt -29.8342 19.8292 0.0000
vt -28.8538 16.2069 0.0000
vt -28.3780 16.2834 0.0000
vt -28.5900 17.9189 0.0000
vt -29.0659 17.8435 0.0000
vt -28.8695 14.0959 0.0000
vt -28.3883 14.0706 0.0000
vt 32.4890 12.3029 0.0000
vt 32.4151 11.9547 0.0000
vt 35.6016 10.9336 0.0000
vt 35.7438 11.2599 0.0000
vt -13.3598 -27.2206 0.0000
vt -23.5305 -27.2206 0.0000
vt -23.5305 -30.5668 0.0000
vt -13.3598 -30.5668 0.0000
# 3380 texture coords

o llantaID
g llantaID
s 1
f 1/1/1 2/2/2 3/3/3 4/4/4 
f 5/5/5 6/6/6 7/7/7 8/8/8 1/9/1 4/10/4 9/11/9 10/12/10 11/13/11 12/14/12 13/15/13 14/16/14 15/17/15 16/18/16 
f 4/4/4 3/3/3 17/19/17 9/20/9 
f 18/21/18 19/22/19 17/23/17 3/24/3 2/25/2 20/26/20 21/27/21 22/28/22 23/29/23 24/30/24 25/31/25 26/32/26 27/33/27 28/34/28 
f 29/35/29 21/36/21 20/37/20 
f 30/38/30 21/39/21 29/40/29 31/41/31 32/42/32 
f 33/43/33 34/44/34 35/45/35 36/46/36 37/47/37 30/48/30 32/49/32 
f 38/50/38 30/51/30 37/52/37 
f 21/53/21 30/54/30 38/55/38 22/56/22 
f 37/57/37 36/58/36 39/59/39 40/60/40 41/61/41 6/62/6 5/63/5 23/64/23 22/65/22 38/66/38 
f 42/67/42 43/68/43 44/69/44 45/70/45 46/71/46 39/72/39 36/73/36 35/74/35 
f 47/75/47 40/76/40 39/77/39 46/78/46 48/79/48 49/80/49 50/81/50 
f 51/82/51 48/83/48 46/84/46 45/85/45 52/86/52 
f 52/87/52 45/88/45 44/89/44 53/90/53 54/91/54 55/92/55 56/93/56 
f 57/94/57 56/95/56 55/96/55 58/97/58 59/98/59 
f 60/99/60 59/100/59 58/101/58 61/102/61 62/103/62 63/104/63 64/105/64 
f 65/106/65 63/107/63 62/108/62 
f 11/109/11 63/110/63 65/111/65 12/112/12 
f 63/113/63 11/114/11 66/115/66 67/116/67 64/117/64 
f 66/118/66 11/119/11 10/120/10 
f 68/121/68 67/122/67 66/123/66 10/124/10 9/125/9 17/126/17 19/127/19 69/128/69 
f 19/129/19 18/130/18 69/131/69 
f 18/132/18 70/133/70 71/134/71 68/135/68 69/136/69 
f 72/137/72 70/138/70 18/139/18 28/140/28 
f 73/141/73 70/142/70 72/143/72 
f 70/144/70 73/145/73 74/146/74 75/147/75 76/148/76 77/149/77 71/150/71 
f 78/151/78 76/152/76 75/153/75 79/154/79 80/155/80 
f 80/156/80 79/157/79 81/158/81 82/159/82 43/160/43 42/161/42 83/162/83 
f 84/163/84 83/164/83 42/165/42 35/166/35 34/167/34 
f 34/168/34 85/169/85 86/170/86 87/171/87 88/172/88 89/173/89 90/174/90 91/175/91 84/176/84 
f 92/177/92 91/178/91 90/179/90 93/180/93 94/181/94 95/182/95 96/183/96 97/184/97 98/185/98 
f 98/186/98 97/187/97 99/188/99 100/189/100 101/190/101 
f 102/191/102 103/192/103 104/193/104 105/194/105 106/195/106 98/196/98 101/197/101 
f 107/198/107 103/199/103 102/200/102 108/201/108 109/202/109 
f 110/203/110 107/204/107 109/205/109 
f 107/206/107 110/207/110 111/208/111 112/209/112 113/210/113 114/211/114 115/212/115 116/213/116 117/214/117 118/215/118 119/216/119 120/217/120 121/218/121 122/219/122 
f 123/220/123 115/221/115 114/222/114 
f 124/223/124 115/224/115 123/225/123 125/226/125 126/227/126 
f 127/228/127 128/229/128 129/230/129 130/231/130 131/232/131 124/233/124 126/234/126 
f 132/235/132 124/236/124 131/237/131 
f 115/238/115 124/239/124 132/240/132 116/241/116 
f 131/242/131 130/243/130 133/244/133 134/245/134 135/246/135 136/247/136 137/248/137 117/249/117 116/250/116 132/251/132 
f 138/252/138 139/253/139 140/254/140 141/255/141 142/256/142 143/257/143 144/258/144 145/259/145 146/260/146 147/261/147 148/262/148 149/263/149 137/264/137 136/265/136 
f 150/266/150 144/267/144 143/268/143 
f 151/269/151 144/270/144 150/271/150 152/272/152 153/273/153 
f 154/274/154 155/275/155 156/276/156 157/277/157 158/278/158 151/279/151 153/280/153 
f 159/281/159 151/282/151 158/283/158 
f 144/284/144 151/285/151 159/286/159 145/287/145 
f 158/288/158 157/289/157 105/290/105 104/291/104 160/292/160 122/293/122 121/294/121 146/295/146 145/296/145 159/297/159 
f 146/298/146 121/299/121 120/300/120 147/301/147 
f 147/302/147 120/303/120 119/304/119 148/305/148 
f 119/306/119 118/307/118 149/308/149 148/309/148 
f 137/310/137 149/311/149 118/312/118 117/313/117 
f 161/314/161 162/315/162 163/316/163 164/317/164 106/318/106 105/319/105 157/320/157 156/321/156 
f 165/322/165 166/323/166 161/324/161 156/325/156 155/326/155 
f 155/327/155 167/328/167 168/329/168 169/330/169 170/331/170 171/332/171 172/333/172 173/334/173 165/335/165 
f 51/336/51 173/337/173 172/338/172 174/339/174 175/340/175 176/341/176 177/342/177 178/343/178 48/344/48 
f 48/345/48 178/346/178 179/347/179 180/348/180 49/349/49 
f 85/350/85 181/351/181 179/352/179 178/353/178 177/354/177 86/355/86 
f 85/356/85 34/357/34 33/358/33 182/359/182 181/360/181 
f 32/361/32 31/362/31 183/363/183 50/364/50 49/365/49 180/366/180 182/367/182 33/368/33 
f 179/369/179 181/370/181 182/371/182 180/372/180 
f 20/373/20 2/374/2 1/375/1 8/376/8 184/377/184 183/378/183 31/379/31 29/380/29 
f 8/381/8 7/382/7 184/383/184 
f 7/384/7 47/385/47 50/386/50 183/387/183 184/388/184 
f 41/389/41 47/390/47 7/391/7 6/392/6 
f 40/393/40 47/394/47 41/395/41 
f 87/396/87 86/397/86 177/398/177 176/399/176 
f 176/400/176 175/401/175 88/402/88 87/403/87 
f 89/404/89 88/405/88 175/406/175 174/407/174 
f 90/408/90 89/409/89 174/410/174 172/411/172 
f 171/412/171 93/413/93 90/414/90 172/415/172 
f 170/416/170 94/417/94 93/418/93 171/419/171 
f 169/420/169 95/421/95 94/422/94 170/423/170 
f 168/424/168 96/425/96 95/426/95 169/427/169 
f 99/428/99 97/429/97 96/430/96 168/431/168 167/432/167 185/433/185 
f 167/434/167 155/435/155 154/436/154 186/437/186 185/438/185 
f 153/439/153 152/440/152 108/441/108 102/442/102 101/443/101 100/444/100 186/445/186 154/446/154 
f 100/447/100 99/448/99 185/449/185 186/450/186 
f 108/451/108 152/452/152 150/453/150 143/454/143 142/455/142 111/456/111 110/457/110 109/458/109 
f 111/459/111 142/460/142 141/461/141 112/462/112 
f 113/463/113 112/462/112 141/461/141 140/464/140 
f 187/465/187 188/466/188 125/467/125 123/468/123 114/469/114 113/470/113 140/471/140 139/472/139 
f 139/473/139 138/474/138 187/475/187 
f 138/476/138 189/477/189 190/478/190 188/479/188 187/480/187 
f 135/481/135 189/482/189 138/483/138 136/484/136 
f 134/485/134 189/486/189 135/487/135 
f 189/488/189 134/489/134 133/490/133 191/491/191 192/492/192 193/493/193 190/494/190 
f 194/495/194 192/496/192 191/497/191 195/498/195 196/499/196 
f 196/500/196 195/501/195 197/502/197 198/503/198 162/504/162 161/505/161 166/506/166 
f 199/507/199 200/508/200 196/509/196 166/510/166 
f 166/510/166 165/511/165 201/512/201 199/507/199 
f 165/511/165 173/513/173 202/514/202 201/512/201 
f 173/513/173 51/515/51 203/516/203 202/514/202 
f 51/515/51 52/517/52 204/518/204 203/516/203 
f 52/517/52 56/519/56 205/520/205 204/518/204 
f 57/521/57 206/522/206 205/520/205 56/519/56 
f 207/523/207 208/524/208 206/522/206 57/521/57 
f 59/525/59 209/526/209 210/527/210 211/528/211 212/529/212 213/530/213 214/531/214 207/532/207 57/533/57 
f 215/534/215 207/535/207 214/536/214 216/537/216 217/538/217 218/539/218 219/540/219 220/541/220 221/542/221 
f 221/543/221 220/544/220 222/545/222 223/546/223 224/547/224 
f 225/548/225 226/549/226 227/550/227 228/551/228 221/552/221 224/553/224 229/554/229 
f 215/555/215 221/556/221 228/557/228 230/558/230 231/559/231 
f 231/560/231 230/561/230 232/562/232 233/563/233 234/564/234 235/565/235 236/566/236 
f 237/567/237 236/568/236 235/569/235 238/570/238 239/571/239 
f 240/572/240 239/573/239 238/574/238 241/575/241 242/576/242 243/577/243 244/578/244 
f 245/579/245 243/580/243 242/581/242 
f 246/582/246 243/583/243 245/584/245 247/585/247 
f 248/586/248 249/587/249 250/588/250 251/589/251 252/590/252 253/591/253 254/592/254 255/593/255 246/594/246 247/595/247 256/596/256 257/597/257 258/598/258 259/599/259 
f 252/600/252 260/601/260 261/602/261 253/603/253 
f 262/604/262 260/605/260 252/606/252 251/607/251 263/608/263 264/609/264 265/610/265 266/611/266 
f 224/612/224 223/613/223 267/614/267 268/615/268 269/616/269 265/617/265 264/618/264 229/619/229 
f 222/620/222 270/621/270 267/622/267 223/623/223 
f 270/624/270 222/625/222 220/626/220 219/627/219 271/628/271 272/629/272 
f 273/630/273 272/631/272 271/632/271 274/633/274 275/634/275 276/635/276 277/636/277 278/637/278 279/638/279 
f 78/639/78 278/640/278 277/641/277 280/642/280 281/643/281 282/644/282 283/645/283 284/646/284 76/647/76 
f 76/648/76 284/649/284 285/650/285 286/651/286 77/652/77 
f 285/653/285 284/654/284 283/655/283 210/656/210 209/657/209 287/658/287 
f 209/659/209 59/660/59 60/661/60 288/662/288 287/663/287 
f 64/664/64 67/665/67 68/666/68 71/667/71 77/668/77 286/669/286 288/670/288 60/671/60 
f 287/672/287 288/673/288 286/674/286 285/675/285 
f 210/676/210 283/677/283 282/678/282 211/679/211 
f 211/680/211 282/681/282 281/682/281 212/683/212 
f 212/684/212 281/685/281 280/686/280 213/687/213 
f 213/688/213 280/689/280 277/690/277 214/691/214 
f 216/692/216 214/693/214 277/694/277 276/695/276 
f 217/696/217 216/697/216 276/698/276 275/699/275 
f 275/700/275 274/701/274 218/702/218 217/703/217 
f 274/704/274 271/705/271 219/706/219 218/707/218 
f 278/708/278 78/709/78 289/710/289 290/711/290 
f 279/712/279 278/713/278 290/714/290 291/715/291 
f 292/716/292 279/717/279 291/718/291 293/719/293 
f 294/720/294 292/721/292 293/722/293 295/723/295 
f 296/724/296 294/725/294 295/726/295 297/727/297 
f 298/728/298 296/729/296 297/730/297 299/731/299 
f 300/732/300 298/733/298 299/734/299 301/735/301 
f 302/736/302 300/737/300 301/738/301 303/739/303 
f 304/740/304 302/741/302 303/742/303 305/743/305 
f 306/744/306 304/745/304 305/746/305 307/747/307 
f 308/748/308 306/749/306 307/750/307 309/751/309 
f 310/752/310 308/753/308 309/754/309 311/755/311 
f 312/756/312 310/757/310 311/758/311 313/759/313 
f 314/760/314 315/761/315 312/762/312 313/763/313 
f 316/764/316 315/765/315 314/766/314 317/767/317 
f 318/768/318 316/769/316 317/770/317 319/771/319 
f 320/772/320 318/773/318 319/774/319 321/775/321 
f 322/776/322 320/777/320 321/778/321 323/779/323 
f 324/780/324 322/781/322 323/782/323 325/783/325 
f 92/784/92 324/785/324 325/786/325 326/787/326 
f 91/788/91 92/789/92 326/790/326 327/791/327 
f 84/792/84 91/793/91 327/794/327 328/795/328 
f 83/796/83 84/797/84 328/798/328 329/799/329 
f 80/800/80 83/801/83 329/802/329 330/803/330 
f 78/804/78 80/805/80 330/806/330 289/807/289 
f 328/808/328 327/809/327 326/810/326 325/811/325 323/812/323 321/813/321 319/814/319 317/815/317 314/816/314 313/817/313 311/818/311 309/819/309 307/820/307 305/821/305 303/822/303 301/823/301 299/824/299 297/825/297 295/826/295 293/827/293 291/828/291 290/829/290 289/830/289 330/831/330 329/832/329 
f 92/833/92 98/834/98 106/835/106 164/836/164 324/837/324 
f 324/838/324 164/839/164 163/840/163 331/841/331 332/842/332 333/843/333 322/844/322 
f 320/845/320 322/846/322 333/847/333 129/848/129 128/849/128 
f 128/850/128 334/851/334 335/852/335 336/853/336 337/854/337 338/855/338 339/856/339 318/857/318 320/858/320 
f 316/859/316 318/860/318 339/861/339 340/862/340 341/863/341 342/864/342 343/865/343 344/866/344 345/867/345 
f 345/868/345 344/869/344 346/870/346 347/871/347 348/872/348 
f 349/873/349 350/874/350 351/875/351 352/876/352 353/877/353 345/878/345 348/879/348 
f 354/880/354 350/881/350 349/882/349 355/883/355 356/884/356 
f 357/885/357 354/886/354 356/887/356 
f 354/888/354 357/889/357 358/890/358 359/891/359 360/892/360 361/893/361 362/894/362 363/895/363 364/896/364 365/897/365 366/898/366 367/899/367 368/900/368 369/901/369 
f 370/902/370 362/903/362 361/904/361 
f 371/905/371 362/906/362 370/907/370 372/908/372 373/909/373 
f 374/910/374 375/911/375 376/912/376 377/913/377 378/914/378 371/915/371 373/916/373 
f 379/917/379 371/918/371 378/919/378 
f 362/920/362 371/921/371 379/922/379 363/923/363 
f 378/924/378 377/925/377 380/926/380 381/927/381 382/928/382 383/929/383 384/930/384 364/931/364 363/932/363 379/933/379 
f 385/934/385 386/935/386 387/936/387 388/937/388 389/938/389 380/939/380 377/940/377 376/941/376 
f 310/942/310 312/943/312 385/944/385 376/945/376 375/946/375 
f 375/947/375 390/948/390 391/949/391 392/950/392 393/951/393 394/952/394 395/953/395 308/954/308 310/955/310 
f 306/956/306 308/957/308 395/958/395 396/959/396 397/960/397 398/961/398 399/962/399 400/963/400 401/964/401 
f 401/965/401 400/966/400 402/967/402 403/968/403 404/969/404 
f 405/970/405 406/971/406 407/972/407 408/973/408 401/974/401 404/975/404 409/976/409 
f 306/977/306 401/978/401 408/979/408 410/980/410 304/981/304 
f 304/982/304 410/983/410 411/984/411 412/985/412 413/986/413 414/987/414 302/988/302 
f 300/989/300 302/990/302 414/991/414 415/992/415 416/993/416 
f 417/994/417 416/995/416 415/996/415 418/997/418 419/998/419 420/999/420 421/1000/421 
f 422/1001/422 420/1002/420 419/1003/419 
f 423/1004/423 420/1005/420 422/1006/422 424/1007/424 
f 425/1008/425 426/1009/426 427/1010/427 428/1011/428 429/1012/429 430/1013/430 423/1014/423 424/1015/424 431/1016/431 432/1017/432 433/1018/433 434/1019/434 435/1020/435 436/1021/436 
f 437/1022/437 423/1023/423 430/1024/430 
f 420/1025/420 423/1026/423 437/1027/437 438/1028/438 421/1029/421 
f 430/1030/430 429/1031/429 439/1032/439 440/1033/440 441/1034/441 442/1035/442 438/1036/438 437/1037/437 
f 421/1038/421 438/1039/438 442/1040/442 443/1041/443 444/1042/444 445/1043/445 446/1044/446 417/1045/417 
f 447/1046/447 448/1047/448 446/1048/446 445/1049/445 
f 449/1050/449 450/1051/450 448/1052/448 447/1053/447 451/1054/451 452/1055/452 
f 453/1056/453 454/1057/454 455/1058/455 456/1059/456 457/1060/457 458/1061/458 452/1062/452 451/1063/451 459/1064/459 
f 459/1065/459 451/1066/451 447/1067/447 445/1068/445 444/1069/444 
f 460/1070/460 461/1071/461 462/1072/462 463/1073/463 459/1074/459 444/1075/444 443/1076/443 
f 453/1077/453 459/1078/459 463/1079/463 464/1080/464 465/1081/465 
f 465/1082/465 464/1083/464 466/1084/466 467/1085/467 468/1086/468 469/1087/469 470/1088/470 
f 471/1089/471 470/1090/470 469/1091/469 472/1092/472 473/1093/473 
f 474/1094/474 473/1095/473 472/1096/472 475/1097/475 476/1098/476 477/1099/477 478/1100/478 
f 479/1101/479 477/1102/477 476/1103/476 
f 480/1104/480 477/1105/477 479/1106/479 481/1107/481 
f 482/1108/482 483/1109/483 484/1110/484 440/1111/440 439/1112/439 485/1113/485 486/1114/486 487/1115/487 480/1116/480 481/1117/481 488/1118/488 489/1119/489 490/1120/490 491/1121/491 
f 429/1122/429 428/1123/428 485/1124/485 439/1125/439 
f 428/1123/428 427/1126/427 486/1127/486 485/1124/485 
f 487/1128/487 486/1129/486 427/1130/427 426/1131/426 492/1132/492 493/1133/493 494/1134/494 495/1135/495 
f 425/1136/425 405/1137/405 409/1138/409 493/1139/493 492/1140/492 
f 426/1141/426 425/1142/425 492/1143/492 
f 496/1144/496 405/1145/405 425/1146/425 436/1147/436 
f 406/1148/406 405/1149/405 496/1150/496 
f 435/1151/435 488/1152/488 481/1153/481 479/1154/479 476/1155/476 475/1156/475 407/1157/407 406/1158/406 496/1159/496 436/1160/436 
f 408/1161/408 407/1162/407 475/1163/475 472/1164/472 469/1165/469 468/1166/468 411/1167/411 410/1168/410 
f 412/1169/412 411/1170/411 468/1171/468 467/1172/467 
f 412/1173/412 467/1174/467 466/1175/466 413/1176/413 
f 463/1177/463 462/1178/462 418/1179/418 415/1180/415 414/1181/414 413/1182/413 466/1183/466 464/1184/464 
f 431/1185/431 424/1186/424 422/1187/422 419/1188/419 418/1189/418 462/1190/462 461/1191/461 497/1192/497 483/1193/483 482/1194/482 
f 461/1195/461 460/1196/460 497/1197/497 
f 497/1198/497 460/1199/460 484/1200/484 483/1201/483 
f 484/1202/484 460/1203/460 443/1204/443 442/1205/442 441/1206/441 
f 440/1207/440 484/1208/484 441/1209/441 
f 432/1210/432 431/1211/431 482/1212/482 491/1213/491 
f 433/1214/433 432/1215/432 491/1216/491 490/1217/490 
f 489/1218/489 434/1219/434 433/1220/433 490/1221/490 
f 488/1222/488 435/1223/435 434/1224/434 489/1225/489 
f 478/1226/478 494/1227/494 493/1228/493 409/1229/409 404/1230/404 403/1231/403 498/1232/498 474/1233/474 
f 499/1234/499 498/1235/498 403/1236/403 402/1237/402 
f 402/1238/402 400/1239/400 399/1240/399 500/1241/500 501/1242/501 499/1243/499 
f 501/1244/501 473/1245/473 474/1246/474 498/1247/498 499/1248/499 
f 473/1249/473 501/1250/501 500/1251/500 502/1252/502 503/1253/503 504/1254/504 505/1255/505 506/1256/506 471/1257/471 
f 507/1258/507 506/1259/506 505/1260/505 508/1261/508 509/1262/509 510/1263/510 511/1264/511 512/1265/512 513/1266/513 
f 513/1267/513 512/1268/512 514/1269/514 515/1270/515 516/1271/516 
f 517/1272/517 381/1273/381 380/1274/380 389/1275/389 513/1276/513 516/1277/516 518/1278/518 
f 507/1279/507 513/1280/513 389/1281/389 388/1282/388 519/1283/519 
f 519/1284/519 388/1285/388 387/1286/387 520/1287/520 521/1288/521 522/1289/522 523/1290/523 
f 524/1291/524 523/1292/523 522/1293/522 525/1294/525 526/1295/526 
f 527/1296/527 528/1297/528 529/1298/529 530/1299/530 531/1300/531 526/1301/526 525/1302/525 
f 532/1303/532 526/1304/526 531/1305/531 533/1306/533 534/1307/534 
f 526/1308/526 532/1309/532 535/1310/535 536/1311/536 537/1312/537 538/1313/538 539/1314/539 540/1315/540 524/1316/524 
f 194/1317/194 540/1318/540 539/1319/539 541/1320/541 542/1321/542 543/1322/543 544/1323/544 545/1324/545 192/1325/192 
f 192/1326/192 545/1327/545 546/1328/546 547/1329/547 193/1330/193 
f 548/1331/548 546/1332/546 545/1333/545 544/1334/544 335/1335/335 334/1336/334 
f 334/1337/334 128/1338/128 127/1339/127 549/1340/549 548/1341/548 
f 193/1342/193 547/1343/547 549/1344/549 127/1345/127 126/1346/126 125/1347/125 188/1348/188 190/1349/190 
f 549/1350/549 547/1351/547 546/1352/546 548/1353/548 
f 336/1354/336 335/1355/335 544/1356/544 543/1357/543 
f 337/1358/337 336/1359/336 543/1360/543 542/1361/542 
f 542/1362/542 541/1363/541 338/1364/338 337/1365/337 
f 541/1366/541 539/1367/539 339/1368/339 338/1369/338 
f 538/1370/538 340/1371/340 339/1372/339 539/1373/539 
f 537/1374/537 341/1375/341 340/1376/340 538/1377/538 
f 536/1378/536 342/1379/342 341/1380/341 537/1381/537 
f 535/1382/535 343/1383/343 342/1384/342 536/1385/536 
f 346/1386/346 344/1387/344 343/1388/343 535/1389/535 532/1390/532 534/1391/534 
f 347/1392/347 346/1393/346 534/1394/534 533/1395/533 
f 530/1396/530 550/1397/550 355/1398/355 349/1399/349 348/1400/348 347/1401/347 533/1402/533 531/1403/531 
f 529/1404/529 551/1405/551 552/1406/552 550/1407/550 530/1408/530 
f 551/1409/551 529/1410/529 553/1411/553 554/1412/554 
f 555/1413/555 556/1414/556 557/1415/557 558/1416/359 559/1417/558 560/1418/559 551/1419/551 554/1420/554 561/1421/560 562/1422/561 563/1423/562 564/1424/563 384/1425/384 383/1426/383 
f 552/1427/552 551/1428/551 560/1429/559 
f 560/1430/559 559/1431/558 358/1432/358 357/1433/357 356/1434/356 355/1435/355 550/1436/550 552/1437/552 
f 358/1438/358 559/1439/558 558/1440/359 359/1441/359 
f 359/1441/359 558/1440/359 557/1442/557 360/1443/360 
f 361/1444/361 360/1445/360 557/1446/557 556/1447/556 565/1448/564 566/1449/565 372/1450/372 370/1451/370 
f 373/1452/373 372/1453/372 566/1454/565 518/1455/518 516/1456/516 515/1457/515 567/1458/566 374/1459/374 
f 514/1460/514 568/1461/567 567/1462/566 515/1463/515 
f 568/1464/567 514/1465/514 512/1466/512 511/1467/511 391/1468/391 390/1469/390 
f 390/1470/390 375/1471/375 374/1472/374 567/1473/566 568/1474/567 
f 392/1475/392 391/1476/391 511/1477/511 510/1478/510 
f 393/1479/393 392/1480/392 510/1481/510 509/1482/509 
f 394/1483/394 393/1484/393 509/1485/509 508/1486/508 
f 395/1487/395 394/1488/394 508/1489/508 505/1490/505 
f 395/1491/395 505/1492/505 504/1493/504 396/1494/396 
f 396/1495/396 504/1496/504 503/1497/503 397/1498/397 
f 397/1499/397 503/1500/503 502/1501/502 398/1502/398 
f 500/1503/500 399/1504/399 398/1505/398 502/1506/502 
f 555/1507/555 517/1508/517 518/1509/518 566/1510/565 565/1511/564 
f 556/1512/556 555/1513/555 565/1514/564 
f 382/1515/382 517/1516/517 555/1517/555 383/1518/383 
f 381/1519/381 517/1520/517 382/1521/382 
f 369/1522/369 368/1523/368 561/1524/560 554/1525/554 553/1526/553 528/1527/528 527/1528/527 352/1529/352 351/1530/351 569/1531/568 
f 353/1532/353 352/1533/352 527/1534/527 525/1535/525 522/1536/522 521/1537/521 570/1538/569 571/1539/570 
f 521/1540/521 520/1541/520 572/1542/571 570/1543/569 
f 520/1544/520 387/1545/387 386/1546/386 572/1547/571 
f 315/1548/315 571/1549/570 570/1550/569 572/1551/571 386/1552/386 385/1553/385 312/1554/312 
f 316/1555/316 345/1556/345 353/1557/353 571/1558/570 315/1559/315 
f 351/1560/351 350/1561/350 569/1562/568 
f 569/1563/568 350/1564/350 354/1565/354 369/1566/369 
f 561/1567/560 368/1568/368 367/1569/367 562/1570/561 
f 562/1571/561 367/1572/367 366/1573/366 563/1574/562 
f 564/1575/563 563/1576/562 366/1577/366 365/1578/365 
f 365/1579/365 364/1580/364 384/1581/384 564/1582/563 
f 553/1583/553 529/1584/529 528/1585/528 
f 573/1586/572 574/1587/573 540/1588/540 194/1589/194 
f 200/508/200 573/1586/572 194/1589/194 196/509/196 
f 200/1590/200 575/1591/574 576/1592/575 573/1593/572 
f 199/1594/199 577/1595/576 575/1596/574 200/1597/200 
f 199/1598/199 201/1599/201 578/1600/577 577/1601/576 
f 201/1602/201 202/1603/202 579/1604/578 578/1605/577 
f 203/1606/203 580/1607/579 579/1608/578 202/1609/202 
f 203/1610/203 204/1611/204 581/1612/580 580/1613/579 
f 581/1614/580 204/1615/204 205/1616/205 582/1617/581 
f 582/520/581 583/1618/582 581/518/580 
f 584/522/583 583/1618/582 582/520/581 
f 584/522/583 585/1619/584 583/1618/582 
f 585/1619/584 584/522/583 586/524/585 
f 584/1620/583 206/1621/206 208/1622/208 586/1623/585 
f 582/1624/581 205/1625/205 206/1626/206 584/1627/583 
f 586/1628/585 208/1629/208 587/1630/586 585/1631/584 
f 207/523/207 215/1632/215 587/1619/586 208/524/208 
f 215/1632/215 231/1633/231 588/1618/587 587/1619/586 
f 588/1618/587 231/1633/231 236/1634/236 589/1635/588 
f 589/1635/588 236/1634/236 237/1636/237 590/1637/589 
f 590/1637/589 237/1636/237 454/1638/454 591/1639/590 
f 239/1640/239 592/1641/591 593/1642/592 594/1643/593 595/1644/594 596/1645/595 455/1646/455 454/1647/454 237/1648/237 
f 592/1649/591 239/1650/239 240/1651/240 597/1652/596 598/1653/597 
f 599/1654/598 600/1655/599 597/1656/596 240/1657/240 244/1658/244 601/1659/600 602/1660/601 603/1661/602 
f 604/1662/603 605/1663/604 606/1664/605 607/1665/606 608/1666/607 599/1667/598 603/1668/602 
f 296/1669/296 608/1670/607 607/1671/606 609/1672/608 294/1673/294 
f 294/1674/294 609/1675/608 610/1676/609 611/1677/610 612/1678/611 613/1679/612 292/1680/292 
f 279/1681/279 292/1682/292 613/1683/612 614/1684/613 273/1685/273 
f 268/1686/268 273/1687/273 614/1688/613 615/1689/614 616/1690/615 617/1691/616 269/1692/269 
f 618/1693/617 617/1694/616 616/1695/615 
f 619/1696/618 617/1697/616 618/1698/617 620/1699/619 
f 621/1700/620 622/1701/621 623/1702/622 261/1703/261 260/1704/260 262/1705/262 619/1706/618 620/1707/619 624/1708/623 625/1709/624 626/1710/625 627/1711/626 628/1712/627 629/1713/628 
f 266/1714/266 619/1715/618 262/1716/262 
f 617/1717/616 619/1718/618 266/1719/266 265/1720/265 269/1721/269 
f 624/1722/623 620/1723/619 618/1724/617 616/1725/615 615/1726/614 227/1727/227 226/1728/226 630/1729/629 249/1730/249 248/1731/248 
f 613/1732/612 612/1733/611 232/1734/232 230/1735/230 228/1736/228 227/1737/227 615/1738/614 614/1739/613 
f 612/1740/611 611/1741/610 233/1742/233 232/1743/232 
f 233/1744/233 611/1745/610 610/1746/609 234/1747/234 
f 607/1748/606 606/1749/605 241/1750/241 238/1751/238 235/1752/235 234/1753/234 610/1754/609 609/1755/608 
f 628/1756/627 256/1757/256 247/1758/247 245/1759/245 242/1760/242 241/1761/241 606/1762/605 605/1763/604 631/1764/630 629/1765/628 
f 605/1766/604 604/1767/603 631/1768/630 
f 631/1769/630 604/1770/603 621/1771/620 629/1772/628 
f 621/1773/620 604/1774/603 603/1775/602 602/1776/601 632/1777/631 
f 622/1778/621 621/1779/620 632/1780/631 
f 602/1781/601 601/1782/600 633/1783/632 255/1784/255 254/1785/254 623/1786/622 622/1787/621 632/1788/631 
f 243/1789/243 246/1790/246 633/1791/632 601/1792/600 244/1793/244 
f 633/1794/632 246/1795/246 255/1796/255 
f 253/603/253 261/602/261 623/1797/622 254/1798/254 
f 256/1799/256 628/1800/627 627/1801/626 257/1802/257 
f 257/1803/257 627/1804/626 626/1805/625 258/1806/258 
f 626/1807/625 625/1808/624 259/1809/259 258/1810/258 
f 625/1811/624 624/1812/623 248/1813/248 259/1814/259 
f 226/1815/226 225/1816/225 630/1817/629 
f 630/1818/629 225/1819/225 250/1820/250 249/1821/249 
f 250/1822/250 225/1823/225 229/1824/229 264/1825/264 263/1826/263 
f 251/1827/251 250/1828/250 263/1829/263 
f 272/1830/272 273/1831/273 268/1832/268 267/1833/267 270/1834/270 
f 296/1835/296 298/1836/298 634/1837/633 635/1838/634 636/1839/635 637/1840/636 638/1841/637 639/1842/638 608/1843/607 
f 608/1844/607 639/1845/638 640/1846/639 600/1847/599 599/1848/598 
f 639/1849/638 638/1850/637 593/1851/592 592/1852/591 598/1853/597 640/1854/639 
f 637/1855/636 594/1856/593 593/1857/592 638/1858/637 
f 636/1859/635 595/1860/594 594/1861/593 637/1862/636 
f 595/1863/594 636/1864/635 635/1865/634 596/1866/595 
f 596/1867/595 635/1868/634 634/1869/633 455/1870/455 
f 634/1871/633 641/1872/640 456/1873/456 455/1874/455 
f 416/1875/416 450/1876/450 449/1877/449 642/1878/641 643/1879/642 641/1880/640 634/1881/633 298/1882/298 300/1883/300 
f 450/1884/450 416/1885/416 417/1886/417 446/1887/446 448/1888/448 
f 452/1889/452 458/1890/458 642/1891/641 449/1892/449 
f 458/1893/458 457/1894/457 643/1895/642 642/1896/641 
f 457/1897/457 456/1898/456 641/1899/640 643/1900/642 
f 600/1901/599 640/1902/639 598/1903/597 597/1904/596 
f 591/1639/590 454/1638/454 453/1905/453 644/1906/643 
f 644/1906/643 453/1905/453 465/1907/465 645/1908/644 
f 645/1908/644 465/1907/465 470/1909/470 646/1910/645 
f 645/1911/644 646/1912/645 647/1913/646 648/1914/647 
f 644/1915/643 645/1916/644 648/1917/647 649/1918/648 
f 591/1919/590 644/1920/643 649/1921/648 650/1922/649 
f 590/1923/589 591/1924/590 650/1925/649 651/1926/650 
f 589/1927/588 590/1928/589 651/1929/650 652/1930/651 
f 583/1931/582 588/1932/587 589/1933/588 652/1934/651 
f 581/518/580 583/1618/582 652/1635/651 
f 581/518/580 652/1635/651 651/1637/650 
f 581/518/580 651/1637/650 580/516/579 
f 580/516/579 651/1637/650 650/1639/649 
f 580/516/579 650/1639/649 653/1935/652 
f 653/1935/652 650/1639/649 654/1936/653 
f 654/1936/653 650/1639/649 655/1937/654 
f 655/1937/654 650/1639/649 649/1906/648 
f 655/1937/654 649/1906/648 656/1938/655 
f 656/1938/655 649/1906/648 657/1939/656 
f 657/1939/656 649/1906/648 658/1940/657 
f 658/1940/657 649/1906/648 659/1941/658 
f 659/1941/658 649/1906/648 648/1908/647 
f 659/1941/658 648/1908/647 660/1942/659 
f 660/1942/659 648/1908/647 661/1943/660 
f 661/1943/660 648/1908/647 662/1944/661 
f 662/1944/661 648/1908/647 647/1910/646 
f 662/1944/661 647/1910/646 663/1945/662 
f 663/1945/662 647/1910/646 664/1946/663 
f 664/1946/663 647/1910/646 665/1947/664 
f 665/1947/664 647/1910/646 666/1948/665 
f 575/508/574 666/1948/665 647/1910/646 
f 575/508/574 667/1949/666 666/1948/665 
f 575/508/574 668/1950/667 667/1949/666 
f 575/508/574 669/1951/668 668/1950/667 
f 577/507/576 669/1951/668 575/508/574 
f 577/507/576 670/1952/669 669/1951/668 
f 577/507/576 671/1953/670 670/1952/669 
f 577/507/576 672/1954/671 671/1953/670 
f 578/512/577 672/1954/671 577/507/576 
f 578/512/577 673/1955/672 672/1954/671 
f 578/512/577 674/1956/673 673/1955/672 
f 578/512/577 675/1957/674 674/1956/673 
f 578/512/577 676/1958/675 675/1957/674 
f 579/514/578 676/1958/675 578/512/577 
f 579/514/578 677/1959/676 676/1958/675 
f 579/514/578 653/1935/652 677/1959/676 
f 653/1935/652 579/514/578 580/516/579 
f 653/1960/652 678/1961/677 679/1962/678 677/1963/676 
f 654/1964/653 680/1965/679 678/1966/677 653/1967/652 
f 655/1968/654 681/1969/680 680/1970/679 654/1971/653 
f 656/1972/655 682/1973/681 681/1974/680 655/1975/654 
f 657/1976/656 683/1977/682 682/1978/681 656/1979/655 
f 658/1980/657 684/1981/683 683/1982/682 657/1983/656 
f 659/1984/658 685/1985/684 684/1986/683 658/1987/657 
f 660/1988/659 686/1989/685 685/1990/684 659/1991/658 
f 661/1992/660 687/1993/686 686/1994/685 660/1995/659 
f 662/1996/661 688/1997/687 687/1998/686 661/1999/660 
f 663/2000/662 689/2001/688 688/2002/687 662/2003/661 
f 664/2004/663 690/2005/689 689/2006/688 663/2007/662 
f 665/2008/664 691/2009/690 690/2010/689 664/2011/663 
f 666/2012/665 692/2013/691 691/2014/690 665/2015/664 
f 667/2016/666 693/2017/692 692/2018/691 666/2019/665 
f 668/2020/667 694/2021/693 693/2022/692 667/2023/666 
f 669/2024/668 695/2025/694 694/2026/693 668/2027/667 
f 670/2028/669 696/2029/695 695/2030/694 669/2031/668 
f 671/2032/670 697/2033/696 696/2034/695 670/2035/669 
f 672/2036/671 698/2037/697 697/2038/696 671/2039/670 
f 673/2040/672 699/2041/698 698/2042/697 672/2043/671 
f 674/2044/673 700/2045/699 699/2046/698 673/2047/672 
f 675/2048/674 701/2049/700 700/2050/699 674/2051/673 
f 676/2052/675 702/2053/701 701/2054/700 675/2055/674 
f 677/2056/676 679/2057/678 702/2058/701 676/2059/675 
f 689/1945/688 690/1946/689 691/1947/690 692/1948/691 693/1949/692 694/1950/693 695/1951/694 696/1952/695 697/1953/696 698/1954/697 699/1955/698 700/1956/699 701/1957/700 702/1958/701 679/1959/678 678/1935/677 680/1936/679 681/1937/680 682/1938/681 683/1939/682 684/1940/683 685/1941/684 686/1942/685 687/1943/686 688/1944/687 
f 575/508/574 647/1910/646 703/2060/702 
f 646/2061/645 704/2062/703 703/2063/702 647/2064/646 
f 646/1910/645 470/1909/470 471/2065/471 704/2060/703 
f 704/2060/703 471/2065/471 506/2066/506 705/2067/704 
f 705/2068/704 706/2069/705 703/2070/702 704/2071/703 
f 707/2072/706 708/2073/707 706/2074/705 705/2075/704 
f 705/2067/704 506/2066/506 507/2076/507 707/2077/706 
f 707/2077/706 507/2076/507 519/2078/519 709/2079/708 
f 709/2080/708 710/2081/709 708/2082/707 707/2083/706 
f 711/2084/710 712/2085/711 710/2086/709 709/2087/708 
f 523/2088/523 711/2089/710 709/2079/708 519/2078/519 
f 713/2090/712 711/2089/710 523/2088/523 524/2091/524 
f 574/1587/573 713/2090/712 524/2091/524 540/1588/540 
f 574/2092/573 714/2093/713 715/2094/714 713/2095/712 
f 573/2096/572 576/2097/575 714/2098/713 574/2099/573 
f 576/1586/575 703/2060/702 714/1587/713 
f 575/508/574 703/2060/702 576/1586/575 
f 714/1587/713 703/2060/702 706/2067/705 
f 714/1587/713 706/2067/705 708/2077/707 
f 714/1587/713 708/2077/707 715/2090/714 
f 715/2090/714 708/2077/707 710/2079/709 
f 715/2090/714 710/2079/709 712/2089/711 
f 713/2100/712 715/2101/714 712/2102/711 711/2103/710 
f 585/2104/584 587/2105/586 588/2106/587 583/2107/582 
f 477/2108/477 480/2109/480 495/2110/495 494/2111/494 478/2112/478 
f 495/2113/495 480/2114/480 487/2115/487 
f 333/2116/333 332/2117/332 197/2118/197 195/2119/195 191/2120/191 133/2121/133 130/2122/130 129/2123/129 
f 331/2124/331 198/2125/198 197/2126/197 332/2127/332 
f 331/2128/331 163/2129/163 162/2130/162 198/2131/198 
f 104/2132/104 103/2133/103 160/2134/160 
f 160/2135/160 103/2136/103 107/2137/107 122/2138/122 
f 75/2139/75 74/2140/74 61/2141/61 58/2142/58 55/2143/55 54/2144/54 81/2145/81 79/2146/79 
f 82/2147/82 81/2148/81 54/2149/54 53/2150/53 
f 44/2151/44 43/2152/43 82/2153/82 53/2154/53 
f 62/2155/62 61/2156/61 74/2157/74 73/2158/73 72/2159/72 28/2160/28 27/2161/27 13/2162/13 12/2163/12 65/2164/65 
f 26/2165/26 14/2166/14 13/2167/13 27/2168/27 
f 25/2169/25 15/2170/15 14/2171/14 26/2172/26 
f 25/2173/25 24/2174/24 16/2175/16 15/2176/15 
f 24/2177/24 23/2178/23 5/2179/5 16/2180/16 
f 716/2181/715 717/2182/716 718/2183/717 719/2184/718 
f 719/2185/718 720/2186/719 721/2187/720 716/2188/715 
f 722/2189/721 723/2190/722 720/2191/719 719/2192/718 
f 719/2193/718 718/2194/717 724/2195/723 722/2196/721 
f 725/2197/724 724/2198/723 718/2199/717 726/2200/725 
f 727/2201/726 725/2202/724 726/2203/725 728/2204/727 
f 728/2205/727 729/2206/728 730/2207/729 727/2208/726 
f 731/2209/730 732/2210/731 729/2211/728 728/2212/727 
f 728/2213/727 726/2214/725 733/2215/732 731/2216/730 
f 726/2217/725 718/2218/717 717/2219/716 733/2220/732 
f 733/2221/732 717/2222/716 734/2223/733 735/2224/734 
f 731/2225/730 733/2226/732 735/2227/734 736/2228/735 
f 736/2229/735 737/2230/736 732/2231/731 731/2232/730 
f 738/2233/737 739/2234/738 737/2235/736 736/2236/735 
f 736/2237/735 735/2238/734 740/2239/739 738/2240/737 
f 735/2241/734 734/2242/733 741/2243/740 740/2244/739 
f 742/2245/741 741/2246/740 734/2247/733 743/2248/742 
f 743/2249/742 744/2250/743 745/2251/744 742/2252/741 
f 716/2253/715 721/2254/720 744/2255/743 743/2256/742 
f 743/2257/742 734/2258/733 717/2259/716 716/2260/715 
f 721/2261/720 746/2262/745 747/2263/746 744/2264/743 
f 720/2265/719 748/2266/747 746/2267/745 721/2268/720 
f 723/2269/722 749/2270/748 748/2271/747 720/2272/719 
f 750/2273/749 751/2274/750 749/2275/748 723/2276/722 
f 752/2277/751 750/2278/749 723/2279/722 722/2280/721 
f 752/2281/751 722/2282/721 724/2283/723 753/2284/752 
f 754/2285/753 752/2286/751 753/2287/752 755/2288/754 
f 756/2289/755 754/2290/753 755/2291/754 757/2292/756 
f 758/2293/757 756/2294/755 757/2295/756 759/2296/758 
f 760/2297/759 758/2298/757 759/2299/758 761/2300/760 
f 762/2301/761 760/2302/759 761/2303/760 763/2304/762 
f 764/2305/763 765/2306/764 762/2307/761 763/2308/762 
f 766/2309/765 764/2310/763 763/2311/762 767/2312/766 
f 768/2313/767 766/2314/765 767/2315/766 769/2316/768 
f 769/2317/768 770/2318/769 771/2319/770 768/2320/767 
f 772/2321/771 773/2322/772 770/2323/769 769/2324/768 
f 769/2325/768 767/2326/766 774/2327/773 772/2328/771 
f 767/2329/766 763/2330/762 761/2331/760 774/2332/773 
f 774/2333/773 761/2334/760 759/2335/758 775/2336/774 
f 772/2337/771 774/2338/773 775/2339/774 776/2340/775 
f 776/2341/775 777/2342/776 773/2343/772 772/2344/771 
f 778/2345/777 779/2346/778 777/2347/776 776/2348/775 
f 776/2349/775 775/2350/774 780/2351/779 778/2352/777 
f 775/2353/774 759/2354/758 757/2355/756 780/2356/779 
f 780/2357/779 757/2358/756 755/2359/754 781/2360/780 
f 778/2361/777 780/2362/779 781/2363/780 782/2364/781 
f 782/2365/781 783/2366/782 779/2367/778 778/2368/777 
f 784/2369/783 785/2370/784 783/2371/782 782/2372/781 
f 782/2373/781 781/2374/780 786/2375/785 784/2376/783 
f 781/2377/780 755/2378/754 753/2379/752 786/2380/785 
f 786/2381/785 753/2382/752 724/2383/723 725/2384/724 
f 784/2385/783 786/2386/785 725/2387/724 727/2388/726 
f 727/2389/726 730/2390/729 785/2391/784 784/2392/783 
f 787/2393/786 785/2394/784 730/2395/729 788/2396/787 
f 788/2397/787 789/2398/788 790/2399/789 787/2400/786 
f 791/2401/790 792/2402/791 789/2403/788 788/2404/787 
f 791/2405/790 788/2406/787 730/2407/729 729/2408/728 
f 793/2409/792 791/2410/790 729/2411/728 732/2412/731 
f 794/2413/793 793/2414/792 732/2415/731 737/2416/736 
f 795/2417/794 794/2418/793 737/2419/736 739/2420/738 
f 796/2421/795 795/2422/794 739/2423/738 797/2424/796 
f 798/2425/797 796/2426/795 797/2427/796 799/2428/798 
f 800/2429/799 801/2430/800 798/2431/797 799/2432/798 
f 802/2433/801 800/2434/799 799/2435/798 803/2436/802 
f 803/2437/802 804/2438/803 805/2439/804 802/2440/801 
f 806/2441/805 807/2442/806 804/2443/803 803/2444/802 
f 803/2445/802 799/2446/798 797/2447/796 806/2448/805 
f 806/2449/805 797/2450/796 739/2451/738 738/2452/737 
f 738/2453/737 740/2454/739 807/2455/806 806/2456/805 
f 740/2457/739 741/2458/740 808/2459/807 807/2460/806 
f 809/2461/808 808/2462/807 741/2463/740 742/2464/741 
f 742/2465/741 745/2466/744 810/2467/809 809/2468/808 
f 745/2469/744 811/2470/810 812/2471/811 810/2472/809 
f 744/2473/743 747/2474/746 811/2475/810 745/2476/744 
f 747/2477/746 813/2478/812 814/2479/813 811/2480/810 
f 746/2481/745 815/2482/814 813/2483/812 747/2484/746 
f 748/2485/747 816/2486/815 815/2487/814 746/2488/745 
f 749/2489/748 817/2490/816 816/2491/815 748/2492/747 
f 751/2493/750 818/2494/817 817/2495/816 749/2496/748 
f 819/2497/818 820/2498/819 818/2499/817 751/2500/750 
f 821/2501/820 819/2502/818 751/2503/750 750/2504/749 
f 754/2505/753 821/2506/820 750/2507/749 752/2508/751 
f 756/2509/755 822/2510/821 821/2511/820 754/2512/753 
f 758/2513/757 823/2514/822 822/2515/821 756/2516/755 
f 760/2517/759 824/2518/823 823/2519/822 758/2520/757 
f 762/2521/761 825/2522/824 824/2523/823 760/2524/759 
f 765/2525/764 826/2526/825 825/2527/824 762/2528/761 
f 827/2529/826 828/2530/827 826/2531/825 765/2532/764 
f 829/2533/828 827/2534/826 765/2535/764 764/2536/763 
f 830/2537/829 829/2538/828 764/2539/763 766/2540/765 
f 831/2541/830 830/2542/829 766/2543/765 768/2544/767 
f 768/2545/767 771/2546/770 832/2547/831 831/2548/830 
f 832/2549/831 771/2550/770 833/2551/832 834/2552/833 
f 835/2553/834 832/2554/831 834/2555/833 836/2556/835 
f 837/2557/836 835/2558/834 836/2559/835 838/2560/837 
f 839/2561/838 837/2562/836 838/2563/837 840/2564/839 
f 841/2565/840 839/2566/838 840/2567/839 842/2568/841 
f 841/2569/840 842/2570/841 843/2571/842 844/2572/843 
f 845/2573/844 841/2574/840 844/2575/843 846/2576/845 
f 846/2577/845 847/2578/846 848/2579/847 845/2580/844 
f 849/2581/848 850/2582/849 847/2583/846 846/2584/845 
f 846/2585/845 844/2586/843 851/2587/850 849/2588/848 
f 844/2589/843 843/2590/842 852/2591/851 851/2592/850 
f 843/2593/842 853/2594/852 854/2595/853 852/2596/851 
f 842/2597/841 855/2598/854 853/2599/852 843/2600/842 
f 840/2601/839 856/2602/855 855/2603/854 842/2604/841 
f 838/2605/837 857/2606/856 856/2607/855 840/2608/839 
f 836/2609/835 858/2610/857 857/2611/856 838/2612/837 
f 834/2613/833 859/2614/858 858/2615/857 836/2616/835 
f 833/2617/832 860/2618/859 859/2619/858 834/2620/833 
f 861/2621/860 862/2622/861 860/2623/859 833/2624/832 
f 771/2625/770 770/2626/769 861/2627/860 833/2628/832 
f 861/2629/860 770/2630/769 773/2631/772 863/2632/862 
f 863/2633/862 864/2634/863 862/2635/861 861/2636/860 
f 865/2637/864 866/2638/865 864/2639/863 863/2640/862 
f 863/2641/862 773/2642/772 777/2643/776 865/2644/864 
f 865/2645/864 777/2646/776 779/2647/778 867/2648/866 
f 867/2649/866 868/2650/867 866/2651/865 865/2652/864 
f 869/2653/868 870/2654/869 868/2655/867 867/2656/866 
f 867/2657/866 779/2658/778 783/2659/782 869/2660/868 
f 869/2661/868 783/2662/782 785/2663/784 787/2664/786 
f 787/2665/786 790/2666/789 870/2667/869 869/2668/868 
f 790/2669/789 871/2670/870 872/2671/871 870/2672/869 
f 789/2673/788 873/2674/872 871/2675/870 790/2676/789 
f 792/2677/791 874/2678/873 873/2679/872 789/2680/788 
f 875/2681/874 876/2682/875 874/2683/873 792/2684/791 
f 793/2685/792 875/2686/874 792/2687/791 791/2688/790 
f 794/2689/793 877/2690/876 875/2691/874 793/2692/792 
f 795/2693/794 878/2694/877 877/2695/876 794/2696/793 
f 796/2697/795 879/2698/878 878/2699/877 795/2700/794 
f 798/2701/797 880/2702/879 879/2703/878 796/2704/795 
f 801/2705/800 881/2706/880 880/2707/879 798/2708/797 
f 882/2709/881 883/2710/882 881/2711/880 801/2712/800 
f 884/2713/883 882/2714/881 801/2715/800 800/2716/799 
f 885/2717/884 884/2718/883 800/2719/799 802/2720/801 
f 802/2721/801 805/2722/804 886/2723/885 885/2724/884 
f 805/2725/804 887/2726/886 888/2727/887 886/2728/885 
f 804/2729/803 889/2730/888 887/2731/886 805/2732/804 
f 807/2733/806 808/2734/807 889/2735/888 804/2736/803 
f 890/2737/889 889/2738/888 808/2739/807 809/2740/808 
f 809/2741/808 810/2742/809 891/2743/890 890/2744/889 
f 810/2745/809 812/2746/811 892/2747/891 891/2748/890 
f 812/2749/811 893/2750/892 894/2751/893 892/2752/891 
f 811/2753/810 814/2754/813 893/2755/892 812/2756/811 
f 895/2757/894 893/2758/892 814/2759/813 896/2760/895 
f 897/2761/896 895/2762/894 896/2763/895 898/2764/897 
f 879/2765/878 897/2766/896 898/2767/897 878/2768/877 
f 880/2769/879 899/2770/898 897/2771/896 879/2772/878 
f 881/2773/880 900/2774/899 899/2775/898 880/2776/879 
f 883/2777/882 901/2778/900 900/2779/899 881/2780/880 
f 902/2781/901 903/2782/902 901/2783/900 883/2784/882 
f 904/2785/903 902/2786/901 883/2787/882 882/2788/881 
f 905/2789/904 904/2790/903 882/2791/881 884/2792/883 
f 906/2793/905 905/2794/904 884/2795/883 885/2796/884 
f 885/2797/884 886/2798/885 907/2799/906 906/2800/905 
f 886/2801/885 888/2802/887 908/2803/907 907/2804/906 
f 908/2805/907 888/2806/887 909/2807/908 910/2808/909 
f 911/2809/910 908/2810/907 910/2811/909 912/2812/911 
f 913/2813/912 911/2814/910 912/2815/911 914/2816/913 
f 915/2817/914 913/2818/912 914/2819/913 916/2820/915 
f 917/2821/916 915/2822/914 916/2823/915 918/2824/917 
f 917/2825/916 918/2826/917 919/2827/918 920/2828/919 
f 848/2829/847 917/2830/916 920/2831/919 921/2832/920 
f 845/2833/844 848/2834/847 921/2835/920 922/2836/921 
f 922/2837/921 839/2838/838 841/2839/840 845/2840/844 
f 923/2841/922 837/2842/836 839/2843/838 922/2844/921 
f 922/2845/921 921/2846/920 924/2847/923 923/2848/922 
f 921/2849/920 920/2850/919 925/2851/924 924/2852/923 
f 920/2853/919 919/2854/918 926/2855/925 925/2856/924 
f 919/2857/918 927/2858/926 928/2859/927 926/2860/925 
f 918/2861/917 929/2862/928 927/2863/926 919/2864/918 
f 916/2865/915 930/2866/929 929/2867/928 918/2868/917 
f 914/2869/913 931/2870/930 930/2871/929 916/2872/915 
f 912/2873/911 932/2874/931 931/2875/930 914/2876/913 
f 910/2877/909 933/2878/932 932/2879/931 912/2880/911 
f 909/2881/908 934/2882/933 933/2883/932 910/2884/909 
f 935/2885/934 936/2886/935 934/2887/933 909/2888/908 
f 888/2889/887 887/2890/886 935/2891/934 909/2892/908 
f 887/2893/886 889/2894/888 890/2895/889 935/2896/934 
f 890/2897/889 891/2898/890 936/2899/935 935/2900/934 
f 891/2901/890 892/2902/891 937/2903/936 936/2904/935 
f 892/2905/891 894/2906/893 938/2907/937 937/2908/936 
f 939/2909/938 938/2910/937 894/2911/893 940/2912/939 
f 900/2913/899 939/2914/938 940/2915/939 899/2916/898 
f 901/2917/900 941/2918/940 939/2919/938 900/2920/899 
f 903/2921/902 942/2922/941 941/2923/940 901/2924/900 
f 943/2925/942 944/2926/943 942/2927/941 903/2928/902 
f 945/2929/944 943/2930/942 903/2931/902 902/2932/901 
f 946/2933/945 945/2934/944 902/2935/901 904/2936/903 
f 947/2937/946 946/2938/945 904/2939/903 905/2940/904 
f 948/2941/947 947/2942/946 905/2943/904 906/2944/905 
f 906/2945/905 907/2946/906 949/2947/948 948/2948/947 
f 907/2949/906 908/2950/907 911/2951/910 949/2952/948 
f 949/2953/948 911/2954/910 913/2955/912 850/2956/849 
f 948/2957/947 949/2958/948 850/2959/849 849/2960/848 
f 849/2961/848 851/2962/850 947/2963/946 948/2964/947 
f 851/2965/850 852/2966/851 946/2967/945 947/2968/946 
f 852/2969/851 854/2970/853 945/2971/944 946/2972/945 
f 854/2973/853 950/2974/949 943/2975/942 945/2976/944 
f 853/2977/852 951/2978/950 950/2979/949 854/2980/853 
f 855/2981/854 952/2982/951 951/2983/950 853/2984/852 
f 856/2985/855 953/2986/952 952/2987/951 855/2988/854 
f 857/2989/856 954/2990/953 953/2991/952 856/2992/855 
f 858/2993/857 955/2994/954 954/2995/953 857/2996/856 
f 859/2997/858 956/2998/955 955/2999/954 858/3000/857 
f 860/3001/859 957/3002/956 956/3003/955 859/3004/858 
f 862/3005/861 958/3006/957 957/3007/956 860/3008/859 
f 864/3009/863 959/3010/958 958/3011/957 862/3012/861 
f 866/3013/865 960/3014/959 959/3015/958 864/3016/863 
f 868/3017/867 961/3018/960 960/3019/959 866/3020/865 
f 870/3021/869 872/3022/871 961/3023/960 868/3024/867 
f 872/3025/871 962/3026/961 963/3027/962 961/3028/960 
f 871/3029/870 964/3030/963 962/3031/961 872/3032/871 
f 873/3033/872 965/3034/964 964/3035/963 871/3036/870 
f 874/3037/873 966/3038/965 965/3039/964 873/3040/872 
f 876/3041/875 967/3042/966 966/3043/965 874/3044/873 
f 968/3045/967 969/3046/968 967/3047/966 876/3048/875 
f 877/3049/876 968/3050/967 876/3051/875 875/3052/874 
f 878/3053/877 898/3054/897 968/3055/967 877/3056/876 
f 898/3057/897 896/3058/895 969/3059/968 968/3060/967 
f 896/3061/895 814/3062/813 813/3063/812 969/3064/968 
f 969/3065/968 813/3066/812 815/3067/814 967/3068/966 
f 967/3069/966 815/3070/814 816/3071/815 966/3072/965 
f 966/3073/965 816/3074/815 817/3075/816 965/3076/964 
f 965/3077/964 817/3078/816 818/3079/817 964/3080/963 
f 964/3081/963 818/3082/817 820/3083/819 962/3084/961 
f 962/3085/961 820/3086/819 970/3087/969 963/3088/962 
f 971/3089/970 970/3090/969 820/3091/819 819/3092/818 
f 822/3093/821 971/3094/970 819/3095/818 821/3096/820 
f 823/3097/822 972/3098/971 971/3099/970 822/3100/821 
f 824/3101/823 973/3102/972 972/3103/971 823/3104/822 
f 825/3105/824 974/3106/973 973/3107/972 824/3108/823 
f 826/3109/825 975/3110/974 974/3111/973 825/3112/824 
f 828/3113/827 976/3114/975 975/3115/974 826/3116/825 
f 977/3117/976 978/3118/977 976/3119/975 828/3120/827 
f 979/3121/978 977/3122/976 828/3123/827 827/3124/826 
f 980/3125/979 979/3126/978 827/3127/826 829/3128/828 
f 981/3129/980 980/3130/979 829/3131/828 830/3132/829 
f 982/3133/981 981/3134/980 830/3135/829 831/3136/830 
f 831/3137/830 832/3138/831 835/3139/834 982/3140/981 
f 982/3141/981 835/3142/834 837/3143/836 923/3144/922 
f 923/3145/922 924/3146/923 981/3147/980 982/3148/981 
f 924/3149/923 925/3150/924 980/3151/979 981/3152/980 
f 925/3153/924 926/3154/925 979/3155/978 980/3156/979 
f 926/3157/925 928/3158/927 977/3159/976 979/3160/978 
f 928/3161/927 983/3162/982 978/3163/977 977/3164/976 
f 927/3165/926 984/3166/983 983/3167/982 928/3168/927 
f 929/3169/928 985/3170/984 984/3171/983 927/3172/926 
f 930/3173/929 986/3174/985 985/3175/984 929/3176/928 
f 931/3177/930 987/3178/986 986/3179/985 930/3180/929 
f 932/3181/931 988/3182/987 987/3183/986 931/3184/930 
f 933/3185/932 989/3186/988 988/3187/987 932/3188/931 
f 934/3189/933 990/3190/989 989/3191/988 933/3192/932 
f 936/3193/935 937/3194/936 990/3195/989 934/3196/933 
f 937/3197/936 938/3198/937 991/3199/990 990/3200/989 
f 941/3201/940 991/3202/990 938/3203/937 939/3204/938 
f 942/3205/941 992/3206/991 991/3207/990 941/3208/940 
f 944/3209/943 993/3210/992 992/3211/991 942/3212/941 
f 994/3213/993 995/3214/994 993/3215/992 944/3216/943 
f 950/3217/949 994/3218/993 944/3219/943 943/3220/942 
f 951/3221/950 996/3222/995 994/3223/993 950/3224/949 
f 952/3225/951 997/3226/996 996/3227/995 951/3228/950 
f 953/3229/952 998/3230/997 997/3231/996 952/3232/951 
f 954/3233/953 999/3234/998 998/3235/997 953/3236/952 
f 955/3237/954 1000/3238/999 999/3239/998 954/3240/953 
f 956/3241/955 1001/3242/1000 1000/3243/999 955/3244/954 
f 957/3245/956 1002/3246/1001 1001/3247/1000 956/3248/955 
f 958/3249/957 1003/3250/1002 1002/3251/1001 957/3252/956 
f 959/3253/958 1004/3254/1003 1003/3255/1002 958/3256/957 
f 960/3257/959 1005/3258/1004 1004/3259/1003 959/3260/958 
f 961/3261/960 963/3262/962 1005/3263/1004 960/3264/959 
f 963/3265/962 970/3266/969 1006/3267/1005 1005/3268/1004 
f 972/3269/971 1006/3270/1005 970/3271/969 971/3272/970 
f 973/3273/972 1007/3274/1006 1006/3275/1005 972/3276/971 
f 974/3277/973 1008/3278/1007 1007/3279/1006 973/3280/972 
f 975/3281/974 1009/3282/1008 1008/3283/1007 974/3284/973 
f 976/3285/975 1010/3286/1009 1009/3287/1008 975/3288/974 
f 978/3289/977 1011/3290/1010 1010/3291/1009 976/3292/975 
f 983/3293/982 1012/3294/1011 1011/3295/1010 978/3296/977 
f 984/3297/983 1013/3298/1012 1012/3299/1011 983/3300/982 
f 985/3301/984 1014/3302/1013 1013/3303/1012 984/3304/983 
f 986/3305/985 1015/3306/1014 1014/3307/1013 985/3308/984 
f 987/3309/986 995/3310/994 1015/3311/1014 986/3312/985 
f 988/3313/987 993/3314/992 995/3315/994 987/3316/986 
f 989/3317/988 992/3318/991 993/3319/992 988/3320/987 
f 990/3321/989 991/3322/990 992/3323/991 989/3324/988 
f 996/3325/995 1015/3326/1014 995/3327/994 994/3328/993 
f 997/3329/996 1014/3330/1013 1015/3331/1014 996/3332/995 
f 998/3333/997 1013/3334/1012 1014/3335/1013 997/3336/996 
f 999/3337/998 1012/3338/1011 1013/3339/1012 998/3340/997 
f 1000/3341/999 1011/3342/1010 1012/3343/1011 999/3344/998 
f 1001/3345/1000 1010/3346/1009 1011/3347/1010 1000/3348/999 
f 1002/3349/1001 1009/3350/1008 1010/3351/1009 1001/3352/1000 
f 1003/3353/1002 1008/3354/1007 1009/3355/1008 1002/3356/1001 
f 1004/3357/1003 1007/3358/1006 1008/3359/1007 1003/3360/1002 
f 1005/3361/1004 1006/3362/1005 1007/3363/1006 1004/3364/1003 
f 850/3365/849 913/3366/912 915/3367/914 847/3368/846 
f 847/3369/846 915/3370/914 917/3371/916 848/3372/847 
f 899/3373/898 940/3374/939 895/3375/894 897/3376/896 
f 940/3377/939 894/3378/893 893/3379/892 895/3380/894 
# 682 polygons - 90 triangles

