# Blender 4.4.1
# www.blender.org
mtllib puerta.mtl
o handle
v -0.583779 1.542125 0.009996
v -0.524343 1.482689 0.009996
v -0.554061 1.534162 0.009996
v -0.532306 1.512408 0.009996
v -0.643215 1.482689 0.009996
v -0.635252 1.512408 0.009996
v -0.524343 1.482689 -0.090006
v -0.532306 1.452972 -0.090006
v -0.554061 1.431216 -0.090006
v -0.583779 1.423253 -0.090006
v -0.613497 1.431216 -0.090006
v -0.635252 1.452972 -0.090006
v -0.643215 1.482689 -0.090006
v -0.613497 1.534162 0.009996
v -0.524343 1.194536 0.009996
v -0.532306 1.164818 0.009996
v -0.554061 1.143063 0.009996
v -0.583779 1.135100 0.009996
v -0.613497 1.143063 0.009996
v -0.635252 1.164818 0.009996
v -0.643215 1.194536 0.009996
v -0.524343 1.194536 -0.090006
v -0.532306 1.164818 -0.090006
v -0.554061 1.143063 -0.090006
v -0.583779 1.135100 -0.090006
v -0.613497 1.143063 -0.090006
v -0.635252 1.164818 -0.090006
v -0.643215 1.194536 -0.090006
v -0.583779 1.518338 -1.204085
v -0.583779 1.542125 -1.189325
v -0.554061 1.534162 -1.189325
v -0.565954 1.513562 -1.204085
v -0.532306 1.512407 -1.189325
v -0.552906 1.500514 -1.204085
v -0.548130 1.482689 -1.204085
v -0.524343 1.482689 -1.189325
v -0.552906 1.464864 -1.204085
v -0.532306 1.452971 -1.189325
v -0.565954 1.451816 -1.204085
v -0.554061 1.431216 -1.189325
v -0.583779 1.447039 -1.204085
v -0.583779 1.423253 -1.189325
v -0.601604 1.451816 -1.204085
v -0.613497 1.431216 -1.189325
v -0.614652 1.464864 -1.204085
v -0.635252 1.452971 -1.189325
v -0.619429 1.482689 -1.204085
v -0.643215 1.482689 -1.189325
v -0.635252 1.512407 -1.189325
v -0.614652 1.500514 -1.204085
v -0.601604 1.513562 -1.204085
v -0.613497 1.534162 -1.189325
v -0.583783 1.482689 -1.204085
v -0.583779 1.227340 0.006775
v -0.565580 1.222463 0.006775
v -0.552257 1.209140 0.006775
v -0.547380 1.190941 0.006775
v -0.552257 1.172741 0.006775
v -0.565580 1.159418 0.006775
v -0.583779 1.154541 0.006775
v -0.601979 1.159418 0.006775
v -0.615302 1.172741 0.006775
v -0.620178 1.190941 0.006775
v -0.615302 1.209140 0.006775
v -0.601979 1.222463 0.006775
v -0.583784 1.190941 0.262398
v -0.565580 1.222463 0.245663
v -0.574066 1.207767 0.262215
v -0.583781 1.210370 0.262215
v -0.583779 1.227340 0.245663
v -0.552257 1.209140 0.245663
v -0.566954 1.200656 0.262215
v -0.547380 1.190941 0.245663
v -0.564351 1.190941 0.262215
v -0.552257 1.172741 0.245663
v -0.566954 1.181226 0.262215
v -0.565580 1.159418 0.245663
v -0.574066 1.174114 0.262215
v -0.583779 1.154541 0.245663
v -0.583781 1.171511 0.262215
v -0.601979 1.159418 0.245663
v -0.593496 1.174114 0.262215
v -0.615302 1.172741 0.245663
v -0.600607 1.181226 0.262215
v -0.620178 1.190941 0.245663
v -0.603210 1.190941 0.262215
v -0.615302 1.209140 0.245663
v -0.600607 1.200655 0.262215
v -0.601979 1.222463 0.245663
v -0.593496 1.207767 0.262215
vn -0.0000 -0.0000 1.0000
vn -0.0000 -0.0000 -1.0000
vn 0.9914 0.1305 -0.0000
vn 0.9914 -0.1305 -0.0000
vn 0.9978 0.0663 -0.0000
vn -0.9978 0.0663 -0.0000
vn -0.9914 0.1305 -0.0000
vn -0.8660 0.5000 -0.0000
vn -0.0000 1.0000 -0.0000
vn 0.4453 0.7712 -0.4550
vn -0.0000 0.8905 -0.4550
vn -0.4453 0.7712 -0.4550
vn -0.7712 0.4453 -0.4550
vn -0.8905 -0.0000 -0.4550
vn -0.8660 -0.5000 -0.0000
vn -0.7712 -0.4453 -0.4550
vn -0.5000 -0.8660 -0.0000
vn -0.4452 -0.7712 -0.4550
vn -0.0000 -1.0000 -0.0000
vn -0.0000 -0.8905 -0.4550
vn 0.5000 -0.8660 -0.0000
vn 0.4453 -0.7712 -0.4550
vn 0.8660 -0.5000 -0.0000
vn 0.7712 -0.4453 -0.4550
vn 0.8905 -0.0000 -0.4550
vn 0.7712 0.4453 -0.4550
vn 0.5000 0.8660 -0.0000
vn -0.9914 -0.1305 -0.0000
vn 0.8660 0.5000 -0.0000
vn 0.1576 0.2730 -0.9490
vn 0.2730 0.1576 -0.9490
vn 0.3153 -0.0000 -0.9490
vn 0.2730 -0.1576 -0.9490
vn 0.1576 -0.2730 -0.9490
vn -0.0000 -0.3153 -0.9490
vn -0.1576 -0.2730 -0.9490
vn -0.2730 -0.1576 -0.9490
vn -0.3153 -0.0000 -0.9490
vn -0.2730 0.1576 -0.9490
vn -0.1576 0.2730 -0.9490
vn -0.0000 0.3153 -0.9490
vn 0.2159 0.3739 0.9020
vn -0.0000 0.4317 0.9020
vn -0.9301 -0.0000 0.3672
vn -1.0000 -0.0000 -0.0000
vn -0.0000 -0.9301 0.3672
vn 0.8055 0.4651 0.3672
vn 1.0000 -0.0000 -0.0000
vn 0.9301 -0.0000 0.3672
vn 0.4651 0.8055 0.3672
vn -0.8055 0.4651 0.3672
vn -0.5000 0.8660 -0.0000
vn -0.8055 -0.4651 0.3672
vn -0.4651 -0.8055 0.3672
vn 0.4651 -0.8055 0.3672
vn 0.8055 -0.4651 0.3672
vn -0.2159 0.3739 0.9020
vn -0.3739 0.2159 0.9020
vn 0.3739 0.2159 0.9020
vn -0.3739 -0.2159 0.9020
vn -0.2159 -0.3739 0.9020
vn 0.2159 -0.3739 0.9020
vn 0.3739 -0.2159 0.9020
vn -0.4651 0.8055 0.3672
vn -0.4318 -0.0000 0.9020
vn -0.0000 -0.4317 0.9020
vn 0.4317 -0.0000 0.9020
vn -0.0000 0.9301 0.3672
vt 0.787090 0.764590
vt 0.798088 0.761571
vt 0.798891 0.764517
vt 0.764124 0.654638
vt 0.761964 0.646578
vt 0.764124 0.644418
vt 0.595096 0.675892
vt 0.623705 0.685836
vt 0.595090 0.685823
vt 0.787860 0.761634
vt 0.795915 0.759424
vt 0.788078 0.796149
vt 0.796152 0.798260
vt 0.790251 0.798297
vt 0.843662 0.243639
vt 0.833732 0.243639
vt 0.833732 0.240583
vt 0.787268 0.793203
vt 0.799069 0.793131
vt 0.833731 0.234472
vt 0.952826 0.231410
vt 0.952826 0.234465
vt 0.952826 0.237521
vt 0.952827 0.240577
vt 0.952827 0.243632
vt 0.843662 0.246695
vt 0.952827 0.246688
vt 0.843663 0.249750
vt 0.952827 0.249744
vt 0.843663 0.252806
vt 0.952828 0.252800
vt 0.843660 0.219200
vt 0.952825 0.216138
vt 0.952825 0.219187
vt 0.843661 0.222256
vt 0.952825 0.222243
vt 0.843661 0.225312
vt 0.952826 0.225298
vt 0.952826 0.228354
vt 0.833731 0.231423
vt 0.623710 0.675905
vt 0.626760 0.685836
vt 0.626765 0.675911
vt 0.629815 0.685842
vt 0.629820 0.675911
vt 0.632870 0.685842
vt 0.632876 0.675911
vt 0.635925 0.685842
vt 0.635931 0.675911
vt 0.638981 0.685842
vt 0.638986 0.675918
vt 0.642036 0.685849
vt 0.793201 0.799069
vt 0.792738 0.644418
vt 0.790578 0.646578
vt 0.767075 0.643627
vt 0.767075 0.655429
vt 0.761964 0.652478
vt 0.761173 0.649528
vt 0.798298 0.796087
vt 0.833731 0.228367
vt 0.833731 0.225312
vt 0.670650 0.685862
vt 0.642041 0.675918
vt 0.670655 0.675931
vt 0.790007 0.759460
vt 0.792958 0.758651
vt 0.558942 0.971643
vt 0.558129 0.968054
vt 0.560919 0.969694
vt 0.562517 0.972506
vt 0.559830 0.973204
vt 0.562495 0.975740
vt 0.559817 0.975002
vt 0.558909 0.976550
vt 0.560859 0.978525
vt 0.558047 0.980126
vt 0.557347 0.977439
vt 0.555550 0.977425
vt 0.554813 0.980106
vt 0.552023 0.978466
vt 0.554000 0.976517
vt 0.553113 0.974956
vt 0.550425 0.975654
vt 0.553125 0.973158
vt 0.550447 0.972420
vt 0.552083 0.969628
vt 0.554034 0.971610
vt 0.555596 0.970721
vt 0.554895 0.968035
vt 0.557392 0.970735
vt 0.556471 0.974080
vt 0.789787 0.649528
vt 0.790578 0.652478
vt 0.792739 0.654638
vt 0.795690 0.655429
vt 0.795689 0.643621
vt 0.071914 0.912874
vt 0.072382 0.914626
vt 0.071445 0.914626
vt 0.619914 0.934783
vt 0.596198 0.936726
vt 0.596192 0.934856
vt 0.619897 0.929172
vt 0.596181 0.931115
vt 0.596175 0.929245
vt 0.619943 0.944141
vt 0.596226 0.946084
vt 0.596221 0.944214
vt 0.619948 0.946012
vt 0.596232 0.947954
vt 0.619937 0.942264
vt 0.596215 0.942337
vt 0.619920 0.936654
vt 0.596204 0.938596
vt 0.619908 0.932913
vt 0.596187 0.932985
vt 0.619903 0.931043
vt 0.619960 0.949752
vt 0.596244 0.951695
vt 0.596238 0.949825
vt 0.619954 0.947882
vt 0.070634 0.914158
vt 0.070166 0.913342
vt 0.073194 0.914158
vt 0.070634 0.911597
vt 0.071445 0.911129
vt 0.073194 0.911597
vt 0.073662 0.912407
vt 0.619926 0.938524
vt 0.596209 0.940467
vt 0.070166 0.912407
vt 0.072382 0.911129
vt 0.073662 0.913342
vt 0.070847 0.916858
vt 0.072981 0.916858
vt 0.074829 0.915792
vt 0.075897 0.911807
vt 0.074829 0.909963
vt 0.072981 0.908897
vt 0.070847 0.908897
vt 0.068999 0.909963
vt 0.067931 0.911807
vt 0.067931 0.913941
vt 0.068999 0.915792
vt 0.619931 0.940394
vt 0.833731 0.237528
vt 0.843660 0.216145
vt 0.619965 0.951622
vt 0.075897 0.913941
s 1
usemtl doorD
f 2/1/1 6/2/1 5/3/1
f 23/4/2 26/5/2 27/6/2
f 2/7/3 22/8/4 7/9/5
f 4/10/1 14/11/1 6/2/1
f 16/12/1 19/13/1 17/14/1
f 13/15/6 5/16/7 6/17/8
f 15/18/1 5/3/1 21/19/1
f 1/20/9 31/21/10 30/22/11
f 6/17/8 52/23/12 49/24/13
f 13/15/6 49/24/13 48/25/14
f 12/26/15 48/25/14 46/27/16
f 11/28/17 46/27/16 44/29/18
f 10/30/19 44/29/18 42/31/20
f 9/32/21 42/33/20 40/34/22
f 8/35/23 40/34/22 38/36/24
f 7/37/5 38/36/24 36/38/25
f 33/39/26 7/37/5 36/38/25
f 3/40/27 33/39/26 31/21/10
f 15/41/4 23/42/23 22/8/4
f 16/43/23 24/44/21 23/42/23
f 17/45/21 25/46/19 24/44/21
f 18/47/19 26/48/17 25/46/19
f 19/49/17 27/50/15 26/48/17
f 20/51/15 28/52/28 27/50/15
f 17/14/1 19/13/1 18/53/1
f 12/54/2 11/55/2 28/56/2
f 22/57/2 27/6/2 28/56/2
f 26/5/2 24/58/2 25/59/2
f 16/12/1 21/19/1 20/60/1
f 7/37/5 4/61/29 2/62/3
f 13/63/6 21/64/28 5/65/7
f 14/11/1 3/66/1 1/67/1
f 52/23/12 1/20/9 30/22/11
f 32/68/30 30/69/11 31/70/10
f 32/68/30 33/71/26 34/72/31
f 34/72/31 36/73/25 35/74/32
f 37/75/33 36/73/25 38/76/24
f 37/75/33 40/77/22 39/78/34
f 41/79/35 40/77/22 42/80/20
f 41/79/35 44/81/18 43/82/36
f 45/83/37 44/81/18 46/84/16
f 47/85/38 46/84/16 48/86/14
f 47/85/38 49/87/13 50/88/39
f 51/89/40 49/87/13 52/90/12
f 29/91/41 52/90/12 30/69/11
f 32/68/30 34/72/31 53/92/2
f 47/85/38 53/92/2 45/83/37
f 41/79/35 53/92/2 39/78/34
f 29/91/41 53/92/2 51/89/40
f 53/92/2 34/72/31 35/74/32
f 53/92/2 29/91/41 32/68/30
f 51/89/40 53/92/2 50/88/39
f 50/88/39 53/92/2 47/85/38
f 45/83/37 53/92/2 43/82/36
f 43/82/36 53/92/2 41/79/35
f 39/78/34 53/92/2 37/75/33
f 37/75/33 53/92/2 35/74/32
f 28/56/2 10/93/2 22/57/2
f 10/93/2 28/56/2 11/55/2
f 22/57/2 10/93/2 9/94/2
f 9/94/2 8/95/2 22/57/2
f 22/57/2 8/95/2 7/96/2
f 28/56/2 13/97/2 12/54/2
f 66/98/1 68/99/42 69/100/43
f 85/101/44 64/102/8 63/103/45
f 79/104/46 61/105/17 60/106/19
f 71/107/47 57/108/48 56/109/29
f 73/110/49 58/111/23 57/108/48
f 67/112/50 56/109/29 55/113/27
f 87/114/51 65/115/52 64/102/8
f 83/116/53 63/103/45 62/117/15
f 81/118/54 62/117/15 61/105/17
f 77/119/55 60/120/19 59/121/21
f 75/122/56 59/121/21 58/111/23
f 90/123/57 88/124/58 66/98/1
f 68/99/42 66/98/1 72/125/59
f 84/126/60 82/127/61 66/98/1
f 78/128/62 76/129/63 66/98/1
f 69/100/43 90/123/57 66/98/1
f 89/130/64 54/131/9 65/115/52
f 86/132/65 84/126/60 66/98/1
f 80/133/66 78/128/62 66/98/1
f 66/98/1 74/134/67 72/125/59
f 88/124/58 86/132/65 66/98/1
f 82/127/61 80/133/66 66/98/1
f 76/129/63 74/134/67 66/98/1
f 68/99/42 70/135/68 69/100/43
f 72/125/59 67/136/50 68/99/42
f 74/134/67 71/137/47 72/125/59
f 75/138/56 74/134/67 76/129/63
f 77/139/55 76/129/63 78/128/62
f 79/140/46 78/128/62 80/133/66
f 81/141/54 80/133/66 82/127/61
f 83/142/53 82/127/61 84/126/60
f 85/143/44 84/126/60 86/132/65
f 88/124/58 85/143/44 86/132/65
f 90/123/57 87/144/51 88/124/58
f 69/100/43 89/145/64 90/123/57
f 70/146/68 55/113/27 54/131/9
f 2/1/1 4/10/1 6/2/1
f 23/4/2 24/58/2 26/5/2
f 2/7/3 15/41/4 22/8/4
f 4/10/1 3/66/1 14/11/1
f 16/12/1 20/60/1 19/13/1
f 15/18/1 2/1/1 5/3/1
f 1/20/9 3/40/27 31/21/10
f 6/17/8 14/147/52 52/23/12
f 13/15/6 6/17/8 49/24/13
f 12/26/15 13/15/6 48/25/14
f 11/28/17 12/26/15 46/27/16
f 10/30/19 11/28/17 44/29/18
f 9/32/21 10/148/19 42/33/20
f 8/35/23 9/32/21 40/34/22
f 7/37/5 8/35/23 38/36/24
f 33/39/26 4/61/29 7/37/5
f 3/40/27 4/61/29 33/39/26
f 15/41/4 16/43/23 23/42/23
f 16/43/23 17/45/21 24/44/21
f 17/45/21 18/47/19 25/46/19
f 18/47/19 19/49/17 26/48/17
f 19/49/17 20/51/15 27/50/15
f 20/51/15 21/64/28 28/52/28
f 22/57/2 23/4/2 27/6/2
f 16/12/1 15/18/1 21/19/1
f 13/63/6 28/52/28 21/64/28
f 52/23/12 14/147/52 1/20/9
f 32/68/30 29/91/41 30/69/11
f 32/68/30 31/70/10 33/71/26
f 34/72/31 33/71/26 36/73/25
f 37/75/33 35/74/32 36/73/25
f 37/75/33 38/76/24 40/77/22
f 41/79/35 39/78/34 40/77/22
f 41/79/35 42/80/20 44/81/18
f 45/83/37 43/82/36 44/81/18
f 47/85/38 45/83/37 46/84/16
f 47/85/38 48/86/14 49/87/13
f 51/89/40 50/88/39 49/87/13
f 29/91/41 51/89/40 52/90/12
f 85/101/44 87/114/51 64/102/8
f 79/104/46 81/118/54 61/105/17
f 71/107/47 73/110/49 57/108/48
f 73/110/49 75/122/56 58/111/23
f 67/112/50 71/107/47 56/109/29
f 87/114/51 89/130/64 65/115/52
f 83/116/53 85/101/44 63/103/45
f 81/118/54 83/116/53 62/117/15
f 77/119/55 79/149/46 60/120/19
f 75/122/56 77/119/55 59/121/21
f 89/130/64 70/146/68 54/131/9
f 68/99/42 67/136/50 70/135/68
f 72/125/59 71/137/47 67/136/50
f 74/134/67 73/150/49 71/137/47
f 75/138/56 73/150/49 74/134/67
f 77/139/55 75/138/56 76/129/63
f 79/140/46 77/139/55 78/128/62
f 81/141/54 79/140/46 80/133/66
f 83/142/53 81/141/54 82/127/61
f 85/143/44 83/142/53 84/126/60
f 88/124/58 87/144/51 85/143/44
f 90/123/57 89/145/64 87/144/51
f 69/100/43 70/135/68 89/145/64
f 70/146/68 67/112/50 55/113/27
o door
v -0.580241 2.737798 1.132631
v -0.541482 2.737798 1.148162
v -0.585727 2.540250 1.047072
v -0.580241 2.540250 1.132631
v -0.541482 2.540250 1.148162
v -0.479727 2.540250 1.148162
v -0.525713 1.019501 0.925353
v -0.525713 1.019500 -0.702128
v -0.525713 0.818431 -0.702128
v -0.525713 0.927303 -0.856860
v -0.585727 0.818433 1.047169
v -0.585727 1.019501 1.047073
v -0.525713 2.738690 0.926370
v -0.525713 2.739210 0.543100
v -0.525713 2.540665 0.543100
v -0.525713 2.540665 0.926370
v -0.585727 2.737798 1.047073
v -0.479441 1.019500 -0.702128
v -0.479441 0.818431 -0.702128
v -0.479441 0.927303 -0.856860
v -0.479727 2.737798 1.148162
v -0.479685 2.739210 0.543100
v -0.479685 2.540665 0.543100
v -0.525713 0.818433 0.925354
v -0.580241 0.818433 1.132166
v -0.580241 1.019501 1.132070
v -0.541482 0.818433 1.148194
v -0.541482 1.019501 1.148163
v -0.479737 0.818433 1.148194
v -0.479727 1.019501 1.148163
v -0.597569 2.737798 1.074109
v -0.596875 2.737798 1.102809
v -0.596875 2.540250 1.102809
v -0.597569 2.540250 1.074109
v -0.596875 0.818433 1.102905
v -0.597569 0.818433 1.074206
v -0.597569 1.019501 1.074110
v -0.596875 1.019501 1.102810
v -0.544337 1.063107 1.087316
v -0.544337 1.015506 1.041393
v -0.521376 1.015506 1.047546
v -0.504567 1.015506 1.064354
v -0.498415 1.015506 1.087316
v -0.504567 1.015506 1.110277
v -0.521376 1.015506 1.127085
v -0.544337 1.015506 1.133238
v -0.567298 1.015506 1.127085
v -0.584107 1.015506 1.110277
v -0.590259 1.015506 1.087316
v -0.584107 1.015506 1.064354
v -0.567298 1.015506 1.047546
v -0.544337 1.048685 1.041393
v -0.544337 1.063107 1.056324
v -0.528841 1.063107 1.060476
v -0.521376 1.048685 1.047546
v -0.517498 1.063107 1.071820
v -0.504567 1.048685 1.064354
v -0.513346 1.063107 1.087316
v -0.498415 1.048685 1.087316
v -0.517498 1.063107 1.102811
v -0.504567 1.048685 1.110277
v -0.528841 1.063107 1.114155
v -0.521376 1.048685 1.127085
v -0.544337 1.063107 1.118307
v -0.544337 1.048685 1.133238
v -0.559833 1.063107 1.114155
v -0.567298 1.048685 1.127085
v -0.571176 1.063107 1.102811
v -0.584107 1.048685 1.110277
v -0.575328 1.063107 1.087316
v -0.590259 1.048685 1.087316
v -0.571176 1.063107 1.071820
v -0.584107 1.048685 1.064354
v -0.559833 1.063107 1.060476
v -0.567298 1.048685 1.047546
v -0.472839 0.014113 1.086788
v -0.472839 0.014111 -1.086789
v -0.472839 3.018855 -1.086790
v -0.372502 3.018855 -1.086790
v -0.372502 3.018857 1.086787
v -0.372502 0.014113 1.086788
v -0.372502 0.014111 -1.086789
v -0.472839 2.258104 -0.362264
v -0.472839 2.258104 0.362262
v -0.472839 2.777347 -0.362264
v -0.372502 2.258104 -0.362264
v -0.372502 2.258104 0.362262
v -0.372502 2.777347 0.362261
v -0.472839 3.018857 1.086787
v -0.472839 2.777347 0.362261
v -0.372502 2.777347 -0.362264
v -0.277280 1.203817 -0.000001
v -0.254983 1.213265 -0.000001
v -0.246273 1.235644 -0.000001
v -0.255833 1.257192 -0.000001
v -0.277280 1.265787 -0.000001
v -0.298726 1.257192 -0.000001
v -0.308286 1.235644 -0.000001
v -0.299576 1.213265 -0.000001
v -0.277280 1.222484 -0.093848
v -0.254983 1.231213 -0.090232
v -0.246273 1.251888 -0.081668
v -0.255833 1.271796 -0.073422
v -0.277280 1.279737 -0.070133
v -0.298726 1.271796 -0.073422
v -0.308286 1.251888 -0.081668
v -0.299576 1.231213 -0.090232
v -0.277280 1.275644 -0.173407
v -0.254983 1.282325 -0.166726
v -0.246273 1.298149 -0.150902
v -0.255833 1.313386 -0.135665
v -0.277280 1.319463 -0.129588
v -0.298726 1.313386 -0.135665
v -0.308286 1.298149 -0.150902
v -0.299576 1.282325 -0.166726
v -0.277280 1.355203 -0.226567
v -0.254983 1.358819 -0.217837
v -0.246273 1.367383 -0.197163
v -0.255833 1.375629 -0.177255
v -0.277280 1.378918 -0.169314
v -0.298726 1.375629 -0.177255
v -0.308286 1.367383 -0.197163
v -0.299576 1.358819 -0.217837
v -0.277280 1.449050 -0.245234
v -0.254983 1.449050 -0.235786
v -0.246273 1.449050 -0.213407
v -0.255833 1.449050 -0.191859
v -0.277280 1.449050 -0.183264
v -0.298726 1.449050 -0.191859
v -0.308286 1.449050 -0.213407
v -0.299576 1.449050 -0.235786
v -0.277280 1.542897 -0.226567
v -0.254983 1.539281 -0.217838
v -0.246273 1.530717 -0.197163
v -0.255833 1.522471 -0.177255
v -0.277280 1.519182 -0.169314
v -0.298726 1.522471 -0.177255
v -0.308286 1.530717 -0.197163
v -0.299576 1.539281 -0.217838
v -0.277280 1.622456 -0.173407
v -0.254983 1.615775 -0.166726
v -0.246273 1.599951 -0.150902
v -0.255833 1.584714 -0.135665
v -0.277280 1.578637 -0.129588
v -0.298726 1.584714 -0.135665
v -0.308286 1.599951 -0.150902
v -0.299576 1.615775 -0.166726
v -0.277280 1.675616 -0.093848
v -0.254983 1.666887 -0.090232
v -0.246273 1.646212 -0.081668
v -0.255833 1.626304 -0.073422
v -0.277280 1.618363 -0.070133
v -0.298726 1.626304 -0.073422
v -0.308286 1.646212 -0.081668
v -0.299576 1.666887 -0.090232
v -0.277280 1.694283 -0.000001
v -0.254983 1.684835 -0.000001
v -0.246273 1.662457 -0.000001
v -0.255833 1.640909 -0.000001
v -0.277280 1.632314 -0.000001
v -0.298726 1.640909 -0.000001
v -0.308286 1.662457 -0.000001
v -0.299576 1.684835 -0.000001
v -0.277280 1.675616 0.093845
v -0.254983 1.666887 0.090230
v -0.246273 1.646212 0.081666
v -0.255833 1.626304 0.073420
v -0.277280 1.618364 0.070131
v -0.298726 1.626304 0.073420
v -0.308286 1.646212 0.081666
v -0.299576 1.666887 0.090230
v -0.277280 1.622457 0.173405
v -0.254983 1.615775 0.166724
v -0.246273 1.599951 0.150900
v -0.255833 1.584714 0.135663
v -0.277280 1.578637 0.129586
v -0.298726 1.584714 0.135663
v -0.308286 1.599951 0.150900
v -0.299576 1.615775 0.166724
v -0.277280 1.542897 0.226565
v -0.254983 1.539281 0.217836
v -0.246273 1.530717 0.197161
v -0.255833 1.522471 0.177253
v -0.277280 1.519182 0.169312
v -0.298726 1.522471 0.177253
v -0.308286 1.530717 0.197161
v -0.299576 1.539281 0.217836
v -0.277280 1.449050 0.245232
v -0.254983 1.449050 0.235784
v -0.246273 1.449050 0.213405
v -0.255833 1.449050 0.191857
v -0.277280 1.449050 0.183263
v -0.298726 1.449050 0.191857
v -0.308286 1.449050 0.213405
v -0.299576 1.449050 0.235784
v -0.277280 1.355204 0.226565
v -0.254983 1.358819 0.217836
v -0.246273 1.367383 0.197161
v -0.255833 1.375629 0.177253
v -0.277280 1.378918 0.169313
v -0.298726 1.375629 0.177253
v -0.308286 1.367383 0.197161
v -0.299576 1.358819 0.217836
v -0.277280 1.275644 0.173405
v -0.254983 1.282325 0.166724
v -0.246273 1.298149 0.150900
v -0.255833 1.313386 0.135664
v -0.277280 1.319463 0.129586
v -0.298726 1.313386 0.135664
v -0.308286 1.298149 0.150900
v -0.299576 1.282325 0.166724
v -0.277280 1.222484 0.093846
v -0.254983 1.231214 0.090230
v -0.246273 1.251889 0.081666
v -0.255833 1.271796 0.073420
v -0.277280 1.279737 0.070131
v -0.298726 1.271796 0.073420
v -0.308286 1.251889 0.081666
v -0.299576 1.231214 0.090230
v -0.367668 1.533985 -0.068055
v -0.367668 1.565663 -0.099733
v -0.367668 1.700333 -0.099734
v -0.367668 1.732012 -0.068055
v -0.367668 1.565663 0.099732
v -0.367668 1.533985 0.068053
v -0.367668 1.732012 0.068053
v -0.367668 1.700333 0.099731
v -0.203489 1.580286 -0.064433
v -0.238790 1.565663 -0.099733
v -0.203489 1.569286 -0.053433
v -0.238790 1.533985 -0.068055
v -0.203489 1.696711 -0.053433
v -0.238790 1.732012 -0.068055
v -0.203489 1.685711 -0.064433
v -0.238790 1.700333 -0.099734
v -0.203489 1.569286 0.053431
v -0.238790 1.533985 0.068053
v -0.203489 1.580286 0.064431
v -0.238790 1.565663 0.099732
v -0.203489 1.685711 0.064431
v -0.238790 1.700333 0.099731
v -0.203489 1.696711 0.053431
v -0.238790 1.732012 0.068053
v -0.539810 2.446158 0.300015
v -0.516583 2.446158 0.311227
v -0.501448 2.446158 0.338116
v -0.546508 2.446158 0.395499
v -0.564507 2.446158 0.392185
v -0.582586 2.446158 0.374105
v -0.589203 2.446158 0.349408
v -0.582586 2.446158 0.324711
v -0.564507 2.446158 0.306632
v -0.539810 2.580706 0.300015
v -0.516583 2.580706 0.311227
v -0.501448 2.580706 0.338116
v -0.546508 2.580706 0.395499
v -0.564507 2.580706 0.392185
v -0.582586 2.580706 0.374105
v -0.589203 2.580706 0.349408
v -0.582586 2.580706 0.324711
v -0.564507 2.580706 0.306632
v -0.501375 2.446158 0.532049
v -0.548253 2.446158 0.532049
v -0.501375 2.580706 0.532049
v -0.548253 2.580706 0.532049
v -0.580127 1.561411 -0.861813
v -0.657987 1.483551 -0.765130
v -0.657987 1.483550 -0.861813
v -0.647556 1.444621 -0.765130
v -0.647556 1.444620 -0.861813
v -0.619057 1.416121 -0.765130
v -0.619057 1.416121 -0.861813
v -0.580127 1.405690 -0.765130
v -0.580127 1.405690 -0.861813
v -0.538960 1.405690 -0.861813
v -0.538960 1.405690 -0.765130
v -0.538960 1.561411 -0.861813
v -0.502780 1.252003 -0.861813
v -0.502780 1.252003 -0.765130
v -0.580127 1.561411 -0.765130
v -0.619057 1.550979 -0.765130
v -0.619057 1.550979 -0.861813
v -0.647556 1.522481 -0.765130
v -0.647556 1.522481 -0.861813
v -0.538960 1.561411 -0.765130
v -0.538960 1.715215 -0.765130
v -0.538960 1.715215 -0.861813
v -0.538960 1.252003 -0.861813
v -0.538960 1.252003 -0.765130
v -0.502780 1.715215 -0.765130
v -0.502780 1.715215 -0.861813
v -0.580127 1.561412 -0.244202
v -0.657987 1.483551 -0.147519
v -0.657987 1.483551 -0.244202
v -0.647556 1.444621 -0.147519
v -0.647556 1.444621 -0.244202
v -0.619057 1.416122 -0.147519
v -0.619057 1.416122 -0.244202
v -0.580127 1.405690 -0.147519
v -0.580127 1.405690 -0.244202
v -0.538960 1.405690 -0.244202
v -0.538960 1.405690 -0.147519
v -0.538960 1.561412 -0.244202
v -0.502780 1.252003 -0.244202
v -0.502780 1.252004 -0.147519
v -0.580127 1.561412 -0.147519
v -0.619057 1.550980 -0.147519
v -0.619057 1.550980 -0.244202
v -0.647556 1.522481 -0.147519
v -0.647556 1.522481 -0.244202
v -0.538960 1.561412 -0.147519
v -0.538960 1.715216 -0.147519
v -0.538960 1.715216 -0.244202
v -0.538960 1.252003 -0.244202
v -0.538960 1.252003 -0.147519
v -0.502780 1.715216 -0.147519
v -0.502780 1.715216 -0.244202
v -0.540598 2.570605 -0.475019
v -0.588730 2.522473 -0.414712
v -0.588730 2.522473 -0.475019
v -0.582281 2.498408 -0.414712
v -0.582281 2.498408 -0.475019
v -0.564664 2.480790 -0.414712
v -0.564664 2.480790 -0.475019
v -0.540598 2.474341 -0.414712
v -0.540598 2.474341 -0.475019
v -0.520069 2.474341 -0.475019
v -0.520069 2.474341 -0.414712
v -0.520069 2.570605 -0.475019
v -0.500888 2.408428 -0.475019
v -0.500888 2.408428 -0.414712
v -0.540598 2.570605 -0.414712
v -0.564664 2.564157 -0.414712
v -0.564664 2.564157 -0.475019
v -0.582281 2.546539 -0.414712
v -0.582281 2.546539 -0.475019
v -0.520069 2.570605 -0.414712
v -0.520069 2.622045 -0.414712
v -0.520069 2.622045 -0.475019
v -0.520069 2.408428 -0.475019
v -0.520069 2.408428 -0.414712
v -0.500888 2.622045 -0.414712
v -0.500888 2.622045 -0.475019
v -0.364492 0.167699 0.971834
v -0.364492 0.389828 0.971834
v -0.364492 0.167698 -0.971834
v -0.364492 0.389827 -0.971834
v -0.325680 0.167699 0.971834
v -0.325680 0.389828 0.971834
v -0.325680 0.167698 -0.971834
v -0.325680 0.389827 -0.971834
v -0.364492 1.789829 0.971833
v -0.364492 2.011958 0.971833
v -0.364492 1.789828 -0.971835
v -0.364492 2.011957 -0.971835
v -0.325680 1.789829 0.971833
v -0.325680 2.011958 0.971833
v -0.325680 1.789828 -0.971835
v -0.325680 2.011957 -0.971835
v -0.322397 2.765272 0.543393
v -0.322397 2.910177 0.543393
v -0.322397 2.765272 -0.543396
v -0.322397 2.910177 -0.543396
v -0.509356 2.765272 0.543393
v -0.509356 2.910177 0.543393
v -0.509356 2.765272 -0.543396
v -0.509356 2.910177 -0.543396
v -0.322915 2.122156 0.543393
v -0.322915 2.269593 0.543393
v -0.322915 2.122155 -0.543396
v -0.322915 2.269593 -0.543396
v -0.509875 2.122156 0.543393
v -0.509875 2.269593 0.543393
v -0.509875 2.122155 -0.543396
v -0.509875 2.269593 -0.543396
v -0.505130 1.766626 -1.023253
v -0.505130 1.175925 -1.023251
v -0.505130 1.175923 0.014766
v -0.505130 1.766631 0.014765
v -0.471320 1.766626 -1.023253
v -0.471320 1.175925 -1.023251
v -0.471320 1.175923 0.014766
v -0.471320 1.766631 0.014765
v -0.336591 2.260088 0.350186
v -0.336591 2.260088 0.532583
v -0.336591 2.773604 0.350186
v -0.336591 2.773604 0.531317
v -0.500774 2.260088 0.350186
v -0.500774 2.260088 0.532583
v -0.500774 2.773604 0.350186
v -0.500774 2.773604 0.531317
v -0.336591 2.260088 -0.350189
v -0.336591 2.260088 -0.532586
v -0.336591 2.773603 -0.350189
v -0.336591 2.773603 -0.531320
v -0.500774 2.260088 -0.350189
v -0.500774 2.260088 -0.532586
v -0.500774 2.773603 -0.350189
v -0.500774 2.773603 -0.531320
v -0.544337 2.784664 1.087315
v -0.544337 2.733159 1.041392
v -0.521376 2.733159 1.047545
v -0.504567 2.733159 1.064354
v -0.498415 2.733159 1.087315
v -0.504567 2.733159 1.110276
v -0.521376 2.733159 1.127085
v -0.544337 2.733159 1.133237
v -0.567298 2.733159 1.127085
v -0.584107 2.733159 1.110276
v -0.590259 2.733159 1.087315
v -0.584107 2.733159 1.064354
v -0.567298 2.733159 1.047545
v -0.544337 2.770242 1.041392
v -0.544337 2.784664 1.056323
v -0.528841 2.784664 1.060475
v -0.521376 2.770242 1.047545
v -0.517498 2.784664 1.071819
v -0.504567 2.770242 1.064354
v -0.513346 2.784664 1.087315
v -0.498415 2.770242 1.087315
v -0.517498 2.784664 1.102810
v -0.504567 2.770242 1.110276
v -0.528841 2.784664 1.114154
v -0.521376 2.770242 1.127085
v -0.544337 2.784664 1.118306
v -0.544337 2.770242 1.133237
v -0.559833 2.784664 1.114154
v -0.567298 2.770242 1.127085
v -0.571176 2.784664 1.102810
v -0.584107 2.770242 1.110276
v -0.575328 2.784664 1.087315
v -0.590259 2.770242 1.087315
v -0.571176 2.784664 1.071819
v -0.584107 2.770242 1.064354
v -0.559833 2.784664 1.060475
v -0.567298 2.770242 1.047545
vn -0.0046 1.0000 0.0037
vn -0.0014 1.0000 0.0028
vn -0.0000 1.0000 0.0040
vn -0.0000 -1.0000 -0.0000
vn 0.0027 -1.0000 -0.0012
vn -0.0058 1.0000 0.0025
vn -0.0000 1.0000 -0.0000
vn 0.0022 -1.0000 -0.0017
vn -0.0000 -1.0000 -0.0019
vn 0.0006 -1.0000 -0.0013
vn -0.9636 0.0001 0.2673
vn -0.6622 0.0004 0.7493
vn -0.9636 0.0001 0.2672
vn -0.1894 -0.0000 0.9819
vn -0.0000 -0.0000 1.0000
vn -0.9060 -0.0000 -0.4233
vn -0.9812 -0.0000 -0.1931
vn -0.9060 -0.0000 -0.4234
vn -0.8954 -0.0000 -0.4452
vn 0.9792 -0.0000 -0.2030
vn -0.6606 -0.0000 0.7508
vn -0.0000 -0.9534 -0.3018
vn -0.0000 0.9641 -0.2655
vn -0.0000 0.8591 -0.5119
vn -0.9067 -0.0001 -0.4218
vn -0.9739 -0.0001 -0.2269
vn -0.9068 -0.0002 -0.4217
vn -0.0057 -1.0000 -0.0007
vn -0.0004 -1.0000 -0.0001
vn -1.0000 -0.0000 -0.0000
vn -0.0000 0.9641 -0.2654
vn -0.0000 -0.8178 -0.5754
vn 0.0078 1.0000 0.0023
vn 0.0006 1.0000 0.0014
vn -0.0000 1.0000 0.0014
vn -0.0000 -0.0000 -1.0000
vn -0.9812 -0.0001 -0.1932
vn -0.6617 0.0002 0.7498
vn -0.1954 0.0003 0.9807
vn -0.0000 0.0002 1.0000
vn -0.9647 -0.0000 0.2633
vn -0.9812 -0.0001 -0.1930
vn -0.0000 0.3692 -0.9293
vn 0.5000 -0.0000 -0.8660
vn -0.4647 0.3692 -0.8048
vn -0.5000 -0.0000 -0.8660
vn 0.4647 0.3693 -0.8048
vn 0.8660 -0.0000 -0.5000
vn 0.4257 0.9048 -0.0000
vn 0.3687 0.9048 -0.2129
vn 0.8048 0.3692 -0.4647
vn 1.0000 -0.0000 -0.0000
vn 0.3687 0.9048 0.2129
vn 0.9293 0.3693 -0.0000
vn 0.8660 -0.0000 0.5000
vn 0.2129 0.9048 0.3687
vn 0.8048 0.3692 0.4647
vn 0.5000 -0.0000 0.8660
vn -0.0000 0.9048 0.4257
vn 0.4647 0.3692 0.8048
vn -0.2129 0.9048 0.3687
vn -0.0000 0.3692 0.9293
vn -0.5000 -0.0000 0.8660
vn -0.3687 0.9048 0.2129
vn -0.4647 0.3692 0.8048
vn -0.8660 -0.0000 0.5000
vn -0.4257 0.9048 -0.0000
vn -0.8048 0.3692 0.4647
vn -0.3687 0.9048 -0.2129
vn -0.9293 0.3693 -0.0000
vn -0.8660 -0.0000 -0.5000
vn -0.2129 0.9048 -0.3687
vn -0.8048 0.3692 -0.4647
vn 0.2129 0.9048 -0.3687
vn -0.0000 0.9048 -0.4257
vn -0.0000 -0.9239 -0.3827
vn 0.6941 -0.7199 -0.0000
vn 0.9997 -0.0229 -0.0095
vn 0.9997 -0.0248 -0.0000
vn 0.7183 0.6957 -0.0000
vn 0.7184 0.6427 0.2662
vn -0.7184 0.6427 0.2662
vn -0.7183 0.6957 -0.0000
vn -0.9997 -0.0229 -0.0095
vn -0.9997 -0.0248 -0.0000
vn -0.6941 -0.7199 -0.0000
vn 0.6941 -0.5090 -0.5090
vn 0.6941 -0.6651 -0.2755
vn 0.9997 -0.0175 -0.0175
vn 0.7184 0.4919 0.4919
vn -0.0000 0.9239 0.3827
vn -0.7184 0.4919 0.4919
vn -0.9997 -0.0175 -0.0175
vn -0.6941 -0.6651 -0.2755
vn -0.6941 -0.5090 -0.5090
vn -0.0000 -0.7071 -0.7071
vn 0.6941 -0.2755 -0.6651
vn 0.9997 -0.0095 -0.0229
vn -0.0000 0.3827 0.9239
vn -0.0000 0.7071 0.7071
vn -0.9997 -0.0095 -0.0229
vn -0.6941 -0.2755 -0.6651
vn -0.0000 -0.3827 -0.9239
vn 0.6941 -0.0000 -0.7199
vn 0.7183 -0.0000 0.6957
vn 0.7183 0.2662 0.6427
vn -0.7183 0.2662 0.6427
vn -0.7183 -0.0000 0.6957
vn -0.6941 -0.0000 -0.7199
vn -0.0000 0.3827 -0.9239
vn 0.9997 0.0095 -0.0229
vn 0.9997 -0.0000 -0.0248
vn 0.7183 -0.2662 0.6427
vn -0.0000 -0.3827 0.9239
vn -0.7183 -0.2662 0.6427
vn -0.9997 -0.0000 -0.0248
vn -0.9997 0.0095 -0.0229
vn 0.6941 0.5091 -0.5091
vn 0.6941 0.2755 -0.6651
vn 0.9997 0.0175 -0.0175
vn 0.7183 -0.4919 0.4919
vn -0.7184 -0.4919 0.4919
vn -0.9997 0.0175 -0.0175
vn -0.6941 0.2755 -0.6651
vn -0.6941 0.5091 -0.5091
vn -0.0000 0.9239 -0.3827
vn -0.0000 0.7071 -0.7071
vn 0.9997 0.0229 -0.0095
vn 0.7184 -0.6427 0.2662
vn -0.0000 -0.7071 0.7071
vn -0.0000 -0.9239 0.3827
vn -0.9997 0.0229 -0.0095
vn 0.6941 0.6651 -0.2755
vn 0.9997 0.0248 -0.0000
vn -0.7183 -0.6427 0.2662
vn -0.7183 -0.6957 -0.0000
vn -0.9997 0.0248 -0.0000
vn -0.6941 0.6651 -0.2755
vn 0.6941 0.7199 -0.0000
vn 0.9997 0.0229 0.0095
vn 0.7183 -0.6957 -0.0000
vn -0.7184 -0.6427 -0.2662
vn -0.9997 0.0229 0.0095
vn -0.6941 0.7199 -0.0000
vn 0.6941 0.5090 0.5090
vn 0.6941 0.6651 0.2755
vn 0.9997 0.0175 0.0175
vn 0.7183 -0.6427 -0.2662
vn -0.9997 0.0175 0.0175
vn -0.6941 0.6651 0.2755
vn 0.6941 0.2755 0.6651
vn 0.9997 0.0095 0.0229
vn 0.7183 -0.4919 -0.4919
vn -0.7183 -0.4919 -0.4919
vn -0.9997 0.0095 0.0229
vn -0.6941 0.2755 0.6651
vn -0.6941 0.5090 0.5090
vn 0.6941 -0.0000 0.7199
vn 0.9997 -0.0000 0.0248
vn 0.7183 -0.2662 -0.6427
vn -0.7183 -0.2662 -0.6427
vn -0.9997 -0.0000 0.0248
vn -0.6941 -0.0000 0.7199
vn 0.9997 -0.0095 0.0229
vn 0.7183 0.2662 -0.6427
vn 0.7183 -0.0000 -0.6957
vn -0.7183 0.2662 -0.6427
vn -0.7183 -0.0000 -0.6957
vn -0.9997 -0.0095 0.0229
vn -0.6941 -0.2755 0.6651
vn 0.6941 -0.2755 0.6651
vn 0.9997 -0.0176 0.0175
vn 0.7184 0.4919 -0.4919
vn -0.7184 0.4919 -0.4919
vn -0.9997 -0.0176 0.0176
vn -0.6941 -0.5090 0.5090
vn 0.6941 -0.6651 0.2755
vn 0.6941 -0.5090 0.5090
vn 0.7184 0.6427 -0.2662
vn -0.7184 0.6427 -0.2662
vn -0.6941 -0.6651 0.2755
vn 0.9997 -0.0229 0.0095
vn -0.9997 -0.0229 0.0095
vn 0.8991 -0.4044 0.1675
vn 0.8991 -0.1675 -0.4044
vn 0.8991 -0.1675 0.4044
vn 0.3688 -0.8587 0.3557
vn 0.3688 -0.3557 0.8587
vn 0.3688 0.8587 0.3557
vn 0.3688 0.3557 -0.8587
vn 0.3688 -0.3557 -0.8587
vn 0.3688 0.8587 -0.3557
vn 0.8991 0.1675 0.4044
vn 0.8991 0.4044 0.1675
vn 0.8991 -0.4044 -0.1675
vn 0.8991 0.1675 -0.4044
vn 0.8991 0.4044 -0.1675
vn 0.3689 -0.8587 -0.3557
vn 0.3688 0.3557 0.8587
vn 0.0938 -0.0000 -0.9956
vn 0.6845 -0.0000 -0.7290
vn 0.9673 -0.0000 -0.2537
vn -0.1811 -0.0000 0.9835
vn -0.4651 -0.0000 0.8853
vn -0.9999 -0.0000 -0.0128
vn 1.0000 -0.0000 -0.0004
vn -0.8660 -0.5000 -0.0000
vn -0.5000 -0.8660 -0.0000
vn -0.1305 -0.9914 -0.0000
vn -0.1305 0.9914 -0.0000
vn -0.5000 0.8660 -0.0000
vn -0.8660 0.5000 -0.0000
vn -0.0000 0.0025 1.0000
vn -0.0000 0.0025 -1.0000
vn -0.0047 1.0000 0.0037
vn -0.9739 -0.0000 -0.2270
vn -0.0055 -1.0000 -0.0007
vn -0.0003 -1.0000 -0.0000
vn 0.0081 1.0000 0.0023
vn -0.1948 0.0001 0.9808
vn -0.4647 0.3693 -0.8048
vn 0.8048 0.3693 -0.4647
vn 0.9293 0.3692 -0.0000
vn 0.8048 0.3693 0.4647
vn 0.4647 0.3693 0.8048
vn -0.4647 0.3693 0.8048
vn -0.8048 0.3693 0.4647
vn -0.2129 0.9049 -0.3687
vn 0.2129 0.9049 -0.3687
vt 0.029930 0.920724
vt 0.035942 0.941971
vt 0.029936 0.943217
vt 0.055746 0.886269
vt 0.061784 0.885742
vt 0.064180 0.887428
vt 0.038201 0.931249
vt 0.039393 0.939678
vt 0.074734 0.895660
vt 0.052241 0.895739
vt 0.053466 0.889733
vt 0.743135 0.635205
vt 0.746528 0.655166
vt 0.743185 0.655173
vt 0.224494 0.797281
vt 0.204876 0.791151
vt 0.224494 0.791148
vt 0.204876 0.810603
vt 0.224494 0.807669
vt 0.224494 0.810600
vt 0.204922 0.823988
vt 0.224586 0.823985
vt 0.204915 0.768658
vt 0.224580 0.768655
vt 0.204876 0.801430
vt 0.224494 0.801427
vt 0.039900 0.933638
vt 0.171624 0.235968
vt 0.010000 0.231806
vt 0.193740 0.231345
vt 0.453183 0.707355
vt 0.471075 0.702785
vt 0.471069 0.707375
vt 0.737404 0.655192
vt 0.723869 0.635265
vt 0.737354 0.635225
vt 0.252425 0.765276
vt 0.290432 0.770268
vt 0.230352 0.769596
vt 0.562316 0.655706
vt 0.546923 0.646598
vt 0.562257 0.635739
vt 0.307946 0.416932
vt 0.469586 0.413488
vt 0.469554 0.418085
vt 0.489862 0.702805
vt 0.489856 0.707401
vt 0.010054 0.765276
vt 0.048059 0.785046
vt 0.010000 0.784940
vt 0.124838 0.704455
vt 0.086778 0.709019
vt 0.086778 0.704448
vt 0.319706 0.712897
vt 0.324276 0.732613
vt 0.319706 0.732612
vt 0.192175 0.241328
vt 0.186424 0.243067
vt 0.183737 0.241895
vt 0.740335 0.655186
vt 0.746478 0.635199
vt 0.750695 0.655153
vt 0.756774 0.635172
vt 0.756828 0.655140
vt 0.285811 0.418341
vt 0.285854 0.412210
vt 0.193757 0.237476
vt 0.293124 0.423966
vt 0.287381 0.422201
vt 0.295817 0.422806
vt 0.224494 0.804818
vt 0.204876 0.807672
vt 0.204876 0.804821
vt 0.740285 0.635219
vt 0.025161 0.935210
vt 0.021881 0.937591
vt 0.021868 0.935230
vt 0.025148 0.932849
vt 0.021855 0.932870
vt 0.025181 0.937570
vt 0.021901 0.939951
vt 0.199428 0.847886
vt 0.202308 0.848670
vt 0.201529 0.850007
vt 0.025194 0.939931
vt 0.021914 0.942312
vt 0.202315 0.847123
vt 0.025036 0.913966
vt 0.021750 0.916346
vt 0.021736 0.913986
vt 0.201549 0.845786
vt 0.025049 0.916326
vt 0.021769 0.918707
vt 0.200214 0.845002
vt 0.025062 0.918686
vt 0.021782 0.921067
vt 0.198669 0.844995
vt 0.025075 0.921047
vt 0.021796 0.923428
vt 0.197327 0.845766
vt 0.025088 0.923407
vt 0.021809 0.925788
vt 0.196548 0.847096
vt 0.025108 0.925768
vt 0.021822 0.928149
vt 0.196541 0.848644
vt 0.025121 0.928128
vt 0.021842 0.930509
vt 0.197307 0.849987
vt 0.025134 0.930489
vt 0.200187 0.850771
vt 0.198642 0.850764
vt 0.200712 0.852766
vt 0.202981 0.851469
vt 0.204298 0.849210
vt 0.204310 0.846602
vt 0.203014 0.844330
vt 0.200757 0.843013
vt 0.198144 0.843000
vt 0.195875 0.844297
vt 0.194558 0.846556
vt 0.194546 0.849171
vt 0.195842 0.851436
vt 0.198099 0.852753
vt 0.521755 0.192483
vt 0.446281 0.264502
vt 0.223377 0.192772
vt 0.503860 0.414117
vt 0.527983 0.557985
vt 0.504071 0.629964
vt 0.579545 0.557945
vt 0.802238 0.413828
vt 0.579475 0.485992
vt 0.446351 0.336455
vt 0.521966 0.408330
vt 0.223588 0.408619
vt 0.497913 0.336403
vt 0.225833 0.057310
vt 0.010085 0.045496
vt 0.225919 0.047353
vt 0.525935 0.186373
vt 0.310066 0.177009
vt 0.525907 0.176416
vt 0.310094 0.186979
vt 0.011690 0.177852
vt 0.824284 0.175586
vt 0.824311 0.185543
vt 0.676419 0.687446
vt 0.748379 0.677581
vt 0.748366 0.687552
vt 0.238103 0.419041
vt 0.186515 0.428854
vt 0.186542 0.418897
vt 0.179783 0.625149
vt 0.231333 0.635172
vt 0.179771 0.635120
vt 0.795690 0.680796
vt 0.785706 0.752740
vt 0.785732 0.680793
vt 0.216138 0.283647
vt 0.213743 0.275395
vt 0.216138 0.275395
vt 0.211368 0.283647
vt 0.211368 0.275395
vt 0.209036 0.275395
vt 0.209036 0.283647
vt 0.206751 0.275395
vt 0.204466 0.283647
vt 0.204466 0.275395
vt 0.202134 0.283647
vt 0.202134 0.275395
vt 0.199759 0.275395
vt 0.197364 0.283647
vt 0.197364 0.275395
vt 0.213743 0.291899
vt 0.213743 0.283647
vt 0.211368 0.291899
vt 0.209036 0.291899
vt 0.206751 0.283647
vt 0.204466 0.291899
vt 0.202134 0.291899
vt 0.199759 0.283647
vt 0.199759 0.291899
vt 0.216138 0.291899
vt 0.213743 0.300150
vt 0.211368 0.300150
vt 0.206751 0.300150
vt 0.206751 0.291899
vt 0.202134 0.300150
vt 0.199759 0.300150
vt 0.197364 0.291899
vt 0.216138 0.300150
vt 0.213743 0.308402
vt 0.209036 0.308402
vt 0.209036 0.300150
vt 0.206751 0.308402
vt 0.204466 0.300150
vt 0.204466 0.308402
vt 0.199759 0.308402
vt 0.197364 0.300150
vt 0.216138 0.316654
vt 0.216138 0.308402
vt 0.211368 0.316654
vt 0.211368 0.308402
vt 0.209036 0.316654
vt 0.206751 0.316654
vt 0.204466 0.316654
vt 0.202134 0.308402
vt 0.202134 0.316654
vt 0.197364 0.316654
vt 0.197364 0.308402
vt 0.213743 0.324906
vt 0.213743 0.316654
vt 0.211368 0.324906
vt 0.209036 0.324906
vt 0.204466 0.324906
vt 0.202134 0.324906
vt 0.199759 0.316654
vt 0.199759 0.324906
vt 0.216138 0.333158
vt 0.216138 0.324906
vt 0.211368 0.333158
vt 0.209036 0.333158
vt 0.206751 0.324906
vt 0.206751 0.333158
vt 0.202134 0.333158
vt 0.197364 0.333158
vt 0.197364 0.324906
vt 0.216138 0.341410
vt 0.213743 0.333158
vt 0.211368 0.341410
vt 0.206751 0.341410
vt 0.204466 0.333158
vt 0.204466 0.341410
vt 0.202134 0.341410
vt 0.199759 0.333158
vt 0.197364 0.341410
vt 0.216138 0.217631
vt 0.213743 0.209379
vt 0.216138 0.209379
vt 0.211368 0.217631
vt 0.211368 0.209379
vt 0.209036 0.209379
vt 0.206751 0.217631
vt 0.206751 0.209379
vt 0.204466 0.217631
vt 0.204466 0.209379
vt 0.202134 0.209379
vt 0.202134 0.217631
vt 0.199759 0.209379
vt 0.197364 0.217631
vt 0.197364 0.209379
vt 0.213743 0.225883
vt 0.213743 0.217631
vt 0.211368 0.225883
vt 0.209036 0.217631
vt 0.206751 0.225883
vt 0.202134 0.225883
vt 0.199759 0.217631
vt 0.197364 0.225883
vt 0.216138 0.225883
vt 0.213743 0.234135
vt 0.211368 0.234135
vt 0.209036 0.225883
vt 0.206751 0.234135
vt 0.204466 0.225883
vt 0.202134 0.234135
vt 0.199759 0.234135
vt 0.199759 0.225883
vt 0.216138 0.234135
vt 0.213743 0.242387
vt 0.211368 0.242387
vt 0.209036 0.234135
vt 0.206751 0.242387
vt 0.204466 0.234135
vt 0.202134 0.242387
vt 0.199759 0.242387
vt 0.197364 0.234135
vt 0.216138 0.250639
vt 0.216138 0.242387
vt 0.211368 0.250639
vt 0.209036 0.250639
vt 0.209036 0.242387
vt 0.204466 0.250639
vt 0.204466 0.242387
vt 0.202134 0.250639
vt 0.199759 0.250639
vt 0.197364 0.242387
vt 0.216138 0.258891
vt 0.213743 0.250639
vt 0.211368 0.258891
vt 0.209036 0.258891
vt 0.206751 0.250639
vt 0.204466 0.258891
vt 0.202134 0.258891
vt 0.199759 0.258891
vt 0.197364 0.250639
vt 0.213743 0.267143
vt 0.213743 0.258891
vt 0.209036 0.267143
vt 0.206751 0.267143
vt 0.206751 0.258891
vt 0.204466 0.267143
vt 0.199759 0.267143
vt 0.197364 0.267143
vt 0.197364 0.258891
vt 0.216138 0.267143
vt 0.211368 0.267143
vt 0.202134 0.267143
vt 0.627718 0.709539
vt 0.615910 0.708551
vt 0.628801 0.708571
vt 0.777724 0.057541
vt 0.764045 0.070165
vt 0.764209 0.057370
vt 0.759597 0.070106
vt 0.167138 0.266106
vt 0.171587 0.253310
vt 0.171587 0.266106
vt 0.959712 0.248261
vt 0.973103 0.261037
vt 0.959730 0.261057
vt 0.890455 0.184034
vt 0.903828 0.196830
vt 0.890455 0.196830
vt 0.185103 0.253310
vt 0.189551 0.253310
vt 0.185103 0.266106
vt 0.629791 0.714340
vt 0.629816 0.692640
vt 0.628812 0.698409
vt 0.627732 0.697435
vt 0.616991 0.709526
vt 0.611240 0.710836
vt 0.615922 0.698390
vt 0.614931 0.692621
vt 0.617005 0.697422
vt 0.614906 0.714320
vt 0.611256 0.696104
vt 0.633483 0.696124
vt 0.782172 0.057600
vt 0.777560 0.070336
vt 0.211113 0.894551
vt 0.220595 0.895223
vt 0.219481 0.897528
vt 0.533806 0.745940
vt 0.547149 0.743310
vt 0.547162 0.745872
vt 0.533819 0.748479
vt 0.547175 0.748410
vt 0.216810 0.899030
vt 0.893851 0.806926
vt 0.907154 0.810228
vt 0.893799 0.809990
vt 0.197552 0.899030
vt 0.197554 0.894380
vt 0.533885 0.760452
vt 0.547228 0.758566
vt 0.547241 0.760383
vt 0.211443 0.892760
vt 0.213239 0.890969
vt 0.533872 0.758635
vt 0.547214 0.756027
vt 0.215692 0.890310
vt 0.533859 0.756096
vt 0.547201 0.753488
vt 0.218144 0.890969
vt 0.533846 0.753557
vt 0.547188 0.750949
vt 0.219939 0.892773
vt 0.533832 0.751018
vt 0.565870 0.802448
vt 0.561234 0.789082
vt 0.565897 0.789087
vt 0.621655 0.899371
vt 0.617177 0.912932
vt 0.617006 0.899372
vt 0.222853 0.434103
vt 0.236356 0.447525
vt 0.222795 0.447472
vt 0.621655 0.918629
vt 0.906812 0.829483
vt 0.893456 0.829245
vt 0.620154 0.921300
vt 0.617849 0.922414
vt 0.615399 0.921757
vt 0.613595 0.919963
vt 0.612936 0.917511
vt 0.613595 0.915058
vt 0.615386 0.913262
vt 0.252449 0.925592
vt 0.244862 0.917724
vt 0.245968 0.913877
vt 0.945758 0.446851
vt 0.957357 0.453542
vt 0.953491 0.454583
vt 0.134146 0.192483
vt 0.138149 0.202084
vt 0.134147 0.202084
vt 0.248853 0.911098
vt 0.960186 0.450710
vt 0.142151 0.192483
vt 0.142151 0.202084
vt 0.252725 0.910131
vt 0.961222 0.446851
vt 0.146153 0.192483
vt 0.146153 0.202084
vt 0.945758 0.442768
vt 0.961221 0.442768
vt 0.976482 0.439172
vt 0.976483 0.442755
vt 0.633407 0.100088
vt 0.648690 0.109676
vt 0.633417 0.109690
vt 0.236197 0.628414
vt 0.239793 0.638015
vt 0.236197 0.638015
vt 0.320680 0.707294
vt 0.324263 0.697690
vt 0.324276 0.707291
vt 0.122140 0.202084
vt 0.118052 0.192483
vt 0.122140 0.192483
vt 0.256821 0.910204
vt 0.150241 0.192483
vt 0.150241 0.202084
vt 0.256545 0.925665
vt 0.260680 0.895009
vt 0.257085 0.894945
vt 0.259864 0.941000
vt 0.126142 0.202084
vt 0.248603 0.924488
vt 0.245824 0.921608
vt 0.949625 0.453542
vt 0.946795 0.450723
vt 0.126142 0.192483
vt 0.130145 0.202084
vt 0.130144 0.192483
vt 0.256268 0.940936
vt 0.930484 0.439172
vt 0.930485 0.442768
vt 0.668966 0.110843
vt 0.653697 0.101255
vt 0.668958 0.101241
vt 0.532184 0.982255
vt 0.539931 0.974550
vt 0.543794 0.975591
vt 0.179027 0.198255
vt 0.190617 0.204973
vt 0.186750 0.206000
vt 0.466977 0.907690
vt 0.471011 0.917279
vt 0.467009 0.917292
vt 0.546619 0.978423
vt 0.193450 0.202141
vt 0.470980 0.907677
vt 0.475013 0.917266
vt 0.547648 0.982295
vt 0.194490 0.198282
vt 0.478984 0.907651
vt 0.479016 0.917253
vt 0.179032 0.194172
vt 0.194495 0.194186
vt 0.209761 0.190616
vt 0.209757 0.194212
vt 0.481348 0.423966
vt 0.496611 0.414351
vt 0.496621 0.423952
vt 0.061225 0.846596
vt 0.070828 0.843000
vt 0.070826 0.846596
vt 0.038508 0.799606
vt 0.042103 0.809207
vt 0.038508 0.809207
vt 0.455002 0.917332
vt 0.450883 0.907743
vt 0.454971 0.907730
vt 0.547640 0.986378
vt 0.483072 0.907638
vt 0.483103 0.917239
vt 0.532176 0.986352
vt 0.562895 0.990000
vt 0.562901 0.986404
vt 0.516897 0.989908
vt 0.459005 0.917318
vt 0.533227 0.978396
vt 0.536063 0.975578
vt 0.182885 0.204960
vt 0.180059 0.202128
vt 0.458973 0.907717
vt 0.463007 0.917305
vt 0.516903 0.986325
vt 0.163763 0.190564
vt 0.163759 0.194159
vt 0.630167 0.110843
vt 0.614897 0.101254
vt 0.630158 0.101241
vt 0.037620 0.459492
vt 0.042388 0.464278
vt 0.041742 0.466667
vt 0.494957 0.905779
vt 0.502099 0.909967
vt 0.499705 0.910586
vt 0.016019 0.836901
vt 0.010039 0.839393
vt 0.010026 0.836918
vt 0.039990 0.468414
vt 0.503860 0.908229
vt 0.016019 0.839376
vt 0.010039 0.841867
vt 0.037607 0.469052
vt 0.504516 0.905845
vt 0.016032 0.841850
vt 0.010053 0.844341
vt 0.494970 0.903737
vt 0.504529 0.903803
vt 0.511087 0.901946
vt 0.511074 0.903843
vt 0.040323 0.795836
vt 0.034426 0.790621
vt 0.040414 0.790726
vt 0.011910 0.822724
vt 0.010026 0.816728
vt 0.011936 0.816736
vt 0.075897 0.851448
vt 0.073987 0.857438
vt 0.073987 0.851449
vt 0.010013 0.829496
vt 0.015993 0.827441
vt 0.015993 0.829479
vt 0.035565 0.469049
vt 0.016045 0.846362
vt 0.010053 0.846379
vt 0.489875 0.901801
vt 0.035578 0.459490
vt 0.033655 0.475592
vt 0.035552 0.475594
vt 0.033682 0.454379
vt 0.010013 0.831970
vt 0.040004 0.460136
vt 0.041755 0.461888
vt 0.497319 0.909928
vt 0.495581 0.908176
vt 0.016006 0.831953
vt 0.010026 0.834444
vt 0.016006 0.834427
vt 0.035578 0.454382
vt 0.489862 0.903711
vt 0.189103 0.925014
vt 0.182549 0.919034
vt 0.189094 0.919034
vt 0.200931 0.960803
vt 0.178873 0.964655
vt 0.178873 0.960803
vt 0.476342 0.425655
vt 0.454287 0.618666
vt 0.454283 0.425656
vt 0.204310 0.910606
vt 0.182249 0.914439
vt 0.182252 0.910586
vt 0.297245 0.966345
vt 0.301094 0.773334
vt 0.301097 0.966345
vt 0.486483 0.432443
vt 0.481148 0.625419
vt 0.482630 0.432414
vt 0.086034 0.959113
vt 0.063977 0.962965
vt 0.063977 0.959113
vt 0.268517 0.966345
vt 0.290579 0.773334
vt 0.290579 0.966345
vt 0.102944 0.518586
vt 0.106784 0.540646
vt 0.102931 0.540644
vt 0.320849 0.693006
vt 0.325966 0.500025
vt 0.324701 0.693031
vt 0.491039 0.625034
vt 0.494931 0.432024
vt 0.494892 0.625034
vt 0.941021 0.433306
vt 0.959572 0.418897
vt 0.959586 0.433286
vt 0.219300 0.042976
vt 0.111380 0.028586
vt 0.219300 0.028586
vt 0.104621 0.026897
vt 0.086055 0.041286
vt 0.086055 0.026897
vt 0.966118 0.679103
vt 0.949470 0.570870
vt 0.968034 0.571200
vt 0.065661 0.224565
vt 0.173897 0.207930
vt 0.173565 0.226494
vt 0.305907 0.015069
vt 0.413811 0.029583
vt 0.305891 0.029458
vt 0.833403 0.190814
vt 0.848069 0.209361
vt 0.833423 0.209379
vt 0.948326 0.459449
vt 0.962965 0.567369
vt 0.948326 0.567369
vt 0.885223 0.182345
vt 0.866676 0.197011
vt 0.866658 0.182371
vt 0.081183 0.861586
vt 0.189103 0.843022
vt 0.189103 0.861586
vt 0.136724 0.587645
vt 0.118146 0.479726
vt 0.136711 0.479724
vt 0.983241 0.457976
vt 0.968602 0.565897
vt 0.968602 0.457976
vt 0.314139 0.035345
vt 0.417215 0.094002
vt 0.314138 0.094002
vt 0.114738 0.511828
vt 0.111406 0.570488
vt 0.111379 0.511829
vt 0.157000 0.870034
vt 0.098342 0.866676
vt 0.157000 0.866676
vt 0.631754 0.886921
vt 0.628435 0.990000
vt 0.628395 0.886922
vt 0.133345 0.452690
vt 0.236422 0.456048
vt 0.133345 0.456048
vt 0.473442 0.276662
vt 0.491552 0.327613
vt 0.473560 0.327655
vt 0.233034 0.709517
vt 0.216729 0.658524
vt 0.233034 0.658524
vt 0.010000 0.964058
vt 0.061012 0.947811
vt 0.060993 0.964117
vt 0.052114 0.392029
vt 0.033655 0.442853
vt 0.034129 0.391862
vt 0.534361 0.550678
vt 0.552379 0.499696
vt 0.552346 0.550690
vt 0.575635 0.501751
vt 0.559138 0.552683
vt 0.559329 0.501690
vt 0.451261 0.329239
vt 0.467897 0.278352
vt 0.467567 0.329345
vt 0.260026 0.946545
vt 0.209076 0.964655
vt 0.209033 0.946664
vt 0.058978 0.885241
vt 0.204876 0.797284
vt 0.040414 0.936443
vt 0.010012 0.236403
vt 0.453189 0.702759
vt 0.723927 0.655232
vt 0.290483 0.765697
vt 0.048113 0.765329
vt 0.146862 0.709025
vt 0.324276 0.712897
vt 0.189274 0.242988
vt 0.750642 0.635186
vt 0.290275 0.423873
vt 0.025207 0.942291
vt 0.497843 0.264462
vt 0.527912 0.486044
vt 0.802448 0.629675
vt 0.010000 0.055466
vt 0.011718 0.187809
vt 0.676432 0.677489
vt 0.238077 0.428999
vt 0.231345 0.625215
vt 0.795663 0.752743
vt 0.213743 0.341410
vt 0.209036 0.341410
vt 0.199759 0.341410
vt 0.759761 0.057310
vt 0.167138 0.253310
vt 0.973085 0.248241
vt 0.903827 0.184034
vt 0.189551 0.266106
vt 0.633466 0.710856
vt 0.782008 0.070396
vt 0.533793 0.743379
vt 0.907207 0.807164
vt 0.561221 0.802443
vt 0.236414 0.434169
vt 0.138149 0.192483
vt 0.648680 0.100075
vt 0.239793 0.628414
vt 0.320667 0.697694
vt 0.118052 0.202084
vt 0.653704 0.110856
vt 0.474982 0.907664
vt 0.481338 0.414364
vt 0.061227 0.843000
vt 0.042103 0.799606
vt 0.450914 0.917345
vt 0.462975 0.907704
vt 0.614906 0.110856
vt 0.016045 0.844324
vt 0.034335 0.795731
vt 0.010000 0.822716
vt 0.075897 0.857437
vt 0.010000 0.827458
vt 0.182558 0.925027
vt 0.200931 0.964655
vt 0.476345 0.618666
vt 0.204307 0.914459
vt 0.297241 0.773334
vt 0.485001 0.625448
vt 0.086034 0.962965
vt 0.268524 0.773334
vt 0.106797 0.518588
vt 0.322106 0.500000
vt 0.491079 0.432023
vt 0.941007 0.418916
vt 0.111379 0.042976
vt 0.104621 0.041286
vt 0.947553 0.678774
vt 0.065993 0.206000
vt 0.413828 0.015194
vt 0.848043 0.190796
vt 0.962965 0.459448
vt 0.885241 0.196991
vt 0.081183 0.843022
vt 0.118160 0.587647
vt 0.983241 0.565896
vt 0.417217 0.035345
vt 0.114764 0.570486
vt 0.098342 0.870034
vt 0.631793 0.989999
vt 0.236422 0.452690
vt 0.491552 0.276619
vt 0.216729 0.709517
vt 0.010019 0.947759
vt 0.051765 0.443021
vt 0.534269 0.499685
vt 0.575444 0.552744
vt 0.451591 0.278247
vt 0.260069 0.964655
vt 0.229978 0.943025
vt 0.227633 0.939337
vt 0.229994 0.939337
vt 0.232339 0.943038
vt 0.232354 0.939350
vt 0.227618 0.943011
vt 0.225273 0.939324
vt 0.131842 0.597804
vt 0.131082 0.594920
vt 0.132627 0.594933
vt 0.225257 0.942998
vt 0.222912 0.939310
vt 0.129740 0.595684
vt 0.251223 0.943117
vt 0.248878 0.939416
vt 0.251238 0.939429
vt 0.128962 0.597027
vt 0.248862 0.943104
vt 0.246517 0.939416
vt 0.128956 0.598568
vt 0.246502 0.943090
vt 0.244157 0.939403
vt 0.129723 0.599912
vt 0.244141 0.943077
vt 0.241796 0.939389
vt 0.131058 0.600689
vt 0.241781 0.943077
vt 0.239436 0.939376
vt 0.132603 0.600702
vt 0.239420 0.943064
vt 0.237075 0.939376
vt 0.133945 0.599925
vt 0.237060 0.943051
vt 0.234715 0.939363
vt 0.134723 0.598595
vt 0.234699 0.943038
vt 0.133962 0.595710
vt 0.134729 0.597054
vt 0.135427 0.594248
vt 0.133169 0.592944
vt 0.130556 0.592931
vt 0.128288 0.594222
vt 0.126972 0.596487
vt 0.126961 0.599095
vt 0.128258 0.601360
vt 0.130516 0.602678
vt 0.133129 0.602691
vt 0.135397 0.601400
vt 0.136713 0.599135
vt 0.136724 0.596527
vt 0.222897 0.942998
s 1
usemtl doorD
f 103/151/69 92/152/70 111/153/71
f 94/154/72 124/155/72 93/156/73
f 92/152/70 107/157/74 91/158/75
f 106/159/76 96/160/77 95/161/78
f 125/162/79 116/163/80 128/164/81
f 93/156/73 95/161/78 94/154/72
f 92/165/82 96/166/83 111/167/83
f 93/168/84 121/169/85 107/170/86
f 106/171/87 107/170/86 103/172/87
f 111/167/88 106/173/88 103/174/88
f 94/175/89 92/165/82 91/176/89
f 121/177/75 91/158/75 107/157/74
f 114/178/72 109/179/90 119/180/72
f 98/181/91 110/182/92 100/183/92
f 102/184/93 114/185/94 101/186/95
f 106/187/96 113/188/97 96/189/96
f 98/190/98 100/191/98 99/192/98
f 97/193/75 108/194/91 98/195/99
f 100/183/100 109/196/90 99/197/90
f 114/185/94 98/190/98 99/192/98
f 103/198/98 105/199/98 106/200/98
f 103/201/101 112/202/102 104/203/103
f 104/204/104 113/205/104 105/206/104
f 115/207/72 126/208/72 101/209/72
f 101/186/95 127/210/105 102/184/93
f 115/211/106 118/212/107 116/163/80
f 118/212/107 119/213/108 120/214/108
f 97/193/75 118/215/75 120/216/75
f 119/180/72 117/217/72 114/178/72
f 117/217/72 101/209/72 114/178/72
f 127/218/75 116/219/75 102/220/75
f 118/215/75 102/220/75 116/219/75
f 122/221/109 124/222/85 123/223/109
f 128/164/81 126/224/110 125/162/79
f 122/221/109 94/175/89 91/176/89
f 142/225/111 131/226/112 130/227/104
f 165/228/113 130/227/104 141/229/114
f 145/230/115 132/231/116 131/226/112
f 129/232/75 148/233/117 146/234/118
f 147/235/119 133/236/120 132/231/116
f 129/232/75 150/237/121 148/233/117
f 149/238/122 134/239/123 133/240/120
f 129/232/75 152/241/124 150/237/121
f 151/242/125 135/243/126 134/239/123
f 129/232/75 154/244/127 152/241/124
f 153/245/128 136/246/83 135/243/126
f 129/232/75 156/247/129 154/244/127
f 155/248/130 137/249/131 136/246/83
f 129/232/75 158/250/132 156/247/129
f 157/251/133 138/252/134 137/249/131
f 129/232/75 160/253/135 158/250/132
f 159/254/136 139/255/98 138/252/134
f 129/232/75 162/256/137 160/253/135
f 161/257/138 140/258/139 139/255/98
f 129/232/75 164/259/140 162/256/137
f 163/260/141 141/229/114 140/258/139
f 129/232/75 144/261/142 143/262/143
f 129/232/75 146/234/118 144/261/142
f 145/263/115 143/262/143 144/261/142
f 145/263/115 146/234/118 147/264/119
f 149/265/122 146/234/118 148/233/117
f 149/265/122 150/237/121 151/266/125
f 151/266/125 152/241/124 153/267/128
f 155/268/130 152/241/124 154/244/127
f 157/269/133 154/244/127 156/247/129
f 159/270/136 156/247/129 158/250/132
f 161/271/138 158/250/132 160/253/135
f 161/271/138 162/256/137 163/272/141
f 163/272/141 164/259/140 165/273/113
f 165/273/113 143/262/143 142/274/111
f 129/232/75 143/262/143 164/259/140
f 179/275/98 174/276/98 166/277/98
f 170/278/120 181/279/120 169/280/120
f 176/281/120 169/280/120 181/279/120
f 171/282/120 176/281/120 177/283/120
f 173/284/98 166/277/98 174/276/98
f 177/283/120 170/278/120 171/282/120
f 173/284/98 168/285/98 167/286/98
f 175/287/98 179/275/98 168/285/98
f 172/288/72 166/289/72 167/290/72
f 168/291/75 170/292/75 169/293/75
f 179/294/83 171/295/83 170/292/83
f 168/291/104 172/296/104 167/297/104
f 176/298/75 174/299/75 177/300/75
f 177/301/104 180/302/104 178/303/104
f 176/304/83 175/305/83 173/306/83
f 181/307/72 180/308/72 175/309/72
f 190/310/144 183/311/145 182/312/72
f 183/311/145 192/313/146 184/314/147
f 192/313/146 185/315/148 184/314/147
f 193/316/149 186/317/75 185/315/148
f 186/317/75 195/318/150 187/319/151
f 187/319/151 196/320/152 188/321/153
f 196/320/152 189/322/154 188/321/153
f 189/322/154 190/323/144 182/324/72
f 190/310/144 199/325/155 191/326/156
f 191/326/156 200/327/157 192/313/146
f 200/327/157 193/316/149 192/313/146
f 201/328/158 194/329/159 193/316/149
f 194/329/159 203/330/160 195/318/150
f 195/318/150 204/331/161 196/320/152
f 204/331/161 197/332/162 196/320/152
f 205/333/163 190/323/144 197/332/162
f 198/334/164 207/335/165 199/325/155
f 207/335/165 200/327/157 199/325/155
f 208/336/166 201/328/158 200/327/157
f 201/328/158 210/337/167 202/338/168
f 210/337/167 203/330/160 202/338/168
f 203/330/160 212/339/169 204/331/161
f 204/331/161 213/340/170 205/333/163
f 213/340/170 198/341/164 205/333/163
f 206/342/171 215/343/172 207/335/165
f 215/343/172 208/336/166 207/335/165
f 208/336/166 217/344/173 209/345/174
f 217/344/173 210/337/167 209/345/174
f 218/346/83 211/347/175 210/337/167
f 219/348/176 212/339/169 211/347/175
f 212/339/169 221/349/177 213/340/170
f 221/349/177 206/350/171 213/340/170
f 222/351/178 215/343/172 214/352/104
f 215/343/172 224/353/179 216/354/180
f 216/354/180 225/355/181 217/344/173
f 225/355/181 218/346/83 217/344/173
f 226/356/182 219/348/176 218/346/83
f 227/357/183 220/358/184 219/348/176
f 228/359/185 221/349/177 220/358/184
f 221/349/177 222/360/178 214/361/104
f 222/351/178 231/362/186 223/363/187
f 223/363/187 232/364/188 224/353/179
f 224/353/179 233/365/189 225/355/181
f 233/365/189 226/356/182 225/355/181
f 226/356/182 235/366/190 227/357/183
f 235/366/190 228/359/185 227/357/183
f 236/367/191 229/368/192 228/359/185
f 237/369/193 222/360/178 229/368/192
f 238/370/194 231/362/186 230/371/195
f 231/362/186 240/372/196 232/364/188
f 240/372/196 233/365/189 232/364/188
f 241/373/197 234/374/198 233/365/189
f 242/375/199 235/366/190 234/374/198
f 235/366/190 244/376/200 236/367/191
f 244/376/200 237/369/193 236/367/191
f 237/369/193 238/377/194 230/378/195
f 246/379/75 239/380/201 238/370/194
f 239/380/201 248/381/202 240/372/196
f 248/381/202 241/373/197 240/372/196
f 241/373/197 250/382/72 242/375/199
f 250/382/72 243/383/203 242/375/199
f 251/384/204 244/376/200 243/383/203
f 252/385/205 245/386/206 244/376/200
f 245/386/206 246/387/75 238/377/194
f 254/388/159 247/389/207 246/390/75
f 247/389/207 256/391/208 248/392/202
f 256/391/208 249/393/209 248/392/202
f 249/393/209 258/394/144 250/395/72
f 250/395/72 259/396/210 251/397/204
f 259/396/210 252/398/205 251/397/204
f 260/399/211 253/400/212 252/398/205
f 253/400/212 254/401/159 246/402/75
f 254/388/159 263/403/213 255/404/214
f 255/404/214 264/405/215 256/391/208
f 264/405/215 257/406/216 256/391/208
f 257/406/216 266/407/164 258/394/144
f 266/407/164 259/396/210 258/394/144
f 259/396/210 268/408/217 260/399/211
f 268/408/217 261/409/218 260/399/211
f 261/409/218 262/410/168 254/401/159
f 262/411/168 271/412/219 263/403/213
f 271/412/219 264/405/215 263/403/213
f 272/413/220 265/414/221 264/405/215
f 265/414/221 274/415/171 266/407/164
f 274/415/171 267/416/222 266/407/164
f 267/416/222 276/417/223 268/408/217
f 268/408/217 277/418/224 269/419/225
f 277/418/224 262/410/168 269/419/225
f 270/420/167 279/421/226 271/412/219
f 271/412/219 280/422/227 272/413/220
f 280/422/227 273/423/228 272/413/220
f 273/423/228 282/424/104 274/415/171
f 282/424/104 275/425/229 274/415/171
f 275/425/229 284/426/230 276/417/223
f 276/417/223 285/427/231 277/418/224
f 285/427/231 270/428/167 277/418/224
f 286/429/182 279/421/226 278/430/83
f 279/421/226 288/431/232 280/422/227
f 280/422/227 289/432/233 281/433/234
f 289/432/233 282/424/104 281/433/234
f 282/424/104 291/434/235 283/435/236
f 283/435/236 292/436/237 284/426/230
f 292/436/237 285/427/231 284/426/230
f 293/437/238 278/438/83 285/427/231
f 294/439/198 287/440/239 286/429/182
f 287/440/239 296/441/240 288/431/232
f 296/441/240 289/432/233 288/431/232
f 297/442/241 290/443/178 289/432/233
f 290/443/178 299/444/242 291/434/235
f 291/434/235 300/445/243 292/436/237
f 300/445/243 293/437/238 292/436/237
f 301/446/244 286/447/182 293/437/238
f 294/439/198 303/448/245 295/449/246
f 303/448/245 296/441/240 295/449/246
f 296/441/240 305/450/247 297/442/241
f 297/442/241 306/451/194 298/452/195
f 306/451/194 299/444/242 298/452/195
f 307/453/248 300/445/243 299/444/242
f 300/445/243 309/454/249 301/446/244
f 301/446/244 302/455/199 294/456/198
f 302/457/199 183/311/145 303/448/245
f 303/448/245 184/314/147 304/458/250
f 184/314/147 305/450/247 304/458/250
f 305/450/247 186/317/75 306/451/194
f 186/317/75 307/453/248 306/451/194
f 307/453/248 188/321/153 308/459/251
f 188/321/153 309/454/249 308/459/251
f 189/322/154 302/455/199 309/454/249
f 326/460/252 318/461/253 328/462/254
f 310/463/144 327/464/255 315/465/199
f 329/466/256 315/465/199 327/464/255
f 317/467/167 333/468/257 316/469/159
f 329/470/256 317/471/167 314/472/182
f 311/473/171 325/474/258 319/475/259
f 323/476/260 316/469/159 333/468/257
f 325/477/258 313/478/194 323/476/260
f 328/462/254 327/479/255 326/460/252
f 333/480/257 330/481/261 332/482/262
f 320/483/263 319/484/259 318/461/253
f 324/485/264 323/486/260 322/487/265
f 326/460/252 321/488/266 320/483/263
f 318/461/253 325/489/258 324/485/264
f 323/486/260 332/482/262 322/487/265
f 331/490/267 328/462/254 330/481/261
f 311/491/171 321/492/266 310/463/144
f 318/461/253 330/481/261 328/462/254
f 322/487/265 330/481/261 324/485/264
f 337/493/72 334/494/72 335/495/72
f 343/496/268 335/497/269 334/498/268
f 351/499/114 334/498/268 342/500/114
f 337/493/72 335/495/72 336/501/72
f 335/502/269 345/503/270 336/504/270
f 337/493/72 352/505/72 353/506/72
f 346/507/271 338/508/272 337/509/271
f 337/493/72 338/510/72 339/511/72
f 347/512/272 339/513/134 338/508/272
f 337/493/72 339/511/72 340/514/72
f 348/515/134 340/516/98 339/513/134
f 337/493/72 340/514/72 341/517/72
f 349/518/98 341/519/139 340/516/98
f 337/493/72 341/517/72 342/520/72
f 350/521/139 342/500/114 341/519/139
f 337/493/72 342/520/72 334/494/72
f 354/522/83 353/523/83 352/524/83
f 354/525/75 346/526/75 355/527/75
f 337/528/273 355/529/273 346/530/273
f 345/531/75 346/526/75 354/525/75
f 336/504/270 354/532/274 352/533/274
f 344/534/75 343/535/75 345/531/75
f 343/535/75 351/536/75 345/531/75
f 351/536/75 350/537/75 345/531/75
f 350/537/75 349/538/75 345/531/75
f 349/538/75 348/539/75 345/531/75
f 348/539/75 347/540/75 346/526/75
f 348/539/75 346/526/75 345/531/75
f 370/541/83 357/542/83 359/543/83
f 356/544/104 360/545/104 358/546/104
f 358/547/98 359/548/275 357/549/98
f 370/541/83 359/543/83 361/550/83
f 356/544/104 362/551/104 360/545/104
f 359/548/275 362/552/276 361/553/276
f 370/541/83 361/550/83 363/554/83
f 356/544/104 364/555/104 362/551/104
f 361/553/276 364/556/277 363/557/277
f 356/544/104 367/558/104 365/559/104
f 365/559/104 368/560/104 378/561/104
f 375/562/98 377/563/98 367/564/98
f 376/565/75 381/566/75 377/567/75
f 379/568/72 368/569/72 369/570/72
f 370/571/278 367/572/75 356/573/278
f 370/541/83 363/554/83 366/574/83
f 364/555/104 356/544/104 365/559/104
f 363/557/277 365/575/72 366/576/72
f 367/558/104 368/560/104 365/559/104
f 370/541/83 366/574/83 375/577/83
f 369/578/83 366/574/83 379/579/83
f 375/577/83 369/578/83 380/580/83
f 356/573/278 371/581/279 370/571/278
f 370/541/83 371/582/83 373/583/83
f 356/544/104 374/584/104 372/585/104
f 372/586/279 373/587/280 371/581/279
f 370/541/83 373/583/83 357/542/83
f 356/544/104 358/546/104 374/584/104
f 374/588/280 357/549/98 373/587/280
f 375/577/83 380/580/83 376/589/83
f 381/590/104 367/558/104 377/591/104
f 365/592/98 379/593/98 366/594/98
f 396/595/83 383/596/83 385/597/83
f 382/598/104 386/599/104 384/600/104
f 384/601/98 385/602/275 383/603/98
f 396/595/83 385/597/83 387/604/83
f 382/598/104 388/605/104 386/599/104
f 386/606/275 387/607/276 385/602/275
f 396/595/83 387/604/83 389/608/83
f 382/598/104 390/609/104 388/605/104
f 387/607/276 390/610/277 389/611/277
f 382/598/104 393/612/104 391/613/104
f 391/613/104 394/614/104 404/615/104
f 393/616/98 402/617/98 403/618/98
f 402/619/75 407/620/75 403/621/75
f 404/622/72 395/623/72 405/624/72
f 396/625/278 393/626/75 382/627/278
f 396/595/83 389/608/83 392/628/83
f 390/609/104 382/598/104 391/613/104
f 389/611/277 391/629/72 392/630/72
f 393/612/104 394/614/104 391/613/104
f 396/595/83 392/628/83 401/631/83
f 395/632/83 392/628/83 405/633/83
f 401/631/83 395/632/83 406/634/83
f 382/627/278 397/635/279 396/625/278
f 396/595/83 397/636/83 399/637/83
f 382/598/104 400/638/104 398/639/104
f 398/640/279 399/641/280 397/635/279
f 396/595/83 399/637/83 383/596/83
f 382/598/104 384/600/104 400/638/104
f 399/641/280 384/601/98 383/603/98
f 401/631/83 406/634/83 402/642/83
f 407/643/104 393/612/104 403/644/104
f 391/645/98 405/646/98 392/647/98
f 422/648/83 409/649/83 411/650/83
f 408/651/104 412/652/104 410/653/104
f 410/654/98 411/655/275 409/656/98
f 422/648/83 411/650/83 413/657/83
f 408/651/104 414/658/104 412/652/104
f 412/659/275 413/660/276 411/655/275
f 422/648/83 413/657/83 415/661/83
f 408/651/104 416/662/104 414/658/104
f 414/663/276 415/664/277 413/660/276
f 408/651/104 419/665/104 417/666/104
f 417/666/104 420/667/104 430/668/104
f 419/669/98 428/670/98 429/671/98
f 428/672/75 433/673/75 429/674/75
f 431/675/72 420/676/72 421/677/72
f 422/678/278 419/679/75 408/680/278
f 422/648/83 415/661/83 418/681/83
f 416/662/104 408/651/104 417/666/104
f 415/664/277 417/682/72 418/683/72
f 417/666/104 433/684/104 420/667/104
f 422/648/83 418/681/83 427/685/83
f 421/686/83 418/681/83 431/687/83
f 418/681/83 432/688/83 427/685/83
f 408/680/278 423/689/279 422/678/278
f 422/648/83 423/690/83 425/691/83
f 408/651/104 426/692/104 424/693/104
f 424/694/279 425/695/280 423/689/279
f 422/648/83 425/691/83 409/649/83
f 408/651/104 410/653/104 426/692/104
f 426/696/280 409/656/98 425/695/280
f 427/685/83 432/688/83 428/697/83
f 433/684/104 419/665/104 429/698/104
f 417/699/98 431/700/98 418/701/98
f 437/702/104 440/703/104 436/704/104
f 441/705/120 438/706/120 440/707/120
f 439/708/83 434/709/83 438/710/83
f 440/711/72 434/712/72 436/713/72
f 437/714/75 439/715/75 441/716/75
f 445/717/104 448/718/104 444/719/104
f 449/720/120 446/721/120 448/722/120
f 447/723/83 442/724/83 446/725/83
f 448/726/72 442/727/72 444/728/72
f 445/729/75 447/730/75 449/731/75
f 456/732/104 453/733/104 452/734/104
f 456/735/98 455/736/98 457/737/98
f 450/738/83 455/739/83 454/740/83
f 450/741/72 456/742/72 452/743/72
f 455/744/75 453/745/75 457/746/75
f 453/747/120 450/748/120 452/749/120
f 464/750/104 461/751/104 460/752/104
f 462/753/98 465/754/98 464/755/98
f 458/756/83 463/757/83 462/758/83
f 458/759/72 464/760/72 460/761/72
f 463/762/75 461/763/75 465/764/75
f 461/765/120 458/766/120 460/767/120
f 467/768/98 469/769/98 466/770/98
f 472/771/83 469/772/83 468/773/83
f 470/774/104 467/775/104 466/776/104
f 473/777/75 466/778/75 469/779/75
f 471/780/72 468/781/72 467/782/72
f 478/783/98 481/784/98 480/785/98
f 474/786/104 480/787/104 476/788/104
f 479/789/281 477/790/281 481/791/281
f 477/792/120 474/793/120 476/794/120
f 489/795/98 486/796/98 488/797/98
f 488/798/83 482/799/83 484/800/83
f 485/801/282 487/802/282 489/803/282
f 482/804/120 485/805/120 484/806/120
f 94/154/72 123/807/72 124/155/72
f 92/152/70 103/151/283 107/157/74
f 125/162/79 115/211/106 116/163/80
f 93/156/73 106/159/76 95/161/78
f 92/165/82 95/808/82 96/166/83
f 93/168/84 124/222/85 121/169/85
f 106/171/87 93/168/84 107/170/86
f 111/167/88 96/166/88 106/173/88
f 94/175/89 95/808/82 92/165/82
f 121/177/75 122/809/75 91/158/75
f 114/178/72 99/810/90 109/179/90
f 98/181/99 108/811/91 110/182/92
f 102/184/93 97/812/284 114/185/94
f 106/187/285 105/813/72 113/188/286
f 97/193/75 120/216/75 108/194/91
f 100/183/100 110/182/100 109/196/90
f 114/185/94 97/812/284 98/190/98
f 103/198/98 104/814/98 105/199/98
f 103/201/101 111/815/287 112/202/102
f 104/204/104 112/816/104 113/205/104
f 115/207/72 125/817/72 126/208/72
f 101/186/95 126/224/110 127/210/105
f 115/211/106 117/818/288 118/212/107
f 118/212/107 117/818/288 119/213/108
f 117/217/72 115/207/72 101/209/72
f 127/218/75 128/819/75 116/219/75
f 118/215/75 97/193/75 102/220/75
f 122/221/109 121/169/85 124/222/85
f 128/164/81 127/210/105 126/224/110
f 122/221/109 123/223/109 94/175/89
f 142/225/111 145/230/115 131/226/112
f 165/228/113 142/225/111 130/227/104
f 145/230/115 147/235/119 132/231/116
f 147/235/119 149/820/122 133/236/120
f 149/238/122 151/242/125 134/239/123
f 151/242/125 153/245/128 135/243/126
f 153/245/128 155/248/130 136/246/83
f 155/248/130 157/251/133 137/249/131
f 157/251/133 159/254/136 138/252/134
f 159/254/136 161/257/138 139/255/98
f 161/257/138 163/260/141 140/258/139
f 163/260/141 165/228/113 141/229/114
f 145/263/115 142/274/111 143/262/143
f 145/263/115 144/261/142 146/234/118
f 149/265/122 147/264/119 146/234/118
f 149/265/122 148/233/117 150/237/121
f 151/266/125 150/237/121 152/241/124
f 155/268/130 153/267/128 152/241/124
f 157/269/133 155/268/130 154/244/127
f 159/270/136 157/269/133 156/247/129
f 161/271/138 159/270/136 158/250/132
f 161/271/138 160/253/135 162/256/137
f 163/272/141 162/256/137 164/259/140
f 165/273/113 164/259/140 143/262/143
f 179/275/98 180/821/98 174/276/98
f 170/278/120 178/822/120 181/279/120
f 176/281/120 172/823/120 169/280/120
f 171/282/120 172/823/120 176/281/120
f 173/284/98 167/286/98 166/277/98
f 177/283/120 178/822/120 170/278/120
f 173/284/98 175/287/98 168/285/98
f 175/287/98 180/821/98 179/275/98
f 172/288/72 171/824/72 166/289/72
f 168/291/75 179/294/75 170/292/75
f 179/294/83 166/825/83 171/295/83
f 168/291/104 169/293/104 172/296/104
f 176/298/75 173/826/75 174/299/75
f 177/301/104 174/827/104 180/302/104
f 176/304/83 181/828/83 175/305/83
f 181/307/72 178/829/72 180/308/72
f 190/310/144 191/326/156 183/311/145
f 183/311/145 191/326/156 192/313/146
f 192/313/146 193/316/149 185/315/148
f 193/316/149 194/329/159 186/317/75
f 186/317/75 194/329/159 195/318/150
f 187/319/151 195/318/150 196/320/152
f 196/320/152 197/332/162 189/322/154
f 189/322/154 197/332/162 190/323/144
f 190/310/144 198/334/164 199/325/155
f 191/326/156 199/325/155 200/327/157
f 200/327/157 201/328/158 193/316/149
f 201/328/158 202/338/168 194/329/159
f 194/329/159 202/338/168 203/330/160
f 195/318/150 203/330/160 204/331/161
f 204/331/161 205/333/163 197/332/162
f 205/333/163 198/341/164 190/323/144
f 198/334/164 206/342/171 207/335/165
f 207/335/165 208/336/166 200/327/157
f 208/336/166 209/345/174 201/328/158
f 201/328/158 209/345/174 210/337/167
f 210/337/167 211/347/175 203/330/160
f 203/330/160 211/347/175 212/339/169
f 204/331/161 212/339/169 213/340/170
f 213/340/170 206/350/171 198/341/164
f 206/342/171 214/352/104 215/343/172
f 215/343/172 216/354/180 208/336/166
f 208/336/166 216/354/180 217/344/173
f 217/344/173 218/346/83 210/337/167
f 218/346/83 219/348/176 211/347/175
f 219/348/176 220/358/184 212/339/169
f 212/339/169 220/358/184 221/349/177
f 221/349/177 214/361/104 206/350/171
f 222/351/178 223/363/187 215/343/172
f 215/343/172 223/363/187 224/353/179
f 216/354/180 224/353/179 225/355/181
f 225/355/181 226/356/182 218/346/83
f 226/356/182 227/357/183 219/348/176
f 227/357/183 228/359/185 220/358/184
f 228/359/185 229/368/192 221/349/177
f 221/349/177 229/368/192 222/360/178
f 222/351/178 230/371/195 231/362/186
f 223/363/187 231/362/186 232/364/188
f 224/353/179 232/364/188 233/365/189
f 233/365/189 234/374/198 226/356/182
f 226/356/182 234/374/198 235/366/190
f 235/366/190 236/367/191 228/359/185
f 236/367/191 237/369/193 229/368/192
f 237/369/193 230/378/195 222/360/178
f 238/370/194 239/380/201 231/362/186
f 231/362/186 239/380/201 240/372/196
f 240/372/196 241/373/197 233/365/189
f 241/373/197 242/375/199 234/374/198
f 242/375/199 243/383/203 235/366/190
f 235/366/190 243/383/203 244/376/200
f 244/376/200 245/386/206 237/369/193
f 237/369/193 245/386/206 238/377/194
f 246/379/75 247/830/207 239/380/201
f 239/380/201 247/830/207 248/381/202
f 248/381/202 249/831/209 241/373/197
f 241/373/197 249/831/209 250/382/72
f 250/382/72 251/384/204 243/383/203
f 251/384/204 252/385/205 244/376/200
f 252/385/205 253/832/212 245/386/206
f 245/386/206 253/832/212 246/387/75
f 254/388/159 255/404/214 247/389/207
f 247/389/207 255/404/214 256/391/208
f 256/391/208 257/406/216 249/393/209
f 249/393/209 257/406/216 258/394/144
f 250/395/72 258/394/144 259/396/210
f 259/396/210 260/399/211 252/398/205
f 260/399/211 261/409/218 253/400/212
f 253/400/212 261/409/218 254/401/159
f 254/388/159 262/411/168 263/403/213
f 255/404/214 263/403/213 264/405/215
f 264/405/215 265/414/221 257/406/216
f 257/406/216 265/414/221 266/407/164
f 266/407/164 267/416/222 259/396/210
f 259/396/210 267/416/222 268/408/217
f 268/408/217 269/419/225 261/409/218
f 261/409/218 269/419/225 262/410/168
f 262/411/168 270/420/167 271/412/219
f 271/412/219 272/413/220 264/405/215
f 272/413/220 273/423/228 265/414/221
f 265/414/221 273/423/228 274/415/171
f 274/415/171 275/425/229 267/416/222
f 267/416/222 275/425/229 276/417/223
f 268/408/217 276/417/223 277/418/224
f 277/418/224 270/428/167 262/410/168
f 270/420/167 278/430/83 279/421/226
f 271/412/219 279/421/226 280/422/227
f 280/422/227 281/433/234 273/423/228
f 273/423/228 281/433/234 282/424/104
f 282/424/104 283/435/236 275/425/229
f 275/425/229 283/435/236 284/426/230
f 276/417/223 284/426/230 285/427/231
f 285/427/231 278/438/83 270/428/167
f 286/429/182 287/440/239 279/421/226
f 279/421/226 287/440/239 288/431/232
f 280/422/227 288/431/232 289/432/233
f 289/432/233 290/443/178 282/424/104
f 282/424/104 290/443/178 291/434/235
f 283/435/236 291/434/235 292/436/237
f 292/436/237 293/437/238 285/427/231
f 293/437/238 286/447/182 278/438/83
f 294/439/198 295/449/246 287/440/239
f 287/440/239 295/449/246 296/441/240
f 296/441/240 297/442/241 289/432/233
f 297/442/241 298/452/195 290/443/178
f 290/443/178 298/452/195 299/444/242
f 291/434/235 299/444/242 300/445/243
f 300/445/243 301/446/244 293/437/238
f 301/446/244 294/456/198 286/447/182
f 294/439/198 302/457/199 303/448/245
f 303/448/245 304/458/250 296/441/240
f 296/441/240 304/458/250 305/450/247
f 297/442/241 305/450/247 306/451/194
f 306/451/194 307/453/248 299/444/242
f 307/453/248 308/459/251 300/445/243
f 300/445/243 308/459/251 309/454/249
f 301/446/244 309/454/249 302/455/199
f 302/457/199 182/312/72 183/311/145
f 303/448/245 183/311/145 184/314/147
f 184/314/147 185/315/148 305/450/247
f 305/450/247 185/315/148 186/317/75
f 186/317/75 187/319/151 307/453/248
f 307/453/248 187/319/151 188/321/153
f 188/321/153 189/322/154 309/454/249
f 189/322/154 182/324/72 302/455/199
f 326/460/252 320/483/263 318/461/253
f 310/463/144 321/492/266 327/464/255
f 329/466/256 314/833/182 315/465/199
f 317/467/167 331/834/267 333/468/257
f 329/470/256 331/835/267 317/471/167
f 311/473/171 312/836/178 325/474/258
f 323/476/260 313/478/194 316/469/159
f 325/477/258 312/837/178 313/478/194
f 328/462/254 329/838/256 327/479/255
f 333/480/257 331/490/267 330/481/261
f 320/483/263 321/488/266 319/484/259
f 324/485/264 325/489/258 323/486/260
f 326/460/252 327/479/255 321/488/266
f 318/461/253 319/484/259 325/489/258
f 323/486/260 333/480/257 332/482/262
f 331/490/267 329/838/256 328/462/254
f 311/491/171 319/839/259 321/492/266
f 318/461/253 324/485/264 330/481/261
f 322/487/265 332/482/262 330/481/261
f 343/496/268 344/840/269 335/497/269
f 351/499/114 343/496/268 334/498/268
f 335/502/269 344/841/269 345/503/270
f 337/493/72 336/501/72 352/505/72
f 346/507/271 347/512/272 338/508/272
f 347/512/272 348/515/134 339/513/134
f 348/515/134 349/518/98 340/516/98
f 349/518/98 350/521/139 341/519/139
f 350/521/139 351/499/114 342/500/114
f 354/522/83 355/842/83 353/523/83
f 337/528/273 353/843/273 355/529/273
f 336/504/270 345/503/270 354/532/274
f 358/547/98 360/844/275 359/548/275
f 359/548/275 360/844/275 362/552/276
f 361/553/276 362/552/276 364/556/277
f 375/562/98 376/845/98 377/563/98
f 376/565/75 380/846/75 381/566/75
f 379/568/72 378/847/72 368/569/72
f 370/571/278 375/848/75 367/572/75
f 363/557/277 364/556/277 365/575/72
f 367/558/104 381/590/104 368/560/104
f 375/577/83 366/574/83 369/578/83
f 356/573/278 372/586/279 371/581/279
f 372/586/279 374/588/280 373/587/280
f 374/588/280 358/547/98 357/549/98
f 365/592/98 378/849/98 379/593/98
f 384/601/98 386/606/275 385/602/275
f 386/606/275 388/850/276 387/607/276
f 387/607/276 388/850/276 390/610/277
f 393/616/98 401/851/98 402/617/98
f 402/619/75 406/852/75 407/620/75
f 404/622/72 394/853/72 395/623/72
f 396/625/278 401/854/75 393/626/75
f 389/611/277 390/610/277 391/629/72
f 393/612/104 407/643/104 394/614/104
f 401/631/83 392/628/83 395/632/83
f 382/627/278 398/640/279 397/635/279
f 398/640/279 400/855/280 399/641/280
f 399/641/280 400/855/280 384/601/98
f 391/645/98 404/856/98 405/646/98
f 410/654/98 412/659/275 411/655/275
f 412/659/275 414/663/276 413/660/276
f 414/663/276 416/857/277 415/664/277
f 419/669/98 427/858/98 428/670/98
f 428/672/75 432/859/75 433/673/75
f 431/675/72 430/860/72 420/676/72
f 422/678/278 427/861/75 419/679/75
f 415/664/277 416/857/277 417/682/72
f 417/666/104 419/665/104 433/684/104
f 418/681/83 421/686/83 432/688/83
f 408/680/278 424/694/279 423/689/279
f 424/694/279 426/696/280 425/695/280
f 426/696/280 410/654/98 409/656/98
f 417/699/98 430/862/98 431/700/98
f 437/702/104 441/863/104 440/703/104
f 441/705/120 439/864/120 438/706/120
f 439/708/83 435/865/83 434/709/83
f 440/711/72 438/866/72 434/712/72
f 437/714/75 435/867/75 439/715/75
f 445/717/104 449/868/104 448/718/104
f 449/720/120 447/869/120 446/721/120
f 447/723/83 443/870/83 442/724/83
f 448/726/72 446/871/72 442/727/72
f 445/729/75 443/872/75 447/730/75
f 456/732/104 457/873/104 453/733/104
f 456/735/98 454/874/98 455/736/98
f 450/738/83 451/875/83 455/739/83
f 450/741/72 454/876/72 456/742/72
f 455/744/75 451/877/75 453/745/75
f 453/747/120 451/878/120 450/748/120
f 464/750/104 465/879/104 461/751/104
f 462/753/98 463/880/98 465/754/98
f 458/756/83 459/881/83 463/757/83
f 458/759/72 462/882/72 464/760/72
f 463/762/75 459/883/75 461/763/75
f 461/765/120 459/884/120 458/766/120
f 467/768/98 468/885/98 469/769/98
f 472/771/83 473/886/83 469/772/83
f 470/774/104 471/887/104 467/775/104
f 473/777/75 470/888/75 466/778/75
f 471/780/72 472/889/72 468/781/72
f 478/783/98 479/890/98 481/784/98
f 474/786/104 478/891/104 480/787/104
f 479/789/281 475/892/281 477/790/281
f 477/792/120 475/893/120 474/793/120
f 489/795/98 487/894/98 486/796/98
f 488/798/83 486/895/83 482/799/83
f 485/801/282 483/896/282 487/802/282
f 482/804/120 483/897/120 485/805/120
f 503/898/111 492/899/112 491/900/104
f 526/901/289 491/900/104 502/902/114
f 506/903/115 493/904/116 492/899/112
f 490/905/75 509/906/117 507/907/118
f 508/908/290 494/909/120 493/904/116
f 490/905/75 511/910/121 509/906/117
f 510/911/291 495/912/123 494/913/120
f 490/905/75 513/914/124 511/910/121
f 512/915/292 496/916/126 495/912/123
f 490/905/75 515/917/127 513/914/124
f 514/918/293 497/919/83 496/916/126
f 490/905/75 517/920/129 515/917/127
f 516/921/130 498/922/131 497/919/83
f 490/905/75 519/923/132 517/920/129
f 518/924/294 499/925/134 498/922/131
f 490/905/75 521/926/135 519/923/132
f 520/927/295 500/928/98 499/925/134
f 490/905/75 523/929/137 521/926/135
f 522/930/138 501/931/139 500/928/98
f 490/905/75 525/932/296 523/929/137
f 524/933/141 502/902/114 501/931/139
f 490/905/75 505/934/297 504/935/143
f 490/905/75 507/907/118 505/934/297
f 506/936/115 504/935/143 505/934/297
f 506/936/115 507/907/118 508/937/290
f 508/937/290 509/906/117 510/938/291
f 512/939/292 509/906/117 511/910/121
f 512/939/292 513/914/124 514/940/293
f 514/940/293 515/917/127 516/941/130
f 518/942/294 515/917/127 517/920/129
f 520/943/295 517/920/129 519/923/132
f 522/944/138 519/923/132 521/926/135
f 522/944/138 523/929/137 524/945/141
f 526/946/289 523/929/137 525/932/296
f 526/946/289 504/935/143 503/947/111
f 490/905/75 504/935/143 525/932/296
f 503/898/111 506/903/115 492/899/112
f 526/901/289 503/898/111 491/900/104
f 506/903/115 508/908/290 493/904/116
f 508/908/290 510/948/291 494/909/120
f 510/911/291 512/915/292 495/912/123
f 512/915/292 514/918/293 496/916/126
f 514/918/293 516/921/130 497/919/83
f 516/921/130 518/924/294 498/922/131
f 518/924/294 520/927/295 499/925/134
f 520/927/295 522/930/138 500/928/98
f 522/930/138 524/933/141 501/931/139
f 524/933/141 526/901/289 502/902/114
f 506/936/115 503/947/111 504/935/143
f 506/936/115 505/934/297 507/907/118
f 508/937/290 507/907/118 509/906/117
f 512/939/292 510/938/291 509/906/117
f 512/939/292 511/910/121 513/914/124
f 514/940/293 513/914/124 515/917/127
f 518/942/294 516/941/130 515/917/127
f 520/943/295 518/942/294 517/920/129
f 522/944/138 520/943/295 519/923/132
f 522/944/138 521/926/135 523/929/137
f 526/946/289 524/945/141 523/929/137
f 526/946/289 525/932/296 504/935/143
o frame
v -0.726150 0.021784 1.919992
v -0.714075 0.021855 1.932068
v -0.714123 0.009709 1.919993
v -0.722910 0.827403 1.919992
v -0.710779 0.841144 1.920001
v -0.710828 0.828609 1.932068
v 0.718723 0.841144 1.920001
v 0.730592 0.827043 1.917751
v 0.718541 0.828609 1.932068
v 0.718476 0.024857 1.918132
v 0.706175 0.009709 1.919993
v 0.706355 0.021855 1.932068
v -0.710779 0.857355 1.811314
v -0.710779 0.844820 1.823380
v -0.722908 0.831838 1.801712
v 0.718723 0.857355 1.811314
v 0.730599 0.831840 1.801713
v 0.718723 0.844820 1.823380
v -0.710779 1.569444 1.823383
v -0.710779 1.557730 1.811313
v -0.722855 1.582176 1.801617
v 0.718723 1.569444 1.823383
v 0.730698 1.582176 1.801618
v 0.718723 1.557730 1.811313
v -0.710779 1.577913 1.943940
v -0.710779 1.566199 1.931870
v -0.722855 1.578280 1.931864
v 0.718723 1.577913 1.943940
v 0.730799 1.578280 1.931864
v 0.718723 1.566199 1.931870
v -0.710779 2.414604 1.931864
v -0.710779 2.402480 1.943940
v -0.722855 2.402529 1.931864
v 0.718723 2.414604 1.931864
v 0.730799 2.402529 1.931864
v 0.718723 2.402480 1.943940
v -0.710779 2.415037 1.823388
v -0.722855 2.403058 1.799237
v -0.709671 2.430712 1.811313
v 0.715427 2.430715 1.811313
v 0.730673 2.403058 1.799240
v 0.718723 2.415037 1.823388
v -0.709325 3.006781 1.811312
v -0.722922 3.006781 1.799237
v -0.710846 3.018857 1.799237
v 0.715089 3.006781 1.811312
v 0.718470 3.018857 1.799237
v 0.730548 3.007851 1.799240
v -0.714123 0.017636 1.207543
v -0.726199 0.017706 1.219618
v -0.714123 0.005631 1.219618
v 0.706175 0.005631 1.219618
v 0.718476 0.020723 1.218373
v 0.706175 0.017636 1.207543
v -0.714123 3.006781 1.207541
v -0.714056 3.018857 1.219616
v -0.726132 3.006781 1.219616
v 0.706175 3.006781 1.207541
v 0.718479 3.007894 1.218503
v 0.706424 3.018857 1.219616
v -0.726150 0.021783 -1.919993
v -0.714123 0.009707 -1.919993
v -0.714075 0.021853 -1.932068
v -0.722910 0.827402 -1.919993
v -0.710828 0.828608 -1.932069
v -0.710779 0.841143 -1.920002
v 0.718723 0.841143 -1.920002
v 0.718541 0.828608 -1.932069
v 0.730592 0.827041 -1.919523
v 0.706355 0.021853 -1.932068
v 0.706175 0.009707 -1.919993
v 0.718476 0.024855 -1.919904
v -0.710779 0.857353 -1.811315
v -0.722908 0.831836 -1.801713
v -0.710779 0.844819 -1.823381
v 0.718723 0.857353 -1.811315
v 0.718723 0.844819 -1.823381
v 0.730599 0.831838 -1.801715
v -0.710779 1.569443 -1.823385
v -0.722855 1.582175 -1.801618
v -0.710779 1.557728 -1.811315
v 0.718723 1.569443 -1.823385
v 0.718723 1.557728 -1.811315
v 0.730698 1.582175 -1.801620
v -0.710779 1.577911 -1.943942
v -0.722855 1.578278 -1.931866
v -0.710779 1.566197 -1.931872
v 0.718723 1.577911 -1.943942
v 0.718723 1.566197 -1.931872
v 0.730799 1.578278 -1.931866
v -0.710779 2.414602 -1.931867
v -0.722855 2.402527 -1.931867
v -0.710779 2.402479 -1.943942
v 0.718723 2.414602 -1.931867
v 0.718723 2.402479 -1.943942
v 0.730799 2.402527 -1.931867
v -0.709263 2.430711 -1.811315
v -0.722855 2.403056 -1.799240
v -0.710779 2.415035 -1.823391
v 0.718723 2.415035 -1.823391
v 0.730673 2.403056 -1.799243
v 0.717337 2.430713 -1.811315
v -0.708917 3.006780 -1.811316
v -0.710846 3.018855 -1.799240
v -0.722922 3.006780 -1.799240
v 0.718470 3.018855 -1.799240
v 0.716999 3.006780 -1.811316
v 0.730548 3.007850 -1.799243
v -0.714123 0.005629 -1.219618
v -0.726199 0.017705 -1.219618
v -0.714123 0.017634 -1.207543
v 0.706175 0.017634 -1.207543
v 0.718476 0.020722 -1.218374
v 0.706175 0.005629 -1.219618
v -0.714123 3.006780 -1.207544
v -0.726132 3.006780 -1.219620
v -0.714056 3.018855 -1.219620
v 0.706424 3.018855 -1.219620
v 0.718479 3.007893 -1.218507
v 0.706175 3.006780 -1.207544
v -0.603772 3.030930 -1.797546
v -0.615848 3.018855 -1.799240
v -0.591697 3.006882 -1.812097
v 0.603770 3.030932 1.797543
v 0.615846 3.018857 1.799237
v 0.591695 3.006884 1.812094
v 0.591695 3.006911 1.208418
v 0.615846 3.018857 1.219616
v 0.603770 3.030932 1.217975
v -0.603772 3.030932 1.217975
v -0.615848 3.018857 1.219616
v -0.591697 3.006911 1.208418
v -0.615848 3.018855 -1.219620
v -0.603772 3.030930 -1.217978
v -0.591697 3.006909 -1.208421
v 0.615846 3.018855 -1.219620
v 0.591695 3.006909 -1.208421
v 0.603770 3.030930 -1.217978
v 0.615846 3.018855 -1.799240
v 0.603770 3.030930 -1.797546
v 0.591695 3.006882 -1.812097
v -0.603772 3.030932 1.797543
v -0.591697 3.006884 1.812094
v -0.615848 3.018857 1.799237
v -0.537238 0.575105 1.087316
v -0.537238 0.818561 1.087316
v -0.543051 0.575105 1.028041
v -0.513414 0.575105 1.035982
v -0.491717 0.575105 1.057678
v -0.483776 0.575105 1.087316
v -0.543051 0.575105 1.146591
v -0.572689 0.575105 1.138649
v -0.594385 0.575105 1.116953
v -0.602326 0.575105 1.087316
v -0.594385 0.575105 1.057678
v -0.572689 0.575105 1.035982
v -0.543051 0.803666 1.028041
v -0.541545 0.818561 1.043401
v -0.519660 0.818561 1.049440
v -0.513414 0.803666 1.035982
v -0.503761 0.818561 1.065519
v -0.491717 0.803666 1.057678
v -0.497970 0.818561 1.087316
v -0.483776 0.803666 1.087316
v -0.503761 0.818561 1.109112
v -0.491717 0.803666 1.116953
v -0.519660 0.818561 1.125191
v -0.513414 0.803666 1.138649
v -0.541545 0.818561 1.131230
v -0.543051 0.803666 1.146591
v -0.563601 0.818561 1.125490
v -0.572689 0.803666 1.138649
v -0.579844 0.818561 1.109412
v -0.594385 0.803666 1.116953
v -0.585809 0.818561 1.087316
v -0.602326 0.803666 1.087316
v -0.579844 0.818561 1.065219
v -0.594385 0.803666 1.057678
v -0.563601 0.818561 1.049141
v -0.572689 0.803666 1.035982
v -0.483776 0.575105 1.205217
v -0.543051 0.575105 1.205217
v -0.483776 0.803666 1.205217
v -0.543051 0.803666 1.205217
v -0.544846 0.549113 1.087978
v -0.544846 0.581326 1.042056
v -0.521885 0.581326 1.048208
v -0.505076 0.581326 1.065017
v -0.498924 0.581326 1.087978
v -0.505076 0.581326 1.110939
v -0.521885 0.581326 1.127748
v -0.544846 0.581326 1.133901
v -0.567807 0.581326 1.127748
v -0.584616 0.581326 1.110939
v -0.590768 0.581326 1.087978
v -0.584616 0.581326 1.065017
v -0.567807 0.581326 1.048208
v -0.544846 0.549113 1.057389
v -0.544846 0.563923 1.042056
v -0.521885 0.563923 1.048208
v -0.529551 0.549113 1.061487
v -0.505076 0.563923 1.065017
v -0.518355 0.549113 1.072683
v -0.498924 0.563923 1.087978
v -0.514256 0.549113 1.087978
v -0.505076 0.563923 1.110939
v -0.518355 0.549113 1.103273
v -0.521885 0.563923 1.127748
v -0.529551 0.549113 1.114469
v -0.544846 0.563923 1.133901
v -0.544846 0.549113 1.118568
v -0.567807 0.563923 1.127748
v -0.560141 0.549113 1.114469
v -0.584616 0.563923 1.110939
v -0.571337 0.549113 1.103273
v -0.590768 0.563923 1.087978
v -0.575435 0.549113 1.087978
v -0.584616 0.563923 1.065017
v -0.571337 0.549113 1.072683
v -0.567807 0.563923 1.048208
v -0.560141 0.549113 1.061487
v -0.544846 2.267037 1.087977
v -0.544846 2.299250 1.042055
v -0.521885 2.299250 1.048207
v -0.505076 2.299250 1.065016
v -0.498924 2.299250 1.087977
v -0.505076 2.299250 1.110938
v -0.521885 2.299250 1.127747
v -0.544846 2.299250 1.133900
v -0.567807 2.299250 1.127747
v -0.584616 2.299250 1.110938
v -0.590768 2.299250 1.087977
v -0.584616 2.299250 1.065016
v -0.567807 2.299250 1.048207
v -0.544846 2.267037 1.057388
v -0.544846 2.277442 1.042055
v -0.521885 2.277442 1.048207
v -0.529551 2.267037 1.061486
v -0.505076 2.277442 1.065016
v -0.518355 2.267037 1.072682
v -0.498924 2.277442 1.087977
v -0.514256 2.267037 1.087977
v -0.505076 2.277442 1.110938
v -0.518355 2.267037 1.103272
v -0.521885 2.277442 1.127747
v -0.529551 2.267037 1.114469
v -0.544846 2.277442 1.133900
v -0.544846 2.267037 1.118567
v -0.567807 2.277442 1.127747
v -0.560141 2.267037 1.114469
v -0.584616 2.277442 1.110938
v -0.571337 2.267037 1.103272
v -0.590768 2.277442 1.087977
v -0.575435 2.267037 1.087977
v -0.584616 2.277442 1.065016
v -0.571337 2.267037 1.072682
v -0.567807 2.277442 1.048207
v -0.560141 2.267037 1.061486
v -0.537146 2.298811 1.086125
v -0.536321 2.536164 1.086125
v -0.542960 2.298811 1.026850
v -0.513322 2.298811 1.034792
v -0.491626 2.298811 1.056488
v -0.483685 2.298811 1.086125
v -0.542960 2.298811 1.145401
v -0.572597 2.298811 1.137459
v -0.594293 2.298811 1.115763
v -0.602235 2.298811 1.086125
v -0.594293 2.298811 1.056488
v -0.572597 2.298811 1.034792
v -0.542960 2.526902 1.026850
v -0.541488 2.536164 1.033446
v -0.515235 2.536164 1.040690
v -0.513322 2.526902 1.034792
v -0.496162 2.536164 1.059979
v -0.491626 2.526902 1.056488
v -0.489215 2.536164 1.086125
v -0.483685 2.526902 1.086125
v -0.496162 2.536164 1.112272
v -0.491626 2.526902 1.115763
v -0.515235 2.536164 1.131560
v -0.513322 2.526902 1.137459
v -0.541488 2.536164 1.138805
v -0.542960 2.526902 1.145400
v -0.567946 2.536164 1.131919
v -0.572597 2.526902 1.137459
v -0.587432 2.536164 1.112632
v -0.594293 2.526902 1.115763
v -0.594587 2.536164 1.086125
v -0.602235 2.526902 1.086125
v -0.587432 2.536164 1.059618
v -0.594293 2.526902 1.056488
v -0.567946 2.536164 1.040331
v -0.572597 2.526902 1.034792
v -0.483685 2.298811 1.204026
v -0.542960 2.298811 1.204026
v -0.483685 2.526902 1.204026
v -0.542960 2.526902 1.204026
v -0.580127 1.561411 -1.199905
v -0.657987 1.483550 -1.120543
v -0.657987 1.483550 -1.199905
v -0.647556 1.444620 -1.120543
v -0.647556 1.444620 -1.199905
v -0.619057 1.416121 -1.120543
v -0.619057 1.416121 -1.199905
v -0.580127 1.405690 -1.120543
v -0.580127 1.405690 -1.199905
v -0.538960 1.405690 -1.199905
v -0.538960 1.405690 -1.120543
v -0.538960 1.561411 -1.199905
v -0.475122 1.030360 -1.199905
v -0.475122 1.030360 -1.120543
v -0.580127 1.561411 -1.120543
v -0.619057 1.550979 -1.120543
v -0.619057 1.550979 -1.199905
v -0.647556 1.522481 -1.120543
v -0.647556 1.522481 -1.199905
v -0.538960 1.561411 -1.120543
v -0.538960 1.884560 -1.120543
v -0.538960 1.884560 -1.199905
v -0.538960 1.030360 -1.199905
v -0.538960 1.030360 -1.120543
v -0.475122 1.884560 -1.120543
v -0.475122 1.884560 -1.199905
v -0.483018 0.014113 1.086788
v -0.483018 0.014111 -1.086789
v -0.483018 3.018855 -1.086790
v -0.362264 3.018855 -1.086790
v -0.362264 3.018857 1.086787
v -0.362264 0.014113 1.086788
v -0.362264 0.014111 -1.086789
v -0.483018 0.000523 1.299759
v -0.362264 0.000523 1.299759
v -0.483018 -0.000002 -1.275611
v -0.362264 -0.000002 -1.275611
v -0.362264 4.292434 -0.000028
v -0.362264 4.249146 -0.328833
v -0.483018 4.249146 -0.328833
v -0.483018 4.292434 -0.000028
v -0.362264 3.354201 -1.226146
v -0.483018 4.122232 -0.635229
v -0.362264 4.122232 -0.635229
v -0.483018 3.920341 -0.898338
v -0.362264 3.920341 -0.898338
v -0.483018 3.657233 -1.100228
v -0.362264 3.657233 -1.100228
v -0.483018 3.354201 -1.226146
v -0.362264 4.249146 0.328776
v -0.483018 4.249146 0.328775
v -0.362264 4.122232 0.635172
v -0.483018 4.122232 0.635172
v -0.362264 3.920343 0.898281
v -0.483018 3.920343 0.898281
v -0.362264 3.657234 1.100171
v -0.483018 3.657234 1.100171
v -0.362264 3.354211 1.226087
v -0.483018 3.354211 1.226087
v -0.483018 -0.000000 1.086788
v -0.362264 -0.000000 1.086788
v -0.483018 -0.000002 -1.086789
v -0.362264 -0.000002 -1.086789
v -0.362264 4.103612 -0.000028
v -0.362264 4.066758 -0.279962
v -0.483018 4.066758 -0.279962
v -0.483018 4.103612 -0.000028
v -0.483018 3.958708 -0.540818
v -0.362264 3.958708 -0.540818
v -0.483018 3.786824 -0.764820
v -0.362264 3.786824 -0.764820
v -0.483018 3.562822 -0.936703
v -0.362264 3.562822 -0.936703
v -0.483018 3.301009 -1.050564
v -0.362264 3.301009 -1.050564
v -0.362264 4.066758 0.279905
v -0.483018 4.066758 0.279905
v -0.362264 3.958708 0.540761
v -0.483018 3.958708 0.540761
v -0.362264 3.786825 0.764763
v -0.483018 3.786825 0.764763
v -0.362264 3.562823 0.936647
v -0.483018 3.562823 0.936647
v -0.362264 3.296591 1.050560
v -0.483018 3.296591 1.050560
v -0.483018 3.018857 1.086787
v -0.483018 3.147555 -1.275147
v -0.362264 3.147826 1.275111
v -0.483018 3.139609 -1.082817
v -0.362264 3.147555 -1.275147
v -0.362264 3.139609 -1.082817
v -0.362264 3.139611 1.082607
v -0.483018 3.147826 1.275111
v -0.483018 3.139611 1.082607
v -0.422817 3.119746 0.739503
v -0.422817 3.842365 0.739502
v -0.402927 3.119746 0.744832
v -0.402927 3.842365 0.744832
v -0.388367 3.119746 0.759392
v -0.388367 3.842365 0.759392
v -0.383038 3.119746 0.779282
v -0.383038 3.842365 0.779281
v -0.388367 3.119746 0.799171
v -0.388367 3.842365 0.799171
v -0.402927 3.119746 0.813731
v -0.402927 3.842365 0.813731
v -0.422817 3.119746 0.819061
v -0.422817 3.842365 0.819060
v -0.442706 3.119746 0.813731
v -0.442706 3.842365 0.813731
v -0.457266 3.119746 0.799171
v -0.457266 3.842365 0.799171
v -0.462596 3.119746 0.779282
v -0.462596 3.842365 0.779281
v -0.457266 3.119746 0.759392
v -0.457266 3.842365 0.759392
v -0.442706 3.119746 0.744832
v -0.442706 3.842365 0.744832
v -0.422817 3.119746 0.332963
v -0.422817 4.073998 0.332962
v -0.402927 3.119746 0.338292
v -0.402927 4.073998 0.338292
v -0.388367 3.119746 0.352852
v -0.388367 4.073998 0.352852
v -0.383038 3.119746 0.372742
v -0.383038 4.073998 0.372741
v -0.388367 3.119746 0.392631
v -0.388367 4.073998 0.392631
v -0.402927 3.119746 0.407191
v -0.402927 4.073998 0.407191
v -0.422817 3.119746 0.412521
v -0.422817 4.073998 0.412520
v -0.442706 3.119746 0.407191
v -0.442706 4.073998 0.407191
v -0.457266 3.119746 0.392631
v -0.457266 4.073998 0.392631
v -0.462596 3.119746 0.372742
v -0.462596 4.073998 0.372741
v -0.457266 3.119746 0.352852
v -0.457266 4.073998 0.352852
v -0.442706 3.119746 0.338292
v -0.442706 4.073998 0.338292
v -0.422817 3.119745 -0.739506
v -0.422817 3.842365 -0.739507
v -0.402927 3.119745 -0.744836
v -0.402927 3.842365 -0.744836
v -0.388367 3.119745 -0.759396
v -0.388367 3.842365 -0.759396
v -0.383038 3.119745 -0.779285
v -0.383038 3.842365 -0.779286
v -0.388367 3.119745 -0.799175
v -0.388367 3.842365 -0.799175
v -0.402927 3.119745 -0.813735
v -0.402927 3.842365 -0.813736
v -0.422817 3.119745 -0.819064
v -0.422817 3.842365 -0.819065
v -0.442706 3.119745 -0.813735
v -0.442706 3.842365 -0.813736
v -0.457266 3.119745 -0.799175
v -0.457266 3.842365 -0.799175
v -0.462596 3.119745 -0.779285
v -0.462596 3.842365 -0.779286
v -0.457266 3.119745 -0.759396
v -0.457266 3.842365 -0.759396
v -0.442706 3.119745 -0.744836
v -0.442706 3.842365 -0.744836
v -0.422817 3.119746 -0.332966
v -0.422817 4.073998 -0.332967
v -0.402927 3.119746 -0.338296
v -0.402927 4.073998 -0.338296
v -0.388367 3.119746 -0.352856
v -0.388367 4.073998 -0.352856
v -0.383038 3.119746 -0.372745
v -0.383038 4.073998 -0.372746
v -0.388367 3.119746 -0.392635
v -0.388367 4.073998 -0.392635
v -0.402927 3.119746 -0.407195
v -0.402927 4.073998 -0.407196
v -0.422817 3.119746 -0.412524
v -0.422817 4.073998 -0.412525
v -0.442706 3.119746 -0.407195
v -0.442706 4.073998 -0.407196
v -0.457266 3.119746 -0.392635
v -0.457266 4.073998 -0.392635
v -0.462596 3.119746 -0.372745
v -0.462596 4.073998 -0.372746
v -0.457266 3.119746 -0.352856
v -0.457266 4.073998 -0.352856
v -0.442706 3.119746 -0.338296
v -0.442706 4.073998 -0.338296
v -0.422817 3.119746 -0.039781
v -0.422817 4.134028 -0.039781
v -0.402927 3.119746 -0.034451
v -0.402927 4.134028 -0.034452
v -0.388367 3.119746 -0.019891
v -0.388367 4.134028 -0.019892
v -0.383038 3.119746 -0.000002
v -0.383038 4.134028 -0.000002
v -0.388367 3.119746 0.019888
v -0.388367 4.134028 0.019887
v -0.402927 3.119746 0.034448
v -0.402927 4.134028 0.034447
v -0.422817 3.119746 0.039777
v -0.422817 4.134028 0.039777
v -0.442706 3.119746 0.034448
v -0.442706 4.134028 0.034447
v -0.457266 3.119746 0.019888
v -0.457266 4.134028 0.019887
v -0.462596 3.119746 -0.000002
v -0.462596 4.134028 -0.000002
v -0.457266 3.119746 -0.019891
v -0.457266 4.134028 -0.019892
v -0.442706 3.119746 -0.034451
v -0.442706 4.134028 -0.034452
vn -0.3418 -0.8769 -0.3379
vn 0.3894 -0.8549 0.3428
vn -0.3424 -0.8738 0.3454
vn 0.9091 0.2846 0.3043
vn 0.9071 -0.2930 0.3023
vn 0.9906 0.0998 0.0937
vn -0.9885 0.1082 0.1059
vn -0.9891 -0.1064 0.1022
vn -0.8763 -0.3416 -0.3397
vn -0.8754 0.3412 0.3425
vn -0.9895 0.1014 0.1031
vn 0.5268 0.8111 0.2541
vn -0.3415 0.8746 0.3441
vn 0.3415 0.8746 0.3441
vn 0.0027 0.5625 0.8268
vn -0.4600 0.2224 0.8596
vn 0.4213 0.2451 0.8732
vn -0.3456 0.8705 0.3504
vn -0.2626 0.8959 -0.3584
vn -0.3422 0.8759 -0.3403
vn 0.5285 0.7982 0.2891
vn -0.3653 0.8578 0.3616
vn 0.3860 0.8464 0.3670
vn 0.0377 0.5240 -0.8509
vn 0.3092 0.3386 -0.8887
vn 0.3343 -0.3566 -0.8724
vn -0.3483 0.3386 0.8741
vn 0.3818 -0.3481 0.8562
vn 0.3848 0.3293 0.8623
vn 0.8831 -0.2953 -0.3647
vn 0.3137 0.8847 -0.3448
vn 0.3557 0.9337 0.0412
vn 0.3354 0.8714 0.3580
vn 0.9905 -0.1059 0.0878
vn 0.8486 0.3675 -0.3805
vn 0.9896 0.1095 0.0931
vn 0.4580 -0.2554 0.8515
vn -0.4477 0.2437 0.8603
vn 0.4526 0.2428 0.8580
vn 0.3426 -0.8823 0.3226
vn -0.5019 -0.8311 0.2396
vn 0.5036 -0.8302 0.2390
vn 0.3415 0.3406 0.8760
vn -0.3426 -0.3488 0.8723
vn 0.3426 -0.3488 0.8723
vn 0.2784 0.3335 0.9007
vn -0.8769 0.3418 -0.3381
vn 0.8755 0.3411 0.3423
vn 0.8523 0.3562 0.3831
vn 0.3826 -0.8596 -0.3386
vn -0.3418 -0.8769 0.3379
vn -0.3424 -0.8738 -0.3454
vn 0.8966 0.2886 -0.3360
vn 0.9906 0.0998 -0.0937
vn 0.8949 -0.2956 -0.3344
vn -0.9885 0.1082 -0.1059
vn -0.8763 -0.3416 0.3397
vn -0.9891 -0.1064 -0.1022
vn -0.8754 0.3412 -0.3425
vn -0.8772 -0.3445 -0.3344
vn -0.3415 0.8746 -0.3441
vn 0.5264 0.8039 -0.2769
vn 0.3415 0.8746 -0.3441
vn 0.0344 0.5457 -0.8373
vn -0.4521 0.2269 -0.8626
vn -0.0027 0.6388 -0.7694
vn -0.2697 0.8159 0.5114
vn -0.3468 0.8691 -0.3526
vn -0.3422 0.8759 0.3403
vn -0.3653 0.8578 -0.3616
vn 0.5283 0.7984 -0.2890
vn 0.3777 0.8520 -0.3626
vn 0.3343 -0.3566 0.8724
vn 0.3092 0.3387 0.8887
vn 0.0377 0.5240 0.8509
vn -0.3483 0.3386 -0.8741
vn 0.3573 -0.3529 -0.8648
vn -0.3418 -0.3392 -0.8764
vn 0.8831 -0.2953 0.3647
vn -0.0899 0.6190 -0.7802
vn -0.3417 -0.3429 -0.8750
vn 0.9905 -0.1059 -0.0878
vn 0.8486 0.3675 0.3805
vn -0.4477 0.2437 -0.8603
vn 0.4580 -0.2554 -0.8515
vn 0.4526 0.2428 -0.8580
vn -0.5019 -0.8311 -0.2396
vn 0.3426 -0.8823 -0.3226
vn 0.5036 -0.8302 -0.2390
vn -0.3426 -0.3488 -0.8723
vn 0.3415 0.3406 -0.8760
vn 0.3426 -0.3488 -0.8723
vn 0.4569 0.2252 -0.8605
vn 0.3103 0.3361 -0.8892
vn -0.8769 0.3418 0.3381
vn -0.9892 0.1030 -0.1040
vn 0.8755 0.3410 -0.3423
vn 0.9908 0.1020 -0.0891
vn -0.3070 0.3382 -0.8896
vn -0.0380 0.5239 0.8509
vn 0.2389 0.8389 -0.4890
vn 0.3137 0.8847 0.3447
vn 0.3300 0.8775 -0.3480
vn -0.3410 0.3408 -0.8761
vn -0.8762 -0.3384 -0.3431
vn -0.8860 0.3090 -0.3457
vn -0.3417 -0.3429 0.8750
vn -0.3410 0.3408 0.8761
vn -0.8640 0.3375 -0.3736
vn 0.8613 0.3603 -0.3582
vn -0.8662 0.3383 0.3677
vn -0.0029 0.5624 0.8268
vn -0.3143 0.3390 0.8867
vn -0.8762 -0.3384 0.3431
vn -0.3418 -0.3392 0.8764
vn -0.8860 0.3090 0.3457
vn -0.5224 0.8022 0.2891
vn -0.4560 -0.2558 0.8524
vn -0.8772 -0.3445 0.3344
vn -0.3426 -0.8823 0.3226
vn 0.8773 -0.3444 0.3342
vn -0.3415 0.3406 0.8760
vn -0.5241 0.8039 0.2811
vn 0.3780 -0.8654 -0.3289
vn 0.3595 0.3338 -0.8714
vn -0.5224 0.8022 -0.2891
vn -0.4560 -0.2558 -0.8524
vn -0.3426 -0.8823 -0.3226
vn 0.8773 -0.3444 -0.3342
vn -0.3415 0.3406 -0.8760
vn -0.5244 0.8054 -0.2762
vn 0.3780 -0.8654 0.3289
vn 0.2114 0.7754 -0.5951
vn 0.2696 0.8161 -0.5112
vn -0.3935 0.8611 0.3219
vn 0.2696 0.8161 0.5112
vn 0.3934 0.8612 0.3220
vn 0.3632 0.8944 -0.2611
vn -0.0000 1.0000 -0.0000
vn -0.4546 0.8906 -0.0140
vn 0.7071 0.7071 -0.0000
vn -0.3558 0.9340 0.0326
vn -0.3827 0.9239 -0.0002
vn -0.1725 0.9434 -0.2834
vn -0.0000 -1.0000 -0.0000
vn -0.0030 0.3681 -0.9298
vn 0.5000 -0.0000 -0.8660
vn -0.0000 -0.0000 -1.0000
vn -0.4655 0.3759 -0.8013
vn -0.5000 -0.0000 -0.8660
vn 0.4642 0.3599 -0.8093
vn 0.8660 -0.0000 -0.5000
vn 0.4459 0.8951 -0.0000
vn 0.3862 0.8964 -0.2174
vn 0.9184 0.3887 -0.0737
vn 0.9914 -0.0000 -0.1305
vn 0.3862 0.8964 0.2174
vn 0.2246 0.8999 0.3737
vn 0.1619 0.9447 0.2851
vn -0.0826 0.7400 0.6675
vn 0.0083 0.9045 0.4264
vn -0.2028 0.9088 0.3647
vn -0.5000 -0.0000 0.8660
vn -0.2588 -0.0000 0.9659
vn -0.3539 0.9117 0.2085
vn -0.4655 0.3758 0.8013
vn -0.8660 -0.0000 0.5000
vn -0.4085 0.9128 -0.0000
vn -0.8013 0.3814 0.4609
vn -1.0000 -0.0000 -0.0000
vn -0.3539 0.9117 -0.2085
vn -0.9236 0.3834 -0.0000
vn -0.8660 -0.0000 -0.5000
vn -0.2028 0.9088 -0.3647
vn -0.8013 0.3814 -0.4609
vn 0.2246 0.8999 -0.3737
vn 0.0083 0.9045 -0.4264
vn 0.8093 0.3538 -0.4689
vn 0.2885 0.9426 0.1681
vn -0.0000 -0.0000 1.0000
vn 1.0000 -0.0000 -0.0000
vn 0.4647 -0.3692 -0.8048
vn -0.0000 -0.3693 -0.9293
vn -0.4647 -0.3693 -0.8048
vn 0.8048 -0.3692 -0.4647
vn 0.3687 -0.9048 -0.2129
vn 0.4257 -0.9048 -0.0000
vn 0.9293 -0.3692 -0.0000
vn 0.3687 -0.9048 0.2129
vn 0.8048 -0.3693 0.4647
vn 0.2129 -0.9049 0.3687
vn 0.8660 -0.0000 0.5000
vn 0.4647 -0.3693 0.8048
vn -0.0000 -0.9048 0.4257
vn 0.5000 -0.0000 0.8660
vn -0.0000 -0.3692 0.9293
vn -0.2129 -0.9048 0.3687
vn -0.4647 -0.3692 0.8048
vn -0.3687 -0.9048 0.2129
vn -0.8048 -0.3693 0.4647
vn -0.4257 -0.9049 -0.0000
vn -0.9293 -0.3693 -0.0000
vn -0.3687 -0.9048 -0.2129
vn -0.8048 -0.3692 -0.4647
vn -0.2129 -0.9048 -0.3687
vn -0.0000 -0.9049 -0.4257
vn 0.2129 -0.9048 -0.3687
vn 0.4493 -0.4389 -0.7781
vn -0.0000 -0.4389 -0.8985
vn -0.4493 -0.4389 -0.7781
vn 0.7781 -0.4389 -0.4493
vn 0.2919 -0.9415 -0.1685
vn 0.3371 -0.9415 -0.0000
vn 0.8985 -0.4389 -0.0000
vn 0.2919 -0.9415 0.1685
vn 0.7781 -0.4389 0.4493
vn 0.1685 -0.9415 0.2919
vn 0.4493 -0.4389 0.7781
vn -0.0000 -0.9415 0.3371
vn -0.0000 -0.4389 0.8985
vn -0.1685 -0.9415 0.2919
vn -0.4493 -0.4389 0.7781
vn -0.2919 -0.9415 0.1685
vn -0.7781 -0.4389 0.4493
vn -0.3371 -0.9415 -0.0000
vn -0.8985 -0.4389 -0.0000
vn -0.2919 -0.9415 -0.1685
vn -0.7781 -0.4389 -0.4493
vn -0.1685 -0.9415 -0.2919
vn -0.0000 -0.9415 -0.3371
vn 0.1685 -0.9415 -0.2919
vn -0.0066 0.2908 -0.9568
vn -0.4806 0.3068 -0.8215
vn 0.8345 0.2599 -0.4858
vn 0.4769 0.8380 -0.2651
vn 0.9651 0.2519 -0.0714
vn 0.4769 0.8380 0.2651
vn 0.2784 0.8463 0.4541
vn 0.2000 0.9120 0.3580
vn -0.0863 0.6709 0.7365
vn 0.0150 0.8572 0.5148
vn -0.2383 0.8674 0.4368
vn -0.4169 0.8744 0.2481
vn -0.4806 0.3068 0.8215
vn -0.4807 0.8769 -0.0000
vn -0.8227 0.3178 0.4714
vn -0.4169 0.8744 -0.2481
vn -0.9468 0.3218 -0.0000
vn -0.2383 0.8674 -0.4368
vn -0.8227 0.3178 -0.4713
vn 0.2784 0.8463 -0.4541
vn 0.0150 0.8572 -0.5148
vn 0.4758 0.2734 -0.8360
vn 0.8586 0.5127 -0.0000
vn 0.3641 0.9064 0.2142
vn -0.8660 -0.5000 -0.0000
vn -0.5000 -0.8660 -0.0000
vn -0.1305 -0.9914 -0.0000
vn -0.1305 0.9914 -0.0000
vn -0.5000 0.8660 -0.0000
vn -0.8660 0.5000 -0.0000
vn -0.0000 -0.9659 0.2588
vn -0.0000 -0.8660 0.5000
vn -0.0000 -0.7071 0.7071
vn -0.0000 -0.5076 0.8616
vn -0.0000 -0.2991 0.9542
vn -0.0000 -0.9659 -0.2588
vn -0.0000 -0.8660 -0.5000
vn -0.0000 -0.7071 -0.7071
vn -0.0000 -0.5050 -0.8631
vn -0.0000 -0.2982 -0.9545
vn -0.0000 -1.0000 0.0025
vn -0.0000 -0.1960 0.9806
vn -0.0000 -0.2000 -0.9798
vn -0.0052 0.7269 0.6867
vn 0.0050 0.7272 0.6864
vn -0.7084 0.7054 -0.0218
vt 0.199307 0.836852
vt 0.057449 0.767614
vt 0.199108 0.766870
vt 0.089931 0.169431
vt 0.010266 0.168940
vt 0.090487 0.157908
vt 0.745308 0.250369
vt 0.670797 0.250430
vt 0.826098 0.192489
vt 0.589346 0.263443
vt 0.589281 0.250272
vt 0.162293 0.346106
vt 0.015583 0.335830
vt 0.159345 0.335819
vt 0.930521 0.813855
vt 0.987527 0.684812
vt 0.987776 0.830121
vt 0.433448 0.090850
vt 0.424593 0.032834
vt 0.434265 0.034573
vt 0.143965 0.613410
vt 0.151535 0.473933
vt 0.152171 0.609010
vt 0.527562 0.279909
vt 0.527574 0.268540
vt 0.824403 0.268517
vt 0.153099 0.474083
vt 0.233034 0.619053
vt 0.153682 0.608824
vt 0.010297 0.099491
vt 0.451633 0.090506
vt 0.442807 0.032784
vt 0.452834 0.034172
vt 0.164998 0.158301
vt 0.306888 0.101231
vt 0.246511 0.158608
vt 0.845199 0.166710
vt 0.704842 0.096813
vt 0.836853 0.096685
vt 0.159134 0.251022
vt 0.012716 0.240808
vt 0.162182 0.240775
vt 0.159281 0.334375
vt 0.015837 0.252462
vt 0.159069 0.252433
vt 0.929898 0.824957
vt 0.529275 0.192770
vt 0.246365 0.171785
vt 0.306582 0.158909
vt 0.522002 0.897326
vt 0.453746 0.755033
vt 0.523749 0.755702
vt 0.527791 0.169253
vt 0.527303 0.157550
vt 0.607457 0.169226
vt 0.539162 0.083406
vt 0.458211 0.025750
vt 0.613672 0.083261
vt 0.695158 0.096047
vt 0.613308 0.096195
vt 0.798753 0.984412
vt 0.788411 0.837707
vt 0.798697 0.840650
vt 0.987416 0.394887
vt 0.929968 0.265851
vt 0.987250 0.281207
vt 0.762613 0.079389
vt 0.820553 0.088729
vt 0.764268 0.089078
vt 0.912140 0.269271
vt 0.920619 0.408770
vt 0.912313 0.404509
vt 0.642157 0.990000
vt 0.641931 0.693171
vt 0.653299 0.693150
vt 0.910585 0.269425
vt 0.831148 0.413978
vt 0.831007 0.258560
vt 0.607831 0.099603
vt 0.527571 0.397422
vt 0.824414 0.409556
vt 0.452791 0.157509
vt 0.311236 0.099611
vt 0.900924 0.847440
vt 0.971131 0.987642
vt 0.901087 0.979450
vt 0.893777 0.987237
vt 0.883496 0.840823
vt 0.893741 0.837771
vt 0.882121 0.984122
vt 0.800143 0.840713
vt 0.882085 0.840889
vt 0.930229 0.411260
vt 0.988065 0.406227
vt 0.755033 0.025208
vt 0.695187 0.082876
vt 0.371346 0.170517
vt 0.371277 0.157340
vt 0.987821 0.270594
vt 0.770813 0.693061
vt 0.157810 0.435990
vt 0.215468 0.445286
vt 0.159140 0.446028
vt 0.527585 0.409580
vt 0.458742 0.095298
vt 0.538743 0.095153
vt 0.783195 0.989893
vt 0.782970 0.693064
vt 0.755138 0.082767
vt 0.311205 0.157289
vt 0.529330 0.250329
vt 0.930313 0.700271
vt 0.929699 0.689607
vt 0.200686 0.766597
vt 0.199368 0.765276
vt 0.152662 0.472615
vt 0.153181 0.610421
vt 0.055621 0.767443
vt 0.057133 0.766069
vt 0.141356 0.469675
vt 0.142475 0.466801
vt 0.143153 0.469726
vt 0.142172 0.613487
vt 0.143333 0.616340
vt 0.697040 0.168594
vt 0.694310 0.168828
vt 0.696674 0.166855
vt 0.844836 0.168450
vt 0.847561 0.168678
vt 0.014264 0.251934
vt 0.015771 0.251052
vt 0.160641 0.251903
vt 0.014072 0.334935
vt 0.015646 0.334385
vt 0.160855 0.334924
vt 0.989573 0.685082
vt 0.989834 0.682270
vt 0.989871 0.830050
vt 0.990000 0.832862
vt 0.433724 0.092395
vt 0.435066 0.091090
vt 0.452928 0.032583
vt 0.454381 0.033973
vt 0.199580 0.838434
vt 0.200890 0.837105
vt 0.057779 0.836892
vt 0.057482 0.838437
vt 0.056007 0.837354
vt 0.434733 0.033084
vt 0.435902 0.034388
vt 0.452026 0.092030
vt 0.453188 0.090799
vt 0.524032 0.754126
vt 0.525345 0.755453
vt 0.911014 0.267955
vt 0.911199 0.405842
vt 0.910777 0.404340
vt 0.523548 0.897658
vt 0.522327 0.899128
vt 0.922294 0.264994
vt 0.920499 0.265050
vt 0.921173 0.262125
vt 0.922414 0.408825
vt 0.921293 0.411686
vt 0.972687 0.839479
vt 0.970948 0.839117
vt 0.972916 0.836749
vt 0.972870 0.987276
vt 0.973103 0.990000
vt 0.883532 0.984188
vt 0.882651 0.985695
vt 0.882613 0.839317
vt 0.800199 0.984348
vt 0.799651 0.985922
vt 0.799593 0.839140
vt 0.927911 0.266087
vt 0.927672 0.263275
vt 0.928175 0.411019
vt 0.927941 0.413828
vt 0.822104 0.088979
vt 0.820781 0.090347
vt 0.158934 0.447577
vt 0.157589 0.446292
vt 0.452166 0.754749
vt 0.453504 0.753448
vt 0.451194 0.896872
vt 0.452741 0.896585
vt 0.452268 0.898354
vt 0.762775 0.089532
vt 0.764069 0.090713
vt 0.216988 0.445696
vt 0.215747 0.446843
vt 0.440917 0.094438
vt 0.440862 0.091731
vt 0.442662 0.091926
vt 0.760070 0.077668
vt 0.762795 0.077586
vt 0.216974 0.436334
vt 0.216795 0.434533
vt 0.219504 0.434614
vt 0.155310 0.434103
vt 0.158276 0.434283
vt 0.232802 0.463012
vt 0.232554 0.461138
vt 0.232465 0.621047
vt 0.837819 0.093963
vt 0.703850 0.094091
vt 0.164759 0.239170
vt 0.010130 0.239207
vt 0.164916 0.347925
vt 0.012633 0.346114
vt 0.010000 0.347931
vt 0.929640 0.826793
vt 0.929566 0.687887
vt 0.529273 0.191079
vt 0.306787 0.099594
vt 0.831690 0.415821
vt 0.788470 0.987366
vt 0.988310 0.407930
vt 0.987953 0.268847
vt 0.755030 0.023517
vt 0.458201 0.024054
vt 0.311346 0.097974
vt 0.608138 0.097976
vt 0.422789 0.033000
vt 0.000000 0.000000
vt 0.424154 0.092115
vt 0.422445 0.091649
vt 0.441097 0.033238
vt 0.422894 0.030276
vt 0.821440 0.077733
vt 0.821891 0.079447
vt 0.824414 0.077588
vt 0.825759 0.262039
vt 0.230566 0.648622
vt 0.236395 0.649623
vt 0.234854 0.652251
vt 0.030848 0.224560
vt 0.027836 0.201860
vt 0.030883 0.201866
vt 0.033895 0.224566
vt 0.033930 0.201873
vt 0.232206 0.653759
vt 0.027802 0.224560
vt 0.024789 0.201853
vt 0.835499 0.182178
vt 0.838200 0.184872
vt 0.836306 0.185978
vt 0.229159 0.653739
vt 0.021708 0.224547
vt 0.021742 0.201853
vt 0.839299 0.182975
vt 0.839313 0.180776
vt 0.225043 0.646501
vt 0.234752 0.932116
vt 0.235541 0.929172
vt 0.241362 0.929172
vt 0.838224 0.178852
vt 0.217870 0.650637
vt 0.219429 0.644960
vt 0.836309 0.177727
vt 0.226583 0.643874
vt 0.049130 0.224586
vt 0.046117 0.201886
vt 0.049164 0.201893
vt 0.834077 0.177713
vt 0.229231 0.642366
vt 0.046083 0.224586
vt 0.043071 0.201886
vt 0.832139 0.178826
vt 0.232278 0.642385
vt 0.043036 0.224580
vt 0.040024 0.201879
vt 0.831029 0.180769
vt 0.234907 0.643927
vt 0.039989 0.224573
vt 0.036977 0.201873
vt 0.831047 0.183001
vt 0.236414 0.646574
vt 0.036942 0.224573
vt 0.834107 0.185998
vt 0.832180 0.184911
vt 0.833446 0.187987
vt 0.836771 0.187987
vt 0.839652 0.186321
vt 0.841310 0.183436
vt 0.841301 0.180110
vt 0.839631 0.177239
vt 0.836751 0.175586
vt 0.833434 0.175593
vt 0.830565 0.177259
vt 0.828910 0.180130
vt 0.828910 0.183449
vt 0.830569 0.186321
vt 0.555759 0.491578
vt 0.533055 0.497439
vt 0.533062 0.491552
vt 0.241363 0.935060
vt 0.229655 0.935060
vt 0.232598 0.934270
vt 0.151200 0.621655
vt 0.173896 0.615834
vt 0.173897 0.621655
vt 0.010000 0.224527
vt 0.010034 0.201833
vt 0.239661 0.700746
vt 0.237910 0.703096
vt 0.237923 0.700735
vt 0.239675 0.698386
vt 0.237949 0.698375
vt 0.239635 0.703107
vt 0.237896 0.705456
vt 0.209555 0.836059
vt 0.212401 0.835321
vt 0.212392 0.836836
vt 0.239622 0.705467
vt 0.237883 0.707817
vt 0.211624 0.838153
vt 0.239793 0.679502
vt 0.238041 0.681851
vt 0.238068 0.679491
vt 0.210301 0.838917
vt 0.239780 0.681862
vt 0.238028 0.684212
vt 0.208778 0.838904
vt 0.239767 0.684223
vt 0.238015 0.686572
vt 0.207464 0.838140
vt 0.239740 0.686583
vt 0.238002 0.688933
vt 0.206710 0.836810
vt 0.239727 0.688944
vt 0.237989 0.691293
vt 0.206718 0.835295
vt 0.239714 0.691304
vt 0.237976 0.693654
vt 0.207487 0.833978
vt 0.239701 0.693665
vt 0.237962 0.696014
vt 0.208810 0.833214
vt 0.239688 0.696025
vt 0.210332 0.833227
vt 0.211647 0.833991
vt 0.210891 0.831186
vt 0.213152 0.832503
vt 0.214434 0.837402
vt 0.214448 0.834781
vt 0.213112 0.839668
vt 0.210837 0.840958
vt 0.205959 0.839628
vt 0.208219 0.840945
vt 0.204662 0.837350
vt 0.204676 0.834729
vt 0.208273 0.831172
vt 0.205998 0.832463
vt 0.211790 0.764083
vt 0.209427 0.761923
vt 0.211787 0.761923
vt 0.214150 0.764083
vt 0.214148 0.761923
vt 0.209429 0.764096
vt 0.207066 0.761923
vt 0.128670 0.357676
vt 0.131561 0.356912
vt 0.131554 0.358466
vt 0.207069 0.764096
vt 0.204706 0.761936
vt 0.130773 0.359796
vt 0.233034 0.764057
vt 0.230671 0.761897
vt 0.233032 0.761897
vt 0.129429 0.360573
vt 0.230674 0.764070
vt 0.228311 0.761897
vt 0.127881 0.360560
vt 0.228313 0.764070
vt 0.225950 0.761910
vt 0.126545 0.359783
vt 0.225953 0.764070
vt 0.223590 0.761910
vt 0.125778 0.358440
vt 0.223592 0.764070
vt 0.221229 0.761910
vt 0.125786 0.356885
vt 0.221232 0.764070
vt 0.218869 0.761910
vt 0.126566 0.355555
vt 0.218871 0.764083
vt 0.216508 0.761923
vt 0.127910 0.354778
vt 0.216511 0.764083
vt 0.129458 0.354791
vt 0.130794 0.355568
vt 0.129944 0.353013
vt 0.133345 0.356451
vt 0.132105 0.354278
vt 0.133332 0.358953
vt 0.132071 0.361113
vt 0.129897 0.362351
vt 0.125235 0.361074
vt 0.127395 0.362338
vt 0.124007 0.356398
vt 0.123994 0.358901
vt 0.125269 0.354238
vt 0.127442 0.353000
vt 0.628929 0.730717
vt 0.627968 0.736552
vt 0.625334 0.735028
vt 0.644631 0.130058
vt 0.647785 0.152699
vt 0.644738 0.152712
vt 0.641585 0.130084
vt 0.641691 0.152725
vt 0.623806 0.732390
vt 0.650725 0.130031
vt 0.650832 0.152686
vt 0.184827 0.219977
vt 0.186052 0.215502
vt 0.188343 0.216837
vt 0.623806 0.729343
vt 0.653772 0.130018
vt 0.653879 0.152672
vt 0.183391 0.215478
vt 0.181060 0.216781
vt 0.631010 0.725181
vt 0.046743 0.881714
vt 0.043793 0.880926
vt 0.043793 0.875104
vt 0.179677 0.219084
vt 0.626835 0.718034
vt 0.632525 0.719557
vt 0.179624 0.221787
vt 0.633658 0.726704
vt 0.626350 0.130150
vt 0.629504 0.152791
vt 0.626457 0.152804
vt 0.180954 0.224158
vt 0.635172 0.729343
vt 0.629397 0.130137
vt 0.632550 0.152765
vt 0.183299 0.225540
vt 0.635172 0.732389
vt 0.632444 0.130123
vt 0.635597 0.152751
vt 0.186025 0.225547
vt 0.633658 0.735028
vt 0.635491 0.130110
vt 0.638644 0.152738
vt 0.188370 0.224182
vt 0.631010 0.736552
vt 0.638538 0.130097
vt 0.189687 0.219146
vt 0.189713 0.221833
vt 0.190793 0.218985
vt 0.189173 0.216126
vt 0.186328 0.214464
vt 0.183035 0.214448
vt 0.180190 0.216081
vt 0.178531 0.218920
vt 0.178518 0.222201
vt 0.180151 0.225049
vt 0.182983 0.226702
vt 0.186262 0.226721
vt 0.189107 0.225100
vt 0.190767 0.222270
vt 0.565897 0.829483
vt 0.560009 0.806833
vt 0.565897 0.806833
vt 0.049681 0.875103
vt 0.049681 0.886811
vt 0.048890 0.883868
vt 0.255937 0.824415
vt 0.261759 0.847064
vt 0.255937 0.847065
vt 0.665480 0.129965
vt 0.665586 0.152620
vt 0.044576 0.633161
vt 0.052241 0.640953
vt 0.051175 0.644811
vt 0.067387 0.703408
vt 0.078909 0.710230
vt 0.075032 0.711218
vt 0.245605 0.775532
vt 0.249667 0.783395
vt 0.245664 0.783422
vt 0.048330 0.647618
vt 0.081770 0.707438
vt 0.249607 0.775506
vt 0.253669 0.783356
vt 0.044457 0.648624
vt 0.082849 0.703579
vt 0.253609 0.775480
vt 0.257671 0.783330
vt 0.067432 0.699312
vt 0.082895 0.699496
vt 0.120234 0.693569
vt 0.120164 0.699904
vt 0.065213 0.420572
vt 0.057310 0.388487
vt 0.065200 0.388483
vt 0.547310 0.871684
vt 0.540922 0.863843
vt 0.547258 0.863803
vt 0.583353 0.950715
vt 0.591241 0.944392
vt 0.591234 0.950728
vt 0.233658 0.783514
vt 0.229511 0.775664
vt 0.233599 0.775625
vt 0.040361 0.648592
vt 0.257612 0.775453
vt 0.261759 0.783303
vt 0.035416 0.692621
vt 0.040493 0.633129
vt 0.033736 0.685812
vt 0.040071 0.685862
vt 0.034395 0.600991
vt 0.237660 0.783474
vt 0.048435 0.634227
vt 0.051240 0.637079
vt 0.071178 0.710138
vt 0.068379 0.707280
vt 0.237601 0.775598
vt 0.241662 0.783448
vt 0.241603 0.775572
vt 0.040743 0.601041
vt 0.035345 0.698956
vt 0.084451 0.670083
vt 0.047172 0.662246
vt 0.084444 0.662207
vt 0.795674 0.670655
vt 0.579849 0.658386
vt 0.795690 0.658666
vt 0.297241 0.434116
vt 0.284933 0.732481
vt 0.285249 0.434103
vt 0.010000 0.081051
vt 0.308381 0.092958
vt 0.010003 0.093043
vt 0.280345 0.575714
vt 0.268353 0.603752
vt 0.268353 0.575714
vt 0.280341 0.631790
vt 0.280341 0.603752
vt 0.280341 0.659828
vt 0.268353 0.631790
vt 0.280341 0.687866
vt 0.268349 0.659828
vt 0.280341 0.716217
vt 0.268349 0.687865
vt 0.280345 0.547676
vt 0.268353 0.519638
vt 0.268353 0.547676
vt 0.280345 0.491600
vt 0.280345 0.519638
vt 0.268353 0.463562
vt 0.268353 0.491600
vt 0.268356 0.434807
vt 0.280345 0.463563
vt 0.314234 0.733996
vt 0.305528 0.434103
vt 0.317517 0.434235
vt 0.309779 0.062211
vt 0.010000 0.074207
vt 0.010000 0.062215
vt 0.312377 0.755328
vt 0.012828 0.733204
vt 0.325367 0.736770
vt 0.060732 0.914513
vt 0.073629 0.947806
vt 0.047485 0.927783
vt 0.043909 0.830369
vt 0.047978 0.865842
vt 0.027739 0.839862
vt 0.010000 0.988927
vt 0.309946 0.971156
vt 0.322542 0.990000
vt 0.190908 0.868608
vt 0.226381 0.864538
vt 0.200401 0.884775
vt 0.225894 0.927631
vt 0.229674 0.892126
vt 0.245920 0.901487
vt 0.912115 0.816770
vt 0.924084 0.837931
vt 0.912091 0.837918
vt 0.043645 0.892284
vt 0.027415 0.901671
vt 0.015016 0.809862
vt 0.772035 0.677434
vt 0.753270 0.689406
vt 0.753284 0.677414
vt 0.229932 0.829009
vt 0.246239 0.838265
vt 0.258399 0.871384
vt 0.029093 0.788449
vt 0.010000 0.789377
vt 0.136705 0.945906
vt 0.169368 0.960328
vt 0.136721 0.964655
vt 0.104768 0.898078
vt 0.137313 0.883389
vt 0.137449 0.902138
vt 0.014886 0.871592
vt 0.104066 0.960384
vt 0.258522 0.808084
vt 0.074251 0.885697
vt 0.109488 0.879932
vt 0.170068 0.897601
vt 0.164500 0.942222
vt 0.199783 0.947701
vt 0.029115 0.850268
vt 0.010000 0.851101
vt 0.246931 0.715401
vt 0.265732 0.415517
vt 0.265732 0.728061
vt 0.082991 0.931560
vt 0.083507 0.869391
vt 0.010000 0.417465
vt 0.031097 0.717089
vt 0.012493 0.730015
vt 0.190395 0.931471
vt 0.324363 0.755858
vt 0.246608 0.727395
vt 0.280341 0.732561
vt 0.268349 0.716216
vt 0.244149 0.850087
vt 0.263248 0.850861
vt 0.031584 0.729077
vt 0.268356 0.418897
vt 0.280345 0.434807
vt 0.244119 0.786878
vt 0.263241 0.787553
vt 0.321941 0.970876
vt 0.930454 0.682928
vt 0.942690 0.467910
vt 0.942446 0.682942
vt 0.300609 0.045993
vt 0.228849 0.047968
vt 0.228851 0.045923
vt 0.300607 0.048038
vt 0.228847 0.050013
vt 0.300605 0.050083
vt 0.228845 0.052057
vt 0.300603 0.052128
vt 0.228843 0.054102
vt 0.300601 0.054172
vt 0.228841 0.056147
vt 0.300599 0.056217
vt 0.228839 0.058192
vt 0.300621 0.033725
vt 0.228861 0.035700
vt 0.228863 0.033655
vt 0.300619 0.035769
vt 0.228859 0.037745
vt 0.300617 0.037814
vt 0.228857 0.039789
vt 0.300615 0.039859
vt 0.228855 0.041834
vt 0.300613 0.041903
vt 0.228853 0.043879
vt 0.300611 0.043948
vt 0.104768 0.368714
vt 0.010007 0.370692
vt 0.010009 0.368648
vt 0.104767 0.370759
vt 0.010006 0.372737
vt 0.104765 0.372804
vt 0.010004 0.374782
vt 0.104764 0.374849
vt 0.010003 0.376827
vt 0.104762 0.376893
vt 0.010001 0.378871
vt 0.104761 0.378938
vt 0.010000 0.380916
vt 0.104777 0.356446
vt 0.010016 0.358424
vt 0.010017 0.356379
vt 0.104775 0.358491
vt 0.010014 0.360469
vt 0.104774 0.360535
vt 0.010013 0.362513
vt 0.104772 0.362580
vt 0.010012 0.364558
vt 0.104771 0.364625
vt 0.010010 0.366603
vt 0.104770 0.366670
vt 0.191765 0.343666
vt 0.193364 0.271897
vt 0.193810 0.343653
vt 0.189720 0.343678
vt 0.191319 0.271909
vt 0.187675 0.343691
vt 0.189274 0.271922
vt 0.185631 0.343704
vt 0.187230 0.271935
vt 0.183586 0.343717
vt 0.185185 0.271947
vt 0.181541 0.343729
vt 0.183140 0.271960
vt 0.179497 0.343742
vt 0.181096 0.271973
vt 0.177452 0.343755
vt 0.179051 0.271985
vt 0.175407 0.343767
vt 0.177006 0.271998
vt 0.173363 0.343780
vt 0.174962 0.272011
vt 0.171318 0.343793
vt 0.172917 0.272024
vt 0.169273 0.343805
vt 0.170872 0.272036
vt 0.553713 0.860036
vt 0.555759 0.765276
vt 0.555758 0.860036
vt 0.551668 0.860036
vt 0.553714 0.765276
vt 0.549623 0.860036
vt 0.551669 0.765276
vt 0.547579 0.860035
vt 0.549624 0.765276
vt 0.545534 0.860035
vt 0.547579 0.765276
vt 0.543489 0.860035
vt 0.545534 0.765276
vt 0.541445 0.860035
vt 0.543490 0.765276
vt 0.539401 0.860035
vt 0.541445 0.765276
vt 0.537356 0.860035
vt 0.539400 0.765276
vt 0.535311 0.860035
vt 0.537355 0.765276
vt 0.533266 0.860035
vt 0.535310 0.765276
vt 0.531222 0.860035
vt 0.533265 0.765276
vt 0.888575 0.818096
vt 0.787863 0.820512
vt 0.787856 0.818467
vt 0.888583 0.820141
vt 0.787871 0.822556
vt 0.888590 0.822186
vt 0.787878 0.824601
vt 0.888598 0.824230
vt 0.787886 0.826646
vt 0.888606 0.826275
vt 0.787893 0.828690
vt 0.888613 0.828320
vt 0.787901 0.830735
vt 0.888530 0.805828
vt 0.787818 0.808244
vt 0.787810 0.806199
vt 0.888538 0.807872
vt 0.787825 0.810288
vt 0.888545 0.809917
vt 0.787833 0.812333
vt 0.888553 0.811961
vt 0.787841 0.814378
vt 0.888560 0.814006
vt 0.787848 0.816422
vt 0.888568 0.816051
vt 0.671196 0.263364
vt 0.164521 0.171222
vt 0.453191 0.170432
vt 0.826103 0.190793
vt 0.010000 0.097862
vt 0.831246 0.256690
vt 0.898368 0.980422
vt 0.898200 0.846454
vt 0.895345 0.835193
vt 0.895379 0.989822
vt 0.786590 0.835084
vt 0.786654 0.990000
vt 0.422276 0.094623
vt 0.440935 0.030276
vt 0.745759 0.262114
vt 0.024755 0.224553
vt 0.555752 0.497465
vt 0.151199 0.615834
vt 0.239609 0.707828
vt 0.204708 0.764096
vt 0.647678 0.130045
vt 0.560009 0.829483
vt 0.261759 0.824414
vt 0.057337 0.420577
vt 0.540975 0.871724
vt 0.583360 0.944379
vt 0.229570 0.783540
vt 0.261699 0.775414
vt 0.047180 0.670123
vt 0.579833 0.670379
vt 0.296925 0.732494
vt 0.308378 0.080966
vt 0.302245 0.733865
vt 0.309779 0.074203
vt 0.012617 0.751953
vt 0.061139 0.852486
vt 0.010186 0.967780
vt 0.213027 0.851377
vt 0.212624 0.914385
vt 0.924103 0.816782
vt 0.032412 0.804452
vt 0.772021 0.689426
vt 0.240959 0.866116
vt 0.032311 0.865856
vt 0.108904 0.942268
vt 0.241051 0.802489
vt 0.165083 0.879527
vt 0.244586 0.415631
vt 0.028749 0.417318
vt 0.268349 0.732561
vt 0.280345 0.418897
vt 0.930701 0.467897
vt 0.300597 0.058262
vt 0.104759 0.380983
vt 0.168828 0.272049
vt 0.531221 0.765276
vt 0.888621 0.830365
s 1
usemtl doorD
f 577/949/298 537/950/299 529/951/300
f 534/952/301 536/953/302 543/954/303
f 541/955/304 547/956/305 576/957/306
f 547/956/305 559/958/307 564/959/308
f 568/960/309 557/961/310 560/962/311
f 652/963/312 565/964/313 566/965/314
f 571/966/315 657/967/316 582/968/317
f 544/969/318 531/970/319 533/971/320
f 653/972/321 584/973/322 580/974/323
f 532/975/324 538/976/325 535/977/326
f 536/953/302 579/978/327 543/954/303
f 586/979/328 651/980/329 573/981/330
f 549/982/331 585/983/332 567/984/333
f 550/985/334 539/986/335 542/987/336
f 556/988/337 545/989/338 548/990/339
f 562/991/340 551/992/341 554/993/342
f 566/965/314 572/994/343 652/963/312
f 547/956/305 583/995/344 576/957/306
f 579/978/327 549/982/331 543/954/303
f 561/996/345 549/982/331 567/984/333
f 585/983/332 574/997/346 567/984/333
f 597/998/347 635/999/348 588/1000/349
f 595/1001/350 604/1002/351 598/1003/352
f 600/1004/353 636/1005/354 606/1006/355
f 606/1006/355 618/1007/356 612/1008/357
f 617/1009/358 626/1010/359 620/1011/360
f 667/1012/361 623/1013/362 649/1014/363
f 659/1015/364 630/1016/365 643/1017/366
f 592/1018/367 603/1019/368 593/1020/369
f 638/1021/370 646/1022/371 663/1023/372
f 591/1024/373 596/1025/374 589/1026/375
f 598/1003/352 604/1002/351 639/1027/376
f 658/1028/377 580/974/323 575/1029/378
f 610/1030/379 645/1031/380 639/1027/376
f 599/1032/381 609/1033/382 602/1034/383
f 605/1035/384 615/1036/385 608/1037/386
f 611/1038/387 621/1039/388 614/1040/389
f 628/1041/390 667/1012/361 633/1042/391
f 606/1006/355 642/1043/392 624/1044/393
f 639/1027/376 604/1002/351 610/1030/379
f 610/1030/379 622/1045/394 627/1046/395
f 623/1013/362 629/1047/396 649/1014/363
f 661/1048/397 638/1021/370 663/1023/372
f 665/1049/398 644/1050/399 632/1051/400
f 575/1029/378 581/1052/401 658/1028/377
f 587/1053/402 600/1004/353 590/1054/403
f 637/1055/404 661/1048/397 641/1056/405
f 624/1044/393 642/1043/392 631/1057/406
f 645/1031/380 627/1046/395 634/1058/407
f 564/959/308 570/1059/408 583/995/344
f 669/1060/409 569/1061/410 565/964/313
f 527/1062/411 529/951/300 528/1063/412
f 530/1064/413 532/975/324 531/970/319
f 533/971/320 535/977/326 534/1065/301
f 536/1066/302 538/1067/325 537/950/299
f 539/1068/335 541/1069/304 540/1070/414
f 542/1071/336 544/969/318 543/1072/303
f 545/1073/338 547/1074/305 546/1075/415
f 548/1076/339 550/985/334 549/1077/331
f 551/992/341 553/1078/416 552/1079/417
f 554/993/342 556/988/337 555/1080/418
f 557/961/310 559/1081/307 558/1082/419
f 560/962/311 562/991/340 561/1083/345
f 563/1084/420 565/964/313 564/1085/308
f 566/965/314 568/1086/309 567/1087/333
f 569/1088/410 571/966/315 570/1089/408
f 572/1090/343 574/1091/346 573/981/330
f 575/1092/378 577/949/298 576/1093/306
f 578/1094/421 580/1095/323 579/1096/327
f 581/1097/401 583/1098/344 582/968/317
f 584/1099/322 586/979/328 585/1100/332
f 587/1101/402 589/1102/375 588/1000/349
f 590/1103/403 592/1018/367 591/1024/373
f 593/1020/369 595/1104/350 594/1105/422
f 596/1106/374 598/1107/352 597/998/347
f 599/1108/381 601/1109/423 600/1110/353
f 602/1111/383 604/1112/351 603/1019/368
f 605/1113/384 607/1114/424 606/1115/355
f 608/1116/386 610/1117/379 609/1033/382
f 611/1038/387 613/1118/425 612/1119/357
f 614/1040/389 616/1120/426 615/1036/385
f 617/1009/358 619/1121/427 618/1122/356
f 620/1011/360 622/1123/394 621/1039/388
f 623/1013/362 625/1124/428 624/1125/393
f 626/1126/359 628/1041/390 627/1127/395
f 629/1128/396 631/1129/406 630/1016/365
f 632/1051/400 634/1130/407 633/1131/391
f 635/999/348 637/1132/404 636/1133/354
f 638/1134/370 640/1135/429 639/1136/376
f 641/1137/405 643/1017/366 642/1138/392
f 644/1050/399 646/1139/371 645/1140/380
f 653/1141/321 655/1142/430 654/1143/431
f 659/1015/364 661/1144/397 660/1145/432
f 662/1146/433 664/1147/434 663/1148/372
f 665/1049/398 667/1149/361 666/1150/435
f 528/1151/412 530/1064/413 527/1152/411
f 531/970/319 535/977/326 533/971/320
f 535/977/326 536/1153/302 534/1065/301
f 528/1063/412 537/950/299 538/1067/325
f 540/1070/414 542/1071/336 539/1068/335
f 544/969/318 534/1065/301 543/1072/303
f 530/1064/413 540/1070/414 541/1069/304
f 546/1075/415 548/1076/339 545/1073/338
f 549/1077/331 542/987/336 543/1154/303
f 539/986/335 547/1074/305 541/1155/304
f 552/1079/417 554/993/342 551/992/341
f 555/1080/418 548/990/339 549/1156/331
f 545/989/338 553/1078/416 547/1157/305
f 558/1082/419 560/962/311 557/961/310
f 562/991/340 555/1080/418 561/1083/345
f 553/1078/416 558/1082/419 559/1081/307
f 563/1084/420 566/965/314 565/964/313
f 568/960/309 561/1083/345 567/1158/333
f 559/1081/307 563/1159/420 564/1160/308
f 574/1161/346 566/965/314 567/1087/333
f 565/964/313 570/1162/408 564/1085/308
f 575/1092/378 578/1094/421 577/949/298
f 576/1093/306 529/951/300 527/1062/411
f 536/1066/302 578/1094/421 579/1096/327
f 581/1163/401 576/957/306 583/995/344
f 579/978/327 584/1164/322 585/983/332
f 570/1089/408 582/968/317 583/1098/344
f 574/1091/346 586/979/328 573/981/330
f 589/1026/375 590/1103/403 591/1024/373
f 592/1018/367 594/1105/422 591/1024/373
f 594/1105/422 598/1165/352 596/1025/374
f 589/1102/375 597/998/347 588/1000/349
f 599/1108/381 603/1019/368 601/1109/423
f 603/1019/368 595/1104/350 593/1020/369
f 590/1103/403 601/1109/423 592/1018/367
f 605/1113/384 609/1033/382 607/1114/424
f 610/1117/379 602/1034/383 609/1033/382
f 599/1032/381 606/1115/355 607/1114/424
f 611/1038/387 615/1036/385 613/1118/425
f 616/1120/426 608/1037/386 615/1036/385
f 605/1035/384 612/1119/357 613/1118/425
f 617/1009/358 621/1039/388 619/1121/427
f 621/1039/388 616/1120/426 614/1040/389
f 612/1119/357 619/1121/427 611/1038/387
f 623/1013/362 626/1126/359 625/1124/428
f 626/1010/359 622/1123/394 620/1011/360
f 618/1122/356 625/1166/428 617/1009/358
f 665/1049/398 633/1131/391 667/1149/361
f 634/1167/407 628/1041/390 633/1042/391
f 623/1013/362 631/1168/406 629/1047/396
f 635/999/348 638/1134/370 637/1132/404
f 636/1133/354 588/1000/349 635/999/348
f 598/1107/352 640/1135/429 597/998/347
f 662/1146/433 646/1139/371 644/1050/399
f 641/1169/405 636/1005/354 637/1170/404
f 639/1027/376 646/1171/371 638/1172/370
f 631/1129/406 643/1017/366 630/1016/365
f 634/1130/407 644/1050/399 645/1140/380
f 572/1090/436 654/1143/436 655/1142/430 653/1141/321 658/1028/377 656/1173/437 657/1174/436 569/1088/436 670/1175/436 668/1176/436 669/1060/409 652/963/312 650/1177/436 651/980/436
f 650/1177/438 651/980/329 654/1143/431 655/1142/438
f 581/1097/401 657/967/316 658/1178/377
f 641/1137/405 659/1015/364 643/1017/366
f 569/1088/410 670/1175/439 571/966/315
f 584/1099/322 654/1143/431 586/979/328
f 651/980/329 572/1090/343 573/981/330
f 647/1179/440 659/1015/364 660/1145/432
f 662/1146/433 666/1150/435 664/1147/434
f 629/1128/396 648/1180/441 649/1181/363
f 527/1182/411 541/955/304 576/957/306
f 671/1183/442 673/1184/442 674/1185/442
f 683/1186/443 674/1187/444 673/1188/445
f 706/1189/446 673/1188/445 682/1190/447
f 671/1183/442 674/1185/442 675/1191/442
f 686/1192/448 675/1193/449 674/1187/444
f 672/1194/436 689/1195/450 687/1196/451
f 671/1183/442 675/1191/442 676/1197/442
f 675/1193/449 690/1198/452 676/1199/453
f 672/1194/436 691/1200/454 689/1195/450
f 672/1194/436 693/1201/455 691/1200/454
f 671/1183/442 676/1197/442 677/1202/442
f 694/1203/456 696/1204/457 710/1205/436
f 672/1194/436 695/1206/458 693/1201/455
f 677/1202/442 707/1207/442 708/1208/442
f 672/1194/436 697/1209/459 695/1206/458
f 671/1183/442 677/1202/442 678/1210/442
f 696/1211/457 678/1212/460 677/1213/461
f 672/1194/436 699/1214/462 697/1209/459
f 671/1183/442 678/1210/442 679/1215/442
f 698/1216/463 679/1217/464 678/1212/460
f 672/1194/436 701/1218/465 699/1214/462
f 671/1183/442 679/1215/442 680/1219/442
f 700/1220/466 680/1221/467 679/1217/464
f 672/1194/436 703/1222/468 701/1218/465
f 671/1183/442 680/1219/442 681/1223/442
f 702/1224/469 681/1225/470 680/1221/467
f 672/1194/436 705/1226/471 703/1222/468
f 671/1183/442 681/1223/442 682/1227/442
f 704/1228/472 682/1190/447 681/1225/470
f 671/1183/442 682/1227/442 673/1184/442
f 672/1194/436 685/1229/473 684/1230/474
f 672/1194/436 687/1196/451 685/1229/473
f 686/1231/448 684/1230/474 685/1229/473
f 688/1232/475 685/1229/473 687/1196/451
f 690/1233/452 687/1196/451 689/1195/450
f 690/1233/452 691/1200/454 692/1234/476
f 692/1234/476 693/1201/455 694/1235/456
f 694/1235/456 695/1206/458 696/1236/457
f 696/1236/457 697/1209/459 698/1237/463
f 698/1237/463 699/1214/462 700/1238/466
f 700/1238/466 701/1218/465 702/1239/469
f 704/1240/472 701/1218/465 703/1222/468
f 706/1241/446 703/1222/468 705/1226/471
f 683/1242/443 705/1226/471 684/1230/474
f 672/1194/436 684/1230/474 705/1226/471
f 709/1243/477 708/1244/477 707/1245/477
f 709/1246/436 694/1203/456 710/1205/436
f 690/1247/452 692/1248/476 709/1246/436
f 677/1249/467 710/1250/467 696/1251/467
f 692/1248/476 694/1203/456 709/1246/436
f 676/1199/453 709/1252/478 707/1253/478
f 712/1254/445 726/1255/479 725/1256/480
f 723/1257/447 725/1256/480 746/1258/481
f 713/1259/444 728/1260/482 726/1255/479
f 711/1261/442 729/1262/483 731/1263/484
f 714/1264/449 730/1265/485 728/1260/482
f 711/1261/442 731/1263/484 733/1266/486
f 715/1267/478 732/1268/487 730/1269/485
f 711/1261/442 733/1266/486 735/1270/488
f 716/1271/489 734/1272/490 732/1268/487
f 711/1261/442 735/1270/488 737/1273/491
f 717/1274/492 736/1275/493 734/1272/490
f 711/1261/442 737/1273/491 739/1276/494
f 718/1277/477 738/1278/495 736/1275/493
f 711/1261/442 739/1276/494 741/1279/496
f 719/1280/460 740/1281/497 738/1278/495
f 711/1261/442 741/1279/496 743/1282/498
f 720/1283/464 742/1284/499 740/1281/497
f 711/1261/442 743/1282/498 745/1285/500
f 721/1286/467 744/1287/501 742/1284/499
f 711/1261/442 745/1285/500 747/1288/502
f 722/1289/470 746/1258/481 744/1287/501
f 711/1261/442 724/1290/503 727/1291/504
f 711/1261/442 727/1291/504 729/1262/483
f 725/1292/480 727/1291/504 724/1290/503
f 726/1293/479 729/1262/483 727/1291/504
f 730/1294/485 729/1262/483 728/1295/482
f 732/1296/487 731/1263/484 730/1294/485
f 734/1297/490 733/1266/486 732/1296/487
f 734/1297/490 737/1273/491 735/1270/488
f 738/1298/495 737/1273/491 736/1299/493
f 740/1300/497 739/1276/494 738/1298/495
f 742/1301/499 741/1279/496 740/1300/497
f 742/1301/499 745/1285/500 743/1282/498
f 746/1302/481 745/1285/500 744/1303/501
f 725/1292/480 747/1288/502 746/1302/481
f 711/1261/442 747/1288/502 724/1290/503
f 749/1304/445 763/1305/505 762/1306/506
f 760/1307/447 762/1306/506 783/1308/507
f 750/1309/444 765/1310/508 763/1305/505
f 748/1311/442 766/1312/509 768/1313/510
f 751/1314/449 767/1315/511 765/1310/508
f 748/1311/442 768/1313/510 770/1316/512
f 752/1317/478 769/1318/513 767/1319/511
f 748/1311/442 770/1316/512 772/1320/514
f 753/1321/489 771/1322/515 769/1318/513
f 748/1311/442 772/1320/514 774/1323/516
f 754/1324/492 773/1325/517 771/1322/515
f 748/1311/442 774/1323/516 776/1326/518
f 755/1327/477 775/1328/519 773/1325/517
f 748/1311/442 776/1326/518 778/1329/520
f 756/1330/460 777/1331/521 775/1328/519
f 748/1311/442 778/1329/520 780/1332/522
f 757/1333/464 779/1334/523 777/1331/521
f 748/1311/442 780/1332/522 782/1335/524
f 758/1336/467 781/1337/525 779/1334/523
f 748/1311/442 782/1335/524 784/1338/526
f 759/1339/470 783/1308/507 781/1337/525
f 748/1311/442 761/1340/527 764/1341/528
f 748/1311/442 764/1341/528 766/1312/509
f 762/1342/506 764/1341/528 761/1340/527
f 765/1343/508 764/1341/528 763/1344/505
f 765/1343/508 768/1313/510 766/1312/509
f 767/1345/511 770/1316/512 768/1313/510
f 769/1346/513 772/1320/514 770/1316/512
f 771/1347/515 774/1323/516 772/1320/514
f 775/1348/519 774/1323/516 773/1349/517
f 775/1348/519 778/1329/520 776/1326/518
f 779/1350/523 778/1329/520 777/1351/521
f 781/1352/525 780/1332/522 779/1350/523
f 783/1353/507 782/1335/524 781/1352/525
f 762/1342/506 784/1338/526 783/1353/507
f 748/1311/442 784/1338/526 761/1340/527
f 785/1354/442 787/1355/442 788/1356/442
f 797/1357/529 788/1358/444 787/1359/445
f 820/1360/530 787/1359/445 796/1361/447
f 785/1354/442 788/1356/442 789/1362/442
f 788/1358/444 802/1363/531 789/1364/449
f 786/1365/436 803/1366/436 801/1367/532
f 785/1354/442 789/1362/442 790/1368/442
f 789/1364/449 804/1369/533 790/1370/453
f 786/1365/436 805/1371/534 803/1366/436
f 786/1365/436 807/1372/535 805/1371/534
f 785/1354/442 790/1368/442 791/1373/442
f 808/1374/536 810/1375/537 824/1376/436
f 786/1365/436 809/1377/538 807/1372/535
f 791/1373/442 821/1378/442 822/1379/442
f 786/1365/436 811/1380/539 809/1377/538
f 785/1354/442 791/1373/442 792/1381/442
f 810/1382/537 792/1383/460 791/1384/461
f 786/1365/436 813/1385/540 811/1380/539
f 785/1354/442 792/1381/442 793/1386/442
f 812/1387/541 793/1388/464 792/1383/460
f 786/1365/436 815/1389/542 813/1385/540
f 785/1354/442 793/1386/442 794/1390/442
f 814/1391/543 794/1392/467 793/1388/464
f 786/1365/436 817/1393/544 815/1389/542
f 785/1354/442 794/1390/442 795/1394/442
f 816/1395/545 795/1396/470 794/1392/467
f 786/1365/436 819/1397/546 817/1393/544
f 785/1354/442 795/1394/442 796/1398/442
f 818/1399/547 796/1361/447 795/1396/470
f 785/1354/442 796/1398/442 787/1355/442
f 786/1365/436 799/1400/548 798/1401/549
f 786/1365/436 801/1367/532 799/1400/548
f 800/1402/550 798/1401/549 799/1400/548
f 802/1403/531 799/1400/548 801/1367/532
f 804/1404/533 801/1367/532 803/1366/551
f 804/1404/533 805/1371/534 806/1405/552
f 806/1405/552 807/1372/535 808/1406/536
f 808/1406/536 809/1377/538 810/1407/537
f 810/1407/537 811/1380/539 812/1408/541
f 812/1408/541 813/1385/540 814/1409/543
f 814/1409/543 815/1389/542 816/1410/545
f 818/1411/547 815/1389/542 817/1393/544
f 820/1412/530 817/1393/544 819/1397/546
f 797/1413/529 819/1397/546 798/1401/549
f 786/1365/436 798/1401/549 819/1397/546
f 823/1414/477 822/1415/477 821/1416/477
f 823/1417/436 808/1374/536 824/1376/436
f 804/1418/436 806/1419/552 823/1417/436
f 791/1420/467 824/1421/467 810/1422/467
f 806/1419/552 808/1374/536 823/1417/436
f 790/1370/453 823/1423/478 821/1424/478
f 839/1425/477 826/1426/477 828/1427/477
f 825/1428/445 829/1429/445 827/1430/445
f 827/1431/467 828/1432/553 826/1433/467
f 839/1425/477 828/1427/477 830/1434/477
f 825/1428/445 831/1435/445 829/1429/445
f 829/1436/553 830/1437/554 828/1432/553
f 839/1425/477 830/1434/477 832/1438/477
f 825/1428/445 833/1439/445 831/1435/445
f 831/1440/554 832/1441/555 830/1437/554
f 825/1428/445 836/1442/445 834/1443/445
f 834/1443/445 837/1444/445 847/1445/445
f 836/1446/467 845/1447/467 846/1448/467
f 845/1449/436 850/1450/436 846/1451/436
f 847/1452/442 838/1453/442 848/1454/442
f 839/1455/556 836/1456/436 825/1457/556
f 839/1425/477 832/1438/477 835/1458/477
f 833/1439/445 825/1428/445 834/1443/445
f 833/1459/555 835/1460/442 832/1441/555
f 834/1443/445 850/1461/445 837/1444/445
f 839/1425/477 835/1458/477 844/1462/477
f 838/1463/477 835/1458/477 848/1464/477
f 835/1458/477 849/1465/477 844/1462/477
f 825/1457/556 840/1466/557 839/1455/556
f 839/1425/477 840/1467/477 842/1468/477
f 825/1428/445 843/1469/445 841/1470/445
f 841/1471/557 842/1472/558 840/1466/557
f 839/1425/477 842/1468/477 826/1426/477
f 825/1428/445 827/1430/445 843/1469/445
f 843/1473/558 826/1433/467 842/1472/558
f 844/1462/477 849/1465/477 845/1474/477
f 850/1461/445 836/1442/445 846/1475/445
f 834/1476/467 848/1477/467 835/1478/467
f 855/1479/436 853/1480/436 910/1481/436
f 854/1482/445 852/1483/445 853/1484/445
f 856/1485/477 910/1486/477 851/1487/477
f 891/1488/442 889/1489/559 888/1490/442
f 892/1491/560 889/1489/559 890/1492/559
f 894/1493/561 893/1494/560 892/1491/560
f 896/1495/562 895/1496/561 894/1493/561
f 898/1497/563 897/1498/562 896/1495/562
f 888/1490/442 901/1499/564 891/1488/442
f 902/1500/565 901/1499/564 900/1501/564
f 902/1500/565 905/1502/566 903/1503/565
f 906/1504/567 905/1502/566 904/1505/566
f 908/1506/568 907/1507/567 906/1504/567
f 910/1508/445 885/1509/445 884/1510/445
f 886/1511/477 854/1512/477 853/1513/477
f 854/1514/478 861/1515/478 914/1516/478
f 904/1517/478 876/1518/478 878/1519/478
f 896/1520/467 869/1521/467 871/1522/467
f 859/1523/478 855/1524/478 912/1525/478
f 903/1526/467 879/1527/467 877/1528/467
f 870/1529/478 897/1530/478 872/1531/478
f 884/1532/569 859/1533/569 858/1534/569
f 906/1535/478 878/1519/478 880/1536/478
f 873/1537/467 896/1520/467 871/1522/467
f 887/1538/442 860/1539/442 861/1540/442
f 879/1527/467 907/1541/467 881/1542/467
f 897/1530/478 866/1543/478 872/1531/478
f 913/1544/467 873/1537/467 911/1545/467
f 888/1546/478 863/1547/478 862/1548/478
f 864/1549/467 891/1550/467 865/1551/467
f 882/1552/478 906/1535/478 880/1536/478
f 874/1553/478 888/1546/478 862/1548/478
f 907/1541/467 883/1554/467 881/1542/467
f 867/1555/467 890/1556/467 864/1549/467
f 891/1550/467 875/1557/467 865/1551/467
f 889/1558/478 868/1559/478 863/1547/478
f 916/1560/478 882/1552/478 912/1561/478
f 910/1562/467 858/1563/467 917/1564/467
f 902/1565/478 874/1553/478 876/1518/478
f 869/1521/467 892/1566/467 867/1555/467
f 860/1567/467 853/1568/467 911/1569/467
f 875/1557/467 903/1526/467 877/1528/467
f 893/1570/478 870/1529/478 868/1559/478
f 914/1516/478 915/1571/478 854/1514/478
f 917/1564/467 918/1572/467 910/1562/467
f 913/1573/570 899/1574/563 898/1497/563
f 866/1543/478 915/1575/478 914/1576/478
f 911/1569/467 853/1568/467 913/1577/467
f 916/1578/571 909/1579/568 908/1506/568
f 883/1554/467 918/1580/467 917/1581/467
f 912/1525/478 855/1524/478 916/1582/478
f 918/1572/467 853/1568/467 910/1562/467
f 913/1583/436 916/1584/436 915/1585/436
f 916/1582/478 854/1514/478 915/1571/478
f 920/1586/445 921/1587/444 919/1588/445
f 922/1589/444 923/1590/449 921/1587/444
f 924/1591/449 925/1592/478 923/1590/449
f 926/1593/478 927/1594/489 925/1592/478
f 928/1595/489 929/1596/492 927/1594/489
f 930/1597/492 931/1598/477 929/1596/492
f 932/1599/477 933/1600/460 931/1601/477
f 934/1602/460 935/1603/464 933/1600/460
f 936/1604/464 937/1605/467 935/1603/464
f 938/1606/467 939/1607/470 937/1605/467
f 940/1608/470 941/1609/447 939/1607/470
f 942/1610/447 919/1588/445 941/1609/447
f 944/1611/445 945/1612/444 943/1613/445
f 946/1614/444 947/1615/449 945/1612/444
f 948/1616/449 949/1617/478 947/1615/449
f 950/1618/478 951/1619/489 949/1617/478
f 952/1620/489 953/1621/492 951/1619/489
f 954/1622/492 955/1623/477 953/1621/492
f 956/1624/477 957/1625/460 955/1626/477
f 958/1627/460 959/1628/464 957/1625/460
f 960/1629/464 961/1630/467 959/1628/464
f 962/1631/467 963/1632/470 961/1630/467
f 964/1633/470 965/1634/447 963/1632/470
f 966/1635/447 943/1613/445 965/1634/447
f 969/1636/492 968/1637/477 967/1638/477
f 971/1639/489 970/1640/492 969/1636/492
f 973/1641/478 972/1642/489 971/1639/489
f 975/1643/449 974/1644/478 973/1641/478
f 977/1645/444 976/1646/449 975/1643/449
f 979/1647/445 978/1648/444 977/1645/444
f 981/1649/447 980/1650/445 979/1647/445
f 983/1651/470 982/1652/447 981/1649/447
f 985/1653/467 984/1654/470 983/1651/470
f 987/1655/464 986/1656/467 985/1653/467
f 989/1657/460 988/1658/464 987/1655/464
f 967/1659/477 990/1660/460 989/1657/460
f 993/1661/492 992/1662/477 991/1663/477
f 995/1664/489 994/1665/492 993/1661/492
f 997/1666/478 996/1667/489 995/1664/489
f 999/1668/449 998/1669/478 997/1666/478
f 1001/1670/444 1000/1671/449 999/1668/449
f 1003/1672/445 1002/1673/444 1001/1670/444
f 1005/1674/447 1004/1675/445 1003/1672/445
f 1007/1676/470 1006/1677/447 1005/1674/447
f 1009/1678/467 1008/1679/470 1007/1676/470
f 1011/1680/464 1010/1681/467 1009/1678/467
f 1013/1682/460 1012/1683/464 1011/1680/464
f 991/1684/477 1014/1685/460 1013/1682/460
f 1016/1686/445 1017/1687/444 1015/1688/445
f 1018/1689/444 1019/1690/449 1017/1687/444
f 1020/1691/449 1021/1692/478 1019/1690/449
f 1022/1693/478 1023/1694/489 1021/1692/478
f 1024/1695/489 1025/1696/492 1023/1694/489
f 1026/1697/492 1027/1698/477 1025/1696/492
f 1028/1699/477 1029/1700/460 1027/1701/477
f 1030/1702/460 1031/1703/464 1029/1700/460
f 1032/1704/464 1033/1705/467 1031/1703/464
f 1034/1706/467 1035/1707/470 1033/1705/467
f 1036/1708/470 1037/1709/447 1035/1707/470
f 1038/1710/447 1015/1688/445 1037/1709/447
f 577/949/298 578/1094/421 537/950/299
f 547/956/305 553/1711/416 559/958/307
f 568/960/309 563/1159/420 557/961/310
f 652/963/312 669/1060/409 565/964/313
f 571/966/315 670/1175/439 657/967/316
f 544/969/318 540/1070/414 531/970/319
f 532/975/324 528/1151/412 538/976/325
f 586/979/328 654/1143/431 651/980/329
f 549/982/331 579/978/327 585/983/332
f 550/985/334 546/1075/415 539/986/335
f 556/988/337 552/1079/417 545/989/338
f 562/991/340 558/1082/419 551/992/341
f 547/956/305 564/959/308 583/995/344
f 561/996/345 555/1712/418 549/982/331
f 597/998/347 640/1135/429 635/999/348
f 606/1006/355 624/1044/393 618/1007/356
f 617/1009/358 625/1166/428 626/1010/359
f 667/1012/361 628/1041/390 623/1013/362
f 659/1015/364 648/1180/441 630/1016/365
f 592/1018/367 601/1109/423 603/1019/368
f 591/1024/373 594/1105/422 596/1025/374
f 658/1028/377 653/972/321 580/974/323
f 610/1030/379 627/1046/395 645/1031/380
f 599/1032/381 607/1114/424 609/1033/382
f 605/1035/384 613/1118/425 615/1036/385
f 611/1038/387 619/1121/427 621/1039/388
f 606/1006/355 636/1005/354 642/1043/392
f 610/1030/379 616/1713/426 622/1045/394
f 661/1048/397 637/1055/404 638/1021/370
f 665/1049/398 662/1146/433 644/1050/399
f 587/1053/402 636/1005/354 600/1004/353
f 528/1151/412 532/975/324 530/1064/413
f 531/970/319 532/975/324 535/977/326
f 535/977/326 538/976/325 536/1153/302
f 528/1063/412 529/951/300 537/950/299
f 540/1070/414 544/969/318 542/1071/336
f 544/969/318 533/971/320 534/1065/301
f 530/1064/413 531/970/319 540/1070/414
f 546/1075/415 550/985/334 548/1076/339
f 549/1077/331 550/985/334 542/987/336
f 539/986/335 546/1075/415 547/1074/305
f 552/1079/417 556/988/337 554/993/342
f 555/1080/418 556/988/337 548/990/339
f 545/989/338 552/1079/417 553/1078/416
f 558/1082/419 562/991/340 560/962/311
f 562/991/340 554/993/342 555/1080/418
f 553/1078/416 551/992/341 558/1082/419
f 563/1084/420 568/1086/309 566/965/314
f 568/960/309 560/962/311 561/1083/345
f 559/1081/307 557/961/310 563/1159/420
f 574/1161/346 572/994/343 566/965/314
f 565/964/313 569/1061/410 570/1162/408
f 575/1092/378 580/1095/323 578/1094/421
f 576/1093/306 577/949/298 529/951/300
f 536/1066/302 537/950/299 578/1094/421
f 581/1163/401 575/1714/378 576/957/306
f 579/978/327 580/1715/323 584/1164/322
f 570/1089/408 571/966/315 582/968/317
f 574/1091/346 585/1100/332 586/979/328
f 589/1026/375 587/1716/402 590/1103/403
f 592/1018/367 593/1020/369 594/1105/422
f 594/1105/422 595/1104/350 598/1165/352
f 589/1102/375 596/1106/374 597/998/347
f 599/1108/381 602/1111/383 603/1019/368
f 603/1019/368 604/1112/351 595/1104/350
f 590/1103/403 600/1110/353 601/1109/423
f 605/1113/384 608/1116/386 609/1033/382
f 610/1117/379 604/1717/351 602/1034/383
f 599/1032/381 600/1718/353 606/1115/355
f 611/1038/387 614/1040/389 615/1036/385
f 616/1120/426 610/1719/379 608/1037/386
f 605/1035/384 606/1720/355 612/1119/357
f 617/1009/358 620/1011/360 621/1039/388
f 621/1039/388 622/1123/394 616/1120/426
f 612/1119/357 618/1122/356 619/1121/427
f 623/1013/362 628/1041/390 626/1126/359
f 626/1010/359 627/1721/395 622/1123/394
f 618/1122/356 624/1722/393 625/1166/428
f 665/1049/398 632/1051/400 633/1131/391
f 634/1167/407 627/1127/395 628/1041/390
f 623/1013/362 624/1125/393 631/1168/406
f 635/999/348 640/1135/429 638/1134/370
f 636/1133/354 587/1101/402 588/1000/349
f 598/1107/352 639/1136/376 640/1135/429
f 662/1146/433 663/1148/372 646/1139/371
f 641/1169/405 642/1043/392 636/1005/354
f 639/1027/376 645/1031/380 646/1171/371
f 631/1129/406 642/1138/392 643/1017/366
f 634/1130/407 632/1051/400 644/1050/399
f 649/1181/363 648/1180/441 647/1179/440 660/1145/432 661/1144/397 663/1023/372 664/1147/434 666/1150/435 667/1149/361
f 581/1097/401 582/968/317 657/967/316
f 641/1137/405 661/1144/397 659/1015/364
f 569/1088/410 669/1723/409 670/1175/572
f 584/1099/322 653/1141/321 654/1143/431
f 651/980/573 652/1724/312 572/1090/343
f 647/1179/440 648/1180/441 659/1015/364
f 662/1146/433 665/1049/398 666/1150/435
f 629/1128/396 630/1016/365 648/1180/441
f 527/1182/411 530/1725/413 541/955/304
f 683/1186/443 686/1192/448 674/1187/444
f 706/1189/446 683/1186/443 673/1188/445
f 686/1192/448 688/1726/475 675/1193/449
f 675/1193/449 688/1726/475 690/1198/452
f 677/1202/442 676/1197/442 707/1207/442
f 696/1211/457 698/1216/463 678/1212/460
f 698/1216/463 700/1220/466 679/1217/464
f 700/1220/466 702/1224/469 680/1221/467
f 702/1224/469 704/1228/472 681/1225/470
f 704/1228/472 706/1189/446 682/1190/447
f 686/1231/448 683/1242/443 684/1230/474
f 688/1232/475 686/1231/448 685/1229/473
f 690/1233/452 688/1232/475 687/1196/451
f 690/1233/452 689/1195/450 691/1200/454
f 692/1234/476 691/1200/454 693/1201/455
f 694/1235/456 693/1201/455 695/1206/458
f 696/1236/457 695/1206/458 697/1209/459
f 698/1237/463 697/1209/459 699/1214/462
f 700/1238/466 699/1214/462 701/1218/465
f 704/1240/472 702/1239/469 701/1218/465
f 706/1241/446 704/1240/472 703/1222/468
f 683/1242/443 706/1241/446 705/1226/471
f 709/1243/477 710/1727/477 708/1244/477
f 677/1249/467 708/1728/467 710/1250/467
f 676/1199/453 690/1198/452 709/1252/478
f 712/1254/445 713/1259/444 726/1255/479
f 723/1257/447 712/1254/445 725/1256/480
f 713/1259/444 714/1264/449 728/1260/482
f 714/1264/449 715/1729/478 730/1265/485
f 715/1267/478 716/1271/489 732/1268/487
f 716/1271/489 717/1274/492 734/1272/490
f 717/1274/492 718/1277/477 736/1275/493
f 718/1277/477 719/1280/460 738/1278/495
f 719/1280/460 720/1283/464 740/1281/497
f 720/1283/464 721/1286/467 742/1284/499
f 721/1286/467 722/1289/470 744/1287/501
f 722/1289/470 723/1257/447 746/1258/481
f 725/1292/480 726/1293/479 727/1291/504
f 726/1293/479 728/1295/482 729/1262/483
f 730/1294/485 731/1263/484 729/1262/483
f 732/1296/487 733/1266/486 731/1263/484
f 734/1297/490 735/1270/488 733/1266/486
f 734/1297/490 736/1299/493 737/1273/491
f 738/1298/495 739/1276/494 737/1273/491
f 740/1300/497 741/1279/496 739/1276/494
f 742/1301/499 743/1282/498 741/1279/496
f 742/1301/499 744/1303/501 745/1285/500
f 746/1302/481 747/1288/502 745/1285/500
f 725/1292/480 724/1290/503 747/1288/502
f 749/1304/445 750/1309/444 763/1305/505
f 760/1307/447 749/1304/445 762/1306/506
f 750/1309/444 751/1314/449 765/1310/508
f 751/1314/449 752/1730/478 767/1315/511
f 752/1317/478 753/1321/489 769/1318/513
f 753/1321/489 754/1324/492 771/1322/515
f 754/1324/492 755/1327/477 773/1325/517
f 755/1327/477 756/1330/460 775/1328/519
f 756/1330/460 757/1333/464 777/1331/521
f 757/1333/464 758/1336/467 779/1334/523
f 758/1336/467 759/1339/470 781/1337/525
f 759/1339/470 760/1307/447 783/1308/507
f 762/1342/506 763/1344/505 764/1341/528
f 765/1343/508 766/1312/509 764/1341/528
f 765/1343/508 767/1345/511 768/1313/510
f 767/1345/511 769/1346/513 770/1316/512
f 769/1346/513 771/1347/515 772/1320/514
f 771/1347/515 773/1349/517 774/1323/516
f 775/1348/519 776/1326/518 774/1323/516
f 775/1348/519 777/1351/521 778/1329/520
f 779/1350/523 780/1332/522 778/1329/520
f 781/1352/525 782/1335/524 780/1332/522
f 783/1353/507 784/1338/526 782/1335/524
f 762/1342/506 761/1340/527 784/1338/526
f 797/1357/529 800/1731/550 788/1358/444
f 820/1360/530 797/1357/529 787/1359/445
f 788/1358/444 800/1731/550 802/1363/531
f 789/1364/449 802/1363/531 804/1369/533
f 791/1373/442 790/1368/442 821/1378/442
f 810/1382/537 812/1387/541 792/1383/460
f 812/1387/541 814/1391/543 793/1388/464
f 814/1391/543 816/1395/545 794/1392/467
f 816/1395/545 818/1399/547 795/1396/470
f 818/1399/547 820/1360/530 796/1361/447
f 800/1402/550 797/1413/529 798/1401/549
f 802/1403/531 800/1402/550 799/1400/548
f 804/1404/533 802/1403/531 801/1367/532
f 804/1404/533 803/1366/551 805/1371/534
f 806/1405/552 805/1371/534 807/1372/535
f 808/1406/536 807/1372/535 809/1377/538
f 810/1407/537 809/1377/538 811/1380/539
f 812/1408/541 811/1380/539 813/1385/540
f 814/1409/543 813/1385/540 815/1389/542
f 818/1411/547 816/1410/545 815/1389/542
f 820/1412/530 818/1411/547 817/1393/544
f 797/1413/529 820/1412/530 819/1397/546
f 823/1414/477 824/1732/477 822/1415/477
f 791/1420/467 822/1733/467 824/1421/467
f 790/1370/453 804/1369/533 823/1423/478
f 827/1431/467 829/1436/553 828/1432/553
f 829/1436/553 831/1440/554 830/1437/554
f 831/1440/554 833/1459/555 832/1441/555
f 836/1446/467 844/1734/467 845/1447/467
f 845/1449/436 849/1735/436 850/1450/436
f 847/1452/442 837/1736/442 838/1453/442
f 839/1455/556 844/1737/436 836/1456/436
f 833/1459/555 834/1738/442 835/1460/442
f 834/1443/445 836/1442/445 850/1461/445
f 835/1458/477 838/1463/477 849/1465/477
f 825/1457/556 841/1471/557 840/1466/557
f 841/1471/557 843/1473/558 842/1472/558
f 843/1473/558 827/1431/467 826/1433/467
f 834/1476/467 847/1739/467 848/1477/467
f 855/1479/436 854/1740/436 853/1480/436
f 854/1482/445 857/1741/445 852/1483/445
f 856/1485/477 855/1742/477 910/1486/477
f 891/1488/442 890/1492/559 889/1489/559
f 892/1491/560 893/1494/560 889/1489/559
f 894/1493/561 895/1496/561 893/1494/560
f 896/1495/562 897/1498/562 895/1496/561
f 898/1497/563 899/1574/563 897/1498/562
f 888/1490/442 900/1501/564 901/1499/564
f 902/1500/565 903/1503/565 901/1499/564
f 902/1500/565 904/1505/566 905/1502/566
f 906/1504/567 907/1507/567 905/1502/566
f 908/1506/568 909/1579/568 907/1507/567
f 910/1508/445 855/1743/445 885/1509/445
f 886/1511/477 887/1744/477 854/1512/477
f 854/1514/478 887/1745/478 861/1515/478
f 904/1517/478 902/1565/478 876/1518/478
f 896/1520/467 894/1746/467 869/1521/467
f 859/1523/478 885/1747/478 855/1524/478
f 903/1526/467 905/1748/467 879/1527/467
f 870/1529/478 895/1749/478 897/1530/478
f 884/1532/569 885/1750/569 859/1533/569
f 906/1535/478 904/1517/478 878/1519/478
f 873/1537/467 898/1751/467 896/1520/467
f 887/1538/442 886/1752/442 860/1539/442
f 879/1527/467 905/1748/467 907/1541/467
f 897/1530/478 899/1753/478 866/1543/478
f 913/1544/467 898/1751/467 873/1537/467
f 888/1546/478 889/1558/478 863/1547/478
f 864/1549/467 890/1556/467 891/1550/467
f 882/1552/478 908/1754/478 906/1535/478
f 874/1553/478 900/1755/478 888/1546/478
f 907/1541/467 909/1756/467 883/1554/467
f 867/1555/467 892/1566/467 890/1556/467
f 891/1550/467 901/1757/467 875/1557/467
f 889/1558/478 893/1570/478 868/1559/478
f 916/1560/478 908/1754/478 882/1552/478
f 910/1562/467 884/1758/467 858/1563/467
f 902/1565/478 900/1755/478 874/1553/478
f 869/1521/467 894/1746/467 892/1566/467
f 860/1567/467 886/1759/467 853/1568/467
f 875/1557/467 901/1757/467 903/1526/467
f 893/1570/478 895/1749/478 870/1529/478
f 913/1573/570 915/1760/570 899/1574/563
f 866/1543/478 899/1753/478 915/1575/478
f 916/1578/571 918/1761/571 909/1579/568
f 883/1554/467 909/1756/467 918/1580/467
f 918/1572/467 913/1577/467 853/1568/467
f 913/1583/436 918/1762/436 916/1584/436
f 916/1582/478 855/1524/478 854/1514/478
f 920/1586/445 922/1589/444 921/1587/444
f 922/1589/444 924/1591/449 923/1590/449
f 924/1591/449 926/1593/478 925/1592/478
f 926/1593/478 928/1595/489 927/1594/489
f 928/1595/489 930/1597/492 929/1596/492
f 930/1597/492 932/1763/477 931/1598/477
f 932/1599/477 934/1602/460 933/1600/460
f 934/1602/460 936/1604/464 935/1603/464
f 936/1604/464 938/1606/467 937/1605/467
f 938/1606/467 940/1608/470 939/1607/470
f 940/1608/470 942/1610/447 941/1609/447
f 942/1610/447 920/1586/445 919/1588/445
f 944/1611/445 946/1614/444 945/1612/444
f 946/1614/444 948/1616/449 947/1615/449
f 948/1616/449 950/1618/478 949/1617/478
f 950/1618/478 952/1620/489 951/1619/489
f 952/1620/489 954/1622/492 953/1621/492
f 954/1622/492 956/1764/477 955/1623/477
f 956/1624/477 958/1627/460 957/1625/460
f 958/1627/460 960/1629/464 959/1628/464
f 960/1629/464 962/1631/467 961/1630/467
f 962/1631/467 964/1633/470 963/1632/470
f 964/1633/470 966/1635/447 965/1634/447
f 966/1635/447 944/1611/445 943/1613/445
f 969/1636/492 970/1640/492 968/1637/477
f 971/1639/489 972/1642/489 970/1640/492
f 973/1641/478 974/1644/478 972/1642/489
f 975/1643/449 976/1646/449 974/1644/478
f 977/1645/444 978/1648/444 976/1646/449
f 979/1647/445 980/1650/445 978/1648/444
f 981/1649/447 982/1652/447 980/1650/445
f 983/1651/470 984/1654/470 982/1652/447
f 985/1653/467 986/1656/467 984/1654/470
f 987/1655/464 988/1658/464 986/1656/467
f 989/1657/460 990/1660/460 988/1658/464
f 967/1659/477 968/1765/477 990/1660/460
f 993/1661/492 994/1665/492 992/1662/477
f 995/1664/489 996/1667/489 994/1665/492
f 997/1666/478 998/1669/478 996/1667/489
f 999/1668/449 1000/1671/449 998/1669/478
f 1001/1670/444 1002/1673/444 1000/1671/449
f 1003/1672/445 1004/1675/445 1002/1673/444
f 1005/1674/447 1006/1677/447 1004/1675/445
f 1007/1676/470 1008/1679/470 1006/1677/447
f 1009/1678/467 1010/1681/467 1008/1679/470
f 1011/1680/464 1012/1683/464 1010/1681/467
f 1013/1682/460 1014/1685/460 1012/1683/464
f 991/1684/477 992/1766/477 1014/1685/460
f 1016/1686/445 1018/1689/444 1017/1687/444
f 1018/1689/444 1020/1691/449 1019/1690/449
f 1020/1691/449 1022/1693/478 1021/1692/478
f 1022/1693/478 1024/1695/489 1023/1694/489
f 1024/1695/489 1026/1697/492 1025/1696/492
f 1026/1697/492 1028/1767/477 1027/1698/477
f 1028/1699/477 1030/1702/460 1029/1700/460
f 1030/1702/460 1032/1704/464 1031/1703/464
f 1032/1704/464 1034/1706/467 1033/1705/467
f 1034/1706/467 1036/1708/470 1035/1707/470
f 1036/1708/470 1038/1710/447 1037/1709/447
f 1038/1710/447 1016/1686/445 1015/1688/445
f 656/1173/437 658/1178/377 657/967/316 670/1175/439 668/1176/574
o window
v -0.496678 2.258104 -0.362264
v -0.496678 2.258104 0.362262
v -0.496678 2.777347 -0.362264
v -0.412550 2.258104 -0.362264
v -0.412550 2.258104 0.362262
v -0.412550 2.777347 0.362261
v -0.496678 2.330556 -0.277736
v -0.496678 2.330556 0.277734
v -0.496678 2.692819 0.277733
v -0.496678 2.692819 -0.277736
v -0.412550 2.330556 -0.277736
v -0.412550 2.330556 0.277734
v -0.412550 2.692819 0.277733
v -0.412550 2.692819 -0.277736
v -0.496678 2.777347 0.362261
v -0.412550 2.777347 -0.362264
v -0.438030 2.330556 0.277734
v -0.438030 2.692819 0.277733
v -0.438030 2.330556 -0.277736
v -0.472022 2.330556 -0.277736
v -0.472022 2.330556 0.277734
v -0.472022 2.692819 0.277733
v -0.472022 2.692819 -0.277736
v -0.438030 2.692819 -0.277736
v -0.521706 2.348397 0.278309
v -0.545414 2.445294 0.349555
v -0.545414 2.348397 0.314933
v -0.545414 2.445294 0.314933
v -0.510792 2.445294 0.349555
v -0.510792 2.348397 0.349555
v -0.515430 2.348397 0.366866
v -0.515430 2.445294 0.366866
v -0.528103 2.348397 0.379539
v -0.528103 2.445294 0.379539
v -0.545414 2.348397 0.384178
v -0.545414 2.445294 0.384178
v -0.562725 2.348397 0.379539
v -0.562725 2.445294 0.379539
v -0.575397 2.348397 0.366866
v -0.575397 2.445294 0.366866
v -0.580036 2.348397 0.349555
v -0.580036 2.445294 0.349555
v -0.575397 2.348397 0.332244
v -0.575397 2.445294 0.332244
v -0.562725 2.348397 0.319572
v -0.562725 2.445294 0.319572
v -0.479883 2.348397 0.278309
v -0.479883 2.445294 0.278309
v -0.521706 2.445294 0.278309
v -0.479883 2.348397 0.325848
v -0.479883 2.445294 0.325848
v -0.521662 2.581815 0.278313
v -0.545369 2.681146 0.349560
v -0.545369 2.581815 0.314938
v -0.545369 2.681146 0.314938
v -0.510747 2.681146 0.349560
v -0.510747 2.581815 0.349560
v -0.515385 2.581815 0.366871
v -0.515385 2.681146 0.366871
v -0.528058 2.581815 0.379544
v -0.528058 2.681146 0.379544
v -0.545369 2.581815 0.384182
v -0.545369 2.681146 0.384182
v -0.562680 2.581815 0.379544
v -0.562680 2.681146 0.379544
v -0.575353 2.581815 0.366871
v -0.575353 2.681146 0.366871
v -0.579991 2.581815 0.349560
v -0.579991 2.681146 0.349560
v -0.575353 2.581815 0.332249
v -0.575353 2.681146 0.332249
v -0.562680 2.581815 0.319576
v -0.562680 2.681146 0.319576
v -0.479838 2.581815 0.278313
v -0.479838 2.681146 0.278313
v -0.521662 2.681146 0.278313
v -0.479838 2.581815 0.325852
v -0.479838 2.681146 0.325852
v -0.540598 2.571928 -0.190687
v -0.588730 2.523796 -0.130380
v -0.588730 2.523796 -0.190687
v -0.582281 2.499730 -0.130380
v -0.582281 2.499730 -0.190687
v -0.564664 2.482113 -0.130380
v -0.564664 2.482113 -0.190687
v -0.540598 2.475664 -0.130380
v -0.540598 2.475664 -0.190687
v -0.493450 2.475664 -0.190687
v -0.493450 2.475664 -0.130380
v -0.493450 2.571928 -0.190687
v -0.465287 2.413149 -0.190687
v -0.465287 2.413149 -0.130380
v -0.540598 2.571928 -0.130380
v -0.564664 2.565480 -0.130380
v -0.564664 2.565480 -0.190687
v -0.582281 2.547862 -0.130380
v -0.582281 2.547862 -0.190687
v -0.493450 2.571928 -0.130380
v -0.493450 2.619119 -0.130380
v -0.493450 2.619119 -0.190687
v -0.493450 2.413149 -0.190687
v -0.493450 2.413149 -0.130380
v -0.465287 2.619119 -0.130380
v -0.465287 2.619119 -0.190687
v -0.540598 2.571928 0.102540
v -0.588730 2.523796 0.162847
v -0.588730 2.523796 0.102540
v -0.582281 2.499730 0.162847
v -0.582281 2.499730 0.102540
v -0.564664 2.482113 0.162847
v -0.564664 2.482113 0.102540
v -0.540598 2.475664 0.162847
v -0.540598 2.475664 0.102540
v -0.493450 2.475664 0.102540
v -0.493450 2.475664 0.162847
v -0.493450 2.571928 0.102540
v -0.465287 2.413149 0.102540
v -0.465287 2.413149 0.162847
v -0.540598 2.571928 0.162847
v -0.564664 2.565480 0.162847
v -0.564664 2.565480 0.102540
v -0.582281 2.547862 0.162847
v -0.582281 2.547862 0.102540
v -0.493450 2.571928 0.162847
v -0.493450 2.619119 0.162847
v -0.493450 2.619119 0.102540
v -0.493450 2.413149 0.102540
v -0.493450 2.413149 0.162847
v -0.465287 2.619119 0.162847
v -0.465287 2.619119 0.102540
vn -0.0000 -0.0000 -1.0000
vn -0.0000 -1.0000 -0.0000
vn -0.0000 1.0000 -0.0000
vn -0.0000 -0.0000 1.0000
vn 1.0000 -0.0000 -0.0000
vn -1.0000 -0.0000 -0.0000
vn 0.8314 -0.0000 0.5556
vn 0.8660 -0.0000 0.5000
vn -0.5884 -0.0000 -0.8086
vn -0.4778 -0.0000 -0.8785
vn 0.5000 -0.0000 0.8660
vn 0.6086 -0.0000 0.7935
vn -0.5000 -0.0000 0.8660
vn -0.8660 -0.0000 0.5000
vn -0.8660 -0.0000 -0.5000
vn -0.5000 -0.0000 -0.8660
vn -0.4778 -0.0000 -0.8784
vn 0.8314 -0.0000 0.5557
vn 0.8315 -0.0000 0.5556
vn -0.4779 -0.0000 -0.8784
vn -0.8660 -0.5000 -0.0000
vn -0.5000 -0.8660 -0.0000
vn -0.1305 -0.9914 -0.0000
vn -0.1305 0.9914 -0.0000
vn -0.5000 0.8660 -0.0000
vn -0.8660 0.5000 -0.0000
vt 0.046300 0.673812
vt 0.097849 0.685862
vt 0.046286 0.685804
vt 0.081947 0.040412
vt 0.010000 0.028423
vt 0.081947 0.028422
vt 0.223605 0.016759
vt 0.295539 0.028827
vt 0.223592 0.028749
vt 0.983225 0.625848
vt 0.971249 0.677414
vt 0.971233 0.625852
vt 0.015669 0.905517
vt 0.016120 0.941505
vt 0.015027 0.941485
vt 0.092793 0.901045
vt 0.056820 0.902135
vt 0.056820 0.901045
vt 0.622264 0.159626
vt 0.613915 0.116448
vt 0.622301 0.123653
vt 0.685862 0.116524
vt 0.677461 0.123709
vt 0.917382 0.203076
vt 0.853846 0.210422
vt 0.862223 0.203208
vt 0.862137 0.167234
vt 0.853724 0.158861
vt 0.917297 0.167103
vt 0.925671 0.158690
vt 0.925793 0.210251
vt 0.677423 0.159682
vt 0.613861 0.168010
vt 0.685808 0.168085
vt 0.456069 0.712897
vt 0.511228 0.748870
vt 0.456069 0.748870
vt 0.623116 0.953674
vt 0.568187 0.990000
vt 0.567957 0.954027
vt 0.171709 0.904921
vt 0.207690 0.904104
vt 0.207681 0.905194
vt 0.011093 0.941000
vt 0.010985 0.885830
vt 0.012074 0.885850
vt 0.103524 0.933833
vt 0.158690 0.933148
vt 0.158682 0.934241
vt 0.065159 0.757424
vt 0.010000 0.758514
vt 0.010000 0.757421
vt 0.304600 0.772623
vt 0.304708 0.827793
vt 0.303615 0.827774
vt 0.048862 0.827793
vt 0.047769 0.791820
vt 0.048862 0.791820
vt 0.113769 0.500421
vt 0.108909 0.500410
vt 0.110950 0.493241
vt 0.538918 0.638505
vt 0.536495 0.640941
vt 0.536478 0.636081
vt 0.529312 0.638136
vt 0.108000 0.496171
vt 0.538039 0.641824
vt 0.527035 0.728592
vt 0.517406 0.730375
vt 0.517406 0.728595
vt 0.527035 0.744609
vt 0.517420 0.748945
vt 0.517406 0.744612
vt 0.539818 0.641824
vt 0.527035 0.730372
vt 0.517406 0.732155
vt 0.517406 0.724727
vt 0.527035 0.724724
vt 0.541357 0.640928
vt 0.527035 0.732152
vt 0.517406 0.733934
vt 0.114283 0.496587
vt 0.542241 0.639374
vt 0.527035 0.733931
vt 0.517406 0.735714
vt 0.532239 0.635186
vt 0.542235 0.637596
vt 0.527035 0.735711
vt 0.517406 0.737494
vt 0.532661 0.641455
vt 0.541340 0.636055
vt 0.527035 0.737491
vt 0.517406 0.739273
vt 0.539796 0.635172
vt 0.527035 0.739270
vt 0.517406 0.741053
vt 0.538017 0.635186
vt 0.527035 0.741050
vt 0.517406 0.742833
vt 0.152401 0.709412
vt 0.162069 0.705368
vt 0.162023 0.709517
vt 0.527035 0.742830
vt 0.113756 0.505283
vt 0.108000 0.503729
vt 0.114651 0.501964
vt 0.114651 0.503744
vt 0.108013 0.501949
vt 0.110437 0.506165
vt 0.108896 0.505272
vt 0.112215 0.506169
vt 0.629404 0.875784
vt 0.634264 0.875793
vt 0.632222 0.882962
vt 0.055668 0.222363
vt 0.053231 0.219937
vt 0.058091 0.219928
vt 0.056050 0.212759
vt 0.635172 0.880031
vt 0.052349 0.221480
vt 0.015329 0.408889
vt 0.025181 0.407052
vt 0.025194 0.408832
vt 0.015236 0.392872
vt 0.025075 0.388483
vt 0.025101 0.392815
vt 0.052349 0.223259
vt 0.015315 0.407109
vt 0.025167 0.405273
vt 0.015355 0.412757
vt 0.053244 0.224799
vt 0.015302 0.405329
vt 0.025154 0.403493
vt 0.628890 0.879618
vt 0.054785 0.225686
vt 0.015302 0.403550
vt 0.025154 0.401713
vt 0.059000 0.215690
vt 0.056563 0.225683
vt 0.015289 0.401770
vt 0.025141 0.399934
vt 0.052717 0.216103
vt 0.058104 0.224790
vt 0.015276 0.399990
vt 0.025128 0.398154
vt 0.059000 0.223247
vt 0.015263 0.398211
vt 0.025115 0.396374
vt 0.058987 0.221467
vt 0.015250 0.396431
vt 0.025115 0.394595
vt 0.032886 0.587862
vt 0.037021 0.597731
vt 0.032872 0.597726
vt 0.015250 0.394652
vt 0.629417 0.870921
vt 0.635172 0.872473
vt 0.628521 0.874241
vt 0.628521 0.872461
vt 0.635159 0.874253
vt 0.632736 0.870038
vt 0.634277 0.870931
vt 0.630958 0.870034
vt 0.097862 0.673871
vt 0.010000 0.040414
vt 0.295552 0.016836
vt 0.983241 0.677410
vt 0.016759 0.905537
vt 0.092793 0.902138
vt 0.511229 0.712897
vt 0.623345 0.989648
vt 0.171717 0.903828
vt 0.010000 0.940981
vt 0.103532 0.932743
vt 0.065159 0.758517
vt 0.305690 0.772643
vt 0.047769 0.827793
vt 0.527035 0.748942
vt 0.152447 0.705263
vt 0.015210 0.388540
vt 0.025207 0.412700
vt 0.037034 0.587867
vt 0.076237 0.389656
vt 0.080966 0.394479
vt 0.080307 0.396863
vt 0.132074 0.467635
vt 0.124937 0.463446
vt 0.127331 0.462828
vt 0.047449 0.704448
vt 0.044976 0.710441
vt 0.044975 0.704448
vt 0.078542 0.398596
vt 0.123174 0.465185
vt 0.042502 0.710441
vt 0.042501 0.704448
vt 0.076145 0.399215
vt 0.122515 0.467569
vt 0.040027 0.704448
vt 0.132038 0.472324
vt 0.122479 0.472245
vt 0.116250 0.474997
vt 0.116271 0.472205
vt 0.224503 0.884967
vt 0.218599 0.880172
vt 0.224586 0.880278
vt 0.169756 0.868371
vt 0.163759 0.871150
vt 0.163768 0.868345
vt 0.261759 0.891230
vt 0.258966 0.885242
vt 0.261759 0.885241
vt 0.054871 0.704448
vt 0.059554 0.710441
vt 0.054872 0.710441
vt 0.071469 0.399172
vt 0.040028 0.710441
vt 0.035345 0.704448
vt 0.136703 0.475156
vt 0.071548 0.389613
vt 0.068611 0.405354
vt 0.071403 0.405379
vt 0.068795 0.384901
vt 0.052397 0.704448
vt 0.078621 0.390318
vt 0.080346 0.392084
vt 0.129716 0.463486
vt 0.131452 0.465251
vt 0.052398 0.710441
vt 0.049923 0.704448
vt 0.047450 0.710441
vt 0.071601 0.384927
vt 0.136724 0.472363
vt 0.052200 0.629377
vt 0.046034 0.623345
vt 0.052241 0.623384
vt 0.058618 0.650091
vt 0.063398 0.645310
vt 0.065788 0.645956
vt 0.115073 0.368560
vt 0.119182 0.361374
vt 0.119828 0.363761
vt 0.535483 0.877070
vt 0.529490 0.874596
vt 0.535483 0.874596
vt 0.067537 0.647694
vt 0.117417 0.359631
vt 0.529490 0.872122
vt 0.535483 0.872121
vt 0.068177 0.650091
vt 0.115033 0.359001
vt 0.529490 0.869648
vt 0.535483 0.869647
vt 0.110384 0.368578
vt 0.110344 0.359019
vt 0.107526 0.352823
vt 0.110318 0.352812
vt 0.109690 0.687172
vt 0.103701 0.682483
vt 0.109690 0.682483
vt 0.129946 0.696000
vt 0.123977 0.698832
vt 0.123958 0.696040
vt 0.234137 0.803371
vt 0.231358 0.797379
vt 0.234150 0.797383
vt 0.535483 0.884492
vt 0.529490 0.889174
vt 0.529490 0.884492
vt 0.068177 0.654767
vt 0.535483 0.864965
vt 0.107605 0.373276
vt 0.058618 0.654767
vt 0.074384 0.657573
vt 0.074385 0.654767
vt 0.053931 0.657573
vt 0.535483 0.882018
vt 0.059259 0.647694
vt 0.061008 0.645956
vt 0.119195 0.366153
vt 0.117457 0.367910
vt 0.529490 0.882018
vt 0.535483 0.879544
vt 0.529490 0.877070
vt 0.053931 0.654767
vt 0.110410 0.373265
vt 0.304000 0.761897
vt 0.297782 0.767876
vt 0.297792 0.761897
vt 0.218515 0.884861
vt 0.169747 0.871163
vt 0.258966 0.891230
vt 0.059553 0.704448
vt 0.035346 0.710441
vt 0.049924 0.710441
vt 0.045992 0.629338
vt 0.103701 0.687172
vt 0.129966 0.698792
vt 0.231345 0.803368
vt 0.535483 0.889174
vt 0.529490 0.864966
vt 0.529490 0.879544
vt 0.303990 0.767889
s 1
usemtl doorD
f 1044/1768/575 1040/1769/575 1053/1770/575
f 1054/1771/576 1053/1772/576 1041/1773/576
f 1043/1774/577 1039/1775/577 1040/1776/577
f 1042/1777/578 1041/1778/578 1039/1779/578
f 1045/1780/578 1061/1781/578 1048/1782/578
f 1052/1783/578 1057/1784/578 1049/1785/578
f 1051/1786/579 1043/1787/579 1050/1788/579
f 1050/1788/579 1042/1789/579 1049/1790/579
f 1045/1791/580 1040/1792/580 1046/1793/580
f 1047/1794/580 1040/1792/580 1053/1795/580
f 1048/1796/580 1053/1795/580 1041/1797/580
f 1048/1796/580 1039/1798/580 1045/1791/580
f 1052/1799/579 1044/1800/579 1051/1786/579
f 1052/1799/579 1042/1789/579 1054/1801/579
f 1058/1802/580 1060/1803/580 1061/1804/580
f 1057/1805/579 1056/1806/579 1055/1807/579
f 1047/1808/575 1059/1809/575 1046/1810/575
f 1049/1811/577 1055/1812/577 1050/1813/577
f 1051/1814/576 1062/1815/576 1052/1816/576
f 1048/1817/576 1060/1818/576 1047/1819/576
f 1046/1820/577 1058/1821/577 1045/1822/577
f 1050/1823/575 1056/1824/575 1051/1825/575
f 1068/1826/576 1065/1827/576 1085/1828/576
f 1064/1829/577 1067/1830/577 1066/1831/577
f 1066/1831/577 1067/1830/577 1086/1832/577
f 1065/1827/576 1063/1833/576 1085/1828/576
f 1064/1829/577 1070/1834/577 1067/1830/577
f 1067/1835/581 1069/1836/582 1068/1837/581
f 1066/1838/583 1063/1839/584 1065/1840/583
f 1064/1829/577 1072/1841/577 1070/1834/577
f 1070/1842/582 1071/1843/585 1069/1836/582
f 1067/1835/581 1088/1844/586 1089/1845/586
f 1064/1829/577 1074/1846/577 1072/1841/577
f 1072/1847/585 1073/1848/578 1071/1843/585
f 1068/1826/576 1085/1828/576 1088/1849/576
f 1064/1829/577 1076/1850/577 1074/1846/577
f 1074/1851/578 1075/1852/587 1073/1848/578
f 1066/1831/577 1086/1832/577 1087/1853/577
f 1064/1829/577 1078/1854/577 1076/1850/577
f 1076/1855/587 1077/1856/588 1075/1852/587
f 1067/1830/577 1089/1857/577 1086/1832/577
f 1064/1829/577 1080/1858/577 1078/1854/577
f 1078/1859/588 1079/1860/580 1077/1856/588
f 1064/1829/577 1082/1861/577 1080/1858/577
f 1080/1862/580 1081/1863/589 1079/1860/580
f 1064/1829/577 1084/1864/577 1082/1861/577
f 1082/1865/589 1083/1866/590 1081/1863/589
f 1087/1867/591 1085/1868/575 1063/1869/584
f 1064/1829/577 1066/1831/577 1084/1864/577
f 1084/1870/590 1065/1840/583 1083/1866/590
f 1068/1826/576 1073/1871/576 1081/1872/576
f 1068/1826/576 1069/1873/576 1071/1874/576
f 1081/1872/576 1083/1875/576 1068/1826/576
f 1083/1875/576 1065/1827/576 1068/1826/576
f 1077/1876/576 1079/1877/576 1081/1872/576
f 1073/1871/576 1075/1878/576 1081/1872/576
f 1075/1878/576 1077/1876/576 1081/1872/576
f 1068/1826/576 1071/1874/576 1073/1871/576
f 1095/1879/576 1092/1880/576 1112/1881/576
f 1091/1882/577 1094/1883/577 1093/1884/577
f 1093/1884/577 1094/1883/577 1113/1885/577
f 1092/1880/576 1090/1886/576 1112/1881/576
f 1091/1882/577 1097/1887/577 1094/1883/577
f 1094/1888/592 1096/1889/582 1095/1890/593
f 1093/1891/583 1090/1892/584 1092/1893/583
f 1091/1882/577 1099/1894/577 1097/1887/577
f 1097/1895/582 1098/1896/585 1096/1889/582
f 1095/1890/593 1116/1897/586 1094/1888/592
f 1091/1882/577 1101/1898/577 1099/1894/577
f 1099/1899/585 1100/1900/578 1098/1896/585
f 1095/1879/576 1112/1881/576 1115/1901/576
f 1091/1882/577 1103/1902/577 1101/1898/577
f 1101/1903/578 1102/1904/587 1100/1900/578
f 1093/1884/577 1113/1885/577 1114/1905/577
f 1091/1882/577 1105/1906/577 1103/1902/577
f 1103/1907/587 1104/1908/588 1102/1904/587
f 1094/1883/577 1116/1909/577 1113/1885/577
f 1091/1882/577 1107/1910/577 1105/1906/577
f 1105/1911/588 1106/1912/580 1104/1908/588
f 1091/1882/577 1109/1913/577 1107/1910/577
f 1107/1914/580 1108/1915/589 1106/1912/580
f 1091/1882/577 1111/1916/577 1109/1913/577
f 1109/1917/589 1110/1918/590 1108/1915/589
f 1114/1919/594 1112/1920/575 1090/1921/584
f 1091/1882/577 1093/1884/577 1111/1916/577
f 1111/1922/590 1092/1893/583 1110/1918/590
f 1095/1879/576 1100/1923/576 1108/1924/576
f 1095/1879/576 1096/1925/576 1098/1926/576
f 1108/1924/576 1110/1927/576 1095/1879/576
f 1110/1927/576 1092/1880/576 1095/1879/576
f 1104/1928/576 1106/1929/576 1108/1924/576
f 1100/1923/576 1102/1930/576 1108/1924/576
f 1102/1930/576 1104/1928/576 1108/1924/576
f 1095/1879/576 1098/1926/576 1100/1923/576
f 1044/1768/575 1043/1931/575 1040/1769/575
f 1054/1771/576 1044/1932/576 1053/1772/576
f 1043/1774/577 1042/1933/577 1039/1775/577
f 1042/1777/578 1054/1934/578 1041/1778/578
f 1045/1780/578 1058/1935/578 1061/1781/578
f 1052/1783/578 1062/1936/578 1057/1784/578
f 1051/1786/579 1044/1800/579 1043/1787/579
f 1050/1788/579 1043/1787/579 1042/1789/579
f 1045/1791/580 1039/1798/580 1040/1792/580
f 1047/1794/580 1046/1793/580 1040/1792/580
f 1048/1796/580 1047/1794/580 1053/1795/580
f 1048/1796/580 1041/1797/580 1039/1798/580
f 1052/1799/579 1054/1801/579 1044/1800/579
f 1052/1799/579 1049/1790/579 1042/1789/579
f 1058/1802/580 1059/1937/580 1060/1803/580
f 1057/1805/579 1062/1938/579 1056/1806/579
f 1047/1808/575 1060/1939/575 1059/1809/575
f 1049/1811/577 1057/1940/577 1055/1812/577
f 1051/1814/576 1056/1941/576 1062/1815/576
f 1048/1817/576 1061/1942/576 1060/1818/576
f 1046/1820/577 1059/1943/577 1058/1821/577
f 1050/1823/575 1055/1944/575 1056/1824/575
f 1067/1835/581 1070/1842/582 1069/1836/582
f 1066/1838/583 1087/1945/591 1063/1839/584
f 1070/1842/582 1072/1847/585 1071/1843/585
f 1067/1835/581 1068/1837/581 1088/1844/586
f 1072/1847/585 1074/1851/578 1073/1848/578
f 1074/1851/578 1076/1855/587 1075/1852/587
f 1076/1855/587 1078/1859/588 1077/1856/588
f 1078/1859/588 1080/1862/580 1079/1860/580
f 1080/1862/580 1082/1865/589 1081/1863/589
f 1082/1865/589 1084/1870/590 1083/1866/590
f 1087/1867/584 1086/1946/575 1085/1868/575
f 1084/1870/590 1066/1838/583 1065/1840/583
f 1094/1888/592 1097/1895/582 1096/1889/582
f 1093/1891/583 1114/1947/594 1090/1892/584
f 1097/1895/582 1099/1899/585 1098/1896/585
f 1095/1890/592 1115/1948/586 1116/1897/586
f 1099/1899/585 1101/1903/578 1100/1900/578
f 1101/1903/578 1103/1907/587 1102/1904/587
f 1103/1907/587 1105/1911/588 1104/1908/588
f 1105/1911/588 1107/1914/580 1106/1912/580
f 1107/1914/580 1109/1917/589 1108/1915/589
f 1109/1917/589 1111/1922/590 1110/1918/590
f 1114/1919/584 1113/1949/575 1112/1920/575
f 1111/1922/590 1093/1891/583 1092/1893/583
f 1131/1950/578 1118/1951/578 1120/1952/578
f 1117/1953/575 1121/1954/575 1119/1955/575
f 1118/1956/580 1121/1957/595 1120/1958/595
f 1131/1950/578 1120/1952/578 1122/1959/578
f 1117/1953/575 1123/1960/575 1121/1954/575
f 1120/1958/595 1123/1961/596 1122/1962/596
f 1131/1950/578 1122/1959/578 1124/1963/578
f 1117/1953/575 1125/1964/575 1123/1960/575
f 1123/1961/596 1124/1965/597 1122/1962/596
f 1117/1953/575 1128/1966/575 1126/1967/575
f 1126/1967/575 1129/1968/575 1139/1969/575
f 1128/1970/580 1137/1971/580 1138/1972/580
f 1137/1973/577 1142/1974/577 1138/1975/577
f 1139/1976/576 1130/1977/576 1140/1978/576
f 1131/1979/598 1128/1980/577 1117/1981/598
f 1131/1950/578 1124/1963/578 1127/1982/578
f 1125/1964/575 1117/1953/575 1126/1967/575
f 1125/1983/597 1127/1984/576 1124/1965/597
f 1126/1967/575 1142/1985/575 1129/1968/575
f 1131/1950/578 1127/1982/578 1136/1986/578
f 1130/1987/578 1127/1982/578 1140/1988/578
f 1127/1982/578 1141/1989/578 1136/1986/578
f 1117/1981/598 1132/1990/599 1131/1979/598
f 1131/1950/578 1132/1991/578 1134/1992/578
f 1117/1953/575 1135/1993/575 1133/1994/575
f 1133/1995/599 1134/1996/600 1132/1990/599
f 1131/1950/578 1134/1992/578 1118/1951/578
f 1117/1953/575 1119/1955/575 1135/1993/575
f 1134/1996/600 1119/1997/580 1118/1956/580
f 1136/1986/578 1141/1989/578 1137/1998/578
f 1142/1985/575 1128/1966/575 1138/1999/575
f 1126/2000/580 1140/2001/580 1127/2002/580
f 1157/2003/578 1144/2004/578 1146/2005/578
f 1143/2006/575 1147/2007/575 1145/2008/575
f 1144/2009/580 1147/2010/595 1146/2011/595
f 1157/2003/578 1146/2005/578 1148/2012/578
f 1143/2006/575 1149/2013/575 1147/2007/575
f 1146/2011/595 1149/2014/596 1148/2015/596
f 1157/2003/578 1148/2012/578 1150/2016/578
f 1143/2006/575 1151/2017/575 1149/2013/575
f 1148/2015/596 1151/2018/597 1150/2019/597
f 1143/2006/575 1154/2020/575 1152/2021/575
f 1152/2021/575 1155/2022/575 1165/2023/575
f 1154/2024/580 1163/2025/580 1164/2026/580
f 1163/2027/577 1168/2028/577 1164/2029/577
f 1165/2030/576 1156/2031/576 1166/2032/576
f 1157/2033/598 1154/2034/577 1143/2035/598
f 1157/2003/578 1150/2016/578 1153/2036/578
f 1151/2017/575 1143/2006/575 1152/2021/575
f 1151/2018/597 1153/2037/576 1150/2019/597
f 1152/2021/575 1168/2038/575 1155/2022/575
f 1157/2003/578 1153/2036/578 1162/2039/578
f 1156/2040/578 1153/2036/578 1166/2041/578
f 1153/2036/578 1167/2042/578 1162/2039/578
f 1143/2035/598 1158/2043/599 1157/2033/598
f 1157/2003/578 1158/2044/578 1160/2045/578
f 1143/2006/575 1161/2046/575 1159/2047/575
f 1159/2048/599 1160/2049/600 1158/2043/599
f 1157/2003/578 1160/2045/578 1144/2004/578
f 1143/2006/575 1145/2008/575 1161/2046/575
f 1160/2049/600 1145/2050/580 1144/2009/580
f 1162/2039/578 1167/2042/578 1163/2051/578
f 1168/2038/575 1154/2020/575 1164/2052/575
f 1153/2053/580 1165/2054/580 1166/2055/580
f 1118/1956/580 1119/1997/580 1121/1957/595
f 1120/1958/595 1121/1957/595 1123/1961/596
f 1123/1961/596 1125/1983/597 1124/1965/597
f 1128/1970/580 1136/2056/580 1137/1971/580
f 1137/1973/577 1141/2057/577 1142/1974/577
f 1139/1976/576 1129/2058/576 1130/1977/576
f 1131/1979/598 1136/2059/577 1128/1980/577
f 1125/1983/597 1126/2060/576 1127/1984/576
f 1126/1967/575 1128/1966/575 1142/1985/575
f 1127/1982/578 1130/1987/578 1141/1989/578
f 1117/1981/598 1133/1995/599 1132/1990/599
f 1133/1995/599 1135/2061/600 1134/1996/600
f 1134/1996/600 1135/2061/600 1119/1997/580
f 1126/2000/580 1139/2062/580 1140/2001/580
f 1144/2009/580 1145/2050/580 1147/2010/595
f 1146/2011/595 1147/2010/595 1149/2014/596
f 1148/2015/596 1149/2014/596 1151/2018/597
f 1154/2024/580 1162/2063/580 1163/2025/580
f 1163/2027/577 1167/2064/577 1168/2028/577
f 1165/2030/576 1155/2065/576 1156/2031/576
f 1157/2033/598 1162/2066/577 1154/2034/577
f 1151/2018/597 1152/2067/576 1153/2037/576
f 1152/2021/575 1154/2020/575 1168/2038/575
f 1153/2036/578 1156/2040/578 1167/2042/578
f 1143/2035/598 1159/2048/599 1158/2043/599
f 1159/2048/599 1161/2068/600 1160/2049/600
f 1160/2049/600 1161/2068/600 1145/2050/580
f 1153/2053/580 1152/2069/580 1165/2054/580
o windowhandle
v -0.520029 2.542621 0.169667
v -0.535123 2.553432 0.171510
v -0.553780 2.553432 0.171510
v -0.568875 2.542621 0.169667
v -0.574640 2.525129 0.166686
v -0.568875 2.507636 0.163705
v -0.553780 2.496825 0.161863
v -0.535123 2.496825 0.161863
v -0.520029 2.507636 0.163705
v -0.514263 2.525129 0.166686
v -0.520029 2.524108 0.218404
v -0.535123 2.532062 0.225954
v -0.553780 2.532062 0.225954
v -0.568875 2.524108 0.218404
v -0.574640 2.511237 0.206189
v -0.568875 2.498366 0.193974
v -0.553780 2.490412 0.186425
v -0.535123 2.490412 0.186425
v -0.520029 2.498366 0.193974
v -0.514263 2.511237 0.206189
v -0.520029 2.480819 0.237532
v -0.535123 2.482946 0.248290
v -0.553780 2.482946 0.248290
v -0.568875 2.480819 0.237532
v -0.574640 2.477377 0.220124
v -0.568875 2.473935 0.202717
v -0.553780 2.471808 0.191959
v -0.535123 2.471808 0.191959
v -0.520029 2.473935 0.202717
v -0.514263 2.477377 0.220124
v -0.526357 2.537902 -0.502059
v -0.520029 2.542501 -0.494622
v -0.537540 2.546027 -0.502064
v -0.535123 2.553466 -0.494629
v -0.551363 2.546027 -0.502064
v -0.553780 2.553466 -0.494629
v -0.562546 2.537902 -0.502059
v -0.568875 2.542501 -0.494622
v -0.566818 2.524755 -0.502052
v -0.574640 2.524759 -0.494613
v -0.562546 2.511609 -0.502045
v -0.568875 2.507018 -0.494603
v -0.551363 2.503484 -0.502040
v -0.553780 2.496053 -0.494597
v -0.537540 2.503484 -0.502040
v -0.535123 2.496053 -0.494597
v -0.526357 2.511609 -0.502045
v -0.520029 2.507018 -0.494603
v -0.522085 2.524755 -0.502052
v -0.514263 2.524759 -0.494613
v -0.528413 2.291555 0.231777
v -0.520029 2.301411 0.237851
v -0.538325 2.291555 0.238979
v -0.535123 2.301411 0.248807
v -0.550578 2.291555 0.238979
v -0.553780 2.301411 0.248807
v -0.560491 2.291555 0.231777
v -0.568875 2.301411 0.237851
v -0.564277 2.291555 0.220124
v -0.574640 2.301411 0.220124
v -0.560491 2.291555 0.208471
v -0.568875 2.301411 0.202398
v -0.550578 2.291555 0.201270
v -0.553780 2.301411 0.191443
v -0.538325 2.291555 0.201270
v -0.535123 2.301411 0.191443
v -0.528413 2.291555 0.208471
v -0.520029 2.301411 0.202398
v -0.524626 2.291555 0.220124
v -0.514263 2.301411 0.220124
vn 0.2872 0.8840 -0.3688
vn 0.7916 0.6012 0.1094
vn 0.7520 0.5463 -0.3688
vn -0.2975 0.9385 0.1755
vn -0.2872 0.8840 -0.3688
vn -0.7916 0.6012 0.1094
vn -0.7520 0.5463 -0.3688
vn -0.9995 0.0308 0.0071
vn -0.9296 -0.0002 -0.3686
vn -0.8204 -0.5662 -0.0799
vn -0.7520 -0.5467 -0.3681
vn -0.3165 -0.9411 -0.1194
vn -0.2873 -0.8845 -0.3677
vn 0.3165 -0.9411 -0.1194
vn 0.2873 -0.8844 -0.3677
vn 0.7520 -0.5467 -0.3681
vn 0.9296 -0.0002 -0.3686
vn 0.8204 -0.5662 -0.0799
vn 0.3490 0.2531 -0.9023
vn 0.4314 -0.0005 -0.9022
vn 0.3490 -0.2541 -0.9020
vn 0.9968 0.0578 0.0548
vn 0.9995 0.0308 0.0071
vn 0.2975 0.9385 0.1755
vn 0.7751 0.4584 0.4348
vn -0.2892 0.6945 0.6588
vn -0.7751 0.4584 0.4348
vn -0.9968 0.0578 0.0548
vn -0.8556 -0.3746 -0.3571
vn -0.3564 -0.6722 -0.6489
vn 0.3564 -0.6722 -0.6489
vn 0.8556 -0.3746 -0.3571
vn 0.7894 0.1268 0.6007
vn 0.2963 0.2016 0.9336
vn 0.2892 0.6945 0.6588
vn -0.2963 0.2016 0.9336
vn -0.7894 0.1268 0.6007
vn -0.9993 0.0090 0.0353
vn -0.8221 -0.0920 -0.5618
vn 0.3176 -0.1341 -0.9387
vn 0.8221 -0.0920 -0.5618
vn 0.9993 0.0090 0.0353
vn -0.1334 -0.9019 0.4109
vn -0.1334 -0.9019 -0.4109
vn 0.3491 -0.9020 -0.2539
vn 0.7519 -0.3681 0.5469
vn -0.2871 -0.3671 0.8848
vn -0.7519 -0.3681 0.5469
vn -0.9296 -0.3685 -0.0001
vn -0.3176 -0.1341 -0.9387
vn -0.7520 -0.3677 -0.5471
vn 0.2872 -0.3668 -0.8849
vn 0.7520 -0.3677 -0.5471
vn 0.9296 -0.3685 -0.0001
vn 0.4314 -0.9022 -0.0000
vn -0.1333 0.4099 -0.9023
vn 0.1333 0.4099 -0.9023
vn -0.3490 0.2531 -0.9023
vn -0.4314 -0.0005 -0.9022
vn -0.3490 -0.2541 -0.9020
vn -0.1333 -0.4109 -0.9019
vn 0.1333 -0.4109 -0.9019
vn 0.3491 -0.9020 0.2539
vn 0.2871 -0.3671 0.8848
vn 0.1334 -0.9019 0.4109
vn -0.3491 -0.9020 0.2539
vn -0.4314 -0.9022 -0.0000
vn -0.2872 -0.3668 -0.8849
vn -0.3491 -0.9020 -0.2539
vn 0.1334 -0.9019 -0.4109
vt 0.086597 0.921941
vt 0.152074 0.923789
vt 0.086597 0.923789
vt 0.152074 0.920094
vt 0.086597 0.920094
vt 0.152074 0.918247
vt 0.086597 0.918247
vt 0.152074 0.916400
vt 0.086597 0.916400
vt 0.152074 0.914552
vt 0.086597 0.914552
vt 0.152074 0.912705
vt 0.086597 0.912705
vt 0.152074 0.910858
vt 0.086597 0.910858
vt 0.086597 0.909011
vt 0.086597 0.925636
vt 0.152074 0.927483
vt 0.086597 0.927483
vt 0.043976 0.451921
vt 0.042846 0.452685
vt 0.041475 0.452705
vt 0.156224 0.925636
vt 0.152074 0.925636
vt 0.152074 0.921941
vt 0.156224 0.923789
vt 0.156224 0.920094
vt 0.156224 0.918247
vt 0.156224 0.916400
vt 0.156224 0.914552
vt 0.156224 0.912705
vt 0.156224 0.910858
vt 0.152074 0.909011
vt 0.156224 0.927483
vt 0.159853 0.923789
vt 0.159853 0.921941
vt 0.156224 0.921941
vt 0.159853 0.920094
vt 0.159853 0.918247
vt 0.159853 0.916400
vt 0.159853 0.914552
vt 0.159853 0.910858
vt 0.159853 0.909011
vt 0.156224 0.909011
vt 0.159853 0.925636
vt 0.144953 0.444003
vt 0.148470 0.442904
vt 0.148453 0.445162
vt 0.177276 0.923789
vt 0.177276 0.920094
vt 0.177276 0.918247
vt 0.177276 0.916400
vt 0.159853 0.912705
vt 0.177276 0.914552
vt 0.177276 0.910858
vt 0.177276 0.909011
vt 0.177276 0.925636
vt 0.159853 0.927483
vt 0.147512 0.445828
vt 0.044836 0.452580
vt 0.045483 0.450670
vt 0.043966 0.449432
vt 0.044393 0.450670
vt 0.042830 0.448668
vt 0.044820 0.448760
vt 0.041459 0.448668
vt 0.043153 0.447621
vt 0.039479 0.448780
vt 0.041135 0.447621
vt 0.040350 0.449432
vt 0.038833 0.450696
vt 0.039912 0.450689
vt 0.039495 0.452606
vt 0.040360 0.451941
vt 0.041159 0.453745
vt 0.145879 0.447164
vt 0.146339 0.445808
vt 0.144214 0.445959
vt 0.145370 0.445103
vt 0.143556 0.443997
vt 0.145386 0.442917
vt 0.144242 0.442041
vt 0.146366 0.442225
vt 0.147980 0.440862
vt 0.145924 0.440862
vt 0.149635 0.442080
vt 0.147539 0.442225
vt 0.150241 0.444043
vt 0.148804 0.444036
vt 0.149606 0.445999
vt 0.177276 0.921941
vt 0.177276 0.912705
vt 0.177276 0.927483
vt 0.043177 0.453732
vt 0.147934 0.447197
s 1
usemtl doorD
f 1202/2070/601 1169/2071/602 1200/2072/603
f 1171/2073/604 1202/2070/601 1204/2074/605
f 1172/2075/606 1204/2074/605 1206/2076/607
f 1173/2077/608 1206/2076/607 1208/2078/609
f 1174/2079/610 1208/2078/609 1210/2080/611
f 1175/2081/612 1210/2080/611 1212/2082/613
f 1176/2083/614 1212/2082/613 1214/2084/615
f 1216/2085/616 1176/2083/614 1214/2084/615
f 1218/2086/617 1177/2087/618 1216/2088/616
f 1199/2089/619 1217/2090/620 1215/2091/621
f 1169/2071/602 1188/2092/622 1178/2093/623
f 1170/2094/624 1179/2095/625 1169/2071/602
f 1181/2096/626 1170/2094/624 1171/2073/604
f 1182/2097/627 1171/2073/604 1172/2075/606
f 1183/2098/628 1172/2075/606 1173/2077/608
f 1184/2099/629 1173/2077/608 1174/2079/610
f 1185/2100/630 1174/2079/610 1175/2081/612
f 1186/2101/631 1175/2081/612 1176/2083/614
f 1177/2102/618 1186/2101/631 1176/2083/614
f 1178/2093/623 1187/2103/632 1177/2087/618
f 1189/2104/633 1188/2092/622 1179/2095/625
f 1190/2105/634 1179/2095/625 1180/2106/635
f 1191/2107/636 1180/2106/635 1181/2096/626
f 1182/2097/627 1191/2107/636 1181/2096/626
f 1183/2098/628 1192/2108/637 1182/2097/627
f 1184/2099/629 1193/2109/638 1183/2098/628
f 1185/2100/630 1194/2110/639 1184/2099/629
f 1196/2111/640 1185/2100/630 1186/2101/631
f 1197/2112/641 1186/2101/631 1187/2113/632
f 1198/2114/642 1187/2103/632 1188/2092/622
f 1223/2115/643 1231/2116/644 1235/2117/645
f 1220/2118/646 1198/2114/642 1189/2104/633
f 1192/2108/637 1224/2119/647 1191/2107/636
f 1193/2109/638 1226/2120/648 1192/2108/637
f 1194/2110/639 1228/2121/649 1193/2109/638
f 1195/2122/650 1230/2123/651 1194/2110/639
f 1234/2124/652 1195/2122/650 1196/2111/640
f 1236/2125/653 1196/2111/640 1197/2112/641
f 1238/2126/654 1197/2127/641 1198/2114/642
f 1235/2117/645 1237/2128/655 1223/2115/643
f 1224/2119/647 1190/2105/634 1191/2107/636
f 1200/2072/603 1178/2093/623 1218/2086/617
f 1200/2129/603 1217/2090/620 1199/2089/619
f 1199/2089/619 1202/2130/601 1200/2129/603
f 1203/2131/656 1202/2130/601 1201/2132/657
f 1205/2133/658 1204/2134/605 1203/2131/656
f 1207/2135/659 1206/2136/607 1205/2133/658
f 1207/2135/659 1210/2137/611 1208/2138/609
f 1209/2139/660 1212/2140/613 1210/2137/611
f 1211/2141/661 1214/2142/615 1212/2140/613
f 1215/2091/621 1214/2142/615 1213/2143/662
f 1217/2090/620 1216/2144/616 1215/2091/621
f 1201/2132/657 1199/2089/619 1211/2141/661
f 1215/2091/621 1213/2143/662 1199/2089/619
f 1213/2143/662 1211/2141/661 1199/2089/619
f 1211/2141/661 1209/2139/660 1203/2131/656
f 1209/2139/660 1207/2135/659 1203/2131/656
f 1207/2135/659 1205/2133/658 1203/2131/656
f 1203/2131/656 1201/2132/657 1211/2141/661
f 1237/2128/655 1220/2145/646 1219/2146/663
f 1222/2147/664 1219/2146/663 1220/2145/646
f 1222/2147/664 1223/2115/643 1221/2148/665
f 1224/2149/647 1225/2150/666 1223/2115/643
f 1226/2151/648 1227/2152/667 1225/2150/666
f 1230/2153/651 1227/2152/667 1228/2154/649
f 1232/2155/668 1229/2156/669 1230/2153/651
f 1234/2157/652 1231/2116/644 1232/2155/668
f 1234/2157/652 1235/2117/645 1233/2158/670
f 1236/2159/653 1237/2128/655 1235/2117/645
f 1222/2160/664 1189/2104/633 1190/2105/634
f 1237/2128/655 1219/2146/663 1223/2115/643
f 1219/2146/663 1221/2148/665 1223/2115/643
f 1223/2115/643 1225/2150/666 1227/2152/667
f 1227/2152/667 1229/2156/669 1223/2115/643
f 1229/2156/669 1231/2116/644 1223/2115/643
f 1231/2116/644 1233/2158/670 1235/2117/645
f 1202/2070/601 1170/2094/624 1169/2071/602
f 1171/2073/604 1170/2094/624 1202/2070/601
f 1172/2075/606 1171/2073/604 1204/2074/605
f 1173/2077/608 1172/2075/606 1206/2076/607
f 1174/2079/610 1173/2077/608 1208/2078/609
f 1175/2081/612 1174/2079/610 1210/2080/611
f 1176/2083/614 1175/2081/612 1212/2082/613
f 1216/2085/616 1177/2102/618 1176/2083/614
f 1218/2086/617 1178/2093/623 1177/2087/618
f 1169/2071/602 1179/2095/625 1188/2092/622
f 1170/2094/624 1180/2106/635 1179/2095/625
f 1181/2096/626 1180/2106/635 1170/2094/624
f 1182/2097/627 1181/2096/626 1171/2073/604
f 1183/2098/628 1182/2097/627 1172/2075/606
f 1184/2099/629 1183/2098/628 1173/2077/608
f 1185/2100/630 1184/2099/629 1174/2079/610
f 1186/2101/631 1185/2100/630 1175/2081/612
f 1177/2102/618 1187/2113/632 1186/2101/631
f 1178/2093/623 1188/2092/622 1187/2103/632
f 1189/2104/633 1198/2114/642 1188/2092/622
f 1190/2105/634 1189/2104/633 1179/2095/625
f 1191/2107/636 1190/2105/634 1180/2106/635
f 1182/2097/627 1192/2108/637 1191/2107/636
f 1183/2098/628 1193/2109/638 1192/2108/637
f 1184/2099/629 1194/2110/639 1193/2109/638
f 1185/2100/630 1195/2122/650 1194/2110/639
f 1196/2111/640 1195/2122/650 1185/2100/630
f 1197/2112/641 1196/2111/640 1186/2101/631
f 1198/2114/642 1197/2127/641 1187/2103/632
f 1220/2118/646 1238/2126/654 1198/2114/642
f 1192/2108/637 1226/2120/648 1224/2119/647
f 1193/2109/638 1228/2121/649 1226/2120/648
f 1194/2110/639 1230/2123/651 1228/2121/649
f 1195/2122/650 1232/2161/668 1230/2123/651
f 1234/2124/652 1232/2161/668 1195/2122/650
f 1236/2125/653 1234/2124/652 1196/2111/640
f 1238/2126/654 1236/2162/653 1197/2127/641
f 1224/2119/647 1222/2160/664 1190/2105/634
f 1200/2072/603 1169/2071/602 1178/2093/623
f 1200/2129/603 1218/2163/617 1217/2090/620
f 1199/2089/619 1201/2132/657 1202/2130/601
f 1203/2131/656 1204/2134/605 1202/2130/601
f 1205/2133/658 1206/2136/607 1204/2134/605
f 1207/2135/659 1208/2138/609 1206/2136/607
f 1207/2135/659 1209/2139/660 1210/2137/611
f 1209/2139/660 1211/2141/661 1212/2140/613
f 1211/2141/661 1213/2143/662 1214/2142/615
f 1215/2091/621 1216/2144/616 1214/2142/615
f 1217/2090/620 1218/2163/617 1216/2144/616
f 1237/2128/655 1238/2164/654 1220/2145/646
f 1222/2147/664 1221/2148/665 1219/2146/663
f 1222/2147/664 1224/2149/647 1223/2115/643
f 1224/2149/647 1226/2151/648 1225/2150/666
f 1226/2151/648 1228/2154/649 1227/2152/667
f 1230/2153/651 1229/2156/669 1227/2152/667
f 1232/2155/668 1231/2116/644 1229/2156/669
f 1234/2157/652 1233/2158/670 1231/2116/644
f 1234/2157/652 1236/2159/653 1235/2117/645
f 1236/2159/653 1238/2164/654 1237/2128/655
f 1222/2160/664 1220/2118/646 1189/2104/633
